[2026-06-28T22:39:41.133Z]   → published · 1s · editor complete · director complete · creative complete · publisher approved
[2026-06-28T22:39:41.287Z] --- Progress after 3000 processed ---
[2026-06-28T22:39:41.290Z] Collector complete: 5217
Editor complete: 990
Director complete: 990
Creative Review complete: 2
Published: 84
Failed (this run): 3
Remaining (collector done, not published): 5133
[2026-06-28T22:39:41.291Z] [3001/5133] RVTR826540 — Asia — Don't Cry (Editor queued — awaiting distill)
[2026-06-28T22:39:42.538Z]   → published · 1s · editor complete · director complete · creative complete · publisher approved
[2026-06-28T22:39:42.571Z] [3002/5133] RVTR827738 — Blind Faith — Concert In Hyde Park (Editor queued — awaiting distill)
[2026-06-28T22:39:43.604Z]   → published · 1s · editor complete · director complete · creative complete · publisher approved
[2026-06-28T22:39:43.640Z] [3003/5133] RVTR828174 — Jimmy Buffett — Cheeseburger In Paradise (Editor queued — awaiting distill)
[2026-06-28T22:39:44.159Z]   → published · 1s · editor complete · director complete · creative complete · publisher approved
[2026-06-28T22:39:44.185Z] [3004/5133] RVTR829993 — Robyn — Dancing On My Own (Editor queued — awaiting distill)
[2026-06-28T22:39:44.670Z]   → published · 0s · editor complete · director complete · creative complete · publisher approved
[2026-06-28T22:39:44.700Z] [3005/5133] RVTR831217 — Wilbert Harrison — Kansas City (Editor queued — awaiting distill)
[2026-06-28T22:39:45.138Z]   → published · 0s · editor complete · director complete · creative complete · publisher approved
[2026-06-28T22:39:45.176Z] [3006/5133] RVTR831830 — Destiny's Child — Bills Bills Bills (Editor queued — awaiting distill)
[2026-06-28T22:39:45.661Z]   → published · 0s · editor complete · director complete · creative complete · publisher approved
[2026-06-28T22:39:45.690Z] [3007/5133] RVTR833206 — Stroke 9 — Little Black Backpack (Editor queued — awaiting distill)
[2026-06-28T22:39:46.112Z]   → published · 0s · editor complete · director complete · creative complete · publisher approved
[2026-06-28T22:39:46.138Z] [3008/5133] RVTR835131 — Atlanta Rhythm Section — Imaginary Lover (Editor queued — awaiting distill)
[2026-06-28T22:39:46.542Z]   → published · 0s · editor complete · director complete · creative complete · publisher approved
[2026-06-28T22:39:46.609Z] [3009/5133] RVTR835994 — Alan Jackson — It's Five O'Clock Somewhere (Editor queued — awaiting distill)
[2026-06-28T22:39:47.058Z]   → published · 0s · editor complete · director complete · creative complete · publisher approved
[2026-06-28T22:39:47.084Z] [3010/5133] RVTR836442 — Sly & The Family Stone — Everyday People (Editor queued — awaiting distill)
[2026-06-28T22:39:47.547Z]   → published · 0s · editor complete · director complete · creative complete · publisher approved
[2026-06-28T22:39:47.577Z] [3011/5133] RVTR837191 — The Black Keys — Fever (Editor queued — awaiting distill)
[2026-06-28T22:39:47.979Z]   → published · 0s · editor complete · director complete · creative complete · publisher approved
[2026-06-28T22:39:48.015Z] [3012/5133] RVTR838130 — Supertramp — Dreamer (Editor queued — awaiting distill)
[2026-06-28T22:39:48.327Z]   → partial · 0s · editor complete · director complete · creative complete · publisher evaluated
[2026-06-28T22:39:48.353Z] [3013/5133] RVTR838615 — Three Dog Night — Joy To The World (Editor queued — awaiting distill)
[2026-06-28T22:39:57.927Z]   → published · 10s · editor complete · director complete · creative complete · publisher approved
[2026-06-28T22:39:57.954Z] [3014/5133] RVTR838672 — Carpenters — Top Of The World (Editor queued — awaiting distill)
[2026-06-28T22:40:06.270Z]   → published · 8s · editor complete · director complete · creative complete · publisher approved
[2026-06-28T22:40:06.295Z] [3015/5133] RVTR838694 — Stone Temple Pilots — Plush (Editor queued — awaiting distill)
[2026-06-28T22:40:14.288Z]   → published · 8s · editor complete · director complete · creative complete · publisher approved
[2026-06-28T22:40:14.312Z] [3016/5133] RVTR839914 — Fugees — Fu Gee La (Editor queued — awaiting distill)
[2026-06-28T22:40:21.596Z]   → published · 7s · editor complete · director complete · creative complete · publisher approved
[2026-06-28T22:40:21.621Z] [3017/5133] RVTR840395 — Tyler Childers — Feat Hered Indians (Editor queued — awaiting distill)
[2026-06-28T22:40:29.927Z]   → published · 8s · editor complete · director complete · creative complete · publisher approved
[2026-06-28T22:40:29.953Z] [3018/5133] RVTR841223 — Cali Swag District — Teach Me How To Dougie (Editor queued — awaiting distill)
[2026-06-28T22:40:37.274Z]   → published · 7s · editor complete · director complete · creative complete · publisher approved
[2026-06-28T22:40:37.299Z] [3019/5133] RVTR844891 — Gary Glitter — Rock And Roll Part 2 (Editor queued — awaiting distill)
[2026-06-28T22:40:44.852Z]   → published · 8s · editor complete · director complete · creative complete · publisher approved
[2026-06-28T22:40:44.877Z] [3020/5133] RVTR846092 — Sammy Adams — All Night Longer (Editor queued — awaiting distill)
[2026-06-28T22:40:51.851Z]   → published · 7s · editor complete · director complete · creative complete · publisher approved
[2026-06-28T22:40:51.876Z] [3021/5133] RVTR848345 — Eagles — Tequila Sunrise (Editor queued — awaiting distill)
[2026-06-28T22:40:59.347Z]   → published · 7s · editor complete · director complete · creative complete · publisher approved
[2026-06-28T22:40:59.371Z] [3022/5133] RVTR848459 — James Brown — Get Up Offa That Thing (Editor queued — awaiting distill)
[2026-06-28T22:41:08.140Z]   → published · 9s · editor complete · director complete · creative complete · publisher approved
[2026-06-28T22:41:08.165Z] [3023/5133] RVTR848635 — Far*east Movement — Like A G6 (Editor queued — awaiting distill)
[2026-06-28T22:41:15.543Z]   → published · 7s · editor complete · director complete · creative complete · publisher approved
[2026-06-28T22:41:15.576Z] [3024/5133] RVTR848910 — Jack Black — Words To Live By Snl (Editor queued — awaiting distill)
[2026-06-28T22:41:24.418Z]   → published · 9s · editor complete · director complete · creative complete · publisher approved
[2026-06-28T22:41:24.447Z] [3025/5133] RVTR848978 — Gary Glitter — Baby Please Don't Go (Editor queued — awaiting distill)
[2026-06-28T22:41:32.562Z]   → published · 8s · editor complete · director complete · creative complete · publisher approved
[2026-06-28T22:41:32.595Z] [3026/5133] RVTR850139 — Tommy James — Crystal Blue Persuasion (Editor queued — awaiting distill)
[2026-06-28T22:41:33.008Z]   → published · 0s · editor complete · director complete · creative complete · publisher approved
[2026-06-28T22:41:33.037Z] [3027/5133] RVTR850533 — Ray Charles — Understanding (Editor queued — awaiting distill)
[2026-06-28T22:41:33.446Z]   → published · 0s · editor complete · director complete · creative complete · publisher approved
[2026-06-28T22:41:33.476Z] [3028/5133] RVTR852026 — Inxs — Not Enough Time (Editor queued — awaiting distill)
[2026-06-28T22:41:33.883Z]   → published · 0s · editor complete · director complete · creative complete · publisher approved
[2026-06-28T22:41:33.913Z] [3029/5133] RVTR852081 — Rebelution — Roots Reggae Music Live At Red Rocks (Editor queued — awaiting distill)
[2026-06-28T22:41:34.425Z]   → published · 1s · editor complete · director complete · creative complete · publisher approved
[2026-06-28T22:41:34.461Z] [3030/5133] RVTR852195 — B.o.b Aka Bobby Ray F./hayley Williams — Airplanes (Editor queued — awaiting distill)
[2026-06-28T22:41:34.932Z]   → published · 0s · editor complete · director complete · creative complete · publisher approved
[2026-06-28T22:41:34.964Z] [3031/5133] RVTR852610 — Creedence Clearwater Revival — I Put A Spell On You (Editor queued — awaiting distill)
[2026-06-28T22:41:35.376Z]   → published · 0s · editor complete · director complete · creative complete · publisher approved
[2026-06-28T22:41:35.407Z] [3032/5133] RVTR852621 — Flogging Molly — Drunken Lullabies (Editor queued — awaiting distill)
[2026-06-28T22:41:35.828Z]   → published · 0s · editor complete · director complete · creative complete · publisher approved
[2026-06-28T22:41:35.859Z] [3033/5133] RVTR853661 — Usher F./will.i.am — Omg (Editor queued — awaiting distill)
[2026-06-28T22:41:36.293Z]   → published · 0s · editor complete · director complete · creative complete · publisher approved
[2026-06-28T22:41:36.323Z] [3034/5133] RVTR855265 — Queen — I Want To Break Free (Editor queued — awaiting distill)
[2026-06-28T22:41:36.748Z]   → published · 0s · editor complete · director complete · creative complete · publisher approved
[2026-06-28T22:41:36.774Z] [3035/5133] RVTR855851 — Barry White — Can't Get Enough Of Your Love Babe (Editor queued — awaiting distill)
[2026-06-28T22:41:37.257Z]   → published · 0s · editor complete · director complete · creative complete · publisher approved
[2026-06-28T22:41:37.282Z] [3036/5133] RVTR855919 — Kylie Minogue — The Loco Motion (Editor queued — awaiting distill)
[2026-06-28T22:41:37.774Z]   → published · 0s · editor complete · director complete · creative complete · publisher approved
[2026-06-28T22:41:37.802Z] [3037/5133] RVTR855965 — Duran Duran — Evil Woman (Editor queued — awaiting distill)
[2026-06-28T22:41:38.352Z]   → published · 1s · editor complete · director complete · creative complete · publisher approved
[2026-06-28T22:41:38.377Z] [3038/5133] RVTR856287 — "weird Al" Yankovic — Like A Surgeon (Editor queued — awaiting distill)
[2026-06-28T22:41:38.830Z]   → published · 0s · editor complete · director complete · creative complete · publisher approved
[2026-06-28T22:41:38.857Z] [3039/5133] RVTR856996 — Powfu — Death Bed (Editor queued — awaiting distill)
[2026-06-28T22:41:39.426Z]   → published · 1s · editor complete · director complete · creative complete · publisher approved
[2026-06-28T22:41:39.454Z] [3040/5133] RVTR857236 — L.a. Guns — Ballad Of Jayne (Editor queued — awaiting distill)
[2026-06-28T22:41:39.912Z]   → published · 0s · editor complete · director complete · creative complete · publisher approved
[2026-06-28T22:41:39.941Z] [3041/5133] RVTR857646 — Edelweiss — Bring Me Edelweiss (Editor queued — awaiting distill)
[2026-06-28T22:41:40.476Z]   → published · 1s · editor complete · director complete · creative complete · publisher approved
[2026-06-28T22:41:40.507Z] [3042/5133] RVTR857872 — Cliff Richard — We Don't Talk Anymore (Editor queued — awaiting distill)
[2026-06-28T22:41:41.038Z]   → published · 1s · editor complete · director complete · creative complete · publisher approved
[2026-06-28T22:41:41.066Z] [3043/5133] RVTR859518 — 2pac — Changes (Editor queued — awaiting distill)
[2026-06-28T22:41:41.519Z]   → published · 0s · editor complete · director complete · creative complete · publisher approved
[2026-06-28T22:41:41.547Z] [3044/5133] RVTR860630 — Taylor Swift — Lover (Editor queued — awaiting distill)
[2026-06-28T22:41:42.111Z]   → published · 1s · editor complete · director complete · creative complete · publisher approved
[2026-06-28T22:41:42.149Z] [3045/5133] RVTR860976 — Judas Priest — Breaking The Law (Editor queued — awaiting distill)
[2026-06-28T22:41:43.103Z]   → published · 1s · editor complete · director complete · creative complete · publisher approved
[2026-06-28T22:41:43.135Z] [3046/5133] RVTR862022 — Captain Beefheart & His Magic Band — I'm Gonna Booglarize You Baby 1972 (Editor queued — awaiting distill)
[2026-06-28T22:41:43.914Z]   → published · 1s · editor complete · director complete · creative complete · publisher approved
[2026-06-28T22:41:43.954Z] [3047/5133] RVTR862493 — Red Hot Chili Peppers — Behind The Sun (Editor queued — awaiting distill)
[2026-06-28T22:41:44.405Z]   → published · 0s · editor complete · director complete · creative complete · publisher approved
[2026-06-28T22:41:44.431Z] [3048/5133] RVTR863717 — John Fogerty — Long As I Can See The Light 2013 (Editor queued — awaiting distill)
[2026-06-28T22:41:45.154Z]   → published · 1s · editor complete · director complete · creative complete · publisher approved
[2026-06-28T22:41:45.187Z] [3049/5133] RVTR863795 — All-4-one — I Swear (Editor queued — awaiting distill)
[2026-06-28T22:41:45.718Z]   → published · 1s · editor complete · director complete · creative complete · publisher approved
[2026-06-28T22:41:45.747Z] [3050/5133] RVTR864080 — Three Dog Night — Mama Told Me Not To Come (Editor queued — awaiting distill)
[2026-06-28T22:41:46.198Z]   → published · 0s · editor complete · director complete · creative complete · publisher approved
[2026-06-28T22:41:46.281Z] --- Progress after 3050 processed ---
[2026-06-28T22:41:46.282Z] Collector complete: 5217
Editor complete: 1016
Director complete: 1016
Creative Review complete: 28
Published: 84
Failed (this run): 3
Remaining (collector done, not published): 5133
[2026-06-28T22:41:46.282Z] [3051/5133] RVTR864175 — Elvis Presley — Suspicious Minds (Editor queued — awaiting distill)
[2026-06-28T22:41:46.700Z]   → published · 0s · editor complete · director complete · creative complete · publisher approved
[2026-06-28T22:41:46.727Z] [3052/5133] RVTR864467 — Creed — My Sacrifice (Editor queued — awaiting distill)
[2026-06-28T22:41:47.149Z]   → published · 0s · editor complete · director complete · creative complete · publisher approved
[2026-06-28T22:41:47.174Z] [3053/5133] RVTR865041 — The Charlie Daniels Band — Simple Man (Editor queued — awaiting distill)
[2026-06-28T22:41:47.591Z]   → published · 0s · editor complete · director complete · creative complete · publisher approved
[2026-06-28T22:41:47.616Z] [3054/5133] RVTR866924 — Procol Harum — A Whiter Shade Of Pale (Editor queued — awaiting distill)
[2026-06-28T22:41:48.052Z]   → published · 0s · editor complete · director complete · creative complete · publisher approved
[2026-06-28T22:41:48.078Z] [3055/5133] RVTR867164 — Ac/dc — Let There Be Rock (Editor queued — awaiting distill)
[2026-06-28T22:41:48.808Z]   → published · 1s · editor complete · director complete · creative complete · publisher approved
[2026-06-28T22:41:48.833Z] [3056/5133] RVTR868182 — Jay Z — Hard Knock Life (Editor queued — awaiting distill)
[2026-06-28T22:41:49.287Z]   → published · 0s · editor complete · director complete · creative complete · publisher approved
[2026-06-28T22:41:49.313Z] [3057/5133] RVTR868264 — Kiss — Lick It Up (Editor queued — awaiting distill)
[2026-06-28T22:41:49.790Z]   → published · 0s · editor complete · director complete · creative complete · publisher approved
[2026-06-28T22:41:49.816Z] [3058/5133] RVTR868639 — Lynyrd Skynyrd — Free Bird (Editor queued — awaiting distill)
[2026-06-28T22:41:50.265Z]   → published · 0s · editor complete · director complete · creative complete · publisher approved
[2026-06-28T22:41:50.290Z] [3059/5133] RVTR868737 — Three Dog Night — Try A Little Tenderness (Editor queued — awaiting distill)
[2026-06-28T22:41:50.731Z]   → published · 0s · editor complete · director complete · creative complete · publisher approved
[2026-06-28T22:41:50.757Z] [3060/5133] RVTR868826 — Melanie Safka — Beautiful People (Editor queued — awaiting distill)
[2026-06-28T22:41:51.181Z]   → published · 0s · editor complete · director complete · creative complete · publisher approved
[2026-06-28T22:41:51.207Z] [3061/5133] RVTR869930 — The Cars — Just What I Needed (Editor queued — awaiting distill)
[2026-06-28T22:41:51.626Z]   → published · 0s · editor complete · director complete · creative complete · publisher approved
[2026-06-28T22:41:51.653Z] [3062/5133] RVTR870440 — Semisonic — Closing Time (Editor queued — awaiting distill)
[2026-06-28T22:41:52.081Z]   → published · 0s · editor complete · director complete · creative complete · publisher approved
[2026-06-28T22:41:52.106Z] [3063/5133] RVTR873580 — Clarence Carter — Slip Away (Editor queued — awaiting distill)
[2026-06-28T22:41:52.575Z]   → published · 0s · editor complete · director complete · creative complete · publisher approved
[2026-06-28T22:41:52.601Z] [3064/5133] RVTR875927 — Duncan Sheik — Barely Breathing (Editor queued — awaiting distill)
[2026-06-28T22:41:53.038Z]   → published · 0s · editor complete · director complete · creative complete · publisher approved
[2026-06-28T22:41:53.064Z] [3065/5133] RVTR876059 — The Kinks — Tired Of Waiting For You (Editor queued — awaiting distill)
[2026-06-28T22:41:53.509Z]   → published · 0s · editor complete · director complete · creative complete · publisher approved
[2026-06-28T22:41:53.534Z] [3066/5133] RVTR876526 — Johnny Cash — Me And Bobby Mcgee Live In Denmark (Editor queued — awaiting distill)
[2026-06-28T22:41:53.966Z]   → published · 0s · editor complete · director complete · creative complete · publisher approved
[2026-06-28T22:41:53.991Z] [3067/5133] RVTR876874 — Taylor Swift — Blank Space (Editor queued — awaiting distill)
[2026-06-28T22:41:54.429Z]   → published · 0s · editor complete · director complete · creative complete · publisher approved
[2026-06-28T22:41:54.455Z] [3068/5133] RVTR877716 — Chaka Khan — I'm Every Woman (Editor queued — awaiting distill)
[2026-06-28T22:41:54.886Z]   → published · 0s · editor complete · director complete · creative complete · publisher approved
[2026-06-28T22:41:54.911Z] [3069/5133] RVTR877892 — Paula Abdul — Opposites Attract (Editor queued — awaiting distill)
[2026-06-28T22:41:55.351Z]   → published · 0s · editor complete · director complete · creative complete · publisher approved
[2026-06-28T22:41:55.376Z] [3070/5133] RVTR878383 — Donovan — Colors (Editor queued — awaiting distill)
[2026-06-28T22:41:55.830Z]   → published · 0s · editor complete · director complete · creative complete · publisher approved
[2026-06-28T22:41:55.855Z] [3071/5133] RVTR878807 — Andrew Gold — Lonely Boy (Editor queued — awaiting distill)
[2026-06-28T22:41:56.298Z]   → published · 0s · editor complete · director complete · creative complete · publisher approved
[2026-06-28T22:41:56.324Z] [3072/5133] RVTR878957 — The Psychedelic Furs — Dumb Waiters (Editor queued — awaiting distill)
[2026-06-28T22:41:56.760Z]   → published · 0s · editor complete · director complete · creative complete · publisher approved
[2026-06-28T22:41:56.785Z] [3073/5133] RVTR880717 — The Captain — Love Will Keep Us Together (Editor queued — awaiting distill)
[2026-06-28T22:41:57.219Z]   → published · 0s · editor complete · director complete · creative complete · publisher approved
[2026-06-28T22:41:57.245Z] [3074/5133] RVTR882758 — Irma Thomas — Anyone Who Knows What Love Is Will Understand (Editor queued — awaiting distill)
[2026-06-28T22:41:57.693Z]   → published · 0s · editor complete · director complete · creative complete · publisher approved
[2026-06-28T22:41:57.719Z] [3075/5133] RVTR882856 — Jennifer Lopez — Waiting For Tonight (Editor queued — awaiting distill)
[2026-06-28T22:41:58.167Z]   → published · 0s · editor complete · director complete · creative complete · publisher approved
[2026-06-28T22:41:58.193Z] [3076/5133] RVTR884159 — My Chemical Romance — Famous Last Words (Editor queued — awaiting distill)
[2026-06-28T22:41:58.658Z]   → published · 0s · editor complete · director complete · creative complete · publisher approved
[2026-06-28T22:41:58.684Z] [3077/5133] RVTR884649 — Jule Styne — Hellzapoppin (Editor queued — awaiting distill)
[2026-06-28T22:41:59.131Z]   → published · 0s · editor complete · director complete · creative complete · publisher approved
[2026-06-28T22:41:59.157Z] [3078/5133] RVTR884712 — Elton John — Lucy In The Sky With Diamonds (Editor queued — awaiting distill)
[2026-06-28T22:41:59.603Z]   → published · 0s · editor complete · director complete · creative complete · publisher approved
[2026-06-28T22:41:59.627Z] [3079/5133] RVTR886264 — Ac/dc — Shoot To Thrill (Editor queued — awaiting distill)
[2026-06-28T22:42:00.066Z]   → published · 0s · editor complete · director complete · creative complete · publisher approved
[2026-06-28T22:42:00.091Z] [3080/5133] RVTR887114 — Rihanna — S M (Editor queued — awaiting distill)
[2026-06-28T22:42:00.532Z]   → published · 0s · editor complete · director complete · creative complete · publisher approved
[2026-06-28T22:42:00.557Z] [3081/5133] RVTR887287 — Glenn Frey — Smuggler's Blues (Editor queued — awaiting distill)
[2026-06-28T22:42:00.998Z]   → published · 0s · editor complete · director complete · creative complete · publisher approved
[2026-06-28T22:42:01.025Z] [3082/5133] RVTR887661 — Noga Erez — Views (Editor queued — awaiting distill)
[2026-06-28T22:42:01.477Z]   → published · 0s · editor complete · director complete · creative complete · publisher approved
[2026-06-28T22:42:01.502Z] [3083/5133] RVTR887711 — Abba — The Winner Takes It All (Editor queued — awaiting distill)
[2026-06-28T22:42:01.965Z]   → published · 0s · editor complete · director complete · creative complete · publisher approved
[2026-06-28T22:42:01.992Z] [3084/5133] RVTR888512 — The Cars — Bye Bye Love (Editor queued — awaiting distill)
[2026-06-28T22:42:02.443Z]   → published · 0s · editor complete · director complete · creative complete · publisher approved
[2026-06-28T22:42:02.469Z] [3085/5133] RVTR889146 — Loretta Lynn — Coal Miner's Daughter (Editor queued — awaiting distill)
[2026-06-28T22:42:02.973Z]   → published · 1s · editor complete · director complete · creative complete · publisher approved
[2026-06-28T22:42:02.999Z] [3086/5133] RVTR889573 — Blink-182 — The Rock Show (Editor queued — awaiting distill)
[2026-06-28T22:42:03.454Z]   → published · 0s · editor complete · director complete · creative complete · publisher approved
[2026-06-28T22:42:03.480Z] [3087/5133] RVTR890628 — Disturbed — Stupify (Editor queued — awaiting distill)
[2026-06-28T22:42:03.946Z]   → published · 0s · editor complete · director complete · creative complete · publisher approved
[2026-06-28T22:42:03.971Z] [3088/5133] RVTR891330 — Whatzupwitu — Eddie Murphy And Michael Jackson (Editor queued — awaiting distill)
[2026-06-28T22:42:04.440Z]   → published · 0s · editor complete · director complete · creative complete · publisher approved
[2026-06-28T22:42:04.467Z] [3089/5133] RVTR891718 — Cher Lloyd — Want You Back (Editor queued — awaiting distill)
[2026-06-28T22:42:04.939Z]   → published · 0s · editor complete · director complete · creative complete · publisher approved
[2026-06-28T22:42:04.965Z] [3090/5133] RVTR892230 — Mark Lindsay — Silver Bird (Editor queued — awaiting distill)
[2026-06-28T22:42:05.437Z]   → published · 0s · editor complete · director complete · creative complete · publisher approved
[2026-06-28T22:42:05.463Z] [3091/5133] RVTR893890 — Goo Goo Dolls — Slide (Editor queued — awaiting distill)
[2026-06-28T22:42:05.984Z]   → published · 1s · editor complete · director complete · creative complete · publisher approved
[2026-06-28T22:42:06.010Z] [3092/5133] RVTR894930 — Leo Sayer — The Show Must Go On (Editor queued — awaiting distill)
[2026-06-28T22:42:06.467Z]   → published · 0s · editor complete · director complete · creative complete · publisher approved
[2026-06-28T22:42:06.493Z] [3093/5133] RVTR896029 — Rick Nelson — It's Up To You (Editor queued — awaiting distill)
[2026-06-28T22:42:06.940Z]   → published · 0s · editor complete · director complete · creative complete · publisher approved
[2026-06-28T22:42:06.965Z] [3094/5133] RVTR897681 — Julian Lennon — Too Late For Goodbyes (Editor queued — awaiting distill)
[2026-06-28T22:42:07.413Z]   → published · 0s · editor complete · director complete · creative complete · publisher approved
[2026-06-28T22:42:07.438Z] [3095/5133] RVTR898031 — Kiss — I Love It Loud (Editor queued — awaiting distill)
[2026-06-28T22:42:07.891Z]   → published · 0s · editor complete · director complete · creative complete · publisher approved
[2026-06-28T22:42:07.916Z] [3096/5133] RVTR898541 — Yes — Roundabout (Editor queued — awaiting distill)
[2026-06-28T22:42:08.371Z]   → published · 0s · editor complete · director complete · creative complete · publisher approved
[2026-06-28T22:42:08.397Z] [3097/5133] RVTR898892 — Andrea True Connection — More More More Pt 1 (Editor queued — awaiting distill)
[2026-06-28T22:42:08.848Z]   → published · 0s · editor complete · director complete · creative complete · publisher approved
[2026-06-28T22:42:08.874Z] [3098/5133] RVTR898962 — Kelly Clarkson — My Life Would Suck Without You (Editor queued — awaiting distill)
[2026-06-28T22:42:09.325Z]   → published · 0s · editor complete · director complete · creative complete · publisher approved
[2026-06-28T22:42:09.350Z] [3099/5133] RVTR899128 — Postmodern Jukebox Version — All About That Bass (Editor queued — awaiting distill)
[2026-06-28T22:42:09.828Z]   → published · 0s · editor complete · director complete · creative complete · publisher approved
[2026-06-28T22:42:09.854Z] [3100/5133] RVTR899147 — Stevie Wonder — Isn't She Lovely (Editor queued — awaiting distill)
[2026-06-28T22:42:10.325Z]   → published · 0s · editor complete · director complete · creative complete · publisher approved
[2026-06-28T22:42:10.416Z] --- Progress after 3100 processed ---
[2026-06-28T22:42:10.416Z] Collector complete: 5217
Editor complete: 1066
Director complete: 1066
Creative Review complete: 78
Published: 84
Failed (this run): 3
Remaining (collector done, not published): 5133
[2026-06-28T22:42:10.416Z] [3101/5133] RVTR902709 — Filter — Hey Man Nice Shot (Editor queued — awaiting distill)
[2026-06-28T22:42:10.884Z]   → published · 0s · editor complete · director complete · creative complete · publisher approved
[2026-06-28T22:42:10.910Z] [3102/5133] RVTR903477 — 3rd Bass — Product Of The Environment (Editor queued — awaiting distill)
[2026-06-28T22:42:11.374Z]   → published · 0s · editor complete · director complete · creative complete · publisher approved
[2026-06-28T22:42:11.400Z] [3103/5133] RVTR903925 — Coldplay — The Scientist (Editor queued — awaiting distill)
[2026-06-28T22:42:11.904Z]   → published · 1s · editor complete · director complete · creative complete · publisher approved
[2026-06-28T22:42:11.929Z] [3104/5133] RVTR905102 — Indigo Girls — Share The Moon (Editor queued — awaiting distill)
[2026-06-28T22:42:12.382Z]   → published · 0s · editor complete · director complete · creative complete · publisher approved
[2026-06-28T22:42:12.407Z] [3105/5133] RVTR906006 — Rod Stewart — You'Re In My Heart The Final Acclaim (Editor queued — awaiting distill)
[2026-06-28T22:42:12.866Z]   → published · 0s · editor complete · director complete · creative complete · publisher approved
[2026-06-28T22:42:12.892Z] [3106/5133] RVTR907864 — Kenny Loggins — Whenever I Call You Friend (Editor queued — awaiting distill)
[2026-06-28T22:42:13.355Z]   → published · 0s · editor complete · director complete · creative complete · publisher approved
[2026-06-28T22:42:13.379Z] [3107/5133] RVTR908038 — Robert Palmer — Johnny And Mary (Editor queued — awaiting distill)
[2026-06-28T22:42:13.834Z]   → published · 0s · editor complete · director complete · creative complete · publisher approved
[2026-06-28T22:42:13.863Z] [3108/5133] RVTR909565 — Melanie C — I Want Candy (Editor queued — awaiting distill)
[2026-06-28T22:42:14.335Z]   → published · 0s · editor complete · director complete · creative complete · publisher approved
[2026-06-28T22:42:14.361Z] [3109/5133] RVTR909574 — Avril Lavigne — My Happy Ending (Editor queued — awaiting distill)
[2026-06-28T22:42:14.852Z]   → published · 0s · editor complete · director complete · creative complete · publisher approved
[2026-06-28T22:42:14.879Z] [3110/5133] RVTR910926 — Paramore — Still Into You (Editor queued — awaiting distill)
[2026-06-28T22:42:15.378Z]   → published · 0s · editor complete · director complete · creative complete · publisher approved
[2026-06-28T22:42:15.404Z] [3111/5133] RVTR911531 — Sukiyaki — A Taste Of Honey (Editor queued — awaiting distill)
[2026-06-28T22:42:15.902Z]   → published · 0s · editor complete · director complete · creative complete · publisher approved
[2026-06-28T22:42:15.930Z] [3112/5133] RVTR911785 — Taylor Swift — You Need To Calm Down (Editor queued — awaiting distill)
[2026-06-28T22:42:16.430Z]   → published · 1s · editor complete · director complete · creative complete · publisher approved
[2026-06-28T22:42:16.457Z] [3113/5133] RVTR911815 — Jimi Hendrix Experience — Rare Archive Bbc Footage (Editor queued — awaiting distill)
[2026-06-28T22:42:16.931Z]   → published · 0s · editor complete · director complete · creative complete · publisher approved
[2026-06-28T22:42:16.957Z] [3114/5133] RVTR912057 — Mott The Hoople — All The Young Dudes (Editor queued — awaiting distill)
[2026-06-28T22:42:17.430Z]   → published · 0s · editor complete · director complete · creative complete · publisher approved
[2026-06-28T22:42:17.456Z] [3115/5133] RVTR912761 — The Cure — Hot Hot Hot (Editor queued — awaiting distill)
[2026-06-28T22:42:17.928Z]   → published · 0s · editor complete · director complete · creative complete · publisher approved
[2026-06-28T22:42:17.953Z] [3116/5133] RVTR913855 — The Kinks — Celluloid Heroes (Editor queued — awaiting distill)
[2026-06-28T22:42:18.430Z]   → published · 0s · editor complete · director complete · creative complete · publisher approved
[2026-06-28T22:42:18.456Z] [3117/5133] RVTR914171 — Styx — Mr Roboto (Editor queued — awaiting distill)
[2026-06-28T22:42:18.945Z]   → published · 0s · editor complete · director complete · creative complete · publisher approved
[2026-06-28T22:42:18.972Z] [3118/5133] RVTR914697 — Ylvis — The Fox (Editor queued — awaiting distill)
[2026-06-28T22:42:19.468Z]   → published · 0s · editor complete · director complete · creative complete · publisher approved
[2026-06-28T22:42:19.494Z] [3119/5133] RVTR914888 — Etta James — I'd Rather Be Blind (Editor queued — awaiting distill)
[2026-06-28T22:42:19.976Z]   → published · 0s · editor complete · director complete · creative complete · publisher approved
[2026-06-28T22:42:20.002Z] [3120/5133] RVTR915481 — The Beatles — In My Life (Editor queued — awaiting distill)
[2026-06-28T22:42:20.512Z]   → published · 1s · editor complete · director complete · creative complete · publisher approved
[2026-06-28T22:42:20.538Z] [3121/5133] RVTR915740 — Across The Universe — Why Don't We Do It In The Road 2007 (Editor queued — awaiting distill)
[2026-06-28T22:42:21.008Z]   → published · 0s · editor complete · director complete · creative complete · publisher approved
[2026-06-28T22:42:21.036Z] [3122/5133] RVTR916078 — Sly & The Family Stone — Dance To The Music (Editor queued — awaiting distill)
[2026-06-28T22:42:21.506Z]   → published · 0s · editor complete · director complete · creative complete · publisher approved
[2026-06-28T22:42:21.531Z] [3123/5133] RVTR917672 — Louis Prima — Just A Gigolo (Editor queued — awaiting distill)
[2026-06-28T22:42:21.994Z]   → published · 0s · editor complete · director complete · creative complete · publisher approved
[2026-06-28T22:42:22.020Z] [3124/5133] RVTR918093 — Amy Winehouse — Our Day Will Come Amy Winehouse Tribute Video (Editor queued — awaiting distill)
[2026-06-28T22:42:22.535Z]   → published · 1s · editor complete · director complete · creative complete · publisher approved
[2026-06-28T22:42:22.561Z] [3125/5133] RVTR918428 — The Devil Makes Three — Aces And Twos (Editor queued — awaiting distill)
[2026-06-28T22:42:23.036Z]   → published · 0s · editor complete · director complete · creative complete · publisher approved
[2026-06-28T22:42:23.061Z] [3126/5133] RVTR919905 — A$ap Rocky — F Kin Problems (Editor queued — awaiting distill)
[2026-06-28T22:42:23.533Z]   → published · 0s · editor complete · director complete · creative complete · publisher approved
[2026-06-28T22:42:23.559Z] [3127/5133] RVTR920045 — C+c Music Factory/f. Williams — Here We Go (Editor queued — awaiting distill)
[2026-06-28T22:42:24.035Z]   → published · 0s · editor complete · director complete · creative complete · publisher approved
[2026-06-28T22:42:24.061Z] [3128/5133] RVTR920387 — Matchbox Twenty — 3 A M (Editor queued — awaiting distill)
[2026-06-28T22:42:24.589Z]   → published · 1s · editor complete · director complete · creative complete · publisher approved
[2026-06-28T22:42:24.616Z] [3129/5133] RVTR921237 — Head East — Never Been Any Reason (Editor queued — awaiting distill)
[2026-06-28T22:42:25.113Z]   → published · 0s · editor complete · director complete · creative complete · publisher approved
[2026-06-28T22:42:25.140Z] [3130/5133] RVTR923429 — Kool Moe Dee — Wild Wild West (Editor queued — awaiting distill)
[2026-06-28T22:42:25.648Z]   → published · 1s · editor complete · director complete · creative complete · publisher approved
[2026-06-28T22:42:25.674Z] [3131/5133] RVTR923547 — Sugar Ray — Someday (Editor queued — awaiting distill)
[2026-06-28T22:42:26.158Z]   → published · 0s · editor complete · director complete · creative complete · publisher approved
[2026-06-28T22:42:26.184Z] [3132/5133] RVTR924196 — Leavin Trunk — Taj Mahal (Editor queued — awaiting distill)
[2026-06-28T22:42:26.654Z]   → published · 0s · editor complete · director complete · creative complete · publisher approved
[2026-06-28T22:42:26.680Z] [3133/5133] RVTR924228 — Van Halen — Pretty Woman (Editor queued — awaiting distill)
[2026-06-28T22:42:27.155Z]   → published · 0s · editor complete · director complete · creative complete · publisher approved
[2026-06-28T22:42:27.182Z] [3134/5133] RVTR924922 — Jackie Wilson — Higher Higher (Editor queued — awaiting distill)
[2026-06-28T22:42:27.738Z]   → published · 1s · editor complete · director complete · creative complete · publisher approved
[2026-06-28T22:42:27.765Z] [3135/5133] RVTR925107 — Steve Miller Band — Rockin Me 1976 (Editor queued — awaiting distill)
[2026-06-28T22:42:28.263Z]   → published · 0s · editor complete · director complete · creative complete · publisher approved
[2026-06-28T22:42:28.290Z] [3136/5133] RVTR926782 — The White Buffalo — The House Of The Rising Sun (Editor queued — awaiting distill)
[2026-06-28T22:42:28.778Z]   → published · 0s · editor complete · director complete · creative complete · publisher approved
[2026-06-28T22:42:28.804Z] [3137/5133] RVTR926953 — Jeff Beck — Sleep Walk (Editor queued — awaiting distill)
[2026-06-28T22:42:29.287Z]   → published · 0s · editor complete · director complete · creative complete · publisher approved
[2026-06-28T22:42:29.314Z] [3138/5133] RVTR928139 — Kim Carnes — More Love (Editor queued — awaiting distill)
[2026-06-28T22:42:29.801Z]   → published · 0s · editor complete · director complete · creative complete · publisher approved
[2026-06-28T22:42:29.827Z] [3139/5133] RVTR928999 — The White Stripes — Icky Thump (Editor queued — awaiting distill)
[2026-06-28T22:42:30.344Z]   → published · 1s · editor complete · director complete · creative complete · publisher approved
[2026-06-28T22:42:30.371Z] [3140/5133] RVTR929815 — The All-american Rejects — Move Along (Editor queued — awaiting distill)
[2026-06-28T22:42:30.896Z]   → published · 1s · editor complete · director complete · creative complete · publisher approved
[2026-06-28T22:42:30.922Z] [3141/5133] RVTR931078 — The Rolling Stones — Tumbling Dice (Editor queued — awaiting distill)
[2026-06-28T22:42:31.419Z]   → published · 0s · editor complete · director complete · creative complete · publisher approved
[2026-06-28T22:42:31.445Z] [3142/5133] RVTR931490 — Blessid Union Of Souls — Hey Leonardo She Likes Me For Me (Editor queued — awaiting distill)
[2026-06-28T22:42:31.942Z]   → published · 0s · editor complete · director complete · creative complete · publisher approved
[2026-06-28T22:42:31.969Z] [3143/5133] RVTR932389 — Stacey Q — Two Of Hearts (Editor queued — awaiting distill)
[2026-06-28T22:42:32.476Z]   → published · 1s · editor complete · director complete · creative complete · publisher approved
[2026-06-28T22:42:32.503Z] [3144/5133] RVTR932930 — Papa Roach — Last Resort (Editor queued — awaiting distill)
[2026-06-28T22:42:33.027Z]   → published · 1s · editor complete · director complete · creative complete · publisher approved
[2026-06-28T22:42:33.053Z] [3145/5133] RVTR933535 — Eddie Rabbitt — I Love A Rainy Night (Editor queued — awaiting distill)
[2026-06-28T22:42:33.569Z]   → published · 1s · editor complete · director complete · creative complete · publisher approved
[2026-06-28T22:42:33.595Z] [3146/5133] RVTR934250 — Van Halen — Why Can't This Be Love (Editor queued — awaiting distill)
[2026-06-28T22:42:34.072Z]   → published · 0s · editor complete · director complete · creative complete · publisher approved
[2026-06-28T22:42:34.098Z] [3147/5133] RVTR934407 — Lit — My Own Worst Enemy (Editor queued — awaiting distill)
[2026-06-28T22:42:34.582Z]   → published · 0s · editor complete · director complete · creative complete · publisher approved
[2026-06-28T22:42:34.608Z] [3148/5133] RVTR934903 — The Status Quo — Pictures Of Matchstick Men (Editor queued — awaiting distill)
[2026-06-28T22:42:35.093Z]   → published · 0s · editor complete · director complete · creative complete · publisher approved
[2026-06-28T22:42:35.119Z] [3149/5133] RVTR935318 — Tyler Childers — Whitehouse Road (Editor queued — awaiting distill)
[2026-06-28T22:42:35.599Z]   → published · 0s · editor complete · director complete · creative complete · publisher approved
[2026-06-28T22:42:35.624Z] [3150/5133] RVTR935353 — Frida — I Know There's Something Going On (Editor queued — awaiting distill)
[2026-06-28T22:42:36.118Z]   → published · 0s · editor complete · director complete · creative complete · publisher approved
[2026-06-28T22:42:36.235Z] --- Progress after 3150 processed ---
[2026-06-28T22:42:36.235Z] Collector complete: 5217
Editor complete: 1116
Director complete: 1116
Creative Review complete: 128
Published: 84
Failed (this run): 3
Remaining (collector done, not published): 5133
[2026-06-28T22:42:36.235Z] [3151/5133] RVTR935819 — The Black Eyed Peas — Imma Be (Editor queued — awaiting distill)
[2026-06-28T22:42:36.748Z]   → published · 1s · editor complete · director complete · creative complete · publisher approved
[2026-06-28T22:42:36.774Z] [3152/5133] RVTR936011 — John Fred & His Playboy Band — Judy In Disguise (Editor queued — awaiting distill)
[2026-06-28T22:42:37.274Z]   → published · 0s · editor complete · director complete · creative complete · publisher approved
[2026-06-28T22:42:37.301Z] [3153/5133] RVTR936563 — Disco Tex And His Sex O Lettes — Get Dancin' (Editor queued — awaiting distill)
[2026-06-28T22:42:37.821Z]   → published · 1s · editor complete · director complete · creative complete · publisher approved
[2026-06-28T22:42:37.847Z] [3154/5133] RVTR936629 — The Chardon Polka Band — Two Sisters Polka (Editor queued — awaiting distill)
[2026-06-28T22:42:38.349Z]   → published · 1s · editor complete · director complete · creative complete · publisher approved
[2026-06-28T22:42:38.376Z] [3155/5133] RVTR937022 — Pearl Jam — Jeremy Yellow Ledbetter (Editor queued — awaiting distill)
[2026-06-28T22:42:39.328Z]   → published · 1s · editor complete · director complete · creative complete · publisher approved
[2026-06-28T22:42:39.355Z] [3156/5133] RVTR938357 — Baha Men — Move It Like This (Editor queued — awaiting distill)
[2026-06-28T22:42:39.982Z]   → published · 1s · editor complete · director complete · creative complete · publisher approved
[2026-06-28T22:42:40.009Z] [3157/5133] RVTR938450 — Michael Jackson — Remember The Time (Editor queued — awaiting distill)
[2026-06-28T22:42:40.603Z]   → published · 1s · editor complete · director complete · creative complete · publisher approved
[2026-06-28T22:42:40.630Z] [3158/5133] RVTR938927 — Ray Price — For The Good Times (Editor queued — awaiting distill)
[2026-06-28T22:42:41.115Z]   → published · 0s · editor complete · director complete · creative complete · publisher approved
[2026-06-28T22:42:41.141Z] [3159/5133] RVTR939332 — Denis Leary — Asshole (Editor queued — awaiting distill)
[2026-06-28T22:42:41.629Z]   → published · 0s · editor complete · director complete · creative complete · publisher approved
[2026-06-28T22:42:41.656Z] [3160/5133] RVTR941279 — Goldfrapp — Ooh La La (Editor queued — awaiting distill)
[2026-06-28T22:42:42.161Z]   → published · 1s · editor complete · director complete · creative complete · publisher approved
[2026-06-28T22:42:42.187Z] [3161/5133] RVTR941731 — Vance Joy — Riptide (Editor queued — awaiting distill)
[2026-06-28T22:42:42.686Z]   → published · 0s · editor complete · director complete · creative complete · publisher approved
[2026-06-28T22:42:42.712Z] [3162/5133] RVTR942076 — Go-go's — Head Over Heals (Editor queued — awaiting distill)
[2026-06-28T22:42:43.226Z]   → published · 1s · editor complete · director complete · creative complete · publisher approved
[2026-06-28T22:42:43.253Z] [3163/5133] RVTR942427 — Steve Winwood — Roll With It (Editor queued — awaiting distill)
[2026-06-28T22:42:43.750Z]   → published · 0s · editor complete · director complete · creative complete · publisher approved
[2026-06-28T22:42:43.776Z] [3164/5133] RVTR942885 — Nena — 99 Red Balloons (Editor queued — awaiting distill)
[2026-06-28T22:42:44.287Z]   → published · 1s · editor complete · director complete · creative complete · publisher approved
[2026-06-28T22:42:44.313Z] [3165/5133] RVTR943944 — Kid Rock — All Summer Long (Editor queued — awaiting distill)
[2026-06-28T22:42:44.822Z]   → published · 1s · editor complete · director complete · creative complete · publisher approved
[2026-06-28T22:42:44.847Z] [3166/5133] RVTR945240 — Ronnie Mcdowell — The King Is Gone (Editor queued — awaiting distill)
[2026-06-28T22:42:45.339Z]   → published · 0s · editor complete · director complete · creative complete · publisher approved
[2026-06-28T22:42:45.365Z] [3167/5133] RVTR946280 — Hunter Root — Town Rat Heathen (Editor queued — awaiting distill)
[2026-06-28T22:42:45.886Z]   → published · 1s · editor complete · director complete · creative complete · publisher approved
[2026-06-28T22:42:45.912Z] [3168/5133] RVTR947621 — Michael Johnson — Bluer Than Blue (Editor queued — awaiting distill)
[2026-06-28T22:42:46.404Z]   → published · 0s · editor complete · director complete · creative complete · publisher approved
[2026-06-28T22:42:46.429Z] [3169/5133] RVTR950027 — Paul Simon — Boy In The Bubble (Editor queued — awaiting distill)
[2026-06-28T22:42:46.920Z]   → published · 0s · editor complete · director complete · creative complete · publisher approved
[2026-06-28T22:42:46.946Z] [3170/5133] RVTR951558 — Johnny Cash — Hurt (Editor queued — awaiting distill)
[2026-06-28T22:42:47.432Z]   → published · 0s · editor complete · director complete · creative complete · publisher approved
[2026-06-28T22:42:47.457Z] [3171/5133] RVTR952862 — Eurythmics — Here Comes The Rain Again (Editor queued — awaiting distill)
[2026-06-28T22:42:47.989Z]   → published · 1s · editor complete · director complete · creative complete · publisher approved
[2026-06-28T22:42:48.015Z] [3172/5133] RVTR954599 — Ronnie Lane — Ooh La La Live (Editor queued — awaiting distill)
[2026-06-28T22:42:48.520Z]   → published · 1s · editor complete · director complete · creative complete · publisher approved
[2026-06-28T22:42:48.546Z] [3173/5133] RVTR954825 — The Police — De Do Do Do De Da Da Da (Editor queued — awaiting distill)
[2026-06-28T22:42:49.048Z]   → published · 1s · editor complete · director complete · creative complete · publisher approved
[2026-06-28T22:42:49.074Z] [3174/5133] RVTR955267 — Carl Perkins — Blue Suede Shoes (Editor queued — awaiting distill)
[2026-06-28T22:42:49.565Z]   → published · 0s · editor complete · director complete · creative complete · publisher approved
[2026-06-28T22:42:49.591Z] [3175/5133] RVTR955342 — Replacements — Bastards Of Young (Editor queued — awaiting distill)
[2026-06-28T22:42:50.087Z]   → published · 0s · editor complete · director complete · creative complete · publisher approved
[2026-06-28T22:42:50.113Z] [3176/5133] RVTR955398 — Phish — Alaska (Editor queued — awaiting distill)
[2026-06-28T22:42:50.602Z]   → published · 0s · editor complete · director complete · creative complete · publisher approved
[2026-06-28T22:42:50.627Z] [3177/5133] RVTR955420 — Ludacris F./nicki Minaj — My Chick Bad (Editor queued — awaiting distill)
[2026-06-28T22:42:51.127Z]   → published · 0s · editor complete · director complete · creative complete · publisher approved
[2026-06-28T22:42:51.153Z] [3178/5133] RVTR955472 — DJ Cummerbund And Rammstein — Play That Funky Music (Editor queued — awaiting distill)
[2026-06-28T22:42:51.647Z]   → published · 0s · editor complete · director complete · creative complete · publisher approved
[2026-06-28T22:42:51.673Z] [3179/5133] RVTR957267 — Lady Gaga — Just Dance (Editor queued — awaiting distill)
[2026-06-28T22:42:52.182Z]   → published · 1s · editor complete · director complete · creative complete · publisher approved
[2026-06-28T22:42:52.210Z] [3180/5133] RVTR958170 — Lenny Kravitz — Fly Away (Editor queued — awaiting distill)
[2026-06-28T22:42:52.715Z]   → published · 1s · editor complete · director complete · creative complete · publisher approved
[2026-06-28T22:42:52.742Z] [3181/5133] RVTR959193 — Spice Girls — Too Much (Editor queued — awaiting distill)
[2026-06-28T22:42:53.245Z]   → published · 1s · editor complete · director complete · creative complete · publisher approved
[2026-06-28T22:42:53.271Z] [3182/5133] RVTR959501 — M.c. Hammer — Pray (Editor queued — awaiting distill)
[2026-06-28T22:42:53.770Z]   → published · 0s · editor complete · director complete · creative complete · publisher approved
[2026-06-28T22:42:53.796Z] [3183/5133] RVTR959504 — Lovelytheband — Broken (Editor queued — awaiting distill)
[2026-06-28T22:42:54.292Z]   → published · 0s · editor complete · director complete · creative complete · publisher approved
[2026-06-28T22:42:54.318Z] [3184/5133] RVTR960878 — Levert — Casanova (Editor queued — awaiting distill)
[2026-06-28T22:42:54.821Z]   → published · 1s · editor complete · director complete · creative complete · publisher approved
[2026-06-28T22:42:54.847Z] [3185/5133] RVTR961237 — Abba — Ring Ring (Editor queued — awaiting distill)
[2026-06-28T22:42:55.352Z]   → published · 1s · editor complete · director complete · creative complete · publisher approved
[2026-06-28T22:42:55.379Z] [3186/5133] RVTR961588 — Al Martino — Spanish Eyes (Editor queued — awaiting distill)
[2026-06-28T22:42:55.885Z]   → published · 1s · editor complete · director complete · creative complete · publisher approved
[2026-06-28T22:42:55.911Z] [3187/5133] RVTR961605 — Journey — Stone In Love (Editor queued — awaiting distill)
[2026-06-28T22:42:56.420Z]   → published · 1s · editor complete · director complete · creative complete · publisher approved
[2026-06-28T22:42:56.447Z] [3188/5133] RVTR962670 — Bruno Mars — The Lazy Song (Editor queued — awaiting distill)
[2026-06-28T22:42:56.988Z]   → published · 1s · editor complete · director complete · creative complete · publisher approved
[2026-06-28T22:42:57.015Z] [3189/5133] RVTR963699 — Moving In Stereo — The Cars The Midnight Special (Editor queued — awaiting distill)
[2026-06-28T22:42:57.508Z]   → published · 0s · editor complete · director complete · creative complete · publisher approved
[2026-06-28T22:42:57.534Z] [3190/5133] RVTR964173 — Madonna — Cherish (Editor queued — awaiting distill)
[2026-06-28T22:42:58.038Z]   → published · 1s · editor complete · director complete · creative complete · publisher approved
[2026-06-28T22:42:58.065Z] [3191/5133] RVTR964241 — Nirvana — Lithium (Editor queued — awaiting distill)
[2026-06-28T22:42:58.617Z]   → published · 1s · editor complete · director complete · creative complete · publisher approved
[2026-06-28T22:42:58.643Z] [3192/5133] RVTR964584 — Peter Gabriel — Big Time (Editor queued — awaiting distill)
[2026-06-28T22:42:59.138Z]   → published · 0s · editor complete · director complete · creative complete · publisher approved
[2026-06-28T22:42:59.165Z] [3193/5133] RVTR965032 — Mary Jane Girls — In My House (Editor queued — awaiting distill)
[2026-06-28T22:42:59.665Z]   → published · 1s · editor complete · director complete · creative complete · publisher approved
[2026-06-28T22:42:59.691Z] [3194/5133] RVTR965809 — Phish — Bathtub Gin (Editor queued — awaiting distill)
[2026-06-28T22:43:00.197Z]   → published · 1s · editor complete · director complete · creative complete · publisher approved
[2026-06-28T22:43:00.224Z] [3195/5133] RVTR966302 — The Cure — Love Song (Editor queued — awaiting distill)
[2026-06-28T22:43:00.736Z]   → published · 1s · editor complete · director complete · creative complete · publisher approved
[2026-06-28T22:43:00.762Z] [3196/5133] RVTR966372 — Lizzo — About Damn Time (Editor queued — awaiting distill)
[2026-06-28T22:43:01.286Z]   → published · 1s · editor complete · director complete · creative complete · publisher approved
[2026-06-28T22:43:01.313Z] [3197/5133] RVTR966676 — Prodigy — Breathe (Editor queued — awaiting distill)
[2026-06-28T22:43:01.823Z]   → published · 1s · editor complete · director complete · creative complete · publisher approved
[2026-06-28T22:43:01.849Z] [3198/5133] RVTR966704 — Lawrence — Guy I Used To Be (Editor queued — awaiting distill)
[2026-06-28T22:43:02.355Z]   → published · 1s · editor complete · director complete · creative complete · publisher approved
[2026-06-28T22:43:02.381Z] [3199/5133] RVTR967991 — Miley Cyrus & Joan Jett — Crimson And Clover (Editor queued — awaiting distill)
[2026-06-28T22:43:02.920Z]   → published · 1s · editor complete · director complete · creative complete · publisher approved
[2026-06-28T22:43:02.946Z] [3200/5133] RVTR968223 — No Doubt — Underneath It All (Editor queued — awaiting distill)
[2026-06-28T22:43:03.458Z]   → published · 1s · editor complete · director complete · creative complete · publisher approved
[2026-06-28T22:43:03.590Z] --- Progress after 3200 processed ---
[2026-06-28T22:43:03.590Z] Collector complete: 5217
Editor complete: 1166
Director complete: 1166
Creative Review complete: 178
Published: 84
Failed (this run): 3
Remaining (collector done, not published): 5133
[2026-06-28T22:43:03.590Z] [3201/5133] RVTR968725 — The Monkees — Valerie (Editor queued — awaiting distill)
[2026-06-28T22:43:04.093Z]   → published · 1s · editor complete · director complete · creative complete · publisher approved
[2026-06-28T22:43:04.119Z] [3202/5133] RVTR969715 — Jamey Johnson — In Color (Editor queued — awaiting distill)
[2026-06-28T22:43:04.657Z]   → published · 1s · editor complete · director complete · creative complete · publisher approved
[2026-06-28T22:43:04.683Z] [3203/5133] RVTR970101 — Robert Palmer — Pressure Drop (Editor queued — awaiting distill)
[2026-06-28T22:43:05.195Z]   → published · 1s · editor complete · director complete · creative complete · publisher approved
[2026-06-28T22:43:05.222Z] [3204/5133] RVTR970270 — Zara Larsson — Lush Life (Editor queued — awaiting distill)
[2026-06-28T22:43:05.740Z]   → published · 1s · editor complete · director complete · creative complete · publisher approved
[2026-06-28T22:43:05.766Z] [3205/5133] RVTR974544 — Reverend Peyton's Big Damn Band — Raise A Little Hell (Editor queued — awaiting distill)
[2026-06-28T22:43:06.280Z]   → published · 1s · editor complete · director complete · creative complete · publisher approved
[2026-06-28T22:43:06.306Z] [3206/5133] RVTR974828 — Jason Derulo — Trumpets (Editor queued — awaiting distill)
[2026-06-28T22:43:06.819Z]   → published · 1s · editor complete · director complete · creative complete · publisher approved
[2026-06-28T22:43:06.845Z] [3207/5133] RVTR976447 — Now You Has Jazz — Bing Crosby Louis Armstrong 1956 (Editor queued — awaiting distill)
[2026-06-28T22:43:07.361Z]   → published · 1s · editor complete · director complete · creative complete · publisher approved
[2026-06-28T22:43:07.387Z] [3208/5133] RVTR977315 — Pink — Just Like A Pill (Editor queued — awaiting distill)
[2026-06-28T22:43:07.909Z]   → published · 1s · editor complete · director complete · creative complete · publisher approved
[2026-06-28T22:43:07.935Z] [3209/5133] RVTR977454 — Kenny Wayne Shepherd — You Can't Judge A Book By The Cover (Editor queued — awaiting distill)
[2026-06-28T22:43:08.452Z]   → published · 1s · editor complete · director complete · creative complete · publisher approved
[2026-06-28T22:43:08.480Z] [3210/5133] RVTR977943 — Sinead O'connor — Nothing Compares 2 U (Editor queued — awaiting distill)
[2026-06-28T22:43:09.038Z]   → published · 1s · editor complete · director complete · creative complete · publisher approved
[2026-06-28T22:43:09.064Z] [3211/5133] RVTR978192 — Brantley Gilbert — Bottoms Up (Editor queued — awaiting distill)
[2026-06-28T22:43:09.570Z]   → published · 1s · editor complete · director complete · creative complete · publisher approved
[2026-06-28T22:43:09.597Z] [3212/5133] RVTR979074 — Erasure — Love To Hate You (Editor queued — awaiting distill)
[2026-06-28T22:43:10.118Z]   → published · 1s · editor complete · director complete · creative complete · publisher approved
[2026-06-28T22:43:10.146Z] [3213/5133] RVTR980407 — Ike & Tina Turner — I Want To Take You Higher (Editor queued — awaiting distill)
[2026-06-28T22:43:10.667Z]   → published · 1s · editor complete · director complete · creative complete · publisher approved
[2026-06-28T22:43:10.693Z] [3214/5133] RVTR980531 — Van Morrison — Caravan (Editor queued — awaiting distill)
[2026-06-28T22:43:11.215Z]   → published · 1s · editor complete · director complete · creative complete · publisher approved
[2026-06-28T22:43:11.241Z] [3215/5133] RVTR981076 — Fergie — London Bridge (Editor queued — awaiting distill)
[2026-06-28T22:43:11.758Z]   → published · 1s · editor complete · director complete · creative complete · publisher approved
[2026-06-28T22:43:11.786Z] [3216/5133] RVTR982003 — Tina Turner — I Wanna Take You Higher (Editor queued — awaiting distill)
[2026-06-28T22:43:12.331Z]   → published · 1s · editor complete · director complete · creative complete · publisher approved
[2026-06-28T22:43:12.358Z] [3217/5133] RVTR982199 — Breaking Benjamin And Gavin Rossdale — Would (Editor queued — awaiting distill)
[2026-06-28T22:43:12.887Z]   → published · 1s · editor complete · director complete · creative complete · publisher approved
[2026-06-28T22:43:12.915Z] [3218/5133] RVTR983001 — Gavin Degraw — In Love With A Girl (Editor queued — awaiting distill)
[2026-06-28T22:43:13.450Z]   → published · 1s · editor complete · director complete · creative complete · publisher approved
[2026-06-28T22:43:13.477Z] [3219/5133] RVTR984172 — Ll Cool J — Baby (Editor queued — awaiting distill)
[2026-06-28T22:43:14.013Z]   → published · 1s · editor complete · director complete · creative complete · publisher approved
[2026-06-28T22:43:14.041Z] [3220/5133] RVTR984404 — The Romantics — Talking In Your Sleep (Editor queued — awaiting distill)
[2026-06-28T22:43:14.569Z]   → published · 1s · editor complete · director complete · creative complete · publisher approved
[2026-06-28T22:43:14.597Z] [3221/5133] RVTR984560 — The Black Eyed Peas — My Humps (Editor queued — awaiting distill)
[2026-06-28T22:43:15.141Z]   → published · 1s · editor complete · director complete · creative complete · publisher approved
[2026-06-28T22:43:15.169Z] [3222/5133] RVTR984915 — Phish — Sneakin' Sally Thru The Alley (Editor queued — awaiting distill)
[2026-06-28T22:43:15.704Z]   → published · 1s · editor complete · director complete · creative complete · publisher approved
[2026-06-28T22:43:15.730Z] [3223/5133] RVTR985816 — Alan Jackson — Good Time (Editor queued — awaiting distill)
[2026-06-28T22:43:16.318Z]   → published · 1s · editor complete · director complete · creative complete · publisher approved
[2026-06-28T22:43:16.347Z] [3224/5133] RVTR987336 — Livin' It Up (friday Night) — Bell James (Editor queued — awaiting distill)
[2026-06-28T22:43:16.910Z]   → published · 1s · editor complete · director complete · creative complete · publisher approved
[2026-06-28T22:43:16.937Z] [3225/5133] RVTR989665 — Pitbull — Krazy (Editor queued — awaiting distill)
[2026-06-28T22:43:17.490Z]   → published · 1s · editor complete · director complete · creative complete · publisher approved
[2026-06-28T22:43:17.517Z] [3226/5133] RVTR990386 — Aerosmith — Cryin' (Editor queued — awaiting distill)
[2026-06-28T22:43:18.056Z]   → published · 1s · editor complete · director complete · creative complete · publisher approved
[2026-06-28T22:43:18.083Z] [3227/5133] RVTR990536 — Tupac — How Do U Want It (Editor queued — awaiting distill)
[2026-06-28T22:43:18.631Z]   → published · 1s · editor complete · director complete · creative complete · publisher approved
[2026-06-28T22:43:18.657Z] [3228/5133] RVTR990870 — Barbra Streisand — The Way We Were (Editor queued — awaiting distill)
[2026-06-28T22:43:19.193Z]   → published · 1s · editor complete · director complete · creative complete · publisher approved
[2026-06-28T22:43:19.222Z] [3229/5133] RVTR991350 — Midland — Mr Lonely (Editor queued — awaiting distill)
[2026-06-28T22:43:19.789Z]   → published · 1s · editor complete · director complete · creative complete · publisher approved
[2026-06-28T22:43:19.817Z] [3230/5133] RVTR991850 — Neil Young — Rockin In The Free World (Editor queued — awaiting distill)
[2026-06-28T22:43:20.388Z]   → published · 1s · editor complete · director complete · creative complete · publisher approved
[2026-06-28T22:43:20.415Z] [3231/5133] RVTR992629 — Buster Poindexter — Hot Hot Hot (Editor queued — awaiting distill)
[2026-06-28T22:43:21.012Z]   → published · 1s · editor complete · director complete · creative complete · publisher approved
[2026-06-28T22:43:21.039Z] [3232/5133] RVTR993325 — Dnce — Cake By The Ocean (Editor queued — awaiting distill)
[2026-06-28T22:43:21.583Z]   → published · 1s · editor complete · director complete · creative complete · publisher approved
[2026-06-28T22:43:21.610Z] [3233/5133] RVTR993457 — Michael Jackson — Beat It (Editor queued — awaiting distill)
[2026-06-28T22:43:22.154Z]   → published · 1s · editor complete · director complete · creative complete · publisher approved
[2026-06-28T22:43:22.181Z] [3234/5133] RVTR993640 — Judy Garland And Gene Kelly — Ballin' The Jack (Editor queued — awaiting distill)
[2026-06-28T22:43:22.721Z]   → published · 1s · editor complete · director complete · creative complete · publisher approved
[2026-06-28T22:43:22.748Z] [3235/5133] RVTR994879 — Cyndi Lauper — True Colors (Editor queued — awaiting distill)
[2026-06-28T22:43:23.290Z]   → published · 1s · editor complete · director complete · creative complete · publisher approved
[2026-06-28T22:43:23.317Z] [3236/5133] RVTR995114 — Jefferson Starship — It's Not Over 'Til It's Over (Editor queued — awaiting distill)
[2026-06-28T22:43:23.858Z]   → published · 1s · editor complete · director complete · creative complete · publisher approved
[2026-06-28T22:43:23.885Z] [3237/5133] RVTR995506 — Kool — Jungle Boogie (Editor queued — awaiting distill)
[2026-06-28T22:43:24.436Z]   → published · 1s · editor complete · director complete · creative complete · publisher approved
[2026-06-28T22:43:24.467Z] [3238/5133] RVTR996255 — Eric Carmen — Make Me Lose Control (Editor queued — awaiting distill)
[2026-06-28T22:43:25.044Z]   → published · 1s · editor complete · director complete · creative complete · publisher approved
[2026-06-28T22:43:25.071Z] [3239/5133] RVTR998338 — Jackson 5 — Abc (Editor queued — awaiting distill)
[2026-06-28T22:43:25.619Z]   → published · 1s · editor complete · director complete · creative complete · publisher approved
[2026-06-28T22:43:25.647Z] [3240/5133] RVTR998368 — Creedence Clearwater Revival — Midnight Special (Editor queued — awaiting distill)
[2026-06-28T22:43:26.185Z]   → published · 1s · editor complete · director complete · creative complete · publisher approved
[2026-06-28T22:43:26.212Z] [3241/5133] RVTR000337 — Doja Cat — Go To Town (Editor queued — awaiting distill)
[2026-06-28T22:43:26.753Z]   → published · 1s · editor complete · director complete · creative complete · publisher approved
[2026-06-28T22:43:26.780Z] [3242/5133] RVTR000524 — Huey — Pop Lock Drop It (Editor queued — awaiting distill)
[2026-06-28T22:43:27.326Z]   → published · 1s · editor complete · director complete · creative complete · publisher approved
[2026-06-28T22:43:27.354Z] [3243/5133] RVTR000686 — Anna Järvinen — Ppel Ga (Editor queued — awaiting distill)
[2026-06-28T22:43:27.907Z]   → published · 1s · editor complete · director complete · creative complete · publisher approved
[2026-06-28T22:43:27.935Z] [3244/5133] RVTR002311 — Crowbar — All I Had I Gave (Editor queued — awaiting distill)
[2026-06-28T22:43:28.491Z]   → published · 1s · editor complete · director complete · creative complete · publisher approved
[2026-06-28T22:43:28.520Z] [3245/5133] RVTR002336 — Mason — Perfect Exceeder (Editor queued — awaiting distill)
[2026-06-28T22:43:29.082Z]   → published · 1s · editor complete · director complete · creative complete · publisher approved
[2026-06-28T22:43:29.110Z] [3246/5133] RVTR003019 — Charli Xcx — Boom Clap (Editor queued — awaiting distill)
[2026-06-28T22:43:29.691Z]   → published · 1s · editor complete · director complete · creative complete · publisher approved
[2026-06-28T22:43:29.718Z] [3247/5133] RVTR003649 — Las Ketchup — Ketchup Song (Editor queued — awaiting distill)
[2026-06-28T22:43:30.286Z]   → published · 1s · editor complete · director complete · creative complete · publisher approved
[2026-06-28T22:43:30.318Z] [3248/5133] RVTR004049 — Iron Maiden — The Trooper (Editor queued — awaiting distill)
[2026-06-28T22:43:30.874Z]   → published · 1s · editor complete · director complete · creative complete · publisher approved
[2026-06-28T22:43:30.905Z] [3249/5133] RVTR004081 — Glorilla — Tgif (Editor queued — awaiting distill)
[2026-06-28T22:43:31.467Z]   → published · 1s · editor complete · director complete · creative complete · publisher approved
[2026-06-28T22:43:31.497Z] [3250/5133] RVTR004361 — Mulan — True To Your Heart (Editor queued — awaiting distill)
[2026-06-28T22:43:32.046Z]   → published · 1s · editor complete · director complete · creative complete · publisher approved
[2026-06-28T22:43:32.159Z] --- Progress after 3250 processed ---
[2026-06-28T22:43:32.160Z] Collector complete: 5217
Editor complete: 1216
Director complete: 1216
Creative Review complete: 228
Published: 84
Failed (this run): 3
Remaining (collector done, not published): 5133
[2026-06-28T22:43:32.160Z] [3251/5133] RVTR005359 — Bad Company — Saving Grace (Editor queued — awaiting distill)
[2026-06-28T22:43:32.731Z]   → published · 1s · editor complete · director complete · creative complete · publisher approved
[2026-06-28T22:43:32.759Z] [3252/5133] RVTR005614 — Janet Jackson — Feedback (Editor queued — awaiting distill)
[2026-06-28T22:43:33.342Z]   → published · 1s · editor complete · director complete · creative complete · publisher approved
[2026-06-28T22:43:33.370Z] [3253/5133] RVTR005837 — Cinderella — Gypsy Road (Editor queued — awaiting distill)
[2026-06-28T22:43:33.926Z]   → published · 1s · editor complete · director complete · creative complete · publisher approved
[2026-06-28T22:43:33.953Z] [3254/5133] RVTR006430 — The Floaters — Float On (Editor queued — awaiting distill)
[2026-06-28T22:43:34.513Z]   → published · 1s · editor complete · director complete · creative complete · publisher approved
[2026-06-28T22:43:34.540Z] [3255/5133] RVTR006857 — Pedro Capó, Farruko — Calma (Editor queued — awaiting distill)
[2026-06-28T22:43:35.093Z]   → published · 1s · editor complete · director complete · creative complete · publisher approved
[2026-06-28T22:43:35.120Z] [3256/5133] RVTR008310 — Kevin Rudolf F./birdman, Jay Sean & Lil Wayne — I Made It Cash Money Heroes (Editor queued — awaiting distill)
[2026-06-28T22:43:35.672Z]   → published · 1s · editor complete · director complete · creative complete · publisher approved
[2026-06-28T22:43:35.699Z] [3257/5133] RVTR009355 — Belinda Carlisle — La Luna (Editor queued — awaiting distill)
[2026-06-28T22:43:36.250Z]   → published · 1s · editor complete · director complete · creative complete · publisher approved
[2026-06-28T22:43:36.277Z] [3258/5133] RVTR009565 — Fancy — Bolero (Editor queued — awaiting distill)
[2026-06-28T22:43:36.819Z]   → published · 1s · editor complete · director complete · creative complete · publisher approved
[2026-06-28T22:43:36.848Z] [3259/5133] RVTR009798 — Bonnie Raitt — Runaway (Editor queued — awaiting distill)
[2026-06-28T22:43:37.407Z]   → published · 1s · editor complete · director complete · creative complete · publisher approved
[2026-06-28T22:43:37.434Z] [3260/5133] RVTR010101 — Sublime With Rome — Panic (Editor queued — awaiting distill)
[2026-06-28T22:43:37.979Z]   → published · 1s · editor complete · director complete · creative complete · publisher approved
[2026-06-28T22:43:38.005Z] [3261/5133] RVTR010623 — Nik Kershaw — The Riddle (Editor queued — awaiting distill)
[2026-06-28T22:43:38.549Z]   → published · 1s · editor complete · director complete · creative complete · publisher approved
[2026-06-28T22:43:38.576Z] [3262/5133] RVTR010736 — Toby Keith — Beers Ago (Editor queued — awaiting distill)
[2026-06-28T22:43:39.124Z]   → published · 1s · editor complete · director complete · creative complete · publisher approved
[2026-06-28T22:43:39.152Z] [3263/5133] RVTR010867 — Beastie Boys — Body Movin' (Editor queued — awaiting distill)
[2026-06-28T22:43:39.694Z]   → published · 1s · editor complete · director complete · creative complete · publisher approved
[2026-06-28T22:43:39.721Z] [3264/5133] RVTR011909 — Queen — It's Late (Editor queued — awaiting distill)
[2026-06-28T22:43:40.280Z]   → published · 1s · editor complete · director complete · creative complete · publisher approved
[2026-06-28T22:43:40.308Z] [3265/5133] RVTR013284 — Taylor Swift — Enchanted (Editor queued — awaiting distill)
[2026-06-28T22:43:40.870Z]   → published · 1s · editor complete · director complete · creative complete · publisher approved
[2026-06-28T22:43:40.897Z] [3266/5133] RVTR013798 — Bootcamp — I'm A Victim (Editor queued — awaiting distill)
[2026-06-28T22:43:41.443Z]   → published · 1s · editor complete · director complete · creative complete · publisher approved
[2026-06-28T22:43:41.469Z] [3267/5133] RVTR013992 — Bobby Brackins F./dev — A1 (Editor queued — awaiting distill)
[2026-06-28T22:43:42.021Z]   → published · 1s · editor complete · director complete · creative complete · publisher approved
[2026-06-28T22:43:42.047Z] [3268/5133] RVTR014292 — No Mercy — Please Don't Go (Editor queued — awaiting distill)
[2026-06-28T22:43:42.589Z]   → published · 1s · editor complete · director complete · creative complete · publisher approved
[2026-06-28T22:43:42.617Z] [3269/5133] RVTR014433 — Stella Soleil — Kiss Kiss (Editor queued — awaiting distill)
[2026-06-28T22:43:43.230Z]   → published · 1s · editor complete · director complete · creative complete · publisher approved
[2026-06-28T22:43:43.267Z] [3270/5133] RVTR014982 — Hooters — And We Danced (Editor queued — awaiting distill)
[2026-06-28T22:43:43.908Z]   → published · 1s · editor complete · director complete · creative complete · publisher approved
[2026-06-28T22:43:43.946Z] [3271/5133] RVTR015360 — Jennifer Lopez — Papi (Editor queued — awaiting distill)
[2026-06-28T22:43:44.541Z]   → published · 1s · editor complete · director complete · creative complete · publisher approved
[2026-06-28T22:43:44.577Z] [3272/5133] RVTR016009 — The Beatles — If I Fell (Editor queued — awaiting distill)
[2026-06-28T22:43:45.180Z]   → published · 1s · editor complete · director complete · creative complete · publisher approved
[2026-06-28T22:43:45.212Z] [3273/5133] RVTR016195 — Garbage — Push It (Editor queued — awaiting distill)
[2026-06-28T22:43:45.797Z]   → published · 1s · editor complete · director complete · creative complete · publisher approved
[2026-06-28T22:43:45.827Z] [3274/5133] RVTR016425 — Ja Rule — Livin' It Up (Editor queued — awaiting distill)
[2026-06-28T22:43:46.379Z]   → published · 1s · editor complete · director complete · creative complete · publisher approved
[2026-06-28T22:43:46.409Z] [3275/5133] RVTR016582 — Full Intention — America (Editor queued — awaiting distill)
[2026-06-28T22:43:46.956Z]   → published · 1s · editor complete · director complete · creative complete · publisher approved
[2026-06-28T22:43:46.988Z] [3276/5133] RVTR016815 — Meghan Trainor — Me Too (Editor queued — awaiting distill)
[2026-06-28T22:43:47.551Z]   → published · 1s · editor complete · director complete · creative complete · publisher approved
[2026-06-28T22:43:47.585Z] [3277/5133] RVTR017009 — U2 — Gloria (Editor queued — awaiting distill)
[2026-06-28T22:43:48.174Z]   → published · 1s · editor complete · director complete · creative complete · publisher approved
[2026-06-28T22:43:48.203Z] [3278/5133] RVTR017401 — Faithless — We Come One (Editor queued — awaiting distill)
[2026-06-28T22:43:48.887Z]   → published · 1s · editor complete · director complete · creative complete · publisher approved
[2026-06-28T22:43:48.920Z] [3279/5133] RVTR019415 — Travie Mccoy — Billionaire (Editor queued — awaiting distill)
[2026-06-28T22:43:49.523Z]   → published · 1s · editor complete · director complete · creative complete · publisher approved
[2026-06-28T22:43:49.554Z] [3280/5133] RVTR019504 — Taylor Swift Feat. Brendon Urie Of Panic! At The Disco — Me (Editor queued — awaiting distill)
[2026-06-28T22:43:50.153Z]   → published · 1s · editor complete · director complete · creative complete · publisher approved
[2026-06-28T22:43:50.186Z] [3281/5133] RVTR019621 — Katy Perry — Chained To The Rhythm (Editor queued — awaiting distill)
[2026-06-28T22:43:50.810Z]   → published · 1s · editor complete · director complete · creative complete · publisher approved
[2026-06-28T22:43:50.844Z] [3282/5133] RVTR020130 — Ocean Alley — Confidence (Editor queued — awaiting distill)
[2026-06-28T22:43:51.428Z]   → published · 1s · editor complete · director complete · creative complete · publisher approved
[2026-06-28T22:43:51.456Z] [3283/5133] RVTR020677 — Walker Hayes — Aa (Editor queued — awaiting distill)
[2026-06-28T22:43:52.053Z]   → published · 1s · editor complete · director complete · creative complete · publisher approved
[2026-06-28T22:43:52.105Z] [3284/5133] RVTR021292 — Jewel — Intuition (Editor queued — awaiting distill)
[2026-06-28T22:43:52.713Z]   → published · 1s · editor complete · director complete · creative complete · publisher approved
[2026-06-28T22:43:52.741Z] [3285/5133] RVTR022400 — Lifehouse — You And Me (Editor queued — awaiting distill)
[2026-06-28T22:43:53.371Z]   → published · 1s · editor complete · director complete · creative complete · publisher approved
[2026-06-28T22:43:53.406Z] [3286/5133] RVTR022479 — Margaret Urlich — Escaping (Editor queued — awaiting distill)
[2026-06-28T22:43:54.000Z]   → published · 1s · editor complete · director complete · creative complete · publisher approved
[2026-06-28T22:43:54.028Z] [3287/5133] RVTR022537 — Santana — Into The Night (Editor queued — awaiting distill)
[2026-06-28T22:43:54.615Z]   → published · 1s · editor complete · director complete · creative complete · publisher approved
[2026-06-28T22:43:54.648Z] [3288/5133] RVTR024142 — Jason Derulo — What If (Editor queued — awaiting distill)
[2026-06-28T22:43:55.286Z]   → published · 1s · editor complete · director complete · creative complete · publisher approved
[2026-06-28T22:43:55.343Z] [3289/5133] RVTR024449 — Craig Mack — Flava In Ya Ear (Editor queued — awaiting distill)
[2026-06-28T22:43:55.946Z]   → published · 1s · editor complete · director complete · creative complete · publisher approved
[2026-06-28T22:43:55.973Z] [3290/5133] RVTR026157 — Carole King — It's Too Late I Feel The Earth Move (Editor queued — awaiting distill)
[2026-06-28T22:43:56.540Z]   → published · 1s · editor complete · director complete · creative complete · publisher approved
[2026-06-28T22:43:56.571Z] [3291/5133] RVTR027013 — D'angelo — Brown Sugar (Editor queued — awaiting distill)
[2026-06-28T22:43:57.138Z]   → published · 1s · editor complete · director complete · creative complete · publisher approved
[2026-06-28T22:43:57.166Z] [3292/5133] RVTR027135 — Glenn Miller — In The Mood (Editor queued — awaiting distill)
[2026-06-28T22:43:57.745Z]   → published · 1s · editor complete · director complete · creative complete · publisher approved
[2026-06-28T22:43:57.777Z] [3293/5133] RVTR027620 — Kaoma — Lambada (Editor queued — awaiting distill)
[2026-06-28T22:43:58.404Z]   → published · 1s · editor complete · director complete · creative complete · publisher approved
[2026-06-28T22:43:58.432Z] [3294/5133] RVTR028454 — Lou Gramm — True Blue Love (Editor queued — awaiting distill)
[2026-06-28T22:43:58.999Z]   → published · 1s · editor complete · director complete · creative complete · publisher approved
[2026-06-28T22:43:59.030Z] [3295/5133] RVTR028931 — Tyga — Molly (Editor queued — awaiting distill)
[2026-06-28T22:43:59.610Z]   → published · 1s · editor complete · director complete · creative complete · publisher approved
[2026-06-28T22:43:59.638Z] [3296/5133] RVTR029735 — Rainbow — Can't Happen Here (Editor queued — awaiting distill)
[2026-06-28T22:44:00.232Z]   → published · 1s · editor complete · director complete · creative complete · publisher approved
[2026-06-28T22:44:00.266Z] [3297/5133] RVTR030338 — Amber — Colour Of Love (Editor queued — awaiting distill)
[2026-06-28T22:44:00.852Z]   → published · 1s · editor complete · director complete · creative complete · publisher approved
[2026-06-28T22:44:00.880Z] [3298/5133] RVTR030655 — Little Feat — Dixie Chicken (Editor queued — awaiting distill)
[2026-06-28T22:44:01.500Z]   → published · 1s · editor complete · director complete · creative complete · publisher approved
[2026-06-28T22:44:01.538Z] [3299/5133] RVTR031079 — Poison — Fallen Angel (Editor queued — awaiting distill)
[2026-06-28T22:44:02.147Z]   → published · 1s · editor complete · director complete · creative complete · publisher approved
[2026-06-28T22:44:02.175Z] [3300/5133] RVTR031330 — Heart — Never (Editor queued — awaiting distill)
[2026-06-28T22:44:02.765Z]   → published · 1s · editor complete · director complete · creative complete · publisher approved
[2026-06-28T22:44:03.413Z] --- Progress after 3300 processed ---
[2026-06-28T22:44:03.413Z] Collector complete: 5217
Editor complete: 1266
Director complete: 1266
Creative Review complete: 278
Published: 84
Failed (this run): 3
Remaining (collector done, not published): 5133
[2026-06-28T22:44:03.414Z] [3301/5133] RVTR032194 — Spose — I'm Awesome (Editor queued — awaiting distill)
[2026-06-28T22:44:04.010Z]   → published · 1s · editor complete · director complete · creative complete · publisher approved
[2026-06-28T22:44:04.039Z] [3302/5133] RVTR032586 — Helen Reddy — I Am Woman (Editor queued — awaiting distill)
[2026-06-28T22:44:04.645Z]   → published · 1s · editor complete · director complete · creative complete · publisher approved
[2026-06-28T22:44:04.675Z] [3303/5133] RVTR033421 — Nickelback — Never Again (Editor queued — awaiting distill)
[2026-06-28T22:44:05.303Z]   → published · 1s · editor complete · director complete · creative complete · publisher approved
[2026-06-28T22:44:05.339Z] [3304/5133] RVTR033654 — Wiz Khalifa — No Sleep (Editor queued — awaiting distill)
[2026-06-28T22:44:05.951Z]   → published · 1s · editor complete · director complete · creative complete · publisher approved
[2026-06-28T22:44:05.980Z] [3305/5133] RVTR033722 — Daughtry — September (Editor queued — awaiting distill)
[2026-06-28T22:44:06.577Z]   → published · 1s · editor complete · director complete · creative complete · publisher approved
[2026-06-28T22:44:06.610Z] [3306/5133] RVTR034202 — Porno For Pyros — Pets (Editor queued — awaiting distill)
[2026-06-28T22:44:07.211Z]   → published · 1s · editor complete · director complete · creative complete · publisher approved
[2026-06-28T22:44:07.270Z] [3307/5133] RVTR034576 — King Crimson — Heroes (Editor queued — awaiting distill)
[2026-06-28T22:44:07.856Z]   → published · 1s · editor complete · director complete · creative complete · publisher approved
[2026-06-28T22:44:07.884Z] [3308/5133] RVTR034895 — The Weeknd — Take My Breath (Editor queued — awaiting distill)
[2026-06-28T22:44:08.465Z]   → published · 1s · editor complete · director complete · creative complete · publisher approved
[2026-06-28T22:44:08.496Z] [3309/5133] RVTR035132 — Shakira — She Wolf (Editor queued — awaiting distill)
[2026-06-28T22:44:09.072Z]   → published · 1s · editor complete · director complete · creative complete · publisher approved
[2026-06-28T22:44:09.100Z] [3310/5133] RVTR035184 — Rupert Hine — The Set Up (Editor queued — awaiting distill)
[2026-06-28T22:44:09.710Z]   → published · 1s · editor complete · director complete · creative complete · publisher approved
[2026-06-28T22:44:09.745Z] [3311/5133] RVTR035491 — Lita Ford — Hungry (Editor queued — awaiting distill)
[2026-06-28T22:44:10.341Z]   → published · 1s · editor complete · director complete · creative complete · publisher approved
[2026-06-28T22:44:10.383Z] [3312/5133] RVTR035661 — M.i.a — Bucky Done Gun (Editor queued — awaiting distill)
[2026-06-28T22:44:10.963Z]   → published · 1s · editor complete · director complete · creative complete · publisher approved
[2026-06-28T22:44:10.995Z] [3313/5133] RVTR035717 — Given Up — Linkin Park (Editor queued — awaiting distill)
[2026-06-28T22:44:11.598Z]   → published · 1s · editor complete · director complete · creative complete · publisher approved
[2026-06-28T22:44:11.625Z] [3314/5133] RVTR035841 — Laura Branigan — Gloria (Editor queued — awaiting distill)
[2026-06-28T22:44:12.207Z]   → published · 1s · editor complete · director complete · creative complete · publisher approved
[2026-06-28T22:44:12.239Z] [3315/5133] RVTR036080 — Foo Fighters — Walk (Editor queued — awaiting distill)
[2026-06-28T22:44:12.828Z]   → published · 1s · editor complete · director complete · creative complete · publisher approved
[2026-06-28T22:44:12.857Z] [3316/5133] RVTR037263 — Specials — Ghost Town (Editor queued — awaiting distill)
[2026-06-28T22:44:13.446Z]   → published · 1s · editor complete · director complete · creative complete · publisher approved
[2026-06-28T22:44:13.479Z] [3317/5133] RVTR037905 — The Beatles — Revolution (Editor queued — awaiting distill)
[2026-06-28T22:44:14.100Z]   → published · 1s · editor complete · director complete · creative complete · publisher approved
[2026-06-28T22:44:14.128Z] [3318/5133] RVTR038165 — Demi Lovato — I Love Me (Editor queued — awaiting distill)
[2026-06-28T22:44:14.712Z]   → published · 1s · editor complete · director complete · creative complete · publisher approved
[2026-06-28T22:44:14.744Z] [3319/5133] RVTR038388 — Metallica — One (Editor queued — awaiting distill)
[2026-06-28T22:44:15.344Z]   → published · 1s · editor complete · director complete · creative complete · publisher approved
[2026-06-28T22:44:15.372Z] [3320/5133] RVTR039805 — Beyoncé — Hold Up (Editor queued — awaiting distill)
[2026-06-28T22:44:15.990Z]   → published · 1s · editor complete · director complete · creative complete · publisher approved
[2026-06-28T22:44:16.026Z] [3321/5133] RVTR041182 — Erasure — Sometimes (Editor queued — awaiting distill)
[2026-06-28T22:44:16.651Z]   → published · 1s · editor complete · director complete · creative complete · publisher approved
[2026-06-28T22:44:16.680Z] [3322/5133] RVTR041621 — Lil Nas X — Old Town Road (Editor queued — awaiting distill)
[2026-06-28T22:44:17.345Z]   → published · 1s · editor complete · director complete · creative complete · publisher approved
[2026-06-28T22:44:17.382Z] [3323/5133] RVTR042565 — Level 42 — Lessons In Love (Editor queued — awaiting distill)
[2026-06-28T22:44:18.001Z]   → published · 1s · editor complete · director complete · creative complete · publisher approved
[2026-06-28T22:44:18.029Z] [3324/5133] RVTR043348 — Howie Day — Collide (Editor queued — awaiting distill)
[2026-06-28T22:44:18.630Z]   → published · 1s · editor complete · director complete · creative complete · publisher approved
[2026-06-28T22:44:18.662Z] [3325/5133] RVTR043386 — Rainbow — Stone Cold (Editor queued — awaiting distill)
[2026-06-28T22:44:19.262Z]   → published · 1s · editor complete · director complete · creative complete · publisher approved
[2026-06-28T22:44:19.292Z] [3326/5133] RVTR043411 — Kiiara — Gold (Editor queued — awaiting distill)
[2026-06-28T22:44:19.906Z]   → published · 1s · editor complete · director complete · creative complete · publisher approved
[2026-06-28T22:44:19.934Z] [3327/5133] RVTR043634 — New Edition — Hit Me Off (Editor queued — awaiting distill)
[2026-06-28T22:44:20.526Z]   → published · 1s · editor complete · director complete · creative complete · publisher approved
[2026-06-28T22:44:20.555Z] [3328/5133] RVTR043821 — Chubb Rock — Treat 'Em Right (Editor queued — awaiting distill)
[2026-06-28T22:44:21.148Z]   → published · 1s · editor complete · director complete · creative complete · publisher approved
[2026-06-28T22:44:21.180Z] [3329/5133] RVTR044643 — Pitbull — Shake Senora (Editor queued — awaiting distill)
[2026-06-28T22:44:21.781Z]   → published · 1s · editor complete · director complete · creative complete · publisher approved
[2026-06-28T22:44:21.810Z] [3330/5133] RVTR044974 — No Doubt — Running (Editor queued — awaiting distill)
[2026-06-28T22:44:22.408Z]   → published · 1s · editor complete · director complete · creative complete · publisher approved
[2026-06-28T22:44:22.439Z] [3331/5133] RVTR045989 — Madonna — Borderline (Editor queued — awaiting distill)
[2026-06-28T22:44:23.029Z]   → published · 1s · editor complete · director complete · creative complete · publisher approved
[2026-06-28T22:44:23.057Z] [3332/5133] RVTR047047 — Jody Watley — Real Love (Editor queued — awaiting distill)
[2026-06-28T22:44:23.644Z]   → published · 1s · editor complete · director complete · creative complete · publisher approved
[2026-06-28T22:44:23.675Z] [3333/5133] RVTR047496 — Abba — Summer Night City (Editor queued — awaiting distill)
[2026-06-28T22:44:24.269Z]   → published · 1s · editor complete · director complete · creative complete · publisher approved
[2026-06-28T22:44:24.297Z] [3334/5133] RVTR048322 — Faithless — Insomnia (Editor queued — awaiting distill)
[2026-06-28T22:44:24.893Z]   → published · 1s · editor complete · director complete · creative complete · publisher approved
[2026-06-28T22:44:24.927Z] [3335/5133] RVTR048350 — Richard Marx — Hazard (Editor queued — awaiting distill)
[2026-06-28T22:44:25.545Z]   → published · 1s · editor complete · director complete · creative complete · publisher approved
[2026-06-28T22:44:25.573Z] [3336/5133] RVTR048631 — Imagine Dragons — Natural (Editor queued — awaiting distill)
[2026-06-28T22:44:26.181Z]   → published · 1s · editor complete · director complete · creative complete · publisher approved
[2026-06-28T22:44:26.213Z] [3337/5133] RVTR048889 — Wings — Mull Of Kintyre (Editor queued — awaiting distill)
[2026-06-28T22:44:26.808Z]   → published · 1s · editor complete · director complete · creative complete · publisher approved
[2026-06-28T22:44:26.835Z] [3338/5133] RVTR051070 — Al Jarreau — So Long Girl (Editor queued — awaiting distill)
[2026-06-28T22:44:27.427Z]   → published · 1s · editor complete · director complete · creative complete · publisher approved
[2026-06-28T22:44:27.460Z] [3339/5133] RVTR051357 — Kerli — Walking On Air (Editor queued — awaiting distill)
[2026-06-28T22:44:28.078Z]   → published · 1s · editor complete · director complete · creative complete · publisher approved
[2026-06-28T22:44:28.111Z] [3340/5133] RVTR051945 — Metallica — Unforgiven (Editor queued — awaiting distill)
[2026-06-28T22:44:28.748Z]   → published · 1s · editor complete · director complete · creative complete · publisher approved
[2026-06-28T22:44:28.780Z] [3341/5133] RVTR052451 — Tom Waits — Hold On (Editor queued — awaiting distill)
[2026-06-28T22:44:29.391Z]   → published · 1s · editor complete · director complete · creative complete · publisher approved
[2026-06-28T22:44:29.420Z] [3342/5133] RVTR052460 — Dokken — Walk Away (Editor queued — awaiting distill)
[2026-06-28T22:44:30.084Z]   → published · 1s · editor complete · director complete · creative complete · publisher approved
[2026-06-28T22:44:30.116Z] [3343/5133] RVTR052583 — Dierks Bentley — 5 1 5 0 (Editor queued — awaiting distill)
[2026-06-28T22:44:30.719Z]   → published · 1s · editor complete · director complete · creative complete · publisher approved
[2026-06-28T22:44:30.747Z] [3344/5133] RVTR053151 — Three 6 Mafia — Shake My (Editor queued — awaiting distill)
[2026-06-28T22:44:31.359Z]   → published · 1s · editor complete · director complete · creative complete · publisher approved
[2026-06-28T22:44:31.391Z] [3345/5133] RVTR053234 — Train — Angel In Blue Jeans (Editor queued — awaiting distill)
[2026-06-28T22:44:32.015Z]   → published · 1s · editor complete · director complete · creative complete · publisher approved
[2026-06-28T22:44:32.044Z] [3346/5133] RVTR053613 — Incubus — Drive (Editor queued — awaiting distill)
[2026-06-28T22:44:32.675Z]   → published · 1s · editor complete · director complete · creative complete · publisher approved
[2026-06-28T22:44:32.706Z] [3347/5133] RVTR053883 — Duran Duran — Save A Prayer (Editor queued — awaiting distill)
[2026-06-28T22:44:33.330Z]   → published · 1s · editor complete · director complete · creative complete · publisher approved
[2026-06-28T22:44:33.359Z] [3348/5133] RVTR054000 — Marty Stuart — This One's Gonna Hurt You For A Long Long Time (Editor queued — awaiting distill)
[2026-06-28T22:44:33.979Z]   → published · 1s · editor complete · director complete · creative complete · publisher approved
[2026-06-28T22:44:34.012Z] [3349/5133] RVTR054004 — Ne-yo — One In A Million (Editor queued — awaiting distill)
[2026-06-28T22:44:34.645Z]   → published · 1s · editor complete · director complete · creative complete · publisher approved
[2026-06-28T22:44:34.673Z] [3350/5133] RVTR054400 — Ciara — Body Party (Editor queued — awaiting distill)
[2026-06-28T22:44:35.270Z]   → published · 1s · editor complete · director complete · creative complete · publisher approved
[2026-06-28T22:44:35.394Z] --- Progress after 3350 processed ---
[2026-06-28T22:44:35.394Z] Collector complete: 5217
Editor complete: 1316
Director complete: 1316
Creative Review complete: 328
Published: 84
Failed (this run): 3
Remaining (collector done, not published): 5133
[2026-06-28T22:44:35.394Z] [3351/5133] RVTR055842 — Junior Jack — Stupidisco (Editor queued — awaiting distill)
[2026-06-28T22:44:35.992Z]   → published · 1s · editor complete · director complete · creative complete · publisher approved
[2026-06-28T22:44:36.021Z] [3352/5133] RVTR056789 — Goldfrapp — Number 1 (Editor queued — awaiting distill)
[2026-06-28T22:44:36.663Z]   → published · 1s · editor complete · director complete · creative complete · publisher approved
[2026-06-28T22:44:36.692Z] [3353/5133] RVTR057419 — Daughtry — Home (Editor queued — awaiting distill)
[2026-06-28T22:44:37.333Z]   → published · 1s · editor complete · director complete · creative complete · publisher approved
[2026-06-28T22:44:37.367Z] [3354/5133] RVTR057910 — Remble Feat. B.a. — Audible (Editor queued — awaiting distill)
[2026-06-28T22:44:37.999Z]   → published · 1s · editor complete · director complete · creative complete · publisher approved
[2026-06-28T22:44:38.026Z] [3355/5133] RVTR058521 — Dio — Rainbow In The Dark (Editor queued — awaiting distill)
[2026-06-28T22:44:38.637Z]   → published · 1s · editor complete · director complete · creative complete · publisher approved
[2026-06-28T22:44:38.671Z] [3356/5133] RVTR058567 — Beyoncé — Halo (Editor queued — awaiting distill)
[2026-06-28T22:44:39.330Z]   → published · 1s · editor complete · director complete · creative complete · publisher approved
[2026-06-28T22:44:39.359Z] [3357/5133] RVTR058756 — G-eazy — Good Life (Editor queued — awaiting distill)
[2026-06-28T22:44:39.978Z]   → published · 1s · editor complete · director complete · creative complete · publisher approved
[2026-06-28T22:44:40.011Z] [3358/5133] RVTR059727 — Mary Lambert — Secrets (Editor queued — awaiting distill)
[2026-06-28T22:44:40.646Z]   → published · 1s · editor complete · director complete · creative complete · publisher approved
[2026-06-28T22:44:40.675Z] [3359/5133] RVTR059868 — Crazy Frog — Axel F (Editor queued — awaiting distill)
[2026-06-28T22:44:41.287Z]   → published · 1s · editor complete · director complete · creative complete · publisher approved
[2026-06-28T22:44:41.319Z] [3360/5133] RVTR060109 — Switchfoot — Awakening (Editor queued — awaiting distill)
[2026-06-28T22:44:41.934Z]   → published · 1s · editor complete · director complete · creative complete · publisher approved
[2026-06-28T22:44:41.963Z] [3361/5133] RVTR060226 — Icehouse — No Promises (Editor queued — awaiting distill)
[2026-06-28T22:44:42.598Z]   → published · 1s · editor complete · director complete · creative complete · publisher approved
[2026-06-28T22:44:42.630Z] [3362/5133] RVTR060797 — Usher — You Make Me Wanna (Editor queued — awaiting distill)
[2026-06-28T22:44:43.253Z]   → published · 1s · editor complete · director complete · creative complete · publisher approved
[2026-06-28T22:44:43.282Z] [3363/5133] RVTR061184 — Jennifer Lopez — Alive (Editor queued — awaiting distill)
[2026-06-28T22:44:43.927Z]   → published · 1s · editor complete · director complete · creative complete · publisher approved
[2026-06-28T22:44:43.955Z] [3364/5133] RVTR062984 — Alicia Keys — Superwoman (Editor queued — awaiting distill)
[2026-06-28T22:44:44.588Z]   → published · 1s · editor complete · director complete · creative complete · publisher approved
[2026-06-28T22:44:44.616Z] [3365/5133] RVTR063630 — Ben Dickey — Picture Cards (Editor queued — awaiting distill)
[2026-06-28T22:44:45.241Z]   → published · 1s · editor complete · director complete · creative complete · publisher approved
[2026-06-28T22:44:45.269Z] [3366/5133] RVTR063671 — Ll Cool J — Loungin (Editor queued — awaiting distill)
[2026-06-28T22:44:45.899Z]   → published · 1s · editor complete · director complete · creative complete · publisher approved
[2026-06-28T22:44:45.927Z] [3367/5133] RVTR063820 — P.o.d — Goodbye For Now (Editor queued — awaiting distill)
[2026-06-28T22:44:46.611Z]   → published · 1s · editor complete · director complete · creative complete · publisher approved
[2026-06-28T22:44:46.641Z] [3368/5133] RVTR065184 — Dokken — In My Dreams (Editor queued — awaiting distill)
[2026-06-28T22:44:47.278Z]   → published · 1s · editor complete · director complete · creative complete · publisher approved
[2026-06-28T22:44:47.306Z] [3369/5133] RVTR065590 — Europe — Superstitious (Editor queued — awaiting distill)
[2026-06-28T22:44:47.928Z]   → published · 1s · editor complete · director complete · creative complete · publisher approved
[2026-06-28T22:44:47.956Z] [3370/5133] RVTR067027 — Book Of Love — Boy (Editor queued — awaiting distill)
[2026-06-28T22:44:48.583Z]   → published · 1s · editor complete · director complete · creative complete · publisher approved
[2026-06-28T22:44:48.612Z] [3371/5133] RVTR067365 — Spice Girls — 2 Become 1 (Editor queued — awaiting distill)
[2026-06-28T22:44:49.230Z]   → published · 1s · editor complete · director complete · creative complete · publisher approved
[2026-06-28T22:44:49.259Z] [3372/5133] RVTR067741 — Ne-yo — Champagne Life (Editor queued — awaiting distill)
[2026-06-28T22:44:49.890Z]   → published · 1s · editor complete · director complete · creative complete · publisher approved
[2026-06-28T22:44:49.924Z] [3373/5133] RVTR068172 — Madonna — Who's That Girl (Editor queued — awaiting distill)
[2026-06-28T22:44:50.578Z]   → published · 1s · editor complete · director complete · creative complete · publisher approved
[2026-06-28T22:44:50.606Z] [3374/5133] RVTR068284 — Greg Khin — Breakup Song Aoustic (Editor queued — awaiting distill)
[2026-06-28T22:44:51.222Z]   → published · 1s · editor complete · director complete · creative complete · publisher approved
[2026-06-28T22:44:51.250Z] [3375/5133] RVTR068946 — Julia Michaels — Issues (Editor queued — awaiting distill)
[2026-06-28T22:44:51.863Z]   → published · 1s · editor complete · director complete · creative complete · publisher approved
[2026-06-28T22:44:51.891Z] [3376/5133] RVTR069519 — 702 — Where My Girls At (Editor queued — awaiting distill)
[2026-06-28T22:44:52.505Z]   → published · 1s · editor complete · director complete · creative complete · publisher approved
[2026-06-28T22:44:52.534Z] [3377/5133] RVTR069770 — Auli'i Cravalho — How Far I'Ll Go (Editor queued — awaiting distill)
[2026-06-28T22:44:53.151Z]   → published · 1s · editor complete · director complete · creative complete · publisher approved
[2026-06-28T22:44:53.181Z] [3378/5133] RVTR070027 — David Guetta — Hey Mama (Editor queued — awaiting distill)
[2026-06-28T22:44:53.796Z]   → published · 1s · editor complete · director complete · creative complete · publisher approved
[2026-06-28T22:44:53.824Z] [3379/5133] RVTR070074 — Melanie Fiona — It Kills Me (Editor queued — awaiting distill)
[2026-06-28T22:44:54.456Z]   → published · 1s · editor complete · director complete · creative complete · publisher approved
[2026-06-28T22:44:54.485Z] [3380/5133] RVTR070422 — Sade — King Of Sorrow (Editor queued — awaiting distill)
[2026-06-28T22:44:55.099Z]   → published · 1s · editor complete · director complete · creative complete · publisher approved
[2026-06-28T22:44:55.127Z] [3381/5133] RVTR072042 — Eddie Floyd — Knock On Wood (Editor queued — awaiting distill)
[2026-06-28T22:44:55.741Z]   → published · 1s · editor complete · director complete · creative complete · publisher approved
[2026-06-28T22:44:55.772Z] [3382/5133] RVTR072330 — The Script — Nothing (Editor queued — awaiting distill)
[2026-06-28T22:44:56.383Z]   → published · 1s · editor complete · director complete · creative complete · publisher approved
[2026-06-28T22:44:56.412Z] [3383/5133] RVTR072775 — B.o.b — Headband (Editor queued — awaiting distill)
[2026-06-28T22:44:57.038Z]   → published · 1s · editor complete · director complete · creative complete · publisher approved
[2026-06-28T22:44:57.066Z] [3384/5133] RVTR073430 — Onerepublic — Someday (Editor queued — awaiting distill)
[2026-06-28T22:44:57.696Z]   → published · 1s · editor complete · director complete · creative complete · publisher approved
[2026-06-28T22:44:57.725Z] [3385/5133] RVTR073870 — Awolnation — Sail (Editor queued — awaiting distill)
[2026-06-28T22:44:58.370Z]   → published · 1s · editor complete · director complete · creative complete · publisher approved
[2026-06-28T22:44:58.399Z] [3386/5133] RVTR074392 — Hinder — Without You (Editor queued — awaiting distill)
[2026-06-28T22:44:59.045Z]   → published · 1s · editor complete · director complete · creative complete · publisher approved
[2026-06-28T22:44:59.072Z] [3387/5133] RVTR074985 — Richard Marx — Angelia (Editor queued — awaiting distill)
[2026-06-28T22:44:59.700Z]   → published · 1s · editor complete · director complete · creative complete · publisher approved
[2026-06-28T22:44:59.727Z] [3388/5133] RVTR076369 — Cathy Dennis — Touch Me All Night Long (Editor queued — awaiting distill)
[2026-06-28T22:45:00.385Z]   → published · 1s · editor complete · director complete · creative complete · publisher approved
[2026-06-28T22:45:00.414Z] [3389/5133] RVTR076573 — The Beatles — I Feel Fine (Editor queued — awaiting distill)
[2026-06-28T22:45:01.044Z]   → published · 1s · editor complete · director complete · creative complete · publisher approved
[2026-06-28T22:45:01.072Z] [3390/5133] RVTR077480 — The Beatles — For You Blue (Editor queued — awaiting distill)
[2026-06-28T22:45:01.716Z]   → published · 1s · editor complete · director complete · creative complete · publisher approved
[2026-06-28T22:45:01.744Z] [3391/5133] RVTR077806 — Zayn — Pillowtalk (Editor queued — awaiting distill)
[2026-06-28T22:45:02.388Z]   → published · 1s · editor complete · director complete · creative complete · publisher approved
[2026-06-28T22:45:02.417Z] [3392/5133] RVTR078554 — Vixen — Cryin' (Editor queued — awaiting distill)
[2026-06-28T22:45:03.051Z]   → published · 1s · editor complete · director complete · creative complete · publisher approved
[2026-06-28T22:45:03.079Z] [3393/5133] RVTR078766 — Jon Bellion — All Time Low (Editor queued — awaiting distill)
[2026-06-28T22:45:03.706Z]   → published · 1s · editor complete · director complete · creative complete · publisher approved
[2026-06-28T22:45:03.734Z] [3394/5133] RVTR079303 — Taylor Swift — Sparks Fly (Editor queued — awaiting distill)
[2026-06-28T22:45:04.377Z]   → published · 1s · editor complete · director complete · creative complete · publisher approved
[2026-06-28T22:45:04.406Z] [3395/5133] RVTR080066 — Exposé — What You Don't Know (Editor queued — awaiting distill)
[2026-06-28T22:45:05.058Z]   → published · 1s · editor complete · director complete · creative complete · publisher approved
[2026-06-28T22:45:05.087Z] [3396/5133] RVTR081246 — Pitbull — Timber (Editor queued — awaiting distill)
[2026-06-28T22:45:05.753Z]   → published · 1s · editor complete · director complete · creative complete · publisher approved
[2026-06-28T22:45:05.782Z] [3397/5133] RVTR081662 — Gotthard — Sister Moon (Editor queued — awaiting distill)
[2026-06-28T22:45:06.402Z]   → published · 1s · editor complete · director complete · creative complete · publisher approved
[2026-06-28T22:45:06.430Z] [3398/5133] RVTR081752 — Florence + The Machine — Florence The Machine The Chain Glastonbury Festival 2010 (Editor queued — awaiting distill)
[2026-06-28T22:45:07.103Z]   → published · 1s · editor complete · director complete · creative complete · publisher approved
[2026-06-28T22:45:07.131Z] [3399/5133] RVTR082309 — Big Sean F./kanye West & Roscoe Dash — Marvin Gaye And Chardonnay (Editor queued — awaiting distill)
[2026-06-28T22:45:07.789Z]   → published · 1s · editor complete · director complete · creative complete · publisher approved
[2026-06-28T22:45:07.817Z] [3400/5133] RVTR082310 — Yung Joc — It's Goin' Down (Editor queued — awaiting distill)
[2026-06-28T22:45:08.489Z]   → published · 1s · editor complete · director complete · creative complete · publisher approved
[2026-06-28T22:45:08.574Z] --- Progress after 3400 processed ---
[2026-06-28T22:45:08.575Z] Collector complete: 5217
Editor complete: 1366
Director complete: 1366
Creative Review complete: 378
Published: 84
Failed (this run): 3
Remaining (collector done, not published): 5133
[2026-06-28T22:45:08.575Z] [3401/5133] RVTR083054 — Xx — Vcr (Editor queued — awaiting distill)
[2026-06-28T22:45:08.579Z]   FAILED · no_usable_visual
[2026-06-28T22:45:08.606Z] [3402/5133] RVTR083151 — Clay Walker — Napkin (Editor queued — awaiting distill)
[2026-06-28T22:45:09.225Z]   → published · 1s · editor complete · director complete · creative complete · publisher approved
[2026-06-28T22:45:09.253Z] [3403/5133] RVTR083209 — Beyoncé — Formation (Editor queued — awaiting distill)
[2026-06-28T22:45:09.888Z]   → published · 1s · editor complete · director complete · creative complete · publisher approved
[2026-06-28T22:45:09.916Z] [3404/5133] RVTR084771 — Josh Turner — Your Man (Editor queued — awaiting distill)
[2026-06-28T22:45:10.550Z]   → published · 1s · editor complete · director complete · creative complete · publisher approved
[2026-06-28T22:45:10.579Z] [3405/5133] RVTR084819 — Janis Ian — At Seventeen (Editor queued — awaiting distill)
[2026-06-28T22:45:11.212Z]   → published · 1s · editor complete · director complete · creative complete · publisher approved
[2026-06-28T22:45:11.239Z] [3406/5133] RVTR085417 — Flo Rida — Good Feeling (Editor queued — awaiting distill)
[2026-06-28T22:45:11.867Z]   → published · 1s · editor complete · director complete · creative complete · publisher approved
[2026-06-28T22:45:11.895Z] [3407/5133] RVTR086149 — Lady Gaga — You And I (Editor queued — awaiting distill)
[2026-06-28T22:45:12.522Z]   → published · 1s · editor complete · director complete · creative complete · publisher approved
[2026-06-28T22:45:12.550Z] [3408/5133] RVTR086428 — Enrique Iglesias — Bailando (Editor queued — awaiting distill)
[2026-06-28T22:45:13.187Z]   → published · 1s · editor complete · director complete · creative complete · publisher approved
[2026-06-28T22:45:13.217Z] [3409/5133] RVTR086849 — Sam Hunt — House Party (Editor queued — awaiting distill)
[2026-06-28T22:45:13.844Z]   → published · 1s · editor complete · director complete · creative complete · publisher approved
[2026-06-28T22:45:13.873Z] [3410/5133] RVTR086860 — Craig David — Fill Me In (Editor queued — awaiting distill)
[2026-06-28T22:45:14.506Z]   → published · 1s · editor complete · director complete · creative complete · publisher approved
[2026-06-28T22:45:14.535Z] [3411/5133] RVTR087364 — Rise Against — Give It All (Editor queued — awaiting distill)
[2026-06-28T22:45:15.187Z]   → published · 1s · editor complete · director complete · creative complete · publisher approved
[2026-06-28T22:45:15.215Z] [3412/5133] RVTR087696 — Angel City — Touch Me (Editor queued — awaiting distill)
[2026-06-28T22:45:15.855Z]   → published · 1s · editor complete · director complete · creative complete · publisher approved
[2026-06-28T22:45:15.884Z] [3413/5133] RVTR088183 — Shakira — Objection Tango (Editor queued — awaiting distill)
[2026-06-28T22:45:16.530Z]   → published · 1s · editor complete · director complete · creative complete · publisher approved
[2026-06-28T22:45:16.559Z] [3414/5133] RVTR090150 — Dei Hamo — We Gon Ride (Editor queued — awaiting distill)
[2026-06-28T22:45:17.228Z]   → published · 1s · editor complete · director complete · creative complete · publisher approved
[2026-06-28T22:45:17.256Z] [3415/5133] RVTR090325 — The Pharcyde — Drop (Editor queued — awaiting distill)
[2026-06-28T22:45:17.892Z]   → published · 1s · editor complete · director complete · creative complete · publisher approved
[2026-06-28T22:45:17.920Z] [3416/5133] RVTR090355 — Van Halen — Tattoo (Editor queued — awaiting distill)
[2026-06-28T22:45:18.620Z]   → published · 1s · editor complete · director complete · creative complete · publisher approved
[2026-06-28T22:45:18.648Z] [3417/5133] RVTR090397 — Bts — Miic Drop (Editor queued — awaiting distill)
[2026-06-28T22:45:19.286Z]   → published · 1s · editor complete · director complete · creative complete · publisher approved
[2026-06-28T22:45:19.314Z] [3418/5133] RVTR090483 — The Beatles — Nowhere Man (Editor queued — awaiting distill)
[2026-06-28T22:45:19.950Z]   → published · 1s · editor complete · director complete · creative complete · publisher approved
[2026-06-28T22:45:19.978Z] [3419/5133] RVTR090723 — Sugarland — Baby Girl (Editor queued — awaiting distill)
[2026-06-28T22:45:20.611Z]   → published · 1s · editor complete · director complete · creative complete · publisher approved
[2026-06-28T22:45:20.640Z] [3420/5133] RVTR091389 — Loudness — Crazy Nights (Editor queued — awaiting distill)
[2026-06-28T22:45:21.275Z]   → published · 1s · editor complete · director complete · creative complete · publisher approved
[2026-06-28T22:45:21.303Z] [3421/5133] RVTR091408 — Brad Paisley — River Bank (Editor queued — awaiting distill)
[2026-06-28T22:45:21.946Z]   → published · 1s · editor complete · director complete · creative complete · publisher approved
[2026-06-28T22:45:21.975Z] [3422/5133] RVTR091441 — Ke$ha — Take It Off (Editor queued — awaiting distill)
[2026-06-28T22:45:22.653Z]   → published · 1s · editor complete · director complete · creative complete · publisher approved
[2026-06-28T22:45:22.683Z] [3423/5133] RVTR091538 — Janet Jackson — Go Deep (Editor queued — awaiting distill)
[2026-06-28T22:45:23.342Z]   → published · 1s · editor complete · director complete · creative complete · publisher approved
[2026-06-28T22:45:23.371Z] [3424/5133] RVTR093040 — Seal — Fly Like An Eagle From Space Jam (Editor queued — awaiting distill)
[2026-06-28T22:45:24.049Z]   → published · 1s · editor complete · director complete · creative complete · publisher approved
[2026-06-28T22:45:24.078Z] [3425/5133] RVTR093383 — Foreigner — Head Games (Editor queued — awaiting distill)
[2026-06-28T22:45:24.770Z]   → published · 1s · editor complete · director complete · creative complete · publisher approved
[2026-06-28T22:45:24.822Z] [3426/5133] RVTR093762 — Cat Clyde — Like A Wave (Editor queued — awaiting distill)
[2026-06-28T22:45:25.486Z]   → published · 1s · editor complete · director complete · creative complete · publisher approved
[2026-06-28T22:45:25.514Z] [3427/5133] RVTR093883 — Ultravox — Hymn (Editor queued — awaiting distill)
[2026-06-28T22:45:26.188Z]   → published · 1s · editor complete · director complete · creative complete · publisher approved
[2026-06-28T22:45:26.217Z] [3428/5133] RVTR093927 — Sugar Ray — Every Morning (Editor queued — awaiting distill)
[2026-06-28T22:45:26.909Z]   → published · 1s · editor complete · director complete · creative complete · publisher approved
[2026-06-28T22:45:26.937Z] [3429/5133] RVTR094535 — Pebbles — Mercedes Boy (Editor queued — awaiting distill)
[2026-06-28T22:45:27.617Z]   → published · 1s · editor complete · director complete · creative complete · publisher approved
[2026-06-28T22:45:27.645Z] [3430/5133] RVTR094707 — Willie Jones — Lil Vibe (Editor queued — awaiting distill)
[2026-06-28T22:45:28.308Z]   → published · 1s · editor complete · director complete · creative complete · publisher approved
[2026-06-28T22:45:28.337Z] [3431/5133] RVTR095065 — T-pain — Reverse Cowgirl (Editor queued — awaiting distill)
[2026-06-28T22:45:28.990Z]   → published · 1s · editor complete · director complete · creative complete · publisher approved
[2026-06-28T22:45:29.020Z] [3432/5133] RVTR095301 — Britney Spears — Boys (Editor queued — awaiting distill)
[2026-06-28T22:45:29.681Z]   → published · 1s · editor complete · director complete · creative complete · publisher approved
[2026-06-28T22:45:29.710Z] [3433/5133] RVTR095546 — Lionel Ritchie — Hello (Editor queued — awaiting distill)
[2026-06-28T22:45:30.369Z]   → published · 1s · editor complete · director complete · creative complete · publisher approved
[2026-06-28T22:45:30.399Z] [3434/5133] RVTR095672 — Studio B — I See Girls (Editor queued — awaiting distill)
[2026-06-28T22:45:31.097Z]   → published · 1s · editor complete · director complete · creative complete · publisher approved
[2026-06-28T22:45:31.126Z] [3435/5133] RVTR095851 — Martin Garrix — Animals (Editor queued — awaiting distill)
[2026-06-28T22:45:31.803Z]   → published · 1s · editor complete · director complete · creative complete · publisher approved
[2026-06-28T22:45:31.833Z] [3436/5133] RVTR095966 — Shawn Mendes — Mercy (Editor queued — awaiting distill)
[2026-06-28T22:45:32.534Z]   → published · 1s · editor complete · director complete · creative complete · publisher approved
[2026-06-28T22:45:32.563Z] [3437/5133] RVTR096085 — Katy Perry — Teenage Dream (Editor queued — awaiting distill)
[2026-06-28T22:45:33.249Z]   → published · 1s · editor complete · director complete · creative complete · publisher approved
[2026-06-28T22:45:33.278Z] [3438/5133] RVTR096206 — Agnes — Release Me (Editor queued — awaiting distill)
[2026-06-28T22:45:33.978Z]   → published · 1s · editor complete · director complete · creative complete · publisher approved
[2026-06-28T22:45:34.006Z] [3439/5133] RVTR096302 — Pat Benatar — Anxiety (Editor queued — awaiting distill)
[2026-06-28T22:45:34.714Z]   → published · 1s · editor complete · director complete · creative complete · publisher approved
[2026-06-28T22:45:34.743Z] [3440/5133] RVTR097173 — Pink Floyd — Pulse Concert (Editor queued — awaiting distill)
[2026-06-28T22:45:35.410Z]   → published · 1s · editor complete · director complete · creative complete · publisher approved
[2026-06-28T22:45:35.438Z] [3441/5133] RVTR097204 — Turnpike Troubadours — 7 7 (Editor queued — awaiting distill)
[2026-06-28T22:45:36.100Z]   → published · 1s · editor complete · director complete · creative complete · publisher approved
[2026-06-28T22:45:36.129Z] [3442/5133] RVTR097307 — Don Diablo — Easy Lover (Editor queued — awaiting distill)
[2026-06-28T22:45:36.777Z]   → published · 1s · editor complete · director complete · creative complete · publisher approved
[2026-06-28T22:45:36.805Z] [3443/5133] RVTR097473 — Weezer — If You'Re Wondering If I Want You To I Want You To (Editor queued — awaiting distill)
[2026-06-28T22:45:37.455Z]   → published · 1s · editor complete · director complete · creative complete · publisher approved
[2026-06-28T22:45:37.483Z] [3444/5133] RVTR097514 — Chris Brown — She Ain't You (Editor queued — awaiting distill)
[2026-06-28T22:45:38.134Z]   → published · 1s · editor complete · director complete · creative complete · publisher approved
[2026-06-28T22:45:38.163Z] [3445/5133] RVTR097923 — Aaliyah — Back Forth (Editor queued — awaiting distill)
[2026-06-28T22:45:38.833Z]   → published · 1s · editor complete · director complete · creative complete · publisher approved
[2026-06-28T22:45:38.862Z] [3446/5133] RVTR098455 — Willie Nelson & Paula Nelson — Have You Ever Seen The Rain (Editor queued — awaiting distill)
[2026-06-28T22:45:39.520Z]   → published · 1s · editor complete · director complete · creative complete · publisher approved
[2026-06-28T22:45:39.549Z] [3447/5133] RVTR098582 — John Denver — Annie's Song (Editor queued — awaiting distill)
[2026-06-28T22:45:40.221Z]   → published · 1s · editor complete · director complete · creative complete · publisher approved
[2026-06-28T22:45:40.249Z] [3448/5133] RVTR098782 — Radiohead — Karma Police (Editor queued — awaiting distill)
[2026-06-28T22:45:41.017Z]   → published · 1s · editor complete · director complete · creative complete · publisher approved
[2026-06-28T22:45:41.046Z] [3449/5133] RVTR098929 — Lady Gaga — Eh Eh (Editor queued — awaiting distill)
[2026-06-28T22:45:41.793Z]   → published · 1s · editor complete · director complete · creative complete · publisher approved
[2026-06-28T22:45:41.823Z] [3450/5133] RVTR100080 — La Bouche — Sweet Dreams (Editor queued — awaiting distill)
[2026-06-28T22:45:42.780Z]   → published · 1s · editor complete · director complete · creative complete · publisher approved
[2026-06-28T22:45:42.868Z] --- Progress after 3450 processed ---
[2026-06-28T22:45:42.868Z] Collector complete: 5217
Editor complete: 1416
Director complete: 1415
Creative Review complete: 427
Published: 84
Failed (this run): 4
Remaining (collector done, not published): 5133
[2026-06-28T22:45:42.868Z] [3451/5133] RVTR102260 — Sheila E — A Love Bizarre (Editor queued — awaiting distill)
[2026-06-28T22:45:43.536Z]   → published · 1s · editor complete · director complete · creative complete · publisher approved
[2026-06-28T22:45:43.566Z] [3452/5133] RVTR102559 — King — Alone Without You (Editor queued — awaiting distill)
[2026-06-28T22:45:44.266Z]   → published · 1s · editor complete · director complete · creative complete · publisher approved
[2026-06-28T22:45:44.297Z] [3453/5133] RVTR103063 — Beyonce F./j. Cole — Party (Editor queued — awaiting distill)
[2026-06-28T22:45:44.952Z]   → published · 1s · editor complete · director complete · creative complete · publisher approved
[2026-06-28T22:45:44.981Z] [3454/5133] RVTR103181 — Black Box — Ride On Time (Editor queued — awaiting distill)
[2026-06-28T22:45:45.636Z]   → published · 1s · editor complete · director complete · creative complete · publisher approved
[2026-06-28T22:45:45.664Z] [3455/5133] RVTR103373 — The Call — I Don T Wanna (Editor queued — awaiting distill)
[2026-06-28T22:45:46.314Z]   → published · 1s · editor complete · director complete · creative complete · publisher approved
[2026-06-28T22:45:46.343Z] [3456/5133] RVTR103854 — Alicia Keys — Fallin' (Editor queued — awaiting distill)
[2026-06-28T22:45:47.028Z]   → published · 1s · editor complete · director complete · creative complete · publisher approved
[2026-06-28T22:45:47.057Z] [3457/5133] RVTR104244 — 98 Degrees — Because Of You (Editor queued — awaiting distill)
[2026-06-28T22:45:47.719Z]   → published · 1s · editor complete · director complete · creative complete · publisher approved
[2026-06-28T22:45:47.747Z] [3458/5133] RVTR104736 — Bush — Everything Zen (Editor queued — awaiting distill)
[2026-06-28T22:45:48.406Z]   → published · 1s · editor complete · director complete · creative complete · publisher approved
[2026-06-28T22:45:48.435Z] [3459/5133] RVTR104973 — Aerosmith — What It Takes (Editor queued — awaiting distill)
[2026-06-28T22:45:49.094Z]   → published · 1s · editor complete · director complete · creative complete · publisher approved
[2026-06-28T22:45:49.123Z] [3460/5133] RVTR105372 — Nate Smith — World On Fire (Editor queued — awaiting distill)
[2026-06-28T22:45:49.789Z]   → published · 1s · editor complete · director complete · creative complete · publisher approved
[2026-06-28T22:45:49.818Z] [3461/5133] RVTR105382 — M People — Movin' On Up (Editor queued — awaiting distill)
[2026-06-28T22:45:50.511Z]   → published · 1s · editor complete · director complete · creative complete · publisher approved
[2026-06-28T22:45:50.540Z] [3462/5133] RVTR105441 — Pitbull — Wild Wild Love (Editor queued — awaiting distill)
[2026-06-28T22:45:51.234Z]   → published · 1s · editor complete · director complete · creative complete · publisher approved
[2026-06-28T22:45:51.263Z] [3463/5133] RVTR105786 — Small Faces — Sha La La La (Editor queued — awaiting distill)
[2026-06-28T22:45:51.951Z]   → published · 1s · editor complete · director complete · creative complete · publisher approved
[2026-06-28T22:45:51.980Z] [3464/5133] RVTR105852 — Guy — Spend The Night (Editor queued — awaiting distill)
[2026-06-28T22:45:52.641Z]   → published · 1s · editor complete · director complete · creative complete · publisher approved
[2026-06-28T22:45:52.670Z] [3465/5133] RVTR106871 — Rae Sremmurd — No Type (Editor queued — awaiting distill)
[2026-06-28T22:45:53.334Z]   → published · 1s · editor complete · director complete · creative complete · publisher approved
[2026-06-28T22:45:53.363Z] [3466/5133] RVTR107132 — Joe Tex — The Love You Save May Be Your Own (Editor queued — awaiting distill)
[2026-06-28T22:45:54.029Z]   → published · 1s · editor complete · director complete · creative complete · publisher approved
[2026-06-28T22:45:54.058Z] [3467/5133] RVTR108147 — Jason Derulo — It Girl (Editor queued — awaiting distill)
[2026-06-28T22:45:54.746Z]   → published · 1s · editor complete · director complete · creative complete · publisher approved
[2026-06-28T22:45:54.775Z] [3468/5133] RVTR108370 — Ariana Grande — Into You (Editor queued — awaiting distill)
[2026-06-28T22:45:55.473Z]   → published · 1s · editor complete · director complete · creative complete · publisher approved
[2026-06-28T22:45:55.502Z] [3469/5133] RVTR108485 — Joan Jett — Little Liar (Editor queued — awaiting distill)
[2026-06-28T22:45:56.163Z]   → published · 1s · editor complete · director complete · creative complete · publisher approved
[2026-06-28T22:45:56.192Z] [3470/5133] RVTR111112 — Squeeze — Hourglass (Editor queued — awaiting distill)
[2026-06-28T22:45:56.856Z]   → published · 1s · editor complete · director complete · creative complete · publisher approved
[2026-06-28T22:45:56.886Z] [3471/5133] RVTR111593 — Trey Songz — Love Faces (Editor queued — awaiting distill)
[2026-06-28T22:45:57.558Z]   → published · 1s · editor complete · director complete · creative complete · publisher approved
[2026-06-28T22:45:57.587Z] [3472/5133] RVTR111616 — Katy Perry — Swish Swish (Editor queued — awaiting distill)
[2026-06-28T22:45:58.311Z]   → published · 1s · editor complete · director complete · creative complete · publisher approved
[2026-06-28T22:45:58.342Z] [3473/5133] RVTR111857 — Flo Rida — G D F R (Editor queued — awaiting distill)
[2026-06-28T22:45:59.018Z]   → published · 1s · editor complete · director complete · creative complete · publisher approved
[2026-06-28T22:45:59.047Z] [3474/5133] RVTR112840 — Safri Duo — Samb Adagio (Editor queued — awaiting distill)
[2026-06-28T22:45:59.715Z]   → published · 1s · editor complete · director complete · creative complete · publisher approved
[2026-06-28T22:45:59.743Z] [3475/5133] RVTR112925 — Halsey — Control (Editor queued — awaiting distill)
[2026-06-28T22:46:00.412Z]   → published · 1s · editor complete · director complete · creative complete · publisher approved
[2026-06-28T22:46:00.441Z] [3476/5133] RVTR113044 — Foo Fighters — Rope (Editor queued — awaiting distill)
[2026-06-28T22:46:01.111Z]   → published · 1s · editor complete · director complete · creative complete · publisher approved
[2026-06-28T22:46:01.139Z] [3477/5133] RVTR113666 — Flo Rida — My House (Editor queued — awaiting distill)
[2026-06-28T22:46:01.805Z]   → published · 1s · editor complete · director complete · creative complete · publisher approved
[2026-06-28T22:46:01.833Z] [3478/5133] RVTR113744 — Red — Breathe Into Me (Editor queued — awaiting distill)
[2026-06-28T22:46:02.500Z]   → published · 1s · editor complete · director complete · creative complete · publisher approved
[2026-06-28T22:46:02.529Z] [3479/5133] RVTR113895 — Trace Adkins — Then They Do (Editor queued — awaiting distill)
[2026-06-28T22:46:03.207Z]   → published · 1s · editor complete · director complete · creative complete · publisher approved
[2026-06-28T22:46:03.235Z] [3480/5133] RVTR114549 — Beyonce — Diva (Editor queued — awaiting distill)
[2026-06-28T22:46:03.913Z]   → published · 1s · editor complete · director complete · creative complete · publisher approved
[2026-06-28T22:46:03.942Z] [3481/5133] RVTR115788 — Ween — Freedom Of '76 (Editor queued — awaiting distill)
[2026-06-28T22:46:04.615Z]   → published · 1s · editor complete · director complete · creative complete · publisher approved
[2026-06-28T22:46:04.643Z] [3482/5133] RVTR116249 — Samantha Sang — Emotion (Editor queued — awaiting distill)
[2026-06-28T22:46:05.321Z]   → published · 1s · editor complete · director complete · creative complete · publisher approved
[2026-06-28T22:46:05.350Z] [3483/5133] RVTR118072 — Georgie Fame — Get Away (Editor queued — awaiting distill)
[2026-06-28T22:46:06.034Z]   → published · 1s · editor complete · director complete · creative complete · publisher approved
[2026-06-28T22:46:06.063Z] [3484/5133] RVTR118876 — Limp Bizkit — My Way (Editor queued — awaiting distill)
[2026-06-28T22:46:06.768Z]   → published · 1s · editor complete · director complete · creative complete · publisher approved
[2026-06-28T22:46:06.797Z] [3485/5133] RVTR118957 — Lynyrd Skynyrd — Gimme Three Steps (Editor queued — awaiting distill)
[2026-06-28T22:46:07.474Z]   → published · 1s · editor complete · director complete · creative complete · publisher approved
[2026-06-28T22:46:07.502Z] [3486/5133] RVTR120121 — John Mayer — Free Fallin' (Editor queued — awaiting distill)
[2026-06-28T22:46:08.181Z]   → published · 1s · editor complete · director complete · creative complete · publisher approved
[2026-06-28T22:46:08.211Z] [3487/5133] RVTR120327 — Maroon 5 — Don't Wanna Know (Editor queued — awaiting distill)
[2026-06-28T22:46:08.939Z]   → published · 1s · editor complete · director complete · creative complete · publisher approved
[2026-06-28T22:46:08.968Z] [3488/5133] RVTR120923 — Jonn Hart — Who Booty (Editor queued — awaiting distill)
[2026-06-28T22:46:09.651Z]   → published · 1s · editor complete · director complete · creative complete · publisher approved
[2026-06-28T22:46:09.680Z] [3489/5133] RVTR121019 — R.e.m — Radio Free Europe (Editor queued — awaiting distill)
[2026-06-28T22:46:10.375Z]   → published · 1s · editor complete · director complete · creative complete · publisher approved
[2026-06-28T22:46:10.409Z] [3490/5133] RVTR121375 — The Other Ones — Holiday (Editor queued — awaiting distill)
[2026-06-28T22:46:11.110Z]   → published · 1s · editor complete · director complete · creative complete · publisher approved
[2026-06-28T22:46:11.142Z] [3491/5133] RVTR121636 — Bread — Make It With You (Editor queued — awaiting distill)
[2026-06-28T22:46:11.836Z]   → published · 1s · editor complete · director complete · creative complete · publisher approved
[2026-06-28T22:46:11.869Z] [3492/5133] RVTR122291 — Cher — Dove L'Amore (Editor queued — awaiting distill)
[2026-06-28T22:46:12.553Z]   → published · 1s · editor complete · director complete · creative complete · publisher approved
[2026-06-28T22:46:12.585Z] [3493/5133] RVTR123079 — Metro Station — Kelsey (Editor queued — awaiting distill)
[2026-06-28T22:46:13.281Z]   → published · 1s · editor complete · director complete · creative complete · publisher approved
[2026-06-28T22:46:13.315Z] [3494/5133] RVTR123702 — Halsey — Without Me (Editor queued — awaiting distill)
[2026-06-28T22:46:14.026Z]   → published · 1s · editor complete · director complete · creative complete · publisher approved
[2026-06-28T22:46:14.062Z] [3495/5133] RVTR124228 — Run Dmc — Sucker Mc's (Editor queued — awaiting distill)
[2026-06-28T22:46:14.753Z]   → published · 1s · editor complete · director complete · creative complete · publisher approved
[2026-06-28T22:46:14.785Z] [3496/5133] RVTR125063 — Chase Rice — Ready Set Roll (Editor queued — awaiting distill)
[2026-06-28T22:46:15.466Z]   → published · 1s · editor complete · director complete · creative complete · publisher approved
[2026-06-28T22:46:15.499Z] [3497/5133] RVTR126241 — Pink Floyd — Time (Editor queued — awaiting distill)
[2026-06-28T22:46:16.179Z]   → published · 1s · editor complete · director complete · creative complete · publisher approved
[2026-06-28T22:46:16.211Z] [3498/5133] RVTR126671 — Madonna — Deeper And Deeper (Editor queued — awaiting distill)
[2026-06-28T22:46:16.893Z]   → published · 1s · editor complete · director complete · creative complete · publisher approved
[2026-06-28T22:46:16.926Z] [3499/5133] RVTR127731 — John Lennon — Mind Games (Editor queued — awaiting distill)
[2026-06-28T22:46:17.612Z]   → published · 1s · editor complete · director complete · creative complete · publisher approved
[2026-06-28T22:46:17.645Z] [3500/5133] RVTR127768 — Black — Wonderful Life (Editor queued — awaiting distill)
[2026-06-28T22:46:18.343Z]   → published · 1s · editor complete · director complete · creative complete · publisher approved
[2026-06-28T22:46:18.431Z] --- Progress after 3500 processed ---
[2026-06-28T22:46:18.431Z] Collector complete: 5217
Editor complete: 1466
Director complete: 1465
Creative Review complete: 477
Published: 84
Failed (this run): 4
Remaining (collector done, not published): 5133
[2026-06-28T22:46:18.431Z] [3501/5133] RVTR128243 — Jesse Mccartney — Leavin' (Editor queued — awaiting distill)
[2026-06-28T22:46:19.177Z]   → published · 1s · editor complete · director complete · creative complete · publisher approved
[2026-06-28T22:46:19.205Z] [3502/5133] RVTR128655 — Brett Young — Lady (Editor queued — awaiting distill)
[2026-06-28T22:46:19.882Z]   → published · 1s · editor complete · director complete · creative complete · publisher approved
[2026-06-28T22:46:19.911Z] [3503/5133] RVTR129414 — Rob Thomas — Someday (Editor queued — awaiting distill)
[2026-06-28T22:46:20.596Z]   → published · 1s · editor complete · director complete · creative complete · publisher approved
[2026-06-28T22:46:20.624Z] [3504/5133] RVTR129691 — Fiona Apple — Shadowboxer (Editor queued — awaiting distill)
[2026-06-28T22:46:21.305Z]   → published · 1s · editor complete · director complete · creative complete · publisher approved
[2026-06-28T22:46:21.334Z] [3505/5133] RVTR129818 — Hall And Oates — One On One (Editor queued — awaiting distill)
[2026-06-28T22:46:22.048Z]   → published · 1s · editor complete · director complete · creative complete · publisher approved
[2026-06-28T22:46:22.079Z] [3506/5133] RVTR129966 — Genesis — Ripples (Editor queued — awaiting distill)
[2026-06-28T22:46:22.796Z]   → published · 1s · editor complete · director complete · creative complete · publisher approved
[2026-06-28T22:46:22.826Z] [3507/5133] RVTR130218 — Heart — Stairway To Heaven (Editor queued — awaiting distill)
[2026-06-28T22:46:23.553Z]   → published · 1s · editor complete · director complete · creative complete · publisher approved
[2026-06-28T22:46:23.583Z] [3508/5133] RVTR130568 — Usher — Hey Daddy Daddy's Home (Editor queued — awaiting distill)
[2026-06-28T22:46:24.317Z]   → published · 1s · editor complete · director complete · creative complete · publisher approved
[2026-06-28T22:46:24.345Z] [3509/5133] RVTR130887 — Jennifer Lopez — Play (Editor queued — awaiting distill)
[2026-06-28T22:46:25.038Z]   → published · 1s · editor complete · director complete · creative complete · publisher approved
[2026-06-28T22:46:25.068Z] [3510/5133] RVTR131184 — Ted Nugent — Wango Tango (Editor queued — awaiting distill)
[2026-06-28T22:46:25.765Z]   → published · 1s · editor complete · director complete · creative complete · publisher approved
[2026-06-28T22:46:25.794Z] [3511/5133] RVTR132286 — Oar — About Mr Brown (Editor queued — awaiting distill)
[2026-06-28T22:46:26.486Z]   → published · 1s · editor complete · director complete · creative complete · publisher approved
[2026-06-28T22:46:26.516Z] [3512/5133] RVTR132321 — Pitbull — Get Ready (Editor queued — awaiting distill)
[2026-06-28T22:46:27.218Z]   → published · 1s · editor complete · director complete · creative complete · publisher approved
[2026-06-28T22:46:27.247Z] [3513/5133] RVTR132652 — Wiz Khalifa — Roll Up (Editor queued — awaiting distill)
[2026-06-28T22:46:27.942Z]   → published · 1s · editor complete · director complete · creative complete · publisher approved
[2026-06-28T22:46:27.971Z] [3514/5133] RVTR133233 — Nazareth — Miss Misery (Editor queued — awaiting distill)
[2026-06-28T22:46:28.666Z]   → published · 1s · editor complete · director complete · creative complete · publisher approved
[2026-06-28T22:46:28.694Z] [3515/5133] RVTR133450 — Akon — I'm So Paid (Editor queued — awaiting distill)
[2026-06-28T22:46:29.378Z]   → published · 1s · editor complete · director complete · creative complete · publisher approved
[2026-06-28T22:46:29.407Z] [3516/5133] RVTR133983 — Olivia Rodrigo — Deja Vu (Editor queued — awaiting distill)
[2026-06-28T22:46:30.102Z]   → published · 1s · editor complete · director complete · creative complete · publisher approved
[2026-06-28T22:46:30.132Z] [3517/5133] RVTR134062 — Iggy Pop — Real Wild Child (Editor queued — awaiting distill)
[2026-06-28T22:46:30.859Z]   → published · 1s · editor complete · director complete · creative complete · publisher approved
[2026-06-28T22:46:30.888Z] [3518/5133] RVTR135205 — J Lo — Ain't That Funny (Editor queued — awaiting distill)
[2026-06-28T22:46:31.581Z]   → published · 1s · editor complete · director complete · creative complete · publisher approved
[2026-06-28T22:46:31.610Z] [3519/5133] RVTR135631 — Lenny Kravitz — Lady (Editor queued — awaiting distill)
[2026-06-28T22:46:32.296Z]   → published · 1s · editor complete · director complete · creative complete · publisher approved
[2026-06-28T22:46:32.325Z] [3520/5133] RVTR136019 — Paula Deanda — Walk Away Remember Me (Editor queued — awaiting distill)
[2026-06-28T22:46:33.013Z]   → published · 1s · editor complete · director complete · creative complete · publisher approved
[2026-06-28T22:46:33.042Z] [3521/5133] RVTR136057 — The Weeknd — The Hills (Editor queued — awaiting distill)
[2026-06-28T22:46:33.737Z]   → published · 1s · editor complete · director complete · creative complete · publisher approved
[2026-06-28T22:46:33.767Z] [3522/5133] RVTR136631 — Van Halen — Dreams (Editor queued — awaiting distill)
[2026-06-28T22:46:34.490Z]   → published · 1s · editor complete · director complete · creative complete · publisher approved
[2026-06-28T22:46:34.519Z] [3523/5133] RVTR137562 — Kiss — Calling Doctor Love (Editor queued — awaiting distill)
[2026-06-28T22:46:35.208Z]   → published · 1s · editor complete · director complete · creative complete · publisher approved
[2026-06-28T22:46:35.237Z] [3524/5133] RVTR138368 — Clara Morgane — Sexy Girl (Editor queued — awaiting distill)
[2026-06-28T22:46:35.935Z]   → published · 1s · editor complete · director complete · creative complete · publisher approved
[2026-06-28T22:46:35.964Z] [3525/5133] RVTR139205 — Billy Joel — Big Shot (Editor queued — awaiting distill)
[2026-06-28T22:46:36.663Z]   → published · 1s · editor complete · director complete · creative complete · publisher approved
[2026-06-28T22:46:36.692Z] [3526/5133] RVTR139537 — Ween — Even If You Don't (Editor queued — awaiting distill)
[2026-06-28T22:46:37.386Z]   → published · 1s · editor complete · director complete · creative complete · publisher approved
[2026-06-28T22:46:37.416Z] [3527/5133] RVTR140071 — Merle Haggard — Big City (Editor queued — awaiting distill)
[2026-06-28T22:46:38.134Z]   → published · 1s · editor complete · director complete · creative complete · publisher approved
[2026-06-28T22:46:38.163Z] [3528/5133] RVTR143075 — Ace Hood — Hustle Hard (Editor queued — awaiting distill)
[2026-06-28T22:46:38.866Z]   → published · 1s · editor complete · director complete · creative complete · publisher approved
[2026-06-28T22:46:38.896Z] [3529/5133] RVTR143094 — Peter Allen — I Go To Rio (Editor queued — awaiting distill)
[2026-06-28T22:46:39.597Z]   → published · 1s · editor complete · director complete · creative complete · publisher approved
[2026-06-28T22:46:39.626Z] [3530/5133] RVTR144482 — Inxs — Don't Change (Editor queued — awaiting distill)
[2026-06-28T22:46:40.331Z]   → published · 1s · editor complete · director complete · creative complete · publisher approved
[2026-06-28T22:46:40.360Z] [3531/5133] RVTR144560 — Cream — Nsu (Editor queued — awaiting distill)
[2026-06-28T22:46:41.074Z]   → published · 1s · editor complete · director complete · creative complete · publisher approved
[2026-06-28T22:46:41.104Z] [3532/5133] RVTR145177 — Afi — Love Like Winter (Editor queued — awaiting distill)
[2026-06-28T22:46:41.802Z]   → published · 1s · editor complete · director complete · creative complete · publisher approved
[2026-06-28T22:46:41.832Z] [3533/5133] RVTR145316 — Heart — City's Burning (Editor queued — awaiting distill)
[2026-06-28T22:46:42.563Z]   → published · 1s · editor complete · director complete · creative complete · publisher approved
[2026-06-28T22:46:42.593Z] [3534/5133] RVTR145466 — Enrique Iglesias — Hero (Editor queued — awaiting distill)
[2026-06-28T22:46:43.332Z]   → published · 1s · editor complete · director complete · creative complete · publisher approved
[2026-06-28T22:46:43.366Z] [3535/5133] RVTR145995 — Jennifer Paige — Crush (Editor queued — awaiting distill)
[2026-06-28T22:46:44.079Z]   → published · 1s · editor complete · director complete · creative complete · publisher approved
[2026-06-28T22:46:44.110Z] [3536/5133] RVTR146055 — Jet — Cold Hard Bitch (Editor queued — awaiting distill)
[2026-06-28T22:46:44.815Z]   → published · 1s · editor complete · director complete · creative complete · publisher approved
[2026-06-28T22:46:44.844Z] [3537/5133] RVTR147877 — The Animals — Don't Let Me Be Misunderstood (Editor queued — awaiting distill)
[2026-06-28T22:46:45.544Z]   → published · 1s · editor complete · director complete · creative complete · publisher approved
[2026-06-28T22:46:45.575Z] [3538/5133] RVTR148514 — George Michael, Aretha Franklin — I Knew You Were Waiting For Me (Editor queued — awaiting distill)
[2026-06-28T22:46:46.310Z]   → published · 1s · editor complete · director complete · creative complete · publisher approved
[2026-06-28T22:46:46.339Z] [3539/5133] RVTR148989 — Rihanna — Rude Boy (Editor queued — awaiting distill)
[2026-06-28T22:46:47.041Z]   → published · 1s · editor complete · director complete · creative complete · publisher approved
[2026-06-28T22:46:47.070Z] [3540/5133] RVTR149505 — Limp Bizkit — Nookie (Editor queued — awaiting distill)
[2026-06-28T22:46:47.771Z]   → published · 1s · editor complete · director complete · creative complete · publisher approved
[2026-06-28T22:46:47.799Z] [3541/5133] RVTR149909 — Judas Priest — United (Editor queued — awaiting distill)
[2026-06-28T22:46:48.511Z]   → published · 1s · editor complete · director complete · creative complete · publisher approved
[2026-06-28T22:46:48.540Z] [3542/5133] RVTR150094 — Fkw — Seize The Day (Editor queued — awaiting distill)
[2026-06-28T22:46:49.256Z]   → published · 1s · editor complete · director complete · creative complete · publisher approved
[2026-06-28T22:46:49.285Z] [3543/5133] RVTR150235 — Rockabilly — I'm So Tired (Editor queued — awaiting distill)
[2026-06-28T22:46:49.989Z]   → published · 1s · editor complete · director complete · creative complete · publisher approved
[2026-06-28T22:46:50.019Z] [3544/5133] RVTR150404 — Michael Bublé — Hollywood (Editor queued — awaiting distill)
[2026-06-28T22:46:50.739Z]   → published · 1s · editor complete · director complete · creative complete · publisher approved
[2026-06-28T22:46:50.768Z] [3545/5133] RVTR150810 — Britney Spears — Radar (Editor queued — awaiting distill)
[2026-06-28T22:46:51.475Z]   → published · 1s · editor complete · director complete · creative complete · publisher approved
[2026-06-28T22:46:51.505Z] [3546/5133] RVTR150953 — Daisy Gray — Wicked Game (Editor queued — awaiting distill)
[2026-06-28T22:46:52.214Z]   → published · 1s · editor complete · director complete · creative complete · publisher approved
[2026-06-28T22:46:52.243Z] [3547/5133] RVTR151271 — Muse — Dig Down (Editor queued — awaiting distill)
[2026-06-28T22:46:52.950Z]   → published · 1s · editor complete · director complete · creative complete · publisher approved
[2026-06-28T22:46:52.979Z] [3548/5133] RVTR151504 — Akon — Don't Matter (Editor queued — awaiting distill)
[2026-06-28T22:46:53.701Z]   → published · 1s · editor complete · director complete · creative complete · publisher approved
[2026-06-28T22:46:53.730Z] [3549/5133] RVTR151573 — Sarah Vaughan — Misty 1964 (Editor queued — awaiting distill)
[2026-06-28T22:46:54.445Z]   → published · 1s · editor complete · director complete · creative complete · publisher approved
[2026-06-28T22:46:54.474Z] [3550/5133] RVTR151888 — Are There Any More Real Cowboys — Willie Nelson Neil Young (Editor queued — awaiting distill)
[2026-06-28T22:46:55.190Z]   → published · 1s · editor complete · director complete · creative complete · publisher approved
[2026-06-28T22:46:55.271Z] --- Progress after 3550 processed ---
[2026-06-28T22:46:55.271Z] Collector complete: 5217
Editor complete: 1516
Director complete: 1515
Creative Review complete: 527
Published: 84
Failed (this run): 4
Remaining (collector done, not published): 5133
[2026-06-28T22:46:55.272Z] [3551/5133] RVTR152632 — Chevelle — The Red (Editor queued — awaiting distill)
[2026-06-28T22:46:55.986Z]   → published · 1s · editor complete · director complete · creative complete · publisher approved
[2026-06-28T22:46:56.019Z] [3552/5133] RVTR153245 — Andy Grammer — Fresh Eyes (Editor queued — awaiting distill)
[2026-06-28T22:46:56.750Z]   → published · 1s · editor complete · director complete · creative complete · publisher approved
[2026-06-28T22:46:56.779Z] [3553/5133] RVTR154360 — Jonas Brothers — Sucker (Editor queued — awaiting distill)
[2026-06-28T22:46:57.491Z]   → published · 1s · editor complete · director complete · creative complete · publisher approved
[2026-06-28T22:46:57.520Z] [3554/5133] RVTR154765 — J. Cole — Change (Editor queued — awaiting distill)
[2026-06-28T22:46:58.260Z]   → published · 1s · editor complete · director complete · creative complete · publisher approved
[2026-06-28T22:46:58.292Z] [3555/5133] RVTR155058 — Kenny Chesney — I Go Back (Editor queued — awaiting distill)
[2026-06-28T22:46:59.024Z]   → published · 1s · editor complete · director complete · creative complete · publisher approved
[2026-06-28T22:46:59.053Z] [3556/5133] RVTR155088 — Danzel — Pump It Up (Editor queued — awaiting distill)
[2026-06-28T22:46:59.766Z]   → published · 1s · editor complete · director complete · creative complete · publisher approved
[2026-06-28T22:46:59.795Z] [3557/5133] RVTR155925 — Pitbull F./ne-yo, Afrojack, And Nayer — Give Me Everything (Editor queued — awaiting distill)
[2026-06-28T22:47:00.505Z]   → published · 1s · editor complete · director complete · creative complete · publisher approved
[2026-06-28T22:47:00.538Z] [3558/5133] RVTR156069 — Genesis — Turn It On Again (Editor queued — awaiting distill)
[2026-06-28T22:47:01.253Z]   → published · 1s · editor complete · director complete · creative complete · publisher approved
[2026-06-28T22:47:01.283Z] [3559/5133] RVTR156632 — Carbon Leaf — Learn To Fly (Editor queued — awaiting distill)
[2026-06-28T22:47:02.011Z]   → published · 1s · editor complete · director complete · creative complete · publisher approved
[2026-06-28T22:47:02.042Z] [3560/5133] RVTR156684 — Dirty Vegas — Days Go By (Editor queued — awaiting distill)
[2026-06-28T22:47:02.773Z]   → published · 1s · editor complete · director complete · creative complete · publisher approved
[2026-06-28T22:47:02.805Z] [3561/5133] RVTR156795 — Mims — This Is Why I'm Hot (Editor queued — awaiting distill)
[2026-06-28T22:47:03.524Z]   → published · 1s · editor complete · director complete · creative complete · publisher approved
[2026-06-28T22:47:03.553Z] [3562/5133] RVTR157297 — Smiths — How Soon Is Now (Editor queued — awaiting distill)
[2026-06-28T22:47:04.277Z]   → published · 1s · editor complete · director complete · creative complete · publisher approved
[2026-06-28T22:47:04.306Z] [3563/5133] RVTR157816 — Farruko — Pepas (Editor queued — awaiting distill)
[2026-06-28T22:47:05.023Z]   → published · 1s · editor complete · director complete · creative complete · publisher approved
[2026-06-28T22:47:05.057Z] [3564/5133] RVTR158658 — Max-a-million — Fat Boy (Editor queued — awaiting distill)
[2026-06-28T22:47:05.788Z]   → published · 1s · editor complete · director complete · creative complete · publisher approved
[2026-06-28T22:47:05.818Z] [3565/5133] RVTR159453 — Nelly — Air Force Ones (Editor queued — awaiting distill)
[2026-06-28T22:47:06.557Z]   → published · 1s · editor complete · director complete · creative complete · publisher approved
[2026-06-28T22:47:06.587Z] [3566/5133] RVTR160373 — Britney Spears — Criminal (Editor queued — awaiting distill)
[2026-06-28T22:47:07.303Z]   → published · 1s · editor complete · director complete · creative complete · publisher approved
[2026-06-28T22:47:07.336Z] [3567/5133] RVTR160551 — Joywave — It's A Trip (Editor queued — awaiting distill)
[2026-06-28T22:47:08.078Z]   → published · 1s · editor complete · director complete · creative complete · publisher approved
[2026-06-28T22:47:08.111Z] [3568/5133] RVTR161115 — Garth Brooks — Baton Rouge (Editor queued — awaiting distill)
[2026-06-28T22:47:08.824Z]   → published · 1s · editor complete · director complete · creative complete · publisher approved
[2026-06-28T22:47:08.853Z] [3569/5133] RVTR161636 — 50 Cent — In Da Club (Editor queued — awaiting distill)
[2026-06-28T22:47:09.575Z]   → published · 1s · editor complete · director complete · creative complete · publisher approved
[2026-06-28T22:47:09.605Z] [3570/5133] RVTR162200 — The Firm — Radioactive (Editor queued — awaiting distill)
[2026-06-28T22:47:10.352Z]   → published · 1s · editor complete · director complete · creative complete · publisher approved
[2026-06-28T22:47:10.381Z] [3571/5133] RVTR162523 — Ja Rule & Ashley Joi — Body (Editor queued — awaiting distill)
[2026-06-28T22:47:11.101Z]   → published · 1s · editor complete · director complete · creative complete · publisher approved
[2026-06-28T22:47:11.130Z] [3572/5133] RVTR162561 — Carla Thomas — B A B Y (Editor queued — awaiting distill)
[2026-06-28T22:47:11.853Z]   → published · 1s · editor complete · director complete · creative complete · publisher approved
[2026-06-28T22:47:11.883Z] [3573/5133] RVTR163162 — Simple Plan — Save You (Editor queued — awaiting distill)
[2026-06-28T22:47:12.620Z]   → published · 1s · editor complete · director complete · creative complete · publisher approved
[2026-06-28T22:47:12.648Z] [3574/5133] RVTR163713 — Tlc — Baby Baby Baby (Editor queued — awaiting distill)
[2026-06-28T22:47:13.401Z]   → published · 1s · editor complete · director complete · creative complete · publisher approved
[2026-06-28T22:47:13.430Z] [3575/5133] RVTR165509 — Adele — Someone Like You (Editor queued — awaiting distill)
[2026-06-28T22:47:14.179Z]   → published · 1s · editor complete · director complete · creative complete · publisher approved
[2026-06-28T22:47:14.208Z] [3576/5133] RVTR167223 — Blur — Girls Boys (Editor queued — awaiting distill)
[2026-06-28T22:47:14.983Z]   → published · 1s · editor complete · director complete · creative complete · publisher approved
[2026-06-28T22:47:15.012Z] [3577/5133] RVTR168294 — Cinderella — Nobody's Fool (Editor queued — awaiting distill)
[2026-06-28T22:47:15.737Z]   → published · 1s · editor complete · director complete · creative complete · publisher approved
[2026-06-28T22:47:15.766Z] [3578/5133] RVTR168684 — Rihanna — Sex With Me (Editor queued — awaiting distill)
[2026-06-28T22:47:16.519Z]   → published · 1s · editor complete · director complete · creative complete · publisher approved
[2026-06-28T22:47:16.548Z] [3579/5133] RVTR168858 — Neil Diamond, Natalie Maines — Another Day That Time Forgot (Editor queued — awaiting distill)
[2026-06-28T22:47:17.292Z]   → published · 1s · editor complete · director complete · creative complete · publisher approved
[2026-06-28T22:47:17.325Z] [3580/5133] RVTR169029 — Company B — Fascinated (Editor queued — awaiting distill)
[2026-06-28T22:47:18.064Z]   → published · 1s · editor complete · director complete · creative complete · publisher approved
[2026-06-28T22:47:18.092Z] [3581/5133] RVTR170874 — Miley Cyrus — Malibu (Editor queued — awaiting distill)
[2026-06-28T22:47:18.846Z]   → published · 1s · editor complete · director complete · creative complete · publisher approved
[2026-06-28T22:47:18.874Z] [3582/5133] RVTR171206 — En Vogue — Riddle (Editor queued — awaiting distill)
[2026-06-28T22:47:19.599Z]   → published · 1s · editor complete · director complete · creative complete · publisher approved
[2026-06-28T22:47:19.628Z] [3583/5133] RVTR172027 — Cher — I Found Someone (Editor queued — awaiting distill)
[2026-06-28T22:47:20.368Z]   → published · 1s · editor complete · director complete · creative complete · publisher approved
[2026-06-28T22:47:20.397Z] [3584/5133] RVTR172320 — Camila Cabello — Havana (Editor queued — awaiting distill)
[2026-06-28T22:47:21.132Z]   → published · 1s · editor complete · director complete · creative complete · publisher approved
[2026-06-28T22:47:21.160Z] [3585/5133] RVTR172679 — Walker Hayes — U Gurl (Editor queued — awaiting distill)
[2026-06-28T22:47:21.916Z]   → published · 1s · editor complete · director complete · creative complete · publisher approved
[2026-06-28T22:47:21.946Z] [3586/5133] RVTR175492 — Green Day — Basket Case (Editor queued — awaiting distill)
[2026-06-28T22:47:22.684Z]   → published · 1s · editor complete · director complete · creative complete · publisher approved
[2026-06-28T22:47:22.718Z] [3587/5133] RVTR175697 — Billie Eilish — Bad Guy (Editor queued — awaiting distill)
[2026-06-28T22:47:23.447Z]   → published · 1s · editor complete · director complete · creative complete · publisher approved
[2026-06-28T22:47:23.476Z] [3588/5133] RVTR176039 — Madonna — I'Ll Remember From With Honors (Editor queued — awaiting distill)
[2026-06-28T22:47:24.216Z]   → published · 1s · editor complete · director complete · creative complete · publisher approved
[2026-06-28T22:47:24.244Z] [3589/5133] RVTR176910 — Rise Against — Satellite (Editor queued — awaiting distill)
[2026-06-28T22:47:24.980Z]   → published · 1s · editor complete · director complete · creative complete · publisher approved
[2026-06-28T22:47:25.009Z] [3590/5133] RVTR177214 — Selena Gomez — Come Get It (Editor queued — awaiting distill)
[2026-06-28T22:47:25.751Z]   → published · 1s · editor complete · director complete · creative complete · publisher approved
[2026-06-28T22:47:25.780Z] [3591/5133] RVTR180531 — Paul Mccartney — Let It Be Live Aid (Editor queued — awaiting distill)
[2026-06-28T22:47:26.513Z]   → published · 1s · editor complete · director complete · creative complete · publisher approved
[2026-06-28T22:47:26.543Z] [3592/5133] RVTR180966 — The Chicks — Long Time Gone (Editor queued — awaiting distill)
[2026-06-28T22:47:27.284Z]   → published · 1s · editor complete · director complete · creative complete · publisher approved
[2026-06-28T22:47:27.313Z] [3593/5133] RVTR182324 — Jason Derulo — Swalla (Editor queued — awaiting distill)
[2026-06-28T22:47:28.051Z]   → published · 1s · editor complete · director complete · creative complete · publisher approved
[2026-06-28T22:47:28.080Z] [3594/5133] RVTR182936 — Luke Combs — Cold As You (Editor queued — awaiting distill)
[2026-06-28T22:47:28.816Z]   → published · 1s · editor complete · director complete · creative complete · publisher approved
[2026-06-28T22:47:28.846Z] [3595/5133] RVTR182957 — Q-tip — Vivrant Thing (Editor queued — awaiting distill)
[2026-06-28T22:47:29.588Z]   → published · 1s · editor complete · director complete · creative complete · publisher approved
[2026-06-28T22:47:29.618Z] [3596/5133] RVTR183314 — Creed — Bullets (Editor queued — awaiting distill)
[2026-06-28T22:47:30.364Z]   → published · 1s · editor complete · director complete · creative complete · publisher approved
[2026-06-28T22:47:30.394Z] [3597/5133] RVTR183644 — Benny Blanco, Tainy, Selena Gomez — I Can't Get Enough (Editor queued — awaiting distill)
[2026-06-28T22:47:31.186Z]   → published · 1s · editor complete · director complete · creative complete · publisher approved
[2026-06-28T22:47:31.216Z] [3598/5133] RVTR183879 — Roxy Music — Angel Eyes (Editor queued — awaiting distill)
[2026-06-28T22:47:31.949Z]   → published · 1s · editor complete · director complete · creative complete · publisher approved
[2026-06-28T22:47:31.979Z] [3599/5133] RVTR184435 — Poison — I Won't Forget You (Editor queued — awaiting distill)
[2026-06-28T22:47:32.715Z]   → published · 1s · editor complete · director complete · creative complete · publisher approved
[2026-06-28T22:47:32.745Z] [3600/5133] RVTR185234 — The Beatles — Another Girl (Editor queued — awaiting distill)
[2026-06-28T22:47:33.489Z]   → published · 1s · editor complete · director complete · creative complete · publisher approved
[2026-06-28T22:47:33.574Z] --- Progress after 3600 processed ---
[2026-06-28T22:47:33.575Z] Collector complete: 5217
Editor complete: 1566
Director complete: 1565
Creative Review complete: 577
Published: 84
Failed (this run): 4
Remaining (collector done, not published): 5133
[2026-06-28T22:47:33.575Z] [3601/5133] RVTR185559 — Adele — Rumor Has It (Editor queued — awaiting distill)
[2026-06-28T22:47:34.307Z]   → published · 1s · editor complete · director complete · creative complete · publisher approved
[2026-06-28T22:47:34.336Z] [3602/5133] RVTR187020 — Jerry Reed — Amos Moses (Editor queued — awaiting distill)
[2026-06-28T22:47:35.130Z]   → published · 1s · editor complete · director complete · creative complete · publisher approved
[2026-06-28T22:47:35.159Z] [3603/5133] RVTR187076 — Tim Mcgraw — Truck Yeah (Editor queued — awaiting distill)
[2026-06-28T22:47:35.900Z]   → published · 1s · editor complete · director complete · creative complete · publisher approved
[2026-06-28T22:47:35.929Z] [3604/5133] RVTR188048 — Godsmack — Speak (Editor queued — awaiting distill)
[2026-06-28T22:47:36.666Z]   → published · 1s · editor complete · director complete · creative complete · publisher approved
[2026-06-28T22:47:36.695Z] [3605/5133] RVTR188883 — Merril Bainbridge — Mouth (Editor queued — awaiting distill)
[2026-06-28T22:47:37.441Z]   → published · 1s · editor complete · director complete · creative complete · publisher approved
[2026-06-28T22:47:37.471Z] [3606/5133] RVTR189052 — Madonna — Die Another Day (Editor queued — awaiting distill)
[2026-06-28T22:47:38.239Z]   → published · 1s · editor complete · director complete · creative complete · publisher approved
[2026-06-28T22:47:38.268Z] [3607/5133] RVTR190052 — Blake Shelton — Neon Light (Editor queued — awaiting distill)
[2026-06-28T22:47:39.012Z]   → published · 1s · editor complete · director complete · creative complete · publisher approved
[2026-06-28T22:47:39.041Z] [3608/5133] RVTR190126 — Neil Diamond — Forgotten (Editor queued — awaiting distill)
[2026-06-28T22:47:39.807Z]   → published · 1s · editor complete · director complete · creative complete · publisher approved
[2026-06-28T22:47:39.837Z] [3609/5133] RVTR190290 — Tiësto — Red Lights (Editor queued — awaiting distill)
[2026-06-28T22:47:40.582Z]   → published · 1s · editor complete · director complete · creative complete · publisher approved
[2026-06-28T22:47:40.611Z] [3610/5133] RVTR191793 — The Black Eyed Peas — Hey Mama (Editor queued — awaiting distill)
[2026-06-28T22:47:41.363Z]   → published · 1s · editor complete · director complete · creative complete · publisher approved
[2026-06-28T22:47:41.392Z] [3611/5133] RVTR191953 — Dave Brubeck — Take Five (Editor queued — awaiting distill)
[2026-06-28T22:47:42.149Z]   → published · 1s · editor complete · director complete · creative complete · publisher approved
[2026-06-28T22:47:42.181Z] [3612/5133] RVTR192128 — Donny Osmond — Puppy Love (Editor queued — awaiting distill)
[2026-06-28T22:47:42.951Z]   → published · 1s · editor complete · director complete · creative complete · publisher approved
[2026-06-28T22:47:42.980Z] [3613/5133] RVTR192267 — Mr. Probz — Waves (Editor queued — awaiting distill)
[2026-06-28T22:47:43.735Z]   → published · 1s · editor complete · director complete · creative complete · publisher approved
[2026-06-28T22:47:43.764Z] [3614/5133] RVTR192448 — Freemasons — Watchin (Editor queued — awaiting distill)
[2026-06-28T22:47:44.528Z]   → published · 1s · editor complete · director complete · creative complete · publisher approved
[2026-06-28T22:47:44.558Z] [3615/5133] RVTR192585 — 50 Cent F./ne-yo — Baby By Me (Editor queued — awaiting distill)
[2026-06-28T22:47:45.312Z]   → published · 1s · editor complete · director complete · creative complete · publisher approved
[2026-06-28T22:47:45.343Z] [3616/5133] RVTR194525 — Mad'house — Like A Prayer (Editor queued — awaiting distill)
[2026-06-28T22:47:46.106Z]   → published · 1s · editor complete · director complete · creative complete · publisher approved
[2026-06-28T22:47:46.137Z] [3617/5133] RVTR195082 — Linkin Park — Numb (Editor queued — awaiting distill)
[2026-06-28T22:47:46.901Z]   → published · 1s · editor complete · director complete · creative complete · publisher approved
[2026-06-28T22:47:46.930Z] [3618/5133] RVTR195387 — Korn — Coming Undone (Editor queued — awaiting distill)
[2026-06-28T22:47:47.692Z]   → published · 1s · editor complete · director complete · creative complete · publisher approved
[2026-06-28T22:47:47.726Z] [3619/5133] RVTR195395 — Devo — Peek A Boo (Editor queued — awaiting distill)
[2026-06-28T22:47:48.518Z]   → published · 1s · editor complete · director complete · creative complete · publisher approved
[2026-06-28T22:47:48.548Z] [3620/5133] RVTR196107 — Kid Blue — Louise Goffin (Editor queued — awaiting distill)
[2026-06-28T22:47:49.315Z]   → published · 1s · editor complete · director complete · creative complete · publisher approved
[2026-06-28T22:47:49.345Z] [3621/5133] RVTR196131 — The Darlings — Dooley (Editor queued — awaiting distill)
[2026-06-28T22:47:50.146Z]   → published · 1s · editor complete · director complete · creative complete · publisher approved
[2026-06-28T22:47:50.176Z] [3622/5133] RVTR196546 — Foo Fighters — My Hero (Editor queued — awaiting distill)
[2026-06-28T22:47:50.939Z]   → published · 1s · editor complete · director complete · creative complete · publisher approved
[2026-06-28T22:47:50.968Z] [3623/5133] RVTR197031 — Pavement — Gold Soundz (Editor queued — awaiting distill)
[2026-06-28T22:47:51.772Z]   → published · 1s · editor complete · director complete · creative complete · publisher approved
[2026-06-28T22:47:51.801Z] [3624/5133] RVTR198375 — Talk Talk — Talk Talk (Editor queued — awaiting distill)
[2026-06-28T22:47:52.566Z]   → published · 1s · editor complete · director complete · creative complete · publisher approved
[2026-06-28T22:47:52.595Z] [3625/5133] RVTR198831 — Teena Marie — Lover Girl (Editor queued — awaiting distill)
[2026-06-28T22:47:53.371Z]   → published · 1s · editor complete · director complete · creative complete · publisher approved
[2026-06-28T22:47:53.400Z] [3626/5133] RVTR199046 — Valencia — Space Between (Editor queued — awaiting distill)
[2026-06-28T22:47:54.173Z]   → published · 1s · editor complete · director complete · creative complete · publisher approved
[2026-06-28T22:47:54.202Z] [3627/5133] RVTR199060 — Fun Factory — Close To You (Editor queued — awaiting distill)
[2026-06-28T22:47:54.971Z]   → published · 1s · editor complete · director complete · creative complete · publisher approved
[2026-06-28T22:47:55.000Z] [3628/5133] RVTR199136 — U2 — Saints Are Coming The (Editor queued — awaiting distill)
[2026-06-28T22:47:55.766Z]   → published · 1s · editor complete · director complete · creative complete · publisher approved
[2026-06-28T22:47:55.795Z] [3629/5133] RVTR200016 — Seal — Crazy (Editor queued — awaiting distill)
[2026-06-28T22:47:56.560Z]   → published · 1s · editor complete · director complete · creative complete · publisher approved
[2026-06-28T22:47:56.589Z] [3630/5133] RVTR200117 — Kris Kross — Warm It Up (Editor queued — awaiting distill)
[2026-06-28T22:47:57.364Z]   → published · 1s · editor complete · director complete · creative complete · publisher approved
[2026-06-28T22:47:57.395Z] [3631/5133] RVTR200442 — Milk Inc. — Tainted Love (Editor queued — awaiting distill)
[2026-06-28T22:47:58.207Z]   → published · 1s · editor complete · director complete · creative complete · publisher approved
[2026-06-28T22:47:58.236Z] [3632/5133] RVTR202804 — China Crisis — Arizona Sky (Editor queued — awaiting distill)
[2026-06-28T22:47:59.018Z]   → published · 1s · editor complete · director complete · creative complete · publisher approved
[2026-06-28T22:47:59.049Z] [3633/5133] RVTR204039 — Dua Lipa — Love Again (Editor queued — awaiting distill)
[2026-06-28T22:47:59.829Z]   → published · 1s · editor complete · director complete · creative complete · publisher approved
[2026-06-28T22:47:59.859Z] [3634/5133] RVTR204490 — Diana Ross — I'm Coming Out (Editor queued — awaiting distill)
[2026-06-28T22:48:00.658Z]   → published · 1s · editor complete · director complete · creative complete · publisher approved
[2026-06-28T22:48:00.688Z] [3635/5133] RVTR204740 — Mew — Special (Editor queued — awaiting distill)
[2026-06-28T22:48:01.513Z]   → published · 1s · editor complete · director complete · creative complete · publisher approved
[2026-06-28T22:48:01.544Z] [3636/5133] RVTR204801 — Kane Brown — Worship You (Editor queued — awaiting distill)
[2026-06-28T22:48:02.396Z]   → published · 1s · editor complete · director complete · creative complete · publisher approved
[2026-06-28T22:48:02.427Z] [3637/5133] RVTR205110 — Gwar — Jack The World (Editor queued — awaiting distill)
[2026-06-28T22:48:03.225Z]   → published · 1s · editor complete · director complete · creative complete · publisher approved
[2026-06-28T22:48:03.256Z] [3638/5133] RVTR205855 — Rick James — Glow (Editor queued — awaiting distill)
[2026-06-28T22:48:04.089Z]   → published · 1s · editor complete · director complete · creative complete · publisher approved
[2026-06-28T22:48:04.119Z] [3639/5133] RVTR206067 — Brantley Gilbert — Small Town Throwdown (Editor queued — awaiting distill)
[2026-06-28T22:48:04.951Z]   → published · 1s · editor complete · director complete · creative complete · publisher approved
[2026-06-28T22:48:04.982Z] [3640/5133] RVTR206128 — Ed Sheeran — Shivers (Editor queued — awaiting distill)
[2026-06-28T22:48:05.808Z]   → published · 1s · editor complete · director complete · creative complete · publisher approved
[2026-06-28T22:48:05.838Z] [3641/5133] RVTR206980 — Fastball — Out Of My Head (Editor queued — awaiting distill)
[2026-06-28T22:48:06.627Z]   → published · 1s · editor complete · director complete · creative complete · publisher approved
[2026-06-28T22:48:06.657Z] [3642/5133] RVTR207175 — Alabama — Take Me Down (Editor queued — awaiting distill)
[2026-06-28T22:48:07.448Z]   → published · 1s · editor complete · director complete · creative complete · publisher approved
[2026-06-28T22:48:07.478Z] [3643/5133] RVTR207600 — Polo G — Rapstar (Editor queued — awaiting distill)
[2026-06-28T22:48:08.313Z]   → published · 1s · editor complete · director complete · creative complete · publisher approved
[2026-06-28T22:48:08.343Z] [3644/5133] RVTR207784 — Meg Myers — Desire (Editor queued — awaiting distill)
[2026-06-28T22:48:09.131Z]   → published · 1s · editor complete · director complete · creative complete · publisher approved
[2026-06-28T22:48:09.161Z] [3645/5133] RVTR207830 — Bowling For Soup — Almost (Editor queued — awaiting distill)
[2026-06-28T22:48:10.003Z]   → published · 1s · editor complete · director complete · creative complete · publisher approved
[2026-06-28T22:48:10.034Z] [3646/5133] RVTR207941 — Cinderella — Shake Me (Editor queued — awaiting distill)
[2026-06-28T22:48:10.846Z]   → published · 1s · editor complete · director complete · creative complete · publisher approved
[2026-06-28T22:48:10.876Z] [3647/5133] RVTR208944 — The Offspring — Pretty Fly (Editor queued — awaiting distill)
[2026-06-28T22:48:11.685Z]   → published · 1s · editor complete · director complete · creative complete · publisher approved
[2026-06-28T22:48:11.715Z] [3648/5133] RVTR210804 — Brooke White — Radio Radio (Editor queued — awaiting distill)
[2026-06-28T22:48:12.515Z]   → published · 1s · editor complete · director complete · creative complete · publisher approved
[2026-06-28T22:48:12.545Z] [3649/5133] RVTR210822 — Phil Collins — No Way Out (Editor queued — awaiting distill)
[2026-06-28T22:48:13.466Z]   → published · 1s · editor complete · director complete · creative complete · publisher approved
[2026-06-28T22:48:13.498Z] [3650/5133] RVTR210952 — Ja Rule — Always On Time (Editor queued — awaiting distill)
[2026-06-28T22:48:14.346Z]   → published · 1s · editor complete · director complete · creative complete · publisher approved
[2026-06-28T22:48:14.437Z] --- Progress after 3650 processed ---
[2026-06-28T22:48:14.438Z] Collector complete: 5217
Editor complete: 1616
Director complete: 1615
Creative Review complete: 627
Published: 84
Failed (this run): 4
Remaining (collector done, not published): 5133
[2026-06-28T22:48:14.438Z] [3651/5133] RVTR211044 — Jack Johnson — Flake (Editor queued — awaiting distill)
[2026-06-28T22:48:15.275Z]   → published · 1s · editor complete · director complete · creative complete · publisher approved
[2026-06-28T22:48:15.310Z] [3652/5133] RVTR212236 — Robbie Dupree — Steal Away (Editor queued — awaiting distill)
[2026-06-28T22:48:16.210Z]   → published · 1s · editor complete · director complete · creative complete · publisher approved
[2026-06-28T22:48:16.244Z] [3653/5133] RVTR212543 — Fifth Harmony — Worth It (Editor queued — awaiting distill)
[2026-06-28T22:48:17.026Z]   → published · 1s · editor complete · director complete · creative complete · publisher approved
[2026-06-28T22:48:17.059Z] [3654/5133] RVTR212645 — A Wall — Loverboy (Editor queued — awaiting distill)
[2026-06-28T22:48:17.872Z]   → published · 1s · editor complete · director complete · creative complete · publisher approved
[2026-06-28T22:48:17.908Z] [3655/5133] RVTR213591 — Incubus — Anna Molly (Editor queued — awaiting distill)
[2026-06-28T22:48:18.720Z]   → published · 1s · editor complete · director complete · creative complete · publisher approved
[2026-06-28T22:48:18.753Z] [3656/5133] RVTR213828 — Tim Scott — Swear (Editor queued — awaiting distill)
[2026-06-28T22:48:19.556Z]   → published · 1s · editor complete · director complete · creative complete · publisher approved
[2026-06-28T22:48:19.591Z] [3657/5133] RVTR214259 — Dierks Bentley — Sideways (Editor queued — awaiting distill)
[2026-06-28T22:48:20.413Z]   → published · 1s · editor complete · director complete · creative complete · publisher approved
[2026-06-28T22:48:20.443Z] [3658/5133] RVTR214985 — Van Halen — Panama (Editor queued — awaiting distill)
[2026-06-28T22:48:21.318Z]   → published · 1s · editor complete · director complete · creative complete · publisher approved
[2026-06-28T22:48:21.370Z] [3659/5133] RVTR215280 — The Hollies — Bus Stop (Editor queued — awaiting distill)
[2026-06-28T22:48:22.195Z]   → published · 1s · editor complete · director complete · creative complete · publisher approved
[2026-06-28T22:48:22.226Z] [3660/5133] RVTR215376 — Asher Roth — I Love College (Editor queued — awaiting distill)
[2026-06-28T22:48:23.021Z]   → published · 1s · editor complete · director complete · creative complete · publisher approved
[2026-06-28T22:48:23.051Z] [3661/5133] RVTR215868 — K.flay — Make Me Fade (Editor queued — awaiting distill)
[2026-06-28T22:48:23.866Z]   → published · 1s · editor complete · director complete · creative complete · publisher approved
[2026-06-28T22:48:23.898Z] [3662/5133] RVTR216376 — Disturbed — Just Stop (Editor queued — awaiting distill)
[2026-06-28T22:48:24.732Z]   → published · 1s · editor complete · director complete · creative complete · publisher approved
[2026-06-28T22:48:24.763Z] [3663/5133] RVTR217058 — Alphaville — Big In Japan (Editor queued — awaiting distill)
[2026-06-28T22:48:26.075Z]   → published · 1s · editor complete · director complete · creative complete · publisher approved
[2026-06-28T22:48:26.110Z] [3664/5133] RVTR217140 — Saosin — You'Re Not Alone (Editor queued — awaiting distill)
[2026-06-28T22:48:26.990Z]   → published · 1s · editor complete · director complete · creative complete · publisher approved
[2026-06-28T22:48:27.021Z] [3665/5133] RVTR217204 — Toby Keith — Old School (Editor queued — awaiting distill)
[2026-06-28T22:48:27.818Z]   → published · 1s · editor complete · director complete · creative complete · publisher approved
[2026-06-28T22:48:27.847Z] [3666/5133] RVTR217226 — Tupac — Dear Mama (Editor queued — awaiting distill)
[2026-06-28T22:48:28.664Z]   → published · 1s · editor complete · director complete · creative complete · publisher approved
[2026-06-28T22:48:28.697Z] [3667/5133] RVTR217416 — Eminem — The Way I Am (Editor queued — awaiting distill)
[2026-06-28T22:48:29.576Z]   → published · 1s · editor complete · director complete · creative complete · publisher approved
[2026-06-28T22:48:29.608Z] [3668/5133] RVTR217782 — Mixi — I Miss Those Days (Editor queued — awaiting distill)
[2026-06-28T22:48:30.434Z]   → published · 1s · editor complete · director complete · creative complete · publisher approved
[2026-06-28T22:48:30.466Z] [3669/5133] RVTR217790 — The Cult — Edie Ciao Baby (Editor queued — awaiting distill)
[2026-06-28T22:48:31.292Z]   → published · 1s · editor complete · director complete · creative complete · publisher approved
[2026-06-28T22:48:31.322Z] [3670/5133] RVTR217791 — Lidell Townsell — Nu Nu (Editor queued — awaiting distill)
[2026-06-28T22:48:32.149Z]   → published · 1s · editor complete · director complete · creative complete · publisher approved
[2026-06-28T22:48:32.180Z] [3671/5133] RVTR219338 — Whitney Houston — Exhale Shoop Shoop From Waiting To Exhale (Editor queued — awaiting distill)
[2026-06-28T22:48:33.010Z]   → published · 1s · editor complete · director complete · creative complete · publisher approved
[2026-06-28T22:48:33.040Z] [3672/5133] RVTR219893 — Nelly — The Champ (Editor queued — awaiting distill)
[2026-06-28T22:48:34.115Z]   → published · 1s · editor complete · director complete · creative complete · publisher approved
[2026-06-28T22:48:34.146Z] [3673/5133] RVTR220181 — Kiss — Cold Gin (Editor queued — awaiting distill)
[2026-06-28T22:48:34.951Z]   → published · 1s · editor complete · director complete · creative complete · publisher approved
[2026-06-28T22:48:34.981Z] [3674/5133] RVTR220383 — Drake — Fake Love (Editor queued — awaiting distill)
[2026-06-28T22:48:35.828Z]   → published · 1s · editor complete · director complete · creative complete · publisher approved
[2026-06-28T22:48:35.861Z] [3675/5133] RVTR220468 — Alice In Chains — Nutshell (Editor queued — awaiting distill)
[2026-06-28T22:48:36.695Z]   → published · 1s · editor complete · director complete · creative complete · publisher approved
[2026-06-28T22:48:36.728Z] [3676/5133] RVTR220486 — Elton John — Electricity (Editor queued — awaiting distill)
[2026-06-28T22:48:37.603Z]   → published · 1s · editor complete · director complete · creative complete · publisher approved
[2026-06-28T22:48:37.633Z] [3677/5133] RVTR221120 — Ultravox — Dancing With Tears In My Eyes (Editor queued — awaiting distill)
[2026-06-28T22:48:38.438Z]   → published · 1s · editor complete · director complete · creative complete · publisher approved
[2026-06-28T22:48:38.469Z] [3678/5133] RVTR222468 — Stephen Bishop — On And On (Editor queued — awaiting distill)
[2026-06-28T22:48:39.272Z]   → published · 1s · editor complete · director complete · creative complete · publisher approved
[2026-06-28T22:48:39.305Z] [3679/5133] RVTR222845 — Rihanna — Sos (Editor queued — awaiting distill)
[2026-06-28T22:48:40.123Z]   → published · 1s · editor complete · director complete · creative complete · publisher approved
[2026-06-28T22:48:40.152Z] [3680/5133] RVTR223122 — Madonna — Hollywood (Editor queued — awaiting distill)
[2026-06-28T22:48:40.983Z]   → published · 1s · editor complete · director complete · creative complete · publisher approved
[2026-06-28T22:48:41.015Z] [3681/5133] RVTR223160 — Britney Spears — Stronger (Editor queued — awaiting distill)
[2026-06-28T22:48:41.960Z]   → published · 1s · editor complete · director complete · creative complete · publisher approved
[2026-06-28T22:48:41.995Z] [3682/5133] RVTR224559 — Pentatonix — Hallelujah (Editor queued — awaiting distill)
[2026-06-28T22:48:43.104Z]   → published · 1s · editor complete · director complete · creative complete · publisher approved
[2026-06-28T22:48:43.138Z] [3683/5133] RVTR224563 — Andy Gibb — Shadow Dancing (Editor queued — awaiting distill)
[2026-06-28T22:48:44.095Z]   → published · 1s · editor complete · director complete · creative complete · publisher approved
[2026-06-28T22:48:44.127Z] [3684/5133] RVTR225385 — Foo Fighters — Everlong (Editor queued — awaiting distill)
[2026-06-28T22:48:45.078Z]   → published · 1s · editor complete · director complete · creative complete · publisher approved
[2026-06-28T22:48:45.150Z] [3685/5133] RVTR225399 — The Highwomen — The Chain (Editor queued — awaiting distill)
[2026-06-28T22:48:46.130Z]   → published · 1s · editor complete · director complete · creative complete · publisher approved
[2026-06-28T22:48:46.164Z] [3686/5133] RVTR226318 — Paramore — Decode (Editor queued — awaiting distill)
[2026-06-28T22:48:46.969Z]   → published · 1s · editor complete · director complete · creative complete · publisher approved
[2026-06-28T22:48:47.000Z] [3687/5133] RVTR226568 — Johnny Horton — Comanche (Editor queued — awaiting distill)
[2026-06-28T22:48:47.806Z]   → published · 1s · editor complete · director complete · creative complete · publisher approved
[2026-06-28T22:48:47.835Z] [3688/5133] RVTR227108 — Luke — Raise The Roof (Editor queued — awaiting distill)
[2026-06-28T22:48:48.651Z]   → published · 1s · editor complete · director complete · creative complete · publisher approved
[2026-06-28T22:48:48.683Z] [3689/5133] RVTR227252 — Foreigner — Say You Will (Editor queued — awaiting distill)
[2026-06-28T22:48:49.501Z]   → published · 1s · editor complete · director complete · creative complete · publisher approved
[2026-06-28T22:48:49.532Z] [3690/5133] RVTR227496 — Madonna — Dress You Up (Editor queued — awaiting distill)
[2026-06-28T22:48:50.358Z]   → published · 1s · editor complete · director complete · creative complete · publisher approved
[2026-06-28T22:48:50.391Z] [3691/5133] RVTR228396 — Tei Shi — Bassically (Editor queued — awaiting distill)
[2026-06-28T22:48:51.188Z]   → published · 1s · editor complete · director complete · creative complete · publisher approved
[2026-06-28T22:48:51.218Z] [3692/5133] RVTR228462 — Dorothy — Gun In My Hand (Editor queued — awaiting distill)
[2026-06-28T22:48:52.066Z]   → published · 1s · editor complete · director complete · creative complete · publisher approved
[2026-06-28T22:48:52.096Z] [3693/5133] RVTR228734 — Various Artists — 80's Mix (Editor queued — awaiting distill)
[2026-06-28T22:48:53.011Z]   → published · 1s · editor complete · director complete · creative complete · publisher approved
[2026-06-28T22:48:53.045Z] [3694/5133] RVTR229316 — Pussycat Dolls — Sway (Editor queued — awaiting distill)
[2026-06-28T22:48:53.861Z]   → published · 1s · editor complete · director complete · creative complete · publisher approved
[2026-06-28T22:48:53.891Z] [3695/5133] RVTR229565 — David Lee Roth — Goin' Crazy (Editor queued — awaiting distill)
[2026-06-28T22:48:54.717Z]   → published · 1s · editor complete · director complete · creative complete · publisher approved
[2026-06-28T22:48:54.750Z] [3696/5133] RVTR229828 — Lady Gaga — Paparazzi (Editor queued — awaiting distill)
[2026-06-28T22:48:55.584Z]   → published · 1s · editor complete · director complete · creative complete · publisher approved
[2026-06-28T22:48:55.615Z] [3697/5133] RVTR230118 — Toya — I Do (Editor queued — awaiting distill)
[2026-06-28T22:48:56.458Z]   → published · 1s · editor complete · director complete · creative complete · publisher approved
[2026-06-28T22:48:56.490Z] [3698/5133] RVTR231441 — Chic — I Want Your Love (Editor queued — awaiting distill)
[2026-06-28T22:48:57.332Z]   → published · 1s · editor complete · director complete · creative complete · publisher approved
[2026-06-28T22:48:57.362Z] [3699/5133] RVTR231811 — When In Rome — The Promise (Editor queued — awaiting distill)
[2026-06-28T22:48:58.186Z]   → published · 1s · editor complete · director complete · creative complete · publisher approved
[2026-06-28T22:48:58.220Z] [3700/5133] RVTR232190 — Berlin — The Metro (Editor queued — awaiting distill)
[2026-06-28T22:48:59.361Z]   → published · 1s · editor complete · director complete · creative complete · publisher approved
[2026-06-28T22:48:59.484Z] --- Progress after 3700 processed ---
[2026-06-28T22:48:59.484Z] Collector complete: 5217
Editor complete: 1666
Director complete: 1665
Creative Review complete: 677
Published: 84
Failed (this run): 4
Remaining (collector done, not published): 5133
[2026-06-28T22:48:59.484Z] [3701/5133] RVTR232247 — Fancy — Chinese Eyes (Editor queued — awaiting distill)
[2026-06-28T22:49:00.292Z]   → published · 1s · editor complete · director complete · creative complete · publisher approved
[2026-06-28T22:49:00.322Z] [3702/5133] RVTR232446 — The Weeknd — Earned It (Fifty Shades Of Grey) (Editor queued — awaiting distill)
[2026-06-28T22:49:01.165Z]   → published · 1s · editor complete · director complete · creative complete · publisher approved
[2026-06-28T22:49:01.195Z] [3703/5133] RVTR233341 — 30 Seconds To Mars — Closer To The Edge Po Non Break Edit (Editor queued — awaiting distill)
[2026-06-28T22:49:02.043Z]   → published · 1s · editor complete · director complete · creative complete · publisher approved
[2026-06-28T22:49:02.076Z] [3704/5133] RVTR235181 — Taylor Swift — Fifteen (Editor queued — awaiting distill)
[2026-06-28T22:49:02.878Z]   → published · 1s · editor complete · director complete · creative complete · publisher approved
[2026-06-28T22:49:02.908Z] [3705/5133] RVTR235498 — U2 — Beautiful Day (Editor queued — awaiting distill)
[2026-06-28T22:49:03.725Z]   → published · 1s · editor complete · director complete · creative complete · publisher approved
[2026-06-28T22:49:03.755Z] [3706/5133] RVTR235965 — Tyler Hubbard — 5 Foot 9 (Editor queued — awaiting distill)
[2026-06-28T22:49:04.607Z]   → published · 1s · editor complete · director complete · creative complete · publisher approved
[2026-06-28T22:49:04.642Z] [3707/5133] RVTR236208 — Eminem — Not Afraid (Editor queued — awaiting distill)
[2026-06-28T22:49:05.578Z]   → published · 1s · editor complete · director complete · creative complete · publisher approved
[2026-06-28T22:49:05.610Z] [3708/5133] RVTR236240 — Boogie Pimps — Sunny (Editor queued — awaiting distill)
[2026-06-28T22:49:06.463Z]   → published · 1s · editor complete · director complete · creative complete · publisher approved
[2026-06-28T22:49:06.498Z] [3709/5133] RVTR236244 — Klaxons — Golden Skans (Editor queued — awaiting distill)
[2026-06-28T22:49:07.337Z]   → published · 1s · editor complete · director complete · creative complete · publisher approved
[2026-06-28T22:49:07.367Z] [3710/5133] RVTR237860 — Pearl Jam — Oceans (Editor queued — awaiting distill)
[2026-06-28T22:49:08.226Z]   → published · 1s · editor complete · director complete · creative complete · publisher approved
[2026-06-28T22:49:08.266Z] [3711/5133] RVTR239659 — Solange — Sandcastle Disco (Editor queued — awaiting distill)
[2026-06-28T22:49:09.171Z]   → published · 1s · editor complete · director complete · creative complete · publisher approved
[2026-06-28T22:49:09.202Z] [3712/5133] RVTR240983 — Semisonic — Secret Smile (Editor queued — awaiting distill)
[2026-06-28T22:49:10.043Z]   → published · 1s · editor complete · director complete · creative complete · publisher approved
[2026-06-28T22:49:10.076Z] [3713/5133] RVTR241021 — The Yardbirds — I'm A Man (Editor queued — awaiting distill)
[2026-06-28T22:49:10.896Z]   → published · 1s · editor complete · director complete · creative complete · publisher approved
[2026-06-28T22:49:10.927Z] [3714/5133] RVTR241155 — Chris Cagle — Chicks Dig It (Editor queued — awaiting distill)
[2026-06-28T22:49:11.754Z]   → published · 1s · editor complete · director complete · creative complete · publisher approved
[2026-06-28T22:49:11.787Z] [3715/5133] RVTR241321 — Beyonce — Ring The Alarm (Editor queued — awaiting distill)
[2026-06-28T22:49:12.626Z]   → published · 1s · editor complete · director complete · creative complete · publisher approved
[2026-06-28T22:49:12.658Z] [3716/5133] RVTR241840 — Thomas Wesley — Heartless (Editor queued — awaiting distill)
[2026-06-28T22:49:13.486Z]   → published · 1s · editor complete · director complete · creative complete · publisher approved
[2026-06-28T22:49:13.520Z] [3717/5133] RVTR242001 — Beyonce — 1 1 (Editor queued — awaiting distill)
[2026-06-28T22:49:13.930Z]   → published · 0s · editor complete · director complete · creative complete · publisher approved
[2026-06-28T22:49:13.961Z] [3718/5133] RVTR242606 — Lil Jon — Snap Yo Fingers (Editor queued — awaiting distill)
[2026-06-28T22:49:14.373Z]   → published · 0s · editor complete · director complete · creative complete · publisher approved
[2026-06-28T22:49:14.404Z] [3719/5133] RVTR242808 — French Affair — Sexy (Editor queued — awaiting distill)
[2026-06-28T22:49:14.819Z]   → published · 0s · editor complete · director complete · creative complete · publisher approved
[2026-06-28T22:49:14.849Z] [3720/5133] RVTR244027 — Flyleaf — All Around Me (Editor queued — awaiting distill)
[2026-06-28T22:49:15.312Z]   → published · 0s · editor complete · director complete · creative complete · publisher approved
[2026-06-28T22:49:15.343Z] [3721/5133] RVTR245070 — Taylor Swift — Mine (Editor queued — awaiting distill)
[2026-06-28T22:49:15.768Z]   → published · 0s · editor complete · director complete · creative complete · publisher approved
[2026-06-28T22:49:15.799Z] [3722/5133] RVTR245964 — Moby — Bodyrock (Editor queued — awaiting distill)
[2026-06-28T22:49:16.219Z]   → published · 0s · editor complete · director complete · creative complete · publisher approved
[2026-06-28T22:49:16.251Z] [3723/5133] RVTR246645 — J.j. Fad — Supersonic (Editor queued — awaiting distill)
[2026-06-28T22:49:16.669Z]   → published · 0s · editor complete · director complete · creative complete · publisher approved
[2026-06-28T22:49:16.703Z] [3724/5133] RVTR246965 — Friends Again — Sunkissed (Editor queued — awaiting distill)
[2026-06-28T22:49:17.188Z]   → published · 0s · editor complete · director complete · creative complete · publisher approved
[2026-06-28T22:49:17.221Z] [3725/5133] RVTR247953 — Bazzi — Myself (Editor queued — awaiting distill)
[2026-06-28T22:49:17.681Z]   → published · 0s · editor complete · director complete · creative complete · publisher approved
[2026-06-28T22:49:17.712Z] [3726/5133] RVTR247989 — Paul Van Dyk — For An Angel (Editor queued — awaiting distill)
[2026-06-28T22:49:18.136Z]   → published · 0s · editor complete · director complete · creative complete · publisher approved
[2026-06-28T22:49:18.167Z] [3727/5133] RVTR248727 — Maroon 5 — Maps (Editor queued — awaiting distill)
[2026-06-28T22:49:18.591Z]   → published · 0s · editor complete · director complete · creative complete · publisher approved
[2026-06-28T22:49:18.656Z] [3728/5133] RVTR248826 — 3rd Bass — The Gas Face (Editor queued — awaiting distill)
[2026-06-28T22:49:19.091Z]   → published · 0s · editor complete · director complete · creative complete · publisher approved
[2026-06-28T22:49:19.121Z] [3729/5133] RVTR249049 — Lil Wayne — On Fire (Editor queued — awaiting distill)
[2026-06-28T22:49:19.550Z]   → published · 0s · editor complete · director complete · creative complete · publisher approved
[2026-06-28T22:49:19.581Z] [3730/5133] RVTR249609 — Van Mccoy — The Hustle (Editor queued — awaiting distill)
[2026-06-28T22:49:20.023Z]   → published · 0s · editor complete · director complete · creative complete · publisher approved
[2026-06-28T22:49:20.054Z] [3731/5133] RVTR249777 — Rihanna — Umbrella (Editor queued — awaiting distill)
[2026-06-28T22:49:20.483Z]   → published · 0s · editor complete · director complete · creative complete · publisher approved
[2026-06-28T22:49:20.515Z] [3732/5133] RVTR249975 — Frank Ocean — Novacane (Editor queued — awaiting distill)
[2026-06-28T22:49:21.003Z]   → published · 0s · editor complete · director complete · creative complete · publisher approved
[2026-06-28T22:49:21.034Z] [3733/5133] RVTR250282 — David Guetta — Gettin' Over You (Editor queued — awaiting distill)
[2026-06-28T22:49:21.596Z]   → published · 1s · editor complete · director complete · creative complete · publisher approved
[2026-06-28T22:49:21.630Z] [3734/5133] RVTR250475 — Ll Cool J — I'm Bad (Editor queued — awaiting distill)
[2026-06-28T22:49:22.114Z]   → published · 0s · editor complete · director complete · creative complete · publisher approved
[2026-06-28T22:49:22.145Z] [3735/5133] RVTR251371 — Clay Walker — That's Us (Editor queued — awaiting distill)
[2026-06-28T22:49:22.593Z]   → published · 0s · editor complete · director complete · creative complete · publisher approved
[2026-06-28T22:49:22.624Z] [3736/5133] RVTR251793 — Elle King, Miranda Lambert — Drunk And I Don't Wanna Go Home (Editor queued — awaiting distill)
[2026-06-28T22:49:23.039Z]   → published · 0s · editor complete · director complete · creative complete · publisher approved
[2026-06-28T22:49:23.071Z] [3737/5133] RVTR252108 — Beyonce — Irreplaceable (Editor queued — awaiting distill)
[2026-06-28T22:49:23.529Z]   → published · 0s · editor complete · director complete · creative complete · publisher approved
[2026-06-28T22:49:23.561Z] [3738/5133] RVTR252572 — Kings Of Leon — Notion (Editor queued — awaiting distill)
[2026-06-28T22:49:24.020Z]   → published · 0s · editor complete · director complete · creative complete · publisher approved
[2026-06-28T22:49:24.054Z] [3739/5133] RVTR252649 — Hoobastank — Remember Me (Editor queued — awaiting distill)
[2026-06-28T22:49:24.493Z]   → published · 0s · editor complete · director complete · creative complete · publisher approved
[2026-06-28T22:49:24.526Z] [3740/5133] RVTR253131 — Lorde — Mood Ring (Editor queued — awaiting distill)
[2026-06-28T22:49:24.956Z]   → published · 0s · editor complete · director complete · creative complete · publisher approved
[2026-06-28T22:49:24.990Z] [3741/5133] RVTR254393 — Adele — Hello (Editor queued — awaiting distill)
[2026-06-28T22:49:25.491Z]   → published · 1s · editor complete · director complete · creative complete · publisher approved
[2026-06-28T22:49:25.526Z] [3742/5133] RVTR255065 — Godhead — Eleanor Rigby (Editor queued — awaiting distill)
[2026-06-28T22:49:25.960Z]   → published · 0s · editor complete · director complete · creative complete · publisher approved
[2026-06-28T22:49:25.992Z] [3743/5133] RVTR255794 — Onyx — Judgment Night (Editor queued — awaiting distill)
[2026-06-28T22:49:26.466Z]   → published · 0s · editor complete · director complete · creative complete · publisher approved
[2026-06-28T22:49:26.508Z] [3744/5133] RVTR256485 — Sex Pistols — No Feelings (Editor queued — awaiting distill)
[2026-06-28T22:49:26.928Z]   → published · 0s · editor complete · director complete · creative complete · publisher approved
[2026-06-28T22:49:26.961Z] [3745/5133] RVTR256643 — Kiss — Beth 1977 (Editor queued — awaiting distill)
[2026-06-28T22:49:27.400Z]   → published · 0s · editor complete · director complete · creative complete · publisher approved
[2026-06-28T22:49:27.455Z] [3746/5133] RVTR258445 — Kix — Blow My Fuse (Editor queued — awaiting distill)
[2026-06-28T22:49:27.873Z]   → published · 0s · editor complete · director complete · creative complete · publisher approved
[2026-06-28T22:49:27.905Z] [3747/5133] RVTR258808 — Maude Latour — Clean (Editor queued — awaiting distill)
[2026-06-28T22:49:28.345Z]   → published · 0s · editor complete · director complete · creative complete · publisher approved
[2026-06-28T22:49:28.377Z] [3748/5133] RVTR259501 — Barry Manilow — Daybreak (Editor queued — awaiting distill)
[2026-06-28T22:49:28.810Z]   → published · 0s · editor complete · director complete · creative complete · publisher approved
[2026-06-28T22:49:28.842Z] [3749/5133] RVTR259837 — Faith Hill — Breathe (Editor queued — awaiting distill)
[2026-06-28T22:49:29.280Z]   → published · 0s · editor complete · director complete · creative complete · publisher approved
[2026-06-28T22:49:29.312Z] [3750/5133] RVTR260192 — The Killers — Human (Editor queued — awaiting distill)
[2026-06-28T22:49:29.735Z]   → published · 0s · editor complete · director complete · creative complete · publisher approved
[2026-06-28T22:49:29.823Z] --- Progress after 3750 processed ---
[2026-06-28T22:49:29.824Z] Collector complete: 5217
Editor complete: 1716
Director complete: 1715
Creative Review complete: 727
Published: 84
Failed (this run): 4
Remaining (collector done, not published): 5133
[2026-06-28T22:49:29.824Z] [3751/5133] RVTR260704 — Kanye West — Love Lockdown (Editor queued — awaiting distill)
[2026-06-28T22:49:30.245Z]   → published · 0s · editor complete · director complete · creative complete · publisher approved
[2026-06-28T22:49:30.275Z] [3752/5133] RVTR260720 — Melanie Fiona — 4 Am (Editor queued — awaiting distill)
[2026-06-28T22:49:30.704Z]   → published · 0s · editor complete · director complete · creative complete · publisher approved
[2026-06-28T22:49:30.734Z] [3753/5133] RVTR262263 — The Beatles — This Boy (Editor queued — awaiting distill)
[2026-06-28T22:49:31.165Z]   → published · 0s · editor complete · director complete · creative complete · publisher approved
[2026-06-28T22:49:31.196Z] [3754/5133] RVTR263701 — Rise Against — Hero Of War (Editor queued — awaiting distill)
[2026-06-28T22:49:31.651Z]   → published · 0s · editor complete · director complete · creative complete · publisher approved
[2026-06-28T22:49:31.682Z] [3755/5133] RVTR264107 — Chanel — My Life (Editor queued — awaiting distill)
[2026-06-28T22:49:32.109Z]   → published · 0s · editor complete · director complete · creative complete · publisher approved
[2026-06-28T22:49:32.140Z] [3756/5133] RVTR264243 — Tesla — I Love You (Editor queued — awaiting distill)
[2026-06-28T22:49:32.569Z]   → published · 0s · editor complete · director complete · creative complete · publisher approved
[2026-06-28T22:49:32.600Z] [3757/5133] RVTR264475 — Phil Collins — Take Me Home (Editor queued — awaiting distill)
[2026-06-28T22:49:33.036Z]   → published · 0s · editor complete · director complete · creative complete · publisher approved
[2026-06-28T22:49:33.068Z] [3758/5133] RVTR264641 — The Righteous Brothers — You'Ve Lost That Loving Feeling (Editor queued — awaiting distill)
[2026-06-28T22:49:33.540Z]   → published · 0s · editor complete · director complete · creative complete · publisher approved
[2026-06-28T22:49:33.571Z] [3759/5133] RVTR265162 — Nickelback — Far Away (Editor queued — awaiting distill)
[2026-06-28T22:49:34.064Z]   → published · 0s · editor complete · director complete · creative complete · publisher approved
[2026-06-28T22:49:34.096Z] [3760/5133] RVTR265383 — Amber — This Is Your Night (Editor queued — awaiting distill)
[2026-06-28T22:49:34.548Z]   → published · 0s · editor complete · director complete · creative complete · publisher approved
[2026-06-28T22:49:34.578Z] [3761/5133] RVTR265410 — Michael Feanti — Say Hey (Editor queued — awaiting distill)
[2026-06-28T22:49:35.012Z]   → published · 0s · editor complete · director complete · creative complete · publisher approved
[2026-06-28T22:49:35.048Z] [3762/5133] RVTR265806 — Bad Company — This Love (Editor queued — awaiting distill)
[2026-06-28T22:49:35.484Z]   → published · 0s · editor complete · director complete · creative complete · publisher approved
[2026-06-28T22:49:35.515Z] [3763/5133] RVTR266818 — Elton John — Blue Eyes (Editor queued — awaiting distill)
[2026-06-28T22:49:35.952Z]   → published · 0s · editor complete · director complete · creative complete · publisher approved
[2026-06-28T22:49:35.983Z] [3764/5133] RVTR267256 — Jules And Raoul — Progress (Editor queued — awaiting distill)
[2026-06-28T22:49:36.424Z]   → published · 0s · editor complete · director complete · creative complete · publisher approved
[2026-06-28T22:49:36.456Z] [3765/5133] RVTR268551 — Foo Fighters — Best Of You (Editor queued — awaiting distill)
[2026-06-28T22:49:36.905Z]   → published · 0s · editor complete · director complete · creative complete · publisher approved
[2026-06-28T22:49:36.937Z] [3766/5133] RVTR268873 — Auburn — La La La (Editor queued — awaiting distill)
[2026-06-28T22:49:37.384Z]   → published · 0s · editor complete · director complete · creative complete · publisher approved
[2026-06-28T22:49:37.415Z] [3767/5133] RVTR268991 — Jordin Sparks — Tattoo (Editor queued — awaiting distill)
[2026-06-28T22:49:37.852Z]   → published · 0s · editor complete · director complete · creative complete · publisher approved
[2026-06-28T22:49:37.883Z] [3768/5133] RVTR269071 — Maroon 5 — Love Somebody (Editor queued — awaiting distill)
[2026-06-28T22:49:38.321Z]   → published · 0s · editor complete · director complete · creative complete · publisher approved
[2026-06-28T22:49:38.352Z] [3769/5133] RVTR269122 — Sean Paul — Gimme The Light (Editor queued — awaiting distill)
[2026-06-28T22:49:38.801Z]   → published · 0s · editor complete · director complete · creative complete · publisher approved
[2026-06-28T22:49:38.834Z] [3770/5133] RVTR269539 — Lana Del Rey — Born To Die (Editor queued — awaiting distill)
[2026-06-28T22:49:39.280Z]   → published · 0s · editor complete · director complete · creative complete · publisher approved
[2026-06-28T22:49:39.312Z] [3771/5133] RVTR269598 — Pearl Jam — I Am Mine (Editor queued — awaiting distill)
[2026-06-28T22:49:39.758Z]   → published · 0s · editor complete · director complete · creative complete · publisher approved
[2026-06-28T22:49:39.789Z] [3772/5133] RVTR269806 — C.c. Catch — Soul Survivor (Editor queued — awaiting distill)
[2026-06-28T22:49:40.252Z]   → published · 0s · editor complete · director complete · creative complete · publisher approved
[2026-06-28T22:49:40.283Z] [3773/5133] RVTR270356 — Steve Earle — Guitar Town (Editor queued — awaiting distill)
[2026-06-28T22:49:40.720Z]   → published · 0s · editor complete · director complete · creative complete · publisher approved
[2026-06-28T22:49:40.751Z] [3774/5133] RVTR270866 — Lizzo — Juice (Editor queued — awaiting distill)
[2026-06-28T22:49:41.194Z]   → published · 0s · editor complete · director complete · creative complete · publisher approved
[2026-06-28T22:49:41.226Z] [3775/5133] RVTR270925 — System Of A Down — Aerials (Editor queued — awaiting distill)
[2026-06-28T22:49:41.669Z]   → published · 0s · editor complete · director complete · creative complete · publisher approved
[2026-06-28T22:49:41.700Z] [3776/5133] RVTR271578 — Ozzy — Iron Man (Editor queued — awaiting distill)
[2026-06-28T22:49:42.151Z]   → published · 0s · editor complete · director complete · creative complete · publisher approved
[2026-06-28T22:49:42.183Z] [3777/5133] RVTR272267 — Suzi Quatro — Can The Can (Editor queued — awaiting distill)
[2026-06-28T22:49:42.631Z]   → published · 0s · editor complete · director complete · creative complete · publisher approved
[2026-06-28T22:49:42.662Z] [3778/5133] RVTR272272 — Tei Shi — Basically (Editor queued — awaiting distill)
[2026-06-28T22:49:43.109Z]   → published · 0s · editor complete · director complete · creative complete · publisher approved
[2026-06-28T22:49:43.140Z] [3779/5133] RVTR272562 — Raydio — Jack And Jill (Editor queued — awaiting distill)
[2026-06-28T22:49:43.598Z]   → published · 0s · editor complete · director complete · creative complete · publisher approved
[2026-06-28T22:49:43.631Z] [3780/5133] RVTR272946 — Ac/dc — Rock N Roll Train (Editor queued — awaiting distill)
[2026-06-28T22:49:44.122Z]   → published · 0s · editor complete · director complete · creative complete · publisher approved
[2026-06-28T22:49:44.154Z] [3781/5133] RVTR273110 — Europe — Open Your Heart (Editor queued — awaiting distill)
[2026-06-28T22:49:44.594Z]   → published · 0s · editor complete · director complete · creative complete · publisher approved
[2026-06-28T22:49:44.626Z] [3782/5133] RVTR273347 — Daft Punk — Technologic (Editor queued — awaiting distill)
[2026-06-28T22:49:45.131Z]   → published · 1s · editor complete · director complete · creative complete · publisher approved
[2026-06-28T22:49:45.163Z] [3783/5133] RVTR273783 — Herb Alpert — Rise (Editor queued — awaiting distill)
[2026-06-28T22:49:45.618Z]   → published · 0s · editor complete · director complete · creative complete · publisher approved
[2026-06-28T22:49:45.651Z] [3784/5133] RVTR274263 — Metal Cover — Let It Go (Editor queued — awaiting distill)
[2026-06-28T22:49:46.112Z]   → published · 0s · editor complete · director complete · creative complete · publisher approved
[2026-06-28T22:49:46.146Z] [3785/5133] RVTR274491 — Chase Matthew — Pull Up (Editor queued — awaiting distill)
[2026-06-28T22:49:46.608Z]   → published · 0s · editor complete · director complete · creative complete · publisher approved
[2026-06-28T22:49:46.643Z] [3786/5133] RVTR274859 — Genesis — Tell Me Why (Editor queued — awaiting distill)
[2026-06-28T22:49:47.118Z]   → published · 0s · editor complete · director complete · creative complete · publisher approved
[2026-06-28T22:49:47.151Z] [3787/5133] RVTR275254 — Hole — Doll Parts (Editor queued — awaiting distill)
[2026-06-28T22:49:47.637Z]   → published · 0s · editor complete · director complete · creative complete · publisher approved
[2026-06-28T22:49:47.674Z] [3788/5133] RVTR275442 — Godhead — Nitzer Ebb (Editor queued — awaiting distill)
[2026-06-28T22:49:48.154Z]   → published · 0s · editor complete · director complete · creative complete · publisher approved
[2026-06-28T22:49:48.190Z] [3789/5133] RVTR277213 — Genesis — In Too Deep (Editor queued — awaiting distill)
[2026-06-28T22:49:48.672Z]   → published · 0s · editor complete · director complete · creative complete · publisher approved
[2026-06-28T22:49:48.706Z] [3790/5133] RVTR277308 — Missy Elliott — Rain (Editor queued — awaiting distill)
[2026-06-28T22:49:49.193Z]   → published · 0s · editor complete · director complete · creative complete · publisher approved
[2026-06-28T22:49:49.227Z] [3791/5133] RVTR277462 — Joe Cocker — How It Is (Editor queued — awaiting distill)
[2026-06-28T22:49:49.685Z]   → published · 0s · editor complete · director complete · creative complete · publisher approved
[2026-06-28T22:49:49.719Z] [3792/5133] RVTR277638 — Onerepublic — Run (Editor queued — awaiting distill)
[2026-06-28T22:49:50.179Z]   → published · 0s · editor complete · director complete · creative complete · publisher approved
[2026-06-28T22:49:50.214Z] [3793/5133] RVTR278079 — Dennis Lloyd — Nevermind (Editor queued — awaiting distill)
[2026-06-28T22:49:50.673Z]   → published · 0s · editor complete · director complete · creative complete · publisher approved
[2026-06-28T22:49:50.707Z] [3794/5133] RVTR278810 — Rozalla — Everybody's Free To Feel Good (Editor queued — awaiting distill)
[2026-06-28T22:49:51.167Z]   → published · 0s · editor complete · director complete · creative complete · publisher approved
[2026-06-28T22:49:51.200Z] [3795/5133] RVTR279287 — Across The Universe — Being For The Benefit Of Mr Kite 2007 (Editor queued — awaiting distill)
[2026-06-28T22:49:51.660Z]   → published · 0s · editor complete · director complete · creative complete · publisher approved
[2026-06-28T22:49:51.694Z] [3796/5133] RVTR279305 — Tori Amos — Cornflake Girl (Editor queued — awaiting distill)
[2026-06-28T22:49:52.191Z]   → published · 0s · editor complete · director complete · creative complete · publisher approved
[2026-06-28T22:49:52.225Z] [3797/5133] RVTR279581 — Tinman — Eighteen Strings (Editor queued — awaiting distill)
[2026-06-28T22:49:52.680Z]   → published · 0s · editor complete · director complete · creative complete · publisher approved
[2026-06-28T22:49:52.714Z] [3798/5133] RVTR279680 — Lionel Richie — Truly (Editor queued — awaiting distill)
[2026-06-28T22:49:53.176Z]   → published · 0s · editor complete · director complete · creative complete · publisher approved
[2026-06-28T22:49:53.210Z] [3799/5133] RVTR279818 — Mystikal — Danger Been So Long (Editor queued — awaiting distill)
[2026-06-28T22:49:53.705Z]   → published · 0s · editor complete · director complete · creative complete · publisher approved
[2026-06-28T22:49:53.740Z] [3800/5133] RVTR279832 — Cream — I Feel Free (Editor queued — awaiting distill)
[2026-06-28T22:49:54.207Z]   → published · 0s · editor complete · director complete · creative complete · publisher approved
[2026-06-28T22:49:54.337Z] --- Progress after 3800 processed ---
[2026-06-28T22:49:54.337Z] Collector complete: 5217
Editor complete: 1766
Director complete: 1765
Creative Review complete: 777
Published: 84
Failed (this run): 4
Remaining (collector done, not published): 5133
[2026-06-28T22:49:54.337Z] [3801/5133] RVTR279862 — Taylor Swift — Bad Blood (Editor queued — awaiting distill)
[2026-06-28T22:49:54.804Z]   → published · 0s · editor complete · director complete · creative complete · publisher approved
[2026-06-28T22:49:54.838Z] [3802/5133] RVTR280559 — Kate Voegele — 99 Times (Editor queued — awaiting distill)
[2026-06-28T22:49:55.297Z]   → published · 0s · editor complete · director complete · creative complete · publisher approved
[2026-06-28T22:49:55.331Z] [3803/5133] RVTR280642 — Morrissey — Suedehead (Editor queued — awaiting distill)
[2026-06-28T22:49:55.796Z]   → published · 0s · editor complete · director complete · creative complete · publisher approved
[2026-06-28T22:49:55.829Z] [3804/5133] RVTR280754 — Wolfmother — Woman (Editor queued — awaiting distill)
[2026-06-28T22:49:56.297Z]   → published · 0s · editor complete · director complete · creative complete · publisher approved
[2026-06-28T22:49:56.362Z] [3805/5133] RVTR281114 — Taylor Swift — Fearless (Editor queued — awaiting distill)
[2026-06-28T22:49:56.853Z]   → published · 0s · editor complete · director complete · creative complete · publisher approved
[2026-06-28T22:49:56.925Z] [3806/5133] RVTR282466 — Robbie Williams — Feel (Editor queued — awaiting distill)
[2026-06-28T22:49:57.410Z]   → published · 0s · editor complete · director complete · creative complete · publisher approved
[2026-06-28T22:49:57.443Z] [3807/5133] RVTR283373 — Gabrielle — Dreams (Editor queued — awaiting distill)
[2026-06-28T22:49:57.904Z]   → published · 0s · editor complete · director complete · creative complete · publisher approved
[2026-06-28T22:49:57.938Z] [3808/5133] RVTR283607 — Shy Carter Feat. Cole Swindell And David Lee Murphy — Beer With My Friends (Editor queued — awaiting distill)
[2026-06-28T22:49:58.432Z]   → published · 0s · editor complete · director complete · creative complete · publisher approved
[2026-06-28T22:49:58.466Z] [3809/5133] RVTR284461 — Meute — Anti Loudness (Editor queued — awaiting distill)
[2026-06-28T22:49:58.928Z]   → published · 0s · editor complete · director complete · creative complete · publisher approved
[2026-06-28T22:49:58.961Z] [3810/5133] RVTR284563 — Carrie Underwood & Joan Jett — Various Joan Jett Songs Cma Collaboration (Editor queued — awaiting distill)
[2026-06-28T22:49:59.429Z]   → published · 0s · editor complete · director complete · creative complete · publisher approved
[2026-06-28T22:49:59.463Z] [3811/5133] RVTR284607 — John Legend — Love Me Now (Editor queued — awaiting distill)
[2026-06-28T22:49:59.922Z]   → published · 0s · editor complete · director complete · creative complete · publisher approved
[2026-06-28T22:49:59.956Z] [3812/5133] RVTR286573 — Gorillaz — Dirty Harry (Editor queued — awaiting distill)
[2026-06-28T22:50:00.418Z]   → published · 0s · editor complete · director complete · creative complete · publisher approved
[2026-06-28T22:50:00.451Z] [3813/5133] RVTR286574 — R.e.m — Everybody Hurts (Editor queued — awaiting distill)
[2026-06-28T22:50:00.927Z]   → published · 0s · editor complete · director complete · creative complete · publisher approved
[2026-06-28T22:50:00.961Z] [3814/5133] RVTR286700 — Selena Gomez, Camilo — 999 (Editor queued — awaiting distill)
[2026-06-28T22:50:01.434Z]   → published · 0s · editor complete · director complete · creative complete · publisher approved
[2026-06-28T22:50:01.468Z] [3815/5133] RVTR286867 — Disturbed — Prayer (Editor queued — awaiting distill)
[2026-06-28T22:50:01.942Z]   → published · 0s · editor complete · director complete · creative complete · publisher approved
[2026-06-28T22:50:01.976Z] [3816/5133] RVTR287904 — Wayne Newton — The Letter (Editor queued — awaiting distill)
[2026-06-28T22:50:02.444Z]   → published · 0s · editor complete · director complete · creative complete · publisher approved
[2026-06-28T22:50:02.477Z] [3817/5133] RVTR288752 — Sheck Wes — Mo Bamba (Editor queued — awaiting distill)
[2026-06-28T22:50:02.943Z]   → published · 0s · editor complete · director complete · creative complete · publisher approved
[2026-06-28T22:50:02.977Z] [3818/5133] RVTR288916 — Herbie Hancock — Rockit (Editor queued — awaiting distill)
[2026-06-28T22:50:03.448Z]   → published · 0s · editor complete · director complete · creative complete · publisher approved
[2026-06-28T22:50:03.482Z] [3819/5133] RVTR290582 — Katy Perry — Roar (Editor queued — awaiting distill)
[2026-06-28T22:50:03.958Z]   → published · 0s · editor complete · director complete · creative complete · publisher approved
[2026-06-28T22:50:03.992Z] [3820/5133] RVTR290672 — Blondie — Picture This (Editor queued — awaiting distill)
[2026-06-28T22:50:04.467Z]   → published · 0s · editor complete · director complete · creative complete · publisher approved
[2026-06-28T22:50:04.501Z] [3821/5133] RVTR290687 — Billie Eilish — Nda (Editor queued — awaiting distill)
[2026-06-28T22:50:04.979Z]   → published · 0s · editor complete · director complete · creative complete · publisher approved
[2026-06-28T22:50:05.013Z] [3822/5133] RVTR291693 — Dusty Springfield — Lost (Editor queued — awaiting distill)
[2026-06-28T22:50:05.496Z]   → published · 0s · editor complete · director complete · creative complete · publisher approved
[2026-06-28T22:50:05.531Z] [3823/5133] RVTR292681 — Rihanna — Diamonds (Editor queued — awaiting distill)
[2026-06-28T22:50:06.013Z]   → published · 0s · editor complete · director complete · creative complete · publisher approved
[2026-06-28T22:50:06.047Z] [3824/5133] RVTR293364 — Badfinger — No Matter What (Editor queued — awaiting distill)
[2026-06-28T22:50:06.520Z]   → published · 0s · editor complete · director complete · creative complete · publisher approved
[2026-06-28T22:50:06.554Z] [3825/5133] RVTR294821 — Duran Duran — Notorious (Editor queued — awaiting distill)
[2026-06-28T22:50:07.034Z]   → published · 0s · editor complete · director complete · creative complete · publisher approved
[2026-06-28T22:50:07.067Z] [3826/5133] RVTR295205 — Mary J. Blige — I Am (Editor queued — awaiting distill)
[2026-06-28T22:50:07.532Z]   → published · 0s · editor complete · director complete · creative complete · publisher approved
[2026-06-28T22:50:07.566Z] [3827/5133] RVTR295846 — Black Eyed Peas — Hit It (Editor queued — awaiting distill)
[2026-06-28T22:50:08.036Z]   → published · 0s · editor complete · director complete · creative complete · publisher approved
[2026-06-28T22:50:08.069Z] [3828/5133] RVTR295893 — Tommy Roe — Heather Honey (Editor queued — awaiting distill)
[2026-06-28T22:50:08.547Z]   → published · 0s · editor complete · director complete · creative complete · publisher approved
[2026-06-28T22:50:08.580Z] [3829/5133] RVTR296391 — Young Love — Find A New Way (Editor queued — awaiting distill)
[2026-06-28T22:50:09.056Z]   → published · 0s · editor complete · director complete · creative complete · publisher approved
[2026-06-28T22:50:09.089Z] [3830/5133] RVTR296975 — Eric Paslay — Friday Night (Editor queued — awaiting distill)
[2026-06-28T22:50:09.591Z]   → published · 1s · editor complete · director complete · creative complete · publisher approved
[2026-06-28T22:50:09.626Z] [3831/5133] RVTR297524 — B.o.b — Nothin' On You (Editor queued — awaiting distill)
[2026-06-28T22:50:10.183Z]   → published · 1s · editor complete · director complete · creative complete · publisher approved
[2026-06-28T22:50:10.217Z] [3832/5133] RVTR297545 — Rihanna — Kiss It Better (Editor queued — awaiting distill)
[2026-06-28T22:50:10.684Z]   → published · 0s · editor complete · director complete · creative complete · publisher approved
[2026-06-28T22:50:10.718Z] [3833/5133] RVTR297615 — Saving Abel — 18 Days (Editor queued — awaiting distill)
[2026-06-28T22:50:11.195Z]   → published · 0s · editor complete · director complete · creative complete · publisher approved
[2026-06-28T22:50:11.230Z] [3834/5133] RVTR297646 — Kingdom Come — Get It On (Editor queued — awaiting distill)
[2026-06-28T22:50:11.712Z]   → published · 0s · editor complete · director complete · creative complete · publisher approved
[2026-06-28T22:50:11.747Z] [3835/5133] RVTR299332 — Boney M — Gotta Go Home (Editor queued — awaiting distill)
[2026-06-28T22:50:12.223Z]   → published · 0s · editor complete · director complete · creative complete · publisher approved
[2026-06-28T22:50:12.256Z] [3836/5133] RVTR299408 — Tomoyasu Hotei — Battle Without Honor Or Humanity Kill Bill (Editor queued — awaiting distill)
[2026-06-28T22:50:12.727Z]   → published · 0s · editor complete · director complete · creative complete · publisher approved
[2026-06-28T22:50:12.761Z] [3837/5133] RVTR300627 — Dmx — How's It Goin' Down (Editor queued — awaiting distill)
[2026-06-28T22:50:13.231Z]   → published · 0s · editor complete · director complete · creative complete · publisher approved
[2026-06-28T22:50:13.267Z] [3838/5133] RVTR300948 — Bon Jovi — Say It Isn't So (Editor queued — awaiting distill)
[2026-06-28T22:50:13.762Z]   → published · 0s · editor complete · director complete · creative complete · publisher approved
[2026-06-28T22:50:13.797Z] [3839/5133] RVTR302190 — Oasis — Supersonic (Editor queued — awaiting distill)
[2026-06-28T22:50:14.276Z]   → published · 0s · editor complete · director complete · creative complete · publisher approved
[2026-06-28T22:50:14.311Z] [3840/5133] RVTR302683 — Primus — Frizzle Fry (Editor queued — awaiting distill)
[2026-06-28T22:50:14.784Z]   → published · 0s · editor complete · director complete · creative complete · publisher approved
[2026-06-28T22:50:14.818Z] [3841/5133] RVTR302825 — Pepper — Give It Up (Editor queued — awaiting distill)
[2026-06-28T22:50:15.300Z]   → published · 0s · editor complete · director complete · creative complete · publisher approved
[2026-06-28T22:50:15.333Z] [3842/5133] RVTR303501 — Monica — For You I Will From Space Jam (Editor queued — awaiting distill)
[2026-06-28T22:50:15.814Z]   → published · 0s · editor complete · director complete · creative complete · publisher approved
[2026-06-28T22:50:15.848Z] [3843/5133] RVTR303579 — Ed Sheeran — Photograph (Editor queued — awaiting distill)
[2026-06-28T22:50:16.321Z]   → published · 0s · editor complete · director complete · creative complete · publisher approved
[2026-06-28T22:50:16.355Z] [3844/5133] RVTR304268 — Ratt — Wanted Man (Editor queued — awaiting distill)
[2026-06-28T22:50:16.838Z]   → published · 0s · editor complete · director complete · creative complete · publisher approved
[2026-06-28T22:50:16.872Z] [3845/5133] RVTR305267 — 311 — Amber (Editor queued — awaiting distill)
[2026-06-28T22:50:17.364Z]   → published · 0s · editor complete · director complete · creative complete · publisher approved
[2026-06-28T22:50:17.398Z] [3846/5133] RVTR305360 — Luke Bryan — Drunk On You (Editor queued — awaiting distill)
[2026-06-28T22:50:17.894Z]   → published · 0s · editor complete · director complete · creative complete · publisher approved
[2026-06-28T22:50:17.930Z] [3847/5133] RVTR305958 — Timbalamd — The Way I Are (Editor queued — awaiting distill)
[2026-06-28T22:50:18.465Z]   → published · 1s · editor complete · director complete · creative complete · publisher approved
[2026-06-28T22:50:18.501Z] [3848/5133] RVTR306458 — Eric Church — Springsteen (Editor queued — awaiting distill)
[2026-06-28T22:50:18.979Z]   → published · 0s · editor complete · director complete · creative complete · publisher approved
[2026-06-28T22:50:19.013Z] [3849/5133] RVTR306726 — Across The Universe — With A Little Help From My Friends 2007 (Editor queued — awaiting distill)
[2026-06-28T22:50:19.508Z]   → published · 0s · editor complete · director complete · creative complete · publisher approved
[2026-06-28T22:50:19.541Z] [3850/5133] RVTR307263 — J. Cole — False Prophets (Editor queued — awaiting distill)
[2026-06-28T22:50:20.025Z]   → published · 0s · editor complete · director complete · creative complete · publisher approved
[2026-06-28T22:50:20.153Z] --- Progress after 3850 processed ---
[2026-06-28T22:50:20.154Z] Collector complete: 5217
Editor complete: 1816
Director complete: 1815
Creative Review complete: 827
Published: 84
Failed (this run): 4
Remaining (collector done, not published): 5133
[2026-06-28T22:50:20.154Z] [3851/5133] RVTR307698 — Moby — Go (Editor queued — awaiting distill)
[2026-06-28T22:50:20.643Z]   → published · 0s · editor complete · director complete · creative complete · publisher approved
[2026-06-28T22:50:20.677Z] [3852/5133] RVTR308012 — Icehouse — Crazy (Editor queued — awaiting distill)
[2026-06-28T22:50:21.165Z]   → published · 0s · editor complete · director complete · creative complete · publisher approved
[2026-06-28T22:50:21.201Z] [3853/5133] RVTR309109 — Coldplay — Speed Of Sound (Editor queued — awaiting distill)
[2026-06-28T22:50:21.702Z]   → published · 1s · editor complete · director complete · creative complete · publisher approved
[2026-06-28T22:50:21.737Z] [3854/5133] RVTR310151 — Demi Lovato — Melon Cake (Editor queued — awaiting distill)
[2026-06-28T22:50:22.262Z]   → published · 1s · editor complete · director complete · creative complete · publisher approved
[2026-06-28T22:50:22.309Z] [3855/5133] RVTR310567 — Ferry Aid — Let It Be (Editor queued — awaiting distill)
[2026-06-28T22:50:22.832Z]   → published · 1s · editor complete · director complete · creative complete · publisher approved
[2026-06-28T22:50:22.866Z] [3856/5133] RVTR310632 — Bon Jovi — Make A Memory (Editor queued — awaiting distill)
[2026-06-28T22:50:23.355Z]   → published · 0s · editor complete · director complete · creative complete · publisher approved
[2026-06-28T22:50:23.388Z] [3857/5133] RVTR310934 — Robin Beck — The First Time (Editor queued — awaiting distill)
[2026-06-28T22:50:23.880Z]   → published · 0s · editor complete · director complete · creative complete · publisher approved
[2026-06-28T22:50:23.913Z] [3858/5133] RVTR310992 — Village People — Macho Man (Editor queued — awaiting distill)
[2026-06-28T22:50:24.413Z]   → published · 0s · editor complete · director complete · creative complete · publisher approved
[2026-06-28T22:50:24.447Z] [3859/5133] RVTR311144 — Lady Gaga — Bad Romance (Editor queued — awaiting distill)
[2026-06-28T22:50:24.972Z]   → published · 1s · editor complete · director complete · creative complete · publisher approved
[2026-06-28T22:50:25.006Z] [3860/5133] RVTR311294 — Eric Clapton — Forever Man (Editor queued — awaiting distill)
[2026-06-28T22:50:25.496Z]   → published · 0s · editor complete · director complete · creative complete · publisher approved
[2026-06-28T22:50:25.530Z] [3861/5133] RVTR311477 — Tom Petty — You Got Lucky (Editor queued — awaiting distill)
[2026-06-28T22:50:26.023Z]   → published · 0s · editor complete · director complete · creative complete · publisher approved
[2026-06-28T22:50:26.057Z] [3862/5133] RVTR311544 — Anberlin — Godspeed (Editor queued — awaiting distill)
[2026-06-28T22:50:26.579Z]   → published · 1s · editor complete · director complete · creative complete · publisher approved
[2026-06-28T22:50:26.614Z] [3863/5133] RVTR312585 — Weezer — Africa (Editor queued — awaiting distill)
[2026-06-28T22:50:27.115Z]   → published · 1s · editor complete · director complete · creative complete · publisher approved
[2026-06-28T22:50:27.149Z] [3864/5133] RVTR313110 — Scooter — Suavemente (Editor queued — awaiting distill)
[2026-06-28T22:50:27.638Z]   → published · 0s · editor complete · director complete · creative complete · publisher approved
[2026-06-28T22:50:27.672Z] [3865/5133] RVTR313252 — The Grid — Swamp Thing (Editor queued — awaiting distill)
[2026-06-28T22:50:28.166Z]   → published · 0s · editor complete · director complete · creative complete · publisher approved
[2026-06-28T22:50:28.200Z] [3866/5133] RVTR314375 — Cure — Boys Don't Cry (Editor queued — awaiting distill)
[2026-06-28T22:50:28.692Z]   → published · 0s · editor complete · director complete · creative complete · publisher approved
[2026-06-28T22:50:28.726Z] [3867/5133] RVTR314890 — Keith Carradine — I'm Easy (Editor queued — awaiting distill)
[2026-06-28T22:50:29.218Z]   → published · 0s · editor complete · director complete · creative complete · publisher approved
[2026-06-28T22:50:29.252Z] [3868/5133] RVTR315199 — The Animals — Cc Rider (Editor queued — awaiting distill)
[2026-06-28T22:50:29.744Z]   → published · 0s · editor complete · director complete · creative complete · publisher approved
[2026-06-28T22:50:29.778Z] [3869/5133] RVTR315962 — The Cowsills — Indian Lake (Editor queued — awaiting distill)
[2026-06-28T22:50:30.282Z]   → published · 1s · editor complete · director complete · creative complete · publisher approved
[2026-06-28T22:50:30.316Z] [3870/5133] RVTR316821 — Lady Gaga — Monster (Editor queued — awaiting distill)
[2026-06-28T22:50:30.829Z]   → published · 1s · editor complete · director complete · creative complete · publisher approved
[2026-06-28T22:50:30.865Z] [3871/5133] RVTR318183 — Drake — One Dance (Editor queued — awaiting distill)
[2026-06-28T22:50:31.422Z]   → published · 1s · editor complete · director complete · creative complete · publisher approved
[2026-06-28T22:50:31.457Z] [3872/5133] RVTR318971 — Exposé — Come Go With Me (Editor queued — awaiting distill)
[2026-06-28T22:50:31.956Z]   → published · 0s · editor complete · director complete · creative complete · publisher approved
[2026-06-28T22:50:31.990Z] [3873/5133] RVTR320465 — Bloc Party — The Prayer (Editor queued — awaiting distill)
[2026-06-28T22:50:32.492Z]   → published · 1s · editor complete · director complete · creative complete · publisher approved
[2026-06-28T22:50:32.527Z] [3874/5133] RVTR320562 — Dan + Shay — Speechless (Editor queued — awaiting distill)
[2026-06-28T22:50:33.032Z]   → published · 1s · editor complete · director complete · creative complete · publisher approved
[2026-06-28T22:50:33.065Z] [3875/5133] RVTR320838 — Fall Out Boy — Dance Dance (Editor queued — awaiting distill)
[2026-06-28T22:50:33.573Z]   → published · 1s · editor complete · director complete · creative complete · publisher approved
[2026-06-28T22:50:33.607Z] [3876/5133] RVTR321677 — 70's Disco — Various Mix (Editor queued — awaiting distill)
[2026-06-28T22:50:34.111Z]   → published · 1s · editor complete · director complete · creative complete · publisher approved
[2026-06-28T22:50:34.145Z] [3877/5133] RVTR321805 — The Beatles — Yesterday (Editor queued — awaiting distill)
[2026-06-28T22:50:34.651Z]   → published · 1s · editor complete · director complete · creative complete · publisher approved
[2026-06-28T22:50:34.684Z] [3878/5133] RVTR322390 — Eric Carmen — All By Myself (Editor queued — awaiting distill)
[2026-06-28T22:50:35.195Z]   → published · 1s · editor complete · director complete · creative complete · publisher approved
[2026-06-28T22:50:35.230Z] [3879/5133] RVTR322731 — Robert Plant — Big Log (Editor queued — awaiting distill)
[2026-06-28T22:50:35.745Z]   → published · 1s · editor complete · director complete · creative complete · publisher approved
[2026-06-28T22:50:35.780Z] [3880/5133] RVTR323198 — Onerepublic — Secrets (Editor queued — awaiting distill)
[2026-06-28T22:50:36.314Z]   → published · 1s · editor complete · director complete · creative complete · publisher approved
[2026-06-28T22:50:36.348Z] [3881/5133] RVTR324215 — Lady Gaga — Applause (Editor queued — awaiting distill)
[2026-06-28T22:50:36.857Z]   → published · 1s · editor complete · director complete · creative complete · publisher approved
[2026-06-28T22:50:36.892Z] [3882/5133] RVTR324524 — Grouplove — Tongue Tied (Editor queued — awaiting distill)
[2026-06-28T22:50:37.402Z]   → published · 1s · editor complete · director complete · creative complete · publisher approved
[2026-06-28T22:50:37.436Z] [3883/5133] RVTR325127 — Neil Sedaka — Bad Blood (Editor queued — awaiting distill)
[2026-06-28T22:50:37.975Z]   → published · 1s · editor complete · director complete · creative complete · publisher approved
[2026-06-28T22:50:38.010Z] [3884/5133] RVTR326290 — Gloria Estefan — Samba (Editor queued — awaiting distill)
[2026-06-28T22:50:38.517Z]   → published · 1s · editor complete · director complete · creative complete · publisher approved
[2026-06-28T22:50:38.552Z] [3885/5133] RVTR326599 — Don Johnson — Heartbeat (Editor queued — awaiting distill)
[2026-06-28T22:50:39.059Z]   → published · 1s · editor complete · director complete · creative complete · publisher approved
[2026-06-28T22:50:39.093Z] [3886/5133] RVTR326804 — Mr. Big — Shine (Editor queued — awaiting distill)
[2026-06-28T22:50:39.606Z]   → published · 1s · editor complete · director complete · creative complete · publisher approved
[2026-06-28T22:50:39.640Z] [3887/5133] RVTR327340 — Kid Rock — American Bad Ass (Editor queued — awaiting distill)
[2026-06-28T22:50:40.154Z]   → published · 1s · editor complete · director complete · creative complete · publisher approved
[2026-06-28T22:50:40.189Z] [3888/5133] RVTR327535 — Ne-yo — Beautiful Monster (Editor queued — awaiting distill)
[2026-06-28T22:50:40.705Z]   → published · 1s · editor complete · director complete · creative complete · publisher approved
[2026-06-28T22:50:40.740Z] [3889/5133] RVTR327744 — Public Enemy — 911 Is A Joke (Editor queued — awaiting distill)
[2026-06-28T22:50:41.254Z]   → published · 1s · editor complete · director complete · creative complete · publisher approved
[2026-06-28T22:50:41.288Z] [3890/5133] RVTR327995 — Zedd — Clarity (Editor queued — awaiting distill)
[2026-06-28T22:50:41.796Z]   → published · 1s · editor complete · director complete · creative complete · publisher approved
[2026-06-28T22:50:41.830Z] [3891/5133] RVTR328062 — Luke Bryan — Down To One (Editor queued — awaiting distill)
[2026-06-28T22:50:42.341Z]   → published · 1s · editor complete · director complete · creative complete · publisher approved
[2026-06-28T22:50:42.376Z] [3892/5133] RVTR328071 — Mötley Crüe — Kickstart My Heart (Editor queued — awaiting distill)
[2026-06-28T22:50:42.915Z]   → published · 1s · editor complete · director complete · creative complete · publisher approved
[2026-06-28T22:50:42.998Z] [3893/5133] RVTR328202 — Kenny Chesney — When The Sun Goes Down (Editor queued — awaiting distill)
[2026-06-28T22:50:43.561Z]   → published · 1s · editor complete · director complete · creative complete · publisher approved
[2026-06-28T22:50:43.596Z] [3894/5133] RVTR328388 — The Cult — Fire Woman (Editor queued — awaiting distill)
[2026-06-28T22:50:44.122Z]   → published · 1s · editor complete · director complete · creative complete · publisher approved
[2026-06-28T22:50:44.155Z] [3895/5133] RVTR328510 — DJ Russ Harris F.dj Keri & Bam Bam Buddha — Drums In The Club (Editor queued — awaiting distill)
[2026-06-28T22:50:44.692Z]   → published · 1s · editor complete · director complete · creative complete · publisher approved
[2026-06-28T22:50:44.731Z] [3896/5133] RVTR329534 — Abc — Poison Arrow (Editor queued — awaiting distill)
[2026-06-28T22:50:45.403Z]   → published · 1s · editor complete · director complete · creative complete · publisher approved
[2026-06-28T22:50:45.438Z] [3897/5133] RVTR329575 — Anna Kendrick — Cups Pitch Perfect's When I'm Gone (Editor queued — awaiting distill)
[2026-06-28T22:50:45.956Z]   → published · 1s · editor complete · director complete · creative complete · publisher approved
[2026-06-28T22:50:45.990Z] [3898/5133] RVTR329934 — Pil — The Body (Editor queued — awaiting distill)
[2026-06-28T22:50:46.501Z]   → published · 1s · editor complete · director complete · creative complete · publisher approved
[2026-06-28T22:50:46.535Z] [3899/5133] RVTR330250 — Wale — Chillin (Editor queued — awaiting distill)
[2026-06-28T22:50:47.049Z]   → published · 1s · editor complete · director complete · creative complete · publisher approved
[2026-06-28T22:50:47.086Z] [3900/5133] RVTR330264 — The Beatles — Day Tripper (Editor queued — awaiting distill)
[2026-06-28T22:50:47.702Z]   → published · 1s · editor complete · director complete · creative complete · publisher approved
[2026-06-28T22:50:47.835Z] --- Progress after 3900 processed ---
[2026-06-28T22:50:47.835Z] Collector complete: 5217
Editor complete: 1866
Director complete: 1865
Creative Review complete: 877
Published: 84
Failed (this run): 4
Remaining (collector done, not published): 5133
[2026-06-28T22:50:47.836Z] [3901/5133] RVTR330416 — Eric Clapton — Layla (Editor queued — awaiting distill)
[2026-06-28T22:50:48.372Z]   → published · 1s · editor complete · director complete · creative complete · publisher approved
[2026-06-28T22:50:48.407Z] [3902/5133] RVTR330901 — Dirty Heads — Vacation (Editor queued — awaiting distill)
[2026-06-28T22:50:48.948Z]   → published · 1s · editor complete · director complete · creative complete · publisher approved
[2026-06-28T22:50:48.983Z] [3903/5133] RVTR331029 — Janet Jackson — Runaway (Editor queued — awaiting distill)
[2026-06-28T22:50:49.551Z]   → published · 1s · editor complete · director complete · creative complete · publisher approved
[2026-06-28T22:50:49.587Z] [3904/5133] RVTR331292 — The Alarm — Rescue Me (Editor queued — awaiting distill)
[2026-06-28T22:50:50.122Z]   → published · 1s · editor complete · director complete · creative complete · publisher approved
[2026-06-28T22:50:50.157Z] [3905/5133] RVTR331946 — Lumidee F.pitbull — Crazy (Editor queued — awaiting distill)
[2026-06-28T22:50:50.681Z]   → published · 1s · editor complete · director complete · creative complete · publisher approved
[2026-06-28T22:50:50.716Z] [3906/5133] RVTR332130 — Stranglers — Skin Deep (Editor queued — awaiting distill)
[2026-06-28T22:50:51.245Z]   → published · 1s · editor complete · director complete · creative complete · publisher approved
[2026-06-28T22:50:51.278Z] [3907/5133] RVTR332188 — Maren Morris — Rich (Editor queued — awaiting distill)
[2026-06-28T22:50:51.805Z]   → published · 1s · editor complete · director complete · creative complete · publisher approved
[2026-06-28T22:50:51.840Z] [3908/5133] RVTR333493 — Kool — Cherish (Editor queued — awaiting distill)
[2026-06-28T22:50:52.382Z]   → published · 1s · editor complete · director complete · creative complete · publisher approved
[2026-06-28T22:50:52.416Z] [3909/5133] RVTR333563 — The Chainsmokers — Roses (Editor queued — awaiting distill)
[2026-06-28T22:50:52.963Z]   → published · 1s · editor complete · director complete · creative complete · publisher approved
[2026-06-28T22:50:53.003Z] [3910/5133] RVTR333602 — B2k — Bump Bump Bump (Editor queued — awaiting distill)
[2026-06-28T22:50:53.564Z]   → published · 1s · editor complete · director complete · creative complete · publisher approved
[2026-06-28T22:50:53.598Z] [3911/5133] RVTR334595 — Dean Lewis — Be Alright (Editor queued — awaiting distill)
[2026-06-28T22:50:54.143Z]   → published · 1s · editor complete · director complete · creative complete · publisher approved
[2026-06-28T22:50:54.178Z] [3912/5133] RVTR334629 — Rob Zombie — Superbeast (Editor queued — awaiting distill)
[2026-06-28T22:50:54.710Z]   → published · 1s · editor complete · director complete · creative complete · publisher approved
[2026-06-28T22:50:54.744Z] [3913/5133] RVTR335028 — The Weeknd — Reminder (Editor queued — awaiting distill)
[2026-06-28T22:50:55.266Z]   → published · 1s · editor complete · director complete · creative complete · publisher approved
[2026-06-28T22:50:55.330Z] [3914/5133] RVTR335164 — Shape Uk — Lola's Theme (Editor queued — awaiting distill)
[2026-06-28T22:50:55.852Z]   → published · 1s · editor complete · director complete · creative complete · publisher approved
[2026-06-28T22:50:55.886Z] [3915/5133] RVTR335276 — Jade — Don't Walk Away (Editor queued — awaiting distill)
[2026-06-28T22:50:56.421Z]   → published · 1s · editor complete · director complete · creative complete · publisher approved
[2026-06-28T22:50:56.455Z] [3916/5133] RVTR335516 — Dangerous Toys — Scared (Editor queued — awaiting distill)
[2026-06-28T22:50:56.989Z]   → published · 1s · editor complete · director complete · creative complete · publisher approved
[2026-06-28T22:50:57.023Z] [3917/5133] RVTR336544 — Shawn Mullins — Lullaby (Editor queued — awaiting distill)
[2026-06-28T22:50:57.553Z]   → published · 1s · editor complete · director complete · creative complete · publisher approved
[2026-06-28T22:50:57.588Z] [3918/5133] RVTR337557 — Miley Cyrus — Adore You (Editor queued — awaiting distill)
[2026-06-28T22:50:58.123Z]   → published · 1s · editor complete · director complete · creative complete · publisher approved
[2026-06-28T22:50:58.158Z] [3919/5133] RVTR338115 — Classified — Up All Night (Editor queued — awaiting distill)
[2026-06-28T22:50:58.686Z]   → published · 1s · editor complete · director complete · creative complete · publisher approved
[2026-06-28T22:50:58.720Z] [3920/5133] RVTR338188 — Busta Rhymes — Turn It Up (Editor queued — awaiting distill)
[2026-06-28T22:50:59.258Z]   → published · 1s · editor complete · director complete · creative complete · publisher approved
[2026-06-28T22:50:59.296Z] [3921/5133] RVTR339269 — Leann Rimes — How Do I Live (Editor queued — awaiting distill)
[2026-06-28T22:50:59.832Z]   → published · 1s · editor complete · director complete · creative complete · publisher approved
[2026-06-28T22:50:59.869Z] [3922/5133] RVTR339552 — Paul Mccartney — Hi Hi Hi (Editor queued — awaiting distill)
[2026-06-28T22:51:00.394Z]   → published · 1s · editor complete · director complete · creative complete · publisher approved
[2026-06-28T22:51:00.432Z] [3923/5133] RVTR339805 — Psy — Gentleman (Editor queued — awaiting distill)
[2026-06-28T22:51:00.976Z]   → published · 1s · editor complete · director complete · creative complete · publisher approved
[2026-06-28T22:51:01.010Z] [3924/5133] RVTR340358 — Savage — Only You (Editor queued — awaiting distill)
[2026-06-28T22:51:01.594Z]   → published · 1s · editor complete · director complete · creative complete · publisher approved
[2026-06-28T22:51:01.634Z] [3925/5133] RVTR342149 — Teddybears — Cobrastyle (Editor queued — awaiting distill)
[2026-06-28T22:51:02.166Z]   → published · 1s · editor complete · director complete · creative complete · publisher approved
[2026-06-28T22:51:02.205Z] [3926/5133] RVTR342415 — Enrique Iglesias — Escape (Editor queued — awaiting distill)
[2026-06-28T22:51:02.741Z]   → published · 1s · editor complete · director complete · creative complete · publisher approved
[2026-06-28T22:51:02.779Z] [3927/5133] RVTR343282 — Shontelle — Impossible (Editor queued — awaiting distill)
[2026-06-28T22:51:03.313Z]   → published · 1s · editor complete · director complete · creative complete · publisher approved
[2026-06-28T22:51:03.351Z] [3928/5133] RVTR343323 — Parmalee — Close Your Eyes (Editor queued — awaiting distill)
[2026-06-28T22:51:03.877Z]   → published · 1s · editor complete · director complete · creative complete · publisher approved
[2026-06-28T22:51:03.916Z] [3929/5133] RVTR343341 — Little Big Town — Pontoon (Editor queued — awaiting distill)
[2026-06-28T22:51:04.449Z]   → published · 1s · editor complete · director complete · creative complete · publisher approved
[2026-06-28T22:51:04.487Z] [3930/5133] RVTR343734 — Saigon Kick — All I Want (Editor queued — awaiting distill)
[2026-06-28T22:51:05.026Z]   → published · 1s · editor complete · director complete · creative complete · publisher approved
[2026-06-28T22:51:05.064Z] [3931/5133] RVTR344019 — Madonna — Holiday (Editor queued — awaiting distill)
[2026-06-28T22:51:05.599Z]   → published · 1s · editor complete · director complete · creative complete · publisher approved
[2026-06-28T22:51:05.639Z] [3932/5133] RVTR345198 — Don Omar — Sexy Robotica (Editor queued — awaiting distill)
[2026-06-28T22:51:06.185Z]   → published · 1s · editor complete · director complete · creative complete · publisher approved
[2026-06-28T22:51:06.224Z] [3933/5133] RVTR345578 — The Who — Who Are You (Editor queued — awaiting distill)
[2026-06-28T22:51:06.771Z]   → published · 1s · editor complete · director complete · creative complete · publisher approved
[2026-06-28T22:51:06.808Z] [3934/5133] RVTR346407 — Brandy — Brokenhearted (Editor queued — awaiting distill)
[2026-06-28T22:51:07.352Z]   → published · 1s · editor complete · director complete · creative complete · publisher approved
[2026-06-28T22:51:07.390Z] [3935/5133] RVTR346838 — Brooke Eden — No Shade (Editor queued — awaiting distill)
[2026-06-28T22:51:07.922Z]   → published · 1s · editor complete · director complete · creative complete · publisher approved
[2026-06-28T22:51:07.962Z] [3936/5133] RVTR347931 — Ed Sheeran — Shape Of You (Editor queued — awaiting distill)
[2026-06-28T22:51:08.503Z]   → published · 1s · editor complete · director complete · creative complete · publisher approved
[2026-06-28T22:51:08.543Z] [3937/5133] RVTR348644 — Reignwolf — Keeper (Editor queued — awaiting distill)
[2026-06-28T22:51:09.083Z]   → published · 1s · editor complete · director complete · creative complete · publisher approved
[2026-06-28T22:51:09.122Z] [3938/5133] RVTR348814 — The Beatles — Free As A Bird (Editor queued — awaiting distill)
[2026-06-28T22:51:09.713Z]   → published · 1s · editor complete · director complete · creative complete · publisher approved
[2026-06-28T22:51:09.756Z] [3939/5133] RVTR348836 — Jewel — Foolish Games You Were Meant For Me (Editor queued — awaiting distill)
[2026-06-28T22:51:10.314Z]   → published · 1s · editor complete · director complete · creative complete · publisher approved
[2026-06-28T22:51:10.354Z] [3940/5133] RVTR349007 — Meg Myers — Numb (Editor queued — awaiting distill)
[2026-06-28T22:51:10.927Z]   → published · 1s · editor complete · director complete · creative complete · publisher approved
[2026-06-28T22:51:10.965Z] [3941/5133] RVTR349146 — Roy Orbison And Elvis Presley — Pretty Woman Polk Salad Annie (Editor queued — awaiting distill)
[2026-06-28T22:51:11.497Z]   → published · 1s · editor complete · director complete · creative complete · publisher approved
[2026-06-28T22:51:11.535Z] [3942/5133] RVTR349467 — Breathe — Hands To Heaven (Editor queued — awaiting distill)
[2026-06-28T22:51:12.083Z]   → published · 1s · editor complete · director complete · creative complete · publisher approved
[2026-06-28T22:51:12.121Z] [3943/5133] RVTR349736 — Killers, The — Bones (Editor queued — awaiting distill)
[2026-06-28T22:51:12.664Z]   → published · 1s · editor complete · director complete · creative complete · publisher approved
[2026-06-28T22:51:12.702Z] [3944/5133] RVTR350566 — Clutch — Electric Worry (Editor queued — awaiting distill)
[2026-06-28T22:51:13.244Z]   → published · 1s · editor complete · director complete · creative complete · publisher approved
[2026-06-28T22:51:13.281Z] [3945/5133] RVTR351397 — Go West — Faithful (Editor queued — awaiting distill)
[2026-06-28T22:51:13.816Z]   → published · 1s · editor complete · director complete · creative complete · publisher approved
[2026-06-28T22:51:13.855Z] [3946/5133] RVTR351554 — Mariah Carey — Hero (Editor queued — awaiting distill)
[2026-06-28T22:51:14.471Z]   → published · 1s · editor complete · director complete · creative complete · publisher approved
[2026-06-28T22:51:14.513Z] [3947/5133] RVTR351766 — Gangstagrass — All For One (Editor queued — awaiting distill)
[2026-06-28T22:51:15.058Z]   → published · 1s · editor complete · director complete · creative complete · publisher approved
[2026-06-28T22:51:15.097Z] [3948/5133] RVTR352783 — Abba — Money Money Money (Editor queued — awaiting distill)
[2026-06-28T22:51:15.643Z]   → published · 1s · editor complete · director complete · creative complete · publisher approved
[2026-06-28T22:51:15.680Z] [3949/5133] RVTR353541 — Muse — Uprising (Editor queued — awaiting distill)
[2026-06-28T22:51:16.228Z]   → published · 1s · editor complete · director complete · creative complete · publisher approved
[2026-06-28T22:51:16.266Z] [3950/5133] RVTR353610 — U2 — New Year's Day (Editor queued — awaiting distill)
[2026-06-28T22:51:16.818Z]   → published · 1s · editor complete · director complete · creative complete · publisher approved
[2026-06-28T22:51:16.938Z] --- Progress after 3950 processed ---
[2026-06-28T22:51:16.939Z] Collector complete: 5217
Editor complete: 1916
Director complete: 1915
Creative Review complete: 927
Published: 84
Failed (this run): 4
Remaining (collector done, not published): 5133
[2026-06-28T22:51:16.939Z] [3951/5133] RVTR353922 — No Doubt — Rich Girl (Editor queued — awaiting distill)
[2026-06-28T22:51:17.494Z]   → published · 1s · editor complete · director complete · creative complete · publisher approved
[2026-06-28T22:51:17.534Z] [3952/5133] RVTR356133 — Christina Perri — Arms (Editor queued — awaiting distill)
[2026-06-28T22:51:18.099Z]   → published · 1s · editor complete · director complete · creative complete · publisher approved
[2026-06-28T22:51:18.139Z] [3953/5133] RVTR357731 — Little Mix — Black Magic (Editor queued — awaiting distill)
[2026-06-28T22:51:18.696Z]   → published · 1s · editor complete · director complete · creative complete · publisher approved
[2026-06-28T22:51:18.736Z] [3954/5133] RVTR357762 — America — The Border (Editor queued — awaiting distill)
[2026-06-28T22:51:19.307Z]   → published · 1s · editor complete · director complete · creative complete · publisher approved
[2026-06-28T22:51:19.348Z] [3955/5133] RVTR358029 — Pink — Stupid Girls (Editor queued — awaiting distill)
[2026-06-28T22:51:19.928Z]   → published · 1s · editor complete · director complete · creative complete · publisher approved
[2026-06-28T22:51:19.962Z] [3956/5133] RVTR358103 — Pee Wee Herman — Tequila (Editor queued — awaiting distill)
[2026-06-28T22:51:20.517Z]   → published · 1s · editor complete · director complete · creative complete · publisher approved
[2026-06-28T22:51:20.555Z] [3957/5133] RVTR358156 — Abc — Be Near Me (Editor queued — awaiting distill)
[2026-06-28T22:51:21.106Z]   → published · 1s · editor complete · director complete · creative complete · publisher approved
[2026-06-28T22:51:21.145Z] [3958/5133] RVTR359291 — Zedd — 365 (Editor queued — awaiting distill)
[2026-06-28T22:51:21.683Z]   → published · 1s · editor complete · director complete · creative complete · publisher approved
[2026-06-28T22:51:21.721Z] [3959/5133] RVTR360104 — Shawn Mendes — In My Blood (Editor queued — awaiting distill)
[2026-06-28T22:51:22.277Z]   → published · 1s · editor complete · director complete · creative complete · publisher approved
[2026-06-28T22:51:22.316Z] [3960/5133] RVTR360311 — Gabby Barrett — I Hope (Editor queued — awaiting distill)
[2026-06-28T22:51:22.889Z]   → published · 1s · editor complete · director complete · creative complete · publisher approved
[2026-06-28T22:51:22.928Z] [3961/5133] RVTR361813 — Miley Cyrus — 7 Things (Editor queued — awaiting distill)
[2026-06-28T22:51:23.482Z]   → published · 1s · editor complete · director complete · creative complete · publisher approved
[2026-06-28T22:51:23.523Z] [3962/5133] RVTR362540 — Colin Benders & Cato Van Dijck — I Feel Love (Editor queued — awaiting distill)
[2026-06-28T22:51:24.079Z]   → published · 1s · editor complete · director complete · creative complete · publisher approved
[2026-06-28T22:51:24.117Z] [3963/5133] RVTR362645 — Jimmy Buffett — Volcano (Editor queued — awaiting distill)
[2026-06-28T22:51:24.666Z]   → published · 1s · editor complete · director complete · creative complete · publisher approved
[2026-06-28T22:51:24.705Z] [3964/5133] RVTR363762 — Flo Rida — Right Round (Editor queued — awaiting distill)
[2026-06-28T22:51:25.258Z]   → published · 1s · editor complete · director complete · creative complete · publisher approved
[2026-06-28T22:51:25.297Z] [3965/5133] RVTR364565 — Madonna — Jump (Editor queued — awaiting distill)
[2026-06-28T22:51:25.855Z]   → published · 1s · editor complete · director complete · creative complete · publisher approved
[2026-06-28T22:51:25.893Z] [3966/5133] RVTR364672 — Hunter Hayes — Wanted (Editor queued — awaiting distill)
[2026-06-28T22:51:26.459Z]   → published · 1s · editor complete · director complete · creative complete · publisher approved
[2026-06-28T22:51:26.500Z] [3967/5133] RVTR364973 — Soul Asylum — Misery (Editor queued — awaiting distill)
[2026-06-28T22:51:27.059Z]   → published · 1s · editor complete · director complete · creative complete · publisher approved
[2026-06-28T22:51:27.099Z] [3968/5133] RVTR364998 — Jessie J — Domino (Editor queued — awaiting distill)
[2026-06-28T22:51:27.664Z]   → published · 1s · editor complete · director complete · creative complete · publisher approved
[2026-06-28T22:51:27.715Z] [3969/5133] RVTR365840 — Ween — Ocean Man (Editor queued — awaiting distill)
[2026-06-28T22:51:28.290Z]   → published · 1s · editor complete · director complete · creative complete · publisher approved
[2026-06-28T22:51:28.330Z] [3970/5133] RVTR366472 — Hole — Violet (Editor queued — awaiting distill)
[2026-06-28T22:51:28.895Z]   → published · 1s · editor complete · director complete · creative complete · publisher approved
[2026-06-28T22:51:28.935Z] [3971/5133] RVTR367258 — Hard Fi — Cash Machine (Editor queued — awaiting distill)
[2026-06-28T22:51:29.514Z]   → published · 1s · editor complete · director complete · creative complete · publisher approved
[2026-06-28T22:51:29.549Z] [3972/5133] RVTR367471 — Nelly — Just A Dream (Editor queued — awaiting distill)
[2026-06-28T22:51:30.108Z]   → published · 1s · editor complete · director complete · creative complete · publisher approved
[2026-06-28T22:51:30.142Z] [3973/5133] RVTR367905 — Madonna — Oh Father (Editor queued — awaiting distill)
[2026-06-28T22:51:30.708Z]   → published · 1s · editor complete · director complete · creative complete · publisher approved
[2026-06-28T22:51:30.743Z] [3974/5133] RVTR370051 — Migos — Fight Night (Editor queued — awaiting distill)
[2026-06-28T22:51:31.317Z]   → published · 1s · editor complete · director complete · creative complete · publisher approved
[2026-06-28T22:51:31.351Z] [3975/5133] RVTR370540 — Tamperer — Feel It (Editor queued — awaiting distill)
[2026-06-28T22:51:31.912Z]   → published · 1s · editor complete · director complete · creative complete · publisher approved
[2026-06-28T22:51:31.947Z] [3976/5133] RVTR371585 — Shania Twain — Up (Editor queued — awaiting distill)
[2026-06-28T22:51:32.519Z]   → published · 1s · editor complete · director complete · creative complete · publisher approved
[2026-06-28T22:51:32.554Z] [3977/5133] RVTR371692 — Lorde — Team (Editor queued — awaiting distill)
[2026-06-28T22:51:33.115Z]   → published · 1s · editor complete · director complete · creative complete · publisher approved
[2026-06-28T22:51:33.150Z] [3978/5133] RVTR371781 — Dua Lipa — New Rules (Editor queued — awaiting distill)
[2026-06-28T22:51:33.713Z]   → published · 1s · editor complete · director complete · creative complete · publisher approved
[2026-06-28T22:51:33.752Z] [3979/5133] RVTR372422 — Soda Club — Someday (Editor queued — awaiting distill)
[2026-06-28T22:51:34.317Z]   → published · 1s · editor complete · director complete · creative complete · publisher approved
[2026-06-28T22:51:34.356Z] [3980/5133] RVTR373817 — My Chemical Romance — Sing (Editor queued — awaiting distill)
[2026-06-28T22:51:34.925Z]   → published · 1s · editor complete · director complete · creative complete · publisher approved
[2026-06-28T22:51:34.963Z] [3981/5133] RVTR376128 — Nelly — Number One (Editor queued — awaiting distill)
[2026-06-28T22:51:35.524Z]   → published · 1s · editor complete · director complete · creative complete · publisher approved
[2026-06-28T22:51:35.564Z] [3982/5133] RVTR376649 — Cameo — Candy (Editor queued — awaiting distill)
[2026-06-28T22:51:36.131Z]   → published · 1s · editor complete · director complete · creative complete · publisher approved
[2026-06-28T22:51:36.169Z] [3983/5133] RVTR376886 — Pitbull — Bon Bon (Editor queued — awaiting distill)
[2026-06-28T22:51:36.754Z]   → published · 1s · editor complete · director complete · creative complete · publisher approved
[2026-06-28T22:51:36.794Z] [3984/5133] RVTR377121 — Lee Ritenour — Is It You (Editor queued — awaiting distill)
[2026-06-28T22:51:37.378Z]   → published · 1s · editor complete · director complete · creative complete · publisher approved
[2026-06-28T22:51:37.416Z] [3985/5133] RVTR377324 — Michael Gray — Borderline (Editor queued — awaiting distill)
[2026-06-28T22:51:37.979Z]   → published · 1s · editor complete · director complete · creative complete · publisher approved
[2026-06-28T22:51:38.017Z] [3986/5133] RVTR377970 — Gorillaz — Feel Good Inc (Editor queued — awaiting distill)
[2026-06-28T22:51:38.591Z]   → published · 1s · editor complete · director complete · creative complete · publisher approved
[2026-06-28T22:51:38.630Z] [3987/5133] RVTR377978 — Chantay's — Pipeline (Editor queued — awaiting distill)
[2026-06-28T22:51:39.203Z]   → published · 1s · editor complete · director complete · creative complete · publisher approved
[2026-06-28T22:51:39.242Z] [3988/5133] RVTR378025 — Ac/dc — Who Made Who (Editor queued — awaiting distill)
[2026-06-28T22:51:39.822Z]   → published · 1s · editor complete · director complete · creative complete · publisher approved
[2026-06-28T22:51:39.858Z] [3989/5133] RVTR378590 — Lou Reed — Foot Of Pride (Editor queued — awaiting distill)
[2026-06-28T22:51:40.436Z]   → published · 1s · editor complete · director complete · creative complete · publisher approved
[2026-06-28T22:51:40.478Z] [3990/5133] RVTR378967 — Train — If It's Love (Editor queued — awaiting distill)
[2026-06-28T22:51:41.056Z]   → published · 1s · editor complete · director complete · creative complete · publisher approved
[2026-06-28T22:51:41.091Z] [3991/5133] RVTR380317 — Blue October — Hate Me (Editor queued — awaiting distill)
[2026-06-28T22:51:41.712Z]   → published · 1s · editor complete · director complete · creative complete · publisher approved
[2026-06-28T22:51:41.747Z] [3992/5133] RVTR380740 — Gloriana — Can't Shake You (Editor queued — awaiting distill)
[2026-06-28T22:51:42.345Z]   → published · 1s · editor complete · director complete · creative complete · publisher approved
[2026-06-28T22:51:42.383Z] [3993/5133] RVTR380964 — Bakar — The Mission (Editor queued — awaiting distill)
[2026-06-28T22:51:42.996Z]   → published · 1s · editor complete · director complete · creative complete · publisher approved
[2026-06-28T22:51:43.031Z] [3994/5133] RVTR381988 — Anne Marie — Ciao Adios (Editor queued — awaiting distill)
[2026-06-28T22:51:43.792Z]   → published · 1s · editor complete · director complete · creative complete · publisher approved
[2026-06-28T22:51:43.836Z] [3995/5133] RVTR383364 — Glass Tiger — Someday (Editor queued — awaiting distill)
[2026-06-28T22:51:44.428Z]   → published · 1s · editor complete · director complete · creative complete · publisher approved
[2026-06-28T22:51:44.463Z] [3996/5133] RVTR383649 — Awesome 3 — Don't Go (Editor queued — awaiting distill)
[2026-06-28T22:51:45.042Z]   → published · 1s · editor complete · director complete · creative complete · publisher approved
[2026-06-28T22:51:45.086Z] [3997/5133] RVTR383967 — Maroon 5 — One More Night (Editor queued — awaiting distill)
[2026-06-28T22:51:45.679Z]   → published · 1s · editor complete · director complete · creative complete · publisher approved
[2026-06-28T22:51:45.715Z] [3998/5133] RVTR384404 — Love And Rockets — So Alive (Editor queued — awaiting distill)
[2026-06-28T22:51:46.287Z]   → published · 1s · editor complete · director complete · creative complete · publisher approved
[2026-06-28T22:51:46.326Z] [3999/5133] RVTR384694 — Oasis — Live Forever (Editor queued — awaiting distill)
[2026-06-28T22:51:46.908Z]   → published · 1s · editor complete · director complete · creative complete · publisher approved
[2026-06-28T22:51:46.944Z] [4000/5133] RVTR385522 — Flex — Cupid (Editor queued — awaiting distill)
[2026-06-28T22:51:47.521Z]   → published · 1s · editor complete · director complete · creative complete · publisher approved
[2026-06-28T22:51:47.645Z] --- Progress after 4000 processed ---
[2026-06-28T22:51:47.645Z] Collector complete: 5217
Editor complete: 1966
Director complete: 1965
Creative Review complete: 977
Published: 84
Failed (this run): 4
Remaining (collector done, not published): 5133
[2026-06-28T22:51:47.646Z] [4001/5133] RVTR385808 — Fall Out Boy — Centuries (Editor queued — awaiting distill)
[2026-06-28T22:51:48.224Z]   → published · 1s · editor complete · director complete · creative complete · publisher approved
[2026-06-28T22:51:48.260Z] [4002/5133] RVTR385973 — No Doubt — Cool (Editor queued — awaiting distill)
[2026-06-28T22:51:48.851Z]   → published · 1s · editor complete · director complete · creative complete · publisher approved
[2026-06-28T22:51:48.893Z] [4003/5133] RVTR386134 — J. Cole — Neighbors (Editor queued — awaiting distill)
[2026-06-28T22:51:49.495Z]   → published · 1s · editor complete · director complete · creative complete · publisher approved
[2026-06-28T22:51:49.530Z] [4004/5133] RVTR386899 — Madonna — Love Profusion (Editor queued — awaiting distill)
[2026-06-28T22:51:50.113Z]   → published · 1s · editor complete · director complete · creative complete · publisher approved
[2026-06-28T22:51:50.153Z] [4005/5133] RVTR387096 — D'angelo — Lady (Editor queued — awaiting distill)
[2026-06-28T22:51:50.751Z]   → published · 1s · editor complete · director complete · creative complete · publisher approved
[2026-06-28T22:51:50.787Z] [4006/5133] RVTR387477 — Fischerspooner — Emerge (Editor queued — awaiting distill)
[2026-06-28T22:51:51.369Z]   → published · 1s · editor complete · director complete · creative complete · publisher approved
[2026-06-28T22:51:51.410Z] [4007/5133] RVTR387658 — Fetty Wap — Trap Queen (Editor queued — awaiting distill)
[2026-06-28T22:51:52.023Z]   → published · 1s · editor complete · director complete · creative complete · publisher approved
[2026-06-28T22:51:52.059Z] [4008/5133] RVTR388119 — Triumph — Say Goodbye (Editor queued — awaiting distill)
[2026-06-28T22:51:52.650Z]   → published · 1s · editor complete · director complete · creative complete · publisher approved
[2026-06-28T22:51:52.685Z] [4009/5133] RVTR388333 — Staind — Zoe Jane (Editor queued — awaiting distill)
[2026-06-28T22:51:53.269Z]   → published · 1s · editor complete · director complete · creative complete · publisher approved
[2026-06-28T22:51:53.307Z] [4010/5133] RVTR388600 — The Beatles — Penny Lane (Editor queued — awaiting distill)
[2026-06-28T22:51:53.903Z]   → published · 1s · editor complete · director complete · creative complete · publisher approved
[2026-06-28T22:51:53.941Z] [4011/5133] RVTR388772 — Double Dee — Found Love (Editor queued — awaiting distill)
[2026-06-28T22:51:54.528Z]   → published · 1s · editor complete · director complete · creative complete · publisher approved
[2026-06-28T22:51:54.566Z] [4012/5133] RVTR388920 — Greg Holden — The Lost Boy (Editor queued — awaiting distill)
[2026-06-28T22:51:55.155Z]   → published · 1s · editor complete · director complete · creative complete · publisher approved
[2026-06-28T22:51:55.190Z] [4013/5133] RVTR390345 — Shaggy — Freaky Girl (Editor queued — awaiting distill)
[2026-06-28T22:51:55.773Z]   → published · 1s · editor complete · director complete · creative complete · publisher approved
[2026-06-28T22:51:55.813Z] [4014/5133] RVTR390851 — Leona Lewis — Happy (Editor queued — awaiting distill)
[2026-06-28T22:51:56.402Z]   → published · 1s · editor complete · director complete · creative complete · publisher approved
[2026-06-28T22:51:56.437Z] [4015/5133] RVTR391394 — Kevin Lyttle — Turn Me On (Editor queued — awaiting distill)
[2026-06-28T22:51:57.022Z]   → published · 1s · editor complete · director complete · creative complete · publisher approved
[2026-06-28T22:51:57.062Z] [4016/5133] RVTR391513 — Lana Del Rey — Ride (Editor queued — awaiting distill)
[2026-06-28T22:51:57.665Z]   → published · 1s · editor complete · director complete · creative complete · publisher approved
[2026-06-28T22:51:57.700Z] [4017/5133] RVTR391836 — U2 — Vertigo (Editor queued — awaiting distill)
[2026-06-28T22:51:58.313Z]   → published · 1s · editor complete · director complete · creative complete · publisher approved
[2026-06-28T22:51:58.351Z] [4018/5133] RVTR392135 — Baauer — Harlem Shake (Editor queued — awaiting distill)
[2026-06-28T22:51:58.942Z]   → published · 1s · editor complete · director complete · creative complete · publisher approved
[2026-06-28T22:51:58.978Z] [4019/5133] RVTR392656 — Carole King — So Far Away Smackwater Jack (Editor queued — awaiting distill)
[2026-06-28T22:51:59.601Z]   → published · 1s · editor complete · director complete · creative complete · publisher approved
[2026-06-28T22:51:59.640Z] [4020/5133] RVTR393337 — Myles Smith — Stargazing (Editor queued — awaiting distill)
[2026-06-28T22:52:00.238Z]   → published · 1s · editor complete · director complete · creative complete · publisher approved
[2026-06-28T22:52:00.273Z] [4021/5133] RVTR393456 — Bad Meets Evil — Fast Lane (Editor queued — awaiting distill)
[2026-06-28T22:52:00.889Z]   → published · 1s · editor complete · director complete · creative complete · publisher approved
[2026-06-28T22:52:00.925Z] [4022/5133] RVTR394129 — Nelly — E I (Editor queued — awaiting distill)
[2026-06-28T22:52:01.514Z]   → published · 1s · editor complete · director complete · creative complete · publisher approved
[2026-06-28T22:52:01.550Z] [4023/5133] RVTR394852 — Robin Gibb — Juliet (Editor queued — awaiting distill)
[2026-06-28T22:52:02.155Z]   → published · 1s · editor complete · director complete · creative complete · publisher approved
[2026-06-28T22:52:02.193Z] [4024/5133] RVTR395087 — Seether — Country Song (Editor queued — awaiting distill)
[2026-06-28T22:52:02.785Z]   → published · 1s · editor complete · director complete · creative complete · publisher approved
[2026-06-28T22:52:02.820Z] [4025/5133] RVTR396215 — Mc Serch Feat. Nas, Chubb Rock & Red Hot Lover Tone — Back To The Grill (Editor queued — awaiting distill)
[2026-06-28T22:52:03.417Z]   → published · 1s · editor complete · director complete · creative complete · publisher approved
[2026-06-28T22:52:03.456Z] [4026/5133] RVTR396597 — The Who — Sister Disco (Editor queued — awaiting distill)
[2026-06-28T22:52:04.040Z]   → published · 1s · editor complete · director complete · creative complete · publisher approved
[2026-06-28T22:52:04.075Z] [4027/5133] RVTR396641 — The Doors — The End (Editor queued — awaiting distill)
[2026-06-28T22:52:04.654Z]   → published · 1s · editor complete · director complete · creative complete · publisher approved
[2026-06-28T22:52:04.694Z] [4028/5133] RVTR396672 — Xscape — Just Kickin' It (Editor queued — awaiting distill)
[2026-06-28T22:52:05.292Z]   → published · 1s · editor complete · director complete · creative complete · publisher approved
[2026-06-28T22:52:05.327Z] [4029/5133] RVTR397061 — You Found Me — Fray The (Editor queued — awaiting distill)
[2026-06-28T22:52:05.944Z]   → published · 1s · editor complete · director complete · creative complete · publisher approved
[2026-06-28T22:52:05.982Z] [4030/5133] RVTR397182 — Beyonce — Work It Out (Editor queued — awaiting distill)
[2026-06-28T22:52:06.567Z]   → published · 1s · editor complete · director complete · creative complete · publisher approved
[2026-06-28T22:52:06.600Z] [4031/5133] RVTR399448 — Helen Reddy — Angie Baby (Editor queued — awaiting distill)
[2026-06-28T22:52:07.199Z]   → published · 1s · editor complete · director complete · creative complete · publisher approved
[2026-06-28T22:52:07.238Z] [4032/5133] RVTR400705 — Relient K — Best Thing The (Editor queued — awaiting distill)
[2026-06-28T22:52:07.835Z]   → published · 1s · editor complete · director complete · creative complete · publisher approved
[2026-06-28T22:52:07.875Z] [4033/5133] RVTR400917 — Das Efx — They Want Efx (Editor queued — awaiting distill)
[2026-06-28T22:52:08.574Z]   → published · 1s · editor complete · director complete · creative complete · publisher approved
[2026-06-28T22:52:08.615Z] [4034/5133] RVTR401216 — Cyndi Lauper — Iko Iko (Editor queued — awaiting distill)
[2026-06-28T22:52:09.251Z]   → published · 1s · editor complete · director complete · creative complete · publisher approved
[2026-06-28T22:52:09.286Z] [4035/5133] RVTR403107 — Iyaz — Replay (Editor queued — awaiting distill)
[2026-06-28T22:52:09.929Z]   → published · 1s · editor complete · director complete · creative complete · publisher approved
[2026-06-28T22:52:09.971Z] [4036/5133] RVTR403553 — Coldplay — Yellow (Editor queued — awaiting distill)
[2026-06-28T22:52:10.597Z]   → published · 1s · editor complete · director complete · creative complete · publisher approved
[2026-06-28T22:52:10.634Z] [4037/5133] RVTR403709 — Barry Manilow — Even Now (Editor queued — awaiting distill)
[2026-06-28T22:52:11.249Z]   → published · 1s · editor complete · director complete · creative complete · publisher approved
[2026-06-28T22:52:11.290Z] [4038/5133] RVTR404176 — Ozzy — Suicide Solution (Editor queued — awaiting distill)
[2026-06-28T22:52:11.917Z]   → published · 1s · editor complete · director complete · creative complete · publisher approved
[2026-06-28T22:52:11.952Z] [4039/5133] RVTR405228 — Little Feat — Spanish Moon (Editor queued — awaiting distill)
[2026-06-28T22:52:12.542Z]   → published · 1s · editor complete · director complete · creative complete · publisher approved
[2026-06-28T22:52:12.581Z] [4040/5133] RVTR405889 — Jay-z — Can I Get A (Editor queued — awaiting distill)
[2026-06-28T22:52:13.192Z]   → published · 1s · editor complete · director complete · creative complete · publisher approved
[2026-06-28T22:52:13.227Z] [4041/5133] RVTR406174 — Gloria Estefan — Rhythm Is Gonna Get You (Editor queued — awaiting distill)
[2026-06-28T22:52:13.850Z]   → published · 1s · editor complete · director complete · creative complete · publisher approved
[2026-06-28T22:52:13.890Z] [4042/5133] RVTR406698 — Mabel — Let Them Know (Editor queued — awaiting distill)
[2026-06-28T22:52:14.504Z]   → published · 1s · editor complete · director complete · creative complete · publisher approved
[2026-06-28T22:52:14.541Z] [4043/5133] RVTR406960 — Pat Benatar — Fire And Ice (Editor queued — awaiting distill)
[2026-06-28T22:52:15.168Z]   → published · 1s · editor complete · director complete · creative complete · publisher approved
[2026-06-28T22:52:15.208Z] [4044/5133] RVTR407358 — Ramones — Rockaway Beach (Editor queued — awaiting distill)
[2026-06-28T22:52:15.811Z]   → published · 1s · editor complete · director complete · creative complete · publisher approved
[2026-06-28T22:52:15.846Z] [4045/5133] RVTR408085 — Ok Go — Here It Goes Again (Editor queued — awaiting distill)
[2026-06-28T22:52:16.459Z]   → published · 1s · editor complete · director complete · creative complete · publisher approved
[2026-06-28T22:52:16.497Z] [4046/5133] RVTR408677 — Mary J. Blige — Not Gon' Cry (Editor queued — awaiting distill)
[2026-06-28T22:52:17.111Z]   → published · 1s · editor complete · director complete · creative complete · publisher approved
[2026-06-28T22:52:17.147Z] [4047/5133] RVTR408901 — Sade — The Sweetest Taboo (Editor queued — awaiting distill)
[2026-06-28T22:52:17.767Z]   → published · 1s · editor complete · director complete · creative complete · publisher approved
[2026-06-28T22:52:17.806Z] [4048/5133] RVTR409344 — Niall Horan — This Town (Editor queued — awaiting distill)
[2026-06-28T22:52:18.436Z]   → published · 1s · editor complete · director complete · creative complete · publisher approved
[2026-06-28T22:52:18.472Z] [4049/5133] RVTR410747 — The Band — The Last Waltz (Editor queued — awaiting distill)
[2026-06-28T22:52:19.082Z]   → published · 1s · editor complete · director complete · creative complete · publisher approved
[2026-06-28T22:52:19.121Z] [4050/5133] RVTR410813 — Cccp — American Soviets (Editor queued — awaiting distill)
[2026-06-28T22:52:19.739Z]   → published · 1s · editor complete · director complete · creative complete · publisher approved
[2026-06-28T22:52:19.871Z] --- Progress after 4050 processed ---
[2026-06-28T22:52:19.871Z] Collector complete: 5217
Editor complete: 2016
Director complete: 2015
Creative Review complete: 1027
Published: 84
Failed (this run): 4
Remaining (collector done, not published): 5133
[2026-06-28T22:52:19.871Z] [4051/5133] RVTR411267 — R. Kelly — Bump N' Grind (Editor queued — awaiting distill)
[2026-06-28T22:52:20.518Z]   → published · 1s · editor complete · director complete · creative complete · publisher approved
[2026-06-28T22:52:20.557Z] [4052/5133] RVTR411580 — Judds — Mama He's Crazy (Editor queued — awaiting distill)
[2026-06-28T22:52:21.153Z]   → published · 1s · editor complete · director complete · creative complete · publisher approved
[2026-06-28T22:52:21.189Z] [4053/5133] RVTR411808 — Beck — New Pollution (Editor queued — awaiting distill)
[2026-06-28T22:52:21.813Z]   → published · 1s · editor complete · director complete · creative complete · publisher approved
[2026-06-28T22:52:21.854Z] [4054/5133] RVTR412447 — Bts — Permission To Dance (Editor queued — awaiting distill)
[2026-06-28T22:52:22.480Z]   → published · 1s · editor complete · director complete · creative complete · publisher approved
[2026-06-28T22:52:22.515Z] [4055/5133] RVTR413211 — Roger Hodgson — Had A Dream Sleeping With The Enemy (Editor queued — awaiting distill)
[2026-06-28T22:52:23.135Z]   → published · 1s · editor complete · director complete · creative complete · publisher approved
[2026-06-28T22:52:23.176Z] [4056/5133] RVTR414510 — Modjo — Lady Hear Me Tonight (Editor queued — awaiting distill)
[2026-06-28T22:52:23.795Z]   → published · 1s · editor complete · director complete · creative complete · publisher approved
[2026-06-28T22:52:23.830Z] [4057/5133] RVTR416025 — Jimmy Eat World — Pain (Editor queued — awaiting distill)
[2026-06-28T22:52:24.449Z]   → published · 1s · editor complete · director complete · creative complete · publisher approved
[2026-06-28T22:52:24.488Z] [4058/5133] RVTR416695 — Dokken — It's Not Love (Editor queued — awaiting distill)
[2026-06-28T22:52:25.110Z]   → published · 1s · editor complete · director complete · creative complete · publisher approved
[2026-06-28T22:52:25.146Z] [4059/5133] RVTR417378 — All-4-one — So Much In Love (Editor queued — awaiting distill)
[2026-06-28T22:52:25.757Z]   → published · 1s · editor complete · director complete · creative complete · publisher approved
[2026-06-28T22:52:25.796Z] [4060/5133] RVTR417627 — Sade — Is It A Crime (Editor queued — awaiting distill)
[2026-06-28T22:52:26.418Z]   → published · 1s · editor complete · director complete · creative complete · publisher approved
[2026-06-28T22:52:26.454Z] [4061/5133] RVTR418607 — Pussycat Dolls — Megamix (Editor queued — awaiting distill)
[2026-06-28T22:52:27.104Z]   → published · 1s · editor complete · director complete · creative complete · publisher approved
[2026-06-28T22:52:27.144Z] [4062/5133] RVTR420076 — Freeez — I O U (Editor queued — awaiting distill)
[2026-06-28T22:52:27.780Z]   → published · 1s · editor complete · director complete · creative complete · publisher approved
[2026-06-28T22:52:27.818Z] [4063/5133] RVTR420341 — Nas — I Can (Editor queued — awaiting distill)
[2026-06-28T22:52:28.434Z]   → published · 1s · editor complete · director complete · creative complete · publisher approved
[2026-06-28T22:52:28.473Z] [4064/5133] RVTR421030 — Cher — Strong Enough (Editor queued — awaiting distill)
[2026-06-28T22:52:29.092Z]   → published · 1s · editor complete · director complete · creative complete · publisher approved
[2026-06-28T22:52:29.127Z] [4065/5133] RVTR422026 — Ozzy — Gets Me Through (Editor queued — awaiting distill)
[2026-06-28T22:52:29.773Z]   → published · 1s · editor complete · director complete · creative complete · publisher approved
[2026-06-28T22:52:29.822Z] [4066/5133] RVTR422481 — Trick Daddy — Sugar Gimme Some (Editor queued — awaiting distill)
[2026-06-28T22:52:30.454Z]   → published · 1s · editor complete · director complete · creative complete · publisher approved
[2026-06-28T22:52:30.491Z] [4067/5133] RVTR423026 — The Eagles — Wasted Time (Editor queued — awaiting distill)
[2026-06-28T22:52:31.125Z]   → published · 1s · editor complete · director complete · creative complete · publisher approved
[2026-06-28T22:52:31.166Z] [4068/5133] RVTR423027 — Thinkman — The Formula (Editor queued — awaiting distill)
[2026-06-28T22:52:31.812Z]   → published · 1s · editor complete · director complete · creative complete · publisher approved
[2026-06-28T22:52:31.847Z] [4069/5133] RVTR423118 — Sonreal — Everywhere We Go (Editor queued — awaiting distill)
[2026-06-28T22:52:32.472Z]   → published · 1s · editor complete · director complete · creative complete · publisher approved
[2026-06-28T22:52:32.512Z] [4070/5133] RVTR425061 — Doris Troy — Just One Look (Editor queued — awaiting distill)
[2026-06-28T22:52:33.141Z]   → published · 1s · editor complete · director complete · creative complete · publisher approved
[2026-06-28T22:52:33.176Z] [4071/5133] RVTR425386 — The Cure — Pictures Of You (Editor queued — awaiting distill)
[2026-06-28T22:52:33.826Z]   → published · 1s · editor complete · director complete · creative complete · publisher approved
[2026-06-28T22:52:33.861Z] [4072/5133] RVTR425408 — Sly & The Family Stone — Thank You Falettinme Be Mice Elf Agin (Editor queued — awaiting distill)
[2026-06-28T22:52:34.481Z]   → published · 1s · editor complete · director complete · creative complete · publisher approved
[2026-06-28T22:52:34.517Z] [4073/5133] RVTR425604 — Chelley — Took The Night (Editor queued — awaiting distill)
[2026-06-28T22:52:35.145Z]   → published · 1s · editor complete · director complete · creative complete · publisher approved
[2026-06-28T22:52:35.180Z] [4074/5133] RVTR426148 — Ghost Town DJ's — My Boo (Editor queued — awaiting distill)
[2026-06-28T22:52:35.832Z]   → published · 1s · editor complete · director complete · creative complete · publisher approved
[2026-06-28T22:52:35.897Z] [4075/5133] RVTR426808 — Maroon 5 F./christina Aguilera — Moves Like Jagger Clean Version (Editor queued — awaiting distill)
[2026-06-28T22:52:36.522Z]   → published · 1s · editor complete · director complete · creative complete · publisher approved
[2026-06-28T22:52:36.558Z] [4076/5133] RVTR427249 — The Beatles — Rain (Editor queued — awaiting distill)
[2026-06-28T22:52:37.176Z]   → published · 1s · editor complete · director complete · creative complete · publisher approved
[2026-06-28T22:52:37.211Z] [4077/5133] RVTR428295 — Modest Mouse — Dashboard (Editor queued — awaiting distill)
[2026-06-28T22:52:37.841Z]   → published · 1s · editor complete · director complete · creative complete · publisher approved
[2026-06-28T22:52:37.877Z] [4078/5133] RVTR428590 — Pixies — Alec Eiffel (Editor queued — awaiting distill)
[2026-06-28T22:52:38.513Z]   → published · 1s · editor complete · director complete · creative complete · publisher approved
[2026-06-28T22:52:38.549Z] [4079/5133] RVTR428728 — Richard Marx — Satisfied (Editor queued — awaiting distill)
[2026-06-28T22:52:39.186Z]   → published · 1s · editor complete · director complete · creative complete · publisher approved
[2026-06-28T22:52:39.221Z] [4080/5133] RVTR429130 — Los Lonely Boys — Diamonds (Editor queued — awaiting distill)
[2026-06-28T22:52:39.859Z]   → published · 1s · editor complete · director complete · creative complete · publisher approved
[2026-06-28T22:52:39.897Z] [4081/5133] RVTR429782 — Magic! — Rude (Editor queued — awaiting distill)
[2026-06-28T22:52:40.532Z]   → published · 1s · editor complete · director complete · creative complete · publisher approved
[2026-06-28T22:52:40.568Z] [4082/5133] RVTR429819 — Billie Eilish — Lost Cause (Editor queued — awaiting distill)
[2026-06-28T22:52:41.205Z]   → published · 1s · editor complete · director complete · creative complete · publisher approved
[2026-06-28T22:52:41.240Z] [4083/5133] RVTR430067 — Taylor Swift — Red (Editor queued — awaiting distill)
[2026-06-28T22:52:41.870Z]   → published · 1s · editor complete · director complete · creative complete · publisher approved
[2026-06-28T22:52:41.906Z] [4084/5133] RVTR431993 — Pavement — Cut Your Hair (Editor queued — awaiting distill)
[2026-06-28T22:52:42.565Z]   → published · 1s · editor complete · director complete · creative complete · publisher approved
[2026-06-28T22:52:42.601Z] [4085/5133] RVTR432086 — Alessia Cara — How Far I'Ll Go (Editor queued — awaiting distill)
[2026-06-28T22:52:43.235Z]   → published · 1s · editor complete · director complete · creative complete · publisher approved
[2026-06-28T22:52:43.275Z] [4086/5133] RVTR432307 — Nick Kamen — Nobody Else (Editor queued — awaiting distill)
[2026-06-28T22:52:43.914Z]   → published · 1s · editor complete · director complete · creative complete · publisher approved
[2026-06-28T22:52:43.952Z] [4087/5133] RVTR433011 — Dustin Lynch — Party Mode (Editor queued — awaiting distill)
[2026-06-28T22:52:44.597Z]   → published · 1s · editor complete · director complete · creative complete · publisher approved
[2026-06-28T22:52:44.633Z] [4088/5133] RVTR433997 — Avril Lavigne — Hot (Editor queued — awaiting distill)
[2026-06-28T22:52:45.266Z]   → published · 1s · editor complete · director complete · creative complete · publisher approved
[2026-06-28T22:52:45.301Z] [4089/5133] RVTR434005 — Ksi — Holiday (Editor queued — awaiting distill)
[2026-06-28T22:52:45.935Z]   → published · 1s · editor complete · director complete · creative complete · publisher approved
[2026-06-28T22:52:45.974Z] [4090/5133] RVTR434834 — Ac/dc — Witch's Spell (Editor queued — awaiting distill)
[2026-06-28T22:52:46.604Z]   → published · 1s · editor complete · director complete · creative complete · publisher approved
[2026-06-28T22:52:46.643Z] [4091/5133] RVTR435028 — Walker Hayes — Y'All Life (Editor queued — awaiting distill)
[2026-06-28T22:52:47.269Z]   → published · 1s · editor complete · director complete · creative complete · publisher approved
[2026-06-28T22:52:47.309Z] [4092/5133] RVTR435130 — Joe Jackson — Steppin' Out (Editor queued — awaiting distill)
[2026-06-28T22:52:47.945Z]   → published · 1s · editor complete · director complete · creative complete · publisher approved
[2026-06-28T22:52:47.988Z] [4093/5133] RVTR435771 — Lmfao — Sexy And I Know It (Editor queued — awaiting distill)
[2026-06-28T22:52:48.636Z]   → published · 1s · editor complete · director complete · creative complete · publisher approved
[2026-06-28T22:52:48.674Z] [4094/5133] RVTR436209 — Major Lazer — Lean On (Editor queued — awaiting distill)
[2026-06-28T22:52:49.333Z]   → published · 1s · editor complete · director complete · creative complete · publisher approved
[2026-06-28T22:52:49.372Z] [4095/5133] RVTR436541 — Kreayshawn — Gucci Gucci (Editor queued — awaiting distill)
[2026-06-28T22:52:49.998Z]   → published · 1s · editor complete · director complete · creative complete · publisher approved
[2026-06-28T22:52:50.038Z] [4096/5133] RVTR436861 — Kris Kristofferson & Johnny Cash — Sunday Morning Coming Down (Editor queued — awaiting distill)
[2026-06-28T22:52:50.669Z]   → published · 1s · editor complete · director complete · creative complete · publisher approved
[2026-06-28T22:52:50.710Z] [4097/5133] RVTR437664 — Heatwave — Grooveline (Editor queued — awaiting distill)
[2026-06-28T22:52:51.363Z]   → published · 1s · editor complete · director complete · creative complete · publisher approved
[2026-06-28T22:52:51.403Z] [4098/5133] RVTR437790 — Freak Nasty — Da' Dip (Editor queued — awaiting distill)
[2026-06-28T22:52:52.077Z]   → published · 1s · editor complete · director complete · creative complete · publisher approved
[2026-06-28T22:52:52.113Z] [4099/5133] RVTR437965 — The Who — You Better You Bet (Editor queued — awaiting distill)
[2026-06-28T22:52:52.780Z]   → published · 1s · editor complete · director complete · creative complete · publisher approved
[2026-06-28T22:52:52.816Z] [4100/5133] RVTR438099 — Madonna — Frozen (Editor queued — awaiting distill)
[2026-06-28T22:52:53.448Z]   → published · 1s · editor complete · director complete · creative complete · publisher approved
[2026-06-28T22:52:53.559Z] --- Progress after 4100 processed ---
[2026-06-28T22:52:53.559Z] Collector complete: 5217
Editor complete: 2066
Director complete: 2065
Creative Review complete: 1077
Published: 84
Failed (this run): 4
Remaining (collector done, not published): 5133
[2026-06-28T22:52:53.559Z] [4101/5133] RVTR438106 — Fixx — Red Skies (Editor queued — awaiting distill)
[2026-06-28T22:52:54.194Z]   → published · 1s · editor complete · director complete · creative complete · publisher approved
[2026-06-28T22:52:54.230Z] [4102/5133] RVTR438266 — Bob Sinclair — Together (Editor queued — awaiting distill)
[2026-06-28T22:52:54.881Z]   → published · 1s · editor complete · director complete · creative complete · publisher approved
[2026-06-28T22:52:54.917Z] [4103/5133] RVTR438813 — Pet Shop Boys — Suburbia (Editor queued — awaiting distill)
[2026-06-28T22:52:55.555Z]   → published · 1s · editor complete · director complete · creative complete · publisher approved
[2026-06-28T22:52:55.591Z] [4104/5133] RVTR439170 — Toby Keith — Trailerhood (Editor queued — awaiting distill)
[2026-06-28T22:52:56.238Z]   → published · 1s · editor complete · director complete · creative complete · publisher approved
[2026-06-28T22:52:56.274Z] [4105/5133] RVTR440159 — Barry Manilow — Born Free (Editor queued — awaiting distill)
[2026-06-28T22:52:56.925Z]   → published · 1s · editor complete · director complete · creative complete · publisher approved
[2026-06-28T22:52:56.962Z] [4106/5133] RVTR441372 — Sub Urban — Freak (Editor queued — awaiting distill)
[2026-06-28T22:52:57.617Z]   → published · 1s · editor complete · director complete · creative complete · publisher approved
[2026-06-28T22:52:57.654Z] [4107/5133] RVTR441782 — Brandy — I Wanna Be Down (Editor queued — awaiting distill)
[2026-06-28T22:52:58.308Z]   → published · 1s · editor complete · director complete · creative complete · publisher approved
[2026-06-28T22:52:58.344Z] [4108/5133] RVTR442571 — Inner City — Good Life (Editor queued — awaiting distill)
[2026-06-28T22:52:58.995Z]   → published · 1s · editor complete · director complete · creative complete · publisher approved
[2026-06-28T22:52:59.031Z] [4109/5133] RVTR442605 — Snow Patrol — Chasing Cars (Editor queued — awaiting distill)
[2026-06-28T22:52:59.680Z]   → published · 1s · editor complete · director complete · creative complete · publisher approved
[2026-06-28T22:52:59.718Z] [4110/5133] RVTR442671 — Mötley Crüe — Dr Feelgood (Editor queued — awaiting distill)
[2026-06-28T22:53:00.401Z]   → published · 1s · editor complete · director complete · creative complete · publisher approved
[2026-06-28T22:53:00.445Z] [4111/5133] RVTR442834 — Europe — Tomorrow (Editor queued — awaiting distill)
[2026-06-28T22:53:01.151Z]   → published · 1s · editor complete · director complete · creative complete · publisher approved
[2026-06-28T22:53:01.187Z] [4112/5133] RVTR442872 — Gloria Jones Vs. Fine Young Cannibals — Tainted Good Thing (Editor queued — awaiting distill)
[2026-06-28T22:53:01.837Z]   → published · 1s · editor complete · director complete · creative complete · publisher approved
[2026-06-28T22:53:01.873Z] [4113/5133] RVTR443344 — Ganja Baby — Michael Franti (Editor queued — awaiting distill)
[2026-06-28T22:53:02.521Z]   → published · 1s · editor complete · director complete · creative complete · publisher approved
[2026-06-28T22:53:02.557Z] [4114/5133] RVTR444888 — Carrie Underwood — Undo It (Editor queued — awaiting distill)
[2026-06-28T22:53:03.198Z]   → published · 1s · editor complete · director complete · creative complete · publisher approved
[2026-06-28T22:53:03.234Z] [4115/5133] RVTR445218 — Tom Waits — Lie To Me (Editor queued — awaiting distill)
[2026-06-28T22:53:03.904Z]   → published · 1s · editor complete · director complete · creative complete · publisher approved
[2026-06-28T22:53:03.941Z] [4116/5133] RVTR445250 — Ryan Bingham — The Poet (Editor queued — awaiting distill)
[2026-06-28T22:53:04.603Z]   → published · 1s · editor complete · director complete · creative complete · publisher approved
[2026-06-28T22:53:04.639Z] [4117/5133] RVTR445372 — Robin Thicke — Sex Therapy (Editor queued — awaiting distill)
[2026-06-28T22:53:05.296Z]   → published · 1s · editor complete · director complete · creative complete · publisher approved
[2026-06-28T22:53:05.333Z] [4118/5133] RVTR445612 — Rita Ora — Your Song (Editor queued — awaiting distill)
[2026-06-28T22:53:05.990Z]   → published · 1s · editor complete · director complete · creative complete · publisher approved
[2026-06-28T22:53:06.025Z] [4119/5133] RVTR446766 — Dolly Parton — Downtown (Editor queued — awaiting distill)
[2026-06-28T22:53:06.671Z]   → published · 1s · editor complete · director complete · creative complete · publisher approved
[2026-06-28T22:53:06.707Z] [4120/5133] RVTR447830 — Maroon 5 — Animals (Editor queued — awaiting distill)
[2026-06-28T22:53:07.358Z]   → published · 1s · editor complete · director complete · creative complete · publisher approved
[2026-06-28T22:53:07.394Z] [4121/5133] RVTR447871 — Rui Da Silva — Touch Me (Editor queued — awaiting distill)
[2026-06-28T22:53:08.049Z]   → published · 1s · editor complete · director complete · creative complete · publisher approved
[2026-06-28T22:53:08.085Z] [4122/5133] RVTR448809 — Mariah Carey — Emotions (Editor queued — awaiting distill)
[2026-06-28T22:53:08.733Z]   → published · 1s · editor complete · director complete · creative complete · publisher approved
[2026-06-28T22:53:08.769Z] [4123/5133] RVTR449671 — Taylor Swift — Ours (Editor queued — awaiting distill)
[2026-06-28T22:53:09.438Z]   → published · 1s · editor complete · director complete · creative complete · publisher approved
[2026-06-28T22:53:09.476Z] [4124/5133] RVTR449987 — Blake Shelton — Some Beach (Editor queued — awaiting distill)
[2026-06-28T22:53:10.125Z]   → published · 1s · editor complete · director complete · creative complete · publisher approved
[2026-06-28T22:53:10.160Z] [4125/5133] RVTR450386 — Pitbull F.lil' Jon — Toma (Editor queued — awaiting distill)
[2026-06-28T22:53:10.834Z]   → published · 1s · editor complete · director complete · creative complete · publisher approved
[2026-06-28T22:53:10.870Z] [4126/5133] RVTR450941 — Alan Jackson — Country Boy (Editor queued — awaiting distill)
[2026-06-28T22:53:11.540Z]   → published · 1s · editor complete · director complete · creative complete · publisher approved
[2026-06-28T22:53:11.576Z] [4127/5133] RVTR450965 — Mabel — Don't Call Me Up (Editor queued — awaiting distill)
[2026-06-28T22:53:12.251Z]   → published · 1s · editor complete · director complete · creative complete · publisher approved
[2026-06-28T22:53:12.288Z] [4128/5133] RVTR451671 — Joe Nichols — Sunny And 75 (Editor queued — awaiting distill)
[2026-06-28T22:53:13.055Z]   → published · 1s · editor complete · director complete · creative complete · publisher approved
[2026-06-28T22:53:13.097Z] [4129/5133] RVTR452318 — Adam Ant — Prince Charming (Editor queued — awaiting distill)
[2026-06-28T22:53:13.815Z]   → published · 1s · editor complete · director complete · creative complete · publisher approved
[2026-06-28T22:53:13.856Z] [4130/5133] RVTR453700 — Tom Jones — Detroit City (Editor queued — awaiting distill)
[2026-06-28T22:53:14.575Z]   → published · 1s · editor complete · director complete · creative complete · publisher approved
[2026-06-28T22:53:14.613Z] [4131/5133] RVTR453996 — Carla Thomas — Comfort Me (Editor queued — awaiting distill)
[2026-06-28T22:53:15.320Z]   → published · 1s · editor complete · director complete · creative complete · publisher approved
[2026-06-28T22:53:15.356Z] [4132/5133] RVTR454421 — Beyonce — Space Bound (Editor queued — awaiting distill)
[2026-06-28T22:53:16.003Z]   → published · 1s · editor complete · director complete · creative complete · publisher approved
[2026-06-28T22:53:16.038Z] [4133/5133] RVTR454830 — Chords — Sh Boom (Editor queued — awaiting distill)
[2026-06-28T22:53:16.687Z]   → published · 1s · editor complete · director complete · creative complete · publisher approved
[2026-06-28T22:53:16.724Z] [4134/5133] RVTR455389 — 3rd Bass — Problem Child (Editor queued — awaiting distill)
[2026-06-28T22:53:17.391Z]   → published · 1s · editor complete · director complete · creative complete · publisher approved
[2026-06-28T22:53:17.427Z] [4135/5133] RVTR456196 — Tlc — Ain' 2 Proud 2 Beg (Editor queued — awaiting distill)
[2026-06-28T22:53:18.110Z]   → published · 1s · editor complete · director complete · creative complete · publisher approved
[2026-06-28T22:53:18.146Z] [4136/5133] RVTR456338 — Len Barry — 1 2 3 (Editor queued — awaiting distill)
[2026-06-28T22:53:18.823Z]   → published · 1s · editor complete · director complete · creative complete · publisher approved
[2026-06-28T22:53:18.859Z] [4137/5133] RVTR456403 — George Michael — Flawless (Editor queued — awaiting distill)
[2026-06-28T22:53:19.537Z]   → published · 1s · editor complete · director complete · creative complete · publisher approved
[2026-06-28T22:53:19.572Z] [4138/5133] RVTR458060 — Robyn — Do You Know What It Takes (Editor queued — awaiting distill)
[2026-06-28T22:53:20.239Z]   → published · 1s · editor complete · director complete · creative complete · publisher approved
[2026-06-28T22:53:20.275Z] [4139/5133] RVTR458236 — Sevendust — Ugly (Editor queued — awaiting distill)
[2026-06-28T22:53:20.951Z]   → published · 1s · editor complete · director complete · creative complete · publisher approved
[2026-06-28T22:53:20.988Z] [4140/5133] RVTR458238 — Timbaland — Apologize (Editor queued — awaiting distill)
[2026-06-28T22:53:21.688Z]   → published · 1s · editor complete · director complete · creative complete · publisher approved
[2026-06-28T22:53:21.724Z] [4141/5133] RVTR459222 — Will Smith — Switch (Editor queued — awaiting distill)
[2026-06-28T22:53:22.406Z]   → published · 1s · editor complete · director complete · creative complete · publisher approved
[2026-06-28T22:53:22.442Z] [4142/5133] RVTR459425 — Roy Head — Treat Her Right (Editor queued — awaiting distill)
[2026-06-28T22:53:23.107Z]   → published · 1s · editor complete · director complete · creative complete · publisher approved
[2026-06-28T22:53:23.143Z] [4143/5133] RVTR460296 — Pat Benatar — One Love (Editor queued — awaiting distill)
[2026-06-28T22:53:23.809Z]   → published · 1s · editor complete · director complete · creative complete · publisher approved
[2026-06-28T22:53:23.845Z] [4144/5133] RVTR461482 — Uncle Kracker — Smile (Editor queued — awaiting distill)
[2026-06-28T22:53:24.527Z]   → published · 1s · editor complete · director complete · creative complete · publisher approved
[2026-06-28T22:53:24.563Z] [4145/5133] RVTR461689 — Bruno Mars — Marry You (Editor queued — awaiting distill)
[2026-06-28T22:53:25.234Z]   → published · 1s · editor complete · director complete · creative complete · publisher approved
[2026-06-28T22:53:25.271Z] [4146/5133] RVTR462106 — Dmx — Ain't No Sunshine (Editor queued — awaiting distill)
[2026-06-28T22:53:25.957Z]   → published · 1s · editor complete · director complete · creative complete · publisher approved
[2026-06-28T22:53:25.996Z] [4147/5133] RVTR462395 — Js 16 — Stomp To My Beat (Editor queued — awaiting distill)
[2026-06-28T22:53:26.676Z]   → published · 1s · editor complete · director complete · creative complete · publisher approved
[2026-06-28T22:53:26.713Z] [4148/5133] RVTR463542 — Black Box — Strike It Up (Editor queued — awaiting distill)
[2026-06-28T22:53:27.392Z]   → published · 1s · editor complete · director complete · creative complete · publisher approved
[2026-06-28T22:53:27.429Z] [4149/5133] RVTR463846 — Staxx Of Joy — Joy (Editor queued — awaiting distill)
[2026-06-28T22:53:28.139Z]   → published · 1s · editor complete · director complete · creative complete · publisher approved
[2026-06-28T22:53:28.176Z] [4150/5133] RVTR463910 — Tom Jones — Delilah (Editor queued — awaiting distill)
[2026-06-28T22:53:28.861Z]   → published · 1s · editor complete · director complete · creative complete · publisher approved
[2026-06-28T22:53:28.968Z] --- Progress after 4150 processed ---
[2026-06-28T22:53:28.975Z] Collector complete: 5217
Editor complete: 2116
Director complete: 2115
Creative Review complete: 1127
Published: 84
Failed (this run): 4
Remaining (collector done, not published): 5133
[2026-06-28T22:53:28.976Z] [4151/5133] RVTR464027 — Charlie Puth — How Long (Editor queued — awaiting distill)
[2026-06-28T22:53:29.684Z]   → published · 1s · editor complete · director complete · creative complete · publisher approved
[2026-06-28T22:53:29.722Z] [4152/5133] RVTR464340 — Metro Station — Shake It (Editor queued — awaiting distill)
[2026-06-28T22:53:30.458Z]   → published · 1s · editor complete · director complete · creative complete · publisher approved
[2026-06-28T22:53:30.502Z] [4153/5133] RVTR466085 — Ed Sheeran — Don't (Editor queued — awaiting distill)
[2026-06-28T22:53:31.195Z]   → published · 1s · editor complete · director complete · creative complete · publisher approved
[2026-06-28T22:53:31.237Z] [4154/5133] RVTR466247 — Wycleff — Sweetest Girl (Editor queued — awaiting distill)
[2026-06-28T22:53:31.927Z]   → published · 1s · editor complete · director complete · creative complete · publisher approved
[2026-06-28T22:53:31.963Z] [4155/5133] RVTR467246 — Corona — Baby Baby (Editor queued — awaiting distill)
[2026-06-28T22:53:32.645Z]   → published · 1s · editor complete · director complete · creative complete · publisher approved
[2026-06-28T22:53:32.684Z] [4156/5133] RVTR467608 — Selena Gomez — Naturally (Editor queued — awaiting distill)
[2026-06-28T22:53:33.398Z]   → published · 1s · editor complete · director complete · creative complete · publisher approved
[2026-06-28T22:53:33.438Z] [4157/5133] RVTR467715 — The Who — Pictures Of Lily (Editor queued — awaiting distill)
[2026-06-28T22:53:34.164Z]   → published · 1s · editor complete · director complete · creative complete · publisher approved
[2026-06-28T22:53:34.204Z] [4158/5133] RVTR468262 — Sting — Message In A Bottle (Editor queued — awaiting distill)
[2026-06-28T22:53:34.909Z]   → published · 1s · editor complete · director complete · creative complete · publisher approved
[2026-06-28T22:53:34.953Z] [4159/5133] RVTR468343 — Cabin Crew — Star To Fall (Editor queued — awaiting distill)
[2026-06-28T22:53:35.657Z]   → published · 1s · editor complete · director complete · creative complete · publisher approved
[2026-06-28T22:53:35.694Z] [4160/5133] RVTR468460 — Olive — You'Re Not Alone (Editor queued — awaiting distill)
[2026-06-28T22:53:36.369Z]   → published · 1s · editor complete · director complete · creative complete · publisher approved
[2026-06-28T22:53:36.406Z] [4161/5133] RVTR468945 — Dokken — Heaven Sent (Editor queued — awaiting distill)
[2026-06-28T22:53:37.088Z]   → published · 1s · editor complete · director complete · creative complete · publisher approved
[2026-06-28T22:53:37.125Z] [4162/5133] RVTR469262 — Eminem — Just Lose It (Editor queued — awaiting distill)
[2026-06-28T22:53:37.816Z]   → published · 1s · editor complete · director complete · creative complete · publisher approved
[2026-06-28T22:53:37.855Z] [4163/5133] RVTR469930 — Pitbull — Go Girl (Editor queued — awaiting distill)
[2026-06-28T22:53:38.606Z]   → published · 1s · editor complete · director complete · creative complete · publisher approved
[2026-06-28T22:53:38.643Z] [4164/5133] RVTR470063 — Creedence Clearwater Revival — Run Through The Jungle Suzie Q (Editor queued — awaiting distill)
[2026-06-28T22:53:39.326Z]   → published · 1s · editor complete · director complete · creative complete · publisher approved
[2026-06-28T22:53:39.363Z] [4165/5133] RVTR470334 — U2 — Stuck In A Moment You Can't Get Out Of (Editor queued — awaiting distill)
[2026-06-28T22:53:40.037Z]   → published · 1s · editor complete · director complete · creative complete · publisher approved
[2026-06-28T22:53:40.074Z] [4166/5133] RVTR471486 — Sash — Encore Une Fois (Editor queued — awaiting distill)
[2026-06-28T22:53:40.756Z]   → published · 1s · editor complete · director complete · creative complete · publisher approved
[2026-06-28T22:53:40.793Z] [4167/5133] RVTR472834 — Madonna — Lucky Star (Editor queued — awaiting distill)
[2026-06-28T22:53:41.480Z]   → published · 1s · editor complete · director complete · creative complete · publisher approved
[2026-06-28T22:53:41.517Z] [4168/5133] RVTR473136 — Linkin Park — Iridescent (Editor queued — awaiting distill)
[2026-06-28T22:53:42.192Z]   → published · 1s · editor complete · director complete · creative complete · publisher approved
[2026-06-28T22:53:42.229Z] [4169/5133] RVTR473268 — Alice Cooper — Hey Stoopid (Editor queued — awaiting distill)
[2026-06-28T22:53:43.003Z]   → published · 1s · editor complete · director complete · creative complete · publisher approved
[2026-06-28T22:53:43.065Z] [4170/5133] RVTR473287 — T. Rex — Bang A Gong (Editor queued — awaiting distill)
[2026-06-28T22:53:43.797Z]   → published · 1s · editor complete · director complete · creative complete · publisher approved
[2026-06-28T22:53:43.837Z] [4171/5133] RVTR473384 — Little Mix — Touch (Editor queued — awaiting distill)
[2026-06-28T22:53:44.543Z]   → published · 1s · editor complete · director complete · creative complete · publisher approved
[2026-06-28T22:53:44.588Z] [4172/5133] RVTR473567 — Blake Lewis — Break Anotha (Editor queued — awaiting distill)
[2026-06-28T22:53:45.305Z]   → published · 1s · editor complete · director complete · creative complete · publisher approved
[2026-06-28T22:53:45.345Z] [4173/5133] RVTR475087 — Yg — Toot It And Boot It (Editor queued — awaiting distill)
[2026-06-28T22:53:46.058Z]   → published · 1s · editor complete · director complete · creative complete · publisher approved
[2026-06-28T22:53:46.097Z] [4174/5133] RVTR475224 — The Killers — Spaceman (Editor queued — awaiting distill)
[2026-06-28T22:53:46.851Z]   → published · 1s · editor complete · director complete · creative complete · publisher approved
[2026-06-28T22:53:46.892Z] [4175/5133] RVTR475541 — The Call — Let The Day Begin (Editor queued — awaiting distill)
[2026-06-28T22:53:47.597Z]   → published · 1s · editor complete · director complete · creative complete · publisher approved
[2026-06-28T22:53:47.634Z] [4176/5133] RVTR475823 — Framing Hanley — Lollipop (Editor queued — awaiting distill)
[2026-06-28T22:53:48.363Z]   → published · 1s · editor complete · director complete · creative complete · publisher approved
[2026-06-28T22:53:48.404Z] [4177/5133] RVTR476684 — Janet Jackson — All Nite (Editor queued — awaiting distill)
[2026-06-28T22:53:49.111Z]   → published · 1s · editor complete · director complete · creative complete · publisher approved
[2026-06-28T22:53:49.151Z] [4178/5133] RVTR476808 — Ann Margaret — Shot Gun (Editor queued — awaiting distill)
[2026-06-28T22:53:49.897Z]   → published · 1s · editor complete · director complete · creative complete · publisher approved
[2026-06-28T22:53:49.937Z] [4179/5133] RVTR476855 — Lsg — My Body (Editor queued — awaiting distill)
[2026-06-28T22:53:50.726Z]   → published · 1s · editor complete · director complete · creative complete · publisher approved
[2026-06-28T22:53:50.768Z] [4180/5133] RVTR477621 — Hardy — Truck Bed (Editor queued — awaiting distill)
[2026-06-28T22:53:51.548Z]   → published · 1s · editor complete · director complete · creative complete · publisher approved
[2026-06-28T22:53:51.585Z] [4181/5133] RVTR478140 — Jessie J — I Want Love (Editor queued — awaiting distill)
[2026-06-28T22:53:52.276Z]   → published · 1s · editor complete · director complete · creative complete · publisher approved
[2026-06-28T22:53:52.313Z] [4182/5133] RVTR480446 — Ava Max — Everytime I Cry (Editor queued — awaiting distill)
[2026-06-28T22:53:52.991Z]   → published · 1s · editor complete · director complete · creative complete · publisher approved
[2026-06-28T22:53:53.028Z] [4183/5133] RVTR481786 — America — Tin Man (Editor queued — awaiting distill)
[2026-06-28T22:53:53.733Z]   → published · 1s · editor complete · director complete · creative complete · publisher approved
[2026-06-28T22:53:53.771Z] [4184/5133] RVTR482455 — Spice Girls — Stop (Editor queued — awaiting distill)
[2026-06-28T22:53:54.471Z]   → published · 1s · editor complete · director complete · creative complete · publisher approved
[2026-06-28T22:53:54.510Z] [4185/5133] RVTR484020 — Rainbow — Street Of Dreams (Editor queued — awaiting distill)
[2026-06-28T22:53:55.232Z]   → published · 1s · editor complete · director complete · creative complete · publisher approved
[2026-06-28T22:53:55.270Z] [4186/5133] RVTR484194 — Staind — Fade (Editor queued — awaiting distill)
[2026-06-28T22:53:55.968Z]   → published · 1s · editor complete · director complete · creative complete · publisher approved
[2026-06-28T22:53:56.006Z] [4187/5133] RVTR484472 — Albert King And Stevie Ray Vaughan — Born Under A Bad Sign (Editor queued — awaiting distill)
[2026-06-28T22:53:56.896Z]   → published · 1s · editor complete · director complete · creative complete · publisher approved
[2026-06-28T22:53:56.933Z] [4188/5133] RVTR484815 — Bronsky Beat — Why (Editor queued — awaiting distill)
[2026-06-28T22:53:57.610Z]   → published · 1s · editor complete · director complete · creative complete · publisher approved
[2026-06-28T22:53:57.649Z] [4189/5133] RVTR487421 — Jibbs — Chain Hang Low (Editor queued — awaiting distill)
[2026-06-28T22:53:58.351Z]   → published · 1s · editor complete · director complete · creative complete · publisher approved
[2026-06-28T22:53:58.388Z] [4190/5133] RVTR487478 — Tori Amos — Crucify (Editor queued — awaiting distill)
[2026-06-28T22:53:59.086Z]   → published · 1s · editor complete · director complete · creative complete · publisher approved
[2026-06-28T22:53:59.122Z] [4191/5133] RVTR487646 — Tesla — Signs (Editor queued — awaiting distill)
[2026-06-28T22:53:59.823Z]   → published · 1s · editor complete · director complete · creative complete · publisher approved
[2026-06-28T22:53:59.860Z] [4192/5133] RVTR487922 — Adam Lambert — If I Had You (Editor queued — awaiting distill)
[2026-06-28T22:54:00.596Z]   → published · 1s · editor complete · director complete · creative complete · publisher approved
[2026-06-28T22:54:00.633Z] [4193/5133] RVTR488319 — Mariah Carey — Honey (Editor queued — awaiting distill)
[2026-06-28T22:54:01.338Z]   → published · 1s · editor complete · director complete · creative complete · publisher approved
[2026-06-28T22:54:01.376Z] [4194/5133] RVTR489211 — The James Gang — Walk Away (Editor queued — awaiting distill)
[2026-06-28T22:54:02.083Z]   → published · 1s · editor complete · director complete · creative complete · publisher approved
[2026-06-28T22:54:02.120Z] [4195/5133] RVTR489305 — Michael Buble — Home (Editor queued — awaiting distill)
[2026-06-28T22:54:02.807Z]   → published · 1s · editor complete · director complete · creative complete · publisher approved
[2026-06-28T22:54:02.844Z] [4196/5133] RVTR489795 — Billie Eilish — Your Power (Editor queued — awaiting distill)
[2026-06-28T22:54:03.821Z]   → published · 1s · editor complete · director complete · creative complete · publisher approved
[2026-06-28T22:54:03.862Z] [4197/5133] RVTR490332 — Blondie — In The Flesh (Editor queued — awaiting distill)
[2026-06-28T22:54:04.637Z]   → published · 1s · editor complete · director complete · creative complete · publisher approved
[2026-06-28T22:54:04.681Z] [4198/5133] RVTR490421 — Calum Scott — Biblical (Editor queued — awaiting distill)
[2026-06-28T22:54:05.416Z]   → published · 1s · editor complete · director complete · creative complete · publisher approved
[2026-06-28T22:54:05.460Z] [4199/5133] RVTR490782 — Lana Del Rey — Video Games (Editor queued — awaiting distill)
[2026-06-28T22:54:06.225Z]   → published · 1s · editor complete · director complete · creative complete · publisher approved
[2026-06-28T22:54:06.271Z] [4200/5133] RVTR491087 — Lloyd — Lay It Down (Editor queued — awaiting distill)
[2026-06-28T22:54:07.046Z]   → published · 1s · editor complete · director complete · creative complete · publisher approved
[2026-06-28T22:54:07.177Z] --- Progress after 4200 processed ---
[2026-06-28T22:54:07.177Z] Collector complete: 5217
Editor complete: 2166
Director complete: 2165
Creative Review complete: 1177
Published: 84
Failed (this run): 4
Remaining (collector done, not published): 5133
[2026-06-28T22:54:07.177Z] [4201/5133] RVTR491583 — Red Flag — Russian Radio (Editor queued — awaiting distill)
[2026-06-28T22:54:07.960Z]   → published · 1s · editor complete · director complete · creative complete · publisher approved
[2026-06-28T22:54:07.999Z] [4202/5133] RVTR491613 — White Lion — Radar Love (Editor queued — awaiting distill)
[2026-06-28T22:54:08.750Z]   → published · 1s · editor complete · director complete · creative complete · publisher approved
[2026-06-28T22:54:08.787Z] [4203/5133] RVTR493091 — Alice Cooper — You And Me (Editor queued — awaiting distill)
[2026-06-28T22:54:09.469Z]   → published · 1s · editor complete · director complete · creative complete · publisher approved
[2026-06-28T22:54:09.509Z] [4204/5133] RVTR493188 — Onerepublic — Good Life (Editor queued — awaiting distill)
[2026-06-28T22:54:10.235Z]   → published · 1s · editor complete · director complete · creative complete · publisher approved
[2026-06-28T22:54:10.276Z] [4205/5133] RVTR494036 — Jay-z — Big Pimpin' (Editor queued — awaiting distill)
[2026-06-28T22:54:10.997Z]   → published · 1s · editor complete · director complete · creative complete · publisher approved
[2026-06-28T22:54:11.040Z] [4206/5133] RVTR494675 — The Knickerbockers — Lies (Editor queued — awaiting distill)
[2026-06-28T22:54:11.768Z]   → published · 1s · editor complete · director complete · creative complete · publisher approved
[2026-06-28T22:54:11.804Z] [4207/5133] RVTR494890 — Mis-teeq — Scandalous (Editor queued — awaiting distill)
[2026-06-28T22:54:12.548Z]   → published · 1s · editor complete · director complete · creative complete · publisher approved
[2026-06-28T22:54:12.588Z] [4208/5133] RVTR495254 — Maroon 5 — Sugar (Editor queued — awaiting distill)
[2026-06-28T22:54:13.333Z]   → published · 1s · editor complete · director complete · creative complete · publisher approved
[2026-06-28T22:54:13.370Z] [4209/5133] RVTR495264 — Baby Bash — Cyclone (Editor queued — awaiting distill)
[2026-06-28T22:54:14.157Z]   → published · 1s · editor complete · director complete · creative complete · publisher approved
[2026-06-28T22:54:14.195Z] [4210/5133] RVTR495951 — Krewella — Alive (Editor queued — awaiting distill)
[2026-06-28T22:54:14.977Z]   → published · 1s · editor complete · director complete · creative complete · publisher approved
[2026-06-28T22:54:15.016Z] [4211/5133] RVTR496133 — Kid Rock — First Kiss (Editor queued — awaiting distill)
[2026-06-28T22:54:15.768Z]   → published · 1s · editor complete · director complete · creative complete · publisher approved
[2026-06-28T22:54:15.805Z] [4212/5133] RVTR497867 — Taylor Swift — This Love Taylor's Version (Editor queued — awaiting distill)
[2026-06-28T22:54:16.588Z]   → published · 1s · editor complete · director complete · creative complete · publisher approved
[2026-06-28T22:54:16.632Z] [4213/5133] RVTR497924 — Jeremy Camp — Tonight (Editor queued — awaiting distill)
[2026-06-28T22:54:17.432Z]   → published · 1s · editor complete · director complete · creative complete · publisher approved
[2026-06-28T22:54:17.470Z] [4214/5133] RVTR498086 — Zac Brown Band — Same Boat (Editor queued — awaiting distill)
[2026-06-28T22:54:18.236Z]   → published · 1s · editor complete · director complete · creative complete · publisher approved
[2026-06-28T22:54:18.273Z] [4215/5133] RVTR498329 — Tommy Lee — Hold Me Down (Editor queued — awaiting distill)
[2026-06-28T22:54:18.983Z]   → published · 1s · editor complete · director complete · creative complete · publisher approved
[2026-06-28T22:54:19.020Z] [4216/5133] RVTR499866 — 10cc — I'm Not In Love (Editor queued — awaiting distill)
[2026-06-28T22:54:20.068Z]   → published · 1s · editor complete · director complete · creative complete · publisher approved
[2026-06-28T22:54:20.107Z] [4217/5133] RVTR501726 — Demi Lovato — Skyscraper (Editor queued — awaiting distill)
[2026-06-28T22:54:20.845Z]   → published · 1s · editor complete · director complete · creative complete · publisher approved
[2026-06-28T22:54:20.882Z] [4218/5133] RVTR502200 — Beck — E Pro (Editor queued — awaiting distill)
[2026-06-28T22:54:21.701Z]   → published · 1s · editor complete · director complete · creative complete · publisher approved
[2026-06-28T22:54:21.741Z] [4219/5133] RVTR502258 — Breathe — How Can I Fall (Editor queued — awaiting distill)
[2026-06-28T22:54:22.543Z]   → published · 1s · editor complete · director complete · creative complete · publisher approved
[2026-06-28T22:54:22.584Z] [4220/5133] RVTR502789 — Korn — Politics (Editor queued — awaiting distill)
[2026-06-28T22:54:23.385Z]   → published · 1s · editor complete · director complete · creative complete · publisher approved
[2026-06-28T22:54:23.422Z] [4221/5133] RVTR503290 — The Human League — Human (Editor queued — awaiting distill)
[2026-06-28T22:54:24.365Z]   → published · 1s · editor complete · director complete · creative complete · publisher approved
[2026-06-28T22:54:24.405Z] [4222/5133] RVTR503544 — Big & Rich — Look At You (Editor queued — awaiting distill)
[2026-06-28T22:54:25.206Z]   → published · 1s · editor complete · director complete · creative complete · publisher approved
[2026-06-28T22:54:25.244Z] [4223/5133] RVTR503836 — Dragon — Rain (Editor queued — awaiting distill)
[2026-06-28T22:54:26.184Z]   → published · 1s · editor complete · director complete · creative complete · publisher approved
[2026-06-28T22:54:26.243Z] [4224/5133] RVTR506120 — Beyoncé — Partition (Editor queued — awaiting distill)
[2026-06-28T22:54:27.258Z]   → published · 1s · editor complete · director complete · creative complete · publisher approved
[2026-06-28T22:54:27.300Z] [4225/5133] RVTR507119 — Hardy — Sold Out (Editor queued — awaiting distill)
[2026-06-28T22:54:28.060Z]   → published · 1s · editor complete · director complete · creative complete · publisher approved
[2026-06-28T22:54:28.098Z] [4226/5133] RVTR508606 — Nicki Minaj — Stupid Hoe (Editor queued — awaiting distill)
[2026-06-28T22:54:28.914Z]   → published · 1s · editor complete · director complete · creative complete · publisher approved
[2026-06-28T22:54:28.956Z] [4227/5133] RVTR508792 — Trixter — One In A Million (Editor queued — awaiting distill)
[2026-06-28T22:54:29.749Z]   → published · 1s · editor complete · director complete · creative complete · publisher approved
[2026-06-28T22:54:29.789Z] [4228/5133] RVTR508935 — Stryper — Shining Star (Editor queued — awaiting distill)
[2026-06-28T22:54:30.585Z]   → published · 1s · editor complete · director complete · creative complete · publisher approved
[2026-06-28T22:54:30.624Z] [4229/5133] RVTR509414 — The Fixx — Stand Or Fall (Editor queued — awaiting distill)
[2026-06-28T22:54:31.447Z]   → published · 1s · editor complete · director complete · creative complete · publisher approved
[2026-06-28T22:54:31.486Z] [4230/5133] RVTR509545 — Danielle Bradbery — Sway (Editor queued — awaiting distill)
[2026-06-28T22:54:32.234Z]   → published · 1s · editor complete · director complete · creative complete · publisher approved
[2026-06-28T22:54:32.272Z] [4231/5133] RVTR509697 — Janet Jackson — Control (Editor queued — awaiting distill)
[2026-06-28T22:54:33.093Z]   → published · 1s · editor complete · director complete · creative complete · publisher approved
[2026-06-28T22:54:33.133Z] [4232/5133] RVTR509709 — Danielle Bradbery — Grandpa Tell Me 'Bout The Good Old Days (Editor queued — awaiting distill)
[2026-06-28T22:54:33.904Z]   → published · 1s · editor complete · director complete · creative complete · publisher approved
[2026-06-28T22:54:33.943Z] [4233/5133] RVTR509750 — Cracker — Get Off This (Editor queued — awaiting distill)
[2026-06-28T22:54:34.709Z]   → published · 1s · editor complete · director complete · creative complete · publisher approved
[2026-06-28T22:54:34.752Z] [4234/5133] RVTR509838 — Big Time Rush — Worldwide (Editor queued — awaiting distill)
[2026-06-28T22:54:35.625Z]   → published · 1s · editor complete · director complete · creative complete · publisher approved
[2026-06-28T22:54:35.666Z] [4235/5133] RVTR511312 — Kendrick Lamar — Luther (Editor queued — awaiting distill)
[2026-06-28T22:54:36.536Z]   → published · 1s · editor complete · director complete · creative complete · publisher approved
[2026-06-28T22:54:36.582Z] [4236/5133] RVTR511514 — Post Malone — I Had Some Help (Editor queued — awaiting distill)
[2026-06-28T22:54:37.773Z]   → published · 1s · editor complete · director complete · creative complete · publisher approved
[2026-06-28T22:54:37.840Z] [4237/5133] RVTR512905 — U2 — Bad (Editor queued — awaiting distill)
[2026-06-28T22:54:38.928Z]   → published · 1s · editor complete · director complete · creative complete · publisher approved
[2026-06-28T22:54:38.969Z] [4238/5133] RVTR512987 — Hoobastank — Reason The (Editor queued — awaiting distill)
[2026-06-28T22:54:39.777Z]   → published · 1s · editor complete · director complete · creative complete · publisher approved
[2026-06-28T22:54:39.817Z] [4239/5133] RVTR513214 — Elton John — Believe (Editor queued — awaiting distill)
[2026-06-28T22:54:40.709Z]   → published · 1s · editor complete · director complete · creative complete · publisher approved
[2026-06-28T22:54:40.748Z] [4240/5133] RVTR513320 — Sade — No Ordinary Love (Editor queued — awaiting distill)
[2026-06-28T22:54:41.518Z]   → published · 1s · editor complete · director complete · creative complete · publisher approved
[2026-06-28T22:54:41.559Z] [4241/5133] RVTR513407 — T-pain — Booty Wurk One Cheek At A Time (Editor queued — awaiting distill)
[2026-06-28T22:54:42.346Z]   → published · 1s · editor complete · director complete · creative complete · publisher approved
[2026-06-28T22:54:42.385Z] [4242/5133] RVTR513635 — Neil Young — Wonderin' (Editor queued — awaiting distill)
[2026-06-28T22:54:43.382Z]   → published · 1s · editor complete · director complete · creative complete · publisher approved
[2026-06-28T22:54:43.421Z] [4243/5133] RVTR514038 — Calvin Harris — Feels (Editor queued — awaiting distill)
[2026-06-28T22:54:44.326Z]   → published · 1s · editor complete · director complete · creative complete · publisher approved
[2026-06-28T22:54:44.386Z] [4244/5133] RVTR514666 — Emeli Sandé — Next To Me (Editor queued — awaiting distill)
[2026-06-28T22:54:45.190Z]   → published · 1s · editor complete · director complete · creative complete · publisher approved
[2026-06-28T22:54:45.228Z] [4245/5133] RVTR514782 — The Chambers Brothers — Time Has Come Today (Editor queued — awaiting distill)
[2026-06-28T22:54:45.972Z]   → published · 1s · editor complete · director complete · creative complete · publisher approved
[2026-06-28T22:54:46.009Z] [4246/5133] RVTR515488 — The Prodigy — Firestarter (Editor queued — awaiting distill)
[2026-06-28T22:54:46.755Z]   → published · 1s · editor complete · director complete · creative complete · publisher approved
[2026-06-28T22:54:46.792Z] [4247/5133] RVTR515621 — Tyler Farr — Redneck Crazy (Editor queued — awaiting distill)
[2026-06-28T22:54:47.546Z]   → published · 1s · editor complete · director complete · creative complete · publisher approved
[2026-06-28T22:54:47.583Z] [4248/5133] RVTR516063 — Metallica — I Disappear (Editor queued — awaiting distill)
[2026-06-28T22:54:48.335Z]   → published · 1s · editor complete · director complete · creative complete · publisher approved
[2026-06-28T22:54:48.372Z] [4249/5133] RVTR517261 — B.b. King — Rock Me Baby (Editor queued — awaiting distill)
[2026-06-28T22:54:49.109Z]   → published · 1s · editor complete · director complete · creative complete · publisher approved
[2026-06-28T22:54:49.154Z] [4250/5133] RVTR517320 — Inxs — What You Need (Editor queued — awaiting distill)
[2026-06-28T22:54:49.909Z]   → published · 1s · editor complete · director complete · creative complete · publisher approved
[2026-06-28T22:54:50.035Z] --- Progress after 4250 processed ---
[2026-06-28T22:54:50.035Z] Collector complete: 5217
Editor complete: 2216
Director complete: 2215
Creative Review complete: 1227
Published: 84
Failed (this run): 4
Remaining (collector done, not published): 5133
[2026-06-28T22:54:50.035Z] [4251/5133] RVTR517949 — Luke Combs — Lovin' On You (Editor queued — awaiting distill)
[2026-06-28T22:54:50.788Z]   → published · 1s · editor complete · director complete · creative complete · publisher approved
[2026-06-28T22:54:50.826Z] [4252/5133] RVTR517995 — Chris Brown — Go Crazy (Editor queued — awaiting distill)
[2026-06-28T22:54:51.584Z]   → published · 1s · editor complete · director complete · creative complete · publisher approved
[2026-06-28T22:54:51.630Z] [4253/5133] RVTR518435 — The Script — Breakeven (Editor queued — awaiting distill)
[2026-06-28T22:54:52.384Z]   → published · 1s · editor complete · director complete · creative complete · publisher approved
[2026-06-28T22:54:52.422Z] [4254/5133] RVTR518463 — Jay-z, Rihanna — Run This Town (Editor queued — awaiting distill)
[2026-06-28T22:54:53.184Z]   → published · 1s · editor complete · director complete · creative complete · publisher approved
[2026-06-28T22:54:53.221Z] [4255/5133] RVTR519160 — R. Kelly — Down Low Nobody Has To Know (Editor queued — awaiting distill)
[2026-06-28T22:54:53.992Z]   → published · 1s · editor complete · director complete · creative complete · publisher approved
[2026-06-28T22:54:54.035Z] [4256/5133] RVTR520186 — Foreigner — Double Vision (Editor queued — awaiting distill)
[2026-06-28T22:54:54.765Z]   → published · 1s · editor complete · director complete · creative complete · publisher approved
[2026-06-28T22:54:54.802Z] [4257/5133] RVTR521337 — Keith Sweat — Nobody (Editor queued — awaiting distill)
[2026-06-28T22:54:55.544Z]   → published · 1s · editor complete · director complete · creative complete · publisher approved
[2026-06-28T22:54:55.582Z] [4258/5133] RVTR522576 — Mickey Avalon — Jane Fonda (Editor queued — awaiting distill)
[2026-06-28T22:54:56.321Z]   → published · 1s · editor complete · director complete · creative complete · publisher approved
[2026-06-28T22:54:56.363Z] [4259/5133] RVTR522682 — Safri Duo — Played A Live The Bongo Song (Editor queued — awaiting distill)
[2026-06-28T22:54:57.117Z]   → published · 1s · editor complete · director complete · creative complete · publisher approved
[2026-06-28T22:54:57.156Z] [4260/5133] RVTR522822 — Hoobastank — My Turn (Editor queued — awaiting distill)
[2026-06-28T22:54:57.948Z]   → published · 1s · editor complete · director complete · creative complete · publisher approved
[2026-06-28T22:54:57.986Z] [4261/5133] RVTR523111 — Abba — Voulez Vous (Editor queued — awaiting distill)
[2026-06-28T22:54:58.806Z]   → published · 1s · editor complete · director complete · creative complete · publisher approved
[2026-06-28T22:54:58.851Z] [4262/5133] RVTR523628 — Lisa Scott Lee — Electric (Editor queued — awaiting distill)
[2026-06-28T22:54:59.598Z]   → published · 1s · editor complete · director complete · creative complete · publisher approved
[2026-06-28T22:54:59.637Z] [4263/5133] RVTR523930 — Trey Songz — 2 Reasons (Editor queued — awaiting distill)
[2026-06-28T22:55:00.404Z]   → published · 1s · editor complete · director complete · creative complete · publisher approved
[2026-06-28T22:55:00.445Z] [4264/5133] RVTR524792 — Little Mix — Wings (Editor queued — awaiting distill)
[2026-06-28T22:55:01.348Z]   → published · 1s · editor complete · director complete · creative complete · publisher approved
[2026-06-28T22:55:01.394Z] [4265/5133] RVTR526519 — The Doors — Gloria (Editor queued — awaiting distill)
[2026-06-28T22:55:02.167Z]   → published · 1s · editor complete · director complete · creative complete · publisher approved
[2026-06-28T22:55:02.205Z] [4266/5133] RVTR526598 — Savage — Swing (Editor queued — awaiting distill)
[2026-06-28T22:55:02.980Z]   → published · 1s · editor complete · director complete · creative complete · publisher approved
[2026-06-28T22:55:03.018Z] [4267/5133] RVTR527359 — Fancy — Flames Of Love (Editor queued — awaiting distill)
[2026-06-28T22:55:03.772Z]   → published · 1s · editor complete · director complete · creative complete · publisher approved
[2026-06-28T22:55:03.815Z] [4268/5133] RVTR527360 — Rod Stewart — Sailing (Editor queued — awaiting distill)
[2026-06-28T22:55:04.571Z]   → published · 1s · editor complete · director complete · creative complete · publisher approved
[2026-06-28T22:55:04.609Z] [4269/5133] RVTR529538 — Linkin Park — Faint (Editor queued — awaiting distill)
[2026-06-28T22:55:05.381Z]   → published · 1s · editor complete · director complete · creative complete · publisher approved
[2026-06-28T22:55:05.419Z] [4270/5133] RVTR529687 — Dixie Chicks — Landslide (Editor queued — awaiting distill)
[2026-06-28T22:55:06.184Z]   → published · 1s · editor complete · director complete · creative complete · publisher approved
[2026-06-28T22:55:06.229Z] [4271/5133] RVTR530240 — Travis — Closer (Editor queued — awaiting distill)
[2026-06-28T22:55:07.050Z]   → published · 1s · editor complete · director complete · creative complete · publisher approved
[2026-06-28T22:55:07.090Z] [4272/5133] RVTR530475 — Krokus — Ballroom Blitz (Editor queued — awaiting distill)
[2026-06-28T22:55:07.871Z]   → published · 1s · editor complete · director complete · creative complete · publisher approved
[2026-06-28T22:55:07.908Z] [4273/5133] RVTR531406 — The Beatles — Misery (Editor queued — awaiting distill)
[2026-06-28T22:55:08.745Z]   → published · 1s · editor complete · director complete · creative complete · publisher approved
[2026-06-28T22:55:08.803Z] [4274/5133] RVTR531436 — Cameo — Back And Forth (Editor queued — awaiting distill)
[2026-06-28T22:55:09.625Z]   → published · 1s · editor complete · director complete · creative complete · publisher approved
[2026-06-28T22:55:09.668Z] [4275/5133] RVTR532391 — Lifehouse — Broken (Editor queued — awaiting distill)
[2026-06-28T22:55:10.523Z]   → published · 1s · editor complete · director complete · creative complete · publisher approved
[2026-06-28T22:55:10.564Z] [4276/5133] RVTR532451 — Cobra Starship — Send My Love To The Dancefloor I'Ll See You In Hell (Editor queued — awaiting distill)
[2026-06-28T22:55:11.427Z]   → published · 1s · editor complete · director complete · creative complete · publisher approved
[2026-06-28T22:55:11.471Z] [4277/5133] RVTR532498 — Sean Paul — Get Busy (Editor queued — awaiting distill)
[2026-06-28T22:55:12.372Z]   → published · 1s · editor complete · director complete · creative complete · publisher approved
[2026-06-28T22:55:12.437Z] [4278/5133] RVTR532908 — Rare Earth — Get Ready (Editor queued — awaiting distill)
[2026-06-28T22:55:13.504Z]   → published · 1s · editor complete · director complete · creative complete · publisher approved
[2026-06-28T22:55:13.578Z] [4279/5133] RVTR534335 — Lady Gaga — Bloody Mary (Editor queued — awaiting distill)
[2026-06-28T22:55:14.611Z]   → published · 1s · editor complete · director complete · creative complete · publisher approved
[2026-06-28T22:55:14.654Z] [4280/5133] RVTR534550 — Genesis — Invisible Touch (Editor queued — awaiting distill)
[2026-06-28T22:55:15.562Z]   → published · 1s · editor complete · director complete · creative complete · publisher approved
[2026-06-28T22:55:15.618Z] [4281/5133] RVTR534594 — Velvet Revolver — Slither (Editor queued — awaiting distill)
[2026-06-28T22:55:16.466Z]   → published · 1s · editor complete · director complete · creative complete · publisher approved
[2026-06-28T22:55:16.505Z] [4282/5133] RVTR534626 — Rob Zombie — Foxy Foxy (Editor queued — awaiting distill)
[2026-06-28T22:55:17.565Z]   → published · 1s · editor complete · director complete · creative complete · publisher approved
[2026-06-28T22:55:17.641Z] [4283/5133] RVTR535059 — Pink Floyd — Us And Them (Editor queued — awaiting distill)
[2026-06-28T22:55:18.735Z]   → published · 1s · editor complete · director complete · creative complete · publisher approved
[2026-06-28T22:55:18.774Z] [4284/5133] RVTR535107 — Janet Jackson — Again (Editor queued — awaiting distill)
[2026-06-28T22:55:19.593Z]   → published · 1s · editor complete · director complete · creative complete · publisher approved
[2026-06-28T22:55:19.639Z] [4285/5133] RVTR536032 — Pink — You Make Me Sick (Editor queued — awaiting distill)
[2026-06-28T22:55:20.463Z]   → published · 1s · editor complete · director complete · creative complete · publisher approved
[2026-06-28T22:55:20.501Z] [4286/5133] RVTR536056 — Hinder — Lips Of An Angel (Editor queued — awaiting distill)
[2026-06-28T22:55:21.345Z]   → published · 1s · editor complete · director complete · creative complete · publisher approved
[2026-06-28T22:55:21.383Z] [4287/5133] RVTR536222 — Herman's Hermits — Mrs Brown You'Ve Got A Lovely Daughter (Editor queued — awaiting distill)
[2026-06-28T22:55:22.161Z]   → published · 1s · editor complete · director complete · creative complete · publisher approved
[2026-06-28T22:55:22.200Z] [4288/5133] RVTR536500 — Good Charlotte — The River (Editor queued — awaiting distill)
[2026-06-28T22:55:22.952Z]   → published · 1s · editor complete · director complete · creative complete · publisher approved
[2026-06-28T22:55:22.988Z] [4289/5133] RVTR536601 — Porn Kings — Up To No Good (Editor queued — awaiting distill)
[2026-06-28T22:55:23.709Z]   → published · 1s · editor complete · director complete · creative complete · publisher approved
[2026-06-28T22:55:23.746Z] [4290/5133] RVTR537621 — Todd Snider — Beer Run (Editor queued — awaiting distill)
[2026-06-28T22:55:24.527Z]   → published · 1s · editor complete · director complete · creative complete · publisher approved
[2026-06-28T22:55:24.564Z] [4291/5133] RVTR537890 — Paramore — Careful (Editor queued — awaiting distill)
[2026-06-28T22:55:25.323Z]   → published · 1s · editor complete · director complete · creative complete · publisher approved
[2026-06-28T22:55:25.359Z] [4292/5133] RVTR538774 — Rick Dees — Disco Duck Part I (Editor queued — awaiting distill)
[2026-06-28T22:55:26.099Z]   → published · 1s · editor complete · director complete · creative complete · publisher approved
[2026-06-28T22:55:26.137Z] [4293/5133] RVTR539347 — Atb — Nine 9 P M (Editor queued — awaiting distill)
[2026-06-28T22:55:26.951Z]   → published · 1s · editor complete · director complete · creative complete · publisher approved
[2026-06-28T22:55:26.991Z] [4294/5133] RVTR539573 — The B-52s — Roam (Editor queued — awaiting distill)
[2026-06-28T22:55:27.733Z]   → published · 1s · editor complete · director complete · creative complete · publisher approved
[2026-06-28T22:55:27.770Z] [4295/5133] RVTR540161 — Queensryche — Empire (Editor queued — awaiting distill)
[2026-06-28T22:55:28.521Z]   → published · 1s · editor complete · director complete · creative complete · publisher approved
[2026-06-28T22:55:28.557Z] [4296/5133] RVTR540616 — Pink — All I Know So Far (Editor queued — awaiting distill)
[2026-06-28T22:55:29.294Z]   → published · 1s · editor complete · director complete · creative complete · publisher approved
[2026-06-28T22:55:29.330Z] [4297/5133] RVTR541064 — Nirvana — About A Girl (Editor queued — awaiting distill)
[2026-06-28T22:55:30.094Z]   → published · 1s · editor complete · director complete · creative complete · publisher approved
[2026-06-28T22:55:30.131Z] [4298/5133] RVTR542429 — James Arthur — September (Editor queued — awaiting distill)
[2026-06-28T22:55:30.877Z]   → published · 1s · editor complete · director complete · creative complete · publisher approved
[2026-06-28T22:55:30.914Z] [4299/5133] RVTR542448 — Ice Cube — You Can Do It (Editor queued — awaiting distill)
[2026-06-28T22:55:31.653Z]   → published · 1s · editor complete · director complete · creative complete · publisher approved
[2026-06-28T22:55:31.690Z] [4300/5133] RVTR542886 — The Fray — Heartless (Editor queued — awaiting distill)
[2026-06-28T22:55:32.429Z]   → published · 1s · editor complete · director complete · creative complete · publisher approved
[2026-06-28T22:55:32.519Z] --- Progress after 4300 processed ---
[2026-06-28T22:55:32.519Z] Collector complete: 5217
Editor complete: 2266
Director complete: 2265
Creative Review complete: 1277
Published: 84
Failed (this run): 4
Remaining (collector done, not published): 5133
[2026-06-28T22:55:32.519Z] [4301/5133] RVTR546089 — Run Dmc — King Of Rock (Editor queued — awaiting distill)
[2026-06-28T22:55:33.255Z]   → published · 1s · editor complete · director complete · creative complete · publisher approved
[2026-06-28T22:55:33.292Z] [4302/5133] RVTR546320 — Kiss — Black Diamond (Editor queued — awaiting distill)
[2026-06-28T22:55:34.035Z]   → published · 1s · editor complete · director complete · creative complete · publisher approved
[2026-06-28T22:55:34.072Z] [4303/5133] RVTR546420 — Brainbug — Nightmare (Editor queued — awaiting distill)
[2026-06-28T22:55:34.815Z]   → published · 1s · editor complete · director complete · creative complete · publisher approved
[2026-06-28T22:55:34.851Z] [4304/5133] RVTR547655 — White Lion — Wait (Editor queued — awaiting distill)
[2026-06-28T22:55:35.601Z]   → published · 1s · editor complete · director complete · creative complete · publisher approved
[2026-06-28T22:55:35.637Z] [4305/5133] RVTR547991 — Instrumentallyinsane — Metallica Turn The Page Uncensored (Editor queued — awaiting distill)
[2026-06-28T22:55:36.384Z]   → published · 1s · editor complete · director complete · creative complete · publisher approved
[2026-06-28T22:55:36.421Z] [4306/5133] RVTR548017 — Winger — Miles Away (Editor queued — awaiting distill)
[2026-06-28T22:55:37.170Z]   → published · 1s · editor complete · director complete · creative complete · publisher approved
[2026-06-28T22:55:37.208Z] [4307/5133] RVTR548204 — Lene Lovich — Angels (Editor queued — awaiting distill)
[2026-06-28T22:55:37.961Z]   → published · 1s · editor complete · director complete · creative complete · publisher approved
[2026-06-28T22:55:37.997Z] [4308/5133] RVTR548401 — Train — Marry Me (Editor queued — awaiting distill)
[2026-06-28T22:55:38.769Z]   → published · 1s · editor complete · director complete · creative complete · publisher approved
[2026-06-28T22:55:38.805Z] [4309/5133] RVTR550138 — Dokken — Dream Warriors (Editor queued — awaiting distill)
[2026-06-28T22:55:39.556Z]   → published · 1s · editor complete · director complete · creative complete · publisher approved
[2026-06-28T22:55:39.592Z] [4310/5133] RVTR550468 — Zach Sobiech — Clouds (Editor queued — awaiting distill)
[2026-06-28T22:55:40.347Z]   → published · 1s · editor complete · director complete · creative complete · publisher approved
[2026-06-28T22:55:40.384Z] [4311/5133] RVTR550787 — Apollonia 6 — Sex Shooter (Editor queued — awaiting distill)
[2026-06-28T22:55:41.135Z]   → published · 1s · editor complete · director complete · creative complete · publisher approved
[2026-06-28T22:55:41.173Z] [4312/5133] RVTR550843 — Brett Eldredge — Don't Ya (Editor queued — awaiting distill)
[2026-06-28T22:55:41.928Z]   → published · 1s · editor complete · director complete · creative complete · publisher approved
[2026-06-28T22:55:41.965Z] [4313/5133] RVTR551903 — Old Dominion — Snapback (Editor queued — awaiting distill)
[2026-06-28T22:55:42.714Z]   → published · 1s · editor complete · director complete · creative complete · publisher approved
[2026-06-28T22:55:42.751Z] [4314/5133] RVTR551987 — Blake Lewis — Sad Song (Editor queued — awaiting distill)
[2026-06-28T22:55:43.528Z]   → published · 1s · editor complete · director complete · creative complete · publisher approved
[2026-06-28T22:55:43.565Z] [4315/5133] RVTR553038 — Christians — Words (Editor queued — awaiting distill)
[2026-06-28T22:55:44.340Z]   → published · 1s · editor complete · director complete · creative complete · publisher approved
[2026-06-28T22:55:44.377Z] [4316/5133] RVTR553073 — Stevie Nicks — Nightbird (Editor queued — awaiting distill)
[2026-06-28T22:55:45.135Z]   → published · 1s · editor complete · director complete · creative complete · publisher approved
[2026-06-28T22:55:45.172Z] [4317/5133] RVTR553536 — Ferg — Plain Jane (Editor queued — awaiting distill)
[2026-06-28T22:55:45.926Z]   → published · 1s · editor complete · director complete · creative complete · publisher approved
[2026-06-28T22:55:45.963Z] [4318/5133] RVTR554229 — Chris Brown — Run It (Editor queued — awaiting distill)
[2026-06-28T22:55:46.716Z]   → published · 1s · editor complete · director complete · creative complete · publisher approved
[2026-06-28T22:55:46.753Z] [4319/5133] RVTR554312 — Art Of Noise — Close (Editor queued — awaiting distill)
[2026-06-28T22:55:47.510Z]   → published · 1s · editor complete · director complete · creative complete · publisher approved
[2026-06-28T22:55:47.546Z] [4320/5133] RVTR555311 — Coldplay — Viva La Vida (Editor queued — awaiting distill)
[2026-06-28T22:55:48.304Z]   → published · 1s · editor complete · director complete · creative complete · publisher approved
[2026-06-28T22:55:48.341Z] [4321/5133] RVTR555616 — Justin Bieber — U Smile (Editor queued — awaiting distill)
[2026-06-28T22:55:49.125Z]   → published · 1s · editor complete · director complete · creative complete · publisher approved
[2026-06-28T22:55:49.163Z] [4322/5133] RVTR556093 — Dido — Here With Me (Editor queued — awaiting distill)
[2026-06-28T22:55:49.920Z]   → published · 1s · editor complete · director complete · creative complete · publisher approved
[2026-06-28T22:55:49.957Z] [4323/5133] RVTR556852 — Lil' Romeo, Nick Cannon & 3lw — Parents Just Don't Understand (Editor queued — awaiting distill)
[2026-06-28T22:55:50.714Z]   → published · 1s · editor complete · director complete · creative complete · publisher approved
[2026-06-28T22:55:50.752Z] [4324/5133] RVTR556872 — Jon Pardi — Up All Night (Editor queued — awaiting distill)
[2026-06-28T22:55:51.511Z]   → published · 1s · editor complete · director complete · creative complete · publisher approved
[2026-06-28T22:55:51.551Z] [4325/5133] RVTR556998 — The Cult — Lil' Devil (Editor queued — awaiting distill)
[2026-06-28T22:55:52.309Z]   → published · 1s · editor complete · director complete · creative complete · publisher approved
[2026-06-28T22:55:52.346Z] [4326/5133] RVTR557318 — Wiz Khalifa — See You Again (Editor queued — awaiting distill)
[2026-06-28T22:55:53.110Z]   → published · 1s · editor complete · director complete · creative complete · publisher approved
[2026-06-28T22:55:53.147Z] [4327/5133] RVTR557458 — Sundance Head — At Last (Editor queued — awaiting distill)
[2026-06-28T22:55:53.911Z]   → published · 1s · editor complete · director complete · creative complete · publisher approved
[2026-06-28T22:55:53.948Z] [4328/5133] RVTR557693 — Vandenberg — Burning Heart (Editor queued — awaiting distill)
[2026-06-28T22:55:54.714Z]   → published · 1s · editor complete · director complete · creative complete · publisher approved
[2026-06-28T22:55:54.752Z] [4329/5133] RVTR557773 — Korn — Evolution (Editor queued — awaiting distill)
[2026-06-28T22:55:55.551Z]   → published · 1s · editor complete · director complete · creative complete · publisher approved
[2026-06-28T22:55:55.589Z] [4330/5133] RVTR557817 — Jefferson Starship — Sara (Editor queued — awaiting distill)
[2026-06-28T22:55:56.331Z]   → published · 1s · editor complete · director complete · creative complete · publisher approved
[2026-06-28T22:55:56.368Z] [4331/5133] RVTR558354 — Rihanna — Wait Your Turn (Editor queued — awaiting distill)
[2026-06-28T22:55:57.139Z]   → published · 1s · editor complete · director complete · creative complete · publisher approved
[2026-06-28T22:55:57.175Z] [4332/5133] RVTR559305 — A*teens — Dancing Queen (Editor queued — awaiting distill)
[2026-06-28T22:55:57.951Z]   → published · 1s · editor complete · director complete · creative complete · publisher approved
[2026-06-28T22:55:57.989Z] [4333/5133] RVTR560036 — Angel City — Love Me Right Oh Sheila (Editor queued — awaiting distill)
[2026-06-28T22:55:58.766Z]   → published · 1s · editor complete · director complete · creative complete · publisher approved
[2026-06-28T22:55:58.802Z] [4334/5133] RVTR560710 — Sting — Roxanne '97 (Editor queued — awaiting distill)
[2026-06-28T22:55:59.575Z]   → published · 1s · editor complete · director complete · creative complete · publisher approved
[2026-06-28T22:55:59.612Z] [4335/5133] RVTR560800 — Coldplay — Lovers In Japan (Editor queued — awaiting distill)
[2026-06-28T22:56:00.391Z]   → published · 1s · editor complete · director complete · creative complete · publisher approved
[2026-06-28T22:56:00.428Z] [4336/5133] RVTR560815 — The Kentucky Headhunters — Dumas Walker Live At Farm Aid 1990 (Editor queued — awaiting distill)
[2026-06-28T22:56:01.207Z]   → published · 1s · editor complete · director complete · creative complete · publisher approved
[2026-06-28T22:56:01.244Z] [4337/5133] RVTR560933 — Verve Pipe — Freshmen The (Editor queued — awaiting distill)
[2026-06-28T22:56:02.020Z]   → published · 1s · editor complete · director complete · creative complete · publisher approved
[2026-06-28T22:56:02.056Z] [4338/5133] RVTR562688 — Destiny's Child — Emotion (Editor queued — awaiting distill)
[2026-06-28T22:56:02.859Z]   → published · 1s · editor complete · director complete · creative complete · publisher approved
[2026-06-28T22:56:02.896Z] [4339/5133] RVTR563439 — Lmfao — Party Rock Anthem (Editor queued — awaiting distill)
[2026-06-28T22:56:03.665Z]   → published · 1s · editor complete · director complete · creative complete · publisher approved
[2026-06-28T22:56:03.703Z] [4340/5133] RVTR564902 — Deer Tick — The Real Thing (Editor queued — awaiting distill)
[2026-06-28T22:56:04.475Z]   → published · 1s · editor complete · director complete · creative complete · publisher approved
[2026-06-28T22:56:04.513Z] [4341/5133] RVTR565210 — Shawn Mendes — Stitches (Editor queued — awaiting distill)
[2026-06-28T22:56:05.293Z]   → published · 1s · editor complete · director complete · creative complete · publisher approved
[2026-06-28T22:56:05.330Z] [4342/5133] RVTR565322 — Marion — Sleep The Word (Editor queued — awaiting distill)
[2026-06-28T22:56:06.136Z]   → published · 1s · editor complete · director complete · creative complete · publisher approved
[2026-06-28T22:56:06.173Z] [4343/5133] RVTR565839 — Aiyana — Lee Bedroom (Editor queued — awaiting distill)
[2026-06-28T22:56:06.960Z]   → published · 1s · editor complete · director complete · creative complete · publisher approved
[2026-06-28T22:56:06.996Z] [4344/5133] RVTR566031 — Ac/dc — Big Gun From Last Action Hero (Editor queued — awaiting distill)
[2026-06-28T22:56:07.773Z]   → published · 1s · editor complete · director complete · creative complete · publisher approved
[2026-06-28T22:56:07.810Z] [4345/5133] RVTR566099 — Khalid — Talk (Editor queued — awaiting distill)
[2026-06-28T22:56:08.586Z]   → published · 1s · editor complete · director complete · creative complete · publisher approved
[2026-06-28T22:56:08.622Z] [4346/5133] RVTR567060 — Ke$ha — Tik Tok (Editor queued — awaiting distill)
[2026-06-28T22:56:09.400Z]   → published · 1s · editor complete · director complete · creative complete · publisher approved
[2026-06-28T22:56:09.437Z] [4347/5133] RVTR567430 — Jane Wiedlin — Rush Hour (Editor queued — awaiting distill)
[2026-06-28T22:56:10.219Z]   → published · 1s · editor complete · director complete · creative complete · publisher approved
[2026-06-28T22:56:10.256Z] [4348/5133] RVTR567487 — Justin Bieber — Love Me (Editor queued — awaiting distill)
[2026-06-28T22:56:11.036Z]   → published · 1s · editor complete · director complete · creative complete · publisher approved
[2026-06-28T22:56:11.073Z] [4349/5133] RVTR568229 — Jim Capaldi — Love Hurts (Editor queued — awaiting distill)
[2026-06-28T22:56:11.854Z]   → published · 1s · editor complete · director complete · creative complete · publisher approved
[2026-06-28T22:56:11.892Z] [4350/5133] RVTR569780 — The Offspring — Hit That (Editor queued — awaiting distill)
[2026-06-28T22:56:12.679Z]   → published · 1s · editor complete · director complete · creative complete · publisher approved
[2026-06-28T22:56:12.770Z] --- Progress after 4350 processed ---
[2026-06-28T22:56:12.771Z] Collector complete: 5217
Editor complete: 2316
Director complete: 2315
Creative Review complete: 1327
Published: 84
Failed (this run): 4
Remaining (collector done, not published): 5133
[2026-06-28T22:56:12.771Z] [4351/5133] RVTR570372 — Drake — In My Feelings (Editor queued — awaiting distill)
[2026-06-28T22:56:13.560Z]   → published · 1s · editor complete · director complete · creative complete · publisher approved
[2026-06-28T22:56:13.597Z] [4352/5133] RVTR571182 — Meat Loaf — Bat Out Of Hell (Editor queued — awaiting distill)
[2026-06-28T22:56:14.385Z]   → published · 1s · editor complete · director complete · creative complete · publisher approved
[2026-06-28T22:56:14.422Z] [4353/5133] RVTR571653 — Lana Del Ray — American (Editor queued — awaiting distill)
[2026-06-28T22:56:15.214Z]   → published · 1s · editor complete · director complete · creative complete · publisher approved
[2026-06-28T22:56:15.251Z] [4354/5133] RVTR571756 — Miranda Lambert — Bluebird (Editor queued — awaiting distill)
[2026-06-28T22:56:16.037Z]   → published · 1s · editor complete · director complete · creative complete · publisher approved
[2026-06-28T22:56:16.074Z] [4355/5133] RVTR571898 — Brick — Dazz (Editor queued — awaiting distill)
[2026-06-28T22:56:16.874Z]   → published · 1s · editor complete · director complete · creative complete · publisher approved
[2026-06-28T22:56:16.910Z] [4356/5133] RVTR572117 — Laura Branigan — Solitaire (Editor queued — awaiting distill)
[2026-06-28T22:56:17.738Z]   → published · 1s · editor complete · director complete · creative complete · publisher approved
[2026-06-28T22:56:17.776Z] [4357/5133] RVTR573440 — Seals And Crofts — We May Never Pass This Way Again Summer Breeze 1973 (Editor queued — awaiting distill)
[2026-06-28T22:56:18.562Z]   → published · 1s · editor complete · director complete · creative complete · publisher approved
[2026-06-28T22:56:18.598Z] [4358/5133] RVTR573878 — Mgmt — Time To Pretend (Editor queued — awaiting distill)
[2026-06-28T22:56:19.392Z]   → published · 1s · editor complete · director complete · creative complete · publisher approved
[2026-06-28T22:56:19.429Z] [4359/5133] RVTR576643 — Thomas Rhett — Half Of Me (Editor queued — awaiting distill)
[2026-06-28T22:56:20.213Z]   → published · 1s · editor complete · director complete · creative complete · publisher approved
[2026-06-28T22:56:20.250Z] [4360/5133] RVTR577466 — The Pussycat Dolls — Don't Cha (Editor queued — awaiting distill)
[2026-06-28T22:56:21.033Z]   → published · 1s · editor complete · director complete · creative complete · publisher approved
[2026-06-28T22:56:21.070Z] [4361/5133] RVTR577786 — Blink-182 — Up All Night (Editor queued — awaiting distill)
[2026-06-28T22:56:21.855Z]   → published · 1s · editor complete · director complete · creative complete · publisher approved
[2026-06-28T22:56:21.892Z] [4362/5133] RVTR578696 — The Surfaris — Surfer Joe (Editor queued — awaiting distill)
[2026-06-28T22:56:22.688Z]   → published · 1s · editor complete · director complete · creative complete · publisher approved
[2026-06-28T22:56:22.725Z] [4363/5133] RVTR578735 — Marie Osmond — Paper Roses (Editor queued — awaiting distill)
[2026-06-28T22:56:23.529Z]   → published · 1s · editor complete · director complete · creative complete · publisher approved
[2026-06-28T22:56:23.567Z] [4364/5133] RVTR579341 — New Edition — Candy Girl (Editor queued — awaiting distill)
[2026-06-28T22:56:24.355Z]   → published · 1s · editor complete · director complete · creative complete · publisher approved
[2026-06-28T22:56:24.392Z] [4365/5133] RVTR579511 — Letoya — She Ain't Got (Editor queued — awaiting distill)
[2026-06-28T22:56:25.177Z]   → published · 1s · editor complete · director complete · creative complete · publisher approved
[2026-06-28T22:56:25.214Z] [4366/5133] RVTR579671 — Drake — Nice For What (Editor queued — awaiting distill)
[2026-06-28T22:56:26.003Z]   → published · 1s · editor complete · director complete · creative complete · publisher approved
[2026-06-28T22:56:26.043Z] [4367/5133] RVTR579848 — R.e.m — The One I Love (Editor queued — awaiting distill)
[2026-06-28T22:56:26.847Z]   → published · 1s · editor complete · director complete · creative complete · publisher approved
[2026-06-28T22:56:26.883Z] [4368/5133] RVTR579894 — Amerie — Why R U (Editor queued — awaiting distill)
[2026-06-28T22:56:27.665Z]   → published · 1s · editor complete · director complete · creative complete · publisher approved
[2026-06-28T22:56:27.702Z] [4369/5133] RVTR580046 — Korn — Word Up (Editor queued — awaiting distill)
[2026-06-28T22:56:28.496Z]   → published · 1s · editor complete · director complete · creative complete · publisher approved
[2026-06-28T22:56:28.536Z] [4370/5133] RVTR580567 — Damn Yankees — Come Again (Editor queued — awaiting distill)
[2026-06-28T22:56:29.348Z]   → published · 1s · editor complete · director complete · creative complete · publisher approved
[2026-06-28T22:56:29.386Z] [4371/5133] RVTR581462 — Tosca — Honey (Editor queued — awaiting distill)
[2026-06-28T22:56:30.173Z]   → published · 1s · editor complete · director complete · creative complete · publisher approved
[2026-06-28T22:56:30.211Z] [4372/5133] RVTR582085 — Lana Del Rey — West Coast (Editor queued — awaiting distill)
[2026-06-28T22:56:31.005Z]   → published · 1s · editor complete · director complete · creative complete · publisher approved
[2026-06-28T22:56:31.045Z] [4373/5133] RVTR582425 — Echosmith — Cool Kids (Editor queued — awaiting distill)
[2026-06-28T22:56:31.839Z]   → published · 1s · editor complete · director complete · creative complete · publisher approved
[2026-06-28T22:56:31.877Z] [4374/5133] RVTR582968 — Kim Wilde — Kids In America (Editor queued — awaiting distill)
[2026-06-28T22:56:32.672Z]   → published · 1s · editor complete · director complete · creative complete · publisher approved
[2026-06-28T22:56:32.709Z] [4375/5133] RVTR582971 — Erin Kinsey — Just Drive (Editor queued — awaiting distill)
[2026-06-28T22:56:33.501Z]   → published · 1s · editor complete · director complete · creative complete · publisher approved
[2026-06-28T22:56:33.542Z] [4376/5133] RVTR583000 — George Michael — Amazing (Editor queued — awaiting distill)
[2026-06-28T22:56:34.335Z]   → published · 1s · editor complete · director complete · creative complete · publisher approved
[2026-06-28T22:56:34.372Z] [4377/5133] RVTR583146 — Michael Murphy — Wildfire (Editor queued — awaiting distill)
[2026-06-28T22:56:35.172Z]   → published · 1s · editor complete · director complete · creative complete · publisher approved
[2026-06-28T22:56:35.209Z] [4378/5133] RVTR583161 — Cliff Richard — Apache (Editor queued — awaiting distill)
[2026-06-28T22:56:36.005Z]   → published · 1s · editor complete · director complete · creative complete · publisher approved
[2026-06-28T22:56:36.045Z] [4379/5133] RVTR583312 — Gucci Mane — Wasted (Editor queued — awaiting distill)
[2026-06-28T22:56:36.866Z]   → published · 1s · editor complete · director complete · creative complete · publisher approved
[2026-06-28T22:56:36.904Z] [4380/5133] RVTR584446 — Lit — Over My Head (Editor queued — awaiting distill)
[2026-06-28T22:56:37.695Z]   → published · 1s · editor complete · director complete · creative complete · publisher approved
[2026-06-28T22:56:37.732Z] [4381/5133] RVTR585160 — C — Things We Do For Love (Editor queued — awaiting distill)
[2026-06-28T22:56:38.531Z]   → published · 1s · editor complete · director complete · creative complete · publisher approved
[2026-06-28T22:56:38.571Z] [4382/5133] RVTR585386 — Traffic — Paper Sun (Editor queued — awaiting distill)
[2026-06-28T22:56:39.364Z]   → published · 1s · editor complete · director complete · creative complete · publisher approved
[2026-06-28T22:56:39.402Z] [4383/5133] RVTR585820 — Dua Lipa — Idgaf (Editor queued — awaiting distill)
[2026-06-28T22:56:40.207Z]   → published · 1s · editor complete · director complete · creative complete · publisher approved
[2026-06-28T22:56:40.244Z] [4384/5133] RVTR585911 — Atmosphere — Guarantees (Editor queued — awaiting distill)
[2026-06-28T22:56:41.049Z]   → published · 1s · editor complete · director complete · creative complete · publisher approved
[2026-06-28T22:56:41.092Z] [4385/5133] RVTR585959 — David Bowie — Rebel Rebel (Editor queued — awaiting distill)
[2026-06-28T22:56:41.896Z]   → published · 1s · editor complete · director complete · creative complete · publisher approved
[2026-06-28T22:56:41.935Z] [4386/5133] RVTR586501 — J. Dash — Wop (Editor queued — awaiting distill)
[2026-06-28T22:56:42.759Z]   → published · 1s · editor complete · director complete · creative complete · publisher approved
[2026-06-28T22:56:42.797Z] [4387/5133] RVTR587162 — Mumford — The Cave (Editor queued — awaiting distill)
[2026-06-28T22:56:43.597Z]   → published · 1s · editor complete · director complete · creative complete · publisher approved
[2026-06-28T22:56:43.666Z] [4388/5133] RVTR587281 — Joan Jett — Love Hurts (Editor queued — awaiting distill)
[2026-06-28T22:56:44.469Z]   → published · 1s · editor complete · director complete · creative complete · publisher approved
[2026-06-28T22:56:44.506Z] [4389/5133] RVTR587643 — Bee Gees — Too Much Heaven (Editor queued — awaiting distill)
[2026-06-28T22:56:45.318Z]   → published · 1s · editor complete · director complete · creative complete · publisher approved
[2026-06-28T22:56:45.356Z] [4390/5133] RVTR588073 — 10,000 Maniacs — Trouble Me (Editor queued — awaiting distill)
[2026-06-28T22:56:46.161Z]   → published · 1s · editor complete · director complete · creative complete · publisher approved
[2026-06-28T22:56:46.201Z] [4391/5133] RVTR588377 — Replay — Iyaz (Editor queued — awaiting distill)
[2026-06-28T22:56:47.001Z]   → published · 1s · editor complete · director complete · creative complete · publisher approved
[2026-06-28T22:56:47.039Z] [4392/5133] RVTR588959 — Nancy Sinatra — Sugar Town (Editor queued — awaiting distill)
[2026-06-28T22:56:47.844Z]   → published · 1s · editor complete · director complete · creative complete · publisher approved
[2026-06-28T22:56:47.883Z] [4393/5133] RVTR590148 — Monica — Angel Of Mine (Editor queued — awaiting distill)
[2026-06-28T22:56:48.720Z]   → published · 1s · editor complete · director complete · creative complete · publisher approved
[2026-06-28T22:56:48.760Z] [4394/5133] RVTR590487 — Daniel Powter — Bad Day (Editor queued — awaiting distill)
[2026-06-28T22:56:49.588Z]   → published · 1s · editor complete · director complete · creative complete · publisher approved
[2026-06-28T22:56:49.625Z] [4395/5133] RVTR591085 — Aerosmith — Jaded (Editor queued — awaiting distill)
[2026-06-28T22:56:50.458Z]   → published · 1s · editor complete · director complete · creative complete · publisher approved
[2026-06-28T22:56:50.495Z] [4396/5133] RVTR591702 — Ozzy — Mr Crowley (Editor queued — awaiting distill)
[2026-06-28T22:56:51.298Z]   → published · 1s · editor complete · director complete · creative complete · publisher approved
[2026-06-28T22:56:51.342Z] [4397/5133] RVTR592026 — Erasure — Oh L'Amour (Editor queued — awaiting distill)
[2026-06-28T22:56:52.148Z]   → published · 1s · editor complete · director complete · creative complete · publisher approved
[2026-06-28T22:56:52.186Z] [4398/5133] RVTR592104 — Ja Rule — Holla Holla (Editor queued — awaiting distill)
[2026-06-28T22:56:52.993Z]   → published · 1s · editor complete · director complete · creative complete · publisher approved
[2026-06-28T22:56:53.033Z] [4399/5133] RVTR592472 — Creed — One Last Breath (Editor queued — awaiting distill)
[2026-06-28T22:56:53.844Z]   → published · 1s · editor complete · director complete · creative complete · publisher approved
[2026-06-28T22:56:53.881Z] [4400/5133] RVTR593637 — Zhane — Hey Mr D J (Editor queued — awaiting distill)
[2026-06-28T22:56:54.688Z]   → published · 1s · editor complete · director complete · creative complete · publisher approved
[2026-06-28T22:56:54.780Z] --- Progress after 4400 processed ---
[2026-06-28T22:56:54.780Z] Collector complete: 5217
Editor complete: 2366
Director complete: 2365
Creative Review complete: 1377
Published: 84
Failed (this run): 4
Remaining (collector done, not published): 5133
[2026-06-28T22:56:54.780Z] [4401/5133] RVTR593847 — Coldplay — Clocks (Editor queued — awaiting distill)
[2026-06-28T22:56:55.599Z]   → published · 1s · editor complete · director complete · creative complete · publisher approved
[2026-06-28T22:56:55.636Z] [4402/5133] RVTR594206 — Livin' Joy — Dreamer (Editor queued — awaiting distill)
[2026-06-28T22:56:56.452Z]   → published · 1s · editor complete · director complete · creative complete · publisher approved
[2026-06-28T22:56:56.492Z] [4403/5133] RVTR595344 — Olivia Rodrigo — Vampire (Editor queued — awaiting distill)
[2026-06-28T22:56:57.312Z]   → published · 1s · editor complete · director complete · creative complete · publisher approved
[2026-06-28T22:56:57.367Z] [4404/5133] RVTR595525 — Nas — The World Is Yours (Editor queued — awaiting distill)
[2026-06-28T22:56:58.177Z]   → published · 1s · editor complete · director complete · creative complete · publisher approved
[2026-06-28T22:56:58.214Z] [4405/5133] RVTR596841 — Anastacia — I'm Outta Love (Editor queued — awaiting distill)
[2026-06-28T22:56:59.036Z]   → published · 1s · editor complete · director complete · creative complete · publisher approved
[2026-06-28T22:56:59.077Z] [4406/5133] RVTR597242 — Jeremih — Imma Star Everywhere We Are (Editor queued — awaiting distill)
[2026-06-28T22:56:59.878Z]   → published · 1s · editor complete · director complete · creative complete · publisher approved
[2026-06-28T22:56:59.915Z] [4407/5133] RVTR597773 — Shakira — Gypsy (Editor queued — awaiting distill)
[2026-06-28T22:57:00.767Z]   → published · 1s · editor complete · director complete · creative complete · publisher approved
[2026-06-28T22:57:00.807Z] [4408/5133] RVTR598035 — U2 — Sweetest Thing (Editor queued — awaiting distill)
[2026-06-28T22:57:01.625Z]   → published · 1s · editor complete · director complete · creative complete · publisher approved
[2026-06-28T22:57:01.662Z] [4409/5133] RVTR598042 — Justin Bieber — Pray (Editor queued — awaiting distill)
[2026-06-28T22:57:02.478Z]   → published · 1s · editor complete · director complete · creative complete · publisher approved
[2026-06-28T22:57:02.518Z] [4410/5133] RVTR598691 — Angel City — Sunrise (Editor queued — awaiting distill)
[2026-06-28T22:57:03.340Z]   → published · 1s · editor complete · director complete · creative complete · publisher approved
[2026-06-28T22:57:03.378Z] [4411/5133] RVTR598714 — The Pussycat Dolls — Buttons (Editor queued — awaiting distill)
[2026-06-28T22:57:04.201Z]   → published · 1s · editor complete · director complete · creative complete · publisher approved
[2026-06-28T22:57:04.241Z] [4412/5133] RVTR598732 — Hurricane Chris — A Bay Bay (Editor queued — awaiting distill)
[2026-06-28T22:57:05.065Z]   → published · 1s · editor complete · director complete · creative complete · publisher approved
[2026-06-28T22:57:05.104Z] [4413/5133] RVTR599100 — J. Cole — 4 Your Eyez Only (Editor queued — awaiting distill)
[2026-06-28T22:57:05.955Z]   → published · 1s · editor complete · director complete · creative complete · publisher approved
[2026-06-28T22:57:05.993Z] [4414/5133] RVTR599891 — J-kwon — Tipsy (Editor queued — awaiting distill)
[2026-06-28T22:57:06.809Z]   → published · 1s · editor complete · director complete · creative complete · publisher approved
[2026-06-28T22:57:06.849Z] [4415/5133] RVTR600089 — Young M.a — Ooouuu (Editor queued — awaiting distill)
[2026-06-28T22:57:07.663Z]   → published · 1s · editor complete · director complete · creative complete · publisher approved
[2026-06-28T22:57:07.702Z] [4416/5133] RVTR601582 — Myself Beyonce — Me I (Editor queued — awaiting distill)
[2026-06-28T22:57:08.520Z]   → published · 1s · editor complete · director complete · creative complete · publisher approved
[2026-06-28T22:57:08.560Z] [4417/5133] RVTR601667 — Alicia Keys — No One (Editor queued — awaiting distill)
[2026-06-28T22:57:09.383Z]   → published · 1s · editor complete · director complete · creative complete · publisher approved
[2026-06-28T22:57:09.420Z] [4418/5133] RVTR602126 — Pink — U Ur Hand (Editor queued — awaiting distill)
[2026-06-28T22:57:10.240Z]   → published · 1s · editor complete · director complete · creative complete · publisher approved
[2026-06-28T22:57:10.280Z] [4419/5133] RVTR602625 — Blondie — Denis (Editor queued — awaiting distill)
[2026-06-28T22:57:11.106Z]   → published · 1s · editor complete · director complete · creative complete · publisher approved
[2026-06-28T22:57:11.143Z] [4420/5133] RVTR602731 — Bruno Mars — It Will Rain (Editor queued — awaiting distill)
[2026-06-28T22:57:11.993Z]   → published · 1s · editor complete · director complete · creative complete · publisher approved
[2026-06-28T22:57:12.031Z] [4421/5133] RVTR603102 — Iggy Pop — Lust For Life (Editor queued — awaiting distill)
[2026-06-28T22:57:12.852Z]   → published · 1s · editor complete · director complete · creative complete · publisher approved
[2026-06-28T22:57:12.894Z] [4422/5133] RVTR603722 — Dierks Bentley — Gone (Editor queued — awaiting distill)
[2026-06-28T22:57:13.719Z]   → published · 1s · editor complete · director complete · creative complete · publisher approved
[2026-06-28T22:57:13.757Z] [4423/5133] RVTR604416 — Ne-yo — Let Me Love You Until You Learn To Love Yourself (Editor queued — awaiting distill)
[2026-06-28T22:57:14.611Z]   → published · 1s · editor complete · director complete · creative complete · publisher approved
[2026-06-28T22:57:14.653Z] [4424/5133] RVTR604535 — J. Cole — Deja Vu (Editor queued — awaiting distill)
[2026-06-28T22:57:15.493Z]   → published · 1s · editor complete · director complete · creative complete · publisher approved
[2026-06-28T22:57:15.531Z] [4425/5133] RVTR604714 — Brad Paisley — Water (Editor queued — awaiting distill)
[2026-06-28T22:57:16.357Z]   → published · 1s · editor complete · director complete · creative complete · publisher approved
[2026-06-28T22:57:16.398Z] [4426/5133] RVTR605833 — Yazoo — Don't Go (Editor queued — awaiting distill)
[2026-06-28T22:57:17.228Z]   → published · 1s · editor complete · director complete · creative complete · publisher approved
[2026-06-28T22:57:17.266Z] [4427/5133] RVTR606308 — Keri Hilson — Turnin Me On (Editor queued — awaiting distill)
[2026-06-28T22:57:18.127Z]   → published · 1s · editor complete · director complete · creative complete · publisher approved
[2026-06-28T22:57:18.164Z] [4428/5133] RVTR607723 — D4l — Laffy Taffy (Editor queued — awaiting distill)
[2026-06-28T22:57:18.990Z]   → published · 1s · editor complete · director complete · creative complete · publisher approved
[2026-06-28T22:57:19.031Z] [4429/5133] RVTR608023 — 2 Live Crew — Move Somethin (Editor queued — awaiting distill)
[2026-06-28T22:57:19.857Z]   → published · 1s · editor complete · director complete · creative complete · publisher approved
[2026-06-28T22:57:19.895Z] [4430/5133] RVTR608211 — Perfect Circle — 3 Libras (Editor queued — awaiting distill)
[2026-06-28T22:57:20.727Z]   → published · 1s · editor complete · director complete · creative complete · publisher approved
[2026-06-28T22:57:20.766Z] [4431/5133] RVTR608306 — All Time Low — Time Bomb (Editor queued — awaiting distill)
[2026-06-28T22:57:21.599Z]   → published · 1s · editor complete · director complete · creative complete · publisher approved
[2026-06-28T22:57:21.637Z] [4432/5133] RVTR608776 — The Yardbirds — Stroll On (Editor queued — awaiting distill)
[2026-06-28T22:57:22.469Z]   → published · 1s · editor complete · director complete · creative complete · publisher approved
[2026-06-28T22:57:22.511Z] [4433/5133] RVTR608824 — Vj Ernst — Shadowdancing (Editor queued — awaiting distill)
[2026-06-28T22:57:23.345Z]   → published · 1s · editor complete · director complete · creative complete · publisher approved
[2026-06-28T22:57:23.383Z] [4434/5133] RVTR609622 — Shakira — One (Editor queued — awaiting distill)
[2026-06-28T22:57:24.241Z]   → published · 1s · editor complete · director complete · creative complete · publisher approved
[2026-06-28T22:57:24.282Z] [4435/5133] RVTR609756 — Jp Cooper — September Song (Editor queued — awaiting distill)
[2026-06-28T22:57:25.114Z]   → published · 1s · editor complete · director complete · creative complete · publisher approved
[2026-06-28T22:57:25.152Z] [4436/5133] RVTR610033 — Little Big Town — Tornado (Editor queued — awaiting distill)
[2026-06-28T22:57:25.982Z]   → published · 1s · editor complete · director complete · creative complete · publisher approved
[2026-06-28T22:57:26.023Z] [4437/5133] RVTR610155 — George Michael — Freeek (Editor queued — awaiting distill)
[2026-06-28T22:57:26.863Z]   → published · 1s · editor complete · director complete · creative complete · publisher approved
[2026-06-28T22:57:26.902Z] [4438/5133] RVTR611275 — Sam Hunt — Hard To Forget (Editor queued — awaiting distill)
[2026-06-28T22:57:27.734Z]   → published · 1s · editor complete · director complete · creative complete · publisher approved
[2026-06-28T22:57:27.775Z] [4439/5133] RVTR611723 — Staind — Not Again (Editor queued — awaiting distill)
[2026-06-28T22:57:28.611Z]   → published · 1s · editor complete · director complete · creative complete · publisher approved
[2026-06-28T22:57:28.649Z] [4440/5133] RVTR613007 — Skillet — Awake And Alive (Editor queued — awaiting distill)
[2026-06-28T22:57:29.492Z]   → published · 1s · editor complete · director complete · creative complete · publisher approved
[2026-06-28T22:57:29.530Z] [4441/5133] RVTR613429 — Monte Video And The Cassettes — Shoop Shoop Diddy Wop Cumma Cumma Wang Dang (Editor queued — awaiting distill)
[2026-06-28T22:57:30.373Z]   → published · 1s · editor complete · director complete · creative complete · publisher approved
[2026-06-28T22:57:30.414Z] [4442/5133] RVTR613559 — Elvis Presley — Hard Luck (Editor queued — awaiting distill)
[2026-06-28T22:57:31.286Z]   → published · 1s · editor complete · director complete · creative complete · publisher approved
[2026-06-28T22:57:31.328Z] [4443/5133] RVTR617098 — Rod Stewart — Love Touch Theme From Legal Eagles (Editor queued — awaiting distill)
[2026-06-28T22:57:32.175Z]   → published · 1s · editor complete · director complete · creative complete · publisher approved
[2026-06-28T22:57:32.213Z] [4444/5133] RVTR617184 — J. Cole — For Whom The Bells (Editor queued — awaiting distill)
[2026-06-28T22:57:33.051Z]   → published · 1s · editor complete · director complete · creative complete · publisher approved
[2026-06-28T22:57:33.089Z] [4445/5133] RVTR617419 — Elvis Crespo — Suavemente (Editor queued — awaiting distill)
[2026-06-28T22:57:33.932Z]   → published · 1s · editor complete · director complete · creative complete · publisher approved
[2026-06-28T22:57:33.972Z] [4446/5133] RVTR618006 — Rihanna — Hard (Editor queued — awaiting distill)
[2026-06-28T22:57:34.810Z]   → published · 1s · editor complete · director complete · creative complete · publisher approved
[2026-06-28T22:57:34.848Z] [4447/5133] RVTR618103 — Rihanna And Kanye West And Paul Mccartney — Fourfiveseconds (Editor queued — awaiting distill)
[2026-06-28T22:57:35.688Z]   → published · 1s · editor complete · director complete · creative complete · publisher approved
[2026-06-28T22:57:35.726Z] [4448/5133] RVTR618682 — Drake — Best I Ever Had (Editor queued — awaiting distill)
[2026-06-28T22:57:36.566Z]   → published · 1s · editor complete · director complete · creative complete · publisher approved
[2026-06-28T22:57:36.607Z] [4449/5133] RVTR618720 — Spice Girls — Holler (Editor queued — awaiting distill)
[2026-06-28T22:57:37.450Z]   → published · 1s · editor complete · director complete · creative complete · publisher approved
[2026-06-28T22:57:37.489Z] [4450/5133] RVTR618766 — Wham! — Freedom (Editor queued — awaiting distill)
[2026-06-28T22:57:38.339Z]   → published · 1s · editor complete · director complete · creative complete · publisher approved
[2026-06-28T22:57:38.428Z] --- Progress after 4450 processed ---
[2026-06-28T22:57:38.428Z] Collector complete: 5217
Editor complete: 2416
Director complete: 2415
Creative Review complete: 1427
Published: 84
Failed (this run): 4
Remaining (collector done, not published): 5133
[2026-06-28T22:57:38.428Z] [4451/5133] RVTR618913 — Nina Simone — Feeling Good (Editor queued — awaiting distill)
[2026-06-28T22:57:39.294Z]   → published · 1s · editor complete · director complete · creative complete · publisher approved
[2026-06-28T22:57:39.334Z] [4452/5133] RVTR619519 — Natalie La Rose — Somebody (Editor queued — awaiting distill)
[2026-06-28T22:57:40.181Z]   → published · 1s · editor complete · director complete · creative complete · publisher approved
[2026-06-28T22:57:40.219Z] [4453/5133] RVTR621679 — Sade — Soldier Of Love (Editor queued — awaiting distill)
[2026-06-28T22:57:41.070Z]   → published · 1s · editor complete · director complete · creative complete · publisher approved
[2026-06-28T22:57:41.107Z] [4454/5133] RVTR621788 — Clay Walker — One More (Editor queued — awaiting distill)
[2026-06-28T22:57:41.954Z]   → published · 1s · editor complete · director complete · creative complete · publisher approved
[2026-06-28T22:57:41.995Z] [4455/5133] RVTR622129 — Michael Buble — Everything (Editor queued — awaiting distill)
[2026-06-28T22:57:42.835Z]   → published · 1s · editor complete · director complete · creative complete · publisher approved
[2026-06-28T22:57:42.875Z] [4456/5133] RVTR622211 — Kiss — I Still Love You (Editor queued — awaiting distill)
[2026-06-28T22:57:43.720Z]   → published · 1s · editor complete · director complete · creative complete · publisher approved
[2026-06-28T22:57:43.758Z] [4457/5133] RVTR622311 — Hole — Celebrity Skin (Editor queued — awaiting distill)
[2026-06-28T22:57:44.665Z]   → published · 1s · editor complete · director complete · creative complete · publisher approved
[2026-06-28T22:57:44.779Z] [4458/5133] RVTR622529 — James Taylor — Handy Man (Editor queued — awaiting distill)
[2026-06-28T22:57:45.768Z]   → published · 1s · editor complete · director complete · creative complete · publisher approved
[2026-06-28T22:57:45.806Z] [4459/5133] RVTR623162 — Luke Bryan — Waves (Editor queued — awaiting distill)
[2026-06-28T22:57:46.688Z]   → published · 1s · editor complete · director complete · creative complete · publisher approved
[2026-06-28T22:57:46.725Z] [4460/5133] RVTR623206 — Limp Bizkit — Faith (Editor queued — awaiting distill)
[2026-06-28T22:57:47.572Z]   → published · 1s · editor complete · director complete · creative complete · publisher approved
[2026-06-28T22:57:47.614Z] [4461/5133] RVTR623703 — Bebe Rexha — I'm A Mess (Editor queued — awaiting distill)
[2026-06-28T22:57:48.468Z]   → published · 1s · editor complete · director complete · creative complete · publisher approved
[2026-06-28T22:57:48.505Z] [4462/5133] RVTR623853 — Fall Out Boy — I Don't Care (Editor queued — awaiting distill)
[2026-06-28T22:57:49.352Z]   → published · 1s · editor complete · director complete · creative complete · publisher approved
[2026-06-28T22:57:49.391Z] [4463/5133] RVTR624689 — B.o.b — Strange Clouds (Editor queued — awaiting distill)
[2026-06-28T22:57:50.268Z]   → published · 1s · editor complete · director complete · creative complete · publisher approved
[2026-06-28T22:57:50.309Z] [4464/5133] RVTR624801 — Climie Fisher — Love Changes Everything (Editor queued — awaiting distill)
[2026-06-28T22:57:51.157Z]   → published · 1s · editor complete · director complete · creative complete · publisher approved
[2026-06-28T22:57:51.195Z] [4465/5133] RVTR625042 — Jessie J — Flashlight (Editor queued — awaiting distill)
[2026-06-28T22:57:52.056Z]   → published · 1s · editor complete · director complete · creative complete · publisher approved
[2026-06-28T22:57:52.095Z] [4466/5133] RVTR625168 — Tesla — Modern Day Cowboy (Editor queued — awaiting distill)
[2026-06-28T22:57:52.945Z]   → published · 1s · editor complete · director complete · creative complete · publisher approved
[2026-06-28T22:57:52.986Z] [4467/5133] RVTR625357 — Atlantic Starr — Always (Editor queued — awaiting distill)
[2026-06-28T22:57:53.837Z]   → published · 1s · editor complete · director complete · creative complete · publisher approved
[2026-06-28T22:57:53.874Z] [4468/5133] RVTR625435 — Charlotte Adigéry — Pat Nipat (Editor queued — awaiting distill)
[2026-06-28T22:57:54.717Z]   → published · 1s · editor complete · director complete · creative complete · publisher approved
[2026-06-28T22:57:54.755Z] [4469/5133] RVTR626020 — Cartel — Say Anything (Editor queued — awaiting distill)
[2026-06-28T22:57:55.610Z]   → published · 1s · editor complete · director complete · creative complete · publisher approved
[2026-06-28T22:57:55.652Z] [4470/5133] RVTR626549 — Fifth Harmony — Bo (Editor queued — awaiting distill)
[2026-06-28T22:57:56.500Z]   → published · 1s · editor complete · director complete · creative complete · publisher approved
[2026-06-28T22:57:56.537Z] [4471/5133] RVTR626919 — Wheatus — Teenage Dirtbag (Editor queued — awaiting distill)
[2026-06-28T22:57:57.391Z]   → published · 1s · editor complete · director complete · creative complete · publisher approved
[2026-06-28T22:57:57.430Z] [4472/5133] RVTR627341 — The Beatles — Love Me Do (Editor queued — awaiting distill)
[2026-06-28T22:57:58.291Z]   → published · 1s · editor complete · director complete · creative complete · publisher approved
[2026-06-28T22:57:58.332Z] [4473/5133] RVTR627700 — Nine Inch Nails — Only (Editor queued — awaiting distill)
[2026-06-28T22:57:59.205Z]   → published · 1s · editor complete · director complete · creative complete · publisher approved
[2026-06-28T22:57:59.242Z] [4474/5133] RVTR628016 — Blondie — Atomic (Editor queued — awaiting distill)
[2026-06-28T22:58:00.163Z]   → published · 1s · editor complete · director complete · creative complete · publisher approved
[2026-06-28T22:58:00.201Z] [4475/5133] RVTR628742 — Laid Back — White Horse (Editor queued — awaiting distill)
[2026-06-28T22:58:01.055Z]   → published · 1s · editor complete · director complete · creative complete · publisher approved
[2026-06-28T22:58:01.096Z] [4476/5133] RVTR629030 — Pitbull — Culo (Editor queued — awaiting distill)
[2026-06-28T22:58:01.949Z]   → published · 1s · editor complete · director complete · creative complete · publisher approved
[2026-06-28T22:58:01.987Z] [4477/5133] RVTR629400 — Incubus — Make A Move (Editor queued — awaiting distill)
[2026-06-28T22:58:02.840Z]   → published · 1s · editor complete · director complete · creative complete · publisher approved
[2026-06-28T22:58:02.879Z] [4478/5133] RVTR630673 — Dokken — The Hunter (Editor queued — awaiting distill)
[2026-06-28T22:58:03.743Z]   → published · 1s · editor complete · director complete · creative complete · publisher approved
[2026-06-28T22:58:03.783Z] [4479/5133] RVTR632015 — Dru Hill — In My Bed (Editor queued — awaiting distill)
[2026-06-28T22:58:04.634Z]   → published · 1s · editor complete · director complete · creative complete · publisher approved
[2026-06-28T22:58:04.672Z] [4480/5133] RVTR632374 — "weird Al" Yankovic — Eat It (Editor queued — awaiting distill)
[2026-06-28T22:58:05.565Z]   → published · 1s · editor complete · director complete · creative complete · publisher approved
[2026-06-28T22:58:05.603Z] [4481/5133] RVTR632741 — Dan Hartman — This Is It (Editor queued — awaiting distill)
[2026-06-28T22:58:06.468Z]   → published · 1s · editor complete · director complete · creative complete · publisher approved
[2026-06-28T22:58:06.510Z] [4482/5133] RVTR634249 — Jojo — Disaster (Editor queued — awaiting distill)
[2026-06-28T22:58:07.372Z]   → published · 1s · editor complete · director complete · creative complete · publisher approved
[2026-06-28T22:58:07.410Z] [4483/5133] RVTR635014 — Lp — Lost On You (Editor queued — awaiting distill)
[2026-06-28T22:58:08.274Z]   → published · 1s · editor complete · director complete · creative complete · publisher approved
[2026-06-28T22:58:08.312Z] [4484/5133] RVTR635959 — Raelynn — God Made Girls (Editor queued — awaiting distill)
[2026-06-28T22:58:09.173Z]   → published · 1s · editor complete · director complete · creative complete · publisher approved
[2026-06-28T22:58:09.214Z] [4485/5133] RVTR636774 — Trey Songz — I Need A Girl (Editor queued — awaiting distill)
[2026-06-28T22:58:10.083Z]   → published · 1s · editor complete · director complete · creative complete · publisher approved
[2026-06-28T22:58:10.120Z] [4486/5133] RVTR636937 — Yellowcard — Ocean Avenue (Editor queued — awaiting distill)
[2026-06-28T22:58:10.995Z]   → published · 1s · editor complete · director complete · creative complete · publisher approved
[2026-06-28T22:58:11.034Z] [4487/5133] RVTR637814 — Tool — Sober (Editor queued — awaiting distill)
[2026-06-28T22:58:11.929Z]   → published · 1s · editor complete · director complete · creative complete · publisher approved
[2026-06-28T22:58:11.968Z] [4488/5133] RVTR638161 — Sasha Dith — Russian Girls (Editor queued — awaiting distill)
[2026-06-28T22:58:12.827Z]   → published · 1s · editor complete · director complete · creative complete · publisher approved
[2026-06-28T22:58:12.864Z] [4489/5133] RVTR639798 — Rihanna — Te Amo (Editor queued — awaiting distill)
[2026-06-28T22:58:13.729Z]   → published · 1s · editor complete · director complete · creative complete · publisher approved
[2026-06-28T22:58:13.770Z] [4490/5133] RVTR640639 — Rupaul — Supermodel You Better Work (Editor queued — awaiting distill)
[2026-06-28T22:58:14.646Z]   → published · 1s · editor complete · director complete · creative complete · publisher approved
[2026-06-28T22:58:14.685Z] [4491/5133] RVTR641950 — No Mercy — Where Do You Go (Editor queued — awaiting distill)
[2026-06-28T22:58:15.558Z]   → published · 1s · editor complete · director complete · creative complete · publisher approved
[2026-06-28T22:58:15.598Z] [4492/5133] RVTR643284 — Beastie Boys — Off The Grid (Editor queued — awaiting distill)
[2026-06-28T22:58:16.492Z]   → published · 1s · editor complete · director complete · creative complete · publisher approved
[2026-06-28T22:58:16.532Z] [4493/5133] RVTR643323 — The Moody Blues — Go Now (Editor queued — awaiting distill)
[2026-06-28T22:58:17.395Z]   → published · 1s · editor complete · director complete · creative complete · publisher approved
[2026-06-28T22:58:17.437Z] [4494/5133] RVTR643397 — X Ambassadors — Unsteady (Editor queued — awaiting distill)
[2026-06-28T22:58:18.338Z]   → published · 1s · editor complete · director complete · creative complete · publisher approved
[2026-06-28T22:58:18.376Z] [4495/5133] RVTR643407 — Marshmello — Alone (Editor queued — awaiting distill)
[2026-06-28T22:58:19.250Z]   → published · 1s · editor complete · director complete · creative complete · publisher approved
[2026-06-28T22:58:19.291Z] [4496/5133] RVTR644201 — The Beatles — I Need You (Editor queued — awaiting distill)
[2026-06-28T22:58:20.170Z]   → published · 1s · editor complete · director complete · creative complete · publisher approved
[2026-06-28T22:58:20.210Z] [4497/5133] RVTR644205 — Tim Mcgraw — Southern Girl (Editor queued — awaiting distill)
[2026-06-28T22:58:21.082Z]   → published · 1s · editor complete · director complete · creative complete · publisher approved
[2026-06-28T22:58:21.121Z] [4498/5133] RVTR645058 — Stryper — Calling On You (Editor queued — awaiting distill)
[2026-06-28T22:58:21.997Z]   → published · 1s · editor complete · director complete · creative complete · publisher approved
[2026-06-28T22:58:22.036Z] [4499/5133] RVTR645107 — Korn — Got The Life (Editor queued — awaiting distill)
[2026-06-28T22:58:22.905Z]   → published · 1s · editor complete · director complete · creative complete · publisher approved
[2026-06-28T22:58:22.945Z] [4500/5133] RVTR645967 — Too Late — Shoes (Editor queued — awaiting distill)
[2026-06-28T22:58:23.828Z]   → published · 1s · editor complete · director complete · creative complete · publisher approved
[2026-06-28T22:58:23.921Z] --- Progress after 4500 processed ---
[2026-06-28T22:58:23.922Z] Collector complete: 5217
Editor complete: 2466
Director complete: 2465
Creative Review complete: 1477
Published: 84
Failed (this run): 4
Remaining (collector done, not published): 5133
[2026-06-28T22:58:23.922Z] [4501/5133] RVTR646247 — No Doubt — Excuse Me Mr (Editor queued — awaiting distill)
[2026-06-28T22:58:24.788Z]   → published · 1s · editor complete · director complete · creative complete · publisher approved
[2026-06-28T22:58:24.826Z] [4502/5133] RVTR646559 — David Bowie — Fashion (Editor queued — awaiting distill)
[2026-06-28T22:58:25.750Z]   → published · 1s · editor complete · director complete · creative complete · publisher approved
[2026-06-28T22:58:25.789Z] [4503/5133] RVTR646701 — Faron Young — Hello Walls (Editor queued — awaiting distill)
[2026-06-28T22:58:26.660Z]   → published · 1s · editor complete · director complete · creative complete · publisher approved
[2026-06-28T22:58:26.698Z] [4504/5133] RVTR646711 — Keith Sweat — Twisted (Editor queued — awaiting distill)
[2026-06-28T22:58:27.579Z]   → published · 1s · editor complete · director complete · creative complete · publisher approved
[2026-06-28T22:58:27.618Z] [4505/5133] RVTR647192 — Bebe Rexha — Last Hurrah (Editor queued — awaiting distill)
[2026-06-28T22:58:28.490Z]   → published · 1s · editor complete · director complete · creative complete · publisher approved
[2026-06-28T22:58:28.531Z] [4506/5133] RVTR647330 — Flo Rida — Jump (Editor queued — awaiting distill)
[2026-06-28T22:58:29.400Z]   → published · 1s · editor complete · director complete · creative complete · publisher approved
[2026-06-28T22:58:29.440Z] [4507/5133] RVTR647453 — Rihanna — Pon De Replay (Editor queued — awaiting distill)
[2026-06-28T22:58:30.306Z]   → published · 1s · editor complete · director complete · creative complete · publisher approved
[2026-06-28T22:58:30.346Z] [4508/5133] RVTR647958 — Lizzo — Good As Hell (Editor queued — awaiting distill)
[2026-06-28T22:58:31.221Z]   → published · 1s · editor complete · director complete · creative complete · publisher approved
[2026-06-28T22:58:31.262Z] [4509/5133] RVTR648494 — Madina Lake — Here I Stand (Editor queued — awaiting distill)
[2026-06-28T22:58:32.147Z]   → published · 1s · editor complete · director complete · creative complete · publisher approved
[2026-06-28T22:58:32.188Z] [4510/5133] RVTR649721 — Toosii Feat. Latto — 5'5 (Editor queued — awaiting distill)
[2026-06-28T22:58:33.071Z]   → published · 1s · editor complete · director complete · creative complete · publisher approved
[2026-06-28T22:58:33.112Z] [4511/5133] RVTR650119 — Nick Jonas — Jealous (Editor queued — awaiting distill)
[2026-06-28T22:58:33.992Z]   → published · 1s · editor complete · director complete · creative complete · publisher approved
[2026-06-28T22:58:34.033Z] [4512/5133] RVTR650189 — Madness — It Must Be Love (Editor queued — awaiting distill)
[2026-06-28T22:58:34.910Z]   → published · 1s · editor complete · director complete · creative complete · publisher approved
[2026-06-28T22:58:34.951Z] [4513/5133] RVTR650398 — New Order — Regret (Editor queued — awaiting distill)
[2026-06-28T22:58:35.858Z]   → published · 1s · editor complete · director complete · creative complete · publisher approved
[2026-06-28T22:58:35.895Z] [4514/5133] RVTR650399 — Sade — Your Love Is King (Editor queued — awaiting distill)
[2026-06-28T22:58:36.771Z]   → published · 1s · editor complete · director complete · creative complete · publisher approved
[2026-06-28T22:58:36.812Z] [4515/5133] RVTR652006 — War — Cisco Kid Live (Editor queued — awaiting distill)
[2026-06-28T22:58:37.720Z]   → published · 1s · editor complete · director complete · creative complete · publisher approved
[2026-06-28T22:58:37.761Z] [4516/5133] RVTR652355 — Terror Fabulous — Action (Editor queued — awaiting distill)
[2026-06-28T22:58:38.650Z]   → published · 1s · editor complete · director complete · creative complete · publisher approved
[2026-06-28T22:58:38.690Z] [4517/5133] RVTR654352 — Dokken — Just Got Lucky (Editor queued — awaiting distill)
[2026-06-28T22:58:39.568Z]   → published · 1s · editor complete · director complete · creative complete · publisher approved
[2026-06-28T22:58:39.608Z] [4518/5133] RVTR655712 — Britney Spears — Circus (Editor queued — awaiting distill)
[2026-06-28T22:58:40.495Z]   → published · 1s · editor complete · director complete · creative complete · publisher approved
[2026-06-28T22:58:40.536Z] [4519/5133] RVTR656942 — Foo Fighters — All My Life (Editor queued — awaiting distill)
[2026-06-28T22:58:41.417Z]   → published · 1s · editor complete · director complete · creative complete · publisher approved
[2026-06-28T22:58:41.457Z] [4520/5133] RVTR657460 — Seether — Remedy (Editor queued — awaiting distill)
[2026-06-28T22:58:42.344Z]   → published · 1s · editor complete · director complete · creative complete · publisher approved
[2026-06-28T22:58:42.384Z] [4521/5133] RVTR657637 — Heart — Nothin' At All (Editor queued — awaiting distill)
[2026-06-28T22:58:43.281Z]   → published · 1s · editor complete · director complete · creative complete · publisher approved
[2026-06-28T22:58:43.324Z] [4522/5133] RVTR657644 — John Mayer — Say (Editor queued — awaiting distill)
[2026-06-28T22:58:44.220Z]   → published · 1s · editor complete · director complete · creative complete · publisher approved
[2026-06-28T22:58:44.262Z] [4523/5133] RVTR657683 — Lene Lovich — New Toy (Editor queued — awaiting distill)
[2026-06-28T22:58:45.158Z]   → published · 1s · editor complete · director complete · creative complete · publisher approved
[2026-06-28T22:58:45.201Z] [4524/5133] RVTR658265 — Xtc — Dear God 1986 (Editor queued — awaiting distill)
[2026-06-28T22:58:46.095Z]   → published · 1s · editor complete · director complete · creative complete · publisher approved
[2026-06-28T22:58:46.136Z] [4525/5133] RVTR658529 — Keith Urban — Days Go By (Editor queued — awaiting distill)
[2026-06-28T22:58:47.051Z]   → published · 1s · editor complete · director complete · creative complete · publisher approved
[2026-06-28T22:58:47.090Z] [4526/5133] RVTR658643 — Lennon — Where Do I Fit In (Editor queued — awaiting distill)
[2026-06-28T22:58:47.974Z]   → published · 1s · editor complete · director complete · creative complete · publisher approved
[2026-06-28T22:58:48.013Z] [4527/5133] RVTR659693 — Shakira — Perro Fiel (Editor queued — awaiting distill)
[2026-06-28T22:58:48.894Z]   → published · 1s · editor complete · director complete · creative complete · publisher approved
[2026-06-28T22:58:48.935Z] [4528/5133] RVTR660076 — Chickenfoot — Oh Yeah (Editor queued — awaiting distill)
[2026-06-28T22:58:49.816Z]   → published · 1s · editor complete · director complete · creative complete · publisher approved
[2026-06-28T22:58:49.857Z] [4529/5133] RVTR661784 — Tiësto & Karol G — Don't Be Shy (Editor queued — awaiting distill)
[2026-06-28T22:58:50.743Z]   → published · 1s · editor complete · director complete · creative complete · publisher approved
[2026-06-28T22:58:50.784Z] [4530/5133] RVTR662178 — Carly Pearce — Next Girl (Editor queued — awaiting distill)
[2026-06-28T22:58:51.685Z]   → published · 1s · editor complete · director complete · creative complete · publisher approved
[2026-06-28T22:58:51.722Z] [4531/5133] RVTR662430 — A$ap Rocky — L D (Editor queued — awaiting distill)
[2026-06-28T22:58:52.618Z]   → published · 1s · editor complete · director complete · creative complete · publisher approved
[2026-06-28T22:58:52.656Z] [4532/5133] RVTR663622 — 'til Tuesday — Voices Carry (Editor queued — awaiting distill)
[2026-06-28T22:58:53.555Z]   → published · 1s · editor complete · director complete · creative complete · publisher approved
[2026-06-28T22:58:53.594Z] [4533/5133] RVTR663624 — Jelly Roll — Save Me (Editor queued — awaiting distill)
[2026-06-28T22:58:54.493Z]   → published · 1s · editor complete · director complete · creative complete · publisher approved
[2026-06-28T22:58:54.531Z] [4534/5133] RVTR664483 — Plies F.akon — Hypnotized (Editor queued — awaiting distill)
[2026-06-28T22:58:55.432Z]   → published · 1s · editor complete · director complete · creative complete · publisher approved
[2026-06-28T22:58:55.471Z] [4535/5133] RVTR665344 — Journey — After The Fall (Editor queued — awaiting distill)
[2026-06-28T22:58:56.367Z]   → published · 1s · editor complete · director complete · creative complete · publisher approved
[2026-06-28T22:58:56.406Z] [4536/5133] RVTR665475 — Sia — Chandelier (Editor queued — awaiting distill)
[2026-06-28T22:58:57.351Z]   → published · 1s · editor complete · director complete · creative complete · publisher approved
[2026-06-28T22:58:57.406Z] [4537/5133] RVTR665501 — Madonna — Celebration (Editor queued — awaiting distill)
[2026-06-28T22:58:58.319Z]   → published · 1s · editor complete · director complete · creative complete · publisher approved
[2026-06-28T22:58:58.356Z] [4538/5133] RVTR665648 — Crash Kings — Mountain Man (Editor queued — awaiting distill)
[2026-06-28T22:58:58.360Z]   FAILED · no_usable_visual
[2026-06-28T22:58:58.398Z] [4539/5133] RVTR666430 — Mann F./50 Cent — Buzzin' (Editor queued — awaiting distill)
[2026-06-28T22:58:59.298Z]   → published · 1s · editor complete · director complete · creative complete · publisher approved
[2026-06-28T22:58:59.335Z] [4540/5133] RVTR667048 — Freddie And The Dreamers — If You Gotta Make A Fool Of Somebody (Editor queued — awaiting distill)
[2026-06-28T22:59:00.222Z]   → published · 1s · editor complete · director complete · creative complete · publisher approved
[2026-06-28T22:59:00.261Z] [4541/5133] RVTR667078 — Deep Dish — Flashdance (Editor queued — awaiting distill)
[2026-06-28T22:59:01.159Z]   → published · 1s · editor complete · director complete · creative complete · publisher approved
[2026-06-28T22:59:01.198Z] [4542/5133] RVTR667616 — *nsync — I Want You Back (Editor queued — awaiting distill)
[2026-06-28T22:59:02.101Z]   → published · 1s · editor complete · director complete · creative complete · publisher approved
[2026-06-28T22:59:02.140Z] [4543/5133] RVTR667620 — Heart — What About Love (Editor queued — awaiting distill)
[2026-06-28T22:59:03.048Z]   → published · 1s · editor complete · director complete · creative complete · publisher approved
[2026-06-28T22:59:03.087Z] [4544/5133] RVTR667729 — Alessia Cara — Here (Editor queued — awaiting distill)
[2026-06-28T22:59:03.998Z]   → published · 1s · editor complete · director complete · creative complete · publisher approved
[2026-06-28T22:59:04.037Z] [4545/5133] RVTR667773 — Skid Row — Wasted Time (Editor queued — awaiting distill)
[2026-06-28T22:59:04.949Z]   → published · 1s · editor complete · director complete · creative complete · publisher approved
[2026-06-28T22:59:04.987Z] [4546/5133] RVTR668109 — Donna Summer — Last Dance (Editor queued — awaiting distill)
[2026-06-28T22:59:05.920Z]   → published · 1s · editor complete · director complete · creative complete · publisher approved
[2026-06-28T22:59:05.961Z] [4547/5133] RVTR668403 — *nsync — It's Gonna Be Me (Editor queued — awaiting distill)
[2026-06-28T22:59:06.854Z]   → published · 1s · editor complete · director complete · creative complete · publisher approved
[2026-06-28T22:59:06.895Z] [4548/5133] RVTR668602 — Hello Goodbye — Here (Editor queued — awaiting distill)
[2026-06-28T22:59:07.790Z]   → published · 1s · editor complete · director complete · creative complete · publisher approved
[2026-06-28T22:59:07.830Z] [4549/5133] RVTR669298 — Aurora — Cure For Me (Editor queued — awaiting distill)
[2026-06-28T22:59:08.760Z]   → published · 1s · editor complete · director complete · creative complete · publisher approved
[2026-06-28T22:59:08.801Z] [4550/5133] RVTR669890 — Joan Osborne — One Of Us (Editor queued — awaiting distill)
[2026-06-28T22:59:09.710Z]   → published · 1s · editor complete · director complete · creative complete · publisher approved
[2026-06-28T22:59:09.803Z] --- Progress after 4550 processed ---
[2026-06-28T22:59:09.803Z] Collector complete: 5217
Editor complete: 2516
Director complete: 2514
Creative Review complete: 1526
Published: 84
Failed (this run): 5
Remaining (collector done, not published): 5133
[2026-06-28T22:59:09.803Z] [4551/5133] RVTR670008 — Gloria Estefan — 1 2 3 (Editor queued — awaiting distill)
[2026-06-28T22:59:10.707Z]   → published · 1s · editor complete · director complete · creative complete · publisher approved
[2026-06-28T22:59:10.747Z] [4552/5133] RVTR670045 — Lita Ford — Shot Of Poison (Editor queued — awaiting distill)
[2026-06-28T22:59:11.648Z]   → published · 1s · editor complete · director complete · creative complete · publisher approved
[2026-06-28T22:59:11.686Z] [4553/5133] RVTR670103 — Exposé — When I Looked At Him (Editor queued — awaiting distill)
[2026-06-28T22:59:12.596Z]   → published · 1s · editor complete · director complete · creative complete · publisher approved
[2026-06-28T22:59:12.635Z] [4554/5133] RVTR670382 — Mariah Carey — My All (Editor queued — awaiting distill)
[2026-06-28T22:59:13.559Z]   → published · 1s · editor complete · director complete · creative complete · publisher approved
[2026-06-28T22:59:13.598Z] [4555/5133] RVTR670483 — No Doubt — Hey Baby (Editor queued — awaiting distill)
[2026-06-28T22:59:14.519Z]   → published · 1s · editor complete · director complete · creative complete · publisher approved
[2026-06-28T22:59:14.558Z] [4556/5133] RVTR670573 — Jason Derulo — Whatcha Say (Editor queued — awaiting distill)
[2026-06-28T22:59:15.479Z]   → published · 1s · editor complete · director complete · creative complete · publisher approved
[2026-06-28T22:59:15.518Z] [4557/5133] RVTR671457 — U2 — Walk On (Editor queued — awaiting distill)
[2026-06-28T22:59:16.441Z]   → published · 1s · editor complete · director complete · creative complete · publisher approved
[2026-06-28T22:59:16.480Z] [4558/5133] RVTR671475 — Rod Stewart — Lost In You (Editor queued — awaiting distill)
[2026-06-28T22:59:17.396Z]   → published · 1s · editor complete · director complete · creative complete · publisher approved
[2026-06-28T22:59:17.434Z] [4559/5133] RVTR674142 — Kool — Fresh (Editor queued — awaiting distill)
[2026-06-28T22:59:18.391Z]   → published · 1s · editor complete · director complete · creative complete · publisher approved
[2026-06-28T22:59:18.431Z] [4560/5133] RVTR674414 — Toby Keith — American Ride (Editor queued — awaiting distill)
[2026-06-28T22:59:19.340Z]   → published · 1s · editor complete · director complete · creative complete · publisher approved
[2026-06-28T22:59:19.379Z] [4561/5133] RVTR674983 — Take That — Back For Good (Editor queued — awaiting distill)
[2026-06-28T22:59:20.292Z]   → published · 1s · editor complete · director complete · creative complete · publisher approved
[2026-06-28T22:59:20.330Z] [4562/5133] RVTR675742 — Ed Sheeran — Lego House (Editor queued — awaiting distill)
[2026-06-28T22:59:21.247Z]   → published · 1s · editor complete · director complete · creative complete · publisher approved
[2026-06-28T22:59:21.285Z] [4563/5133] RVTR675801 — Amber — Sexual Li Da Di (Editor queued — awaiting distill)
[2026-06-28T22:59:22.192Z]   → published · 1s · editor complete · director complete · creative complete · publisher approved
[2026-06-28T22:59:22.231Z] [4564/5133] RVTR676573 — Underworld — Born Slippy (Editor queued — awaiting distill)
[2026-06-28T22:59:23.153Z]   → published · 1s · editor complete · director complete · creative complete · publisher approved
[2026-06-28T22:59:23.191Z] [4565/5133] RVTR677967 — Ricky Martin — She Bangs (Editor queued — awaiting distill)
[2026-06-28T22:59:24.115Z]   → published · 1s · editor complete · director complete · creative complete · publisher approved
[2026-06-28T22:59:24.154Z] [4566/5133] RVTR678675 — Madonna — Everybody (Editor queued — awaiting distill)
[2026-06-28T22:59:25.081Z]   → published · 1s · editor complete · director complete · creative complete · publisher approved
[2026-06-28T22:59:25.119Z] [4567/5133] RVTR678706 — Runaways — Cherry Bomb (Editor queued — awaiting distill)
[2026-06-28T22:59:26.040Z]   → published · 1s · editor complete · director complete · creative complete · publisher approved
[2026-06-28T22:59:26.079Z] [4568/5133] RVTR679992 — Cliff Richard — Devil Woman (Editor queued — awaiting distill)
[2026-06-28T22:59:27.006Z]   → published · 1s · editor complete · director complete · creative complete · publisher approved
[2026-06-28T22:59:27.045Z] [4569/5133] RVTR681719 — Eminem — Mockingbird (Editor queued — awaiting distill)
[2026-06-28T22:59:27.979Z]   → published · 1s · editor complete · director complete · creative complete · publisher approved
[2026-06-28T22:59:28.018Z] [4570/5133] RVTR681914 — Maroon 5 — This Love (Editor queued — awaiting distill)
[2026-06-28T22:59:28.968Z]   → published · 1s · editor complete · director complete · creative complete · publisher approved
[2026-06-28T22:59:29.008Z] [4571/5133] RVTR682168 — Static Lullaby, A — Toxic (Editor queued — awaiting distill)
[2026-06-28T22:59:29.918Z]   → published · 1s · editor complete · director complete · creative complete · publisher approved
[2026-06-28T22:59:29.958Z] [4572/5133] RVTR682417 — Armin Van Buuren F./sophie Ellis Bextor — Not Giving Up On Love (Editor queued — awaiting distill)
[2026-06-28T22:59:30.871Z]   → published · 1s · editor complete · director complete · creative complete · publisher approved
[2026-06-28T22:59:30.912Z] [4573/5133] RVTR683728 — Bts — Butter (Editor queued — awaiting distill)
[2026-06-28T22:59:31.835Z]   → published · 1s · editor complete · director complete · creative complete · publisher approved
[2026-06-28T22:59:31.876Z] [4574/5133] RVTR684069 — Scandal — Beat Of A Heart (Editor queued — awaiting distill)
[2026-06-28T22:59:32.785Z]   → published · 1s · editor complete · director complete · creative complete · publisher approved
[2026-06-28T22:59:32.826Z] [4575/5133] RVTR684732 — Keane — Is It Any Wonder (Editor queued — awaiting distill)
[2026-06-28T22:59:33.751Z]   → published · 1s · editor complete · director complete · creative complete · publisher approved
[2026-06-28T22:59:33.792Z] [4576/5133] RVTR686123 — Pink — Funhouse (Editor queued — awaiting distill)
[2026-06-28T22:59:34.711Z]   → published · 1s · editor complete · director complete · creative complete · publisher approved
[2026-06-28T22:59:34.752Z] [4577/5133] RVTR686968 — Nu Shooz — I Can't Wait (Editor queued — awaiting distill)
[2026-06-28T22:59:35.690Z]   → published · 1s · editor complete · director complete · creative complete · publisher approved
[2026-06-28T22:59:35.732Z] [4578/5133] RVTR687774 — Lee Brice — I Don't Dance (Editor queued — awaiting distill)
[2026-06-28T22:59:36.654Z]   → published · 1s · editor complete · director complete · creative complete · publisher approved
[2026-06-28T22:59:36.694Z] [4579/5133] RVTR688161 — Lifehouse — Breathing (Editor queued — awaiting distill)
[2026-06-28T22:59:37.612Z]   → published · 1s · editor complete · director complete · creative complete · publisher approved
[2026-06-28T22:59:37.653Z] [4580/5133] RVTR688442 — The Pussycat Dolls — Beep (Editor queued — awaiting distill)
[2026-06-28T22:59:38.589Z]   → published · 1s · editor complete · director complete · creative complete · publisher approved
[2026-06-28T22:59:38.630Z] [4581/5133] RVTR688551 — Buckcherry — Everything (Editor queued — awaiting distill)
[2026-06-28T22:59:39.554Z]   → published · 1s · editor complete · director complete · creative complete · publisher approved
[2026-06-28T22:59:39.596Z] [4582/5133] RVTR689141 — Sean Kingston — Face Drop (Editor queued — awaiting distill)
[2026-06-28T22:59:40.523Z]   → published · 1s · editor complete · director complete · creative complete · publisher approved
[2026-06-28T22:59:40.564Z] [4583/5133] RVTR690709 — Muddy Waters — Bye Bye Blues (Editor queued — awaiting distill)
[2026-06-28T22:59:41.490Z]   → published · 1s · editor complete · director complete · creative complete · publisher approved
[2026-06-28T22:59:41.532Z] [4584/5133] RVTR690883 — Saint Jhn — Roses (Editor queued — awaiting distill)
[2026-06-28T22:59:42.463Z]   → published · 1s · editor complete · director complete · creative complete · publisher approved
[2026-06-28T22:59:42.504Z] [4585/5133] RVTR691063 — Creed — With Arms Wide Open (Editor queued — awaiting distill)
[2026-06-28T22:59:43.457Z]   → published · 1s · editor complete · director complete · creative complete · publisher approved
[2026-06-28T22:59:43.502Z] [4586/5133] RVTR693365 — Nicki Minaj — Did It On'Em (Editor queued — awaiting distill)
[2026-06-28T22:59:44.499Z]   → published · 1s · editor complete · director complete · creative complete · publisher approved
[2026-06-28T22:59:44.542Z] [4587/5133] RVTR694388 — Surface — Happy (Editor queued — awaiting distill)
[2026-06-28T22:59:45.491Z]   → published · 1s · editor complete · director complete · creative complete · publisher approved
[2026-06-28T22:59:45.532Z] [4588/5133] RVTR694653 — Melinda Watts — So Good (Editor queued — awaiting distill)
[2026-06-28T22:59:46.453Z]   → published · 1s · editor complete · director complete · creative complete · publisher approved
[2026-06-28T22:59:46.494Z] [4589/5133] RVTR696966 — 21 Pilots — Heathens (Editor queued — awaiting distill)
[2026-06-28T22:59:47.415Z]   → published · 1s · editor complete · director complete · creative complete · publisher approved
[2026-06-28T22:59:47.456Z] [4590/5133] RVTR697799 — Garth Brooks — The Dance (Editor queued — awaiting distill)
[2026-06-28T22:59:48.385Z]   → published · 1s · editor complete · director complete · creative complete · publisher approved
[2026-06-28T22:59:48.426Z] [4591/5133] RVTR697948 — The Band — Evangeline (Editor queued — awaiting distill)
[2026-06-28T22:59:49.364Z]   → published · 1s · editor complete · director complete · creative complete · publisher approved
[2026-06-28T22:59:49.407Z] [4592/5133] RVTR698121 — Hilltop Hoods — 1955 (Editor queued — awaiting distill)
[2026-06-28T22:59:50.338Z]   → published · 1s · editor complete · director complete · creative complete · publisher approved
[2026-06-28T22:59:50.380Z] [4593/5133] RVTR699387 — Erykah Badu — On On (Editor queued — awaiting distill)
[2026-06-28T22:59:51.305Z]   → published · 1s · editor complete · director complete · creative complete · publisher approved
[2026-06-28T22:59:51.347Z] [4594/5133] RVTR700729 — Helen Reddy — Delta Dawn (Editor queued — awaiting distill)
[2026-06-28T22:59:52.276Z]   → published · 1s · editor complete · director complete · creative complete · publisher approved
[2026-06-28T22:59:52.317Z] [4595/5133] RVTR701232 — Warrant — Heaven (Editor queued — awaiting distill)
[2026-06-28T22:59:53.249Z]   → published · 1s · editor complete · director complete · creative complete · publisher approved
[2026-06-28T22:59:53.291Z] [4596/5133] RVTR701379 — Wolfmother — Love Train (Editor queued — awaiting distill)
[2026-06-28T22:59:54.219Z]   → published · 1s · editor complete · director complete · creative complete · publisher approved
[2026-06-28T22:59:54.261Z] [4597/5133] RVTR701686 — Rich Gang — Tapout (Editor queued — awaiting distill)
[2026-06-28T22:59:55.187Z]   → published · 1s · editor complete · director complete · creative complete · publisher approved
[2026-06-28T22:59:55.229Z] [4598/5133] RVTR701784 — Brandy — What About Us (Editor queued — awaiting distill)
[2026-06-28T22:59:56.169Z]   → published · 1s · editor complete · director complete · creative complete · publisher approved
[2026-06-28T22:59:56.212Z] [4599/5133] RVTR701938 — Peter Tosh — Legalize It (Editor queued — awaiting distill)
[2026-06-28T22:59:57.188Z]   → published · 1s · editor complete · director complete · creative complete · publisher approved
[2026-06-28T22:59:57.227Z] [4600/5133] RVTR702989 — The Vamps — Oh Cecilia (Editor queued — awaiting distill)
[2026-06-28T22:59:58.156Z]   → published · 1s · editor complete · director complete · creative complete · publisher approved
[2026-06-28T22:59:58.250Z] --- Progress after 4600 processed ---
[2026-06-28T22:59:58.251Z] Collector complete: 5217
Editor complete: 2566
Director complete: 2564
Creative Review complete: 1576
Published: 84
Failed (this run): 5
Remaining (collector done, not published): 5133
[2026-06-28T22:59:58.251Z] [4601/5133] RVTR703051 — U2 — Get On Your Boots (Editor queued — awaiting distill)
[2026-06-28T22:59:59.182Z]   → published · 1s · editor complete · director complete · creative complete · publisher approved
[2026-06-28T22:59:59.221Z] [4602/5133] RVTR703571 — Iio — Rapture Tastes So Sweet (Editor queued — awaiting distill)
[2026-06-28T23:00:00.158Z]   → published · 1s · editor complete · director complete · creative complete · publisher approved
[2026-06-28T23:00:00.197Z] [4603/5133] RVTR704017 — Depeche Mode — Wrong (Editor queued — awaiting distill)
[2026-06-28T23:00:01.161Z]   → published · 1s · editor complete · director complete · creative complete · publisher approved
[2026-06-28T23:00:01.200Z] [4604/5133] RVTR704537 — The Seekers — Georgy Girl (Editor queued — awaiting distill)
[2026-06-28T23:00:02.135Z]   → published · 1s · editor complete · director complete · creative complete · publisher approved
[2026-06-28T23:00:02.174Z] [4605/5133] RVTR704641 — Ray J — One Wish (Editor queued — awaiting distill)
[2026-06-28T23:00:03.119Z]   → published · 1s · editor complete · director complete · creative complete · publisher approved
[2026-06-28T23:00:03.157Z] [4606/5133] RVTR704736 — Sinkane — Telephone (Editor queued — awaiting distill)
[2026-06-28T23:00:04.129Z]   → published · 1s · editor complete · director complete · creative complete · publisher approved
[2026-06-28T23:00:04.168Z] [4607/5133] RVTR704854 — Bon Jovi — Have A Nice Day (Editor queued — awaiting distill)
[2026-06-28T23:00:05.159Z]   → published · 1s · editor complete · director complete · creative complete · publisher approved
[2026-06-28T23:00:05.198Z] [4608/5133] RVTR705333 — The Cure — High (Editor queued — awaiting distill)
[2026-06-28T23:00:06.153Z]   → published · 1s · editor complete · director complete · creative complete · publisher approved
[2026-06-28T23:00:06.192Z] [4609/5133] RVTR705515 — Staind — All I Want (Editor queued — awaiting distill)
[2026-06-28T23:00:07.140Z]   → published · 1s · editor complete · director complete · creative complete · publisher approved
[2026-06-28T23:00:07.178Z] [4610/5133] RVTR706202 — Daft Punk — Da Funk (Editor queued — awaiting distill)
[2026-06-28T23:00:08.139Z]   → published · 1s · editor complete · director complete · creative complete · publisher approved
[2026-06-28T23:00:08.178Z] [4611/5133] RVTR706725 — Madonna — Papa Don't Preach (Editor queued — awaiting distill)
[2026-06-28T23:00:09.147Z]   → published · 1s · editor complete · director complete · creative complete · publisher approved
[2026-06-28T23:00:09.187Z] [4612/5133] RVTR706826 — Kasey Chambers — Pony (Editor queued — awaiting distill)
[2026-06-28T23:00:10.158Z]   → published · 1s · editor complete · director complete · creative complete · publisher approved
[2026-06-28T23:00:10.197Z] [4613/5133] RVTR706864 — Tim Finn — Not Even Close (Editor queued — awaiting distill)
[2026-06-28T23:00:11.173Z]   → published · 1s · editor complete · director complete · creative complete · publisher approved
[2026-06-28T23:00:11.212Z] [4614/5133] RVTR707416 — Cat Clyde — Mama Said (Editor queued — awaiting distill)
[2026-06-28T23:00:12.192Z]   → published · 1s · editor complete · director complete · creative complete · publisher approved
[2026-06-28T23:00:12.232Z] [4615/5133] RVTR710016 — Ziggy Marley — Live Jam (Editor queued — awaiting distill)
[2026-06-28T23:00:13.226Z]   → published · 1s · editor complete · director complete · creative complete · publisher approved
[2026-06-28T23:00:13.265Z] [4616/5133] RVTR710317 — Chris Janson — Fix A Drink (Editor queued — awaiting distill)
[2026-06-28T23:00:14.217Z]   → published · 1s · editor complete · director complete · creative complete · publisher approved
[2026-06-28T23:00:14.257Z] [4617/5133] RVTR711003 — Sheppard — Geronimo (Editor queued — awaiting distill)
[2026-06-28T23:00:15.221Z]   → published · 1s · editor complete · director complete · creative complete · publisher approved
[2026-06-28T23:00:15.261Z] [4618/5133] RVTR711870 — Coldplay — Paradise (Editor queued — awaiting distill)
[2026-06-28T23:00:16.214Z]   → published · 1s · editor complete · director complete · creative complete · publisher approved
[2026-06-28T23:00:16.253Z] [4619/5133] RVTR711959 — Katy Perry — Electric (Editor queued — awaiting distill)
[2026-06-28T23:00:17.206Z]   → published · 1s · editor complete · director complete · creative complete · publisher approved
[2026-06-28T23:00:17.246Z] [4620/5133] RVTR711976 — Drake — Hotline Bling (Editor queued — awaiting distill)
[2026-06-28T23:00:18.207Z]   → published · 1s · editor complete · director complete · creative complete · publisher approved
[2026-06-28T23:00:18.246Z] [4621/5133] RVTR712840 — Madonna — Give It 2 Me (Editor queued — awaiting distill)
[2026-06-28T23:00:19.197Z]   → published · 1s · editor complete · director complete · creative complete · publisher approved
[2026-06-28T23:00:19.236Z] [4622/5133] RVTR713032 — Inner Circle — Bad Boys Theme From Cops (Editor queued — awaiting distill)
[2026-06-28T23:00:20.189Z]   → published · 1s · editor complete · director complete · creative complete · publisher approved
[2026-06-28T23:00:20.229Z] [4623/5133] RVTR714206 — Goldford — Ride The Storm (Editor queued — awaiting distill)
[2026-06-28T23:00:21.179Z]   → published · 1s · editor complete · director complete · creative complete · publisher approved
[2026-06-28T23:00:21.218Z] [4624/5133] RVTR714436 — Dan + Shay — Glad You Exist (Editor queued — awaiting distill)
[2026-06-28T23:00:21.228Z]   FAILED · no_usable_visual
[2026-06-28T23:00:21.267Z] [4625/5133] RVTR715143 — Janis Joplin — One Good Man (Editor queued — awaiting distill)
[2026-06-28T23:00:22.236Z]   → published · 1s · editor complete · director complete · creative complete · publisher approved
[2026-06-28T23:00:22.278Z] [4626/5133] RVTR715516 — Tom Petty — The Waiting (Editor queued — awaiting distill)
[2026-06-28T23:00:23.224Z]   → published · 1s · editor complete · director complete · creative complete · publisher approved
[2026-06-28T23:00:23.265Z] [4627/5133] RVTR720315 — Small Faces — Tin Soldier (Editor queued — awaiting distill)
[2026-06-28T23:00:24.216Z]   → published · 1s · editor complete · director complete · creative complete · publisher approved
[2026-06-28T23:00:24.258Z] [4628/5133] RVTR720430 — Avril Lavigne — Girlfriend (Editor queued — awaiting distill)
[2026-06-28T23:00:25.199Z]   → published · 1s · editor complete · director complete · creative complete · publisher approved
[2026-06-28T23:00:25.240Z] [4629/5133] RVTR723114 — Europe — Carrie (Editor queued — awaiting distill)
[2026-06-28T23:00:26.208Z]   → published · 1s · editor complete · director complete · creative complete · publisher approved
[2026-06-28T23:00:26.250Z] [4630/5133] RVTR724429 — Halsey — Bad At Love (Editor queued — awaiting distill)
[2026-06-28T23:00:27.235Z]   → published · 1s · editor complete · director complete · creative complete · publisher approved
[2026-06-28T23:00:27.280Z] [4631/5133] RVTR724466 — Bruno Mars — Grenade (Editor queued — awaiting distill)
[2026-06-28T23:00:28.257Z]   → published · 1s · editor complete · director complete · creative complete · publisher approved
[2026-06-28T23:00:28.301Z] [4632/5133] RVTR725447 — Barry Manilow — Stay (Editor queued — awaiting distill)
[2026-06-28T23:00:29.263Z]   → published · 1s · editor complete · director complete · creative complete · publisher approved
[2026-06-28T23:00:29.306Z] [4633/5133] RVTR726744 — Seether — Breakdown (Editor queued — awaiting distill)
[2026-06-28T23:00:30.303Z]   → published · 1s · editor complete · director complete · creative complete · publisher approved
[2026-06-28T23:00:30.343Z] [4634/5133] RVTR727702 — Paramore — Monster (Editor queued — awaiting distill)
[2026-06-28T23:00:31.312Z]   → published · 1s · editor complete · director complete · creative complete · publisher approved
[2026-06-28T23:00:31.354Z] [4635/5133] RVTR728069 — Kool — Too Hot (Editor queued — awaiting distill)
[2026-06-28T23:00:32.315Z]   → published · 1s · editor complete · director complete · creative complete · publisher approved
[2026-06-28T23:00:32.358Z] [4636/5133] RVTR728147 — Queen — Bicycle Race Fat Bottomed Girls (Editor queued — awaiting distill)
[2026-06-28T23:00:33.339Z]   → published · 1s · editor complete · director complete · creative complete · publisher approved
[2026-06-28T23:00:33.382Z] [4637/5133] RVTR729270 — Kate Bush — The Big Sky (Editor queued — awaiting distill)
[2026-06-28T23:00:34.385Z]   → published · 1s · editor complete · director complete · creative complete · publisher approved
[2026-06-28T23:00:34.442Z] [4638/5133] RVTR729350 — The Happenings — I Got Rhythm (Editor queued — awaiting distill)
[2026-06-28T23:00:35.443Z]   → published · 1s · editor complete · director complete · creative complete · publisher approved
[2026-06-28T23:00:35.488Z] [4639/5133] RVTR729683 — Alex Warren — Ordinary (Editor queued — awaiting distill)
[2026-06-28T23:00:36.485Z]   → published · 1s · editor complete · director complete · creative complete · publisher approved
[2026-06-28T23:00:36.529Z] [4640/5133] RVTR729781 — Ida Mae — Little Liars (Editor queued — awaiting distill)
[2026-06-28T23:00:37.518Z]   → published · 1s · editor complete · director complete · creative complete · publisher approved
[2026-06-28T23:00:37.564Z] [4641/5133] RVTR730159 — Kiss — Christine Sixteen (Editor queued — awaiting distill)
[2026-06-28T23:00:38.570Z]   → published · 1s · editor complete · director complete · creative complete · publisher approved
[2026-06-28T23:00:38.612Z] [4642/5133] RVTR730326 — Jamie Foxx F./drake — Fall For Your Type Broadcast Version (Editor queued — awaiting distill)
[2026-06-28T23:00:39.623Z]   → published · 1s · editor complete · director complete · creative complete · publisher approved
[2026-06-28T23:00:39.668Z] [4643/5133] RVTR730819 — Clay Walker — Country Side (Editor queued — awaiting distill)
[2026-06-28T23:00:40.660Z]   → published · 1s · editor complete · director complete · creative complete · publisher approved
[2026-06-28T23:00:40.700Z] [4644/5133] RVTR731058 — Mick Jagger — Hard Woman (Editor queued — awaiting distill)
[2026-06-28T23:00:41.681Z]   → published · 1s · editor complete · director complete · creative complete · publisher approved
[2026-06-28T23:00:41.721Z] [4645/5133] RVTR731264 — Avril Lavigne — Smile (Editor queued — awaiting distill)
[2026-06-28T23:00:42.693Z]   → published · 1s · editor complete · director complete · creative complete · publisher approved
[2026-06-28T23:00:42.734Z] [4646/5133] RVTR732499 — Duncan Sheik — On A High (Editor queued — awaiting distill)
[2026-06-28T23:00:43.791Z]   → published · 1s · editor complete · director complete · creative complete · publisher approved
[2026-06-28T23:00:43.831Z] [4647/5133] RVTR733181 — Charlie Puth — Attention (Editor queued — awaiting distill)
[2026-06-28T23:00:44.824Z]   → published · 1s · editor complete · director complete · creative complete · publisher approved
[2026-06-28T23:00:44.868Z] [4648/5133] RVTR733256 — Kendrick Lamar — I (Editor queued — awaiting distill)
[2026-06-28T23:00:45.911Z]   → published · 1s · editor complete · director complete · creative complete · publisher approved
[2026-06-28T23:00:45.950Z] [4649/5133] RVTR733406 — Billy Idol — Catch My Fall (Editor queued — awaiting distill)
[2026-06-28T23:00:46.930Z]   → published · 1s · editor complete · director complete · creative complete · publisher approved
[2026-06-28T23:00:46.969Z] [4650/5133] RVTR733529 — Marillion — Kayleigh (Editor queued — awaiting distill)
[2026-06-28T23:00:47.948Z]   → published · 1s · editor complete · director complete · creative complete · publisher approved
[2026-06-28T23:00:48.052Z] --- Progress after 4650 processed ---
[2026-06-28T23:00:48.052Z] Collector complete: 5217
Editor complete: 2616
Director complete: 2613
Creative Review complete: 1625
Published: 84
Failed (this run): 6
Remaining (collector done, not published): 5133
[2026-06-28T23:00:48.052Z] [4651/5133] RVTR734542 — Haley Reinhart — Creep (Editor queued — awaiting distill)
[2026-06-28T23:00:49.028Z]   → published · 1s · editor complete · director complete · creative complete · publisher approved
[2026-06-28T23:00:49.070Z] [4652/5133] RVTR734753 — Beyonce — Dance For You (Editor queued — awaiting distill)
[2026-06-28T23:00:50.056Z]   → published · 1s · editor complete · director complete · creative complete · publisher approved
[2026-06-28T23:00:50.096Z] [4653/5133] RVTR734759 — Commodores — Brick House (Editor queued — awaiting distill)
[2026-06-28T23:00:51.105Z]   → published · 1s · editor complete · director complete · creative complete · publisher approved
[2026-06-28T23:00:51.146Z] [4654/5133] RVTR734901 — Sponge — Plowed (Editor queued — awaiting distill)
[2026-06-28T23:00:52.121Z]   → published · 1s · editor complete · director complete · creative complete · publisher approved
[2026-06-28T23:00:52.165Z] [4655/5133] RVTR735741 — Snoop Dogg — I Wanna Rock (Editor queued — awaiting distill)
[2026-06-28T23:00:53.151Z]   → published · 1s · editor complete · director complete · creative complete · publisher approved
[2026-06-28T23:00:53.191Z] [4656/5133] RVTR736137 — Air — Sexy Boy (Editor queued — awaiting distill)
[2026-06-28T23:00:54.157Z]   → published · 1s · editor complete · director complete · creative complete · publisher approved
[2026-06-28T23:00:54.199Z] [4657/5133] RVTR736908 — Creed — Don't Stop Dancing (Editor queued — awaiting distill)
[2026-06-28T23:00:55.206Z]   → published · 1s · editor complete · director complete · creative complete · publisher approved
[2026-06-28T23:00:55.246Z] [4658/5133] RVTR738030 — James Brown — The Payback Part I (Editor queued — awaiting distill)
[2026-06-28T23:00:56.242Z]   → published · 1s · editor complete · director complete · creative complete · publisher approved
[2026-06-28T23:00:56.285Z] [4659/5133] RVTR738508 — Lil Wayne — Got Money (Editor queued — awaiting distill)
[2026-06-28T23:00:57.243Z]   → published · 1s · editor complete · director complete · creative complete · publisher approved
[2026-06-28T23:00:57.283Z] [4660/5133] RVTR739046 — Eagles — Get Over It (Editor queued — awaiting distill)
[2026-06-28T23:00:58.252Z]   → published · 1s · editor complete · director complete · creative complete · publisher approved
[2026-06-28T23:00:58.295Z] [4661/5133] RVTR739812 — Katy Perry — Bon App Tit (Editor queued — awaiting distill)
[2026-06-28T23:00:59.251Z]   → published · 1s · editor complete · director complete · creative complete · publisher approved
[2026-06-28T23:00:59.290Z] [4662/5133] RVTR740598 — Metallica — The Unforgiven (Editor queued — awaiting distill)
[2026-06-28T23:01:00.274Z]   → published · 1s · editor complete · director complete · creative complete · publisher approved
[2026-06-28T23:01:00.317Z] [4663/5133] RVTR740918 — Jessie J, Ariana Grande — Bang Bang (Editor queued — awaiting distill)
[2026-06-28T23:01:01.291Z]   → published · 1s · editor complete · director complete · creative complete · publisher approved
[2026-06-28T23:01:01.331Z] [4664/5133] RVTR741172 — Alex Clare — Too Close (Editor queued — awaiting distill)
[2026-06-28T23:01:02.321Z]   → published · 1s · editor complete · director complete · creative complete · publisher approved
[2026-06-28T23:01:02.363Z] [4665/5133] RVTR741334 — Soul For Real — Candy Rain (Editor queued — awaiting distill)
[2026-06-28T23:01:03.342Z]   → published · 1s · editor complete · director complete · creative complete · publisher approved
[2026-06-28T23:01:03.380Z] [4666/5133] RVTR741475 — Aerosmith — Pink (Editor queued — awaiting distill)
[2026-06-28T23:01:04.353Z]   → published · 1s · editor complete · director complete · creative complete · publisher approved
[2026-06-28T23:01:04.396Z] [4667/5133] RVTR741858 — Everclear — Rock Star (Editor queued — awaiting distill)
[2026-06-28T23:01:05.358Z]   → published · 1s · editor complete · director complete · creative complete · publisher approved
[2026-06-28T23:01:05.397Z] [4668/5133] RVTR741932 — Vikki Carr — It Must Be Him (Editor queued — awaiting distill)
[2026-06-28T23:01:06.374Z]   → published · 1s · editor complete · director complete · creative complete · publisher approved
[2026-06-28T23:01:06.415Z] [4669/5133] RVTR741977 — Iyaz — Solo (Editor queued — awaiting distill)
[2026-06-28T23:01:07.387Z]   → published · 1s · editor complete · director complete · creative complete · publisher approved
[2026-06-28T23:01:07.425Z] [4670/5133] RVTR742202 — Xtc — Wonderland 1983 (Editor queued — awaiting distill)
[2026-06-28T23:01:08.401Z]   → published · 1s · editor complete · director complete · creative complete · publisher approved
[2026-06-28T23:01:08.443Z] [4671/5133] RVTR742251 — Tomorrow Night — Shoes (Editor queued — awaiting distill)
[2026-06-28T23:01:09.410Z]   → published · 1s · editor complete · director complete · creative complete · publisher approved
[2026-06-28T23:01:09.449Z] [4672/5133] RVTR742576 — Katy Perry — Part Of Me (Editor queued — awaiting distill)
[2026-06-28T23:01:10.434Z]   → published · 1s · editor complete · director complete · creative complete · publisher approved
[2026-06-28T23:01:10.476Z] [4673/5133] RVTR744871 — Chingy — Right Thurr (Editor queued — awaiting distill)
[2026-06-28T23:01:11.438Z]   → published · 1s · editor complete · director complete · creative complete · publisher approved
[2026-06-28T23:01:11.481Z] [4674/5133] RVTR745206 — Meat Loaf — You Took The Words Right Out Of My Mouth (Editor queued — awaiting distill)
[2026-06-28T23:01:12.443Z]   → published · 1s · editor complete · director complete · creative complete · publisher approved
[2026-06-28T23:01:12.485Z] [4675/5133] RVTR745717 — Tai Verdes — A O K (Editor queued — awaiting distill)
[2026-06-28T23:01:13.457Z]   → published · 1s · editor complete · director complete · creative complete · publisher approved
[2026-06-28T23:01:13.500Z] [4676/5133] RVTR745918 — Cream — Strange Brew (Editor queued — awaiting distill)
[2026-06-28T23:01:14.484Z]   → published · 1s · editor complete · director complete · creative complete · publisher approved
[2026-06-28T23:01:14.531Z] [4677/5133] RVTR746158 — Mike Oldfield — To France (Editor queued — awaiting distill)
[2026-06-28T23:01:15.528Z]   → published · 1s · editor complete · director complete · creative complete · publisher approved
[2026-06-28T23:01:15.575Z] [4678/5133] RVTR746459 — Shakira — Don't Wait Up (Editor queued — awaiting distill)
[2026-06-28T23:01:16.580Z]   → published · 1s · editor complete · director complete · creative complete · publisher approved
[2026-06-28T23:01:16.625Z] [4679/5133] RVTR747218 — Audioslave — Original Fire (Editor queued — awaiting distill)
[2026-06-28T23:01:17.649Z]   → published · 1s · editor complete · director complete · creative complete · publisher approved
[2026-06-28T23:01:17.701Z] [4680/5133] RVTR747493 — Brooks — Neon Moon (Editor queued — awaiting distill)
[2026-06-28T23:01:18.721Z]   → published · 1s · editor complete · director complete · creative complete · publisher approved
[2026-06-28T23:01:18.766Z] [4681/5133] RVTR749534 — Cedric Gervais — Molly (Editor queued — awaiting distill)
[2026-06-28T23:01:19.797Z]   → published · 1s · editor complete · director complete · creative complete · publisher approved
[2026-06-28T23:01:19.837Z] [4682/5133] RVTR750240 — Onyx — Slam (Editor queued — awaiting distill)
[2026-06-28T23:01:20.812Z]   → published · 1s · editor complete · director complete · creative complete · publisher approved
[2026-06-28T23:01:20.852Z] [4683/5133] RVTR750687 — Evanescence — Lithium (Editor queued — awaiting distill)
[2026-06-28T23:01:21.829Z]   → published · 1s · editor complete · director complete · creative complete · publisher approved
[2026-06-28T23:01:21.869Z] [4684/5133] RVTR751338 — Adam Clayton & Larry Mullen, Jr. — Theme From Mission Impossible (Editor queued — awaiting distill)
[2026-06-28T23:01:22.851Z]   → published · 1s · editor complete · director complete · creative complete · publisher approved
[2026-06-28T23:01:22.892Z] [4685/5133] RVTR751445 — Toby Keith — Me Too (Editor queued — awaiting distill)
[2026-06-28T23:01:23.888Z]   → published · 1s · editor complete · director complete · creative complete · publisher approved
[2026-06-28T23:01:23.930Z] [4686/5133] RVTR751909 — Kaiser Chiefs — Ruby (Editor queued — awaiting distill)
[2026-06-28T23:01:24.942Z]   → published · 1s · editor complete · director complete · creative complete · publisher approved
[2026-06-28T23:01:24.981Z] [4687/5133] RVTR752146 — Ambrosia — How Much I Feel (Editor queued — awaiting distill)
[2026-06-28T23:01:25.980Z]   → published · 1s · editor complete · director complete · creative complete · publisher approved
[2026-06-28T23:01:26.020Z] [4688/5133] RVTR752210 — Flo Rida — What A Night (Editor queued — awaiting distill)
[2026-06-28T23:01:27.020Z]   → published · 1s · editor complete · director complete · creative complete · publisher approved
[2026-06-28T23:01:27.060Z] [4689/5133] RVTR752348 — Styx — The Best Of Times (Editor queued — awaiting distill)
[2026-06-28T23:01:28.057Z]   → published · 1s · editor complete · director complete · creative complete · publisher approved
[2026-06-28T23:01:28.097Z] [4690/5133] RVTR753044 — Marilyn Mccoo — Up Up Away Last Night I Didn T Get To Sleep (Editor queued — awaiting distill)
[2026-06-28T23:01:29.102Z]   → published · 1s · editor complete · director complete · creative complete · publisher approved
[2026-06-28T23:01:29.145Z] [4691/5133] RVTR753238 — Kerli — Love Is Dead (Editor queued — awaiting distill)
[2026-06-28T23:01:30.171Z]   → published · 1s · editor complete · director complete · creative complete · publisher approved
[2026-06-28T23:01:30.211Z] [4692/5133] RVTR753293 — Candlebox — Change (Editor queued — awaiting distill)
[2026-06-28T23:01:31.242Z]   → published · 1s · editor complete · director complete · creative complete · publisher approved
[2026-06-28T23:01:31.282Z] [4693/5133] RVTR753299 — Jesse Mccartney — Shake (Editor queued — awaiting distill)
[2026-06-28T23:01:32.269Z]   → published · 1s · editor complete · director complete · creative complete · publisher approved
[2026-06-28T23:01:32.309Z] [4694/5133] RVTR753376 — Colbie Caillat — Realize (Editor queued — awaiting distill)
[2026-06-28T23:01:33.307Z]   → published · 1s · editor complete · director complete · creative complete · publisher approved
[2026-06-28T23:01:33.346Z] [4695/5133] RVTR753815 — Joe Cocker — Cry Me A River (Editor queued — awaiting distill)
[2026-06-28T23:01:34.347Z]   → published · 1s · editor complete · director complete · creative complete · publisher approved
[2026-06-28T23:01:34.388Z] [4696/5133] RVTR754053 — J. Cole — Immortal (Editor queued — awaiting distill)
[2026-06-28T23:01:35.419Z]   → published · 1s · editor complete · director complete · creative complete · publisher approved
[2026-06-28T23:01:35.459Z] [4697/5133] RVTR755189 — David Bowie — Tvc15 (Editor queued — awaiting distill)
[2026-06-28T23:01:36.448Z]   → published · 1s · editor complete · director complete · creative complete · publisher approved
[2026-06-28T23:01:36.487Z] [4698/5133] RVTR755685 — Britney Spears — 3 (Editor queued — awaiting distill)
[2026-06-28T23:01:37.487Z]   → published · 1s · editor complete · director complete · creative complete · publisher approved
[2026-06-28T23:01:37.526Z] [4699/5133] RVTR755885 — Jaicko — Oh Yeah (Editor queued — awaiting distill)
[2026-06-28T23:01:38.528Z]   → published · 1s · editor complete · director complete · creative complete · publisher approved
[2026-06-28T23:01:38.568Z] [4700/5133] RVTR756240 — Mika — Love Today (Editor queued — awaiting distill)
[2026-06-28T23:01:39.592Z]   → published · 1s · editor complete · director complete · creative complete · publisher approved
[2026-06-28T23:01:39.707Z] --- Progress after 4700 processed ---
[2026-06-28T23:01:39.707Z] Collector complete: 5217
Editor complete: 2666
Director complete: 2663
Creative Review complete: 1675
Published: 84
Failed (this run): 6
Remaining (collector done, not published): 5133
[2026-06-28T23:01:39.708Z] [4701/5133] RVTR756921 — Exposé — Let Me Be The One (Editor queued — awaiting distill)
[2026-06-28T23:01:40.742Z]   → published · 1s · editor complete · director complete · creative complete · publisher approved
[2026-06-28T23:01:40.781Z] [4702/5133] RVTR757153 — Taylor Swift — Me (Editor queued — awaiting distill)
[2026-06-28T23:01:41.772Z]   → published · 1s · editor complete · director complete · creative complete · publisher approved
[2026-06-28T23:01:41.811Z] [4703/5133] RVTR757261 — Cassie — Me U (Editor queued — awaiting distill)
[2026-06-28T23:01:42.802Z]   → published · 1s · editor complete · director complete · creative complete · publisher approved
[2026-06-28T23:01:42.842Z] [4704/5133] RVTR757465 — Ofra Haza — Im Nin' Alu (Editor queued — awaiting distill)
[2026-06-28T23:01:43.838Z]   → published · 1s · editor complete · director complete · creative complete · publisher approved
[2026-06-28T23:01:43.878Z] [4705/5133] RVTR758252 — Jake Owen — Hot Truck Beer (Editor queued — awaiting distill)
[2026-06-28T23:01:44.881Z]   → published · 1s · editor complete · director complete · creative complete · publisher approved
[2026-06-28T23:01:44.922Z] [4706/5133] RVTR759949 — Webbie — Independent (Editor queued — awaiting distill)
[2026-06-28T23:01:45.935Z]   → published · 1s · editor complete · director complete · creative complete · publisher approved
[2026-06-28T23:01:45.974Z] [4707/5133] RVTR760422 — Prince — Controversy (Editor queued — awaiting distill)
[2026-06-28T23:01:46.979Z]   → published · 1s · editor complete · director complete · creative complete · publisher approved
[2026-06-28T23:01:47.019Z] [4708/5133] RVTR761976 — Lou Reed — No Money Down (Editor queued — awaiting distill)
[2026-06-28T23:01:48.037Z]   → published · 1s · editor complete · director complete · creative complete · publisher approved
[2026-06-28T23:01:48.076Z] [4709/5133] RVTR762479 — Mötley Crüe — Shout At The Devil (Editor queued — awaiting distill)
[2026-06-28T23:01:49.109Z]   → published · 1s · editor complete · director complete · creative complete · publisher approved
[2026-06-28T23:01:49.149Z] [4710/5133] RVTR762996 — Janet Jackson — I Want You (Editor queued — awaiting distill)
[2026-06-28T23:01:50.156Z]   → published · 1s · editor complete · director complete · creative complete · publisher approved
[2026-06-28T23:01:50.203Z] [4711/5133] RVTR763854 — Stevie Nicks — Talk To Me (Editor queued — awaiting distill)
[2026-06-28T23:01:51.324Z]   → published · 1s · editor complete · director complete · creative complete · publisher approved
[2026-06-28T23:01:51.365Z] [4712/5133] RVTR763858 — Incubus — Megalomaniac (Editor queued — awaiting distill)
[2026-06-28T23:01:52.390Z]   → published · 1s · editor complete · director complete · creative complete · publisher approved
[2026-06-28T23:01:52.430Z] [4713/5133] RVTR764020 — Jenny Morris — You I Know (Editor queued — awaiting distill)
[2026-06-28T23:01:53.433Z]   → published · 1s · editor complete · director complete · creative complete · publisher approved
[2026-06-28T23:01:53.473Z] [4714/5133] RVTR764688 — Bad Company — Movin' On (Editor queued — awaiting distill)
[2026-06-28T23:01:54.483Z]   → published · 1s · editor complete · director complete · creative complete · publisher approved
[2026-06-28T23:01:54.523Z] [4715/5133] RVTR765132 — Pop Evil — Trenches (Editor queued — awaiting distill)
[2026-06-28T23:01:55.531Z]   → published · 1s · editor complete · director complete · creative complete · publisher approved
[2026-06-28T23:01:55.570Z] [4716/5133] RVTR765353 — Beyonce — Single Ladies Put A Ring On It (Editor queued — awaiting distill)
[2026-06-28T23:01:56.586Z]   → published · 1s · editor complete · director complete · creative complete · publisher approved
[2026-06-28T23:01:56.627Z] [4717/5133] RVTR766173 — Diana Ross — Upside Down (Editor queued — awaiting distill)
[2026-06-28T23:01:57.665Z]   → published · 1s · editor complete · director complete · creative complete · publisher approved
[2026-06-28T23:01:57.705Z] [4718/5133] RVTR766217 — Kraftwerk — Tour De France (Editor queued — awaiting distill)
[2026-06-28T23:01:58.755Z]   → published · 1s · editor complete · director complete · creative complete · publisher approved
[2026-06-28T23:01:58.796Z] [4719/5133] RVTR767120 — The Bangles — In Your Room (Editor queued — awaiting distill)
[2026-06-28T23:01:59.821Z]   → published · 1s · editor complete · director complete · creative complete · publisher approved
[2026-06-28T23:01:59.875Z] [4720/5133] RVTR767575 — U2 Ft. Mary J. Blige — One (Editor queued — awaiting distill)
[2026-06-28T23:02:00.866Z]   → published · 1s · editor complete · director complete · creative complete · publisher approved
[2026-06-28T23:02:00.905Z] [4721/5133] RVTR767934 — Madness — One Step Beyond (Editor queued — awaiting distill)
[2026-06-28T23:02:01.912Z]   → published · 1s · editor complete · director complete · creative complete · publisher approved
[2026-06-28T23:02:01.952Z] [4722/5133] RVTR768059 — David Archuleta — Crush (Editor queued — awaiting distill)
[2026-06-28T23:02:02.971Z]   → published · 1s · editor complete · director complete · creative complete · publisher approved
[2026-06-28T23:02:03.013Z] [4723/5133] RVTR768069 — Neon Trees — Animal (Editor queued — awaiting distill)
[2026-06-28T23:02:04.022Z]   → published · 1s · editor complete · director complete · creative complete · publisher approved
[2026-06-28T23:02:04.065Z] [4724/5133] RVTR768271 — Lmfao — La La La (Editor queued — awaiting distill)
[2026-06-28T23:02:05.076Z]   → published · 1s · editor complete · director complete · creative complete · publisher approved
[2026-06-28T23:02:05.115Z] [4725/5133] RVTR770343 — Wolfmother — Dimension (Editor queued — awaiting distill)
[2026-06-28T23:02:06.254Z]   → published · 1s · editor complete · director complete · creative complete · publisher approved
[2026-06-28T23:02:06.293Z] [4726/5133] RVTR770779 — Inoj — Time After Time (Editor queued — awaiting distill)
[2026-06-28T23:02:07.298Z]   → published · 1s · editor complete · director complete · creative complete · publisher approved
[2026-06-28T23:02:07.347Z] [4727/5133] RVTR771068 — Go West — Don't Look Down The Sequel (Editor queued — awaiting distill)
[2026-06-28T23:02:08.592Z]   → published · 1s · editor complete · director complete · creative complete · publisher approved
[2026-06-28T23:02:08.637Z] [4728/5133] RVTR771450 — Justin Bieber — Boyfriend (Editor queued — awaiting distill)
[2026-06-28T23:02:09.844Z]   → published · 1s · editor complete · director complete · creative complete · publisher approved
[2026-06-28T23:02:09.884Z] [4729/5133] RVTR772075 — Shakira F./dizzee Rascal — Loca Freemasons Mixshow Edit (Editor queued — awaiting distill)
[2026-06-28T23:02:11.057Z]   → published · 1s · editor complete · director complete · creative complete · publisher approved
[2026-06-28T23:02:11.099Z] [4730/5133] RVTR772224 — Slipknot — Dead Memories (Editor queued — awaiting distill)
[2026-06-28T23:02:12.240Z]   → published · 1s · editor complete · director complete · creative complete · publisher approved
[2026-06-28T23:02:12.282Z] [4731/5133] RVTR772341 — Soulja Boy — Crank That (Editor queued — awaiting distill)
[2026-06-28T23:02:13.362Z]   → published · 1s · editor complete · director complete · creative complete · publisher approved
[2026-06-28T23:02:13.402Z] [4732/5133] RVTR773680 — Matchbox Twenty — Push (Editor queued — awaiting distill)
[2026-06-28T23:02:14.501Z]   → published · 1s · editor complete · director complete · creative complete · publisher approved
[2026-06-28T23:02:14.545Z] [4733/5133] RVTR773769 — Groove Theory — Tell Me (Editor queued — awaiting distill)
[2026-06-28T23:02:15.657Z]   → published · 1s · editor complete · director complete · creative complete · publisher approved
[2026-06-28T23:02:15.701Z] [4734/5133] RVTR773987 — Doja Cat — Get Into It Yuh (Editor queued — awaiting distill)
[2026-06-28T23:02:16.797Z]   → published · 1s · editor complete · director complete · creative complete · publisher approved
[2026-06-28T23:02:16.841Z] [4735/5133] RVTR774040 — Genesis — No Reply At All (Editor queued — awaiting distill)
[2026-06-28T23:02:17.984Z]   → published · 1s · editor complete · director complete · creative complete · publisher approved
[2026-06-28T23:02:18.024Z] [4736/5133] RVTR774618 — Maroon 5 — Misery (Editor queued — awaiting distill)
[2026-06-28T23:02:19.087Z]   → published · 1s · editor complete · director complete · creative complete · publisher approved
[2026-06-28T23:02:19.129Z] [4737/5133] RVTR775432 — Khalid — New Normal (Editor queued — awaiting distill)
[2026-06-28T23:02:20.171Z]   → published · 1s · editor complete · director complete · creative complete · publisher approved
[2026-06-28T23:02:20.213Z] [4738/5133] RVTR777147 — Calvin Harris — Summer (Editor queued — awaiting distill)
[2026-06-28T23:02:21.278Z]   → published · 1s · editor complete · director complete · creative complete · publisher approved
[2026-06-28T23:02:21.318Z] [4739/5133] RVTR778992 — Europe — Cherokee (Editor queued — awaiting distill)
[2026-06-28T23:02:22.292Z]   → published · 1s · editor complete · director complete · creative complete · publisher approved
[2026-06-28T23:02:22.330Z] [4740/5133] RVTR779789 — The Singing Nun — Dominique (Editor queued — awaiting distill)
[2026-06-28T23:02:23.363Z]   → published · 1s · editor complete · director complete · creative complete · publisher approved
[2026-06-28T23:02:23.403Z] [4741/5133] RVTR780346 — Lana Del Rey — Doin' Time (Editor queued — awaiting distill)
[2026-06-28T23:02:24.447Z]   → published · 1s · editor complete · director complete · creative complete · publisher approved
[2026-06-28T23:02:24.487Z] [4742/5133] RVTR781226 — U2 — One (Editor queued — awaiting distill)
[2026-06-28T23:02:25.545Z]   → published · 1s · editor complete · director complete · creative complete · publisher approved
[2026-06-28T23:02:25.585Z] [4743/5133] RVTR781460 — Kenny Chesney — Come Over (Editor queued — awaiting distill)
[2026-06-28T23:02:26.605Z]   → published · 1s · editor complete · director complete · creative complete · publisher approved
[2026-06-28T23:02:26.644Z] [4744/5133] RVTR781713 — The Cars — Dangerous Type (Editor queued — awaiting distill)
[2026-06-28T23:02:27.664Z]   → published · 1s · editor complete · director complete · creative complete · publisher approved
[2026-06-28T23:02:27.704Z] [4745/5133] RVTR781945 — Lukas Graham — 7 Years (Editor queued — awaiting distill)
[2026-06-28T23:02:28.725Z]   → published · 1s · editor complete · director complete · creative complete · publisher approved
[2026-06-28T23:02:28.765Z] [4746/5133] RVTR782868 — Mariah Carey — Obsessed (Editor queued — awaiting distill)
[2026-06-28T23:02:29.827Z]   → published · 1s · editor complete · director complete · creative complete · publisher approved
[2026-06-28T23:02:29.866Z] [4747/5133] RVTR783289 — Van Halen — When It's Love (Editor queued — awaiting distill)
[2026-06-28T23:02:30.889Z]   → published · 1s · editor complete · director complete · creative complete · publisher approved
[2026-06-28T23:02:30.929Z] [4748/5133] RVTR783475 — The Beatles — Let It Be (Editor queued — awaiting distill)
[2026-06-28T23:02:31.949Z]   → published · 1s · editor complete · director complete · creative complete · publisher approved
[2026-06-28T23:02:31.988Z] [4749/5133] RVTR785459 — Whitesnake — Slow An' Easy (Editor queued — awaiting distill)
[2026-06-28T23:02:33.015Z]   → published · 1s · editor complete · director complete · creative complete · publisher approved
[2026-06-28T23:02:33.056Z] [4750/5133] RVTR785515 — Clay Walker — Easy Goin' (Editor queued — awaiting distill)
[2026-06-28T23:02:34.087Z]   → published · 1s · editor complete · director complete · creative complete · publisher approved
[2026-06-28T23:02:34.193Z] --- Progress after 4750 processed ---
[2026-06-28T23:02:34.193Z] Collector complete: 5217
Editor complete: 2716
Director complete: 2713
Creative Review complete: 1725
Published: 84
Failed (this run): 6
Remaining (collector done, not published): 5133
[2026-06-28T23:02:34.193Z] [4751/5133] RVTR785533 — The Killers — Somebody Told Me (Editor queued — awaiting distill)
[2026-06-28T23:02:35.237Z]   → published · 1s · editor complete · director complete · creative complete · publisher approved
[2026-06-28T23:02:35.277Z] [4752/5133] RVTR785746 — Goo Goo Dolls — Name (Editor queued — awaiting distill)
[2026-06-28T23:02:36.303Z]   → published · 1s · editor complete · director complete · creative complete · publisher approved
[2026-06-28T23:02:36.343Z] [4753/5133] RVTR785818 — Live — Selling The Drama (Editor queued — awaiting distill)
[2026-06-28T23:02:37.364Z]   → published · 1s · editor complete · director complete · creative complete · publisher approved
[2026-06-28T23:02:37.405Z] [4754/5133] RVTR786906 — First Choice — Love Thang (Editor queued — awaiting distill)
[2026-06-28T23:02:38.431Z]   → published · 1s · editor complete · director complete · creative complete · publisher approved
[2026-06-28T23:02:38.472Z] [4755/5133] RVTR787669 — Staind — It's Been Awhile (Editor queued — awaiting distill)
[2026-06-28T23:02:39.507Z]   → published · 1s · editor complete · director complete · creative complete · publisher approved
[2026-06-28T23:02:39.550Z] [4756/5133] RVTR788314 — Cam Cole — Mama (Editor queued — awaiting distill)
[2026-06-28T23:02:40.588Z]   → published · 1s · editor complete · director complete · creative complete · publisher approved
[2026-06-28T23:02:40.630Z] [4757/5133] RVTR788498 — Jon Secada — Stop (Editor queued — awaiting distill)
[2026-06-28T23:02:41.681Z]   → published · 1s · editor complete · director complete · creative complete · publisher approved
[2026-06-28T23:02:41.721Z] [4758/5133] RVTR788886 — Bon Jovi — Bad Medicine (Editor queued — awaiting distill)
[2026-06-28T23:02:42.745Z]   → published · 1s · editor complete · director complete · creative complete · publisher approved
[2026-06-28T23:02:42.785Z] [4759/5133] RVTR789609 — Justin Bieber — Mistletoe (Editor queued — awaiting distill)
[2026-06-28T23:02:43.818Z]   → published · 1s · editor complete · director complete · creative complete · publisher approved
[2026-06-28T23:02:43.858Z] [4760/5133] RVTR790250 — Tyga — Rack City (Editor queued — awaiting distill)
[2026-06-28T23:02:44.901Z]   → published · 1s · editor complete · director complete · creative complete · publisher approved
[2026-06-28T23:02:44.941Z] [4761/5133] RVTR792144 — Imagine Dragons — Demons (Editor queued — awaiting distill)
[2026-06-28T23:02:45.982Z]   → published · 1s · editor complete · director complete · creative complete · publisher approved
[2026-06-28T23:02:46.022Z] [4762/5133] RVTR792432 — 69 Boyz — Tootsie Roll (Editor queued — awaiting distill)
[2026-06-28T23:02:47.085Z]   → published · 1s · editor complete · director complete · creative complete · publisher approved
[2026-06-28T23:02:47.125Z] [4763/5133] RVTR792792 — Maren Morris — My Church (Editor queued — awaiting distill)
[2026-06-28T23:02:48.161Z]   → published · 1s · editor complete · director complete · creative complete · publisher approved
[2026-06-28T23:02:48.201Z] [4764/5133] RVTR793139 — James Taylor — Copperline (Editor queued — awaiting distill)
[2026-06-28T23:02:49.236Z]   → published · 1s · editor complete · director complete · creative complete · publisher approved
[2026-06-28T23:02:49.276Z] [4765/5133] RVTR793344 — Samantha Fox — Touch Me I Want Your Body (Editor queued — awaiting distill)
[2026-06-28T23:02:50.327Z]   → published · 1s · editor complete · director complete · creative complete · publisher approved
[2026-06-28T23:02:50.368Z] [4766/5133] RVTR793406 — Axel Thesleff — Bad Karma (Editor queued — awaiting distill)
[2026-06-28T23:02:51.431Z]   → published · 1s · editor complete · director complete · creative complete · publisher approved
[2026-06-28T23:02:51.472Z] [4767/5133] RVTR794678 — Primal Scream — Jailbird (Editor queued — awaiting distill)
[2026-06-28T23:02:52.558Z]   → published · 1s · editor complete · director complete · creative complete · publisher approved
[2026-06-28T23:02:52.598Z] [4768/5133] RVTR795282 — Becky G — Shower (Editor queued — awaiting distill)
[2026-06-28T23:02:53.664Z]   → published · 1s · editor complete · director complete · creative complete · publisher approved
[2026-06-28T23:02:53.706Z] [4769/5133] RVTR795727 — Lady A — Champagne Night (Editor queued — awaiting distill)
[2026-06-28T23:02:54.766Z]   → published · 1s · editor complete · director complete · creative complete · publisher approved
[2026-06-28T23:02:54.808Z] [4770/5133] RVTR795871 — Drake — The Motto (Editor queued — awaiting distill)
[2026-06-28T23:02:55.852Z]   → published · 1s · editor complete · director complete · creative complete · publisher approved
[2026-06-28T23:02:55.894Z] [4771/5133] RVTR796580 — Kenny Chesney — Wild Child (Editor queued — awaiting distill)
[2026-06-28T23:02:56.945Z]   → published · 1s · editor complete · director complete · creative complete · publisher approved
[2026-06-28T23:02:56.988Z] [4772/5133] RVTR797006 — N-trance — Stayin' Alive (Editor queued — awaiting distill)
[2026-06-28T23:02:58.072Z]   → published · 1s · editor complete · director complete · creative complete · publisher approved
[2026-06-28T23:02:58.111Z] [4773/5133] RVTR797604 — Troyboi — Do You (Editor queued — awaiting distill)
[2026-06-28T23:02:59.159Z]   → published · 1s · editor complete · director complete · creative complete · publisher approved
[2026-06-28T23:02:59.199Z] [4774/5133] RVTR797873 — New Found Glory — Kiss Me (Editor queued — awaiting distill)
[2026-06-28T23:03:00.235Z]   → published · 1s · editor complete · director complete · creative complete · publisher approved
[2026-06-28T23:03:00.275Z] [4775/5133] RVTR798195 — John Lee Hooker — Boom Boom (Editor queued — awaiting distill)
[2026-06-28T23:03:01.314Z]   → published · 1s · editor complete · director complete · creative complete · publisher approved
[2026-06-28T23:03:01.355Z] [4776/5133] RVTR799772 — Katy Perry — Hot N Cold (Editor queued — awaiting distill)
[2026-06-28T23:03:02.405Z]   → published · 1s · editor complete · director complete · creative complete · publisher approved
[2026-06-28T23:03:02.445Z] [4777/5133] RVTR799778 — Major Lazer — Bubble Butt (Editor queued — awaiting distill)
[2026-06-28T23:03:03.522Z]   → published · 1s · editor complete · director complete · creative complete · publisher approved
[2026-06-28T23:03:03.563Z] [4778/5133] RVTR799972 — Paul Cauthen — Hometeam (Editor queued — awaiting distill)
[2026-06-28T23:03:04.597Z]   → published · 1s · editor complete · director complete · creative complete · publisher approved
[2026-06-28T23:03:04.638Z] [4779/5133] RVTR801995 — Dua Lipa — Don't Start Now (Editor queued — awaiting distill)
[2026-06-28T23:03:05.695Z]   → published · 1s · editor complete · director complete · creative complete · publisher approved
[2026-06-28T23:03:05.735Z] [4780/5133] RVTR802185 — Cliff Richard — Dreamin' (Editor queued — awaiting distill)
[2026-06-28T23:03:06.784Z]   → published · 1s · editor complete · director complete · creative complete · publisher approved
[2026-06-28T23:03:06.825Z] [4781/5133] RVTR802195 — Korn — Freak On A Leash Unplugged (Editor queued — awaiting distill)
[2026-06-28T23:03:07.888Z]   → published · 1s · editor complete · director complete · creative complete · publisher approved
[2026-06-28T23:03:07.932Z] [4782/5133] RVTR802406 — Mxms — Gravedigger (Editor queued — awaiting distill)
[2026-06-28T23:03:09.059Z]   → published · 1s · editor complete · director complete · creative complete · publisher approved
[2026-06-28T23:03:09.098Z] [4783/5133] RVTR805019 — Junior Jack — E Samba (Editor queued — awaiting distill)
[2026-06-28T23:03:10.194Z]   → published · 1s · editor complete · director complete · creative complete · publisher approved
[2026-06-28T23:03:10.234Z] [4784/5133] RVTR807665 — Jamie Foxx — Blame It (Editor queued — awaiting distill)
[2026-06-28T23:03:11.277Z]   → published · 1s · editor complete · director complete · creative complete · publisher approved
[2026-06-28T23:03:11.318Z] [4785/5133] RVTR809069 — Liam Payne — Sunshine (Editor queued — awaiting distill)
[2026-06-28T23:03:12.360Z]   → published · 1s · editor complete · director complete · creative complete · publisher approved
[2026-06-28T23:03:12.401Z] [4786/5133] RVTR809091 — Lmfao — Shooting Star (Editor queued — awaiting distill)
[2026-06-28T23:03:13.449Z]   → published · 1s · editor complete · director complete · creative complete · publisher approved
[2026-06-28T23:03:13.490Z] [4787/5133] RVTR809671 — DJ Khaled — Hold You Down (Editor queued — awaiting distill)
[2026-06-28T23:03:14.569Z]   → published · 1s · editor complete · director complete · creative complete · publisher approved
[2026-06-28T23:03:14.610Z] [4788/5133] RVTR810035 — Ne-yo — Miss Independent (Editor queued — awaiting distill)
[2026-06-28T23:03:15.658Z]   → published · 1s · editor complete · director complete · creative complete · publisher approved
[2026-06-28T23:03:15.698Z] [4789/5133] RVTR810357 — Katy Perry — Firework (Editor queued — awaiting distill)
[2026-06-28T23:03:16.752Z]   → published · 1s · editor complete · director complete · creative complete · publisher approved
[2026-06-28T23:03:16.793Z] [4790/5133] RVTR812624 — Commodores — Sail On (Editor queued — awaiting distill)
[2026-06-28T23:03:17.850Z]   → published · 1s · editor complete · director complete · creative complete · publisher approved
[2026-06-28T23:03:17.893Z] [4791/5133] RVTR813261 — Exposé — Seasons Change (Editor queued — awaiting distill)
[2026-06-28T23:03:18.965Z]   → published · 1s · editor complete · director complete · creative complete · publisher approved
[2026-06-28T23:03:19.006Z] [4792/5133] RVTR813853 — Hard Fi — Hard To Beat (Editor queued — awaiting distill)
[2026-06-28T23:03:20.068Z]   → published · 1s · editor complete · director complete · creative complete · publisher approved
[2026-06-28T23:03:20.108Z] [4793/5133] RVTR814540 — Taking Back Sunday — Liar (Editor queued — awaiting distill)
[2026-06-28T23:03:21.159Z]   → published · 1s · editor complete · director complete · creative complete · publisher approved
[2026-06-28T23:03:21.199Z] [4794/5133] RVTR815455 — Lil Yachty — 1 Night (Editor queued — awaiting distill)
[2026-06-28T23:03:22.245Z]   → published · 1s · editor complete · director complete · creative complete · publisher approved
[2026-06-28T23:03:22.285Z] [4795/5133] RVTR815512 — Spinal Tap — Glastonbury (Editor queued — awaiting distill)
[2026-06-28T23:03:23.331Z]   → published · 1s · editor complete · director complete · creative complete · publisher approved
[2026-06-28T23:03:23.373Z] [4796/5133] RVTR815612 — The Who — My Generation (Editor queued — awaiting distill)
[2026-06-28T23:03:24.427Z]   → published · 1s · editor complete · director complete · creative complete · publisher approved
[2026-06-28T23:03:24.467Z] [4797/5133] RVTR816369 — Bakar — Hell N Back (Editor queued — awaiting distill)
[2026-06-28T23:03:25.540Z]   → published · 1s · editor complete · director complete · creative complete · publisher approved
[2026-06-28T23:03:25.584Z] [4798/5133] RVTR816495 — Moby — South Side (Editor queued — awaiting distill)
[2026-06-28T23:03:26.669Z]   → published · 1s · editor complete · director complete · creative complete · publisher approved
[2026-06-28T23:03:26.710Z] [4799/5133] RVTR816707 — Kongos — Take It From Me (Editor queued — awaiting distill)
[2026-06-28T23:03:27.816Z]   → published · 1s · editor complete · director complete · creative complete · publisher approved
[2026-06-28T23:03:27.855Z] [4800/5133] RVTR816924 — The Cure — Lullaby (Editor queued — awaiting distill)
[2026-06-28T23:03:28.910Z]   → published · 1s · editor complete · director complete · creative complete · publisher approved
[2026-06-28T23:03:29.016Z] --- Progress after 4800 processed ---
[2026-06-28T23:03:29.016Z] Collector complete: 5217
Editor complete: 2766
Director complete: 2763
Creative Review complete: 1775
Published: 84
Failed (this run): 6
Remaining (collector done, not published): 5133
[2026-06-28T23:03:29.016Z] [4801/5133] RVTR817112 — Thomas Dolby — She Blinded Me With Science (Editor queued — awaiting distill)
[2026-06-28T23:03:30.079Z]   → published · 1s · editor complete · director complete · creative complete · publisher approved
[2026-06-28T23:03:30.120Z] [4802/5133] RVTR817150 — Audioslave — Revelations (Editor queued — awaiting distill)
[2026-06-28T23:03:31.172Z]   → published · 1s · editor complete · director complete · creative complete · publisher approved
[2026-06-28T23:03:31.214Z] [4803/5133] RVTR817284 — Post Malone — Motley Crew (Editor queued — awaiting distill)
[2026-06-28T23:03:32.302Z]   → published · 1s · editor complete · director complete · creative complete · publisher approved
[2026-06-28T23:03:32.342Z] [4804/5133] RVTR817292 — Powerman 5000 — Relax (Editor queued — awaiting distill)
[2026-06-28T23:03:33.399Z]   → published · 1s · editor complete · director complete · creative complete · publisher approved
[2026-06-28T23:03:33.441Z] [4805/5133] RVTR818347 — Noel — Silent Morning (Editor queued — awaiting distill)
[2026-06-28T23:03:34.504Z]   → published · 1s · editor complete · director complete · creative complete · publisher approved
[2026-06-28T23:03:34.544Z] [4806/5133] RVTR818506 — Nico — Am I Wrong (Editor queued — awaiting distill)
[2026-06-28T23:03:35.601Z]   → published · 1s · editor complete · director complete · creative complete · publisher approved
[2026-06-28T23:03:35.641Z] [4807/5133] RVTR818661 — Pure Sugar — Delicious (Editor queued — awaiting distill)
[2026-06-28T23:03:36.710Z]   → published · 1s · editor complete · director complete · creative complete · publisher approved
[2026-06-28T23:03:36.779Z] [4808/5133] RVTR819954 — Will.i.am — Scream Shout (Editor queued — awaiting distill)
[2026-06-28T23:03:37.830Z]   → published · 1s · editor complete · director complete · creative complete · publisher approved
[2026-06-28T23:03:37.870Z] [4809/5133] RVTR819998 — Sick Puppies — Maybe (Editor queued — awaiting distill)
[2026-06-28T23:03:38.928Z]   → published · 1s · editor complete · director complete · creative complete · publisher approved
[2026-06-28T23:03:38.968Z] [4810/5133] RVTR820635 — Madonna — Don't Tell Me (Editor queued — awaiting distill)
[2026-06-28T23:03:40.022Z]   → published · 1s · editor complete · director complete · creative complete · publisher approved
[2026-06-28T23:03:40.063Z] [4811/5133] RVTR821110 — Ed Sheeran — Galway Girl (Editor queued — awaiting distill)
[2026-06-28T23:03:41.123Z]   → published · 1s · editor complete · director complete · creative complete · publisher approved
[2026-06-28T23:03:41.164Z] [4812/5133] RVTR821476 — John Denver — Fly Away (Editor queued — awaiting distill)
[2026-06-28T23:03:42.236Z]   → published · 1s · editor complete · director complete · creative complete · publisher approved
[2026-06-28T23:03:42.277Z] [4813/5133] RVTR823247 — Joe Tex — I Gotcha (Editor queued — awaiting distill)
[2026-06-28T23:03:43.355Z]   → published · 1s · editor complete · director complete · creative complete · publisher approved
[2026-06-28T23:03:43.398Z] [4814/5133] RVTR824265 — Evanescence — Good Enough (Editor queued — awaiting distill)
[2026-06-28T23:03:44.485Z]   → published · 1s · editor complete · director complete · creative complete · publisher approved
[2026-06-28T23:03:44.526Z] [4815/5133] RVTR824295 — The Beatles — Hey Bulldog (Editor queued — awaiting distill)
[2026-06-28T23:03:45.626Z]   → published · 1s · editor complete · director complete · creative complete · publisher approved
[2026-06-28T23:03:45.669Z] [4816/5133] RVTR825171 — Passenger — Let Her Go (Editor queued — awaiting distill)
[2026-06-28T23:03:46.857Z]   → published · 1s · editor complete · director complete · creative complete · publisher approved
[2026-06-28T23:03:46.898Z] [4817/5133] RVTR825850 — Danger Danger — Bang Bang (Editor queued — awaiting distill)
[2026-06-28T23:03:48.119Z]   → published · 1s · editor complete · director complete · creative complete · publisher approved
[2026-06-28T23:03:48.159Z] [4818/5133] RVTR826467 — Kenny Chesney — Get Along (Editor queued — awaiting distill)
[2026-06-28T23:03:49.232Z]   → published · 1s · editor complete · director complete · creative complete · publisher approved
[2026-06-28T23:03:49.273Z] [4819/5133] RVTR826599 — Omd — Enola Gay (Editor queued — awaiting distill)
[2026-06-28T23:03:50.347Z]   → published · 1s · editor complete · director complete · creative complete · publisher approved
[2026-06-28T23:03:50.386Z] [4820/5133] RVTR827028 — N.o.r.e — Oye Mi Canto (Editor queued — awaiting distill)
[2026-06-28T23:03:51.483Z]   → published · 1s · editor complete · director complete · creative complete · publisher approved
[2026-06-28T23:03:51.524Z] [4821/5133] RVTR827368 — Greg Kihn Band — Happy Man (Editor queued — awaiting distill)
[2026-06-28T23:03:52.634Z]   → published · 1s · editor complete · director complete · creative complete · publisher approved
[2026-06-28T23:03:52.676Z] [4822/5133] RVTR827627 — Goo Goo Dolls — Come To Me (Editor queued — awaiting distill)
[2026-06-28T23:03:53.804Z]   → published · 1s · editor complete · director complete · creative complete · publisher approved
[2026-06-28T23:03:53.850Z] [4823/5133] RVTR827848 — Lionel Ritchie — You Are (Editor queued — awaiting distill)
[2026-06-28T23:03:54.957Z]   → published · 1s · editor complete · director complete · creative complete · publisher approved
[2026-06-28T23:03:54.998Z] [4824/5133] RVTR828209 — Ok Go — Do What You Want (Editor queued — awaiting distill)
[2026-06-28T23:03:56.142Z]   → published · 1s · editor complete · director complete · creative complete · publisher approved
[2026-06-28T23:03:56.183Z] [4825/5133] RVTR829980 — Papa Roach — To Be Loved (Editor queued — awaiting distill)
[2026-06-28T23:03:57.258Z]   → published · 1s · editor complete · director complete · creative complete · publisher approved
[2026-06-28T23:03:57.300Z] [4826/5133] RVTR830659 — Robbie Nevil — C'Est La Vie (Editor queued — awaiting distill)
[2026-06-28T23:03:58.372Z]   → published · 1s · editor complete · director complete · creative complete · publisher approved
[2026-06-28T23:03:58.413Z] [4827/5133] RVTR831663 — Maybe This Time — Cabaret (Editor queued — awaiting distill)
[2026-06-28T23:03:59.511Z]   → published · 1s · editor complete · director complete · creative complete · publisher approved
[2026-06-28T23:03:59.551Z] [4828/5133] RVTR831795 — Jackyl — The Lumberjack (Editor queued — awaiting distill)
[2026-06-28T23:04:00.636Z]   → published · 1s · editor complete · director complete · creative complete · publisher approved
[2026-06-28T23:04:00.677Z] [4829/5133] RVTR832150 — Nicki Minaj — Your Love (Editor queued — awaiting distill)
[2026-06-28T23:04:01.755Z]   → published · 1s · editor complete · director complete · creative complete · publisher approved
[2026-06-28T23:04:01.796Z] [4830/5133] RVTR833149 — Bo Diddley — On Stage (Editor queued — awaiting distill)
[2026-06-28T23:04:02.962Z]   → published · 1s · editor complete · director complete · creative complete · publisher approved
[2026-06-28T23:04:03.006Z] [4831/5133] RVTR833336 — Rob Zombie — Feel So Numb (Editor queued — awaiting distill)
[2026-06-28T23:04:04.114Z]   → published · 1s · editor complete · director complete · creative complete · publisher approved
[2026-06-28T23:04:04.155Z] [4832/5133] RVTR834680 — Free Energy — Bang Pop (Editor queued — awaiting distill)
[2026-06-28T23:04:05.271Z]   → published · 1s · editor complete · director complete · creative complete · publisher approved
[2026-06-28T23:04:05.311Z] [4833/5133] RVTR835056 — Cupid — Cu Step (Editor queued — awaiting distill)
[2026-06-28T23:04:06.386Z]   → published · 1s · editor complete · director complete · creative complete · publisher approved
[2026-06-28T23:04:06.427Z] [4834/5133] RVTR835187 — Rihanna — Man Down (Editor queued — awaiting distill)
[2026-06-28T23:04:07.511Z]   → published · 1s · editor complete · director complete · creative complete · publisher approved
[2026-06-28T23:04:07.552Z] [4835/5133] RVTR836371 — The Who — See Me Feel Me (Editor queued — awaiting distill)
[2026-06-28T23:04:08.630Z]   → published · 1s · editor complete · director complete · creative complete · publisher approved
[2026-06-28T23:04:08.671Z] [4836/5133] RVTR836400 — Big Sean — Bounce Back (Editor queued — awaiting distill)
[2026-06-28T23:04:09.760Z]   → published · 1s · editor complete · director complete · creative complete · publisher approved
[2026-06-28T23:04:09.800Z] [4837/5133] RVTR836497 — Jimi Hendrix — If 6 Was 9 (Editor queued — awaiting distill)
[2026-06-28T23:04:10.966Z]   → published · 1s · editor complete · director complete · creative complete · publisher approved
[2026-06-28T23:04:11.009Z] [4838/5133] RVTR838692 — Yazoo — Situation (Editor queued — awaiting distill)
[2026-06-28T23:04:12.119Z]   → published · 1s · editor complete · director complete · creative complete · publisher approved
[2026-06-28T23:04:12.163Z] [4839/5133] RVTR839318 — Morgan Wallen — You Proof (Editor queued — awaiting distill)
[2026-06-28T23:04:13.271Z]   → published · 1s · editor complete · director complete · creative complete · publisher approved
[2026-06-28T23:04:13.311Z] [4840/5133] RVTR839483 — Pitbull — Back In Time (Editor queued — awaiting distill)
[2026-06-28T23:04:14.442Z]   → published · 1s · editor complete · director complete · creative complete · publisher approved
[2026-06-28T23:04:14.482Z] [4841/5133] RVTR839896 — Pink — I Don't Believe You (Editor queued — awaiting distill)
[2026-06-28T23:04:15.609Z]   → published · 1s · editor complete · director complete · creative complete · publisher approved
[2026-06-28T23:04:15.651Z] [4842/5133] RVTR840915 — Beyoncé — Love On Top (Editor queued — awaiting distill)
[2026-06-28T23:04:16.710Z]   → published · 1s · editor complete · director complete · creative complete · publisher approved
[2026-06-28T23:04:16.752Z] [4843/5133] RVTR842045 — Michelle Branch — Breathe (Editor queued — awaiting distill)
[2026-06-28T23:04:17.821Z]   → published · 1s · editor complete · director complete · creative complete · publisher approved
[2026-06-28T23:04:17.862Z] [4844/5133] RVTR842909 — Houzecrushers — Touch Me (Editor queued — awaiting distill)
[2026-06-28T23:04:18.946Z]   → published · 1s · editor complete · director complete · creative complete · publisher approved
[2026-06-28T23:04:18.989Z] [4845/5133] RVTR843147 — Madison Beer — Reckless (Editor queued — awaiting distill)
[2026-06-28T23:04:20.079Z]   → published · 1s · editor complete · director complete · creative complete · publisher approved
[2026-06-28T23:04:20.120Z] [4846/5133] RVTR844053 — Akon — Bananza (Editor queued — awaiting distill)
[2026-06-28T23:04:21.211Z]   → published · 1s · editor complete · director complete · creative complete · publisher approved
[2026-06-28T23:04:21.254Z] [4847/5133] RVTR844188 — Cat Stevens — The Hurt (Editor queued — awaiting distill)
[2026-06-28T23:04:22.342Z]   → published · 1s · editor complete · director complete · creative complete · publisher approved
[2026-06-28T23:04:22.383Z] [4848/5133] RVTR844600 — Mary J. Blige — Stay Down (Editor queued — awaiting distill)
[2026-06-28T23:04:23.474Z]   → published · 1s · editor complete · director complete · creative complete · publisher approved
[2026-06-28T23:04:23.516Z] [4849/5133] RVTR845024 — Josh Turner — Time Is Love (Editor queued — awaiting distill)
[2026-06-28T23:04:24.601Z]   → published · 1s · editor complete · director complete · creative complete · publisher approved
[2026-06-28T23:04:24.642Z] [4850/5133] RVTR845493 — Berlin — Sex I'm A (Editor queued — awaiting distill)
[2026-06-28T23:04:25.764Z]   → published · 1s · editor complete · director complete · creative complete · publisher approved
[2026-06-28T23:04:26.304Z] --- Progress after 4850 processed ---
[2026-06-28T23:04:26.305Z] Collector complete: 5217
Editor complete: 2816
Director complete: 2813
Creative Review complete: 1825
Published: 84
Failed (this run): 6
Remaining (collector done, not published): 5133
[2026-06-28T23:04:26.305Z] [4851/5133] RVTR845754 — Ub40 — Kingston Town (Editor queued — awaiting distill)
[2026-06-28T23:04:27.376Z]   → published · 1s · editor complete · director complete · creative complete · publisher approved
[2026-06-28T23:04:27.417Z] [4852/5133] RVTR845978 — Pitbull — Greenlight (Editor queued — awaiting distill)
[2026-06-28T23:04:28.494Z]   → published · 1s · editor complete · director complete · creative complete · publisher approved
[2026-06-28T23:04:28.535Z] [4853/5133] RVTR846275 — Fall Out Boy — My Songs Know What You Did In The Dark Light Em Up (Editor queued — awaiting distill)
[2026-06-28T23:04:29.637Z]   → published · 1s · editor complete · director complete · creative complete · publisher approved
[2026-06-28T23:04:29.681Z] [4854/5133] RVTR846987 — Madonna — Sorry (Editor queued — awaiting distill)
[2026-06-28T23:04:30.755Z]   → published · 1s · editor complete · director complete · creative complete · publisher approved
[2026-06-28T23:04:30.795Z] [4855/5133] RVTR847111 — Unk — 2 Step (Editor queued — awaiting distill)
[2026-06-28T23:04:31.880Z]   → published · 1s · editor complete · director complete · creative complete · publisher approved
[2026-06-28T23:04:31.920Z] [4856/5133] RVTR848359 — Dan + Shay — 10 000 Hours (Editor queued — awaiting distill)
[2026-06-28T23:04:33.013Z]   → published · 1s · editor complete · director complete · creative complete · publisher approved
[2026-06-28T23:04:33.054Z] [4857/5133] RVTR848500 — Lady Gaga — Born This Way (Editor queued — awaiting distill)
[2026-06-28T23:04:34.148Z]   → published · 1s · editor complete · director complete · creative complete · publisher approved
[2026-06-28T23:04:34.188Z] [4858/5133] RVTR848876 — Chris Brown — Fine China (Editor queued — awaiting distill)
[2026-06-28T23:04:35.294Z]   → published · 1s · editor complete · director complete · creative complete · publisher approved
[2026-06-28T23:04:35.335Z] [4859/5133] RVTR849270 — Lana Del Rey — Cola (Editor queued — awaiting distill)
[2026-06-28T23:04:36.436Z]   → published · 1s · editor complete · director complete · creative complete · publisher approved
[2026-06-28T23:04:36.501Z] [4860/5133] RVTR850082 — Inxs — The One Thing (Editor queued — awaiting distill)
[2026-06-28T23:04:37.592Z]   → published · 1s · editor complete · director complete · creative complete · publisher approved
[2026-06-28T23:04:37.633Z] [4861/5133] RVTR850175 — Kip Moore — Beer Money (Editor queued — awaiting distill)
[2026-06-28T23:04:38.732Z]   → published · 1s · editor complete · director complete · creative complete · publisher approved
[2026-06-28T23:04:38.772Z] [4862/5133] RVTR850217 — Suzanne Vega — Luka (Editor queued — awaiting distill)
[2026-06-28T23:04:39.858Z]   → published · 1s · editor complete · director complete · creative complete · publisher approved
[2026-06-28T23:04:39.898Z] [4863/5133] RVTR850604 — Stefani, Gwen — Wind It Up (Editor queued — awaiting distill)
[2026-06-28T23:04:40.990Z]   → published · 1s · editor complete · director complete · creative complete · publisher approved
[2026-06-28T23:04:41.030Z] [4864/5133] RVTR851589 — Bonnie Raitt — Sugar Man (Editor queued — awaiting distill)
[2026-06-28T23:04:42.135Z]   → published · 1s · editor complete · director complete · creative complete · publisher approved
[2026-06-28T23:04:42.176Z] [4865/5133] RVTR851984 — Europe — Rock The Night (Editor queued — awaiting distill)
[2026-06-28T23:04:43.275Z]   → published · 1s · editor complete · director complete · creative complete · publisher approved
[2026-06-28T23:04:43.316Z] [4866/5133] RVTR852413 — U2 — Window In The Skies (Editor queued — awaiting distill)
[2026-06-28T23:04:44.411Z]   → published · 1s · editor complete · director complete · creative complete · publisher approved
[2026-06-28T23:04:44.451Z] [4867/5133] RVTR852875 — Kinky — Mexican Radio (Editor queued — awaiting distill)
[2026-06-28T23:04:45.556Z]   → published · 1s · editor complete · director complete · creative complete · publisher approved
[2026-06-28T23:04:45.598Z] [4868/5133] RVTR852945 — Billy Joel — Honesty (Editor queued — awaiting distill)
[2026-06-28T23:04:46.705Z]   → published · 1s · editor complete · director complete · creative complete · publisher approved
[2026-06-28T23:04:46.746Z] [4869/5133] RVTR853322 — Sugarland — Settlin' (Editor queued — awaiting distill)
[2026-06-28T23:04:47.868Z]   → published · 1s · editor complete · director complete · creative complete · publisher approved
[2026-06-28T23:04:47.909Z] [4870/5133] RVTR854134 — Jason Derulo — In My Head (Editor queued — awaiting distill)
[2026-06-28T23:04:49.007Z]   → published · 1s · editor complete · director complete · creative complete · publisher approved
[2026-06-28T23:04:49.048Z] [4871/5133] RVTR854293 — Soja — Everything Changes (Editor queued — awaiting distill)
[2026-06-28T23:04:50.161Z]   → published · 1s · editor complete · director complete · creative complete · publisher approved
[2026-06-28T23:04:50.201Z] [4872/5133] RVTR854425 — Le Click — Call Me (Editor queued — awaiting distill)
[2026-06-28T23:04:51.288Z]   → published · 1s · editor complete · director complete · creative complete · publisher approved
[2026-06-28T23:04:51.329Z] [4873/5133] RVTR855100 — Madonna — Open Your Heart (Editor queued — awaiting distill)
[2026-06-28T23:04:52.431Z]   → published · 1s · editor complete · director complete · creative complete · publisher approved
[2026-06-28T23:04:52.475Z] [4874/5133] RVTR855229 — Michael Gray — The Weekend (Editor queued — awaiting distill)
[2026-06-28T23:04:53.576Z]   → published · 1s · editor complete · director complete · creative complete · publisher approved
[2026-06-28T23:04:53.617Z] [4875/5133] RVTR855357 — Diamonds — The Stroll (Editor queued — awaiting distill)
[2026-06-28T23:04:54.718Z]   → published · 1s · editor complete · director complete · creative complete · publisher approved
[2026-06-28T23:04:54.759Z] [4876/5133] RVTR857958 — Eminem — Beautiful (Editor queued — awaiting distill)
[2026-06-28T23:04:55.867Z]   → published · 1s · editor complete · director complete · creative complete · publisher approved
[2026-06-28T23:04:55.909Z] [4877/5133] RVTR858026 — Lady Gaga — Lovegame (Editor queued — awaiting distill)
[2026-06-28T23:04:57.011Z]   → published · 1s · editor complete · director complete · creative complete · publisher approved
[2026-06-28T23:04:57.053Z] [4878/5133] RVTR858061 — Pharrell Williams — Happy (Editor queued — awaiting distill)
[2026-06-28T23:04:58.163Z]   → published · 1s · editor complete · director complete · creative complete · publisher approved
[2026-06-28T23:04:58.205Z] [4879/5133] RVTR859052 — Eiffel 65 — Blue Da Ba Dee (Editor queued — awaiting distill)
[2026-06-28T23:04:59.338Z]   → published · 1s · editor complete · director complete · creative complete · publisher approved
[2026-06-28T23:04:59.385Z] [4880/5133] RVTR859354 — Green Day — Good Ridance (Editor queued — awaiting distill)
[2026-06-28T23:05:00.535Z]   → published · 1s · editor complete · director complete · creative complete · publisher approved
[2026-06-28T23:05:00.577Z] [4881/5133] RVTR859374 — Silk — Freak Me (Editor queued — awaiting distill)
[2026-06-28T23:05:01.713Z]   → published · 1s · editor complete · director complete · creative complete · publisher approved
[2026-06-28T23:05:01.757Z] [4882/5133] RVTR860078 — Hozier — Take Me To Church (Editor queued — awaiting distill)
[2026-06-28T23:05:02.848Z]   → published · 1s · editor complete · director complete · creative complete · publisher approved
[2026-06-28T23:05:02.889Z] [4883/5133] RVTR860089 — Tim Mcgraw — Highway Don't Care (Editor queued — awaiting distill)
[2026-06-28T23:05:03.986Z]   → published · 1s · editor complete · director complete · creative complete · publisher approved
[2026-06-28T23:05:04.030Z] [4884/5133] RVTR860729 — Jayz And Kanye West — Otis (Editor queued — awaiting distill)
[2026-06-28T23:05:05.117Z]   → published · 1s · editor complete · director complete · creative complete · publisher approved
[2026-06-28T23:05:05.158Z] [4885/5133] RVTR860862 — Hardy — Red (Editor queued — awaiting distill)
[2026-06-28T23:05:06.259Z]   → published · 1s · editor complete · director complete · creative complete · publisher approved
[2026-06-28T23:05:06.304Z] [4886/5133] RVTR861801 — Madonna — Secret (Editor queued — awaiting distill)
[2026-06-28T23:05:07.414Z]   → published · 1s · editor complete · director complete · creative complete · publisher approved
[2026-06-28T23:05:07.455Z] [4887/5133] RVTR862376 — The Goodmen — Give It Up (Editor queued — awaiting distill)
[2026-06-28T23:05:08.551Z]   → published · 1s · editor complete · director complete · creative complete · publisher approved
[2026-06-28T23:05:08.595Z] [4888/5133] RVTR862467 — Rod Stewart — Hot Legs (Editor queued — awaiting distill)
[2026-06-28T23:05:09.691Z]   → published · 1s · editor complete · director complete · creative complete · publisher approved
[2026-06-28T23:05:09.732Z] [4889/5133] RVTR862909 — Madonna — Crazy For You (Editor queued — awaiting distill)
[2026-06-28T23:05:10.832Z]   → published · 1s · editor complete · director complete · creative complete · publisher approved
[2026-06-28T23:05:10.877Z] [4890/5133] RVTR863109 — Cole Swindell — Chillin' It (Editor queued — awaiting distill)
[2026-06-28T23:05:11.982Z]   → published · 1s · editor complete · director complete · creative complete · publisher approved
[2026-06-28T23:05:12.027Z] [4891/5133] RVTR863630 — 2 Unlimited — Tribal Dance (Editor queued — awaiting distill)
[2026-06-28T23:05:13.131Z]   → published · 1s · editor complete · director complete · creative complete · publisher approved
[2026-06-28T23:05:13.172Z] [4892/5133] RVTR864218 — Cece Peniston — Finally (Editor queued — awaiting distill)
[2026-06-28T23:05:14.279Z]   → published · 1s · editor complete · director complete · creative complete · publisher approved
[2026-06-28T23:05:14.325Z] [4893/5133] RVTR865075 — Skid Row — 18 And Life (Editor queued — awaiting distill)
[2026-06-28T23:05:15.427Z]   → published · 1s · editor complete · director complete · creative complete · publisher approved
[2026-06-28T23:05:15.467Z] [4894/5133] RVTR865602 — Bts — Dynamite (Editor queued — awaiting distill)
[2026-06-28T23:05:16.574Z]   → published · 1s · editor complete · director complete · creative complete · publisher approved
[2026-06-28T23:05:16.619Z] [4895/5133] RVTR865846 — Sam Smith — Stay With Me (Editor queued — awaiting distill)
[2026-06-28T23:05:17.734Z]   → published · 1s · editor complete · director complete · creative complete · publisher approved
[2026-06-28T23:05:17.778Z] [4896/5133] RVTR866851 — Yc F./future — Racks (Editor queued — awaiting distill)
[2026-06-28T23:05:18.897Z]   → published · 1s · editor complete · director complete · creative complete · publisher approved
[2026-06-28T23:05:18.938Z] [4897/5133] RVTR866966 — Sugarland — Just Might Make Me Believe (Editor queued — awaiting distill)
[2026-06-28T23:05:20.057Z]   → published · 1s · editor complete · director complete · creative complete · publisher approved
[2026-06-28T23:05:20.100Z] [4898/5133] RVTR867656 — Niko Moon — Good Time (Editor queued — awaiting distill)
[2026-06-28T23:05:21.231Z]   → published · 1s · editor complete · director complete · creative complete · publisher approved
[2026-06-28T23:05:21.275Z] [4899/5133] RVTR867892 — Olivia Rodrigo — Brutal (Editor queued — awaiting distill)
[2026-06-28T23:05:22.377Z]   → published · 1s · editor complete · director complete · creative complete · publisher approved
[2026-06-28T23:05:22.421Z] [4900/5133] RVTR868050 — Jack Johnson — Breakdown (Editor queued — awaiting distill)
[2026-06-28T23:05:23.532Z]   → published · 1s · editor complete · director complete · creative complete · publisher approved
[2026-06-28T23:05:23.634Z] --- Progress after 4900 processed ---
[2026-06-28T23:05:23.635Z] Collector complete: 5217
Editor complete: 2866
Director complete: 2863
Creative Review complete: 1875
Published: 84
Failed (this run): 6
Remaining (collector done, not published): 5133
[2026-06-28T23:05:23.635Z] [4901/5133] RVTR868963 — Mary J. Blige — Mr Wrong (Editor queued — awaiting distill)
[2026-06-28T23:05:24.755Z]   → published · 1s · editor complete · director complete · creative complete · publisher approved
[2026-06-28T23:05:24.801Z] [4902/5133] RVTR869838 — Maroon 5 — Lost (Editor queued — awaiting distill)
[2026-06-28T23:05:26.014Z]   → published · 1s · editor complete · director complete · creative complete · publisher approved
[2026-06-28T23:05:26.056Z] [4903/5133] RVTR869924 — Leann Rimes — Blue (Editor queued — awaiting distill)
[2026-06-28T23:05:27.211Z]   → published · 1s · editor complete · director complete · creative complete · publisher approved
[2026-06-28T23:05:27.253Z] [4904/5133] RVTR870340 — Doja Cat — Kiss Me More (Editor queued — awaiting distill)
[2026-06-28T23:05:28.394Z]   → published · 1s · editor complete · director complete · creative complete · publisher approved
[2026-06-28T23:05:28.436Z] [4905/5133] RVTR870639 — Jennifer Lopez — I'm Real (Editor queued — awaiting distill)
[2026-06-28T23:05:29.598Z]   → published · 1s · editor complete · director complete · creative complete · publisher approved
[2026-06-28T23:05:29.639Z] [4906/5133] RVTR871692 — Lee Brice — Drinking Class (Editor queued — awaiting distill)
[2026-06-28T23:05:30.817Z]   → published · 1s · editor complete · director complete · creative complete · publisher approved
[2026-06-28T23:05:30.858Z] [4907/5133] RVTR871782 — Beyonce — Deja Vu (Editor queued — awaiting distill)
[2026-06-28T23:05:31.978Z]   → published · 1s · editor complete · director complete · creative complete · publisher approved
[2026-06-28T23:05:32.024Z] [4908/5133] RVTR872657 — Rascal Flatts — My Wish (Editor queued — awaiting distill)
[2026-06-28T23:05:33.148Z]   → published · 1s · editor complete · director complete · creative complete · publisher approved
[2026-06-28T23:05:33.189Z] [4909/5133] RVTR874065 — Phoebe Snow — Poetry Man (Editor queued — awaiting distill)
[2026-06-28T23:05:34.331Z]   → published · 1s · editor complete · director complete · creative complete · publisher approved
[2026-06-28T23:05:34.372Z] [4910/5133] RVTR874327 — Mötley Crüe — Don T Go Away Mad (Editor queued — awaiting distill)
[2026-06-28T23:05:35.515Z]   → published · 1s · editor complete · director complete · creative complete · publisher approved
[2026-06-28T23:05:35.555Z] [4911/5133] RVTR874373 — Mary J Blige With U2 — One (Editor queued — awaiting distill)
[2026-06-28T23:05:36.700Z]   → published · 1s · editor complete · director complete · creative complete · publisher approved
[2026-06-28T23:05:36.742Z] [4912/5133] RVTR875185 — Sean Kingston — Me Love (Editor queued — awaiting distill)
[2026-06-28T23:05:37.901Z]   → published · 1s · editor complete · director complete · creative complete · publisher approved
[2026-06-28T23:05:37.944Z] [4913/5133] RVTR875287 — Sofi Tucker — Best Friend (Editor queued — awaiting distill)
[2026-06-28T23:05:39.076Z]   → published · 1s · editor complete · director complete · creative complete · publisher approved
[2026-06-28T23:05:39.116Z] [4914/5133] RVTR875708 — Mac Miller — Knock Knock (Editor queued — awaiting distill)
[2026-06-28T23:05:40.248Z]   → published · 1s · editor complete · director complete · creative complete · publisher approved
[2026-06-28T23:05:40.292Z] [4915/5133] RVTR875948 — Britny Fox — Girlschool (Editor queued — awaiting distill)
[2026-06-28T23:05:41.422Z]   → published · 1s · editor complete · director complete · creative complete · publisher approved
[2026-06-28T23:05:41.463Z] [4916/5133] RVTR876269 — Ofenbach — Be Mine (Editor queued — awaiting distill)
[2026-06-28T23:05:42.586Z]   → published · 1s · editor complete · director complete · creative complete · publisher approved
[2026-06-28T23:05:42.627Z] [4917/5133] RVTR876641 — Eve — Satisfaction (Editor queued — awaiting distill)
[2026-06-28T23:05:43.774Z]   → published · 1s · editor complete · director complete · creative complete · publisher approved
[2026-06-28T23:05:43.817Z] [4918/5133] RVTR876729 — Christina Milian — Am To Pm (Editor queued — awaiting distill)
[2026-06-28T23:05:44.948Z]   → published · 1s · editor complete · director complete · creative complete · publisher approved
[2026-06-28T23:05:44.990Z] [4919/5133] RVTR876800 — Tlc — Unpretty (Editor queued — awaiting distill)
[2026-06-28T23:05:46.123Z]   → published · 1s · editor complete · director complete · creative complete · publisher approved
[2026-06-28T23:05:46.165Z] [4920/5133] RVTR877165 — Sean Paul — So Fine (Editor queued — awaiting distill)
[2026-06-28T23:05:47.306Z]   → published · 1s · editor complete · director complete · creative complete · publisher approved
[2026-06-28T23:05:47.350Z] [4921/5133] RVTR877295 — Ray J — Sexy Can I (Editor queued — awaiting distill)
[2026-06-28T23:05:48.474Z]   → published · 1s · editor complete · director complete · creative complete · publisher approved
[2026-06-28T23:05:48.515Z] [4922/5133] RVTR877378 — Wiz Khalifa — You And Your Friends (Editor queued — awaiting distill)
[2026-06-28T23:05:49.643Z]   → published · 1s · editor complete · director complete · creative complete · publisher approved
[2026-06-28T23:05:49.684Z] [4923/5133] RVTR877473 — Kenny Rogers — Ruby Don't Take Your Love To Town (Editor queued — awaiting distill)
[2026-06-28T23:05:50.811Z]   → published · 1s · editor complete · director complete · creative complete · publisher approved
[2026-06-28T23:05:50.852Z] [4924/5133] RVTR877489 — Justin Bieber — Sorry (Editor queued — awaiting distill)
[2026-06-28T23:05:51.997Z]   → published · 1s · editor complete · director complete · creative complete · publisher approved
[2026-06-28T23:05:52.038Z] [4925/5133] RVTR878953 — Lily Allen — Ldn (Editor queued — awaiting distill)
[2026-06-28T23:05:53.165Z]   → published · 1s · editor complete · director complete · creative complete · publisher approved
[2026-06-28T23:05:53.209Z] [4926/5133] RVTR879014 — John Legend — All Of Me (Editor queued — awaiting distill)
[2026-06-28T23:05:54.345Z]   → published · 1s · editor complete · director complete · creative complete · publisher approved
[2026-06-28T23:05:54.386Z] [4927/5133] RVTR879500 — Suggs — Cecilia (Editor queued — awaiting distill)
[2026-06-28T23:05:55.526Z]   → published · 1s · editor complete · director complete · creative complete · publisher approved
[2026-06-28T23:05:55.568Z] [4928/5133] RVTR879533 — Lil Tecca — Ransom (Editor queued — awaiting distill)
[2026-06-28T23:05:56.704Z]   → published · 1s · editor complete · director complete · creative complete · publisher approved
[2026-06-28T23:05:56.746Z] [4929/5133] RVTR880016 — The Band Perry — Done (Editor queued — awaiting distill)
[2026-06-28T23:05:57.887Z]   → published · 1s · editor complete · director complete · creative complete · publisher approved
[2026-06-28T23:05:57.929Z] [4930/5133] RVTR880101 — Lil Nas X — Sun Goes Down (Editor queued — awaiting distill)
[2026-06-28T23:05:59.120Z]   → published · 1s · editor complete · director complete · creative complete · publisher approved
[2026-06-28T23:05:59.162Z] [4931/5133] RVTR880183 — Lmfao — I'm In Miami Trick (Editor queued — awaiting distill)
[2026-06-28T23:06:00.288Z]   → published · 1s · editor complete · director complete · creative complete · publisher approved
[2026-06-28T23:06:00.333Z] [4932/5133] RVTR881223 — Depeche Mode — Strangelove (Editor queued — awaiting distill)
[2026-06-28T23:06:01.471Z]   → published · 1s · editor complete · director complete · creative complete · publisher approved
[2026-06-28T23:06:01.523Z] [4933/5133] RVTR881224 — Jake Owen — Beachin' (Editor queued — awaiting distill)
[2026-06-28T23:06:02.651Z]   → published · 1s · editor complete · director complete · creative complete · publisher approved
[2026-06-28T23:06:02.693Z] [4934/5133] RVTR881345 — The Mills Brothers — Cab Driver (Editor queued — awaiting distill)
[2026-06-28T23:06:03.827Z]   → published · 1s · editor complete · director complete · creative complete · publisher approved
[2026-06-28T23:06:03.867Z] [4935/5133] RVTR881632 — Faith Hill — This Kiss (Editor queued — awaiting distill)
[2026-06-28T23:06:05.009Z]   → published · 1s · editor complete · director complete · creative complete · publisher approved
[2026-06-28T23:06:05.049Z] [4936/5133] RVTR882176 — Soundgarden — Outshined (Editor queued — awaiting distill)
[2026-06-28T23:06:06.228Z]   → published · 1s · editor complete · director complete · creative complete · publisher approved
[2026-06-28T23:06:06.269Z] [4937/5133] RVTR882842 — Judy Garland & Liza Minnelli — Together Wherever We Go 1963 (Editor queued — awaiting distill)
[2026-06-28T23:06:07.408Z]   → published · 1s · editor complete · director complete · creative complete · publisher approved
[2026-06-28T23:06:07.450Z] [4938/5133] RVTR883271 — Az Yet — Last Night From The Nutty Professor (Editor queued — awaiting distill)
[2026-06-28T23:06:08.590Z]   → published · 1s · editor complete · director complete · creative complete · publisher approved
[2026-06-28T23:06:08.634Z] [4939/5133] RVTR884204 — Shriekback — Nemesis (Editor queued — awaiting distill)
[2026-06-28T23:06:09.768Z]   → published · 1s · editor complete · director complete · creative complete · publisher approved
[2026-06-28T23:06:09.809Z] [4940/5133] RVTR884330 — Elwood — Sundown (Editor queued — awaiting distill)
[2026-06-28T23:06:10.941Z]   → published · 1s · editor complete · director complete · creative complete · publisher approved
[2026-06-28T23:06:10.983Z] [4941/5133] RVTR884610 — Roy Orbison — Crying (Editor queued — awaiting distill)
[2026-06-28T23:06:12.116Z]   → published · 1s · editor complete · director complete · creative complete · publisher approved
[2026-06-28T23:06:12.158Z] [4942/5133] RVTR885648 — Genesis — Abacab (Editor queued — awaiting distill)
[2026-06-28T23:06:13.302Z]   → published · 1s · editor complete · director complete · creative complete · publisher approved
[2026-06-28T23:06:13.343Z] [4943/5133] RVTR886362 — 3oh!3 — Double Vision (Editor queued — awaiting distill)
[2026-06-28T23:06:14.484Z]   → published · 1s · editor complete · director complete · creative complete · publisher approved
[2026-06-28T23:06:14.525Z] [4944/5133] RVTR888003 — Rod Stewart — Infatuation (Editor queued — awaiting distill)
[2026-06-28T23:06:15.678Z]   → published · 1s · editor complete · director complete · creative complete · publisher approved
[2026-06-28T23:06:15.720Z] [4945/5133] RVTR888741 — Jason Mraz — You And I Both (Editor queued — awaiting distill)
[2026-06-28T23:06:16.848Z]   → published · 1s · editor complete · director complete · creative complete · publisher approved
[2026-06-28T23:06:16.890Z] [4946/5133] RVTR889649 — The Corrs — Breathless (Editor queued — awaiting distill)
[2026-06-28T23:06:18.027Z]   → published · 1s · editor complete · director complete · creative complete · publisher approved
[2026-06-28T23:06:18.067Z] [4947/5133] RVTR890188 — Maroon 5 — Payphone (Editor queued — awaiting distill)
[2026-06-28T23:06:19.216Z]   → published · 1s · editor complete · director complete · creative complete · publisher approved
[2026-06-28T23:06:19.260Z] [4948/5133] RVTR891249 — Berlin — No More Words (Editor queued — awaiting distill)
[2026-06-28T23:06:20.395Z]   → published · 1s · editor complete · director complete · creative complete · publisher approved
[2026-06-28T23:06:20.437Z] [4949/5133] RVTR892481 — Bon Jovi — Misunderstood (Editor queued — awaiting distill)
[2026-06-28T23:06:21.577Z]   → published · 1s · editor complete · director complete · creative complete · publisher approved
[2026-06-28T23:06:21.618Z] [4950/5133] RVTR892872 — Jonezetta — Get Ready (Editor queued — awaiting distill)
[2026-06-28T23:06:22.762Z]   → published · 1s · editor complete · director complete · creative complete · publisher approved
[2026-06-28T23:06:22.865Z] --- Progress after 4950 processed ---
[2026-06-28T23:06:22.865Z] Collector complete: 5217
Editor complete: 2916
Director complete: 2913
Creative Review complete: 1925
Published: 84
Failed (this run): 6
Remaining (collector done, not published): 5133
[2026-06-28T23:06:22.866Z] [4951/5133] RVTR893136 — Michel'le — No More Lies (Editor queued — awaiting distill)
[2026-06-28T23:06:24.036Z]   → published · 1s · editor complete · director complete · creative complete · publisher approved
[2026-06-28T23:06:24.082Z] [4952/5133] RVTR893518 — Zac Brown Band — Homegrown (Editor queued — awaiting distill)
[2026-06-28T23:06:25.226Z]   → published · 1s · editor complete · director complete · creative complete · publisher approved
[2026-06-28T23:06:25.268Z] [4953/5133] RVTR894967 — Three 6 Mafia — Lolli Lolli Pop That Body (Editor queued — awaiting distill)
[2026-06-28T23:06:26.432Z]   → published · 1s · editor complete · director complete · creative complete · publisher approved
[2026-06-28T23:06:26.474Z] [4954/5133] RVTR895822 — J. Cole — Foldin Clothes (Editor queued — awaiting distill)
[2026-06-28T23:06:27.612Z]   → published · 1s · editor complete · director complete · creative complete · publisher approved
[2026-06-28T23:06:27.654Z] [4955/5133] RVTR896009 — Janet Jackson — Megamix '04 (Editor queued — awaiting distill)
[2026-06-28T23:06:28.829Z]   → published · 1s · editor complete · director complete · creative complete · publisher approved
[2026-06-28T23:06:28.869Z] [4956/5133] RVTR896618 — Nalin & Kane — Beachball (Editor queued — awaiting distill)
[2026-06-28T23:06:30.006Z]   → published · 1s · editor complete · director complete · creative complete · publisher approved
[2026-06-28T23:06:30.048Z] [4957/5133] RVTR899173 — Chris Brown — Crawl (Editor queued — awaiting distill)
[2026-06-28T23:06:31.195Z]   → published · 1s · editor complete · director complete · creative complete · publisher approved
[2026-06-28T23:06:31.237Z] [4958/5133] RVTR899394 — Radiohead — High And Dry (Editor queued — awaiting distill)
[2026-06-28T23:06:32.406Z]   → published · 1s · editor complete · director complete · creative complete · publisher approved
[2026-06-28T23:06:32.451Z] [4959/5133] RVTR900088 — Adele — Send My Love To Your New Lover (Editor queued — awaiting distill)
[2026-06-28T23:06:33.603Z]   → published · 1s · editor complete · director complete · creative complete · publisher approved
[2026-06-28T23:06:33.645Z] [4960/5133] RVTR901339 — Paula Abdul — Rush Rush (Editor queued — awaiting distill)
[2026-06-28T23:06:34.801Z]   → published · 1s · editor complete · director complete · creative complete · publisher approved
[2026-06-28T23:06:34.843Z] [4961/5133] RVTR901906 — Stone Sour — Bother (Editor queued — awaiting distill)
[2026-06-28T23:06:35.990Z]   → published · 1s · editor complete · director complete · creative complete · publisher approved
[2026-06-28T23:06:36.032Z] [4962/5133] RVTR902151 — Lady Gaga — Alejandro (Editor queued — awaiting distill)
[2026-06-28T23:06:37.184Z]   → published · 1s · editor complete · director complete · creative complete · publisher approved
[2026-06-28T23:06:37.225Z] [4963/5133] RVTR902526 — Mötley Crüe — Without You (Editor queued — awaiting distill)
[2026-06-28T23:06:38.376Z]   → published · 1s · editor complete · director complete · creative complete · publisher approved
[2026-06-28T23:06:38.419Z] [4964/5133] RVTR902564 — The Association — Windy (Editor queued — awaiting distill)
[2026-06-28T23:06:39.591Z]   → published · 1s · editor complete · director complete · creative complete · publisher approved
[2026-06-28T23:06:39.633Z] [4965/5133] RVTR902607 — Johnny Cash — Wanted Man (Editor queued — awaiting distill)
[2026-06-28T23:06:40.834Z]   → published · 1s · editor complete · director complete · creative complete · publisher approved
[2026-06-28T23:06:40.879Z] [4966/5133] RVTR903114 — King's X — Black Flag (Editor queued — awaiting distill)
[2026-06-28T23:06:42.048Z]   → published · 1s · editor complete · director complete · creative complete · publisher approved
[2026-06-28T23:06:42.090Z] [4967/5133] RVTR904611 — Beyoncé — Sweet Dreams (Editor queued — awaiting distill)
[2026-06-28T23:06:43.255Z]   → published · 1s · editor complete · director complete · creative complete · publisher approved
[2026-06-28T23:06:43.297Z] [4968/5133] RVTR904718 — Coldplay — Higher Power (Editor queued — awaiting distill)
[2026-06-28T23:06:44.471Z]   → published · 1s · editor complete · director complete · creative complete · publisher approved
[2026-06-28T23:06:44.513Z] [4969/5133] RVTR905091 — Dan Fogelberg — Longer (Editor queued — awaiting distill)
[2026-06-28T23:06:45.673Z]   → published · 1s · editor complete · director complete · creative complete · publisher approved
[2026-06-28T23:06:45.715Z] [4970/5133] RVTR905190 — Roy Clark On Fiddle & Jimmie Henley 12 Yrs Old On Banjo — Orange Blossom Special (Editor queued — awaiting distill)
[2026-06-28T23:06:46.879Z]   → published · 1s · editor complete · director complete · creative complete · publisher approved
[2026-06-28T23:06:46.921Z] [4971/5133] RVTR906091 — Abba — Estoy So Ando (Editor queued — awaiting distill)
[2026-06-28T23:06:48.185Z]   → published · 1s · editor complete · director complete · creative complete · publisher approved
[2026-06-28T23:06:48.228Z] [4972/5133] RVTR907538 — Mocedades — Eres Tu Touch The Wind (Editor queued — awaiting distill)
[2026-06-28T23:06:49.419Z]   → published · 1s · editor complete · director complete · creative complete · publisher approved
[2026-06-28T23:06:49.460Z] [4973/5133] RVTR907563 — The Animals — It's My Life (Editor queued — awaiting distill)
[2026-06-28T23:06:50.791Z]   → published · 1s · editor complete · director complete · creative complete · publisher approved
[2026-06-28T23:06:50.832Z] [4974/5133] RVTR908055 — Crime Mob — Rock Yo Hips (Editor queued — awaiting distill)
[2026-06-28T23:06:52.040Z]   → published · 1s · editor complete · director complete · creative complete · publisher approved
[2026-06-28T23:06:52.081Z] [4975/5133] RVTR908525 — Lil Jon Featuring Kool-aid Man — All I Really Want For Christmas (Editor queued — awaiting distill)
[2026-06-28T23:06:53.312Z]   → published · 1s · editor complete · director complete · creative complete · publisher approved
[2026-06-28T23:06:53.357Z] [4976/5133] RVTR910020 — Lifehouse — Halfway Gone (Editor queued — awaiting distill)
[2026-06-28T23:06:54.535Z]   → published · 1s · editor complete · director complete · creative complete · publisher approved
[2026-06-28T23:06:54.576Z] [4977/5133] RVTR910282 — Junkyard — Simple Man (Editor queued — awaiting distill)
[2026-06-28T23:06:55.743Z]   → published · 1s · editor complete · director complete · creative complete · publisher approved
[2026-06-28T23:06:55.784Z] [4978/5133] RVTR911161 — Jay Z — I Know (Editor queued — awaiting distill)
[2026-06-28T23:06:56.960Z]   → published · 1s · editor complete · director complete · creative complete · publisher approved
[2026-06-28T23:06:57.000Z] [4979/5133] RVTR913274 — The Beach Boys — Darlin' (Editor queued — awaiting distill)
[2026-06-28T23:06:58.177Z]   → published · 1s · editor complete · director complete · creative complete · publisher approved
[2026-06-28T23:06:58.219Z] [4980/5133] RVTR913603 — Beyoncé — Texas Hold 'Em (Editor queued — awaiting distill)
[2026-06-28T23:06:59.393Z]   → published · 1s · editor complete · director complete · creative complete · publisher approved
[2026-06-28T23:06:59.435Z] [4981/5133] RVTR914161 — Sublime — April 29 1992 (Editor queued — awaiting distill)
[2026-06-28T23:07:00.603Z]   → published · 1s · editor complete · director complete · creative complete · publisher approved
[2026-06-28T23:07:00.644Z] [4982/5133] RVTR914449 — Geri Halliwell — Desire (Editor queued — awaiting distill)
[2026-06-28T23:07:01.854Z]   → published · 1s · editor complete · director complete · creative complete · publisher approved
[2026-06-28T23:07:01.898Z] [4983/5133] RVTR915536 — Abba — Fernando (Editor queued — awaiting distill)
[2026-06-28T23:07:03.113Z]   → published · 1s · editor complete · director complete · creative complete · publisher approved
[2026-06-28T23:07:03.155Z] [4984/5133] RVTR916013 — Atc — Around The World La La La La La (Editor queued — awaiting distill)
[2026-06-28T23:07:04.383Z]   → published · 1s · editor complete · director complete · creative complete · publisher approved
[2026-06-28T23:07:04.424Z] [4985/5133] RVTR916293 — Niall Horan — Slow Hands (Editor queued — awaiting distill)
[2026-06-28T23:07:05.615Z]   → published · 1s · editor complete · director complete · creative complete · publisher approved
[2026-06-28T23:07:05.657Z] [4986/5133] RVTR917297 — DJ Dean — Protect Your Ass (Editor queued — awaiting distill)
[2026-06-28T23:07:06.820Z]   → published · 1s · editor complete · director complete · creative complete · publisher approved
[2026-06-28T23:07:06.865Z] [4987/5133] RVTR917651 — Paul Davis — I Go Crazy (Editor queued — awaiting distill)
[2026-06-28T23:07:08.062Z]   → published · 1s · editor complete · director complete · creative complete · publisher approved
[2026-06-28T23:07:08.104Z] [4988/5133] RVTR917794 — Planet P Project — Why Me (Editor queued — awaiting distill)
[2026-06-28T23:07:09.323Z]   → published · 1s · editor complete · director complete · creative complete · publisher approved
[2026-06-28T23:07:09.368Z] [4989/5133] RVTR919044 — Ciara F./ludacris — Ride (Editor queued — awaiting distill)
[2026-06-28T23:07:10.584Z]   → published · 1s · editor complete · director complete · creative complete · publisher approved
[2026-06-28T23:07:10.634Z] [4990/5133] RVTR919504 — Aerosmith — Amazing (Editor queued — awaiting distill)
[2026-06-28T23:07:11.883Z]   → published · 1s · editor complete · director complete · creative complete · publisher approved
[2026-06-28T23:07:11.931Z] [4991/5133] RVTR919813 — 3oh!3 — Touchin On My (Editor queued — awaiting distill)
[2026-06-28T23:07:13.183Z]   → published · 1s · editor complete · director complete · creative complete · publisher approved
[2026-06-28T23:07:13.224Z] [4992/5133] RVTR920228 — Skid Row — I Remember You (Editor queued — awaiting distill)
[2026-06-28T23:07:14.410Z]   → published · 1s · editor complete · director complete · creative complete · publisher approved
[2026-06-28T23:07:14.455Z] [4993/5133] RVTR920392 — The Script — Superheroes (Editor queued — awaiting distill)
[2026-06-28T23:07:15.638Z]   → published · 1s · editor complete · director complete · creative complete · publisher approved
[2026-06-28T23:07:15.680Z] [4994/5133] RVTR920670 — Bon Jovi — Living In Sin (Editor queued — awaiting distill)
[2026-06-28T23:07:16.865Z]   → published · 1s · editor complete · director complete · creative complete · publisher approved
[2026-06-28T23:07:16.911Z] [4995/5133] RVTR920920 — Britney Spears — Crazy (Editor queued — awaiting distill)
[2026-06-28T23:07:18.097Z]   → published · 1s · editor complete · director complete · creative complete · publisher approved
[2026-06-28T23:07:18.141Z] [4996/5133] RVTR921151 — Cruel You — Shoes (Editor queued — awaiting distill)
[2026-06-28T23:07:19.342Z]   → published · 1s · editor complete · director complete · creative complete · publisher approved
[2026-06-28T23:07:19.388Z] [4997/5133] RVTR921474 — Drowning Pool — Step Up (Editor queued — awaiting distill)
[2026-06-28T23:07:20.586Z]   → published · 1s · editor complete · director complete · creative complete · publisher approved
[2026-06-28T23:07:20.629Z] [4998/5133] RVTR921720 — Beyonce — If I Were A Boy (Editor queued — awaiting distill)
[2026-06-28T23:07:21.843Z]   → published · 1s · editor complete · director complete · creative complete · publisher approved
[2026-06-28T23:07:21.892Z] [4999/5133] RVTR921757 — MC Serch — 3rd Bass Medley (Editor queued — awaiting distill)
[2026-06-28T23:07:23.115Z]   → published · 1s · editor complete · director complete · creative complete · publisher approved
[2026-06-28T23:07:23.157Z] [5000/5133] RVTR922717 — Bertie Higgins — Key Largo (Editor queued — awaiting distill)
[2026-06-28T23:07:24.398Z]   → published · 1s · editor complete · director complete · creative complete · publisher approved
[2026-06-28T23:07:24.495Z] --- Progress after 5000 processed ---
[2026-06-28T23:07:24.495Z] Collector complete: 5217
Editor complete: 2966
Director complete: 2963
Creative Review complete: 1975
Published: 84
Failed (this run): 6
Remaining (collector done, not published): 5133
[2026-06-28T23:07:24.495Z] [5001/5133] RVTR923031 — Bobby Helms — Jingle Bell Rock (Editor queued — awaiting distill)
[2026-06-28T23:07:25.699Z]   → published · 1s · editor complete · director complete · creative complete · publisher approved
[2026-06-28T23:07:25.742Z] [5002/5133] RVTR923258 — Opus — Live Is Life (Editor queued — awaiting distill)
[2026-06-28T23:07:26.953Z]   → published · 1s · editor complete · director complete · creative complete · publisher approved
[2026-06-28T23:07:26.998Z] [5003/5133] RVTR923331 — The Exciters — Tell Em (Editor queued — awaiting distill)
[2026-06-28T23:07:28.169Z]   → published · 1s · editor complete · director complete · creative complete · publisher approved
[2026-06-28T23:07:28.210Z] [5004/5133] RVTR923677 — Madonna — American Life (Editor queued — awaiting distill)
[2026-06-28T23:07:29.427Z]   → published · 1s · editor complete · director complete · creative complete · publisher approved
[2026-06-28T23:07:29.472Z] [5005/5133] RVTR924630 — Uriah Heep — Easy Livin (Editor queued — awaiting distill)
[2026-06-28T23:07:30.686Z]   → published · 1s · editor complete · director complete · creative complete · publisher approved
[2026-06-28T23:07:30.729Z] [5006/5133] RVTR924710 — Ol' 55 — Two Faces Have I (Editor queued — awaiting distill)
[2026-06-28T23:07:31.975Z]   → published · 1s · editor complete · director complete · creative complete · publisher approved
[2026-06-28T23:07:32.022Z] [5007/5133] RVTR925047 — Selena — Dreaming Of You (Editor queued — awaiting distill)
[2026-06-28T23:07:33.260Z]   → published · 1s · editor complete · director complete · creative complete · publisher approved
[2026-06-28T23:07:33.302Z] [5008/5133] RVTR926086 — DJ Khaled F./t-pain, Ludacris, Rick Ross, Snoop Dogg — All I Do Is Win (Editor queued — awaiting distill)
[2026-06-28T23:07:33.307Z]   FAILED · no_usable_visual
[2026-06-28T23:07:33.351Z] [5009/5133] RVTR926757 — Brooke Hogan — Falling (Editor queued — awaiting distill)
[2026-06-28T23:07:34.539Z]   → published · 1s · editor complete · director complete · creative complete · publisher approved
[2026-06-28T23:07:34.587Z] [5010/5133] RVTR927138 — Kate Nash — Foundations (Editor queued — awaiting distill)
[2026-06-28T23:07:35.805Z]   → published · 1s · editor complete · director complete · creative complete · publisher approved
[2026-06-28T23:07:35.846Z] [5011/5133] RVTR927555 — Ab Logic — Hitman The (Editor queued — awaiting distill)
[2026-06-28T23:07:37.063Z]   → published · 1s · editor complete · director complete · creative complete · publisher approved
[2026-06-28T23:07:37.109Z] [5012/5133] RVTR927829 — Taylor Swift — Delicate (Editor queued — awaiting distill)
[2026-06-28T23:07:38.555Z]   → published · 1s · editor complete · director complete · creative complete · publisher approved
[2026-06-28T23:07:38.597Z] [5013/5133] RVTR927907 — Three Days Grace — Pain (Editor queued — awaiting distill)
[2026-06-28T23:07:39.813Z]   → published · 1s · editor complete · director complete · creative complete · publisher approved
[2026-06-28T23:07:39.861Z] [5014/5133] RVTR928954 — Nle Choppa — Mmm Hmm (Editor queued — awaiting distill)
[2026-06-28T23:07:41.028Z]   → published · 1s · editor complete · director complete · creative complete · publisher approved
[2026-06-28T23:07:41.069Z] [5015/5133] RVTR929757 — Lady Gaga — The Cure (Editor queued — awaiting distill)
[2026-06-28T23:07:42.295Z]   → published · 1s · editor complete · director complete · creative complete · publisher approved
[2026-06-28T23:07:42.342Z] [5016/5133] RVTR930603 — Jay Sean — Down (Editor queued — awaiting distill)
[2026-06-28T23:07:43.572Z]   → published · 1s · editor complete · director complete · creative complete · publisher approved
[2026-06-28T23:07:43.615Z] [5017/5133] RVTR930928 — Robin Thicke — Magic (Editor queued — awaiting distill)
[2026-06-28T23:07:44.789Z]   → published · 1s · editor complete · director complete · creative complete · publisher approved
[2026-06-28T23:07:44.833Z] [5018/5133] RVTR932154 — Madonna — La Isla Bonita (Editor queued — awaiting distill)
[2026-06-28T23:07:46.021Z]   → published · 1s · editor complete · director complete · creative complete · publisher approved
[2026-06-28T23:07:46.065Z] [5019/5133] RVTR932621 — Ksi X Lil Wayne — Lose (Editor queued — awaiting distill)
[2026-06-28T23:07:47.272Z]   → published · 1s · editor complete · director complete · creative complete · publisher approved
[2026-06-28T23:07:47.317Z] [5020/5133] RVTR932829 — Shai — Comforter (Editor queued — awaiting distill)
[2026-06-28T23:07:48.522Z]   → published · 1s · editor complete · director complete · creative complete · publisher approved
[2026-06-28T23:07:48.563Z] [5021/5133] RVTR933932 — 98 Degrees — I Do Cherish You (Editor queued — awaiting distill)
[2026-06-28T23:07:49.802Z]   → published · 1s · editor complete · director complete · creative complete · publisher approved
[2026-06-28T23:07:49.846Z] [5022/5133] RVTR934423 — Switchfoot — Meant To Live (Editor queued — awaiting distill)
[2026-06-28T23:07:51.071Z]   → published · 1s · editor complete · director complete · creative complete · publisher approved
[2026-06-28T23:07:51.111Z] [5023/5133] RVTR934450 — Over It — Siren On The 101 (Editor queued — awaiting distill)
[2026-06-28T23:07:52.334Z]   → published · 1s · editor complete · director complete · creative complete · publisher approved
[2026-06-28T23:07:52.378Z] [5024/5133] RVTR935317 — Fastball — You'Re An Ocean (Editor queued — awaiting distill)
[2026-06-28T23:07:53.549Z]   → published · 1s · editor complete · director complete · creative complete · publisher approved
[2026-06-28T23:07:53.588Z] [5025/5133] RVTR937621 — David Bowie — Life On Mars (Editor queued — awaiting distill)
[2026-06-28T23:07:54.696Z]   → published · 1s · editor complete · director complete · creative complete · publisher approved
[2026-06-28T23:07:54.737Z] [5026/5133] RVTR937761 — Colbie Caillat — Try (Editor queued — awaiting distill)
[2026-06-28T23:07:55.907Z]   → published · 1s · editor complete · director complete · creative complete · publisher approved
[2026-06-28T23:07:55.947Z] [5027/5133] RVTR939105 — Beck — Nausea (Editor queued — awaiting distill)
[2026-06-28T23:07:57.074Z]   → published · 1s · editor complete · director complete · creative complete · publisher approved
[2026-06-28T23:07:57.116Z] [5028/5133] RVTR939561 — Ellie Goulding — Burn (Editor queued — awaiting distill)
[2026-06-28T23:07:58.286Z]   → published · 1s · editor complete · director complete · creative complete · publisher approved
[2026-06-28T23:07:58.327Z] [5029/5133] RVTR940110 — System Of A Down — B Y O B (Editor queued — awaiting distill)
[2026-06-28T23:07:59.456Z]   → published · 1s · editor complete · director complete · creative complete · publisher approved
[2026-06-28T23:07:59.498Z] [5030/5133] RVTR940295 — Adam Ant — Strip (Editor queued — awaiting distill)
[2026-06-28T23:08:00.633Z]   → published · 1s · editor complete · director complete · creative complete · publisher approved
[2026-06-28T23:08:00.672Z] [5031/5133] RVTR940364 — Gazebo — I Like Chopin (Editor queued — awaiting distill)
[2026-06-28T23:08:01.801Z]   → published · 1s · editor complete · director complete · creative complete · publisher approved
[2026-06-28T23:08:01.843Z] [5032/5133] RVTR940773 — Joni Mitchell — California (Editor queued — awaiting distill)
[2026-06-28T23:08:02.969Z]   → published · 1s · editor complete · director complete · creative complete · publisher approved
[2026-06-28T23:08:03.009Z] [5033/5133] RVTR940778 — Terror Squad — Lean Back (Editor queued — awaiting distill)
[2026-06-28T23:08:04.144Z]   → published · 1s · editor complete · director complete · creative complete · publisher approved
[2026-06-28T23:08:04.186Z] [5034/5133] RVTR940972 — Massive Attack — Teardrop (Editor queued — awaiting distill)
[2026-06-28T23:08:05.316Z]   → published · 1s · editor complete · director complete · creative complete · publisher approved
[2026-06-28T23:08:05.357Z] [5035/5133] RVTR941081 — Linus Loves — Stand Back (Editor queued — awaiting distill)
[2026-06-28T23:08:06.488Z]   → published · 1s · editor complete · director complete · creative complete · publisher approved
[2026-06-28T23:08:06.531Z] [5036/5133] RVTR941121 — Little Mix — Power (Editor queued — awaiting distill)
[2026-06-28T23:08:07.670Z]   → published · 1s · editor complete · director complete · creative complete · publisher approved
[2026-06-28T23:08:07.709Z] [5037/5133] RVTR942388 — Big Unk — Walk It Out (Editor queued — awaiting distill)
[2026-06-28T23:08:08.861Z]   → published · 1s · editor complete · director complete · creative complete · publisher approved
[2026-06-28T23:08:08.906Z] [5038/5133] RVTR942689 — John Newman — Love Me Again (Editor queued — awaiting distill)
[2026-06-28T23:08:10.058Z]   → published · 1s · editor complete · director complete · creative complete · publisher approved
[2026-06-28T23:08:10.097Z] [5039/5133] RVTR942724 — Imagine Dragons — Bad Liar (Editor queued — awaiting distill)
[2026-06-28T23:08:11.219Z]   → published · 1s · editor complete · director complete · creative complete · publisher approved
[2026-06-28T23:08:11.260Z] [5040/5133] RVTR943008 — Bryan Adams — Run To You (Editor queued — awaiting distill)
[2026-06-28T23:08:12.386Z]   → published · 1s · editor complete · director complete · creative complete · publisher approved
[2026-06-28T23:08:12.428Z] [5041/5133] RVTR943053 — Espn — Presents Jock Jam (Editor queued — awaiting distill)
[2026-06-28T23:08:13.551Z]   → published · 1s · editor complete · director complete · creative complete · publisher approved
[2026-06-28T23:08:13.593Z] [5042/5133] RVTR943418 — Jace Everett — Bad Things (Editor queued — awaiting distill)
[2026-06-28T23:08:14.724Z]   → published · 1s · editor complete · director complete · creative complete · publisher approved
[2026-06-28T23:08:14.766Z] [5043/5133] RVTR943743 — Brian Mcknight — Anytime (Editor queued — awaiting distill)
[2026-06-28T23:08:15.895Z]   → published · 1s · editor complete · director complete · creative complete · publisher approved
[2026-06-28T23:08:15.937Z] [5044/5133] RVTR944817 — Classics Iv — Traces (Editor queued — awaiting distill)
[2026-06-28T23:08:17.091Z]   → published · 1s · editor complete · director complete · creative complete · publisher approved
[2026-06-28T23:08:17.131Z] [5045/5133] RVTR945056 — Goo Goo Dolls — Iris (Editor queued — awaiting distill)
[2026-06-28T23:08:18.253Z]   → published · 1s · editor complete · director complete · creative complete · publisher approved
[2026-06-28T23:08:18.296Z] [5046/5133] RVTR945149 — Ed Sheeran — Bad Habits (Editor queued — awaiting distill)
[2026-06-28T23:08:19.434Z]   → published · 1s · editor complete · director complete · creative complete · publisher approved
[2026-06-28T23:08:19.475Z] [5047/5133] RVTR945279 — Cinderella — Shelter Me (Editor queued — awaiting distill)
[2026-06-28T23:08:20.604Z]   → published · 1s · editor complete · director complete · creative complete · publisher approved
[2026-06-28T23:08:20.646Z] [5048/5133] RVTR945741 — Link Wray — Rumble (Editor queued — awaiting distill)
[2026-06-28T23:08:21.774Z]   → published · 1s · editor complete · director complete · creative complete · publisher approved
[2026-06-28T23:08:21.817Z] [5049/5133] RVTR946203 — Britney Spears — Hold It Against Me (Editor queued — awaiting distill)
[2026-06-28T23:08:22.953Z]   → published · 1s · editor complete · director complete · creative complete · publisher approved
[2026-06-28T23:08:22.994Z] [5050/5133] RVTR946732 — Tal Bachman — She's So High (Editor queued — awaiting distill)
[2026-06-28T23:08:24.156Z]   → published · 1s · editor complete · director complete · creative complete · publisher approved
[2026-06-28T23:08:24.254Z] --- Progress after 5050 processed ---
[2026-06-28T23:08:24.254Z] Collector complete: 5217
Editor complete: 3016
Director complete: 3012
Creative Review complete: 2024
Published: 84
Failed (this run): 7
Remaining (collector done, not published): 5133
[2026-06-28T23:08:24.254Z] [5051/5133] RVTR947034 — Andy Williams — Moon River (Editor queued — awaiting distill)
[2026-06-28T23:08:25.389Z]   → published · 1s · editor complete · director complete · creative complete · publisher approved
[2026-06-28T23:08:25.429Z] [5052/5133] RVTR947976 — Dokken — Into The Fire (Editor queued — awaiting distill)
[2026-06-28T23:08:26.562Z]   → published · 1s · editor complete · director complete · creative complete · publisher approved
[2026-06-28T23:08:26.601Z] [5053/5133] RVTR948306 — Air Supply — Lost In Love (Editor queued — awaiting distill)
[2026-06-28T23:08:27.738Z]   → published · 1s · editor complete · director complete · creative complete · publisher approved
[2026-06-28T23:08:27.777Z] [5054/5133] RVTR948802 — Ph.d — I Won't Let You Down (Editor queued — awaiting distill)
[2026-06-28T23:08:28.925Z]   → published · 1s · editor complete · director complete · creative complete · publisher approved
[2026-06-28T23:08:28.964Z] [5055/5133] RVTR950188 — Mr. Mister — Broken Wings (Editor queued — awaiting distill)
[2026-06-28T23:08:30.129Z]   → published · 1s · editor complete · director complete · creative complete · publisher approved
[2026-06-28T23:08:30.168Z] [5056/5133] RVTR951624 — Herbie Hancock — Chameleon (Editor queued — awaiting distill)
[2026-06-28T23:08:31.310Z]   → published · 1s · editor complete · director complete · creative complete · publisher approved
[2026-06-28T23:08:31.382Z] [5057/5133] RVTR954641 — The Weeknd — Six Feet Under (Editor queued — awaiting distill)
[2026-06-28T23:08:32.514Z]   → published · 1s · editor complete · director complete · creative complete · publisher approved
[2026-06-28T23:08:32.553Z] [5058/5133] RVTR954778 — Herbie Hancock — Autodrive (Editor queued — awaiting distill)
[2026-06-28T23:08:33.690Z]   → published · 1s · editor complete · director complete · creative complete · publisher approved
[2026-06-28T23:08:33.730Z] [5059/5133] RVTR957832 — Merle Haggard — Branded Man (Editor queued — awaiting distill)
[2026-06-28T23:08:34.865Z]   → published · 1s · editor complete · director complete · creative complete · publisher approved
[2026-06-28T23:08:34.904Z] [5060/5133] RVTR958652 — Fleetwood Mac — Big Love (Editor queued — awaiting distill)
[2026-06-28T23:08:36.041Z]   → published · 1s · editor complete · director complete · creative complete · publisher approved
[2026-06-28T23:08:36.080Z] [5061/5133] RVTR959354 — Abba — The Last Video (Editor queued — awaiting distill)
[2026-06-28T23:08:37.224Z]   → published · 1s · editor complete · director complete · creative complete · publisher approved
[2026-06-28T23:08:37.264Z] [5062/5133] RVTR961232 — Nicki Minaj — Va Va Voom (Editor queued — awaiting distill)
[2026-06-28T23:08:38.404Z]   → published · 1s · editor complete · director complete · creative complete · publisher approved
[2026-06-28T23:08:38.443Z] [5063/5133] RVTR962342 — Lady Gaga — Poker Face (Editor queued — awaiting distill)
[2026-06-28T23:08:39.582Z]   → published · 1s · editor complete · director complete · creative complete · publisher approved
[2026-06-28T23:08:39.621Z] [5064/5133] RVTR962507 — The Killers — Read My Mind (Editor queued — awaiting distill)
[2026-06-28T23:08:40.769Z]   → published · 1s · editor complete · director complete · creative complete · publisher approved
[2026-06-28T23:08:40.809Z] [5065/5133] RVTR962810 — Jason Derulo — Ridin' Solo (Editor queued — awaiting distill)
[2026-06-28T23:08:41.962Z]   → published · 1s · editor complete · director complete · creative complete · publisher approved
[2026-06-28T23:08:42.001Z] [5066/5133] RVTR964315 — Prince — Sexuality (Editor queued — awaiting distill)
[2026-06-28T23:08:43.138Z]   → published · 1s · editor complete · director complete · creative complete · publisher approved
[2026-06-28T23:08:43.178Z] [5067/5133] RVTR965015 — Staind — So Far Away (Editor queued — awaiting distill)
[2026-06-28T23:08:44.331Z]   → published · 1s · editor complete · director complete · creative complete · publisher approved
[2026-06-28T23:08:44.371Z] [5068/5133] RVTR966396 — Mary Hopkin — Goodbye (Editor queued — awaiting distill)
[2026-06-28T23:08:45.512Z]   → published · 1s · editor complete · director complete · creative complete · publisher approved
[2026-06-28T23:08:45.552Z] [5069/5133] RVTR967543 — Roxette — Dangerous (Editor queued — awaiting distill)
[2026-06-28T23:08:46.732Z]   → published · 1s · editor complete · director complete · creative complete · publisher approved
[2026-06-28T23:08:46.771Z] [5070/5133] RVTR968172 — Deftones — Back To School (Editor queued — awaiting distill)
[2026-06-28T23:08:47.905Z]   → published · 1s · editor complete · director complete · creative complete · publisher approved
[2026-06-28T23:08:47.944Z] [5071/5133] RVTR969689 — Duffy — Stepping Stone (Editor queued — awaiting distill)
[2026-06-28T23:08:49.100Z]   → published · 1s · editor complete · director complete · creative complete · publisher approved
[2026-06-28T23:08:49.140Z] [5072/5133] RVTR970552 — Aaliyah — Rock The Boat (Editor queued — awaiting distill)
[2026-06-28T23:08:50.308Z]   → published · 1s · editor complete · director complete · creative complete · publisher approved
[2026-06-28T23:08:50.348Z] [5073/5133] RVTR971174 — Pebbles — Girlfriend (Editor queued — awaiting distill)
[2026-06-28T23:08:51.512Z]   → published · 1s · editor complete · director complete · creative complete · publisher approved
[2026-06-28T23:08:51.554Z] [5074/5133] RVTR971192 — Demi Lovato — Heart Attack (Editor queued — awaiting distill)
[2026-06-28T23:08:52.696Z]   → published · 1s · editor complete · director complete · creative complete · publisher approved
[2026-06-28T23:08:52.738Z] [5075/5133] RVTR971207 — Amine — Caroline (Editor queued — awaiting distill)
[2026-06-28T23:08:53.890Z]   → published · 1s · editor complete · director complete · creative complete · publisher approved
[2026-06-28T23:08:53.932Z] [5076/5133] RVTR971334 — Flo Rida — Whistle (Editor queued — awaiting distill)
[2026-06-28T23:08:55.099Z]   → published · 1s · editor complete · director complete · creative complete · publisher approved
[2026-06-28T23:08:55.140Z] [5077/5133] RVTR971648 — Elastica — Connection (Editor queued — awaiting distill)
[2026-06-28T23:08:56.309Z]   → published · 1s · editor complete · director complete · creative complete · publisher approved
[2026-06-28T23:08:56.350Z] [5078/5133] RVTR972076 — Blake Shelton — Sangria (Editor queued — awaiting distill)
[2026-06-28T23:08:57.496Z]   → published · 1s · editor complete · director complete · creative complete · publisher approved
[2026-06-28T23:08:57.540Z] [5079/5133] RVTR972260 — Thompson Square — Everything I Shouldn't Be Thinking About (Editor queued — awaiting distill)
[2026-06-28T23:08:58.700Z]   → published · 1s · editor complete · director complete · creative complete · publisher approved
[2026-06-28T23:08:58.742Z] [5080/5133] RVTR972759 — Dio — Holy Diver (Editor queued — awaiting distill)
[2026-06-28T23:08:59.908Z]   → published · 1s · editor complete · director complete · creative complete · publisher approved
[2026-06-28T23:08:59.947Z] [5081/5133] RVTR972840 — Blake Shelton — Drink On It (Editor queued — awaiting distill)
[2026-06-28T23:09:01.105Z]   → published · 1s · editor complete · director complete · creative complete · publisher approved
[2026-06-28T23:09:01.145Z] [5082/5133] RVTR974101 — Green Day — Holiday (Editor queued — awaiting distill)
[2026-06-28T23:09:02.317Z]   → published · 1s · editor complete · director complete · creative complete · publisher approved
[2026-06-28T23:09:02.357Z] [5083/5133] RVTR974122 — 3rd Bass — Brooklyn Queens (Editor queued — awaiting distill)
[2026-06-28T23:09:03.529Z]   → published · 1s · editor complete · director complete · creative complete · publisher approved
[2026-06-28T23:09:03.569Z] [5084/5133] RVTR974588 — Ozzy — No More Tears (Editor queued — awaiting distill)
[2026-06-28T23:09:04.732Z]   → published · 1s · editor complete · director complete · creative complete · publisher approved
[2026-06-28T23:09:04.772Z] [5085/5133] RVTR974775 — Nicki Minaj — Anaconda (Editor queued — awaiting distill)
[2026-06-28T23:09:05.941Z]   → published · 1s · editor complete · director complete · creative complete · publisher approved
[2026-06-28T23:09:05.981Z] [5086/5133] RVTR974829 — Snap! — The Power (Editor queued — awaiting distill)
[2026-06-28T23:09:07.153Z]   → published · 1s · editor complete · director complete · creative complete · publisher approved
[2026-06-28T23:09:07.193Z] [5087/5133] RVTR974919 — The Pointer Sisters — Fire (Editor queued — awaiting distill)
[2026-06-28T23:09:08.366Z]   → published · 1s · editor complete · director complete · creative complete · publisher approved
[2026-06-28T23:09:08.410Z] [5088/5133] RVTR975303 — Edwin Mccain — I'Ll Be (Editor queued — awaiting distill)
[2026-06-28T23:09:09.558Z]   → published · 1s · editor complete · director complete · creative complete · publisher approved
[2026-06-28T23:09:09.600Z] [5089/5133] RVTR975748 — Rush — The Garden (Editor queued — awaiting distill)
[2026-06-28T23:09:10.754Z]   → published · 1s · editor complete · director complete · creative complete · publisher approved
[2026-06-28T23:09:10.795Z] [5090/5133] RVTR975816 — Erica Banks — Toot That (Editor queued — awaiting distill)
[2026-06-28T23:09:11.969Z]   → published · 1s · editor complete · director complete · creative complete · publisher approved
[2026-06-28T23:09:12.010Z] [5091/5133] RVTR976858 — Loverboy — Lucky Ones (Editor queued — awaiting distill)
[2026-06-28T23:09:13.182Z]   → published · 1s · editor complete · director complete · creative complete · publisher approved
[2026-06-28T23:09:13.225Z] [5092/5133] RVTR977026 — Three 6 Mafia Vs DJ Tiesto With Sean Kingston And Flo Rida — Feel It (Editor queued — awaiting distill)
[2026-06-28T23:09:14.417Z]   → published · 1s · editor complete · director complete · creative complete · publisher approved
[2026-06-28T23:09:14.459Z] [5093/5133] RVTR977088 — Ray Lamontagne — Trouble (Editor queued — awaiting distill)
[2026-06-28T23:09:15.607Z]   → published · 1s · editor complete · director complete · creative complete · publisher approved
[2026-06-28T23:09:15.649Z] [5094/5133] RVTR977670 — Ultravox — The Thin Wall (Editor queued — awaiting distill)
[2026-06-28T23:09:16.805Z]   → published · 1s · editor complete · director complete · creative complete · publisher approved
[2026-06-28T23:09:16.847Z] [5095/5133] RVTR977971 — The Dixie Cups — Iko Iko (Editor queued — awaiting distill)
[2026-06-28T23:09:18.020Z]   → published · 1s · editor complete · director complete · creative complete · publisher approved
[2026-06-28T23:09:18.062Z] [5096/5133] RVTR978535 — Army Of Anyone — Goodbye (Editor queued — awaiting distill)
[2026-06-28T23:09:19.261Z]   → published · 1s · editor complete · director complete · creative complete · publisher approved
[2026-06-28T23:09:19.303Z] [5097/5133] RVTR978553 — DJ Jean — Launch The (Editor queued — awaiting distill)
[2026-06-28T23:09:20.500Z]   → published · 1s · editor complete · director complete · creative complete · publisher approved
[2026-06-28T23:09:20.545Z] [5098/5133] RVTR979817 — Beyoncé — Ego (Editor queued — awaiting distill)
[2026-06-28T23:09:21.696Z]   → published · 1s · editor complete · director complete · creative complete · publisher approved
[2026-06-28T23:09:21.738Z] [5099/5133] RVTR980698 — Public Enemy — Night Of The Living Baseheads (Editor queued — awaiting distill)
[2026-06-28T23:09:22.899Z]   → published · 1s · editor complete · director complete · creative complete · publisher approved
[2026-06-28T23:09:22.941Z] [5100/5133] RVTR981315 — Fall Out Boy — A Little Less Sixteen Candles A Little More Touch Me (Editor queued — awaiting distill)
[2026-06-28T23:09:24.116Z]   → published · 1s · editor complete · director complete · creative complete · publisher approved
[2026-06-28T23:09:24.212Z] --- Progress after 5100 processed ---
[2026-06-28T23:09:24.213Z] Collector complete: 5217
Editor complete: 3066
Director complete: 3062
Creative Review complete: 2074
Published: 84
Failed (this run): 7
Remaining (collector done, not published): 5133
[2026-06-28T23:09:24.213Z] [5101/5133] RVTR981442 — Korn — Did My Time (Editor queued — awaiting distill)
[2026-06-28T23:09:25.393Z]   → published · 1s · editor complete · director complete · creative complete · publisher approved
[2026-06-28T23:09:25.436Z] [5102/5133] RVTR981724 — En Vogue — Don't Let Go Love (Editor queued — awaiting distill)
[2026-06-28T23:09:26.615Z]   → published · 1s · editor complete · director complete · creative complete · publisher approved
[2026-06-28T23:09:26.657Z] [5103/5133] RVTR982291 — Gza — Liquid Swords (Editor queued — awaiting distill)
[2026-06-28T23:09:27.820Z]   → published · 1s · editor complete · director complete · creative complete · publisher approved
[2026-06-28T23:09:27.861Z] [5104/5133] RVTR982337 — The Only Way I Know — Jason Aldean Eric Church Luke Bryan (Editor queued — awaiting distill)
[2026-06-28T23:09:29.015Z]   → published · 1s · editor complete · director complete · creative complete · publisher approved
[2026-06-28T23:09:29.058Z] [5105/5133] RVTR982456 — Die Antwoord — Ugly Boy (Editor queued — awaiting distill)
[2026-06-28T23:09:30.230Z]   → published · 1s · editor complete · director complete · creative complete · publisher approved
[2026-06-28T23:09:30.272Z] [5106/5133] RVTR984477 — Akon — Right Now Na Na Na (Editor queued — awaiting distill)
[2026-06-28T23:09:31.448Z]   → published · 1s · editor complete · director complete · creative complete · publisher approved
[2026-06-28T23:09:31.491Z] [5107/5133] RVTR984731 — Linkin Park — Crawling (Editor queued — awaiting distill)
[2026-06-28T23:09:32.684Z]   → published · 1s · editor complete · director complete · creative complete · publisher approved
[2026-06-28T23:09:32.728Z] [5108/5133] RVTR985539 — John Lennon/plastic Ono Band — Imagine (Editor queued — awaiting distill)
[2026-06-28T23:09:33.928Z]   → published · 1s · editor complete · director complete · creative complete · publisher approved
[2026-06-28T23:09:33.970Z] [5109/5133] RVTR986424 — Devo — Girl U Want (Editor queued — awaiting distill)
[2026-06-28T23:09:35.129Z]   → published · 1s · editor complete · director complete · creative complete · publisher approved
[2026-06-28T23:09:35.172Z] [5110/5133] RVTR986755 — Dave Matthews Band — Crush (Editor queued — awaiting distill)
[2026-06-28T23:09:36.376Z]   → published · 1s · editor complete · director complete · creative complete · publisher approved
[2026-06-28T23:09:36.418Z] [5111/5133] RVTR987072 — Staind — Falling (Editor queued — awaiting distill)
[2026-06-28T23:09:37.606Z]   → published · 1s · editor complete · director complete · creative complete · publisher approved
[2026-06-28T23:09:37.649Z] [5112/5133] RVTR987715 — Kungs — Never Going Home (Editor queued — awaiting distill)
[2026-06-28T23:09:38.856Z]   → published · 1s · editor complete · director complete · creative complete · publisher approved
[2026-06-28T23:09:38.898Z] [5113/5133] RVTR988071 — Robert Miles — Children (Editor queued — awaiting distill)
[2026-06-28T23:09:40.094Z]   → published · 1s · editor complete · director complete · creative complete · publisher approved
[2026-06-28T23:09:40.136Z] [5114/5133] RVTR988121 — Liz Phair — Supernova (Editor queued — awaiting distill)
[2026-06-28T23:09:41.335Z]   → published · 1s · editor complete · director complete · creative complete · publisher approved
[2026-06-28T23:09:41.378Z] [5115/5133] RVTR989372 — P.o.d — Lights Out (Editor queued — awaiting distill)
[2026-06-28T23:09:42.579Z]   → published · 1s · editor complete · director complete · creative complete · publisher approved
[2026-06-28T23:09:42.622Z] [5116/5133] RVTR989856 — Aloe Blacc — I Need A Dollar (Editor queued — awaiting distill)
[2026-06-28T23:09:43.823Z]   → published · 1s · editor complete · director complete · creative complete · publisher approved
[2026-06-28T23:09:43.866Z] [5117/5133] RVTR989930 — D.h.t. F.edmee — I Go Crazy (Editor queued — awaiting distill)
[2026-06-28T23:09:45.066Z]   → published · 1s · editor complete · director complete · creative complete · publisher approved
[2026-06-28T23:09:45.111Z] [5118/5133] RVTR989967 — Baby Bash F./e-40 — Go Girl (Editor queued — awaiting distill)
[2026-06-28T23:09:46.282Z]   → published · 1s · editor complete · director complete · creative complete · publisher approved
[2026-06-28T23:09:46.325Z] [5119/5133] RVTR990811 — Bryan Adams — This Time (Editor queued — awaiting distill)
[2026-06-28T23:09:47.491Z]   → published · 1s · editor complete · director complete · creative complete · publisher approved
[2026-06-28T23:09:47.533Z] [5120/5133] RVTR991453 — Paul Hardcastle — 19 (Editor queued — awaiting distill)
[2026-06-28T23:09:48.732Z]   → published · 1s · editor complete · director complete · creative complete · publisher approved
[2026-06-28T23:09:48.775Z] [5121/5133] RVTR991676 — Foo Fighters — Big Me (Editor queued — awaiting distill)
[2026-06-28T23:09:49.970Z]   → published · 1s · editor complete · director complete · creative complete · publisher approved
[2026-06-28T23:09:50.012Z] [5122/5133] RVTR992217 — War — The World Is A Ghetto (Editor queued — awaiting distill)
[2026-06-28T23:09:51.244Z]   → published · 1s · editor complete · director complete · creative complete · publisher approved
[2026-06-28T23:09:51.287Z] [5123/5133] RVTR993009 — Blake Shelton — Boys 'Round Here (Editor queued — awaiting distill)
[2026-06-28T23:09:52.564Z]   → published · 1s · editor complete · director complete · creative complete · publisher approved
[2026-06-28T23:09:52.607Z] [5124/5133] RVTR994710 — Rush — Closer To The Heart (Editor queued — awaiting distill)
[2026-06-28T23:09:53.940Z]   → published · 1s · editor complete · director complete · creative complete · publisher approved
[2026-06-28T23:09:53.982Z] [5125/5133] RVTR996791 — J. Cole — Everybody Dies (Editor queued — awaiting distill)
[2026-06-28T23:09:55.186Z]   → published · 1s · editor complete · director complete · creative complete · publisher approved
[2026-06-28T23:09:55.229Z] [5126/5133] RVTR997058 — Lil Wayne — How To Love (Editor queued — awaiting distill)
[2026-06-28T23:09:56.445Z]   → published · 1s · editor complete · director complete · creative complete · publisher approved
[2026-06-28T23:09:56.492Z] [5127/5133] RVTR997074 — Hadouken! — Levitate (Editor queued — awaiting distill)
[2026-06-28T23:09:57.724Z]   → published · 1s · editor complete · director complete · creative complete · publisher approved
[2026-06-28T23:09:57.769Z] [5128/5133] RVTR997176 — Elvie Shane — My Boy (Editor queued — awaiting distill)
[2026-06-28T23:09:58.978Z]   → published · 1s · editor complete · director complete · creative complete · publisher approved
[2026-06-28T23:09:59.019Z] [5129/5133] RVTR997192 — Aaron Carter — Iko Iko (Editor queued — awaiting distill)
[2026-06-28T23:10:00.180Z]   → published · 1s · editor complete · director complete · creative complete · publisher approved
[2026-06-28T23:10:00.221Z] [5130/5133] RVTR997392 — Mariah Carey — Dreamlover (Editor queued — awaiting distill)
[2026-06-28T23:10:01.400Z]   → published · 1s · editor complete · director complete · creative complete · publisher approved
[2026-06-28T23:10:01.441Z] [5131/5133] RVTR997523 — Tommy Lee — Good Times (Editor queued — awaiting distill)
[2026-06-28T23:10:02.593Z]   → published · 1s · editor complete · director complete · creative complete · publisher approved
[2026-06-28T23:10:02.635Z] [5132/5133] RVTR998016 — Primus — Lacquer Head (Editor queued — awaiting distill)
[2026-06-28T23:10:03.799Z]   → published · 1s · editor complete · director complete · creative complete · publisher approved
[2026-06-28T23:10:03.840Z] [5133/5133] RVTR999120 — Jonny Lang — Lie To Me (Editor queued — awaiting distill)
[2026-06-28T23:10:05.023Z]   → published · 1s · editor complete · director complete · creative complete · publisher approved
[2026-06-28T23:10:05.120Z] --- Progress after 5133 processed ---
[2026-06-28T23:10:05.120Z] Collector complete: 5217
Editor complete: 3099
Director complete: 3095
Creative Review complete: 2107
Published: 84
Failed (this run): 7
Remaining (collector done, not published): 5133
[2026-06-28T23:10:05.171Z] Report: /Users/bobhopp/RETROVERSE_PUBLIC/reports/studio/COLLECTOR_BACKLOG_REPORT.md
[2026-06-28T23:10:05.219Z] --- Pipeline snapshot (after) ---
[2026-06-28T23:10:05.219Z] Collector complete: 5217
Editor complete: 3099
Director complete: 3095
Creative Review complete: 2107
Published: 84
Failed (this run): 7
Remaining (collector done, not published): 5133
