rvtr,song_title,artist,current_album_relationships,proposed_primary_album,album_id,rval,position,slot_title,evidence,conflict_flags,bucket,final_confidence,write_recommendation
"RVTR008488","S O S","rihanna","none","Loud","40805","RVAL397065","1","S&M","same canonical artist identity; unique album-track candidate slot; empty canonical_track_key target slot; existing RVAL relationship; album release year 2010","normalized_title_mismatch; missing_chart_year; multiple_rvtrs_target_same_album_track_slot","C_multiple_studio_album_candidates","0.95","bob_review"
"RVTR014606","Little Less Sixteen Candles A Little More Touch Me","fall out boy","none","Believers Never Die: Greatest Hits","23035","RVAL814694","8","A Little Less Sixteen Candles, A Little More ""Touch Me""","same canonical artist identity; unique album-track candidate slot; empty canonical_track_key target slot; existing RVAL relationship; album release year 2009","normalized_title_mismatch; missing_chart_year; multiple_rvtrs_target_same_album_track_slot","C_multiple_studio_album_candidates","0.95","bob_review"
"RVTR015393","Im With You","avril lavigne","none","Let Go","31393","RVAL023148","4","I’m With You","same canonical artist identity; unique album-track candidate slot; empty canonical_track_key target slot; existing RVAL relationship; album release year 2002","normalized_title_mismatch; missing_chart_year","H_album_title_ambiguity","0.95","remain_unresolved"
"RVTR016426","Livin' It Up","ja rule","none","Pain Is Love","38745","RVAL564838","3","Livin’ It Up","same canonical artist identity; unique album-track candidate slot; empty canonical_track_key target slot; exact normalized track title; existing RVAL relationship; album release year 2001","missing_chart_year; multiple_rvtrs_target_same_album_track_slot","C_multiple_studio_album_candidates","0.95","bob_review"
"RVTR018991","Travelin' Prayer","billy joel","none","Opus Collection","30871","RVAL192057","2","Travelin’ Prayer","same canonical artist identity; unique album-track candidate slot; empty canonical_track_key target slot; exact normalized track title; existing RVAL relationship; album release year 2012","missing_chart_year","B_compilation_only","0.8","remain_unresolved"
"RVTR021886","Same Ol Situation","motley crue","none","Live: Entertainment Or Death","30411","RVAL179544","18","Same Ol' Situation","same canonical artist identity; unique album-track candidate slot; empty canonical_track_key target slot; exact normalized track title; existing RVAL relationship; album release year 1999","missing_chart_year","D_live_recording","0.8","remain_unresolved"
"RVTR024630","Laugh Laugh","The Beau Brummels","none","The Beau Brummels","39103","RVAL418993","6","Laugh, Laugh","same canonical artist identity; unique album-track candidate slot; empty canonical_track_key target slot; exact normalized track title; existing RVAL relationship; album release year 1975; chart year 1965; chart/album year delta 10","chart_album_year_delta_10; artist_display_differs_from_canonical_row","G_artist_identity_conflict","0.95","bob_review"
"RVTR027266","Do You Remember Rock And Roll Radio","ramones","none","End Of The Century","41265","RVAL550200","6","Do You Remember Rock And Roll Radio","same canonical artist identity; unique album-track candidate slot; empty canonical_track_key target slot; exact normalized track title; existing RVAL relationship; album release year 1980","missing_chart_year; artist_display_differs_from_canonical_row","E_remix_or_alternate_version","0.95","bob_review"
"RVTR028181","Rollout My Business","ludacris","none","Word Of Mouf","24205","RVAL512613","2","Rollout (My Business)","same canonical artist identity; unique album-track candidate slot; empty canonical_track_key target slot; exact normalized track title; existing RVAL relationship; album release year 2001","missing_chart_year","A_original_studio_album_clearly_identifiable","1","promote_to_100"
"RVTR029938","Why","bronski beat","none","The Age Of Consent","25984","RVAL914477","1","Why?","same canonical artist identity; unique album-track candidate slot; empty canonical_track_key target slot; exact normalized track title; existing RVAL relationship; album release year 1985","missing_chart_year","A_original_studio_album_clearly_identifiable","1","promote_to_100"
"RVTR030079","Whose Problem","The Motels","none","Careful","42506","RVAL157782","8","Whose Problem?","same canonical artist identity; unique album-track candidate slot; empty canonical_track_key target slot; exact normalized track title; existing RVAL relationship; album release year 1980","missing_chart_year","A_original_studio_album_clearly_identifiable","1","promote_to_100"
"RVTR035840","Drivin' With Your Eyes Closed","don henley","none","Building The Perfect Beast","34853","RVAL974823","10","Drivin’ With Your Eyes Closed","same canonical artist identity; unique album-track candidate slot; empty canonical_track_key target slot; exact normalized track title; existing RVAL relationship; album release year 1984","missing_chart_year","A_original_studio_album_clearly_identifiable","1","promote_to_100"
"RVTR036292","Crazy Ex Girlfriend","miranda lambert","none","Crazy Ex-Girlfriend","27404","RVAL041951","4","Crazy Ex‐Girlfriend","same canonical artist identity; unique album-track candidate slot; empty canonical_track_key target slot; exact normalized track title; existing RVAL relationship; album release year 2007","missing_chart_year","A_original_studio_album_clearly_identifiable","1","promote_to_100"
"RVTR039831","Burnin' Sky","bad company","none","Burnin' Sky","27330","RVAL156828","1","Burnin’ Sky","same canonical artist identity; unique album-track candidate slot; empty canonical_track_key target slot; exact normalized track title; existing RVAL relationship; album release year 1977","missing_chart_year","A_original_studio_album_clearly_identifiable","1","promote_to_100"
"RVTR039892","You Are The One That I Want","olivia newton-john","none","Back To Basics/Essential Collection 1971-1992","25471","RVAL482223","14","You're The One That I Want","same canonical artist identity; unique album-track candidate slot; empty canonical_track_key target slot; existing RVAL relationship; album release year 1992","normalized_title_mismatch; missing_chart_year","B_compilation_only","0.8","remain_unresolved"
"RVTR041069","Feel Like Makin' Love","kid rock","none","Kid Rock","26632","RVAL060468","3","Feel Like Makin’ Love","same canonical artist identity; unique album-track candidate slot; empty canonical_track_key target slot; exact normalized track title; existing RVAL relationship; album release year 2003","missing_chart_year","A_original_studio_album_clearly_identifiable","1","promote_to_100"
"RVTR043084","Never Lookin' Back","kenny wayne shepherd band","none","How I Go","43175","RVAL013529","1","Never Lookin’ Back","same canonical artist identity; unique album-track candidate slot; empty canonical_track_key target slot; exact normalized track title; existing RVAL relationship; album release year 2011","missing_chart_year; artist_display_differs_from_canonical_row","G_artist_identity_conflict","0.95","bob_review"
"RVTR045340","Juicy","doja cat","none","Hot Pink","43547","RVAL000107","12","Juicy","same canonical artist identity; unique album-track candidate slot; empty canonical_track_key target slot; exact normalized track title; existing RVAL relationship; album release year 2021; chart year 2019; chart/album year delta 2","","A_original_studio_album_clearly_identifiable","1","promote_to_100"
"RVTR045850","Digital Did You Tell","stone sour","none","Audio Secrecy","35433","RVAL931084","3","Digital (Did You Tell)","same canonical artist identity; unique album-track candidate slot; empty canonical_track_key target slot; exact normalized track title; existing RVAL relationship; album release year 2010","missing_chart_year","A_original_studio_album_clearly_identifiable","1","promote_to_100"
"RVTR046215","No More I Love Yous","annie lennox","none","The Annie Lennox Collection","26385","RVAL776948","4","No More “I Love You’s”","same canonical artist identity; unique album-track candidate slot; empty canonical_track_key target slot; exact normalized track title; existing RVAL relationship; album release year 2009","missing_chart_year","B_compilation_only","0.8","remain_unresolved"
"RVTR058383","Polka Power","""weird al"" yankovic","none","Running With Scissors","40744","RVAL534676","7","Polka Power!","same canonical artist identity; unique album-track candidate slot; empty canonical_track_key target slot; exact normalized track title; existing RVAL relationship; album release year 1999","missing_chart_year","A_original_studio_album_clearly_identifiable","1","promote_to_100"
"RVTR058493","Poprocks Coke","green day","none","International Superhits!","23657","RVAL568949","2","Poprocks & Coke","same canonical artist identity; unique album-track candidate slot; empty canonical_track_key target slot; existing RVAL relationship; album release year 2001","normalized_title_mismatch; missing_chart_year","H_album_title_ambiguity","0.95","remain_unresolved"
"RVTR058557","Disarm","smashing pumpkins","none","{Rotten Apples} Greatest Hits","42823","RVAL053870","6","Disarm","same canonical artist identity; unique album-track candidate slot; empty canonical_track_key target slot; exact normalized track title; existing RVAL relationship; album release year 2001","missing_chart_year; artist_display_differs_from_canonical_row","B_compilation_only","0.8","remain_unresolved"
"RVTR063784","Foreplay Long Time","boston","none","Boston","34039","RVAL811647","3","Foreplay / Long Time","same canonical artist identity; unique album-track candidate slot; empty canonical_track_key target slot; exact normalized track title; existing RVAL relationship; album release year 1976","missing_chart_year","A_original_studio_album_clearly_identifiable","1","promote_to_100"
"RVTR075739","Your Cheatin' Heart","charlie rich","none","Charlie Rich Sings The Songs Of Hank Williams & Others","33181","RVAL027530","12","Your Cheatin' Heart","same canonical artist identity; unique album-track candidate slot; empty canonical_track_key target slot; exact normalized track title; existing RVAL relationship; album release year 1974","missing_chart_year","A_original_studio_album_clearly_identifiable","1","promote_to_100"
"RVTR077785","Country Folks Livin' Loud","The Lost Trailers","none","Holler Back","43249","RVAL213935","4","Country Folks (Livin' Loud)","same canonical artist identity; unique album-track candidate slot; empty canonical_track_key target slot; exact normalized track title; existing RVAL relationship; album release year 2008","missing_chart_year","A_original_studio_album_clearly_identifiable","1","promote_to_100"
"RVTR081301","Hi Hi Hi","wings","none","Wings Greatest","26914","RVAL418086","8","Hi Hi Hi","same canonical artist identity; unique album-track candidate slot; empty canonical_track_key target slot; exact normalized track title; existing RVAL relationship; album release year 1978; chart year 1972; chart/album year delta 6","chart_album_year_delta_6","B_compilation_only","0.8","remain_unresolved"
"RVTR083618","Will You Still Love Me Tomorrow","dave mason","none","The Best Of Dave Mason","22157","RVAL307458","4","Will You Still Love Me Tomorrow?","same canonical artist identity; unique album-track candidate slot; empty canonical_track_key target slot; exact normalized track title; existing RVAL relationship; album release year 1974; chart year 1978; chart/album year delta 4","chart_album_year_delta_4","B_compilation_only","0.8","remain_unresolved"
"RVTR084968","Gimme Some Lovin","spencer davis group","none","Gimme Some Lovin'","42576","RVAL507744","1","Gimme Some Lovin’","same canonical artist identity; unique album-track candidate slot; empty canonical_track_key target slot; exact normalized track title; existing RVAL relationship; album release year 1967","missing_chart_year; artist_display_differs_from_canonical_row; multiple_rvtrs_target_same_album_track_slot","C_multiple_studio_album_candidates","0.95","bob_review"
"RVTR094777","I Think Were Alone Now","tiffany","none","Tiffany","31933","RVAL517351","9","I Think We’re Alone Now","same canonical artist identity; unique album-track candidate slot; empty canonical_track_key target slot; existing RVAL relationship; album release year 1987","normalized_title_mismatch; missing_chart_year","H_album_title_ambiguity","0.95","remain_unresolved"
"RVTR095194","Stop Look Listen To Your Heart","The Stylistics","none","The Best Of The Stylistics","42260","RVAL756888","22","Stop, Look, Listen To Your Heart","same canonical artist identity; unique album-track candidate slot; empty canonical_track_key target slot; exact normalized track title; existing RVAL relationship; album release year 1975; chart year 1971; chart/album year delta 4","chart_album_year_delta_4","B_compilation_only","0.8","remain_unresolved"
"RVTR098324","Far Away Eyes","rolling stones","none","Some Girls","42308","RVAL930885","6","Far Away Eyes","same canonical artist identity; unique album-track candidate slot; empty canonical_track_key target slot; exact normalized track title; existing RVAL relationship; album release year 1978","missing_chart_year; artist_display_differs_from_canonical_row","G_artist_identity_conflict","0.95","bob_review"
"RVTR100307","Whole Lotta Shakin' Going On","jerry lee lewis","none","Original Golden Hits - Volume 1","30533","RVAL418206","7","Whole Lotta Shakin' Going On","same canonical artist identity; unique album-track candidate slot; empty canonical_track_key target slot; exact normalized track title; existing RVAL relationship; album release year 1969","missing_chart_year","B_compilation_only","0.8","remain_unresolved"
"RVTR100802","Ohio Come Back To Texas","bowling for soup","none","A Hangover You Don't Deserve","35126","RVAL590934","5","Ohio (Come Back To Texas)","same canonical artist identity; unique album-track candidate slot; empty canonical_track_key target slot; exact normalized track title; existing RVAL relationship; album release year 2004","missing_chart_year","A_original_studio_album_clearly_identifiable","1","promote_to_100"
"RVTR101553","Belle Banana Pancakes","jack johnson","none","En Concert","30083","RVAL504132","1","Belle / Banana Pancakes","same canonical artist identity; unique album-track candidate slot; empty canonical_track_key target slot; exact normalized track title; existing RVAL relationship; album release year 2009","missing_chart_year","D_live_recording","0.8","remain_unresolved"
"RVTR103854","Fallin'","alicia keys","none","VH1 Storytellers","26590","RVAL299095","6","Fallin’","same canonical artist identity; unique album-track candidate slot; empty canonical_track_key target slot; exact normalized track title; existing RVAL relationship; album release year 2013; chart year 2001; chart/album year delta 12","chart_album_year_delta_12; multiple_rvtrs_target_same_album_track_slot","C_multiple_studio_album_candidates","0.95","bob_review"
"RVTR103855","Fallin'","alicia keys","none","VH1 Storytellers","26590","RVAL299095","6","Fallin’","same canonical artist identity; unique album-track candidate slot; empty canonical_track_key target slot; exact normalized track title; existing RVAL relationship; album release year 2013","missing_chart_year; multiple_rvtrs_target_same_album_track_slot","C_multiple_studio_album_candidates","0.95","bob_review"
"RVTR111857","G D F R","flo rida","none","R.O.O.T.S. (Route Of Overcoming The Struggle)","29644","RVAL465835","9","R.O.O.T.S.","same canonical artist identity; unique album-track candidate slot; empty canonical_track_key target slot; existing RVAL relationship; album release year 2009; chart year 2014; chart/album year delta 5","normalized_title_mismatch; chart_album_year_delta_5","H_album_title_ambiguity","0.95","remain_unresolved"
"RVTR112422","Doin' Time","sublime","none","Greatest Hits","26713","RVAL147770","9","Doin’ Time","same canonical artist identity; unique album-track candidate slot; empty canonical_track_key target slot; exact normalized track title; existing RVAL relationship; album release year 1999","missing_chart_year","B_compilation_only","0.8","remain_unresolved"
"RVTR119748","Ill Always Love You","taylor dayne","none","Tell It To My Heart","26641","RVAL117976","4","I’ll Always Love You","same canonical artist identity; unique album-track candidate slot; empty canonical_track_key target slot; existing RVAL relationship; album release year 1988","normalized_title_mismatch; missing_chart_year","H_album_title_ambiguity","0.95","remain_unresolved"
"RVTR123406","Gangstas Paradise","coolio","none","Gangsta's Paradise","38716","RVAL285025","2","Gangsta’s Paradise","same canonical artist identity; unique album-track candidate slot; empty canonical_track_key target slot; exact normalized track title; existing RVAL relationship; album release year 1995","missing_chart_year","A_original_studio_album_clearly_identifiable","1","promote_to_100"
"RVTR133803","Dont Bring Me Down","electric light orchestra","none","All Over The World: The Very Best Of Electric Light Orchestra","23546","RVAL127409","3","Don’t Bring Me Down","same canonical artist identity; unique album-track candidate slot; empty canonical_track_key target slot; existing RVAL relationship; album release year 2012","normalized_title_mismatch; missing_chart_year","B_compilation_only","0.8","remain_unresolved"
"RVTR140687","D I V O R C E","tammy wynette","none","Tammy's Greatest Hits","29650","RVAL769189","5","D‐I‐V‐O‐R‐C‐E","same canonical artist identity; unique album-track candidate slot; empty canonical_track_key target slot; exact normalized track title; existing RVAL relationship; album release year 1969","missing_chart_year","B_compilation_only","0.8","remain_unresolved"
"RVTR145027","Wish You Were Dead","lola young","none","This Wasn’t Meant For You Anyway","43485","RVAL000038","2","Wish You Were Dead","same canonical artist identity; unique album-track candidate slot; empty canonical_track_key target slot; exact normalized track title; existing RVAL relationship; album release year 2024","missing_chart_year","A_original_studio_album_clearly_identifiable","1","promote_to_100"
"RVTR146378","Wild Eyed Southern Boys","38 special","none","Wild-Eyed Southern Boys","32107","RVAL358514","3","Wild‐Eyed Southern Boys","same canonical artist identity; unique album-track candidate slot; empty canonical_track_key target slot; exact normalized track title; existing RVAL relationship; album release year 1981","missing_chart_year","A_original_studio_album_clearly_identifiable","1","promote_to_100"
"RVTR150095","Power Of Love Love Power","luther vandross","none","One Night With You -- The Best Of Love Volume 2","25214","RVAL229003","13","Power Of Love / Love Power","same canonical artist identity; unique album-track candidate slot; empty canonical_track_key target slot; exact normalized track title; existing RVAL relationship; album release year 1997","missing_chart_year; multiple_rvtrs_target_same_album_track_slot","C_multiple_studio_album_candidates","0.95","bob_review"
"RVTR150096","Power Of Love Love Power","luther vandross","none","One Night With You -- The Best Of Love Volume 2","25214","RVAL229003","13","Power Of Love / Love Power","same canonical artist identity; unique album-track candidate slot; empty canonical_track_key target slot; exact normalized track title; existing RVAL relationship; album release year 1997; chart year 1991; chart/album year delta 6","chart_album_year_delta_6; multiple_rvtrs_target_same_album_track_slot","C_multiple_studio_album_candidates","0.95","bob_review"
"RVTR151405","You Gotta Fight For Your Right To Party","beastie boys","none","Beastie Boys Anthology: The Sounds Of Science","26297","RVAL726878","32","(You Gotta ) Fight For Your Right (To Party)","same canonical artist identity; unique album-track candidate slot; empty canonical_track_key target slot; exact normalized track title; existing RVAL relationship; album release year 1999; chart year 1986; chart/album year delta 13","chart_album_year_delta_13","B_compilation_only","0.8","remain_unresolved"
"RVTR152624","Whod She Coo","ohio players","none","Contradiction","37783","RVAL042529","5","Who’d She Coo?","same canonical artist identity; unique album-track candidate slot; empty canonical_track_key target slot; existing RVAL relationship; album release year 1976","normalized_title_mismatch; missing_chart_year","H_album_title_ambiguity","0.95","remain_unresolved"
"RVTR153215","Walkin' On The Sun","smash mouth","none","All Star: The Smash Hits","27928","RVAL287910","8","Walkin' On The Sun","same canonical artist identity; unique album-track candidate slot; empty canonical_track_key target slot; exact normalized track title; existing RVAL relationship; album release year 2005","missing_chart_year","B_compilation_only","0.8","remain_unresolved"
"RVTR158408","We Are All To Blame","sum 41","none","All The Good Sh**: 14 Solid Gold Hits 2000 - 2008","30998","RVAL696003","15","We're All To Blame","same canonical artist identity; unique album-track candidate slot; empty canonical_track_key target slot; existing RVAL relationship; album release year 2009","normalized_title_mismatch; missing_chart_year","B_compilation_only","0.8","remain_unresolved"
"RVTR159065","Pushin' Weight","ice cube","none","Greatest Hits","34936","RVAL576473","1","Pushin’ Weight","same canonical artist identity; unique album-track candidate slot; empty canonical_track_key target slot; exact normalized track title; existing RVAL relationship; album release year 2001; chart year 1998; chart/album year delta 3","chart_album_year_delta_3","B_compilation_only","0.8","remain_unresolved"
"RVTR161536","Sadeness Part I","enigma","none","The Fall Of A Rebel Angel","30263","RVAL544102","7","Sadeness, Part II","same canonical artist identity; unique album-track candidate slot; empty canonical_track_key target slot; existing RVAL relationship; album release year 2016","normalized_title_mismatch; missing_chart_year","H_album_title_ambiguity","0.95","remain_unresolved"
"RVTR162328","Your Good Girls Gonna Go Bad","tammy wynette","none","Tammy's Greatest Hits","29650","RVAL769189","7","Your Good Girl’s Gonna Go Bad","same canonical artist identity; unique album-track candidate slot; empty canonical_track_key target slot; exact normalized track title; existing RVAL relationship; album release year 1969","missing_chart_year","B_compilation_only","0.8","remain_unresolved"
"RVTR163515","I G Y","donald fagen","none","The Nightfly","22424","RVAL704416","9","I.G.Y.","same canonical artist identity; unique album-track candidate slot; empty canonical_track_key target slot; exact normalized track title; existing RVAL relationship; album release year 1982","missing_chart_year","A_original_studio_album_clearly_identifiable","1","promote_to_100"
"RVTR163712","Baby Baby Baby","tlc","none","20","34267","RVAL478797","3","Baby‐Baby‐Baby","same canonical artist identity; unique album-track candidate slot; empty canonical_track_key target slot; exact normalized track title; existing RVAL relationship; album release year 2013","missing_chart_year","A_original_studio_album_clearly_identifiable","1","promote_to_100"
"RVTR166486","You Cant Sit Down","dovells","none","You Can't Sit Down","42962","RVAL669715","1","You Can’t Sit Down","same canonical artist identity; unique album-track candidate slot; empty canonical_track_key target slot; existing RVAL relationship; album release year 1963","normalized_title_mismatch; missing_chart_year; artist_display_differs_from_canonical_row","H_album_title_ambiguity","0.95","remain_unresolved"
"RVTR168235","St Jimmy","green day","none","Bullet In A Bible","23651","RVAL644084","5","St. Jimmy","same canonical artist identity; unique album-track candidate slot; empty canonical_track_key target slot; exact normalized track title; existing RVAL relationship; album release year 2005","missing_chart_year","A_original_studio_album_clearly_identifiable","1","promote_to_100"
"RVTR170490","Drinkin' Bone","tracy byrd","none","The Truth About Men","22130","RVAL530303","1","Drinkin’ Bone","same canonical artist identity; unique album-track candidate slot; empty canonical_track_key target slot; exact normalized track title; existing RVAL relationship; album release year 2003","missing_chart_year","A_original_studio_album_clearly_identifiable","1","promote_to_100"
"RVTR176439","Lets Ride","montell jordan","none","Let's Ride","40405","RVAL602123","3","Let’s Ride","same canonical artist identity; unique album-track candidate slot; empty canonical_track_key target slot; existing RVAL relationship; album release year 1998","normalized_title_mismatch; missing_chart_year","H_album_title_ambiguity","0.95","remain_unresolved"
"RVTR177519","Perhaps Perhaps Perhaps","cake","none","Fashion Nugget","29885","RVAL631048","9","Perhaps, Perhaps, Perhaps","same canonical artist identity; unique album-track candidate slot; empty canonical_track_key target slot; exact normalized track title; existing RVAL relationship; album release year 1996","missing_chart_year","A_original_studio_album_clearly_identifiable","1","promote_to_100"
"RVTR178658","Drivin' My Life Away","eddie rabbitt","none","Horizon","30710","RVAL531370","3","Drivin’ My Life Away","same canonical artist identity; unique album-track candidate slot; empty canonical_track_key target slot; exact normalized track title; existing RVAL relationship; album release year 1980","missing_chart_year","A_original_studio_album_clearly_identifiable","1","promote_to_100"
"RVTR185153","Stop Draggin' My Heart Around","stevie nicks","none","Crystal Visions... The Very Best Of Stevie Nicks","31509","RVAL505516","5","Stop Draggin’ My Heart Around","same canonical artist identity; unique album-track candidate slot; empty canonical_track_key target slot; exact normalized track title; existing RVAL relationship; album release year 2007","missing_chart_year","B_compilation_only","0.8","remain_unresolved"
"RVTR190370","Question","system of a down","none","Mezmerize","26623","RVAL150248","8","Question!","same canonical artist identity; unique album-track candidate slot; empty canonical_track_key target slot; exact normalized track title; existing RVAL relationship; album release year 2005","missing_chart_year","A_original_studio_album_clearly_identifiable","1","promote_to_100"
"RVTR191560","Johnny B Goode","elton john","none","Victim Of Love","37650","RVAL835768","1","Johnny B. Goode","same canonical artist identity; unique album-track candidate slot; empty canonical_track_key target slot; exact normalized track title; existing RVAL relationship; album release year 1979","missing_chart_year","A_original_studio_album_clearly_identifiable","1","promote_to_100"
"RVTR191573","Susie Dramas","elton john","none","Honky Chateau","37625","RVAL468685","11","Susie (Dramas)","same canonical artist identity; unique album-track candidate slot; empty canonical_track_key target slot; exact normalized track title; existing RVAL relationship; album release year 1972","missing_chart_year","A_original_studio_album_clearly_identifiable","1","promote_to_100"
"RVTR193964","They Dont Know","jon b","none","Cool Relax","25540","RVAL482030","4","They Don’t Know","same canonical artist identity; unique album-track candidate slot; empty canonical_track_key target slot; existing RVAL relationship; album release year 1997","normalized_title_mismatch; missing_chart_year","H_album_title_ambiguity","0.95","remain_unresolved"
"RVTR195395","Peek A Boo","devo","none","Oh No! It's Devo","37578","RVAL300068","2","Peek·A·Boo!","same canonical artist identity; unique album-track candidate slot; empty canonical_track_key target slot; exact normalized track title; existing RVAL relationship; album release year 1982","missing_chart_year","A_original_studio_album_clearly_identifiable","1","promote_to_100"
"RVTR195503","Love Pride","king","none","Steps In Time","29994","RVAL354293","2","Love & Pride","same canonical artist identity; unique album-track candidate slot; empty canonical_track_key target slot; existing RVAL relationship; album release year 1985","normalized_title_mismatch; missing_chart_year","H_album_title_ambiguity","0.95","remain_unresolved"
"RVTR199155","Try Yah Love","third world","none","You've Got The Power","22368","RVAL162872","1","Try Jah Love","same canonical artist identity; unique album-track candidate slot; empty canonical_track_key target slot; existing RVAL relationship; album release year 1982","normalized_title_mismatch; missing_chart_year","H_album_title_ambiguity","0.95","remain_unresolved"
"RVTR199498","Please Mr Sun","The Vogues","none","The Vogues' Greatest Hits","42740","RVAL892629","12","Please Mr Sun","same canonical artist identity; unique album-track candidate slot; empty canonical_track_key target slot; exact normalized track title; existing RVAL relationship; album release year 1970; chart year 1966; chart/album year delta 4","chart_album_year_delta_4","B_compilation_only","0.8","remain_unresolved"
"RVTR209007","Can You Feel The Love Tonight","elton john","none","Greatest Hits, Vol. III 1979-1987","37623","RVAL953032","7","Can You Feel The Love Tonight?","same canonical artist identity; unique album-track candidate slot; empty canonical_track_key target slot; exact normalized track title; existing RVAL relationship; album release year 1987","missing_chart_year","B_compilation_only","0.8","remain_unresolved"
"RVTR213083","Me Mr Jones","amy winehouse","none","Back To Black","39608","RVAL460130","3","Me & Mr Jones","same canonical artist identity; unique album-track candidate slot; empty canonical_track_key target slot; existing RVAL relationship; album release year 2007","normalized_title_mismatch; missing_chart_year","H_album_title_ambiguity","0.95","remain_unresolved"
"RVTR216814","Girl Panic","duran duran","none","All You Need Is Now","35271","RVAL207450","6","Girl Panic!","same canonical artist identity; unique album-track candidate slot; empty canonical_track_key target slot; exact normalized track title; existing RVAL relationship; album release year 2011","missing_chart_year","A_original_studio_album_clearly_identifiable","1","promote_to_100"
"RVTR225048","H Y B","j. cole","none","2014 Forest Hills Drive","29379","RVAL895245","8","G.O.M.D.","same canonical artist identity; unique album-track candidate slot; empty canonical_track_key target slot; existing RVAL relationship; album release year 2014; chart year 2024; chart/album year delta 10","normalized_title_mismatch; chart_album_year_delta_10","H_album_title_ambiguity","0.95","remain_unresolved"
"RVTR230404","They Long To Be Close To You","gwen guthrie","none","Good To Go Lover","25900","RVAL998913","1","(They Long To Be) Close To You","same canonical artist identity; unique album-track candidate slot; empty canonical_track_key target slot; exact normalized track title; existing RVAL relationship; album release year 1986","missing_chart_year","A_original_studio_album_clearly_identifiable","1","promote_to_100"
"RVTR236629","Good Man","emerson drive","none","Countrified","26348","RVAL729983","1","A Good Man","same canonical artist identity; unique album-track candidate slot; empty canonical_track_key target slot; existing RVAL relationship; album release year 2007","normalized_title_mismatch; missing_chart_year","H_album_title_ambiguity","0.95","remain_unresolved"
"RVTR237801","Whats Your Fantasy","ludacris","none","Back For The First Time","24196","RVAL225632","4","What’s Your Fantasy","same canonical artist identity; unique album-track candidate slot; empty canonical_track_key target slot; existing RVAL relationship; album release year 2000","normalized_title_mismatch; missing_chart_year","H_album_title_ambiguity","0.95","remain_unresolved"
"RVTR240496","Would","alice in chains","none","Nothing Safe","39081","RVAL303753","1","Would?","same canonical artist identity; unique album-track candidate slot; empty canonical_track_key target slot; exact normalized track title; existing RVAL relationship; album release year 1999","missing_chart_year","A_original_studio_album_clearly_identifiable","1","promote_to_100"
"RVTR245483","Green Grass And High Tides","outlaws","none","Bring It Back Alive","42729","RVAL773572","3","Green Grass And High Tides","same canonical artist identity; unique album-track candidate slot; empty canonical_track_key target slot; exact normalized track title; existing RVAL relationship; album release year 1978","missing_chart_year; artist_display_differs_from_canonical_row","G_artist_identity_conflict","0.95","bob_review"
"RVTR257408","Do You Mind","andy williams","none","Canadian Sunset","31773","RVAL626572","4","Do You Mind","same canonical artist identity; unique album-track candidate slot; empty canonical_track_key target slot; exact normalized track title; existing RVAL relationship; album release year 1965; chart year 1960; chart/album year delta 5","chart_album_year_delta_5","A_original_studio_album_clearly_identifiable","0.95","bob_review"
"RVTR257567","Dream 1","elton john","none","The Diving Board","37642","RVAL315252","5","Dream #1","same canonical artist identity; unique album-track candidate slot; empty canonical_track_key target slot; exact normalized track title; existing RVAL relationship; album release year 2013","missing_chart_year","A_original_studio_album_clearly_identifiable","1","promote_to_100"
"RVTR263243","Uncle Albert Admiral Halsey","paul mccartney","none","Wingspan: Hits And History","25870","RVAL291488","6","Uncle Albert/Admiral Halsey","same canonical artist identity; unique album-track candidate slot; empty canonical_track_key target slot; exact normalized track title; existing RVAL relationship; album release year 2001","missing_chart_year","B_compilation_only","0.8","remain_unresolved"
"RVTR265778","20 75","willie mitchell","none","Willie Mitchell Live","35177","RVAL472389","1","20 - 75","same canonical artist identity; unique album-track candidate slot; empty canonical_track_key target slot; exact normalized track title; existing RVAL relationship; album release year 1968; chart year 1964; chart/album year delta 4","chart_album_year_delta_4","D_live_recording","0.8","remain_unresolved"
"RVTR272016","Sexy M F","prince","none","The Hits/The B-Sides","38948","RVAL202261","28","Sexy M.F.","same canonical artist identity; unique album-track candidate slot; empty canonical_track_key target slot; exact normalized track title; existing RVAL relationship; album release year 1993","missing_chart_year","B_compilation_only","0.8","remain_unresolved"
"RVTR278566","You Make Me Feel Like A Natural Woman","carole king","none","The Legendary Demos","34523","RVAL936085","4","(You Make Me Feel Like) A Natural Woman","same canonical artist identity; unique album-track candidate slot; empty canonical_track_key target slot; exact normalized track title; existing RVAL relationship; album release year 2012","missing_chart_year","A_original_studio_album_clearly_identifiable","1","promote_to_100"
"RVTR282193","Oh Well Pt I","fleetwood mac","none","50 Years: Don't Stop","34685","RVAL335875","6","Oh Well, Pt. I","same canonical artist identity; unique album-track candidate slot; empty canonical_track_key target slot; exact normalized track title; existing RVAL relationship; album release year 2018; chart year 1970; chart/album year delta 48","chart_album_year_delta_48","A_original_studio_album_clearly_identifiable","0.95","bob_review"
"RVTR284305","Hello Darlin'","conway twitty","none","25 Number Ones","30050","RVAL237598","3","Hello Darlin’","same canonical artist identity; unique album-track candidate slot; empty canonical_track_key target slot; exact normalized track title; existing RVAL relationship; album release year 2004; chart year 1970; chart/album year delta 34","chart_album_year_delta_34; multiple_rvtrs_target_same_album_track_slot","C_multiple_studio_album_candidates","0.95","bob_review"
"RVTR284306","Hello Darlin'","conway twitty","none","25 Number Ones","30050","RVAL237598","3","Hello Darlin’","same canonical artist identity; unique album-track candidate slot; empty canonical_track_key target slot; exact normalized track title; existing RVAL relationship; album release year 2004","missing_chart_year; multiple_rvtrs_target_same_album_track_slot","C_multiple_studio_album_candidates","0.95","bob_review"
"RVTR292313","Mo Onions","booker t","none","Booker T. & Priscilla","23074","RVAL216347","4","Mo' Onions","same canonical artist identity; unique album-track candidate slot; empty canonical_track_key target slot; exact normalized track title; existing RVAL relationship; album release year 1971; chart year 1964; chart/album year delta 7","chart_album_year_delta_7","A_original_studio_album_clearly_identifiable","0.95","bob_review"
"RVTR298286","Stayin Alive","The Bee Gees","none","The Ultimate Bee Gees","24118","RVAL717620","2","Stayin’ Alive","same canonical artist identity; unique album-track candidate slot; empty canonical_track_key target slot; exact normalized track title; existing RVAL relationship; album release year 2009","missing_chart_year; artist_display_differs_from_canonical_row; multiple_rvtrs_target_same_album_track_slot","C_multiple_studio_album_candidates","0.95","bob_review"
"RVTR298766","Did He Shoot Her","elton john","none","Breaking Hearts","37610","RVAL328583","9","Did He Shoot Her?","same canonical artist identity; unique album-track candidate slot; empty canonical_track_key target slot; exact normalized track title; existing RVAL relationship; album release year 1984","missing_chart_year","A_original_studio_album_clearly_identifiable","1","promote_to_100"
"RVTR300220","Freedom '90","george michael","none","Ladies & Gentlemen: The Best Of George Michael","30653","RVAL310476","4","Freedom! ’90","same canonical artist identity; unique album-track candidate slot; empty canonical_track_key target slot; exact normalized track title; existing RVAL relationship; album release year 1998","missing_chart_year","B_compilation_only","0.8","remain_unresolved"
"RVTR301861","Run Run Look And See","brian hyland","none","Brian Hyland","32932","RVAL490389","16","Run Run Look And See","same canonical artist identity; unique album-track candidate slot; empty canonical_track_key target slot; exact normalized track title; existing RVAL relationship; album release year 1971; chart year 1966; chart/album year delta 5","chart_album_year_delta_5","A_original_studio_album_clearly_identifiable","0.95","bob_review"
"RVTR305141","Rockin' Years","dolly parton","none","Eagle When She Flies","26968","RVAL651812","2","Rockin’ Years","same canonical artist identity; unique album-track candidate slot; empty canonical_track_key target slot; exact normalized track title; existing RVAL relationship; album release year 1991","missing_chart_year","A_original_studio_album_clearly_identifiable","1","promote_to_100"
"RVTR306794","Do You Remember Remember","jack johnson","none","En Concert","30083","RVAL504132","3","Do You Remember / Remember","same canonical artist identity; unique album-track candidate slot; empty canonical_track_key target slot; exact normalized track title; existing RVAL relationship; album release year 2009","missing_chart_year","D_live_recording","0.8","remain_unresolved"
"RVTR308904","Im So Proud","impressions","none","The Never Ending Impressions","43117","RVAL838804","8","I’m So Proud","same canonical artist identity; unique album-track candidate slot; empty canonical_track_key target slot; existing RVAL relationship; album release year 1964","normalized_title_mismatch; missing_chart_year; artist_display_differs_from_canonical_row","H_album_title_ambiguity","0.95","remain_unresolved"
"RVTR312836","Dreams","corrs","none","Talk On Corners: Special Edition","42433","RVAL614290","13","Dreams","same canonical artist identity; unique album-track candidate slot; empty canonical_track_key target slot; exact normalized track title; existing RVAL relationship; album release year 1999","missing_chart_year; artist_display_differs_from_canonical_row","G_artist_identity_conflict","0.95","bob_review"
"RVTR313344","Its My Life","no doubt","none","The Singles 1992-2003","39381","RVAL781004","2","It’s My Life","same canonical artist identity; unique album-track candidate slot; empty canonical_track_key target slot; exact normalized track title; existing RVAL relationship; album release year 2003","missing_chart_year","B_compilation_only","0.8","remain_unresolved"
"RVTR320726","We Dont Need Another Hero","tina turner","none","Tina Live","34075","RVAL223757","7","We Don’t Need Another Hero","same canonical artist identity; unique album-track candidate slot; empty canonical_track_key target slot; existing RVAL relationship; album release year 2009","normalized_title_mismatch; missing_chart_year","D_live_recording","0.8","remain_unresolved"
"RVTR321800","Any Time Any Place","janet jackson","none","janet.","22090","RVAL416252","15","Any Time, Any Place","same canonical artist identity; unique album-track candidate slot; empty canonical_track_key target slot; exact normalized track title; existing RVAL relationship; album release year 1993","missing_chart_year","A_original_studio_album_clearly_identifiable","1","promote_to_100"
"RVTR322834","Oh Baby I","eternal","none","Always & Forever","37735","RVAL930018","4","Oh Baby, I…","same canonical artist identity; unique album-track candidate slot; empty canonical_track_key target slot; exact normalized track title; existing RVAL relationship; album release year 1994","missing_chart_year","A_original_studio_album_clearly_identifiable","1","promote_to_100"
"RVTR323924","Blowin In The Wind","stevie wonder","none","Stevie Wonder Live","26813","RVAL347884","12","Blowin' In The Wind","same canonical artist identity; unique album-track candidate slot; empty canonical_track_key target slot; exact normalized track title; existing RVAL relationship; album release year 1970; chart year 1966; chart/album year delta 4","chart_album_year_delta_4","D_live_recording","0.8","remain_unresolved"
"RVTR324450","Baby We Better Try To Get It Together","barry white","none","The Best Of Barry White: 20th Century Masters The Millennium Collection","21948","RVAL475419","11","Baby We Better Try To Get It Together","same canonical artist identity; unique album-track candidate slot; empty canonical_track_key target slot; exact normalized track title; existing RVAL relationship; album release year 2003; chart year 1976; chart/album year delta 27","chart_album_year_delta_27","B_compilation_only","0.8","remain_unresolved"
"RVTR324819","Look Ma No Hands","elton john","none","Songs From The West Coast","37639","RVAL777465","3","Look Ma, No Hands","same canonical artist identity; unique album-track candidate slot; empty canonical_track_key target slot; exact normalized track title; existing RVAL relationship; album release year 2001","missing_chart_year","A_original_studio_album_clearly_identifiable","1","promote_to_100"
"RVTR326027","The Wandering Kind Prelude","josh groban","none","Illuminations","26447","RVAL844375","1","The Wandering Kind (Prelude)","same canonical artist identity; unique album-track candidate slot; empty canonical_track_key target slot; exact normalized track title; existing RVAL relationship; album release year 2010","missing_chart_year","A_original_studio_album_clearly_identifiable","1","promote_to_100"
"RVTR330993","5 4 3 2 1","manfred mann","none","The Mighty Quinn","28839","RVAL475773","3","5‐4‐3‐2‐1","same canonical artist identity; unique album-track candidate slot; empty canonical_track_key target slot; exact normalized track title; existing RVAL relationship; album release year 1968","missing_chart_year","A_original_studio_album_clearly_identifiable","1","promote_to_100"
"RVTR331509","Yes We Can Can","pointer sisters","none","The Pointer Sisters","42504","RVAL909077","1","Yes We Can, Can","same canonical artist identity; unique album-track candidate slot; empty canonical_track_key target slot; exact normalized track title; existing RVAL relationship; album release year 1973","missing_chart_year; artist_display_differs_from_canonical_row","G_artist_identity_conflict","0.95","bob_review"
"RVTR331687","Ghost Town","benson boone","none","Fireworks & Rollerblades","43492","RVAL000045","12","Ghost Town","same canonical artist identity; unique album-track candidate slot; empty canonical_track_key target slot; exact normalized track title; existing RVAL relationship; album release year 2024; chart year 2021; chart/album year delta 3","chart_album_year_delta_3","A_original_studio_album_clearly_identifiable","0.95","bob_review"
"RVTR332790","I Dont Want Your Love","duran duran","none","Big Thing","35274","RVAL365870","2","I Don’t Want Your Love","same canonical artist identity; unique album-track candidate slot; empty canonical_track_key target slot; existing RVAL relationship; album release year 1988","normalized_title_mismatch; missing_chart_year","H_album_title_ambiguity","0.95","remain_unresolved"
"RVTR337109","Its Over","roy orbison","none","Black & White Night: 30","38247","RVAL456083","8","It’s Over","same canonical artist identity; unique album-track candidate slot; empty canonical_track_key target slot; exact normalized track title; existing RVAL relationship; album release year 1989","missing_chart_year","A_original_studio_album_clearly_identifiable","1","promote_to_100"
"RVTR340797","Wreck Of The Old '97","johnny cash","none","The Legend Of Johnny Cash","27923","RVAL987198","10","Wreck Of The Old 97","same canonical artist identity; unique album-track candidate slot; empty canonical_track_key target slot; exact normalized track title; existing RVAL relationship; album release year 2005","missing_chart_year","A_original_studio_album_clearly_identifiable","1","promote_to_100"
"RVTR341576","Bottle Pop","pussycat dolls","none","Doll Domination","41754","RVAL784368","18","Bottle Pop","same canonical artist identity; unique album-track candidate slot; empty canonical_track_key target slot; exact normalized track title; existing RVAL relationship; album release year 2008","missing_chart_year; artist_display_differs_from_canonical_row","G_artist_identity_conflict","0.95","bob_review"
"RVTR351940","X","xzibit","none","Weapons Of Mass Destruction","24252","RVAL679248","1","LAX","same canonical artist identity; unique album-track candidate slot; empty canonical_track_key target slot; existing RVAL relationship; album release year 2005; chart year 2000; chart/album year delta 5","normalized_title_mismatch; chart_album_year_delta_5","H_album_title_ambiguity","0.95","remain_unresolved"
"RVTR355087","Girls","prodigy","none","Always Outnumbered, Never Outgunned","41167","RVAL863701","2","Girls","same canonical artist identity; unique album-track candidate slot; empty canonical_track_key target slot; exact normalized track title; existing RVAL relationship; album release year 2004","missing_chart_year; artist_display_differs_from_canonical_row","G_artist_identity_conflict","0.95","bob_review"
"RVTR373547","Dont Wanna Try","frankie j","none","What's A Man To Do?","28352","RVAL194137","1","Don’t Wanna Try","same canonical artist identity; unique album-track candidate slot; empty canonical_track_key target slot; existing RVAL relationship; album release year 2003","normalized_title_mismatch; missing_chart_year","H_album_title_ambiguity","0.95","remain_unresolved"
"RVTR374145","Bye Bye Love","everly brothers","none","The Everly Brothers' Original Greatest Hits","43292","RVAL035285","1","Bye, Bye Love","same canonical artist identity; unique album-track candidate slot; empty canonical_track_key target slot; exact normalized track title; existing RVAL relationship; album release year 1970","missing_chart_year; artist_display_differs_from_canonical_row","B_compilation_only","0.8","remain_unresolved"
"RVTR375174","Papas Got A Brand New Bag","james brown","none","Everybody's Doin' The Hustle & Dead Double Bump","33234","RVAL564434","5","Papa's Got A Brand New Bag","same canonical artist identity; unique album-track candidate slot; empty canonical_track_key target slot; exact normalized track title; existing RVAL relationship; album release year 1975","missing_chart_year","A_original_studio_album_clearly_identifiable","1","promote_to_100"
"RVTR379128","Bloodletting The Vampire Song","concrete blonde","none","Bloodletting","25402","RVAL329161","1","Bloodletting (The Vampire Song)","same canonical artist identity; unique album-track candidate slot; empty canonical_track_key target slot; exact normalized track title; existing RVAL relationship; album release year 1990","missing_chart_year","A_original_studio_album_clearly_identifiable","1","promote_to_100"
"RVTR380245","I Just Want It To Be Over","keyshia cole","none","The Way It Is","34416","RVAL790543","1","(I Just Want It) To Be Over","same canonical artist identity; unique album-track candidate slot; empty canonical_track_key target slot; exact normalized track title; existing RVAL relationship; album release year 2005","missing_chart_year","A_original_studio_album_clearly_identifiable","1","promote_to_100"
"RVTR381004","Lookin' Out My Back Door","creedence clearwater revival","none","More Creedence Gold","35453","RVAL282331","5","Lookin’ Out My Back Door","same canonical artist identity; unique album-track candidate slot; empty canonical_track_key target slot; exact normalized track title; existing RVAL relationship; album release year 1973","missing_chart_year","A_original_studio_album_clearly_identifiable","1","promote_to_100"
"RVTR383333","Aint Even Done With The Night","john mellencamp","none","The Best That I Could Do 1978 - 1988","31085","RVAL623014","14","Ain't Even Done With The Night","same canonical artist identity; unique album-track candidate slot; empty canonical_track_key target slot; exact normalized track title; existing RVAL relationship; album release year 1997","missing_chart_year","A_original_studio_album_clearly_identifiable","1","promote_to_100"
"RVTR393068","Whats Up","4 non blondes","none","Bigger, Better, Faster, More!","37413","RVAL995742","3","What’s Up","same canonical artist identity; unique album-track candidate slot; empty canonical_track_key target slot; existing RVAL relationship; album release year 1993","normalized_title_mismatch; missing_chart_year","H_album_title_ambiguity","0.95","remain_unresolved"
"RVTR394128","E I","nelly","none","Brass Knuckles","37824","RVAL642546","3","LA","same canonical artist identity; unique album-track candidate slot; empty canonical_track_key target slot; existing RVAL relationship; album release year 2008","normalized_title_mismatch; missing_chart_year","H_album_title_ambiguity","0.95","remain_unresolved"
"RVTR398193","Are You Sincere","andy williams","none","Canadian Sunset","31773","RVAL626572","6","Are You Sincere?","same canonical artist identity; unique album-track candidate slot; empty canonical_track_key target slot; exact normalized track title; existing RVAL relationship; album release year 1965","missing_chart_year","A_original_studio_album_clearly_identifiable","1","promote_to_100"
"RVTR402770","Cinema Paradiso Se","josh groban","none","Josh Groban","26448","RVAL218134","4","Cinema Paradiso (Se)","same canonical artist identity; unique album-track candidate slot; empty canonical_track_key target slot; exact normalized track title; existing RVAL relationship; album release year 2001","missing_chart_year","A_original_studio_album_clearly_identifiable","1","promote_to_100"
"RVTR404234","Ooh La La","The Faces","none","Ooh La La","37399","RVAL160428","10","Ooh La La","same canonical artist identity; unique album-track candidate slot; empty canonical_track_key target slot; exact normalized track title; existing RVAL relationship; album release year 1973","missing_chart_year; artist_display_differs_from_canonical_row","G_artist_identity_conflict","0.95","bob_review"
"RVTR404332","We Want The Same Thing","belinda carlisle","none","Runaway Horses","26646","RVAL505728","6","(We Want) The Same Thing","same canonical artist identity; unique album-track candidate slot; empty canonical_track_key target slot; exact normalized track title; existing RVAL relationship; album release year 1989","missing_chart_year","A_original_studio_album_clearly_identifiable","1","promote_to_100"
"RVTR412783","Funk 49","joe walsh","none","The Best Of Joe Walsh","31993","RVAL430884","5","Funk #49","same canonical artist identity; unique album-track candidate slot; empty canonical_track_key target slot; exact normalized track title; existing RVAL relationship; album release year 1978","missing_chart_year","B_compilation_only","0.8","remain_unresolved"
"RVTR414111","Lets Do It Again","staple singers","none","Let's Do It Again","41589","RVAL560708","1","Let’s Do It Again","same canonical artist identity; unique album-track candidate slot; empty canonical_track_key target slot; existing RVAL relationship; album release year 1975","normalized_title_mismatch; missing_chart_year; artist_display_differs_from_canonical_row","H_album_title_ambiguity","0.95","remain_unresolved"
"RVTR414447","Dear Darlin","olly murs","none","Right Place Right Time","32003","RVAL288024","4","Dear Darlin’","same canonical artist identity; unique album-track candidate slot; empty canonical_track_key target slot; exact normalized track title; existing RVAL relationship; album release year 2013","missing_chart_year","A_original_studio_album_clearly_identifiable","1","promote_to_100"
"RVTR415214","All About Lovin' You","bon jovi","none","Bounce","23080","RVAL933797","6","All About Lovin' You","same canonical artist identity; unique album-track candidate slot; empty canonical_track_key target slot; exact normalized track title; existing RVAL relationship; album release year 2002","missing_chart_year","A_original_studio_album_clearly_identifiable","1","promote_to_100"
"RVTR417691","Self Esteem","offspring","none","Smash","41672","RVAL943826","8","Self Esteem","same canonical artist identity; unique album-track candidate slot; empty canonical_track_key target slot; exact normalized track title; existing RVAL relationship; album release year 1994","missing_chart_year; artist_display_differs_from_canonical_row","G_artist_identity_conflict","0.95","bob_review"
"RVTR418733","Jumpin' Jumpin'","destiny's child","none","Playlist: The Very Best Of Destiny's Child","22549","RVAL430196","4","Jumpin’, Jumpin’","same canonical artist identity; unique album-track candidate slot; empty canonical_track_key target slot; exact normalized track title; existing RVAL relationship; album release year 2012","missing_chart_year","B_compilation_only","0.8","remain_unresolved"
"RVTR422162","Black Hearts On Fire","jet","none","Shaka Rock","34369","RVAL234867","4","Black Hearts (On Fire)","same canonical artist identity; unique album-track candidate slot; empty canonical_track_key target slot; exact normalized track title; existing RVAL relationship; album release year 2009","missing_chart_year","A_original_studio_album_clearly_identifiable","1","promote_to_100"
"RVTR425995","Together We Can Make Such Sweet Music","The Spinners","none","2nd Time Around","26569","RVAL639640","3","Together We Can Make Such Sweet Music","same canonical artist identity; unique album-track candidate slot; empty canonical_track_key target slot; exact normalized track title; existing RVAL relationship; album release year 1970; chart year 1973; chart/album year delta 3","chart_album_year_delta_3; artist_display_differs_from_canonical_row","G_artist_identity_conflict","0.95","bob_review"
"RVTR426956","Spitfire","prodigy","none","Always Outnumbered, Never Outgunned","41167","RVAL863701","1","Spitfire","same canonical artist identity; unique album-track candidate slot; empty canonical_track_key target slot; exact normalized track title; existing RVAL relationship; album release year 2004","missing_chart_year; artist_display_differs_from_canonical_row","G_artist_identity_conflict","0.95","bob_review"
"RVTR433621","Jamaica Jerk Off","elton john","none","Goodbye Yellow Brick Road","37619","RVAL817194","7","Jamaica Jerk‐Off","same canonical artist identity; unique album-track candidate slot; empty canonical_track_key target slot; exact normalized track title; existing RVAL relationship; album release year 1973","missing_chart_year","A_original_studio_album_clearly_identifiable","1","promote_to_100"
"RVTR435792","Gimme All Your Lovin'","zz top","none","Eliminator","38273","RVAL095222","1","Gimme All Your Lovin’","same canonical artist identity; unique album-track candidate slot; empty canonical_track_key target slot; exact normalized track title; existing RVAL relationship; album release year 1983","missing_chart_year","A_original_studio_album_clearly_identifiable","1","promote_to_100"
"RVTR435813","How Am I Doin'","dierks bentley","none","Dierks Bentley","38012","RVAL298512","9","How Am I Doin’","same canonical artist identity; unique album-track candidate slot; empty canonical_track_key target slot; exact normalized track title; existing RVAL relationship; album release year 2003","missing_chart_year","A_original_studio_album_clearly_identifiable","1","promote_to_100"
"RVTR438826","Givin Yourself Away","ratt","none","Detonator","35035","RVAL439636","10","Givin' Yourself Away","same canonical artist identity; unique album-track candidate slot; empty canonical_track_key target slot; exact normalized track title; existing RVAL relationship; album release year 1990","missing_chart_year","A_original_studio_album_clearly_identifiable","1","promote_to_100"
"RVTR441384","She Didnt Have Time","terri clark","none","Life Goes On","33079","RVAL612582","3","She Didn't Have Time","same canonical artist identity; unique album-track candidate slot; empty canonical_track_key target slot; exact normalized track title; existing RVAL relationship; album release year 2005","missing_chart_year","A_original_studio_album_clearly_identifiable","1","promote_to_100"
"RVTR444029","No Woman No Cry","fugees","none","Bootleg Versions","24215","RVAL619878","3","No Woman, No Cry","same canonical artist identity; unique album-track candidate slot; empty canonical_track_key target slot; exact normalized track title; existing RVAL relationship; album release year 1996","missing_chart_year","A_original_studio_album_clearly_identifiable","1","promote_to_100"
"RVTR444661","You Sent Me Flying Cherry","amy winehouse","none","Frank","39610","RVAL596999","2","You Sent Me Flying / Cherry","same canonical artist identity; unique album-track candidate slot; empty canonical_track_key target slot; exact normalized track title; existing RVAL relationship; album release year 2007","missing_chart_year","A_original_studio_album_clearly_identifiable","1","promote_to_100"
"RVTR445158","Short Skirt Long Jacket","cake","none","Comfort Eagle","29884","RVAL332843","4","Short Skirt/Long Jacket","same canonical artist identity; unique album-track candidate slot; empty canonical_track_key target slot; exact normalized track title; existing RVAL relationship; album release year 2001","missing_chart_year","A_original_studio_album_clearly_identifiable","1","promote_to_100"
"RVTR451547","How 'Bout You","eric church","none","Sinners Like Me","31375","RVAL892976","3","How ’Bout You","same canonical artist identity; unique album-track candidate slot; empty canonical_track_key target slot; exact normalized track title; existing RVAL relationship; album release year 2006","missing_chart_year","A_original_studio_album_clearly_identifiable","1","promote_to_100"
"RVTR457109","The Main Event Fight","barbra streisand","none","A Collection: Greatest Hits...And More","27798","RVAL374288","6","The Main Event / Fight","same canonical artist identity; unique album-track candidate slot; empty canonical_track_key target slot; exact normalized track title; existing RVAL relationship; album release year 1989","missing_chart_year","B_compilation_only","0.8","remain_unresolved"
"RVTR461125","I Dig A Pony","The Beatles","none","Let It Be (Soundtrack)","41412","RVAL337322","8","Dig A Pony","same canonical artist identity; unique album-track candidate slot; empty canonical_track_key target slot; existing RVAL relationship; album release year 1970","normalized_title_mismatch; missing_chart_year","H_album_title_ambiguity","0.95","remain_unresolved"
"RVTR464283","Cest La Vie","robbie nevil","none","Robbie Nevil","37980","RVAL083999","5","C’est La Vie","same canonical artist identity; unique album-track candidate slot; empty canonical_track_key target slot; exact normalized track title; existing RVAL relationship; album release year 1986","missing_chart_year","A_original_studio_album_clearly_identifiable","1","promote_to_100"
"RVTR464905","Lump","presidents of the united states of america","none","The Presidents Of The United States Of America","41739","RVAL446505","3","Lump","same canonical artist identity; unique album-track candidate slot; empty canonical_track_key target slot; exact normalized track title; existing RVAL relationship; album release year 1995","missing_chart_year; artist_display_differs_from_canonical_row","G_artist_identity_conflict","0.95","bob_review"
"RVTR466701","James Dean I Wanna Know","daniel bedingfield","none","Gotta Get Thru This","30747","RVAL211625","2","James Dean (I Wanna Know)","same canonical artist identity; unique album-track candidate slot; empty canonical_track_key target slot; exact normalized track title; existing RVAL relationship; album release year 2002","missing_chart_year","A_original_studio_album_clearly_identifiable","1","promote_to_100"
"RVTR471339","The Sound John M Perkins' Blues","switchfoot","none","Hello Hurricane","39065","RVAL563653","4","The Sound (John M. Perkins’ Blues)","same canonical artist identity; unique album-track candidate slot; empty canonical_track_key target slot; exact normalized track title; existing RVAL relationship; album release year 2009","missing_chart_year","A_original_studio_album_clearly_identifiable","1","promote_to_100"
"RVTR471846","Keep On Truckin'","eddie kendricks","none","Eddie Kendricks","25017","RVAL767130","8","Keep On Truckin'","same canonical artist identity; unique album-track candidate slot; empty canonical_track_key target slot; exact normalized track title; existing RVAL relationship; album release year 1973","missing_chart_year","A_original_studio_album_clearly_identifiable","1","promote_to_100"
"RVTR473201","Turn It Out Go Base","rob base","none","The Incredible Base","27738","RVAL176849","1","Turn It Out (Go Base)","same canonical artist identity; unique album-track candidate slot; empty canonical_track_key target slot; exact normalized track title; existing RVAL relationship; album release year 1989","missing_chart_year","A_original_studio_album_clearly_identifiable","1","promote_to_100"
"RVTR476819","Louie Louie","kingsmen","none","The Kingsmen In Person","41201","RVAL997100","1","Louie, Louie","same canonical artist identity; unique album-track candidate slot; empty canonical_track_key target slot; exact normalized track title; existing RVAL relationship; album release year 1964","missing_chart_year; artist_display_differs_from_canonical_row","G_artist_identity_conflict","0.95","bob_review"
"RVTR479672","Fkin' Problems","A$ap Rocky","none","Long.Live.A$AP","42165","RVAL647901","7","F**kin' Problems","same canonical artist identity; unique album-track candidate slot; empty canonical_track_key target slot; exact normalized track title; existing RVAL relationship; album release year 2013","missing_chart_year","D_live_recording","0.8","remain_unresolved"
"RVTR480309","Shake Your Bon Bon","ricky martin","none","Ricky Martin","32258","RVAL364834","4","Shake Your Bon‐Bon","same canonical artist identity; unique album-track candidate slot; empty canonical_track_key target slot; exact normalized track title; existing RVAL relationship; album release year 1999","missing_chart_year","A_original_studio_album_clearly_identifiable","1","promote_to_100"
"RVTR487694","Future Lovers Feel Love","madonna","none","The Confessions Tour","24931","RVAL478207","1","Future Lovers / I Feel Love","same canonical artist identity; unique album-track candidate slot; empty canonical_track_key target slot; existing RVAL relationship; album release year 2007","normalized_title_mismatch; missing_chart_year; multiple_rvtrs_target_same_album_track_slot","C_multiple_studio_album_candidates","0.95","bob_review"
"RVTR493126","Yeah Yeah Yeah","uncle kracker","none","Double Wide","30685","RVAL633576","9","Yeah, Yeah, Yeah","same canonical artist identity; unique album-track candidate slot; empty canonical_track_key target slot; exact normalized track title; existing RVAL relationship; album release year 2000","missing_chart_year","A_original_studio_album_clearly_identifiable","1","promote_to_100"
"RVTR496489","Baby Im Yours","shai","none","If I Ever Fall In Love","35153","RVAL755581","8","Baby I’m Yours","same canonical artist identity; unique album-track candidate slot; empty canonical_track_key target slot; existing RVAL relationship; album release year 1993","normalized_title_mismatch; missing_chart_year","H_album_title_ambiguity","0.95","remain_unresolved"
"RVTR503944","Johnny B Goode","judas priest","none","Ram It Down","31311","RVAL048504","8","Johnny B. Goode","same canonical artist identity; unique album-track candidate slot; empty canonical_track_key target slot; exact normalized track title; existing RVAL relationship; album release year 1988","missing_chart_year","A_original_studio_album_clearly_identifiable","1","promote_to_100"
"RVTR504381","Right Here Right Now","fatboy slim","none","You've Come A Long Way, Baby","25696","RVAL025416","1","Right Here, Right Now","same canonical artist identity; unique album-track candidate slot; empty canonical_track_key target slot; exact normalized track title; existing RVAL relationship; album release year 1998","missing_chart_year","A_original_studio_album_clearly_identifiable","1","promote_to_100"
"RVTR507763","Gimme Some Lovin'","The Spencer Davis Group","none","Gimme Some Lovin'","42576","RVAL507744","1","Gimme Some Lovin’","same canonical artist identity; unique album-track candidate slot; empty canonical_track_key target slot; exact normalized track title; existing RVAL relationship; album release year 1967","missing_chart_year; multiple_rvtrs_target_same_album_track_slot","C_multiple_studio_album_candidates","0.95","bob_review"
"RVTR508666","Lovin' You","minnie riperton","none","Perfect Angel","34538","RVAL436295","7","Lovin’ You","same canonical artist identity; unique album-track candidate slot; empty canonical_track_key target slot; exact normalized track title; existing RVAL relationship; album release year 1974","missing_chart_year; multiple_rvtrs_target_same_album_track_slot","C_multiple_studio_album_candidates","0.95","bob_review"
"RVTR509379","Smokie Part 2","bill black's combo","none","Bill Black's Greatest Hits","33050","RVAL919609","5","Smokie Part 2","same canonical artist identity; unique album-track candidate slot; empty canonical_track_key target slot; exact normalized track title; existing RVAL relationship; album release year 1967; chart year 1959; chart/album year delta 8","chart_album_year_delta_8","B_compilation_only","0.8","remain_unresolved"
"RVTR513635","Wonderin'","neil young","none","Everybody's Rockin'","40639","RVAL718977","8","Wonderin'","same canonical artist identity; unique album-track candidate slot; empty canonical_track_key target slot; exact normalized track title; existing RVAL relationship; album release year 1983","missing_chart_year","A_original_studio_album_clearly_identifiable","1","promote_to_100"
"RVTR514367","Shakin' Hands","nickelback","none","Dark Horse","39268","RVAL713931","8","Shakin' Hands","same canonical artist identity; unique album-track candidate slot; empty canonical_track_key target slot; exact normalized track title; existing RVAL relationship; album release year 2008","missing_chart_year","A_original_studio_album_clearly_identifiable","1","promote_to_100"
"RVTR516114","Ill Be There","mariah carey","none","#1 To Infinity","29203","RVAL410533","6","I’ll Be There","same canonical artist identity; unique album-track candidate slot; empty canonical_track_key target slot; existing RVAL relationship; album release year 2015","normalized_title_mismatch; missing_chart_year","H_album_title_ambiguity","0.95","remain_unresolved"
"RVTR517319","Ball Chain","elton john","none","Jump Up","37627","RVAL329578","3","Ball & Chain","same canonical artist identity; unique album-track candidate slot; empty canonical_track_key target slot; existing RVAL relationship; album release year 1982","normalized_title_mismatch; missing_chart_year","H_album_title_ambiguity","0.95","remain_unresolved"
"RVTR526862","I Do'Wanna Know","reo speedwagon","none","The Second Decade of Rock & Roll 1981-1991","40139","RVAL352513","11","I Do' Wanna Know","same canonical artist identity; unique album-track candidate slot; empty canonical_track_key target slot; exact normalized track title; existing RVAL relationship; album release year 2011; chart year 1984; chart/album year delta 27","chart_album_year_delta_27","A_original_studio_album_clearly_identifiable","0.95","bob_review"
"RVTR530800","Memphis Tennessee","chuck berry","none","Chuck Berry's Greatest Hits","25175","RVAL148348","10","Memphis, Tennessee","same canonical artist identity; unique album-track candidate slot; empty canonical_track_key target slot; exact normalized track title; existing RVAL relationship; album release year 1964","missing_chart_year","B_compilation_only","0.8","remain_unresolved"
"RVTR540781","Forever And Ever Amen","randy travis","none","Randy Travis","26894","RVAL726405","1","Forever And Ever, Amen","same canonical artist identity; unique album-track candidate slot; empty canonical_track_key target slot; exact normalized track title; existing RVAL relationship; album release year 2011","missing_chart_year","A_original_studio_album_clearly_identifiable","1","promote_to_100"
"RVTR547352","There Is No Greater Love","amy winehouse","none","Frank","39610","RVAL596999","7","(There Is) No Greater Love","same canonical artist identity; unique album-track candidate slot; empty canonical_track_key target slot; exact normalized track title; existing RVAL relationship; album release year 2007","missing_chart_year","A_original_studio_album_clearly_identifiable","1","promote_to_100"
"RVTR548946","When Love Hate Collide","def leppard","none","Rock Of Ages: The Definitive Collection","25049","RVAL868859","11","When Love Hate Collide","same canonical artist identity; unique album-track candidate slot; empty canonical_track_key target slot; exact normalized track title; existing RVAL relationship; album release year 2005; chart year 1995; chart/album year delta 10","chart_album_year_delta_10","B_compilation_only","0.8","remain_unresolved"
"RVTR552583","Oh Marion","paul simon","none","One Trick Pony","30499","RVAL506035","5","Oh, Marion","same canonical artist identity; unique album-track candidate slot; empty canonical_track_key target slot; exact normalized track title; existing RVAL relationship; album release year 1980","missing_chart_year","A_original_studio_album_clearly_identifiable","1","promote_to_100"
"RVTR555363","Ruff Ryders' Anthem","dmx","none","It's Dark And Hell Is Hot","30277","RVAL768782","2","Ruff Ryders Anthem","same canonical artist identity; unique album-track candidate slot; empty canonical_track_key target slot; exact normalized track title; existing RVAL relationship; album release year 1998","missing_chart_year","A_original_studio_album_clearly_identifiable","1","promote_to_100"
"RVTR556998","Lil' Devil","The Cult","none","Electric","42469","RVAL867636","3","Lil' Devil","same canonical artist identity; unique album-track candidate slot; empty canonical_track_key target slot; exact normalized track title; existing RVAL relationship; album release year 1987","missing_chart_year","A_original_studio_album_clearly_identifiable","1","promote_to_100"
"RVTR557963","I Loves You Porgy","nina simone","none","Nina Simone In Concert","38345","RVAL650812","1","I Loves You Porgy","same canonical artist identity; unique album-track candidate slot; empty canonical_track_key target slot; exact normalized track title; existing RVAL relationship; album release year 1964; chart year 1959; chart/album year delta 5","chart_album_year_delta_5","D_live_recording","0.8","remain_unresolved"
"RVTR559909","Shoo Be Doo Be Doo Da Day","stevie wonder","none","For Once In My Life","26797","RVAL852276","2","Shoo‐Be‐Doo‐Be‐Doo‐Da‐Day","same canonical artist identity; unique album-track candidate slot; empty canonical_track_key target slot; exact normalized track title; existing RVAL relationship; album release year 1969","missing_chart_year","A_original_studio_album_clearly_identifiable","1","promote_to_100"
"RVTR560742","Say Say Say","michael jackson","none","Greatest Hits: HIStory -- Volume 1","39813","RVAL730820","2","Say, Say, Say","same canonical artist identity; unique album-track candidate slot; empty canonical_track_key target slot; exact normalized track title; existing RVAL relationship; album release year 2001","missing_chart_year","B_compilation_only","0.8","remain_unresolved"
"RVTR563397","Truly Madly Deeply","cascada","none","Everytime We Touch","24411","RVAL794996","6","Truly, Madly, Deeply","same canonical artist identity; unique album-track candidate slot; empty canonical_track_key target slot; exact normalized track title; existing RVAL relationship; album release year 2006","missing_chart_year","A_original_studio_album_clearly_identifiable","1","promote_to_100"
"RVTR563866","Its Only Love","simply red","none","A New Flame","24031","RVAL370918","1","It’s Only Love","same canonical artist identity; unique album-track candidate slot; empty canonical_track_key target slot; exact normalized track title; existing RVAL relationship; album release year 1989","missing_chart_year","A_original_studio_album_clearly_identifiable","1","promote_to_100"
"RVTR566161","I Cant Make You Love Me","bonnie raitt","none","The Best Of Bonnie Raitt On Capitol 1989-2003","33045","RVAL374521","6","I Can’t Make You Love Me","same canonical artist identity; unique album-track candidate slot; empty canonical_track_key target slot; existing RVAL relationship; album release year 2003","normalized_title_mismatch; missing_chart_year","B_compilation_only","0.8","remain_unresolved"
"RVTR571122","Mudfootball For Moe Lerner","jack johnson","none","Brushfire Fairytales","30081","RVAL563499","10","Mudfootball (For Moe Lerner)","same canonical artist identity; unique album-track candidate slot; empty canonical_track_key target slot; exact normalized track title; existing RVAL relationship; album release year 2002","missing_chart_year","A_original_studio_album_clearly_identifiable","1","promote_to_100"
"RVTR578312","Do You Know The Ping Pong Song","enrique iglesias","none","Insomniac","40315","RVAL475014","3","Do You Know? (The Ping Pong Song)","same canonical artist identity; unique album-track candidate slot; empty canonical_track_key target slot; exact normalized track title; existing RVAL relationship; album release year 2007","missing_chart_year","A_original_studio_album_clearly_identifiable","1","promote_to_100"
"RVTR579276","Fishin' In The Dark","nitty gritty dirt band","none","The Dirt Band","38653","RVAL257522","4","Fishin' In The Dark","same canonical artist identity; unique album-track candidate slot; empty canonical_track_key target slot; exact normalized track title; existing RVAL relationship; album release year 1978","missing_chart_year","A_original_studio_album_clearly_identifiable","1","promote_to_100"
"RVTR579908","Baby I Love Your Way","big mountain","none","Unity","22055","RVAL938614","7","Baby, I Love Your Way","same canonical artist identity; unique album-track candidate slot; empty canonical_track_key target slot; exact normalized track title; existing RVAL relationship; album release year 1994","missing_chart_year","A_original_studio_album_clearly_identifiable","1","promote_to_100"
"RVTR580436","Everybodys Trying To Be My Baby","The Beatles","none","Live At The Hollywood Bowl","41415","RVAL476531","4","Everybody’s Trying To Be My Baby","same canonical artist identity; unique album-track candidate slot; empty canonical_track_key target slot; exact normalized track title; existing RVAL relationship; album release year 2016","missing_chart_year","D_live_recording","0.8","remain_unresolved"
"RVTR580736","The Girls' Song","The 5th Dimension","none","The Magic Garden","43148","RVAL915588","8","The Girl’s Song","same canonical artist identity; unique album-track candidate slot; empty canonical_track_key target slot; exact normalized track title; existing RVAL relationship; album release year 1968; chart year 1970; chart/album year delta 2","","A_original_studio_album_clearly_identifiable","1","promote_to_100"
"RVTR582584","Livin' It Up","limp bizkit","none","Chocolate Starfish And The Hot Dog Flavored Water","26190","RVAL440866","7","Livin’ It Up","same canonical artist identity; unique album-track candidate slot; empty canonical_track_key target slot; exact normalized track title; existing RVAL relationship; album release year 2000","missing_chart_year","A_original_studio_album_clearly_identifiable","1","promote_to_100"
"RVTR589518","Harder Better Faster Stronger","daft punk","none","Discovery","41132","RVAL980409","4","Harder, Better, Faster, Stronger","same canonical artist identity; unique album-track candidate slot; empty canonical_track_key target slot; exact normalized track title; existing RVAL relationship; album release year 2001","missing_chart_year","A_original_studio_album_clearly_identifiable","1","promote_to_100"
"RVTR597181","Makin' Whoopee","ray charles","none","A Man And His Soul","37674","RVAL913649","6","Makin’ Whoopee","same canonical artist identity; unique album-track candidate slot; empty canonical_track_key target slot; exact normalized track title; existing RVAL relationship; album release year 1967; chart year 1964; chart/album year delta 3","chart_album_year_delta_3","A_original_studio_album_clearly_identifiable","0.95","bob_review"
"RVTR597944","Playin' With Fire","lita ford","none","Dangerous Curves","27029","RVAL018393","5","Playin’ With Fire","same canonical artist identity; unique album-track candidate slot; empty canonical_track_key target slot; exact normalized track title; existing RVAL relationship; album release year 1991","missing_chart_year","A_original_studio_album_clearly_identifiable","1","promote_to_100"
"RVTR608306","Time Bomb","all time low","none","Dirty Work","33778","RVAL733968","5","Time‐Bomb","same canonical artist identity; unique album-track candidate slot; empty canonical_track_key target slot; exact normalized track title; existing RVAL relationship; album release year 2011","missing_chart_year","A_original_studio_album_clearly_identifiable","1","promote_to_100"
"RVTR610080","Rockin","kurtis blow","none","Deuce","27416","RVAL118229","7","Rockin’","same canonical artist identity; unique album-track candidate slot; empty canonical_track_key target slot; exact normalized track title; existing RVAL relationship; album release year 1981","missing_chart_year","A_original_studio_album_clearly_identifiable","1","promote_to_100"
"RVTR611655","Dont Worry Be Happy","bobby mcferrin","none","Simple Pleasures","32000","RVAL885059","1","Don’t Worry, Be Happy","same canonical artist identity; unique album-track candidate slot; empty canonical_track_key target slot; existing RVAL relationship; album release year 1988","normalized_title_mismatch; missing_chart_year","H_album_title_ambiguity","0.95","remain_unresolved"
"RVTR619452","Ex Girlfriend","no doubt","none","Return Of Saturn","39379","RVAL404123","1","Ex‐Girlfriend","same canonical artist identity; unique album-track candidate slot; empty canonical_track_key target slot; exact normalized track title; existing RVAL relationship; album release year 2000","missing_chart_year","A_original_studio_album_clearly_identifiable","1","promote_to_100"
"RVTR621741","Little More You","little big town","none","The Road To Here","25824","RVAL561368","6","A Little More You","same canonical artist identity; unique album-track candidate slot; empty canonical_track_key target slot; existing RVAL relationship; album release year 2005","normalized_title_mismatch; missing_chart_year","H_album_title_ambiguity","0.95","remain_unresolved"
"RVTR624060","Kokomo","beach boys","none","Still Cruisin'","42884","RVAL026591","5","Kokomo","same canonical artist identity; unique album-track candidate slot; empty canonical_track_key target slot; exact normalized track title; existing RVAL relationship; album release year 1989","missing_chart_year; artist_display_differs_from_canonical_row","G_artist_identity_conflict","0.95","bob_review"
"RVTR625505","The Payback Part 1","james brown","none","Get On Up: The James Brown Story (Soundtrack)","33236","RVAL912259","2","The Payback - Part 1","same canonical artist identity; unique album-track candidate slot; empty canonical_track_key target slot; exact normalized track title; existing RVAL relationship; album release year 2014","missing_chart_year","A_original_studio_album_clearly_identifiable","1","promote_to_100"
"RVTR626267","When Its Love","van halen","none","Live: Right Here, Right Now","27530","RVAL053383","3","When It’s Love","same canonical artist identity; unique album-track candidate slot; empty canonical_track_key target slot; exact normalized track title; existing RVAL relationship; album release year 1993","missing_chart_year","D_live_recording","0.8","remain_unresolved"
"RVTR626798","Dont Be Cruel","cheap trick","none","Lap Of Luxury","35765","RVAL752548","6","Don’t Be Cruel","same canonical artist identity; unique album-track candidate slot; empty canonical_track_key target slot; existing RVAL relationship; album release year 1988","normalized_title_mismatch; missing_chart_year","H_album_title_ambiguity","0.95","remain_unresolved"
"RVTR628948","25 8","mary j. blige","none","My Life II...The Journey Continues (Act 1)","25414","RVAL417231","6","25/8","same canonical artist identity; unique album-track candidate slot; empty canonical_track_key target slot; exact normalized track title; existing RVAL relationship; album release year 2011","missing_chart_year","A_original_studio_album_clearly_identifiable","1","promote_to_100"
"RVTR630976","Breakin' Dishes","rihanna","none","Good Girl Gone Bad","40803","RVAL125625","4","Breakin’ Dishes","same canonical artist identity; unique album-track candidate slot; empty canonical_track_key target slot; exact normalized track title; existing RVAL relationship; album release year 2007; chart year 2025; chart/album year delta 18","chart_album_year_delta_18","A_original_studio_album_clearly_identifiable","0.95","bob_review"
"RVTR641910","Little Less Sixteen Candles A Little More 'Touch Me' A","fall out boy","none","Believers Never Die: Greatest Hits","23035","RVAL814694","8","A Little Less Sixteen Candles, A Little More ""Touch Me""","same canonical artist identity; unique album-track candidate slot; empty canonical_track_key target slot; existing RVAL relationship; album release year 2009","normalized_title_mismatch; missing_chart_year; multiple_rvtrs_target_same_album_track_slot","C_multiple_studio_album_candidates","0.95","bob_review"
"RVTR642456","El Condor Pasa If I Could","paul simon","none","Paul Simon In Concert/Live Rhymin'","30501","RVAL756822","10","El Condor Pasa (If I Could)","same canonical artist identity; unique album-track candidate slot; empty canonical_track_key target slot; exact normalized track title; existing RVAL relationship; album release year 1974","missing_chart_year","D_live_recording","0.8","remain_unresolved"
"RVTR645728","Be Mine","robyn","none","Robyn","29715","RVAL742493","5","Be Mine!","same canonical artist identity; unique album-track candidate slot; empty canonical_track_key target slot; exact normalized track title; existing RVAL relationship; album release year 2008","missing_chart_year","A_original_studio_album_clearly_identifiable","1","promote_to_100"
"RVTR646280","Takin' Off This Pain","ashton shepherd","none","Sounds So Good","35377","RVAL552076","1","Takin' Off This Pain","same canonical artist identity; unique album-track candidate slot; empty canonical_track_key target slot; exact normalized track title; existing RVAL relationship; album release year 2008","missing_chart_year","A_original_studio_album_clearly_identifiable","1","promote_to_100"
"RVTR652465","Come On Over All I Want Is You","christina aguilera","none","Christina Aguilera","24785","RVAL691737","5","Come On Over (All I Want Is You)","same canonical artist identity; unique album-track candidate slot; empty canonical_track_key target slot; exact normalized track title; existing RVAL relationship; album release year 1999","missing_chart_year","A_original_studio_album_clearly_identifiable","1","promote_to_100"
"RVTR654977","Foolin' Around","buck owens","none","The Best Of Buck Owens","28107","RVAL188378","2","Foolin’ Around","same canonical artist identity; unique album-track candidate slot; empty canonical_track_key target slot; exact normalized track title; existing RVAL relationship; album release year 1964","missing_chart_year","B_compilation_only","0.8","remain_unresolved"
"RVTR662101","Today","smashing pumpkins","none","{Rotten Apples} Greatest Hits","42823","RVAL053870","5","Today","same canonical artist identity; unique album-track candidate slot; empty canonical_track_key target slot; exact normalized track title; existing RVAL relationship; album release year 2001","missing_chart_year; artist_display_differs_from_canonical_row","B_compilation_only","0.8","remain_unresolved"
"RVTR663382","What This World Needs Is A Few More Rednecks","The Charlie Daniels Band","none","Simple Man","42003","RVAL026594","1","(What This World Needs Is) A Few More Rednecks","same canonical artist identity; unique album-track candidate slot; empty canonical_track_key target slot; exact normalized track title; existing RVAL relationship; album release year 1989","missing_chart_year","A_original_studio_album_clearly_identifiable","1","promote_to_100"
"RVTR666636","Blue Blue Day","don gibson","none","I Wrote A Song...","26288","RVAL704066","4","Blue, Blue Day","same canonical artist identity; unique album-track candidate slot; empty canonical_track_key target slot; exact normalized track title; existing RVAL relationship; album release year 1963; chart year 1958; chart/album year delta 5","chart_album_year_delta_5","A_original_studio_album_clearly_identifiable","0.95","bob_review"
"RVTR674679","In A Gadda Da Vida","iron butterfly","none","In-A-Gadda-Da-Vida","27321","RVAL291360","6","In‐A‐Gadda‐Da‐Vida","same canonical artist identity; unique album-track candidate slot; empty canonical_track_key target slot; exact normalized track title; existing RVAL relationship; album release year 1968","missing_chart_year","A_original_studio_album_clearly_identifiable","1","promote_to_100"
"RVTR676573","Born Slippy","underworld","none","Everything Everything","25374","RVAL804872","9","Born Slippy NUXX","same canonical artist identity; unique album-track candidate slot; empty canonical_track_key target slot; existing RVAL relationship; album release year 2000","normalized_title_mismatch; missing_chart_year","H_album_title_ambiguity","0.95","remain_unresolved"
"RVTR678438","The Remedy I Wont Worry","jason mraz","none","Waiting For My Rocket To Come","32039","RVAL797621","3","The Remedy (I Won’t Worry)","same canonical artist identity; unique album-track candidate slot; empty canonical_track_key target slot; exact normalized track title; existing RVAL relationship; album release year 2003","missing_chart_year","A_original_studio_album_clearly_identifiable","1","promote_to_100"
"RVTR683356","Rodeo","lil nas x","none","7","43489","RVAL000081","5","Rodeo","same canonical artist identity; unique album-track candidate slot; empty canonical_track_key target slot; exact normalized track title; existing RVAL relationship; album release year 2019","missing_chart_year","A_original_studio_album_clearly_identifiable","1","promote_to_100"
"RVTR685969","Dear Mr Fantasy","traffic","none","Heavy Traffic","37714","RVAL620474","1","Dear Mr. Fantasy","same canonical artist identity; unique album-track candidate slot; empty canonical_track_key target slot; exact normalized track title; existing RVAL relationship; album release year 1975","missing_chart_year","A_original_studio_album_clearly_identifiable","1","promote_to_100"
"RVTR690163","Savin' Me","nickelback","none","The Best Of Nickelback: Volume 1","39273","RVAL956075","5","Savin’ Me","same canonical artist identity; unique album-track candidate slot; empty canonical_track_key target slot; exact normalized track title; existing RVAL relationship; album release year 2013","missing_chart_year","B_compilation_only","0.8","remain_unresolved"
"RVTR696237","After All (Love Theme From ""Chances Are"")","cher","none","If I Could Turn Back Time -- Cher's Greatest Hits","33009","RVAL110466","4","After All (Love Theme From Chances Are)","same canonical artist identity; unique album-track candidate slot; empty canonical_track_key target slot; exact normalized track title; existing RVAL relationship; album release year 1999; chart year 1989; chart/album year delta 10","chart_album_year_delta_10","B_compilation_only","0.8","remain_unresolved"
"RVTR697350","Vertigo Relight My Fire","dan hartman","none","Relight My Fire","25923","RVAL687351","3","Vertigo / Relight My Fire","same canonical artist identity; unique album-track candidate slot; empty canonical_track_key target slot; exact normalized track title; existing RVAL relationship; album release year 1980","missing_chart_year","A_original_studio_album_clearly_identifiable","1","promote_to_100"
"RVTR717803","Drinkin' Me Lonely","chris young","none","Chris Young","31487","RVAL938677","3","Drinkin' Me Lonely","same canonical artist identity; unique album-track candidate slot; empty canonical_track_key target slot; exact normalized track title; existing RVAL relationship; album release year 2006","missing_chart_year","A_original_studio_album_clearly_identifiable","1","promote_to_100"
"RVTR719538","The Lost","jelly roll","none","Whitsitt Chapel","43473","RVAL000012","3","The Lost","same canonical artist identity; unique album-track candidate slot; empty canonical_track_key target slot; exact normalized track title; existing RVAL relationship; album release year 2023","missing_chart_year","A_original_studio_album_clearly_identifiable","1","promote_to_100"
"RVTR720485","The Love You Save","The Jackson 5","none","The Best Of The Jackson 5: 20th Century Masters: The Christmas Collection","33421","RVAL768273","7","The Love You Save","same canonical artist identity; unique album-track candidate slot; empty canonical_track_key target slot; exact normalized track title; existing RVAL relationship; album release year 2017","missing_chart_year; artist_display_differs_from_canonical_row","B_compilation_only","0.8","remain_unresolved"
"RVTR725418","Jive Talkin'","bee gees","none","The Ultimate Bee Gees","24118","RVAL717620","3","Jive Talkin’","same canonical artist identity; unique album-track candidate slot; empty canonical_track_key target slot; exact normalized track title; existing RVAL relationship; album release year 2009","missing_chart_year","B_compilation_only","0.8","remain_unresolved"
"RVTR725421","Is It Like Today","world party","none","Bang!","40828","RVAL736698","2","Is It Like Today?","same canonical artist identity; unique album-track candidate slot; empty canonical_track_key target slot; exact normalized track title; existing RVAL relationship; album release year 1993","missing_chart_year","A_original_studio_album_clearly_identifiable","1","promote_to_100"
"RVTR728209","So What","far*east movement","none","Free Wired","37401","RVAL708833","6","So What?","same canonical artist identity; unique album-track candidate slot; empty canonical_track_key target slot; exact normalized track title; existing RVAL relationship; album release year 2010","missing_chart_year","A_original_studio_album_clearly_identifiable","1","promote_to_100"
"RVTR733256","I","kendrick lamar","none","Section.80","30483","RVAL806885","3","A.D.H.D","same canonical artist identity; unique album-track candidate slot; empty canonical_track_key target slot; existing RVAL relationship; album release year 2011; chart year 2014; chart/album year delta 3","normalized_title_mismatch; chart_album_year_delta_3","H_album_title_ambiguity","0.95","remain_unresolved"
"RVTR747683","Oh What It Seemed To Be","frank sinatra","none","A Man And His Music","38112","RVAL129030","25","Oh! What It Seemed To Be","same canonical artist identity; unique album-track candidate slot; empty canonical_track_key target slot; exact normalized track title; existing RVAL relationship; album release year 1965","missing_chart_year","A_original_studio_album_clearly_identifiable","1","promote_to_100"
"RVTR753990","Doin' What She Likes","blake shelton","none","Reloaded: 20 #1 Hits","21761","RVAL042133","5","Doin’ What She Likes","same canonical artist identity; unique album-track candidate slot; empty canonical_track_key target slot; exact normalized track title; existing RVAL relationship; album release year 2015","missing_chart_year","B_compilation_only","0.8","remain_unresolved"
"RVTR754511","A M","chris young","none","A.M.","31486","RVAL580326","5","A.M.","same canonical artist identity; unique album-track candidate slot; empty canonical_track_key target slot; exact normalized track title; existing RVAL relationship; album release year 2013","missing_chart_year","A_original_studio_album_clearly_identifiable","1","promote_to_100"
"RVTR755469","Future Lovers I Feel Love","madonna","none","The Confessions Tour","24931","RVAL478207","1","Future Lovers / I Feel Love","same canonical artist identity; unique album-track candidate slot; empty canonical_track_key target slot; exact normalized track title; existing RVAL relationship; album release year 2007","missing_chart_year; multiple_rvtrs_target_same_album_track_slot","C_multiple_studio_album_candidates","0.95","bob_review"
"RVTR757395","Val Hala","elton john","none","Empty Sky","37618","RVAL558913","2","Val-Hala","same canonical artist identity; unique album-track candidate slot; empty canonical_track_key target slot; exact normalized track title; existing RVAL relationship; album release year 1975","missing_chart_year","A_original_studio_album_clearly_identifiable","1","promote_to_100"
"RVTR758817","Oh Look At Me Now","frank sinatra","none","Classic Sinatra: His Great Performances 1953 - 1960","38115","RVAL861566","7","Oh! Look At Me Now","same canonical artist identity; unique album-track candidate slot; empty canonical_track_key target slot; exact normalized track title; existing RVAL relationship; album release year 2010","missing_chart_year","A_original_studio_album_clearly_identifiable","1","promote_to_100"
"RVTR763404","Long Long Day","paul simon","none","One Trick Pony","30499","RVAL506035","10","Long, Long Day","same canonical artist identity; unique album-track candidate slot; empty canonical_track_key target slot; exact normalized track title; existing RVAL relationship; album release year 1980","missing_chart_year","A_original_studio_album_clearly_identifiable","1","promote_to_100"
"RVTR763564","My Love Forgive Me","robert goulet","none","My Love Forgive Me","35413","RVAL057362","3","My Love, Forgive Me","same canonical artist identity; unique album-track candidate slot; empty canonical_track_key target slot; exact normalized track title; existing RVAL relationship; album release year 1964","missing_chart_year","A_original_studio_album_clearly_identifiable","1","promote_to_100"
"RVTR769027","Blowin' In The Wind","bob dylan","none","Bob Dylan Live 1966: The `Royal Albert Hall' Concert","33679","RVAL297324","9","Blowin' In The Wind","same canonical artist identity; unique album-track candidate slot; empty canonical_track_key target slot; exact normalized track title; existing RVAL relationship; album release year 1998","missing_chart_year","D_live_recording","0.8","remain_unresolved"
"RVTR772342","Livin It Up","ja rule","none","Pain Is Love","38745","RVAL564838","3","Livin’ It Up","same canonical artist identity; unique album-track candidate slot; empty canonical_track_key target slot; exact normalized track title; existing RVAL relationship; album release year 2001","missing_chart_year; multiple_rvtrs_target_same_album_track_slot","C_multiple_studio_album_candidates","0.95","bob_review"
"RVTR772356","Poison","prodigy","none","Music For The Jilted Generation","41169","RVAL037674","8","Poison","same canonical artist identity; unique album-track candidate slot; empty canonical_track_key target slot; exact normalized track title; existing RVAL relationship; album release year 1997","missing_chart_year; artist_display_differs_from_canonical_row","G_artist_identity_conflict","0.95","bob_review"
"RVTR773689","Is She Really Going Out With Him","sugar ray","none","In The Pursuit Of Leisure","40329","RVAL467810","2","Is She Really Going Out With Him?","same canonical artist identity; unique album-track candidate slot; empty canonical_track_key target slot; exact normalized track title; existing RVAL relationship; album release year 2003","missing_chart_year","A_original_studio_album_clearly_identifiable","1","promote_to_100"
"RVTR774184","Rabbit Heart Raise It Up","florence + the machine","none","Lungs","22667","RVAL250881","2","Rabbit Heart (Raise It Up)","same canonical artist identity; unique album-track candidate slot; empty canonical_track_key target slot; exact normalized track title; existing RVAL relationship; album release year 2009","missing_chart_year","A_original_studio_album_clearly_identifiable","1","promote_to_100"
"RVTR779663","Christmas Rappin'","kurtis blow","none","Kurtis Blow","27419","RVAL212385","1","Christmas Rappin'","same canonical artist identity; unique album-track candidate slot; empty canonical_track_key target slot; exact normalized track title; existing RVAL relationship; album release year 1980","missing_chart_year","A_original_studio_album_clearly_identifiable","1","promote_to_100"
"RVTR783931","Nobodys Fool","kenny loggins","none","Back To Avalon","24042","RVAL667828","1","Nobody's Fool","same canonical artist identity; unique album-track candidate slot; empty canonical_track_key target slot; exact normalized track title; existing RVAL relationship; album release year 1988","missing_chart_year","A_original_studio_album_clearly_identifiable","1","promote_to_100"
"RVTR793110","Part Of Me Part Of You","glenn frey","none","Solo Collection","30477","RVAL152908","11","Part Of Me Part Of You","same canonical artist identity; unique album-track candidate slot; empty canonical_track_key target slot; exact normalized track title; existing RVAL relationship; album release year 2016; chart year 1991; chart/album year delta 25","chart_album_year_delta_25","B_compilation_only","0.8","remain_unresolved"
"RVTR794859","Your'Re So Static","elton john","none","Caribou","37612","RVAL836560","6","You're So Static","same canonical artist identity; unique album-track candidate slot; empty canonical_track_key target slot; existing RVAL relationship; album release year 1974","normalized_title_mismatch; missing_chart_year","H_album_title_ambiguity","0.95","remain_unresolved"
"RVTR797458","I Shall Be Released Finale","The Band","none","The Last Waltz (Soundtrack)","41661","RVAL221909","6","I Shall Be Released (Finale)","same canonical artist identity; unique album-track candidate slot; empty canonical_track_key target slot; exact normalized track title; existing RVAL relationship; album release year 1978","missing_chart_year","A_original_studio_album_clearly_identifiable","1","promote_to_100"
"RVTR802013","Big Girl You Are Beautiful","mika","none","Life In Cartoon Motion","27388","RVAL554283","8","Big Girl (You Are Beautiful)","same canonical artist identity; unique album-track candidate slot; empty canonical_track_key target slot; exact normalized track title; existing RVAL relationship; album release year 2007","missing_chart_year","A_original_studio_album_clearly_identifiable","1","promote_to_100"
"RVTR802185","Dreamin'","cliff richard","none","I'm No Hero","23982","RVAL861991","8","Dreamin’","same canonical artist identity; unique album-track candidate slot; empty canonical_track_key target slot; exact normalized track title; existing RVAL relationship; album release year 1980","missing_chart_year","A_original_studio_album_clearly_identifiable","1","promote_to_100"
"RVTR802939","Drama","erasure","none","Wild!","35313","RVAL150763","3","Drama!","same canonical artist identity; unique album-track candidate slot; empty canonical_track_key target slot; exact normalized track title; existing RVAL relationship; album release year 1989","missing_chart_year","A_original_studio_album_clearly_identifiable","1","promote_to_100"
"RVTR809910","Bustin' Out","rick james","none","Reflections","33579","RVAL341090","5","Bustin’ Out","same canonical artist identity; unique album-track candidate slot; empty canonical_track_key target slot; exact normalized track title; existing RVAL relationship; album release year 1984; chart year 1979; chart/album year delta 5","chart_album_year_delta_5","A_original_studio_album_clearly_identifiable","0.95","bob_review"
"RVTR811142","Let Em In","wings","none","Wings Greatest","26914","RVAL418086","9","Let ’Em In","same canonical artist identity; unique album-track candidate slot; empty canonical_track_key target slot; exact normalized track title; existing RVAL relationship; album release year 1978","missing_chart_year","B_compilation_only","0.8","remain_unresolved"
"RVTR812270","Show Me Love America","The Wanted","none","Word Of Mouth","42977","RVAL747932","5","Show Me Love (America)","same canonical artist identity; unique album-track candidate slot; empty canonical_track_key target slot; exact normalized track title; existing RVAL relationship; album release year 2013","missing_chart_year","A_original_studio_album_clearly_identifiable","1","promote_to_100"
"RVTR819649","Dont Go Away","oasis","none","Be Here Now","28906","RVAL447934","8","Don’t Go Away","same canonical artist identity; unique album-track candidate slot; empty canonical_track_key target slot; existing RVAL relationship; album release year 1997","normalized_title_mismatch; missing_chart_year","H_album_title_ambiguity","0.95","remain_unresolved"
"RVTR820243","You Are My World","communards","none","The Communards","42936","RVAL582247","11","You Are My World","same canonical artist identity; unique album-track candidate slot; empty canonical_track_key target slot; exact normalized track title; existing RVAL relationship; album release year 1986","missing_chart_year; artist_display_differs_from_canonical_row","G_artist_identity_conflict","0.95","bob_review"
"RVTR820649","Are You In","incubus","none","HQ Live","28012","RVAL611648","6","Are You In?","same canonical artist identity; unique album-track candidate slot; empty canonical_track_key target slot; exact normalized track title; existing RVAL relationship; album release year 2012","missing_chart_year","D_live_recording","0.8","remain_unresolved"
"RVTR822229","If I Were A Carpenter","leon russell","none","Best Of Leon","21961","RVAL388794","4","If I Were A Carpenter","same canonical artist identity; unique album-track candidate slot; empty canonical_track_key target slot; exact normalized track title; existing RVAL relationship; album release year 1976; chart year 1974; chart/album year delta 2","","B_compilation_only","0.8","remain_unresolved"
"RVTR825291","Babys In Black","The Beatles","none","Live At The Hollywood Bowl","41415","RVAL476531","13","Baby's In Black","same canonical artist identity; unique album-track candidate slot; empty canonical_track_key target slot; exact normalized track title; existing RVAL relationship; album release year 2016","missing_chart_year","D_live_recording","0.8","remain_unresolved"
"RVTR827656","Read My Lips Enough Is Enough","jimmy somerville","none","Read My Lips","25691","RVAL859291","7","Read My Lips (Enough Is Enough)","same canonical artist identity; unique album-track candidate slot; empty canonical_track_key target slot; exact normalized track title; existing RVAL relationship; album release year 1990","missing_chart_year","A_original_studio_album_clearly_identifiable","1","promote_to_100"
"RVTR842758","Old 67","elton john","none","The Captain & The Kid","37641","RVAL995169","9","Old '67","same canonical artist identity; unique album-track candidate slot; empty canonical_track_key target slot; exact normalized track title; existing RVAL relationship; album release year 2006","missing_chart_year","A_original_studio_album_clearly_identifiable","1","promote_to_100"
"RVTR842985","Can'T We Try","teddy pendergrass","none","You And I","23980","RVAL809116","5","Can We Try","same canonical artist identity; unique album-track candidate slot; empty canonical_track_key target slot; existing RVAL relationship; album release year 1997; chart year 1980; chart/album year delta 17","normalized_title_mismatch; chart_album_year_delta_17","H_album_title_ambiguity","0.95","remain_unresolved"
"RVTR843673","Wanna Be Startin' Somethin'","michael jackson","none","Thriller","39831","RVAL586982","1","Wanna Be Startin’ Somethin’","same canonical artist identity; unique album-track candidate slot; empty canonical_track_key target slot; exact normalized track title; existing RVAL relationship; album release year 1982","missing_chart_year; multiple_rvtrs_target_same_album_track_slot","C_multiple_studio_album_candidates","0.95","bob_review"
"RVTR852249","Everybody Knows About My Good Thing Pt 1","little johnny taylor","none","Little Johnny Taylor","35462","RVAL746040","11","Everybody Knows About My Good Thing Pt 1","same canonical artist identity; unique album-track candidate slot; empty canonical_track_key target slot; exact normalized track title; existing RVAL relationship; album release year 1963; chart year 1971; chart/album year delta 8","chart_album_year_delta_8","A_original_studio_album_clearly_identifiable","0.95","bob_review"
"RVTR852404","Couldve Been","tiffany","none","Tiffany","31933","RVAL517351","10","Could’ve Been","same canonical artist identity; unique album-track candidate slot; empty canonical_track_key target slot; exact normalized track title; existing RVAL relationship; album release year 1987","missing_chart_year","A_original_studio_album_clearly_identifiable","1","promote_to_100"
"RVTR853389","Pissin' In The Wind","jerry jeff walker","none","The Best Of Jerry Jeff Walker","39535","RVAL171054","11","Pissin' In The Wind","same canonical artist identity; unique album-track candidate slot; empty canonical_track_key target slot; exact normalized track title; existing RVAL relationship; album release year 1980","missing_chart_year","B_compilation_only","0.8","remain_unresolved"
"RVTR860382","Half Breed","cher","none","Greatest Hits","33005","RVAL922386","4","Half‐Breed","same canonical artist identity; unique album-track candidate slot; empty canonical_track_key target slot; exact normalized track title; existing RVAL relationship; album release year 1974","missing_chart_year","B_compilation_only","0.8","remain_unresolved"
"RVTR870769","What Child Is This","josh groban","none","Noel","26451","RVAL403222","8","What Child Is This?","same canonical artist identity; unique album-track candidate slot; empty canonical_track_key target slot; exact normalized track title; existing RVAL relationship; album release year 2007","missing_chart_year","A_original_studio_album_clearly_identifiable","1","promote_to_100"
"RVTR871836","Mustache Man Wasted","cake","none","Showroom Of Compassion","29888","RVAL512227","5","Mustache Man (Wasted)","same canonical artist identity; unique album-track candidate slot; empty canonical_track_key target slot; exact normalized track title; existing RVAL relationship; album release year 2011","missing_chart_year","A_original_studio_album_clearly_identifiable","1","promote_to_100"
"RVTR877284","Hey Jealous Lover","frank sinatra","none","Sinatra 80th - All The Best","38143","RVAL772275","1","Hey! Jealous Lover","same canonical artist identity; unique album-track candidate slot; empty canonical_track_key target slot; exact normalized track title; existing RVAL relationship; album release year 1995","missing_chart_year","A_original_studio_album_clearly_identifiable","1","promote_to_100"
"RVTR877869","Voodoo People","prodigy","none","Music For The Jilted Generation","41169","RVAL037674","5","Voodoo People","same canonical artist identity; unique album-track candidate slot; empty canonical_track_key target slot; exact normalized track title; existing RVAL relationship; album release year 1997","missing_chart_year; artist_display_differs_from_canonical_row","G_artist_identity_conflict","0.95","bob_review"
"RVTR880210","Semi Charmed Life","third eye blind","none","A Collection","23185","RVAL034652","1","Semi‐Charmed Life","same canonical artist identity; unique album-track candidate slot; empty canonical_track_key target slot; exact normalized track title; existing RVAL relationship; album release year 2006","missing_chart_year","B_compilation_only","0.8","remain_unresolved"
"RVTR887114","S M","rihanna","none","Loud","40805","RVAL397065","1","S&M","same canonical artist identity; unique album-track candidate slot; empty canonical_track_key target slot; existing RVAL relationship; album release year 2010","normalized_title_mismatch; missing_chart_year; multiple_rvtrs_target_same_album_track_slot","C_multiple_studio_album_candidates","0.95","bob_review"
"RVTR898361","Red Wine Mistakes Mythology","jack johnson","none","To The Sea","30091","RVAL642548","10","Red Wine, Mistakes, Mythology","same canonical artist identity; unique album-track candidate slot; empty canonical_track_key target slot; exact normalized track title; existing RVAL relationship; album release year 2010","missing_chart_year","A_original_studio_album_clearly_identifiable","1","promote_to_100"
"RVTR899433","Vincent Starry Starry Night","josh groban","none","Josh Groban","26448","RVAL218134","9","Vincent (Starry, Starry Night)","same canonical artist identity; unique album-track candidate slot; empty canonical_track_key target slot; exact normalized track title; existing RVAL relationship; album release year 2001","missing_chart_year","A_original_studio_album_clearly_identifiable","1","promote_to_100"
"RVTR899849","I Feel Like Dancin'","all time low","none","Dirty Work","33778","RVAL733968","2","I Feel Like Dancin’","same canonical artist identity; unique album-track candidate slot; empty canonical_track_key target slot; exact normalized track title; existing RVAL relationship; album release year 2011","missing_chart_year","A_original_studio_album_clearly_identifiable","1","promote_to_100"
"RVTR906038","Ill Tumble 4 Ya","culture club","none","Kissing To Be Clever","28643","RVAL255833","3","I’ll Tumble 4 Ya","same canonical artist identity; unique album-track candidate slot; empty canonical_track_key target slot; existing RVAL relationship; album release year 1983","normalized_title_mismatch; missing_chart_year","H_album_title_ambiguity","0.95","remain_unresolved"
"RVTR912509","Johnny Are You Queer","josie cotton","none","Convertible Music","27739","RVAL097968","7","Johnny, Are You Queer?","same canonical artist identity; unique album-track candidate slot; empty canonical_track_key target slot; exact normalized track title; existing RVAL relationship; album release year 1982","missing_chart_year","A_original_studio_album_clearly_identifiable","1","promote_to_100"
"RVTR917875","Wanna Be Startin Somethin'","michael jackson","none","Thriller","39831","RVAL586982","1","Wanna Be Startin’ Somethin’","same canonical artist identity; unique album-track candidate slot; empty canonical_track_key target slot; exact normalized track title; existing RVAL relationship; album release year 1982","missing_chart_year; multiple_rvtrs_target_same_album_track_slot","C_multiple_studio_album_candidates","0.95","bob_review"
"RVTR917904","Keep Fishin","weezer","none","Maladroit","39130","RVAL252121","3","Keep Fishin’","same canonical artist identity; unique album-track candidate slot; empty canonical_track_key target slot; exact normalized track title; existing RVAL relationship; album release year 2002","missing_chart_year","A_original_studio_album_clearly_identifiable","1","promote_to_100"
"RVTR924985","Somethings Gotta Give","leann rimes","none","This Woman","22773","RVAL583382","3","Something’s Gotta Give","same canonical artist identity; unique album-track candidate slot; empty canonical_track_key target slot; exact normalized track title; existing RVAL relationship; album release year 2005","missing_chart_year","A_original_studio_album_clearly_identifiable","1","promote_to_100"
"RVTR925711","Free For All","ted nugent","none","Great Gonzos!: The Best Of Ted Nugent","35537","RVAL601943","3","Free-For-All","same canonical artist identity; unique album-track candidate slot; empty canonical_track_key target slot; exact normalized track title; existing RVAL relationship; album release year 1981","missing_chart_year","B_compilation_only","0.8","remain_unresolved"
"RVTR926537","Intro Stronger Than Me","amy winehouse","none","Frank","39610","RVAL596999","1","Intro / Stronger Than Me","same canonical artist identity; unique album-track candidate slot; empty canonical_track_key target slot; exact normalized track title; existing RVAL relationship; album release year 2007","missing_chart_year","A_original_studio_album_clearly_identifiable","1","promote_to_100"
"RVTR928776","Rockin' Roll Baby","stylistics","none","Rockin' Roll Baby","42257","RVAL646370","8","Rockin’ Roll Baby","same canonical artist identity; unique album-track candidate slot; empty canonical_track_key target slot; exact normalized track title; existing RVAL relationship; album release year 1973","missing_chart_year; artist_display_differs_from_canonical_row","G_artist_identity_conflict","0.95","bob_review"
"RVTR931129","Always Have Always Will","ace of base","none","Cruel Summer","23574","RVAL207097","9","Always Have, Always Will","same canonical artist identity; unique album-track candidate slot; empty canonical_track_key target slot; exact normalized track title; existing RVAL relationship; album release year 1998","missing_chart_year","A_original_studio_album_clearly_identifiable","1","promote_to_100"
"RVTR934517","Stayin' Alive","bee gees","none","The Ultimate Bee Gees","24118","RVAL717620","2","Stayin’ Alive","same canonical artist identity; unique album-track candidate slot; empty canonical_track_key target slot; exact normalized track title; existing RVAL relationship; album release year 2009","missing_chart_year; multiple_rvtrs_target_same_album_track_slot","C_multiple_studio_album_candidates","0.95","bob_review"
"RVTR935186","Let Forever Be","chemical brothers","none","Surrender","41703","RVAL029579","5","Let Forever Be","same canonical artist identity; unique album-track candidate slot; empty canonical_track_key target slot; exact normalized track title; existing RVAL relationship; album release year 1999","missing_chart_year; artist_display_differs_from_canonical_row","G_artist_identity_conflict","0.95","bob_review"
"RVTR935606","Galileo Someone Like You","josh groban","none","Illuminations","26447","RVAL844375","3","Galileo (Someone Like You)","same canonical artist identity; unique album-track candidate slot; empty canonical_track_key target slot; exact normalized track title; existing RVAL relationship; album release year 2010","missing_chart_year","A_original_studio_album_clearly_identifiable","1","promote_to_100"
"RVTR936069","Lovin You","minnie riperton","none","Perfect Angel","34538","RVAL436295","7","Lovin’ You","same canonical artist identity; unique album-track candidate slot; empty canonical_track_key target slot; exact normalized track title; existing RVAL relationship; album release year 1974","missing_chart_year; multiple_rvtrs_target_same_album_track_slot","C_multiple_studio_album_candidates","0.95","bob_review"
"RVTR937565","Hickory Wind","byrds","none","Sweetheart Of The Rodeo","41509","RVAL770818","7","Hickory Wind","same canonical artist identity; unique album-track candidate slot; empty canonical_track_key target slot; exact normalized track title; existing RVAL relationship; album release year 1968","missing_chart_year; artist_display_differs_from_canonical_row","G_artist_identity_conflict","0.95","bob_review"
"RVTR937969","Make It Funky Part 1","james brown","none","20 All-Time Greatest Hits!","33229","RVAL044999","6","Make It Funky, Part 1","same canonical artist identity; unique album-track candidate slot; empty canonical_track_key target slot; exact normalized track title; existing RVAL relationship; album release year 2014; chart year 1971; chart/album year delta 43","chart_album_year_delta_43","B_compilation_only","0.8","remain_unresolved"
"RVTR939555","One Bourbon One Scotch One Beer","john lee hooker","none","Chill Out","29895","RVAL064974","5","One Bourbon, One Scotch, One Beer","same canonical artist identity; unique album-track candidate slot; empty canonical_track_key target slot; exact normalized track title; existing RVAL relationship; album release year 1995","missing_chart_year","A_original_studio_album_clearly_identifiable","1","promote_to_100"
"RVTR943969","Nah","shania twain","none","Up!","24856","RVAL553090","8","Nah!","same canonical artist identity; unique album-track candidate slot; empty canonical_track_key target slot; exact normalized track title; existing RVAL relationship; album release year 2002","missing_chart_year","A_original_studio_album_clearly_identifiable","1","promote_to_100"
"RVTR944523","True Faith '94","new order","none","(The Best) Of New Order","35726","RVAL037951","1","True Faith-94","same canonical artist identity; unique album-track candidate slot; empty canonical_track_key target slot; exact normalized track title; existing RVAL relationship; album release year 1995","missing_chart_year","A_original_studio_album_clearly_identifiable","1","promote_to_100"
"RVTR945135","Feenin'","jodeci","none","Back To The Future: The Very Best Of Jodeci","35710","RVAL830268","7","Feenin’","same canonical artist identity; unique album-track candidate slot; empty canonical_track_key target slot; exact normalized track title; existing RVAL relationship; album release year 2005","missing_chart_year","B_compilation_only","0.8","remain_unresolved"
"RVTR954278","Bubble Toes Express Yourself","jack johnson","none","En Concert","30083","RVAL504132","6","Bubble Toes / Express Yourself","same canonical artist identity; unique album-track candidate slot; empty canonical_track_key target slot; exact normalized track title; existing RVAL relationship; album release year 2009","missing_chart_year","D_live_recording","0.8","remain_unresolved"
"RVTR959252","Games People Play","spinners","none","Pick Of The Litter","43077","RVAL052532","7","Games People Play","same canonical artist identity; unique album-track candidate slot; empty canonical_track_key target slot; exact normalized track title; existing RVAL relationship; album release year 1975","missing_chart_year; artist_display_differs_from_canonical_row","G_artist_identity_conflict","0.95","bob_review"
"RVTR960655","S E X","nickelback","none","Dark Horse","39268","RVAL713931","9","S.E.X.","same canonical artist identity; unique album-track candidate slot; empty canonical_track_key target slot; exact normalized track title; existing RVAL relationship; album release year 2008","missing_chart_year","A_original_studio_album_clearly_identifiable","1","promote_to_100"
"RVTR962154","Block Rockin' Beats","chemical brothers","none","Dig Your Own Hole","41699","RVAL503821","1","Block Rockin’ Beats","same canonical artist identity; unique album-track candidate slot; empty canonical_track_key target slot; exact normalized track title; existing RVAL relationship; album release year 1997","missing_chart_year; artist_display_differs_from_canonical_row; multiple_rvtrs_target_same_album_track_slot","C_multiple_studio_album_candidates","0.95","bob_review"
"RVTR963829","Mr Melody","natalie cole","none","Natalie Live","32239","RVAL907682","5","Mr Melody","same canonical artist identity; unique album-track candidate slot; empty canonical_track_key target slot; exact normalized track title; existing RVAL relationship; album release year 1978; chart year 1976; chart/album year delta 2","","D_live_recording","0.8","remain_unresolved"
"RVTR966676","Breathe","prodigy","none","The Fat Of The Land","41171","RVAL555368","2","Breathe","same canonical artist identity; unique album-track candidate slot; empty canonical_track_key target slot; exact normalized track title; existing RVAL relationship; album release year 1997","missing_chart_year; artist_display_differs_from_canonical_row","G_artist_identity_conflict","0.95","bob_review"
"RVTR973129","Who Needs Love Like That","erasure","none","Pop! The First 20 Hits","35308","RVAL259012","1","Who Needs Love (Like That)","same canonical artist identity; unique album-track candidate slot; empty canonical_track_key target slot; exact normalized track title; existing RVAL relationship; album release year 1992","missing_chart_year","B_compilation_only","0.8","remain_unresolved"
"RVTR978570","Block Rockin' Beats","The Chemical Brothers","none","Dig Your Own Hole","41699","RVAL503821","1","Block Rockin’ Beats","same canonical artist identity; unique album-track candidate slot; empty canonical_track_key target slot; exact normalized track title; existing RVAL relationship; album release year 1997","missing_chart_year; multiple_rvtrs_target_same_album_track_slot","C_multiple_studio_album_candidates","0.95","bob_review"
"RVTR978968","Im Sprung","t-pain","none","Rappa Ternt Sanga","28451","RVAL566149","2","I’m Sprung","same canonical artist identity; unique album-track candidate slot; empty canonical_track_key target slot; existing RVAL relationship; album release year 2005","normalized_title_mismatch; missing_chart_year","H_album_title_ambiguity","0.95","remain_unresolved"
"RVTR981315","A Little Less Sixteen Candles A Little More Touch Me","fall out boy","none","Believers Never Die: Greatest Hits","23035","RVAL814694","8","A Little Less Sixteen Candles, A Little More ""Touch Me""","same canonical artist identity; unique album-track candidate slot; empty canonical_track_key target slot; exact normalized track title; existing RVAL relationship; album release year 2009; chart year 2006; chart/album year delta 3","chart_album_year_delta_3; multiple_rvtrs_target_same_album_track_slot","C_multiple_studio_album_candidates","0.95","bob_review"
"RVTR984322","Ill Be","edwin mccain","none","Misguided Roses","32991","RVAL057229","4","I’ll Be","same canonical artist identity; unique album-track candidate slot; empty canonical_track_key target slot; existing RVAL relationship; album release year 1998","normalized_title_mismatch; missing_chart_year","H_album_title_ambiguity","0.95","remain_unresolved"
"RVTR985202","Uncle Albert Admiral Halsey","wings","none","Wings Greatest","26914","RVAL418086","7","Uncle Albert / Admiral Halsey","same canonical artist identity; unique album-track candidate slot; empty canonical_track_key target slot; exact normalized track title; existing RVAL relationship; album release year 1978","missing_chart_year","B_compilation_only","0.8","remain_unresolved"
"RVTR986360","D A R E","rod wave","none","PTSD","43502","RVAL000054","3","PTSD","same canonical artist identity; unique album-track candidate slot; empty canonical_track_key target slot; existing RVAL relationship; album release year 2019; chart year 2024; chart/album year delta 5","normalized_title_mismatch; chart_album_year_delta_5","H_album_title_ambiguity","0.95","remain_unresolved"
