canonical_album_tracks_id,rvtr,old_canonical_track_key,proposed_canonical_track_key,album_id,album_title,rval,position,slot_title,confidence,reason,old_canonical_source,old_confidence_score,old_review_flag,old_updated_at
"564841","RVTR000415","","RVTR000415","43511","Religiously. The Album.","RVAL000064","12","Where It Ends","1.0","same canonical artist; exact normalized album-track title; unique unkeyed slot; chart year within one year of album release","musicbrainz_ingest_approved","0.95","curated","2026-06-13 01:39:05.365733"
"400831","RVTR000882","","RVTR000882","30404","The Future","RVAL029611","2","Wanna Get With U","1.0","same canonical artist; exact normalized album-track title; unique unkeyed slot; chart year within one year of album release","musicbrainz_cache","0.92","ok","2026-05-20 22:14:03.905719"
"381348","RVTR006587","","RVTR006587","25596","The Blues Brothers","RVAL388063","3","Gimme Some Lovin’","1.0","same canonical artist; exact normalized album-track title; unique unkeyed slot; chart year within one year of album release","musicbrainz_cache","0.88","ok","2026-05-20 22:14:03.905719"
"564323","RVTR007163","","RVTR007163","43476","Planet Her","RVAL000006","8","You Right","1.0","same canonical artist; exact normalized album-track title; unique unkeyed slot; chart year within one year of album release","musicbrainz_ingest_approved","0.95","curated","2026-06-12 20:44:53.529092"
"452557","RVTR011573","","RVTR011573","42657","Like It Is, Like It Was","RVAL535870","2","Oh, What A Day","1.0","same canonical artist; exact normalized album-track title; unique unkeyed slot; chart year within one year of album release","musicbrainz_cache","0.88","ok","2026-05-20 22:14:03.905719"
"542424","RVTR021425","","RVTR021425","29870","Some Tough City","RVAL923009","1","A Fine, Fine Day","1.0","same canonical artist; exact normalized album-track title; unique unkeyed slot; chart year within one year of album release","musicbrainz_cache","0.88","ok","2026-05-20 22:14:03.905719"
"565003","RVTR022465","","RVTR022465","43522","Celebrity","RVAL000074","1","Pop","1.0","same canonical artist; exact normalized album-track title; unique unkeyed slot; chart year within one year of album release","musicbrainz_ingest_approved","0.95","curated","2026-06-13 01:49:42.195817"
"542932","RVTR025240","","RVTR025240","30172","Foster Sylvers","RVAL171215","6","Hey Little Girl","1.0","same canonical artist; exact normalized album-track title; unique unkeyed slot; chart year within one year of album release","musicbrainz_cache","0.88","ok","2026-05-20 22:14:03.905719"
"414114","RVTR025900","","RVTR025900","33599","Hangin' Tough","RVAL494074","6","Hangin’ Tough","1.0","same canonical artist; exact normalized album-track title; unique unkeyed slot; chart year within one year of album release","musicbrainz_cache","0.92","ok","2026-05-20 22:14:03.905719"
"490929","RVTR027457","","RVTR027457","42738","Five O'Clock World","RVAL943020","1","Five O’Clock World","1.0","same canonical artist; exact normalized album-track title; unique unkeyed slot; chart year within one year of album release","musicbrainz_cache","0.88","ok","2026-05-20 22:14:03.905719"
"564803","RVTR034113","","RVTR034113","43509","The Great American Bar Scene","RVAL000062","8","Boons","1.0","same canonical artist; exact normalized album-track title; unique unkeyed slot; chart year within one year of album release","musicbrainz_ingest_approved","0.95","curated","2026-06-13 01:38:56.015433"
"565048","RVTR040043","","RVTR040043","43525","Stick Season (We’ll All Be Here Forever)","RVAL000077","1","Northern Attitude","1.0","same canonical artist; exact normalized album-track title; unique unkeyed slot; chart year within one year of album release","musicbrainz_ingest_approved","0.95","curated","2026-06-13 01:49:54.786506"
"564513","RVTR041621","","RVTR041621","43489","7","RVAL000081","8","Old Town Road","1.0","same canonical artist; exact normalized album-track title; unique unkeyed slot; chart year within one year of album release","musicbrainz_ingest_approved","0.95","curated","2026-06-12 21:59:17.851501"
"564950","RVTR047899","","RVTR047899","43518","Cloud 9","RVAL000070","5","Beautiful Things","1.0","same canonical artist; exact normalized album-track title; unique unkeyed slot; chart year within one year of album release","musicbrainz_ingest_approved","0.95","curated","2026-06-13 01:49:24.456522"
"397113","RVTR049087","","RVTR049087","29507","Something To Get You Hyped","RVAL701930","2","B Girls","1.0","same canonical artist; exact normalized album-track title; unique unkeyed slot; chart year within one year of album release","lineage_acoustic_recovery","0.74","review_required","2026-05-20 22:14:03.905719"
"563569","RVTR049750","","RVTR049750","42868","Keepin' The Summer Alive","RVAL849835","6","Goin’ On","1.0","same canonical artist; exact normalized album-track title; unique unkeyed slot; chart year within one year of album release","musicbrainz_cache","0.88","ok","2026-05-20 22:14:03.905719"
"506212","RVTR055437","","RVTR055437","29960","Kima, Keisha & Pam","RVAL929725","1","Trippin’","1.0","same canonical artist; exact normalized album-track title; unique unkeyed slot; chart year within one year of album release","musicbrainz_cache","0.88","ok","2026-05-20 22:14:03.905719"
"565158","RVTR055564","","RVTR055564","43531","SoulFly","RVAL000085","9","Pills & Billz","1.0","same canonical artist; exact normalized album-track title; unique unkeyed slot; chart year within one year of album release","musicbrainz_ingest_approved","0.95","curated","2026-06-13 01:50:27.658267"
"390091","RVTR057315","","RVTR057315","27779","L.A. Reggae","RVAL484136","1","Rockin' Pneumonia-Boogie Woogie Flu","1.0","same canonical artist; exact normalized album-track title; unique unkeyed slot; chart year within one year of album release","musicbrainz_cache","0.92","ok","2026-05-20 22:14:03.905719"
"414949","RVTR059872","","RVTR059872","33809","Over The Line","RVAL918453","1","Goin’ Down","1.0","same canonical artist; exact normalized album-track title; unique unkeyed slot; chart year within one year of album release","musicbrainz_cache","0.88","ok","2026-05-20 22:14:03.905719"
"479962","RVTR060928","","RVTR060928","35693","Project Baby Two","RVAL475802","10","Transportin’","1.0","same canonical artist; exact normalized album-track title; unique unkeyed slot; chart year within one year of album release","musicbrainz_cache","0.92","ok","2026-05-20 22:14:03.905719"
"374985","RVTR062395","","RVTR062395","23949","Proud To Be Here","RVAL899528","5","Just Fishin’","1.0","same canonical artist; exact normalized album-track title; unique unkeyed slot; chart year within one year of album release","musicbrainz_cache","0.88","ok","2026-05-20 22:14:03.905719"
"411844","RVTR062453","","RVTR062453","33083","Off The Hook","RVAL425838","5","Who Can I Run To?","1.0","same canonical artist; exact normalized album-track title; unique unkeyed slot; chart year within one year of album release","musicbrainz_cache","0.92","ok","2026-05-20 22:14:03.905719"
"433122","RVTR062656","","RVTR062656","37931","22 More Hits","RVAL480243","1","How ’Bout Them Cowgirls","1.0","same canonical artist; exact normalized album-track title; unique unkeyed slot; chart year within one year of album release","musicbrainz_cache","0.92","ok","2026-05-20 22:14:03.905719"
"468286","RVTR062831","","RVTR062831","28960","Lord Willin'","RVAL333027","4","Grindin’","1.0","same canonical artist; exact normalized album-track title; unique unkeyed slot; chart year within one year of album release","musicbrainz_cache","0.92","ok","2026-05-20 22:14:03.905719"
"510812","RVTR063671","","RVTR063671","32603","Mr. Smith","RVAL885852","10","Loungin’","1.0","same canonical artist; exact normalized album-track title; unique unkeyed slot; chart year within one year of album release","musicbrainz_cache","0.92","ok","2026-05-20 22:14:03.905719"
"564344","RVTR063926","","RVTR063926","43477","Shoot for the Stars Aim for the Moon","RVAL000016","16","Diana","1.0","same canonical artist; exact normalized album-track title; unique unkeyed slot; chart year within one year of album release","musicbrainz_ingest_approved","0.95","curated","2026-06-12 20:44:53.583021"
"565321","RVTR068866","","RVTR068866","43542","Hall of Fame","RVAL000098","20","Bloody Canvas","1.0","same canonical artist; exact normalized album-track title; unique unkeyed slot; chart year within one year of album release","musicbrainz_ingest_approved","0.95","curated","2026-06-13 01:51:27.810754"
"437222","RVTR074563","","RVTR074563","38971","Touch Me","RVAL803541","6","Do Ya Do Ya (Wanna Please Me)","1.0","same canonical artist; exact normalized album-track title; unique unkeyed slot; chart year within one year of album release","musicbrainz_cache","0.92","ok","2026-05-20 22:14:03.905719"
"560317","RVTR078554","","RVTR078554","40781","Vixen","RVAL032661","3","Cryin’","1.0","same canonical artist; exact normalized album-track title; unique unkeyed slot; chart year within one year of album release","musicbrainz_cache","0.92","ok","2026-05-20 22:14:03.905719"
"547703","RVTR080064","","RVTR080064","32931","Rockbird","RVAL319684","2","French Kissin’","1.0","same canonical artist; exact normalized album-track title; unique unkeyed slot; chart year within one year of album release","musicbrainz_cache","0.92","ok","2026-05-20 22:14:03.905719"
"473339","RVTR086788","","RVTR086788","31837","The Delta Sweete","RVAL720600","5","Mornin’ Glory","1.0","same canonical artist; exact normalized album-track title; unique unkeyed slot; chart year within one year of album release","musicbrainz_cache","0.88","ok","2026-05-20 22:14:03.905719"
"564614","RVTR089051","","RVTR089051","43496","Suga","RVAL000121","3","Captain Hook","1.0","same canonical artist; exact normalized album-track title; unique unkeyed slot; chart year within one year of album release","musicbrainz_ingest_approved","0.95","curated","2026-06-12 21:59:27.364342"
"399972","RVTR090160","","RVTR090160","30167","Love's The Thing","RVAL266199","1","Shackin’ Up","1.0","same canonical artist; exact normalized album-track title; unique unkeyed slot; chart year within one year of album release","musicbrainz_cache","0.88","ok","2026-05-20 22:14:03.905719"
"498613","RVTR094002","","RVTR094002","25449","Legal Drug Money","RVAL974048","11","Jeeps Lex Coups Bimaz Benz","1.0","same canonical artist; exact normalized album-track title; unique unkeyed slot; chart year within one year of album release","musicbrainz_cache_hot100_gap","0.86","ok","2026-05-20 22:14:03.905719"
"518998","RVTR094329","","RVTR094329","37976","Welcome To The Zoo","RVAL558401","2","Hood Nigga","1.0","same canonical artist; exact normalized album-track title; unique unkeyed slot; chart year within one year of album release","musicbrainz_cache","0.88","ok","2026-05-20 22:14:03.905719"
"407683","RVTR098315","","RVTR098315","32082","Eve-olution","RVAL630295","2","Gangsta Lovin’","1.0","same canonical artist; exact normalized album-track title; unique unkeyed slot; chart year within one year of album release","musicbrainz_cache","0.88","ok","2026-05-20 22:14:03.905719"
"419864","RVTR100150","","RVTR100150","35012","Rock & Roll","RVAL988415","10","Where Is My Mind","1.0","same canonical artist; exact normalized album-track title; unique unkeyed slot; chart year within one year of album release","musicbrainz_cache","0.92","ok","2026-05-20 22:14:03.905719"
"534056","RVTR100610","","RVTR100610","24997","Trans-europe Express","RVAL059982","4","Trans Europe Express","1.0","same canonical artist; exact normalized album-track title; unique unkeyed slot; chart year within one year of album release","musicbrainz_cache","0.88","ok","2026-05-20 22:14:03.905719"
"546508","RVTR102178","","RVTR102178","32203","Dog And Butterfly","RVAL314483","1","Dog & Butterfly","1.0","same canonical artist; exact normalized album-track title; unique unkeyed slot; chart year within one year of album release","lineage_acoustic_recovery","0.74","review_required","2026-05-20 22:14:03.905719"
"404019","RVTR102849","","RVTR102849","31184","Universal Soldier","RVAL417541","3","Are We Cuttin’","1.0","same canonical artist; exact normalized album-track title; unique unkeyed slot; chart year within one year of album release","musicbrainz_cache","0.88","ok","2026-05-20 22:14:03.905719"
"565514","RVTR104713","","RVTR104713","43554","King","RVAL000116","7","Why You Wanna","1.0","same canonical artist; exact normalized album-track title; unique unkeyed slot; chart year within one year of album release","musicbrainz_ingest_approved","0.95","curated","2026-06-13 01:52:20.038628"
"558891","RVTR105427","","RVTR105427","39916","Own The Night","RVAL548785","3","Dancin’ Away With My Heart","1.0","same canonical artist; exact normalized album-track title; unique unkeyed slot; chart year within one year of album release","musicbrainz_cache","0.92","ok","2026-05-20 22:14:03.905719"
"494107","RVTR106231","","RVTR106231","22909","No Lookin' Back","RVAL677064","1","No Lookin’ Back","1.0","same canonical artist; exact normalized album-track title; unique unkeyed slot; chart year within one year of album release","musicbrainz_cache","0.88","ok","2026-05-20 22:14:03.905719"
"469208","RVTR119239","","RVTR119239","29503","Stadium Arcadium","RVAL321311","2","Snow (Hey Oh)","1.0","same canonical artist; exact normalized album-track title; unique unkeyed slot; chart year within one year of album release","musicbrainz_cache","0.92","ok","2026-05-20 22:14:03.905719"
"432930","RVTR125129","","RVTR125129","37887","Dark Horse","RVAL104312","6","Ding Dong, Ding Dong","1.0","same canonical artist; exact normalized album-track title; unique unkeyed slot; chart year within one year of album release","musicbrainz_cache","0.92","ok","2026-05-20 22:14:03.905719"
"384520","RVTR127688","","RVTR127688","26376","I'm Just Corey","RVAL889426","1","Hush Lil Lady","1.0","same canonical artist; exact normalized album-track title; unique unkeyed slot; chart year within one year of album release","musicbrainz_cache","0.88","ok","2026-05-20 22:14:03.905719"
"484366","RVTR130955","","RVTR130955","38830","Slow Flux","RVAL146640","6","Straight Shootin’ Woman","1.0","same canonical artist; exact normalized album-track title; unique unkeyed slot; chart year within one year of album release","musicbrainz_cache","0.88","ok","2026-05-20 22:14:03.905719"
"549127","RVTR131522","","RVTR131522","33813","Defying Gravity","RVAL391603","4","’Til Summer Comes Around","1.0","same canonical artist; exact normalized album-track title; unique unkeyed slot; chart year within one year of album release","musicbrainz_cache","0.92","ok","2026-05-20 22:14:03.905719"
"479876","RVTR131859","","RVTR131859","35646","Most Known Unknown","RVAL337005","7","Poppin’ My Collar","1.0","same canonical artist; exact normalized album-track title; unique unkeyed slot; chart year within one year of album release","musicbrainz_cache","0.92","ok","2026-05-20 22:14:03.905719"
"445416","RVTR134693","","RVTR134693","40996","Today","RVAL566642","1","T‐R‐O‐U‐B‐L‐E","1.0","same canonical artist; exact normalized album-track title; unique unkeyed slot; chart year within one year of album release","musicbrainz_cache","0.88","ok","2026-05-20 22:14:03.905719"
"565348","RVTR135211","","RVTR135211","43544","Pray 4 Love","RVAL000103","7","No Weakness","1.0","same canonical artist; exact normalized album-track title; unique unkeyed slot; chart year within one year of album release","musicbrainz_ingest_approved","0.95","curated","2026-06-13 01:51:37.670283"
"564342","RVTR137897","","RVTR137897","43477","Shoot for the Stars Aim for the Moon","RVAL000016","14","Something Special","1.0","same canonical artist; exact normalized album-track title; unique unkeyed slot; chart year within one year of album release","musicbrainz_ingest_approved","0.95","curated","2026-06-12 20:44:53.583021"
"448698","RVTR141644","","RVTR141644","41786","In Visible Silence","RVAL561654","2","Paranoimia","1.0","same canonical artist; exact normalized album-track title; unique unkeyed slot; chart year within one year of album release","musicbrainz_cache","0.88","ok","2026-05-20 22:14:03.905719"
"533669","RVTR148644","","RVTR148644","24803","Liquid Swords","RVAL795666","8","Shadowboxin’","1.0","same canonical artist; exact normalized album-track title; unique unkeyed slot; chart year within one year of album release","musicbrainz_cache","0.88","ok","2026-05-20 22:14:03.905719"
"564338","RVTR148995","","RVTR148995","43477","Shoot for the Stars Aim for the Moon","RVAL000016","10","The Woo","1.0","same canonical artist; exact normalized album-track title; unique unkeyed slot; chart year within one year of album release","musicbrainz_ingest_approved","0.95","curated","2026-06-12 20:44:53.583021"
"565051","RVTR149150","","RVTR149150","43525","Stick Season (We’ll All Be Here Forever)","RVAL000077","4","She Calls Me Back","1.0","same canonical artist; exact normalized album-track title; unique unkeyed slot; chart year within one year of album release","musicbrainz_ingest_approved","0.95","curated","2026-06-13 01:49:54.786506"
"376428","RVTR151608","","RVTR151608","24305","KISS","RVAL743046","6","Kissin’ Time","1.0","same canonical artist; exact normalized album-track title; unique unkeyed slot; chart year within one year of album release","musicbrainz_cache","0.88","ok","2026-05-20 22:14:03.905719"
"562763","RVTR158764","","RVTR158764","42377","Homemade","RVAL560933","3","Double Lovin’","1.0","same canonical artist; exact normalized album-track title; unique unkeyed slot; chart year within one year of album release","musicbrainz_cache","0.92","ok","2026-05-20 22:14:03.905719"
"457038","RVTR162561","","RVTR162561","22528","Carla","RVAL921577","1","B‐A‐B‐Y","1.0","same canonical artist; exact normalized album-track title; unique unkeyed slot; chart year within one year of album release","musicbrainz_cache","0.88","ok","2026-05-20 22:14:03.905719"
"564347","RVTR163297","","RVTR163297","43477","Shoot for the Stars Aim for the Moon","RVAL000016","19","Dior","1.0","same canonical artist; exact normalized album-track title; unique unkeyed slot; chart year within one year of album release","musicbrainz_ingest_approved","0.95","curated","2026-06-12 20:44:53.583021"
"410981","RVTR170807","","RVTR170807","32883","My Baby Loves Lovin'","RVAL879320","6","My Baby Loves Lovin’","1.0","same canonical artist; exact normalized album-track title; unique unkeyed slot; chart year within one year of album release","musicbrainz_cache","0.88","ok","2026-05-20 22:14:03.905719"
"558986","RVTR171683","","RVTR171683","39978","Still Not Getting Any...","RVAL561177","1","Shut Up!","1.0","same canonical artist; exact normalized album-track title; unique unkeyed slot; chart year within one year of album release","musicbrainz_cache","0.92","ok","2026-05-20 22:14:03.905719"
"436954","RVTR174763","","RVTR174763","38916","MH","RVAL495725","2","Clubbin’","1.0","same canonical artist; exact normalized album-track title; unique unkeyed slot; chart year within one year of album release","musicbrainz_cache","0.88","ok","2026-05-20 22:14:03.905719"
"432569","RVTR175153","","RVTR175153","37802","Somebody's Been Sleeping In My Bed","RVAL393484","3","One Man’s Leftovers (Is Another Man’s Feast)","1.0","same canonical artist; exact normalized album-track title; unique unkeyed slot; chart year within one year of album release","musicbrainz_cache","0.92","ok","2026-05-20 22:14:03.905719"
"565436","RVTR181667","","RVTR181667","43548","Nostalgia","RVAL000108","13","Great Gatsby","1.0","same canonical artist; exact normalized album-track title; unique unkeyed slot; chart year within one year of album release","musicbrainz_ingest_approved","0.95","curated","2026-06-13 01:51:56.655175"
"492892","RVTR181847","","RVTR181847","22231","Tical","RVAL439918","8","Release Yo’ Delf","1.0","same canonical artist; exact normalized album-track title; unique unkeyed slot; chart year within one year of album release","musicbrainz_cache","0.92","ok","2026-05-20 22:14:03.905719"
"495075","RVTR185901","","RVTR185901","23491","Home To You","RVAL017121","2","Hello L-O-V-E","1.0","same canonical artist; exact normalized album-track title; unique unkeyed slot; chart year within one year of album release","musicbrainz_cache","0.88","ok","2026-05-20 22:14:03.905719"
"447063","RVTR186654","","RVTR186654","41397","Gloria","RVAL261880","1","Gloria","1.0","same canonical artist; exact normalized album-track title; unique unkeyed slot; chart year within one year of album release","musicbrainz_cache","0.88","ok","2026-05-20 22:14:03.905719"
"564334","RVTR187013","","RVTR187013","43477","Shoot for the Stars Aim for the Moon","RVAL000016","6","Yea Yea","1.0","same canonical artist; exact normalized album-track title; unique unkeyed slot; chart year within one year of album release","musicbrainz_ingest_approved","0.95","curated","2026-06-12 20:44:53.583021"
"565156","RVTR190178","","RVTR190178","43531","SoulFly","RVAL000085","7","Richer","1.0","same canonical artist; exact normalized album-track title; unique unkeyed slot; chart year within one year of album release","musicbrainz_ingest_approved","0.95","curated","2026-06-13 01:50:27.658267"
"460048","RVTR190795","","RVTR190795","24285","Al-Di-La And Other Extra-Special Songs For Young Lovers","RVAL801970","2","Al-Di-La","1.0","same canonical artist; exact normalized album-track title; unique unkeyed slot; chart year within one year of album release","lineage_acoustic_recovery","0.74","review_required","2026-05-20 22:14:03.905719"
"565278","RVTR192117","","RVTR192117","43540","The Secret of Us","RVAL000095","2","Risk","1.0","same canonical artist; exact normalized album-track title; unique unkeyed slot; chart year within one year of album release","musicbrainz_ingest_approved","0.95","curated","2026-06-13 01:51:19.346876"
"422548","RVTR194408","","RVTR194408","35670","True Love","RVAL452100","4","Baby What About You","1.0","same canonical artist; exact normalized album-track title; unique unkeyed slot; chart year within one year of album release","musicbrainz_cache","0.92","ok","2026-05-20 22:14:03.905719"
"564254","RVTR203409","","RVTR203409","43471","Zach Bryan","RVAL000005","8","Holy Roller","1.0","same canonical artist; exact normalized album-track title; unique unkeyed slot; chart year within one year of album release","musicbrainz_ingest_approved","0.95","curated","2026-06-12 19:59:15.078143"
"438579","RVTR205994","","RVTR205994","39324","All Over The Road","RVAL883886","2","Lovin’ You Is Fun","1.0","same canonical artist; exact normalized album-track title; unique unkeyed slot; chart year within one year of album release","musicbrainz_cache","0.88","ok","2026-05-20 22:14:03.905719"
"565346","RVTR206487","","RVTR206487","43544","Pray 4 Love","RVAL000103","5","I Remember","1.0","same canonical artist; exact normalized album-track title; unique unkeyed slot; chart year within one year of album release","musicbrainz_ingest_approved","0.95","curated","2026-06-13 01:51:37.670283"
"550648","RVTR207811","","RVTR207811","34622","A Night To Remember","RVAL601645","4","The Quittin’ Kind","1.0","same canonical artist; exact normalized album-track title; unique unkeyed slot; chart year within one year of album release","musicbrainz_cache","0.88","ok","2026-05-20 22:14:03.905719"
"519708","RVTR208255","","RVTR208255","38355","Don't Tread","RVAL787076","3","Where You Goin’ Now","1.0","same canonical artist; exact normalized album-track title; unique unkeyed slot; chart year within one year of album release","musicbrainz_cache","0.92","ok","2026-05-20 22:14:03.905719"
"412489","RVTR211337","","RVTR211337","33228","Victory","RVAL937522","1","Torture","1.0","same canonical artist; exact normalized album-track title; unique unkeyed slot; chart year within one year of album release","musicbrainz_cache","0.92","ok","2026-05-20 22:14:03.905719"
"436195","RVTR214935","","RVTR214935","38720","Reflections","RVAL327321","1","’Til You Do Me Right","1.0","same canonical artist; exact normalized album-track title; unique unkeyed slot; chart year within one year of album release","musicbrainz_cache","0.88","ok","2026-05-20 22:14:03.905719"
"374372","RVTR216519","","RVTR216519","23789","Last Time I Saw Him","RVAL385335","4","Sleepin’","1.0","same canonical artist; exact normalized album-track title; unique unkeyed slot; chart year within one year of album release","musicbrainz_cache","0.92","ok","2026-05-20 22:14:03.905719"
"564798","RVTR221761","","RVTR221761","43509","The Great American Bar Scene","RVAL000062","3","The Great American Bar Scene","1.0","same canonical artist; exact normalized album-track title; unique unkeyed slot; chart year within one year of album release","musicbrainz_ingest_approved","0.95","curated","2026-06-13 01:38:56.015433"
"377675","RVTR223531","","RVTR223531","24621","Dancin' Man","RVAL900239","1","Dancin’ Man","1.0","same canonical artist; exact normalized album-track title; unique unkeyed slot; chart year within one year of album release","musicbrainz_cache","0.88","ok","2026-05-20 22:14:03.905719"
"420843","RVTR229565","","RVTR229565","35268","Eat 'Em And Smile","RVAL770557","5","Goin’ Crazy!","1.0","same canonical artist; exact normalized album-track title; unique unkeyed slot; chart year within one year of album release","musicbrainz_cache","0.92","ok","2026-05-20 22:14:03.905719"
"463817","RVTR231719","","RVTR231719","26355","Fenix","RVAL642110","7","With You Tonight (Hasta El Amanecer)","1.0","same canonical artist; exact normalized album-track title; unique unkeyed slot; chart year within one year of album release","lineage_acoustic_recovery","0.74","review_required","2026-05-20 22:14:03.905719"
"557484","RVTR233918","","RVTR233918","39161","Doubt","RVAL943719","7","Real, Real, Real","1.0","same canonical artist; exact normalized album-track title; unique unkeyed slot; chart year within one year of album release","musicbrainz_cache","0.92","ok","2026-05-20 22:14:03.905719"
"551133","RVTR237396","","RVTR237396","34907","What I Do","RVAL742462","8","The Talkin’ Song Repair Blues","1.0","same canonical artist; exact normalized album-track title; unique unkeyed slot; chart year within one year of album release","musicbrainz_cache","0.92","ok","2026-05-20 22:14:03.905719"
"565312","RVTR238436","","RVTR238436","43542","Hall of Fame","RVAL000098","11","Go, Part 1","1.0","same canonical artist; exact normalized album-track title; unique unkeyed slot; chart year within one year of album release","musicbrainz_ingest_approved","0.95","curated","2026-06-13 01:51:27.810754"
"564258","RVTR238714","","RVTR238714","43471","Zach Bryan","RVAL000005","12","Tourniquet","1.0","same canonical artist; exact normalized album-track title; unique unkeyed slot; chart year within one year of album release","musicbrainz_ingest_approved","0.95","curated","2026-06-12 19:59:15.078143"
"565571","RVTR240956","","RVTR240956","43558","An Evening With Silk Sonic","RVAL000125","4","After Last Night","1.0","same canonical artist; exact normalized album-track title; unique unkeyed slot; chart year within one year of album release","musicbrainz_ingest_approved","0.95","curated","2026-06-13 01:52:41.612648"
"527154","RVTR243586","","RVTR243586","42741","Till","RVAL427966","5","I Will","1.0","same canonical artist; exact normalized album-track title; unique unkeyed slot; chart year within one year of album release","lineage_acoustic_recovery","0.74","review_required","2026-05-20 22:14:03.905719"
"484188","RVTR245733","","RVTR245733","38734","The Scene Changes","RVAL018104","5","Dream On, Little Dreamer","1.0","same canonical artist; exact normalized album-track title; unique unkeyed slot; chart year within one year of album release","lineage_acoustic_recovery","0.74","review_required","2026-05-20 22:14:03.905719"
"565425","RVTR251183","","RVTR251183","43548","Nostalgia","RVAL000108","2","Long Journey","1.0","same canonical artist; exact normalized album-track title; unique unkeyed slot; chart year within one year of album release","musicbrainz_ingest_approved","0.95","curated","2026-06-13 01:51:56.655175"
"565165","RVTR252985","","RVTR252985","43531","SoulFly","RVAL000085","16","Sneaky Links","1.0","same canonical artist; exact normalized album-track title; unique unkeyed slot; chart year within one year of album release","musicbrainz_ingest_approved","0.95","curated","2026-06-13 01:50:27.658267"
"455178","RVTR254636","","RVTR254636","43246","Piece Of Mind","RVAL634803","1","Where Do I Go / Be-In (Hare Krishna)","1.0","same canonical artist; exact normalized album-track title; unique unkeyed slot; chart year within one year of album release","musicbrainz_cache","0.88","ok","2026-05-20 22:14:03.905719"
"564339","RVTR255494","","RVTR255494","43477","Shoot for the Stars Aim for the Moon","RVAL000016","11","West Coast Shit","1.0","same canonical artist; exact normalized album-track title; unique unkeyed slot; chart year within one year of album release","musicbrainz_ingest_approved","0.95","curated","2026-06-12 20:44:53.583021"
"562353","RVTR256680","","RVTR256680","42107","Look-Ka Py Py","RVAL995576","1","Look‐Ka Py Py","1.0","same canonical artist; exact normalized album-track title; unique unkeyed slot; chart year within one year of album release","musicbrainz_cache","0.88","ok","2026-05-20 22:14:03.905719"
"564797","RVTR263066","","RVTR263066","43509","The Great American Bar Scene","RVAL000062","2","Mechanical Bull","1.0","same canonical artist; exact normalized album-track title; unique unkeyed slot; chart year within one year of album release","musicbrainz_ingest_approved","0.95","curated","2026-06-13 01:38:56.015433"
"375961","RVTR265159","","RVTR265159","24180","More, More, More","RVAL624949","2","NY You Got Me Dancing","1.0","same canonical artist; exact normalized album-track title; unique unkeyed slot; chart year within one year of album release","musicbrainz_cache","0.88","ok","2026-05-20 22:14:03.905719"
"400466","RVTR268978","","RVTR268978","30307","Recovery","RVAL609297","2","Talkin’ 2 Myself","1.0","same canonical artist; exact normalized album-track title; unique unkeyed slot; chart year within one year of album release","musicbrainz_cache","0.92","ok","2026-05-20 22:14:03.905719"
"565162","RVTR270657","","RVTR270657","43531","SoulFly","RVAL000085","13","Omdb","1.0","same canonical artist; exact normalized album-track title; unique unkeyed slot; chart year within one year of album release","musicbrainz_ingest_approved","0.95","curated","2026-06-13 01:50:27.658267"
"557661","RVTR275149","","RVTR275149","39252","Let Me Up (I've Had Enough)","RVAL837647","1","Jammin’ Me","1.0","same canonical artist; exact normalized album-track title; unique unkeyed slot; chart year within one year of album release","musicbrainz_cache","0.88","ok","2026-05-20 22:14:03.905719"
"565399","RVTR281674","","RVTR281674","43547","Hot Pink","RVAL000107","6","Like That","1.0","same canonical artist; exact normalized album-track title; unique unkeyed slot; chart year within one year of album release","musicbrainz_ingest_approved","0.95","curated","2026-06-13 01:51:51.599322"
"536382","RVTR283793","","RVTR283793","26368","How 'bout Us","RVAL260635","5","How ’Bout Us","1.0","same canonical artist; exact normalized album-track title; unique unkeyed slot; chart year within one year of album release","musicbrainz_cache","0.88","ok","2026-05-20 22:14:03.905719"
"564545","RVTR283840","","RVTR283840","43492","Fireworks & Rollerblades","RVAL000045","5","Cry","1.0","same canonical artist; exact normalized album-track title; unique unkeyed slot; chart year within one year of album release","musicbrainz_ingest_approved","0.95","curated","2026-06-12 21:59:21.920826"
"532009","RVTR286215","","RVTR286215","23909","Mind, Body & Song","RVAL419091","5","5-4-3-2 (Yo' Time Is Up)","1.0","same canonical artist; exact normalized album-track title; unique unkeyed slot; chart year within one year of album release","musicbrainz_cache","0.88","ok","2026-05-20 22:14:03.905719"
"386286","RVTR288062","","RVTR288062","26825","Take A Look Over Your Shoulder (Reality)","RVAL096675","3","Smokin’ Me Out","1.0","same canonical artist; exact normalized album-track title; unique unkeyed slot; chart year within one year of album release","musicbrainz_cache","0.88","ok","2026-05-20 22:14:03.905719"
"458942","RVTR288421","","RVTR288421","23635","Fly Me To The Moon","RVAL490251","10","California Dreamin’","1.0","same canonical artist; exact normalized album-track title; unique unkeyed slot; chart year within one year of album release","musicbrainz_cache","0.92","ok","2026-05-20 22:14:03.905719"
"431956","RVTR288672","","RVTR288672","37676","A Portrait Of Ray","RVAL661468","10","A Sweet Young Thing Like You","1.0","same canonical artist; exact normalized album-track title; unique unkeyed slot; chart year within one year of album release","musicbrainz_cache","0.88","ok","2026-05-20 22:14:03.905719"
"379434","RVTR289036","","RVTR289036","25062","The Phoenix","RVAL441396","11","S E X","1.0","same canonical artist; exact normalized album-track title; unique unkeyed slot; chart year within one year of album release","musicbrainz_cache_hot100_gap","0.86","ok","2026-05-20 22:14:03.905719"
"413691","RVTR289376","","RVTR289376","33506","Lasers","RVAL905603","7","Beautiful Lasers (2Ways)","1.0","same canonical artist; exact normalized album-track title; unique unkeyed slot; chart year within one year of album release","musicbrainz_cache","0.88","ok","2026-05-20 22:14:03.905719"
"564260","RVTR290589","","RVTR290589","43471","Zach Bryan","RVAL000005","14","Tradesman","1.0","same canonical artist; exact normalized album-track title; unique unkeyed slot; chart year within one year of album release","musicbrainz_ingest_approved","0.95","curated","2026-06-12 19:59:15.078143"
"565146","RVTR292746","","RVTR292746","43530","*NSYNC","RVAL000083","10","I Drive Myself Crazy","1.0","same canonical artist; exact normalized album-track title; unique unkeyed slot; chart year within one year of album release","musicbrainz_ingest_approved","0.95","curated","2026-06-13 01:50:21.678359"
"376242","RVTR294604","","RVTR294604","24252","Weapons Of Mass Destruction","RVAL679248","8","Hey Now (Mean Muggin’)","1.0","same canonical artist; exact normalized album-track title; unique unkeyed slot; chart year within one year of album release","musicbrainz_cache","0.88","ok","2026-05-20 22:14:03.905719"
"498598","RVTR296273","","RVTR296273","25439","Waitin' In The Country","RVAL129408","6","Livin’ Our Love Song","1.0","same canonical artist; exact normalized album-track title; unique unkeyed slot; chart year within one year of album release","musicbrainz_cache","0.88","ok","2026-05-20 22:14:03.905719"
"565510","RVTR296361","","RVTR296361","43554","King","RVAL000116","3","What You Know","1.0","same canonical artist; exact normalized album-track title; unique unkeyed slot; chart year within one year of album release","musicbrainz_ingest_approved","0.95","curated","2026-06-13 01:52:20.038628"
"392330","RVTR307618","","RVTR307618","28340","Involved","RVAL899961","3","Funky Music Sho' Nuff Turns Me On","1.0","same canonical artist; exact normalized album-track title; unique unkeyed slot; chart year within one year of album release","musicbrainz_cache","0.88","ok","2026-05-20 22:14:03.905719"
"564341","RVTR315273","","RVTR315273","43477","Shoot for the Stars Aim for the Moon","RVAL000016","13","Mood Swings","1.0","same canonical artist; exact normalized album-track title; unique unkeyed slot; chart year within one year of album release","musicbrainz_ingest_approved","0.95","curated","2026-06-12 20:44:53.583021"
"386185","RVTR318496","","RVTR318496","26800","Hotter Than July","RVAL156944","6","Master Blaster (Jammin’)","1.0","same canonical artist; exact normalized album-track title; unique unkeyed slot; chart year within one year of album release","musicbrainz_cache","0.92","ok","2026-05-20 22:14:03.905719"
"444730","RVTR322063","","RVTR322063","40835","Change Of Heart","RVAL675261","5","Baby I Need Your Lovin’","1.0","same canonical artist; exact normalized album-track title; unique unkeyed slot; chart year within one year of album release","musicbrainz_cache","0.92","ok","2026-05-20 22:14:03.905719"
"540584","RVTR322469","","RVTR322469","28711","The Whole Shebang","RVAL759798","2","I Will…But","1.0","same canonical artist; exact normalized album-track title; unique unkeyed slot; chart year within one year of album release","musicbrainz_cache","0.92","ok","2026-05-20 22:14:03.905719"
"565309","RVTR322874","","RVTR322874","43542","Hall of Fame","RVAL000098","8","Black Hearted","1.0","same canonical artist; exact normalized album-track title; unique unkeyed slot; chart year within one year of album release","musicbrainz_ingest_approved","0.95","curated","2026-06-13 01:51:27.810754"
"565575","RVTR323120","","RVTR323120","43558","An Evening With Silk Sonic","RVAL000125","8","Skate","1.0","same canonical artist; exact normalized album-track title; unique unkeyed slot; chart year within one year of album release","musicbrainz_ingest_approved","0.95","curated","2026-06-13 01:52:41.612648"
"404109","RVTR327766","","RVTR327766","31208","All Work, No Play","RVAL072165","1","Body Bumpin' (Yippie-Yi-Yo)","1.0","same canonical artist; exact normalized album-track title; unique unkeyed slot; chart year within one year of album release","musicbrainz_cache","0.88","ok","2026-05-20 22:14:03.905719"
"441124","RVTR328314","","RVTR328314","39957","A Circle Filled With Love","RVAL782887","6","Here Is Where Your Love Belongs","1.0","same canonical artist; exact normalized album-track title; unique unkeyed slot; chart year within one year of album release","lineage_acoustic_recovery","0.74","review_required","2026-05-20 22:14:03.905719"
"433359","RVTR330620","","RVTR330620","38012","Dierks Bentley","RVAL298512","1","What Was I Thinkin’","1.0","same canonical artist; exact normalized album-track title; unique unkeyed slot; chart year within one year of album release","musicbrainz_cache","0.92","ok","2026-05-20 22:14:03.905719"
"527132","RVTR333435","","RVTR333435","42733","Lady In Waiting","RVAL132357","3","Breaker-Breaker","1.0","same canonical artist; exact normalized album-track title; unique unkeyed slot; chart year within one year of album release","lineage_acoustic_recovery","0.74","review_required","2026-05-20 22:14:03.905719"
"386066","RVTR336242","","RVTR336242","26775","Rock & Roll Strategy","RVAL335425","4","Comin’ Down Tonight","1.0","same canonical artist; exact normalized album-track title; unique unkeyed slot; chart year within one year of album release","musicbrainz_cache","0.92","ok","2026-05-20 22:14:03.905719"
"564811","RVTR339151","","RVTR339151","43509","The Great American Bar Scene","RVAL000062","16","Northern Thunder","1.0","same canonical artist; exact normalized album-track title; unique unkeyed slot; chart year within one year of album release","musicbrainz_ingest_approved","0.95","curated","2026-06-13 01:38:56.015433"
"527368","RVTR339334","","RVTR339334","42869","L.a. Light Album","RVAL176121","1","Good Timin’","1.0","same canonical artist; exact normalized album-track title; unique unkeyed slot; chart year within one year of album release","musicbrainz_cache","0.88","ok","2026-05-20 22:14:03.905719"
"373502","RVTR340967","","RVTR340967","23577","Boots","RVAL917541","8","So Long, Babe","1.0","same canonical artist; exact normalized album-track title; unique unkeyed slot; chart year within one year of album release","musicbrainz_cache","0.88","ok","2026-05-20 22:14:03.905719"
"467299","RVTR354909","","RVTR354909","28291","Promises, Promises","RVAL372582","5","Who Is Gonna Love Me","1.0","same canonical artist; exact normalized album-track title; unique unkeyed slot; chart year within one year of album release","musicbrainz_cache","0.92","ok","2026-05-20 22:14:03.905719"
"485927","RVTR356263","","RVTR356263","39680","Moonshine In The Trunk","RVAL784139","1","Crushin’ It","1.0","same canonical artist; exact normalized album-track title; unique unkeyed slot; chart year within one year of album release","musicbrainz_cache","0.88","ok","2026-05-20 22:14:03.905719"
"452191","RVTR357285","","RVTR357285","42580","Colonization","RVAL228358","1","Love You So Much","1.0","same canonical artist; exact normalized album-track title; unique unkeyed slot; chart year within one year of album release","musicbrainz_cache","0.88","ok","2026-05-20 22:14:03.905719"
"564772","RVTR357576","","RVTR357576","43507","Love Sick","RVAL000060","13","Private Landing","1.0","same canonical artist; exact normalized album-track title; unique unkeyed slot; chart year within one year of album release","musicbrainz_ingest_approved","0.95","curated","2026-06-13 01:38:48.824764"
"535700","RVTR357806","","RVTR357806","25925","Full Moon Fever","RVAL110035","1","Free Fallin’","1.0","same canonical artist; exact normalized album-track title; unique unkeyed slot; chart year within one year of album release","musicbrainz_cache","0.92","ok","2026-05-20 22:14:03.905719"
"419870","RVTR359399","","RVTR359399","35014","Vanilla Fudge","RVAL274271","2","You Keep Me Hangin’ On","1.0","same canonical artist; exact normalized album-track title; unique unkeyed slot; chart year within one year of album release","musicbrainz_cache","0.92","ok","2026-05-20 22:14:03.905719"
"440398","RVTR359825","","RVTR359825","39773","Born To Reign","RVAL986067","7","Black Suits Comin’ (Nod Ya Head)","1.0","same canonical artist; exact normalized album-track title; unique unkeyed slot; chart year within one year of album release","musicbrainz_cache","0.88","ok","2026-05-20 22:14:03.905719"
"515507","RVTR369521","","RVTR369521","35282","Notorious","RVAL151232","8","“Meet El Presidente”","1.0","same canonical artist; exact normalized album-track title; unique unkeyed slot; chart year within one year of album release","musicbrainz_cache","0.92","ok","2026-05-20 22:14:03.905719"
"564616","RVTR373992","","RVTR373992","43496","Suga","RVAL000121","5","B.I.T.C.H.","1.0","same canonical artist; exact normalized album-track title; unique unkeyed slot; chart year within one year of album release","musicbrainz_ingest_approved","0.95","curated","2026-06-12 21:59:27.364342"
"448645","RVTR374091","","RVTR374091","41771","Future","RVAL853425","8","Thousand Shadows","1.0","same canonical artist; exact normalized album-track title; unique unkeyed slot; chart year within one year of album release","musicbrainz_cache","0.88","ok","2026-05-20 22:14:03.905719"
"564671","RVTR375629","","RVTR375629","43500","American Heart","RVAL000052","2","Mr Electric Blue","1.0","same canonical artist; exact normalized album-track title; unique unkeyed slot; chart year within one year of album release","musicbrainz_ingest_approved","0.95","curated","2026-06-12 21:59:32.846511"
"514269","RVTR377970","","RVTR377970","34568","Demon Days","RVAL714859","6","Feel Good Inc.","1.0","same canonical artist; exact normalized album-track title; unique unkeyed slot; chart year within one year of album release","musicbrainz_cache","0.92","ok","2026-05-20 22:14:03.905719"
"549779","RVTR382311","","RVTR382311","34174","#willpower","RVAL924818","5","Feelin’ Myself","1.0","same canonical artist; exact normalized album-track title; unique unkeyed slot; chart year within one year of album release","musicbrainz_cache","0.88","ok","2026-05-20 22:14:03.905719"
"527183","RVTR385712","","RVTR385712","42761","The Hollies' Greatest Hits","RVAL581933","3","Stop, Stop, Stop","1.0","same canonical artist; exact normalized album-track title; unique unkeyed slot; chart year within one year of album release","musicbrainz_cache","0.92","ok","2026-05-20 22:14:03.905719"
"506829","RVTR387718","","RVTR387718","30318","All The World's A Stage: Recorded Live","RVAL125776","8","Fly By Night / In The Mood","1.0","same canonical artist; exact normalized album-track title; unique unkeyed slot; chart year within one year of album release","lineage_acoustic_recovery","0.74","review_required","2026-05-20 22:14:03.905719"
"501399","RVTR388957","","RVTR388957","27105","Is That All There Is?","RVAL737324","1","Is That All There Is?","1.0","same canonical artist; exact normalized album-track title; unique unkeyed slot; chart year within one year of album release","musicbrainz_cache","0.92","ok","2026-05-20 22:14:03.905719"
"565431","RVTR390376","","RVTR390376","43548","Nostalgia","RVAL000108","8","Checkmate","1.0","same canonical artist; exact normalized album-track title; unique unkeyed slot; chart year within one year of album release","musicbrainz_ingest_approved","0.95","curated","2026-06-13 01:51:56.655175"
"377459","RVTR393522","","RVTR393522","24564","F.A.M.E.","RVAL659453","7","Yeah 3×","1.0","same canonical artist; exact normalized album-track title; unique unkeyed slot; chart year within one year of album release","musicbrainz_cache","0.88","ok","2026-05-20 22:14:03.905719"
"565466","RVTR395213","","RVTR395213","43550","Steers and Stripes","RVAL000112","13","Every River","1.0","same canonical artist; exact normalized album-track title; unique unkeyed slot; chart year within one year of album release","musicbrainz_ingest_approved","0.95","curated","2026-06-13 01:52:05.954816"
"547997","RVTR396672","","RVTR396672","33082","Hummin' Comin' At 'Cha","RVAL555835","2","Just Kickin’ It","1.0","same canonical artist; exact normalized album-track title; unique unkeyed slot; chart year within one year of album release","musicbrainz_cache","0.88","ok","2026-05-20 22:14:03.905719"
"565320","RVTR402869","","RVTR402869","43542","Hall of Fame","RVAL000098","19","Clueless","1.0","same canonical artist; exact normalized album-track title; unique unkeyed slot; chart year within one year of album release","musicbrainz_ingest_approved","0.95","curated","2026-06-13 01:51:27.810754"
"490311","RVTR404390","","RVTR404390","42335","Surfin' Bird","RVAL848503","1","Surfin’ Bird","1.0","same canonical artist; exact normalized album-track title; unique unkeyed slot; chart year within one year of album release","musicbrainz_cache","0.88","ok","2026-05-20 22:14:03.905719"
"406716","RVTR405889","","RVTR405889","31828","Vol. 2... Hard Knock Life","RVAL564593","9","Can I Get A…","1.0","same canonical artist; exact normalized album-track title; unique unkeyed slot; chart year within one year of album release","musicbrainz_cache","0.92","ok","2026-05-20 22:14:03.905719"
"417559","RVTR406552","","RVTR406552","34454","Moodring","RVAL372116","7","My Love Is Like...Wo","1.0","same canonical artist; exact normalized album-track title; unique unkeyed slot; chart year within one year of album release","lineage_acoustic_recovery","0.74","review_required","2026-05-20 22:14:03.905719"
"565306","RVTR406995","","RVTR406995","43542","Hall of Fame","RVAL000098","5","Epidemic","1.0","same canonical artist; exact normalized album-track title; unique unkeyed slot; chart year within one year of album release","musicbrainz_ingest_approved","0.95","curated","2026-06-13 01:51:27.810754"
"452563","RVTR407797","","RVTR407797","42657","Like It Is, Like It Was","RVAL535870","8","Long, Lonely Nights","1.0","same canonical artist; exact normalized album-track title; unique unkeyed slot; chart year within one year of album release","musicbrainz_cache","0.88","ok","2026-05-20 22:14:03.905719"
"565155","RVTR414821","","RVTR414821","43531","SoulFly","RVAL000085","6","All I Got","1.0","same canonical artist; exact normalized album-track title; unique unkeyed slot; chart year within one year of album release","musicbrainz_ingest_approved","0.95","curated","2026-06-13 01:50:27.658267"
"468371","RVTR416650","","RVTR416650","29020","Main Street People","RVAL603776","9","Are You Man Enough?","1.0","same canonical artist; exact normalized album-track title; unique unkeyed slot; chart year within one year of album release","lineage_acoustic_recovery","0.74","review_required","2026-05-20 22:14:03.905719"
"486417","RVTR419680","","RVTR419680","39944","The Journey (Livin Hits)","RVAL573946","1","Wake Up Lovin’ You","1.0","same canonical artist; exact normalized album-track title; unique unkeyed slot; chart year within one year of album release","musicbrainz_cache","0.88","ok","2026-05-20 22:14:03.905719"
"565456","RVTR421471","","RVTR421471","43550","Steers and Stripes","RVAL000112","3","The Long Goodbye","1.0","same canonical artist; exact normalized album-track title; unique unkeyed slot; chart year within one year of album release","musicbrainz_ingest_approved","0.95","curated","2026-06-13 01:52:05.954816"
"439778","RVTR422675","","RVTR422675","39613","Doin' Somethin' Right","RVAL975816","3","Must Be Doin’ Somethin’ Right","1.0","same canonical artist; exact normalized album-track title; unique unkeyed slot; chart year within one year of album release","musicbrainz_cache","0.92","ok","2026-05-20 22:14:03.905719"
"403608","RVTR423356","","RVTR423356","31095","Play It Loud","RVAL711510","11","I Breathe In I Breathe Out","1.0","same canonical artist; exact normalized album-track title; unique unkeyed slot; chart year within one year of album release","musicbrainz_cache_hot100_gap","0.86","ok","2026-05-20 22:14:03.905719"
"512841","RVTR423611","","RVTR423611","33822","Ripcord","RVAL185413","2","Break On Me","1.0","same canonical artist; exact normalized album-track title; unique unkeyed slot; chart year within one year of album release","lineage_acoustic_recovery","0.74","review_required","2026-05-20 22:14:03.905719"
"564808","RVTR423768","","RVTR423768","43509","The Great American Bar Scene","RVAL000062","13","Better Days","1.0","same canonical artist; exact normalized album-track title; unique unkeyed slot; chart year within one year of album release","musicbrainz_ingest_approved","0.95","curated","2026-06-13 01:38:56.015433"
"489901","RVTR433510","","RVTR433510","42096","...Presenting The Fabulous Ronettes Featuring Veronica","RVAL414704","2","Do I Love You","1.0","same canonical artist; exact normalized album-track title; unique unkeyed slot; chart year within one year of album release","musicbrainz_cache","0.92","ok","2026-05-20 22:14:03.905719"
"497057","RVTR435066","","RVTR435066","24624","G.T.O.","RVAL011462","7","Bucket T","1.0","same canonical artist; exact normalized album-track title; unique unkeyed slot; chart year within one year of album release","lineage_acoustic_recovery","0.74","review_required","2026-05-20 22:14:03.905719"
"457371","RVTR438348","","RVTR438348","22729","Sweet Talker","RVAL221301","2","Burnin’ Up","1.0","same canonical artist; exact normalized album-track title; unique unkeyed slot; chart year within one year of album release","musicbrainz_cache","0.92","ok","2026-05-20 22:14:03.905719"
"393093","RVTR439134","","RVTR439134","28548","Distant Drums","RVAL177261","2","Is It Really Over","1.0","same canonical artist; exact normalized album-track title; unique unkeyed slot; chart year within one year of album release","musicbrainz_cache","0.88","ok","2026-05-20 22:14:03.905719"
"440404","RVTR443076","","RVTR443076","39777","Changing Faces","RVAL427123","2","Foolin’ Around","1.0","same canonical artist; exact normalized album-track title; unique unkeyed slot; chart year within one year of album release","musicbrainz_cache","0.92","ok","2026-05-20 22:14:03.905719"
"491463","RVTR446884","","RVTR446884","43056","The Supremes Sing Holland-Dozier-Holland","RVAL715373","1","You Keep Me Hangin’ On","1.0","same canonical artist; exact normalized album-track title; unique unkeyed slot; chart year within one year of album release","musicbrainz_cache","0.88","ok","2026-05-20 22:14:03.905719"
"496367","RVTR447584","","RVTR447584","24279","On Top Of Our Game","RVAL477230","3","Ridin’ Rims","1.0","same canonical artist; exact normalized album-track title; unique unkeyed slot; chart year within one year of album release","musicbrainz_cache","0.88","ok","2026-05-20 22:14:03.905719"
"451190","RVTR451482","","RVTR451482","42352","Dimensions","RVAL777033","11","Sweet Cream Ladies Forward March","1.0","same canonical artist; exact normalized album-track title; unique unkeyed slot; chart year within one year of album release","musicbrainz_cache_hot100_gap","0.86","ok","2026-05-20 22:14:03.905719"
"535316","RVTR455072","","RVTR455072","25731","Three Chord Country And American Rock & Roll","RVAL962724","5","Pickin’ Wildflowers","1.0","same canonical artist; exact normalized album-track title; unique unkeyed slot; chart year within one year of album release","musicbrainz_cache","0.88","ok","2026-05-20 22:14:03.905719"
"439738","RVTR456792","","RVTR456792","39601","Where It All Began","RVAL879263","7","Nothin’ Like You","1.0","same canonical artist; exact normalized album-track title; unique unkeyed slot; chart year within one year of album release","musicbrainz_cache","0.88","ok","2026-05-20 22:14:03.905719"
"565435","RVTR460195","","RVTR460195","43548","Nostalgia","RVAL000108","12","Pass You By","1.0","same canonical artist; exact normalized album-track title; unique unkeyed slot; chart year within one year of album release","musicbrainz_ingest_approved","0.95","curated","2026-06-13 01:51:56.655175"
"501189","RVTR460747","","RVTR460747","26970","Great Balls Of Fire","RVAL644044","6","Sweet Summer Lovin’","1.0","same canonical artist; exact normalized album-track title; unique unkeyed slot; chart year within one year of album release","musicbrainz_cache","0.88","ok","2026-05-20 22:14:03.905719"
"459781","RVTR462063","","RVTR462063","24117","Still Waters","RVAL923460","4","Still Waters Run Deep","1.0","same canonical artist; exact normalized album-track title; unique unkeyed slot; chart year within one year of album release","musicbrainz_cache","0.88","ok","2026-05-20 22:14:03.905719"
"565428","RVTR468252","","RVTR468252","43548","Nostalgia","RVAL000108","5","Come See Me","1.0","same canonical artist; exact normalized album-track title; unique unkeyed slot; chart year within one year of album release","musicbrainz_ingest_approved","0.95","curated","2026-06-13 01:51:56.655175"
"545188","RVTR470180","","RVTR470180","31410","C.M.B.","RVAL072909","9","Thinkin’ Back","1.0","same canonical artist; exact normalized album-track title; unique unkeyed slot; chart year within one year of album release","musicbrainz_cache","0.92","ok","2026-05-20 22:14:03.905719"
"394720","RVTR471745","","RVTR471745","28921","Thinkin' Problem","RVAL842030","1","Thinkin’ Problem","1.0","same canonical artist; exact normalized album-track title; unique unkeyed slot; chart year within one year of album release","musicbrainz_cache","0.92","ok","2026-05-20 22:14:03.905719"
"450172","RVTR472851","","RVTR472851","42130","The Soft Parade","RVAL769783","7","Runnin’ Blue","1.0","same canonical artist; exact normalized album-track title; unique unkeyed slot; chart year within one year of album release","musicbrainz_cache","0.92","ok","2026-05-20 22:14:03.905719"
"565304","RVTR474336","","RVTR474336","43542","Hall of Fame","RVAL000098","3","No Return","1.0","same canonical artist; exact normalized album-track title; unique unkeyed slot; chart year within one year of album release","musicbrainz_ingest_approved","0.95","curated","2026-06-13 01:51:27.810754"
"403514","RVTR476008","","RVTR476008","31065","There Is No Competition 2: The Grieving Music Mixtape","RVAL226155","7","You Be Killin' 'Em","1.0","same canonical artist; exact normalized album-track title; unique unkeyed slot; chart year within one year of album release","musicbrainz_cache","0.88","ok","2026-05-20 22:14:03.905719"
"477474","RVTR477094","","RVTR477094","34255","beerbongs & bentleys","RVAL772619","5","Takin’ Shots","1.0","same canonical artist; exact normalized album-track title; unique unkeyed slot; chart year within one year of album release","musicbrainz_cache","0.88","ok","2026-05-20 22:14:03.905719"
"565137","RVTR478697","","RVTR478697","43530","*NSYNC","RVAL000083","1","Tearin’ Up My Heart","1.0","same canonical artist; exact normalized album-track title; unique unkeyed slot; chart year within one year of album release","musicbrainz_ingest_approved","0.95","curated","2026-06-13 01:50:21.678359"
"506143","RVTR490043","","RVTR490043","29922","Same Trailer Different Park","RVAL639267","3","Merry Go ’Round","1.0","same canonical artist; exact normalized album-track title; unique unkeyed slot; chart year within one year of album release","musicbrainz_cache","0.92","ok","2026-05-20 22:14:03.905719"
"564253","RVTR494805","","RVTR494805","43471","Zach Bryan","RVAL000005","7","Ticking","1.0","same canonical artist; exact normalized album-track title; unique unkeyed slot; chart year within one year of album release","musicbrainz_ingest_approved","0.95","curated","2026-06-12 19:59:15.078143"
"558645","RVTR495934","","RVTR495934","39775","Willennium","RVAL273381","3","Freakin’ It","1.0","same canonical artist; exact normalized album-track title; unique unkeyed slot; chart year within one year of album release","musicbrainz_cache","0.92","ok","2026-05-20 22:14:03.905719"
"520024","RVTR496756","","RVTR496756","38520","Why Am I Treated So Bad!","RVAL210567","8","Why Am I Treated So Bad!","1.0","same canonical artist; exact normalized album-track title; unique unkeyed slot; chart year within one year of album release","lineage_acoustic_recovery","0.74","review_required","2026-05-20 22:14:03.905719"
"564256","RVTR496830","","RVTR496830","43471","Zach Bryan","RVAL000005","10","El Dorado","1.0","same canonical artist; exact normalized album-track title; unique unkeyed slot; chart year within one year of album release","musicbrainz_ingest_approved","0.95","curated","2026-06-12 19:59:15.078143"
"535751","RVTR498890","","RVTR498890","25956","Gonna Make You Sweat","RVAL752256","3","Things That Make You Go Hmmmm…","1.0","same canonical artist; exact normalized album-track title; unique unkeyed slot; chart year within one year of album release","musicbrainz_cache","0.92","ok","2026-05-20 22:14:03.905719"
"515733","RVTR500249","","RVTR500249","35424","Jim Stafford","RVAL421354","12","Spiders Snakes","1.0","same canonical artist; exact normalized album-track title; unique unkeyed slot; chart year within one year of album release","musicbrainz_cache_hot100_gap","0.86","ok","2026-05-20 22:14:03.905719"
"417422","RVTR502200","","RVTR502200","34421","Guero","RVAL758490","1","E‐Pro","1.0","same canonical artist; exact normalized album-track title; unique unkeyed slot; chart year within one year of album release","musicbrainz_cache","0.88","ok","2026-05-20 22:14:03.905719"
"401184","RVTR502744","","RVTR502744","30499","One Trick Pony","RVAL506035","3","One‐Trick Pony","1.0","same canonical artist; exact normalized album-track title; unique unkeyed slot; chart year within one year of album release","musicbrainz_cache","0.92","ok","2026-05-20 22:14:03.905719"
"521943","RVTR511594","","RVTR511594","39558","TBA (EP)","RVAL488391","2","Timeless (DJ SPINKING)","1.0","same canonical artist; exact normalized album-track title; unique unkeyed slot; chart year within one year of album release","lineage_acoustic_recovery","0.74","review_required","2026-05-20 22:14:03.905719"
"380605","RVTR512795","","RVTR512795","25393","Bobby","RVAL449829","2","Humpin’ Around","1.0","same canonical artist; exact normalized album-track title; unique unkeyed slot; chart year within one year of album release","musicbrainz_cache","0.92","ok","2026-05-20 22:14:03.905719"
"505832","RVTR514029","","RVTR514029","29744","Queen","RVAL070543","10","Chun‐Li","1.0","same canonical artist; exact normalized album-track title; unique unkeyed slot; chart year within one year of album release","musicbrainz_cache","0.92","ok","2026-05-20 22:14:03.905719"
"509948","RVTR514727","","RVTR514727","32095","3LW","RVAL682981","3","Playas Gon’ Play","1.0","same canonical artist; exact normalized album-track title; unique unkeyed slot; chart year within one year of album release","musicbrainz_cache","0.92","ok","2026-05-20 22:14:03.905719"
"565356","RVTR516093","","RVTR516093","43545","Good News","RVAL000104","1","Shots Fired","1.0","same canonical artist; exact normalized album-track title; unique unkeyed slot; chart year within one year of album release","musicbrainz_ingest_approved","0.95","curated","2026-06-13 01:51:41.627686"
"565129","RVTR516502","","RVTR516502","43529","Destined 2 Win","RVAL000082","14","Run It Up","1.0","same canonical artist; exact normalized album-track title; unique unkeyed slot; chart year within one year of album release","musicbrainz_ingest_approved","0.95","curated","2026-06-13 01:50:16.039847"
"376319","RVTR517694","","RVTR517694","24278","Dem Franchize Boyz","RVAL349023","3","White Tee","1.0","same canonical artist; exact normalized album-track title; unique unkeyed slot; chart year within one year of album release","musicbrainz_cache","0.88","ok","2026-05-20 22:14:03.905719"
"441477","RVTR523259","","RVTR523259","40045","7-6-5-4-3-2-1 Blow Your Whistle","RVAL954832","1","7‒6‒5‒4‒3‒2‒1 (Blow Your Whistle)","1.0","same canonical artist; exact normalized album-track title; unique unkeyed slot; chart year within one year of album release","musicbrainz_cache","0.88","ok","2026-05-20 22:14:03.905719"
"404417","RVTR527301","","RVTR527301","31280","Days Of Innocence","RVAL641041","2","What About Me?","1.0","same canonical artist; exact normalized album-track title; unique unkeyed slot; chart year within one year of album release","musicbrainz_cache","0.92","ok","2026-05-20 22:14:03.905719"
"453535","RVTR528970","","RVTR528970","42884","Still Cruisin'","RVAL026591","1","Still Cruisin’","1.0","same canonical artist; exact normalized album-track title; unique unkeyed slot; chart year within one year of album release","musicbrainz_cache","0.92","ok","2026-05-20 22:14:03.905719"
"398058","RVTR532616","","RVTR532616","29734","Whispers","RVAL198004","4","Whispers (Gettin’ Louder)","1.0","same canonical artist; exact normalized album-track title; unique unkeyed slot; chart year within one year of album release","musicbrainz_cache","0.88","ok","2026-05-20 22:14:03.905719"
"391320","RVTR534025","","RVTR534025","28066","Jackie","RVAL970813","7","Vanilla O'Lay","1.0","same canonical artist; exact normalized album-track title; unique unkeyed slot; chart year within one year of album release","musicbrainz_cache","0.88","ok","2026-05-20 22:14:03.905719"
"500685","RVTR535644","","RVTR535644","26656","Brass Construction","RVAL658247","5","Movin’","1.0","same canonical artist; exact normalized album-track title; unique unkeyed slot; chart year within one year of album release","lineage_acoustic_recovery","0.74","review_required","2026-05-20 22:14:03.905719"
"447371","RVTR536334","","RVTR536334","41455","Yesterday And Today","RVAL861878","10","What Goes On?","1.0","same canonical artist; exact normalized album-track title; unique unkeyed slot; chart year within one year of album release","musicbrainz_cache","0.92","ok","2026-05-20 22:14:03.905719"
"391989","RVTR541916","","RVTR541916","28245","Where We All Belong","RVAL328780","6","This Ol' Cowboy","1.0","same canonical artist; exact normalized album-track title; unique unkeyed slot; chart year within one year of album release","lineage_acoustic_recovery","0.74","review_required","2026-05-20 22:14:03.905719"
"560732","RVTR546195","","RVTR546195","41085","How Country Feels","RVAL768506","1","Runnin’ Outta Moonlight","1.0","same canonical artist; exact normalized album-track title; unique unkeyed slot; chart year within one year of album release","musicbrainz_cache","0.88","ok","2026-05-20 22:14:03.905719"
"565049","RVTR547259","","RVTR547259","43525","Stick Season (We’ll All Be Here Forever)","RVAL000077","2","Stick Season","1.0","same canonical artist; exact normalized album-track title; unique unkeyed slot; chart year within one year of album release","musicbrainz_ingest_approved","0.95","curated","2026-06-13 01:49:54.786506"
"498268","RVTR548206","","RVTR548206","25264","Watermelon, Chicken & Gritz","RVAL611021","9","Po’ Folks","1.0","same canonical artist; exact normalized album-track title; unique unkeyed slot; chart year within one year of album release","musicbrainz_cache","0.92","ok","2026-05-20 22:14:03.905719"
"379484","RVTR551405","","RVTR551405","25074","The Right Stuff","RVAL146488","3","Dreamin’","1.0","same canonical artist; exact normalized album-track title; unique unkeyed slot; chart year within one year of album release","musicbrainz_cache","0.92","ok","2026-05-20 22:14:03.905719"
"404645","RVTR554416","","RVTR554416","31335","Somebody's Gonna Love You","RVAL179585","1","I. O. U","1.0","same canonical artist; exact normalized album-track title; unique unkeyed slot; chart year within one year of album release","musicbrainz_cache","0.88","ok","2026-05-20 22:14:03.905719"
"529151","RVTR561332","","RVTR561332","22277","Teflon Don","RVAL703660","9","B.M.F. (Blowin’ Money Fast)","1.0","same canonical artist; exact normalized album-track title; unique unkeyed slot; chart year within one year of album release","musicbrainz_cache","0.92","ok","2026-05-20 22:14:03.905719"
"564251","RVTR561333","","RVTR561333","43471","Zach Bryan","RVAL000005","5","Hey Driver","1.0","same canonical artist; exact normalized album-track title; unique unkeyed slot; chart year within one year of album release","musicbrainz_ingest_approved","0.95","curated","2026-06-12 19:59:15.078143"
"564812","RVTR561806","","RVTR561806","43509","The Great American Bar Scene","RVAL000062","17","Funny Man","1.0","same canonical artist; exact normalized album-track title; unique unkeyed slot; chart year within one year of album release","musicbrainz_ingest_approved","0.95","curated","2026-06-13 01:38:56.015433"
"518667","RVTR562545","","RVTR562545","37798","Music From Mission: Impossible","RVAL893714","1","Mission: Impossible","1.0","same canonical artist; exact normalized album-track title; unique unkeyed slot; chart year within one year of album release","musicbrainz_cache","0.92","ok","2026-05-20 22:14:03.905719"
"565426","RVTR563030","","RVTR563030","43548","Nostalgia","RVAL000108","3","Call Your Friends","1.0","same canonical artist; exact normalized album-track title; unique unkeyed slot; chart year within one year of album release","musicbrainz_ingest_approved","0.95","curated","2026-06-13 01:51:56.655175"
"412496","RVTR564382","","RVTR564382","33228","Victory","RVAL937522","8","Body","1.0","same canonical artist; exact normalized album-track title; unique unkeyed slot; chart year within one year of album release","musicbrainz_cache","0.92","ok","2026-05-20 22:14:03.905719"
"564780","RVTR565100","","RVTR565100","43508","No Strings Attached (special UK edition)","RVAL000061","1","Bye Bye Bye","1.0","same canonical artist; exact normalized album-track title; unique unkeyed slot; chart year within one year of album release","musicbrainz_ingest_approved","0.95","curated","2026-06-13 01:38:50.708298"
"565440","RVTR574362","","RVTR574362","43548","Nostalgia","RVAL000108","17","Back Lit","1.0","same canonical artist; exact normalized album-track title; unique unkeyed slot; chart year within one year of album release","musicbrainz_ingest_approved","0.95","curated","2026-06-13 01:51:56.655175"
"462134","RVTR576141","","RVTR576141","25421","The Breakthrough","RVAL800583","2","Enough Cryin’","1.0","same canonical artist; exact normalized album-track title; unique unkeyed slot; chart year within one year of album release","musicbrainz_cache","0.92","ok","2026-05-20 22:14:03.905719"
"375744","RVTR576180","","RVTR576180","24138","Keep On Movin'","RVAL189026","1","Keep On Movin’","1.0","same canonical artist; exact normalized album-track title; unique unkeyed slot; chart year within one year of album release","musicbrainz_cache","0.92","ok","2026-05-20 22:14:03.905719"
"564686","RVTR578244","","RVTR578244","43501","So Close to What","RVAL000053","7","Signs","1.0","same canonical artist; exact normalized album-track title; unique unkeyed slot; chart year within one year of album release","musicbrainz_ingest_approved","0.95","curated","2026-06-12 21:59:34.232706"
"555019","RVTR580457","","RVTR580457","37851","I Want To Live","RVAL161449","1","How Can I Leave You Again?","1.0","same canonical artist; exact normalized album-track title; unique unkeyed slot; chart year within one year of album release","musicbrainz_cache","0.92","ok","2026-05-20 22:14:03.905719"
"457593","RVTR580645","","RVTR580645","22851","Tim Moore","RVAL300381","1","A Fool Like You","1.0","same canonical artist; exact normalized album-track title; unique unkeyed slot; chart year within one year of album release","musicbrainz_cache","0.88","ok","2026-05-20 22:14:03.905719"
"379489","RVTR584061","","RVTR584061","25074","The Right Stuff","RVAL146488","8","Darlin’ I","1.0","same canonical artist; exact normalized album-track title; unique unkeyed slot; chart year within one year of album release","musicbrainz_cache","0.92","ok","2026-05-20 22:14:03.905719"
"565439","RVTR584075","","RVTR584075","43548","Nostalgia","RVAL000108","16","Rap Beef","1.0","same canonical artist; exact normalized album-track title; unique unkeyed slot; chart year within one year of album release","musicbrainz_ingest_approved","0.95","curated","2026-06-13 01:51:56.655175"
"561424","RVTR589525","","RVTR589525","41496","The R.E.D. Album","RVAL912282","7","Martians Vs Goblins","1.0","same canonical artist; exact normalized album-track title; unique unkeyed slot; chart year within one year of album release","lineage_acoustic_recovery","0.74","review_required","2026-05-20 22:14:03.905719"
"564337","RVTR589968","","RVTR589968","43477","Shoot for the Stars Aim for the Moon","RVAL000016","9","Make It Rain","1.0","same canonical artist; exact normalized album-track title; unique unkeyed slot; chart year within one year of album release","musicbrainz_ingest_approved","0.95","curated","2026-06-12 20:44:53.583021"
"548593","RVTR590621","","RVTR590621","33464","A Brand New Me","RVAL810625","19","Silly Silly Fool","1.0","same canonical artist; exact normalized album-track title; unique unkeyed slot; chart year within one year of album release","lineage_acoustic_recovery","0.74","review_required","2026-05-20 22:14:03.905719"
"565441","RVTR593627","","RVTR593627","43548","Nostalgia","RVAL000108","18","2018","1.0","same canonical artist; exact normalized album-track title; unique unkeyed slot; chart year within one year of album release","musicbrainz_ingest_approved","0.95","curated","2026-06-13 01:51:56.655175"
"380132","RVTR594840","","RVTR594840","25260","In The Nick Of Time","RVAL359639","3","Let Me Go Love","1.0","same canonical artist; exact normalized album-track title; unique unkeyed slot; chart year within one year of album release","musicbrainz_cache","0.92","ok","2026-05-20 22:14:03.905719"
"562493","RVTR599919","","RVTR599919","42212","Hawaii Five-O","RVAL309803","4","Theme From “A Summer Place”","1.0","same canonical artist; exact normalized album-track title; unique unkeyed slot; chart year within one year of album release","musicbrainz_cache","0.88","ok","2026-05-20 22:14:03.905719"
"513756","RVTR602103","","RVTR602103","34291","Raymond V Raymond","RVAL925992","4","Lil’ Freak","1.0","same canonical artist; exact normalized album-track title; unique unkeyed slot; chart year within one year of album release","musicbrainz_cache","0.92","ok","2026-05-20 22:14:03.905719"
"565437","RVTR604881","","RVTR604881","43548","Nostalgia","RVAL000108","14","Keep It G","1.0","same canonical artist; exact normalized album-track title; unique unkeyed slot; chart year within one year of album release","musicbrainz_ingest_approved","0.95","curated","2026-06-13 01:51:56.655175"
"543684","RVTR606308","","RVTR606308","30552","In A Perfect World...","RVAL347097","2","Turnin’ Me On","1.0","same canonical artist; exact normalized album-track title; unique unkeyed slot; chart year within one year of album release","musicbrainz_cache","0.88","ok","2026-05-20 22:14:03.905719"
"564340","RVTR612727","","RVTR612727","43477","Shoot for the Stars Aim for the Moon","RVAL000016","12","Enjoy Yourself","1.0","same canonical artist; exact normalized album-track title; unique unkeyed slot; chart year within one year of album release","musicbrainz_ingest_approved","0.95","curated","2026-06-12 20:44:53.583021"
"368620","RVTR617674","","RVTR617674","22405","The Flat Earth","RVAL244768","7","Hyperactive!","1.0","same canonical artist; exact normalized album-track title; unique unkeyed slot; chart year within one year of album release","musicbrainz_cache","0.88","ok","2026-05-20 22:14:03.905719"
"437481","RVTR623816","","RVTR623816","39038","Climate Change","RVAL782273","4","Messin’ Around","1.0","same canonical artist; exact normalized album-track title; unique unkeyed slot; chart year within one year of album release","musicbrainz_cache","0.88","ok","2026-05-20 22:14:03.905719"
"409728","RVTR627262","","RVTR627262","32603","Mr. Smith","RVAL885852","5","Doin’ It","1.0","same canonical artist; exact normalized album-track title; unique unkeyed slot; chart year within one year of album release","musicbrainz_cache","0.92","ok","2026-05-20 22:14:03.905719"
"539085","RVTR630869","","RVTR630869","27835","Simply Streisand","RVAL544724","10","Stout‐Hearted Men","1.0","same canonical artist; exact normalized album-track title; unique unkeyed slot; chart year within one year of album release","musicbrainz_cache","0.92","ok","2026-05-20 22:14:03.905719"
"381211","RVTR632152","","RVTR632152","25547","Travolta Fever","RVAL898391","2","Greased Lightnin’","1.0","same canonical artist; exact normalized album-track title; unique unkeyed slot; chart year within one year of album release","musicbrainz_cache","0.92","ok","2026-05-20 22:14:03.905719"
"490106","RVTR635744","","RVTR635744","42212","Hawaii Five-O","RVAL309803","1","Hawaii Five‐O","1.0","same canonical artist; exact normalized album-track title; unique unkeyed slot; chart year within one year of album release","musicbrainz_cache","0.88","ok","2026-05-20 22:14:03.905719"
"564259","RVTR642284","","RVTR642284","43471","Zach Bryan","RVAL000005","13","Spotless","1.0","same canonical artist; exact normalized album-track title; unique unkeyed slot; chart year within one year of album release","musicbrainz_ingest_approved","0.95","curated","2026-06-12 19:59:15.078143"
"565380","RVTR644446","","RVTR644446","43546","Something for Thee Hotties","RVAL000106","8","Eat It","1.0","same canonical artist; exact normalized album-track title; unique unkeyed slot; chart year within one year of album release","musicbrainz_ingest_approved","0.95","curated","2026-06-13 01:51:47.268031"
"548587","RVTR647777","","RVTR647777","33464","A Brand New Me","RVAL810625","4","Brand New Me","1.0","same canonical artist; exact normalized album-track title; unique unkeyed slot; chart year within one year of album release","lineage_acoustic_recovery","0.74","review_required","2026-05-20 22:14:03.905719"
"537119","RVTR649665","","RVTR649665","26771","Mama Drama","RVAL581412","2","Whatcha Wanna Do","1.0","same canonical artist; exact normalized album-track title; unique unkeyed slot; chart year within one year of album release","musicbrainz_cache","0.92","ok","2026-05-20 22:14:03.905719"
"565530","RVTR653943","","RVTR653943","43555","Different Night Same Rodeo","RVAL000117","6","Holy Smokes","1.0","same canonical artist; exact normalized album-track title; unique unkeyed slot; chart year within one year of album release","musicbrainz_ingest_approved","0.95","curated","2026-06-13 01:52:24.180434"
"445279","RVTR656015","","RVTR656015","40967","Kissin' Cousins","RVAL879548","10","Kissin’ Cousins","1.0","same canonical artist; exact normalized album-track title; unique unkeyed slot; chart year within one year of album release","musicbrainz_cache","0.88","ok","2026-05-20 22:14:03.905719"
"564544","RVTR661278","","RVTR661278","43492","Fireworks & Rollerblades","RVAL000045","4","Beautiful Things","1.0","same canonical artist; exact normalized album-track title; unique unkeyed slot; chart year within one year of album release","musicbrainz_ingest_approved","0.95","curated","2026-06-12 21:59:21.920826"
"564286","RVTR663624","","RVTR663624","43473","Whitsitt Chapel","RVAL000012","9","Save Me","1.0","same canonical artist; exact normalized album-track title; unique unkeyed slot; chart year within one year of album release","musicbrainz_ingest_approved","0.95","curated","2026-06-12 19:59:15.185442"
"564518","RVTR664087","","RVTR664087","43490","Without Warning","RVAL000043","5","Nightmare","1.0","same canonical artist; exact normalized album-track title; unique unkeyed slot; chart year within one year of album release","musicbrainz_ingest_approved","0.95","curated","2026-06-12 21:59:19.204994"
"565144","RVTR667616","","RVTR667616","43530","*NSYNC","RVAL000083","8","I Want You Back","1.0","same canonical artist; exact normalized album-track title; unique unkeyed slot; chart year within one year of album release","musicbrainz_ingest_approved","0.95","curated","2026-06-13 01:50:21.678359"
"565357","RVTR668120","","RVTR668120","43545","Good News","RVAL000104","2","Circles","1.0","same canonical artist; exact normalized album-track title; unique unkeyed slot; chart year within one year of album release","musicbrainz_ingest_approved","0.95","curated","2026-06-13 01:51:41.627686"
"564307","RVTR673279","","RVTR673279","43475","Perfect Ten","RVAL000015","2","Pure Water","1.0","same canonical artist; exact normalized album-track title; unique unkeyed slot; chart year within one year of album release","musicbrainz_ingest_approved","0.95","curated","2026-06-12 19:59:15.263821"
"522252","RVTR675819","","RVTR675819","39723","Startin' With Me","RVAL904944","3","Startin’ With Me","1.0","same canonical artist; exact normalized album-track title; unique unkeyed slot; chart year within one year of album release","musicbrainz_cache","0.88","ok","2026-05-20 22:14:03.905719"
"495770","RVTR678995","","RVTR678995","23915","Cool Night","RVAL914038","6","’65 Love Affair","1.0","same canonical artist; exact normalized album-track title; unique unkeyed slot; chart year within one year of album release","musicbrainz_cache","0.92","ok","2026-05-20 22:14:03.905719"
"564692","RVTR684844","","RVTR684844","43501","So Close to What","RVAL000053","13","Greenlight","1.0","same canonical artist; exact normalized album-track title; unique unkeyed slot; chart year within one year of album release","musicbrainz_ingest_approved","0.95","curated","2026-06-12 21:59:34.232706"
"401422","RVTR685848","","RVTR685848","30558","For Real Tho'","RVAL704123","4","Good Ol’ Days","1.0","same canonical artist; exact normalized album-track title; unique unkeyed slot; chart year within one year of album release","musicbrainz_cache","0.88","ok","2026-05-20 22:14:03.905719"
"401425","RVTR690301","","RVTR690301","30558","For Real Tho'","RVAL704123","11","Abc 123","1.0","same canonical artist; exact normalized album-track title; unique unkeyed slot; chart year within one year of album release","musicbrainz_cache_hot100_gap","0.86","ok","2026-05-20 22:14:03.905719"
"522295","RVTR690407","","RVTR690407","39757","Charlie, Last Name Wilson","RVAL884053","2","Charlie, Last Name Wilson","1.0","same canonical artist; exact normalized album-track title; unique unkeyed slot; chart year within one year of album release","musicbrainz_cache","0.88","ok","2026-05-20 22:14:03.905719"
"439092","RVTR691526","","RVTR691526","39461","We The Best","RVAL134007","3","We Takin’ Over","1.0","same canonical artist; exact normalized album-track title; unique unkeyed slot; chart year within one year of album release","musicbrainz_cache","0.88","ok","2026-05-20 22:14:03.905719"
"444349","RVTR694160","","RVTR694160","40749","Celebration","RVAL107636","3","Brown-Eyed Girl","1.0","same canonical artist; exact normalized album-track title; unique unkeyed slot; chart year within one year of album release","musicbrainz_cache","0.88","ok","2026-05-20 22:14:03.905719"
"464305","RVTR699185","","RVTR699185","26626","Toxicity","RVAL608048","6","Chop Suey!","1.0","same canonical artist; exact normalized album-track title; unique unkeyed slot; chart year within one year of album release","musicbrainz_cache","0.92","ok","2026-05-20 22:14:03.905719"
"564460","RVTR705174","","RVTR705174","43486","Beautifully Broken","RVAL000039","7","Liar","1.0","same canonical artist; exact normalized album-track title; unique unkeyed slot; chart year within one year of album release","musicbrainz_ingest_approved","0.95","curated","2026-06-12 21:59:13.813205"
"435809","RVTR706660","","RVTR706660","38616","Autobiography","RVAL899420","4","LaLa","1.0","same canonical artist; exact normalized album-track title; unique unkeyed slot; chart year within one year of album release","musicbrainz_cache","0.92","ok","2026-05-20 22:14:03.905719"
"419587","RVTR707113","","RVTR707113","34955","Here Comes...Fats Domino","RVAL481961","3","There Goes My Heart Again","1.0","same canonical artist; exact normalized album-track title; unique unkeyed slot; chart year within one year of album release","musicbrainz_cache","0.88","ok","2026-05-20 22:14:03.905719"
"380123","RVTR710690","","RVTR710690","25256","Rose Royce II/In Full Bloom","RVAL032799","9","Do Your Dance Part 1","1.0","same canonical artist; exact normalized album-track title; unique unkeyed slot; chart year within one year of album release","musicbrainz_cache","0.92","ok","2026-05-20 22:14:03.905719"
"390879","RVTR713032","","RVTR713032","27970","Bad Boys","RVAL562724","2","Bad Boys (Theme From Cops)","1.0","same canonical artist; exact normalized album-track title; unique unkeyed slot; chart year within one year of album release","musicbrainz_cache","0.92","ok","2026-05-20 22:14:03.905719"
"565345","RVTR714745","","RVTR714745","43544","Pray 4 Love","RVAL000103","4","Thug Life","1.0","same canonical artist; exact normalized album-track title; unique unkeyed slot; chart year within one year of album release","musicbrainz_ingest_approved","0.95","curated","2026-06-13 01:51:37.670283"
"564262","RVTR718480","","RVTR718480","43471","Zach Bryan","RVAL000005","16","Oklahoman Son","1.0","same canonical artist; exact normalized album-track title; unique unkeyed slot; chart year within one year of album release","musicbrainz_ingest_approved","0.95","curated","2026-06-12 19:59:15.078143"
"565433","RVTR723025","","RVTR723025","43548","Nostalgia","RVAL000108","10","Turks & Caicos","1.0","same canonical artist; exact normalized album-track title; unique unkeyed slot; chart year within one year of album release","musicbrainz_ingest_approved","0.95","curated","2026-06-13 01:51:56.655175"
"520026","RVTR723619","","RVTR723619","38521","Brown Sugar","RVAL678009","7","Cruisin’","1.0","same canonical artist; exact normalized album-track title; unique unkeyed slot; chart year within one year of album release","musicbrainz_cache","0.92","ok","2026-05-20 22:14:03.905719"
"556972","RVTR727196","","RVTR727196","38893","Muscle Of Love","RVAL861802","8","Teenage Lament ’74","1.0","same canonical artist; exact normalized album-track title; unique unkeyed slot; chart year within one year of album release","musicbrainz_cache","0.92","ok","2026-05-20 22:14:03.905719"
"511727","RVTR735580","","RVTR735580","33154","Luv Is Rage 2","RVAL549475","1","Two®","1.0","same canonical artist; exact normalized album-track title; unique unkeyed slot; chart year within one year of album release","musicbrainz_cache","0.92","ok","2026-05-20 22:14:03.905719"
"468729","RVTR738135","","RVTR738135","29221","The Emancipation Of Mimi","RVAL031528","5","Say Somethin’","1.0","same canonical artist; exact normalized album-track title; unique unkeyed slot; chart year within one year of album release","musicbrainz_cache","0.92","ok","2026-05-20 22:14:03.905719"
"564801","RVTR740592","","RVTR740592","43509","The Great American Bar Scene","RVAL000062","6","Oak Island","1.0","same canonical artist; exact normalized album-track title; unique unkeyed slot; chart year within one year of album release","musicbrainz_ingest_approved","0.95","curated","2026-06-13 01:38:56.015433"
"565529","RVTR743398","","RVTR743398","43555","Different Night Same Rodeo","RVAL000117","5","Lost","1.0","same canonical artist; exact normalized album-track title; unique unkeyed slot; chart year within one year of album release","musicbrainz_ingest_approved","0.95","curated","2026-06-13 01:52:24.180434"
"399922","RVTR744742","","RVTR744742","30155","Earth","RVAL248367","4","Crazy Feelin’","1.0","same canonical artist; exact normalized album-track title; unique unkeyed slot; chart year within one year of album release","musicbrainz_cache","0.88","ok","2026-05-20 22:14:03.905719"
"565151","RVTR752029","","RVTR752029","43531","SoulFly","RVAL000085","2","Gone Till November","1.0","same canonical artist; exact normalized album-track title; unique unkeyed slot; chart year within one year of album release","musicbrainz_ingest_approved","0.95","curated","2026-06-13 01:50:27.658267"
"524697","RVTR752304","","RVTR752304","41223","Freeze-frame","RVAL390161","1","Freeze‐Frame","1.0","same canonical artist; exact normalized album-track title; unique unkeyed slot; chart year within one year of album release","musicbrainz_cache","0.92","ok","2026-05-20 22:14:03.905719"
"564807","RVTR752542","","RVTR752542","43509","The Great American Bar Scene","RVAL000062","12","Bass Boat","1.0","same canonical artist; exact normalized album-track title; unique unkeyed slot; chart year within one year of album release","musicbrainz_ingest_approved","0.95","curated","2026-06-13 01:38:56.015433"
"530328","RVTR753585","","RVTR753585","22945","Baptism","RVAL132073","7","Where Are We Runnin’?","1.0","same canonical artist; exact normalized album-track title; unique unkeyed slot; chart year within one year of album release","musicbrainz_cache","0.92","ok","2026-05-20 22:14:03.905719"
"432322","RVTR756349","","RVTR756349","37741","Madrugada","RVAL220127","6","Will You Love Me Tomorrow","1.0","same canonical artist; exact normalized album-track title; unique unkeyed slot; chart year within one year of album release","musicbrainz_cache","0.88","ok","2026-05-20 22:14:03.905719"
"528614","RVTR757261","","RVTR757261","21958","Cassie","RVAL210070","1","Me&U","1.0","same canonical artist; exact normalized album-track title; unique unkeyed slot; chart year within one year of album release","musicbrainz_cache","0.88","ok","2026-05-20 22:14:03.905719"
"370085","RVTR760484","","RVTR760484","22750","Boogie Woogie Dancin' Shoes","RVAL391663","1","Boogie Woogie Dancin’ Shoes","1.0","same canonical artist; exact normalized album-track title; unique unkeyed slot; chart year within one year of album release","musicbrainz_cache","0.88","ok","2026-05-20 22:14:03.905719"
"565157","RVTR763526","","RVTR763526","43531","SoulFly","RVAL000085","8","Street Runner","1.0","same canonical artist; exact normalized album-track title; unique unkeyed slot; chart year within one year of album release","musicbrainz_ingest_approved","0.95","curated","2026-06-13 01:50:27.658267"
"564349","RVTR765820","","RVTR765820","43478","Waves on a Sunset","RVAL000024","2","Wine Into Whiskey","1.0","same canonical artist; exact normalized album-track title; unique unkeyed slot; chart year within one year of album release","musicbrainz_ingest_approved","0.95","curated","2026-06-12 20:44:53.630898"
"412558","RVTR767832","","RVTR767832","33243","Hot Pants","RVAL120584","3","Escape‐Ism, Part 1","1.0","same canonical artist; exact normalized album-track title; unique unkeyed slot; chart year within one year of album release","musicbrainz_cache","0.92","ok","2026-05-20 22:14:03.905719"
"368932","RVTR768444","","RVTR768444","22474","Meet The Girl Next Door","RVAL220393","4","4Ever","1.0","same canonical artist; exact normalized album-track title; unique unkeyed slot; chart year within one year of album release","musicbrainz_cache","0.88","ok","2026-05-20 22:14:03.905719"
"565315","RVTR768686","","RVTR768686","43542","Hall of Fame","RVAL000098","14","Party Lyfe","1.0","same canonical artist; exact normalized album-track title; unique unkeyed slot; chart year within one year of album release","musicbrainz_ingest_approved","0.95","curated","2026-06-13 01:51:27.810754"
"564800","RVTR768726","","RVTR768726","43509","The Great American Bar Scene","RVAL000062","5","American Nights","1.0","same canonical artist; exact normalized album-track title; unique unkeyed slot; chart year within one year of album release","musicbrainz_ingest_approved","0.95","curated","2026-06-13 01:38:56.015433"
"534606","RVTR770404","","RVTR770404","25317","Universal Mind Control","RVAL235021","2","Universal Mind Control (UMC)","1.0","same canonical artist; exact normalized album-track title; unique unkeyed slot; chart year within one year of album release","musicbrainz_cache","0.92","ok","2026-05-20 22:14:03.905719"
"502206","RVTR776915","","RVTR776915","27547","Dru World Order","RVAL726610","3","I Should Be…","1.0","same canonical artist; exact normalized album-track title; unique unkeyed slot; chart year within one year of album release","musicbrainz_cache","0.92","ok","2026-05-20 22:14:03.905719"
"564532","RVTR778087","","RVTR778087","43491","B4 the Storm","RVAL000044","9","Blastoff","1.0","same canonical artist; exact normalized album-track title; unique unkeyed slot; chart year within one year of album release","musicbrainz_ingest_approved","0.95","curated","2026-06-12 21:59:20.558345"
"565429","RVTR778769","","RVTR778769","43548","Nostalgia","RVAL000108","6","Crazy","1.0","same canonical artist; exact normalized album-track title; unique unkeyed slot; chart year within one year of album release","musicbrainz_ingest_approved","0.95","curated","2026-06-13 01:51:56.655175"
"565576","RVTR779321","","RVTR779321","43558","An Evening With Silk Sonic","RVAL000125","9","Blast Off","1.0","same canonical artist; exact normalized album-track title; unique unkeyed slot; chart year within one year of album release","musicbrainz_ingest_approved","0.95","curated","2026-06-13 01:52:41.612648"
"565054","RVTR792534","","RVTR792534","43525","Stick Season (We’ll All Be Here Forever)","RVAL000077","7","Everywhere, Everything","1.0","same canonical artist; exact normalized album-track title; unique unkeyed slot; chart year within one year of album release","musicbrainz_ingest_approved","0.95","curated","2026-06-13 01:49:54.786506"
"392767","RVTR798736","","RVTR798736","28452","rEVOLVEr","RVAL515157","5","5 O’Clock","1.0","same canonical artist; exact normalized album-track title; unique unkeyed slot; chart year within one year of album release","musicbrainz_cache","0.92","ok","2026-05-20 22:14:03.905719"
"412700","RVTR799023","","RVTR799023","33280","There It Is","RVAL963958","1","There It Is Part 1","1.0","same canonical artist; exact normalized album-track title; unique unkeyed slot; chart year within one year of album release","musicbrainz_cache","0.88","ok","2026-05-20 22:14:03.905719"
"367835","RVTR800992","","RVTR800992","22199","Never Let Me Down","RVAL669020","1","Day‐In Day‐Out","1.0","same canonical artist; exact normalized album-track title; unique unkeyed slot; chart year within one year of album release","musicbrainz_cache","0.88","ok","2026-05-20 22:14:03.905719"
"452283","RVTR802575","","RVTR802575","42599","Words","RVAL515406","6","Leavin’","1.0","same canonical artist; exact normalized album-track title; unique unkeyed slot; chart year within one year of album release","musicbrainz_cache","0.88","ok","2026-05-20 22:14:03.905719"
"564857","RVTR804585","","RVTR804585","43512","The King of Crunk & BME Recordings Present Welcome to Trillville USA","RVAL000065","12","Neva Eva","1.0","same canonical artist; exact normalized album-track title; unique unkeyed slot; chart year within one year of album release","musicbrainz_ingest_approved","0.95","curated","2026-06-13 01:39:09.782881"
"565424","RVTR807425","","RVTR807425","43548","Nostalgia","RVAL000108","1","Nostalgia","1.0","same canonical artist; exact normalized album-track title; unique unkeyed slot; chart year within one year of album release","musicbrainz_ingest_approved","0.95","curated","2026-06-13 01:51:56.655175"
"498781","RVTR811396","","RVTR811396","25555","See You Tonight","RVAL556024","4","Feelin’ It","1.0","same canonical artist; exact normalized album-track title; unique unkeyed slot; chart year within one year of album release","musicbrainz_cache","0.92","ok","2026-05-20 22:14:03.905719"
"510022","RVTR811759","","RVTR811759","32148","Another Passenger","RVAL111706","2","It Keeps You Runnin’","1.0","same canonical artist; exact normalized album-track title; unique unkeyed slot; chart year within one year of album release","musicbrainz_cache","0.88","ok","2026-05-20 22:14:03.905719"
"564804","RVTR811953","","RVTR811953","43509","The Great American Bar Scene","RVAL000062","9","The Way Back","1.0","same canonical artist; exact normalized album-track title; unique unkeyed slot; chart year within one year of album release","musicbrainz_ingest_approved","0.95","curated","2026-06-13 01:38:56.015433"
"388282","RVTR817297","","RVTR817297","27316","The Best Of Clarence Carter","RVAL119969","11","Slipped Tripped And Fell In Love","1.0","same canonical artist; exact normalized album-track title; unique unkeyed slot; chart year within one year of album release","musicbrainz_cache_hot100_gap","0.86","ok","2026-05-20 22:14:03.905719"
"453000","RVTR818860","","RVTR818860","42761","The Hollies' Greatest Hits","RVAL581933","2","Carrie‐Anne","1.0","same canonical artist; exact normalized album-track title; unique unkeyed slot; chart year within one year of album release","musicbrainz_cache","0.92","ok","2026-05-20 22:14:03.905719"
"526109","RVTR819048","","RVTR819048","42096","...Presenting The Fabulous Ronettes Featuring Veronica","RVAL414704","9","Baby I Love You","1.0","same canonical artist; exact normalized album-track title; unique unkeyed slot; chart year within one year of album release","musicbrainz_cache","0.92","ok","2026-05-20 22:14:03.905719"
"449239","RVTR821604","","RVTR821604","41923","New Gold Hits","RVAL584033","3","Beggin’","1.0","same canonical artist; exact normalized album-track title; unique unkeyed slot; chart year within one year of album release","musicbrainz_cache","0.88","ok","2026-05-20 22:14:03.905719"
"513294","RVTR824856","","RVTR824856","34066","Hoodstar","RVAL068159","8","Pullin’ Me Back","1.0","same canonical artist; exact normalized album-track title; unique unkeyed slot; chart year within one year of album release","musicbrainz_cache","0.88","ok","2026-05-20 22:14:03.905719"
"377606","RVTR826297","","RVTR826297","24601","Wins And Losses","RVAL641471","3","F*** That Check Up","1.0","same canonical artist; exact normalized album-track title; unique unkeyed slot; chart year within one year of album release","musicbrainz_cache","0.92","ok","2026-05-20 22:14:03.905719"
"565006","RVTR826445","","RVTR826445","43522","Celebrity","RVAL000074","4","Girlfriend","1.0","same canonical artist; exact normalized album-track title; unique unkeyed slot; chart year within one year of album release","musicbrainz_ingest_approved","0.95","curated","2026-06-13 01:49:42.195817"
"565342","RVTR827026","","RVTR827026","43544","Pray 4 Love","RVAL000103","1","Pray 4 Love","1.0","same canonical artist; exact normalized album-track title; unique unkeyed slot; chart year within one year of album release","musicbrainz_ingest_approved","0.95","curated","2026-06-13 01:51:37.670283"
"550246","RVTR829444","","RVTR829444","34418","Sex Down","RVAL636607","3","Whatcha Gone Do","1.0","same canonical artist; exact normalized album-track title; unique unkeyed slot; chart year within one year of album release","musicbrainz_cache","0.88","ok","2026-05-20 22:14:03.905719"
"373249","RVTR830791","","RVTR830791","23509","Muddy Mississippi Line","RVAL530877","7","Mornin' Mornin'","1.0","same canonical artist; exact normalized album-track title; unique unkeyed slot; chart year within one year of album release","musicbrainz_cache","0.88","ok","2026-05-20 22:14:03.905719"
"528837","RVTR834423","","RVTR834423","22093","Night Shades","RVAL870888","2","You Make Me Feel…","1.0","same canonical artist; exact normalized album-track title; unique unkeyed slot; chart year within one year of album release","musicbrainz_cache","0.88","ok","2026-05-20 22:14:03.905719"
"564333","RVTR835368","","RVTR835368","43477","Shoot for the Stars Aim for the Moon","RVAL000016","5","Gangstas","1.0","same canonical artist; exact normalized album-track title; unique unkeyed slot; chart year within one year of album release","musicbrainz_ingest_approved","0.95","curated","2026-06-12 20:44:53.583021"
"565302","RVTR837892","","RVTR837892","43542","Hall of Fame","RVAL000098","1","Painting Pictures","1.0","same canonical artist; exact normalized album-track title; unique unkeyed slot; chart year within one year of album release","musicbrainz_ingest_approved","0.95","curated","2026-06-13 01:51:27.810754"
"459255","RVTR838246","","RVTR838246","23803","Chewy, Chewy","RVAL374412","1","Chewy, Chewy","1.0","same canonical artist; exact normalized album-track title; unique unkeyed slot; chart year within one year of album release","musicbrainz_cache","0.88","ok","2026-05-20 22:14:03.905719"
"374844","RVTR840372","","RVTR840372","23906","Survival","RVAL294289","4","Feelin’ Alright","1.0","same canonical artist; exact normalized album-track title; unique unkeyed slot; chart year within one year of album release","musicbrainz_cache","0.92","ok","2026-05-20 22:14:03.905719"
"505650","RVTR843323","","RVTR843323","29643","Only 1 Flo Part 1 (EP)","RVAL404316","6","Turn Around (5,4,3,2,1)","1.0","same canonical artist; exact normalized album-track title; unique unkeyed slot; chart year within one year of album release","lineage_acoustic_recovery","0.74","review_required","2026-05-20 22:14:03.905719"
"471718","RVTR848325","","RVTR848325","30889","Just Today","RVAL570592","11","My Girl Hey Girl","1.0","same canonical artist; exact normalized album-track title; unique unkeyed slot; chart year within one year of album release","musicbrainz_cache_hot100_gap","0.86","ok","2026-05-20 22:14:03.905719"
"372426","RVTR853322","","RVTR853322","23318","Enjoy The Ride","RVAL243031","1","Settlin’","1.0","same canonical artist; exact normalized album-track title; unique unkeyed slot; chart year within one year of album release","musicbrainz_cache","0.92","ok","2026-05-20 22:14:03.905719"
"565305","RVTR855092","","RVTR855092","43542","Hall of Fame","RVAL000098","4","Toxic","1.0","same canonical artist; exact normalized album-track title; unique unkeyed slot; chart year within one year of album release","musicbrainz_ingest_approved","0.95","curated","2026-06-13 01:51:27.810754"
"565308","RVTR859277","","RVTR859277","43542","Hall of Fame","RVAL000098","7","Boom","1.0","same canonical artist; exact normalized album-track title; unique unkeyed slot; chart year within one year of album release","musicbrainz_ingest_approved","0.95","curated","2026-06-13 01:51:27.810754"
"565350","RVTR860376","","RVTR860376","43544","Pray 4 Love","RVAL000103","9","The Greatest","1.0","same canonical artist; exact normalized album-track title; unique unkeyed slot; chart year within one year of album release","musicbrainz_ingest_approved","0.95","curated","2026-06-13 01:51:37.670283"
"496617","RVTR863109","","RVTR863109","24387","Cole Swindell","RVAL897897","2","Chillin’ It","1.0","same canonical artist; exact normalized album-track title; unique unkeyed slot; chart year within one year of album release","musicbrainz_cache","0.92","ok","2026-05-20 22:14:03.905719"
"370525","RVTR868651","","RVTR868651","22849","Rub It In","RVAL386135","3","Ruby Baby","1.0","same canonical artist; exact normalized album-track title; unique unkeyed slot; chart year within one year of album release","musicbrainz_cache","0.88","ok","2026-05-20 22:14:03.905719"
"385945","RVTR870007","","RVTR870007","26737","Surprise Attack","RVAL335511","6","Walkin’ Shoes","1.0","same canonical artist; exact normalized album-track title; unique unkeyed slot; chart year within one year of album release","musicbrainz_cache","0.92","ok","2026-05-20 22:14:03.905719"
"564328","RVTR870340","","RVTR870340","43476","Planet Her","RVAL000006","13","Kiss Me More","1.0","same canonical artist; exact normalized album-track title; unique unkeyed slot; chart year within one year of album release","musicbrainz_ingest_approved","0.95","curated","2026-06-12 20:44:53.529092"
"564625","RVTR874566","","RVTR874566","43497","Magna Carta… Holy Grail","RVAL000049","5","Oceans","1.0","same canonical artist; exact normalized album-track title; unique unkeyed slot; chart year within one year of album release","musicbrainz_ingest_approved","0.95","curated","2026-06-12 21:59:28.763138"
"466796","RVTR890082","","RVTR890082","27995","Brooklyn Bridge","RVAL757735","3","Welcome Me Love","1.0","same canonical artist; exact normalized album-track title; unique unkeyed slot; chart year within one year of album release","lineage_acoustic_recovery","0.74","review_required","2026-05-20 22:14:03.905719"
"564810","RVTR890798","","RVTR890798","43509","The Great American Bar Scene","RVAL000062","15","Sandpaper","1.0","same canonical artist; exact normalized album-track title; unique unkeyed slot; chart year within one year of album release","musicbrainz_ingest_approved","0.95","curated","2026-06-13 01:38:56.015433"
"564805","RVTR891243","","RVTR891243","43509","The Great American Bar Scene","RVAL000062","10","Memphis; The Blues","1.0","same canonical artist; exact normalized album-track title; unique unkeyed slot; chart year within one year of album release","musicbrainz_ingest_approved","0.95","curated","2026-06-13 01:38:56.015433"
"420227","RVTR891790","","RVTR891790","35104","Darryl Worley","RVAL133168","1","Awful Beautiful Life","1.0","same canonical artist; exact normalized album-track title; unique unkeyed slot; chart year within one year of album release","musicbrainz_cache","0.88","ok","2026-05-20 22:14:03.905719"
"525200","RVTR893517","","RVTR893517","41496","The R.E.D. Album","RVAL912282","8","Red Nation","1.0","same canonical artist; exact normalized album-track title; unique unkeyed slot; chart year within one year of album release","lineage_acoustic_recovery","0.74","review_required","2026-05-20 22:14:03.905719"
"564806","RVTR894755","","RVTR894755","43509","The Great American Bar Scene","RVAL000062","11","Like Ida","1.0","same canonical artist; exact normalized album-track title; unique unkeyed slot; chart year within one year of album release","musicbrainz_ingest_approved","0.95","curated","2026-06-13 01:38:56.015433"
"564785","RVTR901139","","RVTR901139","43508","No Strings Attached (special UK edition)","RVAL000061","6","This I Promise You","1.0","same canonical artist; exact normalized album-track title; unique unkeyed slot; chart year within one year of album release","musicbrainz_ingest_approved","0.95","curated","2026-06-13 01:38:50.708298"
"506985","RVTR909613","","RVTR909613","30420","Martika's Kitchen","RVAL105273","3","Love… Thy Will Be Done","1.0","same canonical artist; exact normalized album-track title; unique unkeyed slot; chart year within one year of album release","musicbrainz_cache","0.88","ok","2026-05-20 22:14:03.905719"
"397977","RVTR910416","","RVTR910416","29709","Times Of Your Life","RVAL645092","2","One Man Woman / One Woman Man","1.0","same canonical artist; exact normalized album-track title; unique unkeyed slot; chart year within one year of album release","musicbrainz_cache","0.92","ok","2026-05-20 22:14:03.905719"
"564261","RVTR911434","","RVTR911434","43471","Zach Bryan","RVAL000005","15","Smaller Acts","1.0","same canonical artist; exact normalized album-track title; unique unkeyed slot; chart year within one year of album release","musicbrainz_ingest_approved","0.95","curated","2026-06-12 19:59:15.078143"
"479551","RVTR917686","","RVTR917686","35458","B.A.R.S. The Barry Adrian Reese Story","RVAL822875","2","My Drink N My 2 Step","1.0","same canonical artist; exact normalized album-track title; unique unkeyed slot; chart year within one year of album release","musicbrainz_cache","0.88","ok","2026-05-20 22:14:03.905719"
"503011","RVTR923925","","RVTR923925","28025","The Peoples Champ","RVAL924272","7","Sittin’ Sidewayz","1.0","same canonical artist; exact normalized album-track title; unique unkeyed slot; chart year within one year of album release","musicbrainz_cache","0.92","ok","2026-05-20 22:14:03.905719"
"564802","RVTR924206","","RVTR924206","43509","The Great American Bar Scene","RVAL000062","7","Purple Gas","1.0","same canonical artist; exact normalized album-track title; unique unkeyed slot; chart year within one year of album release","musicbrainz_ingest_approved","0.95","curated","2026-06-13 01:38:56.015433"
"448535","RVTR929607","","RVTR929607","41750","Starboy","RVAL358493","5","Rockin’","1.0","same canonical artist; exact normalized album-track title; unique unkeyed slot; chart year within one year of album release","musicbrainz_cache","0.92","ok","2026-05-20 22:14:03.905719"
"486083","RVTR930014","","RVTR930014","39772","Big Willie Style","RVAL551010","7","Gettin’ Jiggy Wit It","1.0","same canonical artist; exact normalized album-track title; unique unkeyed slot; chart year within one year of album release","musicbrainz_cache","0.92","ok","2026-05-20 22:14:03.905719"
"365871","RVTR932260","","RVTR932260","21696","C'est Chic","RVAL742451","5","Dance, Dance, Dance (Yowsah Yowsah, Yowsah)","1.0","same canonical artist; exact normalized album-track title; unique unkeyed slot; chart year within one year of album release","musicbrainz_cache","0.92","ok","2026-05-20 22:14:03.905719"
"494377","RVTR934856","","RVTR934856","23100","A Little Bit Of Mambo","RVAL851348","1","Mambo No. 5 (A Little Bit Of…)","1.0","same canonical artist; exact normalized album-track title; unique unkeyed slot; chart year within one year of album release","musicbrainz_cache","0.92","ok","2026-05-20 22:14:03.905719"
"543194","RVTR934888","","RVTR934888","30310","The Eminem Show","RVAL319928","4","Cleanin’ Out My Closet","1.0","same canonical artist; exact normalized album-track title; unique unkeyed slot; chart year within one year of album release","musicbrainz_cache","0.92","ok","2026-05-20 22:14:03.905719"
"449212","RVTR935932","","RVTR935932","41911","Fly, Little White Dove, Fly","RVAL065798","1","Fly Little White Dove, Fly","1.0","same canonical artist; exact normalized album-track title; unique unkeyed slot; chart year within one year of album release","musicbrainz_cache","0.88","ok","2026-05-20 22:14:03.905719"
"484520","RVTR938853","","RVTR938853","38902","Trash","RVAL609309","5","Only My Heart Talkin’","1.0","same canonical artist; exact normalized album-track title; unique unkeyed slot; chart year within one year of album release","musicbrainz_cache","0.92","ok","2026-05-20 22:14:03.905719"
"565087","RVTR941835","","RVTR941835","43527","Shiesty Season","RVAL000079","5","Neighbors","1.0","same canonical artist; exact normalized album-track title; unique unkeyed slot; chart year within one year of album release","musicbrainz_ingest_approved","0.95","curated","2026-06-13 01:50:06.511409"
"564809","RVTR942057","","RVTR942057","43509","The Great American Bar Scene","RVAL000062","14","Towers","1.0","same canonical artist; exact normalized album-track title; unique unkeyed slot; chart year within one year of album release","musicbrainz_ingest_approved","0.95","curated","2026-06-13 01:38:56.015433"
"564248","RVTR943221","","RVTR943221","43471","Zach Bryan","RVAL000005","2","Overtime","1.0","same canonical artist; exact normalized album-track title; unique unkeyed slot; chart year within one year of album release","musicbrainz_ingest_approved","0.95","curated","2026-06-12 19:59:15.078143"
"493867","RVTR944665","","RVTR944665","22773","This Woman","RVAL583382","5","Nothin’ Bout Love Makes Sense","1.0","same canonical artist; exact normalized album-track title; unique unkeyed slot; chart year within one year of album release","musicbrainz_cache","0.88","ok","2026-05-20 22:14:03.905719"
"490843","RVTR952773","","RVTR952773","42693","La La Means I Love You","RVAL752909","7","La-La Means I Love You","1.0","same canonical artist; exact normalized album-track title; unique unkeyed slot; chart year within one year of album release","musicbrainz_cache","0.88","ok","2026-05-20 22:14:03.905719"
"552112","RVTR966212","","RVTR966212","35464","Sunset Man","RVAL948504","2","Just Got Started Lovin’ You","1.0","same canonical artist; exact normalized album-track title; unique unkeyed slot; chart year within one year of album release","musicbrainz_cache","0.88","ok","2026-05-20 22:14:03.905719"
"486524","RVTR967671","","RVTR967671","39992","If You're Reading This It's Too Late","RVAL226060","5","No Tellin’","1.0","same canonical artist; exact normalized album-track title; unique unkeyed slot; chart year within one year of album release","musicbrainz_cache","0.92","ok","2026-05-20 22:14:03.905719"
"564335","RVTR967953","","RVTR967953","43477","Shoot for the Stars Aim for the Moon","RVAL000016","7","Creature","1.0","same canonical artist; exact normalized album-track title; unique unkeyed slot; chart year within one year of album release","musicbrainz_ingest_approved","0.95","curated","2026-06-12 20:44:53.583021"
"496325","RVTR971248","","RVTR971248","24253","Condition Critical","RVAL173371","2","Mama Weer All Crazee Now","1.0","same canonical artist; exact normalized album-track title; unique unkeyed slot; chart year within one year of album release","musicbrainz_cache","0.92","ok","2026-05-20 22:14:03.905719"
"522547","RVTR974761","","RVTR974761","39902","The Book Of Taliesyn","RVAL084377","7","River Deep, Mountain High","1.0","same canonical artist; exact normalized album-track title; unique unkeyed slot; chart year within one year of album release","musicbrainz_cache","0.88","ok","2026-05-20 22:14:03.905719"
"507370","RVTR976688","","RVTR976688","30628","Kenny Nolan","RVAL790605","1","I Like Dreamin’","1.0","same canonical artist; exact normalized album-track title; unique unkeyed slot; chart year within one year of album release","musicbrainz_cache","0.88","ok","2026-05-20 22:14:03.905719"
"478818","RVTR977138","","RVTR977138","35042","Another Step","RVAL143869","1","You Keep Me Hangin’ On","1.0","same canonical artist; exact normalized album-track title; unique unkeyed slot; chart year within one year of album release","musicbrainz_cache","0.88","ok","2026-05-20 22:14:03.905719"
"513244","RVTR978612","","RVTR978612","34041","Don't Look Back","RVAL875863","5","Feelin’ Satisfied","1.0","same canonical artist; exact normalized album-track title; unique unkeyed slot; chart year within one year of album release","musicbrainz_cache","0.92","ok","2026-05-20 22:14:03.905719"
"374431","RVTR978727","","RVTR978727","23804","Ohio Express","RVAL328608","1","Yummy, Yummy, Yummy","1.0","same canonical artist; exact normalized album-track title; unique unkeyed slot; chart year within one year of album release","musicbrainz_cache","0.88","ok","2026-05-20 22:14:03.905719"
"469729","RVTR979029","","RVTR979029","29778","Wild And Blue","RVAL850574","10","Swingin’","1.0","same canonical artist; exact normalized album-track title; unique unkeyed slot; chart year within one year of album release","musicbrainz_cache","0.88","ok","2026-05-20 22:14:03.905719"
"555449","RVTR981171","","RVTR981171","38083","Smokin'","RVAL022277","1","Hot ’N’ Nasty","1.0","same canonical artist; exact normalized album-track title; unique unkeyed slot; chart year within one year of album release","musicbrainz_cache","0.88","ok","2026-05-20 22:14:03.905719"
"548472","RVTR983337","","RVTR983337","33403","Struttin' My Stuff","RVAL092019","1","Struttin’ My Stuff","1.0","same canonical artist; exact normalized album-track title; unique unkeyed slot; chart year within one year of album release","musicbrainz_cache","0.88","ok","2026-05-20 22:14:03.905719"
"452181","RVTR984406","","RVTR984406","42579","Attacking A Straw Man","RVAL361329","1","Barbara I Love You","1.0","same canonical artist; exact normalized album-track title; unique unkeyed slot; chart year within one year of album release","musicbrainz_cache","0.88","ok","2026-05-20 22:14:03.905719"
"536039","RVTR998084","","RVTR998084","26121","Make It Big","RVAL423633","1","Wake Me Up Before You Go‐Go","1.0","same canonical artist; exact normalized album-track title; unique unkeyed slot; chart year within one year of album release","musicbrainz_cache","0.92","ok","2026-05-20 22:14:03.905719"
"551725","RVTR999355","","RVTR999355","35238","Save The Last Dance For Me","RVAL836720","9","Save The Last Dance For Me","1.0","same canonical artist; exact normalized album-track title; unique unkeyed slot; chart year within one year of album release","lineage_acoustic_recovery","0.74","review_required","2026-05-20 22:14:03.905719"
