rvtr,title,artist,artists,albums,release_year,chart_rows,representative_week,duplicate_identity_count,status,priority,issues
"RVTR000205","Falling In Love Is Hard On The Knees","aerosmith","aerosmith","A Little South Of Sanity | Nine Lives","1997","15","1997-03-01","1","AMBIGUOUS","70","multiple_albums"
"RVTR000582","Inner City Blues Make Me Wanna Holler","marvin gaye","marvin gaye","Every Great Hit Of Marvin Gaye | Gold | Marvin Gaye Anthology | What's Going On","1971","9","1971-10-09","1","AMBIGUOUS","70","multiple_albums"
"RVTR000698","Caribbean Blue","enya","enya","Shepherd Moons | The Very Best Of Enya","1991","8","1992-02-29","1","AMBIGUOUS","70","multiple_albums"
"RVTR000816","Georgia On My Mind","ray charles","ray charles","Genius: The Ultimate Ray Charles Collection | Hit The Road, Jack","2009","13","1960-09-24","1","AMBIGUOUS","70","multiple_albums"
"RVTR001679","Right Here","staind","staind","Chapter V | Live From Mohegan Sun","2005","20","2005-06-25","1","AMBIGUOUS","70","multiple_albums"
"RVTR001941","Making Every Minute Count","spanky and our gang","spanky and our gang","Spanky And Our Gang | Spanky's Greatest Hit(s)","1967","7","1967-08-19","1","AMBIGUOUS","70","multiple_albums"
"RVTR002344","Wrapped Around Your Finger","The Police","The Police","Synchronicity | The Police","1983","16","1984-01-07","1","AMBIGUOUS","70","multiple_albums"
"RVTR002528","Angel","rod stewart","rod stewart","Best Rod Stewart | Never A Dull Moment | Storyteller/Complete Anthology: 1964-1990","1972","7","1972-11-18","1","AMBIGUOUS","70","multiple_albums"
"RVTR002814","Fine Again","seether","seether","Disclaimer | Disclaimer II | Seether: 2002-2013","2002","20","2002-12-28","1","AMBIGUOUS","70","multiple_albums"
"RVTR002832","Big Machine","goo goo dolls","goo goo dolls","Gutterflower | Live In Buffalo - July 4th 2004","2002","6","2002-09-07","1","AMBIGUOUS","70","multiple_albums"
"RVTR002978","My Life","billy joel","billy joel","12 Gardens Live | 2000 Years -- The Millennium Concert | 52nd Street | Live At Shea Stadium: The Concert | Opus Collection | The Hits","1978","19","1978-11-04","1","AMBIGUOUS","70","multiple_albums"
"RVTR003270","Change Clothes","jay-z","jay-z","The Black Album | The Black Album: Acappella","2003","18","2003-11-15","1","AMBIGUOUS","70","multiple_albums"
"RVTR003583","Can'T Get Enough","bad company","bad company","Bad Company | Live 1977 / Live 1979","1974","15","1974-08-17","1","AMBIGUOUS","70","multiple_albums"
"RVTR003974","The Boys Are Back In Town","thin lizzy","thin lizzy","Jailbreak | Live And Dangerous","1976","17","1976-05-15","1","AMBIGUOUS","70","multiple_albums"
"RVTR004413","Love Rollercoaster","ohio players","ohio players","Fire | Honey | Ohio Players Gold","1974","16","1975-11-15","1","AMBIGUOUS","70","multiple_albums"
"RVTR004611","All Day And All Of The Night","The Kinks","The Kinks","Kinks-Size | One For The Road | The Kinks Greatest Hits!","1965","12","1964-12-26","1","AMBIGUOUS","70","multiple_albums"
"RVTR004664","Yesterday'S Rain","spanky and our gang","spanky and our gang","Anything You Choose/Without Rhyme Or Reason | Spanky's Greatest Hit(s)","1969","3","1968-12-07","1","AMBIGUOUS","70","multiple_albums"
"RVTR005324","Creep","radiohead","radiohead","Pablo Honey | The Best Of","1993","20","1993-06-26","1","AMBIGUOUS","70","multiple_albums"
"RVTR005579","The Ballad Of John And Yoko","The Beatles","The Beatles","Hey Jude | Past Masters | The Beatles 1967-1970","1970","9","1969-06-14","1","AMBIGUOUS","70","multiple_albums"
"RVTR006254","The Other Side","jason derulo","jason derulo","Platinum Hits | Talk Dirty","2014","21","2013-05-04","1","AMBIGUOUS","70","multiple_albums"
"RVTR006340","Only Happy When It Rains","garbage","garbage","Absolute Garbage | Garbage","1995","20","1996-03-09","1","AMBIGUOUS","70","multiple_albums"
"RVTR006415","Stranger In Town","toto","toto","Greatest Hits: 40 Trips Around The Sun | Isolation","1984","15","1984-10-27","1","AMBIGUOUS","70","multiple_albums"
"RVTR008261","Turn The World Around","eddy arnold","eddy arnold","The Best Of Eddy Arnold, Volume II | Turn The World Around","1967","8","1967-08-19","1","AMBIGUOUS","70","multiple_albums"
"RVTR008301","A Horse With No Name","america","america","America | History/America's Greatest Hits | The Complete Greatest Hits","1972","14","1972-02-19","1","AMBIGUOUS","70","multiple_albums"
"RVTR008311","La Camisa Negra","juanes","juanes","Mi Sangre | tr3s Presents: Juanes MTV Unplugged","2004","13","2005-04-09","1","AMBIGUOUS","70","multiple_albums"
"RVTR008408","Praying For Time","george michael","george michael","Listen Without Prejudice, Vol. 1 | Symphonica","1990","14","1990-09-01","1","AMBIGUOUS","70","multiple_albums"
"RVTR008665","Why Must We Wait Until Tonight","tina turner","tina turner","All The Best | What's Love Got To Do With It (Soundtrack)","1993","2","1993-10-23","1","AMBIGUOUS","70","multiple_albums"
"RVTR008896","Showdown","electric light orchestra","electric light orchestra","ELO's Greatest Hits | Mr. Blue Sky: The Very Best Of Electric Light Orchestra | On The Third Day","1973","18","1973-12-01","1","AMBIGUOUS","70","multiple_albums"
"RVTR008975","Steamy Windows","tina turner","tina turner","All The Best | Foreign Affair | Simply The Best | Tina Live | Tina!","1989","11","1989-11-25","1","AMBIGUOUS","70","multiple_albums"
"RVTR009031","If I Ever Lose My Faith In You","sting","sting","... All This Time | Best Of 25 Years | Fields Of Gold - Best Of Sting 1984-1994","1994","20","1993-02-20","1","AMBIGUOUS","70","multiple_albums"
"RVTR009067","Sad But True","metallica","metallica","Live Shit: Binge & Purge | Metallica","1991","1","1992-10-31","1","AMBIGUOUS","70","multiple_albums"
"RVTR009358","All I Want Is You","carly simon","carly simon","Coming Around Again | Greatest Hits Live","1987","9","1988-01-23","1","AMBIGUOUS","70","multiple_albums"
"RVTR010318","Run","george strait","george strait","For The Last Time: Live From The Astrodome | The Road Less Traveled","2001","20","2001-10-27","1","AMBIGUOUS","70","multiple_albums"
"RVTR010382","The Smile Has Left Your Eyes","asia","asia","Alpha | The Definitive Collection | Then & Now","1983","13","1983-10-15","1","AMBIGUOUS","70","multiple_albums"
"RVTR010529","See The Funny Little Clown","bobby goldsboro","bobby goldsboro","Bobby Goldsboro's Greatest Hits | Summer (The First Time)","1970","13","1964-01-11","1","AMBIGUOUS","70","multiple_albums"
"RVTR010665","Alright","janet jackson","janet jackson","Design Of A Decade 1986/1996 | Janet Jackson's Rhythm Nation 1814","1989","16","1990-04-07","1","AMBIGUOUS","70","multiple_albums"
"RVTR010856","Mud On The Tires","brad paisley","brad paisley","Hits Alive | Mud On The Tires","2003","20","2004-12-04","1","AMBIGUOUS","70","multiple_albums"
"RVTR011230","Hot Mama","trace adkins","trace adkins","American Man: Greatest Hits Volume II | Comin' On Strong","2003","14","2004-01-24","1","AMBIGUOUS","70","multiple_albums"
"RVTR011596","Sexual Healing","marvin gaye","marvin gaye","Gold | Midnight Love | Number 1's","1982","21","1982-10-30","1","AMBIGUOUS","70","multiple_albums"
"RVTR011893","Something'S Got A Hold On Me","etta james","etta james","Enduring Soul | Etta James | Etta James Rocks The House | Her Best","1964","12","1962-02-24","1","AMBIGUOUS","70","multiple_albums"
"RVTR013038","Daydream Believer","The Monkees","The Monkees","Flashback With The Monkees | The Best Of The Monkees | The Birds, The Bees & The Monkees | The Monkees' Greatest Hits","1968","16","1967-11-18","1","AMBIGUOUS","70","multiple_albums"
"RVTR013813","The Boys Of Summer","don henley","don henley","Actual Miles Henley's Greatest Hits | Building The Perfect Beast","1984","22","1984-11-10","1","AMBIGUOUS","70","multiple_albums"
"RVTR013829","Soul Serenade","king curtis","king curtis","Live At Fillmore West | Soul Serenade | Sweet Soul | The Best of King Curtis","1964","12","1964-03-07","1","AMBIGUOUS","70","multiple_albums"
"RVTR014038","Rock Island Line","johnny cash","johnny cash","Johnny Cash | Showtime | Story Songs Of The Trains And Rivers | The Legend","1969","1","1970-02-28","1","AMBIGUOUS","70","multiple_albums"
"RVTR014473","When The Stars Go Blue","tim mcgraw","tim mcgraw","Greatest Hits Vol 2: Reflected | Love Story","2006","20","2006-04-15","1","AMBIGUOUS","70","multiple_albums"
"RVTR014576","No Hurry","zac brown band","zac brown band","Greatest Hits So Far... | You Get What You Give","2010","16","2012-03-24","1","AMBIGUOUS","70","multiple_albums"
"RVTR014791","When I Think Of You","leif garrett","leif garrett","Feel The Need | Leif Garrett | Same Goes For You","1977","5","1979-11-03","1","AMBIGUOUS","70","multiple_albums"
"RVTR015231","An Everlasting Love","andy gibb","andy gibb","Andy Gibb's Greatest Hits | Shadow Dancing","1978","16","1978-07-15","1","AMBIGUOUS","70","multiple_albums"
"RVTR015331","When A Man Loves A Woman","michael bolton","michael bolton","Greatest Hits 1985-1995 | Michael Bolton | Time, Love And Tenderness","1983","20","1991-10-12","1","AMBIGUOUS","70","multiple_albums"
"RVTR015345","Stay With You","goo goo dolls","goo goo dolls","Greatest Hits, Volume One: The Singles | Let Love In | Vol. 2","2006","20","2006-04-22","1","AMBIGUOUS","70","multiple_albums"
"RVTR015441","If She Knew What She Wants","The Bangles","The Bangles","Different Light | Greatest Hits","1986","14","1986-05-10","1","AMBIGUOUS","70","multiple_albums"
"RVTR015508","Rebel Yell","billy idol","billy idol","Greatest Hits | Idolize Yourself: The Very Best Of Billy Idol","2001","14","1984-01-28","1","AMBIGUOUS","70","multiple_albums"
"RVTR015792","If You Only Knew","shinedown","shinedown","Somewhere In The Stratosphere | The Sound Of Madness","2008","20","2009-11-14","1","AMBIGUOUS","70","multiple_albums"
"RVTR015873","Maybe I Know","lesley gore","lesley gore","Girl Talk | The Golden Hits Of Lesley Gore","1964","10","1964-07-25","1","AMBIGUOUS","70","multiple_albums"
"RVTR016009","If I Fell","The Beatles","The Beatles","A Hard Day's Night (Soundtrack) | Love Songs | Something New","1964","9","1964-08-01","1","AMBIGUOUS","70","multiple_albums"
"RVTR016144","Bless The Broken Road","rascal flatts","rascal flatts","Feels Like Today | Greatest Hits Volume 1 | The Best Of Rascal Flatts Live","2004","20","2004-12-18","1","AMBIGUOUS","70","multiple_albums"
"RVTR016195","Push It","garbage","garbage","Absolute Garbage | Version 2.0","1998","18","1998-05-09","1","AMBIGUOUS","70","multiple_albums"
"RVTR016328","Mamma Mia","abba","abba","ABBA | Greatest Hits | The Best Of ABBA: 20th Century Masters The Millennium Collection | The Definitive Collection | The Singles (The First Ten Years)","1975","9","1976-05-22","1","AMBIGUOUS","70","multiple_albums"
"RVTR016681","My Guy","mary wells","mary wells","Mary Wells | Mary Wells Sings My Guy","1964","15","1964-04-04","1","AMBIGUOUS","70","multiple_albums"
"RVTR016790","Sweet Memories","andy williams","andy williams","16 Most Requested Songs: Encore | Raindrops Keep Fallin' On My Head","1970","6","1968-06-08","1","AMBIGUOUS","70","multiple_albums"
"RVTR016819","Do You Want To Dance","bette midler","bette midler","Experience The Divine: Greatest Hits | The Divine Miss M","1972","16","1972-12-23","1","AMBIGUOUS","70","multiple_albums"
"RVTR017027","I'M On The Outside Looking In","little anthony and the imperials","little anthony and the imperials","I'm On The Outside (Looking In) | The Best Of Little Anthony & The Imperials","1965","10","1964-08-22","1","AMBIGUOUS","70","multiple_albums"
"RVTR017444","You'Re Just The Right Size","The Salsoul Orchestra","The Salsoul Orchestra","Cuchi-Cuchi | The Salsoul Orchestra","1975","5","1976-05-29","1","AMBIGUOUS","70","multiple_albums"
"RVTR017627","Miss You Much","janet jackson","janet jackson","Design Of A Decade 1986/1996 | Janet Jackson's Rhythm Nation 1814","1989","20","1989-09-02","1","AMBIGUOUS","70","multiple_albums"
"RVTR017740","Jump For My Love","The Pointer Sisters","The Pointer Sisters","Break Out | The Best Of The Pointer Sisters","1976","24","1984-04-28","1","AMBIGUOUS","70","multiple_albums"
"RVTR018038","Don'T Do It","The Band","The Band","Rock Of Ages | The Last Waltz (Soundtrack)","1972","11","1972-09-16","1","AMBIGUOUS","70","multiple_albums"
"RVTR018725","Treat You Better","shawn mendes","shawn mendes","Illuminate | Live At Madison Square Garden","2016","39","2016-06-25","1","AMBIGUOUS","70","multiple_albums"
"RVTR018736","Steal Away","johnnie taylor","johnnie taylor","Johnnie Taylor's Greatest Hits | One Step Beyond","1970","10","1970-06-06","1","AMBIGUOUS","70","multiple_albums"
"RVTR018788","I Got A Name","jim croce","jim croce","I Got A Name | Photographs & Memories/His Greatest Hits","1973","17","1973-10-06","1","AMBIGUOUS","70","multiple_albums"
"RVTR018811","Behind Blue Eyes","The Who","The Who","By Numbers | Greatest Hits | Join Together | The Who Then And Now!: 1964-2004 | Who's Last | Who's Next","1971","11","1971-11-06","1","AMBIGUOUS","70","multiple_albums"
"RVTR019243","Thunderball","tom jones","tom jones","Reloaded: Greatest Hits | Tom Jones Live!","1969","9","1965-12-11","1","AMBIGUOUS","70","multiple_albums"
"RVTR019398","Come Talk To Me","jodeci","jodeci","Back To The Future: The Very Best Of Jodeci | Forever My Lady","1991","28","1992-04-04","1","AMBIGUOUS","70","multiple_albums"
"RVTR019521","Slippery When Wet","commodores","commodores","Caught In The Act | Commodores Anthology | Commodores Live!","1975","15","1975-05-10","1","AMBIGUOUS","70","multiple_albums"
"RVTR020550","I Can'T Explain","The Who","The Who","The Kids Are Alright (Soundtrack) | The Who Then And Now!: 1964-2004","1979","2","1965-03-27","1","AMBIGUOUS","70","multiple_albums"
"RVTR020928","Danny Boy","ray price","ray price","Danny Boy | Ray Price's All-Time Greatest Hits","1967","8","1967-03-25","1","AMBIGUOUS","70","multiple_albums"
"RVTR021493","Paint Me A Birmingham","tracy lawrence","tracy lawrence","Good Ole Days | Strong | Then & Now: The Hits Collection","2004","16","2004-04-03","1","AMBIGUOUS","70","multiple_albums"
"RVTR021698","Without Me","eminem","eminem","Curtain Call: The Hits | The Eminem Show","2002","20","2002-05-11","1","AMBIGUOUS","70","multiple_albums"
"RVTR021822","All I Really Want To Do","cher","cher","All I Really Want To Do | Live: The Farewell Tour","1965","12","1965-07-03","1","AMBIGUOUS","70","multiple_albums"
"RVTR022074","All Day Music","war","war","All Day Music | Greatest Hits | The Very Best Of War | War Live!","1971","11","1971-08-07","1","AMBIGUOUS","70","multiple_albums"
"RVTR022601","The Look Of Love","isaac hayes","isaac hayes","Live At The Sahara Tahoe | To Be Continued","1970","5","1971-02-13","1","AMBIGUOUS","70","multiple_albums"
"RVTR022651","Twist It Up","chubby checker","chubby checker","Beach Party | Chubby Checker's Greatest Hits","1963","8","1963-07-20","1","AMBIGUOUS","70","multiple_albums"
"RVTR022933","Roots Rock Reggae","bob marley and the wailers","bob marley and the wailers","Africa Unite: The Singles Collection | Natural Mystic | Rastaman Vibration","1976","6","1976-07-03","1","AMBIGUOUS","70","multiple_albums"
"RVTR023275","You'Ve Lost That Lovin' Feelin'","The Righteous Brothers","The Righteous Brothers","The Very Best Of/Unchained Melody | You've Lost That Lovin' Feelin'","1965","16","1964-12-12","1","AMBIGUOUS","70","multiple_albums"
"RVTR023559","Dreams","The Cranberries","The Cranberries","Everybody Else Is Doing It, So Why Can't We? | Stars: The Best Of 1992-2002","1993","20","1994-04-02","1","AMBIGUOUS","70","multiple_albums"
"RVTR024332","Chip Away The Stone","aerosmith","aerosmith","Gems | Live Bootleg","1978","3","1979-01-20","1","AMBIGUOUS","70","multiple_albums"
"RVTR024496","Good Morning Judge","10cc","10cc","Deceptive Bends | Greatest Hits 1972-1978 | Live + Let Live","1977","8","1977-08-06","1","AMBIGUOUS","70","multiple_albums"
"RVTR024659","To Love Somebody","michael bolton","michael bolton","Michael Bolton | Timeless (The Classics)","1983","20","1992-10-17","1","AMBIGUOUS","70","multiple_albums"
"RVTR024707","Tug Of War","paul mccartney","paul mccartney","Tug Of War | Wingspan: Hits And History","1982","8","1982-10-02","1","AMBIGUOUS","70","multiple_albums"
"RVTR024887","Intro","j. cole","j. cole","2014 Forest Hills Drive | Cole World: The Sideline Story | KOD","2011","1","2018-05-05","1","AMBIGUOUS","70","multiple_albums"
"RVTR025139","Check It Out","bobby womack","bobby womack","I Don't Know What The World Is Coming To | So Many Rivers","1975","3","1975-04-12","1","AMBIGUOUS","70","multiple_albums"
"RVTR025140","Mr Tambourine Man","The Byrds","The Byrds","Mr. Tambourine Man | The Byrds' Greatest Hits","1965","13","1965-05-15","1","AMBIGUOUS","70","multiple_albums"
"RVTR025203","All Along","blessid union of souls","blessid union of souls","Blessid Union Of Souls | Home","1995","14","1996-07-13","1","AMBIGUOUS","70","multiple_albums"
"RVTR025224","Tough","craig morgan","craig morgan","Greatest Hits | Little Bit Of Life | The Journey (Livin Hits)","2006","8","2007-07-21","1","AMBIGUOUS","70","multiple_albums"
"RVTR025701","Polk Salad Annie","tony joe white","tony joe white","Black And White | Tony Joe White","1969","12","1969-07-05","1","AMBIGUOUS","70","multiple_albums"
"RVTR025737","All This Time","sting","sting","... All This Time | Best Of 25 Years | Fields Of Gold - Best Of Sting 1984-1994 | The Soul Cages","1991","15","1991-01-19","1","AMBIGUOUS","70","multiple_albums"
"RVTR026638","So Very Hard To Go","tower of power","tower of power","Live And In Living Color | Tower of Power","1973","18","1973-05-05","1","AMBIGUOUS","70","multiple_albums"
"RVTR026689","Songs About Me","trace adkins","trace adkins","American Man: Greatest Hits Volume II | Songs About Me","2005","15","2005-03-26","1","AMBIGUOUS","70","multiple_albums"
"RVTR026765","How Can I Refuse","heart","heart","Passionworks | Rock The House Live!","1983","11","1983-08-13","1","AMBIGUOUS","70","multiple_albums"
"RVTR026818","Shotgun","vanilla fudge","vanilla fudge","Rock & Roll | Vanilla Fudge","1967","5","1969-03-08","1","AMBIGUOUS","70","multiple_albums"
"RVTR026947","Separate Ways Worlds Apart","journey","journey","Frontiers | Journey's Greatest Hits | The Essential Journey","1983","17","1983-02-05","1","AMBIGUOUS","70","multiple_albums"
"RVTR027141","Looking For Space","john denver","john denver","John Denver's Greatest Hits, Volume 2 | Windsong","1975","8","1976-03-06","1","AMBIGUOUS","70","multiple_albums"
"RVTR027153","Under And Over It","five finger death punch","five finger death punch","A Decade Of Destruction | American Capitalist","2011","1","2011-08-20","1","AMBIGUOUS","70","multiple_albums"
"RVTR027629","Bell Bottom Blues","eric clapton","eric clapton","Complete Clapton | Eric Clapton At His Best | Eric Clapton's Rainbow Concert | One More Car, One More Rider: Live On Tour 2001","1972","5","1973-02-17","1","AMBIGUOUS","70","multiple_albums"
"RVTR027766","Tell Her Love Has Felt The Need","eddie kendricks","eddie kendricks","Boogie Down! | Eddie Kendricks","1973","10","1974-08-10","1","AMBIGUOUS","70","multiple_albums"
"RVTR027885","Lowdown","boz scaggs","boz scaggs","Hits | My Time | Silk Degrees","1972","22","1976-07-03","1","AMBIGUOUS","70","multiple_albums"
"RVTR028160","Nights On Broadway","bee gees","bee gees","Bee Gees: Opus Collection | Main Course | The Ultimate Bee Gees","1975","16","1975-10-04","1","AMBIGUOUS","70","multiple_albums"
"RVTR028668","Georgia On My Mind","michael bolton","michael bolton","Greatest Hits 1985-1995 | Soul Provider","1989","10","1990-08-25","1","AMBIGUOUS","70","multiple_albums"
"RVTR029446","Whatever It Is","zac brown band","zac brown band","Greatest Hits So Far... | Pass The Jar: Live From the Fabulous Fox Theater In Atlanta | The Foundation","2008","20","2009-03-28","1","AMBIGUOUS","70","multiple_albums"
"RVTR029502","Wink","neal mccoy","neal mccoy","Greatest Hits | Neal McCoy | No Doubt About It","1994","4","1994-07-16","1","AMBIGUOUS","70","multiple_albums"
"RVTR029697","Memphis Soul Stew","king curtis","king curtis","King Size Soul | Live At Fillmore West","1967","9","1967-08-26","1","AMBIGUOUS","70","multiple_albums"
"RVTR029708","In These Changing Times","four tops","four tops","Changing Times | Four Tops Greatest Hits, Vol. 2","1970","4","1971-07-03","1","AMBIGUOUS","70","multiple_albums"
"RVTR030345","That'Ll Be The Day","linda ronstadt","linda ronstadt","Greatest Hits | Hasten Down The Wind","1976","16","1976-08-21","1","AMBIGUOUS","70","multiple_albums"
"RVTR030447","Only Love Can Break Your Heart","neil young","neil young","After The Gold Rush | Greatest Hits | Live At The Cellar Door","1970","12","1970-10-24","1","AMBIGUOUS","70","multiple_albums"
"RVTR030462","Every Heartbeat","amy grant","amy grant","Greatest Hits | Heart In Motion | Time Again... Amy Grant Live","1991","19","1991-06-15","1","AMBIGUOUS","70","multiple_albums"
"RVTR031079","Fallen Angel","poison","poison","10 Great Songs | Open Up And Say...Ahh! | The Best Of Poison: 20 Years Of Rock","1988","16","1988-07-30","1","AMBIGUOUS","70","multiple_albums"
"RVTR031123","Gemini Dream","The Moody Blues","The Moody Blues","Greatest Hits | Long Distance Voyager","1981","15","1981-06-06","1","AMBIGUOUS","70","multiple_albums"
"RVTR031543","Pinch Me","barenaked ladies","barenaked ladies","Disc One 1991-2001: All Their Greatest Hits | Maroon","2000","21","2000-09-09","1","AMBIGUOUS","70","multiple_albums"
"RVTR031770","It'S Impossible","The New Birth","The New Birth","Ain't No Big Thing, But It's Growing | The Best Of The New Birth","1971","9","1971-10-09","1","AMBIGUOUS","70","multiple_albums"
"RVTR031771","Funny The Way It Is","dave matthews band","dave matthews band","Big Whiskey And The GrooGrux King | Europe 2009 | Live In New York City","2009","8","2009-05-09","1","AMBIGUOUS","70","multiple_albums"
"RVTR031842","Call Me Lightning","The Who","The Who","Magic Bus-The Who On Tour | The Who Hits 50!","1968","8","1968-03-30","1","AMBIGUOUS","70","multiple_albums"
"RVTR031969","Make You Sweat","keith sweat","keith sweat","I'll Give All My Love To You | The Best Of Keith Sweat: Make You Sweat","1990","21","1990-06-02","1","AMBIGUOUS","70","multiple_albums"
"RVTR032364","Eight Days A Week","The Beatles","The Beatles","1 | Beatles VI | The Beatles 1962-1966","1965","10","1965-02-20","1","AMBIGUOUS","70","multiple_albums"
"RVTR032586","I Am Woman","helen reddy","helen reddy","Helen Reddy's Greatest Hits | I Am Woman | I Don't Know How To Love Him","1971","22","1972-06-24","1","AMBIGUOUS","70","multiple_albums"
"RVTR032615","Nada Es Para Siempre","luis fonsi","luis fonsi","Exitos: 98: 06 | Paso A Paso","2005","1","2005-08-27","1","AMBIGUOUS","70","multiple_albums"
"RVTR032737","Who Am I","petula clark","petula clark","I Couldn't Live Without Your Love | Petula Clark's Greatest Hits, Vol. 1","1966","7","1966-10-22","1","AMBIGUOUS","70","multiple_albums"
"RVTR032868","Young Americans","david bowie","david bowie","Best Of Bowie | Changesbowie | Changesonebowie | Young Americans","1975","11","1975-03-15","1","AMBIGUOUS","70","multiple_albums"
"RVTR033656","Mountain Of Love","ronnie dove","ronnie dove","Ronnie Dove Sings The Hits For You | The Best Of Ronnie Dove","1966","6","1968-06-08","1","AMBIGUOUS","70","multiple_albums"
"RVTR033682","Straight From The Heart","bryan adams","bryan adams","Anthology | Cuts Like A Knife | So Far So Good","1983","19","1983-03-12","1","AMBIGUOUS","70","multiple_albums"
"RVTR033722","September","daughtry","daughtry","It's Not Over... The Hits So Far | Leave This Town","2009","20","2010-08-21","1","AMBIGUOUS","70","multiple_albums"
"RVTR033750","These Are My People","rodney atkins","rodney atkins","If You're Going Through Hell | Rodney Atkins","2006","20","2007-06-23","1","AMBIGUOUS","70","multiple_albums"
"RVTR033807","Free Man In Paris","joni mitchell","joni mitchell","Court And Spark | Dreamland","1974","14","1974-07-27","1","AMBIGUOUS","70","multiple_albums"
"RVTR034185","Black Byrd","donald byrd","donald byrd","Black Byrd | Donald Byrd's Best","1973","6","1973-06-09","1","AMBIGUOUS","70","multiple_albums"
"RVTR034617","Tell It All Brother","kenny rogers","kenny rogers","42 Ultimate Hits | Ruby, Don't Take Your Love To Town | Tell It All Brother","1969","11","1970-07-04","1","AMBIGUOUS","70","multiple_albums"
"RVTR034912","Hungry Like The Wolf","duran duran","duran duran","Arena | Decade | Greatest | Rio","1982","23","1982-12-25","1","AMBIGUOUS","70","multiple_albums"
"RVTR034977","Cry","ronnie dove","ronnie dove","Cry | The Best Of Ronnie Dove","1966","9","1966-11-26","1","AMBIGUOUS","70","multiple_albums"
"RVTR035132","She Wolf","shakira","shakira","Live & Off The Record | She Wolf","2004","20","2009-08-01","1","AMBIGUOUS","70","multiple_albums"
"RVTR035359","Something That We Do","clint black","clint black","Greatest Hits II | Nothin' But The Taillights | When I Said I Do","1997","9","1997-12-20","1","AMBIGUOUS","70","multiple_albums"
"RVTR035746","Thinking Of You","katy perry","katy perry","MTV Unplugged (EP) | One Of The Boys","2008","15","2009-01-31","1","AMBIGUOUS","70","multiple_albums"
"RVTR035944","Castles In The Air","don mclean","don mclean","Believers | Tapestry","1972","14","1981-10-31","1","AMBIGUOUS","70","multiple_albums"
"RVTR036235","Crushcrushcrush","paramore","paramore","RIOT! | The Final Riot!","2007","17","2007-12-29","1","AMBIGUOUS","70","multiple_albums"
"RVTR036296","That Was Yesterday","foreigner","foreigner","40: Forty Hits From Forty Years - 1977-2017 | Agent Provocateur","1985","15","1985-03-16","1","AMBIGUOUS","70","multiple_albums"
"RVTR036694","Because Of You","kelly clarkson","kelly clarkson","Breakaway | Greatest Hits: Chapter One","2004","37","2005-09-03","1","AMBIGUOUS","70","multiple_albums"
"RVTR036855","Hello I Love You","The Doors","The Doors","13 | Best Of The Doors | Greatest Hits | The Future Starts Here: The Essential Doors Hits | The Very Best Of The Doors | Waiting For The Sun","1968","12","1968-07-06","1","AMBIGUOUS","70","multiple_albums"
"RVTR037072","I Just Wanna Stop","gino vannelli","gino vannelli","Brother To Brother | The Best Of Gino Vannelli","1978","21","1978-09-09","1","AMBIGUOUS","70","multiple_albums"
"RVTR037139","Let It Be","joan baez","joan baez","Blessed Are ... | Hits/Greatest & Others","1971","8","1971-11-13","1","AMBIGUOUS","70","multiple_albums"
"RVTR037639","Get Down","curtis mayfield","curtis mayfield","Back To The World | Roots","1971","7","1971-11-13","1","AMBIGUOUS","70","multiple_albums"
"RVTR037905","Revolution","The Beatles","The Beatles","Hey Jude | Past Masters | The Beatles 1967-1970 | Tomorrow Never Knows","1970","11","1968-09-14","1","AMBIGUOUS","70","multiple_albums"
"RVTR037915","Girls Girls Girls","jay-z","jay-z","The Blueprint | The Blueprint: Collector's Edition","2001","17","2001-10-13","1","AMBIGUOUS","70","multiple_albums"
"RVTR037956","Hate Me Now","nas","nas","Greatest Hits | I Am...","1999","8","1999-04-24","1","AMBIGUOUS","70","multiple_albums"
"RVTR038768","What'D I Say","rare earth","rare earth","One World | Rare Earth | Rare Earth In Concert","1971","5","1972-04-08","1","AMBIGUOUS","70","multiple_albums"
"RVTR038948","Crazy Keep On Falling","The John Hall Band","The John Hall Band","All Of The Above | Search Party","1981","11","1981-12-26","1","AMBIGUOUS","70","multiple_albums"
"RVTR039249","I Know I'M Losing You","rare earth","rare earth","Ecology | Rare Earth | Rare Earth In Concert","1970","14","1970-08-01","1","AMBIGUOUS","70","multiple_albums"
"RVTR039385","Get Up On It","keith sweat","keith sweat","Get Up On It | Keith Sweat Live","1994","16","1994-10-15","1","AMBIGUOUS","70","multiple_albums"
"RVTR039781","Chattahoochee","alan jackson","alan jackson","16 Biggest Hits | A Lot About Livin' (And A Little 'Bout Love)","1992","20","1993-07-10","1","AMBIGUOUS","70","multiple_albums"
"RVTR039837","November Rain","guns n' roses","guns n' roses","Greatest Hits | Live Era '87 -- '93 | Use Your Illusion I","1991","20","1992-06-27","1","AMBIGUOUS","70","multiple_albums"
"RVTR039924","It Tears Me Up","percy sledge","percy sledge","The Best Of Percy Sledge | Warm & Tender Soul | When A Man Loves A Woman","1966","11","1966-10-22","1","AMBIGUOUS","70","multiple_albums"
"RVTR040121","Everything That Touches You","The Association","The Association","Birthday | Greatest Hits","1968","9","1968-02-03","1","AMBIGUOUS","70","multiple_albums"
"RVTR040159","To Know You Is To Love You","b.b. king","b.b. king","Lucille Talks Back | To Know You Is To Love You","1973","14","1973-08-04","1","AMBIGUOUS","70","multiple_albums"
"RVTR040438","Philly Dog","herbie mann","herbie mann","Our Mann Flute | The Best Of Herbie Mann | The Evolution Of Mann","1966","1","1966-10-01","1","AMBIGUOUS","70","multiple_albums"
"RVTR040762","Just The Way You Are","billy joel","billy joel","Opus Collection | The Stranger","1977","27","1977-11-12","1","AMBIGUOUS","70","multiple_albums"
"RVTR041287","Let It Rain","eric clapton","eric clapton","Complete Clapton | Eric Clapton At His Best","1972","13","1972-09-23","1","AMBIGUOUS","70","multiple_albums"
"RVTR041792","Just Too Many People","melissa manchester","melissa manchester","Greatest Hits | Melissa","1975","12","1975-09-20","1","AMBIGUOUS","70","multiple_albums"
"RVTR042043","Love Her Madly","The Doors","The Doors","Best Of The Doors | Greatest Hits | L.A. Woman | Weird Scenes Inside The Gold Mine","1971","11","1971-04-10","1","AMBIGUOUS","70","multiple_albums"
"RVTR042677","Kid Charlemagne","steely dan","steely dan","Alive In America | Royal Scam | The Definitive Collection","1976","3","1976-07-10","1","AMBIGUOUS","70","multiple_albums"
"RVTR042962","Fantasy","mariah carey","mariah carey","# 1's | Daydream | The Remixes","1995","25","1995-09-30","1","AMBIGUOUS","70","multiple_albums"
"RVTR043378","Mexico","james taylor","james taylor","Gorilla | Greatest Hits | The Best Of James Taylor","1975","8","1975-10-04","1","AMBIGUOUS","70","multiple_albums"
"RVTR043386","Stone Cold","rainbow","rainbow","Finyl Vinyl | Straight Between The Eyes","1982","12","1982-04-24","1","AMBIGUOUS","70","multiple_albums"
"RVTR043732","There Is A Mountain","donovan","donovan","Donovan In Concert | Donovan's Greatest Hits","1968","9","1967-08-12","1","AMBIGUOUS","70","multiple_albums"
"RVTR043925","Harlem Shuffle","The Rolling Stones","The Rolling Stones","Dirty Work | Jump Back: The Best Of The Rolling Stones: '71-'93","1986","13","1986-03-15","1","AMBIGUOUS","70","multiple_albums"
"RVTR043982","The Glory Of Love","The Dells","The Dells","Give Your Baby A Standing Ovation | Love Is Blue","1969","2","1971-02-06","1","AMBIGUOUS","70","multiple_albums"
"RVTR044043","Heart Of Glass","blondie","blondie","Blondie 4(0)-Ever: Greatest Hits Deluxe Redux / Ghosts Of Download | Parallel Lines | The Best Of Blondie","1978","21","1979-02-17","1","AMBIGUOUS","70","multiple_albums"
"RVTR044974","Running","no doubt","no doubt","Rock Steady | The Singles 1992-2003","2001","6","2003-03-29","1","AMBIGUOUS","70","multiple_albums"
"RVTR045079","Her Town Too","james taylor","james taylor","Dad Loves His Work | Greatest Hits Volume 2","1981","14","1981-03-14","1","AMBIGUOUS","70","multiple_albums"
"RVTR045223","Picture","kid rock","kid rock","Cocky | Greatest Hits: You Never Saw Coming","2001","34","2002-11-30","1","AMBIGUOUS","70","multiple_albums"
"RVTR045554","So Fresh So Clean","outkast","outkast","Big Boi & Dre Present... OutKast | Stankonia","2000","20","2001-03-03","1","AMBIGUOUS","70","multiple_albums"
"RVTR045820","Words","The Monkees","The Monkees","Flashback With The Monkees | Pisces, Aquarius, Capricorn, And Jones Ltd.","1967","9","1967-07-22","1","AMBIGUOUS","70","multiple_albums"
"RVTR045989","Borderline","madonna","madonna","Madonna | The Immaculate Collection","1983","30","1984-03-10","1","AMBIGUOUS","70","multiple_albums"
"RVTR045994","Darling Be Home Soon","The Lovin' Spoonful","The Lovin' Spoonful","Best...lovin' Spoonful | You're A Big Boy Now","1967","8","1967-02-11","1","AMBIGUOUS","70","multiple_albums"
"RVTR046208","Middle Of The Road","pretenders","pretenders","Learning To Crawl | The Singles","1984","14","1983-12-17","1","AMBIGUOUS","70","multiple_albums"
"RVTR046627","Beautiful Mess","diamond rio","diamond rio","Completely | Greatest Hits II","2002","20","2002-08-10","1","AMBIGUOUS","70","multiple_albums"
"RVTR046660","Love Me Tonight","tom jones","tom jones","Tom Jones Greatest Hits | Tom Jones' Greatest Hits","1974","11","1969-05-24","1","AMBIGUOUS","70","multiple_albums"
"RVTR046748","Take That To The Bank","shalamar","shalamar","Disco Gardens | Uptown Festival","1977","6","1979-01-13","1","AMBIGUOUS","70","multiple_albums"
"RVTR047047","Real Love","jody watley","jody watley","Larger Than Life | You Wanna Dance With Me?","1989","18","1989-03-18","1","AMBIGUOUS","70","multiple_albums"
"RVTR047214","Just Like A Pill","p!nk","p!nk","Greatest Hits... So Far!!! | M!ssundaztood","2001","20","2002-07-06","1","AMBIGUOUS","70","multiple_albums"
"RVTR047968","Mercy Mercy Mercy","The Buckinghams","The Buckinghams","The Buckinghams' Greatest Hits | Time & Charges","1967","12","1967-06-17","1","AMBIGUOUS","70","multiple_albums"
"RVTR048107","U Understand","juvenile","juvenile","Tha G-Code | The Greatest Hits","2000","6","2000-02-05","1","AMBIGUOUS","70","multiple_albums"
"RVTR048160","Badge","cream","cream","Goodbye | Heavy Cream | Royal Albert Hall: London May 2-3-5-6 2005","1969","5","1969-04-05","1","AMBIGUOUS","70","multiple_albums"
"RVTR048283","Whip It","devo","devo","Devo-live | Freedom Of Choice","1980","25","1980-08-30","1","AMBIGUOUS","70","multiple_albums"
"RVTR048350","Hazard","richard marx","richard marx","Greatest Hits | Rush Street","1991","20","1992-02-15","1","AMBIGUOUS","70","multiple_albums"
"RVTR049252","Standing In The Shadows Of Love","four tops","four tops","Four Tops | Four Tops Reach Out | The Best Of The 4 Tops","1965","10","1966-12-17","1","AMBIGUOUS","70","multiple_albums"
"RVTR049529","Handle With Care","traveling wilburys","traveling wilburys","The Traveling Wilburys Collection | Traveling Wilburys","1988","14","1988-10-29","1","AMBIGUOUS","70","multiple_albums"
"RVTR050401","Don'T Take The Girl","tim mcgraw","tim mcgraw","35 Biggest Hits | Greatest Hits: Limited Edition | Not A Moment Too Soon","1994","20","1994-05-21","1","AMBIGUOUS","70","multiple_albums"
"RVTR050486","Take It Easy","Eagles","Eagles","Selected Works: 1972--1999 | The Very Best Of The Eagles | Their Greatest Hits 1971-1975 | Their Greatest Hits: Volumes 1 & 2","1976","11","1972-06-03","1","AMBIGUOUS","70","multiple_albums"
"RVTR050555","Manic Monday","The Bangles","The Bangles","Different Light | Greatest Hits","1986","20","1986-01-25","1","AMBIGUOUS","70","multiple_albums"
"RVTR050665","Tequila Makes Her Clothes Fall Off","joe nichols","joe nichols","Greatest Hits | III","2005","19","2005-10-15","1","AMBIGUOUS","70","multiple_albums"
"RVTR051701","Taxi","harry chapin","harry chapin","Greatest Stories Live | Heads & Tales","1972","16","1972-03-11","1","AMBIGUOUS","70","multiple_albums"
"RVTR052219","Dirt Off Your Shoulder","jay-z","jay-z","The Black Album | The Black Album: Acappella","2003","26","2004-01-24","1","AMBIGUOUS","70","multiple_albums"
"RVTR053477","A Sign Of The Times","petula clark","petula clark","My Love | Petula Clark's Greatest Hits, Vol. 1","1966","8","1966-03-26","1","AMBIGUOUS","70","multiple_albums"
"RVTR053613","Drive","incubus","incubus","HQ Live | Make Yourself | Monuments And Melodies","1999","39","2001-02-17","1","AMBIGUOUS","70","multiple_albums"
"RVTR053883","Save A Prayer","duran duran","duran duran","Arena | Decade | Rio","1982","14","1985-02-02","1","AMBIGUOUS","70","multiple_albums"
"RVTR053914","The Longest Time","billy joel","billy joel","A Matter Of Trust: The Bridge to Russia: The Concert | An Innocent Man","1983","18","1984-03-24","1","AMBIGUOUS","70","multiple_albums"
"RVTR054470","Private Dancer","tina turner","tina turner","All The Best | Private Dancer | Simply The Best | Tina Live | Tina Live In Europe | Tina!","1984","18","1985-01-19","1","AMBIGUOUS","70","multiple_albums"
"RVTR054495","Red Roses For A Blue Lady","wayne newton","wayne newton","Red Roses For A Blue Lady | The Best Of Wayne Newton","1965","9","1965-02-27","1","AMBIGUOUS","70","multiple_albums"
"RVTR055169","You'Re All I Need To Get By","marvin gaye","marvin gaye","Every Great Hit Of Marvin Gaye | Gold | Marvin Gaye Anthology | The Very Best Of Marvin Gaye","1974","12","1968-07-27","1","AMBIGUOUS","70","multiple_albums"
"RVTR055593","Rockin' Robin","michael jackson","michael jackson","The Best Of Michael Jackson: 20th Century Masters The Millenium Collection | The Definitive Collection","1975","13","1972-03-11","1","AMBIGUOUS","70","multiple_albums"
"RVTR056057","Lyin' Eyes","Eagles","Eagles","Selected Works: 1972--1999 | The Very Best Of The Eagles","2000","14","1975-09-13","1","AMBIGUOUS","70","multiple_albums"
"RVTR056755","Between You And Me","dc talk","dc talk","Intermission: The Greatest Hits | Jesus Freak","1995","19","1996-11-16","1","AMBIGUOUS","70","multiple_albums"
"RVTR056894","New Orleans","neil diamond","neil diamond","Double Gold | Neil Diamond's Greatest Hits | The Feel Of Neil Diamond","1966","6","1968-01-06","1","AMBIGUOUS","70","multiple_albums"
"RVTR056914","This Is For The Lover In You","babyface","babyface","A Collection Of His Greatest Hits | The Day","1996","20","1996-10-26","1","AMBIGUOUS","70","multiple_albums"
"RVTR056933","Friendship Train","gladys knight and the pips","gladys knight and the pips","Best Of Gladys Knight & The Pips | Nitty Gritty","1969","14","1969-10-25","1","AMBIGUOUS","70","multiple_albums"
"RVTR056947","Welcome To The Black Parade","my chemical romance","my chemical romance","May Death Never Stop You: The Greatest Hits 2001-2013 | The Black Parade | The Black Parade Is Dead!","2006","26","2006-09-30","1","AMBIGUOUS","70","multiple_albums"
"RVTR057419","Home","daughtry","daughtry","Daughtry | It's Not Over... The Hits So Far","2006","37","2007-03-17","1","AMBIGUOUS","70","multiple_albums"
"RVTR058384","Shilo","neil diamond","neil diamond","50th Anniversary Collection | Classics The Early Years | Hot August Night III: Recorded Live At The Greek Theatre, Los Angeles | Just For You | Shilo","1967","14","1970-02-07","1","AMBIGUOUS","70","multiple_albums"
"RVTR058537","Everybody Needs Somebody To Love","wilson pickett","wilson pickett","The Best Of Wilson Pickett | The Best Of Wilson Pickett, Vol. II | The Wicked Pickett | Wilson Pickett's Greatest Hits","1967","7","1967-02-04","1","AMBIGUOUS","70","multiple_albums"
"RVTR058663","Hummingbird","b.b. king","b.b. king","Friends | Indianola Mississippi Seeds | The Complete Collection","1970","7","1970-07-25","1","AMBIGUOUS","70","multiple_albums"
"RVTR058876","Ain'T No Mountain High Enough","marvin gaye","marvin gaye","Gold | Marvin Gaye Anthology | The Very Best Of Marvin Gaye","1974","12","1967-05-13","1","AMBIGUOUS","70","multiple_albums"
"RVTR059015","Looking Back","nat king cole","nat king cole","Looking Back | The World Of Nat King Cole","1965","1","1958-08-11","1","AMBIGUOUS","70","multiple_albums"
"RVTR059176","Brokenheartsville","joe nichols","joe nichols","Greatest Hits | Man With A Memory","2002","20","2003-01-25","1","AMBIGUOUS","70","multiple_albums"
"RVTR059196","Breakdown","tom petty and the heartbreakers","tom petty and the heartbreakers","Anthology: Through The Years | Greatest Hits | Pack Up The Plantation: Live! | The Live Anthology | Tom Petty + The Heartbreakers","1977","17","1977-11-05","1","AMBIGUOUS","70","multiple_albums"
"RVTR059231","Delirious","prince","prince","1999 | The Hits 2 | The Hits/The B-Sides | Ultimate","1982","18","1983-09-03","1","AMBIGUOUS","70","multiple_albums"
"RVTR059570","You Should Hear How She Talks About You","melissa manchester","melissa manchester","Greatest Hits | Hey Ricky","1982","25","1982-05-22","1","AMBIGUOUS","70","multiple_albums"
"RVTR059815","Prove It All Night","bruce springsteen","bruce springsteen","Darkness On The Edge Of Town | The Promise: The Darkness On The Edge Of Town Story","1978","9","1978-06-10","1","AMBIGUOUS","70","multiple_albums"
"RVTR059874","Late In The Evening","paul simon","paul simon","Negotiations And Love Songs (1971-1986) | One Trick Pony | Songwriter | The Essential Paul Simon | The Paul Simon Collection: On My Way, Don't Know Where I'm Goin' | This Better Be Good","1980","16","1980-08-09","1","AMBIGUOUS","70","multiple_albums"
"RVTR059927","Almost In Love","elvis presley","elvis presley","Almost In Love | Love, Elvis","1970","2","1968-09-28","1","AMBIGUOUS","70","multiple_albums"
"RVTR060505","This Little Bird","marianne faithfull","marianne faithfull","Marianne Faithfull | Marianne Faithfull's Greatest Hits","1965","8","1965-06-05","1","AMBIGUOUS","70","multiple_albums"
"RVTR061293","Dandelion","The Rolling Stones","The Rolling Stones","Singles Collection - The London Years | Through The Past, Darkly (Big Hits Vol. 2)","1969","8","1967-09-09","1","AMBIGUOUS","70","multiple_albums"
"RVTR061347","We Just Disagree","dave mason","dave mason","Let It Flow | The Best Of Dave Mason","1974","19","1977-09-03","1","AMBIGUOUS","70","multiple_albums"
"RVTR062006","Holding Back The Years","simply red","simply red","Greatest Hits | Picture Book","1986","23","1986-04-05","1","AMBIGUOUS","70","multiple_albums"
"RVTR062645","If","bread","bread","Manna | The Best Of Bread","1971","12","1971-03-27","1","AMBIGUOUS","70","multiple_albums"
"RVTR063015","These Arms Of Mine","otis redding","otis redding","History Of Otis Redding | King & Queen | Otis Redding In Person At The Whisky A Go Go | Otis Redding Live In Europe | Pain In My Heart | Pure Southern Soul: Otis Redding | The Very Best Of Otis Redding","1964","3","1963-05-25","1","AMBIGUOUS","70","multiple_albums"
"RVTR063120","I Could Not Ask For More","sara evans","sara evans","Born To Fly | Greatest Hits","2000","20","2001-04-21","1","AMBIGUOUS","70","multiple_albums"
"RVTR063240","Honky Tonk Women","The Rolling Stones","The Rolling Stones","'Get Yer Ya-Ya's Out!' | From The Vault: Hampton Coliseum (Live In 1981) | Hyde Park Live | Live Licks | Love You Live | Singles Collection - The London Years","1970","15","1969-07-19","1","AMBIGUOUS","70","multiple_albums"
"RVTR063550","The Moment","kenny g","kenny g","Kenny G Greatest Hits | The Moment","1996","14","1996-11-16","1","AMBIGUOUS","70","multiple_albums"
"RVTR063960","You Wear It Well","rod stewart","rod stewart","Best Rod Stewart | Never A Dull Moment | Sing It Again Rod | Storyteller/Complete Anthology: 1964-1990 | The Definitive Rod Stewart | The Very Best Of Rod Stewart","1972","10","1972-08-26","1","AMBIGUOUS","70","multiple_albums"
"RVTR064039","The Things We Do For Love","10cc","10cc","Deceptive Bends | Greatest Hits 1972-1978 | Live + Let Live","1977","19","1977-01-08","1","AMBIGUOUS","70","multiple_albums"
"RVTR064157","In My Room","The Beach Boys","The Beach Boys","Classics Selected By Brian Wilson | Endless Summer | Surfer Girl | The Best Of The Beach Boys | The Greatest Hits Volume 2: 20 More Good Vibrations","1963","11","1963-11-02","1","AMBIGUOUS","70","multiple_albums"
"RVTR064159","Stay Faraway So Close","u2","u2","The Best Of 1990-2000 | The Best Of 1990-2000 & B-Sides | Zooropa","1993","13","1993-12-18","1","AMBIGUOUS","70","multiple_albums"
"RVTR064395","Honkytonk U","toby keith","toby keith","Honkytonk University | Toby Keith","1993","12","2005-02-26","1","AMBIGUOUS","70","multiple_albums"
"RVTR064435","Karma","alicia keys","alicia keys","The Diary Of Alicia Keys | Unplugged","2003","29","2004-11-27","1","AMBIGUOUS","70","multiple_albums"
"RVTR064711","Spice Of Life","The Manhattan Transfer","The Manhattan Transfer","Bodies And Souls | The Very Best Of The Manhattan Transfer","1983","13","1983-09-10","1","AMBIGUOUS","70","multiple_albums"
"RVTR064837","A Fool Never Learns","andy williams","andy williams","Andy Williams' Newest Hits | The Wonderful World Of Andy Williams","1964","10","1964-01-11","1","AMBIGUOUS","70","multiple_albums"
"RVTR064862","Nasty","janet jackson","janet jackson","Control | Design Of A Decade 1986/1996","1986","19","1986-05-17","1","AMBIGUOUS","70","multiple_albums"
"RVTR064914","Work To Do","The Isley Brothers","The Isley Brothers","Brother, Brother, Brother | The Isleys Live","1972","8","1972-10-28","1","AMBIGUOUS","70","multiple_albums"
"RVTR064965","The Truth About Men","tracy byrd","tracy byrd","Greatest Hits | The Truth About Men","2003","5","2003-07-05","1","AMBIGUOUS","70","multiple_albums"
"RVTR065572","Fast As You","dwight yoakam","dwight yoakam","Last Chance For A Thousand Years: Greatest Hits From The 90's | This Time","1993","10","1993-12-11","1","AMBIGUOUS","70","multiple_albums"
"RVTR065786","The Second Time Around","frank sinatra","frank sinatra","A Man And His Music | Sinatra's Sinatra","1963","7","1961-03-04","1","AMBIGUOUS","70","multiple_albums"
"RVTR066071","Heartache Tonight","Eagles","Eagles","Eagles Live | Greatest Hits: Volume 2 | Selected Works: 1972--1999 | The Long Run","1979","15","1979-10-06","1","AMBIGUOUS","70","multiple_albums"
"RVTR066825","Still In Saigon","The Charlie Daniels Band","The Charlie Daniels Band","A Decade Of Hits | Windows","1982","12","1982-03-27","1","AMBIGUOUS","70","multiple_albums"
"RVTR067099","Cheatin'","sara evans","sara evans","Greatest Hits | Real Fine Place","2005","12","2006-01-28","1","AMBIGUOUS","70","multiple_albums"
"RVTR067153","Photograph","def leppard","def leppard","Pyromania | Rock Of Ages: The Definitive Collection | Vault: Greatest Hits 1980-1995","1983","17","1983-03-12","1","AMBIGUOUS","70","multiple_albums"
"RVTR067365","2 Become 1","spice girls","spice girls","Greatest Hits | Spice","1997","24","1997-08-16","1","AMBIGUOUS","70","multiple_albums"
"RVTR067424","Better Love Next Time","dr. hook","dr. hook","Dr. Hook & The Medicine Show | Sometimes You Win","1972","19","1979-10-13","1","AMBIGUOUS","70","multiple_albums"
"RVTR067791","Play With Fire","The Rolling Stones","The Rolling Stones","Hot Rocks 1964-1971 | Singles Collection - The London Years","1972","1","1965-05-22","1","AMBIGUOUS","70","multiple_albums"
"RVTR068302","Take A Look","aretha franklin","aretha franklin","Soul Sister | Take A Look","1966","8","1967-09-02","1","AMBIGUOUS","70","multiple_albums"
"RVTR068351","What Kind Of Man Would I Be","chicago","chicago","Chicago 19 | The Very Best Of Chicago: Only The Beginning","1988","18","1989-12-02","1","AMBIGUOUS","70","multiple_albums"
"RVTR068454","50 Ways To Leave Your Lover","paul simon","paul simon","Live In New York City | Negotiations And Love Songs (1971-1986) | Still Crazy After All These Years | The Essential Paul Simon | The Paul Simon Collection: On My Way, Don't Know Where I'm Goin'","1975","17","1975-12-20","1","AMBIGUOUS","70","multiple_albums"
"RVTR068558","White Lightning","george jones","george jones","50 Years Of Hits | Super Hits | The Essential George Jones","2004","5","1959-05-02","1","AMBIGUOUS","70","multiple_albums"
"RVTR068648","What A Catch Donnie","fall out boy","fall out boy","Believers Never Die: Greatest Hits | Folie A Deux","2009","1","2008-11-01","1","AMBIGUOUS","70","multiple_albums"
"RVTR068754","Sir Duke","stevie wonder","stevie wonder","Songs In The Key Of Life | Stevie Wonder's Original Musiquarium I","1976","17","1977-04-02","1","AMBIGUOUS","70","multiple_albums"
"RVTR068794","Should'Ve Been A Cowboy","toby keith","toby keith","Greatest Hits Volume One | Toby Keith","1993","2","1993-06-26","1","AMBIGUOUS","70","multiple_albums"
"RVTR069405","Like The Weather","10,000 maniacs","10,000 maniacs","In My Tribe | MTV Unplugged","1987","8","1988-05-07","1","AMBIGUOUS","70","multiple_albums"
"RVTR069435","Out Of Time","The Rolling Stones","The Rolling Stones","Flowers | Metamorphosis | More Hot Rocks (Big Hits & Fazed Cookies)","1967","3","1975-08-23","1","AMBIGUOUS","70","multiple_albums"
"RVTR070874","Fire And Water","wilson pickett","wilson pickett","Don't Knock My Love | The Best Of Wilson Pickett, Vol. II","1971","11","1971-12-25","1","AMBIGUOUS","70","multiple_albums"
"RVTR070984","Ventura Highway","america","america","History/America's Greatest Hits | Homecoming | The Complete Greatest Hits","1972","12","1972-10-21","1","AMBIGUOUS","70","multiple_albums"
"RVTR071032","Every Teardrop Is A Waterfall","coldplay","coldplay","Live In Buenos Aires | Mylo Xyloto","2011","18","2011-06-18","1","AMBIGUOUS","70","multiple_albums"
"RVTR071042","Be Like That","3 doors down","3 doors down","The Better Life | The Greatest Hits","2000","21","2001-07-28","1","AMBIGUOUS","70","multiple_albums"
"RVTR071145","Here I Am","dionne warwick","dionne warwick","Dionne Warwick's Greatest Motion Picture Hits | Here I Am","1966","8","1965-07-03","1","AMBIGUOUS","70","multiple_albums"
"RVTR071220","That'S The Way I'Ve Always Heard It Should Be","carly simon","carly simon","Best Of Carly Simon | Reflections: Carly Simon's Greatest Hits","1975","17","1971-04-17","1","AMBIGUOUS","70","multiple_albums"
"RVTR071251","Draw The Line","aerosmith","aerosmith","Aerosmith's Greatest Hits | Draw The Line | O, Yeah! Ultimate Aerosmith Hits","1977","11","1977-10-22","1","AMBIGUOUS","70","multiple_albums"
"RVTR071426","Solitaire","carpenters","carpenters","Horizon | Love Songs","1975","10","1975-08-02","1","AMBIGUOUS","70","multiple_albums"
"RVTR071605","Sweet Pea","tommy roe","tommy roe","Dizzy | Sweet Pea","1966","14","1966-06-11","1","AMBIGUOUS","70","multiple_albums"
"RVTR072136","Honky Cat","elton john","elton john","Greatest Hits | Here And There | Honky Chateau","1972","10","1972-08-12","1","AMBIGUOUS","70","multiple_albums"
"RVTR072162","Hey Love","stevie wonder","stevie wonder","Greatest Hits | The Definitive Collection","1968","6","1967-04-22","1","AMBIGUOUS","70","multiple_albums"
"RVTR072223","Out Of Left Field","percy sledge","percy sledge","Take Time To Know Her | The Best Of Percy Sledge","1968","7","1967-04-08","1","AMBIGUOUS","70","multiple_albums"
"RVTR072227","Get It While You Can","janis joplin","janis joplin","Janis | Janis Joplin's Greatest Hits | Pearl","1971","2","1971-09-11","1","AMBIGUOUS","70","multiple_albums"
"RVTR072237","Neither One Of Us Wants To Be The First To Say Goodbye","gladys knight and the pips","gladys knight and the pips","Best Of Gladys Knight & The Pips | Gladys Knight & The Pips Greatest Hits | Neither One Of Us","1970","16","1973-01-27","1","AMBIGUOUS","70","multiple_albums"
"RVTR072314","Song For The Lonely","cher","cher","Live: The Farewell Tour | Living Proof","2002","6","2002-04-06","1","AMBIGUOUS","70","multiple_albums"
"RVTR072581","Feels Like Heaven","peter cetera","peter cetera","World Falling Down | You're The Inspiration: A Collection","1992","8","1993-01-23","1","AMBIGUOUS","70","multiple_albums"
"RVTR072894","Gone Crazy","alan jackson","alan jackson","Greatest Hits Volume II | High Mileage | Songs Of Love And Heartache","1998","13","1999-03-13","1","AMBIGUOUS","70","multiple_albums"
"RVTR073042","Come A Little Closer","dierks bentley","dierks bentley","Greatest Hits // Every Mile A Memory 2003-2008 | Modern Day Drifter","2005","20","2005-09-24","1","AMBIGUOUS","70","multiple_albums"
"RVTR073245","Love The World Away","kenny rogers","kenny rogers","Greatest Hits | Kenny Rogers' Greatest Hits","1971","12","1980-06-21","1","AMBIGUOUS","70","multiple_albums"
"RVTR073317","Ticket To Ride","carpenters","carpenters","Singles: 1969-1981 | Ticket To Ride | Yesterday Once More","1971","12","1970-02-14","1","AMBIGUOUS","70","multiple_albums"
"RVTR073323","Anyone For Tennis","cream","cream","Best Of Cream | Wheels Of Fire","1968","5","1968-05-11","1","AMBIGUOUS","70","multiple_albums"
"RVTR074066","Hungry Heart","bruce springsteen","bruce springsteen","Greatest Hits | The River","1980","18","1980-11-08","1","AMBIGUOUS","70","multiple_albums"
"RVTR074223","Mother And Child Reunion","paul simon","paul simon","Live In New York City | Negotiations And Love Songs (1971-1986) | Paul Simon | Paul Simon In Concert/Live Rhymin' | Songwriter | The Essential Paul Simon | The Paul Simon Collection: On My Way, Don't Know Where I'm Goin' | This Better Be Good","1972","13","1972-02-05","1","AMBIGUOUS","70","multiple_albums"
"RVTR074295","I Missed Again","phil collins","phil collins","Face Value | The Singles","1981","16","1981-03-21","1","AMBIGUOUS","70","multiple_albums"
"RVTR074671","Round Every Corner","petula clark","petula clark","I Couldn't Live Without Your Love | Petula Clark's Greatest Hits, Vol. 1","1966","8","1965-10-09","1","AMBIGUOUS","70","multiple_albums"
"RVTR074734","Ma Ana","jimmy buffett","jimmy buffett","Boats Beaches Bars & Ballads | Son Of A Son Of A Sailor","1978","6","1978-12-02","1","AMBIGUOUS","70","multiple_albums"
"RVTR075169","Missing You Now","michael bolton","michael bolton","Greatest Hits 1985-1995 | Michael Bolton | Time, Love And Tenderness","1983","20","1992-01-25","1","AMBIGUOUS","70","multiple_albums"
"RVTR075271","Dim All The Lights","donna summer","donna summer","Bad Girls | Donna Summer | Endless Summer: Donna Summer's Greatest Hits | VH1 Presents Live & More Encore!","1979","21","1979-08-25","1","AMBIGUOUS","70","multiple_albums"
"RVTR075964","Half The Way","crystal gayle","crystal gayle","Crystal Gayle's Greatest Hits | Miss The Mississippi","1979","16","1979-09-29","1","AMBIGUOUS","70","multiple_albums"
"RVTR076191","Kansas City Star","roger miller","roger miller","Golden Hits | Roger Miller | The 3rd Time Around","1965","7","1965-09-11","1","AMBIGUOUS","70","multiple_albums"
"RVTR076573","I Feel Fine","The Beatles","The Beatles","1 | 20 Greatest Hits | Beatles '65 | Past Masters | The Beatles 1962-1966","1965","11","1964-12-05","1","AMBIGUOUS","70","multiple_albums"
"RVTR076658","Our Love Don'T Throw It All Away","andy gibb","andy gibb","Andy Gibb's Greatest Hits | Shadow Dancing","1978","18","1978-10-14","1","AMBIGUOUS","70","multiple_albums"
"RVTR076964","Breakdown Dead Ahead","boz scaggs","boz scaggs","Hits | Middle Man","1980","14","1980-03-29","1","AMBIGUOUS","70","multiple_albums"
"RVTR077451","Take Me Back To Chicago","chicago","chicago","Chicago XI | The Very Best Of Chicago: Only The Beginning","1977","5","1978-05-20","1","AMBIGUOUS","70","multiple_albums"
"RVTR077678","Only The Strong Survive","jerry butler","jerry butler","The Best Of Jerry Butler | The Ice Man Cometh","1969","13","1969-03-01","1","AMBIGUOUS","70","multiple_albums"
"RVTR077998","Another Day In Paradise","phil collins","phil collins","...But Seriously | ...Hits | Serious Hits...Live!","1989","18","1989-11-04","1","AMBIGUOUS","70","multiple_albums"
"RVTR078059","Sooner Or Later","The Grass Roots","The Grass Roots","Let's Live For Today | Their 16 Greatest Hits","1967","11","1971-06-05","1","AMBIGUOUS","70","multiple_albums"
"RVTR078156","My Special Angel","The Vogues","The Vogues","The Vogues' Greatest Hits | Turn Around, Look At Me","1968","10","1968-09-07","1","AMBIGUOUS","70","multiple_albums"
"RVTR078470","Jesus Is Just Alright","The Doobie Brothers","The Doobie Brothers","Best Of The Doobies | The Doobie Brothers Farewell Tour | Toulouse Street","1972","11","1972-12-16","1","AMBIGUOUS","70","multiple_albums"
"RVTR078705","Boogie Down","eddie kendricks","eddie kendricks","Boogie Down! | Eddie Kendricks","1973","18","1974-01-05","1","AMBIGUOUS","70","multiple_albums"
"RVTR078741","Fool 1","brenda lee","brenda lee","10 Golden Years | The Best Of Brenda Lee: 20th Century Masters The Christmas Collection","1966","15","1961-09-30","1","AMBIGUOUS","70","multiple_albums"
"RVTR079575","Some Days You Gotta Dance","dixie chicks","dixie chicks","Fly | Top Of The World Tour Live","1999","19","2002-01-19","1","AMBIGUOUS","70","multiple_albums"
"RVTR079746","Soul Provider","michael bolton","michael bolton","Greatest Hits 1985-1995 | Michael Bolton | Soul Provider","1983","17","1989-07-01","1","AMBIGUOUS","70","multiple_albums"
"RVTR079861","Fallen","sarah mclachlan","sarah mclachlan","Afterglow | Afterglow Live","2003","21","2003-10-25","1","AMBIGUOUS","70","multiple_albums"
"RVTR079928","Cowboys Like Us","george strait","george strait","22 More Hits | Honkytonkville | The Cowboy Rides Away: Live From AT&T Stadium","2003","19","2003-10-04","1","AMBIGUOUS","70","multiple_albums"
"RVTR080011","I Believe In You You Believe In Me","johnnie taylor","johnnie taylor","Johnnie Taylor's Greatest Hits | Taylored In Silk","1970","16","1973-06-23","1","AMBIGUOUS","70","multiple_albums"
"RVTR080136","Holiday","bee gees","bee gees","Bee Gees' 1st | Best Of Bee Gees | Their Greatest Hits--The Record","1967","9","1967-09-30","1","AMBIGUOUS","70","multiple_albums"
"RVTR080478","Little Green Apples","o.c. smith","o.c. smith","Hickory Holler Revisited | O.C. Smith's Greatest Hits","1968","17","1968-08-17","1","AMBIGUOUS","70","multiple_albums"
"RVTR080565","Freddie Feelgood And His Funky Little Five Piece Band","ray stevens","ray stevens","Boogity Boogity | Gitarzan","1969","2","1966-07-16","1","AMBIGUOUS","70","multiple_albums"
"RVTR080692","Move Over","steppenwolf","steppenwolf","16 Greatest Hits | Monster","1969","9","1969-08-16","1","AMBIGUOUS","70","multiple_albums"
"RVTR080991","Easy","commodores","commodores","All The Greatest Hits | Commodores | Commodores Anthology | Commodores Live! | The Best Of The Commodores: 20th Century Masters...","1977","22","1977-06-04","1","AMBIGUOUS","70","multiple_albums"
"RVTR081116","Rapture","blondie","blondie","Autoamerican | Blondie 4(0)-Ever: Greatest Hits Deluxe Redux / Ghosts Of Download | The Best Of Blondie","1980","20","1981-01-31","1","AMBIGUOUS","70","multiple_albums"
"RVTR081362","Summer Wind","frank sinatra","frank sinatra","Duets | Nothing But The Best | Strangers In Night","1966","7","1966-09-03","1","AMBIGUOUS","70","multiple_albums"
"RVTR081378","Lonely Boy","paul anka","paul anka","Anka | Paul Anka's 21 Golden Hits","1963","15","1959-05-30","1","AMBIGUOUS","70","multiple_albums"
"RVTR081533","The Obvious Child","paul simon","paul simon","Live In New York City | Paul Simon's Concert In The Park | Rhythm Of The Saints","1990","5","1990-12-15","1","AMBIGUOUS","70","multiple_albums"
"RVTR082065","One Thing Leads To Another","The Fixx","The Fixx","Reach The Beach | React","1983","19","1983-08-27","1","AMBIGUOUS","70","multiple_albums"
"RVTR082239","I Need You","The Pointer Sisters","The Pointer Sisters","Break Out | The Best Of The Pointer Sisters","1976","15","1983-10-08","1","AMBIGUOUS","70","multiple_albums"
"RVTR082306","Giving You The Best That I Got","anita baker","anita baker","Giving You The Best That I Got | The Best Of Anita Baker","1988","22","1988-09-24","1","AMBIGUOUS","70","multiple_albums"
"RVTR082557","I'Ve Gotta Get A Message To You","bee gees","bee gees","Number Ones | Timeless: The All-Time Greatest Hits","2004","13","1968-08-17","1","AMBIGUOUS","70","multiple_albums"
"RVTR082559","Addicted","simple plan","simple plan","No Pads, No Helmets...Just Balls | Simple Plan","2002","19","2003-06-28","1","AMBIGUOUS","70","multiple_albums"
"RVTR082979","Be Still My Beating Heart","sting","sting",". . .Nothing Like The Sun | Fields Of Gold - Best Of Sting 1984-1994","1987","14","1988-01-16","1","AMBIGUOUS","70","multiple_albums"
"RVTR083288","The Big Money","rush","rush","A Show Of Hands | Chronicles | Clockwork Angels Tour | Power Windows | Rush In Rio","1985","14","1985-11-09","1","AMBIGUOUS","70","multiple_albums"
"RVTR083612","Land Of 1000 Dances","wilson pickett","wilson pickett","The Best Of Wilson Pickett, Vol. II | The Exciting Wilson Pickett | Wilson Pickett's Greatest Hits","1966","11","1966-07-30","1","AMBIGUOUS","70","multiple_albums"
"RVTR084106","Maria Maria","santana","santana","Supernatural | Ultimate Santana","1999","26","2000-02-12","1","AMBIGUOUS","70","multiple_albums"
"RVTR084274","Gots Ta Be","b2k","b2k","B2K | Pandemonium!","2002","18","2002-04-27","1","AMBIGUOUS","70","multiple_albums"
"RVTR084277","Midnight Rendezvous","The Babys","The Babys","Anthology | Union Jacks","1980","4","1980-05-03","1","AMBIGUOUS","70","multiple_albums"
"RVTR084819","At Seventeen","janis ian","janis ian","Between The Lines | Janis Ian (II)","1975","20","1975-06-14","1","AMBIGUOUS","70","multiple_albums"
"RVTR084915","The Tip Of My Fingers","eddy arnold","eddy arnold","Somebody Like Me | The Best Of Eddy Arnold, Volume II","1966","7","1966-07-23","1","AMBIGUOUS","70","multiple_albums"
"RVTR085325","Born To Fly","sara evans","sara evans","Born To Fly | Greatest Hits","2000","20","2000-10-21","1","AMBIGUOUS","70","multiple_albums"
"RVTR085585","Honey Come Back","glen campbell","glen campbell","Glen Campbell's Greatest Hits | Try A Little Kindness","1970","9","1970-01-17","1","AMBIGUOUS","70","multiple_albums"
"RVTR085597","I Need Love","ll cool j","ll cool j","All World | Bigger And Deffer","1987","13","1987-08-01","1","AMBIGUOUS","70","multiple_albums"
"RVTR086269","He Loves Me All The Way","tammy wynette","tammy wynette","Tammy's Greatest Hits, Volume II | Tammy's Touch","1970","2","1970-06-13","1","AMBIGUOUS","70","multiple_albums"
"RVTR086340","Sultans Of Swing","dire straits","dire straits","Dire Straits | Money For Nothing","1979","15","1979-02-10","1","AMBIGUOUS","70","multiple_albums"
"RVTR086637","I'M So Happy I Can'T Stop Crying","toby keith","toby keith","Greatest Hits Volume One | Toby Keith","1993","5","1997-12-06","1","AMBIGUOUS","70","multiple_albums"
"RVTR086641","Inside My Love","minnie riperton","minnie riperton","Adventures In Paradise | Minnie","1975","4","1975-08-09","1","AMBIGUOUS","70","multiple_albums"
"RVTR086838","Paperback Writer","The Beatles","The Beatles","Hey Jude | Past Masters | The Beatles 1962-1966 | Tomorrow Never Knows","1970","10","1966-06-11","1","AMBIGUOUS","70","multiple_albums"
"RVTR087804","Bumble Bee","The Searchers","The Searchers","The New Searchers LP | The Searchers","1965","8","1965-03-20","1","AMBIGUOUS","70","multiple_albums"
"RVTR088183","Objection Tango","shakira","shakira","Laundry Service | Laundry Service : Washed And Dried","2001","9","2002-09-07","1","AMBIGUOUS","70","multiple_albums"
"RVTR088222","I Wanna Talk About Me","toby keith","toby keith","Greatest Hits 2 | Pull My Chain | Toby Keith","1993","20","2001-10-13","1","AMBIGUOUS","70","multiple_albums"
"RVTR088449","Hello","lionel richie","lionel richie","Back To Front | Can't Slow Down | The Best Of Lionel Richie: 20th Century Masters The Millennium Collection | The Definitive Collection | Tuskegee","1983","24","1984-02-25","1","AMBIGUOUS","70","multiple_albums"
"RVTR089415","Waiting For A Girl Like You","foreigner","foreigner","4 | 40: Forty Hits From Forty Years - 1977-2017 | Feels Like The First Time | Juke Box Heroes | Records | The Best Of Foreigner 4 & More | The Very Best And Beyond","1981","23","1981-10-10","1","AMBIGUOUS","70","multiple_albums"
"RVTR089425","A Million Miles Away","The Plimsouls","The Plimsouls","Everywhere At Once | The Plimsouls","1981","3","1983-07-30","1","AMBIGUOUS","70","multiple_albums"
"RVTR090283","The Ghost In You","psychedelic furs","psychedelic furs","All Of This And Nothing | Mirror Moves","1984","9","1984-05-12","1","AMBIGUOUS","70","multiple_albums"
"RVTR090355","Tattoo","van halen","van halen","A Different Kind Of Truth | Tokyo Dome Live In Concert","2012","1","2012-01-28","1","AMBIGUOUS","70","multiple_albums"
"RVTR090483","Nowhere Man","The Beatles","The Beatles","The Beatles 1962-1966 | Yesterday And Today","1966","9","1966-03-05","1","AMBIGUOUS","70","multiple_albums"
"RVTR090743","Take Care Of Your Homework","johnnie taylor","johnnie taylor","Johnnie Taylor's Greatest Hits | Who's Making Love...","1969","9","1969-01-18","1","AMBIGUOUS","70","multiple_albums"
"RVTR091441","Take It Off","Ke$ha","Ke$ha","Animal | I Am The Dance Commander + I Command You To Dance","2010","20","2010-01-23","1","AMBIGUOUS","70","multiple_albums"
"RVTR091518","I Just Want To Be Your Everything","andy gibb","andy gibb","Andy Gibb's Greatest Hits | Flowing Rivers","1977","31","1977-04-23","1","AMBIGUOUS","70","multiple_albums"
"RVTR091586","Lost","michael buble","michael buble","Call Me Irresponsible | Michael Buble Meets Madison Square Garden","2007","1","2008-04-19","1","AMBIGUOUS","70","multiple_albums"
"RVTR091824","So Small","carrie underwood","carrie underwood","Carnival Ride | Greatest Hits: Decade #1","2007","20","2007-09-01","1","AMBIGUOUS","70","multiple_albums"
"RVTR091942","Roni","bobby brown","bobby brown","Dance!...Ya Know It! | Don't Be Cruel","1988","17","1989-01-07","1","AMBIGUOUS","70","multiple_albums"
"RVTR092353","Head Over Heels","go-go's","go-go's","Go-Go's Greatest | Talk Show","1984","16","1984-03-17","1","AMBIGUOUS","70","multiple_albums"
"RVTR092718","Take Me","grand funk railroad","grand funk railroad","Born To Die | Grand Funk Hits","1976","5","1976-01-24","1","AMBIGUOUS","70","multiple_albums"
"RVTR092748","A Letter To Myself","The Chi-lites","The Chi-lites","A Letter To Myself | Chi-Lites | The Chi-Lites Greatest Hits","1972","11","1973-02-10","1","AMBIGUOUS","70","multiple_albums"
"RVTR093348","The Wanderer","dion","dion","Dion's Greatest Hits | Sanctuary","1972","19","1961-12-02","1","AMBIGUOUS","70","multiple_albums"
"RVTR093383","Head Games","foreigner","foreigner","40: Forty Hits From Forty Years - 1977-2017 | Complete Greatest Hits | Extended Versions | Feels Like The First Time | Head Games | Juke Box Heroes | No End In Sight: The Very Best Of Foreigner | Records | The Very Best And Beyond","1979","14","1979-11-10","1","AMBIGUOUS","70","multiple_albums"
"RVTR093927","Every Morning","sugar ray","sugar ray","14:59 | The Best Of Sugar Ray","1999","31","1999-01-09","1","AMBIGUOUS","70","multiple_albums"
"RVTR094132","I Like It I Love It","tim mcgraw","tim mcgraw","35 Biggest Hits | All I Want | Greatest Hits: Limited Edition | Number One Hits","1995","20","1995-08-26","1","AMBIGUOUS","70","multiple_albums"
"RVTR094219","One More Day","diamond rio","diamond rio","Greatest Hits II | One More Day","2001","20","2001-01-20","1","AMBIGUOUS","70","multiple_albums"
"RVTR094667","Daughter Of Darkness","tom jones","tom jones","I (Who Have Nothing) | Tom Jones Greatest Hits | Tom Jones' Greatest Hits","1970","9","1970-05-02","1","AMBIGUOUS","70","multiple_albums"
"RVTR095398","Shapes Of Things","The Yardbirds","The Yardbirds","For Your Love | The Yardbirds/Featuring Performances By Jeff Beck, Eric Clapton, Jimmy Page","1965","11","1966-03-19","1","AMBIGUOUS","70","multiple_albums"
"RVTR095717","Times Like These","foo fighters","foo fighters","Greatest Hits | One By One","2002","20","2003-03-08","1","AMBIGUOUS","70","multiple_albums"
"RVTR095966","Mercy","shawn mendes","shawn mendes","Illuminate | Live At Madison Square Garden","2016","32","2016-09-10","1","AMBIGUOUS","70","multiple_albums"
"RVTR096039","I Was Made For Lovin' You","kiss","kiss","KISS 40 | Kiss Alive! 1975 - 2000 | Symphony: Alive IV","2003","16","1979-05-26","1","AMBIGUOUS","70","multiple_albums"
"RVTR096347","Hot For Teacher","van halen","van halen","1984 | Best Of Volume 1 | The Best Of Both Worlds","1984","7","1984-10-27","1","AMBIGUOUS","70","multiple_albums"
"RVTR096359","Reminiscing","little river band","little river band","Greatest Hits | Little River Band | Sleeper Catcher","1976","20","1978-07-29","1","AMBIGUOUS","70","multiple_albums"
"RVTR096485","We Live For Love","pat benatar","pat benatar","Best Shots | In The Heat Of The Night | Live From Earth","1979","14","1980-04-05","1","AMBIGUOUS","70","multiple_albums"
"RVTR096560","Always In My Heart","tevin campbell","tevin campbell","I'm Ready | Tevin Campbell","1993","20","1994-06-25","1","AMBIGUOUS","70","multiple_albums"
"RVTR096685","Amen","The Impressions","The Impressions","Keep On Pushing | The Best Of The Impressions | The Impressions Greatest Hits","1964","11","1964-11-21","1","AMBIGUOUS","70","multiple_albums"
"RVTR096775","No One To Depend On","santana","santana","Sacred Fire | Santana | Santana III | The Essential Santana","1969","9","1972-02-12","1","AMBIGUOUS","70","multiple_albums"
"RVTR097041","Your Unchanging Love","marvin gaye","marvin gaye","Marvin Gaye Anthology | Moods Of Marvin Gaye","1966","7","1967-07-01","1","AMBIGUOUS","70","multiple_albums"
"RVTR097143","I Got You Babe","ub40","ub40","Little Baggariddim | Live In Moscow","1985","14","1985-07-27","1","AMBIGUOUS","70","multiple_albums"
"RVTR097176","Similar Features","melissa etheridge","melissa etheridge","Greatest Hits: The Road Less Traveled | Melissa Etheridge","1988","4","1989-04-08","1","AMBIGUOUS","70","multiple_albums"
"RVTR097340","My Love Is Your Love","whitney houston","whitney houston","Live: Her Greatest Performances | My Love Is Your Love","1998","28","1999-09-04","1","AMBIGUOUS","70","multiple_albums"
"RVTR097510","The Guitar Man","bread","bread","Guitar Man | The Best Of Bread, Volume Two","1972","10","1972-07-29","1","AMBIGUOUS","70","multiple_albums"
"RVTR098342","You Were Made For Me","freddie and the dreamers","freddie and the dreamers","Freddie & The Dreamers | I'm Telling You Now","1965","7","1965-05-01","1","AMBIGUOUS","70","multiple_albums"
"RVTR098582","Annie'S Song","john denver","john denver","Definitive All-Time Greatest Hits | John Denver's Greatest Hits, Volume 2 | Wildlife Concert","1977","17","1974-06-01","1","AMBIGUOUS","70","multiple_albums"
"RVTR098634","Rock With You","michael jackson","michael jackson","HIStory: Past, Present And Future Book 1 | Number Ones | Off The Wall","1979","24","1979-11-03","1","AMBIGUOUS","70","multiple_albums"
"RVTR099034","White Rabbit","jefferson airplane","jefferson airplane","Surrealistic Pillow | The Worst Of Jefferson Airplane","1967","10","1967-06-24","1","AMBIGUOUS","70","multiple_albums"
"RVTR099122","Shake Ya Ass","mystikal","mystikal","Let's Get Ready | Prince Of The South... The Hits","2000","20","2000-08-12","1","AMBIGUOUS","70","multiple_albums"
"RVTR099811","We Belong Together","gavin degraw","gavin degraw","Finest Hour: The Best Of Gavin DeGraw | iTunes LIVE From SoHo","2008","3","2006-01-28","1","AMBIGUOUS","70","multiple_albums"
"RVTR100514","Try Sleeping With A Broken Heart","alicia keys","alicia keys","The Element Of Freedom | VH1 Storytellers","2010","20","2009-12-05","1","AMBIGUOUS","70","multiple_albums"
"RVTR100953","Drowning In The Sea Of Love","joe simon","joe simon","Drowning In The Sea Of Love | The Power Of Joe Simon","1972","13","1971-11-27","1","AMBIGUOUS","70","multiple_albums"
"RVTR101172","What'S Your Name","lynyrd skynyrd","lynyrd skynyrd","Southern By The Grace Of God | Street Survivors | The Best Of Lynyrd Skynyrd: 20th Century Masters The Millennium Collection | Thyrty: 30th Anniversary Collection (Limited Edition)","1977","18","1977-12-03","1","AMBIGUOUS","70","multiple_albums"
"RVTR101987","Just Once In My Life","The Righteous Brothers","The Righteous Brothers","Greatest Hits | Just Once In My Life... | The Very Best Of/Unchained Melody","1965","11","1965-04-10","1","AMBIGUOUS","70","multiple_albums"
"RVTR102138","Gimme Your Money Please","bachman-turner overdrive","bachman-turner overdrive","Bachman Turner Overdrive | Bachman-Turner Overdrive II | Best Of B.t.o. (so Far)","1974","5","1976-09-18","1","AMBIGUOUS","70","multiple_albums"
"RVTR103561","Some Kind Of Friend","barry manilow","barry manilow","Greatest Hits-vol Ii | Here Comes The Night | Ultimate Manilow","1982","16","1983-02-26","1","AMBIGUOUS","70","multiple_albums"
"RVTR103866","Nobody But Me","blake shelton","blake shelton","Blake Shelton's Barn & Grill | Loaded: The Best Of Blake Shelton","2004","14","2006-01-28","1","AMBIGUOUS","70","multiple_albums"
"RVTR104023","Hallelujah","leonard cohen","leonard cohen","Opus Collection | The Essential Leonard Cohen","2015","1","2016-12-03","1","AMBIGUOUS","70","multiple_albums"
"RVTR104203","From A Distance","bette midler","bette midler","Experience The Divine: Greatest Hits | Some People's Lives","1990","26","1990-10-06","1","AMBIGUOUS","70","multiple_albums"
"RVTR104385","Summertime Blues","The Who","The Who","Greatest Hits | Live At The Isle Of Wight Festival 1970 | The Who Sell Out | The Who Then And Now!: 1964-2004","1968","9","1970-07-11","1","AMBIGUOUS","70","multiple_albums"
"RVTR104598","Under My Wheels","alice cooper","alice cooper","Alice Cooper's Greatest Hits | Killer | The Alice Cooper Show","1971","8","1971-12-25","1","AMBIGUOUS","70","multiple_albums"
"RVTR104973","What It Takes","aerosmith","aerosmith","Pump | The Best Of Aerosmith: 20th Century Masters... | Tough Love: Best Of The Ballads","1989","17","1990-03-17","1","AMBIGUOUS","70","multiple_albums"
"RVTR105009","Don'T Let The Sun Go Down On Me","elton john","elton john","Caribou | Greatest Hits | Greatest Hits 1970-2002 | Greatest Hits, Vol. III 1979-1987","1974","15","1974-06-22","1","AMBIGUOUS","70","multiple_albums"
"RVTR105188","Grind With Me","pretty ricky","pretty ricky","Bluestars | Pretty Ricky","2005","22","2005-04-16","1","AMBIGUOUS","70","multiple_albums"
"RVTR105331","Heroes And Villains","The Beach Boys","The Beach Boys","Beach Boys In Concert | SMiLE | Smiley Smile","1964","7","1967-08-05","1","AMBIGUOUS","70","multiple_albums"
"RVTR105516","Heroes","commodores","commodores","Commodores Anthology | Heroes","1980","9","1980-09-20","1","AMBIGUOUS","70","multiple_albums"
"RVTR105536","Been There","clint black","clint black","D'lectrified | Greatest Hits II","1999","20","2000-02-19","1","AMBIGUOUS","70","multiple_albums"
"RVTR105997","Quiet Storm","smokey robinson","smokey robinson","A Quiet Storm | Smokey & Friends","1975","7","1976-01-17","1","AMBIGUOUS","70","multiple_albums"
"RVTR106106","No Son Of Mine","genesis","genesis","Live: The Way We Walk Volume 1 | Platinum Collection | Turn It On Again: The Hits: The Tour Edition | We Can't Dance","1991","20","1991-11-02","1","AMBIGUOUS","70","multiple_albums"
"RVTR106801","River","sarah mclachlan","sarah mclachlan","Rarities, B-Sides, And Other Stuff 2 | Wintersong","2006","3","2006-12-23","1","AMBIGUOUS","70","multiple_albums"
"RVTR106872","Talking About My Baby","The Impressions","The Impressions","Keep On Pushing | The Impressions Greatest Hits","1964","9","1964-01-18","1","AMBIGUOUS","70","multiple_albums"
"RVTR107954","Little Red Rooster","sam cooke","sam cooke","Night Beat | The Best Of Sam Cooke, Volume 2","1963","10","1963-10-26","1","AMBIGUOUS","70","multiple_albums"
"RVTR108104","Let'S Live For Today","The Grass Roots","The Grass Roots","Let's Live For Today | Their 16 Greatest Hits","1967","12","1967-05-13","1","AMBIGUOUS","70","multiple_albums"
"RVTR108147","It Girl","jason derulo","jason derulo","Future History | Platinum Hits","2011","22","2011-08-27","1","AMBIGUOUS","70","multiple_albums"
"RVTR108215","Till The World Ends","britney spears","britney spears","Femme Fatale | Playlist: The Very Best Of Britney Spears","2011","24","2011-03-19","1","AMBIGUOUS","70","multiple_albums"
"RVTR108239","What Might Have Been","little texas","little texas","Big Time | Greatest Hits","1993","20","1993-08-07","1","AMBIGUOUS","70","multiple_albums"
"RVTR108606","Secret Love","freddy fender","freddy fender","Are You Ready For Freddy | Best Of Freddy Fender","1975","11","1975-10-18","1","AMBIGUOUS","70","multiple_albums"
"RVTR109017","Midnight Rider","gregg allman","gregg allman","Gregg Allman Live: Back to Macon, GA: January 14, 2014 | Laid Back","1973","12","1973-12-22","1","AMBIGUOUS","70","multiple_albums"
"RVTR109238","I Will Remember You","sarah mclachlan","sarah mclachlan","Afterglow Live | Mirrorball","1999","20","1995-11-11","1","AMBIGUOUS","70","multiple_albums"
"RVTR109333","Know Your Enemy","green day","green day","21st Century Breakdown | Awesome As F**k","2009","15","2009-05-02","1","AMBIGUOUS","70","multiple_albums"
"RVTR109643","The Entertainer","billy joel","billy joel","12 Gardens Live | Streetlife Serenade | The Essential Billy Joel | The Hits","1974","10","1974-11-30","1","AMBIGUOUS","70","multiple_albums"
"RVTR110094","Pour Some Sugar On Me","def leppard","def leppard","Hysteria | Vault: Greatest Hits 1980-1995 | Viva! Hysteria: Live At The Joint, Las Vegas","1987","24","1988-04-23","1","AMBIGUOUS","70","multiple_albums"
"RVTR110104","I Want To Hold Your Hand","The Beatles","The Beatles","1 | 20 Greatest Hits | Early Beatles | Live At The Hollywood Bowl | Love | Meet The Beatles! | On Air: Live At The BBC Volume 2 | Past Masters | The Beatles 1962-1966 | The Capitol Albums Vol. 1","1964","15","1964-01-18","1","AMBIGUOUS","70","multiple_albums"
"RVTR110112","Forever","kiss","kiss","Hot In The Shade | KISS 40 | Kiss Alive! 1975 - 2000 | Symphony: Alive IV","1989","17","1990-02-03","1","AMBIGUOUS","70","multiple_albums"
"RVTR110139","I'M So Glad I Fell For You","david ruffin","david ruffin","David Ruffin | Feelin' Good","1969","7","1969-12-20","1","AMBIGUOUS","70","multiple_albums"
"RVTR110312","Call On Me","chicago","chicago","Chicago - Greatest Hits, Volume II | Chicago IX: Chicago's Greatest Hits | Love Songs | The Very Best Of Chicago: Only The Beginning","1975","15","1974-06-22","1","AMBIGUOUS","70","multiple_albums"
"RVTR110318","Dirty Laundry","don henley","don henley","Actual Miles Henley's Greatest Hits | I Can't Stand Still","1982","19","1982-10-30","1","AMBIGUOUS","70","multiple_albums"
"RVTR110408","Blue Eyes Crying In The Rain","willie nelson","willie nelson","Lost Highway | Red Headed Stranger | Super Hits | Willie Nelson Live | Willie Nelson's Greatest Hits (& Some That Will Be)","1975","18","1975-08-30","1","AMBIGUOUS","70","multiple_albums"
"RVTR110525","Just Be Good To Me","The S.o.s. Band","The S.o.s. Band","On The Rise | The Best Of S.O.S. Band","1983","14","1983-08-27","1","AMBIGUOUS","70","multiple_albums"
"RVTR110653","You Decorated My Life","kenny rogers","kenny rogers","Daytime Friends | Greatest Hits | Kenny | Kenny Rogers' Greatest Hits","1971","18","1979-09-08","1","AMBIGUOUS","70","multiple_albums"
"RVTR110916","Velcro Fly","zz top","zz top","Afterburner | The Very Best Of ZZ Top: Rancho Texicano","1985","12","1986-07-26","1","AMBIGUOUS","70","multiple_albums"
"RVTR111223","Sleepwalker","The Wallflowers","The Wallflowers","(Breach) | Collected: 1996-2005","2000","6","2000-10-28","1","AMBIGUOUS","70","multiple_albums"
"RVTR111274","You Dropped A Bomb On Me","The Gap Band","The Gap Band","Gap Band Iv | Gap Gold","1982","13","1982-08-14","1","AMBIGUOUS","70","multiple_albums"
"RVTR111307","Brian Wilson","barenaked ladies","barenaked ladies","BNL Rocks Red Rocks | Disc One 1991-2001: All Their Greatest Hits | Rock Spectacle","1997","20","1997-11-22","1","AMBIGUOUS","70","multiple_albums"
"RVTR111642","Boston","augustana","augustana","All The Stars And Boulevards | Augustana","2007","24","2006-10-21","1","AMBIGUOUS","70","multiple_albums"
"RVTR112801","Louie Louie","fat boys","fat boys","Coming Back Hard Again | Fat Boys","1985","3","1988-10-15","1","AMBIGUOUS","70","multiple_albums"
"RVTR112999","Yellow Submarine","The Beatles","The Beatles","Reel Music | Revolver | The Beatles 1962-1966 | Yellow Submarine | Yellow Submarine Songtrack","1966","9","1966-08-20","1","AMBIGUOUS","70","multiple_albums"
"RVTR113069","Piano Man","billy joel","billy joel","Opus Collection | Piano Man | The Essential Billy Joel | The Hits","1974","14","1974-02-23","1","AMBIGUOUS","70","multiple_albums"
"RVTR113177","My Place","nelly","nelly","Suit | Sweatsuit","2004","20","2004-07-24","1","AMBIGUOUS","70","multiple_albums"
"RVTR113494","Luckenbach Texas Back To The Basics Of Love","waylon jennings","waylon jennings","Greatest Hits | Ol' Waylon | RCA Country Legends: Waylon Jennings | Ultimate Waylon Jennings","1977","16","1977-05-07","1","AMBIGUOUS","70","multiple_albums"
"RVTR113516","Wedding Bell Blues","The 5th Dimension","The 5th Dimension","Greatest Hits On Earth | The Age Of Aquarius","1969","15","1969-09-27","1","AMBIGUOUS","70","multiple_albums"
"RVTR113895","Then They Do","trace adkins","trace adkins","Greatest Hits Collection, Volume I | The Definitive Greatest Hits: Til The Last Shot's Fired","2003","13","2003-07-19","1","AMBIGUOUS","70","multiple_albums"
"RVTR114040","You'Re Still A Young Man","tower of power","tower of power","Bump City | Live And In Living Color","1972","12","1972-07-15","1","AMBIGUOUS","70","multiple_albums"
"RVTR114549","Diva","beyonce","beyonce","Above And Beyonce: Video Collection & Dance Mixes (EP) | I Am...Sasha Fierce","2008","20","2009-01-03","1","AMBIGUOUS","70","multiple_albums"
"RVTR115111","I Could Never Take The Place Of Your Man","prince","prince","Sign 'O' The Times | The Hits 1 | The Hits/The B-Sides | Ultimate","1987","17","1987-11-14","1","AMBIGUOUS","70","multiple_albums"
"RVTR115430","Come On Over","shania twain","shania twain","Come On Over | Greatest Hits | Still The One: Live From Las Vegas","1997","10","1999-10-23","1","AMBIGUOUS","70","multiple_albums"
"RVTR115865","Mr Dream Merchant","jerry butler","jerry butler","Mr. Dream Merchant | The Best Of Jerry Butler","1968","7","1967-10-21","1","AMBIGUOUS","70","multiple_albums"
"RVTR116080","Rain Rain Go Away","bobby vinton","bobby vinton","Bobby Vinton's All-Time Greatest Hits | Bobby Vinton's Greatest Hits","1964","11","1962-08-25","1","AMBIGUOUS","70","multiple_albums"
"RVTR116125","Reminisce","mary j. blige","mary j. blige","The Tour | What's The 411? | What's The 411? Remix","1992","20","1992-12-19","1","AMBIGUOUS","70","multiple_albums"
"RVTR116130","Cherry Cherry","neil diamond","neil diamond","50th Anniversary Collection | Classics The Early Years | Double Gold | Hot August Night II | Hot August Night III: Recorded Live At The Greek Theatre, Los Angeles | Hot August Night/NYC: Live From Madison Square Garden | Just For You | Live In America | Neil Diamond's Greatest Hits | Shilo | Stages: Performances 1970-2002 | The Essential Neil Diamond","1967","12","1966-08-20","1","AMBIGUOUS","70","multiple_albums"
"RVTR116460","Fencewalk","mandrill","mandrill","Composite Truth | The Best Of Mandrill","1973","10","1973-04-14","1","AMBIGUOUS","70","multiple_albums"
"RVTR116653","Misty Blue","eddy arnold","eddy arnold","The Best Of Eddy Arnold, Volume II | The Last Word In Lonesome","1966","8","1967-05-06","1","AMBIGUOUS","70","multiple_albums"
"RVTR117345","Turn Your Radio On","ray stevens","ray stevens","Ray Stevens' Greatest Hits | The Very Best Of Ray Stevens | Turn Your Radio On","1971","7","1971-11-20","1","AMBIGUOUS","70","multiple_albums"
"RVTR117366","Every Breath I Take","gene pitney","gene pitney","Big Sixteen, Vol. 3 | Greatest Hits Of All Times","1966","8","1961-08-05","1","AMBIGUOUS","70","multiple_albums"
"RVTR117445","Don'T Look Back","The Temptations","The Temptations","25th Anniversary | The Temptations Greatest Hits | The Ultimate Collection","1966","5","1965-12-18","1","AMBIGUOUS","70","multiple_albums"
"RVTR118039","Mountains","lonestar","lonestar","Lonestar | Mountains","1996","11","2006-09-09","1","AMBIGUOUS","70","multiple_albums"
"RVTR118316","What You Give","tesla","tesla","Psychotic Supper | Time's Makin' Changes - The Best Of Tesla | Twisted Wires & The Acoustic Sessions....","1991","6","1992-04-18","1","AMBIGUOUS","70","multiple_albums"
"RVTR118631","Out In The Country","three dog night","three dog night","Golden Bisquits | It Ain't Easy | The Complete Hit Singles","1970","11","1970-08-29","1","AMBIGUOUS","70","multiple_albums"
"RVTR118710","Baby","justin bieber","justin bieber","My World 2.0 | My Worlds Acoustic","2010","20","2010-02-06","1","AMBIGUOUS","70","multiple_albums"
"RVTR118833","If You Love Somebody Set Them Free","sting","sting","... All This Time | Best Of 25 Years | Fields Of Gold - Best Of Sting 1984-1994 | The Dream Of The Blue Turtles","1985","18","1985-06-08","1","AMBIGUOUS","70","multiple_albums"
"RVTR118876","My Way","limp bizkit","limp bizkit","Chocolate Starfish And The Hot Dog Flavored Water | Greatest Hitz | New Old Songs (Re-Mix)","2000","14","2001-04-28","1","AMBIGUOUS","70","multiple_albums"
"RVTR119198","Snowbird","anne murray","anne murray","Country | Snowbird","1970","16","1970-07-18","1","AMBIGUOUS","70","multiple_albums"
"RVTR119223","Super Trouper","abba","abba","ABBA | Super Trouper","1975","11","1981-04-04","1","AMBIGUOUS","70","multiple_albums"
"RVTR119564","And The Beat Goes On","The Whispers","The Whispers","The Best Of The Whispers | The Whispers","1980","15","1980-02-09","1","AMBIGUOUS","70","multiple_albums"
"RVTR119575","Back In Love Again","The Buckinghams","The Buckinghams","In One Ear And Gone Tomorrow | The Buckinghams' Greatest Hits","1968","6","1968-06-08","1","AMBIGUOUS","70","multiple_albums"
"RVTR119763","Husbands And Wives","roger miller","roger miller","Roger Miller | Words And Music","1966","7","1966-02-19","1","AMBIGUOUS","70","multiple_albums"
"RVTR120502","Love Is A Rose","linda ronstadt","linda ronstadt","Greatest Hits | Prisoner In Disguise | The Very Best Of Linda Ronstadt","1975","2","1975-09-06","1","AMBIGUOUS","70","multiple_albums"
"RVTR121299","Turn To Stone","joe walsh","joe walsh","Barnstorm | So What | The Best Of Joe Walsh | You Can't Argue With A Sick Mind","1972","3","1975-03-01","1","AMBIGUOUS","70","multiple_albums"
"RVTR121491","Questions 67 And 68","chicago","chicago","Chicago At Carnegie Hall | Chicago Transit Authority | The Very Best Of Chicago: Only The Beginning","1969","3","1969-08-09","1","AMBIGUOUS","70","multiple_albums"
"RVTR121636","Make It With You","bread","bread","On The Waters | The Best Of Bread","1970","17","1970-06-13","1","AMBIGUOUS","70","multiple_albums"
"RVTR121654","Along Comes Mary","The Association","The Association","And Then...Along Comes The Association | Greatest Hits","1966","11","1966-06-04","1","AMBIGUOUS","70","multiple_albums"
"RVTR121789","Like Toy Soldiers","eminem","eminem","Curtain Call: The Hits | Encore","2004","11","2005-01-29","1","AMBIGUOUS","70","multiple_albums"
"RVTR122056","I Can Hear Music","The Beach Boys","The Beach Boys","20/20 | Sunshine Dream","1969","10","1969-03-08","1","AMBIGUOUS","70","multiple_albums"
"RVTR122121","Rainy Days And Mondays","carpenters","carpenters","Carpenters | Carpenters Gold: 35th Anniversary Edition | Love Songs | Singles: 1969-1981 | Yesterday Once More","1971","12","1971-05-15","1","AMBIGUOUS","70","multiple_albums"
"RVTR122408","Pearl","tommy roe","tommy roe","Dizzy | We Can Make Music","1969","9","1970-06-20","1","AMBIGUOUS","70","multiple_albums"
"RVTR122741","We Belong Together","mariah carey","mariah carey","Greatest Hits | The Emancipation Of Mimi","2001","43","2005-04-16","1","AMBIGUOUS","70","multiple_albums"
"RVTR122959","She'S Out Of My Life","michael jackson","michael jackson","HIStory: Past, Present And Future Book 1 | Michael Jackson's This Is It (Soundtrack)","1995","16","1980-04-19","1","AMBIGUOUS","70","multiple_albums"
"RVTR122994","Just Another Day","jon secada","jon secada","Jon Secada | Secada","1992","37","1992-04-18","1","AMBIGUOUS","70","multiple_albums"
"RVTR123139","Sunday Mornin'","spanky and our gang","spanky and our gang","Like To Get To Know You | Spanky's Greatest Hit(s)","1968","8","1968-01-06","1","AMBIGUOUS","70","multiple_albums"
"RVTR123779","Sad Tomorrows","trini lopez","trini lopez","Greatest Hits! | The Love Album","1965","1","1965-05-01","1","AMBIGUOUS","70","multiple_albums"
"RVTR124014","Renegade","styx","styx","Greatest Hits | Pieces Of Eight","1978","19","1979-03-17","1","AMBIGUOUS","70","multiple_albums"
"RVTR124321","Stranger","hilary duff","hilary duff","Best Of Hilary Duff | Dignity","2007","1","2007-08-04","1","AMBIGUOUS","70","multiple_albums"
"RVTR124520","And I Love Her","The Beatles","The Beatles","A Hard Day's Night (Soundtrack) | Love Songs | Rarities | Reel Music | Something New | Songs, Pictures And Stories Of The Fabulous Beatles | The Beatles 1962-1966","1964","9","1964-07-25","1","AMBIGUOUS","70","multiple_albums"
"RVTR124555","Total Eclipse Of The Heart","bonnie tyler","bonnie tyler","Faster Than The Speed Of Night | The Very Best Of Bonnie Tyler","1983","29","1983-07-16","1","AMBIGUOUS","70","multiple_albums"
"RVTR124694","Sad Mood","sam cooke","sam cooke","The Best Of Sam Cooke | The Man & His Music","1965","8","1960-12-03","1","AMBIGUOUS","70","multiple_albums"
"RVTR124885","You Give Good Love","whitney houston","whitney houston","I Will Always Love You: The Best Of Whitney Houston | Live: Her Greatest Performances | Whitney Houston | Whitney: The Greatest Hits","1985","21","1985-05-11","1","AMBIGUOUS","70","multiple_albums"
"RVTR125015","In My Dreams","reo speedwagon","reo speedwagon","Life As We Know It | The Hits","1987","30","1987-07-18","1","AMBIGUOUS","70","multiple_albums"
"RVTR125033","Justine","The Righteous Brothers","The Righteous Brothers","Greatest Hits, Vol. 2 | Soul & Inspiration | This Is New!","1965","3","1965-07-03","1","AMBIGUOUS","70","multiple_albums"
"RVTR125442","Good For Me","amy grant","amy grant","Greatest Hits | Greatest Hits: 1986-2004 | Heart In Motion | Time Again... Amy Grant Live","1991","20","1992-01-18","1","AMBIGUOUS","70","multiple_albums"
"RVTR126029","Squeeze Box","The Who","The Who","By Numbers | The Who Then And Now!: 1964-2004","1975","16","1975-11-29","1","AMBIGUOUS","70","multiple_albums"
"RVTR126128","I Want To Go With You","eddy arnold","eddy arnold","I Want To Go With You | The Best Of Eddy Arnold","1966","11","1966-02-05","1","AMBIGUOUS","70","multiple_albums"
"RVTR126301","Sunshine Superman","donovan","donovan","Donovan's Greatest Hits | Sunshine Superman | The Best Of Donovan","1966","13","1966-07-30","1","AMBIGUOUS","70","multiple_albums"
"RVTR126793","Copacabana At The Copa","barry manilow","barry manilow","Even Now | Manilow Scores: Songs From Copacabana And Harmony","1978","16","1978-06-10","1","AMBIGUOUS","70","multiple_albums"
"RVTR126964","Up On The Roof","The Drifters","The Drifters","The Drifters' Golden Hits | Under The Boardwalk","1964","20","1962-11-03","1","AMBIGUOUS","70","multiple_albums"
"RVTR127639","Flying High","commodores","commodores","Commodores Anthology | Natural High","1978","10","1978-09-23","1","AMBIGUOUS","70","multiple_albums"
"RVTR127717","Crybaby","mariah carey","mariah carey","Rainbow | The Remixes","1999","7","2000-06-24","1","AMBIGUOUS","70","multiple_albums"
"RVTR127731","Mind Games","john lennon","john lennon","Lennon Legend: The Very Best Of John Lennon | Mind Games | Power To The People: The Hits | The John Lennon Collection","1973","13","1973-11-10","1","AMBIGUOUS","70","multiple_albums"
"RVTR127797","Rose Garden","lynn anderson","lynn anderson","Lynn Anderson's Greatest Hits | Rose Garden | The World Of Lynn Anderson","1971","17","1970-11-28","1","AMBIGUOUS","70","multiple_albums"
"RVTR127853","Stand By Your Man","tammy wynette","tammy wynette","Stand By Your Man | Tammy's Greatest Hits","1969","16","1968-11-09","1","AMBIGUOUS","70","multiple_albums"
"RVTR128610","Kozmic Blues","janis joplin","janis joplin","I Got Dem Ol' Kozmic Blues Again Mama! | Janis","1969","9","1969-11-08","1","AMBIGUOUS","70","multiple_albums"
"RVTR129023","In Your Soul","corey hart","corey hart","Boy In The Box | Young Man Running","1985","10","1988-06-11","1","AMBIGUOUS","70","multiple_albums"
"RVTR129137","Brass Monkey","beastie boys","beastie boys","Beastie Boys Anthology: The Sounds Of Science | Solid Gold Hits","1999","10","1987-03-21","1","AMBIGUOUS","70","multiple_albums"
"RVTR129246","Send The Pain Below","chevelle","chevelle","Stray Arrows: A Collection Of Favorites | Wonder What's Next","2002","20","2003-05-10","1","AMBIGUOUS","70","multiple_albums"
"RVTR129591","Who Can I Turn To When Nobody Needs Me","tony bennett","tony bennett","Duets II | Tony's Greatest Hits, Volume III | Viva Duets | Who Can I Turn To","1964","10","1964-10-03","1","AMBIGUOUS","70","multiple_albums"
"RVTR129866","Third Rock From The Sun","joe diffie","joe diffie","Greatest Hits | Third Rock From The Sun","1994","9","1994-09-10","1","AMBIGUOUS","70","multiple_albums"
"RVTR129922","Slow Hand","The Pointer Sisters","The Pointer Sisters","Black & White | Pointer Sisters' Greatest Hits | The Best Of The Pointer Sisters","1976","24","1981-05-30","1","AMBIGUOUS","70","multiple_albums"
"RVTR130337","I'Ll Give All My Love To You","keith sweat","keith sweat","I'll Give All My Love To You | Keith Sweat Live | The Best Of Keith Sweat: Make You Sweat","1990","20","1990-12-01","1","AMBIGUOUS","70","multiple_albums"
"RVTR130887","Play","jennifer lopez","jennifer lopez","J.Lo | The Reel Me","2001","20","2001-04-07","1","AMBIGUOUS","70","multiple_albums"
"RVTR131163","Fake It","seether","seether","Finding Beauty In Negative Spaces | Seether: 2002-2013","2007","20","2007-10-13","1","AMBIGUOUS","70","multiple_albums"
"RVTR131184","Wango Tango","ted nugent","ted nugent","Great Gonzos!: The Best Of Ted Nugent | Scream Dream","1980","4","1980-07-26","1","AMBIGUOUS","70","multiple_albums"
"RVTR131303","Escapade","janet jackson","janet jackson","Design Of A Decade 1986/1996 | Janet Jackson's Rhythm Nation 1814","1989","17","1990-01-20","1","AMBIGUOUS","70","multiple_albums"
"RVTR132009","Feel The Need","leif garrett","leif garrett","Feel The Need | Leif Garrett","1977","8","1979-05-05","1","AMBIGUOUS","70","multiple_albums"
"RVTR132053","Heart Of Stone","cher","cher","Heart Of Stone | If I Could Turn Back Time -- Cher's Greatest Hits | The Very Best Of Cher: Special Edition","1989","14","1990-02-10","1","AMBIGUOUS","70","multiple_albums"
"RVTR132328","Minute By Minute","The Doobie Brothers","The Doobie Brothers","Minute By Minute | The Doobie Brothers Farewell Tour","1978","14","1979-05-05","1","AMBIGUOUS","70","multiple_albums"
"RVTR132467","Daddy Won'T Sell The Farm","montgomery gentry","montgomery gentry","For Our Heroes | Tattoos & Scars","1999","6","2000-03-04","1","AMBIGUOUS","70","multiple_albums"
"RVTR132854","My Cup Runneth Over","ed ames","ed ames","My Cup Runneth Over | The Best Of Ed Ames","1967","13","1967-01-21","1","AMBIGUOUS","70","multiple_albums"
"RVTR132856","Shine","collective soul","collective soul","7even Year Itch: Greatest Hits 1994--2001 | Hints, Allegations & Things Left Unsaid","1994","29","1994-05-07","1","AMBIGUOUS","70","multiple_albums"
"RVTR133434","Your Love Is Driving Me Crazy","sammy hagar","sammy hagar","The Essential Red Collection | Three Lock Box","1982","19","1982-12-11","1","AMBIGUOUS","70","multiple_albums"
"RVTR133829","Pinball Wizard","The Who","The Who","Join Together | Meaty Beaty Big And Bouncy | The Kids Are Alright (Soundtrack) | The Who Then And Now!: 1964-2004 | Who's Last","1971","11","1969-04-05","1","AMBIGUOUS","70","multiple_albums"
"RVTR134377","Sexy Lady","yung berg","yung berg","Almost Famous: The Sexy Lady EP | Look What You Made Me","2007","20","2007-05-12","1","AMBIGUOUS","70","multiple_albums"
"RVTR134493","Talk Dirty To Me","poison","poison","10 Great Songs | Look What The Cat Dragged In | The Best Of Poison: 20 Years Of Rock","1986","16","1987-03-14","1","AMBIGUOUS","70","multiple_albums"
"RVTR134604","My Whole World Ended (The Moment You Left Me)","david ruffin","david ruffin","David Ruffin | My Whole World Ended","1969","10","1969-02-15","1","AMBIGUOUS","70","multiple_albums"
"RVTR135286","Soul Experience","iron butterfly","iron butterfly","Ball | The Best Of Iron Butterfly/Evolution","1969","5","1969-02-22","1","AMBIGUOUS","70","multiple_albums"
"RVTR135716","Hot Girls In Love","loverboy","loverboy","Big Ones | Keep It Up","1983","16","1983-06-11","1","AMBIGUOUS","70","multiple_albums"
"RVTR136029","Before He Cheats","carrie underwood","carrie underwood","Greatest Hits: Decade #1 | Some Hearts","2005","64","2006-09-16","1","AMBIGUOUS","70","multiple_albums"
"RVTR136135","Bullet With Butterfly Wings","The Smashing Pumpkins","The Smashing Pumpkins","{Rotten Apples} Greatest Hits | Mellon Collie And The Infinite Sadness | The Aeroplane Flies High","1995","20","1995-11-11","1","AMBIGUOUS","70","multiple_albums"
"RVTR136631","Dreams","van halen","van halen","5150 | Live: Right Here, Right Now | The Best Of Both Worlds","1986","14","1986-05-24","1","AMBIGUOUS","70","multiple_albums"
"RVTR136792","Jam","michael jackson","michael jackson","Dangerous | Michael Jackson's This Is It (Soundtrack)","1991","14","1992-07-11","1","AMBIGUOUS","70","multiple_albums"
"RVTR137407","Rumour Has It","donna summer","donna summer","Live And More | The Journey: The Very Best Of Donna Summer","1978","9","1978-03-04","1","AMBIGUOUS","70","multiple_albums"
"RVTR137614","I Love You","martina mcbride","martina mcbride","Emotion | Hits And More","1999","20","1999-08-28","1","AMBIGUOUS","70","multiple_albums"
"RVTR137713","A Taste Of Honey","tony bennett","tony bennett","The Many Moods Of Tony | Tony's Greatest Hits, Volume III","1964","3","1964-08-22","1","AMBIGUOUS","70","multiple_albums"
"RVTR137801","Black Night","deep purple","deep purple","Deepest Purple: The Very Best Of Deep Purple | Made In Japan | Nobody's Perfect","1973","6","1970-12-05","1","AMBIGUOUS","70","multiple_albums"
"RVTR137825","Something Good","utah saints","utah saints","Something Good | Utah Saints","1992","1","1992-11-21","1","AMBIGUOUS","70","multiple_albums"
"RVTR138615","To Be A Lover","billy idol","billy idol","Greatest Hits | Idolize Yourself: The Very Best Of Billy Idol | Whiplash Smile","1986","18","1986-10-04","1","AMBIGUOUS","70","multiple_albums"
"RVTR138893","Underneath Your Clothes","shakira","shakira","Laundry Service | Laundry Service : Washed And Dried | Live & Off The Record","2001","20","2002-03-16","1","AMBIGUOUS","70","multiple_albums"
"RVTR138992","Hot Love","t. rex","t. rex","Electric Warrior | Tyrannosaurus Rex (A Beginning)","1971","6","1971-05-08","1","AMBIGUOUS","70","multiple_albums"
"RVTR139205","Big Shot","billy joel","billy joel","2000 Years -- The Millennium Concert | 52nd Street | A Matter Of Trust: The Bridge to Russia: The Concert | Kohuept (Live In Leningrad) | The Hits","1978","11","1979-02-10","1","AMBIGUOUS","70","multiple_albums"
"RVTR139738","Strawberry Fields Forever","The Beatles","The Beatles","Magical Mystery Tour (Soundtrack) | The Beatles 1967-1970","1967","9","1967-02-25","1","AMBIGUOUS","70","multiple_albums"
"RVTR139881","Mustang Sally","wilson pickett","wilson pickett","The Best Of Wilson Pickett | The Best Of Wilson Pickett, Vol. II | The Wicked Pickett | Wilson Pickett's Greatest Hits","1967","9","1966-11-26","1","AMBIGUOUS","70","multiple_albums"
"RVTR140033","A Hard Day'S Night","The Beatles","The Beatles","20 Greatest Hits | A Hard Day's Night (Soundtrack) | Live At The Hollywood Bowl | The Beatles 1962-1966","1964","13","1964-07-18","1","AMBIGUOUS","70","multiple_albums"
"RVTR140658","Nothing On But The Radio","gary allan","gary allan","Greatest Hits | See If I Care","2003","20","2004-09-18","1","AMBIGUOUS","70","multiple_albums"
"RVTR140895","When I Fall In Love","natalie cole","natalie cole","Everlasting | Stardust","1987","1","1988-08-27","1","AMBIGUOUS","70","multiple_albums"
"RVTR141085","So High Rock Me Baby And Roll Me Away","dave mason","dave mason","Let It Flow | The Best Of Dave Mason","1974","3","1977-05-28","1","AMBIGUOUS","70","multiple_albums"
"RVTR141274","Land Of Make Believe","chuck mangione","chuck mangione","An Evening Of Magic - Chuck Mangione Live At The Hollywood Bowl | Land Of Make Believe","1973","3","1977-06-11","1","AMBIGUOUS","70","multiple_albums"
"RVTR141421","Break Every Rule","tina turner","tina turner","Break Every Rule | Tina Live In Europe","1986","5","1987-05-09","1","AMBIGUOUS","70","multiple_albums"
"RVTR141936","I Drove All Night","celine dion","celine dion","A New Day...Live In Las Vegas | One Heart","2003","13","2003-02-15","1","AMBIGUOUS","70","multiple_albums"
"RVTR141966","Here You Come Again","dolly parton","dolly parton","Dumplin' (Soundtrack) | Greatest Hits | Here You Come Again | Live From London | Ultimate Dolly Parton","1977","19","1977-10-15","1","AMBIGUOUS","70","multiple_albums"
"RVTR142172","Longfellow Serenade","neil diamond","neil diamond","12 Greatest Hits Vol. II | Serenade","1974","15","1974-10-05","1","AMBIGUOUS","70","multiple_albums"
"RVTR142192","Cover Girl","new kids on the block","new kids on the block","Hangin' Tough | No More Games/Remix Album","1988","18","1989-09-16","1","AMBIGUOUS","70","multiple_albums"
"RVTR142400","Everyday Is A Winding Road","sheryl crow","sheryl crow","Sheryl Crow | Sheryl Crow And Friends: Live From Central Park | The Very Best Of Sheryl Crow","1996","20","1997-03-29","1","AMBIGUOUS","70","multiple_albums"
"RVTR142503","Take It On The Run","reo speedwagon","reo speedwagon","Hi Infidelity | The Hits | The Second Decade of Rock & Roll 1981-1991","1980","20","1981-03-21","1","AMBIGUOUS","70","multiple_albums"
"RVTR142539","Just Another Day","oingo boingo","oingo boingo","Boingo Alive | Dead Man's Party | The Best Of Oingo Boingo: Skeletons In The Closet","1985","4","1986-01-25","1","AMBIGUOUS","70","multiple_albums"
"RVTR142608","No One In The World","anita baker","anita baker","Rapture | The Best Of Anita Baker","1986","17","1987-08-22","1","AMBIGUOUS","70","multiple_albums"
"RVTR142671","Long Long Way From Home","foreigner","foreigner","40: Forty Hits From Forty Years - 1977-2017 | Complete Greatest Hits | Feels Like The First Time | Foreigner | Juke Box Heroes | No End In Sight: The Very Best Of Foreigner | Records","1977","14","1977-12-10","1","AMBIGUOUS","70","multiple_albums"
"RVTR142841","Behind These Hazel Eyes","kelly clarkson","kelly clarkson","Breakaway | Greatest Hits: Chapter One","2004","34","2005-04-23","1","AMBIGUOUS","70","multiple_albums"
"RVTR143064","A Bad Goodbye","clint black","clint black","No Time To Kill | The Greatest Hits","1993","11","1993-06-12","1","AMBIGUOUS","70","multiple_albums"
"RVTR143287","Something Like That","tim mcgraw","tim mcgraw","A Place In The Sun | Greatest Hits: Limited Edition | Number One Hits","1999","20","1999-08-14","1","AMBIGUOUS","70","multiple_albums"
"RVTR143887","An Innocent Man","billy joel","billy joel","A Matter Of Trust: The Bridge to Russia: The Concert | An Innocent Man | Greatest Hits Volume III | Kohuept (Live In Leningrad) | Opus Collection","1983","18","1983-12-17","1","AMBIGUOUS","70","multiple_albums"
"RVTR143899","True Love","elton john","elton john","Duets | Greatest Hits 1970-2002","1993","12","1993-11-27","1","AMBIGUOUS","70","multiple_albums"
"RVTR144169","I'Ll Do For You Anything You Want Me To","barry white","barry white","Just Another Way To Say I Love You | The Best Of Barry White: 20th Century Masters The Millennium Collection","1975","7","1975-05-24","1","AMBIGUOUS","70","multiple_albums"
"RVTR144206","I Want You","marvin gaye","marvin gaye","Gold | I Want You | Marvin Gaye Anthology | Number 1's","1974","13","1976-04-24","1","AMBIGUOUS","70","multiple_albums"
"RVTR144309","Refugee","tom petty and the heartbreakers","tom petty and the heartbreakers","Anthology: Through The Years | Damn The Torpedoes | Greatest Hits | Pack Up The Plantation: Live!","1979","14","1980-01-26","1","AMBIGUOUS","70","multiple_albums"
"RVTR144324","Making Memories Of Us","keith urban","keith urban","Be Here | Greatest Hits","2004","20","2005-04-23","1","AMBIGUOUS","70","multiple_albums"
"RVTR144401","It'S Still Rock And Roll To Me","billy joel","billy joel","2000 Years -- The Millennium Concert | A Matter Of Trust: The Bridge to Russia: The Concert","2000","21","1980-05-24","1","AMBIGUOUS","70","multiple_albums"
"RVTR144566","Train Of Thought","cher","cher","Dark Lady | Greatest Hits","1974","11","1974-05-25","1","AMBIGUOUS","70","multiple_albums"
"RVTR144594","I Won'T Mention It Again","ray price","ray price","I Won't Mention It Again | Ray Price's All-Time Greatest Hits","1971","14","1971-03-20","1","AMBIGUOUS","70","multiple_albums"
"RVTR145017","Cowboy Song","thin lizzy","thin lizzy","Jailbreak | Live And Dangerous","1976","8","1976-09-18","1","AMBIGUOUS","70","multiple_albums"
"RVTR145043","Moondance","van morrison","van morrison","Moondance | Still On Top - The Greatest Hits | The Best Of Van Morrison | The Best Of Van Morrison Volume 3 | The Essential Van Morrison","1970","4","1977-11-19","1","AMBIGUOUS","70","multiple_albums"
"RVTR145177","Love Like Winter","afi","afi","AFI (The Blood Album) | Decemberunderground","2006","5","2006-12-30","1","AMBIGUOUS","70","multiple_albums"
"RVTR145466","Hero","enrique iglesias","enrique iglesias","Escape | Greatest Hits","2001","34","2001-09-29","1","AMBIGUOUS","70","multiple_albums"
"RVTR145615","St Charles","jefferson starship","jefferson starship","Gold | Spitfire","1976","5","1976-12-04","1","AMBIGUOUS","70","multiple_albums"
"RVTR145789","Centerfold","The J. Geils Band","The J. Geils Band","Freeze-frame | Showtime","1981","25","1981-11-07","1","AMBIGUOUS","70","multiple_albums"
"RVTR146151","P S I Love You","The Beatles","The Beatles","Introducing...The Beatles | On Air: Live At The BBC Volume 2 | Please Please Me | The Beatles In Mono | The Capitol Albums Vol. 2","1964","8","1964-05-09","1","AMBIGUOUS","70","multiple_albums"
"RVTR146167","Boogie Fever","The Sylvers","The Sylvers","Showcase | The Sylvers","1973","21","1976-02-14","1","AMBIGUOUS","70","multiple_albums"
"RVTR146530","Love And War","tamar braxton","tamar braxton","Love And War | Tamar","2000","20","2012-12-22","1","AMBIGUOUS","70","multiple_albums"
"RVTR146876","Keep On Singing","helen reddy","helen reddy","Helen Reddy's Greatest Hits | Love Song For Jeffrey","1974","13","1974-03-09","1","AMBIGUOUS","70","multiple_albums"
"RVTR147357","Learning To Fly","pink floyd","pink floyd","A Momentary Lapse Of Reason | Delicate Sound Of Thunder","1987","8","1987-10-10","1","AMBIGUOUS","70","multiple_albums"
"RVTR147924","Say Yes","floetry","floetry","Floacism ""Live"" | Floetic","2002","20","2003-03-29","1","AMBIGUOUS","70","multiple_albums"
"RVTR148013","Suicide Blonde","inxs","inxs","The Greatest Hits | X","1990","13","1990-09-08","1","AMBIGUOUS","70","multiple_albums"
"RVTR148418","Brave","sara bareilles","sara bareilles","Brave Enough: Live At The Variety Playhouse | The Blessed Unrest","2013","42","2013-05-11","1","AMBIGUOUS","70","multiple_albums"
"RVTR148613","Creep","tlc","tlc","20 | CrazySexyCool | Now & Forever: The Hits","1994","32","1994-11-12","1","AMBIGUOUS","70","multiple_albums"
"RVTR148633","I Heard It Through The Grapevine","marvin gaye","marvin gaye","Every Great Hit Of Marvin Gaye | Gold | In The Groove | Marvin Gaye Anthology | Marvin Gaye Live! | Marvin Gaye Super Hits | Marvin Gaye's Greatest Hits | Number 1's | The Very Best Of Marvin Gaye","1964","15","1968-11-23","1","AMBIGUOUS","70","multiple_albums"
"RVTR148875","Angel","aerosmith","aerosmith","A Little South Of Sanity | Devil's Got A New Disguise: The Very Best Of Aerosmith | Permanent Vacation | The Best Of Aerosmith: 20th Century Masters... | Tough Love: Best Of The Ballads | Young Lust: The Aerosmith Anthology","1987","25","1988-01-30","1","AMBIGUOUS","70","multiple_albums"
"RVTR149505","Nookie","limp bizkit","limp bizkit","Greatest Hitz | New Old Songs (Re-Mix) | Significant Other","1999","11","1999-07-31","1","AMBIGUOUS","70","multiple_albums"
"RVTR150090","I Will Remember You","amy grant","amy grant","Greatest Hits | Greatest Hits: 1986-2004 | Heart In Motion | Time Again... Amy Grant Live","1991","20","1992-04-25","1","AMBIGUOUS","70","multiple_albums"
"RVTR150170","The Real Me","The Who","The Who","Quadrophenia | Quadrophenia: Live In London","1973","3","1974-02-02","1","AMBIGUOUS","70","multiple_albums"
"RVTR150200","Werewolves Of London","warren zevon","warren zevon","Excitable Boy | Genius: The Best Of Warren Zevon | Stand In The Fire","1978","12","1978-03-25","1","AMBIGUOUS","70","multiple_albums"
"RVTR150255","There I'Ve Said It Again","bobby vinton","bobby vinton","Bobby Vinton's Greatest Hits | There! I've Said It Again | Vinton","1964","13","1963-11-30","1","AMBIGUOUS","70","multiple_albums"
"RVTR150409","The Right Thing","simply red","simply red","Greatest Hits | Men And Women","1987","15","1987-02-28","1","AMBIGUOUS","70","multiple_albums"
"RVTR150582","You And Me Against The World","helen reddy","helen reddy","Helen Reddy's Greatest Hits | Love Song For Jeffrey","1974","20","1974-06-15","1","AMBIGUOUS","70","multiple_albums"
"RVTR150688","My Love","little texas","little texas","Big Time | Greatest Hits","1993","10","1994-02-26","1","AMBIGUOUS","70","multiple_albums"
"RVTR151442","What Am I Gonna Do With You","barry white","barry white","Just Another Way To Say I Love You | The Best Of Barry White: 20th Century Masters The Millennium Collection | The Ultimate Collection","1975","11","1975-03-08","1","AMBIGUOUS","70","multiple_albums"
"RVTR151500","Swing","trace adkins","trace adkins","American Man: Greatest Hits Volume II | Dangerous Man | The Definitive Greatest Hits: Til The Last Shot's Fired","2006","10","2006-07-08","1","AMBIGUOUS","70","multiple_albums"
"RVTR151581","You Belong To Me","The Doobie Brothers","The Doobie Brothers","Livin' On The Fault Line | The Doobie Brothers Farewell Tour","1977","4","1983-07-30","1","AMBIGUOUS","70","multiple_albums"
"RVTR151942","Mr Lonely","bobby vinton","bobby vinton","Bobby Vinton's All-Time Greatest Hits | Bobby Vinton's Greatest Hits | Mr. Lonely | Vinton","1964","15","1964-10-31","1","AMBIGUOUS","70","multiple_albums"
"RVTR152392","Hold On","santana","santana","Shango | The Essential Santana","1982","14","1982-08-14","1","AMBIGUOUS","70","multiple_albums"
"RVTR152632","The Red","chevelle","chevelle","Stray Arrows: A Collection Of Favorites | Wonder What's Next","2002","20","2002-11-30","1","AMBIGUOUS","70","multiple_albums"
"RVTR152644","Cowboy Take Me Away","dixie chicks","dixie chicks","Fly | Playlist: The Very Best Of The Dixie Chicks","1999","20","1999-11-27","1","AMBIGUOUS","70","multiple_albums"
"RVTR153660","Be My Baby Tonight","john michael montgomery","john michael montgomery","Kickin' It Up | The Very Best Of John Michael Montgomery","1994","10","1994-08-06","1","AMBIGUOUS","70","multiple_albums"
"RVTR153770","Don'T Want To Wait Anymore","The Tubes","The Tubes","The Completion Backward Principle | The Tubes","1975","12","1981-06-20","1","AMBIGUOUS","70","multiple_albums"
"RVTR154081","Almost Saturday Night","dave edmunds","dave edmunds","The Best Of Dave Edmunds | Twangin","1981","8","1981-05-09","1","AMBIGUOUS","70","multiple_albums"
"RVTR154082","Border Song","elton john","elton john","Elton John | Greatest Hits | Greatest Hits 1970-2002 | Here And There | To Be Continued...","1970","5","1970-08-15","1","AMBIGUOUS","70","multiple_albums"
"RVTR154346","No One Knows","queens of the stone age","queens of the stone age","Over The Years And Through The Woods | Songs For The Deaf","2002","20","2002-12-28","1","AMBIGUOUS","70","multiple_albums"
"RVTR154361","Paradise","sade","sade","Lovers Live | Stronger Than Pride | The Best Of Sade | The Ultimate Collection","1988","15","1988-05-14","1","AMBIGUOUS","70","multiple_albums"
"RVTR154755","Izzo H O V A","jay-z","jay-z","The Blueprint | The Blueprint: Collector's Edition","2001","20","2001-07-28","1","AMBIGUOUS","70","multiple_albums"
"RVTR155058","I Go Back","kenny chesney","kenny chesney","Greatest Hits II | LIVE: Live Those Songs Again | When The Sun Goes Down","2004","20","2004-06-12","1","AMBIGUOUS","70","multiple_albums"
"RVTR155074","Hitchcock Railway","jose feliciano","jose feliciano","Encore! Jose Feliciano's Finest Performances | Souled","1968","3","1968-10-12","1","AMBIGUOUS","70","multiple_albums"
"RVTR155161","Don'T Stop","fleetwood mac","fleetwood mac","Rumours | The Very Best Of Fleetwood Mac","1977","18","1977-07-09","1","AMBIGUOUS","70","multiple_albums"
"RVTR155367","Think","james brown","james brown","I Got You (I Feel Good) | James Brown Soul Classics | Live At The Apollo, Volume II | Soul Brother No. 1","1966","7","1973-05-19","1","AMBIGUOUS","70","multiple_albums"
"RVTR155432","Slow Down","The Beatles","The Beatles","Past Masters | Something New","1964","7","1964-09-05","1","AMBIGUOUS","70","multiple_albums"
"RVTR156069","Turn It On Again","genesis","genesis","Duke | Live: The Way We Walk Volume 1 | Three Sides Live | Turn It On Again: The Hits: The Tour Edition","1980","8","1980-09-06","1","AMBIGUOUS","70","multiple_albums"
"RVTR156166","Who Knew","p!nk","p!nk","Greatest Hits... So Far!!! | I'm Not Dead","2006","36","2007-04-07","1","AMBIGUOUS","70","multiple_albums"
"RVTR156175","On The Floor","jennifer lopez","jennifer lopez","Dance Again ... The Hits | Love?","2011","29","2011-03-12","1","AMBIGUOUS","70","multiple_albums"
"RVTR156454","It'S A Love Thing","The Whispers","The Whispers","Imagination | The Best Of The Whispers","1981","15","1981-02-14","1","AMBIGUOUS","70","multiple_albums"
"RVTR156481","Thorn In My Pride","The Black Crowes","The Black Crowes","Greatest Hits 1990--1999: A Tribute To A Work In Progress... | The Southern Harmony And Musical Companion","1992","6","1992-09-05","1","AMBIGUOUS","70","multiple_albums"
"RVTR156685","Cheaper To Keep Her","johnnie taylor","johnnie taylor","Johnnie Taylor's Greatest Hits | Taylored In Silk","1970","11","1973-10-13","1","AMBIGUOUS","70","multiple_albums"
"RVTR156690","America","yes","yes","Keys To Ascension | Yesterdays","1975","7","1972-08-12","1","AMBIGUOUS","70","multiple_albums"
"RVTR157202","Please Please Me","The Beatles","The Beatles","Early Beatles | On Air: Live At The BBC Volume 2 | Please Please Me | The Beatles 1962-1966 | The Beatles In Mono | The Capitol Albums Vol. 2","1965","13","1964-02-01","1","AMBIGUOUS","70","multiple_albums"
"RVTR158228","Do Wacka Do","roger miller","roger miller","Roger Miller | The Return Of Roger Miller","1965","8","1964-11-28","1","AMBIGUOUS","70","multiple_albums"
"RVTR158442","Blame It On The Rain","milli vanilli","milli vanilli","Girl You Know It's True | The Remix Album","1989","23","1989-10-07","1","AMBIGUOUS","70","multiple_albums"
"RVTR158927","Angel","aretha franklin","aretha franklin","Hey Now Hey (The Other Side Of The Sky) | Ten Years Of Gold","1973","13","1973-07-07","1","AMBIGUOUS","70","multiple_albums"
"RVTR159025","Another Sad Love Song","toni braxton","toni braxton","Toni Braxton | Ultimate Toni Braxton","1993","26","1993-07-03","1","AMBIGUOUS","70","multiple_albums"
"RVTR159191","Old Days","chicago","chicago","Chicago VIII | The Very Best Of Chicago: Only The Beginning","1975","11","1975-04-26","1","AMBIGUOUS","70","multiple_albums"
"RVTR159364","Love The One You'Re With","stephen stills","stephen stills","Stephen Stills | Stephen Stills Live","1970","11","1970-12-12","1","AMBIGUOUS","70","multiple_albums"
"RVTR159387","Big Yellow Taxi","joni mitchell","joni mitchell","Hits | Joni Mitchell | Ladies Of The Canyon | Miles Of Aisles","1968","16","1970-07-25","1","AMBIGUOUS","70","multiple_albums"
"RVTR159716","That'S The Way Love Is","marvin gaye","marvin gaye","Every Great Hit Of Marvin Gaye | Gold | Marvin Gaye Anthology","1974","12","1969-08-23","1","AMBIGUOUS","70","multiple_albums"
"RVTR159791","Eleanor Rigby","The Beatles","The Beatles","Revolver | Songs, Pictures And Stories Of The Fabulous Beatles | The Beatles 1962-1966 | Yellow Submarine Songtrack","1964","8","1966-08-27","1","AMBIGUOUS","70","multiple_albums"
"RVTR160669","It'S All Coming Back To Me Now","celine dion","celine dion","A New Day...Live In Las Vegas | All The Way...A Decade Of Song | Falling Into You","1996","30","1996-08-17","1","AMBIGUOUS","70","multiple_albums"
"RVTR160689","Thank You Baby","The Stylistics","The Stylistics","Thank You Baby | The Best Of The Stylistics","1975","6","1975-04-19","1","AMBIGUOUS","70","multiple_albums"
"RVTR160959","Never Can Say Goodbye","isaac hayes","isaac hayes","Black Moses | Live At The Sahara Tahoe | Ultimate Isaac Hayes: Can You Dig It?","1971","9","1971-05-15","1","AMBIGUOUS","70","multiple_albums"
"RVTR161461","One Night Affair","jerry butler","jerry butler","The Best Of Jerry Butler | The Spice Of Life","1970","7","1972-11-04","1","AMBIGUOUS","70","multiple_albums"
"RVTR161517","You Shouldn'T Kiss Me Like This","toby keith","toby keith","Greatest Hits 2 | How Do You Like Me Now?! | Toby Keith","1993","20","2000-12-30","1","AMBIGUOUS","70","multiple_albums"
"RVTR161636","In Da Club","50 cent","50 cent","Best Of 50 Cent | Get Rich Or Die Tryin' | The New Breed","2003","30","2003-01-11","1","AMBIGUOUS","70","multiple_albums"
"RVTR161916","Greatest Love Of All","whitney houston","whitney houston","I Will Always Love You: The Best Of Whitney Houston | Live: Her Greatest Performances | Whitney Houston | Whitney: The Greatest Hits","1985","20","1986-03-29","1","AMBIGUOUS","70","multiple_albums"
"RVTR162320","Makes Me Wonder","maroon 5","maroon 5","It Won't Be Soon Before Long | Live From Le Cabaret: In Montreal, Quebec","2007","26","2007-04-21","1","AMBIGUOUS","70","multiple_albums"
"RVTR162739","Daniel","elton john","elton john","Diamonds | Don't Shoot Me I'm Only The Piano Player | Greatest Hits | Greatest Hits, Vol. III 1979-1987 | Love Songs | Rocket Man: Number Ones","1973","15","1973-04-07","1","AMBIGUOUS","70","multiple_albums"
"RVTR162960","Southernplayalisticadillacmuzik","outkast","outkast","Big Boi & Dre Present... OutKast | Southernplayalisticadillacmuzik","1994","10","1994-07-16","1","AMBIGUOUS","70","multiple_albums"
"RVTR163185","Headed For The Future","neil diamond","neil diamond","Headed For The Future | Hot August Night II","1986","10","1986-05-24","1","AMBIGUOUS","70","multiple_albums"
"RVTR163675","Look To Your Soul","johnny rivers","johnny rivers","A Touch Of Gold | Realization","1968","7","1968-04-06","1","AMBIGUOUS","70","multiple_albums"
"RVTR163713","Baby Baby Baby","tlc","tlc","Now & Forever: The Hits | Ooooooohhh. . .On The TLC Tip","1992","33","1992-06-06","1","AMBIGUOUS","70","multiple_albums"
"RVTR164871","Bliss","tori amos","tori amos","Tales Of A Librarian: A Tori Amos Collection | To Venus And Back","1999","2","1999-09-11","1","AMBIGUOUS","70","multiple_albums"
"RVTR165330","Brazil","The Ritchie Family","The Ritchie Family","African Queens | Brazil","1975","18","1975-08-02","1","AMBIGUOUS","70","multiple_albums"
"RVTR165511","Little Red Corvette","prince","prince","1999 | 4Ever | The Hits 2 | The Hits/The B-Sides | The Very Best Of Prince | Ultimate","1982","24","1983-02-26","1","AMBIGUOUS","70","multiple_albums"
"RVTR165610","I Miss You So","little anthony and the imperials","little anthony and the imperials","Goin' Out Of My Head | The Best Of Little Anthony & The Imperials","1965","7","1965-10-02","1","AMBIGUOUS","70","multiple_albums"
"RVTR166183","Running Scared","roy orbison","roy orbison","Black & White Night: 30 | Roy Orbison's Greatest Hits | Super Hits | The Very Best Of Roy Orbison","1963","17","1961-04-08","1","AMBIGUOUS","70","multiple_albums"
"RVTR166548","Sylvia","focus","focus","Focus 3 | Live At The Rainbow","1973","5","1973-07-28","1","AMBIGUOUS","70","multiple_albums"
"RVTR166865","If You Wanna Get To Heaven","ozark mountain daredevils","ozark mountain daredevils","It's Alive | Ozark Mountain Daredevils","1974","16","1974-04-20","1","AMBIGUOUS","70","multiple_albums"
"RVTR166952","Hair","The Cowsills","The Cowsills","The Best Of The Cowsills | The Cowsills In Concert","1969","15","1969-03-15","1","AMBIGUOUS","70","multiple_albums"
"RVTR167215","Always Be My Baby","mariah carey","mariah carey","# 1's | Daydream | The Ballads | The Remixes","1995","32","1996-04-06","1","AMBIGUOUS","70","multiple_albums"
"RVTR167254","Slow","kylie minogue","kylie minogue","Body Language | The Abbey Road Sessions","2004","3","2004-02-21","1","AMBIGUOUS","70","multiple_albums"
"RVTR167344","When Somebody Loves You","alan jackson","alan jackson","Songs Of Love And Heartache | When Somebody Loves You","2000","17","2001-04-28","1","AMBIGUOUS","70","multiple_albums"
"RVTR167454","Last Train To Clarksville","The Monkees","The Monkees","Flashback With The Monkees | The Best Of The Monkees | The Monkees | The Monkees' Greatest Hits | Then & Now...The Best Of The Monkees","1966","15","1966-09-10","1","AMBIGUOUS","70","multiple_albums"
"RVTR167559","Higher Ground","stevie wonder","stevie wonder","Innervisions | Number 1's | Stevie Wonder's Original Musiquarium I | The Definitive Collection","1973","14","1973-08-18","1","AMBIGUOUS","70","multiple_albums"
"RVTR167707","I Left My Heart In San Francisco","tony bennett","tony bennett","I Left My Heart In San Francisco | Tony Bennett's Greatest Hits, Volume IV","1963","21","1962-08-11","1","AMBIGUOUS","70","multiple_albums"
"RVTR168023","Gloria","them","them","Them | Them Featuring Van Morrison","1965","7","1965-05-22","1","AMBIGUOUS","70","multiple_albums"
"RVTR168657","The Voice","The Moody Blues","The Moody Blues","A Night At Red Rocks | Greatest Hits | Long Distance Voyager","1981","17","1981-08-08","1","AMBIGUOUS","70","multiple_albums"
"RVTR169127","My Town","montgomery gentry","montgomery gentry","My Town | Playlist: The Very Best Of Montgomery Gentry | Something To Be Proud Of: The Best Of 1999-2005","2002","20","2002-09-28","1","AMBIGUOUS","70","multiple_albums"
"RVTR169157","Lay Lady Lay","The Isley Brothers","The Isley Brothers","Givin' It Back | The Isleys Live","1971","5","1971-12-04","1","AMBIGUOUS","70","multiple_albums"
"RVTR169165","Jumpin' Jack Flash","johnny winter","johnny winter","Live/Johnny Winter And | The Johnny Winter Story","1969","2","1971-05-01","1","AMBIGUOUS","70","multiple_albums"
"RVTR169600","Light In Your Eyes","blessid union of souls","blessid union of souls","Blessid Union Of Souls | The Singles","1997","19","1998-02-14","1","AMBIGUOUS","70","multiple_albums"
"RVTR169653","Smooth","santana","santana","Supernatural | Ultimate Santana","1999","58","1999-07-31","1","AMBIGUOUS","70","multiple_albums"
"RVTR169676","First Of May","bee gees","bee gees","Best Of Bee Gees | Odessa | Their Greatest Hits--The Record","1969","7","1969-03-22","1","AMBIGUOUS","70","multiple_albums"
"RVTR169699","You Make Me Feel Brand New","The Stylistics","The Stylistics","Let's Put It All Together | Rockin' Roll Baby | The Best Of The Stylistics","1973","25","1974-03-23","1","AMBIGUOUS","70","multiple_albums"
"RVTR170075","Frankie And Johnny","sam cooke","sam cooke","Sam Cooke At The Copa | The Best Of Sam Cooke, Volume 2","1964","11","1963-07-27","1","AMBIGUOUS","70","multiple_albums"
"RVTR170353","Trouble Man","marvin gaye","marvin gaye","Every Great Hit Of Marvin Gaye | Gold | Marvin Gaye Anthology | Marvin Gaye Live At The London Palladium | Marvin Gaye's Greatest Hits | Trouble Man","1964","12","1972-12-16","1","AMBIGUOUS","70","multiple_albums"
"RVTR170875","Hold On","triumph","triumph","Just A Game | Stages","1979","14","1979-06-16","1","AMBIGUOUS","70","multiple_albums"
"RVTR170941","Gimmie That Girl","joe nichols","joe nichols","Greatest Hits | Old Things New","2009","20","2010-03-13","1","AMBIGUOUS","70","multiple_albums"
"RVTR171042","Hitch Hike","marvin gaye","marvin gaye","Gold | Marvin Gaye Anthology","1974","12","1963-01-12","1","AMBIGUOUS","70","multiple_albums"
"RVTR171402","Now That I Found You","terri clark","terri clark","Greatest Hits 1994-2004 | How I Feel","1998","13","1998-05-23","1","AMBIGUOUS","70","multiple_albums"
"RVTR171436","I'Ve Been Searchin' So Long","chicago","chicago","Chicago - Greatest Hits, Volume II | The Very Best Of Chicago: Only The Beginning","1981","15","1974-03-16","1","AMBIGUOUS","70","multiple_albums"
"RVTR171486","Whoever Finds This I Love You","mac davis","mac davis","Baby Don't Get Hooked On Me | Mac Davis","1972","8","1970-05-16","1","AMBIGUOUS","70","multiple_albums"
"RVTR172027","I Found Someone","cher","cher","If I Could Turn Back Time -- Cher's Greatest Hits | Live: The Farewell Tour | The Very Best Of Cher | The Very Best Of Cher: Special Edition","1999","26","1987-11-21","1","AMBIGUOUS","70","multiple_albums"
"RVTR172402","The Night They Drove Old Dixie Down","joan baez","joan baez","Best Of Joan Baez | Blessed Are ... | Hits/Greatest & Others","1963","15","1971-08-14","1","AMBIGUOUS","70","multiple_albums"
"RVTR172450","What'S My Name","dmx","dmx","The Best Of DMX | The Definition Of X: Pick Of The Litter","2007","11","2000-01-15","1","AMBIGUOUS","70","multiple_albums"
"RVTR172505","Home Sweet Home","motley crue","motley crue","Live: Entertainment Or Death | Theatre Of Pain","1985","23","1985-10-26","1","AMBIGUOUS","70","multiple_albums"
"RVTR172670","Peaceful","helen reddy","helen reddy","Helen Reddy's Greatest Hits | I Am Woman","1972","17","1973-02-03","1","AMBIGUOUS","70","multiple_albums"
"RVTR172775","Cupid","sam cooke","sam cooke","Sam Cooke Live At The Harlem Square Club | The Best Of Sam Cooke | The Man & His Music","1965","12","1961-06-03","1","AMBIGUOUS","70","multiple_albums"
"RVTR172833","A Little Bit Me A Little Bit You","The Monkees","The Monkees","Flashback With The Monkees | The Best Of The Monkees | The Monkees' Greatest Hits | Then & Now...The Best Of The Monkees","1986","10","1967-03-25","1","AMBIGUOUS","70","multiple_albums"
"RVTR172975","Little Deuce Coupe","The Beach Boys","The Beach Boys","Endless Summer | Fifty Big Ones: Greatest Hits | Greatest Hits | Little Deuce Coupe | Sounds Of Summer:The Very Best Of The Beach Boys | Surfer Girl | The Best Of The Beach Boys | The Greatest Hits Volume 1: 20 Good Vibrations","1963","11","1963-08-17","1","AMBIGUOUS","70","multiple_albums"
"RVTR173036","Me And Bobby Mcgee","janis joplin","janis joplin","Janis | Janis Joplin's Greatest Hits | Super Hits","1973","15","1971-01-30","1","AMBIGUOUS","70","multiple_albums"
"RVTR173133","Pamela","toto","toto","Greatest Hits: 40 Trips Around The Sun | The Seventh One","1988","19","1988-02-20","1","AMBIGUOUS","70","multiple_albums"
"RVTR173149","Cleaning This Gun Come On In Boy","rodney atkins","rodney atkins","If You're Going Through Hell | Rodney Atkins","2006","20","2007-12-08","1","AMBIGUOUS","70","multiple_albums"
"RVTR173208","Try It Baby","marvin gaye","marvin gaye","How Sweet It Is To Be Loved By You | Marvin Gaye Anthology","1965","11","1964-06-06","1","AMBIGUOUS","70","multiple_albums"
"RVTR173495","Summer Rain","johnny rivers","johnny rivers","A Touch Of Gold | Realization","1968","10","1967-11-18","1","AMBIGUOUS","70","multiple_albums"
"RVTR173572","You Make Me Feel Like A Natural Woman","aretha franklin","aretha franklin","30 Greatest Hits | Aretha In Paris | Aretha's Best | Aretha's Gold | Ten Years Of Gold | The Very Best Of Aretha Franklin, The '60s","1968","9","1967-09-30","1","AMBIGUOUS","70","multiple_albums"
"RVTR173720","I Want You","bob dylan","bob dylan","Blonde On Blonde | Bob Dylan At Budokan","1966","7","1966-07-02","1","AMBIGUOUS","70","multiple_albums"
"RVTR174157","Fa Fa Fa Fa Fa Sad Song","otis redding","otis redding","King & Queen | Otis Redding Live In Europe | Pure Southern Soul: Otis Redding","1967","8","1966-10-01","1","AMBIGUOUS","70","multiple_albums"
"RVTR174542","Shake Me Wake Me When It'S Over","four tops","four tops","4 Tops On Top | Four Tops | The Best Of The 4 Tops","1965","9","1966-02-19","1","AMBIGUOUS","70","multiple_albums"
"RVTR174652","Touch My Body","mariah carey","mariah carey","#1 To Infinity | E=MC2 | Greatest Hits","2001","20","2008-03-01","1","AMBIGUOUS","70","multiple_albums"
"RVTR176959","Havana","kenny g","kenny g","Kenny G Greatest Hits | The Moment | Ultimate Kenny G","1996","19","1997-03-08","1","AMBIGUOUS","70","multiple_albums"
"RVTR177036","Good Times Bad Times","led zeppelin","led zeppelin","Celebration Day | Early Days & Latter Days: The Best Of Led Zeppelin Volumes One And Two | Early Days: The Best Of Led Zeppelin Volume One | Led Zeppelin | Led Zeppelin Box Set 2 | Mothership | Remasters","1969","4","1969-03-29","1","AMBIGUOUS","70","multiple_albums"
"RVTR177117","Solitaire","clay aiken","clay aiken","Measure Of A Man | Playlist: The Very Best Of Clay Aiken","2003","8","2004-04-03","1","AMBIGUOUS","70","multiple_albums"
"RVTR177214","Come Get It","selena gomez","selena gomez","For You | Stars Dance","2013","22","2013-04-27","1","AMBIGUOUS","70","multiple_albums"
"RVTR177300","Toxic","britney spears","britney spears","Greatest Hits: My Prerogative | In The Zone | Playlist: The Very Best Of Britney Spears","2003","20","2004-01-31","1","AMBIGUOUS","70","multiple_albums"
"RVTR177353","You Said A Bad Word","joe tex","joe tex","I Gotcha | The Best Of Joe Tex","1967","8","1972-05-20","1","AMBIGUOUS","70","multiple_albums"
"RVTR177623","The One","backstreet boys","backstreet boys","Millennium | The Hits -- Chapter One","1999","15","2000-05-27","1","AMBIGUOUS","70","multiple_albums"
"RVTR178374","Urgent","foreigner","foreigner","4 | 40: Forty Hits From Forty Years - 1977-2017 | Extended Versions | Feels Like The First Time | Juke Box Heroes | Records | The Best Of Foreigner 4 & More | The Very Best And Beyond","1981","23","1981-07-04","1","AMBIGUOUS","70","multiple_albums"
"RVTR178426","Can You Feel It","The Jacksons","The Jacksons","Jacksons Live | Triumph","1980","5","1981-05-02","1","AMBIGUOUS","70","multiple_albums"
"RVTR178651","People","barbra streisand","barbra streisand","A Happening In Central Park | Barbra Streisand's Greatest Hits | One Voice | Partners | The Concert Highlights | The Essential Barbra Streisand","1968","19","1964-04-04","1","AMBIGUOUS","70","multiple_albums"
"RVTR178675","Seven Year Ache","rosanne cash","rosanne cash","Hits 1979-1989 | Seven Year Ache","1981","20","1981-04-25","1","AMBIGUOUS","70","multiple_albums"
"RVTR181227","Don'T Make Me","blake shelton","blake shelton","Loaded: The Best Of Blake Shelton | Pure BS","2007","6","2007-05-05","1","AMBIGUOUS","70","multiple_albums"
"RVTR181413","Family Portrait","p!nk","p!nk","Greatest Hits... So Far!!! | M!ssundaztood","2001","20","2002-11-16","1","AMBIGUOUS","70","multiple_albums"
"RVTR181601","Have I Told You Lately","rod stewart","rod stewart","Rod Stewart Greatest Hits | The Very Best Of Rod Stewart | Unplugged...And Seated | Vagabond Heart","1979","22","1993-04-24","1","AMBIGUOUS","70","multiple_albums"
"RVTR182121","Windy","wes montgomery","wes montgomery","A Day In The Life | Greatest Hits","1967","11","1967-11-25","1","AMBIGUOUS","70","multiple_albums"
"RVTR182308","Didn'T You Know How Much I Loved You","kellie pickler","kellie pickler","Kellie Pickler | Small Town Girl","2006","2","2010-02-27","1","AMBIGUOUS","70","multiple_albums"
"RVTR182525","Break It To Me Gently","juice newton","juice newton","Greatest Hits | Quiet Lies","1982","17","1982-08-21","1","AMBIGUOUS","70","multiple_albums"
"RVTR182745","Set It Off","juvenile","juvenile","Project English | The Greatest Hits","2001","15","2001-08-11","1","AMBIGUOUS","70","multiple_albums"
"RVTR182764","From Tha Chuuuch To Da Palace","snoop dogg","snoop dogg","Paid Tha Cost To Be Da Bo$$ | The Best Of Snoop Dogg","2002","10","2002-11-09","1","AMBIGUOUS","70","multiple_albums"
"RVTR182874","She Loves Me Not","papa roach","papa roach","Lovehatetragedy | To Be Loved: The Best Of Papa Roach","2002","12","2002-07-20","1","AMBIGUOUS","70","multiple_albums"
"RVTR183034","Never As Good As The First Time","sade","sade","Promise | The Ultimate Collection","1985","12","1986-03-29","1","AMBIGUOUS","70","multiple_albums"
"RVTR184467","Question","The Moody Blues","The Moody Blues","A Question Of Balance | This Is The Moody Blues","1970","12","1970-05-02","1","AMBIGUOUS","70","multiple_albums"
"RVTR184792","Little Marie","chuck berry","chuck berry","Rock 'N' Roll Rarities | St. Louis To Liverpool","1964","6","1964-10-24","1","AMBIGUOUS","70","multiple_albums"
"RVTR185152","Stop Draggin' My Heart Around","stevie nicks","stevie nicks","Bella Donna | The Enchanted Works Of Stevie Nicks","1981","21","1981-07-25","1","AMBIGUOUS","70","multiple_albums"
"RVTR185177","Reeling In The Years","steely dan","steely dan","A Decade Of Steely Dan | Greatest Hits","1978","16","1973-03-10","1","AMBIGUOUS","70","multiple_albums"
"RVTR185267","Love My Way","psychedelic furs","psychedelic furs","All Of This And Nothing | Forever Now","1982","10","1983-03-05","1","AMBIGUOUS","70","multiple_albums"
"RVTR186214","Stand","rascal flatts","rascal flatts","Me And My Gang | The Best Of Rascal Flatts Live","2006","20","2007-03-03","1","AMBIGUOUS","70","multiple_albums"
"RVTR186653","American Music","The Pointer Sisters","The Pointer Sisters","So Excited | The Best Of The Pointer Sisters","1976","14","1982-06-26","1","AMBIGUOUS","70","multiple_albums"
"RVTR186674","Over And Over","nelly","nelly","Suit | Sweatsuit","2004","24","2004-10-16","1","AMBIGUOUS","70","multiple_albums"
"RVTR186895","Autumn Of My Life","bobby goldsboro","bobby goldsboro","Bobby Goldsboro's Greatest Hits | Summer (The First Time)","1970","9","1968-06-29","1","AMBIGUOUS","70","multiple_albums"
"RVTR186937","Country Side Of Life","wet willie","wet willie","Greatest Hits | Keep On Smilin' | Left Coast Live","1974","4","1974-10-26","1","AMBIGUOUS","70","multiple_albums"
"RVTR187020","Amos Moses","jerry reed","jerry reed","Georgia Sunshine | The Best Of Jerry Reed | When You're Hot, You're Hot","1971","24","1970-10-31","1","AMBIGUOUS","70","multiple_albums"
"RVTR187075","Shake Me Down","cage the elephant","cage the elephant","Thank You Happy Birthday | Unpeeled","2011","4","2011-01-29","1","AMBIGUOUS","70","multiple_albums"
"RVTR187178","I Could Never Be President","johnnie taylor","johnnie taylor","Johnnie Taylor's Greatest Hits | The Johnnie Taylor Philosophy Continues","1969","8","1969-08-09","1","AMBIGUOUS","70","multiple_albums"
"RVTR187731","The Last Word In Lonesome Is Me","eddy arnold","eddy arnold","The Best Of Eddy Arnold | The Last Word In Lonesome","1966","7","1966-05-14","1","AMBIGUOUS","70","multiple_albums"
"RVTR187796","Take You Out","luther vandross","luther vandross","Luther Vandross | Luther Vandross Live: Radio City Music Hall 2003","2001","17","2001-07-21","1","AMBIGUOUS","70","multiple_albums"
"RVTR188048","Speak","godsmack","godsmack","IV | Live & Inspired","2006","3","2006-04-15","1","AMBIGUOUS","70","multiple_albums"
"RVTR188230","Step In The Name Of Love","r. kelly","r. kelly","Chocolate Factory | The R. In R&B Collection: Volume One","2003","27","2003-08-23","1","AMBIGUOUS","70","multiple_albums"
"RVTR188658","Fishnet","morris day","morris day","Daydreaming | It's About Time","1988","13","1988-02-20","1","AMBIGUOUS","70","multiple_albums"
"RVTR188786","Cherish","david cassidy","david cassidy","Cherish | David Cassidy","1972","12","1971-11-06","1","AMBIGUOUS","70","multiple_albums"
"RVTR188932","Hot Stuff","donna summer","donna summer","Bad Girls | Donna Summer | Endless Summer: Donna Summer's Greatest Hits | Greatest Hits | The Best Of Donna Summer: 20th Century Masters: The Millennium Collection | VH1 Presents Live & More Encore!","1979","21","1979-04-21","1","AMBIGUOUS","70","multiple_albums"
"RVTR189052","Die Another Day","madonna","madonna","American Life | I'm Going To Tell You A Secret (Soundtrack)","2003","17","2002-10-19","1","AMBIGUOUS","70","multiple_albums"
"RVTR189500","Muddy Mississippi Line","bobby goldsboro","bobby goldsboro","Bobby Goldsboro's Greatest Hits | Muddy Mississippi Line | Summer (The First Time)","1970","9","1969-08-16","1","AMBIGUOUS","70","multiple_albums"
"RVTR190052","Neon Light","blake shelton","blake shelton","BRINGING BACK THE SUNSHINE | Reloaded: 20 #1 Hits","2014","20","2014-09-06","1","AMBIGUOUS","70","multiple_albums"
"RVTR190130","Look Through Any Window","The Hollies","The Hollies","Hear! Here! | The Hollies' Greatest Hits","1966","12","1965-11-20","1","AMBIGUOUS","70","multiple_albums"
"RVTR190280","I Heard It Through The Grapevine","gladys knight and the pips","gladys knight and the pips","Best Of Gladys Knight & The Pips | Everybody Needs Love","1967","17","1967-10-21","1","AMBIGUOUS","70","multiple_albums"
"RVTR190373","Shackles Praise You","mary mary","mary mary","Go Get It (Soundtrack) | Thankful","2000","20","2000-03-25","1","AMBIGUOUS","70","multiple_albums"
"RVTR190440","Jackie Brown","john mellencamp","john mellencamp","Big Daddy | Rough Harvest | Words & Music: John Mellencamp's Greatest Hits","1989","8","1989-07-15","1","AMBIGUOUS","70","multiple_albums"
"RVTR190647","Heart Of Stone","The Rolling Stones","The Rolling Stones","Big Hits (High Tide And Green Grass) | GRRR! | Hot Rocks 1964-1971 | Metamorphosis | Out Of Our Heads | Singles Collection - The London Years | The Rolling Stones, Now!","1965","9","1965-01-09","1","AMBIGUOUS","70","multiple_albums"
"RVTR191135","We Didn'T Start The Fire","billy joel","billy joel","2000 Years -- The Millennium Concert | Storm Front","1989","19","1989-10-14","1","AMBIGUOUS","70","multiple_albums"
"RVTR191163","It'S All In The Game","four tops","four tops","Four Tops | Four Tops Greatest Hits, Vol. 2 | Still Waters Run Deep","1965","13","1970-04-25","1","AMBIGUOUS","70","multiple_albums"
"RVTR191457","Strange Magic","electric light orchestra","electric light orchestra","All Over The World: The Very Best Of Electric Light Orchestra | ELO's Greatest Hits | Face The Music | Mr. Blue Sky: The Very Best Of Electric Light Orchestra","1975","14","1976-03-13","1","AMBIGUOUS","70","multiple_albums"
"RVTR192146","The Ways To Love A Man","tammy wynette","tammy wynette","Tammy's Greatest Hits, Volume II | The Ways To Love A Man","1970","4","1969-08-30","1","AMBIGUOUS","70","multiple_albums"
"RVTR193154","Hopelessly Devoted To You","olivia newton-john","olivia newton-john","Back To Basics/Essential Collection 1971-1992 | Magic: The Very Best Of Olivia Newton-John | Olivia's Greatest Hits, Vol. 2","1982","19","1978-07-08","1","AMBIGUOUS","70","multiple_albums"
"RVTR193194","Play The Game","queen","queen","Greatest Hits: We Will Rock You | The Game","1980","9","1980-06-28","1","AMBIGUOUS","70","multiple_albums"
"RVTR193201","Just A Little Bit Longer","maxi priest","maxi priest","Best Of Me | Bonafide | Maxi Priest","1988","11","1990-12-08","1","AMBIGUOUS","70","multiple_albums"
"RVTR193803","Fresh Air","quicksilver messenger service","quicksilver messenger service","Anthology | Just For Love","1970","9","1970-10-03","1","AMBIGUOUS","70","multiple_albums"
"RVTR193996","Talking Back To The Night","steve winwood","steve winwood","Chronicles | Talking Back To The Night","1982","10","1988-02-13","1","AMBIGUOUS","70","multiple_albums"
"RVTR194794","Rock Me On The Water","jackson browne","jackson browne","Jackson Browne | The Very Best Of Jackson Browne","1972","9","1972-08-05","1","AMBIGUOUS","70","multiple_albums"
"RVTR194925","Fiesta","r. kelly","r. kelly","The R. In R&B Collection: Volume One | tp-2.com","2000","21","2001-03-31","1","AMBIGUOUS","70","multiple_albums"
"RVTR194978","Up On The Roof","james taylor","james taylor","Flag | Greatest Hits Volume 2","1979","11","1979-06-02","1","AMBIGUOUS","70","multiple_albums"
"RVTR195375","Rock And Roll","led zeppelin","led zeppelin","Early Days & Latter Days: The Best Of Led Zeppelin Volumes One And Two | Early Days: The Best Of Led Zeppelin Volume One | Led Zeppelin Box Set 2 | Led Zeppelin IV | Mothership | The Song Remains The Same (Soundtrack)","1971","7","1972-03-18","1","AMBIGUOUS","70","multiple_albums"
"RVTR195387","Coming Undone","korn","korn","MTV Unplugged | See You On The Other Side","2005","6","2006-07-08","1","AMBIGUOUS","70","multiple_albums"
"RVTR195695","England Swings","roger miller","roger miller","Golden Hits | Roger Miller","1965","11","1965-11-06","1","AMBIGUOUS","70","multiple_albums"
"RVTR195978","Here Without You","3 doors down","3 doors down","Another 700 Miles (EP) | Away From The Sun | The Greatest Hits","2002","51","2003-08-30","1","AMBIGUOUS","70","multiple_albums"
"RVTR196202","Ticket To Ride","The Beatles","The Beatles","1 | 20 Greatest Hits | Help! (Soundtrack) | Live At The Hollywood Bowl | Reel Music | The Beatles 1962-1966 | The Beatles At The Hollywood Bowl","1965","11","1965-04-24","1","AMBIGUOUS","70","multiple_albums"
"RVTR196738","Lola","The Kinks","The Kinks","Come Dancing With The Kinks | Lola Versus Powerman And The Moneygoround, Part One | One For The Road","1970","20","1970-08-29","1","AMBIGUOUS","70","multiple_albums"
"RVTR196778","Limelight","rush","rush","Chronicles | Different Stages/Live | Moving Pictures | Snakes & Arrows: Live","1981","9","1981-03-14","1","AMBIGUOUS","70","multiple_albums"
"RVTR196864","Walk Away From Love","david ruffin","david ruffin","David Ruffin | Who I Am","1973","15","1975-11-08","1","AMBIGUOUS","70","multiple_albums"
"RVTR197282","Passion","rod stewart","rod stewart","Absolutely Live | Foolish Behaviour | Storyteller/Complete Anthology: 1964-1990","1980","20","1980-11-22","1","AMBIGUOUS","70","multiple_albums"
"RVTR197328","Songbird","barbra streisand","barbra streisand","Barbra Streisand's Greatest Hits, Volume 2 | Songbird","1978","10","1978-06-17","1","AMBIGUOUS","70","multiple_albums"
"RVTR197401","Guns For Hire","ac/dc","ac/dc","Flick Of The Switch | Iron Man 2 (Soundtrack)","1983","5","1983-10-01","1","AMBIGUOUS","70","multiple_albums"
"RVTR197516","Carolina In My Mind","james taylor","james taylor","Greatest Hits | James Taylor | The Best Of James Taylor","1970","7","1970-11-14","1","AMBIGUOUS","70","multiple_albums"
"RVTR197611","Nothing As It Seems","pearl jam","pearl jam","Binaural | Live On Ten Legs | Pearl Jam Twenty (Soundtrack)","2000","6","2000-05-13","1","AMBIGUOUS","70","multiple_albums"
"RVTR197698","Hung On You","The Righteous Brothers","The Righteous Brothers","Back To Back | The Very Best Of/Unchained Melody","1965","7","1965-07-17","1","AMBIGUOUS","70","multiple_albums"
"RVTR197747","Jingle Bells","frank sinatra","frank sinatra","A Jolly Christmas From Frank Sinatra | Christmas Songs By Sinatra | The Christmas Collection | Ultimate Christmas","2004","18","2019-01-05","1","AMBIGUOUS","70","multiple_albums"
"RVTR198127","My Cherie Amour","stevie wonder","stevie wonder","My Cherie Amour | Stevie Wonder Live | Stevie Wonder's Greatest Hits, Vol. 2 | The Definitive Collection","1969","14","1969-05-31","1","AMBIGUOUS","70","multiple_albums"
"RVTR198317","Keep It Comin' Love","kc and the sunshine band","kc and the sunshine band","Greatest Hits | Part 3","1976","20","1977-07-30","1","AMBIGUOUS","70","multiple_albums"
"RVTR198319","Going Home","kenny g","kenny g","Kenny G Greatest Hits | Live","1989","7","1990-01-06","1","AMBIGUOUS","70","multiple_albums"
"RVTR198458","Aubrey","bread","bread","Guitar Man | The Best Of Bread, Volume Two","1972","11","1973-02-03","1","AMBIGUOUS","70","multiple_albums"
"RVTR198774","Marry For Money","trace adkins","trace adkins","The Definitive Greatest Hits: Til The Last Shot's Fired | X: Ten","2008","3","2009-03-21","1","AMBIGUOUS","70","multiple_albums"
"RVTR199132","The Family Of Man","three dog night","three dog night","Around The World With Three Dog Night | Harmony | The Best Of Three Dog Night: 20th Century Masters...","1971","9","1972-03-25","1","AMBIGUOUS","70","multiple_albums"
"RVTR199331","Courtesy Of The Red White And Blue The Angry American","toby keith","toby keith","Greatest Hits 2 | Toby Keith | Unleashed","1993","21","2002-06-08","1","AMBIGUOUS","70","multiple_albums"
"RVTR199464","I Wanna Go Back","eddie money","eddie money","Can't Hold Back | Greatest Hits...Sound Of Money","1986","21","1986-12-20","1","AMBIGUOUS","70","multiple_albums"
"RVTR199620","Not Ready To Make Nice","dixie chicks","dixie chicks","Playlist: The Very Best Of The Dixie Chicks | Taking The Long Way | The Essential Dixie Chicks","2006","24","2006-05-06","1","AMBIGUOUS","70","multiple_albums"
"RVTR199812","Larger Than Life","backstreet boys","backstreet boys","Millennium | The Hits -- Chapter One","1999","19","1999-09-18","1","AMBIGUOUS","70","multiple_albums"
"RVTR199982","I Want To Know What Love Is","foreigner","foreigner","40: Forty Hits From Forty Years - 1977-2017 | Agent Provocateur | Feels Like The First Time","1985","21","1984-12-08","1","AMBIGUOUS","70","multiple_albums"
"RVTR199989","Macarthur Park","donna summer","donna summer","Donna Summer | Endless Summer: Donna Summer's Greatest Hits | On The Radio: Greatest Hits: Volumes I & II | The Best Of Donna Summer: 20th Century Masters: The Millennium Collection | The Journey: The Very Best Of Donna Summer | VH1 Presents Live & More Encore!","1979","20","1978-09-09","1","AMBIGUOUS","70","multiple_albums"
"RVTR200100","The Last Waltz","engelbert humperdinck","engelbert humperdinck","Engelbert Humperdinck | The Last Waltz","1967","9","1967-09-23","1","AMBIGUOUS","70","multiple_albums"
"RVTR201023","No Doubt About It","neal mccoy","neal mccoy","Greatest Hits | Neal McCoy | No Doubt About It","1994","5","1994-04-02","1","AMBIGUOUS","70","multiple_albums"
"RVTR201147","Changes","david bowie","david bowie","Best Of Bowie | Bowie At The BEEB: The Best Of The BBC Sessions 68-72 | Changesbowie | Changesonebowie | David Live | Hunky Dory | Legacy | Nothing Has Changed. | Sound + Vision","1972","18","1972-04-15","1","AMBIGUOUS","70","multiple_albums"
"RVTR201197","And She Was","talking heads","talking heads","Little Creatures | Popular Favorites 1976-1992: Sand In The Vaseline","1985","20","1985-09-07","1","AMBIGUOUS","70","multiple_albums"
"RVTR201237","The End Of Our Road","marvin gaye","marvin gaye","M.P.G. | Marvin Gaye Super Hits","1969","7","1970-06-13","1","AMBIGUOUS","70","multiple_albums"
"RVTR201303","Shaker Song","spyro gyra","spyro gyra","Access All Areas | Spyro Gyra","1978","5","1978-06-17","1","AMBIGUOUS","70","multiple_albums"
"RVTR201320","1984","spirit","spirit","Clear Spirit | The Best Of Spirit","1969","9","1970-02-07","1","AMBIGUOUS","70","multiple_albums"
"RVTR202064","Look Away","chicago","chicago","Chicago 19 | Greatest Hits 1982-1989 | The Very Best Of Chicago: Only The Beginning","1988","24","1988-09-24","1","AMBIGUOUS","70","multiple_albums"
"RVTR203091","Lowdown","chicago","chicago","Chicago At Carnegie Hall | The Very Best Of Chicago: Only The Beginning","1971","8","1971-05-08","1","AMBIGUOUS","70","multiple_albums"
"RVTR203778","Always On My Mind","willie nelson","willie nelson","Always On My Mind | Super Hits | To All The Girls...","1982","23","1982-03-06","1","AMBIGUOUS","70","multiple_albums"
"RVTR203848","If It Makes You Happy","sheryl crow","sheryl crow","Sheryl Crow | Sheryl Crow And Friends: Live From Central Park | The Very Best Of Sheryl Crow","1996","27","1996-09-21","1","AMBIGUOUS","70","multiple_albums"
"RVTR203914","There You Go","p!nk","p!nk","Can't Take Me Home | Greatest Hits... So Far!!!","2000","32","2000-03-04","1","AMBIGUOUS","70","multiple_albums"
"RVTR204155","Love Lifted Me","kenny rogers","kenny rogers","42 Ultimate Hits | Ten Years Of Gold | Twenty Greatest Hits","1978","3","1976-03-13","1","AMBIGUOUS","70","multiple_albums"
"RVTR204354","Love Bites","def leppard","def leppard","Hysteria | Rock Of Ages: The Definitive Collection | Vault: Greatest Hits 1980-1995 | Viva! Hysteria: Live At The Joint, Las Vegas","1987","23","1988-08-13","1","AMBIGUOUS","70","multiple_albums"
"RVTR204490","I'M Coming Out","diana ross","diana ross","Diamond Diana: The Legacy Collection | Diana Ross Anthology | Ross (II)","1983","23","1980-09-06","1","AMBIGUOUS","70","multiple_albums"
"RVTR204718","I Thought It Took A Little Time But Today I Fell In Love","diana ross","diana ross","Diana Ross Anthology | Diana Ross' Greatest Hits","1976","7","1976-03-20","1","AMBIGUOUS","70","multiple_albums"
"RVTR204764","At Last","etta james","etta james","At Last! | Enduring Soul | Etta James Top Ten | Her Best | The Best Of Etta James: 20th Century Masters The Millennium Collection","1963","8","1961-01-14","1","AMBIGUOUS","70","multiple_albums"
"RVTR204872","Endless Summer Nights","richard marx","richard marx","Greatest Hits | Richard Marx","1987","21","1988-01-23","1","AMBIGUOUS","70","multiple_albums"
"RVTR204919","Best Of My Love","Eagles","Eagles","Hell Freezes Over | The Very Best Of The Eagles | Their Greatest Hits 1971-1975 | Their Greatest Hits: Volumes 1 & 2","1976","19","1974-11-30","1","AMBIGUOUS","70","multiple_albums"
"RVTR205493","King Of The Road","roger miller","roger miller","Golden Hits | Roger Miller | The Return Of Roger Miller","1965","13","1965-01-30","1","AMBIGUOUS","70","multiple_albums"
"RVTR205497","Fool For Your Loving","whitesnake","whitesnake","Live In The Heart Of The City | Ready An' Willing | Slip Of The Tongue","1980","22","1980-08-02","1","AMBIGUOUS","70","multiple_albums"
"RVTR205780","Dream On","depeche mode","depeche mode","Exciter | Remixes 2: 81-11 (Deluxe Edition)","2001","10","2001-05-12","1","AMBIGUOUS","70","multiple_albums"
"RVTR206284","Goldmine","The Pointer Sisters","The Pointer Sisters","Hot Together | The Best Of The Pointer Sisters","1976","13","1986-11-01","1","AMBIGUOUS","70","multiple_albums"
"RVTR206559","Walk Of Life","dire straits","dire straits","Brothers In Arms | Money For Nothing | On The Night","1985","21","1985-11-02","1","AMBIGUOUS","70","multiple_albums"
"RVTR207052","No Particular Place To Go","chuck berry","chuck berry","Rock 'N' Roll Rarities | St. Louis To Liverpool | The Best Of Chuck Berry: 20th Century Masters The Millennium Collection","1964","11","1964-05-23","1","AMBIGUOUS","70","multiple_albums"
"RVTR207175","Take Me Down","alabama","alabama","For The Record: 41 Number One Hits | Greatest Hits Vol. 2 | Mountain Music | Ultimate Alabama: 20 #1 Hits","1982","13","1982-05-22","1","AMBIGUOUS","70","multiple_albums"
"RVTR208220","Backyard","pebbles","pebbles","Always | Pebbles","1988","7","1991-04-13","1","AMBIGUOUS","70","multiple_albums"
"RVTR208490","L A Woman","billy idol","billy idol","Charmed Life | Rebel Yell","1983","9","1990-09-08","1","AMBIGUOUS","70","multiple_albums"
"RVTR208544","Immigrant Song","led zeppelin","led zeppelin","Early Days & Latter Days: The Best Of Led Zeppelin Volumes One And Two | Early Days: The Best Of Led Zeppelin Volume One | How The West Was Won | Led Zeppelin Box Set 2 | Led Zeppelin III | Mothership | Remasters","1970","13","1970-11-21","1","AMBIGUOUS","70","multiple_albums"
"RVTR208965","Who Said I Would","phil collins","phil collins","No Jacket Required | Serious Hits...Live!","1985","5","1991-02-02","1","AMBIGUOUS","70","multiple_albums"
"RVTR209201","So Cold","breaking benjamin","breaking benjamin","shaLLow bay: The Best Of Breaking Benjamin | We Are Not Alone","2004","20","2004-09-11","1","AMBIGUOUS","70","multiple_albums"
"RVTR209438","Better Days","goo goo dolls","goo goo dolls","Greatest Hits, Volume One: The Singles | Let Love In","2006","20","2005-10-08","1","AMBIGUOUS","70","multiple_albums"
"RVTR209451","Freeway Of Love","aretha franklin","aretha franklin","Aretha's Best | Greatest Hits (1980-1994) | Who's Zoomin' Who?","1985","19","1985-06-22","1","AMBIGUOUS","70","multiple_albums"
"RVTR209970","Hey Jude","wilson pickett","wilson pickett","Hey Jude | The Best Of Wilson Pickett, Vol. II","1969","9","1968-12-21","1","AMBIGUOUS","70","multiple_albums"
"RVTR210408","Remember Me","diana ross","diana ross","Diana | Diana Ross Anthology | Diana Ross' Greatest Hits | Diana!","1971","10","1970-12-26","1","AMBIGUOUS","70","multiple_albums"
"RVTR210478","Saved By Zero","The Fixx","The Fixx","Reach The Beach | React","1983","16","1983-05-28","1","AMBIGUOUS","70","multiple_albums"
"RVTR210771","You Better Run","pat benatar","pat benatar","10 Great Songs | Crimes Of Passion","1980","11","1980-07-26","1","AMBIGUOUS","70","multiple_albums"
"RVTR210952","Always On Time","ja rule","ja rule","Exodus | Pain Is Love","2001","27","2001-11-17","1","AMBIGUOUS","70","multiple_albums"
"RVTR211044","Flake","jack johnson","jack johnson","Brushfire Fairytales | En Concert","2002","17","2002-08-03","1","AMBIGUOUS","70","multiple_albums"
"RVTR212149","When A Man Loves A Woman","percy sledge","percy sledge","The Best Of Percy Sledge | When A Man Loves A Woman","1966","13","1966-04-09","1","AMBIGUOUS","70","multiple_albums"
"RVTR214041","Sudden Stop","percy sledge","percy sledge","Take Time To Know Her | The Best Of Percy Sledge","1968","5","1968-08-03","1","AMBIGUOUS","70","multiple_albums"
"RVTR214095","Last Time I Saw Him","diana ross","diana ross","Diana Ross Anthology | Diana Ross' Greatest Hits | Last Time I Saw Him","1973","14","1974-01-05","1","AMBIGUOUS","70","multiple_albums"
"RVTR214197","While You See A Chance","steve winwood","steve winwood","Arc Of A Diver | Chronicles","1981","18","1981-02-07","1","AMBIGUOUS","70","multiple_albums"
"RVTR214243","Missionary Man","eurythmics","eurythmics","Revenge | Ultimate Collection","1986","16","1986-07-26","1","AMBIGUOUS","70","multiple_albums"
"RVTR214454","Baby What A Big Surprise","chicago","chicago","Chicago XI | The Very Best Of Chicago: Only The Beginning","1977","17","1977-09-24","1","AMBIGUOUS","70","multiple_albums"
"RVTR214741","Right Where I Need To Be","gary allan","gary allan","Greatest Hits | Smoke Rings In The Dark","1999","20","2001-04-07","1","AMBIGUOUS","70","multiple_albums"
"RVTR214985","Panama","van halen","van halen","1984 | Best Of Volume 1","1984","15","1984-06-23","1","AMBIGUOUS","70","multiple_albums"
"RVTR215164","Jolene","dolly parton","dolly parton","Dumplin' (Soundtrack) | Live From London | Something Special | Ultimate Dolly Parton","1995","8","1974-01-26","1","AMBIGUOUS","70","multiple_albums"
"RVTR215238","King Of Pain","The Police","The Police","Synchronicity | The Police","1983","16","1983-08-27","1","AMBIGUOUS","70","multiple_albums"
"RVTR215280","Bus Stop","The Hollies","The Hollies","Bus Stop | The Hollies' Greatest Hits","1966","14","1966-07-23","1","AMBIGUOUS","70","multiple_albums"
"RVTR215386","Vacation","go-go's","go-go's","Go-Go's Greatest | Vacation","1982","14","1982-07-03","1","AMBIGUOUS","70","multiple_albums"
"RVTR215390","I Can See For Miles","The Who","The Who","Join Together | Meaty Beaty Big And Bouncy | Opus Collection | The Kids Are Alright (Soundtrack) | The Who Hits 50! | The Who Sell Out | The Who Then And Now!: 1964-2004","1968","11","1967-10-14","1","AMBIGUOUS","70","multiple_albums"
"RVTR215591","Shining Star","The Manhattans","The Manhattans","After Midnight | Manhattans Greatest Hits","1980","25","1980-04-26","1","AMBIGUOUS","70","multiple_albums"
"RVTR216151","Sign 'O' The Times","prince","prince","Sign 'O' The Times | The Hits/The B-Sides | Ultimate","1987","14","1987-03-07","1","AMBIGUOUS","70","multiple_albums"
"RVTR216547","Time","The Alan Parsons Project","The Alan Parsons Project","The Best Of The Alan Parsons Project | The Turn Of A Friendly Card","1980","23","1981-04-18","1","AMBIGUOUS","70","multiple_albums"
"RVTR216687","Love Is Just A Four Letter Word","joan baez","joan baez","Any Day Now | Carry It On","1969","4","1969-04-26","1","AMBIGUOUS","70","multiple_albums"
"RVTR216905","Wish You Were Here","mark wills","mark wills","Greatest Hits | Wish You Were Here","1964","20","1999-03-06","1","AMBIGUOUS","70","multiple_albums"
"RVTR217081","If I Never See Your Face Again","maroon 5","maroon 5","It Won't Be Soon Before Long | Live From Le Cabaret: In Montreal, Quebec","2007","20","2008-05-24","1","AMBIGUOUS","70","multiple_albums"
"RVTR217403","Carey","joni mitchell","joni mitchell","Blue | Hits | Joni Mitchell","1968","1","1971-09-04","1","AMBIGUOUS","70","multiple_albums"
"RVTR217416","The Way I Am","eminem","eminem","Curtain Call: The Hits | The Marshall Mathers LP","2000","10","2000-08-26","1","AMBIGUOUS","70","multiple_albums"
"RVTR217449","My Prerogative","bobby brown","bobby brown","Dance!...Ya Know It! | Don't Be Cruel","1988","24","1988-10-22","1","AMBIGUOUS","70","multiple_albums"
"RVTR218291","Stupid Girls","p!nk","p!nk","Greatest Hits... So Far!!! | I'm Not Dead","2006","16","2006-02-25","1","AMBIGUOUS","70","multiple_albums"
"RVTR218598","Good Times Roll","The Cars","The Cars","Greatest Hits | The Cars | The Complete Greatest Hits","1978","10","1979-03-17","1","AMBIGUOUS","70","multiple_albums"
"RVTR219396","You Are The Sunshine Of My Life","stevie wonder","stevie wonder","Number 1's | Stevie Wonder's Original Musiquarium I | Talking Book | The Definitive Collection","1972","17","1973-03-17","1","AMBIGUOUS","70","multiple_albums"
"RVTR219703","Flesh For Fantasy","billy idol","billy idol","Greatest Hits | Idolize Yourself: The Very Best Of Billy Idol | Rebel Yell","1983","12","1984-08-25","1","AMBIGUOUS","70","multiple_albums"
"RVTR219921","That'S Where The Happy People Go","The Trammps","The Trammps","Best Of Trammps | Disco Inferno | Where The Happy People Go","1976","15","1976-04-10","1","AMBIGUOUS","70","multiple_albums"
"RVTR220134","How Will I Know","whitney houston","whitney houston","I Will Always Love You: The Best Of Whitney Houston | Live: Her Greatest Performances | Whitney Houston","1985","24","1985-12-07","1","AMBIGUOUS","70","multiple_albums"
"RVTR220395","Time For Livin'","The Association","The Association","Birthday | Greatest Hits","1968","8","1968-05-18","1","AMBIGUOUS","70","multiple_albums"
"RVTR220419","Smokin' Room","carl carlton","carl carlton","Carl Carlton | Everlasting Love","1975","4","1975-02-15","1","AMBIGUOUS","70","multiple_albums"
"RVTR220597","No Milk Today","herman's hermits","herman's hermits","The Best Of Herman's Hermits, Volume III | There's A Kind Of Hush All Over The World","1967","10","1967-02-18","1","AMBIGUOUS","70","multiple_albums"
"RVTR220679","All I Wanna Do Is Make Love To You","heart","heart","Brigade | The Road Home","1990","20","1990-03-31","1","AMBIGUOUS","70","multiple_albums"
"RVTR220700","I'Ll Make Love To You","boyz ii men","boyz ii men","II | The Best Of Boyz II Men: 20th Century Masters The Millennium Collection","1994","33","1994-08-13","1","AMBIGUOUS","70","multiple_albums"
"RVTR220931","Ain'T That Peculiar","marvin gaye","marvin gaye","Every Great Hit Of Marvin Gaye | Gold | Marvin Gaye Anthology | Number 1's | The Very Best Of Marvin Gaye","1974","12","1965-10-09","1","AMBIGUOUS","70","multiple_albums"
"RVTR221779","Survivor","destiny's child","destiny's child","#1's | Survivor","2001","20","2001-03-17","1","AMBIGUOUS","70","multiple_albums"
"RVTR221885","Love Is Thicker Than Water","andy gibb","andy gibb","Andy Gibb's Greatest Hits | Flowing Rivers","1977","29","1977-11-05","1","AMBIGUOUS","70","multiple_albums"
"RVTR221913","The Race Is On","george jones","george jones","50 Years Of Hits | A Collection Of My Best Recollection | Bradley's Barn Sessions | I'll Share My World With You | Super Hits | The Race Is On","1965","1","1965-01-23","1","AMBIGUOUS","70","multiple_albums"
"RVTR222282","Damned If I Do Ya Damned If I Don'T","all time low","all time low","MTV Unplugged | Nothing Personal","2009","1","2009-07-04","1","AMBIGUOUS","70","multiple_albums"
"RVTR222354","Stays In Mexico","toby keith","toby keith","Greatest Hits 2 | Toby Keith","1993","15","2004-08-28","1","AMBIGUOUS","70","multiple_albums"
"RVTR222374","One Hundred Ways","quincy jones","quincy jones","From Q With Love | The Dude","1981","21","1981-12-19","1","AMBIGUOUS","70","multiple_albums"
"RVTR222440","It Was Almost Like A Song","ronnie milsap","ronnie milsap","40 #1 Hits | Greatest Hits | It Was Almost Like A Song","1977","22","1977-06-18","1","AMBIGUOUS","70","multiple_albums"
"RVTR222755","One More Chance","diana ross","diana ross","Diana Ross Anthology | To Love Again","1981","5","1981-04-11","1","AMBIGUOUS","70","multiple_albums"
"RVTR222957","Hang Loose","mandrill","mandrill","Composite Truth | The Best Of Mandrill","1973","7","1973-08-11","1","AMBIGUOUS","70","multiple_albums"
"RVTR223160","Stronger","britney spears","britney spears","Greatest Hits: My Prerogative | Oops!...I Did It Again | Playlist: The Very Best Of Britney Spears | The Singles Collection","2000","15","2000-12-02","1","AMBIGUOUS","70","multiple_albums"
"RVTR223172","On The Radio","donna summer","donna summer","Donna Summer | Greatest Hits | On The Radio: Greatest Hits: Volumes I & II | The Best Of Donna Summer: 20th Century Masters: The Millennium Collection | VH1 Presents Live & More Encore!","1979","17","1980-01-12","1","AMBIGUOUS","70","multiple_albums"
"RVTR223374","Fancy Dancer","commodores","commodores","Commodores Anthology | Commodores Live! | Hot On The Tracks","1976","9","1977-01-08","1","AMBIGUOUS","70","multiple_albums"
"RVTR224302","Theme From Shaft","isaac hayes","isaac hayes","Live At The Sahara Tahoe | Ultimate Isaac Hayes: Can You Dig It?","1973","13","1971-10-16","1","AMBIGUOUS","70","multiple_albums"
"RVTR224408","It Ain'T Hard To Tell","nas","nas","From Illmatic To Stillmatic The Remixes (EP) | Greatest Hits","2002","8","1994-04-16","1","AMBIGUOUS","70","multiple_albums"
"RVTR224563","Shadow Dancing","andy gibb","andy gibb","Andy Gibb's Greatest Hits | Shadow Dancing","1978","25","1978-04-15","1","AMBIGUOUS","70","multiple_albums"
"RVTR224684","I Should Be So Lucky","kylie minogue","kylie minogue","Kylie | The Abbey Road Sessions","1988","14","1988-05-07","1","AMBIGUOUS","70","multiple_albums"
"RVTR225025","Turn Your Love Around","george benson","george benson","The George Benson Collection | The Greatest Hits Of All","1981","22","1981-10-24","1","AMBIGUOUS","70","multiple_albums"
"RVTR225467","Wake Up","hilary duff","hilary duff","Best Of Hilary Duff | Most Wanted","2005","6","2005-09-03","1","AMBIGUOUS","70","multiple_albums"
"RVTR225758","Talk Dirty","jason derulo","jason derulo","Platinum Hits | Talk Dirty","2014","33","2014-01-04","1","AMBIGUOUS","70","multiple_albums"
"RVTR226045","One Night Love Affair","bryan adams","bryan adams","Anthology | Reckless","1984","15","1985-09-14","1","AMBIGUOUS","70","multiple_albums"
"RVTR226295","All Those Years Ago","george harrison","george harrison","Let It Roll: Songs By George Harrison | Somewhere In England","1981","16","1981-05-23","1","AMBIGUOUS","70","multiple_albums"
"RVTR226388","Since I Lost My Baby","The Temptations","The Temptations","25th Anniversary | My Girl: The Very Best Of The Temptations | Temptin' Temptations | The Temptations Greatest Hits | The Ultimate Collection","1965","10","1965-07-24","1","AMBIGUOUS","70","multiple_albums"
"RVTR226439","Just Because","jane's addiction","jane's addiction","Strays | Up From The Catacombs: The Best Of Jane's Addiction","2003","9","2003-07-26","1","AMBIGUOUS","70","multiple_albums"
"RVTR226658","Never Comes The Day","The Moody Blues","The Moody Blues","On The Threshold Of A Dream | This Is The Moody Blues","1969","4","1969-06-28","1","AMBIGUOUS","70","multiple_albums"
"RVTR226694","I Know I'M Losing You","rod stewart","rod stewart","Best Rod Stewart | Storyteller/Complete Anthology: 1964-1990","1976","9","1971-11-20","1","AMBIGUOUS","70","multiple_albums"
"RVTR226724","All My Loving","The Beatles","The Beatles","Live At The Hollywood Bowl | Meet The Beatles! | The Beatles 1962-1966 | The Capitol Albums Vol. 1 | With The Beatles","1964","6","1964-03-28","1","AMBIGUOUS","70","multiple_albums"
"RVTR226740","Sweet Child O' Mine","guns n' roses","guns n' roses","Appetite For Destruction | Live Era '87 -- '93","1987","24","1988-06-25","1","AMBIGUOUS","70","multiple_albums"
"RVTR227174","Margaritaville","jimmy buffett","jimmy buffett","Changes In Latitudes, Changes In Attitudes | Songs You Know By Heart: Jimmy Buffett's Greatest Hit(s) | You Had To Be There","1977","23","1977-04-02","1","AMBIGUOUS","70","multiple_albums"
"RVTR227252","Say You Will","foreigner","foreigner","40: Forty Hits From Forty Years - 1977-2017 | Feels Like The First Time | Inside Information | The Best Of Foreigner 4 & More","1987","19","1987-12-05","1","AMBIGUOUS","70","multiple_albums"
"RVTR227357","Walk On Water","eddie money","eddie money","Greatest Hits...Sound Of Money | Nothing To Lose","1988","21","1988-10-01","1","AMBIGUOUS","70","multiple_albums"
"RVTR227410","Chiquitita","abba","abba","ABBA | The Best Of ABBA: 20th Century Masters The Millennium Collection | Voulez-Vous","1975","12","1979-11-10","1","AMBIGUOUS","70","multiple_albums"
"RVTR227472","Have You Seen Her","The Chi-lites","The Chi-lites","Chi-Lites | Heavenly Body | The Chi-Lites Greatest Hits","1972","14","1971-10-23","1","AMBIGUOUS","70","multiple_albums"
"RVTR228363","Distant Lover","marvin gaye","marvin gaye","Every Great Hit Of Marvin Gaye | Gold | Let's Get It On | Marvin Gaye Live At The London Palladium","1973","9","1974-09-28","1","AMBIGUOUS","70","multiple_albums"
"RVTR228560","Trouble","p!nk","p!nk","Greatest Hits... So Far!!! | Try This","2003","4","2003-10-18","1","AMBIGUOUS","70","multiple_albums"
"RVTR229268","I Love My Friend","charlie rich","charlie rich","Greatest Hits | The Silver Fox","1974","13","1974-08-03","1","AMBIGUOUS","70","multiple_albums"
"RVTR229363","Live To Tell","madonna","madonna","Something To Remember | The Immaculate Collection | True Blue","1986","18","1986-04-12","1","AMBIGUOUS","70","multiple_albums"
"RVTR229828","Paparazzi","lady gaga","lady gaga","The Fame | The Fame Monster (EP)","2008","27","2009-09-12","1","AMBIGUOUS","70","multiple_albums"
"RVTR229929","Scary Monsters And Nice Sprites","skrillex","skrillex","More Monsters And Sprites (EP) | Scary Monsters And Nice Sprites (EP)","2011","14","2012-01-07","1","AMBIGUOUS","70","multiple_albums"
"RVTR229988","Dinah Flo","boz scaggs","boz scaggs","Hits | My Time","1972","4","1972-09-30","1","AMBIGUOUS","70","multiple_albums"
"RVTR230071","Your Cash Ain'T Nothin' But Trash","The Steve Miller Band","The Steve Miller Band","Steve Miller Band Live | The Joker","1973","7","1974-03-02","1","AMBIGUOUS","70","multiple_albums"
"RVTR230250","Living In A House Divided","cher","cher","Foxy Lady | Greatest Hits","1972","8","1972-05-20","1","AMBIGUOUS","70","multiple_albums"
"RVTR230428","Heavy","collective soul","collective soul","7even Year Itch: Greatest Hits 1994--2001 | Dosage | Home","1999","20","1999-03-06","1","AMBIGUOUS","70","multiple_albums"
"RVTR231283","Break It To Me Gently","brenda lee","brenda lee","Let Me Sing | The Best Of Brenda Lee: 20th Century Masters The Christmas Collection","1963","13","1962-01-13","1","AMBIGUOUS","70","multiple_albums"
"RVTR231320","Want To Want Me","jason derulo","jason derulo","Everything Is 4 | Platinum Hits","2015","35","2015-03-28","1","AMBIGUOUS","70","multiple_albums"
"RVTR231441","I Want Your Love","chic","chic","C'est Chic | Chic","1977","19","1979-02-10","1","AMBIGUOUS","70","multiple_albums"
"RVTR231525","Fun Fun Fun","The Beach Boys","The Beach Boys","Beach Boys In Concert | Endless Summer | Greatest Hits | Shut Down, Volume 2 | Sounds Of Summer:The Very Best Of The Beach Boys | The Best Of The Beach Boys | The Greatest Hits Volume 1: 20 Good Vibrations","1964","11","1964-02-15","1","AMBIGUOUS","70","multiple_albums"
"RVTR232318","Dawn Go Away","The 4 Seasons","The 4 Seasons","Dawn (Go Away) And 11 Other Great Songs | The 4 Seasons' Gold Vault of Hits","1964","13","1964-02-01","1","AMBIGUOUS","70","multiple_albums"
"RVTR232674","I'D Rather","luther vandross","luther vandross","Luther Vandross | Luther Vandross Live: Radio City Music Hall 2003","2001","20","2002-09-14","1","AMBIGUOUS","70","multiple_albums"
"RVTR232771","Fight Fire With Fire","kansas","kansas","Best Of Kansas | Drastic Measures","1983","7","1983-09-03","1","AMBIGUOUS","70","multiple_albums"
"RVTR232827","Mississippi Girl","faith hill","faith hill","Fireflies | The Hits","2005","20","2005-06-11","1","AMBIGUOUS","70","multiple_albums"
"RVTR233269","I Lost On Jeopardy","""weird al"" yankovic","""weird al"" yankovic","""Weird Al"" Yankovic In 3-D | The Essential ""Weird Al"" Yankovic","1984","3","1984-06-30","1","AMBIGUOUS","70","multiple_albums"
"RVTR233374","Long Time Gone","dixie chicks","dixie chicks","Home | Playlist: The Very Best Of The Dixie Chicks | The Essential Dixie Chicks | Top Of The World Tour Live","2002","20","2002-06-22","1","AMBIGUOUS","70","multiple_albums"
"RVTR233703","Get Off Of My Cloud","The Rolling Stones","The Rolling Stones","Big Hits (High Tide And Green Grass) | December's Children (And Everybody's) | From The Vault: Hampton Coliseum (Live In 1981) | Got Live If You Want It! | GRRR! | Hot Rocks 1964-1971 | Singles Collection - The London Years","1965","12","1965-10-09","1","AMBIGUOUS","70","multiple_albums"
"RVTR233838","You Ought To Be With Me","al green","al green","Call Me | Greatest Hits","1973","15","1972-10-21","1","AMBIGUOUS","70","multiple_albums"
"RVTR234179","With Pen In Hand","bobby goldsboro","bobby goldsboro","Bobby Goldsboro's Greatest Hits | Honey","1968","5","1972-09-16","1","AMBIGUOUS","70","multiple_albums"
"RVTR234336","I Will Follow","u2","u2","Boy | The Best Of 1980-1990 | The Best Of 1980-1990/The B-Sides","1981","5","1984-01-14","1","AMBIGUOUS","70","multiple_albums"
"RVTR235031","If You Really Love Me","stevie wonder","stevie wonder","Stevie Wonder's Greatest Hits, Vol. 2 | Where I'm Coming From","1971","14","1971-08-14","1","AMBIGUOUS","70","multiple_albums"
"RVTR235093","Paper In Fire","john mellencamp","john mellencamp","The Best That I Could Do 1978 - 1988 | The Lonesome Jubilee | Words & Music: John Mellencamp's Greatest Hits","1987","16","1987-08-15","1","AMBIGUOUS","70","multiple_albums"
"RVTR235498","Beautiful Day","u2","u2","All That You Can't Leave Behind | The Best Of 1990-2000 | The Best Of 1990-2000 & B-Sides | U218: Singles","2000","25","2000-10-07","1","AMBIGUOUS","70","multiple_albums"
"RVTR235511","Pretzel Logic","steely dan","steely dan","Greatest Hits | Pretzel Logic","1974","5","1974-10-12","1","AMBIGUOUS","70","multiple_albums"
"RVTR235953","Freedom","jimi hendrix","jimi hendrix","Blue Wild Angel: Live At The Isle Of Wright | First Rays Of The New Rising Sun | The Cry Of Love | Voodoo Soup","1971","8","1971-04-03","1","AMBIGUOUS","70","multiple_albums"
"RVTR235955","A Matter Of Trust","billy joel","billy joel","A Matter Of Trust: The Bridge to Russia: The Concert | Greatest Hits Volume III | Kohuept (Live In Leningrad) | The Bridge","1986","18","1986-08-09","1","AMBIGUOUS","70","multiple_albums"
"RVTR236149","Vision Of Love","mariah carey","mariah carey","#1 To Infinity | Mariah Carey | MTV Unplugged EP | The Ballads","1990","22","1990-06-02","1","AMBIGUOUS","70","multiple_albums"
"RVTR236609","Dirty White Boy","foreigner","foreigner","40: Forty Hits From Forty Years - 1977-2017 | Complete Greatest Hits | Extended Versions | Feels Like The First Time | Head Games | Juke Box Heroes | No End In Sight: The Very Best Of Foreigner | Records","1979","14","1979-09-08","1","AMBIGUOUS","70","multiple_albums"
"RVTR236894","Why","annie lennox","annie lennox","Diva | The Annie Lennox Collection","1992","20","1992-05-16","1","AMBIGUOUS","70","multiple_albums"
"RVTR237491","Sharp Dressed Man","zz top","zz top","Eliminator | Greatest Hits | The Very Best Of ZZ Top: Rancho Texicano","1983","9","1983-07-23","1","AMBIGUOUS","70","multiple_albums"
"RVTR238107","Any Way You Want It","The Dave Clark Five","The Dave Clark Five","Coast To Coast | The Dave Clark Five's Greatest Hits | The History Of The Dave Clark Five","1965","12","1964-11-14","1","AMBIGUOUS","70","multiple_albums"
"RVTR238199","The Dolphin'S Cry","live","live","Awake: The Best Of Live | The Distance To Here","1999","10","1999-10-16","1","AMBIGUOUS","70","multiple_albums"
"RVTR238566","1999","prince","prince","1999 | 4Ever | The Hits 1 | The Hits/The B-Sides | Ultimate","1982","30","1982-10-30","1","AMBIGUOUS","70","multiple_albums"
"RVTR238692","Sleeping Bag","zz top","zz top","Afterburner | The Very Best Of ZZ Top: Rancho Texicano","1985","17","1985-10-19","1","AMBIGUOUS","70","multiple_albums"
"RVTR238781","Help Me Make It Through The Night","gladys knight and the pips","gladys knight and the pips","Best Of Gladys Knight & The Pips | Standing Ovation","1972","8","1972-03-25","1","AMBIGUOUS","70","multiple_albums"
"RVTR238822","To Know You Is To Love You","bobby vinton","bobby vinton","16 Most Requested Songs | Bobby Vinton's Greatest Hits Of Love","1970","7","1969-04-05","1","AMBIGUOUS","70","multiple_albums"
"RVTR239252","Hey Baby They'Re Playing Our Song","The Buckinghams","The Buckinghams","Portraits | The Buckinghams' Greatest Hits","1968","10","1967-09-09","1","AMBIGUOUS","70","multiple_albums"
"RVTR239598","Come To Me","otis redding","otis redding","King & Queen | Pure Southern Soul: Otis Redding | The Great Otis Redding Sings Soul Ballads","1965","7","1964-03-21","1","AMBIGUOUS","70","multiple_albums"
"RVTR239820","Let Me Let Go","faith hill","faith hill","Faith | The Hits","1998","10","1998-12-05","1","AMBIGUOUS","70","multiple_albums"
"RVTR239862","Almost Saturday Night","john fogerty","john fogerty","John Fogerty | Premonition | Wrote A Song For Everyone","1975","3","1975-12-13","1","AMBIGUOUS","70","multiple_albums"
"RVTR240002","Love Will Save The Day","whitney houston","whitney houston","Whitney | Whitney: The Greatest Hits","1987","16","1988-07-02","1","AMBIGUOUS","70","multiple_albums"
"RVTR240384","If You Let Me","eddie kendricks","eddie kendricks","Eddie Kendricks | People...Hold On","1972","8","1972-10-07","1","AMBIGUOUS","70","multiple_albums"
"RVTR240450","Stuck On You","lionel richie","lionel richie","Can't Slow Down | Tuskegee","1983","19","1984-06-23","1","AMBIGUOUS","70","multiple_albums"
"RVTR240936","Easy Love","dionne warwick","dionne warwick","Hot! Live And Otherwise | No Night So Long","1980","10","1980-11-22","1","AMBIGUOUS","70","multiple_albums"
"RVTR241213","Plain Jane","sammy hagar","sammy hagar","Rematch | Street Machine","1979","7","1979-09-15","1","AMBIGUOUS","70","multiple_albums"
"RVTR241307","Could It Be Forever","david cassidy","david cassidy","Cherish | David Cassidy","1972","9","1972-02-19","1","AMBIGUOUS","70","multiple_albums"
"RVTR241569","Bubbly","colbie caillat","colbie caillat","Coco | Coco: Summer Sessions (EP)","2007","47","2007-06-02","1","AMBIGUOUS","70","multiple_albums"
"RVTR241835","Take A Chance On Me","abba","abba","ABBA | The Album | The Best Of ABBA: 20th Century Masters The Millennium Collection","1975","18","1978-04-22","1","AMBIGUOUS","70","multiple_albums"
"RVTR242636","Oh Carol","neil sedaka","neil sedaka","Neil Sedaka Sings His Greatest Hits | The Definitive Collection","1975","18","1959-10-10","1","AMBIGUOUS","70","multiple_albums"
"RVTR243062","Raining In My Heart","buddy holly","buddy holly","Buddy Holly & The Crickets 20 Golden Greats | The Buddy Holly Story","1963","2","1959-03-28","1","AMBIGUOUS","70","multiple_albums"
"RVTR243110","The Proud One","The Osmonds","The Osmonds","Around The World - Live In Concert | The Proud One","1975","11","1975-07-26","1","AMBIGUOUS","70","multiple_albums"
"RVTR243159","Most Of All","jody watley","jody watley","Jody Watley | You Wanna Dance With Me?","1987","11","1988-04-30","1","AMBIGUOUS","70","multiple_albums"
"RVTR243162","God","tori amos","tori amos","Tales Of A Librarian: A Tori Amos Collection | Under The Pink","1994","12","1994-02-19","1","AMBIGUOUS","70","multiple_albums"
"RVTR243430","Show Me","joe tex","joe tex","Live And Lively | The Best Of Joe Tex","1967","8","1967-03-04","1","AMBIGUOUS","70","multiple_albums"
"RVTR243782","Dna","bts","bts","Love Yourself: Answer | Love Yourself: Her","2017","4","2017-10-07","1","AMBIGUOUS","70","multiple_albums"
"RVTR243947","All She Wants To Do Is Dance","don henley","don henley","Actual Miles Henley's Greatest Hits | Building The Perfect Beast","1984","19","1985-02-23","1","AMBIGUOUS","70","multiple_albums"
"RVTR243964","Stay Away","elvis presley","elvis presley","Almost In Love | Love, Elvis","1970","5","1968-03-16","1","AMBIGUOUS","70","multiple_albums"
"RVTR244632","Engine Number 9","wilson pickett","wilson pickett","The Best Of Wilson Pickett, Vol. II | Wilson Pickett In Philadelphia","1970","13","1970-09-26","1","AMBIGUOUS","70","multiple_albums"
"RVTR244804","Miss Murder","afi","afi","AFI (The Blood Album) | Decemberunderground","2006","20","2006-05-13","1","AMBIGUOUS","70","multiple_albums"
"RVTR245069","Too Much Time On My Hands","styx","styx","Caught In The Act - Live | Greatest Hits | Paradise Theater | Return To Paradise","1981","19","1981-03-21","1","AMBIGUOUS","70","multiple_albums"
"RVTR245285","Over My Head Cable Car","The Fray","The Fray","How To Save A Life | Through The Years: The Best Of The Fray","2005","42","2006-02-25","1","AMBIGUOUS","70","multiple_albums"
"RVTR245782","I Still Haven'T Found What I'M Looking For","u2","u2","Rattle And Hum (Soundtrack) | The Best Of 1980-1990/The B-Sides | U218: Singles","1988","17","1987-06-13","1","AMBIGUOUS","70","multiple_albums"
"RVTR245901","Sitting","cat stevens","cat stevens","Cat Stevens Greatest Hits | Catch Bull At Four","1972","11","1972-11-18","1","AMBIGUOUS","70","multiple_albums"
"RVTR246813","Fields Of Gold","sting","sting","... All This Time | Best Of 25 Years | Fields Of Gold - Best Of Sting 1984-1994 | Ten Summoner's Tales","1993","20","1993-06-05","1","AMBIGUOUS","70","multiple_albums"
"RVTR246947","You'Re The Inspiration","chicago","chicago","Chicago 17 | Love Songs | The Very Best Of Chicago: Only The Beginning","1984","22","1984-11-17","1","AMBIGUOUS","70","multiple_albums"
"RVTR247133","Sweet Surrender","sarah mclachlan","sarah mclachlan","Closer: The Best Of Sarah McLachlan | Surfacing","1997","14","1998-02-14","1","AMBIGUOUS","70","multiple_albums"
"RVTR247219","Every Time I Think Of You","The Babys","The Babys","Anthology | Head First","1979","16","1979-01-06","1","AMBIGUOUS","70","multiple_albums"
"RVTR247485","Tears In Heaven","eric clapton","eric clapton","Clapton Chronicles: The Best Of Eric Clapton | Forever Man: The Best Of Eric Clapton | One More Car, One More Rider: Live On Tour 2001 | The Best Of Eric Clapton: 20th Century Masters The Millennium Collection | Unplugged","1992","26","1992-02-08","1","AMBIGUOUS","70","multiple_albums"
"RVTR247945","Cry","faith hill","faith hill","Cry | The Hits","2002","26","2002-08-31","1","AMBIGUOUS","70","multiple_albums"
"RVTR248495","Love Me Good","michael w. smith","michael w. smith","Live The Life | The Second Decade: 1993-2003","1998","5","1998-04-25","1","AMBIGUOUS","70","multiple_albums"
"RVTR248554","Work","iggy azalea","iggy azalea","Reclassified | The New Classic","2014","20","2014-05-17","1","AMBIGUOUS","70","multiple_albums"
"RVTR249609","The Hustle","van mccoy","van mccoy","Disco Baby | The Hustle And Best Of Van McCoy","1975","19","1975-04-19","1","AMBIGUOUS","70","multiple_albums"
"RVTR249801","Changes In Latitudes Changes In Attitudes","jimmy buffett","jimmy buffett","Boats Beaches Bars & Ballads | Changes In Latitudes, Changes In Attitudes | Songs You Know By Heart: Jimmy Buffett's Greatest Hit(s) | You Had To Be There","1977","10","1977-09-17","1","AMBIGUOUS","70","multiple_albums"
"RVTR250327","Solsbury Hill","peter gabriel","peter gabriel","Hit | New Blood | Peter Gabriel (Security) | Scratch My Back/And I'll Scratch Yours | Shaking The Tree - 16 Golden Greats | So: (25th Anniversary Deluxe Edition)","1982","8","1977-04-30","1","AMBIGUOUS","70","multiple_albums"
"RVTR250881","Stupid Girl","garbage","garbage","Absolute Garbage | Garbage","1995","20","1996-07-27","1","AMBIGUOUS","70","multiple_albums"
"RVTR250947","Put It On Me","ja rule","ja rule","Exodus | Rule 3:36","2000","26","2000-12-23","1","AMBIGUOUS","70","multiple_albums"
"RVTR251681","Ob La Di Ob La Da","The Beatles","The Beatles","The Beatles [White Album] | The Beatles 1967-1970","1968","7","1976-11-20","1","AMBIGUOUS","70","multiple_albums"
"RVTR251779","Never Give You Up","jerry butler","jerry butler","The Best Of Jerry Butler | The Ice Man Cometh | The Soul Goes On","1968","14","1968-05-04","1","AMBIGUOUS","70","multiple_albums"
"RVTR251916","Don'T Touch Me There","The Tubes","The Tubes","T.R.A.S.H. (Tubes Rarities And Smash Hits) | What Do You Want From Live | Young And Rich","1976","7","1976-07-03","1","AMBIGUOUS","70","multiple_albums"
"RVTR251997","Alabama Getaway","grateful dead","grateful dead","Flashback With The Grateful Dead | Go To Heaven | Road Trips: Vol. 4 No. 4: Spectrum 4-6-82","1980","6","1980-06-21","1","AMBIGUOUS","70","multiple_albums"
"RVTR252059","Leaving Las Vegas","sheryl crow","sheryl crow","Sheryl Crow And Friends: Live From Central Park | The Very Best Of Sheryl Crow | Tuesday Night Music Club","1994","10","1994-04-23","1","AMBIGUOUS","70","multiple_albums"
"RVTR252292","Department Of Youth","alice cooper","alice cooper","Welcome 2 My Nightmare | Welcome To My Nightmare","1975","4","1975-08-16","1","AMBIGUOUS","70","multiple_albums"
"RVTR252327","Gentle On My Mind","glen campbell","glen campbell","All The Best | Gentle On My Mind | Glen Campbell's Greatest Hits | See You There","1967","16","1967-07-08","1","AMBIGUOUS","70","multiple_albums"
"RVTR252623","Leave Me Alone Ruby Red Dress","helen reddy","helen reddy","Helen Reddy's Greatest Hits | Long Hard Climb","1973","16","1973-11-03","1","AMBIGUOUS","70","multiple_albums"
"RVTR252961","Something Happened On The Way To Heaven","phil collins","phil collins","...But Seriously | ...Hits | Serious Hits...Live!","1989","22","1990-08-04","1","AMBIGUOUS","70","multiple_albums"
"RVTR253053","Softly, As I Leave You","frank sinatra","frank sinatra","A Man And His Music | Softly, As I Leave You","1964","11","1964-09-05","1","AMBIGUOUS","70","multiple_albums"
"RVTR253175","Museum","herman's hermits","herman's hermits","Blaze | The Best Of Herman's Hermits, Volume III","1967","6","1967-08-26","1","AMBIGUOUS","70","multiple_albums"
"RVTR253281","End Of The Line","traveling wilburys","traveling wilburys","The Traveling Wilburys Collection | Traveling Wilburys","1988","9","1989-02-11","1","AMBIGUOUS","70","multiple_albums"
"RVTR253373","Don'T Stop Believin'","journey","journey","Escape | Journey's Greatest Hits","1981","16","1981-10-31","1","AMBIGUOUS","70","multiple_albums"
"RVTR253720","Heal The World","michael jackson","michael jackson","Dangerous | Greatest Hits: HIStory -- Volume 1 | HIStory: Past, Present And Future Book 1","1991","20","1992-12-12","1","AMBIGUOUS","70","multiple_albums"
"RVTR253780","Lady","styx","styx","Come Sail Away: The Styx Anthology | Return To Paradise | Styx II","1975","17","1974-12-14","1","AMBIGUOUS","70","multiple_albums"
"RVTR253995","Since You'Re Gone","The Cars","The Cars","Greatest Hits | The Complete Greatest Hits","1985","9","1982-03-27","1","AMBIGUOUS","70","multiple_albums"
"RVTR254122","Tonight'S The Night Gonna Be Alright","rod stewart","rod stewart","If We Fall In Love Tonight | Storyteller/Complete Anthology: 1964-1990","1989","23","1976-10-02","1","AMBIGUOUS","70","multiple_albums"
"RVTR254429","Stop Being Greedy","dmx","dmx","The Best Of DMX | The Definition Of X: Pick Of The Litter","2007","6","1998-08-15","1","AMBIGUOUS","70","multiple_albums"
"RVTR254955","Breathe Again","toni braxton","toni braxton","Toni Braxton | Ultimate Toni Braxton","1993","35","1993-10-16","1","AMBIGUOUS","70","multiple_albums"
"RVTR255081","Lay Down Sally","eric clapton","eric clapton","Just One Night | Slowhand | The Cream Of Eric Clapton | Time Pieces -- The Best Of Eric Clapton","1977","23","1978-01-07","1","AMBIGUOUS","70","multiple_albums"
"RVTR255120","Boom Boom","The Animals","The Animals","The Animals On Tour | The Very Best Of The Animals","1965","7","1964-12-05","1","AMBIGUOUS","70","multiple_albums"
"RVTR255222","Get Together","The Youngbloods","The Youngbloods","Ride The Wind | The Best Of The Youngbloods | The Youngbloods","1967","25","1967-09-02","1","AMBIGUOUS","70","multiple_albums"
"RVTR255532","Somebody To Love","jefferson airplane","jefferson airplane","Bless Its Pointed Little Head | Surrealistic Pillow | The Worst Of Jefferson Airplane","1967","15","1967-04-01","1","AMBIGUOUS","70","multiple_albums"
"RVTR256146","Space Oddity","david bowie","david bowie","Best Of Bowie | Bowie At The BEEB: The Best Of The BBC Sessions 68-72 | Changesbowie | Changesonebowie | Legacy | The Platinum Collection","1976","15","1973-01-27","1","AMBIGUOUS","70","multiple_albums"
"RVTR256223","Possession","sarah mclachlan","sarah mclachlan","Closer: The Best Of Sarah McLachlan | Fumbling Towards Ecstasy | Mirrorball","1994","19","1994-05-07","1","AMBIGUOUS","70","multiple_albums"
"RVTR257081","That Ain'T Love","reo speedwagon","reo speedwagon","The Hits | The Second Decade of Rock & Roll 1981-1991","1988","14","1987-01-31","1","AMBIGUOUS","70","multiple_albums"
"RVTR257357","Criticize","alexander o'neal","alexander o'neal","All Mixed Up | Hearsay","1987","11","1987-11-14","1","AMBIGUOUS","70","multiple_albums"
"RVTR258161","Downtown Train","rod stewart","rod stewart","Rod Stewart Greatest Hits | The Very Best Of Rod Stewart","1979","18","1989-11-25","1","AMBIGUOUS","70","multiple_albums"
"RVTR258666","Something To Talk About","bonnie raitt","bonnie raitt","Luck Of The Draw | Road Tested | The Best Of Bonnie Raitt On Capitol 1989-2003","1991","20","1991-07-20","1","AMBIGUOUS","70","multiple_albums"
"RVTR259352","Almost Home","craig morgan","craig morgan","Greatest Hits | I Love It","2003","14","2003-05-31","1","AMBIGUOUS","70","multiple_albums"
"RVTR259395","Thnks Fr Th Mmrs","fall out boy","fall out boy","Believers Never Die: Greatest Hits | Infinity On High","2007","28","2007-04-28","1","AMBIGUOUS","70","multiple_albums"
"RVTR259501","Daybreak","barry manilow","barry manilow","Barry Manilow Live | Greatest Hits | The Complete Collection | This One's For You","1976","10","1977-10-01","1","AMBIGUOUS","70","multiple_albums"
"RVTR259583","Bloody Well Right","supertramp","supertramp","Crime Of The Century | Paris","1974","10","1975-04-12","1","AMBIGUOUS","70","multiple_albums"
"RVTR259837","Breathe","faith hill","faith hill","Breathe | The Hits","1999","53","1999-11-06","1","AMBIGUOUS","70","multiple_albums"
"RVTR260192","Human","The Killers","The Killers","Day & Age | Direct Hits","2008","20","2008-10-18","1","AMBIGUOUS","70","multiple_albums"
"RVTR260378","Last Child","aerosmith","aerosmith","Aerosmith's Greatest Hits | Live Bootleg | O, Yeah! Ultimate Aerosmith Hits | Rocks | The Essential Aerosmith","1976","15","1976-06-12","1","AMBIGUOUS","70","multiple_albums"
"RVTR261223","Two Sides Of Love","sammy hagar","sammy hagar","The Essential Red Collection | Unboxed | VOA","1984","12","1984-07-14","1","AMBIGUOUS","70","multiple_albums"
"RVTR261477","The Seeker","The Who","The Who","BBC Sessions | Greatest Hits | Meaty Beaty Big And Bouncy","1971","7","1970-04-18","1","AMBIGUOUS","70","multiple_albums"
"RVTR261615","Light My Fire","The Doors","The Doors","13 | Alive She Cried | Greatest Hits | The Doors | The Future Starts Here: The Essential Doors Hits | The Singles | The Very Best Of The Doors","1967","23","1967-06-03","1","AMBIGUOUS","70","multiple_albums"
"RVTR261800","Ridin' The Storm Out","reo speedwagon","reo speedwagon","A Decade Of Rock+roll 1970 To 1980 | REO Speedwagon Live/You Get What You Play For","1977","3","1977-05-28","1","AMBIGUOUS","70","multiple_albums"
"RVTR262041","The River Is Wide","The Grass Roots","The Grass Roots","Let's Live For Today | Lovin' Things | More Golden Grass | Their 16 Greatest Hits","1967","11","1969-04-12","1","AMBIGUOUS","70","multiple_albums"
"RVTR262413","From Me To You","The Beatles","The Beatles","1 | 20 Greatest Hits | Early Beatles | On Air: Live At The BBC Volume 2 | Past Masters | The Beatles 1962-1966","1965","6","1964-03-07","1","AMBIGUOUS","70","multiple_albums"
"RVTR262648","Something About You","four tops","four tops","Four Tops | Four Tops Second Album","1965","7","1965-11-13","1","AMBIGUOUS","70","multiple_albums"
"RVTR262747","Some Guys Have All The Luck","rod stewart","rod stewart","Camouflage | The Very Best Of Rod Stewart","1984","17","1984-08-25","1","AMBIGUOUS","70","multiple_albums"
"RVTR262815","Walking The Dog","rufus thomas","rufus thomas","Rufus Thomas Live/Doing The Push & Pull At P.J.'s | Walking The Dog","1963","14","1963-10-05","1","AMBIGUOUS","70","multiple_albums"
"RVTR262831","She Believes In Me","kenny rogers","kenny rogers","21 Number Ones | Greatest Hits | Kenny Rogers' Greatest Hits | The Gambler | Twenty Greatest Hits | With Love","1971","16","1979-04-28","1","AMBIGUOUS","70","multiple_albums"
"RVTR262844","Bernadette","four tops","four tops","Four Tops | Four Tops Reach Out | The Best Of The 4 Tops","1965","10","1967-03-11","1","AMBIGUOUS","70","multiple_albums"
"RVTR263744","Do It","neil diamond","neil diamond","Classics The Early Years | Do It! | Neil Diamond's Greatest Hits | The Feel Of Neil Diamond","1966","10","1970-11-07","1","AMBIGUOUS","70","multiple_albums"
"RVTR264163","Come To My Window","melissa etheridge","melissa etheridge","Greatest Hits: The Road Less Traveled | Yes I Am","1993","44","1994-02-26","1","AMBIGUOUS","70","multiple_albums"
"RVTR264204","Blue On Blue","bobby vinton","bobby vinton","16 Most Requested Songs | Blue Velvet | Bobby Vinton's All-Time Greatest Hits | Bobby Vinton's Greatest Hits | Vinton","1963","13","1963-05-18","1","AMBIGUOUS","70","multiple_albums"
"RVTR265162","Far Away","nickelback","nickelback","All The Right Reasons | The Best Of Nickelback: Volume 1","2005","30","2006-08-05","1","AMBIGUOUS","70","multiple_albums"
"RVTR265177","You Make Me Feel Like Dancing","leo sayer","leo sayer","Endless Flight | Leo Sayer","1976","21","1976-10-23","1","AMBIGUOUS","70","multiple_albums"
"RVTR265289","Paint It Black","The Rolling Stones","The Rolling Stones","Aftermath | Singles Collection - The London Years","1966","11","1966-05-14","1","AMBIGUOUS","70","multiple_albums"
"RVTR265434","Homewrecker","gretchen wilson","gretchen wilson","Greatest Hits | Here For The Party","2004","13","2005-03-26","1","AMBIGUOUS","70","multiple_albums"
"RVTR265442","Thank God I Found You","mariah carey","mariah carey","# 1's | The Remixes","1998","20","1999-12-11","1","AMBIGUOUS","70","multiple_albums"
"RVTR265523","We Shall Overcome","joan baez","joan baez","Best Of Joan Baez | Carry It On | Joan Baez In Concert, Part 2","1963","1","1963-11-09","1","AMBIGUOUS","70","multiple_albums"
"RVTR265840","Allentown","billy joel","billy joel","2000 Years -- The Millennium Concert | A Matter Of Trust: The Bridge to Russia: The Concert | Kohuept (Live In Leningrad) | Live At Shea Stadium: The Concert | The Nylon Curtain","1982","22","1982-11-27","1","AMBIGUOUS","70","multiple_albums"
"RVTR265927","I Don'T Love You Anymore","teddy pendergrass","teddy pendergrass","Playlist: The Very Best Of Teddy Pendergrass | The Essential Teddy Pendergrass","2010","14","1977-05-21","1","AMBIGUOUS","70","multiple_albums"
"RVTR266002","Love Of My Life","gino vannelli","gino vannelli","The Best Of Gino Vannelli | The Gist Of The Gemini","1976","8","1976-09-11","1","AMBIGUOUS","70","multiple_albums"
"RVTR266427","You Must Believe Me","The Impressions","The Impressions","People Get Ready | The Impressions Greatest Hits","1965","10","1964-09-05","1","AMBIGUOUS","70","multiple_albums"
"RVTR266609","Don'T Let Him Take Your Love From Me","four tops","four tops","Four Tops Greatest Hits, Vol. 2 | Four Tops Now!","1969","7","1969-12-06","1","AMBIGUOUS","70","multiple_albums"
"RVTR266818","Blue Eyes","elton john","elton john","Jump Up | Love Songs | Rocket Man: Number Ones","1982","18","1982-07-10","1","AMBIGUOUS","70","multiple_albums"
"RVTR266861","Jesus He Knows Me","genesis","genesis","Platinum Collection | Turn It On Again: The Hits: The Tour Edition | We Can't Dance","1991","20","1992-08-01","1","AMBIGUOUS","70","multiple_albums"
"RVTR266920","Every Time I Close My Eyes","babyface","babyface","A Collection Of His Greatest Hits | The Day","1996","26","1997-02-01","1","AMBIGUOUS","70","multiple_albums"
"RVTR267143","Everlasting Love","gloria estefan","gloria estefan","Greatest Hits Vol. II | Hold Me, Thrill Me, Kiss Me","1994","20","1995-01-28","1","AMBIGUOUS","70","multiple_albums"
"RVTR268032","Peace Train","cat stevens","cat stevens","Cat Stevens Greatest Hits | Teaser And The Firecat","1971","12","1971-09-25","1","AMBIGUOUS","70","multiple_albums"
"RVTR268551","Best Of You","foo fighters","foo fighters","Greatest Hits | In Your Honor","2005","21","2005-05-14","1","AMBIGUOUS","70","multiple_albums"
"RVTR268593","Everybody Needs Love","gladys knight and the pips","gladys knight and the pips","Best Of Gladys Knight & The Pips | Everybody Needs Love","1967","9","1967-07-08","1","AMBIGUOUS","70","multiple_albums"
"RVTR269557","Save Room","john legend","john legend","Live From Philadelphia | Once Again","2006","6","2006-11-11","1","AMBIGUOUS","70","multiple_albums"
"RVTR269598","I Am Mine","pearl jam","pearl jam","Live At The Gorge 05/06 | Live On Ten Legs | Riot Act","2002","8","2002-10-12","1","AMBIGUOUS","70","multiple_albums"
"RVTR269641","Mellow Yellow","donovan","donovan","Donovan's Greatest Hits | Mellow Yellow","1967","12","1966-11-12","1","AMBIGUOUS","70","multiple_albums"
"RVTR269752","Puppet Man","The 5th Dimension","The 5th Dimension","Greatest Hits On Earth | Portrait","1970","8","1970-04-18","1","AMBIGUOUS","70","multiple_albums"
"RVTR269758","Empty Arms","sonny james","sonny james","Empty Arms | The Best Of Sonny James","1966","3","1971-04-10","1","AMBIGUOUS","70","multiple_albums"
"RVTR270045","Dream Baby How Long Must I Dream","glen campbell","glen campbell","Glen Campbell's Greatest Hits | The Last Time I Saw Her","1971","7","1971-03-13","1","AMBIGUOUS","70","multiple_albums"
"RVTR270629","The Letter","joe cocker","joe cocker","Classic Cocker | Joe Cocker Live | The Best Of Joe Cocker: 20th Century Masters The Millennium Collection | Ultimate Collection | Unchain My Heart","1987","12","1970-04-18","1","AMBIGUOUS","70","multiple_albums"
"RVTR270780","Who Is She 2 U","brandy","brandy","Afrodisiac | The Best Of Brandy","2004","4","2004-08-28","1","AMBIGUOUS","70","multiple_albums"
"RVTR271013","I Must Be Seeing Things","gene pitney","gene pitney","Greatest Hits Of All Times | I Must Be Seeing Things","1965","7","1965-02-27","1","AMBIGUOUS","70","multiple_albums"
"RVTR271301","Please Remember Me","tim mcgraw","tim mcgraw","A Place In The Sun | Greatest Hits: Limited Edition","1999","20","1999-04-03","1","AMBIGUOUS","70","multiple_albums"
"RVTR271468","Your Secret Love","luther vandross","luther vandross","One Night With You -- The Best Of Love Volume 2 | Your Secret Love","1996","13","1996-09-21","1","AMBIGUOUS","70","multiple_albums"
"RVTR271624","Trickle Trickle","The Manhattan Transfer","The Manhattan Transfer","Extensions | The Very Best Of The Manhattan Transfer","1979","8","1980-11-29","1","AMBIGUOUS","70","multiple_albums"
"RVTR271653","Hella Good","no doubt","no doubt","Rock Steady | The Singles 1992-2003","2001","20","2002-04-20","1","AMBIGUOUS","70","multiple_albums"
"RVTR272307","Sheena Is A Punk Rocker","The Ramones","The Ramones","Leave Home | Ramones Mania | Rocket To Russia","1977","13","1977-07-02","1","AMBIGUOUS","70","multiple_albums"
"RVTR272682","Killer Joe","The Kingsmen","The Kingsmen","15 Great Hits | The Kingsmen, Volume 3","1965","4","1966-04-02","1","AMBIGUOUS","70","multiple_albums"
"RVTR273014","Desire","andy gibb","andy gibb","After Dark | Andy Gibb's Greatest Hits","1980","15","1980-01-26","1","AMBIGUOUS","70","multiple_albums"
"RVTR273659","You Are The Girl","The Cars","The Cars","Door To Door | The Complete Greatest Hits","1987","14","1987-08-29","1","AMBIGUOUS","70","multiple_albums"
"RVTR274162","Last Name","carrie underwood","carrie underwood","Carnival Ride | Greatest Hits: Decade #1","2007","20","2008-04-19","1","AMBIGUOUS","70","multiple_albums"
"RVTR274304","Choice Of Colors","The Impressions","The Impressions","The Best Of The Impressions | The Young Mods' Forgotten Story","1968","11","1969-06-28","1","AMBIGUOUS","70","multiple_albums"
"RVTR275124","I Love The Way You Love Me","john michael montgomery","john michael montgomery","Greatest Hits | Life's A Dance | The Very Best Of John Michael Montgomery","1993","13","1993-05-08","1","AMBIGUOUS","70","multiple_albums"
"RVTR275254","Doll Parts","hole","hole","Ask For It | Live Through This","1994","12","1994-12-10","1","AMBIGUOUS","70","multiple_albums"
"RVTR275965","Don'T Bring Me Down","electric light orchestra","electric light orchestra","Discovery | Mr. Blue Sky: The Very Best Of Electric Light Orchestra","1979","15","1979-08-04","1","AMBIGUOUS","70","multiple_albums"
"RVTR276145","The Medicine Song","stephanie mills","stephanie mills","I've Got The Cure | Stephanie Mills","1984","6","1984-10-13","1","AMBIGUOUS","70","multiple_albums"
"RVTR276527","Friends","jody watley","jody watley","Larger Than Life | You Wanna Dance With Me?","1989","18","1989-06-17","1","AMBIGUOUS","70","multiple_albums"
"RVTR276702","All You Need Is Love","The Beatles","The Beatles","Magical Mystery Tour (Soundtrack) | The Beatles 1967-1970 | Yellow Submarine","1967","11","1967-07-22","1","AMBIGUOUS","70","multiple_albums"
"RVTR277213","In Too Deep","genesis","genesis","Invisible Touch | Platinum Collection | Turn It On Again: The Hits: The Tour Edition","1986","17","1987-04-25","1","AMBIGUOUS","70","multiple_albums"
"RVTR277260","Cover You In Kisses","john michael montgomery","john michael montgomery","Leave A Mark | The Very Best Of John Michael Montgomery","1998","9","1998-08-01","1","AMBIGUOUS","70","multiple_albums"
"RVTR277555","Baby Grand","billy joel","billy joel","A Matter Of Trust: The Bridge to Russia: The Concert | Greatest Hits Volume III | Kohuept (Live In Leningrad) | The Bridge","1986","7","1987-04-04","1","AMBIGUOUS","70","multiple_albums"
"RVTR277795","Love Me Again","rita coolidge","rita coolidge","Love Me Again | Rita Coolidge","1971","7","1978-11-04","1","AMBIGUOUS","70","multiple_albums"
"RVTR277803","Ready Or Not","after 7","after 7","After 7 | The Very Best Of After 7","1989","21","1990-03-31","1","AMBIGUOUS","70","multiple_albums"
"RVTR277954","Do It Again","The Beach Boys","The Beach Boys","20/20 | Beach Boys '69 (The Beach Boys Live In London) | Fifty Big Ones: Greatest Hits | Live: The 50th Anniversary Tour","1969","10","1968-07-27","1","AMBIGUOUS","70","multiple_albums"
"RVTR277961","Best Of Intentions","travis tritt","travis tritt","Down The Road I Go | The Very Best Of Travis Tritt","2000","22","2000-08-19","1","AMBIGUOUS","70","multiple_albums"
"RVTR278650","O H I O","ohio players","ohio players","Angel | Fire","1974","12","1977-07-23","1","AMBIGUOUS","70","multiple_albums"
"RVTR278980","Looks That Kill","motley crue","motley crue","Live: Entertainment Or Death | Shout At The Devil","1983","10","1984-02-04","1","AMBIGUOUS","70","multiple_albums"
"RVTR279408","There Goes My Baby","usher","usher","Raymond V Raymond | Versus (EP)","2010","25","2010-03-06","1","AMBIGUOUS","70","multiple_albums"
"RVTR279680","Truly","lionel richie","lionel richie","Lionel Richie | The Definitive Collection","1982","18","1982-10-09","1","AMBIGUOUS","70","multiple_albums"
"RVTR279770","Knockin' On Heaven'S Door","bob dylan","bob dylan","Before The Flood | Greatest Hits Volume 3 | MTV Unplugged | The Essential Bob Dylan (2014)","1974","16","1973-09-01","1","AMBIGUOUS","70","multiple_albums"
"RVTR279818","Danger Been So Long","mystikal","mystikal","Let's Get Ready | Prince Of The South... The Hits","2000","19","2000-12-16","1","AMBIGUOUS","70","multiple_albums"
"RVTR280199","The World I Know","collective soul","collective soul","7even Year Itch: Greatest Hits 1994--2001 | Collective Soul | Home","1995","34","1995-11-18","1","AMBIGUOUS","70","multiple_albums"
"RVTR280245","Even The Nights Are Better","air supply","air supply","Now And Forever | Ultimate Air Supply","1982","18","1982-06-12","1","AMBIGUOUS","70","multiple_albums"
"RVTR280663","Wasteland","10 years","10 years","(How To Live) As Ghosts | The Autumn Effect","2005","2","2006-04-01","1","AMBIGUOUS","70","multiple_albums"
"RVTR280739","Wheel In The Sky","journey","journey","Infinity | Journey's Greatest Hits | The Essential Journey","1978","8","1978-04-08","1","AMBIGUOUS","70","multiple_albums"
"RVTR281558","Daughters","john mayer","john mayer","Heavier Things | Where The Light Is: John Mayer Live In Los Angeles","2003","23","2004-11-06","1","AMBIGUOUS","70","multiple_albums"
"RVTR281567","Band Of Gold","freda payne","freda payne","Band Of Gold | The Best Of Freda Payne","1970","20","1970-04-25","1","AMBIGUOUS","70","multiple_albums"
"RVTR281615","Hey Soul Sister","train","train","Greatest Hits | Save Me, San Francisco","2009","54","2009-10-17","1","AMBIGUOUS","70","multiple_albums"
"RVTR282147","Shape Of My Heart","backstreet boys","backstreet boys","Black & Blue | The Hits -- Chapter One","2000","20","2000-10-14","1","AMBIGUOUS","70","multiple_albums"
"RVTR282224","Blue Morning Blue Day","foreigner","foreigner","40: Forty Hits From Forty Years - 1977-2017 | Complete Greatest Hits | Double Vision | No End In Sight: The Very Best Of Foreigner","1978","14","1978-12-23","1","AMBIGUOUS","70","multiple_albums"
"RVTR282997","Most Of All","b.j. thomas","b.j. thomas","Greatest Hits, Volume Two | Most Of All","1970","10","1970-11-28","1","AMBIGUOUS","70","multiple_albums"
"RVTR283044","These Eyes","The Guess Who","The Guess Who","Greatest Of The Guess Who | Live At The Paramount (Seattle) | The Best Of The Guess Who, Volume II | Wheatfield Soul","1969","14","1969-04-05","1","AMBIGUOUS","70","multiple_albums"
"RVTR283239","Paying The Cost To Be The Boss","b.b. king","b.b. king","Deuces Wild | The Best Of B.B. King: 20th Century Masters The Millenium Collection | The Complete Collection | The Ultimate Collection","1997","7","1968-04-20","1","AMBIGUOUS","70","multiple_albums"
"RVTR283426","Since I Fell For You","charlie rich","charlie rich","Every Time You Touch Me (i Get High) | Greatest Hits","1975","6","1976-01-24","1","AMBIGUOUS","70","multiple_albums"
"RVTR284015","You Didn'T Have To Be So Nice","The Lovin' Spoonful","The Lovin' Spoonful","Best...lovin' Spoonful | Daydream","1966","12","1965-11-27","1","AMBIGUOUS","70","multiple_albums"
"RVTR284528","Coward Of The County","kenny rogers","kenny rogers","21 Number Ones | Daytime Friends | Greatest Hits | Kenny Rogers' Greatest Hits","1971","19","1979-11-17","1","AMBIGUOUS","70","multiple_albums"
"RVTR284543","No More Drama","mary j. blige","mary j. blige","No More Drama | No More Drama (2002) | Reflections (A Retrospective)","2001","20","2001-12-15","1","AMBIGUOUS","70","multiple_albums"
"RVTR285270","What Have They Done To The Rain","The Searchers","The Searchers","The New Searchers LP | The Searchers","1965","7","1965-01-30","1","AMBIGUOUS","70","multiple_albums"
"RVTR285305","Stay The Night","chicago","chicago","Chicago 17 | Greatest Hits 1982-1989 | The Very Best Of Chicago: Only The Beginning","1984","17","1984-05-05","1","AMBIGUOUS","70","multiple_albums"
"RVTR285384","Mandy","barry manilow","barry manilow","2Nights Live! | Barry Manilow II | Greatest Hits | Ultimate Manilow","1974","16","1974-11-16","1","AMBIGUOUS","70","multiple_albums"
"RVTR286221","Skin Tight","ohio players","ohio players","Fire | Ohio Players Gold | Skin Tight","1974","11","1974-09-07","1","AMBIGUOUS","70","multiple_albums"
"RVTR286527","Austin","blake shelton","blake shelton","Blake Shelton | Loaded: The Best Of Blake Shelton","2001","20","2001-05-26","1","AMBIGUOUS","70","multiple_albums"
"RVTR286654","Arrested For Driving While Blind","zz top","zz top","Tejas | The Very Best Of ZZ Top: Rancho Texicano","1977","6","1977-03-26","1","AMBIGUOUS","70","multiple_albums"
"RVTR286704","Come Sail Away","styx","styx","Caught In The Act - Live | Greatest Hits | The Grand Illusion","1977","22","1977-09-24","1","AMBIGUOUS","70","multiple_albums"
"RVTR286784","Eight Miles High","The Byrds","The Byrds","Fifth Dimension | The Byrds' Greatest Hits","1966","9","1966-04-09","1","AMBIGUOUS","70","multiple_albums"
"RVTR287848","Wild Thing","The Troggs","The Troggs","Love Is All Around | Wild Thing","1966","11","1966-06-25","1","AMBIGUOUS","70","multiple_albums"
"RVTR287960","Cat Scratch Fever","ted nugent","ted nugent","Cat Scratch Fever | Double Live, Gonzo | Great Gonzos!: The Best Of Ted Nugent | Happy Defiance Day Everyday","1977","11","1977-08-13","1","AMBIGUOUS","70","multiple_albums"
"RVTR287990","I Send A Message","inxs","inxs","Dekadance | The Swing","1983","7","1984-07-21","1","AMBIGUOUS","70","multiple_albums"
"RVTR288131","Sanctify Yourself","simple minds","simple minds","In The City Of Light | Once Upon A Time","1985","14","1986-01-25","1","AMBIGUOUS","70","multiple_albums"
"RVTR289150","Heartbreak Beat","psychedelic furs","psychedelic furs","All Of This And Nothing | Midnight To Midnight","1987","14","1987-03-14","1","AMBIGUOUS","70","multiple_albums"
"RVTR289559","Don'T Go Breaking My Heart","elton john","elton john","Greatest Hits, Vol. III 1979-1987 | Rocket Man: Number Ones","1987","22","1976-07-03","1","AMBIGUOUS","70","multiple_albums"
"RVTR289952","Just As I Am","air supply","air supply","Air Supply | Greatest Hits | Ultimate Air Supply","1983","15","1985-05-25","1","AMBIGUOUS","70","multiple_albums"
"RVTR289986","Don'T Let Him Go","reo speedwagon","reo speedwagon","The Hits | The Second Decade of Rock & Roll 1981-1991","1988","14","1981-06-13","1","AMBIGUOUS","70","multiple_albums"
"RVTR290397","Waterfalls","tlc","tlc","20 | CrazySexyCool | Now & Forever: The Hits","1994","34","1995-06-10","1","AMBIGUOUS","70","multiple_albums"
"RVTR290939","Circles","atlantic starr","atlantic starr","Atlantic Starr | Brilliance","1978","11","1982-03-27","1","AMBIGUOUS","70","multiple_albums"
"RVTR290996","Cinnamon Girl","neil young","neil young","Decade | Everybody Knows This Is Nowhere | Greatest Hits | Live At The Cellar Door","1969","9","1970-06-20","1","AMBIGUOUS","70","multiple_albums"
"RVTR291208","Dancing On The Ceiling","lionel richie","lionel richie","Dancing On The Ceiling | The Best Of Lionel Richie: 20th Century Masters The Millennium Collection | Tuskegee","1986","17","1986-07-19","1","AMBIGUOUS","70","multiple_albums"
"RVTR291217","Sealed With A Kiss","gary lewis and the playboys","gary lewis and the playboys","(You Don't Have To) Paint Me A Picture | Gary Lewis Now!","1967","14","1968-06-22","1","AMBIGUOUS","70","multiple_albums"
"RVTR291266","Vow","garbage","garbage","Absolute Garbage | Garbage","1995","2","1995-07-29","1","AMBIGUOUS","70","multiple_albums"
"RVTR291507","Summertime","kenny chesney","kenny chesney","Greatest Hits II | Live In No Shoes Nation | The Road And The Radio","2005","20","2006-04-29","1","AMBIGUOUS","70","multiple_albums"
"RVTR292719","How Do You Fall In Love","alabama","alabama","For The Record: 41 Number One Hits | In The Mood: The Love Songs | Livin' Lovin' Rockin' Rollin': The 25th Anniversary Collection","1998","5","1998-12-05","1","AMBIGUOUS","70","multiple_albums"
"RVTR292763","How Can We Be Lovers","michael bolton","michael bolton","Greatest Hits 1985-1995 | Michael Bolton | Soul Provider","1983","18","1990-03-03","1","AMBIGUOUS","70","multiple_albums"
"RVTR293105","On Broadway","The Drifters","The Drifters","The Drifters' Golden Hits | Under The Boardwalk","1964","10","1963-03-23","1","AMBIGUOUS","70","multiple_albums"
"RVTR293335","Heart Turns To Stone","foreigner","foreigner","40: Forty Hits From Forty Years - 1977-2017 | Inside Information","1987","10","1988-07-16","1","AMBIGUOUS","70","multiple_albums"
"RVTR293468","Everyday","phil collins","phil collins","Both Sides | Love Songs: A Compilation... Old And New","1993","20","1994-01-29","1","AMBIGUOUS","70","multiple_albums"
"RVTR294579","Where I Come From","alan jackson","alan jackson","Playlist: The Very Best Of Alan Jackson | When Somebody Loves You","2000","20","2001-08-25","1","AMBIGUOUS","70","multiple_albums"
"RVTR294619","Sweet Music Man","kenny rogers","kenny rogers","42 Ultimate Hits | Daytime Friends","1977","8","1977-12-17","1","AMBIGUOUS","70","multiple_albums"
"RVTR294704","Just You And I","melissa manchester","melissa manchester","Better Days & Happy Endings | Greatest Hits","1976","9","1976-02-07","1","AMBIGUOUS","70","multiple_albums"
"RVTR295014","Goodbye","jagged edge","jagged edge","Jagged Edge | Jagged Little Thrill","2001","15","2001-11-17","1","AMBIGUOUS","70","multiple_albums"
"RVTR295473","Highway 20 Ride","zac brown band","zac brown band","Greatest Hits So Far... | The Foundation","2008","20","2010-01-30","1","AMBIGUOUS","70","multiple_albums"
"RVTR295474","You Got Lucky","tom petty and the heartbreakers","tom petty and the heartbreakers","Greatest Hits | Long After Dark","1982","18","1982-11-13","1","AMBIGUOUS","70","multiple_albums"
"RVTR295499","Where Did Our Love Go","The Supremes","The Supremes","The Supremes | The Supremes At The Copa | Where Did Our Love Go","1964","14","1964-07-11","1","AMBIGUOUS","70","multiple_albums"
"RVTR295921","The Cat","jimmy smith","jimmy smith","The Best Of Jimmy Smith | The Cat","1964","6","1964-09-05","1","AMBIGUOUS","70","multiple_albums"
"RVTR296034","After The Dance","marvin gaye","marvin gaye","Marvin Gaye Anthology | Marvin Gaye's Greatest Hits","1964","5","1976-08-14","1","AMBIGUOUS","70","multiple_albums"
"RVTR296493","Meet Virginia","train","train","Alive At Last | Greatest Hits | Train","1999","27","1999-10-09","1","AMBIGUOUS","70","multiple_albums"
"RVTR297395","America","neil diamond","neil diamond","12 Greatest Hits Vol. II | All-Time Greatest Hits | Hot August Night II | Hot August Night III: Recorded Live At The Greek Theatre, Los Angeles | Hot August Night/NYC: Live From Madison Square Garden | Live In America | The Jazz Singer (Soundtrack)","1980","17","1981-04-25","1","AMBIGUOUS","70","multiple_albums"
"RVTR297631","A Very Special Love Song","charlie rich","charlie rich","Greatest Hits | Very Special Love Songs","1974","14","1974-02-23","1","AMBIGUOUS","70","multiple_albums"
"RVTR298067","Born To Be Wild","steppenwolf","steppenwolf","16 Greatest Hits | Steppenwolf | Steppenwolf 'Live'","1968","13","1968-07-13","1","AMBIGUOUS","70","multiple_albums"
"RVTR298242","The Nitty Gritty","gladys knight and the pips","gladys knight and the pips","Best Of Gladys Knight & The Pips | Nitty Gritty","1969","11","1969-07-19","1","AMBIGUOUS","70","multiple_albums"
"RVTR298538","Waiting For Superman","daughtry","daughtry","Baptized | It's Not Over... The Hits So Far","2013","17","2013-10-05","1","AMBIGUOUS","70","multiple_albums"
"RVTR298708","Bad Girls","donna summer","donna summer","Bad Girls | Donna Summer | Endless Summer: Donna Summer's Greatest Hits | Greatest Hits | The Best Of Donna Summer: 20th Century Masters: The Millennium Collection | VH1 Presents Live & More Encore!","1979","20","1979-05-26","1","AMBIGUOUS","70","multiple_albums"
"RVTR298994","So You Want To Be A Rock 'N' Roll Star","The Byrds","The Byrds","The Byrds' Greatest Hits | Younger Than Yesterday","1967","7","1967-01-28","1","AMBIGUOUS","70","multiple_albums"
"RVTR300627","How'S It Goin' Down","dmx","dmx","The Best Of DMX | The Definition Of X: Pick Of The Litter","2007","10","1998-09-26","1","AMBIGUOUS","70","multiple_albums"
"RVTR300772","Dream On","aerosmith","aerosmith","Aerosmith | Aerosmith's Greatest Hits | Classics Live | Live Bootleg | O, Yeah! Ultimate Aerosmith Hits | The Essential Aerosmith","1973","29","1973-10-20","1","AMBIGUOUS","70","multiple_albums"
"RVTR301057","You Got What It Takes","joe tex","joe tex","Hold What You've Got | The Best Of Joe Tex","1965","6","1965-02-27","1","AMBIGUOUS","70","multiple_albums"
"RVTR301281","Beat'S So Lonely","charlie sexton","charlie sexton","Charlie Sexton | Pictures For Pleasure","1985","20","1985-12-14","1","AMBIGUOUS","70","multiple_albums"
"RVTR301315","Breath","breaking benjamin","breaking benjamin","Phobia | shaLLow bay: The Best Of Breaking Benjamin","2006","7","2007-04-14","1","AMBIGUOUS","70","multiple_albums"
"RVTR301480","My Elusive Dreams","charlie rich","charlie rich","Greatest Hits | The Silver Fox","1974","6","1975-02-01","1","AMBIGUOUS","70","multiple_albums"
"RVTR301908","Nikita","elton john","elton john","Ice On Fire | Love Songs","1985","18","1986-01-18","1","AMBIGUOUS","70","multiple_albums"
"RVTR302119","Rise Above This","seether","seether","Finding Beauty In Negative Spaces | Seether: 2002-2013","2007","11","2008-05-03","1","AMBIGUOUS","70","multiple_albums"
"RVTR302458","Everybody","tommy roe","tommy roe","Dizzy | Sweet Pea","1966","14","1963-10-12","1","AMBIGUOUS","70","multiple_albums"
"RVTR303312","Send Her My Love","journey","journey","Frontiers | Journey's Greatest Hits","1983","15","1983-09-24","1","AMBIGUOUS","70","multiple_albums"
"RVTR303410","Hold The Line","toto","toto","Greatest Hits: 40 Trips Around The Sun | Toto","1978","21","1978-10-07","1","AMBIGUOUS","70","multiple_albums"
"RVTR303797","Dark Lady","cher","cher","Dark Lady | Greatest Hits | If I Could Turn Back Time -- Cher's Greatest Hits | Live: The Farewell Tour","1974","16","1974-01-19","1","AMBIGUOUS","70","multiple_albums"
"RVTR303970","Any Way You Want Me","The Sylvers","The Sylvers","New Horizons | The Sylvers","1973","9","1977-11-26","1","AMBIGUOUS","70","multiple_albums"
"RVTR304194","Goin' Out Of My Head","little anthony and the imperials","little anthony and the imperials","Goin' Out Of My Head | The Best Of Little Anthony & The Imperials","1965","14","1964-11-07","1","AMBIGUOUS","70","multiple_albums"
"RVTR304244","Why I Sing The Blues","b.b. king","b.b. king","Live & Well | The Complete Collection","1969","10","1969-05-17","1","AMBIGUOUS","70","multiple_albums"
"RVTR304268","Wanted Man","ratt","ratt","Out Of The Cellar | Ratt","1984","3","1984-10-06","1","AMBIGUOUS","70","multiple_albums"
"RVTR305470","Keep The Faith","bon jovi","bon jovi","Cross Road | Keep The Faith | One Wild Night: Live 1985--2001 | This Left Feels Right","1992","16","1992-10-24","1","AMBIGUOUS","70","multiple_albums"
"RVTR306000","Feels So Right","alabama","alabama","Feels So Right | For The Record: 41 Number One Hits | In The Mood: The Love Songs | The American Farewell Tour | Ultimate Alabama: 20 #1 Hits","1981","22","1981-06-06","1","AMBIGUOUS","70","multiple_albums"
"RVTR306172","Fake","alexander o'neal","alexander o'neal","All Mixed Up | Hearsay","1987","15","1987-07-25","1","AMBIGUOUS","70","multiple_albums"
"RVTR306193","You Are Not Alone","michael jackson","michael jackson","Greatest Hits: HIStory -- Volume 1 | HIStory: Past, Present And Future Book 1","1995","20","1995-09-02","1","AMBIGUOUS","70","multiple_albums"
"RVTR306460","Dust In The Wind","kansas","kansas","Best Of Kansas | Miracles Out Of Nowhere (Soundtrack) | Point Of Know Return | Two For The Show","1977","20","1978-01-28","1","AMBIGUOUS","70","multiple_albums"
"RVTR306696","A Little Less Conversation","elvis presley","elvis presley","Almost In Love | Love, Elvis","1970","4","1968-10-12","1","AMBIGUOUS","70","multiple_albums"
"RVTR307019","Calendar Girl","neil sedaka","neil sedaka","Neil Sedaka Sings His Greatest Hits | The Definitive Collection","1975","15","1960-12-17","1","AMBIGUOUS","70","multiple_albums"
"RVTR307734","Hard Luck Woman","kiss","kiss","Alive Ii | Double Platinum | Greatest Kiss | KISS 40 | Kiss Alive! 1975 - 2000 | Rock And Roll Over","1976","13","1976-12-18","1","AMBIGUOUS","70","multiple_albums"
"RVTR307808","Over You","roxy music","roxy music","Flesh And Blood | The Atlantic Years","1980","4","1980-08-09","1","AMBIGUOUS","70","multiple_albums"
"RVTR308117","Lay Low","snoop dogg","snoop dogg","Tha Last Meal | The Best Of Snoop Dogg","2001","19","2001-03-24","1","AMBIGUOUS","70","multiple_albums"
"RVTR308301","In France They Kiss On Main Street","joni mitchell","joni mitchell","Dreamland | Hissing Of Summer Lawns | Shadows And Light","1975","4","1976-02-07","1","AMBIGUOUS","70","multiple_albums"
"RVTR308620","We Gotta Get Out Of This Place","The Animals","The Animals","The Best Of The Animals | The Very Best Of The Animals","1966","11","1965-08-14","1","AMBIGUOUS","70","multiple_albums"
"RVTR308719","Memorize Your Number","leif garrett","leif garrett","Leif Garrett | Same Goes For You","1977","9","1979-12-15","1","AMBIGUOUS","70","multiple_albums"
"RVTR308785","Tom Dooley","The Kingston Trio","The Kingston Trio","Back In Town | Sing A Song with The Kingston Trio | The Best Of The Kingston Trio | The Kingston Trio (Nick-Bob-John)","1963","21","1958-09-29","1","AMBIGUOUS","70","multiple_albums"
"RVTR308859","All I Want To Do","sugarland","sugarland","LIVE On The Inside | Love On The Inside","2008","16","2008-07-05","1","AMBIGUOUS","70","multiple_albums"
"RVTR309258","Stairway To Heaven","neil sedaka","neil sedaka","Neil Sedaka Sings His Greatest Hits | The Definitive Collection","1975","15","1960-03-26","1","AMBIGUOUS","70","multiple_albums"
"RVTR309394","Levon","elton john","elton john","Greatest Hits 1970-2002 | Madman Across The Water","1971","10","1971-12-18","1","AMBIGUOUS","70","multiple_albums"
"RVTR309546","Subterranean Homesick Blues","bob dylan","bob dylan","Bob Dylan's Greatest Hits | Bringing It All Back Home | Super Hits | The Essential Bob Dylan | The Essential Bob Dylan (2014)","1965","8","1965-04-03","1","AMBIGUOUS","70","multiple_albums"
"RVTR309611","Saturday In The Park","chicago","chicago","Chicago - Greatest Hits, Volume II | Chicago IX: Chicago's Greatest Hits | Chicago V | Love Songs | The Best Of Chicago: 40th Anniversary Edition | The Very Best Of Chicago: Only The Beginning","1972","12","1972-08-05","1","AMBIGUOUS","70","multiple_albums"
"RVTR309887","I Will Always Love You","whitney houston","whitney houston","I Wish You Love: More From The Bodyguard (Soundtrack) | Live: Her Greatest Performances | The Bodyguard","1992","29","1992-11-14","1","AMBIGUOUS","70","multiple_albums"
"RVTR310013","Feels Like Today","rascal flatts","rascal flatts","Feels Like Today | Greatest Hits Volume 1","2004","13","2004-08-21","1","AMBIGUOUS","70","multiple_albums"
"RVTR310080","I Will Come To You","hanson","hanson","Live From Albertane | Middle Of Nowhere | The Best Of Hanson: Live And Electric","1997","20","1997-11-29","1","AMBIGUOUS","70","multiple_albums"
"RVTR310992","Macho Man","village people","village people","Live And Sleazy | Macho Man | Village People","1977","15","1978-06-24","1","AMBIGUOUS","70","multiple_albums"
"RVTR311123","Missing You","tina turner","tina turner","All The Best | Wildest Dreams","1996","9","1996-10-05","1","AMBIGUOUS","70","multiple_albums"
"RVTR311243","Straight Outta Compton","n.w.a","n.w.a","Straight Outta Compton | The Best Of N.W.A: The Strength Of Street Knowledge","1989","2","2015-09-05","1","AMBIGUOUS","70","multiple_albums"
"RVTR311294","Forever Man","eric clapton","eric clapton","Behind The Sun | Clapton Chronicles: The Best Of Eric Clapton | Forever Man: The Best Of Eric Clapton | The Best Of Eric Clapton: 20th Century Masters The Millennium Collection","1985","12","1985-03-09","1","AMBIGUOUS","70","multiple_albums"
"RVTR312036","Better Be Good To Me","tina turner","tina turner","All The Best | Private Dancer | Simply The Best | Tina Live | Tina Live In Europe | Tina!","1984","21","1984-09-15","1","AMBIGUOUS","70","multiple_albums"
"RVTR312066","Gone","montgomery gentry","montgomery gentry","Playlist: The Very Best Of Montgomery Gentry | Something To Be Proud Of: The Best Of 1999-2005 | You Do Your Thing","2004","20","2005-02-05","1","AMBIGUOUS","70","multiple_albums"
"RVTR312768","We'Re All Alone","rita coolidge","rita coolidge","Anytime...anywhere | Rita Coolidge","1971","20","1977-09-17","1","AMBIGUOUS","70","multiple_albums"
"RVTR313144","Royals","lorde","lorde","Pure Heroine | The Love Club EP","2013","44","2013-07-20","1","AMBIGUOUS","70","multiple_albums"
"RVTR313249","How Sweet It Is To Be Loved By You","james taylor","james taylor","Gorilla | Greatest Hits","1975","15","1975-06-21","1","AMBIGUOUS","70","multiple_albums"
"RVTR313371","Riders On The Storm","The Doors","The Doors","Best Of The Doors | Greatest Hits | L.A. Woman | The Future Starts Here: The Essential Doors Hits | The Very Best Of The Doors","1971","12","1971-07-03","1","AMBIGUOUS","70","multiple_albums"
"RVTR313547","It Takes Two","marvin gaye","marvin gaye","Gold | Marvin Gaye And His Girls | Marvin Gaye Anthology | The Very Best Of Marvin Gaye","1969","12","1967-01-07","1","AMBIGUOUS","70","multiple_albums"
"RVTR313597","Having A Party","sam cooke","sam cooke","Portrait Of A Legend: 1951-1964 | Sam Cooke Live At The Harlem Square Club | The Best Of Sam Cooke","1965","15","1962-05-26","1","AMBIGUOUS","70","multiple_albums"
"RVTR313795","Lady","kenny rogers","kenny rogers","21 Number Ones | Daytime Friends | Greatest Hits | Kenny Rogers' Greatest Hits | Twenty Greatest Hits | With Love","1971","25","1980-10-04","1","AMBIGUOUS","70","multiple_albums"
"RVTR314484","Stand By My Woman","lenny kravitz","lenny kravitz","Greatest Hits | Mama Said","1991","8","1991-10-19","1","AMBIGUOUS","70","multiple_albums"
"RVTR314834","Learn To Fly","foo fighters","foo fighters","Greatest Hits | There Is Nothing Left To Lose","1999","21","1999-10-16","1","AMBIGUOUS","70","multiple_albums"
"RVTR314899","Losing You","brenda lee","brenda lee","Let Me Sing | The Best Of Brenda Lee: 20th Century Masters The Christmas Collection","1963","13","1963-04-06","1","AMBIGUOUS","70","multiple_albums"
"RVTR314968","Watermelon Crawl","tracy byrd","tracy byrd","Greatest Hits | Keepers/Greatest Hits | No Ordinary Man","1994","5","1994-10-22","1","AMBIGUOUS","70","multiple_albums"
"RVTR314977","Black Dog","led zeppelin","led zeppelin","Celebration Day | Early Days & Latter Days: The Best Of Led Zeppelin Volumes One And Two | Early Days: The Best Of Led Zeppelin Volume One | How The West Was Won | Led Zeppelin Box Set 2 | Led Zeppelin IV | The Song Remains The Same (Soundtrack)","1971","12","1971-12-25","1","AMBIGUOUS","70","multiple_albums"
"RVTR315486","Halfway To Paradise","bobby vinton","bobby vinton","16 Most Requested Songs | Bobby Vinton's Greatest Hits Of Love | I Love How You Love Me | Vinton","1969","7","1968-07-20","1","AMBIGUOUS","70","multiple_albums"
"RVTR315962","Indian Lake","The Cowsills","The Cowsills","Captain Sad And His Ship Of Fools | The Best Of The Cowsills","1968","13","1968-06-01","1","AMBIGUOUS","70","multiple_albums"
"RVTR316416","I Wanna Dance With Somebody Who Loves Me","whitney houston","whitney houston","I Will Always Love You: The Best Of Whitney Houston | Whitney","1987","20","1987-05-16","1","AMBIGUOUS","70","multiple_albums"
"RVTR316577","Julia","ramsey lewis","ramsey lewis","Mother Nature's Son | The Best Of Ramsey Lewis","1969","8","1969-09-27","1","AMBIGUOUS","70","multiple_albums"
"RVTR317054","Going Up The Country","canned heat","canned heat","Canned Heat Cook Book (The Best Of Canned Heat) | Living The Blues","1968","11","1968-12-07","1","AMBIGUOUS","70","multiple_albums"
"RVTR317700","The Rest Of Mine","trace adkins","trace adkins","Big Time | Greatest Hits Collection, Volume I","1997","16","1997-10-18","1","AMBIGUOUS","70","multiple_albums"
"RVTR317860","Stan","eminem","eminem","Curtain Call: The Hits | The Marshall Mathers LP","2000","15","2000-11-04","1","AMBIGUOUS","70","multiple_albums"
"RVTR318018","Get Right","jennifer lopez","jennifer lopez","Dance Again ... The Hits | Rebirth","2005","17","2005-01-22","1","AMBIGUOUS","70","multiple_albums"
"RVTR318084","The Finest","The S.o.s. Band","The S.o.s. Band","Sands Of Time | The Best Of S.O.S. Band","1986","13","1986-05-17","1","AMBIGUOUS","70","multiple_albums"
"RVTR318142","Make Me Smile","chicago","chicago","Chicago - Greatest Hits, Volume II | Chicago At Carnegie Hall | Chicago II | Chicago IX: Chicago's Greatest Hits | The Best Of Chicago: 40th Anniversary Edition","1970","14","1970-04-04","1","AMBIGUOUS","70","multiple_albums"
"RVTR318500","Love At First Sight","kylie minogue","kylie minogue","Fever | Kylie","1988","16","2002-06-29","1","AMBIGUOUS","70","multiple_albums"
"RVTR318791","Reason To Believe","rod stewart","rod stewart","Every Picture Tells A Story | Storyteller/Complete Anthology: 1964-1990 | The Very Best Of Rod Stewart | Unplugged...And Seated","1971","20","1993-08-14","1","AMBIGUOUS","70","multiple_albums"
"RVTR318792","I Write The Songs","barry manilow","barry manilow","2:00 A.M. Paradise Cafe | The Complete Collection","1984","20","1975-11-15","1","AMBIGUOUS","70","multiple_albums"
"RVTR320105","Jenny From The Block","jennifer lopez","jennifer lopez","Dance Again ... The Hits | This Is Me...Then","2002","20","2002-10-12","1","AMBIGUOUS","70","multiple_albums"
"RVTR320301","Chariot","gavin degraw","gavin degraw","Chariot | Chariot - Stripped | Finest Hour: The Best Of Gavin DeGraw | iTunes LIVE From SoHo","2003","20","2005-04-16","1","AMBIGUOUS","70","multiple_albums"
"RVTR320838","Dance Dance","fall out boy","fall out boy","Believers Never Die: Greatest Hits | From Under The Cork Tree","2005","31","2005-11-05","1","AMBIGUOUS","70","multiple_albums"
"RVTR320917","All Star","smash mouth","smash mouth","All Star: The Smash Hits | Astro Lounge","1999","30","1999-05-22","1","AMBIGUOUS","70","multiple_albums"
"RVTR321056","Laughing","The Guess Who","The Guess Who","Canned Wheat Packed by The Guess Who | Greatest Of The Guess Who | The Best Of The Guess Who, Volume II","1969","11","1969-07-12","1","AMBIGUOUS","70","multiple_albums"
"RVTR321766","What A Fool Believes","The Doobie Brothers","The Doobie Brothers","Minute By Minute | The Doobie Brothers Farewell Tour","1978","20","1979-01-20","1","AMBIGUOUS","70","multiple_albums"
"RVTR321805","Yesterday","The Beatles","The Beatles","Anthology 2 | Help! (Soundtrack) | Love Songs | Songs, Pictures And Stories Of The Fabulous Beatles | The Beatles 1962-1966 | Yesterday And Today","1964","11","1965-09-25","1","AMBIGUOUS","70","multiple_albums"
"RVTR322140","Tonight Tonight","The Smashing Pumpkins","The Smashing Pumpkins","Mellon Collie And The Infinite Sadness | The Aeroplane Flies High","1995","20","1996-06-29","1","AMBIGUOUS","70","multiple_albums"
"RVTR322390","All By Myself","eric carmen","eric carmen","Eric Carmen | Eric Carmen (II) | The Best Of Eric Carmen","1975","19","1975-12-20","1","AMBIGUOUS","70","multiple_albums"
"RVTR322453","Days Of Wine And Roses","andy williams","andy williams","16 Most Requested Songs: Encore | Andy Williams' Greatest Hits, Vol. 2 | Days Of Wine And Roses","1963","12","1963-03-16","1","AMBIGUOUS","70","multiple_albums"
"RVTR322599","All I Know Is The Way I Feel","The Pointer Sisters","The Pointer Sisters","Hot Together | The Best Of The Pointer Sisters","1976","2","1987-02-21","1","AMBIGUOUS","70","multiple_albums"
"RVTR322736","Sound Of Da Police","krs-one","krs-one","A Retrospective | Return Of The Boom Bap","1993","6","1994-02-05","1","AMBIGUOUS","70","multiple_albums"
"RVTR322931","Still They Ride","journey","journey","Escape | Greatest Hits 2","1981","14","1982-05-22","1","AMBIGUOUS","70","multiple_albums"
"RVTR323312","Fame","david bowie","david bowie","A New Career In A New Town (1977 - 1982) | Best Of Bowie | Changesonebowie | Young Americans","1975","21","1975-06-28","1","AMBIGUOUS","70","multiple_albums"
"RVTR323495","Ben","michael jackson","michael jackson","Ben | The Best Of Michael Jackson: 20th Century Masters The Millenium Collection | The Essential Michael Jackson | The Ultimate Collection","1972","16","1972-08-05","1","AMBIGUOUS","70","multiple_albums"
"RVTR323509","The Pleasure Principle","janet jackson","janet jackson","Control | Design Of A Decade 1986/1996","1986","18","1987-05-23","1","AMBIGUOUS","70","multiple_albums"
"RVTR323888","The Monkey Time","major lance","major lance","Major's Greatest Hits | The Monkey Time | Um, Um, Um, Um, Um, Um/The Best Of Major Lance","1963","15","1963-07-13","1","AMBIGUOUS","70","multiple_albums"
"RVTR324558","Sacrifice","elton john","elton john","Greatest Hits, Vol. III 1979-1987 | Love Songs | Rocket Man: Number Ones | Sleeping With The Past","1987","17","1990-01-13","1","AMBIGUOUS","70","multiple_albums"
"RVTR325002","I Loved 'Em Every One","t.g. sheppard","t.g. sheppard","I Love 'em All | T.g. Sheppard's Greatest Hits","1981","14","1981-03-14","1","AMBIGUOUS","70","multiple_albums"
"RVTR325222","Dance Dance Dance","The Beach Boys","The Beach Boys","Spirit Of America | The Beach Boys Today!","1965","11","1964-11-07","1","AMBIGUOUS","70","multiple_albums"
"RVTR325460","When You Were Young","The Killers","The Killers","Direct Hits | Sam's Town","2006","20","2006-08-26","1","AMBIGUOUS","70","multiple_albums"
"RVTR326613","Get At Me Dog","dmx","dmx","The Best Of DMX | The Definition Of X: Pick Of The Litter","2007","20","1998-02-28","1","AMBIGUOUS","70","multiple_albums"
"RVTR326710","Satisfaction","otis redding","otis redding","History Of Otis Redding | Otis Blue: Otis Redding Sings Soul | Otis Redding Live In Europe | Pure Southern Soul: Otis Redding | The Very Best Of Otis Redding","1965","8","1966-03-05","1","AMBIGUOUS","70","multiple_albums"
"RVTR326941","Stoney End","barbra streisand","barbra streisand","Barbra Streisand's Greatest Hits, Volume 2 | Live Concert At The Forum | Stoney End | The Essential Barbra Streisand","1971","18","1970-10-31","1","AMBIGUOUS","70","multiple_albums"
"RVTR326991","No Souvenirs","melissa etheridge","melissa etheridge","Brave And Crazy | Greatest Hits: The Road Less Traveled","1989","3","1989-11-04","1","AMBIGUOUS","70","multiple_albums"
"RVTR327386","Take It Away","paul mccartney","paul mccartney","Tug Of War | Wingspan: Hits And History","1982","16","1982-07-10","1","AMBIGUOUS","70","multiple_albums"
"RVTR327662","Could It Be Magic","donna summer","donna summer","Donna Summer | Endless Summer: Donna Summer's Greatest Hits | Greatest Hits | The Journey: The Very Best Of Donna Summer","1982","5","1976-05-01","1","AMBIGUOUS","70","multiple_albums"
"RVTR327742","Not Enough Love In The World","don henley","don henley","Actual Miles Henley's Greatest Hits | Building The Perfect Beast","1984","17","1985-05-25","1","AMBIGUOUS","70","multiple_albums"
"RVTR327826","Suzanne","journey","journey","Greatest Hits 2 | Raised On Radio","1986","13","1986-06-21","1","AMBIGUOUS","70","multiple_albums"
"RVTR328031","Beechwood 4 5789","carpenters","carpenters","Made In America | Yesterday Once More","1981","4","1982-04-24","1","AMBIGUOUS","70","multiple_albums"
"RVTR328202","When The Sun Goes Down","kenny chesney","kenny chesney","Greatest Hits II | LIVE: Live Those Songs Again | When The Sun Goes Down","2004","20","2004-02-21","1","AMBIGUOUS","70","multiple_albums"
"RVTR328719","Taking Everything","gerald levert","gerald levert","Love & Consequences | The Best Of Gerald Levert","1998","12","1999-01-30","1","AMBIGUOUS","70","multiple_albums"
"RVTR328720","Jump Into The Fire","nilsson","nilsson","Greatest Hits | Nilsson Schmilsson","1971","9","1972-03-18","1","AMBIGUOUS","70","multiple_albums"
"RVTR328750","Hard To Handle","The Black Crowes","The Black Crowes","Greatest Hits 1990--1999: A Tribute To A Work In Progress... | Shake Your Money Maker","1990","29","1990-10-27","1","AMBIGUOUS","70","multiple_albums"
"RVTR328948","Evil Ways","santana","santana","Santana's Greatest Hits | The Essential Santana | Ultimate Santana","1974","13","1970-01-24","1","AMBIGUOUS","70","multiple_albums"
"RVTR329482","Alone Again Or","love","love","Forever Changes | Revisited","1968","3","1970-09-12","1","AMBIGUOUS","70","multiple_albums"
"RVTR329511","Gimme All Your Lovin","zz top","zz top","Greatest Hits | The Very Best Of ZZ Top: Rancho Texicano","1992","12","1983-04-02","1","AMBIGUOUS","70","multiple_albums"
"RVTR329747","You'Ll Be Mine Party Time","gloria estefan","gloria estefan","Destiny | Greatest Hits Vol. II","1996","10","1996-09-07","1","AMBIGUOUS","70","multiple_albums"
"RVTR329856","Dare You To Move","switchfoot","switchfoot","The Beautiful Letdown | The Best Yet","2003","20","2004-10-02","1","AMBIGUOUS","70","multiple_albums"
"RVTR329911","Always","erasure","erasure","Abba-esque | I Say, I Say, I Say","1992","23","1994-04-30","1","AMBIGUOUS","70","multiple_albums"
"RVTR329953","A Kind Of Magic","queen","queen","A Kind Of Magic | Live At Wembley","1986","11","1986-06-21","1","AMBIGUOUS","70","multiple_albums"
"RVTR330264","Day Tripper","The Beatles","The Beatles","20 Greatest Hits | Past Masters | The Beatles 1962-1966","1973","10","1965-12-18","1","AMBIGUOUS","70","multiple_albums"
"RVTR330416","Layla","eric clapton","eric clapton","Complete Clapton | Crossroads 2 (Live In The Seventies) | Eric Clapton At His Best | Eric Clapton's Rainbow Concert | Forever Man: The Best Of Eric Clapton | One More Car, One More Rider: Live On Tour 2001 | The Best Of Eric Clapton: 20th Century Masters The Millennium Collection | The Cream Of Eric Clapton | Time Pieces -- The Best Of Eric Clapton | Unplugged","1972","20","1992-10-03","1","AMBIGUOUS","70","multiple_albums"
"RVTR330766","Magic","olivia newton-john","olivia newton-john","Back To Basics/Essential Collection 1971-1992 | Olivia's Greatest Hits, Vol. 2","1982","23","1980-05-24","1","AMBIGUOUS","70","multiple_albums"
"RVTR330846","Twistin' The Night Away","sam cooke","sam cooke","Sam Cooke Live At The Harlem Square Club | The Man & His Music","1985","15","1962-02-03","1","AMBIGUOUS","70","multiple_albums"
"RVTR331031","Run","collective soul","collective soul","7even Year Itch: Greatest Hits 1994--2001 | Dosage | Home","1999","7","1999-03-13","1","AMBIGUOUS","70","multiple_albums"
"RVTR331701","Hold On My Heart","genesis","genesis","Live: The Way We Walk Volume 1 | Platinum Collection | Turn It On Again: The Hits: The Tour Edition | We Can't Dance","1991","20","1992-05-02","1","AMBIGUOUS","70","multiple_albums"
"RVTR331726","If You Leave Me Now","chicago","chicago","Chicago X | The Very Best Of Chicago: Only The Beginning","1976","21","1976-08-14","1","AMBIGUOUS","70","multiple_albums"
"RVTR331906","Your Body","pretty ricky","pretty ricky","Bluestars | Pretty Ricky","2005","20","2005-08-06","1","AMBIGUOUS","70","multiple_albums"
"RVTR331916","Freaky Gurl","gucci mane","gucci mane","Hard To Kill | Hood Classics","2006","17","2007-10-06","1","AMBIGUOUS","70","multiple_albums"
"RVTR333123","When I Said I Do","clint black","clint black","D'lectrified | Greatest Hits II | When I Said I Do","1999","20","1999-10-16","1","AMBIGUOUS","70","multiple_albums"
"RVTR333360","X Gon' Give It To Ya","dmx","dmx","The Best Of DMX | The Definition Of X: Pick Of The Litter","2007","17","2003-02-08","1","AMBIGUOUS","70","multiple_albums"
"RVTR333602","Bump Bump Bump","b2k","b2k","Pandemonium! | The Remixes Vol. 2 (EP)","2002","22","2002-11-30","1","AMBIGUOUS","70","multiple_albums"
"RVTR333656","With Your Love","jefferson starship","jefferson starship","Gold | Spitfire","1976","17","1976-07-24","1","AMBIGUOUS","70","multiple_albums"
"RVTR333737","No Fair At All","The Association","The Association","Greatest Hits | Renaissance","1967","7","1967-02-04","1","AMBIGUOUS","70","multiple_albums"
"RVTR333949","When I Fall In Love","The Lettermen","The Lettermen","All-Time Greatest Hits | The Best Of The Lettermen","1966","15","1961-11-18","1","AMBIGUOUS","70","multiple_albums"
"RVTR334631","Take Me Home","cher","cher","If I Could Turn Back Time -- Cher's Greatest Hits | Live: The Farewell Tour | Take Me Home","1979","19","1979-02-10","1","AMBIGUOUS","70","multiple_albums"
"RVTR334869","You Belong To Me","carly simon","carly simon","Boys In The Trees | Greatest Hits Live | Never Been Gone","1978","18","1978-04-15","1","AMBIGUOUS","70","multiple_albums"
"RVTR335211","Treat Me Right","pat benatar","pat benatar","10 Great Songs | Best Shots | Crimes Of Passion","1980","18","1981-01-17","1","AMBIGUOUS","70","multiple_albums"
"RVTR335372","A Little Is Enough","pete townshend","pete townshend","Deep End Live! | Empty Glass","1980","4","1980-10-11","1","AMBIGUOUS","70","multiple_albums"
"RVTR335628","Jazzman","carole king","carole king","Her Greatest Hits | In Concert | The Living Room Tour | Wrap Around Joy","1974","16","1974-08-31","1","AMBIGUOUS","70","multiple_albums"
"RVTR335631","Stages","zz top","zz top","Afterburner | The Very Best Of ZZ Top: Rancho Texicano","1985","12","1986-01-18","1","AMBIGUOUS","70","multiple_albums"
"RVTR335650","I'M A Midnight Mover","wilson pickett","wilson pickett","The Best Of Wilson Pickett | The Best Of Wilson Pickett, Vol. II","1967","7","1968-06-22","1","AMBIGUOUS","70","multiple_albums"
"RVTR335687","I Believe You","carpenters","carpenters","Made In America | Singles: 1969-1981 | The Best Of The Carpenters: 20th Century Masters The Millennium Collection","1981","5","1978-12-09","1","AMBIGUOUS","70","multiple_albums"
"RVTR336241","Thriller","michael jackson","michael jackson","Greatest Hits: HIStory -- Volume 1 | HIStory: Past, Present And Future Book 1 | Michael Jackson's This Is It (Soundtrack) | Number Ones | Thriller","1982","26","1984-02-11","1","AMBIGUOUS","70","multiple_albums"
"RVTR336680","Midnight Confessions","The Grass Roots","The Grass Roots","Let's Live For Today | Their 16 Greatest Hits","1967","15","1968-08-31","1","AMBIGUOUS","70","multiple_albums"
"RVTR336870","Will You Still Love Me","chicago","chicago","Chicago 18 | Greatest Hits 1982-1989 | The Very Best Of Chicago: Only The Beginning","1986","23","1986-11-15","1","AMBIGUOUS","70","multiple_albums"
"RVTR336876","Miss You","The Rolling Stones","The Rolling Stones","Flashpoint | Jump Back: The Best Of The Rolling Stones: '71-'93 | Some Girls","1978","20","1978-05-27","1","AMBIGUOUS","70","multiple_albums"
"RVTR337338","It Only Takes A Minute","tavares","tavares","Best Of Tavares | In The City","1975","18","1975-07-26","1","AMBIGUOUS","70","multiple_albums"
"RVTR337670","Spark","tori amos","tori amos","From The Choirgirl Hotel | Tales Of A Librarian: A Tori Amos Collection","1998","14","1998-06-27","1","AMBIGUOUS","70","multiple_albums"
"RVTR337727","Dude Looks Like A Lady","aerosmith","aerosmith","Devil's Got A New Disguise: The Very Best Of Aerosmith | Permanent Vacation | The Best Of Aerosmith: 20th Century Masters... | Young Lust: The Aerosmith Anthology","1987","20","1987-10-03","1","AMBIGUOUS","70","multiple_albums"
"RVTR338119","Goodies","ciara","ciara","Ciara | Goodies","2004","38","2004-06-26","1","AMBIGUOUS","70","multiple_albums"
"RVTR338129","Me And Mrs Jones","billy paul","billy paul","360 Degrees Of Billy Paul | Live In Europe","1972","16","1972-11-04","1","AMBIGUOUS","70","multiple_albums"
"RVTR338375","My Back Pages","The Byrds","The Byrds","The Byrds' Greatest Hits | Younger Than Yesterday","1967","7","1967-04-01","1","AMBIGUOUS","70","multiple_albums"
"RVTR338776","The Unknown Soldier","The Doors","The Doors","The Singles | Waiting For The Sun","1968","8","1968-03-30","1","AMBIGUOUS","70","multiple_albums"
"RVTR338879","Dance Away","roxy music","roxy music","Manifesto | The Atlantic Years","1979","9","1979-04-28","1","AMBIGUOUS","70","multiple_albums"
"RVTR338892","The Streak","ray stevens","ray stevens","Boogity Boogity | Ray Stevens' Greatest Hits | The Very Best Of Ray Stevens","1971","17","1974-04-13","1","AMBIGUOUS","70","multiple_albums"
"RVTR339150","This Is All I Ask","tony bennett","tony bennett","This Is All I Ask | Tony's Greatest Hits, Volume III","1963","7","1963-07-20","1","AMBIGUOUS","70","multiple_albums"
"RVTR339251","Earth Angel Will You Be Mine","The Vogues","The Vogues","Memories | The Vogues' Greatest Hits","1969","6","1969-04-19","1","AMBIGUOUS","70","multiple_albums"
"RVTR339300","Money Honey","bay city rollers","bay city rollers","Dedication | Rock N' Roll Love Letter","1976","15","1976-02-07","1","AMBIGUOUS","70","multiple_albums"
"RVTR339326","She Did It","eric carmen","eric carmen","Boats Against The Current | Eric Carmen (II) | The Best Of Eric Carmen","1977","16","1977-08-27","1","AMBIGUOUS","70","multiple_albums"
"RVTR339331","Honky Tonk Badonkadonk","trace adkins","trace adkins","American Man: Greatest Hits Volume II | The Definitive Greatest Hits: Til The Last Shot's Fired","2007","20","2005-11-05","1","AMBIGUOUS","70","multiple_albums"
"RVTR339336","Low Rider","war","war","Greatest Hits | Why Can't We Be Friends?","1975","15","1975-09-20","1","AMBIGUOUS","70","multiple_albums"
"RVTR340005","She Will Be Loved","maroon 5","maroon 5","1.22.03.Acoustic (EP) | Songs About Jane","2003","41","2004-07-24","1","AMBIGUOUS","70","multiple_albums"
"RVTR340138","Outstanding","The Gap Band","The Gap Band","Gap Band Iv | Gap Gold","1982","8","1983-03-12","1","AMBIGUOUS","70","multiple_albums"
"RVTR340205","Dead Giveaway","shalamar","shalamar","The Look | Uptown Festival","1977","20","1983-06-25","1","AMBIGUOUS","70","multiple_albums"
"RVTR340580","Cheap Sunglasses","zz top","zz top","Deguello | The Very Best Of ZZ Top: Rancho Texicano","1979","2","1980-07-12","1","AMBIGUOUS","70","multiple_albums"
"RVTR340823","Back Off Boogaloo","ringo starr","ringo starr","Blast From Your Past | Stop And Smell The Roses","1975","10","1972-04-01","1","AMBIGUOUS","70","multiple_albums"
"RVTR341275","How Could I Let You Get Away","The Spinners","The Spinners","Best Of Spinners | Spinners Live","1973","4","1972-08-19","1","AMBIGUOUS","70","multiple_albums"
"RVTR341760","If You Know What I Mean","neil diamond","neil diamond","12 Greatest Hits Vol. II | Beautiful Noise | Hot August Night/NYC: Live From Madison Square Garden | Love At The Greek","1976","12","1976-06-19","1","AMBIGUOUS","70","multiple_albums"
"RVTR342085","You Really Got Me","van halen","van halen","The Best Of Both Worlds | Van Halen","1978","11","1978-01-28","1","AMBIGUOUS","70","multiple_albums"
"RVTR342359","1979","The Smashing Pumpkins","The Smashing Pumpkins","{Rotten Apples} Greatest Hits | The Aeroplane Flies High","1996","22","1996-02-10","1","AMBIGUOUS","70","multiple_albums"
"RVTR342404","Me And Baby Brother","war","war","Deliver The Word | Greatest Hits","1973","15","1973-11-10","1","AMBIGUOUS","70","multiple_albums"
"RVTR342415","Escape","enrique iglesias","enrique iglesias","Escape | Greatest Hits","2001","20","2002-02-23","1","AMBIGUOUS","70","multiple_albums"
"RVTR342494","Miracles","jefferson starship","jefferson starship","Gold | Red Octopus","1975","17","1975-08-23","1","AMBIGUOUS","70","multiple_albums"
"RVTR342513","When I Dream","crystal gayle","crystal gayle","Classic Crystal | When I Dream","1978","3","1979-07-07","1","AMBIGUOUS","70","multiple_albums"
"RVTR343203","Real Man","todd rundgren","todd rundgren","Back To The Bars | Initiation","1975","3","1975-04-26","1","AMBIGUOUS","70","multiple_albums"
"RVTR343799","When A Man Loves A Woman","bette midler","bette midler","Experience The Divine: Greatest Hits | Jackpot!: The Best Bette | The Rose","1979","10","1980-01-19","1","AMBIGUOUS","70","multiple_albums"
"RVTR343843","On The Down Low","brian mcknight","brian mcknight","1989--2002: From There To Here | I Remember You","1995","9","1995-08-19","1","AMBIGUOUS","70","multiple_albums"
"RVTR344019","Holiday","madonna","madonna","I'm Going To Tell You A Secret (Soundtrack) | Madonna | The Immaculate Collection | You Can Dance","1983","21","1983-10-29","1","AMBIGUOUS","70","multiple_albums"
"RVTR344100","In A Real Love","phil vassar","phil vassar","Greatest Hits Volume 1 | Shaken Not Stirred","2004","20","2004-09-04","1","AMBIGUOUS","70","multiple_albums"
"RVTR344311","Hat 2 Da Back","tlc","tlc","20 | Now & Forever: The Hits | Ooooooohhh. . .On The TLC Tip","1992","15","1993-02-06","1","AMBIGUOUS","70","multiple_albums"
"RVTR344558","What You Get Is What You See","tina turner","tina turner","All The Best | Break Every Rule | Tina Live | Tina Live In Europe | Tina!","1986","14","1987-02-07","1","AMBIGUOUS","70","multiple_albums"
"RVTR344627","Witchy Woman","Eagles","Eagles","Selected Works: 1972--1999 | The Very Best Of The Eagles | Their Greatest Hits 1971-1975 | Their Greatest Hits: Volumes 1 & 2","1976","13","1972-09-09","1","AMBIGUOUS","70","multiple_albums"
"RVTR344710","Too Little Too Late","barenaked ladies","barenaked ladies","Disc One 1991-2001: All Their Greatest Hits | Maroon","2000","4","2001-04-07","1","AMBIGUOUS","70","multiple_albums"
"RVTR345075","Giving It All Away","roger daltrey","roger daltrey","Best Bits | Daltrey","1973","7","1973-06-02","1","AMBIGUOUS","70","multiple_albums"
"RVTR345321","She'S Got To Be A Saint","ray price","ray price","Ray Price's All-Time Greatest Hits | She's Got To Be A Saint","1972","4","1973-01-06","1","AMBIGUOUS","70","multiple_albums"
"RVTR345578","Who Are You","The Who","The Who","The Who Then And Now!: 1964-2004 | Who Are You | Who's Last","1978","15","1978-08-26","1","AMBIGUOUS","70","multiple_albums"
"RVTR345887","Here We Are","gloria estefan","gloria estefan","Cuts Both Ways | Greatest Hits","1989","21","1989-12-16","1","AMBIGUOUS","70","multiple_albums"
"RVTR346402","Some People Change","montgomery gentry","montgomery gentry","For Our Heroes | Playlist: The Very Best Of Montgomery Gentry | Some People Change","2006","13","2006-10-28","1","AMBIGUOUS","70","multiple_albums"
"RVTR347602","Guitar Man","elvis presley","elvis presley","Clambake | Guitar Man | Playlist: The Very Best Of Elvis Presley","1967","20","1968-01-27","1","AMBIGUOUS","70","multiple_albums"
"RVTR347651","Have A Heart","bonnie raitt","bonnie raitt","Nick Of Time | The Best Of Bonnie Raitt On Capitol 1989-2003","1989","9","1990-03-10","1","AMBIGUOUS","70","multiple_albums"
"RVTR347792","Shattered","The Rolling Stones","The Rolling Stones","""Still Life"" (American Concert 1981) | Some Girls | Sucking In The Seventies","1978","10","1978-12-16","1","AMBIGUOUS","70","multiple_albums"
"RVTR347841","This Time Make It Funky","tracie spencer","tracie spencer","Make The Difference | Tracie","1991","7","1991-05-18","1","AMBIGUOUS","70","multiple_albums"
"RVTR348113","Check It Out","john mellencamp","john mellencamp","The Best That I Could Do 1978 - 1988 | The Lonesome Jubilee | Words & Music: John Mellencamp's Greatest Hits","1987","15","1988-02-06","1","AMBIGUOUS","70","multiple_albums"
"RVTR348588","Hey You","bachman-turner overdrive","bachman-turner overdrive","Bachman Turner Overdrive | Best Of B.t.o. (so Far) | Four Wheel Drive","1975","12","1975-05-17","1","AMBIGUOUS","70","multiple_albums"
"RVTR348664","All The Man That I Need","whitney houston","whitney houston","I Will Always Love You: The Best Of Whitney Houston | I'm Your Baby Tonight | Live: Her Greatest Performances | Whitney: The Greatest Hits","1990","23","1990-12-22","1","AMBIGUOUS","70","multiple_albums"
"RVTR348907","Hung Up","madonna","madonna","Confessions On A Dance Floor | MDNA World Tour","2005","20","2005-11-05","1","AMBIGUOUS","70","multiple_albums"
"RVTR349001","How Do You Like Me Now","toby keith","toby keith","Greatest Hits 2 | How Do You Like Me Now?! | Toby Keith","1993","20","2000-01-29","1","AMBIGUOUS","70","multiple_albums"
"RVTR349166","Wiggle","jason derulo","jason derulo","Platinum Hits | Talk Dirty","2014","21","2014-05-17","1","AMBIGUOUS","70","multiple_albums"
"RVTR349540","Fighter","christina aguilera","christina aguilera","Keeps Gettin' Better: A Decade Of Hits | Stripped","2002","20","2003-04-12","1","AMBIGUOUS","70","multiple_albums"
"RVTR349938","For All We Know","carpenters","carpenters","Carpenters | Singles: 1969-1981 | The Singles 1969-1973","1971","13","1971-02-06","1","AMBIGUOUS","70","multiple_albums"
"RVTR350103","Lead Me On","amy grant","amy grant","Greatest Hits | Greatest Hits: 1986-2004 | Lead Me On | Time Again... Amy Grant Live","1988","2","1988-08-06","1","AMBIGUOUS","70","multiple_albums"
"RVTR350487","Wheels Of Life","gino vannelli","gino vannelli","Brother To Brother | The Best Of Gino Vannelli","1978","5","1979-02-17","1","AMBIGUOUS","70","multiple_albums"
"RVTR350515","Shock The Monkey","peter gabriel","peter gabriel","Hit | Scratch My Back/And I'll Scratch Yours | Shaking The Tree - 16 Golden Greats | So: (25th Anniversary Deluxe Edition)","1990","18","1982-10-23","1","AMBIGUOUS","70","multiple_albums"
"RVTR350555","Call Me","blondie","blondie","Blondie 4(0)-Ever: Greatest Hits Deluxe Redux / Ghosts Of Download | The Best Of Blondie","1981","25","1980-02-16","1","AMBIGUOUS","70","multiple_albums"
"RVTR350718","It Doesn'T Matter Anymore","buddy holly","buddy holly","Buddy Holly & The Crickets 20 Golden Greats | The Best Of Buddy Holly: 20th Century Masters The Millennium Collection","1978","14","1959-02-21","1","AMBIGUOUS","70","multiple_albums"
"RVTR351554","Hero","mariah carey","mariah carey","# 1's | #1 To Infinity | Music Box | The Ballads","1993","30","1993-10-23","1","AMBIGUOUS","70","multiple_albums"
"RVTR351676","Sound And Vision","david bowie","david bowie","A New Career In A New Town (1977 - 1982) | ChangesTwoBowie | Low","1977","6","1977-04-09","1","AMBIGUOUS","70","multiple_albums"
"RVTR351703","Bits And Pieces","The Dave Clark Five","The Dave Clark Five","Glad All Over | The Dave Clark Five's Greatest Hits | The History Of The Dave Clark Five","1964","11","1964-04-04","1","AMBIGUOUS","70","multiple_albums"
"RVTR351873","Dog Days Are Over","florence + the machine","florence + the machine","Lungs | MTV Unplugged","2009","20","2010-09-25","1","AMBIGUOUS","70","multiple_albums"
"RVTR352015","Pickup Man","joe diffie","joe diffie","Greatest Hits | Third Rock From The Sun","1994","5","1994-12-24","1","AMBIGUOUS","70","multiple_albums"
"RVTR352176","Piece Of My Heart","sammy hagar","sammy hagar","Sammy Hagar & Friends | Standing Hampton","1982","4","1982-05-15","1","AMBIGUOUS","70","multiple_albums"
"RVTR352183","Free","zac brown band","zac brown band","Greatest Hits So Far... | The Foundation","2008","19","2010-06-05","1","AMBIGUOUS","70","multiple_albums"
"RVTR352725","Hang On To Your Life","The Guess Who","The Guess Who","Share The Land | The Best Of The Guess Who, Volume II","1970","7","1971-01-30","1","AMBIGUOUS","70","multiple_albums"
"RVTR352783","Money Money Money","abba","abba","Arrival | The Singles (The First Ten Years)","1977","7","1977-10-22","1","AMBIGUOUS","70","multiple_albums"
"RVTR353556","Susan","The Buckinghams","The Buckinghams","Portraits | The Buckinghams' Greatest Hits","1968","12","1967-12-09","1","AMBIGUOUS","70","multiple_albums"
"RVTR353580","Double Trouble","lynyrd skynyrd","lynyrd skynyrd","Gimme Back My Bullets | The Best Of Lynyrd Skynyrd: 20th Century Masters The Millennium Collection","1976","3","1976-03-20","1","AMBIGUOUS","70","multiple_albums"
"RVTR353610","New Year'S Day","u2","u2","The Best Of 1980-1990/The B-Sides | U218: Singles","1998","12","1983-04-02","1","AMBIGUOUS","70","multiple_albums"
"RVTR353683","Loves Me Like A Rock","paul simon","paul simon","Negotiations And Love Songs (1971-1986) | Paul Simon In Concert/Live Rhymin' | The Essential Paul Simon | The Paul Simon Collection: On My Way, Don't Know Where I'm Goin' | There Goes Rhymin' Simon | This Better Be Good","1973","16","1973-08-04","1","AMBIGUOUS","70","multiple_albums"
"RVTR353865","How You Remind Me","nickelback","nickelback","Silver Side Up | The Best Of Nickelback: Volume 1","2001","49","2001-09-08","1","AMBIGUOUS","70","multiple_albums"
"RVTR353884","Sam","olivia newton-john","olivia newton-john","Back To Basics/Essential Collection 1971-1992 | Magic: The Very Best Of Olivia Newton-John","1992","13","1977-01-29","1","AMBIGUOUS","70","multiple_albums"
"RVTR354838","I Can Make It Better","luther vandross","luther vandross","One Night With You -- The Best Of Love Volume 2 | Your Secret Love","1996","10","1996-12-21","1","AMBIGUOUS","70","multiple_albums"
"RVTR355427","Leave Out All The Rest","linkin park","linkin park","Minutes To Midnight | One More Light: Live","2007","2","2008-11-22","1","AMBIGUOUS","70","multiple_albums"
"RVTR355598","Respect","otis redding","otis redding","History Of Otis Redding | King & Queen | Otis Blue: Otis Redding Sings Soul | Otis Redding In Person At The Whisky A Go Go | Otis Redding Live In Europe | Pure Southern Soul: Otis Redding | The Very Best Of Otis Redding","1965","11","1965-09-04","1","AMBIGUOUS","70","multiple_albums"
"RVTR356371","Are You Sincere","trini lopez","trini lopez","Greatest Hits! | The Love Album","1965","3","1965-06-12","1","AMBIGUOUS","70","multiple_albums"
"RVTR356476","Can'T Get Used To Losing You","andy williams","andy williams","16 Most Requested Songs: Encore | Andy Williams' Greatest Hits, Vol. 2 | Days Of Wine And Roses | The Impossible Dream","1963","15","1963-03-02","1","AMBIGUOUS","70","multiple_albums"
"RVTR356636","Black Magic Woman","santana","santana","Santana's Greatest Hits | The Best Of Santana | Ultimate Santana","1974","13","1970-11-14","1","AMBIGUOUS","70","multiple_albums"
"RVTR356647","Pain In My Heart","otis redding","otis redding","History Of Otis Redding | King & Queen | Otis Redding In Person At The Whisky A Go Go | Pain In My Heart | Pure Southern Soul: Otis Redding | The Very Best Of Otis Redding","1964","11","1963-11-23","1","AMBIGUOUS","70","multiple_albums"
"RVTR357031","Love Me For A Reason","The Osmonds","The Osmonds","Around The World - Live In Concert | Love Me For A Reason | The Osmonds Greatest Hits","1974","13","1974-08-31","1","AMBIGUOUS","70","multiple_albums"
"RVTR357804","I'M A Believer","The Monkees","The Monkees","Flashback With The Monkees | Then & Now...The Best Of The Monkees","1986","15","1966-12-10","1","AMBIGUOUS","70","multiple_albums"
"RVTR358317","Bailamos","enrique iglesias","enrique iglesias","95/08 | Cosas Del Amor | Enrique | Greatest Hits | The Best Hits","1998","20","1999-07-10","1","AMBIGUOUS","70","multiple_albums"
"RVTR358767","Okolona River Bottom Band","bobbie gentry","bobbie gentry","Bobbie Gentry's Greatest! | The Delta Sweete","1968","4","1967-11-25","1","AMBIGUOUS","70","multiple_albums"
"RVTR359013","Early In The Morning","The Gap Band","The Gap Band","Gap Band Iv | Gap Gold","1982","14","1982-05-22","1","AMBIGUOUS","70","multiple_albums"
"RVTR359892","I Love You More Than Words Can Say","otis redding","otis redding","Pure Southern Soul: Otis Redding | The Dock Of The Bay","1968","3","1967-04-08","1","AMBIGUOUS","70","multiple_albums"
"RVTR360222","Through The Rain","mariah carey","mariah carey","Charmbracelet | The Remixes","2002","9","2002-12-28","1","AMBIGUOUS","70","multiple_albums"
"RVTR360340","My Best Friend","tim mcgraw","tim mcgraw","A Place In The Sun | Greatest Hits: Limited Edition | Love Story","1999","21","1999-11-27","1","AMBIGUOUS","70","multiple_albums"
"RVTR360491","Give It To Me","The J. Geils Band","The J. Geils Band","Bloodshot | Live - Blow Your Face Out","1973","16","1973-03-31","1","AMBIGUOUS","70","multiple_albums"
"RVTR360707","You Are","lionel richie","lionel richie","Lionel Richie | The Best Of Lionel Richie: 20th Century Masters The Millennium Collection | Tuskegee","1982","18","1983-01-15","1","AMBIGUOUS","70","multiple_albums"
"RVTR360877","Come Clean","hilary duff","hilary duff","Hilary Duff | Metamorphosis","2003","13","2004-02-28","1","AMBIGUOUS","70","multiple_albums"
"RVTR361498","The Straight Life","bobby goldsboro","bobby goldsboro","Bobby Goldsboro's Greatest Hits | Summer (The First Time)","1970","8","1968-10-26","1","AMBIGUOUS","70","multiple_albums"
"RVTR361935","Eleanor Rigby","aretha franklin","aretha franklin","Aretha: Live At Fillmore West | This Girl's In Love With You","1970","8","1969-11-08","1","AMBIGUOUS","70","multiple_albums"
"RVTR362513","Strong Enough","sheryl crow","sheryl crow","Sheryl Crow And Friends: Live From Central Park | The Very Best Of Sheryl Crow | Tuesday Night Music Club","1994","26","1994-12-31","1","AMBIGUOUS","70","multiple_albums"
"RVTR362586","Lady You Bring Me Up","commodores","commodores","Commodores Anthology | In The Pocket | The Best Of The Commodores: 20th Century Masters...","1981","22","1981-06-20","1","AMBIGUOUS","70","multiple_albums"
"RVTR362631","Just A Little Bit Of You","michael jackson","michael jackson","Forever, Michael | The Best Of Michael Jackson: 20th Century Masters The Millenium Collection","1975","12","1975-06-07","1","AMBIGUOUS","70","multiple_albums"
"RVTR362645","Volcano","jimmy buffett","jimmy buffett","Live At Fenway Park | Volcano","1979","7","1979-12-22","1","AMBIGUOUS","70","multiple_albums"
"RVTR363109","Black Or White","michael jackson","michael jackson","Dangerous | Greatest Hits: HIStory -- Volume 1 | HIStory: Past, Present And Future Book 1 | Michael Jackson's This Is It (Soundtrack)","1991","20","1991-11-23","1","AMBIGUOUS","70","multiple_albums"
"RVTR364379","In Dreams","roy orbison","roy orbison","Black & White Night: 30 | In Dreams | More Of Roy Orbison's Greatest Hits | Super Hits | The Very Best Of Roy Orbison","1963","13","1963-02-09","1","AMBIGUOUS","70","multiple_albums"
"RVTR365990","You Remind Me Of Something","r. kelly","r. kelly","R. Kelly | The Essential R. Kelly | The R. In R&B Collection: Volume One","1995","20","1995-11-18","1","AMBIGUOUS","70","multiple_albums"
"RVTR366096","I Turn To You","christina aguilera","christina aguilera","Christina Aguilera | Keeps Gettin' Better: A Decade Of Hits","1999","22","2000-04-15","1","AMBIGUOUS","70","multiple_albums"
"RVTR366683","Money Changes Everything","cyndi lauper","cyndi lauper","She's So Unusual: A 30th Anniversary Celebration | The Body Acoustic","1983","13","1984-12-22","1","AMBIGUOUS","70","multiple_albums"
"RVTR367003","Goodbye Earl","dixie chicks","dixie chicks","Fly | Top Of The World Tour Live","1999","15","2000-03-18","1","AMBIGUOUS","70","multiple_albums"
"RVTR367053","Harder To Breathe","maroon 5","maroon 5","1.22.03.Acoustic (EP) | Live From Le Cabaret: In Montreal, Quebec | Live: Friday The 13th | Songs About Jane","2003","22","2003-08-23","1","AMBIGUOUS","70","multiple_albums"
"RVTR367159","Guilty","barbra streisand","barbra streisand","A Collection: Greatest Hits...And More | Duets | Guilty | One Voice | The Essential Barbra Streisand","1980","22","1980-11-01","1","AMBIGUOUS","70","multiple_albums"
"RVTR367222","Angel Of Harlem","u2","u2","Rattle And Hum (Soundtrack) | The Best Of 1980-1990/The B-Sides","1988","15","1988-12-17","1","AMBIGUOUS","70","multiple_albums"
"RVTR367958","When You Love A Woman","journey","journey","Journey's Greatest Hits | Trial By Fire","1988","22","1996-10-26","1","AMBIGUOUS","70","multiple_albums"
"RVTR368289","All Through The Night","cyndi lauper","cyndi lauper","She's So Unusual: A 30th Anniversary Celebration | The Body Acoustic","1983","19","1984-10-06","1","AMBIGUOUS","70","multiple_albums"
"RVTR368533","Until It'S Time For You To Go","The New Birth","The New Birth","Birth Day | The Best Of The New Birth","1973","3","1973-08-25","1","AMBIGUOUS","70","multiple_albums"
"RVTR368643","Only You Know And I Know","dave mason","dave mason","Alone Together | Dave Mason At His Best | Dave Mason Is Alive! | The Best Of Dave Mason | The Very Best Of Dave Mason","1970","10","1970-08-01","1","AMBIGUOUS","70","multiple_albums"
"RVTR368740","Given To Fly","pearl jam","pearl jam","Let's Play Two: Live At Wrigley Field (Soundtrack) | Live At The Gorge 05/06 | Live On Two Legs | Pearl Jam Twenty (Soundtrack) | Tokyo, Japan: March 3rd 2003 | Yield","1998","16","1998-01-24","1","AMBIGUOUS","70","multiple_albums"
"RVTR369091","Johnny B Goode","johnny winter","johnny winter","Live/Johnny Winter And | Second Winter | The Johnny Winter Story","1969","3","1970-01-10","1","AMBIGUOUS","70","multiple_albums"
"RVTR369385","The One That You Love","air supply","air supply","The One That You Love | Ultimate Air Supply","1981","19","1981-05-16","1","AMBIGUOUS","70","multiple_albums"
"RVTR369543","Sit Yourself Down","stephen stills","stephen stills","Stephen Stills | Stills","1970","6","1971-03-13","1","AMBIGUOUS","70","multiple_albums"
"RVTR370362","Easy Come Easy Go","george strait","george strait","Easy Come, Easy Go | The Best Of George Strait: 20th Century Masters The Millennium Collection","1993","10","1993-10-09","1","AMBIGUOUS","70","multiple_albums"
"RVTR371585","Up","shania twain","shania twain","Still The One: Live From Las Vegas | Up!","2002","10","2003-02-01","1","AMBIGUOUS","70","multiple_albums"
"RVTR371724","Best I Ever Had","gavin degraw","gavin degraw","Finest Hour: The Best Of Gavin DeGraw | Make A Move","2013","5","2013-10-05","1","AMBIGUOUS","70","multiple_albums"
"RVTR371830","Photograph","ringo starr","ringo starr","Blast From Your Past | Ringo","1973","16","1973-10-06","1","AMBIGUOUS","70","multiple_albums"
"RVTR372052","Kickstart My Heart","motley crue","motley crue","Live: Entertainment Or Death | Motley Crue","1994","16","1989-11-25","1","AMBIGUOUS","70","multiple_albums"
"RVTR372393","Uh Huh","b2k","b2k","B2K | Pandemonium!","2002","22","2002-01-05","1","AMBIGUOUS","70","multiple_albums"
"RVTR372655","Gotta Serve Somebody","bob dylan","bob dylan","Greatest Hits Volume 3 | Playlist: The Very Best Of Bob Dylan '70s | Slow Train Coming | The Essential Bob Dylan (2014) | Trouble No More: The Bootleg Series, Vol. 13 / 1979-1981","1979","12","1979-09-08","1","AMBIGUOUS","70","multiple_albums"
"RVTR372671","Scarlet Fever","kenny rogers","kenny rogers","Twenty Greatest Hits | We've Got Tonight","1983","2","1983-08-20","1","AMBIGUOUS","70","multiple_albums"
"RVTR372673","Heartbeat","buddy holly","buddy holly","Buddy Holly & The Crickets 20 Golden Greats | Not Fade Away | The Buddy Holly Story","1963","4","1958-12-29","1","AMBIGUOUS","70","multiple_albums"
"RVTR372974","Rocky Mountain High","john denver","john denver","Definitive All-Time Greatest Hits | Rocky Mountain High | The Best Of John Denver Live | Wildlife Concert","1972","19","1972-11-25","1","AMBIGUOUS","70","multiple_albums"
"RVTR373383","By The Time This Night Is Over","kenny g","kenny g","Breathless | Kenny G Greatest Hits","1992","20","1993-05-22","1","AMBIGUOUS","70","multiple_albums"
"RVTR373540","Tonight I Wanna Cry","keith urban","keith urban","Be Here | Greatest Hits","2004","20","2005-12-31","1","AMBIGUOUS","70","multiple_albums"
"RVTR373778","Our Lips Are Sealed","go-go's","go-go's","Beauty And The Beat | Go-Go's Greatest","1981","30","1981-08-29","1","AMBIGUOUS","70","multiple_albums"
"RVTR373969","I Am By Your Side","corey hart","corey hart","Boy In The Box | Fields Of Fire","1985","13","1986-09-20","1","AMBIGUOUS","70","multiple_albums"
"RVTR374008","Lemon Tree","trini lopez","trini lopez","Greatest Hits! | The Folk Album","1965","7","1965-01-23","1","AMBIGUOUS","70","multiple_albums"
"RVTR374190","What The Water Gave Me","florence + the machine","florence + the machine","Ceremonials | MTV Unplugged","2011","1","2011-09-10","1","AMBIGUOUS","70","multiple_albums"
"RVTR374298","Go Your Own Way","fleetwood mac","fleetwood mac","Live In Boston | Opus Collection | Rumours | The Very Best Of Fleetwood Mac","1977","15","1977-01-08","1","AMBIGUOUS","70","multiple_albums"
"RVTR374660","When I See This Bar","kenny chesney","kenny chesney","Life On A Rock | Live In No Shoes Nation","2013","7","2013-08-10","1","AMBIGUOUS","70","multiple_albums"
"RVTR374697","Any Love","luther vandross","luther vandross","Any Love | The Ultimate Luther Vandross","1988","13","1988-10-08","1","AMBIGUOUS","70","multiple_albums"
"RVTR374744","In The Chapel In The Moonlight","dean martin","dean martin","Dean Martin Hits Again | Welcome To My World","1965","7","1967-07-08","1","AMBIGUOUS","70","multiple_albums"
"RVTR375863","Make It Happen","mariah carey","mariah carey","Emotions | MTV Unplugged EP","1991","20","1992-02-22","1","AMBIGUOUS","70","multiple_albums"
"RVTR376665","Like To Get To Know You","spanky and our gang","spanky and our gang","Like To Get To Know You | Spanky's Greatest Hit(s)","1968","11","1968-04-20","1","AMBIGUOUS","70","multiple_albums"
"RVTR376813","Can You Stand The Rain","new edition","new edition","Heart Break | New Edition's Greatest Hits, Volume 1","1988","13","1989-02-11","1","AMBIGUOUS","70","multiple_albums"
"RVTR377363","Love Of My Life","brian mcknight","brian mcknight","1989--2002: From There To Here | Superhero","2001","20","2001-09-15","1","AMBIGUOUS","70","multiple_albums"
"RVTR377373","Building A Mystery","sarah mclachlan","sarah mclachlan","Closer: The Best Of Sarah McLachlan | Mirrorball | Surfacing","1997","22","1997-09-06","1","AMBIGUOUS","70","multiple_albums"
"RVTR377689","Weekend In New England","barry manilow","barry manilow","Barry Manilow Live | This One's For You","1976","19","1976-11-27","1","AMBIGUOUS","70","multiple_albums"
"RVTR377949","Just Like A Woman","bob dylan","bob dylan","Before The Flood | Blonde On Blonde | Bob Dylan At Budokan | The Essential Bob Dylan (2014) | The Real Royal Albert Hall 1966 Concert!","1966","6","1966-09-10","1","AMBIGUOUS","70","multiple_albums"
"RVTR378297","Black Balloon","goo goo dolls","goo goo dolls","Dizzy Up The Girl | Live In Buffalo - July 4th 2004 | Vol. 2","1998","34","1999-07-10","1","AMBIGUOUS","70","multiple_albums"
"RVTR378647","Avenging Annie","roger daltrey","roger daltrey","Best Bits | One Of The Boys","1977","3","1977-10-08","1","AMBIGUOUS","70","multiple_albums"
"RVTR378979","Glad All Over","The Dave Clark Five","The Dave Clark Five","Glad All Over | The Dave Clark Five's Greatest Hits | The History Of The Dave Clark Five","1964","14","1964-02-15","1","AMBIGUOUS","70","multiple_albums"
"RVTR379281","Do You Want To Know A Secret","The Beatles","The Beatles","Introducing...The Beatles | On Air: Live At The BBC Volume 2","1964","11","1964-03-28","1","AMBIGUOUS","70","multiple_albums"
"RVTR379314","Trying To Stop Your Leaving","dierks bentley","dierks bentley","Greatest Hits // Every Mile A Memory 2003-2008 | Long Trip Alone","2006","15","2008-04-19","1","AMBIGUOUS","70","multiple_albums"
"RVTR379446","Everybody Loves A Clown","gary lewis and the playboys","gary lewis and the playboys","(You Don't Have To) Paint Me A Picture | Everybody Loves A Clown","1965","11","1965-09-25","1","AMBIGUOUS","70","multiple_albums"
"RVTR379687","Sugaree","jerry garcia","jerry garcia","All Good Things: Jerry Garcia Studio Sessions | Garcia | Garcia (II) | The Jerry Garcia Collection, Vol. 1: Legion Of Mary | The Very Best Of Jerry Garcia","1972","2","1972-04-15","1","AMBIGUOUS","70","multiple_albums"
"RVTR379809","When The Snow Is On The Roses","ed ames","ed ames","The Best Of Ed Ames | When The Snow Is On The Roses","1967","2","1967-09-30","1","AMBIGUOUS","70","multiple_albums"
"RVTR379975","Just Let Me Be In Love","tracy byrd","tracy byrd","Greatest Hits | Ten Rounds","2001","10","2002-01-12","1","AMBIGUOUS","70","multiple_albums"
"RVTR380317","Hate Me","blue october","blue october","Foiled | Foiled For The Last Time","2006","28","2006-04-29","1","AMBIGUOUS","70","multiple_albums"
"RVTR380562","Since You Been Gone","rainbow","rainbow","Down To Earth | Finyl Vinyl","1979","8","1979-11-17","1","AMBIGUOUS","70","multiple_albums"
"RVTR380977","Lazy Day","spanky and our gang","spanky and our gang","Spanky And Our Gang | Spanky's Greatest Hit(s)","1967","11","1967-10-14","1","AMBIGUOUS","70","multiple_albums"
"RVTR381289","Sledgehammer","peter gabriel","peter gabriel","Hit | Shaking The Tree - 16 Golden Greats | So | So: (25th Anniversary Deluxe Edition)","1986","21","1986-05-10","1","AMBIGUOUS","70","multiple_albums"
"RVTR381419","Here Is Gone","goo goo dolls","goo goo dolls","Greatest Hits, Volume One: The Singles | Gutterflower | Live In Buffalo - July 4th 2004 | Vol. 2","2002","20","2002-03-23","1","AMBIGUOUS","70","multiple_albums"
"RVTR381994","Come Running","van morrison","van morrison","...It's Too Late To Stop Now..., Volumes II, III & IV | Moondance","1970","8","1970-04-04","1","AMBIGUOUS","70","multiple_albums"
"RVTR381995","Love Gun","kiss","kiss","Alive Ii | Double Platinum | Greatest Kiss | Kiss Alive! 1975 - 2000 | Love Gun | Smashes, Thrashes & Hits | Symphony: Alive IV","1977","7","1977-09-24","1","AMBIGUOUS","70","multiple_albums"
"RVTR382482","Tush","zz top","zz top","Fandango! | Greatest Hits | The Baddest | The Best Of ZZ Top | The Best Of ZZ Top: 10 Legendary Texas Tales | The Very Best Of ZZ Top: Rancho Texicano","1975","9","1975-07-19","1","AMBIGUOUS","70","multiple_albums"
"RVTR382716","I Wanna Live","glen campbell","glen campbell","All The Best | Hey, Little One","1968","12","1968-04-06","1","AMBIGUOUS","70","multiple_albums"
"RVTR382748","Rain In The Summertime","The Alarm","The Alarm","Electric Folklore Live | Eye Of The Hurricane | Standards","1987","8","1987-12-19","1","AMBIGUOUS","70","multiple_albums"
"RVTR382875","Gimme More","britney spears","britney spears","Blackout | Playlist: The Very Best Of Britney Spears","2007","20","2007-09-22","1","AMBIGUOUS","70","multiple_albums"
"RVTR383091","Big Blue Note","toby keith","toby keith","Honkytonk University | Toby Keith","1993","12","2005-10-15","1","AMBIGUOUS","70","multiple_albums"
"RVTR383612","The Next Time I Fall","peter cetera","peter cetera","Solitude/Solitaire | You're The Inspiration: A Collection","1986","21","1986-09-20","1","AMBIGUOUS","70","multiple_albums"
"RVTR383738","Down By The Lazy River","The Osmonds","The Osmonds","Around The World - Live In Concert | Phase-III","1972","14","1972-01-22","1","AMBIGUOUS","70","multiple_albums"
"RVTR383771","Show Me The Way","styx","styx","Edge Of The Century | Greatest Hits","1990","23","1990-12-08","1","AMBIGUOUS","70","multiple_albums"
"RVTR383997","Give A Little Bit","goo goo dolls","goo goo dolls","Let Love In | Live In Buffalo - July 4th 2004","2004","20","2004-11-27","1","AMBIGUOUS","70","multiple_albums"
"RVTR384328","Looking Through The Eyes Of Love","gene pitney","gene pitney","Big Sixteen, Vol. 3 | Greatest Hits Of All Times | Looking Through The Eyes Of Love","1965","8","1965-07-24","1","AMBIGUOUS","70","multiple_albums"
"RVTR384376","Hysteria","def leppard","def leppard","Hysteria | Viva! Hysteria: Live At The Joint, Las Vegas","1987","16","1988-01-23","1","AMBIGUOUS","70","multiple_albums"
"RVTR384418","Bad","michael jackson","michael jackson","Bad | Bad: 25 | HIStory: Past, Present And Future Book 1 | Number Ones","1987","14","1987-09-19","1","AMBIGUOUS","70","multiple_albums"
"RVTR384453","Handbags And Gladrags","rod stewart","rod stewart","Sing It Again Rod | Unplugged...And Seated","1973","6","1972-02-12","1","AMBIGUOUS","70","multiple_albums"
"RVTR384717","Ha","juvenile","juvenile","400 Degreez | The Greatest Hits","1998","10","1999-02-06","1","AMBIGUOUS","70","multiple_albums"
"RVTR384827","Share The Land","The Guess Who","The Guess Who","Live At The Paramount (Seattle) | Share The Land | The Best Of The Guess Who, Volume II","1970","10","1970-10-24","1","AMBIGUOUS","70","multiple_albums"
"RVTR384842","Mean Woman Blues","roy orbison","roy orbison","More Of Roy Orbison's Greatest Hits | Opus Collection | The Very Best Of Roy Orbison","1964","13","1963-09-07","1","AMBIGUOUS","70","multiple_albums"
"RVTR385376","Anytime You Need A Friend","mariah carey","mariah carey","Music Box | The Remixes","1993","21","1994-05-28","1","AMBIGUOUS","70","multiple_albums"
"RVTR385510","No Scrubs","tlc","tlc","20 | Fanmail","1999","28","1999-02-20","1","AMBIGUOUS","70","multiple_albums"
"RVTR385808","Centuries","fall out boy","fall out boy","American Beauty / American Psycho | Make America Psycho Again","2015","34","2014-09-27","1","AMBIGUOUS","70","multiple_albums"
"RVTR386168","Whole Lotta Love","led zeppelin","led zeppelin","BBC Sessions | Early Days & Latter Days: The Best Of Led Zeppelin Volumes One And Two | Early Days: The Best Of Led Zeppelin Volume One | Led Zeppelin Box Set 2 | Led Zeppelin II | Mothership | Remasters | The Complete BBC Sessions | The Song Remains The Same (Soundtrack)","1969","15","1969-11-22","1","AMBIGUOUS","70","multiple_albums"
"RVTR386410","How Can I Unlove You","lynn anderson","lynn anderson","How Can I Unlove You | Lynn Anderson's Greatest Hits | The World Of Lynn Anderson","1971","7","1971-08-21","1","AMBIGUOUS","70","multiple_albums"
"RVTR386516","Sooner Or Later","breaking benjamin","breaking benjamin","shaLLow bay: The Best Of Breaking Benjamin | We Are Not Alone","2004","2","2005-04-02","1","AMBIGUOUS","70","multiple_albums"
"RVTR386605","This One'S For The Girls","martina mcbride","martina mcbride","Martina | Martina McBride: Live In Concert","2003","20","2003-08-09","1","AMBIGUOUS","70","multiple_albums"
"RVTR386742","Who Can I Turn To","dionne warwick","dionne warwick","Dionne Warwick's Golden Hits, Part 2 | The Sensitive Sound Of Dionne Warwick","1965","6","1965-02-27","1","AMBIGUOUS","70","multiple_albums"
"RVTR386887","Policy Of Truth","depeche mode","depeche mode","The Singles 86>98 | Violator","1990","16","1990-08-11","1","AMBIGUOUS","70","multiple_albums"
"RVTR386927","Put Your Head On My Shoulder","The Lettermen","The Lettermen","All-Time Greatest Hits | Put Your Head On My Shoulder","1968","8","1968-11-16","1","AMBIGUOUS","70","multiple_albums"
"RVTR387083","I Want It All","queen","queen","Classic Queen | The Miracle","1989","10","1989-05-13","1","AMBIGUOUS","70","multiple_albums"
"RVTR387694","With A Little Help From My Friends","joe cocker","joe cocker","Classic Cocker | Joe Cocker's Greatest Hits | The Best Of Joe Cocker: 20th Century Masters The Millennium Collection | Ultimate Collection | Unchain My Heart | With A Little Help From My Friends","1969","6","1968-11-16","1","AMBIGUOUS","70","multiple_albums"
"RVTR388221","So Help Me Girl","joe diffie","joe diffie","Greatest Hits | Third Rock From The Sun","1994","7","1995-04-08","1","AMBIGUOUS","70","multiple_albums"
"RVTR388600","Penny Lane","The Beatles","The Beatles","Magical Mystery Tour (Soundtrack) | Rarities | The Beatles 1967-1970","1967","10","1967-02-25","1","AMBIGUOUS","70","multiple_albums"
"RVTR388737","Let'S Stay Together","tina turner","tina turner","All The Best | Tina!","2005","15","1984-01-21","1","AMBIGUOUS","70","multiple_albums"
"RVTR389225","Love To Love You Baby","donna summer","donna summer","Donna Summer | Endless Summer: Donna Summer's Greatest Hits | Greatest Hits | Love To Love You Baby | On The Radio: Greatest Hits: Volumes I & II | The Journey: The Very Best Of Donna Summer","1975","18","1975-12-06","1","AMBIGUOUS","70","multiple_albums"
"RVTR389242","Little Miracles Happen Every Day","luther vandross","luther vandross","Never Let Me Go | One Night With You -- The Best Of Love Volume 2","1993","10","1993-05-22","1","AMBIGUOUS","70","multiple_albums"
"RVTR389337","Understand Your Man","johnny cash","johnny cash","16 Biggest Hits | I Walk The Line | Super Hits | The Greatest: The Number Ones","1964","8","1964-02-15","1","AMBIGUOUS","70","multiple_albums"
"RVTR389675","Soak Up The Sun","sheryl crow","sheryl crow","C'mon, C'mon | The Very Best Of Sheryl Crow","2002","29","2002-04-13","1","AMBIGUOUS","70","multiple_albums"
"RVTR390041","March Of The Pigs","nine inch nails","nine inch nails","And All That Could Have Been, Live | The Downward Spiral","1994","3","1994-03-12","1","AMBIGUOUS","70","multiple_albums"
"RVTR390333","Body Language","queen","queen","Greatest Hits: We Will Rock You | Hot Space","1982","14","1982-05-01","1","AMBIGUOUS","70","multiple_albums"
"RVTR390466","Everlasting Love","carl carlton","carl carlton","Carl Carlton | Everlasting Love","1975","15","1974-09-21","1","AMBIGUOUS","70","multiple_albums"
"RVTR390635","Burning Down The House","talking heads","talking heads","Popular Favorites 1976-1992: Sand In The Vaseline | Speaking In Tongues | Stop Making Sense","1983","20","1983-07-30","1","AMBIGUOUS","70","multiple_albums"
"RVTR390770","Keep On Pushing","The Impressions","The Impressions","Keep On Pushing | The Best Of The Impressions | The Impressions Greatest Hits","1964","13","1964-06-06","1","AMBIGUOUS","70","multiple_albums"
"RVTR390855","Baby I Love Your Way","peter frampton","peter frampton","Frampton | Frampton Comes Alive","1975","16","1976-06-26","1","AMBIGUOUS","70","multiple_albums"
"RVTR390958","Is This The End","new edition","new edition","Candy Girl | New Edition's Greatest Hits, Volume 1","1983","4","1983-10-15","1","AMBIGUOUS","70","multiple_albums"
"RVTR391281","Magic Power","triumph","triumph","Allied Forces | Stages","1981","11","1981-10-03","1","AMBIGUOUS","70","multiple_albums"
"RVTR391427","The Story In Your Eyes","The Moody Blues","The Moody Blues","Every Good Boy Deserves Favour | Greatest Hits","1971","11","1971-08-07","1","AMBIGUOUS","70","multiple_albums"
"RVTR391441","Higher Love","steve winwood","steve winwood","Chronicles | Winwood: Greatest Hits Live","1987","22","1986-06-14","1","AMBIGUOUS","70","multiple_albums"
"RVTR391740","The Night Owls","little river band","little river band","Greatest Hits | Little River Band | Time Exposure","1976","21","1981-08-22","1","AMBIGUOUS","70","multiple_albums"
"RVTR391836","Vertigo","u2","u2","How To Dismantle An Atomic Bomb | U218: Singles","2004","20","2004-10-09","1","AMBIGUOUS","70","multiple_albums"
"RVTR391848","So Yesterday","hilary duff","hilary duff","Best Of Hilary Duff | Hilary Duff | Metamorphosis | Most Wanted","2003","20","2003-08-16","1","AMBIGUOUS","70","multiple_albums"
"RVTR391893","Bad Love","eric clapton","eric clapton","24 Nights | Clapton Chronicles: The Best Of Eric Clapton | Forever Man: The Best Of Eric Clapton | Journeyman | The Best Of Eric Clapton: 20th Century Masters The Millennium Collection","1989","5","1990-03-10","1","AMBIGUOUS","70","multiple_albums"
"RVTR392037","Ruby Tuesday","The Rolling Stones","The Rolling Stones","Flashpoint | Flowers | Hyde Park Live | Singles Collection - The London Years | Through The Past, Darkly (Big Hits Vol. 2)","1967","12","1967-01-21","1","AMBIGUOUS","70","multiple_albums"
"RVTR392876","Behind Closed Doors","charlie rich","charlie rich","Behind Closed Doors | Greatest Hits | The Silver Fox","1973","19","1973-04-28","1","AMBIGUOUS","70","multiple_albums"
"RVTR392996","Somebody Help Me","The Spencer Davis Group","The Spencer Davis Group","Gimme Some Lovin' | Spencer Davis' Greatest Hits","1967","7","1967-06-17","1","AMBIGUOUS","70","multiple_albums"
"RVTR393025","The Taker","waylon jennings","waylon jennings","RCA Country Legends: Waylon Jennings | Ultimate Waylon Jennings","2002","1","1970-10-17","1","AMBIGUOUS","70","multiple_albums"
"RVTR393585","What Is A Man","four tops","four tops","Four Tops Greatest Hits, Vol. 2 | Four Tops Now!","1969","7","1969-05-10","1","AMBIGUOUS","70","multiple_albums"
"RVTR393616","Women","def leppard","def leppard","Hysteria | Viva! Hysteria: Live At The Joint, Las Vegas","1987","5","1987-08-22","1","AMBIGUOUS","70","multiple_albums"
"RVTR394006","Machine Gun","commodores","commodores","All The Greatest Hits | Commodores Anthology | Machine Gun | The Best Of The Commodores: 20th Century Masters...","1974","13","1974-06-15","1","AMBIGUOUS","70","multiple_albums"
"RVTR394231","Small Town","john mellencamp","john mellencamp","Scarecrow | The Best That I Could Do 1978 - 1988","1985","18","1985-11-02","1","AMBIGUOUS","70","multiple_albums"
"RVTR394709","My Girl","The Temptations","The Temptations","25th Anniversary | My Girl: The Very Best Of The Temptations | Temptations Live! | The Temptations Greatest Hits | The Temptations Sing Smokey | The Ultimate Collection","1965","13","1965-01-16","1","AMBIGUOUS","70","multiple_albums"
"RVTR394943","All Night Long All Night","lionel richie","lionel richie","Can't Slow Down | The Best Of Lionel Richie: 20th Century Masters The Millennium Collection | The Definitive Collection","1983","24","1983-09-17","1","AMBIGUOUS","70","multiple_albums"
"RVTR395121","That'S The Way Boys Are","lesley gore","lesley gore","Boys, Boys, Boys | The Golden Hits Of Lesley Gore","1964","9","1964-03-28","1","AMBIGUOUS","70","multiple_albums"
"RVTR395493","It Must Be Love","alan jackson","alan jackson","16 Biggest Hits | Playlist: The Very Best Of Alan Jackson | Under The Influence","1999","20","2000-06-24","1","AMBIGUOUS","70","multiple_albums"
"RVTR395767","Private Idaho","The B-52s","The B-52s","Party Mix - Mesopotamia | Wild Planet","1980","5","1980-10-18","1","AMBIGUOUS","70","multiple_albums"
"RVTR395822","Could It Be Magic","barry manilow","barry manilow","Barry Manilow I | The Complete Collection | Ultimate Manilow","1975","18","1975-06-28","1","AMBIGUOUS","70","multiple_albums"
"RVTR396325","Called Out In The Dark","snow patrol","snow patrol","Fallen Empires | Greatest Hits","2012","1","2012-01-28","1","AMBIGUOUS","70","multiple_albums"
"RVTR396512","Save Your Heart For Me","gary lewis and the playboys","gary lewis and the playboys","(You Don't Have To) Paint Me A Picture | A Session With Gary Lewis And The Playboys","1965","11","1965-07-03","1","AMBIGUOUS","70","multiple_albums"
"RVTR396628","Golden Years","david bowie","david bowie","Golden Years | Station To Station","1976","21","1975-12-13","1","AMBIGUOUS","70","multiple_albums"
"RVTR397516","Should I Do It","The Pointer Sisters","The Pointer Sisters","Black & White | Pointer Sisters' Greatest Hits | The Best Of The Pointer Sisters","1976","16","1982-01-23","1","AMBIGUOUS","70","multiple_albums"
"RVTR397533","Knocks Me Off My Feet","donell jones","donell jones","My Heart | The Best Of Donell Jones","1996","20","1996-11-02","1","AMBIGUOUS","70","multiple_albums"
"RVTR397599","Tighten Up","The Black Keys","The Black Keys","Brothers | The Tour Rehearsal Tapes (EP)","2010","4","2010-11-06","1","AMBIGUOUS","70","multiple_albums"
"RVTR397714","Guys Do It All The Time","mindy mccready","mindy mccready","Super Hits | Ten Thousand Angels","1996","9","1996-08-31","1","AMBIGUOUS","70","multiple_albums"
"RVTR398246","Just Like Heaven","The Cure","The Cure","Galore: The Singles 1987-1997 | Greatest Hits | Join The Dots: B-Side & Rarities 1978>2001 (The Fiction Years) | Kiss Me, Kiss Me, Kiss Me | Show","1987","19","1987-10-10","1","AMBIGUOUS","70","multiple_albums"
"RVTR398259","A Certain Girl","warren zevon","warren zevon","Bad Luck Streak In Dancing School | Genius: The Best Of Warren Zevon","1980","7","1980-03-08","1","AMBIGUOUS","70","multiple_albums"
"RVTR398304","Save Up All Your Tears","cher","cher","If I Could Turn Back Time -- Cher's Greatest Hits | Love Hurts | The Very Best Of Cher | The Very Best Of Cher: Special Edition","1991","20","1991-10-19","1","AMBIGUOUS","70","multiple_albums"
"RVTR398335","Anything For You","gloria estefan","gloria estefan","gloria! | Greatest Hits","1992","23","1988-03-12","1","AMBIGUOUS","70","multiple_albums"
"RVTR398624","Follow You Follow Me","genesis","genesis","Live: The Way We Walk Volume 1 | Three Sides Live | Turn It On Again: The Hits: The Tour Edition","1982","16","1978-04-22","1","AMBIGUOUS","70","multiple_albums"
"RVTR399267","The Woman In Me","crystal gayle","crystal gayle","Crystal Gayle's Greatest Hits | Hollywood, Tennessee","1981","6","1981-12-05","1","AMBIGUOUS","70","multiple_albums"
"RVTR399414","Slippin' Into Darkness","war","war","All Day Music | Greatest Hits","1971","22","1972-01-22","1","AMBIGUOUS","70","multiple_albums"
"RVTR399448","Angie Baby","helen reddy","helen reddy","Free And Easy | Helen Reddy's Greatest Hits","1974","17","1974-10-19","1","AMBIGUOUS","70","multiple_albums"
"RVTR399631","Woman Tonight","america","america","Hearts | History/America's Greatest Hits","1975","9","1975-11-29","1","AMBIGUOUS","70","multiple_albums"
"RVTR399648","Heart Of The Night","juice newton","juice newton","Greatest Hits | Quiet Lies","1982","16","1982-11-27","1","AMBIGUOUS","70","multiple_albums"
"RVTR399655","Touch Me In The Morning","diana ross","diana ross","Diamond Diana: The Legacy Collection | Diana Ross Anthology | Diana Ross' Greatest Hits | To Love Again | Touch Me In The Morning","1973","21","1973-06-02","1","AMBIGUOUS","70","multiple_albums"
"RVTR399669","Les Bicyclettes De Belsize","engelbert humperdinck","engelbert humperdinck","Engelbert | Greatest Hits","1969","9","1968-10-19","1","AMBIGUOUS","70","multiple_albums"
"RVTR399731","Catch The Wind","donovan","donovan","Catch The Wind | Donovan P. Leitch | Donovan's Greatest Hits | Like It Is, Was And Evermore Shall Be | The Best Of Donovan | The Real Donovan","1965","10","1965-05-15","1","AMBIGUOUS","70","multiple_albums"
"RVTR399883","Too Many Rivers","brenda lee","brenda lee","10 Golden Years | Too Many Rivers","1965","13","1965-05-29","1","AMBIGUOUS","70","multiple_albums"
"RVTR400000","Free And Easy Down The Road I Go","dierks bentley","dierks bentley","Greatest Hits // Every Mile A Memory 2003-2008 | Long Trip Alone","2006","20","2007-08-18","1","AMBIGUOUS","70","multiple_albums"
"RVTR400247","Help Me Rhonda","The Beach Boys","The Beach Boys","Beach Boys In Concert | Greatest Hits | Sounds Of Summer:The Very Best Of The Beach Boys | Summer Days (And Summer Nights!!)","1964","14","1965-04-17","1","AMBIGUOUS","70","multiple_albums"
"RVTR400569","The Fixer","pearl jam","pearl jam","Backspacer | Live On Ten Legs","2009","7","2009-09-12","1","AMBIGUOUS","70","multiple_albums"
"RVTR401096","Seven Bridges Road","Eagles","Eagles","Eagles Live | Greatest Hits: Volume 2","1980","14","1980-12-20","1","AMBIGUOUS","70","multiple_albums"
"RVTR401373","We Can Work It Out","The Beatles","The Beatles","Past Masters | The Beatles 1962-1966 | Yesterday And Today","1966","12","1965-12-18","1","AMBIGUOUS","70","multiple_albums"
"RVTR401475","Disappear","inxs","inxs","The Best Of INXS | The Greatest Hits | X","1990","20","1990-11-24","1","AMBIGUOUS","70","multiple_albums"
"RVTR401704","One Way Out","The Allman Brothers Band","The Allman Brothers Band","A Decade Of Hits 1969-1979 | Eat A Peach | The Allman Brothers Band","1970","4","1972-12-02","1","AMBIGUOUS","70","multiple_albums"
"RVTR401723","I'M Your Boogie Man","kc and the sunshine band","kc and the sunshine band","Greatest Hits | Part 3","1976","23","1977-02-26","1","AMBIGUOUS","70","multiple_albums"
"RVTR402206","Two People","tina turner","tina turner","All The Best | Break Every Rule | Tina Live In Europe","1986","12","1986-11-22","1","AMBIGUOUS","70","multiple_albums"
"RVTR402322","Come On","barry white","barry white","The Icon Is Love | The Ultimate Collection","1994","2","1995-04-22","1","AMBIGUOUS","70","multiple_albums"
"RVTR402347","Don'T Let Me Be Lonely Tonight","james taylor","james taylor","Greatest Hits | The Best Of James Taylor","1976","11","1972-12-02","1","AMBIGUOUS","70","multiple_albums"
"RVTR402457","U S Male","elvis presley","elvis presley","Almost In Love | Love, Elvis","1970","9","1968-03-23","1","AMBIGUOUS","70","multiple_albums"
"RVTR402536","Oh Very Young","cat stevens","cat stevens","Buddha And The Chocolate Box | Cat Stevens Greatest Hits | The Very Best Of Cat Stevens","1974","17","1974-03-16","1","AMBIGUOUS","70","multiple_albums"
"RVTR402640","Stoned Out Of My Mind","The Chi-lites","The Chi-lites","Chi-Lites | The Chi-Lites Greatest Hits","1972","13","1973-08-04","1","AMBIGUOUS","70","multiple_albums"
"RVTR402713","Love Me","yvonne elliman","yvonne elliman","Love Me | Yvonne","1977","19","1976-10-02","1","AMBIGUOUS","70","multiple_albums"
"RVTR402732","The Wanderer","donna summer","donna summer","Greatest Hits | The Wanderer","1980","20","1980-09-20","1","AMBIGUOUS","70","multiple_albums"
"RVTR402781","Get The Cream Off The Top","eddie kendricks","eddie kendricks","Eddie Kendricks | The Hit Man","1973","8","1975-07-12","1","AMBIGUOUS","70","multiple_albums"
"RVTR402902","Anticipation","carly simon","carly simon","Anticipation | Best Of Carly Simon | Greatest Hits Live | Reflections: Carly Simon's Greatest Hits","1971","13","1971-12-11","1","AMBIGUOUS","70","multiple_albums"
"RVTR403177","Two Doors Down","dolly parton","dolly parton","Dumplin' (Soundtrack) | Greatest Hits | Here You Come Again | Live From London","1977","12","1978-03-18","1","AMBIGUOUS","70","multiple_albums"
"RVTR403441","New York Minute","don henley","don henley","Actual Miles Henley's Greatest Hits | The End Of The Innocence","1989","16","1990-11-10","1","AMBIGUOUS","70","multiple_albums"
"RVTR403553","Yellow","coldplay","coldplay","Coldplay Live 2003 | Live In Buenos Aires | Parachutes","2000","20","2001-03-10","1","AMBIGUOUS","70","multiple_albums"
"RVTR403598","Never Gonna Fall In Love Again","eric carmen","eric carmen","Eric Carmen | Eric Carmen (II) | The Best Of Eric Carmen","1975","15","1976-05-01","1","AMBIGUOUS","70","multiple_albums"
"RVTR403709","Even Now","barry manilow","barry manilow","2Nights Live! | Even Now | Greatest Hits | The Complete Collection","1978","13","1978-05-06","1","AMBIGUOUS","70","multiple_albums"
"RVTR403823","Glory Days","bruce springsteen","bruce springsteen","Born In The U.S.A. | Greatest Hits","1984","18","1985-06-01","1","AMBIGUOUS","70","multiple_albums"
"RVTR403992","Start Me Up","The Rolling Stones","The Rolling Stones","""Still Life"" (American Concert 1981) | Flashpoint | From The Vault: Hampton Coliseum (Live In 1981) | Hyde Park Live | Jump Back: The Best Of The Rolling Stones: '71-'93 | Live Licks | Tattoo You","1981","24","1981-08-22","1","AMBIGUOUS","70","multiple_albums"
"RVTR404129","Back At One","brian mcknight","brian mcknight","1989--2002: From There To Here | Back At One","1999","37","1999-08-28","1","AMBIGUOUS","70","multiple_albums"
"RVTR404538","Celebrity","brad paisley","brad paisley","Hits Alive | Mud On The Tires","2003","20","2003-06-14","1","AMBIGUOUS","70","multiple_albums"
"RVTR404950","Show Me The Way","peter frampton","peter frampton","Frampton | Frampton Comes Alive","1975","18","1976-02-21","1","AMBIGUOUS","70","multiple_albums"
"RVTR405093","Highway To Hell","ac/dc","ac/dc","Highway To Hell | Iron Man 2 (Soundtrack)","1979","10","1979-10-13","1","AMBIGUOUS","70","multiple_albums"
"RVTR405344","Never Die Young","james taylor","james taylor","Greatest Hits Volume 2 | Never Die Young | One Man Band","1972","5","1988-04-02","1","AMBIGUOUS","70","multiple_albums"
"RVTR405840","Love And Understanding","cher","cher","If I Could Turn Back Time -- Cher's Greatest Hits | Love Hurts | The Very Best Of Cher","1991","15","1991-06-15","1","AMBIGUOUS","70","multiple_albums"
"RVTR406174","Rhythm Is Gonna Get You","gloria estefan","gloria estefan","gloria! | Greatest Hits","1992","17","1987-05-30","1","AMBIGUOUS","70","multiple_albums"
"RVTR406345","If I Were A Carpenter","johnny cash","johnny cash","Hello, I'm Johnny Cash | The Johnny Cash Collection (His Greatest Hits, Volume II)","1970","8","1970-01-24","1","AMBIGUOUS","70","multiple_albums"
"RVTR406543","I Need You Now","smokie norful","smokie norful","I Need You Now | Once In A Lifetime","2003","3","2003-11-29","1","AMBIGUOUS","70","multiple_albums"
"RVTR406688","We Got The Beat","go-go's","go-go's","Beauty And The Beat | Go-Go's Greatest","1981","19","1982-01-30","1","AMBIGUOUS","70","multiple_albums"
"RVTR406960","Fire And Ice","pat benatar","pat benatar","Live From Earth | Precious Time","1981","15","1981-07-18","1","AMBIGUOUS","70","multiple_albums"
"RVTR407260","Heaven","live","live","Awake: The Best Of Live | Birds Of Pray","2003","20","2003-08-30","1","AMBIGUOUS","70","multiple_albums"
"RVTR408056","When I Think About Cheatin'","gretchen wilson","gretchen wilson","Greatest Hits | Here For The Party","2004","11","2004-12-11","1","AMBIGUOUS","70","multiple_albums"
"RVTR408614","Song Sung Blue","neil diamond","neil diamond","All-Time Greatest Hits | Hot August Night/NYC: Live From Madison Square Garden | Moods","1972","13","1972-05-06","1","AMBIGUOUS","70","multiple_albums"
"RVTR408901","The Sweetest Taboo","sade","sade","Lovers Live | Promise | The Best Of Sade | The Ultimate Collection","1985","22","1985-11-23","1","AMBIGUOUS","70","multiple_albums"
"RVTR408924","Where Are All My Friends","harold melvin and the blue notes","harold melvin and the blue notes","Harold Melvin & The Blue Notes | To Be True","1972","6","1974-11-09","1","AMBIGUOUS","70","multiple_albums"
"RVTR409521","Rain On The Scarecrow","john mellencamp","john mellencamp","Rough Harvest | Scarecrow | Words & Music: John Mellencamp's Greatest Hits","1985","12","1986-04-26","1","AMBIGUOUS","70","multiple_albums"
"RVTR409643","Size Matters Someday","joe nichols","joe nichols","Greatest Hits | III","2005","14","2006-04-15","1","AMBIGUOUS","70","multiple_albums"
"RVTR410096","There Goes My Life","kenny chesney","kenny chesney","Greatest Hits II | When The Sun Goes Down","2004","20","2003-11-08","1","AMBIGUOUS","70","multiple_albums"
"RVTR410630","Wannabe","spice girls","spice girls","Greatest Hits | Spice","1997","23","1997-01-25","1","AMBIGUOUS","70","multiple_albums"
"RVTR410678","Singing My Song","tammy wynette","tammy wynette","Tammy's Greatest Hits | The Ways To Love A Man","1969","5","1969-04-12","1","AMBIGUOUS","70","multiple_albums"
"RVTR411769","Sunrise","eric carmen","eric carmen","Eric Carmen | Eric Carmen (II)","1975","10","1976-08-14","1","AMBIGUOUS","70","multiple_albums"
"RVTR411770","Just You 'N' Me","chicago","chicago","Chicago - Greatest Hits, Volume II | The Very Best Of Chicago: Only The Beginning","1981","19","1973-09-29","1","AMBIGUOUS","70","multiple_albums"
"RVTR411785","The Secret Of Life","faith hill","faith hill","Faith | The Hits","1998","18","1999-06-26","1","AMBIGUOUS","70","multiple_albums"
"RVTR412536","You","marvin gaye","marvin gaye","Gold | In The Groove | Marvin Gaye Anthology","1968","7","1968-01-13","1","AMBIGUOUS","70","multiple_albums"
"RVTR412580","You Can Get It All","bow wow","bow wow","Bow Wow: Unleashed | New Jack City II","2003","10","2009-03-21","1","AMBIGUOUS","70","multiple_albums"
"RVTR412622","John Deere Green","joe diffie","joe diffie","Greatest Hits | Honky Tonk Attitude","1993","11","1993-12-25","1","AMBIGUOUS","70","multiple_albums"
"RVTR412664","I Wish It Would Rain","The Temptations","The Temptations","Live At The Copa | Wish It Would Rain","1968","14","1968-01-13","1","AMBIGUOUS","70","multiple_albums"
"RVTR412721","Bop Gun One Nation","ice cube","ice cube","Featuring...Ice Cube | Lethal Injection","1993","20","1994-07-30","1","AMBIGUOUS","70","multiple_albums"
"RVTR412840","Island Girl","elton john","elton john","Elton John's Greatest Hits, Volume II | Rock Of The Westies | Rocket Man: Number Ones","1975","15","1975-10-11","1","AMBIGUOUS","70","multiple_albums"
"RVTR413788","Way Over There","The Miracles","The Miracles","Greatest Hits, Vol. 2 | The Miracles On Stage","1963","3","1962-09-15","1","AMBIGUOUS","70","multiple_albums"
"RVTR414000","Heartbreaker","mariah carey","mariah carey","# 1's | Rainbow","1998","20","1999-09-04","1","AMBIGUOUS","70","multiple_albums"
"RVTR414388","Commotion","creedence clearwater revival","creedence clearwater revival","Chronicle (The 20 Greatest Hits) | Green River | Live In Europe | The Concert","1969","8","1969-08-02","1","AMBIGUOUS","70","multiple_albums"
"RVTR415019","World In My Eyes","depeche mode","depeche mode","The Singles 86>98 | Violator","1990","10","1990-11-24","1","AMBIGUOUS","70","multiple_albums"
"RVTR415040","Something To Believe In","poison","poison","Best Of Ballads & Blues | Flesh And Blood | Swallow This Live","1990","21","1990-10-06","1","AMBIGUOUS","70","multiple_albums"
"RVTR416314","Memory","barbra streisand","barbra streisand","A Collection: Greatest Hits...And More | Memories | The Essential Barbra Streisand","1981","7","1982-02-20","1","AMBIGUOUS","70","multiple_albums"
"RVTR416413","Before The Next Teardrop Falls","freddy fender","freddy fender","Before The Next Teardrop Falls | Best Of Freddy Fender","1975","21","1975-02-01","1","AMBIGUOUS","70","multiple_albums"
"RVTR416683","Operator","The Manhattan Transfer","The Manhattan Transfer","The Manhattan Transfer | The Very Best Of The Manhattan Transfer","1975","12","1975-09-20","1","AMBIGUOUS","70","multiple_albums"
"RVTR417030","In The Air Tonight","phil collins","phil collins","Face Value | Serious Hits...Live! | The Singles","1981","17","1981-05-30","1","AMBIGUOUS","70","multiple_albums"
"RVTR418285","Remember Walking In The Sand","aerosmith","aerosmith","Aerosmith's Greatest Hits | Night In The Ruts","1979","6","1980-01-12","1","AMBIGUOUS","70","multiple_albums"
"RVTR418544","Lay Lady Lay","bob dylan","bob dylan","Biograph | Bob Dylan's Greatest Hits, Vol. II | Hard Rain | Nashville Skyline | The Best Of Bob Dylan","1969","14","1969-07-12","1","AMBIGUOUS","70","multiple_albums"
"RVTR418687","Intergalactic","beastie boys","beastie boys","Beastie Boys Anthology: The Sounds Of Science | Hello Nasty | Solid Gold Hits","1998","18","1998-08-01","1","AMBIGUOUS","70","multiple_albums"
"RVTR419570","Come Get To This","marvin gaye","marvin gaye","Gold | Let's Get It On | Marvin Gaye Anthology | Marvin Gaye Live At The London Palladium | Marvin Gaye Live!","1973","13","1973-11-03","1","AMBIGUOUS","70","multiple_albums"
"RVTR419595","The Right Thing To Do","carly simon","carly simon","Best Of Carly Simon | Greatest Hits Live | Never Been Gone | No Secrets | Reflections: Carly Simon's Greatest Hits","1972","13","1973-03-31","1","AMBIGUOUS","70","multiple_albums"
"RVTR419786","No Place That Far","sara evans","sara evans","Greatest Hits | No Place That Far","1999","19","1998-12-12","1","AMBIGUOUS","70","multiple_albums"
"RVTR419796","Perfect","sara evans","sara evans","Greatest Hits | Restless","2003","19","2004-01-24","1","AMBIGUOUS","70","multiple_albums"
"RVTR419897","Do Your Thing","isaac hayes","isaac hayes","Live At The Sahara Tahoe | Ultimate Isaac Hayes: Can You Dig It?","1973","11","1972-02-26","1","AMBIGUOUS","70","multiple_albums"
"RVTR420485","Another One Bites The Dust","queen","queen","Bohemian Rhapsody (Soundtrack) | Greatest Hits | Greatest Hits I II & III: The Platinum Collection | Greatest Hits: We Will Rock You | Live At Wembley | Stone Cold Classics | The Game","1980","31","1980-08-16","1","AMBIGUOUS","70","multiple_albums"
"RVTR420544","Them Changes","buddy miles","buddy miles","Buddy Miles Live | Chapter VII | Them Changes","1970","17","1970-05-02","1","AMBIGUOUS","70","multiple_albums"
"RVTR420656","Whatever Gets You Thru The Night","john lennon","john lennon","Lennon Legend: The Very Best Of John Lennon | Power To The People: The Hits | The John Lennon Collection | Walls And Bridges","1974","15","1974-09-28","1","AMBIGUOUS","70","multiple_albums"
"RVTR421030","Strong Enough","cher","cher","Believe | Cher | The Very Best Of Cher: Special Edition","1966","12","1999-05-22","1","AMBIGUOUS","70","multiple_albums"
"RVTR421307","Suspicions","tim mcgraw","tim mcgraw","Greatest Hits 3 | Let It Go","2007","5","2008-01-26","1","AMBIGUOUS","70","multiple_albums"
"RVTR422124","Broadway","goo goo dolls","goo goo dolls","Dizzy Up The Girl | Greatest Hits, Volume One: The Singles | Live In Buffalo - July 4th 2004","1998","20","2000-04-22","1","AMBIGUOUS","70","multiple_albums"
"RVTR423030","Turn Turn Turn To Everything There Is A Season","The Byrds","The Byrds","The Byrds' Greatest Hits | Turn! Turn! Turn!","1966","14","1965-10-23","1","AMBIGUOUS","70","multiple_albums"
"RVTR423253","The Last Time","The Rolling Stones","The Rolling Stones","Big Hits (High Tide And Green Grass) | Forty Licks | Got Live If You Want It! | GRRR! | More Hot Rocks (Big Hits & Fazed Cookies) | Singles Collection - The London Years","1966","10","1965-03-27","1","AMBIGUOUS","70","multiple_albums"
"RVTR423265","Let It Ride","bachman-turner overdrive","bachman-turner overdrive","Bachman Turner Overdrive | Best Of B.t.o. (so Far)","1976","15","1974-02-23","1","AMBIGUOUS","70","multiple_albums"
"RVTR423272","Look Of Love","lesley gore","lesley gore","Girl Talk | The Golden Hits Of Lesley Gore","1964","9","1964-12-26","1","AMBIGUOUS","70","multiple_albums"
"RVTR423665","Roxanne","The Police","The Police","Every Breath You Take-The Singles | Message In A Box: The Complete Recordings | Outlandos D'amour","1979","13","1979-02-24","1","AMBIGUOUS","70","multiple_albums"
"RVTR423839","Chained And Bound","otis redding","otis redding","King & Queen | Pure Southern Soul: Otis Redding | The Great Otis Redding Sings Soul Ballads","1965","7","1964-10-24","1","AMBIGUOUS","70","multiple_albums"
"RVTR423929","Lonesome Loser","little river band","little river band","First Under The Wire | Greatest Hits | Little River Band","1976","18","1979-07-21","1","AMBIGUOUS","70","multiple_albums"
"RVTR424515","Celebrate","three dog night","three dog night","Golden Bisquits | Suitable For Framing | The Complete Hit Singles","1969","9","1970-02-28","1","AMBIGUOUS","70","multiple_albums"
"RVTR424521","Sunshine On My Shoulders","john denver","john denver","Definitive All-Time Greatest Hits | John Denver's Greatest Hits | Poems, Prayers & Promises | The Best Of John Denver Live | Wildlife Concert","1971","18","1974-01-26","1","AMBIGUOUS","70","multiple_albums"
"RVTR424524","Rock The Casbah","The Clash","The Clash","Combat Rock | Live At Shea Stadium | The Essential Clash","1982","24","1982-10-02","1","AMBIGUOUS","70","multiple_albums"
"RVTR424719","Wasted","tiesto","tiesto","A Town Called Paradise | In Search Of Sunrise 7: Asia","2008","12","2014-06-21","1","AMBIGUOUS","70","multiple_albums"
"RVTR425386","Pictures Of You","The Cure","The Cure","Disintegration | Galore: The Singles 1987-1997 | Show","1989","8","1990-04-21","1","AMBIGUOUS","70","multiple_albums"
"RVTR425886","When The Night Comes","joe cocker","joe cocker","Classic Cocker | One Night Of Sin","1989","20","1989-10-28","1","AMBIGUOUS","70","multiple_albums"
"RVTR426157","You Found Me","The Fray","The Fray","The Fray | Through The Years: The Best Of The Fray","2009","39","2008-12-06","1","AMBIGUOUS","70","multiple_albums"
"RVTR426388","People In Love","10cc","10cc","Deceptive Bends | Live + Let Live","1977","7","1977-05-21","1","AMBIGUOUS","70","multiple_albums"
"RVTR427077","In My Life","juvenile","juvenile","Juve The Great | The Greatest Hits","2004","17","2004-01-03","1","AMBIGUOUS","70","multiple_albums"
"RVTR427249","Rain","The Beatles","The Beatles","Hey Jude | Past Masters","1970","7","1966-06-11","1","AMBIGUOUS","70","multiple_albums"
"RVTR427301","Fire","ohio players","ohio players","Fire | Ohio Players Gold","1974","17","1974-12-14","1","AMBIGUOUS","70","multiple_albums"
"RVTR427766","Man In The Mirror","michael jackson","michael jackson","Bad | Bad: 25 | HIStory: Past, Present And Future Book 1 | Michael Jackson's This Is It (Soundtrack) | Number Ones","1987","17","1988-02-06","1","AMBIGUOUS","70","multiple_albums"
"RVTR427830","Lonely Wind","kansas","kansas","Kansas | Two For The Show","1974","5","1979-01-20","1","AMBIGUOUS","70","multiple_albums"
"RVTR427861","Ashes By Now","lee ann womack","lee ann womack","Greatest Hits | I Hope You Dance","2000","17","2000-12-09","1","AMBIGUOUS","70","multiple_albums"
"RVTR428090","Elvira","The Oak Ridge Boys","The Oak Ridge Boys","A Gospel Journey | Fancy Free | It's Only Natural","1981","22","1981-05-16","1","AMBIGUOUS","70","multiple_albums"
"RVTR428453","Rock Steady","aretha franklin","aretha franklin","Ten Years Of Gold | Young, Gifted And Black","1972","9","1971-10-30","1","AMBIGUOUS","70","multiple_albums"
"RVTR428728","Satisfied","richard marx","richard marx","Greatest Hits | Repeat Offender","1989","15","1989-05-06","1","AMBIGUOUS","70","multiple_albums"
"RVTR429475","Hey Mambo","barry manilow","barry manilow","Swing Street | The Complete Collection","1987","2","1988-03-19","1","AMBIGUOUS","70","multiple_albums"
"RVTR429478","I Wanna Be Where You Are","michael jackson","michael jackson","Got To Be There | The Best Of Michael Jackson: 20th Century Masters The Millenium Collection | The Definitive Collection | The Ultimate Collection","1972","11","1972-05-27","1","AMBIGUOUS","70","multiple_albums"
"RVTR429634","Mr Pitiful","otis redding","otis redding","History Of Otis Redding | King & Queen | Otis Redding In Person At The Whisky A Go Go | Pure Southern Soul: Otis Redding | The Very Best Of Otis Redding","1967","9","1965-02-20","1","AMBIGUOUS","70","multiple_albums"
"RVTR429997","25 Or 6 To 4","chicago","chicago","Chicago - Greatest Hits, Volume II | Chicago 18 | Chicago At Carnegie Hall | Chicago IX: Chicago's Greatest Hits | The Best Of Chicago: 40th Anniversary Edition | The Very Best Of Chicago: Only The Beginning","1971","12","1970-07-25","1","AMBIGUOUS","70","multiple_albums"
"RVTR430203","The One","elton john","elton john","Love Songs | Rocket Man: Number Ones | The One","1992","22","1992-06-27","1","AMBIGUOUS","70","multiple_albums"
"RVTR430448","Back Then","mike jones","mike jones","The American Dream (EP) | Who Is Mike Jones?","2005","20","2005-06-04","1","AMBIGUOUS","70","multiple_albums"
"RVTR430605","Heartbreaker","pat benatar","pat benatar","10 Great Songs | Best Shots | In The Heat Of The Night | Live From Earth","1979","18","1979-12-22","1","AMBIGUOUS","70","multiple_albums"
"RVTR430667","Set Me Free","The Kinks","The Kinks","Kinda Kinks | Kinks-Size | The Kinks Greatest Hits!","1965","8","1965-06-12","1","AMBIGUOUS","70","multiple_albums"
"RVTR430900","Between Her Goodbye And My Hello","gladys knight and the pips","gladys knight and the pips","Best Of Gladys Knight & The Pips | Knight Time","1974","9","1974-06-29","1","AMBIGUOUS","70","multiple_albums"
"RVTR431165","I See It Now","tracy lawrence","tracy lawrence","I See It Now | The Best Of Tracy Lawrence | The Very Best Of Tracy Lawrence | Then & Now: The Hits Collection","1994","9","1994-11-05","1","AMBIGUOUS","70","multiple_albums"
"RVTR431211","Tennessee Waltz","sam cooke","sam cooke","Ain't That Good News | The Best Of Sam Cooke, Volume 2","1964","8","1964-06-13","1","AMBIGUOUS","70","multiple_albums"
"RVTR431328","U Know What'S Up","donell jones","donell jones","The Best Of Donell Jones | Where I Wanna Be","1999","24","1999-09-25","1","AMBIGUOUS","70","multiple_albums"
"RVTR431474","And So It Goes","billy joel","billy joel","Greatest Hits Volume III | Opus Collection | Storm Front","1989","12","1990-10-20","1","AMBIGUOUS","70","multiple_albums"
"RVTR431632","Wide Open Spaces","dixie chicks","dixie chicks","Playlist: The Very Best Of The Dixie Chicks | Wide Open Spaces","1998","20","1998-09-05","1","AMBIGUOUS","70","multiple_albums"
"RVTR431915","Wear Your Love Like Heaven","donovan","donovan","A Gift From A Flower To A Garden | Donovan's Greatest Hits | The Best Of Donovan | Wear Your Love Like Heaven","1967","7","1967-11-25","1","AMBIGUOUS","70","multiple_albums"
"RVTR432032","Let It Go Let It Flow","dave mason","dave mason","Let It Flow | The Best Of Dave Mason","1974","8","1978-01-21","1","AMBIGUOUS","70","multiple_albums"
"RVTR432734","Bird Dog","The Everly Brothers","The Everly Brothers","Reunion Concert | The Everly Brothers' Original Greatest Hits","1970","18","1958-08-04","1","AMBIGUOUS","70","multiple_albums"
"RVTR432819","Hurt So Bad","little anthony and the imperials","little anthony and the imperials","Goin' Out Of My Head | The Best Of Little Anthony & The Imperials","1965","9","1965-02-06","1","AMBIGUOUS","70","multiple_albums"
"RVTR433500","You Give Love A Bad Name","bon jovi","bon jovi","Cross Road | Greatest Hits: The Ultimate Collection | Inside Out | One Wild Night: Live 1985--2001 | Slippery When Wet | This Left Feels Right","1986","24","1986-09-06","1","AMBIGUOUS","70","multiple_albums"
"RVTR433569","Dr Feelgood","motley crue","motley crue","Live: Entertainment Or Death | Motley Crue","1994","16","1989-09-02","1","AMBIGUOUS","70","multiple_albums"
"RVTR433913","Wicked Game","chris isaak","chris isaak","Best Of Chris Isaak | Heart Shaped World","1989","24","1990-12-01","1","AMBIGUOUS","70","multiple_albums"
"RVTR434618","Nashville Cats","The Lovin' Spoonful","The Lovin' Spoonful","Best...lovin' Spoonful | Hums Of The Lovin' Spoonful","1966","10","1966-12-17","1","AMBIGUOUS","70","multiple_albums"
"RVTR434886","Where Do Broken Hearts Go","whitney houston","whitney houston","I Will Always Love You: The Best Of Whitney Houston | Whitney | Whitney: The Greatest Hits","1987","18","1988-02-27","1","AMBIGUOUS","70","multiple_albums"
"RVTR435080","Flirtin' With Disaster","molly hatchet","molly hatchet","Double Trouble Live | Flirtin' With Disaster","1979","10","1980-01-05","1","AMBIGUOUS","70","multiple_albums"
"RVTR435109","Bungle In The Jungle","jethro tull","jethro tull","Minstrel In The Gallery: 40th Anniversary: La Grande Edition | War Child","1974","16","1974-11-02","1","AMBIGUOUS","70","multiple_albums"
"RVTR435184","Then The Morning Comes","smash mouth","smash mouth","All Star: The Smash Hits | Astro Lounge","1999","26","1999-10-30","1","AMBIGUOUS","70","multiple_albums"
"RVTR435199","Valerie","steve winwood","steve winwood","Chronicles | Talking Back To The Night","1982","24","1982-11-13","1","AMBIGUOUS","70","multiple_albums"
"RVTR435543","Melissa","The Allman Brothers Band","The Allman Brothers Band","A Decade Of Hits 1969-1979 | An Evening With The Allman Brothers Band | Eat A Peach | The Best Of Allman Brothers Band: 20th Century Masters: The Millennium Coll","1972","2","1972-08-12","1","AMBIGUOUS","70","multiple_albums"
"RVTR436012","Touch And Go","The Cars","The Cars","Greatest Hits | Panorama | The Complete Greatest Hits","1980","11","1980-09-06","1","AMBIGUOUS","70","multiple_albums"
"RVTR437155","If I Can'T Have You","yvonne elliman","yvonne elliman","Night Flight | Yvonne","1978","22","1978-01-28","1","AMBIGUOUS","70","multiple_albums"
"RVTR437439","Josie","steely dan","steely dan","Aja | Alive In America","1977","11","1978-08-26","1","AMBIGUOUS","70","multiple_albums"
"RVTR437780","My Old School","steely dan","steely dan","Countdown To Ecstasy | Greatest Hits | The Definitive Collection","1973","9","1973-11-03","1","AMBIGUOUS","70","multiple_albums"
"RVTR437897","Ode To Billie Joe","bobbie gentry","bobbie gentry","Bobbie Gentry's Greatest! | Ode To Billie Joe","1967","20","1967-08-05","1","AMBIGUOUS","70","multiple_albums"
"RVTR437965","You Better You Bet","The Who","The Who","Face Dances | Join Together | The Who Then And Now!: 1964-2004","1981","15","1981-03-21","1","AMBIGUOUS","70","multiple_albums"
"RVTR438250","Better Life","keith urban","keith urban","Be Here | Greatest Hits","2004","20","2005-09-10","1","AMBIGUOUS","70","multiple_albums"
"RVTR438263","Is It Love That We'Re Missin'","quincy jones","quincy jones","I Heard That !! | Q's Jook Joint | The Best","1976","10","1975-10-11","1","AMBIGUOUS","70","multiple_albums"
"RVTR438603","Hot Blooded","foreigner","foreigner","40: Forty Hits From Forty Years - 1977-2017 | Complete Greatest Hits | Double Vision | Feels Like The First Time | Juke Box Heroes | No End In Sight: The Very Best Of Foreigner | Records | The Best Of Foreigner 4 & More | The Very Best And Beyond","1978","17","1978-07-01","1","AMBIGUOUS","70","multiple_albums"
"RVTR438653","Do You Remember","phil collins","phil collins","...But Seriously | Serious Hits...Live!","1989","19","1990-04-28","1","AMBIGUOUS","70","multiple_albums"
"RVTR438768","I Kissed A Girl","katy perry","katy perry","MTV Unplugged (EP) | One Of The Boys","2008","23","2008-05-24","1","AMBIGUOUS","70","multiple_albums"
"RVTR438781","Lucky One","amy grant","amy grant","Greatest Hits | House Of Love","1994","20","1994-08-13","1","AMBIGUOUS","70","multiple_albums"
"RVTR438813","Suburbia","pet shop boys","pet shop boys","Disco | Please","1986","10","1986-12-06","1","AMBIGUOUS","70","multiple_albums"
"RVTR439084","When We Make Love","alabama","alabama","Greatest Hits III | In The Mood: The Love Songs | Roll On","1984","10","1984-05-19","1","AMBIGUOUS","70","multiple_albums"
"RVTR439196","Bed Of Roses","bon jovi","bon jovi","Cross Road | Keep The Faith | This Left Feels Right","1992","20","1993-01-23","1","AMBIGUOUS","70","multiple_albums"
"RVTR439301","Union Of The Snake","duran duran","duran duran","Decade | Greatest | Seven And The Ragged Tiger","1983","17","1983-11-05","1","AMBIGUOUS","70","multiple_albums"
"RVTR439593","Shine A Little Love","electric light orchestra","electric light orchestra","All Over The World: The Very Best Of Electric Light Orchestra | Discovery","1979","15","1979-05-19","1","AMBIGUOUS","70","multiple_albums"
"RVTR439965","Tight Rope","leon russell","leon russell","Best Of Leon | Carney","1972","12","1972-08-26","1","AMBIGUOUS","70","multiple_albums"
"RVTR440365","The Reflex","duran duran","duran duran","Decade | Greatest | Seven And The Ragged Tiger","1983","21","1984-04-21","1","AMBIGUOUS","70","multiple_albums"
"RVTR440604","Jackie Blue","ozark mountain daredevils","ozark mountain daredevils","It'll Shine When It Shines | It's Alive","1974","21","1975-02-08","1","AMBIGUOUS","70","multiple_albums"
"RVTR441650","Starman","david bowie","david bowie","Best Of Bowie | Bowie At The BEEB: The Best Of The BBC Sessions 68-72 | ChangesTwoBowie | The Platinum Collection | The Rise And Fall Of Ziggy Stardust And The Spiders From Mars","1972","9","1972-07-01","1","AMBIGUOUS","70","multiple_albums"
"RVTR441860","Candy Shop","50 cent","50 cent","Best Of 50 Cent | The Massacre","2005","23","2005-02-05","1","AMBIGUOUS","70","multiple_albums"
"RVTR441930","I Like To Live The Love","b.b. king","b.b. king","Lucille Talks Back | To Know You Is To Love You","1973","16","1973-12-08","1","AMBIGUOUS","70","multiple_albums"
"RVTR442301","These Dreams","heart","heart","Heart | The Road Home","1985","20","1986-01-18","1","AMBIGUOUS","70","multiple_albums"
"RVTR442605","Chasing Cars","snow patrol","snow patrol","Eyes Open | Greatest Hits | Up To Now","2006","45","2006-06-03","1","AMBIGUOUS","70","multiple_albums"
"RVTR442816","Beds Are Burning","midnight oil","midnight oil","Diesel And Dust | Scream In Blue: Live","1988","22","1988-04-02","1","AMBIGUOUS","70","multiple_albums"
"RVTR443323","Silver Threads And Golden Needles","linda ronstadt","linda ronstadt","Don't Cry Now | Greatest Hits | The Very Best Of Linda Ronstadt","1973","7","1974-04-06","1","AMBIGUOUS","70","multiple_albums"
"RVTR443450","I Want It That Way","backstreet boys","backstreet boys","Millennium | The Hits -- Chapter One","1999","31","1999-04-24","1","AMBIGUOUS","70","multiple_albums"
"RVTR443555","Hurdy Gurdy Man","donovan","donovan","Donovan's Greatest Hits | The Hurdy Gurdy Man","1968","12","1968-06-22","1","AMBIGUOUS","70","multiple_albums"
"RVTR443941","Could It Be","jaheim","jaheim","[Ghetto Love] | Classic Jaheim Vol. 1","2001","20","2000-12-16","1","AMBIGUOUS","70","multiple_albums"
"RVTR443948","Already Gone","Eagles","Eagles","On The Border | Selected Works: 1972--1999 | Their Greatest Hits 1971-1975 | Their Greatest Hits: Volumes 1 & 2","1974","15","1974-05-04","1","AMBIGUOUS","70","multiple_albums"
"RVTR443998","Long Haired Country Boy","The Charlie Daniels Band","The Charlie Daniels Band","A Decade Of Hits | Fire On The Mountain","1974","8","1975-05-10","1","AMBIGUOUS","70","multiple_albums"
"RVTR444293","Keg In The Closet","kenny chesney","kenny chesney","LIVE: Live Those Songs Again | When The Sun Goes Down","2004","10","2005-06-04","1","AMBIGUOUS","70","multiple_albums"
"RVTR444849","Rocket","def leppard","def leppard","Hysteria | Vault: Greatest Hits 1980-1995 | Viva! Hysteria: Live At The Joint, Las Vegas","1987","13","1989-03-04","1","AMBIGUOUS","70","multiple_albums"
"RVTR445441","This Ole Boy","craig morgan","craig morgan","The Journey (Livin Hits) | This Ole Boy","2012","9","2012-04-07","1","AMBIGUOUS","70","multiple_albums"
"RVTR445537","Leopard Skin Pill Box Hat","bob dylan","bob dylan","Blonde On Blonde | No Direction Home: The Soundtrack -- The Bootleg Series Vol. 7","1966","4","1967-05-20","1","AMBIGUOUS","70","multiple_albums"
"RVTR445761","Misunderstanding","genesis","genesis","Duke | Three Sides Live","1980","18","1980-05-24","1","AMBIGUOUS","70","multiple_albums"
"RVTR445870","The Heart Of The Matter","don henley","don henley","Actual Miles Henley's Greatest Hits | The End Of The Innocence","1989","21","1990-02-17","1","AMBIGUOUS","70","multiple_albums"
"RVTR445924","For Once In My Life","tony bennett","tony bennett","For Once In My Life | Tony Bennett's All-Time Greatest Hits | Viva Duets","1968","5","1967-10-28","1","AMBIGUOUS","70","multiple_albums"
"RVTR445942","I Can'T Tell You Why","Eagles","Eagles","Greatest Hits: Volume 2 | Selected Works: 1972--1999 | The Very Best Of The Eagles","1982","16","1980-02-23","1","AMBIGUOUS","70","multiple_albums"
"RVTR446533","Raise Your Weapon","deadmau5","deadmau5","4X4=12 | 5 Years Of mau5","2010","1","2012-03-03","1","AMBIGUOUS","70","multiple_albums"
"RVTR446591","Lifeline","papa roach","papa roach","Metamorphosis | Time For Annihilation ... On The Record & On The Road","2009","2","2009-04-11","1","AMBIGUOUS","70","multiple_albums"
"RVTR446708","Runaway Rita","leif garrett","leif garrett","Leif Garrett | My Movie Of You","1977","6","1981-12-05","1","AMBIGUOUS","70","multiple_albums"
"RVTR446970","Only The Good Die Young","billy joel","billy joel","2000 Years -- The Millennium Concert | A Matter Of Trust: The Bridge to Russia: The Concert | Kohuept (Live In Leningrad) | The Essential Billy Joel | The Hits | The Stranger","1977","13","1978-05-13","1","AMBIGUOUS","70","multiple_albums"
"RVTR447148","Who'S Crying Now","journey","journey","Escape | Journey's Greatest Hits","1981","21","1981-07-18","1","AMBIGUOUS","70","multiple_albums"
"RVTR448418","I Need You","america","america","America | America/Live | History/America's Greatest Hits | The Complete Greatest Hits","1972","10","1972-05-20","1","AMBIGUOUS","70","multiple_albums"
"RVTR448809","Emotions","mariah carey","mariah carey","# 1's | #1 To Infinity | Emotions | MTV Unplugged EP | The Remixes","1991","20","1991-08-31","1","AMBIGUOUS","70","multiple_albums"
"RVTR448915","What Do Ya Think About That","montgomery gentry","montgomery gentry","Playlist: The Very Best Of Montgomery Gentry | Some People Change","2006","20","2007-10-20","1","AMBIGUOUS","70","multiple_albums"
"RVTR449824","We Need Order","The Chi-lites","The Chi-lites","A Letter To Myself | The Chi-Lites Greatest Hits","1972","6","1972-12-02","1","AMBIGUOUS","70","multiple_albums"
"RVTR449839","The Best","tina turner","tina turner","All The Best | Foreign Affair | Tina!","1989","14","1989-09-02","1","AMBIGUOUS","70","multiple_albums"
"RVTR449987","Some Beach","blake shelton","blake shelton","Blake Shelton's Barn & Grill | Loaded: The Best Of Blake Shelton","2004","20","2004-10-30","1","AMBIGUOUS","70","multiple_albums"
"RVTR450417","Little Lies","fleetwood mac","fleetwood mac","Opus Collection | Tango In The Night | The Very Best Of Fleetwood Mac","1987","21","1987-08-29","1","AMBIGUOUS","70","multiple_albums"
"RVTR450695","Sleep Without You","brett young","brett young","Brett Young | Brett Young EP","2016","18","2016-10-01","1","AMBIGUOUS","70","multiple_albums"
"RVTR450983","Ships","barry manilow","barry manilow","Greatest Hits-vol Ii | One Voice | The Complete Collection","1979","14","1979-10-13","1","AMBIGUOUS","70","multiple_albums"
"RVTR451316","The Last Worthless Evening","don henley","don henley","Actual Miles Henley's Greatest Hits | The End Of The Innocence","1989","18","1989-10-07","1","AMBIGUOUS","70","multiple_albums"
"RVTR451494","Cotton Candy","al hirt","al hirt","Cotton Candy | The Best Of Al Hirt","1964","12","1964-04-11","1","AMBIGUOUS","70","multiple_albums"
"RVTR451930","Forever","kenny loggins","kenny loggins","Vox Humana | Yesterday, Today, Tomorrow: The Greatest Hits Of Kenny Loggins","1985","22","1985-05-25","1","AMBIGUOUS","70","multiple_albums"
"RVTR452096","Still Crazy After All These Years","paul simon","paul simon","Negotiations And Love Songs (1971-1986) | Still Crazy After All These Years | The Paul Simon Collection: On My Way, Don't Know Where I'm Goin'","1975","7","1976-05-01","1","AMBIGUOUS","70","multiple_albums"
"RVTR452100","Waiting For You","seal","seal","Best: 1991 - 2004 | Seal IV","2003","8","2003-10-18","1","AMBIGUOUS","70","multiple_albums"
"RVTR452117","No More Lonely Nights","paul mccartney","paul mccartney","All The Best | Give My Regards To Broad Street | Wingspan: Hits And History","1984","18","1984-10-13","1","AMBIGUOUS","70","multiple_albums"
"RVTR452285","Never Knew Love Like This Before","stephanie mills","stephanie mills","Stephanie Mills | Sweet Sensation","1980","25","1980-08-09","1","AMBIGUOUS","70","multiple_albums"
"RVTR453728","We Can Work It Out","stevie wonder","stevie wonder","Signed Sealed & Delivered | Stevie Wonder's Greatest Hits, Vol. 2","1970","11","1971-03-13","1","AMBIGUOUS","70","multiple_albums"
"RVTR453845","Still","commodores","commodores","All The Greatest Hits | Commodores Anthology | Midnight Magic | The Best Of The Commodores: 20th Century Masters...","1979","20","1979-09-29","1","AMBIGUOUS","70","multiple_albums"
"RVTR453848","I Want Her","keith sweat","keith sweat","Keith Sweat Live | Make It Last Forever | The Best Of Keith Sweat: Make You Sweat","1988","20","1988-01-16","1","AMBIGUOUS","70","multiple_albums"
"RVTR454415","Forever","papa roach","papa roach","The Paramour Sessions | Time For Annihilation ... On The Record & On The Road","2006","18","2007-04-14","1","AMBIGUOUS","70","multiple_albums"
"RVTR454532","Hey Nineteen","steely dan","steely dan","A Decade Of Steely Dan | Gaucho | Gold","1980","19","1980-11-29","1","AMBIGUOUS","70","multiple_albums"
"RVTR454893","Orange Blossom Special","johnny cash","johnny cash","Johnny Cash At Folsom Prison | Orange Blossom Special","1965","6","1965-02-13","1","AMBIGUOUS","70","multiple_albums"
"RVTR455388","Love Me Tonight","head east","head east","Flat As A Pancake | Head East","1975","6","1976-02-07","1","AMBIGUOUS","70","multiple_albums"
"RVTR455488","Only In Your Heart","america","america","Homecoming | The Complete Greatest Hits","1972","5","1973-04-28","1","AMBIGUOUS","70","multiple_albums"
"RVTR455815","Let Your Hair Down","The Temptations","The Temptations","1990 | The Temptations","1973","9","1973-12-22","1","AMBIGUOUS","70","multiple_albums"
"RVTR456366","Say Goodbye To Hollywood","billy joel","billy joel","Songs In The Attic | The Essential Billy Joel | Turnstiles","1976","15","1981-09-12","1","AMBIGUOUS","70","multiple_albums"
"RVTR456408","Warm And Tender Love","percy sledge","percy sledge","The Best Of Percy Sledge | Warm & Tender Soul | When A Man Loves A Woman","1966","9","1966-07-23","1","AMBIGUOUS","70","multiple_albums"
"RVTR456496","No More Tears","ozzy osbourne","ozzy osbourne","Live At Budokan | No More Tears | Prince Of Darkness | The Essential Ozzy Osbourne","1991","9","1991-11-30","1","AMBIGUOUS","70","multiple_albums"
"RVTR456819","There Goes Another Love Song","The Outlaws","The Outlaws","Bring It Back Alive | Outlaws","1975","10","1975-09-06","1","AMBIGUOUS","70","multiple_albums"
"RVTR456826","Tusk","fleetwood mac","fleetwood mac","Opus Collection | The Very Best Of Fleetwood Mac","2002","15","1979-10-06","1","AMBIGUOUS","70","multiple_albums"
"RVTR457146","Forever My Lady","jodeci","jodeci","Back To The Future: The Very Best Of Jodeci | Forever My Lady","1991","20","1991-10-26","1","AMBIGUOUS","70","multiple_albums"
"RVTR457200","Georgia On My Mind","The Righteous Brothers","The Righteous Brothers","Greatest Hits | Right Now!","1965","5","1966-02-05","1","AMBIGUOUS","70","multiple_albums"
"RVTR457416","Rocky Mountain Way","joe walsh","joe walsh","The Best Of Joe Walsh | The Smoker You Drink, The Player You Get | You Can't Argue With A Sick Mind","1973","15","1973-08-11","1","AMBIGUOUS","70","multiple_albums"
"RVTR457622","Throwing It All Away","genesis","genesis","Invisible Touch | Live: The Way We Walk Volume 1 | Platinum Collection | Turn It On Again: The Hits: The Tour Edition","1986","16","1986-08-16","1","AMBIGUOUS","70","multiple_albums"
"RVTR458624","All Jacked Up","gretchen wilson","gretchen wilson","All Jacked Up | Greatest Hits","2005","11","2005-08-20","1","AMBIGUOUS","70","multiple_albums"
"RVTR459155","What'S Going On","marvin gaye","marvin gaye","Every Great Hit Of Marvin Gaye | Gold | Marvin Gaye Anthology | Marvin Gaye's Greatest Hits | Number 1's","1964","15","1971-02-20","1","AMBIGUOUS","70","multiple_albums"
"RVTR459216","Take It Like A Man","bachman-turner overdrive","bachman-turner overdrive","Bachman Turner Overdrive | Best Of B.t.o. (so Far) | Head On","1976","7","1976-02-07","1","AMBIGUOUS","70","multiple_albums"
"RVTR459301","Funky Broadway","wilson pickett","wilson pickett","The Best Of Wilson Pickett | The Best Of Wilson Pickett, Vol. II | The Sound Of Wilson Pickett | Wilson Pickett's Greatest Hits","1967","12","1967-08-05","1","AMBIGUOUS","70","multiple_albums"
"RVTR459694","I'M Sorry","john denver","john denver","John Denver's Greatest Hits, Volume 2 | Windsong","1975","18","1975-08-16","1","AMBIGUOUS","70","multiple_albums"
"RVTR459860","Back In The Saddle","aerosmith","aerosmith","Aerosmith's Greatest Hits | Live Bootleg | O, Yeah! Ultimate Aerosmith Hits | Rocks | The Essential Aerosmith","1976","8","1977-04-09","1","AMBIGUOUS","70","multiple_albums"
"RVTR460109","Nick Of Time","bonnie raitt","bonnie raitt","Nick Of Time | The Best Of Bonnie Raitt On Capitol 1989-2003","1989","3","1990-05-19","1","AMBIGUOUS","70","multiple_albums"
"RVTR460295","Turn Me Loose","loverboy","loverboy","Big Ones | Loverboy","1981","17","1981-01-31","1","AMBIGUOUS","70","multiple_albums"
"RVTR460551","Woman'S Got Soul","The Impressions","The Impressions","The Best Of The Impressions | The Impressions Greatest Hits","1965","7","1965-04-03","1","AMBIGUOUS","70","multiple_albums"
"RVTR460571","And She'S Mine","spanky and our gang","spanky and our gang","Anything You Choose/Without Rhyme Or Reason | Spanky's Greatest Hit(s)","1969","1","1969-06-21","1","AMBIGUOUS","70","multiple_albums"
"RVTR460735","How Deep Is Your Love","dru hill","dru hill","Enter The Dru | Hits","1998","20","1998-10-10","1","AMBIGUOUS","70","multiple_albums"
"RVTR460866","Get Up And Go","go-go's","go-go's","Go-Go's Greatest | Vacation","1982","9","1982-09-25","1","AMBIGUOUS","70","multiple_albums"
"RVTR461101","What Do I Care","johnny cash","johnny cash","Best Of Johnny Cash | Ring Of Fire (The Best Of Johnny Cash) | The Greatest: The Number Ones","1963","8","1958-10-20","1","AMBIGUOUS","70","multiple_albums"
"RVTR461172","Sunday Will Never Be The Same","spanky and our gang","spanky and our gang","Spanky And Our Gang | Spanky's Greatest Hit(s)","1967","8","1967-05-20","1","AMBIGUOUS","70","multiple_albums"
"RVTR461418","Gypsy Woman","The Impressions","The Impressions","The Best Of The Impressions | The Impressions | The Impressions Greatest Hits","1963","16","1961-10-14","1","AMBIGUOUS","70","multiple_albums"
"RVTR461482","Smile","uncle kracker","uncle kracker","Happy Hour | Happy Hour: The South River Road Sessions (EP)","2009","33","2009-08-15","1","AMBIGUOUS","70","multiple_albums"
"RVTR461622","The Way","jill scott","jill scott","Experience: Jill Scott 826+ | Who Is Jill Scott? Words And Sounds Vol. 1","2000","20","2001-07-07","1","AMBIGUOUS","70","multiple_albums"
"RVTR461748","A Love She Can Count On","The Miracles","The Miracles","Greatest Hits, Vol. 2 | The Miracles On Stage","1963","9","1963-03-30","1","AMBIGUOUS","70","multiple_albums"
"RVTR461921","Count Me In","gary lewis and the playboys","gary lewis and the playboys","(You Don't Have To) Paint Me A Picture | A Session With Gary Lewis And The Playboys","1965","11","1965-04-03","1","AMBIGUOUS","70","multiple_albums"
"RVTR463253","Sing","carpenters","carpenters","Now & Then | The Singles 1969-1973","1973","14","1973-02-24","1","AMBIGUOUS","70","multiple_albums"
"RVTR463424","Never Knew Love Like This","alexander o'neal","alexander o'neal","All Mixed Up | Hearsay","1987","14","1988-01-23","1","AMBIGUOUS","70","multiple_albums"
"RVTR463659","Woman In Love","barbra streisand","barbra streisand","A Collection: Greatest Hits...And More | Guilty | The Essential Barbra Streisand","1980","24","1980-09-06","1","AMBIGUOUS","70","multiple_albums"
"RVTR463822","Oye Como Va","santana","santana","Abraxas | Sacred Fire | Santana's Greatest Hits | The Essential Santana | Viva Santana","1970","10","1971-02-20","1","AMBIGUOUS","70","multiple_albums"
"RVTR463910","Delilah","tom jones","tom jones","Reloaded: Greatest Hits | The Tom Jones Fever Zone | Tom Jones Greatest Hits | Tom Jones Live In Las Vegas | Tom Jones' Greatest Hits","1968","15","1968-03-16","1","AMBIGUOUS","70","multiple_albums"
"RVTR463932","Mean Mistreater","grand funk railroad","grand funk railroad","Closer To Home | Live Album","1970","8","1970-12-12","1","AMBIGUOUS","70","multiple_albums"
"RVTR463964","Penny Lover","lionel richie","lionel richie","Can't Slow Down | The Definitive Collection","1983","18","1984-10-06","1","AMBIGUOUS","70","multiple_albums"
"RVTR464159","Have You Seen Your Mother Baby Standing In The Shadow","The Rolling Stones","The Rolling Stones","Flowers | Singles Collection - The London Years","1967","7","1966-10-08","1","AMBIGUOUS","70","multiple_albums"
"RVTR464264","God Blessed Texas","little texas","little texas","Big Time | Greatest Hits","1993","12","1993-11-13","1","AMBIGUOUS","70","multiple_albums"
"RVTR464439","Lay Your Hands On Me","bon jovi","bon jovi","Cross Road | Greatest Hits: The Ultimate Collection | New Jersey | This Left Feels Right","1988","16","1989-06-03","1","AMBIGUOUS","70","multiple_albums"
"RVTR465091","Mr Telephone Man","new edition","new edition","All The Number Ones | New Edition's Greatest Hits, Volume 1","1991","16","1984-12-22","1","AMBIGUOUS","70","multiple_albums"
"RVTR465197","Express Yourself","madonna","madonna","Like A Prayer | MDNA World Tour","1989","16","1989-06-03","1","AMBIGUOUS","70","multiple_albums"
"RVTR465513","Some Kind Of Lover","jody watley","jody watley","Jody Watley | You Wanna Dance With Me?","1987","17","1988-01-30","1","AMBIGUOUS","70","multiple_albums"
"RVTR465817","Man I Feel Like A Woman","shania twain","shania twain","Come On Over | Still The One: Live From Las Vegas","1997","28","1999-04-17","1","AMBIGUOUS","70","multiple_albums"
"RVTR466034","Award Tour","a tribe called quest","a tribe called quest","Hits, Rarities & Remixes | Midnight Marauders | The Anthology","1993","18","1993-11-06","1","AMBIGUOUS","70","multiple_albums"
"RVTR466054","If You'Ve Got The Time","The Babys","The Babys","Anthology | The Babys","1977","2","1977-03-19","1","AMBIGUOUS","70","multiple_albums"
"RVTR466260","A Mama And A Papa","ray stevens","ray stevens","Ray Stevens' Greatest Hits | Turn Your Radio On","1971","3","1971-05-01","1","AMBIGUOUS","70","multiple_albums"
"RVTR466316","Jesus Take The Wheel","carrie underwood","carrie underwood","Greatest Hits: Decade #1 | Some Hearts","2005","24","2005-11-19","1","AMBIGUOUS","70","multiple_albums"
"RVTR466489","Psycho Killer","talking heads","talking heads","Popular Favorites 1976-1992: Sand In The Vaseline | Same As It Ever Was | Stop Making Sense | The Name Of This Band Is Talking Heads","1982","5","1978-02-18","1","AMBIGUOUS","70","multiple_albums"
"RVTR466528","Blue Angel","roy orbison","roy orbison","Black & White Night: 30 | Roy Orbison's Greatest Hits | Super Hits | The Very Best Of Roy Orbison","1963","14","1960-09-17","1","AMBIGUOUS","70","multiple_albums"
"RVTR466594","Sweet Sensation","stephanie mills","stephanie mills","Stephanie Mills | Sweet Sensation","1980","6","1980-06-14","1","AMBIGUOUS","70","multiple_albums"
"RVTR466787","More Than A Memory","garth brooks","garth brooks","Blame It All On My Roots: Five Decades Of Influences | Double Live | The Ultimate Hits","1998","16","2007-09-15","1","AMBIGUOUS","70","multiple_albums"
"RVTR467562","Locomotive Breath","jethro tull","jethro tull","20 Years Of Jethro Tull | Aqualung | Little Light Music | Minstrel In The Gallery: 40th Anniversary: La Grande Edition","1971","8","1976-02-14","1","AMBIGUOUS","70","multiple_albums"
"RVTR467650","I Get Around","The Beach Boys","The Beach Boys","All Summer Long | Classics Selected By Brian Wilson | Sounds Of Summer:The Very Best Of The Beach Boys | Still Cruisin' | The Greatest Hits Volume 1: 20 Good Vibrations","1964","15","1964-05-23","1","AMBIGUOUS","70","multiple_albums"
"RVTR467715","Pictures Of Lily","The Who","The Who","BBC Sessions | Meaty Beaty Big And Bouncy | The Ultimate Collection | The Who Hits 50!","1971","6","1967-07-01","1","AMBIGUOUS","70","multiple_albums"
"RVTR468186","Figured You Out","nickelback","nickelback","The Best Of Nickelback: Volume 1 | The Long Road","2003","19","2004-02-07","1","AMBIGUOUS","70","multiple_albums"
"RVTR468669","Talk About Our Love","brandy","brandy","Afrodisiac | The Best Of Brandy","2004","14","2004-05-15","1","AMBIGUOUS","70","multiple_albums"
"RVTR468800","Be Without You","mary j. blige","mary j. blige","Reflections (A Retrospective) | The Breakthrough","2006","33","2005-11-26","1","AMBIGUOUS","70","multiple_albums"
"RVTR468826","Listen Here","eddie harris","eddie harris","High Voltage | Plug Me In | The Best Of Eddie Harris | The Electrifying Eddie Harris","1968","13","1968-06-15","1","AMBIGUOUS","70","multiple_albums"
"RVTR468833","I'Ll Be Doggone","marvin gaye","marvin gaye","Every Great Hit Of Marvin Gaye | Gold | Marvin Gaye Anthology","1974","12","1965-03-20","1","AMBIGUOUS","70","multiple_albums"
"RVTR469359","Every Breath You Take","The Police","The Police","Every Breath You Take-The Singles | Synchronicity | The Police","1983","22","1983-06-04","1","AMBIGUOUS","70","multiple_albums"
"RVTR469930","Go Girl","pitbull","pitbull","Original Hits | The Boatlift","2007","9","2007-12-15","1","AMBIGUOUS","70","multiple_albums"
"RVTR471835","Stuff Like That","quincy jones","quincy jones","Sounds...And Stuff Like That!! | The Best","1978","16","1978-06-10","1","AMBIGUOUS","70","multiple_albums"
"RVTR472044","Weird Science","oingo boingo","oingo boingo","Dead Man's Party | The Best Of Oingo Boingo: Skeletons In The Closet","1985","12","1985-08-31","1","AMBIGUOUS","70","multiple_albums"
"RVTR472245","Are You Happy","jerry butler","jerry butler","The Best Of Jerry Butler | The Ice Man Cometh","1969","10","1968-12-07","1","AMBIGUOUS","70","multiple_albums"
"RVTR472491","Home","phillip phillips","phillip phillips","iTunes Session | The World From The Side Of The Moon","2012","40","2012-06-09","1","AMBIGUOUS","70","multiple_albums"
"RVTR472834","Lucky Star","madonna","madonna","Madonna | The Immaculate Collection","1983","16","1984-08-25","1","AMBIGUOUS","70","multiple_albums"
"RVTR472857","Play Something Sweet Brickyard Blues","three dog night","three dog night","Hard Labor | Joy To The World-Their Greatest Hits","1974","12","1974-09-28","1","AMBIGUOUS","70","multiple_albums"
"RVTR473590","The Game Of Love","santana","santana","Shaman | Ultimate Santana","2002","37","2002-10-05","1","AMBIGUOUS","70","multiple_albums"
"RVTR473693","Next Door To The Blues","etta james","etta james","Etta James Top Ten | Her Best","1963","7","1962-10-13","1","AMBIGUOUS","70","multiple_albums"
"RVTR473716","Unbroken","tim mcgraw","tim mcgraw","Greatest Hits 3 | Love Story | Set This Circus Down","2001","20","2002-07-06","1","AMBIGUOUS","70","multiple_albums"
"RVTR473836","Didn'T You Know You'D Have To Cry Sometime","gladys knight and the pips","gladys knight and the pips","Best Of Gladys Knight & The Pips | Nitty Gritty","1969","7","1969-03-08","1","AMBIGUOUS","70","multiple_albums"
"RVTR473908","Notorious","loverboy","loverboy","Big Ones | Wildside","1987","14","1987-08-22","1","AMBIGUOUS","70","multiple_albums"
"RVTR473956","Country Preacher","cannonball adderley","cannonball adderley","Country Preacher | Phenix","1970","3","1970-01-17","1","AMBIGUOUS","70","multiple_albums"
"RVTR474163","Get Ready","The Temptations","The Temptations","25th Anniversary | Gettin' Ready | Live At The Copa | My Girl: The Very Best Of The Temptations | The Temptations Greatest Hits | The Ultimate Collection","1966","7","1966-02-26","1","AMBIGUOUS","70","multiple_albums"
"RVTR474766","You Make Loving Fun","fleetwood mac","fleetwood mac","Opus Collection | Rumours | The Very Best Of Fleetwood Mac","1977","14","1977-10-15","1","AMBIGUOUS","70","multiple_albums"
"RVTR474932","She'S A Fool","lesley gore","lesley gore","Lesley Gore Sings Of Mixed-Up Hearts | The Golden Hits Of Lesley Gore","1964","15","1963-09-28","1","AMBIGUOUS","70","multiple_albums"
"RVTR475097","Oh What A Night For Dancing","barry white","barry white","Barry White Sings For Someone You Love | The Best Of Barry White: 20th Century Masters The Millennium Collection","1977","11","1978-04-29","1","AMBIGUOUS","70","multiple_albums"
"RVTR475224","Spaceman","The Killers","The Killers","Day & Age | Direct Hits","2008","1","2008-11-22","1","AMBIGUOUS","70","multiple_albums"
"RVTR475266","Good Enough","sarah mclachlan","sarah mclachlan","Closer: The Best Of Sarah McLachlan | Fumbling Towards Ecstasy | Mirrorball | The Freedom Sessions","1994","10","1994-10-08","1","AMBIGUOUS","70","multiple_albums"
"RVTR475427","Viva Las Vegas","elvis presley","elvis presley","Elvis | Elvis: Viva Las Vegas | Elvis' Gold Records, Volume 4","1968","8","1964-05-09","1","AMBIGUOUS","70","multiple_albums"
"RVTR475866","A Sweet Woman Like You","joe tex","joe tex","The Best Of Joe Tex | The Love You Save","1966","9","1965-12-04","1","AMBIGUOUS","70","multiple_albums"
"RVTR476002","Young Blood","rickie lee jones","rickie lee jones","Naked Songs | Rickie Lee Jones","1979","9","1979-07-28","1","AMBIGUOUS","70","multiple_albums"
"RVTR476011","It Hurts To Be In Love","gene pitney","gene pitney","Greatest Hits Of All Times | It Hurts To Be In Love | Looking Through The Eyes Of Love","1964","16","1964-07-18","1","AMBIGUOUS","70","multiple_albums"
"RVTR476029","You Have Placed A Chill In My Heart","eurythmics","eurythmics","Greatest Hits | Savage","1987","7","1988-05-28","1","AMBIGUOUS","70","multiple_albums"
"RVTR476515","Livin' Thing","electric light orchestra","electric light orchestra","A New World Record | Mr. Blue Sky: The Very Best Of Electric Light Orchestra","1976","18","1976-10-23","1","AMBIGUOUS","70","multiple_albums"
"RVTR476557","I Did It","dave matthews band","dave matthews band","Everyday | Live At Folsom Field Boulder Colorado","2001","11","2001-01-27","1","AMBIGUOUS","70","multiple_albums"
"RVTR476722","As Usual","brenda lee","brenda lee","10 Golden Years | By Request","1964","11","1963-12-14","1","AMBIGUOUS","70","multiple_albums"
"RVTR477642","Jesus Is Just Alright","The Byrds","The Byrds","Ballad Of Easy Rider | The Best Of The Byrds (Greatest Hits, Volume II)","1969","1","1970-02-07","1","AMBIGUOUS","70","multiple_albums"
"RVTR477828","Town Without Pity","gene pitney","gene pitney","Greatest Hits Of All Times | Looking Through The Eyes Of Love","1965","20","1961-10-28","1","AMBIGUOUS","70","multiple_albums"
"RVTR478078","Once In A Lifetime","talking heads","talking heads","Popular Favorites 1976-1992: Sand In The Vaseline | Remain In Light | Same As It Ever Was | Stop Making Sense","1980","4","1986-04-19","1","AMBIGUOUS","70","multiple_albums"
"RVTR478189","Green Green Grass Of Home","tom jones","tom jones","Green, Green Grass Of Home | Tom Jones Live!","1967","12","1966-12-24","1","AMBIGUOUS","70","multiple_albums"
"RVTR478369","There Goes My Everything","jack greene","jack greene","All The Time | There Goes My Everything","1967","9","1967-01-07","1","AMBIGUOUS","70","multiple_albums"
"RVTR478470","Black Widow","iggy azalea","iggy azalea","Reclassified | The New Classic","2014","30","2014-07-19","1","AMBIGUOUS","70","multiple_albums"
"RVTR479735","Rock 'N' Roll Fantasy","bad company","bad company","Desolation Angels | Live 1977 / Live 1979","1979","20","1979-03-17","1","AMBIGUOUS","70","multiple_albums"
"RVTR479806","Like A Prayer","madonna","madonna","I'm Going To Tell You A Secret (Soundtrack) | Like A Prayer","1989","16","1989-03-18","1","AMBIGUOUS","70","multiple_albums"
"RVTR479868","Memory","barry manilow","barry manilow","Greatest Hits-vol Ii | Here Comes The Night | Live On Broadway | The Complete Collection","1982","14","1982-11-20","1","AMBIGUOUS","70","multiple_albums"
"RVTR479871","Lonely Boy","The Black Keys","The Black Keys","El Camino | The Tour Rehearsal Tapes (EP)","2011","20","2011-11-12","1","AMBIGUOUS","70","multiple_albums"
"RVTR479894","The Drum","bobby sherman","bobby sherman","Bobby Sherman's Greatest Hits | Portrait Of Bobby","1971","8","1971-05-01","1","AMBIGUOUS","70","multiple_albums"
"RVTR479898","I'M Free","The Who","The Who","BBC Sessions | Join Together","1990","8","1969-07-19","1","AMBIGUOUS","70","multiple_albums"
"RVTR479990","If You Love Me Let Me Know","olivia newton-john","olivia newton-john","Back To Basics/Essential Collection 1971-1992 | If You Love Me Let Me Know | Magic: The Very Best Of Olivia Newton-John | Olivia Newton-John's Greatest Hits","1974","20","1974-04-13","1","AMBIGUOUS","70","multiple_albums"
"RVTR480751","Run Rudolph Run","chuck berry","chuck berry","Chuck Berry's Golden Decade, Vol. 2 | Rock 'N' Roll Rarities","1973","29","1958-12-15","1","AMBIGUOUS","70","multiple_albums"
"RVTR480800","How Am I Supposed To Live Without You","michael bolton","michael bolton","Greatest Hits 1985-1995 | Michael Bolton | Soul Provider","1983","23","1989-10-28","1","AMBIGUOUS","70","multiple_albums"
"RVTR480919","My Sweet Lord","george harrison","george harrison","All Things Must Pass | Early Takes: Volume 1 (Soundtrack) | George Harrison | Let It Roll: Songs By George Harrison | The Concert For Bangla Desh","1970","1","2002-02-02","1","AMBIGUOUS","70","multiple_albums"
"RVTR480980","Kings And Queens","aerosmith","aerosmith","Aerosmith's Greatest Hits | Classics Live | Draw The Line","1977","5","1978-03-11","1","AMBIGUOUS","70","multiple_albums"
"RVTR481542","Black Friday","steely dan","steely dan","A Decade Of Steely Dan | Katy Lied | The Definitive Collection","1975","7","1975-05-24","1","AMBIGUOUS","70","multiple_albums"
"RVTR481591","Sweet Dreams Are Made Of This","eurythmics","eurythmics","Greatest Hits | Sweet Dreams (Are Made Of This) | Ultimate Collection","1983","26","1983-05-14","1","AMBIGUOUS","70","multiple_albums"
"RVTR481607","Spirits In The Material World","The Police","The Police","Every Breath You Take-The Singles | Ghost In The Machine | Message In A Box: The Complete Recordings","1981","13","1982-01-16","1","AMBIGUOUS","70","multiple_albums"
"RVTR481786","Tin Man","america","america","America/Live | History/America's Greatest Hits | The Complete Greatest Hits","1975","18","1974-08-24","1","AMBIGUOUS","70","multiple_albums"
"RVTR482455","Stop","spice girls","spice girls","Greatest Hits | Spiceworld","1997","19","1998-06-20","1","AMBIGUOUS","70","multiple_albums"
"RVTR482485","Another Saturday Night","sam cooke","sam cooke","Ain't That Good News | The Best Of Sam Cooke, Volume 2","1964","11","1963-04-20","1","AMBIGUOUS","70","multiple_albums"
"RVTR483166","Tender Years","george jones","george jones","50 Years Of Hits | Super Hits | The Essential George Jones","2004","4","1961-07-01","1","AMBIGUOUS","70","multiple_albums"
"RVTR483563","My Heroes Have Always Been Cowboys","willie nelson","willie nelson","Super Hits | The Electric Horseman | Willie Nelson's Greatest Hits (& Some That Will Be)","1980","10","1980-02-09","1","AMBIGUOUS","70","multiple_albums"
"RVTR483649","Goodbye Yellow Brick Road","elton john","elton john","Diamonds | Goodbye Yellow Brick Road | Greatest Hits | Greatest Hits, Vol. III 1979-1987 | Rocket Man: Number Ones","1973","17","1973-10-27","1","AMBIGUOUS","70","multiple_albums"
"RVTR483686","Proud Mary","creedence clearwater revival","creedence clearwater revival","Bayou Country | Chronicle (The 20 Greatest Hits) | Creedence Gold | Live In Europe | The Concert","1969","14","1969-01-25","1","AMBIGUOUS","70","multiple_albums"
"RVTR483903","You Really Got Me","The Kinks","The Kinks","Come Dancing With The Kinks | The Kinks Greatest Hits! | The Live Kinks | You Really Got Me","1964","15","1964-09-26","1","AMBIGUOUS","70","multiple_albums"
"RVTR484052","You Need Love","styx","styx","Come Sail Away: The Styx Anthology | Styx II","1975","2","1975-05-17","1","AMBIGUOUS","70","multiple_albums"
"RVTR484080","Not Fade Away","The Rolling Stones","The Rolling Stones","Big Hits (High Tide And Green Grass) | Forty Licks | Got Live If You Want It! | GRRR! | More Hot Rocks (Big Hits & Fazed Cookies) | Singles Collection - The London Years | Stripped","1966","13","1964-05-02","1","AMBIGUOUS","70","multiple_albums"
"RVTR484175","Spice Up Your Life","spice girls","spice girls","Greatest Hits | Spiceworld","1997","20","1997-11-08","1","AMBIGUOUS","70","multiple_albums"
"RVTR484194","Fade","staind","staind","Break The Cycle | Live From Mohegan Sun | Staind","2001","17","2001-10-20","1","AMBIGUOUS","70","multiple_albums"
"RVTR484552","Love Or Something Like It","kenny rogers","kenny rogers","Love Or Something Like It | Twenty Greatest Hits","1978","12","1978-06-03","1","AMBIGUOUS","70","multiple_albums"
"RVTR484623","Fortress Around Your Heart","sting","sting","Fields Of Gold - Best Of Sting 1984-1994 | The Dream Of The Blue Turtles","1985","20","1985-08-24","1","AMBIGUOUS","70","multiple_albums"
"RVTR485301","Hello Again","neil diamond","neil diamond","12 Greatest Hits Vol. II | All-Time Greatest Hits | Hot August Night II | Hot August Night III: Recorded Live At The Greek Theatre, Los Angeles | Hot August Night/NYC: Live From Madison Square Garden | Live In America | Stages: Performances 1970-2002","1982","16","1981-01-31","1","AMBIGUOUS","70","multiple_albums"
"RVTR485442","Dance The Night Away","van halen","van halen","Best Of Volume 1 | Van Halen II","1979","15","1979-04-28","1","AMBIGUOUS","70","multiple_albums"
"RVTR485650","You Better Sit Down Kids","cher","cher","Cher's Golden Greats | Take Me Home","1968","13","1967-10-28","1","AMBIGUOUS","70","multiple_albums"
"RVTR485678","So Emotional","whitney houston","whitney houston","I Will Always Love You: The Best Of Whitney Houston | Whitney","1987","19","1987-10-31","1","AMBIGUOUS","70","multiple_albums"
"RVTR486174","Galileo","indigo girls","indigo girls","1200 Curfews | Retrospective | Rites Of Passage","1992","2","1992-08-08","1","AMBIGUOUS","70","multiple_albums"
"RVTR486229","I Should Have Known Better","The Beatles","The Beatles","A Hard Day's Night (Soundtrack) | Hey Jude | Reel Music","1964","4","1964-07-25","1","AMBIGUOUS","70","multiple_albums"
"RVTR486437","Nightingale","carole king","carole king","Her Greatest Hits | Wrap Around Joy","1974","12","1975-01-04","1","AMBIGUOUS","70","multiple_albums"
"RVTR486562","Bootylicious","destiny's child","destiny's child","Playlist: The Very Best Of Destiny's Child | Survivor","2001","19","2001-06-09","1","AMBIGUOUS","70","multiple_albums"
"RVTR486819","Cherry Bomb","john mellencamp","john mellencamp","The Best That I Could Do 1978 - 1988 | The Lonesome Jubilee","1987","21","1987-10-24","1","AMBIGUOUS","70","multiple_albums"
"RVTR487191","Can'T Buy Me Love","The Beatles","The Beatles","20 Greatest Hits | A Hard Day's Night (Soundtrack) | Live At The Hollywood Bowl | The Beatles 1962-1966","1964","10","1964-03-28","1","AMBIGUOUS","70","multiple_albums"
"RVTR487646","Signs","tesla","tesla","Five Man Acoustical Jam | Time's Makin' Changes - The Best Of Tesla","1990","22","1991-01-05","1","AMBIGUOUS","70","multiple_albums"
"RVTR487758","Eli'S Coming","three dog night","three dog night","Golden Bisquits | Suitable For Framing | The Complete Hit Singles","1969","14","1969-10-25","1","AMBIGUOUS","70","multiple_albums"
"RVTR487780","Constant Craving","k.d. lang","k.d. lang","Ingenue | Recollection","1992","19","1992-08-01","1","AMBIGUOUS","70","multiple_albums"
"RVTR488001","With Or Without You","u2","u2","The Best Of 1980-1990 | The Best Of 1980-1990/The B-Sides | The Joshua Tree | U218: Singles","1987","18","1987-03-21","1","AMBIGUOUS","70","multiple_albums"
"RVTR488041","Sussudio","phil collins","phil collins","No Jacket Required | The Singles","1985","17","1985-05-11","1","AMBIGUOUS","70","multiple_albums"
"RVTR488056","Come Monday","jimmy buffett","jimmy buffett","Encores | Feeding Frenzy | Live In Hawaii | Living And Dying In 3/4 Time | Songs You Know By Heart: Jimmy Buffett's Greatest Hit(s) | You Had To Be There","1974","14","1974-05-18","1","AMBIGUOUS","70","multiple_albums"
"RVTR488319","Honey","mariah carey","mariah carey","# 1's | Butterfly | The Remixes","1997","20","1997-09-13","1","AMBIGUOUS","70","multiple_albums"
"RVTR488355","Destroyer","The Kinks","The Kinks","Come Dancing With The Kinks | Give The People What They Want | The Road","1981","4","1981-10-31","1","AMBIGUOUS","70","multiple_albums"
"RVTR488704","America'S Suitehearts","fall out boy","fall out boy","Believers Never Die: Greatest Hits | Folie A Deux","2009","1","2009-05-16","1","AMBIGUOUS","70","multiple_albums"
"RVTR488785","Fox On The Run","sweet","sweet","Desolation Boulevard | Level Headed","1975","16","1975-11-15","1","AMBIGUOUS","70","multiple_albums"
"RVTR489021","Inseparable","natalie cole","natalie cole","Inseparable | Natalie Live","1975","17","1975-12-13","1","AMBIGUOUS","70","multiple_albums"
"RVTR489305","Home","michael buble","michael buble","Caught In The Act | It's Time | Michael Buble Meets Madison Square Garden","2005","20","2005-05-21","1","AMBIGUOUS","70","multiple_albums"
"RVTR489612","I Feel For You","chaka khan","chaka khan","Epiphany: The Best Of Chaka Khan Volume One | I Feel For You","1984","26","1984-09-08","1","AMBIGUOUS","70","multiple_albums"
"RVTR489971","I Swear","john michael montgomery","john michael montgomery","Kickin' It Up | The Very Best Of John Michael Montgomery","1994","20","1994-02-12","1","AMBIGUOUS","70","multiple_albums"
"RVTR490040","One Way Or Another","blondie","blondie","Blondie 4(0)-Ever: Greatest Hits Deluxe Redux / Ghosts Of Download | Parallel Lines | The Best Of Blondie","1978","14","1979-06-02","1","AMBIGUOUS","70","multiple_albums"
"RVTR490406","Legs","zz top","zz top","Eliminator | The Very Best Of ZZ Top: Rancho Texicano","1983","19","1984-05-19","1","AMBIGUOUS","70","multiple_albums"
"RVTR490452","Play The Game Tonight","kansas","kansas","Best Of Kansas | Vinyl Confessions","1982","15","1982-05-08","1","AMBIGUOUS","70","multiple_albums"
"RVTR490488","Sadie","The Spinners","The Spinners","Best Of Spinners | Spinners Live","1973","7","1975-05-03","1","AMBIGUOUS","70","multiple_albums"
"RVTR490609","On Broadway","george benson","george benson","The George Benson Collection | Weekend In L.a.","1978","18","1978-03-11","1","AMBIGUOUS","70","multiple_albums"
"RVTR490920","My List","toby keith","toby keith","Greatest Hits 2 | Toby Keith","1993","20","2002-02-16","1","AMBIGUOUS","70","multiple_albums"
"RVTR490995","If Not For You","olivia newton-john","olivia newton-john","If Not For You | Olivia Newton-John's Greatest Hits","1971","17","1971-05-29","1","AMBIGUOUS","70","multiple_albums"
"RVTR491040","In The Navy","village people","village people","Go West | Live And Sleazy","1979","18","1979-03-17","1","AMBIGUOUS","70","multiple_albums"
"RVTR491104","Running With The Night","lionel richie","lionel richie","Back To Front | Can't Slow Down | The Definitive Collection","1983","19","1983-11-26","1","AMBIGUOUS","70","multiple_albums"
"RVTR491732","Daydream","The Lovin' Spoonful","The Lovin' Spoonful","Best...lovin' Spoonful | Daydream | The Best Of The Lovin' Spoonful","1966","12","1966-02-26","1","AMBIGUOUS","70","multiple_albums"
"RVTR492083","Still Water Love","four tops","four tops","Four Tops | Four Tops Greatest Hits, Vol. 2 | Still Waters Run Deep | The Best Of The 4 Tops","1965","14","1970-08-29","1","AMBIGUOUS","70","multiple_albums"
"RVTR492645","Wild Wild Life","talking heads","talking heads","Popular Favorites 1976-1992: Sand In The Vaseline | True Stories: A Film By David Byrne, The Complete Soundtrack","1986","21","1986-09-06","1","AMBIGUOUS","70","multiple_albums"
"RVTR493091","You And Me","alice cooper","alice cooper","Lace And Whiskey | The Alice Cooper Show","1977","21","1977-04-30","1","AMBIGUOUS","70","multiple_albums"
"RVTR493453","Edge Of The Universe","bee gees","bee gees","Here At Last...Bee Gees...Live | Main Course","1975","13","1977-07-23","1","AMBIGUOUS","70","multiple_albums"
"RVTR493468","One","three dog night","three dog night","Golden Bisquits | Joy To The World-Their Greatest Hits | The Best Of Three Dog Night: 20th Century Masters... | The Complete Hit Singles | Three Dog Night","1969","16","1969-05-03","1","AMBIGUOUS","70","multiple_albums"
"RVTR493555","Steve Mcqueen","sheryl crow","sheryl crow","C'mon, C'mon | The Very Best Of Sheryl Crow","2002","5","2002-09-14","1","AMBIGUOUS","70","multiple_albums"
"RVTR493733","You Got To Be The One","The Chi-lites","The Chi-lites","Chi-Lites | The Chi-Lites Greatest Hits | Toby","1972","3","1974-08-31","1","AMBIGUOUS","70","multiple_albums"
"RVTR493960","Lonely Again","eddy arnold","eddy arnold","Lonely Again | The Best Of Eddy Arnold, Volume II","1967","2","1967-03-18","1","AMBIGUOUS","70","multiple_albums"
"RVTR494013","Snoopy Vs The Red Baron","The Royal Guardsmen","The Royal Guardsmen","Snoopy And His Friends | Snoopy vs. The Red Baron","1967","12","1966-12-17","1","AMBIGUOUS","70","multiple_albums"
"RVTR494134","Over You","gary puckett and the union gap","gary puckett and the union gap","Gary Puckett & The Union Gap's Greatest Hits | Incredible","1968","11","1968-09-21","1","AMBIGUOUS","70","multiple_albums"
"RVTR494294","Universal Soldier","donovan","donovan","Like It Is, Was And Evermore Shall Be | The Best Of Donovan","1968","7","1965-09-25","1","AMBIGUOUS","70","multiple_albums"
"RVTR494322","The Animal Trainer And The Toad","mountain","mountain","Nantucket Sleighride | The Best Of Mountain","1971","7","1971-03-27","1","AMBIGUOUS","70","multiple_albums"
"RVTR494715","Flap Your Wings","nelly","nelly","Sweat | Sweatsuit","2004","11","2004-09-04","1","AMBIGUOUS","70","multiple_albums"
"RVTR494787","Lady","little river band","little river band","Little River Band | Sleeper Catcher","1976","20","1979-01-06","1","AMBIGUOUS","70","multiple_albums"
"RVTR494835","Sunshine Lollipops And Rainbows","lesley gore","lesley gore","Lesley Gore Sings Of Mixed-Up Hearts | The Golden Hits Of Lesley Gore","1964","11","1965-06-19","1","AMBIGUOUS","70","multiple_albums"
"RVTR494924","Turn And Walk Away","The Babys","The Babys","Anthology | On The Edge","1980","12","1980-11-15","1","AMBIGUOUS","70","multiple_albums"
"RVTR495261","When Can I See You","babyface","babyface","A Collection Of His Greatest Hits | For The Cool In You","1993","36","1994-06-18","1","AMBIGUOUS","70","multiple_albums"
"RVTR495524","Get On Your Feet","gloria estefan","gloria estefan","Cuts Both Ways | Greatest Hits","1989","17","1989-09-30","1","AMBIGUOUS","70","multiple_albums"
"RVTR495539","Beast Of Burden","The Rolling Stones","The Rolling Stones","Live Licks | Some Girls | Sucking In The Seventies","1978","13","1978-09-09","1","AMBIGUOUS","70","multiple_albums"
"RVTR495576","Too Busy Thinking About My Baby","marvin gaye","marvin gaye","Every Great Hit Of Marvin Gaye | Gold | M.P.G. | Marvin Gaye Anthology | Marvin Gaye Super Hits | Number 1's | The Very Best Of Marvin Gaye","1969","15","1969-04-26","1","AMBIGUOUS","70","multiple_albums"
"RVTR496132","Can'T Fight This Feeling","reo speedwagon","reo speedwagon","The Hits | The Second Decade of Rock & Roll 1981-1991","1988","18","1985-01-19","1","AMBIGUOUS","70","multiple_albums"
"RVTR496325","Sugar Daddy","jackson 5","jackson 5","Jackson 5 Anthology | The Best Of The Jackson 5: 20th Century Masters: The Christmas Collection","1976","10","1971-12-11","1","AMBIGUOUS","70","multiple_albums"
"RVTR496936","I Saw Her Standing There","The Beatles","The Beatles","Early Beatles | Introducing...The Beatles | Meet The Beatles! | On Air: Live At The BBC Volume 2 | Please Please Me | The Beatles In Mono | The Capitol Albums Vol. 1","1964","11","1964-02-08","1","AMBIGUOUS","70","multiple_albums"
"RVTR497230","Gypsys Tramps Thieves","cher","cher","Gypsys, Tramps & Thieves | If I Could Turn Back Time -- Cher's Greatest Hits","1971","16","1971-09-18","1","AMBIGUOUS","70","multiple_albums"
"RVTR497263","Get Rhythm","johnny cash","johnny cash","Get Rhythm | Johnny Cash | Original Golden Hits, Volume I | The Essential Johnny Cash","1969","6","1969-11-15","1","AMBIGUOUS","70","multiple_albums"
"RVTR497485","Cool Change","little river band","little river band","First Under The Wire | Little River Band","1976","18","1979-10-20","1","AMBIGUOUS","70","multiple_albums"
"RVTR497859","Love Bones","johnnie taylor","johnnie taylor","Johnnie Taylor's Greatest Hits | The Johnnie Taylor Philosophy Continues","1969","10","1969-12-20","1","AMBIGUOUS","70","multiple_albums"
"RVTR497990","Happy Heart","petula clark","petula clark","I Couldn't Live Without Your Love | Portrait Of Petula","1966","5","1969-04-12","1","AMBIGUOUS","70","multiple_albums"
"RVTR498218","Hot In The City","billy idol","billy idol","Billy Idol | Greatest Hits | Idolize Yourself: The Very Best Of Billy Idol","1982","27","1982-07-03","1","AMBIGUOUS","70","multiple_albums"
"RVTR498388","How Many Times Can We Say Goodbye","dionne warwick","dionne warwick","Greatest Hits 1979-1990 | How Many Times Can We Say Goodbye","1983","13","1983-10-08","1","AMBIGUOUS","70","multiple_albums"
"RVTR498527","What About Me","anne murray","anne murray","Anne Murray | Country | Danny's Song","1971","8","1973-05-26","1","AMBIGUOUS","70","multiple_albums"
"RVTR498529","Adia","sarah mclachlan","sarah mclachlan","Afterglow Live | Closer: The Best Of Sarah McLachlan | Mirrorball | Surfacing","1997","27","1998-05-30","1","AMBIGUOUS","70","multiple_albums"
"RVTR498835","Letter To Lucille","tom jones","tom jones","She's A Lady | The Body And Soul Of Tom Jones","1971","8","1973-05-12","1","AMBIGUOUS","70","multiple_albums"
"RVTR499124","9 Dream","john lennon","john lennon","Lennon Legend: The Very Best Of John Lennon | Power To The People: The Hits | The John Lennon Collection | Walls And Bridges","1974","12","1974-12-21","1","AMBIGUOUS","70","multiple_albums"
"RVTR499294","Wild Honey","The Beach Boys","The Beach Boys","Wild Honey | Wild Honey & 20/20","1967","6","1967-11-04","1","AMBIGUOUS","70","multiple_albums"
"RVTR499615","The Bells","james brown","james brown","It's A Man's Man's Man's World | Sex Machine","1966","6","1960-11-12","1","AMBIGUOUS","70","multiple_albums"
"RVTR499875","Shandi","kiss","kiss","KISS 40 | Kiss Unmasked | Symphony: Alive IV","1980","10","1980-06-21","1","AMBIGUOUS","70","multiple_albums"
"RVTR499924","Arc Of A Diver","steve winwood","steve winwood","Arc Of A Diver | Chronicles","1981","9","1981-05-09","1","AMBIGUOUS","70","multiple_albums"
"RVTR499991","Little Bird","annie lennox","annie lennox","Diva | The Annie Lennox Collection","1992","12","1993-01-23","1","AMBIGUOUS","70","multiple_albums"
"RVTR500074","Angel","sarah mclachlan","sarah mclachlan","Afterglow Live | Closer: The Best Of Sarah McLachlan | Surfacing","1997","28","1998-12-05","1","AMBIGUOUS","70","multiple_albums"
"RVTR500408","Muskrat Love","america","america","America/Live | Hat Trick | History/America's Greatest Hits | The Complete Greatest Hits","1973","8","1973-08-18","1","AMBIGUOUS","70","multiple_albums"
"RVTR500530","Shortie Like Mine","bow wow","bow wow","Bow Wow: Unleashed | The Price Of Fame","2003","21","2006-10-21","1","AMBIGUOUS","70","multiple_albums"
"RVTR500656","Domino","van morrison","van morrison","...It's Too Late To Stop Now... | His Band And The Street Choir","1970","12","1970-11-14","1","AMBIGUOUS","70","multiple_albums"
"RVTR500826","I Shot The Sheriff","eric clapton","eric clapton","461 Ocean Boulevard | The Cream Of Eric Clapton | Time Pieces -- The Best Of Eric Clapton","1974","14","1974-07-13","1","AMBIGUOUS","70","multiple_albums"
"RVTR500992","Get It Right","aretha franklin","aretha franklin","Get It Right | Greatest Hits (1980-1994)","1983","8","1983-07-30","1","AMBIGUOUS","70","multiple_albums"
"RVTR501253","I Don'T Want To Do Wrong","gladys knight and the pips","gladys knight and the pips","Best Of Gladys Knight & The Pips | If I Were Your Woman","1971","11","1971-06-05","1","AMBIGUOUS","70","multiple_albums"
"RVTR501496","Put Your Hand In Mine","tracy byrd","tracy byrd","Greatest Hits | It's About Time","1999","8","2000-01-29","1","AMBIGUOUS","70","multiple_albums"
"RVTR501867","Hold Your Head Up","argent","argent","All Together Now | Encore-Live In Concert | In Deep","1972","15","1972-06-17","1","AMBIGUOUS","70","multiple_albums"
"RVTR502440","You Know How We Do It","ice cube","ice cube","Greatest Hits | Lethal Injection","1993","20","1994-02-12","1","AMBIGUOUS","70","multiple_albums"
"RVTR502535","Thug Lovin'","ja rule","ja rule","Exodus | The Last Temptation","2002","10","2002-11-23","1","AMBIGUOUS","70","multiple_albums"
"RVTR502818","Trampled Under Foot","led zeppelin","led zeppelin","Celebration Day | Latter Days: The Best Of Led Zeppelin Volume Two | Physical Graffiti","1975","7","1975-04-19","1","AMBIGUOUS","70","multiple_albums"
"RVTR503166","So Bad","paul mccartney","paul mccartney","Give My Regards To Broad Street | Pipes Of Peace","1983","14","1983-12-24","1","AMBIGUOUS","70","multiple_albums"
"RVTR503484","The Long Run","Eagles","Eagles","Eagles Live | Greatest Hits: Volume 2 | Selected Works: 1972--1999 | The Long Run","1979","15","1979-12-08","1","AMBIGUOUS","70","multiple_albums"
"RVTR503587","Strength","The Alarm","The Alarm","Electric Folklore Live | Standards | Strength","1985","10","1985-12-28","1","AMBIGUOUS","70","multiple_albums"
"RVTR503993","Earth Intruders","bjork","bjork","Volta | Voltaic","2007","1","2007-04-28","1","AMBIGUOUS","70","multiple_albums"
"RVTR504210","I Told You So","keith urban","keith urban","Greatest Hits | Love, Pain & The Whole Crazy Thing","2006","16","2007-05-26","1","AMBIGUOUS","70","multiple_albums"
"RVTR504362","Steam","peter gabriel","peter gabriel","Secret World Live | Us","1992","15","1992-12-19","1","AMBIGUOUS","70","multiple_albums"
"RVTR504404","Don'T Make Me Wait For Love","kenny g","kenny g","Duotones | Kenny G Greatest Hits | Live","1986","19","1987-08-29","1","AMBIGUOUS","70","multiple_albums"
"RVTR504534","Someday","mariah carey","mariah carey","Mariah Carey | MTV Unplugged EP","1990","19","1991-01-19","1","AMBIGUOUS","70","multiple_albums"
"RVTR504842","New Moon On Monday","duran duran","duran duran","Greatest | Seven And The Ragged Tiger","1983","16","1984-01-14","1","AMBIGUOUS","70","multiple_albums"
"RVTR505219","Nightshift","commodores","commodores","Commodores Anthology | Nightshift | The Best Of The Commodores: 20th Century Masters...","1983","22","1985-01-26","1","AMBIGUOUS","70","multiple_albums"
"RVTR506000","Dancing Queen","abba","abba","ABBA | Arrival | The Best Of ABBA: 20th Century Masters The Millennium Collection","1975","22","1976-12-11","1","AMBIGUOUS","70","multiple_albums"
"RVTR506344","Stoned Love","The Supremes","The Supremes","New Ways But Love Stays | The Supremes","1970","14","1970-11-07","1","AMBIGUOUS","70","multiple_albums"
"RVTR506579","Oh Pretty Woman","van halen","van halen","Diver Down | Tokyo Dome Live In Concert","1982","16","1982-02-06","1","AMBIGUOUS","70","multiple_albums"
"RVTR507163","Up On Cripple Creek","The Band","The Band","The Band | The Best Of The Band | The Last Waltz (Soundtrack)","1969","14","1969-11-01","1","AMBIGUOUS","70","multiple_albums"
"RVTR507971","For The Cool In You","babyface","babyface","A Collection Of His Greatest Hits | For The Cool In You","1993","9","1993-08-14","1","AMBIGUOUS","70","multiple_albums"
"RVTR508618","L O V E","nat king cole","nat king cole","L-O-V-E | The World Of Nat King Cole","1965","4","1964-09-26","1","AMBIGUOUS","70","multiple_albums"
"RVTR508706","Easy To Be Hard","three dog night","three dog night","Golden Bisquits | Suitable For Framing | The Best Of Three Dog Night: 20th Century Masters... | The Complete Hit Singles","1969","13","1969-08-09","1","AMBIGUOUS","70","multiple_albums"
"RVTR508963","Country Comes To Town","toby keith","toby keith","Greatest Hits 2 | How Do You Like Me Now?! | Toby Keith","1993","15","2000-08-05","1","AMBIGUOUS","70","multiple_albums"
"RVTR509414","Stand Or Fall","The Fixx","The Fixx","React | Shuttered Room","1982","8","1982-10-30","1","AMBIGUOUS","70","multiple_albums"
"RVTR509697","Control","janet jackson","janet jackson","Control | Design Of A Decade 1986/1996","1986","18","1986-11-01","1","AMBIGUOUS","70","multiple_albums"
"RVTR510105","Away From The Sun","3 doors down","3 doors down","Away From The Sun | The Greatest Hits","2002","15","2004-07-03","1","AMBIGUOUS","70","multiple_albums"
"RVTR510168","Hell Yeah","montgomery gentry","montgomery gentry","My Town | Playlist: The Very Best Of Montgomery Gentry | Something To Be Proud Of: The Best Of 1999-2005","2002","20","2003-11-01","1","AMBIGUOUS","70","multiple_albums"
"RVTR510320","Love In An Elevator","aerosmith","aerosmith","A Little South Of Sanity | Big Ones | Devil's Got A New Disguise: The Very Best Of Aerosmith | Pump | The Best Of Aerosmith: 20th Century Masters... | Tough Love: Best Of The Ballads","1989","16","1989-09-02","1","AMBIGUOUS","70","multiple_albums"
"RVTR510757","If You Were A Woman And I Was A Man","bonnie tyler","bonnie tyler","Secret Dreams & Forbidden Fire | The Very Best Of Bonnie Tyler","1986","6","1986-04-12","1","AMBIGUOUS","70","multiple_albums"
"RVTR510772","Feels So Good","chuck mangione","chuck mangione","An Evening Of Magic - Chuck Mangione Live At The Hollywood Bowl | Feels So Good","1977","25","1978-02-11","1","AMBIGUOUS","70","multiple_albums"
"RVTR510781","Queen Of My Soul","average white band","average white band","Soul Searching | Volume Viii","1976","8","1976-09-04","1","AMBIGUOUS","70","multiple_albums"
"RVTR510954","A Place In The Sun","stevie wonder","stevie wonder","Down To Earth | Greatest Hits | Stevie Wonder Live","1967","11","1966-11-12","1","AMBIGUOUS","70","multiple_albums"
"RVTR511151","Love You Most Of All","sam cooke","sam cooke","Shake | The Man & His Music","1965","16","1958-11-17","1","AMBIGUOUS","70","multiple_albums"
"RVTR511438","Shoeshine Boy","eddie kendricks","eddie kendricks","Eddie Kendricks | For You","1973","18","1975-02-15","1","AMBIGUOUS","70","multiple_albums"
"RVTR511639","You'Re Easy On The Eyes","terri clark","terri clark","Greatest Hits 1994-2004 | How I Feel","1998","12","1998-12-05","1","AMBIGUOUS","70","multiple_albums"
"RVTR511646","Words","bee gees","bee gees","Best Of Bee Gees | Number Ones | One Night Only | Their Greatest Hits--The Record | Timeless: The All-Time Greatest Hits","1969","11","1968-01-20","1","AMBIGUOUS","70","multiple_albums"
"RVTR511742","For Once In My Life","stevie wonder","stevie wonder","For Once In My Life | Stevie Wonder's Greatest Hits, Vol. 2 | The Definitive Collection","1969","14","1968-11-02","1","AMBIGUOUS","70","multiple_albums"
"RVTR511992","Watching You","rodney atkins","rodney atkins","If You're Going Through Hell | Rodney Atkins","2006","20","2006-11-18","1","AMBIGUOUS","70","multiple_albums"
"RVTR512039","You Ain'T Going Nowhere","The Byrds","The Byrds","Sweetheart Of The Rodeo | The Best Of The Byrds (Greatest Hits, Volume II)","1968","5","1968-05-11","1","AMBIGUOUS","70","multiple_albums"
"RVTR512086","As Tears Go By","The Rolling Stones","The Rolling Stones","Big Hits (High Tide And Green Grass) | December's Children (And Everybody's) | Hot Rocks 1964-1971 | Singles Collection - The London Years","1965","9","1965-12-25","1","AMBIGUOUS","70","multiple_albums"
"RVTR512507","Eternal Flame","The Bangles","The Bangles","Everything | Greatest Hits","1988","19","1989-02-04","1","AMBIGUOUS","70","multiple_albums"
"RVTR512971","Reaction To Action","foreigner","foreigner","40: Forty Hits From Forty Years - 1977-2017 | Agent Provocateur","1985","8","1985-06-01","1","AMBIGUOUS","70","multiple_albums"
"RVTR513226","Till The End Of The Day","The Kinks","The Kinks","The Kink Kontroversy | The Kinks Greatest Hits! | The Live Kinks","1966","8","1966-03-26","1","AMBIGUOUS","70","multiple_albums"
"RVTR513320","No Ordinary Love","sade","sade","Love Deluxe | Lovers Live | The Best Of Sade","1992","27","1992-11-07","1","AMBIGUOUS","70","multiple_albums"
"RVTR513400","Liar","three dog night","three dog night","Around The World With Three Dog Night | Naturally | The Complete Hit Singles","1970","12","1971-07-10","1","AMBIGUOUS","70","multiple_albums"
"RVTR513476","Too Bad","nickelback","nickelback","Silver Side Up | The Best Of Nickelback: Volume 1","2001","20","2002-03-16","1","AMBIGUOUS","70","multiple_albums"
"RVTR513987","I'Ve Got A Tiger By The Tail","buck owens","buck owens","Carnegie Hall Concert | I've Got A Tiger By The Tail","1965","9","1965-01-23","1","AMBIGUOUS","70","multiple_albums"
"RVTR514537","Hold Me Now","thompson twins","thompson twins","Into The Gap | Thompson Twins Greatest Mixes","1984","21","1984-02-11","1","AMBIGUOUS","70","multiple_albums"
"RVTR514678","Genie In A Bottle","christina aguilera","christina aguilera","Christina Aguilera | Keeps Gettin' Better: A Decade Of Hits","1999","25","1999-07-03","1","AMBIGUOUS","70","multiple_albums"
"RVTR514801","The Real Slim Shady","eminem","eminem","Curtain Call: The Hits | The Marshall Mathers LP","2000","19","2000-05-06","1","AMBIGUOUS","70","multiple_albums"
"RVTR514816","Thanks For Saving My Life","billy paul","billy paul","Live In Europe | War Of The Gods","1973","17","1974-01-26","1","AMBIGUOUS","70","multiple_albums"
"RVTR514838","Everything","alanis morissette","alanis morissette","So-Called Chaos | The Collection","2004","9","2004-06-05","1","AMBIGUOUS","70","multiple_albums"
"RVTR515161","I Will Not Bow","breaking benjamin","breaking benjamin","Dear Agony | shaLLow bay: The Best Of Breaking Benjamin","2009","20","2009-09-19","1","AMBIGUOUS","70","multiple_albums"
"RVTR515536","Smells Like Teen Spirit","nirvana","nirvana","From The Muddy Banks Of The Wishkah | Nevermind | Nevermind (Super Deluxe Edition) | Nirvana | With The Lights Out","1991","20","1991-12-07","1","AMBIGUOUS","70","multiple_albums"
"RVTR515624","The Little Girl I Once Knew","The Beach Boys","The Beach Boys","Live: The 50th Anniversary Tour | Spirit Of America | The Greatest Hits Volume 2: 20 More Good Vibrations","1975","8","1965-11-27","1","AMBIGUOUS","70","multiple_albums"
"RVTR515722","Who'S Your Daddy","toby keith","toby keith","Greatest Hits 2 | Toby Keith | Unleashed","1993","20","2002-10-05","1","AMBIGUOUS","70","multiple_albums"
"RVTR516222","Walking","mary mary","mary mary","Go Get It (Soundtrack) | Something Big","2011","5","2011-03-19","1","AMBIGUOUS","70","multiple_albums"
"RVTR516450","We Are Neighbors","The Chi-lites","The Chi-lites","(For God's Sake) Give More Power To The People | Chi-Lites | The Chi-Lites Greatest Hits","1971","5","1971-07-24","1","AMBIGUOUS","70","multiple_albums"
"RVTR516821","Crown Of Creation","jefferson airplane","jefferson airplane","Crown Of Creation | The Worst Of Jefferson Airplane | Thirty Seconds Over Winterland","1968","6","1968-11-02","1","AMBIGUOUS","70","multiple_albums"
"RVTR517261","Rock Me Baby","b.b. king","b.b. king","Deuces Wild | Now Appearing At Ole' Miss | The Best Of B.B. King | The Ultimate Collection","1973","8","1964-05-09","1","AMBIGUOUS","70","multiple_albums"
"RVTR517320","What You Need","inxs","inxs","Listen Like Thieves | The Best Of INXS | The Greatest Hits","1985","20","1986-01-18","1","AMBIGUOUS","70","multiple_albums"
"RVTR517849","Man In Black","johnny cash","johnny cash","Man In Black | Playlist: The Very Best Of Johnny Cash","1971","6","1971-03-20","1","AMBIGUOUS","70","multiple_albums"
"RVTR517892","Waking Up Alone","paul williams","paul williams","Classics | Just An Old Fashioned Love Song","1971","9","1972-02-19","1","AMBIGUOUS","70","multiple_albums"
"RVTR518061","Hold Her Tight","The Osmonds","The Osmonds","Around The World - Live In Concert | Crazy Horses","1972","9","1972-07-01","1","AMBIGUOUS","70","multiple_albums"
"RVTR518265","Long Ago And Far Away","james taylor","james taylor","Mud Slide Slim And The Blue Horizon | The Best Of James Taylor","1971","8","1971-10-02","1","AMBIGUOUS","70","multiple_albums"
"RVTR518451","Fooling Yourself The Angry Young Man","styx","styx","Caught In The Act - Live | Greatest Hits | The Grand Illusion","1977","14","1978-02-18","1","AMBIGUOUS","70","multiple_albums"
"RVTR518603","99","toto","toto","Greatest Hits: 40 Trips Around The Sun | Hydra","1979","17","1979-12-22","1","AMBIGUOUS","70","multiple_albums"
"RVTR518993","Solitary Man","neil diamond","neil diamond","50th Anniversary Collection | Classics The Early Years | Do It! | Double Gold | Hot August Night | Hot August Night III: Recorded Live At The Greek Theatre, Los Angeles | Hot August Night/NYC: Live From Madison Square Garden | Just For You | Neil Diamond's Greatest Hits | Shilo | The Essential Neil Diamond | The Feel Of Neil Diamond","1966","24","1966-05-21","1","AMBIGUOUS","70","multiple_albums"
"RVTR519160","Down Low Nobody Has To Know","r. kelly","r. kelly","The Essential R. Kelly | The R. In R&B Collection: Volume One","2003","20","1996-03-02","1","AMBIGUOUS","70","multiple_albums"
"RVTR519694","Walk Away","donna summer","donna summer","Bad Girls | The Best Of Donna Summer: 20th Century Masters: The Millennium Collection","1979","11","1980-09-13","1","AMBIGUOUS","70","multiple_albums"
"RVTR520100","Temptation Eyes","The Grass Roots","The Grass Roots","Let's Live For Today | More Golden Grass | Their 16 Greatest Hits","1967","18","1970-12-26","1","AMBIGUOUS","70","multiple_albums"
"RVTR520186","Double Vision","foreigner","foreigner","40: Forty Hits From Forty Years - 1977-2017 | Complete Greatest Hits | Double Vision | Extended Versions | Feels Like The First Time | Juke Box Heroes | No End In Sight: The Very Best Of Foreigner | Records | The Very Best And Beyond","1978","20","1978-09-23","1","AMBIGUOUS","70","multiple_albums"
"RVTR520199","Variety Tonight","reo speedwagon","reo speedwagon","Life As We Know It | The Second Decade of Rock & Roll 1981-1991","1987","9","1987-05-09","1","AMBIGUOUS","70","multiple_albums"
"RVTR520509","Somebody Like Me","eddy arnold","eddy arnold","Somebody Like Me | The Best Of Eddy Arnold, Volume II","1966","6","1966-10-15","1","AMBIGUOUS","70","multiple_albums"
"RVTR520871","I Loved And I Lost","The Impressions","The Impressions","The Impressions Greatest Hits | We're A Winner","1965","8","1968-07-20","1","AMBIGUOUS","70","multiple_albums"
"RVTR520882","I'D Give Anything","gerald levert","gerald levert","Groove On | The Best Of Gerald Levert","1994","20","1994-08-06","1","AMBIGUOUS","70","multiple_albums"
"RVTR521366","Along Came Jones","ray stevens","ray stevens","Gitarzan | Ray Stevens' Greatest Hits","1969","8","1969-06-28","1","AMBIGUOUS","70","multiple_albums"
"RVTR521609","Daddy'S Little Girl","al martino","al martino","Daddy's Little Girl | The Best Of Al Martino","1967","9","1967-01-28","1","AMBIGUOUS","70","multiple_albums"
"RVTR521631","Feels Like Tonight","daughtry","daughtry","Daughtry | It's Not Over... The Hits So Far","2006","20","2008-02-09","1","AMBIGUOUS","70","multiple_albums"
"RVTR521664","Julie Do Ya Love Me","bobby sherman","bobby sherman","Bobby Sherman's Greatest Hits | With Love, Bobby","1970","15","1970-08-01","1","AMBIGUOUS","70","multiple_albums"
"RVTR521857","The Cisco Kid","war","war","Greatest Hits | The Very Best Of War | The World Is A Ghetto | War Live!","1972","15","1973-03-03","1","AMBIGUOUS","70","multiple_albums"
"RVTR522226","Street Fighting Man","The Rolling Stones","The Rolling Stones","'Get Yer Ya-Ya's Out!' | Beggars Banquet | Forty Licks | Hyde Park Live | Live Licks | Singles Collection - The London Years | Stripped | Through The Past, Darkly (Big Hits Vol. 2)","1968","6","1968-09-07","1","AMBIGUOUS","70","multiple_albums"
"RVTR522330","One Vision","queen","queen","A Kind Of Magic | Live At Wembley","1986","10","1985-12-07","1","AMBIGUOUS","70","multiple_albums"
"RVTR522460","Everytime I Cry","terri clark","terri clark","Greatest Hits 1994-2004 | How I Feel","1998","8","1999-04-03","1","AMBIGUOUS","70","multiple_albums"
"RVTR522496","All I Want Is You","u2","u2","Rattle And Hum (Soundtrack) | The Best Of 1980-1990/The B-Sides","1988","4","1989-07-01","1","AMBIGUOUS","70","multiple_albums"
"RVTR522713","Wonder","natalie merchant","natalie merchant","Live In Concert | Tigerlily","1995","38","1995-12-09","1","AMBIGUOUS","70","multiple_albums"
"RVTR522968","Womanizer","britney spears","britney spears","Circus | Playlist: The Very Best Of Britney Spears","2008","23","2008-10-18","1","AMBIGUOUS","70","multiple_albums"
"RVTR523057","No Such Thing","john mayer","john mayer","Any Given Thursday | Inside Wants Out (EP) | Room For Squares","2001","24","2002-06-01","1","AMBIGUOUS","70","multiple_albums"
"RVTR523202","One More Heartache","marvin gaye","marvin gaye","Marvin Gaye Anthology | Moods Of Marvin Gaye","1966","8","1966-02-19","1","AMBIGUOUS","70","multiple_albums"
"RVTR523989","Emotional Rescue","The Rolling Stones","The Rolling Stones","Emotional Rescue | Hyde Park Live","1980","19","1980-07-05","1","AMBIGUOUS","70","multiple_albums"
"RVTR523994","I Want To Be Free","ohio players","ohio players","Fire | Ohio Players Gold","1974","7","1975-04-12","1","AMBIGUOUS","70","multiple_albums"
"RVTR524173","All Or Nothing","milli vanilli","milli vanilli","Girl You Know It's True | The Remix Album","1989","14","1990-01-06","1","AMBIGUOUS","70","multiple_albums"
"RVTR524360","Love In The First Degree","bananarama","bananarama","Greatest Hits Collection | Wow","1987","10","1988-03-19","1","AMBIGUOUS","70","multiple_albums"
"RVTR524494","Hi Heel Sneakers","jose feliciano","jose feliciano","Alive Alive-O! | Encore! Jose Feliciano's Finest Performances | Souled","1968","8","1968-10-19","1","AMBIGUOUS","70","multiple_albums"
"RVTR524661","Live And Let Die","guns n' roses","guns n' roses","Greatest Hits | Use Your Illusion I","1991","16","1991-12-21","1","AMBIGUOUS","70","multiple_albums"
"RVTR524802","Sprinkle Me","e-40","e-40","In A Major Way | The Best Of E-40: Yesterday, Today & Tomorrow","1995","13","1995-06-24","1","AMBIGUOUS","70","multiple_albums"
"RVTR524852","Indian Love Call","ray stevens","ray stevens","Misty | Ray Stevens' Greatest Hits","1971","5","1975-10-11","1","AMBIGUOUS","70","multiple_albums"
"RVTR524892","Not Over You","gavin degraw","gavin degraw","Finest Hour: The Best Of Gavin DeGraw | Sweeter","2011","35","2011-06-25","1","AMBIGUOUS","70","multiple_albums"
"RVTR525203","Smoke Rings In The Dark","gary allan","gary allan","Greatest Hits | Smoke Rings In The Dark","1999","5","2000-01-22","1","AMBIGUOUS","70","multiple_albums"
"RVTR525223","Ignition","r. kelly","r. kelly","Chocolate Factory | The R. In R&B Collection: Volume One","2003","42","2002-11-09","1","AMBIGUOUS","70","multiple_albums"
"RVTR525618","Tiny Dancer","elton john","elton john","Diamonds | Madman Across The Water","1971","7","1972-03-04","1","AMBIGUOUS","70","multiple_albums"
"RVTR525657","All I Wanna Do","sheryl crow","sheryl crow","Sheryl Crow And Friends: Live From Central Park | The Very Best Of Sheryl Crow | Tuesday Night Music Club","1994","33","1994-08-06","1","AMBIGUOUS","70","multiple_albums"
"RVTR525700","I Need A Man","grace jones","grace jones","Island Life | Portfolio","1977","6","1977-05-07","1","AMBIGUOUS","70","multiple_albums"
"RVTR525771","A Night To Remember","shalamar","shalamar","Friends | Uptown Festival","1977","10","1982-04-10","1","AMBIGUOUS","70","multiple_albums"
"RVTR525803","Get The Party Started","p!nk","p!nk","Greatest Hits... So Far!!! | M!ssundaztood","2001","24","2001-10-27","1","AMBIGUOUS","70","multiple_albums"
"RVTR525925","Just Like Paradise","david lee roth","david lee roth","David Lee Roth: The Best | Skyscraper","1988","16","1988-01-16","1","AMBIGUOUS","70","multiple_albums"
"RVTR525976","I Love You In The Same Old Way","paul anka","paul anka","Anka | Paul Anka's 21 Golden Hits","1963","11","1960-07-30","1","AMBIGUOUS","70","multiple_albums"
"RVTR526138","Your Sweetness Is My Weakness","barry white","barry white","Barry White The Man | The Best Of Barry White: 20th Century Masters The Millennium Collection","1978","9","1978-11-18","1","AMBIGUOUS","70","multiple_albums"
"RVTR526311","Rooms On Fire","stevie nicks","stevie nicks","Crystal Visions... The Very Best Of Stevie Nicks | The Other Side Of The Mirror | Timespace: Best Of Stevie Nicks","1989","14","1989-05-06","1","AMBIGUOUS","70","multiple_albums"
"RVTR526438","Think","aretha franklin","aretha franklin","Aretha (II) | Aretha Now | Aretha's Best | Aretha's Gold | Ten Years Of Gold | The Very Best Of Aretha Franklin, The '60s","1968","10","1968-05-18","1","AMBIGUOUS","70","multiple_albums"
"RVTR526570","Y M C A","village people","village people","Can't Stop The Music | Cruisin' | Village People","1977","26","1978-10-21","1","AMBIGUOUS","70","multiple_albums"
"RVTR527135","Quit Playing Games With My Heart","backstreet boys","backstreet boys","Backstreet Boys | The Hits -- Chapter One","1997","43","1997-06-28","1","AMBIGUOUS","70","multiple_albums"
"RVTR527360","Sailing","rod stewart","rod stewart","Atlantic Crossing | Rod Stewart Greatest Hits | Storyteller/Complete Anthology: 1964-1990 | The Definitive Rod Stewart","1975","7","1975-10-18","1","AMBIGUOUS","70","multiple_albums"
"RVTR527541","Happy Music","The Blackbyrds","The Blackbyrds","City Life | Night Grooves | Unfinished Business","1975","13","1976-03-06","1","AMBIGUOUS","70","multiple_albums"
"RVTR527808","Tonight She Comes","The Cars","The Cars","Greatest Hits | The Complete Greatest Hits","1985","17","1985-11-02","1","AMBIGUOUS","70","multiple_albums"
"RVTR528074","Eight Second Ride","jake owen","jake owen","Easy Does It | Startin' With Me","2006","13","2009-11-21","1","AMBIGUOUS","70","multiple_albums"
"RVTR528167","Music","madonna","madonna","I'm Going To Tell You A Secret (Soundtrack) | Music","2000","24","2000-08-12","1","AMBIGUOUS","70","multiple_albums"
"RVTR528337","Miss Independent","kelly clarkson","kelly clarkson","Greatest Hits: Chapter One | Thankful","2003","20","2003-05-17","1","AMBIGUOUS","70","multiple_albums"
"RVTR528354","Love Hurts","nazareth","nazareth","Hair Of The Dog | Hot Tracks","1975","23","1975-11-22","1","AMBIGUOUS","70","multiple_albums"
"RVTR528358","Don'T Go Away Mad Just Go Away","motley crue","motley crue","Live: Entertainment Or Death | Motley Crue","1994","16","1990-06-02","1","AMBIGUOUS","70","multiple_albums"
"RVTR529399","What A Girl Wants","christina aguilera","christina aguilera","Christina Aguilera | Keeps Gettin' Better: A Decade Of Hits","1999","24","1999-11-27","1","AMBIGUOUS","70","multiple_albums"
"RVTR529438","La Grange","zz top","zz top","The Baddest | The Best Of ZZ Top | The Best Of ZZ Top: 10 Legendary Texas Tales | The Very Best Of ZZ Top: Rancho Texicano | Tres Hombres","1973","19","1974-03-30","1","AMBIGUOUS","70","multiple_albums"
"RVTR529538","Faint","linkin park","linkin park","Live In Texas | Meteora","2003","20","2003-07-26","1","AMBIGUOUS","70","multiple_albums"
"RVTR529686","We R Who We R","Ke$ha","Ke$ha","Cannibal | I Am The Dance Commander + I Command You To Dance","2010","20","2010-11-13","1","AMBIGUOUS","70","multiple_albums"
"RVTR529687","Landslide","dixie chicks","dixie chicks","Home | Playlist: The Very Best Of The Dixie Chicks","2002","29","2002-09-21","1","AMBIGUOUS","70","multiple_albums"
"RVTR529817","Ebb Tide","The Righteous Brothers","The Righteous Brothers","Back To Back | Greatest Hits | The Very Best Of/Unchained Melody","1965","9","1965-12-04","1","AMBIGUOUS","70","multiple_albums"
"RVTR531351","It'S The Same Old Song","four tops","four tops","Four Tops | Four Tops Second Album | Live & In Concert","1965","9","1965-07-31","1","AMBIGUOUS","70","multiple_albums"
"RVTR531520","Help Me","joni mitchell","joni mitchell","Court And Spark | Dreamland | Hits","1974","19","1974-03-16","1","AMBIGUOUS","70","multiple_albums"
"RVTR531673","Life Of The Party","shawn mendes","shawn mendes","Handwritten | Live At Madison Square Garden","2015","2","2014-07-12","1","AMBIGUOUS","70","multiple_albums"
"RVTR532027","Smooth Criminal","michael jackson","michael jackson","Bad | Bad: 25 | Michael Jackson's This Is It (Soundtrack) | Number Ones","1987","15","1988-11-12","1","AMBIGUOUS","70","multiple_albums"
"RVTR532456","Heaven","bryan adams","bryan adams","Anthology | Reckless | So Far So Good","1984","19","1985-04-20","1","AMBIGUOUS","70","multiple_albums"
"RVTR532720","Motownphilly","boyz ii men","boyz ii men","Cooleyhighharmony | Cooleyhighharmony (International Edition) | Legacy: The Greatest Hits Collection | The Best Of Boyz II Men: 20th Century Masters The Millennium Collection","1991","24","1991-06-15","1","AMBIGUOUS","70","multiple_albums"
"RVTR532908","Get Ready","rare earth","rare earth","Get Ready | Rare Earth | Rare Earth In Concert","1969","20","1970-03-14","1","AMBIGUOUS","70","multiple_albums"
"RVTR533115","Home","blake shelton","blake shelton","Cheers, It's Christmas | Loaded: The Best Of Blake Shelton","2010","20","2008-04-26","1","AMBIGUOUS","70","multiple_albums"
"RVTR533123","Time For Me To Fly","reo speedwagon","reo speedwagon","A Decade Of Rock+roll 1970 To 1980 | You Can Tune A Piano But You Can't Tune A Fish","1978","13","1978-07-22","1","AMBIGUOUS","70","multiple_albums"
"RVTR533266","Time To Kill","The Band","The Band","Stage Fright | The Best Of The Band","1970","4","1970-10-10","1","AMBIGUOUS","70","multiple_albums"
"RVTR533364","Rainy Day Women 12 35","bob dylan","bob dylan","Before The Flood | Blonde On Blonde | MTV Unplugged | The Best Of Bob Dylan | The Essential Bob Dylan (2014)","1966","10","1966-04-16","1","AMBIGUOUS","70","multiple_albums"
"RVTR533487","The Good Life","tony bennett","tony bennett","Duets: An American Classic | I Wanna Be Around | Tony Bennett Celebrates 90 | Tony Bennett's Greatest Hits, Volume IV | Tony's Greatest Hits, Volume III | Viva Duets","1963","10","1963-05-11","1","AMBIGUOUS","70","multiple_albums"
"RVTR533518","Mr Big Stuff","jean knight","jean knight","Mr. Big Stuff | My Toot Toot","1971","16","1971-05-29","1","AMBIGUOUS","70","multiple_albums"
"RVTR533666","Your Time To Cry","joe simon","joe simon","The Power Of Joe Simon | The Sounds Of Simon","1971","13","1970-12-19","1","AMBIGUOUS","70","multiple_albums"
"RVTR533926","Sealed With A Kiss","bobby vinton","bobby vinton","Sealed With A Kiss | Vinton","1969","14","1972-06-10","1","AMBIGUOUS","70","multiple_albums"
"RVTR534043","I Love You This Big","scotty mccreery","scotty mccreery","American Idol Season 10: Scotty McCreery | Clear As Day","2011","16","2011-06-11","1","AMBIGUOUS","70","multiple_albums"
"RVTR534079","Tonight Tonight Tonight","genesis","genesis","Invisible Touch | Live: The Way We Walk Volume 1","1986","15","1987-02-14","1","AMBIGUOUS","70","multiple_albums"
"RVTR534273","The Baby","blake shelton","blake shelton","Loaded: The Best Of Blake Shelton | The Dreamer","2003","20","2002-12-07","1","AMBIGUOUS","70","multiple_albums"
"RVTR534519","Shake","otis redding","otis redding","King & Queen | Otis Blue: Otis Redding Sings Soul | Otis Redding Live In Europe | Pure Southern Soul: Otis Redding","1965","6","1967-05-20","1","AMBIGUOUS","70","multiple_albums"
"RVTR534550","Invisible Touch","genesis","genesis","Invisible Touch | Live: The Way We Walk Volume 1 | Platinum Collection | Turn It On Again: The Hits: The Tour Edition","1986","17","1986-05-31","1","AMBIGUOUS","70","multiple_albums"
"RVTR534821","Somewhere Down The Road","barry manilow","barry manilow","Greatest Hits-vol Ii | If I Should Love Again | The Complete Collection","1981","15","1981-12-19","1","AMBIGUOUS","70","multiple_albums"
"RVTR536067","He Touched Me","barbra streisand","barbra streisand","A Happening In Central Park | My Name Is Barbra, Two... | The Concert | The Concert Highlights | The Essential Barbra Streisand","1965","10","1965-10-02","1","AMBIGUOUS","70","multiple_albums"
"RVTR536203","Reuben James","kenny rogers","kenny rogers","42 Ultimate Hits | Greatest Hits | Kenny Rogers' Greatest Hits | Ruby, Don't Take Your Love To Town | Ten Years Of Gold","1969","12","1969-09-27","1","AMBIGUOUS","70","multiple_albums"
"RVTR536255","Love So Right","bee gees","bee gees","Bee Gees: Opus Collection | Children Of The World | Here At Last...Bee Gees...Live","1976","23","1976-09-18","1","AMBIGUOUS","70","multiple_albums"
"RVTR536263","When I Need You","leo sayer","leo sayer","Endless Flight | Leo Sayer","1976","20","1977-02-26","1","AMBIGUOUS","70","multiple_albums"
"RVTR536264","Let Me Love You","mario","mario","Mario | Turning Point","2002","36","2004-10-23","1","AMBIGUOUS","70","multiple_albums"
"RVTR536600","Over","blake shelton","blake shelton","Red River Blue | Reloaded: 20 #1 Hits","2011","18","2012-06-30","1","AMBIGUOUS","70","multiple_albums"
"RVTR536620","Georgia On My Mind","wes montgomery","wes montgomery","Down Here On The Ground | Greatest Hits","1968","3","1968-07-06","1","AMBIGUOUS","70","multiple_albums"
"RVTR537082","Pleasant Valley Sunday","The Monkees","The Monkees","Flashback With The Monkees | Pisces, Aquarius, Capricorn, And Jones Ltd. | The Best Of The Monkees | The Monkees' Greatest Hits | Then & Now...The Best Of The Monkees","1967","10","1967-07-22","1","AMBIGUOUS","70","multiple_albums"
"RVTR537180","Be With You","enrique iglesias","enrique iglesias","Enrique | Greatest Hits","1999","20","2000-04-01","1","AMBIGUOUS","70","multiple_albums"
"RVTR537388","I Believe","blessid union of souls","blessid union of souls","Blessid Union Of Souls | Home","1995","31","1995-02-18","1","AMBIGUOUS","70","multiple_albums"
"RVTR537607","Security","otis redding","otis redding","History Of Otis Redding | King & Queen | Pain In My Heart | Pure Southern Soul: Otis Redding","1964","1","1964-05-23","1","AMBIGUOUS","70","multiple_albums"
"RVTR537943","Only Love Is Real","carole king","carole king","Her Greatest Hits | Thoroughbred","1976","11","1976-02-14","1","AMBIGUOUS","70","multiple_albums"
"RVTR538091","Daddy Sang Bass","johnny cash","johnny cash","16 Biggest Hits | Johnny Cash At Madison Square Garden","1999","10","1968-12-28","1","AMBIGUOUS","70","multiple_albums"
"RVTR538347","Love No Limit","mary j. blige","mary j. blige","The Tour | What's The 411? | What's The 411? Remix","1992","16","1993-05-15","1","AMBIGUOUS","70","multiple_albums"
"RVTR538937","Watching The River Flow","bob dylan","bob dylan","Bob Dylan's Greatest Hits, Vol. II | Playlist: The Very Best Of Bob Dylan '70s","1971","8","1971-06-26","1","AMBIGUOUS","70","multiple_albums"
"RVTR539039","Please Don'T Go","kc and the sunshine band","kc and the sunshine band","Do You Wanna Go Party | Greatest Hits","1979","26","1979-08-25","1","AMBIGUOUS","70","multiple_albums"
"RVTR539118","Tender Kisses","tracie spencer","tracie spencer","Make The Difference | Tracie","1991","20","1991-10-19","1","AMBIGUOUS","70","multiple_albums"
"RVTR539393","Fake Love","bts","bts","Love Yourself: Answer | Love Yourself: Tear","2018","6","2018-06-02","1","AMBIGUOUS","70","multiple_albums"
"RVTR539419","Delta Lady","joe cocker","joe cocker","Joe Cocker | Joe Cocker Live | Joe Cocker! | Joe Cocker's Greatest Hits | The Best Of Joe Cocker: 20th Century Masters The Millennium Collection | Ultimate Collection | Unchain My Heart","1969","6","1969-10-04","1","AMBIGUOUS","70","multiple_albums"
"RVTR539441","Like A Rolling Stone","bob dylan","bob dylan","Before The Flood | Bob Dylan At Budokan | Highway 61 Revisited | No Direction Home: The Soundtrack -- The Bootleg Series Vol. 7 | Super Hits | The Best Of Bob Dylan | The Essential Bob Dylan | The Essential Bob Dylan (2014)","1965","12","1965-07-24","1","AMBIGUOUS","70","multiple_albums"
"RVTR540442","Shanghai Breezes","john denver","john denver","Seasons Of The Heart | Wildlife Concert","1982","14","1982-03-06","1","AMBIGUOUS","70","multiple_albums"
"RVTR540650","Two Lane Highway","pure prairie league","pure prairie league","Live, Takin' The Stage | Two Lane Highway","1975","1","1975-06-28","1","AMBIGUOUS","70","multiple_albums"
"RVTR540714","I Guess That'S Why They Call It The Blues","elton john","elton john","Greatest Hits, Vol. III 1979-1987 | Love Songs | Too Low For Zero","1983","23","1983-10-29","1","AMBIGUOUS","70","multiple_albums"
"RVTR540725","Another Rainy Day In New York City","chicago","chicago","Chicago X | The Very Best Of Chicago: Only The Beginning","1976","9","1976-06-26","1","AMBIGUOUS","70","multiple_albums"
"RVTR541162","Swingtown","The Steve Miller Band","The Steve Miller Band","Book Of Dreams | Greatest Hits 1974-78","1977","15","1977-10-15","1","AMBIGUOUS","70","multiple_albums"
"RVTR541167","The Song Remembers When","trisha yearwood","trisha yearwood","(Songbook) A Collection Of Hits | Greatest Hits | The Song Remembers When","1993","9","1993-11-27","1","AMBIGUOUS","70","multiple_albums"
"RVTR541275","From This Moment On","shania twain","shania twain","Come On Over | Still The One: Live From Las Vegas","1997","14","1998-12-05","1","AMBIGUOUS","70","multiple_albums"
"RVTR541834","Where The Streets Have No Name","u2","u2","The Best Of 1980-1990 | The Best Of 1980-1990/The B-Sides | The Joshua Tree | U218: Singles","1987","14","1987-09-12","1","AMBIGUOUS","70","multiple_albums"
"RVTR541835","Rock And Roll Hoochie Koo","rick derringer","rick derringer","All American Boy | Derringer Live","1973","14","1974-01-19","1","AMBIGUOUS","70","multiple_albums"
"RVTR541899","Mr Know It All","kelly clarkson","kelly clarkson","Greatest Hits: Chapter One | Stronger","2011","23","2011-09-24","1","AMBIGUOUS","70","multiple_albums"
"RVTR541987","Hope Of Deliverance","paul mccartney","paul mccartney","Off The Ground | Paul Is Live","1993","6","1993-02-20","1","AMBIGUOUS","70","multiple_albums"
"RVTR542448","You Can Do It","ice cube","ice cube","Greatest Hits | In The Movies | War & Peace Vol. 2 (The Peace Disc)","2000","12","1999-12-04","1","AMBIGUOUS","70","multiple_albums"
"RVTR542527","Save It For Me","The 4 Seasons","The 4 Seasons","Rag Doll | The 4 Seasons' Gold Vault of Hits","1964","8","1964-08-29","1","AMBIGUOUS","70","multiple_albums"
"RVTR542807","You Could Have Been With Me","sheena easton","sheena easton","Sheena Easton | You Could Have Been With Me","1981","18","1981-11-28","1","AMBIGUOUS","70","multiple_albums"
"RVTR543054","After The Glitter Fades","stevie nicks","stevie nicks","Bella Donna | Bella Donna (Deluxe Edition) | The Enchanted Works Of Stevie Nicks","1981","11","1982-05-15","1","AMBIGUOUS","70","multiple_albums"
"RVTR543182","What Have You Done For Me Lately","janet jackson","janet jackson","Control | Design Of A Decade 1986/1996","1986","21","1986-02-22","1","AMBIGUOUS","70","multiple_albums"
"RVTR543450","Can'T You See That She'S Mine","The Dave Clark Five","The Dave Clark Five","The Dave Clark Five Return! | The Dave Clark Five's Greatest Hits | The History Of The Dave Clark Five","1964","10","1964-06-13","1","AMBIGUOUS","70","multiple_albums"
"RVTR543654","I Hope You Dance","lee ann womack","lee ann womack","Greatest Hits | I Hope You Dance","2000","48","2000-05-13","1","AMBIGUOUS","70","multiple_albums"
"RVTR543732","Enter Sandman","metallica","metallica","Live Shit: Binge & Purge | Metallica","1991","20","1991-08-24","1","AMBIGUOUS","70","multiple_albums"
"RVTR543918","Every Kinda People","robert palmer","robert palmer","Double Fun | Maybe It's Live","1978","18","1978-03-25","1","AMBIGUOUS","70","multiple_albums"
"RVTR544132","Fat","""weird al"" yankovic","""weird al"" yankovic","Even Worse | The Essential ""Weird Al"" Yankovic","1988","2","1988-05-21","1","AMBIGUOUS","70","multiple_albums"
"RVTR544244","Fool To Cry","The Rolling Stones","The Rolling Stones","Black And Blue | Jump Back: The Best Of The Rolling Stones: '71-'93 | Sucking In The Seventies","1976","9","1976-04-24","1","AMBIGUOUS","70","multiple_albums"
"RVTR544318","The Legend Of Wooley Swamp","The Charlie Daniels Band","The Charlie Daniels Band","A Decade Of Hits | Full Moon","1980","14","1980-08-16","1","AMBIGUOUS","70","multiple_albums"
"RVTR544778","No More Mr Nice Guy","alice cooper","alice cooper","Alice Cooper's Greatest Hits | Billion Dollar Babies","1973","12","1973-04-14","1","AMBIGUOUS","70","multiple_albums"
"RVTR545292","The Bitch Is Back","elton john","elton john","Caribou | Elton John's Greatest Hits, Volume II | Greatest Hits, Vol. III 1979-1987","1974","14","1974-09-07","1","AMBIGUOUS","70","multiple_albums"
"RVTR545965","Misty","ray stevens","ray stevens","Misty | Ray Stevens' Greatest Hits","1971","16","1975-04-26","1","AMBIGUOUS","70","multiple_albums"
"RVTR546177","Time Love And Tenderness","michael bolton","michael bolton","Greatest Hits 1985-1995 | Time, Love And Tenderness","1991","18","1991-07-13","1","AMBIGUOUS","70","multiple_albums"
"RVTR546179","Light My Fire","jose feliciano","jose feliciano","Alive Alive-O! | Encore! Jose Feliciano's Finest Performances","1969","12","1968-07-27","1","AMBIGUOUS","70","multiple_albums"
"RVTR546602","Lonely Ol' Night","john mellencamp","john mellencamp","Scarecrow | The Best That I Could Do 1978 - 1988 | Words & Music: John Mellencamp's Greatest Hits","1985","20","1985-08-24","1","AMBIGUOUS","70","multiple_albums"
"RVTR546846","Break Up To Make Up","The Stylistics","The Stylistics","Round 2: The Stylistics | The Best Of The Stylistics","1972","14","1973-02-10","1","AMBIGUOUS","70","multiple_albums"
"RVTR547343","She'S A Woman","The Beatles","The Beatles","Live At The Hollywood Bowl | Past Masters","2010","9","1964-12-05","1","AMBIGUOUS","70","multiple_albums"
"RVTR547558","Love Has No Pride","linda ronstadt","linda ronstadt","Don't Cry Now | Greatest Hits | The Very Best Of Linda Ronstadt","1973","11","1973-12-01","1","AMBIGUOUS","70","multiple_albums"
"RVTR547745","Hill Where The Lord Hides","chuck mangione","chuck mangione","An Evening Of Magic - Chuck Mangione Live At The Hollywood Bowl | Friends & Love...A Chuck Mangione Concert | Tarantella","1971","6","1971-07-03","1","AMBIGUOUS","70","multiple_albums"
"RVTR547791","Win Your Love For Me","sam cooke","sam cooke","Portrait Of A Legend: 1951-1964 | Shake | The Man & His Music","1965","17","1958-08-04","1","AMBIGUOUS","70","multiple_albums"
"RVTR547936","Toes","zac brown band","zac brown band","Greatest Hits So Far... | The Foundation","2008","20","2009-08-08","1","AMBIGUOUS","70","multiple_albums"
"RVTR548079","Thunder In My Heart","leo sayer","leo sayer","Leo Sayer | Thunder In My Heart","1977","9","1977-10-08","1","AMBIGUOUS","70","multiple_albums"
"RVTR548404","Maria","blondie","blondie","Blondie 4(0)-Ever: Greatest Hits Deluxe Redux / Ghosts Of Download | No Exit","1999","6","1999-04-10","1","AMBIGUOUS","70","multiple_albums"
"RVTR548546","Walking Through The Country","The Grass Roots","The Grass Roots","Leaving It All Behind | More Golden Grass | Their 16 Greatest Hits","1969","8","1970-02-14","1","AMBIGUOUS","70","multiple_albums"
"RVTR548549","Don'T Wanna Go Home","jason derulo","jason derulo","Future History | Platinum Hits","2011","15","2011-06-04","1","AMBIGUOUS","70","multiple_albums"
"RVTR548681","Just The Same Way","journey","journey","Captured | Evolution | The Essential Journey","1979","8","1979-04-07","1","AMBIGUOUS","70","multiple_albums"
"RVTR549048","Halo","beyonce","beyonce","Above And Beyonce: Video Collection & Dance Mixes (EP) | I Am...Sasha Fierce","2008","31","2009-02-07","1","AMBIGUOUS","70","multiple_albums"
"RVTR549061","Let Me Go","heaven 17","heaven 17","Heaven 17 | The Luxury Gap","1983","5","1983-03-12","1","AMBIGUOUS","70","multiple_albums"
"RVTR549253","Patience","guns n' roses","guns n' roses","G N' R Lies | Greatest Hits | Live Era '87 -- '93","1988","18","1989-04-08","1","AMBIGUOUS","70","multiple_albums"
"RVTR549330","Secret Lovers","atlantic starr","atlantic starr","As The Band Turns | Atlantic Starr","1978","23","1985-12-28","1","AMBIGUOUS","70","multiple_albums"
"RVTR549457","Runaway","bon jovi","bon jovi","Bon Jovi | One Wild Night: Live 1985--2001","1984","13","1984-02-25","1","AMBIGUOUS","70","multiple_albums"
"RVTR549472","Listen","collective soul","collective soul","7even Year Itch: Greatest Hits 1994--2001 | Disciplined Breakdown | Home","1997","11","1997-06-28","1","AMBIGUOUS","70","multiple_albums"
"RVTR549769","Whatever You Say","martina mcbride","martina mcbride","Evolution | Hits And More","1997","20","1999-05-01","1","AMBIGUOUS","70","multiple_albums"
"RVTR549895","Mysterious Ways","u2","u2","Achtung Baby | The Best Of 1990-2000 | The Best Of 1990-2000 & B-Sides | U218: Singles","1991","20","1991-11-23","1","AMBIGUOUS","70","multiple_albums"
"RVTR549983","Crazy Horses","The Osmonds","The Osmonds","Around The World - Live In Concert | Crazy Horses | The Osmonds Greatest Hits","1972","12","1972-10-21","1","AMBIGUOUS","70","multiple_albums"
"RVTR550162","I Keep Forgettin' Every Time You'Re Near","michael mcdonald","michael mcdonald","If That's What It Takes | The Ultimate Collection","1982","19","1982-08-07","1","AMBIGUOUS","70","multiple_albums"
"RVTR550547","Warm Ride","rare earth","rare earth","Band Together | Rare Earth","1977","11","1978-04-29","1","AMBIGUOUS","70","multiple_albums"
"RVTR550584","Wild World","maxi priest","maxi priest","Best Of Me | Maxi Priest","1988","18","1988-10-29","1","AMBIGUOUS","70","multiple_albums"
"RVTR551174","Crazy Train","ozzy osbourne","ozzy osbourne","Blizzard Of Ozz | Live At Budokan | Memoirs Of A Madman | Prince Of Darkness | Ten Commandments | The Essential Ozzy Osbourne | The Ozzman Cometh","1981","2","2025-08-02","1","AMBIGUOUS","70","multiple_albums"
"RVTR551349","Surfin' U S A","The Beach Boys","The Beach Boys","Beach Boys In Concert | Endless Summer | Sounds Of Summer:The Very Best Of The Beach Boys | The Best Of The Beach Boys","1964","25","1963-03-23","1","AMBIGUOUS","70","multiple_albums"
"RVTR551654","Fast Cars And Freedom","rascal flatts","rascal flatts","Feels Like Today | Greatest Hits Volume 1","2004","20","2005-05-07","1","AMBIGUOUS","70","multiple_albums"
"RVTR553073","Nightbird","stevie nicks","stevie nicks","The Enchanted Works Of Stevie Nicks | The Wild Heart","1983","12","1983-12-17","1","AMBIGUOUS","70","multiple_albums"
"RVTR553404","American Soldier","toby keith","toby keith","Shock'n Y'All | Toby Keith","1993","20","2003-12-27","1","AMBIGUOUS","70","multiple_albums"
"RVTR553526","Higher","creed","creed","Greatest Hits | Human Clay","1999","57","1999-09-11","1","AMBIGUOUS","70","multiple_albums"
"RVTR554479","Calling Dr Love","kiss","kiss","Alive Ii | Double Platinum | Kiss Alive! 1975 - 2000 | Rock And Roll Over | Symphony: Alive IV | You Wanted The Best, You Got The Best!","1976","14","1977-03-19","1","AMBIGUOUS","70","multiple_albums"
"RVTR554622","It'S All I Can Do","The Cars","The Cars","Candy-O | The Complete Greatest Hits","1979","10","1979-10-13","1","AMBIGUOUS","70","multiple_albums"
"RVTR554642","Just The Way You Like It","The S.o.s. Band","The S.o.s. Band","Just The Way You Like It | The Best Of S.O.S. Band","1984","10","1984-08-11","1","AMBIGUOUS","70","multiple_albums"
"RVTR555109","Forever In Blue Jeans","neil diamond","neil diamond","12 Greatest Hits Vol. II | All-Time Greatest Hits | Hot August Night II | Hot August Night III: Recorded Live At The Greek Theatre, Los Angeles | Hot August Night/NYC: Live From Madison Square Garden | You Don't Bring Me Flowers","1978","11","1979-01-27","1","AMBIGUOUS","70","multiple_albums"
"RVTR555265","My Baby","The Temptations","The Temptations","Awesome | Temptin' Temptations | The Temptations Greatest Hits","1965","8","1965-10-23","1","AMBIGUOUS","70","multiple_albums"
"RVTR555362","Ruff Ryders' Anthem","dmx","dmx","The Best Of DMX | The Definition Of X: Pick Of The Litter","2007","5","1999-02-20","1","AMBIGUOUS","70","multiple_albums"
"RVTR555394","Put Me Down","donell jones","donell jones","Life Goes On | The Best Of Donell Jones","2002","3","2002-09-14","1","AMBIGUOUS","70","multiple_albums"
"RVTR555557","You'Re So Vain","carly simon","carly simon","Best Of Carly Simon | No Secrets | Reflections: Carly Simon's Greatest Hits","1972","17","1972-12-02","1","AMBIGUOUS","70","multiple_albums"
"RVTR555616","U Smile","justin bieber","justin bieber","My World 2.0 | My Worlds Acoustic","2010","4","2010-04-03","1","AMBIGUOUS","70","multiple_albums"
"RVTR555620","Luanne","foreigner","foreigner","4 | 40: Forty Hits From Forty Years - 1977-2017","1981","6","1982-07-31","1","AMBIGUOUS","70","multiple_albums"
"RVTR555788","These Days","rascal flatts","rascal flatts","Greatest Hits Volume 1 | Melt | The Best Of Rascal Flatts Live","2002","20","2002-10-05","1","AMBIGUOUS","70","multiple_albums"
"RVTR556336","Daddy Could Swear I Declare","gladys knight and the pips","gladys knight and the pips","Best Of Gladys Knight & The Pips | Neither One Of Us","1973","15","1973-04-28","1","AMBIGUOUS","70","multiple_albums"
"RVTR556635","On This Side Of Goodbye","The Righteous Brothers","The Righteous Brothers","Sayin' Somethin' | The Very Best Of/Unchained Melody","1967","6","1966-10-29","1","AMBIGUOUS","70","multiple_albums"
"RVTR556652","Sugar Magnolia","grateful dead","grateful dead","American Beauty | Live At The Cow Palace: New Year's Eve 1976 | Pacific Northwest '73-'74: The Complete Collection | Rockin' The Rhein With The Grateful Dead: Rheinhalle, Dusseldore, West | The Best Of The Grateful Dead: Live | The Very Best Of Grateful Dead","1970","2","1973-02-03","1","AMBIGUOUS","70","multiple_albums"
"RVTR556860","As Good As I Once Was","toby keith","toby keith","Honkytonk University | Toby Keith","1993","20","2005-06-04","1","AMBIGUOUS","70","multiple_albums"
"RVTR557199","Getting Away With Murder","papa roach","papa roach","Getting Away With Murder | Time For Annihilation ... On The Record & On The Road | To Be Loved: The Best Of Papa Roach","2004","16","2004-10-23","1","AMBIGUOUS","70","multiple_albums"
"RVTR557215","Feelin' Stronger Every Day","chicago","chicago","Chicago - Greatest Hits, Volume II | The Very Best Of Chicago: Only The Beginning","1981","16","1973-06-23","1","AMBIGUOUS","70","multiple_albums"
"RVTR557894","I Dare You","shinedown","shinedown","Somewhere In The Stratosphere | Us And Them","2005","2","2006-05-20","1","AMBIGUOUS","70","multiple_albums"
"RVTR557924","The Tracks Of My Tears","The Miracles","The Miracles","1957-1972 | Live! | Smokey Robinson & The Miracles' Anthology","1969","12","1965-07-17","1","AMBIGUOUS","70","multiple_albums"
"RVTR559463","Love Is A Stranger","eurythmics","eurythmics","Greatest Hits | Sweet Dreams (Are Made Of This) | Ultimate Collection","1983","13","1983-09-17","1","AMBIGUOUS","70","multiple_albums"
"RVTR559631","Kentucky Woman","neil diamond","neil diamond","Classics The Early Years | Hot August Night III: Recorded Live At The Greek Theatre, Los Angeles | Hot August Night/NYC: Live From Madison Square Garden | Live In America | Love At The Greek | Neil Diamond's Greatest Hits | Shilo | Stages: Performances 1970-2002 | The Essential Neil Diamond","1968","8","1967-10-14","1","AMBIGUOUS","70","multiple_albums"
"RVTR559683","I'M A Ramblin' Man","waylon jennings","waylon jennings","Greatest Hits | RCA Country Legends: Waylon Jennings","1979","7","1974-09-07","1","AMBIGUOUS","70","multiple_albums"
"RVTR559910","Shoo Be Doo Be Doo Da Day","stevie wonder","stevie wonder","Stevie Wonder Live | Stevie Wonder's Greatest Hits, Vol. 2","1970","13","1968-04-06","1","AMBIGUOUS","70","multiple_albums"
"RVTR560269","Animal","def leppard","def leppard","Hysteria | Rock Of Ages: The Definitive Collection | Vault: Greatest Hits 1980-1995 | Viva! Hysteria: Live At The Joint, Las Vegas","1987","19","1987-10-10","1","AMBIGUOUS","70","multiple_albums"
"RVTR560543","Take It Slow Out In The Country","lighthouse","lighthouse","Lighthouse Live! | Thoughts Of Movin' On","1972","7","1971-12-11","1","AMBIGUOUS","70","multiple_albums"
"RVTR560599","Still Loving You","scorpions","scorpions","Bad For Good: The Very Best Of Scorpions | Comeblack | Love At First Sting | MTV Unplugged: In Athens | The Best Of Scorpions: 20th Century Masters The Millennium Collection | World Wide Live","1984","6","1984-07-07","1","AMBIGUOUS","70","multiple_albums"
"RVTR560866","Only Time","enya","enya","A Day Without Rain | The Very Best Of Enya","2000","32","2001-07-14","1","AMBIGUOUS","70","multiple_albums"
"RVTR560880","The Devil Went Down To Georgia","The Charlie Daniels Band","The Charlie Daniels Band","A Decade Of Hits | Million Mile Reflections","1979","18","1979-06-23","1","AMBIGUOUS","70","multiple_albums"
"RVTR561095","Hurting Each Other","carpenters","carpenters","A Song For You | Singles: 1969-1981","1972","12","1972-01-15","1","AMBIGUOUS","70","multiple_albums"
"RVTR561215","Friends","john michael montgomery","john michael montgomery","Greatest Hits | What I Do The Best","1996","12","1996-12-28","1","AMBIGUOUS","70","multiple_albums"
"RVTR561510","Whip Appeal","babyface","babyface","A Collection Of His Greatest Hits | MTV Unplugged NYC 1997","1997","18","1990-02-24","1","AMBIGUOUS","70","multiple_albums"
"RVTR562688","Emotion","destiny's child","destiny's child","#1's | Love Songs | Survivor","2001","20","2001-09-29","1","AMBIGUOUS","70","multiple_albums"
"RVTR562931","The Impossible","joe nichols","joe nichols","Greatest Hits | Man With A Memory","2002","21","2002-06-01","1","AMBIGUOUS","70","multiple_albums"
"RVTR563512","The Joker","The Steve Miller Band","The Steve Miller Band","Greatest Hits 1974-78 | Steve Miller Band Live | The Joker","1973","20","1973-10-20","1","AMBIGUOUS","70","multiple_albums"
"RVTR563762","Lido Shuffle","boz scaggs","boz scaggs","Hits | Silk Degrees","1976","17","1977-03-12","1","AMBIGUOUS","70","multiple_albums"
"RVTR563798","It'S Over","roy orbison","roy orbison","More Of Roy Orbison's Greatest Hits | Super Hits | The Very Best Of Roy Orbison","1964","11","1964-04-11","1","AMBIGUOUS","70","multiple_albums"
"RVTR563914","The Tide Is High","blondie","blondie","Autoamerican | Blondie 4(0)-Ever: Greatest Hits Deluxe Redux / Ghosts Of Download | The Best Of Blondie","1980","26","1980-11-15","1","AMBIGUOUS","70","multiple_albums"
"RVTR564104","Wendy","The Beach Boys","The Beach Boys","All Summer Long | Live: The 50th Anniversary Tour | The Greatest Hits Volume 2: 20 More Good Vibrations","1964","6","1964-10-17","1","AMBIGUOUS","70","multiple_albums"
"RVTR564338","A House Is Not A Home","dionne warwick","dionne warwick","Dionne Warwick In Paris | Dionne Warwick's Greatest Motion Picture Hits | Make Way For Dionne Warwick","1964","6","1964-08-01","1","AMBIGUOUS","70","multiple_albums"
"RVTR564496","Figure Of Eight","paul mccartney","paul mccartney","Flowers In The Dirt | Tripping The Live Fantastic","1989","5","1990-01-13","1","AMBIGUOUS","70","multiple_albums"
"RVTR564563","Making Love Out Of Nothing At All","air supply","air supply","Greatest Hits | Ultimate Air Supply","1983","25","1983-07-30","1","AMBIGUOUS","70","multiple_albums"
"RVTR564707","Wild World","cat stevens","cat stevens","Cat Stevens Greatest Hits | Tea For The Tillerman | The Very Best Of Cat Stevens","1971","13","1971-02-13","1","AMBIGUOUS","70","multiple_albums"
"RVTR565001","Do Ya","electric light orchestra","electric light orchestra","A New World Record | Mr. Blue Sky: The Very Best Of Electric Light Orchestra","1976","12","1977-02-05","1","AMBIGUOUS","70","multiple_albums"
"RVTR565213","Young Love","ray stevens","ray stevens","Misty | Ray Stevens' Greatest Hits","1971","2","1976-01-24","1","AMBIGUOUS","70","multiple_albums"
"RVTR566069","Yes It Is","The Beatles","The Beatles","Beatles VI | Past Masters","1965","4","1965-05-01","1","AMBIGUOUS","70","multiple_albums"
"RVTR566262","This Is The Time","billy joel","billy joel","Greatest Hits Volume III | The Bridge","1986","17","1986-11-15","1","AMBIGUOUS","70","multiple_albums"
"RVTR567060","Tik Tok","Ke$ha","Ke$ha","Animal | I Am The Dance Commander + I Command You To Dance","2010","38","2009-10-24","1","AMBIGUOUS","70","multiple_albums"
"RVTR567061","You Know That I Love You","donell jones","donell jones","Life Goes On | The Best Of Donell Jones","2002","20","2002-04-27","1","AMBIGUOUS","70","multiple_albums"
"RVTR567240","Shake It Up","The Cars","The Cars","Shake It Up | The Complete Greatest Hits","1981","22","1981-11-21","1","AMBIGUOUS","70","multiple_albums"
"RVTR567800","Lost In Paradise","evanescence","evanescence","Evanescence | Synthesis","2011","1","2011-10-29","1","AMBIGUOUS","70","multiple_albums"
"RVTR568141","Welcome To My Nightmare","alice cooper","alice cooper","Welcome 2 My Nightmare | Welcome To My Nightmare","1975","6","1975-10-25","1","AMBIGUOUS","70","multiple_albums"
"RVTR568427","Like A Virgin","madonna","madonna","Like A Virgin | The Confessions Tour | The Immaculate Collection","1984","19","1984-11-17","1","AMBIGUOUS","70","multiple_albums"
"RVTR568509","Three Wooden Crosses","randy travis","randy travis","I Told You So: The Ultimate Hits Of Randy Travis | Rise And Shine","2002","20","2003-04-05","1","AMBIGUOUS","70","multiple_albums"
"RVTR568587","The Look Of Love","sergio mendes","sergio mendes","Encanto | Look Around","1968","14","1968-05-11","1","AMBIGUOUS","70","multiple_albums"
"RVTR568590","Against All Odds Take A Look At Me Now","phil collins","phil collins","...Hits | Serious Hits...Live!","1990","24","1984-02-25","1","AMBIGUOUS","70","multiple_albums"
"RVTR569248","Green Green","The New Christy Minstrels","The New Christy Minstrels","Ramblin' Featuring Green, Green | The New Christy Minstrels","1963","12","1963-06-29","1","AMBIGUOUS","70","multiple_albums"
"RVTR569289","Silent Lucidity","queensryche","queensryche","Hear In The Now Frontier | Live Evolution | Queensryche","1983","17","1991-03-23","1","AMBIGUOUS","70","multiple_albums"
"RVTR569457","Fanny Be Tender With My Love","bee gees","bee gees","Bee Gees: Opus Collection | Main Course | The Ultimate Bee Gees","1975","16","1975-12-27","1","AMBIGUOUS","70","multiple_albums"
"RVTR569927","Dreams","fleetwood mac","fleetwood mac","Live In Boston | Opus Collection | Rumours | The Dance | The Very Best Of Fleetwood Mac","1977","23","1977-04-16","1","AMBIGUOUS","70","multiple_albums"
"RVTR570049","You Can'T Do That","The Beatles","The Beatles","A Hard Day's Night (Soundtrack) | Live At The Hollywood Bowl","1964","4","1964-04-04","1","AMBIGUOUS","70","multiple_albums"
"RVTR570093","Babe","styx","styx","Caught In The Act - Live | Cornerstone | Greatest Hits","1979","19","1979-10-06","1","AMBIGUOUS","70","multiple_albums"
"RVTR570138","Completely","michael bolton","michael bolton","Michael Bolton | The One Thing","1983","15","1994-03-19","1","AMBIGUOUS","70","multiple_albums"
"RVTR570140","Hello Again","The Cars","The Cars","Heartbeat City | The Complete Greatest Hits","1984","15","1984-10-27","1","AMBIGUOUS","70","multiple_albums"
"RVTR570546","The Tears Of A Clown","smokey robinson","smokey robinson","My World: The Definitive Collection | Smokey & Friends","2005","16","1970-10-17","1","AMBIGUOUS","70","multiple_albums"
"RVTR570680","Sometimes A Fantasy","billy joel","billy joel","A Matter Of Trust: The Bridge to Russia: The Concert | Glass Houses | Kohuept (Live In Leningrad)","1980","9","1980-10-11","1","AMBIGUOUS","70","multiple_albums"
"RVTR571021","If I Had Eyes","jack johnson","jack johnson","En Concert | Sleep Through The Static","2008","11","2007-12-29","1","AMBIGUOUS","70","multiple_albums"
"RVTR571116","One Woman Man","dave hollister","dave hollister","Chicago '85... The Movie | The Definitive Collection","2000","20","2000-12-09","1","AMBIGUOUS","70","multiple_albums"
"RVTR571209","Rag Mama Rag","The Band","The Band","Rock Of Ages | The Band | The Best Of The Band | The Last Waltz (Soundtrack)","1969","8","1970-02-14","1","AMBIGUOUS","70","multiple_albums"
"RVTR571733","Cuts Like A Knife","bryan adams","bryan adams","Anthology | Cuts Like A Knife | So Far So Good","1983","14","1983-06-11","1","AMBIGUOUS","70","multiple_albums"
"RVTR571951","Hey You Get Off My Mountain","The Dramatics","The Dramatics","A Dramatic Experience | Whatcha See Is Whatcha Get","1972","12","1973-05-05","1","AMBIGUOUS","70","multiple_albums"
"RVTR572274","Telefone Long Distance Love Affair","sheena easton","sheena easton","Best Kept Secret | Sheena Easton","1981","22","1983-08-20","1","AMBIGUOUS","70","multiple_albums"
"RVTR572365","9 To 5","dolly parton","dolly parton","9 To 5 And Odd Jobs | Dumplin' (Soundtrack) | Greatest Hits | Live From London","1980","26","1980-11-29","1","AMBIGUOUS","70","multiple_albums"
"RVTR572421","Kansas City","trini lopez","trini lopez","Greatest Hits! | Trini Lopez At PJ's","1963","10","1963-11-16","1","AMBIGUOUS","70","multiple_albums"
"RVTR572510","Landed","ben folds","ben folds","Ben Folds Presents: University A Cappella! | Songs For Silverman | The Best Imitation Of Myself: A Retrospective","2005","2","2005-02-19","1","AMBIGUOUS","70","multiple_albums"
"RVTR572545","Jesus To A Child","george michael","george michael","Ladies & Gentlemen: The Best Of George Michael | Older","1996","14","1996-02-24","1","AMBIGUOUS","70","multiple_albums"
"RVTR572600","Sweet Sixteen","billy idol","billy idol","Idolize Yourself: The Very Best Of Billy Idol | Rebel Yell | Whiplash Smile","1983","14","1987-04-25","1","AMBIGUOUS","70","multiple_albums"
"RVTR572622","Isn'T It Time","The Babys","The Babys","Anthology | Broken Heart","1977","16","1977-10-08","1","AMBIGUOUS","70","multiple_albums"
"RVTR572711","Time After Time","cyndi lauper","cyndi lauper","She's So Unusual: A 30th Anniversary Celebration | The Body Acoustic","1983","20","1984-04-14","1","AMBIGUOUS","70","multiple_albums"
"RVTR572817","Sweet Emotion","aerosmith","aerosmith","Aerosmith's Greatest Hits | Classics Live | Live Bootleg | O, Yeah! Ultimate Aerosmith Hits | The Essential Aerosmith | Toys In The Attic","1975","8","1975-06-14","1","AMBIGUOUS","70","multiple_albums"
"RVTR573087","Off The Wall","michael jackson","michael jackson","Off The Wall | The Essential Michael Jackson","1979","17","1980-02-16","1","AMBIGUOUS","70","multiple_albums"
"RVTR573393","Walk Like An Egyptian","The Bangles","The Bangles","Different Light | Greatest Hits","1986","23","1986-09-27","1","AMBIGUOUS","70","multiple_albums"
"RVTR573439","Save Me San Francisco","train","train","Greatest Hits | Save Me, San Francisco","2009","11","2011-07-09","1","AMBIGUOUS","70","multiple_albums"
"RVTR573655","409","The Beach Boys","The Beach Boys","Little Deuce Coupe | Spirit Of America | Surfin' Safari | The Greatest Hits Volume 1: 20 Good Vibrations | The Warmth Of The Sun","1963","1","1962-10-13","1","AMBIGUOUS","70","multiple_albums"
"RVTR573791","Billie Jean","michael jackson","michael jackson","HIStory: Past, Present And Future Book 1 | Michael Jackson's This Is It (Soundtrack) | Number Ones | Thriller","1982","25","1983-01-22","1","AMBIGUOUS","70","multiple_albums"
"RVTR574995","Silhouettes","herman's hermits","herman's hermits","Herman's Hermits On Tour | The Best Of Herman's Hermits","1965","13","1965-04-03","1","AMBIGUOUS","70","multiple_albums"
"RVTR575006","Heaven Help Us All","stevie wonder","stevie wonder","Signed Sealed & Delivered | Stevie Wonder's Greatest Hits, Vol. 2","1970","11","1970-10-17","1","AMBIGUOUS","70","multiple_albums"
"RVTR575290","Somebody","bryan adams","bryan adams","Anthology | Reckless","1984","17","1985-02-02","1","AMBIGUOUS","70","multiple_albums"
"RVTR575302","Make The World Go Away","ray price","ray price","Ray Price's All-Time Greatest Hits | Welcome To My World","1971","1","1963-08-31","1","AMBIGUOUS","70","multiple_albums"
"RVTR575339","Two Sides To Every Story","etta james","etta james","Enduring Soul | Her Best","2012","4","1963-10-05","1","AMBIGUOUS","70","multiple_albums"
"RVTR575345","Alphabet St","prince","prince","Lovesexy | The Hits/The B-Sides | Ultimate","1988","13","1988-04-30","1","AMBIGUOUS","70","multiple_albums"
"RVTR575387","Women","foreigner","foreigner","40: Forty Hits From Forty Years - 1977-2017 | Complete Greatest Hits | Head Games","1979","9","1980-02-16","1","AMBIGUOUS","70","multiple_albums"
"RVTR575952","The Pretender","jackson browne","jackson browne","Pretender | The Next Voice You Hear -- The Best Of Jackson Browne","1976","5","1977-05-21","1","AMBIGUOUS","70","multiple_albums"
"RVTR576024","On A Night Like This","bob dylan","bob dylan","Planet Waves | Playlist: The Very Best Of Bob Dylan '70s","1974","6","1974-02-23","1","AMBIGUOUS","70","multiple_albums"
"RVTR576617","Heaven'S On Fire","kiss","kiss","KISS 40 | Kiss Alive! 1975 - 2000","2006","10","1984-10-13","1","AMBIGUOUS","70","multiple_albums"
"RVTR576788","New Sensation","inxs","inxs","Kick | Live Baby Live | The Best Of INXS | The Greatest Hits","1987","17","1988-05-14","1","AMBIGUOUS","70","multiple_albums"
"RVTR576911","Second Hand Rose","barbra streisand","barbra streisand","A Happening In Central Park | Barbra Streisand...And Other Musical Instruments | Barbra Streisand's Greatest Hits | My Name Is Barbra, Two... | The Essential Barbra Streisand","1965","9","1965-12-18","1","AMBIGUOUS","70","multiple_albums"
"RVTR578014","Mockingbird","carly simon","carly simon","Best Of Carly Simon | Hotcakes | Reflections: Carly Simon's Greatest Hits","1974","16","1974-02-02","1","AMBIGUOUS","70","multiple_albums"
"RVTR578064","Say You Say Me","lionel richie","lionel richie","Dancing On The Ceiling | The Best Of Lionel Richie: 20th Century Masters The Millennium Collection | Tuskegee","1986","20","1985-11-09","1","AMBIGUOUS","70","multiple_albums"
"RVTR578189","Shadows Of The Night","pat benatar","pat benatar","10 Great Songs | Best Shots | Get Nervous","1982","16","1982-10-16","1","AMBIGUOUS","70","multiple_albums"
"RVTR578435","Call Me Come Back Home","al green","al green","Call Me | Greatest Hits | The Definitive Greatest Hits","1973","11","1973-02-17","1","AMBIGUOUS","70","multiple_albums"
"RVTR578485","Shambala","three dog night","three dog night","Cyan | Joy To The World-Their Greatest Hits | The Best Of Three Dog Night: 20th Century Masters...","1973","16","1973-05-19","1","AMBIGUOUS","70","multiple_albums"
"RVTR578847","Holly Holy","neil diamond","neil diamond","All-Time Greatest Hits | Hot August Night III: Recorded Live At The Greek Theatre, Los Angeles | Hot August Night/NYC: Live From Madison Square Garden | Touching You Touching Me","1969","14","1969-11-01","1","AMBIGUOUS","70","multiple_albums"
"RVTR578973","Hot Thing","prince","prince","Sign 'O' The Times | Ultimate","1987","9","1988-02-06","1","AMBIGUOUS","70","multiple_albums"
"RVTR579123","Painted Tainted Rose","al martino","al martino","Painted, Tainted Rose | The Best Of Al Martino","1963","12","1963-07-27","1","AMBIGUOUS","70","multiple_albums"
"RVTR579341","Candy Girl","new edition","new edition","All The Number Ones | Candy Girl | New Edition's Greatest Hits, Volume 1","1983","11","1983-05-07","1","AMBIGUOUS","70","multiple_albums"
"RVTR579591","Guantanamera","The Sandpipers","The Sandpipers","Greatest Hits | Guantanamera | The Sandpipers","1966","11","1966-07-30","1","AMBIGUOUS","70","multiple_albums"
"RVTR579852","Magic","coldplay","coldplay","Ghost Stories | Live In Buenos Aires","2014","14","2014-03-22","1","AMBIGUOUS","70","multiple_albums"
"RVTR579983","Set You Free This Time","The Byrds","The Byrds","The Byrds' Greatest Hits | Turn! Turn! Turn!","1966","4","1966-02-05","1","AMBIGUOUS","70","multiple_albums"
"RVTR580151","You Send Me","aretha franklin","aretha franklin","Aretha (II) | Aretha Now","1968","6","1968-06-15","1","AMBIGUOUS","70","multiple_albums"
"RVTR580288","One More Mountain To Climb","ronnie dove","ronnie dove","Cry | The Best Of Ronnie Dove","1966","6","1967-02-18","1","AMBIGUOUS","70","multiple_albums"
"RVTR580858","Faithfully","journey","journey","Frontiers | Greatest Hits Live | Journey's Greatest Hits | The Essential Journey","1983","16","1983-04-16","1","AMBIGUOUS","70","multiple_albums"
"RVTR580881","No Time","The Guess Who","The Guess Who","American Woman | Canned Wheat Packed by The Guess Who | Greatest Of The Guess Who | Live At The Paramount (Seattle) | The Best Of The Guess Who, Volume II","1969","14","1969-12-20","1","AMBIGUOUS","70","multiple_albums"
"RVTR581142","Tired Of Being Alone","al green","al green","Al Green Gets Next To You | Greatest Hits | The Definitive Greatest Hits | What Makes The World Go Round?","1971","19","1971-07-24","1","AMBIGUOUS","70","multiple_albums"
"RVTR582650","Don'T Take Away The Music","tavares","tavares","Best Of Tavares | Sky High!","1976","12","1976-10-30","1","AMBIGUOUS","70","multiple_albums"
"RVTR582739","You'Ve Got A Friend","james taylor","james taylor","Greatest Hits | Mud Slide Slim And The Blue Horizon | One Man Band | The Best Of James Taylor","1971","14","1971-06-05","1","AMBIGUOUS","70","multiple_albums"
"RVTR582834","Soft And Wet","prince","prince","4Ever | For You | The Hits 1 | The Hits/The B-Sides","1978","4","1978-11-04","1","AMBIGUOUS","70","multiple_albums"
"RVTR582954","All I Need","The Temptations","The Temptations","The Ultimate Collection | With A Lot O' Soul","1967","10","1967-04-29","1","AMBIGUOUS","70","multiple_albums"
"RVTR583205","High School Dance","The Sylvers","The Sylvers","Something Special | The Sylvers","1973","17","1977-04-23","1","AMBIGUOUS","70","multiple_albums"
"RVTR584109","One Day In Your Life","michael jackson","michael jackson","Forever, Michael | One Day In Your Life | The Best Of Michael Jackson: 20th Century Masters The Millenium Collection","1975","7","1981-04-18","1","AMBIGUOUS","70","multiple_albums"
"RVTR584518","The Other Side","aerosmith","aerosmith","Big Ones | Pump | The Best Of Aerosmith: 20th Century Masters...","1989","15","1990-06-23","1","AMBIGUOUS","70","multiple_albums"
"RVTR584681","I Thank You","zz top","zz top","Deguello | The Very Best Of ZZ Top: Rancho Texicano","1979","11","1980-01-19","1","AMBIGUOUS","70","multiple_albums"
"RVTR584709","Little Suzi","tesla","tesla","Mechanical Resonance | Time's Makin' Changes - The Best Of Tesla","1987","3","1987-05-16","1","AMBIGUOUS","70","multiple_albums"
"RVTR585097","Straight On","heart","heart","Dog And Butterfly | The Road Home","1978","18","1978-09-23","1","AMBIGUOUS","70","multiple_albums"
"RVTR585386","Paper Sun","traffic","traffic","Best Of Traffic | Heavy Traffic | Mr. Fantasy","1968","1","1967-09-02","1","AMBIGUOUS","70","multiple_albums"
"RVTR585462","Stubborn Kind Of Fellow","marvin gaye","marvin gaye","Gold | Marvin Gaye Anthology | Marvin Gaye Super Hits","1970","9","1962-10-20","1","AMBIGUOUS","70","multiple_albums"
"RVTR585959","Rebel Rebel","david bowie","david bowie","Best Of Bowie | Changesbowie | Changesonebowie | David Live | Diamond Dogs | Reality | The Platinum Collection","1974","8","1974-06-01","1","AMBIGUOUS","70","multiple_albums"
"RVTR586340","Take Me In Your Arms And Love Me","gladys knight and the pips","gladys knight and the pips","Best Of Gladys Knight & The Pips | Everybody Needs Love","1967","2","1967-05-06","1","AMBIGUOUS","70","multiple_albums"
"RVTR586517","Every Time You Touch Me I Get High","charlie rich","charlie rich","Every Time You Touch Me (i Get High) | Greatest Hits","1975","12","1975-05-31","1","AMBIGUOUS","70","multiple_albums"
"RVTR586668","Any Way You Want It","journey","journey","Departure | Greatest Hits Live | Journey's Greatest Hits | The Essential Journey","1980","15","1980-03-01","1","AMBIGUOUS","70","multiple_albums"
"RVTR587643","Too Much Heaven","bee gees","bee gees","Bee Gees: Opus Collection | Spirits Having Flown","1979","21","1978-11-18","1","AMBIGUOUS","70","multiple_albums"
"RVTR587830","Count On Me","jefferson starship","jefferson starship","Earth | Gold","1978","14","1978-03-11","1","AMBIGUOUS","70","multiple_albums"
"RVTR588073","Trouble Me","10,000 maniacs","10,000 maniacs","Blind Man's Zoo | MTV Unplugged","1989","12","1989-06-17","1","AMBIGUOUS","70","multiple_albums"
"RVTR588222","Ooo Baby Baby","The Miracles","The Miracles","1957-1972 | Live! | Smokey Robinson & The Miracles' Anthology","1969","11","1965-03-27","1","AMBIGUOUS","70","multiple_albums"
"RVTR589709","Duncan","paul simon","paul simon","Paul Simon | Paul Simon In Concert/Live Rhymin' | The Essential Paul Simon","1972","7","1972-07-08","1","AMBIGUOUS","70","multiple_albums"
"RVTR590063","Winning","santana","santana","The Essential Santana | Zebop","1981","18","1981-04-11","1","AMBIGUOUS","70","multiple_albums"
"RVTR590131","Sweet Love","anita baker","anita baker","Rapture | The Best Of Anita Baker","1986","22","1986-08-16","1","AMBIGUOUS","70","multiple_albums"
"RVTR590143","Do It Well","jennifer lopez","jennifer lopez","Brave | Dance Again ... The Hits","2007","10","2007-10-06","1","AMBIGUOUS","70","multiple_albums"
"RVTR590317","When You Talk About Love","patti labelle","patti labelle","Flame | Live! One Night Only","1997","12","1997-07-19","1","AMBIGUOUS","70","multiple_albums"
"RVTR590518","If It Isn'T Love","new edition","new edition","Heart Break | New Edition's Greatest Hits, Volume 1","1988","21","1988-07-02","1","AMBIGUOUS","70","multiple_albums"
"RVTR590537","Finally","t.g. sheppard","t.g. sheppard","Finally | T.g. Sheppard's Greatest Hits","1982","8","1982-04-03","1","AMBIGUOUS","70","multiple_albums"
"RVTR591085","Jaded","aerosmith","aerosmith","Devil's Got A New Disguise: The Very Best Of Aerosmith | Just Push Play","2001","20","2001-01-27","1","AMBIGUOUS","70","multiple_albums"
"RVTR591849","Beaucoups Of Blues","ringo starr","ringo starr","Beaucoups of Blues | Blast From Your Past","1970","5","1970-11-07","1","AMBIGUOUS","70","multiple_albums"
"RVTR591956","Then You Can Tell Me Goodbye","eddy arnold","eddy arnold","Love & Guitars | Walkin' In Love Land","1968","4","1968-09-07","1","AMBIGUOUS","70","multiple_albums"
"RVTR592104","Holla Holla","ja rule","ja rule","Exodus | Venni Vetti Vecci","1999","20","1999-04-03","1","AMBIGUOUS","70","multiple_albums"
"RVTR592143","Shake","sam cooke","sam cooke","Portrait Of A Legend: 1951-1964 | Shake | The Best Of Sam Cooke, Volume 2","1965","11","1965-01-09","1","AMBIGUOUS","70","multiple_albums"
"RVTR592206","Blue Collar Man Long Nights","styx","styx","Caught In The Act - Live | Greatest Hits | Pieces Of Eight","1978","14","1978-09-16","1","AMBIGUOUS","70","multiple_albums"
"RVTR592429","Bring Me To Life","evanescence","evanescence","Anywhere But Home | Fallen | Synthesis","2003","32","2003-03-15","1","AMBIGUOUS","70","multiple_albums"
"RVTR592468","Tell Me If You Still Care","The S.o.s. Band","The S.o.s. Band","On The Rise | The Best Of S.O.S. Band","1983","11","1983-11-19","1","AMBIGUOUS","70","multiple_albums"
"RVTR592570","Jumpin' Jack Flash","The Rolling Stones","The Rolling Stones","'Get Yer Ya-Ya's Out!' | Singles Collection - The London Years","1970","12","1968-06-08","1","AMBIGUOUS","70","multiple_albums"
"RVTR592743","Didn'T We Almost Have It All","whitney houston","whitney houston","I Will Always Love You: The Best Of Whitney Houston | Whitney","1987","17","1987-08-01","1","AMBIGUOUS","70","multiple_albums"
"RVTR592914","Uma Thurman","fall out boy","fall out boy","American Beauty / American Psycho | Make America Psycho Again","2015","27","2015-01-31","1","AMBIGUOUS","70","multiple_albums"
"RVTR592989","Put That Woman First","jaheim","jaheim","Classic Jaheim Vol. 1 | Still Ghetto","2002","20","2003-03-22","1","AMBIGUOUS","70","multiple_albums"
"RVTR593043","The Way You Do The Things You Do","The Temptations","The Temptations","Meet The Temptations | My Girl: The Very Best Of The Temptations | The Temptations Greatest Hits | The Ultimate Collection","1964","11","1964-02-29","1","AMBIGUOUS","70","multiple_albums"
"RVTR593089","When Doves Cry","prince","prince","4Ever | The Hits 1 | The Hits/The B-Sides | Ultimate","1993","23","1984-06-02","1","AMBIGUOUS","70","multiple_albums"
"RVTR593229","Outlaw Man","Eagles","Eagles","Desperado | Selected Works: 1972--1999","1973","8","1973-09-15","1","AMBIGUOUS","70","multiple_albums"
"RVTR593302","Kids","mgmt","mgmt","MGMT | Oracular Spectacular","2008","6","2009-03-21","1","AMBIGUOUS","70","multiple_albums"
"RVTR593616","Ride The Wind","poison","poison","Flesh And Blood | Swallow This Live","1990","12","1991-02-02","1","AMBIGUOUS","70","multiple_albums"
"RVTR593695","Queen Of Hearts","juice newton","juice newton","Greatest Hits | Juice","1981","27","1981-05-30","1","AMBIGUOUS","70","multiple_albums"
"RVTR593847","Clocks","coldplay","coldplay","A Rush Of Blood To The Head | Coldplay Live 2003 | Live In Buenos Aires","2002","22","2003-02-01","1","AMBIGUOUS","70","multiple_albums"
"RVTR594140","Never Again","kelly clarkson","kelly clarkson","Greatest Hits: Chapter One | My December","2007","16","2007-05-12","1","AMBIGUOUS","70","multiple_albums"
"RVTR594278","This Old Heart Of Mine","rod stewart","rod stewart","Atlantic Crossing | Rod Stewart Greatest Hits | The Very Best Of Rod Stewart","1975","20","1976-01-10","1","AMBIGUOUS","70","multiple_albums"
"RVTR594397","You Should Be Dancing","bee gees","bee gees","Bee Gees: Opus Collection | Children Of The World | Number Ones | The Ultimate Bee Gees","1976","20","1976-07-03","1","AMBIGUOUS","70","multiple_albums"
"RVTR594494","Back Stabbers","The O'jays","The O'jays","The O'Jays Live In London | The O'Jays: Collectors' Items","1974","15","1972-07-22","1","AMBIGUOUS","70","multiple_albums"
"RVTR595712","I Saw A Man And He Danced With His Wife","cher","cher","Dark Lady | Greatest Hits","1974","9","1974-08-10","1","AMBIGUOUS","70","multiple_albums"
"RVTR596376","Empty Pages","traffic","traffic","Heavy Traffic | John Barleycorn Must Die","1970","8","1970-09-05","1","AMBIGUOUS","70","multiple_albums"
"RVTR596745","Mama I'M Coming Home","ozzy osbourne","ozzy osbourne","Memoirs Of A Madman | No More Tears | The Essential Ozzy Osbourne","1991","19","1992-02-15","1","AMBIGUOUS","70","multiple_albums"
"RVTR596930","Theme From A Summer Place","The Lettermen","The Lettermen","All-Time Greatest Hits | The Best Of The Lettermen","1966","9","1965-06-26","1","AMBIGUOUS","70","multiple_albums"
"RVTR597347","Look After You","The Fray","The Fray","How To Save A Life | Through The Years: The Best Of The Fray","2005","10","2007-03-17","1","AMBIGUOUS","70","multiple_albums"
"RVTR597735","Recover Your Soul","elton john","elton john","Rocket Man: Number Ones | The Big Picture","1997","20","1998-04-18","1","AMBIGUOUS","70","multiple_albums"
"RVTR597773","Gypsy","shakira","shakira","Live & Off The Record | She Wolf","2004","3","2010-05-15","1","AMBIGUOUS","70","multiple_albums"
"RVTR597865","I Just Wanna Be Mad","terri clark","terri clark","Greatest Hits 1994-2004 | Pain To Kill","2003","20","2002-11-09","1","AMBIGUOUS","70","multiple_albums"
"RVTR598035","Sweetest Thing","u2","u2","The Best Of 1980-1990/The B-Sides | U218: Singles","1998","17","1998-12-05","1","AMBIGUOUS","70","multiple_albums"
"RVTR598102","Security","etta james","etta james","Her Best | Tell Mama","1968","10","1968-03-02","1","AMBIGUOUS","70","multiple_albums"
"RVTR598159","Your Song","elton john","elton john","Diamonds | Elton John | Greatest Hits | Greatest Hits 1970-2002 | Greatest Hits, Vol. III 1979-1987 | Love Songs | To Be Continued...","1970","14","1970-11-28","1","AMBIGUOUS","70","multiple_albums"
"RVTR598684","Lose My Breath","destiny's child","destiny's child","#1's | Destiny Fulfilled | Playlist: The Very Best Of Destiny's Child","2004","23","2004-09-25","1","AMBIGUOUS","70","multiple_albums"
"RVTR598929","Waking Up In Vegas","katy perry","katy perry","MTV Unplugged (EP) | One Of The Boys","2008","23","2009-05-16","1","AMBIGUOUS","70","multiple_albums"
"RVTR599726","Your Smiling Face","james taylor","james taylor","Greatest Hits Volume 2 | JT","1977","17","1977-10-01","1","AMBIGUOUS","70","multiple_albums"
"RVTR599923","The World","brad paisley","brad paisley","Hits Alive | Time Well Wasted","2005","20","2006-05-06","1","AMBIGUOUS","70","multiple_albums"
"RVTR600417","Goodbye To Love","carpenters","carpenters","A Song For You | Singles: 1969-1981 | The Best Of The Carpenters: 20th Century Masters The Millennium Collection | The Singles 1969-1973 | Yesterday Once More","1972","10","1972-07-15","1","AMBIGUOUS","70","multiple_albums"
"RVTR600535","Let'S Stay Together","al green","al green","The Definitive Greatest Hits | What Makes The World Go Round?","2007","16","1971-12-04","1","AMBIGUOUS","70","multiple_albums"
"RVTR600857","Like You","bow wow","bow wow","Bow Wow: Unleashed | Wanted","2003","21","2005-08-06","1","AMBIGUOUS","70","multiple_albums"
"RVTR601072","Redneck Woman","gretchen wilson","gretchen wilson","Greatest Hits | Here For The Party","2004","20","2004-04-10","1","AMBIGUOUS","70","multiple_albums"
"RVTR601535","Your Love Is My Drug","Ke$ha","Ke$ha","Animal | I Am The Dance Commander + I Command You To Dance","2010","28","2010-01-23","1","AMBIGUOUS","70","multiple_albums"
"RVTR601662","Rocket Man","elton john","elton john","Greatest Hits | Greatest Hits, Vol. III 1979-1987 | Here And There | Rocket Man: Number Ones","1974","15","1972-05-06","1","AMBIGUOUS","70","multiple_albums"
"RVTR601667","No One","alicia keys","alicia keys","As I Am | VH1 Storytellers","2007","39","2007-09-22","1","AMBIGUOUS","70","multiple_albums"
"RVTR602342","Take This Heart Of Mine","marvin gaye","marvin gaye","Marvin Gaye Anthology | Moods Of Marvin Gaye","1966","8","1966-05-21","1","AMBIGUOUS","70","multiple_albums"
"RVTR602578","All Out Of Love","air supply","air supply","Greatest Hits | Lost In Love | Ultimate Air Supply","1980","27","1980-06-14","1","AMBIGUOUS","70","multiple_albums"
"RVTR602617","American Tune","paul simon","paul simon","Paul Simon In Concert/Live Rhymin' | Songwriter | There Goes Rhymin' Simon | This Better Be Good","1973","10","1973-12-01","1","AMBIGUOUS","70","multiple_albums"
"RVTR603054","Sleepwalk","larry carlton","larry carlton","Collection | Sleepwalk","1982","8","1982-02-27","1","AMBIGUOUS","70","multiple_albums"
"RVTR603118","Rhythm Divine","enrique iglesias","enrique iglesias","Enrique | Greatest Hits","1999","17","1999-12-04","1","AMBIGUOUS","70","multiple_albums"
"RVTR603360","Bring It On Home To Me","sam cooke","sam cooke","Portrait Of A Legend: 1951-1964 | Sam Cooke Live At The Harlem Square Club","1985","11","1962-06-23","1","AMBIGUOUS","70","multiple_albums"
"RVTR604727","To Love Somebody","bee gees","bee gees","Bee Gees' 1st | Best Of Bee Gees | Here At Last...Bee Gees...Live | One Night Only | Their Greatest Hits--The Record | Timeless: The All-Time Greatest Hits","1967","9","1967-07-15","1","AMBIGUOUS","70","multiple_albums"
"RVTR604839","Never Been To Spain","three dog night","three dog night","Around The World With Three Dog Night | Harmony | Joy To The World-Their Greatest Hits | The Best Of Three Dog Night: 20th Century Masters...","1971","12","1971-12-25","1","AMBIGUOUS","70","multiple_albums"
"RVTR604902","Lonely Nights","bryan adams","bryan adams","Anthology | You Want It, You Got It","1982","2","1982-03-13","1","AMBIGUOUS","70","multiple_albums"
"RVTR604921","Under Pressure","queen","queen","Bohemian Rhapsody (Soundtrack) | Greatest Hits | Live At Wembley","1981","16","1981-11-07","1","AMBIGUOUS","70","multiple_albums"
"RVTR605006","Everywhere","fleetwood mac","fleetwood mac","Opus Collection | Tango In The Night | The Dance | The Very Best Of Fleetwood Mac","1987","18","1987-11-28","1","AMBIGUOUS","70","multiple_albums"
"RVTR605042","Family Affair","mary j. blige","mary j. blige","No More Drama | No More Drama (2002) | Reflections (A Retrospective)","2001","41","2001-07-28","1","AMBIGUOUS","70","multiple_albums"
"RVTR605404","People Are People","depeche mode","depeche mode","People Are People | Some Great Reward | The Singles 81>85","1984","18","1985-05-25","1","AMBIGUOUS","70","multiple_albums"
"RVTR605453","We Can Last Forever","chicago","chicago","Chicago 19 | The Very Best Of Chicago: Only The Beginning","1988","12","1989-05-13","1","AMBIGUOUS","70","multiple_albums"
"RVTR605975","One Mic","nas","nas","From Illmatic To Stillmatic The Remixes (EP) | Greatest Hits | Stillmatic","2002","13","2002-04-20","1","AMBIGUOUS","70","multiple_albums"
"RVTR606515","I Keep Looking","sara evans","sara evans","Born To Fly | Greatest Hits","2000","19","2002-07-20","1","AMBIGUOUS","70","multiple_albums"
"RVTR606735","Close To Me","The Cure","The Cure","Greatest Hits | The Head On The Door","1985","3","1991-01-19","1","AMBIGUOUS","70","multiple_albums"
"RVTR607017","The Look","roxette","roxette","Look Sharp! | Tourism","1989","19","1989-02-11","1","AMBIGUOUS","70","multiple_albums"
"RVTR607115","Fabulous","jaheim","jaheim","Classic Jaheim Vol. 1 | Still Ghetto","2002","20","2002-11-16","1","AMBIGUOUS","70","multiple_albums"
"RVTR607320","You Never Can Tell","chuck berry","chuck berry","Chuck Berry's Golden Decade, Vol. 2 | Rock 'N' Roll Rarities | St. Louis To Liverpool | The Best Of Chuck Berry: 20th Century Masters The Millennium Collection","1964","9","1964-08-01","1","AMBIGUOUS","70","multiple_albums"
"RVTR607614","Cowboy","kid rock","kid rock","Devil Without A Cause | Greatest Hits: You Never Saw Coming","1999","5","1999-10-30","1","AMBIGUOUS","70","multiple_albums"
"RVTR608501","Foe Tha Love Of","bone thugs-n-harmony","bone thugs-n-harmony","Creepin On Ah Come Up (EP) | The Collection: Volume One","1994","14","1995-02-25","1","AMBIGUOUS","70","multiple_albums"
"RVTR608902","Meadows","joe walsh","joe walsh","The Best Of Joe Walsh | The Smoker You Drink, The Player You Get | You Can't Argue With A Sick Mind","1973","4","1974-01-12","1","AMBIGUOUS","70","multiple_albums"
"RVTR610658","Mine Would Be You","blake shelton","blake shelton","Based On A True Story ... | Reloaded: 20 #1 Hits","2013","20","2013-08-17","1","AMBIGUOUS","70","multiple_albums"
"RVTR611014","You May Be Right","billy joel","billy joel","2000 Years -- The Millennium Concert | A Matter Of Trust: The Bridge to Russia: The Concert | Glass Houses | The Hits","1980","15","1980-03-15","1","AMBIGUOUS","70","multiple_albums"
"RVTR611037","One Sweet Day","mariah carey","mariah carey","# 1's | #1 To Infinity | Daydream | The Ballads","1995","27","1995-12-02","1","AMBIGUOUS","70","multiple_albums"
"RVTR611151","You Mean The World To Me","toni braxton","toni braxton","Toni Braxton | Ultimate Toni Braxton","1993","31","1994-04-02","1","AMBIGUOUS","70","multiple_albums"
"RVTR611164","It Feels So Right","elvis presley","elvis presley","A Valentine Gift For You | Elvis Is Back!","1985","6","1965-06-19","1","AMBIGUOUS","70","multiple_albums"
"RVTR611181","I Need You","The Impressions","The Impressions","Ridin' High | The Impressions Greatest Hits","1965","7","1965-08-14","1","AMBIGUOUS","70","multiple_albums"
"RVTR611186","The Closer You Get","alabama","alabama","Greatest Hits Vol. 2 | In The Mood: The Love Songs | The American Farewell Tour | The Closer You Get","1983","11","1983-05-07","1","AMBIGUOUS","70","multiple_albums"
"RVTR611913","The Shoop Shoop Song It'S In His Kiss","cher","cher","If I Could Turn Back Time -- Cher's Greatest Hits | The Very Best Of Cher","1999","16","1990-11-24","1","AMBIGUOUS","70","multiple_albums"
"RVTR612076","Talking In Your Sleep","crystal gayle","crystal gayle","Classic Crystal | When I Dream","1978","18","1978-07-29","1","AMBIGUOUS","70","multiple_albums"
"RVTR612534","Almost Over You","sheena easton","sheena easton","Best Kept Secret | Sheena Easton","1981","20","1983-12-10","1","AMBIGUOUS","70","multiple_albums"
"RVTR613242","Love Hangover","diana ross","diana ross","Diamond Diana: The Legacy Collection | Diana Ross Anthology | Diana Ross' Greatest Hits | Ross (II)","1976","18","1976-04-03","1","AMBIGUOUS","70","multiple_albums"
"RVTR613646","That'D Be Alright","alan jackson","alan jackson","16 Biggest Hits | Drive","2002","20","2003-02-08","1","AMBIGUOUS","70","multiple_albums"
"RVTR613828","Telephone Line","electric light orchestra","electric light orchestra","A New World Record | ELO's Greatest Hits | Mr. Blue Sky: The Very Best Of Electric Light Orchestra","1976","23","1977-06-11","1","AMBIGUOUS","70","multiple_albums"
"RVTR614024","Every Little Step","bobby brown","bobby brown","Dance!...Ya Know It! | Don't Be Cruel","1988","21","1989-03-25","1","AMBIGUOUS","70","multiple_albums"
"RVTR614117","I Am The Walrus","The Beatles","The Beatles","Anthology 2 | Love | Magical Mystery Tour (Soundtrack) | Rarities | Reel Music | The Beatles 1967-1970","1967","4","1967-12-09","1","AMBIGUOUS","70","multiple_albums"
"RVTR614238","Back On The Chain Gang","pretenders","pretenders","Learning To Crawl | The Isle Of View | The Singles","1984","24","1982-12-11","1","AMBIGUOUS","70","multiple_albums"
"RVTR614239","Help Me Make It Through The Night","joe simon","joe simon","The Power Of Joe Simon | The Sounds Of Simon","1971","4","1971-05-15","1","AMBIGUOUS","70","multiple_albums"
"RVTR614356","Vitamin R Leading Us Along","chevelle","chevelle","Stray Arrows: A Collection Of Favorites | This Type Of Thinking (Could Do Us In)","2004","12","2004-11-20","1","AMBIGUOUS","70","multiple_albums"
"RVTR614452","Follow Your Heart","triumph","triumph","Stages | Thunder Seven","1984","2","1985-03-09","1","AMBIGUOUS","70","multiple_albums"
"RVTR615186","The Call","backstreet boys","backstreet boys","Black & Blue | The Hits -- Chapter One","2000","6","2001-02-17","1","AMBIGUOUS","70","multiple_albums"
"RVTR615267","The Word Is Out","jermaine stewart","jermaine stewart","Frantic Romantic | The Word Is Out","1985","15","1985-02-02","1","AMBIGUOUS","70","multiple_albums"
"RVTR615678","I Need To Be In Love","carpenters","carpenters","A Kind Of Hush | Love Songs | The Best Of The Carpenters: 20th Century Masters The Millennium Collection","1976","11","1976-06-12","1","AMBIGUOUS","70","multiple_albums"
"RVTR616071","Promises In The Dark","pat benatar","pat benatar","Live From Earth | Precious Time","1981","11","1981-10-03","1","AMBIGUOUS","70","multiple_albums"
"RVTR616613","James Dean","Eagles","Eagles","On The Border | The Very Best Of The Eagles","1974","5","1974-09-21","1","AMBIGUOUS","70","multiple_albums"
"RVTR616695","All I Have","jennifer lopez","jennifer lopez","Dance Again ... The Hits | This Is Me...Then","2002","21","2002-12-28","1","AMBIGUOUS","70","multiple_albums"
"RVTR616871","Uptown Girl","billy joel","billy joel","A Matter Of Trust: The Bridge to Russia: The Concert | An Innocent Man | Kohuept (Live In Leningrad)","1983","22","1983-09-24","1","AMBIGUOUS","70","multiple_albums"
"RVTR617279","Say You Love Me","fleetwood mac","fleetwood mac","Fleetwood Mac | The Dance","1975","19","1976-07-03","1","AMBIGUOUS","70","multiple_albums"
"RVTR617321","I Was Made To Love Her","stevie wonder","stevie wonder","Greatest Hits | I Was Made To Love Her | Number 1's | The Definitive Collection","1967","15","1967-06-10","1","AMBIGUOUS","70","multiple_albums"
"RVTR617549","Ready","cat stevens","cat stevens","Buddha And The Chocolate Box | Cat Stevens Greatest Hits","1974","10","1974-12-07","1","AMBIGUOUS","70","multiple_albums"
"RVTR618053","She Works Hard For The Money","donna summer","donna summer","Donna Summer | She Works Hard For The Money | VH1 Presents Live & More Encore!","1982","21","1983-05-28","1","AMBIGUOUS","70","multiple_albums"
"RVTR618262","Spend My Life","slaughter","slaughter","Stick It Live | Stick It To Ya","1990","13","1990-12-22","1","AMBIGUOUS","70","multiple_albums"
"RVTR618464","Here For The Party","gretchen wilson","gretchen wilson","Greatest Hits | Here For The Party","2004","17","2004-08-07","1","AMBIGUOUS","70","multiple_albums"
"RVTR618671","Jennifer Juniper","donovan","donovan","Donovan's Greatest Hits | The Hurdy Gurdy Man","1968","9","1968-03-09","1","AMBIGUOUS","70","multiple_albums"
"RVTR618827","Devil Inside","inxs","inxs","Kick | The Greatest Hits","1987","17","1988-02-13","1","AMBIGUOUS","70","multiple_albums"
"RVTR618832","Straight Up","paula abdul","paula abdul","Forever Your Girl | Shut Up And Dance","1988","25","1988-12-03","1","AMBIGUOUS","70","multiple_albums"
"RVTR619103","Original Sin","inxs","inxs","Dekadance | The Best Of INXS | The Greatest Hits | The Swing","1983","7","1984-04-28","1","AMBIGUOUS","70","multiple_albums"
"RVTR620004","Coming Out Of The Dark","gloria estefan","gloria estefan","gloria! | Greatest Hits","1992","19","1991-01-26","1","AMBIGUOUS","70","multiple_albums"
"RVTR620090","Stars","simply red","simply red","Greatest Hits | Stars","1991","14","1992-01-25","1","AMBIGUOUS","70","multiple_albums"
"RVTR620162","Brand New Key","melanie","melanie","Gather Me | Melanie At Carnegie Hall","1971","18","1971-10-30","1","AMBIGUOUS","70","multiple_albums"
"RVTR620286","The Space Between","dave matthews band","dave matthews band","Everyday | The Best Of What's Around: Vol. 01 | The Gorge","2001","23","2001-05-19","1","AMBIGUOUS","70","multiple_albums"
"RVTR620606","Stay","jodeci","jodeci","Back To The Future: The Very Best Of Jodeci | Forever My Lady","1991","18","1992-01-04","1","AMBIGUOUS","70","multiple_albums"
"RVTR620622","Eagles Fly","sammy hagar","sammy hagar","I Never Said Goodbye | The Essential Red Collection | Unboxed","1987","13","1987-10-24","1","AMBIGUOUS","70","multiple_albums"
"RVTR621286","Unskinny Bop","poison","poison","Flesh And Blood | Swallow This Live | The Best Of Poison: 20 Years Of Rock","1990","19","1990-07-07","1","AMBIGUOUS","70","multiple_albums"
"RVTR621337","Cater 2 U","destiny's child","destiny's child","Destiny Fulfilled | Love Songs","2004","24","2005-04-30","1","AMBIGUOUS","70","multiple_albums"
"RVTR621647","Long Legged Girl With The Short Dress On","elvis presley","elvis presley","Almost In Love | Double Trouble | Love, Elvis","1967","5","1967-05-20","1","AMBIGUOUS","70","multiple_albums"
"RVTR621975","Take This Heart","richard marx","richard marx","Greatest Hits | Rush Street","1991","20","1992-06-13","1","AMBIGUOUS","70","multiple_albums"
"RVTR622129","Everything","michael buble","michael buble","Call Me Irresponsible | Michael Buble Meets Madison Square Garden","2007","20","2007-04-07","1","AMBIGUOUS","70","multiple_albums"
"RVTR622361","Oh Girl","The Chi-lites","The Chi-lites","A Lonely Man | Chi-Lites | Me And You | The Chi-Lites Greatest Hits","1972","15","1972-04-08","1","AMBIGUOUS","70","multiple_albums"
"RVTR622529","Handy Man","james taylor","james taylor","Greatest Hits Volume 2 | JT","1977","20","1977-06-18","1","AMBIGUOUS","70","multiple_albums"
"RVTR622541","Touch A Four Leaf Clover","atlantic starr","atlantic starr","Atlantic Starr | Yours Forever","1978","7","1983-12-10","1","AMBIGUOUS","70","multiple_albums"
"RVTR622697","That Should Be Me","justin bieber","justin bieber","My World 2.0 | My Worlds Acoustic","2010","1","2010-04-10","1","AMBIGUOUS","70","multiple_albums"
"RVTR622710","The Gambler","kenny rogers","kenny rogers","21 Number Ones | Greatest Hits | Kenny Rogers' Greatest Hits | The Gambler","1971","22","1978-11-04","1","AMBIGUOUS","70","multiple_albums"
"RVTR622743","Saint Of Me","The Rolling Stones","The Rolling Stones","Bridges To Babylon | From The Vault: Hampton Coliseum (Live In 1981) | No Security","1997","4","1998-03-07","1","AMBIGUOUS","70","multiple_albums"
"RVTR623460","Sunday Morning","maroon 5","maroon 5","1.22.03.Acoustic (EP) | Live From Le Cabaret: In Montreal, Quebec | Songs About Jane","2003","20","2005-01-08","1","AMBIGUOUS","70","multiple_albums"
"RVTR623635","I Heard It Through The Grapevine","creedence clearwater revival","creedence clearwater revival","Cosmo's Factory | Creedence Gold | Opus Collection","1970","8","1976-01-31","1","AMBIGUOUS","70","multiple_albums"
"RVTR623853","I Don'T Care","fall out boy","fall out boy","Believers Never Die: Greatest Hits | Folie A Deux","2009","20","2008-09-27","1","AMBIGUOUS","70","multiple_albums"
"RVTR624504","Play On Love","jefferson starship","jefferson starship","Gold | Red Octopus","1975","6","1975-12-13","1","AMBIGUOUS","70","multiple_albums"
"RVTR625691","Elected","alice cooper","alice cooper","Alice Cooper's Greatest Hits | Billion Dollar Babies","1973","8","1972-10-07","1","AMBIGUOUS","70","multiple_albums"
"RVTR625732","Promised Land","chuck berry","chuck berry","Rock 'N' Roll Rarities | St. Louis To Liverpool","1964","7","1964-12-12","1","AMBIGUOUS","70","multiple_albums"
"RVTR626282","The Last Thing On My Mind","neil diamond","neil diamond","Rainbow | Stones","1971","6","1973-08-25","1","AMBIGUOUS","70","multiple_albums"
"RVTR626706","Mecca","gene pitney","gene pitney","Gene Pitney's Big Sixteen | Looking Through The Eyes Of Love","1964","11","1963-03-23","1","AMBIGUOUS","70","multiple_albums"
"RVTR626794","Beauty Is Only Skin Deep","The Temptations","The Temptations","My Girl: The Very Best Of The Temptations | Temptations Live! | The Temptations Greatest Hits","1966","12","1966-08-20","1","AMBIGUOUS","70","multiple_albums"
"RVTR627062","Try A Little Kindness","glen campbell","glen campbell","Glen Campbell's Greatest Hits | Live At The Royal Festival Hall | Try A Little Kindness","1970","11","1969-10-11","1","AMBIGUOUS","70","multiple_albums"
"RVTR627341","Love Me Do","The Beatles","The Beatles","1 | 20 Greatest Hits | Early Beatles | Introducing...The Beatles | Past Masters | Please Please Me | Rarities | The Beatles 1962-1966 | The Beatles In Mono | The Capitol Albums Vol. 2","1964","14","1964-04-11","1","AMBIGUOUS","70","multiple_albums"
"RVTR627523","Lovin' Things","The Grass Roots","The Grass Roots","Lovin' Things | More Golden Grass","1969","7","1969-02-15","1","AMBIGUOUS","70","multiple_albums"
"RVTR627565","Coming Around Again","carly simon","carly simon","Coming Around Again | Never Been Gone | Reflections: Carly Simon's Greatest Hits","1987","17","1986-11-01","1","AMBIGUOUS","70","multiple_albums"
"RVTR627583","Without You","motley crue","motley crue","Live: Entertainment Or Death | Motley Crue","1994","17","1990-02-24","1","AMBIGUOUS","70","multiple_albums"
"RVTR627924","More Than A Woman","tavares","tavares","Best Of Tavares | Future Bound","1977","21","1977-11-19","1","AMBIGUOUS","70","multiple_albums"
"RVTR627937","A View To A Kill","duran duran","duran duran","Decade | Greatest","1989","17","1985-05-18","1","AMBIGUOUS","70","multiple_albums"
"RVTR628016","Atomic","blondie","blondie","Blondie 4(0)-Ever: Greatest Hits Deluxe Redux / Ghosts Of Download | Eat To The Beat","1979","9","1980-05-17","1","AMBIGUOUS","70","multiple_albums"
"RVTR628058","The Feeling Is Right","clarence carter","clarence carter","Testifyin' | The Best Of Clarence Carter","1969","6","1969-06-21","1","AMBIGUOUS","70","multiple_albums"
"RVTR628086","Doctor Doctor","thompson twins","thompson twins","Into The Gap | Thompson Twins Greatest Mixes","1984","16","1984-05-26","1","AMBIGUOUS","70","multiple_albums"
"RVTR628231","Once In A Lifetime","keith urban","keith urban","Greatest Hits | Love, Pain & The Whole Crazy Thing","2006","14","2006-09-16","1","AMBIGUOUS","70","multiple_albums"
"RVTR628338","The Jean Genie","david bowie","david bowie","A New Career In A New Town (1977 - 1982) | Aladdin Sane | Changesbowie | Stage | The Platinum Collection","1973","5","1972-11-25","1","AMBIGUOUS","70","multiple_albums"
"RVTR628358","Stand Back","stevie nicks","stevie nicks","The Enchanted Works Of Stevie Nicks | The Wild Heart | Timespace: Best Of Stevie Nicks","1983","19","1983-06-04","1","AMBIGUOUS","70","multiple_albums"
"RVTR628521","You And I","rick james","rick james","Come Get It | Reflections","1978","17","1978-07-01","1","AMBIGUOUS","70","multiple_albums"
"RVTR629030","Culo","pitbull","pitbull","M.I.A.M.I. (Money Is A Major Issue) | Original Hits","2004","20","2004-04-24","1","AMBIGUOUS","70","multiple_albums"
"RVTR629443","Bad Girl","The Miracles","The Miracles","1957-1972 | Greatest Hits From The Beginning | Greatest Hits, Vol. 2","1965","2","1959-10-03","1","AMBIGUOUS","70","multiple_albums"
"RVTR629988","Lovely One","The Jacksons","The Jacksons","Jacksons Live | Triumph","1980","18","1980-09-27","1","AMBIGUOUS","70","multiple_albums"
"RVTR630123","Silhouette","kenny g","kenny g","Kenny G Greatest Hits | Live | Ultimate Kenny G","1989","17","1988-10-29","1","AMBIGUOUS","70","multiple_albums"
"RVTR630615","Go West","village people","village people","Go West | Village People","1977","9","1979-05-26","1","AMBIGUOUS","70","multiple_albums"
"RVTR630810","We All Sleep Alone","cher","cher","Believe | Cher | If I Could Turn Back Time -- Cher's Greatest Hits","1966","15","1988-04-09","1","AMBIGUOUS","70","multiple_albums"
"RVTR630898","Shout It Out Loud","kiss","kiss","Destroyer | KISS 40 | Kiss Alive! 1975 - 2000 | Symphony: Alive IV | The Very Best Of Kiss | You Wanted The Best, You Got The Best!","1976","15","1976-03-20","1","AMBIGUOUS","70","multiple_albums"
"RVTR631050","Lonely Tonight","blake shelton","blake shelton","BRINGING BACK THE SUNSHINE | Reloaded: 20 #1 Hits","2014","17","2014-12-20","1","AMBIGUOUS","70","multiple_albums"
"RVTR631679","Summer Wine","nancy sinatra","nancy sinatra","Nancy In London | Nancy's Greatest Hits","1966","9","1967-03-04","1","AMBIGUOUS","70","multiple_albums"
"RVTR632146","The Ghost Of You","my chemical romance","my chemical romance","May Death Never Stop You: The Greatest Hits 2001-2013 | Three Cheers For Sweet Revenge","2004","1","2006-01-14","1","AMBIGUOUS","70","multiple_albums"
"RVTR632221","Baby I Love You","aretha franklin","aretha franklin","Aretha's Greatest Hits | The Atlantic Singles Collection 1967-1970 | The Very Best Of Aretha Franklin, The '60s","1971","11","1967-07-22","1","AMBIGUOUS","70","multiple_albums"
"RVTR632374","Eat It","""weird al"" yankovic","""weird al"" yankovic","""Weird Al"" Yankovic In 3-D | The Essential ""Weird Al"" Yankovic","1984","12","1984-03-10","1","AMBIGUOUS","70","multiple_albums"
"RVTR632529","Whiskey Girl","toby keith","toby keith","Shock'n Y'All | Toby Keith","1993","20","2004-05-01","1","AMBIGUOUS","70","multiple_albums"
"RVTR632602","One Boy One Girl","collin raye","collin raye","I Think About You | The Best Of Collin Raye -- Direct Hits","1995","7","1995-09-16","1","AMBIGUOUS","70","multiple_albums"
"RVTR632805","Tell Mama","etta james","etta james","Her Best | Tell Mama","1968","14","1967-11-11","1","AMBIGUOUS","70","multiple_albums"
"RVTR633232","Bad Times","tavares","tavares","Best Of Tavares | Supercharged","1977","10","1980-01-05","1","AMBIGUOUS","70","multiple_albums"
"RVTR633476","Kodachrome","paul simon","paul simon","Negotiations And Love Songs (1971-1986) | Paul Simon In Concert/Live Rhymin' | Paul Simon's Concert In The Park | Songwriter | The Essential Paul Simon | The Paul Simon Collection: On My Way, Don't Know Where I'm Goin' | There Goes Rhymin' Simon | This Better Be Good","1973","14","1973-05-19","1","AMBIGUOUS","70","multiple_albums"
"RVTR633504","Mississippi Cotton Picking Delta Town","charley pride","charley pride","Charley Pride: In Person | The Best Of Charley Pride, Vol. III","1969","4","1974-11-16","1","AMBIGUOUS","70","multiple_albums"
"RVTR633511","I Want Action","poison","poison","10 Great Songs | Look What The Cat Dragged In | Swallow This Live","1986","10","1987-06-13","1","AMBIGUOUS","70","multiple_albums"
"RVTR633526","Greenback Dollar","The Kingston Trio","The Kingston Trio","New Frontier | Sing A Song with The Kingston Trio","1963","11","1963-01-26","1","AMBIGUOUS","70","multiple_albums"
"RVTR633797","Mr Blue Sky","electric light orchestra","electric light orchestra","All Over The World: The Very Best Of Electric Light Orchestra | Mr. Blue Sky: The Very Best Of Electric Light Orchestra","2012","12","1978-06-24","1","AMBIGUOUS","70","multiple_albums"
"RVTR634355","Spirit In The Dark","aretha franklin","aretha franklin","Aretha: Live At Fillmore West | Spirit In The Dark","1970","8","1970-05-23","1","AMBIGUOUS","70","multiple_albums"
"RVTR634764","Reason To Live","kiss","kiss","Crazy Nights | Smashes, Thrashes & Hits","1987","12","1987-12-05","1","AMBIGUOUS","70","multiple_albums"
"RVTR634849","Ain'T No Mountain High Enough","diana ross","diana ross","Diana Ross Anthology | Diana Ross Live At Caesars Palace","1974","14","1970-08-08","1","AMBIGUOUS","70","multiple_albums"
"RVTR635968","Too Late","journey","journey","Captured | Evolution","1979","4","1980-01-12","1","AMBIGUOUS","70","multiple_albums"
"RVTR636044","Without Your Love","roger daltrey","roger daltrey","Best Bits | McVicar","1980","19","1980-09-13","1","AMBIGUOUS","70","multiple_albums"
"RVTR636399","Good Ride Cowboy","garth brooks","garth brooks","Blame It All On My Roots: Five Decades Of Influences | The Ultimate Hits","2007","14","2005-10-22","1","AMBIGUOUS","70","multiple_albums"
"RVTR636724","Tie Your Mother Down","queen","queen","A Day At The Races | Classic Queen | Live At Wembley | Stone Cold Classics","1977","6","1977-03-19","1","AMBIGUOUS","70","multiple_albums"
"RVTR636937","Ocean Avenue","yellowcard","yellowcard","Ocean Avenue | Ocean Avenue Acoustic | Yellowcard","2003","20","2004-05-15","1","AMBIGUOUS","70","multiple_albums"
"RVTR637736","Born To Wander","rare earth","rare earth","Ecology | Rare Earth | Rare Earth In Concert","1970","11","1970-12-12","1","AMBIGUOUS","70","multiple_albums"
"RVTR637823","Send Me On My Way","rusted root","rusted root","Rusted Root | When I Woke","1994","7","1995-09-02","1","AMBIGUOUS","70","multiple_albums"
"RVTR637924","Born To Lose","ray charles","ray charles","Country & Western Meets Rhythm & Blues | Modern Sounds In Country And Western Music","1963","9","1962-05-12","1","AMBIGUOUS","70","multiple_albums"
"RVTR637958","Everything Is Beautiful","ray stevens","ray stevens","Everything Is Beautiful | Ray Stevens' Greatest Hits | The Very Best Of Ray Stevens","1970","15","1970-04-04","1","AMBIGUOUS","70","multiple_albums"
"RVTR638163","I Melt","rascal flatts","rascal flatts","Greatest Hits Volume 1 | Melt","2002","20","2003-08-23","1","AMBIGUOUS","70","multiple_albums"
"RVTR638420","Human Nature","michael jackson","michael jackson","Michael Jackson's This Is It (Soundtrack) | Thriller","1982","14","1983-07-23","1","AMBIGUOUS","70","multiple_albums"
"RVTR639068","Real Love","mary j. blige","mary j. blige","Reflections (A Retrospective) | The Tour | What's The 411? | What's The 411? Remix","1992","31","1992-08-29","1","AMBIGUOUS","70","multiple_albums"
"RVTR639077","Stuck On You","elvis presley","elvis presley","Elvis | Golden Records Vol. 3","1963","16","1960-04-02","1","AMBIGUOUS","70","multiple_albums"
"RVTR639167","Just Breathe","pearl jam","pearl jam","Backspacer | Pearl Jam Twenty (Soundtrack)","2009","14","2010-01-30","1","AMBIGUOUS","70","multiple_albums"
"RVTR639296","Like My Mother Does","lauren alaina","lauren alaina","American Idol Season 10: Lauren Alaina | Wildflower","2011","2","2011-06-11","1","AMBIGUOUS","70","multiple_albums"
"RVTR639408","This Could Be The Night","loverboy","loverboy","Big Ones | Lovin' Every Minute Of It","1985","18","1986-01-18","1","AMBIGUOUS","70","multiple_albums"
"RVTR639413","Spanish Harlem","aretha franklin","aretha franklin","Aretha's Best | Aretha's Greatest Hits | Ten Years Of Gold","1971","12","1971-07-31","1","AMBIGUOUS","70","multiple_albums"
"RVTR640534","Animal Zoo","spirit","spirit","The Best Of Spirit | Twelve Dreams Of Dr. Sardonicus","1970","1","1970-09-12","1","AMBIGUOUS","70","multiple_albums"
"RVTR640596","With Pen In Hand","vikki carr","vikki carr","For Once In My Life | Vikki!","1968","13","1969-05-03","1","AMBIGUOUS","70","multiple_albums"
"RVTR640947","King For A Day","thompson twins","thompson twins","Here's To Future Days | Thompson Twins Greatest Mixes","1985","16","1986-01-18","1","AMBIGUOUS","70","multiple_albums"
"RVTR640989","White Room","cream","cream","Best Of Cream | Heavy Cream | Wheels Of Fire","1968","11","1968-10-05","1","AMBIGUOUS","70","multiple_albums"
"RVTR641405","You Don'T Own Me","lesley gore","lesley gore","Lesley Gore Sings Of Mixed-Up Hearts | The Golden Hits Of Lesley Gore","1964","13","1963-12-28","1","AMBIGUOUS","70","multiple_albums"
"RVTR641768","Little Bitty","alan jackson","alan jackson","Everything I Love | Greatest Hits Volume II","1996","10","1996-11-16","1","AMBIGUOUS","70","multiple_albums"
"RVTR641800","For A Little While","tim mcgraw","tim mcgraw","Everywhere | Greatest Hits: Limited Edition","1997","15","1998-12-05","1","AMBIGUOUS","70","multiple_albums"
"RVTR641815","She'S Just My Style","gary lewis and the playboys","gary lewis and the playboys","(You Don't Have To) Paint Me A Picture | She's Just My Style","1966","12","1965-12-11","1","AMBIGUOUS","70","multiple_albums"
"RVTR641897","Dog Eat Dog","ted nugent","ted nugent","Free For All | Great Gonzos!: The Best Of Ted Nugent","1976","2","1976-11-27","1","AMBIGUOUS","70","multiple_albums"
"RVTR642907","He","The Righteous Brothers","The Righteous Brothers","Soul & Inspiration | The Very Best Of/Unchained Melody","1966","8","1966-06-04","1","AMBIGUOUS","70","multiple_albums"
"RVTR642987","As Tears Go By","marianne faithfull","marianne faithfull","Blazing Away | Marianne Faithfull | Marianne Faithfull's Greatest Hits","1965","9","1964-11-28","1","AMBIGUOUS","70","multiple_albums"
"RVTR643082","All I Have To Give","backstreet boys","backstreet boys","Backstreet Boys | The Hits -- Chapter One","1997","21","1999-01-30","1","AMBIGUOUS","70","multiple_albums"
"RVTR643091","Coconut","nilsson","nilsson","Greatest Hits | Nilsson Schmilsson","1971","14","1972-06-10","1","AMBIGUOUS","70","multiple_albums"
"RVTR643380","Mama","genesis","genesis","Genesis | Live: The Way We Walk Volume 1 | Platinum Collection | Turn It On Again: The Hits: The Tour Edition","1983","9","1983-10-01","1","AMBIGUOUS","70","multiple_albums"
"RVTR643514","Patches","clarence carter","clarence carter","Patches | The Best Of Clarence Carter","1970","14","1970-07-18","1","AMBIGUOUS","70","multiple_albums"
"RVTR644125","Papa'S Got A Brand New Bag","otis redding","otis redding","King & Queen | Otis Redding In Person At The Whisky A Go Go","1967","9","1968-11-30","1","AMBIGUOUS","70","multiple_albums"
"RVTR644545","Stupid Boy","keith urban","keith urban","Greatest Hits | Love, Pain & The Whole Crazy Thing","2006","20","2006-12-23","1","AMBIGUOUS","70","multiple_albums"
"RVTR644592","Bad Bad Leroy Brown","jim croce","jim croce","Bad, Bad Leroy Brown & Other Favorites | Life And Times | Photographs & Memories/His Greatest Hits","1973","22","1973-04-21","1","AMBIGUOUS","70","multiple_albums"
"RVTR644778","Heaven'S What I Feel","gloria estefan","gloria estefan","gloria! | Greatest Hits Vol. II","1998","20","1998-05-23","1","AMBIGUOUS","70","multiple_albums"
"RVTR645773","Fascination Street","The Cure","The Cure","Disintegration | Galore: The Singles 1987-1997","1989","11","1989-05-13","1","AMBIGUOUS","70","multiple_albums"
"RVTR646248","Pretty In Pink","psychedelic furs","psychedelic furs","All Of This And Nothing | Talk Talk Talk","1981","11","1986-04-12","1","AMBIGUOUS","70","multiple_albums"
"RVTR646374","Twisted Transistor","korn","korn","MTV Unplugged | See You On The Other Side","2005","11","2005-10-15","1","AMBIGUOUS","70","multiple_albums"
"RVTR646421","It Ain'T Enough","corey hart","corey hart","Boy In The Box | First Offense","1984","19","1984-09-29","1","AMBIGUOUS","70","multiple_albums"
"RVTR646559","Fashion","david bowie","david bowie","Best Of Bowie | ChangesTwoBowie | Golden Years | Scary Monsters","1980","9","1980-12-06","1","AMBIGUOUS","70","multiple_albums"
"RVTR646711","Twisted","keith sweat","keith sweat","Keith Sweat | Keith Sweat Live | The Best Of Keith Sweat: Make You Sweat","1996","38","1996-06-22","1","AMBIGUOUS","70","multiple_albums"
"RVTR646945","Pink Houses","john mellencamp","john mellencamp","The Best That I Could Do 1978 - 1988 | Uh Huh | Words & Music: John Mellencamp's Greatest Hits","1983","16","1983-12-10","1","AMBIGUOUS","70","multiple_albums"
"RVTR647105","I Love You Because","al martino","al martino","I Love You Because | The Best Of Al Martino","1963","16","1963-04-06","1","AMBIGUOUS","70","multiple_albums"
"RVTR647705","Drive","The Cars","The Cars","Greatest Hits | Heartbeat City | The Complete Greatest Hits","1984","19","1984-08-04","1","AMBIGUOUS","70","multiple_albums"
"RVTR647856","Stars","switchfoot","switchfoot","Nothing Is Sound | The Best Yet","2005","5","2005-10-01","1","AMBIGUOUS","70","multiple_albums"
"RVTR648022","Tell Me Why","bobby vinton","bobby vinton","16 Most Requested Songs | Bobby Vinton's All-Time Greatest Hits | Tell Me Why | Vinton","1964","8","1964-05-23","1","AMBIGUOUS","70","multiple_albums"
"RVTR649127","More Than That","backstreet boys","backstreet boys","Black & Blue | The Hits -- Chapter One","2000","20","2001-05-26","1","AMBIGUOUS","70","multiple_albums"
"RVTR649453","Indian Outlaw","tim mcgraw","tim mcgraw","35 Biggest Hits | Greatest Hits: Limited Edition | Not A Moment Too Soon","1994","20","1994-03-05","1","AMBIGUOUS","70","multiple_albums"
"RVTR649638","Cafe Amore","spyro gyra","spyro gyra","Carnaval | Spyro Gyra","1978","5","1981-02-07","1","AMBIGUOUS","70","multiple_albums"
"RVTR649647","Never Too Much","luther vandross","luther vandross","Luther Vandross Live: Radio City Music Hall 2003 | Never Too Much | The Best Of Luther Vandross: The Best Of Love | The Essential Luther Vandross | The Ultimate Luther Vandross","1981","15","1981-10-10","1","AMBIGUOUS","70","multiple_albums"
"RVTR649823","Just My Imagination Running Away With Me","The Temptations","The Temptations","25th Anniversary | Sky's The Limit","1971","15","1971-02-06","1","AMBIGUOUS","70","multiple_albums"
"RVTR649939","Twist And Shout","The Beatles","The Beatles","Live At The Hollywood Bowl | On Air: Live At The BBC Volume 2 | The Beatles At The Hollywood Bowl | The Capitol Albums Vol. 2","1977","26","1964-03-14","1","AMBIGUOUS","70","multiple_albums"
"RVTR649967","I Got A Line On You","spirit","spirit","The Best Of Spirit | The Family That Plays Together","1969","12","1969-01-18","1","AMBIGUOUS","70","multiple_albums"
"RVTR650080","Breakfast In America","supertramp","supertramp","Breakfast In America | Paris","1979","8","1980-12-13","1","AMBIGUOUS","70","multiple_albums"
"RVTR650327","Rock Me Baby","david cassidy","david cassidy","David Cassidy | Rock Me Baby | Then And Now","1972","8","1972-09-09","1","AMBIGUOUS","70","multiple_albums"
"RVTR650398","Regret","new order","new order","(The Best) Of New Order | Republic","1993","19","1993-05-01","1","AMBIGUOUS","70","multiple_albums"
"RVTR650399","Your Love Is King","sade","sade","Diamond Life | The Best Of Sade | The Ultimate Collection","1985","11","1985-06-22","1","AMBIGUOUS","70","multiple_albums"
"RVTR650470","All The Way Home","tamar braxton","tamar braxton","Love And War | Tamar","2000","1","2013-12-21","1","AMBIGUOUS","70","multiple_albums"
"RVTR650699","Miss Sun","boz scaggs","boz scaggs","Hits | My Time","1972","17","1980-11-29","1","AMBIGUOUS","70","multiple_albums"
"RVTR651019","Money","pink floyd","pink floyd","A Collection Of Great Dance Songs | A Foot In The Door: The Best Of Pink Floyd | Echoes: The Best Of Pink Floyd | The Dark Side Of The Moon","1973","15","1973-05-19","1","AMBIGUOUS","70","multiple_albums"
"RVTR651036","A World Without Heroes","kiss","kiss","KISS 40 | MTV Unplugged","1996","9","1981-12-12","1","AMBIGUOUS","70","multiple_albums"
"RVTR651320","No One Like You","scorpions","scorpions","Bad For Good: The Very Best Of Scorpions | Blackout | Comeblack | The Best Of Scorpions: 20th Century Masters The Millennium Collection","1982","7","1982-06-19","1","AMBIGUOUS","70","multiple_albums"
"RVTR651424","People Are Strange","The Doors","The Doors","13 | Best Of The Doors | Greatest Hits | Strange Days | The Future Starts Here: The Essential Doors Hits | The Singles | The Very Best Of The Doors","1967","9","1967-09-23","1","AMBIGUOUS","70","multiple_albums"
"RVTR651466","Two Hearts","phil collins","phil collins","...Hits | Love Songs: A Compilation... Old And New | The Singles","1998","18","1988-11-19","1","AMBIGUOUS","70","multiple_albums"
"RVTR651487","What Kind Of Fool","barbra streisand","barbra streisand","A Collection: Greatest Hits...And More | Duets | Guilty | One Voice | Partners","1980","16","1981-01-31","1","AMBIGUOUS","70","multiple_albums"
"RVTR651835","U Got The Look","prince","prince","Sign 'O' The Times | The Hits/The B-Sides","1987","25","1987-08-01","1","AMBIGUOUS","70","multiple_albums"
"RVTR652013","Baroque A Nova","mason williams","mason williams","The Mason Williams Ear Show | The Mason Williams Phonograph Record","1968","2","1968-10-12","1","AMBIGUOUS","70","multiple_albums"
"RVTR652090","It Feels So Good To Be Loved So Bad","The Manhattans","The Manhattans","It Feels So Good | Manhattans Greatest Hits","1977","18","1977-03-26","1","AMBIGUOUS","70","multiple_albums"
"RVTR652375","Jessica","The Allman Brothers Band","The Allman Brothers Band","2nd Set | A Decade Of Hits 1969-1979 | Play All Night: Live At The Beacon Theatre 1992 | The Best Of Allman Brothers Band: 20th Century Masters: The Millennium Coll","1981","6","1974-01-19","1","AMBIGUOUS","70","multiple_albums"
"RVTR652749","Alone","heart","heart","Bad Animals | The Road Home","1987","21","1987-05-16","1","AMBIGUOUS","70","multiple_albums"
"RVTR652807","Something Better To Do","olivia newton-john","olivia newton-john","Clearly Love | Olivia Newton-John's Greatest Hits","1975","11","1975-09-20","1","AMBIGUOUS","70","multiple_albums"
"RVTR652810","My Love","petula clark","petula clark","My Love | Petula Clark's Greatest Hits, Vol. 1","1966","13","1965-12-25","1","AMBIGUOUS","70","multiple_albums"
"RVTR652864","Let'S Get It On","marvin gaye","marvin gaye","Every Great Hit Of Marvin Gaye | Gold | Marvin Gaye Anthology | Marvin Gaye Live At The London Palladium | Marvin Gaye's Greatest Hits | Number 1's | The Very Best Of Marvin Gaye","1964","19","1973-07-14","1","AMBIGUOUS","70","multiple_albums"
"RVTR653355","Wanted Dead Or Alive","bon jovi","bon jovi","Cross Road | Greatest Hits: The Ultimate Collection | One Wild Night: Live 1985--2001 | Slippery When Wet | This Left Feels Right","1986","17","1987-04-11","1","AMBIGUOUS","70","multiple_albums"
"RVTR653496","Burning Love","elvis presley","elvis presley","Aloha From Hawaii Via Satellite | Elv1s: 30 #1 Hits | Elvis: The Very Best Of Love | The Very Best Of Love | Viva Elvis: The Album","1973","15","1972-08-19","1","AMBIGUOUS","70","multiple_albums"
"RVTR653554","Rhythm Of Love","scorpions","scorpions","Bad For Good: The Very Best Of Scorpions | Comeblack | Savage Amusement | The Best Of Scorpions: 20th Century Masters The Millennium Collection","1988","6","1988-06-04","1","AMBIGUOUS","70","multiple_albums"
"RVTR653956","Brown Sugar","The Rolling Stones","The Rolling Stones","From The Vault: Hampton Coliseum (Live In 1981) | Jump Back: The Best Of The Rolling Stones: '71-'93 | Live Licks | Made In The Shade | Sticky Fingers | Sticky Fingers: Live","1971","12","1971-05-01","1","AMBIGUOUS","70","multiple_albums"
"RVTR654301","Are You Sure Hank Done It This Way","waylon jennings","waylon jennings","Dreaming My Dreams | Honky Tonk Heroes | RCA Country Legends: Waylon Jennings | Ultimate Waylon Jennings","1973","9","1975-09-20","1","AMBIGUOUS","70","multiple_albums"
"RVTR654480","Wild Horses","The Rolling Stones","The Rolling Stones","Made In The Shade | Sticky Fingers | Sticky Fingers: Live | Stripped","1971","8","1971-06-19","1","AMBIGUOUS","70","multiple_albums"
"RVTR654587","Baby Don'T Get Hooked On Me","mac davis","mac davis","Baby Don't Get Hooked On Me | Mac Davis","1972","18","1972-07-01","1","AMBIGUOUS","70","multiple_albums"
"RVTR655219","Here Comes My Girl","tom petty and the heartbreakers","tom petty and the heartbreakers","Anthology: Through The Years | Damn The Torpedoes | Greatest Hits | The Live Anthology","1979","7","1980-04-26","1","AMBIGUOUS","70","multiple_albums"
"RVTR655672","Hurt","little anthony and the imperials","little anthony and the imperials","Goin' Out Of My Head | The Best Of Little Anthony & The Imperials","1965","6","1966-01-01","1","AMBIGUOUS","70","multiple_albums"
"RVTR655958","Show Biz Kids","steely dan","steely dan","Countdown To Ecstasy | Greatest Hits","1973","8","1973-07-28","1","AMBIGUOUS","70","multiple_albums"
"RVTR656232","A Real Mother For Ya","johnny guitar watson","johnny guitar watson","A Real Mother For Ya | Love Jones","1977","12","1977-07-09","1","AMBIGUOUS","70","multiple_albums"
"RVTR656335","Undun","The Guess Who","The Guess Who","Canned Wheat Packed by The Guess Who | Greatest Of The Guess Who | The Best Of The Guess Who, Volume II","1969","10","1969-10-18","1","AMBIGUOUS","70","multiple_albums"
"RVTR656471","Never Had A Dream Come True","stevie wonder","stevie wonder","Signed Sealed & Delivered | Stevie Wonder's Greatest Hits, Vol. 2","1970","7","1970-02-07","1","AMBIGUOUS","70","multiple_albums"
"RVTR656676","Ophelia","The Band","The Band","Northern Lights-southern Cross | The Last Waltz (Soundtrack)","1975","4","1976-03-20","1","AMBIGUOUS","70","multiple_albums"
"RVTR656942","All My Life","foo fighters","foo fighters","Greatest Hits | One By One","2002","20","2002-11-02","1","AMBIGUOUS","70","multiple_albums"
"RVTR657162","Stay","sugarland","sugarland","Enjoy The Ride | LIVE On The Inside","2006","20","2007-10-27","1","AMBIGUOUS","70","multiple_albums"
"RVTR657247","Good Lovin' Gone Bad","bad company","bad company","Live 1977 / Live 1979 | Straight Shooter","1975","8","1975-04-19","1","AMBIGUOUS","70","multiple_albums"
"RVTR657460","Remedy","seether","seether","Karma And Effect | Seether: 2002-2013","2005","6","2005-07-30","1","AMBIGUOUS","70","multiple_albums"
"RVTR657615","All I Really Want To Do","The Byrds","The Byrds","Mr. Tambourine Man | The Byrds' Greatest Hits","1965","10","1965-07-03","1","AMBIGUOUS","70","multiple_albums"
"RVTR657775","A Song For Mama","boyz ii men","boyz ii men","Evolution | The Best Of Boyz II Men: 20th Century Masters The Millennium Collection","1997","20","1997-12-13","1","AMBIGUOUS","70","multiple_albums"
"RVTR658529","Days Go By","keith urban","keith urban","Be Here | Greatest Hits","2004","20","2004-07-24","1","AMBIGUOUS","70","multiple_albums"
"RVTR658684","The Tracks Of My Tears","johnny rivers","johnny rivers","A Touch Of Gold | Rewind","1967","9","1967-06-03","1","AMBIGUOUS","70","multiple_albums"
"RVTR658725","I Wanna Be Around","tony bennett","tony bennett","I Wanna Be Around | Tony Bennett's All-Time Greatest Hits | Tony Bennett's Greatest Hits, Volume IV | Tony's Greatest Hits, Volume III | Viva Duets","1963","16","1963-01-12","1","AMBIGUOUS","70","multiple_albums"
"RVTR658831","Wish I Could Fly Like Superman","The Kinks","The Kinks","Come Dancing With The Kinks | Low Budget","1979","12","1979-04-28","1","AMBIGUOUS","70","multiple_albums"
"RVTR658851","Beautiful Girl","inxs","inxs","The Greatest Hits | Welcome To Wherever You Are","1992","12","1993-02-20","1","AMBIGUOUS","70","multiple_albums"
"RVTR659097","Message In A Bottle","The Police","The Police","Every Breath You Take-The Singles | Message In A Box: The Complete Recordings | Reggatta De Blanc","1979","7","1979-11-24","1","AMBIGUOUS","70","multiple_albums"
"RVTR659312","Rock And Roll Is Dead","lenny kravitz","lenny kravitz","Circus | Greatest Hits","1995","2","1995-10-14","1","AMBIGUOUS","70","multiple_albums"
"RVTR659523","I Wish It Would Rain","gladys knight and the pips","gladys knight and the pips","Best Of Gladys Knight & The Pips | Silk N' Soul","1969","10","1968-08-24","1","AMBIGUOUS","70","multiple_albums"
"RVTR659557","Hey Ladies","beastie boys","beastie boys","Beastie Boys Anthology: The Sounds Of Science | Paul's Boutique | Solid Gold Hits","1989","10","1989-08-05","1","AMBIGUOUS","70","multiple_albums"
"RVTR660008","Wishing You Were Here","chicago","chicago","Chicago - Greatest Hits, Volume II | Chicago IX: Chicago's Greatest Hits | The Very Best Of Chicago: Only The Beginning","1975","15","1974-10-19","1","AMBIGUOUS","70","multiple_albums"
"RVTR660027","Knee Deep","zac brown band","zac brown band","Greatest Hits So Far... | You Get What You Give","2010","20","2011-05-28","1","AMBIGUOUS","70","multiple_albums"
"RVTR660168","Every Little Thing She Does Is Magic","The Police","The Police","Every Breath You Take-The Singles | Ghost In The Machine | Message In A Box: The Complete Recordings","1981","19","1981-09-26","1","AMBIGUOUS","70","multiple_albums"
"RVTR660476","People Get Ready","The Impressions","The Impressions","People Get Ready | The Best Of The Impressions | The Impressions Greatest Hits","1965","8","1965-02-13","1","AMBIGUOUS","70","multiple_albums"
"RVTR660745","You Could Be Mine","guns n' roses","guns n' roses","Greatest Hits | Live Era '87 -- '93","1999","15","1991-07-13","1","AMBIGUOUS","70","multiple_albums"
"RVTR660836","Livin' For You","al green","al green","Livin' For You | The Definitive Greatest Hits","1973","11","1973-12-08","1","AMBIGUOUS","70","multiple_albums"
"RVTR660843","You","rita coolidge","rita coolidge","Love Me Again | Rita Coolidge","1971","12","1978-07-01","1","AMBIGUOUS","70","multiple_albums"
"RVTR660856","Kiss Of Life","sade","sade","Love Deluxe | Lovers Live | The Best Of Sade","1992","11","1993-03-20","1","AMBIGUOUS","70","multiple_albums"
"RVTR660918","I Love You","donna summer","donna summer","Live And More | On The Radio: Greatest Hits: Volumes I & II | The Journey: The Very Best Of Donna Summer","1978","11","1977-12-17","1","AMBIGUOUS","70","multiple_albums"
"RVTR661171","Have You Never Been Mellow","olivia newton-john","olivia newton-john","Have You Never Been Mellow | Magic: The Very Best Of Olivia Newton-John | Olivia Newton-John's Greatest Hits","1975","16","1975-01-25","1","AMBIGUOUS","70","multiple_albums"
"RVTR661176","Don'T Let It End","styx","styx","Caught In The Act - Live | Kilroy Was Here","1983","16","1983-04-30","1","AMBIGUOUS","70","multiple_albums"
"RVTR661188","Cotton Jenny","anne murray","anne murray","Country | Duets: Friends & Legends | Talk It Over In The Morning","1971","5","1972-04-01","1","AMBIGUOUS","70","multiple_albums"
"RVTR661281","Puppy Love","paul anka","paul anka","Anka | Paul Anka's 21 Golden Hits","1963","14","1960-02-20","1","AMBIGUOUS","70","multiple_albums"
"RVTR661442","Almost There","andy williams","andy williams","Andy Williams' Greatest Hits, Vol. 2 | Andy Williams' Newest Hits | Dear Heart","1965","5","1964-11-14","1","AMBIGUOUS","70","multiple_albums"
"RVTR661818","Every Mile A Memory","dierks bentley","dierks bentley","Greatest Hits // Every Mile A Memory 2003-2008 | Long Trip Alone","2006","16","2006-08-26","1","AMBIGUOUS","70","multiple_albums"
"RVTR662089","I Go To Extremes","billy joel","billy joel","2000 Years -- The Millennium Concert | Greatest Hits Volume III | Storm Front","1989","16","1990-01-13","1","AMBIGUOUS","70","multiple_albums"
"RVTR662113","Englishman In New York","sting","sting",". . .Nothing Like The Sun | Fields Of Gold - Best Of Sting 1984-1994 | Symphonicities","1987","4","1988-04-16","1","AMBIGUOUS","70","multiple_albums"
"RVTR662170","You Got That Right","lynyrd skynyrd","lynyrd skynyrd","One More For The Fans | Southern By The Grace Of God | Street Survivors | The Best Of Lynyrd Skynyrd: 20th Century Masters The Millennium Collection | Thyrty: 30th Anniversary Collection (Limited Edition)","1977","4","1978-04-15","1","AMBIGUOUS","70","multiple_albums"
"RVTR662216","All I Need Is Time","gladys knight and the pips","gladys knight and the pips","All I Need Is Time | Best Of Gladys Knight & The Pips","1973","7","1973-08-11","1","AMBIGUOUS","70","multiple_albums"
"RVTR662622","Never Dreamed You'D Leave In Summer","stevie wonder","stevie wonder","Stevie Wonder's Greatest Hits, Vol. 2 | Where I'm Coming From","1971","4","1971-06-19","1","AMBIGUOUS","70","multiple_albums"
"RVTR663482","Your Precious Love","marvin gaye","marvin gaye","Every Great Hit Of Marvin Gaye | Gold | Marvin Gaye And His Girls | Marvin Gaye Anthology","1969","13","1967-09-09","1","AMBIGUOUS","70","multiple_albums"
"RVTR663542","Soul Dance Number Three","wilson pickett","wilson pickett","The Best Of Wilson Pickett | The Sound Of Wilson Pickett | Wilson Pickett's Greatest Hits","1967","5","1967-06-17","1","AMBIGUOUS","70","multiple_albums"
"RVTR663858","I Had It All The Time","tyrone davis","tyrone davis","I Had It All The Time | Without You In My Life","1972","9","1972-03-25","1","AMBIGUOUS","70","multiple_albums"
"RVTR663958","You Are My Sunshine","ray charles","ray charles","Country & Western Meets Rhythm & Blues | Genius & Friends | Hit The Road, Jack","1965","12","1962-11-17","1","AMBIGUOUS","70","multiple_albums"
"RVTR664619","Dixie Rock","wet willie","wet willie","Dixie Rock | Greatest Hits","1975","2","1975-05-31","1","AMBIGUOUS","70","multiple_albums"
"RVTR664975","Jingle Jangle","The Archies","The Archies","Jingle Jangle | The Archies Greatest Hits","1970","13","1969-11-29","1","AMBIGUOUS","70","multiple_albums"
"RVTR665064","Time In A Bottle","jim croce","jim croce","Bad, Bad Leroy Brown & Other Favorites | Photographs & Memories/His Greatest Hits | Time In A Bottle/jim Croce's Greatest Love Songs | You Don't Mess Around With Jim","1972","15","1973-11-17","1","AMBIGUOUS","70","multiple_albums"
"RVTR665102","Can'T Help Falling In Love","corey hart","corey hart","Boy In The Box | Fields Of Fire","1985","14","1986-12-13","1","AMBIGUOUS","70","multiple_albums"
"RVTR665344","After The Fall","journey","journey","Frontiers | Greatest Hits 2 | Greatest Hits Live","1983","12","1983-07-09","1","AMBIGUOUS","70","multiple_albums"
"RVTR665354","Won'T Get Fooled Again","The Who","The Who","Join Together | The Kids Are Alright (Soundtrack) | The Who Then And Now!: 1964-2004","1979","13","1971-07-17","1","AMBIGUOUS","70","multiple_albums"
"RVTR665616","New World Man","rush","rush","Chronicles | Rush In Rio | Signals","1982","12","1982-09-18","1","AMBIGUOUS","70","multiple_albums"
"RVTR666292","Fairytale","The Pointer Sisters","The Pointer Sisters","Live At The Opera House | That's A Plenty | The Best Of The Pointer Sisters","1974","16","1974-10-05","1","AMBIGUOUS","70","multiple_albums"
"RVTR666344","Human Wheels","john mellencamp","john mellencamp","Human Wheels | Rough Harvest","1993","14","1993-09-18","1","AMBIGUOUS","70","multiple_albums"
"RVTR666376","Let The Music Play","barry white","barry white","Let The Music Play | The Best Of Barry White: 20th Century Masters The Millennium Collection | The Ultimate Collection","1976","9","1975-12-27","1","AMBIGUOUS","70","multiple_albums"
"RVTR667380","When Joanna Loved Me","tony bennett","tony bennett","Love Story | MTV Unplugged | The Many Moods Of Tony | Tony's Greatest Hits, Volume III","1964","5","1964-03-21","1","AMBIGUOUS","70","multiple_albums"
"RVTR667387","Respect","aretha franklin","aretha franklin","30 Greatest Hits | Aretha: Live At Fillmore West | Aretha's Best | Aretha's Gold | Aretha's Greatest Hits | I Never Loved A Man The Way I Love You | Ten Years Of Gold | The Atlantic Singles Collection 1967-1970 | The Very Best Of Aretha Franklin, The '60s","1967","12","1967-04-29","1","AMBIGUOUS","70","multiple_albums"
"RVTR667448","If I Could Turn Back Time","cher","cher","Heart Of Stone | If I Could Turn Back Time -- Cher's Greatest Hits | The Very Best Of Cher | The Very Best Of Cher: Special Edition","1989","23","1989-07-08","1","AMBIGUOUS","70","multiple_albums"
"RVTR668109","Last Dance","donna summer","donna summer","Endless Summer: Donna Summer's Greatest Hits | Greatest Hits | On The Radio: Greatest Hits: Volumes I & II | The Best Of Donna Summer: 20th Century Masters: The Millennium Collection | The Journey: The Very Best Of Donna Summer","1979","21","1978-05-13","1","AMBIGUOUS","70","multiple_albums"
"RVTR668208","Victoria","The Kinks","The Kinks","Arthur (Or The Decline And Fall Of The British Empire) | The Kink Kronikles","1969","9","1970-01-31","1","AMBIGUOUS","70","multiple_albums"
"RVTR669314","Do I Have To Say The Words","bryan adams","bryan adams","So Far So Good | Waking Up The Neighbours","1991","20","1992-08-01","1","AMBIGUOUS","70","multiple_albums"
"RVTR669346","How Much Love","leo sayer","leo sayer","Endless Flight | Leo Sayer","1976","15","1977-07-09","1","AMBIGUOUS","70","multiple_albums"
"RVTR669871","Survival Of The Fittest","mobb deep","mobb deep","The Infamous | The Infamous... Mobb Deep","1995","12","1995-06-17","1","AMBIGUOUS","70","multiple_albums"
"RVTR670247","Yearning For Your Love","The Gap Band","The Gap Band","Gap Gold | The Gap Band III","1980","7","1981-05-23","1","AMBIGUOUS","70","multiple_albums"
"RVTR670382","My All","mariah carey","mariah carey","Butterfly | The Ballads | The Remixes","1997","20","1998-05-09","1","AMBIGUOUS","70","multiple_albums"
"RVTR670476","Surrender","elvis presley","elvis presley","Girl Happy | Golden Records Vol. 3 | Playlist: The Very Best Of Elvis Presley","1963","12","1961-02-18","1","AMBIGUOUS","70","multiple_albums"
"RVTR670483","Hey Baby","no doubt","no doubt","Rock Steady | The Singles 1992-2003","2001","20","2001-12-08","1","AMBIGUOUS","70","multiple_albums"
"RVTR670573","Whatcha Say","jason derulo","jason derulo","Jason Derulo | Platinum Hits","2010","32","2009-08-29","1","AMBIGUOUS","70","multiple_albums"
"RVTR670742","Come Dancing","The Kinks","The Kinks","Come Dancing With The Kinks | State Of Confusion | The Road","1983","17","1983-05-07","1","AMBIGUOUS","70","multiple_albums"
"RVTR670961","In The Midnight Hour","wilson pickett","wilson pickett","In The Midnight Hour | The Best Of Wilson Pickett | The Best Of Wilson Pickett, Vol. II | The Exciting Wilson Pickett | Wilson Pickett's Greatest Hits","1965","12","1965-07-10","1","AMBIGUOUS","70","multiple_albums"
"RVTR671355","Stand","poison","poison","Best Of Ballads & Blues | Native Tongue","1993","10","1993-01-30","1","AMBIGUOUS","70","multiple_albums"
"RVTR671728","Peg","steely dan","steely dan","A Decade Of Steely Dan | Aja | Alive In America","1977","19","1977-11-19","1","AMBIGUOUS","70","multiple_albums"
"RVTR671918","I Love How You Love Me","bobby vinton","bobby vinton","Bobby Vinton's Greatest Hits Of Love | I Love How You Love Me | Vinton","1969","14","1968-11-02","1","AMBIGUOUS","70","multiple_albums"
"RVTR671930","Positively 4Th Street","bob dylan","bob dylan","The Essential Bob Dylan | The Essential Bob Dylan (2014)","2000","9","1965-10-02","1","AMBIGUOUS","70","multiple_albums"
"RVTR672056","I Wanna Be Your Lover","prince","prince","4Ever | Prince | The Hits 2 | The Hits/The B-Sides | Ultimate","1979","16","1979-11-24","1","AMBIGUOUS","70","multiple_albums"
"RVTR672419","Sad Songs Say So Much","elton john","elton john","Breaking Hearts | Greatest Hits, Vol. III 1979-1987","1984","19","1984-06-09","1","AMBIGUOUS","70","multiple_albums"
"RVTR672475","I Like Your Lovin' Do You Like Mine","The Chi-lites","The Chi-lites","Chi-Lites | The Chi-Lites Greatest Hits","1972","6","1970-08-15","1","AMBIGUOUS","70","multiple_albums"
"RVTR672479","Running On Empty","jackson browne","jackson browne","Running On Empty | The Next Voice You Hear -- The Best Of Jackson Browne","1978","17","1978-02-11","1","AMBIGUOUS","70","multiple_albums"
"RVTR673189","So What'Cha Want","beastie boys","beastie boys","Beastie Boys Anthology: The Sounds Of Science | Check Your Head","1992","5","1992-07-04","1","AMBIGUOUS","70","multiple_albums"
"RVTR673641","Baby Hold On To Me","gerald levert","gerald levert","Private Line | The Best Of Gerald Levert","1991","20","1992-02-15","1","AMBIGUOUS","70","multiple_albums"
"RVTR674094","It'S All Right","The Impressions","The Impressions","The Best Of The Impressions | The Impressions | The Impressions Greatest Hits","1963","14","1963-09-28","1","AMBIGUOUS","70","multiple_albums"
"RVTR674262","Crazy","kenny rogers","kenny rogers","21 Number Ones | What About Me","1984","8","1985-01-26","1","AMBIGUOUS","70","multiple_albums"
"RVTR674641","Be My Lover","alice cooper","alice cooper","Alice Cooper's Greatest Hits | Killer","1971","10","1972-03-11","1","AMBIGUOUS","70","multiple_albums"
"RVTR675203","I Need To Know","tom petty and the heartbreakers","tom petty and the heartbreakers","Anthology: Through The Years | Greatest Hits | You're Gonna' Get It","1978","10","1978-06-17","1","AMBIGUOUS","70","multiple_albums"
"RVTR675271","Shake Your Body Down To The Ground","The Jacksons","The Jacksons","Destiny | Jacksons Live","1978","22","1979-02-17","1","AMBIGUOUS","70","multiple_albums"
"RVTR675776","I Believe In Love","kenny loggins","kenny loggins","Celebrate Me Home | Kenny Loggins Alive","1977","11","1977-07-30","1","AMBIGUOUS","70","multiple_albums"
"RVTR675811","Why Me Baby","keith sweat","keith sweat","Keep It Comin' | The Best Of Keith Sweat: Make You Sweat","1991","17","1992-04-11","1","AMBIGUOUS","70","multiple_albums"
"RVTR676248","Up On The Roof","laura nyro","laura nyro","Christmas And The Beads Of Sweat | Gonna Take A Miracle","1970","2","1970-10-10","1","AMBIGUOUS","70","multiple_albums"
"RVTR676401","Make The World Go Away","eddy arnold","eddy arnold","My World | The Best Of Eddy Arnold","1965","14","1965-10-16","1","AMBIGUOUS","70","multiple_albums"
"RVTR677167","Early In The Morning","buddy holly","buddy holly","Not Fade Away | The Buddy Holly Story","1963","7","1958-08-04","1","AMBIGUOUS","70","multiple_albums"
"RVTR677319","Pieces Of April","three dog night","three dog night","Seven Separate Fools | The Best Of Three Dog Night: 20th Century Masters...","1972","14","1972-11-18","1","AMBIGUOUS","70","multiple_albums"
"RVTR677343","Easy To Love","leo sayer","leo sayer","Leo Sayer | Thunder In My Heart","1977","10","1977-12-10","1","AMBIGUOUS","70","multiple_albums"
"RVTR677462","Blow","Ke$ha","Ke$ha","Cannibal | I Am The Dance Commander + I Command You To Dance","2010","26","2010-12-04","1","AMBIGUOUS","70","multiple_albums"
"RVTR677504","I Feel Love","donna summer","donna summer","Donna Summer | Endless Summer: Donna Summer's Greatest Hits | Greatest Hits | I Remember Yesterday | On The Radio: Greatest Hits: Volumes I & II | The Best Of Donna Summer: 20th Century Masters: The Millennium Collection | The Journey: The Very Best Of Donna Summer | VH1 Presents Live & More Encore!","1977","23","1977-08-06","1","AMBIGUOUS","70","multiple_albums"
"RVTR677628","Just Another Night","ian hunter","ian hunter","Live/welcome To The Club | You're Never Alone With A Schizophrenic","1979","6","1979-08-11","1","AMBIGUOUS","70","multiple_albums"
"RVTR677678","Oh No","commodores","commodores","All The Greatest Hits | Commodores Anthology | In The Pocket | The Best Of The Commodores: 20th Century Masters...","1981","20","1981-09-26","1","AMBIGUOUS","70","multiple_albums"
"RVTR677705","Nothing Can Change This Love","sam cooke","sam cooke","Portrait Of A Legend: 1951-1964 | Sam Cooke Live At The Harlem Square Club","1985","11","1962-09-29","1","AMBIGUOUS","70","multiple_albums"
"RVTR678114","Superstition","stevie wonder","stevie wonder","Number 1's | Stevie Wonder's Original Musiquarium I | Talking Book | The Definitive Collection","1972","16","1972-11-18","1","AMBIGUOUS","70","multiple_albums"
"RVTR678819","If I Could Build My Whole World Around You","marvin gaye","marvin gaye","Every Great Hit Of Marvin Gaye | Gold | Marvin Gaye Anthology","1974","11","1967-12-02","1","AMBIGUOUS","70","multiple_albums"
"RVTR679042","Would I Lie To You","eurythmics","eurythmics","Be Yourself Tonight | Ultimate Collection","1985","19","1985-04-27","1","AMBIGUOUS","70","multiple_albums"
"RVTR679179","I Never Loved A Man The Way I Love You","aretha franklin","aretha franklin","30 Greatest Hits | Aretha's Gold | I Never Loved A Man The Way I Love You | Ten Years Of Gold | The Very Best Of Aretha Franklin, The '60s","1967","11","1967-03-04","1","AMBIGUOUS","70","multiple_albums"
"RVTR679198","You Keep Running Away","four tops","four tops","Four Tops | Four Tops Greatest Hits, Vol. 2","1965","8","1967-09-16","1","AMBIGUOUS","70","multiple_albums"
"RVTR679230","My Love","lionel richie","lionel richie","Lionel Richie | The Best Of Lionel Richie: 20th Century Masters The Millennium Collection | Tuskegee","1982","16","1983-04-09","1","AMBIGUOUS","70","multiple_albums"
"RVTR680245","Dreaming","blondie","blondie","Blondie 4(0)-Ever: Greatest Hits Deluxe Redux / Ghosts Of Download | Eat To The Beat | The Best Of Blondie","1979","14","1979-09-29","1","AMBIGUOUS","70","multiple_albums"
"RVTR680252","Little Moments","brad paisley","brad paisley","Hits Alive | Mud On The Tires","2003","20","2003-12-20","1","AMBIGUOUS","70","multiple_albums"
"RVTR680372","Silly Love Songs","wings","wings","At The Speed Of Sound | Wings Greatest","1976","19","1976-04-10","1","AMBIGUOUS","70","multiple_albums"
"RVTR680693","Don'T Forget To Dance","The Kinks","The Kinks","Come Dancing With The Kinks | State Of Confusion","1983","10","1983-08-20","1","AMBIGUOUS","70","multiple_albums"
"RVTR680726","Tryin' To Get The Feeling Again","barry manilow","barry manilow","2:00 A.M. Paradise Cafe | The Complete Collection","1984","15","1976-03-20","1","AMBIGUOUS","70","multiple_albums"
"RVTR680835","People Get Ready","jeff beck","jeff beck","Flash | Live+","1985","10","1985-06-15","1","AMBIGUOUS","70","multiple_albums"
"RVTR681006","A Little Gasoline","terri clark","terri clark","Fearless | Greatest Hits 1994-2004","2000","6","2000-12-16","1","AMBIGUOUS","70","multiple_albums"
"RVTR681605","Ticks","brad paisley","brad paisley","5th Gear | Hits Alive","2007","20","2007-04-14","1","AMBIGUOUS","70","multiple_albums"
"RVTR681868","Automatic","The Pointer Sisters","The Pointer Sisters","Break Out | The Best Of The Pointer Sisters","1976","20","1984-01-28","1","AMBIGUOUS","70","multiple_albums"
"RVTR681914","This Love","maroon 5","maroon 5","1.22.03.Acoustic (EP) | Live: Friday The 13th | Songs About Jane","2003","43","2004-02-14","1","AMBIGUOUS","70","multiple_albums"
"RVTR681994","Hush","deep purple","deep purple","(Purple Passages) | Shades Of Deep Purple","1968","10","1968-08-17","1","AMBIGUOUS","70","multiple_albums"
"RVTR682151","Morning Dance","spyro gyra","spyro gyra","Access All Areas | Morning Dance | Spyro Gyra","1978","15","1979-06-16","1","AMBIGUOUS","70","multiple_albums"
"RVTR682356","Sister Golden Hair","america","america","Hearts | History/America's Greatest Hits","1975","16","1975-04-05","1","AMBIGUOUS","70","multiple_albums"
"RVTR682437","Young Turks","rod stewart","rod stewart","Absolutely Live | Storyteller/Complete Anthology: 1964-1990 | The Very Best Of Rod Stewart | Tonight I'm Yours","1981","19","1981-10-17","1","AMBIGUOUS","70","multiple_albums"
"RVTR682689","Angel","amanda perez","amanda perez","Angel | I Pray","2003","20","2003-02-01","1","AMBIGUOUS","70","multiple_albums"
"RVTR682690","96 Tears","garland jeffreys","garland jeffreys","Escape Artist | Rock And Roll Adult","1981","7","1981-03-14","1","AMBIGUOUS","70","multiple_albums"
"RVTR683034","Where I Wanna Be","donell jones","donell jones","The Best Of Donell Jones | Where I Wanna Be","1999","20","2000-04-22","1","AMBIGUOUS","70","multiple_albums"
"RVTR683172","The Cowboy In Me","tim mcgraw","tim mcgraw","Greatest Hits Vol 2: Reflected | Number One Hits | Set This Circus Down","2001","20","2002-01-12","1","AMBIGUOUS","70","multiple_albums"
"RVTR683599","Unusually Unusual","lonestar","lonestar","I'm Already There | Lonestar","1996","5","2003-01-25","1","AMBIGUOUS","70","multiple_albums"
"RVTR683657","You Got To Me","neil diamond","neil diamond","50th Anniversary Collection | Classics The Early Years | Hot August Night III: Recorded Live At The Greek Theatre, Los Angeles | Hot August Night/NYC: Live From Madison Square Garden | Just For You | Live In America | Neil Diamond's Greatest Hits | Shilo | The Essential Neil Diamond","1967","8","1967-01-28","1","AMBIGUOUS","70","multiple_albums"
"RVTR684917","Hard To Handle","otis redding","otis redding","Pure Southern Soul: Otis Redding | The Immortal Otis Redding","1968","7","1968-07-13","1","AMBIGUOUS","70","multiple_albums"
"RVTR685151","Are We Ourselves","The Fixx","The Fixx","Phantoms | React","1984","15","1984-08-18","1","AMBIGUOUS","70","multiple_albums"
"RVTR685853","Count Me Out","new edition","new edition","All For Love | New Edition's Greatest Hits, Volume 1","1985","15","1985-11-02","1","AMBIGUOUS","70","multiple_albums"
"RVTR685860","The Anthem","pitbull","pitbull","Original Hits | The Boatlift","2007","18","2008-01-05","1","AMBIGUOUS","70","multiple_albums"
"RVTR685979","Free Me","roger daltrey","roger daltrey","Best Bits | McVicar","1980","10","1980-07-05","1","AMBIGUOUS","70","multiple_albums"
"RVTR686113","Wouldn'T It Be Nice","The Beach Boys","The Beach Boys","Beach Boys In Concert | Pet Sounds","1964","11","1966-07-30","1","AMBIGUOUS","70","multiple_albums"
"RVTR686378","Anything But Mine","kenny chesney","kenny chesney","Greatest Hits II | Live In No Shoes Nation | LIVE: Live Those Songs Again | When The Sun Goes Down","2004","20","2005-02-12","1","AMBIGUOUS","70","multiple_albums"
"RVTR686892","The Waiting","tom petty and the heartbreakers","tom petty and the heartbreakers","Greatest Hits | Hard Promises | Pack Up The Plantation: Live!","1981","13","1981-05-02","1","AMBIGUOUS","70","multiple_albums"
"RVTR687118","Love Ballad","george benson","george benson","Livin' Inside Your Love | The George Benson Collection | The Greatest Hits Of All","1979","15","1979-02-24","1","AMBIGUOUS","70","multiple_albums"
"RVTR687631","Grizzly Bear","The Youngbloods","The Youngbloods","The Best Of The Youngbloods | The Youngbloods","1967","10","1966-12-17","1","AMBIGUOUS","70","multiple_albums"
"RVTR687737","Honey Child","bad company","bad company","Live 1977 / Live 1979 | Run With The Pack","1976","6","1976-07-10","1","AMBIGUOUS","70","multiple_albums"
"RVTR687984","Message To Michael","dionne warwick","dionne warwick","Dionne Warwick In Paris | Dionne Warwick's Golden Hits, Part 2","1966","12","1966-04-02","1","AMBIGUOUS","70","multiple_albums"
"RVTR688045","The Rose","bette midler","bette midler","Experience The Divine: Greatest Hits | Jackpot!: The Best Bette","1993","25","1980-03-22","1","AMBIGUOUS","70","multiple_albums"
"RVTR688580","Everyday","james taylor","james taylor","Greatest Hits Volume 2 | That's Why I'm Here","1985","11","1985-11-09","1","AMBIGUOUS","70","multiple_albums"
"RVTR688753","Somewhere","barbra streisand","barbra streisand","One Voice | The Concert | The Essential Barbra Streisand","1987","14","1985-12-14","1","AMBIGUOUS","70","multiple_albums"
"RVTR689406","Deep River Woman","lionel richie","lionel richie","Dancing On The Ceiling | The Best Of Lionel Richie: 20th Century Masters The Millennium Collection | Tuskegee","1986","8","1987-01-17","1","AMBIGUOUS","70","multiple_albums"
"RVTR690521","Goodbye Again","john denver","john denver","John Denver's Greatest Hits | Rocky Mountain High","1972","6","1972-07-22","1","AMBIGUOUS","70","multiple_albums"
"RVTR691063","With Arms Wide Open","creed","creed","Greatest Hits | Human Clay","1999","47","2000-05-13","1","AMBIGUOUS","70","multiple_albums"
"RVTR691561","Bluebirds Over The Mountain","The Beach Boys","The Beach Boys","20/20 | Beach Boys '69 (The Beach Boys Live In London)","1969","6","1968-12-14","1","AMBIGUOUS","70","multiple_albums"
"RVTR691903","Sugar Walls","sheena easton","sheena easton","A Private Heaven | Sheena Easton","1981","17","1984-12-22","1","AMBIGUOUS","70","multiple_albums"
"RVTR691994","Born To Run","bruce springsteen","bruce springsteen","Born To Run | Born To Run: 30th Anniversary Edition | Greatest Hits | The Essential Bruce Springsteen","1975","11","1975-09-20","1","AMBIGUOUS","70","multiple_albums"
"RVTR692262","Give Me The Reason","luther vandross","luther vandross","Give Me The Reason | The Ultimate Luther Vandross","1986","11","1986-08-23","1","AMBIGUOUS","70","multiple_albums"
"RVTR692352","Funky Fever","clarence carter","clarence carter","The Best Of Clarence Carter | This Is Clarence Carter","1968","3","1968-06-01","1","AMBIGUOUS","70","multiple_albums"
"RVTR692359","Nothing But Heartaches","The Supremes","The Supremes","More Hits By The Supremes | The Supremes At The Copa","1965","9","1965-07-31","1","AMBIGUOUS","70","multiple_albums"
"RVTR692519","Do What You Gotta Do","nina simone","nina simone","Here Comes The Sun | The Best Of Nina Simone","1969","5","1968-10-19","1","AMBIGUOUS","70","multiple_albums"
"RVTR692653","Lady Jane","The Rolling Stones","The Rolling Stones","Aftermath | Flowers | Got Live If You Want It! | More Hot Rocks (Big Hits & Fazed Cookies) | Singles Collection - The London Years","1966","6","1966-07-23","1","AMBIGUOUS","70","multiple_albums"
"RVTR692679","Watch The Wind Blow By","tim mcgraw","tim mcgraw","Greatest Hits Vol 2: Reflected | Love Story | Number One Hits | Tim McGraw And The Dancehall Doctors","2002","20","2003-12-13","1","AMBIGUOUS","70","multiple_albums"
"RVTR692759","Pride In The Name Of Love","u2","u2","Rattle And Hum (Soundtrack) | The Best Of 1980-1990 | The Best Of 1980-1990/The B-Sides | The Unforgettable Fire | U218: Singles","1984","15","1984-10-27","1","AMBIGUOUS","70","multiple_albums"
"RVTR693084","In These Arms","bon jovi","bon jovi","Greatest Hits: The Ultimate Collection | Keep The Faith","1992","16","1993-05-08","1","AMBIGUOUS","70","multiple_albums"
"RVTR693209","Let'S Go","The Cars","The Cars","Candy-O | Greatest Hits | The Complete Greatest Hits","1979","15","1979-06-30","1","AMBIGUOUS","70","multiple_albums"
"RVTR693307","Dream A Little Dream Of Me","mama cass","mama cass","Dream A Little Dream | Mama's Big Ones","1968","11","1968-07-06","1","AMBIGUOUS","70","multiple_albums"
"RVTR693490","You Only Live Twice","nancy sinatra","nancy sinatra","Nancy In London | Nancy's Greatest Hits","1966","9","1967-06-24","1","AMBIGUOUS","70","multiple_albums"
"RVTR694098","Sweet Surrender","bread","bread","Guitar Man | The Best Of Bread, Volume Two","1972","11","1972-11-11","1","AMBIGUOUS","70","multiple_albums"
"RVTR694396","Walking On Broken Glass","annie lennox","annie lennox","Diva | The Annie Lennox Collection","1992","25","1992-09-05","1","AMBIGUOUS","70","multiple_albums"
"RVTR695019","Songbird","kenny g","kenny g","Duotones | Kenny G Greatest Hits | Live","1986","22","1987-04-04","1","AMBIGUOUS","70","multiple_albums"
"RVTR695189","Dreams Of The Everyday Housewife","glen campbell","glen campbell","All The Best | Glen Campbell's Greatest Hits | Live At The Royal Festival Hall | Wichita Lineman","1968","8","1968-07-06","1","AMBIGUOUS","70","multiple_albums"
"RVTR695315","Two Less Lonely People In The World","air supply","air supply","Now And Forever | Ultimate Air Supply","1982","14","1982-11-13","1","AMBIGUOUS","70","multiple_albums"
"RVTR695364","Just One More Day","otis redding","otis redding","King & Queen | Otis Redding In Person At The Whisky A Go Go | Pure Southern Soul: Otis Redding | The Soul Album","1966","5","1965-12-04","1","AMBIGUOUS","70","multiple_albums"
"RVTR695708","Cotton Candy","The Sylvers","The Sylvers","Showcase | The Sylvers","1973","7","1976-06-26","1","AMBIGUOUS","70","multiple_albums"
"RVTR695871","Don'T Laugh At Me","mark wills","mark wills","Greatest Hits | Wish You Were Here","1964","5","1998-12-05","1","AMBIGUOUS","70","multiple_albums"
"RVTR695932","China Grove","The Doobie Brothers","The Doobie Brothers","Best Of The Doobies | Greatest Hits | The Captain And Me","1973","13","1973-08-18","1","AMBIGUOUS","70","multiple_albums"
"RVTR696370","Summer Nights","marianne faithfull","marianne faithfull","Go Away From My World | Marianne Faithfull's Greatest Hits","1965","9","1965-08-14","1","AMBIGUOUS","70","multiple_albums"
"RVTR696376","Wonderwall","oasis","oasis","(What's The Story) Morning Glory? | Familiar To Millions | Stop The Clocks (Best Of) | Time Flies... 1994-2009","1995","20","1996-01-27","1","AMBIGUOUS","70","multiple_albums"
"RVTR696537","Do It Again","The Kinks","The Kinks","Come Dancing With The Kinks | Word Of Mouth","1984","10","1984-12-22","1","AMBIGUOUS","70","multiple_albums"
"RVTR697332","Change With The Times","van mccoy","van mccoy","The Disco Kid | The Hustle And Best Of Van McCoy","1975","8","1975-10-11","1","AMBIGUOUS","70","multiple_albums"
"RVTR697473","Too Young To Fall In Love","motley crue","motley crue","Live: Entertainment Or Death | Shout At The Devil","1983","2","1984-06-16","1","AMBIGUOUS","70","multiple_albums"
"RVTR697542","Hard Rock Cafe","carole king","carole king","In Concert | Simple Things","1977","11","1977-07-23","1","AMBIGUOUS","70","multiple_albums"
"RVTR697811","She Looks So Perfect","5 seconds of summer","5 seconds of summer","5 Seconds Of Summer | She Looks So Perfect (EP)","2014","20","2014-04-19","1","AMBIGUOUS","70","multiple_albums"
"RVTR698066","Bad Bad Leroy Brown","frank sinatra","frank sinatra","Sinatra - The Main Event Live | Some Nice Things I've Missed","1974","7","1974-04-06","1","AMBIGUOUS","70","multiple_albums"
"RVTR698984","You Shook Me All Night Long","ac/dc","ac/dc","Back In Black | Sight & Sound Collection | Who Made Who","1980","16","1980-09-06","1","AMBIGUOUS","70","multiple_albums"
"RVTR699387","On On","erykah badu","erykah badu","Baduizm | Live","1997","19","1997-01-25","1","AMBIGUOUS","70","multiple_albums"
"RVTR700477","What Cha Gonna Do With My Lovin'","stephanie mills","stephanie mills","Stephanie Mills | What Cha Gonna Do With My Lovin'","1979","14","1979-07-21","1","AMBIGUOUS","70","multiple_albums"
"RVTR700655","The Logical Song","supertramp","supertramp","Breakfast In America | Paris","1979","21","1979-03-24","1","AMBIGUOUS","70","multiple_albums"
"RVTR700729","Delta Dawn","helen reddy","helen reddy","Helen Reddy's Greatest Hits | Long Hard Climb","1973","20","1973-06-23","1","AMBIGUOUS","70","multiple_albums"
"RVTR701255","Write This Down","george strait","george strait","Always Never The Same | For The Last Time: Live From The Astrodome","1999","20","1999-04-24","1","AMBIGUOUS","70","multiple_albums"
"RVTR701309","Don'T You Care","The Buckinghams","The Buckinghams","The Buckinghams' Greatest Hits | Time & Charges","1967","14","1967-03-11","1","AMBIGUOUS","70","multiple_albums"
"RVTR701905","Unwind","ray stevens","ray stevens","Ray Stevens' Greatest Hits | The Very Best Of Ray Stevens","1971","9","1968-04-20","1","AMBIGUOUS","70","multiple_albums"
"RVTR701915","Chrome","trace adkins","trace adkins","American Man: Greatest Hits Volume II | Chrome | Greatest Hits Collection, Volume I | The Definitive Greatest Hits: Til The Last Shot's Fired","2001","4","2003-03-01","1","AMBIGUOUS","70","multiple_albums"
"RVTR701927","Gone Gone Gone","phillip phillips","phillip phillips","iTunes Session | The World From The Side Of The Moon","2012","30","2013-03-23","1","AMBIGUOUS","70","multiple_albums"
"RVTR702357","The Name Of The Game","abba","abba","The Album | The Best Of ABBA: 20th Century Masters The Millennium Collection | The Singles (The First Ten Years)","1978","16","1977-12-24","1","AMBIGUOUS","70","multiple_albums"
"RVTR702626","American Child","phil vassar","phil vassar","American Child | Greatest Hits Volume 1","2002","15","2002-08-24","1","AMBIGUOUS","70","multiple_albums"
"RVTR702655","Born In The U S A","bruce springsteen","bruce springsteen","18 Tracks | Born In The U.S.A. | Greatest Hits | Tracks","1984","17","1984-11-10","1","AMBIGUOUS","70","multiple_albums"
"RVTR702772","Love Is A Battlefield","pat benatar","pat benatar","10 Great Songs | Best Shots | Live From Earth | Tropico","1983","22","1983-09-24","1","AMBIGUOUS","70","multiple_albums"
"RVTR703635","So Good Together","andy kim","andy kim","Andy Kim's Greatest Hits | Baby I Love You","1969","9","1969-09-27","1","AMBIGUOUS","70","multiple_albums"
"RVTR703676","A World Of Our Own","The Seekers","The Seekers","A World Of Our Own | The Best Of The Seekers","1965","10","1965-05-29","1","AMBIGUOUS","70","multiple_albums"
"RVTR703990","It Takes Time","The Marshall Tucker Band","The Marshall Tucker Band","Searchin' For A Rainbow | Tenth","1975","3","1980-04-26","1","AMBIGUOUS","70","multiple_albums"
"RVTR703997","Life Is A Carnival","The Band","The Band","Cahoots | The Best Of The Band | The Last Waltz (Soundtrack)","1971","6","1971-10-16","1","AMBIGUOUS","70","multiple_albums"
"RVTR704203","Keep On Loving You","reo speedwagon","reo speedwagon","Hi Infidelity | The Hits","1980","28","1980-11-29","1","AMBIGUOUS","70","multiple_albums"
"RVTR704330","Tennis Court","lorde","lorde","Pure Heroine | The Love Club EP","2013","18","2013-10-19","1","AMBIGUOUS","70","multiple_albums"
"RVTR704483","Insane In The Brain","cypress hill","cypress hill","Black Sunday | Live At The Fillmore","1993","20","1993-07-10","1","AMBIGUOUS","70","multiple_albums"
"RVTR704547","No Love At All","b.j. thomas","b.j. thomas","Greatest Hits, Volume Two | Most Of All","1970","11","1971-02-27","1","AMBIGUOUS","70","multiple_albums"
"RVTR704854","Have A Nice Day","bon jovi","bon jovi","Have A Nice Day | Inside Out","2005","15","2005-10-08","1","AMBIGUOUS","70","multiple_albums"
"RVTR705333","High","The Cure","The Cure","Show | Wish","1992","12","1992-04-04","1","AMBIGUOUS","70","multiple_albums"
"RVTR705751","Sloop John B","The Beach Boys","The Beach Boys","Beach Boys '69 (The Beach Boys Live In London) | Beach Boys In Concert | Pet Sounds","1964","11","1966-04-02","1","AMBIGUOUS","70","multiple_albums"
"RVTR706025","My Little Red Book","love","love","Love | Revisited","1966","11","1966-04-30","1","AMBIGUOUS","70","multiple_albums"
"RVTR706510","Me And Julio Down By The Schoolyard","paul simon","paul simon","Negotiations And Love Songs (1971-1986) | Paul Simon | Paul Simon In Concert/Live Rhymin' | The Paul Simon Collection: On My Way, Don't Know Where I'm Goin' | This Better Be Good","1972","11","1972-04-08","1","AMBIGUOUS","70","multiple_albums"
"RVTR706695","Bat Country","avenged sevenfold","avenged sevenfold","City Of Evil | Live In The LBC & Diamonds In The Rough","2005","15","2005-11-12","1","AMBIGUOUS","70","multiple_albums"
"RVTR707408","It'S Not Unusual","tom jones","tom jones","Tom Jones Live In Las Vegas | Tom Jones Live!","1969","12","1965-04-10","1","AMBIGUOUS","70","multiple_albums"
"RVTR708182","Stop Your Sobbing","pretenders","pretenders","Pretenders | Pretenders Ii | The Singles","1980","5","1980-06-21","1","AMBIGUOUS","70","multiple_albums"
"RVTR708348","The Most Beautiful Girl","charlie rich","charlie rich","Behind Closed Doors | Greatest Hits","1973","22","1973-09-29","1","AMBIGUOUS","70","multiple_albums"
"RVTR708481","American Baby","dave matthews band","dave matthews band","Stand Up | The Best Of What's Around: Vol. 01 | Weekend On The Rocks","2005","11","2005-05-14","1","AMBIGUOUS","70","multiple_albums"
"RVTR708506","Smile","tony bennett","tony bennett","Duets: An American Classic | I Left My Heart In San Francisco | The Movie Song Album | Tony Bennett's Greatest Hits, Volume IV","1963","6","1959-08-15","1","AMBIGUOUS","70","multiple_albums"
"RVTR708534","Neutron Dance","The Pointer Sisters","The Pointer Sisters","Break Out | The Best Of The Pointer Sisters","1976","23","1984-11-24","1","AMBIGUOUS","70","multiple_albums"
"RVTR708590","Alive Again","chicago","chicago","Hot Streets | The Very Best Of Chicago: Only The Beginning","1978","13","1978-10-21","1","AMBIGUOUS","70","multiple_albums"
"RVTR708710","Gypsy","fleetwood mac","fleetwood mac","Mirage | Opus Collection","1982","14","1982-09-04","1","AMBIGUOUS","70","multiple_albums"
"RVTR708816","Smile","lonestar","lonestar","From There To Here: Greatest Hits | Lonely Grill | Lonestar","1996","20","1999-12-18","1","AMBIGUOUS","70","multiple_albums"
"RVTR709134","Right On The Money","alan jackson","alan jackson","Greatest Hits Volume II | High Mileage","1998","12","1998-12-05","1","AMBIGUOUS","70","multiple_albums"
"RVTR709578","Just To Be Close To You","commodores","commodores","Commodores Anthology | Commodores Live! | Hot On The Tracks | The Best Of The Commodores: 20th Century Masters...","1976","16","1976-09-18","1","AMBIGUOUS","70","multiple_albums"
"RVTR709866","Forget Him","bobby rydell","bobby rydell","Forget Him | The Top Hits Of 1963","1964","16","1963-11-09","1","AMBIGUOUS","70","multiple_albums"
"RVTR710715","Landslide","fleetwood mac","fleetwood mac","Fleetwood Mac | Live In Boston | The Dance","1975","20","1998-07-18","1","AMBIGUOUS","70","multiple_albums"
"RVTR710817","Hijackin' Love","johnnie taylor","johnnie taylor","Johnnie Taylor's Greatest Hits | Taylored In Silk","1970","6","1971-08-28","1","AMBIGUOUS","70","multiple_albums"
"RVTR711004","Weak","swv","swv","It's About Time | The Remixes (EP)","1993","26","1993-04-24","1","AMBIGUOUS","70","multiple_albums"
"RVTR711150","If I Could Only Win Your Love","emmylou harris","emmylou harris","Pieces Of Sky | Profile | The Very Best Of Emmylou Harris: Heartaches & Highways","1975","5","1975-08-30","1","AMBIGUOUS","70","multiple_albums"
"RVTR711857","Finish What Ya Started","van halen","van halen","OU812 | The Best Of Both Worlds","1988","20","1988-10-01","1","AMBIGUOUS","70","multiple_albums"
"RVTR711870","Paradise","coldplay","coldplay","Live In Buenos Aires | Mylo Xyloto","2011","32","2011-10-01","1","AMBIGUOUS","70","multiple_albums"
"RVTR712105","Anytime","journey","journey","Captured | Infinity","1978","4","1978-07-01","1","AMBIGUOUS","70","multiple_albums"
"RVTR712412","Baby Baby","amy grant","amy grant","Greatest Hits: 1986-2004 | Heart In Motion","1991","21","1991-02-23","1","AMBIGUOUS","70","multiple_albums"
"RVTR712644","The Thrill Is Gone","b.b. king","b.b. king","Completely Well | Deuces Wild | Friends | Live In Cook County Jail | Now Appearing At Ole' Miss | The Best Of B.B. King: 20th Century Masters The Millenium Collection | The Complete Collection","1969","14","1969-12-27","1","AMBIGUOUS","70","multiple_albums"
"RVTR713422","Shake It Off","mariah carey","mariah carey","Greatest Hits | The Emancipation Of Mimi","2001","26","2005-07-30","1","AMBIGUOUS","70","multiple_albums"
"RVTR713492","Chase The Clouds Away","chuck mangione","chuck mangione","An Evening Of Magic - Chuck Mangione Live At The Hollywood Bowl | Chase The Clouds Away","1975","4","1975-07-19","1","AMBIGUOUS","70","multiple_albums"
"RVTR713512","The Weight","The Band","The Band","Music From Big Pink | The Best Of The Band | The Last Waltz (Soundtrack)","1968","7","1968-08-31","1","AMBIGUOUS","70","multiple_albums"
"RVTR714126","Change Of Heart","eric carmen","eric carmen","Change Of Heart | Eric Carmen (II) | The Best Of Eric Carmen","1978","16","1978-09-16","1","AMBIGUOUS","70","multiple_albums"
"RVTR714268","U Ur Hand","p!nk","p!nk","Greatest Hits... So Far!!! | I'm Not Dead","2006","33","2007-01-13","1","AMBIGUOUS","70","multiple_albums"
"RVTR714520","5 15","The Who","The Who","Join Together | Quadrophenia | The Who Then And Now!: 1964-2004","1973","7","1979-09-29","1","AMBIGUOUS","70","multiple_albums"
"RVTR715081","Dreams","buddy miles","buddy miles","Buddy Miles Live | Them Changes","1970","3","1970-10-10","1","AMBIGUOUS","70","multiple_albums"
"RVTR715174","Rock And A Hard Place","The Rolling Stones","The Rolling Stones","Flashpoint | Jump Back: The Best Of The Rolling Stones: '71-'93 | Steel Wheels","1989","14","1989-11-04","1","AMBIGUOUS","70","multiple_albums"
"RVTR715300","Sound Of Madness","shinedown","shinedown","Somewhere In The Stratosphere | The Sound Of Madness","2008","9","2009-07-11","1","AMBIGUOUS","70","multiple_albums"
"RVTR715349","L O N E L Y","bobby vinton","bobby vinton","Bobby Vinton Sings For Lonely Nights | Vinton","1965","8","1965-05-08","1","AMBIGUOUS","70","multiple_albums"
"RVTR715454","Happy","The Rolling Stones","The Rolling Stones","Exile On Main St. | Live Licks | Love You Live | Made In The Shade","1972","8","1972-07-15","1","AMBIGUOUS","70","multiple_albums"
"RVTR715643","The Way You Love Me","faith hill","faith hill","Breathe | The Hits","1999","56","2000-03-11","1","AMBIGUOUS","70","multiple_albums"
"RVTR716085","Laughter In The Rain","neil sedaka","neil sedaka","Sedaka's Back | The Definitive Collection | Waking Up Is Hard To Do","1974","20","1974-10-19","1","AMBIGUOUS","70","multiple_albums"
"RVTR716114","Southern Nights","glen campbell","glen campbell","20 Greatest Hits | All The Best | Live At The Royal Festival Hall | Southern Nights","1977","21","1977-02-12","1","AMBIGUOUS","70","multiple_albums"
"RVTR716242","Close The Door","teddy pendergrass","teddy pendergrass","Life Is A Song Worth Singing | Playlist: The Very Best Of Teddy Pendergrass | Teddy Pendergrass","1977","13","1978-07-08","1","AMBIGUOUS","70","multiple_albums"
"RVTR716255","Bang Bang My Baby Shot Me Down","cher","cher","Cher's Golden Greats | Live: The Farewell Tour | Take Me Home | The Sonny Side Of Cher","1966","11","1966-03-12","1","AMBIGUOUS","70","multiple_albums"
"RVTR716279","She Is Still A Mystery","The Lovin' Spoonful","The Lovin' Spoonful","Best...lovin' Spoonful | Everything Playing","1968","6","1967-10-28","1","AMBIGUOUS","70","multiple_albums"
"RVTR716291","Oh","ciara","ciara","Ciara | Goodies","2004","23","2005-03-26","1","AMBIGUOUS","70","multiple_albums"
"RVTR716320","Amazed","lonestar","lonestar","From There To Here: Greatest Hits | Lonely Grill | Lonestar","1996","55","1999-06-05","1","AMBIGUOUS","70","multiple_albums"
"RVTR716390","Fly Robin Fly","silver convention","silver convention","Save Me | Silver Convention","1975","17","1975-10-11","1","AMBIGUOUS","70","multiple_albums"
"RVTR716472","Someone Saved My Life Tonight","elton john","elton john","Captain Fantastic And The Brown Dirt Cowboy | Elton John's Greatest Hits, Volume II | Love Songs","1975","13","1975-07-05","1","AMBIGUOUS","70","multiple_albums"
"RVTR716491","Stand Up","david lee roth","david lee roth","David Lee Roth: The Best | Skyscraper","1988","8","1988-04-16","1","AMBIGUOUS","70","multiple_albums"
"RVTR716731","Beautiful","snoop dogg","snoop dogg","Paid Tha Cost To Be Da Bo$$ | The Best Of Snoop Dogg","2002","20","2003-02-08","1","AMBIGUOUS","70","multiple_albums"
"RVTR716810","Catching The Sun","spyro gyra","spyro gyra","Catching The Sun | Spyro Gyra","1978","5","1980-04-19","1","AMBIGUOUS","70","multiple_albums"
"RVTR716880","A Little Respect","erasure","erasure","Pop! The First 20 Hits | The Innocents","1988","17","1988-12-10","1","AMBIGUOUS","70","multiple_albums"
"RVTR717116","Times Of Your Life","paul anka","paul anka","Feelings | Times Of Your Life","1975","20","1975-11-15","1","AMBIGUOUS","70","multiple_albums"
"RVTR717153","Someday Soon","judy collins","judy collins","Colors Of The Day/The Best Of Judy Collins | Strangers Again | Who Knows Where The Time Goes","1968","6","1969-02-01","1","AMBIGUOUS","70","multiple_albums"
"RVTR717336","Eye In The Sky","The Alan Parsons Project","The Alan Parsons Project","Eye In The Sky | The Best Of The Alan Parsons Project","1982","25","1982-07-03","1","AMBIGUOUS","70","multiple_albums"
"RVTR717814","Love Train","The O'jays","The O'jays","The O'Jays Live In London | The O'Jays: Collectors' Items","1974","14","1973-01-20","1","AMBIGUOUS","70","multiple_albums"
"RVTR718018","Personal Jesus","depeche mode","depeche mode","Remixes 2: 81-11 (Deluxe Edition) | The Singles 86>98 | Violator","1990","20","1989-12-09","1","AMBIGUOUS","70","multiple_albums"
"RVTR718411","The Pretender","foo fighters","foo fighters","Echoes, Silence, Patience & Grace | Greatest Hits","2007","20","2007-08-25","1","AMBIGUOUS","70","multiple_albums"
"RVTR718765","Remedy","The Black Crowes","The Black Crowes","Croweology | Greatest Hits 1990--1999: A Tribute To A Work In Progress... | The Southern Harmony And Musical Companion","1992","9","1992-06-13","1","AMBIGUOUS","70","multiple_albums"
"RVTR719945","Anything Like Me","brad paisley","brad paisley","American Saturday Night | Hits Alive","2009","19","2010-09-18","1","AMBIGUOUS","70","multiple_albums"
"RVTR720113","Here Comes The Night","The Beach Boys","The Beach Boys","L.a. Light Album | Wild Honey | Wild Honey & 20/20","1967","8","1979-03-03","1","AMBIGUOUS","70","multiple_albums"
"RVTR720184","Wild Night","van morrison","van morrison","The Essential Van Morrison | Tupelo Honey","1971","11","1971-10-09","1","AMBIGUOUS","70","multiple_albums"
"RVTR720668","Tempted","squeeze","squeeze","A Round And A Bout | East Side Story","1981","11","1981-08-01","1","AMBIGUOUS","70","multiple_albums"
"RVTR720931","Lonely Is The Night","air supply","air supply","Greatest Hits | Hearts In Motion","1983","8","1986-08-09","1","AMBIGUOUS","70","multiple_albums"
"RVTR721225","We Never Danced To A Love Song","The Manhattans","The Manhattans","It Feels So Good | Manhattans Greatest Hits","1977","2","1977-10-29","1","AMBIGUOUS","70","multiple_albums"
"RVTR721451","Homeboy","eric church","eric church","Caught In The Act: Live | Chief","2011","21","2011-03-26","1","AMBIGUOUS","70","multiple_albums"
"RVTR721463","In America","The Charlie Daniels Band","The Charlie Daniels Band","A Decade Of Hits | Full Moon","1980","15","1980-05-31","1","AMBIGUOUS","70","multiple_albums"
"RVTR721775","Back On My Feet Again","The Babys","The Babys","Anthology | Union Jacks","1980","12","1980-01-19","1","AMBIGUOUS","70","multiple_albums"
"RVTR722181","Love Comes Quickly","pet shop boys","pet shop boys","Disco | Please","1986","8","1986-08-30","1","AMBIGUOUS","70","multiple_albums"
"RVTR722402","Chain Gang","sam cooke","sam cooke","Sam Cooke Live At The Harlem Square Club | The Best Of Sam Cooke | The Man & His Music","1965","16","1960-08-13","1","AMBIGUOUS","70","multiple_albums"
"RVTR722488","Cry For You","jodeci","jodeci","Back To The Future: The Very Best Of Jodeci | Diary Of A Mad Band","1994","20","1993-11-27","1","AMBIGUOUS","70","multiple_albums"
"RVTR722570","Test Of Time","The Romantics","The Romantics","Rhythm Romance | The Romantics","1980","6","1985-08-31","1","AMBIGUOUS","70","multiple_albums"
"RVTR722722","Back Home Again","john denver","john denver","Back Home Again | Definitive All-Time Greatest Hits | John Denver's Greatest Hits, Volume 2 | The Best Of John Denver Live | Wildlife Concert","1974","16","1974-09-21","1","AMBIGUOUS","70","multiple_albums"
"RVTR723026","Crazy Crazy Nights","kiss","kiss","Crazy Nights | KISS 40 | Smashes, Thrashes & Hits","1987","7","1987-09-26","1","AMBIGUOUS","70","multiple_albums"
"RVTR723550","You Needed Me","anne murray","anne murray","Duets: Friends & Legends | Let's Keep It That Way","1978","26","1978-07-15","1","AMBIGUOUS","70","multiple_albums"
"RVTR723554","Legend In Your Own Time","carly simon","carly simon","Anticipation | Best Of Carly Simon | Reflections: Carly Simon's Greatest Hits","1971","10","1972-03-25","1","AMBIGUOUS","70","multiple_albums"
"RVTR723685","Man On Your Mind","little river band","little river band","Greatest Hits | Little River Band | Time Exposure","1976","16","1982-04-03","1","AMBIGUOUS","70","multiple_albums"
"RVTR723959","My Way","elvis presley","elvis presley","Aloha From Hawaii Via Satellite | Elvis | Uncovered","1973","12","1977-11-12","1","AMBIGUOUS","70","multiple_albums"
"RVTR723968","Mr Lucky","henry mancini","henry mancini","A Legendary Performer | The Best Of Mancini","1964","13","1960-04-02","1","AMBIGUOUS","70","multiple_albums"
"RVTR724233","Cry Baby","janis joplin","janis joplin","Janis | Janis Joplin's Greatest Hits | Pearl | Super Hits","1971","6","1971-05-15","1","AMBIGUOUS","70","multiple_albums"
"RVTR724252","Flowers On The Wall","The Statler Brothers","The Statler Brothers","Best From The Farewell Concert | Flowers On The Wall | The Best Of The Statler Brothers","1966","13","1965-11-13","1","AMBIGUOUS","70","multiple_albums"
"RVTR725193","Another Part Of Me","michael jackson","michael jackson","Bad | Bad: 25","1987","13","1988-07-23","1","AMBIGUOUS","70","multiple_albums"
"RVTR725417","Jive Talkin'","bee gees","bee gees","Main Course | Number Ones | Timeless: The All-Time Greatest Hits","1975","17","1975-05-31","1","AMBIGUOUS","70","multiple_albums"
"RVTR725452","Shut Down","The Beach Boys","The Beach Boys","Endless Summer | Fifty Big Ones: Greatest Hits | Little Deuce Coupe | Sounds Of Summer:The Very Best Of The Beach Boys | The Greatest Hits Volume 1: 20 Good Vibrations","1963","13","1963-04-27","1","AMBIGUOUS","70","multiple_albums"
"RVTR725824","Apologize","ed ames","ed ames","Apologize | The Best Of Ed Ames","1968","6","1968-05-11","1","AMBIGUOUS","70","multiple_albums"
"RVTR725843","My Way","frank sinatra","frank sinatra","My Way | Sinatra - The Main Event Live","1969","8","1969-03-29","1","AMBIGUOUS","70","multiple_albums"
"RVTR726038","Beer In Mexico","kenny chesney","kenny chesney","Greatest Hits II | LIVE: Live Those Songs Again | The Road And The Radio","2005","17","2007-02-10","1","AMBIGUOUS","70","multiple_albums"
"RVTR726319","Get Drunk And Be Somebody","toby keith","toby keith","Toby Keith | White Trash With Money","1993","20","2006-01-21","1","AMBIGUOUS","70","multiple_albums"
"RVTR726513","We Love You","The Rolling Stones","The Rolling Stones","Singles Collection - The London Years | Through The Past, Darkly (Big Hits Vol. 2)","1969","6","1967-09-16","1","AMBIGUOUS","70","multiple_albums"
"RVTR726836","Sweet Dreams","beyonce","beyonce","Above And Beyonce: Video Collection & Dance Mixes (EP) | I Am...Sasha Fierce","2008","29","2009-08-08","1","AMBIGUOUS","70","multiple_albums"
"RVTR727193","Freedom","The Pointer Sisters","The Pointer Sisters","Contact | Pointer Sisters' Greatest Hits | The Best Of The Pointer Sisters","1976","11","1985-11-02","1","AMBIGUOUS","70","multiple_albums"
"RVTR727838","Too Hot Ta Trot","commodores","commodores","Commodores Anthology | Commodores Live!","1977","12","1977-12-17","1","AMBIGUOUS","70","multiple_albums"
"RVTR728203","Your Love Is So Good For Me","diana ross","diana ross","Baby It's Me | Ross (II)","1977","7","1978-03-04","1","AMBIGUOUS","70","multiple_albums"
"RVTR728333","Me And My Arrow","nilsson","nilsson","Greatest Hits | The Point!","1971","15","1971-03-20","1","AMBIGUOUS","70","multiple_albums"
"RVTR728502","With A Little Luck","wings","wings","London Town | Wings Greatest","1978","18","1978-03-25","1","AMBIGUOUS","70","multiple_albums"
"RVTR728608","We'Ll Be Together","sting","sting",". . .Nothing Like The Sun | Best Of 25 Years | Fields Of Gold - Best Of Sting 1984-1994","1987","18","1987-10-10","1","AMBIGUOUS","70","multiple_albums"
"RVTR728658","Lonely Days","bee gees","bee gees","2 Years On | Best Of Bee Gees, Vol. 2 | Number Ones | One Night Only | Timeless: The All-Time Greatest Hits","1971","14","1970-12-05","1","AMBIGUOUS","70","multiple_albums"
"RVTR728669","Does Anybody Really Know What Time It Is","chicago","chicago","Chicago - Greatest Hits, Volume II | Chicago IX: Chicago's Greatest Hits | Chicago Transit Authority | The Best Of Chicago: 40th Anniversary Edition | The Very Best Of Chicago: Only The Beginning","1969","13","1970-11-07","1","AMBIGUOUS","70","multiple_albums"
"RVTR728762","Shot In The Dark","ozzy osbourne","ozzy osbourne","Just Say Ozzy | Ten Commandments | The Ozzman Cometh | The Ultimate Sin","1986","9","1986-03-22","1","AMBIGUOUS","70","multiple_albums"
"RVTR728940","Living A Lie","al martino","al martino","Living A Lie | The Best Of Al Martino","1964","10","1963-10-26","1","AMBIGUOUS","70","multiple_albums"
"RVTR729267","The Way You Do The Things You Do","rita coolidge","rita coolidge","Anytime...anywhere | Rita Coolidge","1971","11","1978-01-14","1","AMBIGUOUS","70","multiple_albums"
"RVTR729277","I Will Survive","gloria gaynor","gloria gaynor","Glorious | Love Tracks","1977","27","1978-12-16","1","AMBIGUOUS","70","multiple_albums"
"RVTR729338","Make Me The Woman That You Go Home To","gladys knight and the pips","gladys knight and the pips","Best Of Gladys Knight & The Pips | Standing Ovation","1972","10","1971-12-18","1","AMBIGUOUS","70","multiple_albums"
"RVTR729583","Tender Is The Night","jackson browne","jackson browne","Lawyers In Love | The Next Voice You Hear -- The Best Of Jackson Browne","1983","17","1983-09-24","1","AMBIGUOUS","70","multiple_albums"
"RVTR729692","I'Ll Be","reba mcentire","reba mcentire","Reba: #1's | So Good Together","1999","20","2000-05-13","1","AMBIGUOUS","70","multiple_albums"
"RVTR729873","Darkness Darkness","The Youngbloods","The Youngbloods","Elephant Mountain | The Best Of The Youngbloods","1969","4","1970-05-02","1","AMBIGUOUS","70","multiple_albums"
"RVTR730104","Mickey'S Monkey","The Miracles","The Miracles","1957-1972 | Doin' Mickey's Monkey | Greatest Hits, Vol. 2 | Live!","1964","12","1963-08-17","1","AMBIGUOUS","70","multiple_albums"
"RVTR730159","Christine Sixteen","kiss","kiss","Alive Ii | KISS 40 | Kiss Alive! 1975 - 2000 | Love Gun","1977","12","1977-07-16","1","AMBIGUOUS","70","multiple_albums"
"RVTR730582","Let Me Be The One","blessid union of souls","blessid union of souls","Blessid Union Of Souls | Home | The Singles","1995","20","1995-08-05","1","AMBIGUOUS","70","multiple_albums"
"RVTR730624","Haven'T Met You Yet","michael buble","michael buble","Crazy Love | Hollywood: The Deluxe (EP)","2009","44","2009-09-19","1","AMBIGUOUS","70","multiple_albums"
"RVTR730805","Closer To Fine","indigo girls","indigo girls","1200 Curfews | Indigo Girls | Retrospective | Staring Down The Brilliant Dream","1989","9","1989-07-22","1","AMBIGUOUS","70","multiple_albums"
"RVTR731072","Would It Make Any Difference To You","etta james","etta james","Enduring Soul | Etta James Top Ten","1963","7","1963-01-12","1","AMBIGUOUS","70","multiple_albums"
"RVTR731158","All Alone Am I","brenda lee","brenda lee","10 Golden Years | All Alone Am I | The Best Of Brenda Lee: 20th Century Masters The Christmas Collection","1963","15","1962-09-29","1","AMBIGUOUS","70","multiple_albums"
"RVTR731281","Saving All My Love For You","whitney houston","whitney houston","I Will Always Love You: The Best Of Whitney Houston | Whitney Houston | Whitney: The Greatest Hits","1985","22","1985-08-17","1","AMBIGUOUS","70","multiple_albums"
"RVTR731643","Let Me Go","3 doors down","3 doors down","Seventeen Days | The Greatest Hits","2005","31","2005-02-05","1","AMBIGUOUS","70","multiple_albums"
"RVTR731814","Paranoid","black sabbath","black sabbath","Greatest Hits 1970-1978 | Paranoid | Past Lives","1971","8","1970-11-28","1","AMBIGUOUS","70","multiple_albums"
"RVTR732590","Never Keeping Secrets","babyface","babyface","A Collection Of His Greatest Hits | For The Cool In You","1993","23","1993-10-23","1","AMBIGUOUS","70","multiple_albums"
"RVTR733112","War","edwin starr","edwin starr","Involved | War & Peace","1970","15","1970-07-11","1","AMBIGUOUS","70","multiple_albums"
"RVTR733180","Special","garbage","garbage","Absolute Garbage | Version 2.0","1998","13","1999-03-27","1","AMBIGUOUS","70","multiple_albums"
"RVTR733406","Catch My Fall","billy idol","billy idol","Greatest Hits | Idolize Yourself: The Very Best Of Billy Idol","2001","11","1984-11-03","1","AMBIGUOUS","70","multiple_albums"
"RVTR733413","Sure Know Something","kiss","kiss","Dynasty | Greatest Kiss | MTV Unplugged | Symphony: Alive IV","1979","11","1979-09-01","1","AMBIGUOUS","70","multiple_albums"
"RVTR733448","Twilight Zone","golden earring","golden earring","Cut | Something Heavy Going Down","1982","27","1982-11-27","1","AMBIGUOUS","70","multiple_albums"
"RVTR733529","Kayleigh","marillion","marillion","Brief Encounter | Misplaced Childhood","1985","8","1985-10-05","1","AMBIGUOUS","70","multiple_albums"
"RVTR733532","Roll With The Changes","reo speedwagon","reo speedwagon","A Decade Of Rock+roll 1970 To 1980 | The Hits | The Second Decade of Rock & Roll 1981-1991 | You Can Tune A Piano But You Can't Tune A Fish","1978","11","1978-05-13","1","AMBIGUOUS","70","multiple_albums"
"RVTR733817","What'S Love Got To Do With It","tina turner","tina turner","All The Best | Simply The Best | Tina! | What's Love Got To Do With It (Soundtrack)","1991","28","1984-05-19","1","AMBIGUOUS","70","multiple_albums"
"RVTR734067","Le Freak","chic","chic","C'est Chic | Chic","1977","25","1978-10-28","1","AMBIGUOUS","70","multiple_albums"
"RVTR734362","Both Sides Of The Story","phil collins","phil collins","...Hits | Both Sides","1993","17","1993-10-30","1","AMBIGUOUS","70","multiple_albums"
"RVTR734502","Sexy Girl","glenn frey","glenn frey","Solo Collection | The Allnighter","1984","15","1984-06-30","1","AMBIGUOUS","70","multiple_albums"
"RVTR734700","My Babe","The Righteous Brothers","The Righteous Brothers","One For The Road | Right Now! | Soul & Inspiration","1965","7","1963-09-07","1","AMBIGUOUS","70","multiple_albums"
"RVTR734759","Brick House","commodores","commodores","All The Greatest Hits | Commodores | Commodores Anthology | Commodores Live! | The Best Of The Commodores: 20th Century Masters...","1977","16","1977-08-27","1","AMBIGUOUS","70","multiple_albums"
"RVTR734914","Tonight","new kids on the block","new kids on the block","Greatest Hits | Step By Step","1990","12","1990-08-04","1","AMBIGUOUS","70","multiple_albums"
"RVTR734931","Spaceman","nilsson","nilsson","Greatest Hits | Son Of Schmilsson","1972","10","1972-09-16","1","AMBIGUOUS","70","multiple_albums"
"RVTR735150","Centerfield","john fogerty","john fogerty","Centerfield | The Long Road Home: The Ultimate John Fogerty-Creedence Collection","1985","13","1985-05-25","1","AMBIGUOUS","70","multiple_albums"
"RVTR735741","I Wanna Rock","snoop dogg","snoop dogg","Malice N Wonderland | More Malice (EP)","2009","15","2009-12-26","1","AMBIGUOUS","70","multiple_albums"
"RVTR735785","Lady Madonna","The Beatles","The Beatles","Hey Jude | Past Masters | The Beatles 1967-1970","1970","11","1968-03-23","1","AMBIGUOUS","70","multiple_albums"
"RVTR736217","You'Re No Good","linda ronstadt","linda ronstadt","Greatest Hits | Heart Like A Wheel","1974","16","1974-12-07","1","AMBIGUOUS","70","multiple_albums"
"RVTR736657","Forever In Love","kenny g","kenny g","Breathless | Kenny G Greatest Hits | Ultimate Kenny G","1992","23","1992-12-19","1","AMBIGUOUS","70","multiple_albums"
"RVTR736765","Where Were You When I Needed You","The Grass Roots","The Grass Roots","Let's Live For Today | Their 16 Greatest Hits","1967","9","1966-06-18","1","AMBIGUOUS","70","multiple_albums"
"RVTR736988","Farewell My Summer Love","michael jackson","michael jackson","Farewell My Summer Love | The Best Of Michael Jackson: 20th Century Masters The Millenium Collection","1975","12","1984-05-26","1","AMBIGUOUS","70","multiple_albums"
"RVTR737060","Never Say Never","The Fray","The Fray","The Fray | Through The Years: The Best Of The Fray","2009","20","2009-06-27","1","AMBIGUOUS","70","multiple_albums"
"RVTR737076","Jumper","third eye blind","third eye blind","A Collection | Third Eye Blind","1997","20","1998-12-05","1","AMBIGUOUS","70","multiple_albums"
"RVTR737138","Over The Mountain Across The Sea","bobby vinton","bobby vinton","Bobby Vinton's All-Time Greatest Hits | Bobby Vinton's Greatest Hits","1964","10","1963-03-09","1","AMBIGUOUS","70","multiple_albums"
"RVTR737522","Hillbilly Shoes","montgomery gentry","montgomery gentry","Playlist: The Very Best Of Montgomery Gentry | Tattoos & Scars","1999","11","1999-03-27","1","AMBIGUOUS","70","multiple_albums"
"RVTR737542","Sweet Sticky Thing","ohio players","ohio players","Fire | Honey | Ohio Players Gold","1974","8","1975-09-20","1","AMBIGUOUS","70","multiple_albums"
"RVTR737840","Close To You","maxi priest","maxi priest","Best Of Me | Bonafide | Maxi Priest","1988","30","1990-06-30","1","AMBIGUOUS","70","multiple_albums"
"RVTR737874","Psychobabble","The Alan Parsons Project","The Alan Parsons Project","Eye In The Sky | The Best Of The Alan Parsons Project","1982","10","1982-11-27","1","AMBIGUOUS","70","multiple_albums"
"RVTR737964","Love Stinks","The J. Geils Band","The J. Geils Band","Love Stinks | Showtime","1980","12","1980-04-12","1","AMBIGUOUS","70","multiple_albums"
"RVTR737992","Get Back","The Beatles","The Beatles","Let It Be (Soundtrack) | Let It Be... Naked | Love | Past Masters | Songs, Pictures And Stories Of The Fabulous Beatles | The Beatles 1967-1970","1964","12","1969-05-10","1","AMBIGUOUS","70","multiple_albums"
"RVTR738388","Smoke On The Water","deep purple","deep purple","Machine Head | Made In Europe | Made In Japan | Nobody's Perfect","1972","16","1973-05-26","1","AMBIGUOUS","70","multiple_albums"
"RVTR738638","Carry On Wayward Son","kansas","kansas","Best Of Kansas | Leftoverture | Miracles Out Of Nowhere (Soundtrack) | Two For The Show","1976","20","1976-12-25","1","AMBIGUOUS","70","multiple_albums"
"RVTR738857","Groovin' In The Midnight","maxi priest","maxi priest","Fe Real | Maxi Priest","1988","8","1992-10-31","1","AMBIGUOUS","70","multiple_albums"
"RVTR739208","Cold Day In July","dixie chicks","dixie chicks","Fly | Top Of The World Tour Live","1999","10","2000-06-24","1","AMBIGUOUS","70","multiple_albums"
"RVTR739787","Lucky Man","montgomery gentry","montgomery gentry","Playlist: The Very Best Of Montgomery Gentry | Some People Change","2006","17","2007-05-05","1","AMBIGUOUS","70","multiple_albums"
"RVTR739795","My Old Friend","tim mcgraw","tim mcgraw","Greatest Hits Vol 2: Reflected | Live Like You Were Dying","2004","13","2005-12-03","1","AMBIGUOUS","70","multiple_albums"
"RVTR739982","Sweet Thing","mary j. blige","mary j. blige","The Tour | What's The 411? | What's The 411? Remix","1992","20","1993-02-13","1","AMBIGUOUS","70","multiple_albums"
"RVTR739987","One More Night","phil collins","phil collins","...Hits | Love Songs: A Compilation... Old And New | No Jacket Required | Serious Hits...Live! | The Singles","1985","18","1985-02-09","1","AMBIGUOUS","70","multiple_albums"
"RVTR740198","Come See About Me","The Supremes","The Supremes","The Supremes | The Supremes At The Copa | Where Did Our Love Go","1964","14","1964-11-14","1","AMBIGUOUS","70","multiple_albums"
"RVTR740210","Come On And Say It","The Grass Roots","The Grass Roots","More Golden Grass | Their 16 Greatest Hits","1970","6","1970-09-19","1","AMBIGUOUS","70","multiple_albums"
"RVTR740340","Hotel California","Eagles","Eagles","Eagles Live | Greatest Hits: Volume 2 | Hell Freezes Over | Hotel California | Selected Works: 1972--1999","1976","19","1977-02-26","1","AMBIGUOUS","70","multiple_albums"
"RVTR740598","The Unforgiven","metallica","metallica","Live Shit: Binge & Purge | Metallica","1991","17","1991-12-07","1","AMBIGUOUS","70","multiple_albums"
"RVTR740901","Reach Out And Touch Somebody'S Hand","diana ross","diana ross","Diana Ross Anthology | Diana Ross Live At Caesars Palace","1974","9","1970-04-25","1","AMBIGUOUS","70","multiple_albums"
"RVTR741027","Colder Weather","zac brown band","zac brown band","Greatest Hits So Far... | You Get What You Give","2010","20","2011-02-05","1","AMBIGUOUS","70","multiple_albums"
"RVTR741887","He Gets That From Me","reba mcentire","reba mcentire","Reba: #1's | Room To Breathe","2003","12","2004-12-18","1","AMBIGUOUS","70","multiple_albums"
"RVTR741912","Only The Young","journey","journey","Journey's Greatest Hits | The Essential Journey","1988","16","1985-01-26","1","AMBIGUOUS","70","multiple_albums"
"RVTR741932","It Must Be Him","vikki carr","vikki carr","For Once In My Life | It Must Be Him","1967","15","1967-09-02","1","AMBIGUOUS","70","multiple_albums"
"RVTR742208","We'Re A Winner","The Impressions","The Impressions","The Best Of The Impressions | The Impressions Greatest Hits | We're A Winner","1965","13","1967-12-30","1","AMBIGUOUS","70","multiple_albums"
"RVTR742294","Stealin'","uriah heep","uriah heep","Best Uriah Heep | Sweet Freedom","1973","7","1973-10-13","1","AMBIGUOUS","70","multiple_albums"
"RVTR742360","This One","paul mccartney","paul mccartney","Flowers In The Dirt | Tripping The Live Fantastic","1989","3","1989-09-09","1","AMBIGUOUS","70","multiple_albums"
"RVTR742498","Cruisin'","smokey robinson","smokey robinson","My World: The Definitive Collection | Where There's Smoke","1979","25","1979-10-06","1","AMBIGUOUS","70","multiple_albums"
"RVTR742686","Fancy","iggy azalea","iggy azalea","Reclassified | The New Classic","2014","39","2014-03-22","1","AMBIGUOUS","70","multiple_albums"
"RVTR742776","Let Me Be There","olivia newton-john","olivia newton-john","Let Me Be There | Magic: The Very Best Of Olivia Newton-John | Olivia Newton-John's Greatest Hits","1973","19","1973-11-17","1","AMBIGUOUS","70","multiple_albums"
"RVTR742829","Gold","britt nicole","britt nicole","Britt Nicole | Gold","2012","3","2013-03-16","1","AMBIGUOUS","70","multiple_albums"
"RVTR743030","Sally","grand funk railroad","grand funk railroad","Born To Die | Grand Funk Hits","1976","4","1976-03-20","1","AMBIGUOUS","70","multiple_albums"
"RVTR743461","A Boy Named Sue","johnny cash","johnny cash","Johnny Cash At Madison Square Garden | Johnny Cash At San Quentin | The Johnny Cash Collection (His Greatest Hits, Volume II) | The Legend Of Johnny Cash","1969","12","1969-07-26","1","AMBIGUOUS","70","multiple_albums"
"RVTR744764","Girls Talk","dave edmunds","dave edmunds","Repeat When Necessary | The Best Of Dave Edmunds","1979","6","1979-09-01","1","AMBIGUOUS","70","multiple_albums"
"RVTR744809","I Do I Do I Do I Do I Do","abba","abba","Greatest Hits | The Best Of ABBA: 20th Century Masters The Millennium Collection | The Definitive Collection","1976","15","1976-02-14","1","AMBIGUOUS","70","multiple_albums"
"RVTR744930","Up All Night","slaughter","slaughter","Stick It Live | Stick It To Ya","1990","14","1990-04-28","1","AMBIGUOUS","70","multiple_albums"
"RVTR744975","A Dream Goes On Forever","todd rundgren","todd rundgren","Back To The Bars | Todd","1974","6","1974-04-06","1","AMBIGUOUS","70","multiple_albums"
"RVTR745094","Join Together","The Who","The Who","Join Together | The Who Hits 50!","1990","10","1972-07-22","1","AMBIGUOUS","70","multiple_albums"
"RVTR745492","My Favorite Mistake","sheryl crow","sheryl crow","Sheryl Crow And Friends: Live From Central Park | The Globe Sessions | The Very Best Of Sheryl Crow","1998","10","1998-12-05","1","AMBIGUOUS","70","multiple_albums"
"RVTR745535","The Woman I Love","b.b. king","b.b. king","The Best Of B.B. King | The Incredible Soul Of B.B. King","1970","3","1968-08-24","1","AMBIGUOUS","70","multiple_albums"
"RVTR746040","Candy Man","roy orbison","roy orbison","Roy Orbison's Greatest Hits | The Very Best Of Roy Orbison","1963","14","1961-08-05","1","AMBIGUOUS","70","multiple_albums"
"RVTR746528","Everything I Own","bread","bread","Baby I'm-A Want You | The Best Of Bread","1972","13","1972-01-29","1","AMBIGUOUS","70","multiple_albums"
"RVTR747173","Never Can Say Goodbye","jackson 5","jackson 5","Jackson 5 Anthology | The Best Of The Jackson 5: 20th Century Masters: The Christmas Collection","1976","12","1971-04-03","1","AMBIGUOUS","70","multiple_albums"
"RVTR747273","Over The Hills And Far Away","led zeppelin","led zeppelin","Houses Of The Holy | How The West Was Won | Led Zeppelin Box Set 2 | The Song Remains The Same (Soundtrack)","1973","8","1973-06-23","1","AMBIGUOUS","70","multiple_albums"
"RVTR747561","Play Me","neil diamond","neil diamond","Hot August Night III: Recorded Live At The Greek Theatre, Los Angeles | Hot August Night/NYC: Live From Madison Square Garden | Moods | Stages: Performances 1970-2002","1972","11","1972-08-12","1","AMBIGUOUS","70","multiple_albums"
"RVTR747697","Don'T Let The Green Grass Fool You","wilson pickett","wilson pickett","The Best Of Wilson Pickett, Vol. II | Wilson Pickett In Philadelphia","1970","11","1971-01-16","1","AMBIGUOUS","70","multiple_albums"
"RVTR747824","Living For The City","stevie wonder","stevie wonder","Innervisions | Number 1's | Stevie Wonder's Original Musiquarium I","1973","17","1973-11-10","1","AMBIGUOUS","70","multiple_albums"
"RVTR747880","(Your Love Has Lifted Me) Higher And Higher","rita coolidge","rita coolidge","Anytime...anywhere | Rita Coolidge","1971","27","1977-05-07","1","AMBIGUOUS","70","multiple_albums"
"RVTR748373","You Were Mine","dixie chicks","dixie chicks","Playlist: The Very Best Of The Dixie Chicks | Wide Open Spaces","1998","20","1999-01-23","1","AMBIGUOUS","70","multiple_albums"
"RVTR749042","Take It Easy On Me","little river band","little river band","Greatest Hits | Little River Band | Time Exposure","1976","19","1981-12-05","1","AMBIGUOUS","70","multiple_albums"
"RVTR749238","Please Mr Please","olivia newton-john","olivia newton-john","Back To Basics/Essential Collection 1971-1992 | Magic: The Very Best Of Olivia Newton-John | Olivia Newton-John's Greatest Hits","1977","15","1975-06-07","1","AMBIGUOUS","70","multiple_albums"
"RVTR749494","I Miss My Friend","darryl worley","darryl worley","Have You Forgotten? | I Miss My Friend","2002","20","2002-06-15","1","AMBIGUOUS","70","multiple_albums"
"RVTR749572","Everybody'S Out Of Town","b.j. thomas","b.j. thomas","Everybody's Out Of Town | Greatest Hits, Volume Two","1970","9","1970-03-28","1","AMBIGUOUS","70","multiple_albums"
"RVTR749850","Mr Spaceman","The Byrds","The Byrds","Fifth Dimension | The Byrds' Greatest Hits","1966","7","1966-09-24","1","AMBIGUOUS","70","multiple_albums"
"RVTR750490","Thank You","boyz ii men","boyz ii men","II | The Best Of Boyz II Men: 20th Century Masters The Millennium Collection","1994","20","1995-02-25","1","AMBIGUOUS","70","multiple_albums"
"RVTR750588","Please Let Me Wonder","The Beach Boys","The Beach Boys","The Beach Boys Today! | The Greatest Hits Volume 2: 20 More Good Vibrations | The Warmth Of The Sun","1965","5","1965-03-06","1","AMBIGUOUS","70","multiple_albums"
"RVTR751064","I Just Want To Celebrate","rare earth","rare earth","One World | Rare Earth | Rare Earth In Concert","1971","13","1971-07-17","1","AMBIGUOUS","70","multiple_albums"
"RVTR751736","I Got You","craig morgan","craig morgan","Greatest Hits | My Kind Of Livin'","2005","4","2006-06-03","1","AMBIGUOUS","70","multiple_albums"
"RVTR751877","In The Shape Of A Heart","jackson browne","jackson browne","Lives In The Balance | The Next Voice You Hear -- The Best Of Jackson Browne","1986","7","1986-06-07","1","AMBIGUOUS","70","multiple_albums"
"RVTR752348","The Best Of Times","styx","styx","Caught In The Act - Live | Greatest Hits | Paradise Theater","1981","19","1981-01-24","1","AMBIGUOUS","70","multiple_albums"
"RVTR753333","The One On The Right Is On The Left","johnny cash","johnny cash","Everybody Loves A Nut | The Greatest: The Number Ones","1966","6","1966-02-26","1","AMBIGUOUS","70","multiple_albums"
"RVTR753353","I Love You The Way You Are","bobby vinton","bobby vinton","Bobby Vinton's Greatest Hits | With Love","1964","9","1962-08-11","1","AMBIGUOUS","70","multiple_albums"
"RVTR753376","Realize","colbie caillat","colbie caillat","Coco | Coco: Summer Sessions (EP)","2007","26","2008-02-23","1","AMBIGUOUS","70","multiple_albums"
"RVTR753379","Daytime Friends","kenny rogers","kenny rogers","42 Ultimate Hits | Daytime Friends | Ten Years Of Gold","1977","12","1977-08-06","1","AMBIGUOUS","70","multiple_albums"
"RVTR753403","The Outsider","a perfect circle","a perfect circle","Thirteenth Step | Three Sixty","2003","5","2004-05-15","1","AMBIGUOUS","70","multiple_albums"
"RVTR753425","I'Ve Been Born Again","johnnie taylor","johnnie taylor","Johnnie Taylor's Greatest Hits | Super Taylor","1970","4","1974-06-29","1","AMBIGUOUS","70","multiple_albums"
"RVTR753491","The Way You Look Tonight","The Lettermen","The Lettermen","All-Time Greatest Hits | The Best Of The Lettermen","1966","13","1961-09-02","1","AMBIGUOUS","70","multiple_albums"
"RVTR753560","Ballad Of Easy Rider","The Byrds","The Byrds","Ballad Of Easy Rider | The Best Of The Byrds (Greatest Hits, Volume II)","1969","6","1969-11-01","1","AMBIGUOUS","70","multiple_albums"
"RVTR753813","I Only Have Eyes For You","art garfunkel","art garfunkel","Breakaway | The Singer","1975","18","1975-08-23","1","AMBIGUOUS","70","multiple_albums"
"RVTR753815","Cry Me A River","joe cocker","joe cocker","Joe Cocker Live | Joe Cocker's Greatest Hits | Mad Dogs & Englishmen | The Best Of Joe Cocker: 20th Century Masters The Millennium Collection | Ultimate Collection | Unchain My Heart","1970","9","1970-10-10","1","AMBIGUOUS","70","multiple_albums"
"RVTR754178","Here I Am Just When I Thought I Was Over You","air supply","air supply","Greatest Hits | Ultimate Air Supply","1983","20","1981-09-26","1","AMBIGUOUS","70","multiple_albums"
"RVTR754514","Little Man","alan jackson","alan jackson","Greatest Hits Volume II | High Mileage","1998","17","1999-07-10","1","AMBIGUOUS","70","multiple_albums"
"RVTR754723","Mayberry","rascal flatts","rascal flatts","Greatest Hits Volume 1 | Melt","2002","20","2004-02-21","1","AMBIGUOUS","70","multiple_albums"
"RVTR755140","Bad Moon Rising","creedence clearwater revival","creedence clearwater revival","Chronicle (The 20 Greatest Hits) | Creedence Gold | Green River | Live In Europe | The Concert","1969","14","1969-05-03","1","AMBIGUOUS","70","multiple_albums"
"RVTR755440","Take It To The Limit","Eagles","Eagles","Eagles Live | One Of These Nights | Selected Works: 1972--1999 | Their Greatest Hits 1971-1975 | Their Greatest Hits: Volumes 1 & 2","1975","23","1975-12-20","1","AMBIGUOUS","70","multiple_albums"
"RVTR755534","Ay Chico Lengua Afuera","pitbull","pitbull","El Mariel | Original Hits","2006","6","2006-12-09","1","AMBIGUOUS","70","multiple_albums"
"RVTR755685","3","britney spears","britney spears","The Essential Britney Spears | The Singles Collection","2009","20","2009-10-24","1","AMBIGUOUS","70","multiple_albums"
"RVTR756032","Disco Inferno","The Trammps","The Trammps","Best Of Trammps | Disco Inferno","1977","29","1977-03-05","1","AMBIGUOUS","70","multiple_albums"
"RVTR756380","Still A G Thang","snoop dogg","snoop dogg","Da Game Is To Be Sold, Not To Be Told | The Best Of Snoop Dogg","1998","13","1998-09-05","1","AMBIGUOUS","70","multiple_albums"
"RVTR756413","Faith","george michael","george michael","Faith | Ladies & Gentlemen: The Best Of George Michael","1987","21","1987-10-24","1","AMBIGUOUS","70","multiple_albums"
"RVTR756966","It Hurts Too Much","eric carmen","eric carmen","The Best Of Eric Carmen | Tonight You're Mine","1980","2","1980-07-12","1","AMBIGUOUS","70","multiple_albums"
"RVTR756994","Lorelei","styx","styx","Come Sail Away: The Styx Anthology | Equinox | Greatest Hits","1975","14","1976-02-14","1","AMBIGUOUS","70","multiple_albums"
"RVTR757046","Dream Me Home","mac davis","mac davis","Baby Don't Get Hooked On Me | Mac Davis","1972","7","1973-02-17","1","AMBIGUOUS","70","multiple_albums"
"RVTR757147","Good Vibrations","The Beach Boys","The Beach Boys","Beach Boys '69 (The Beach Boys Live In London) | Beach Boys In Concert | Classics Selected By Brian Wilson | Greatest Hits | SMiLE | Smiley Smile | Sunshine Dream","1964","14","1966-10-22","1","AMBIGUOUS","70","multiple_albums"
"RVTR757320","Te Quiero","flex","flex","La Evolucion Romantic Style | Te Quiero","2008","17","2008-03-08","1","AMBIGUOUS","70","multiple_albums"
"RVTR757727","With A Child'S Heart","michael jackson","michael jackson","Music & Me | The Best Of Michael Jackson: 20th Century Masters The Millenium Collection","1973","7","1973-05-05","1","AMBIGUOUS","70","multiple_albums"
"RVTR757788","Going To A Go Go","The Miracles","The Miracles","1957-1972 | Live! | Smokey Robinson & The Miracles' Anthology","1969","12","1965-12-25","1","AMBIGUOUS","70","multiple_albums"
"RVTR758094","A Little More Love","olivia newton-john","olivia newton-john","Back To Basics/Essential Collection 1971-1992 | Olivia's Greatest Hits, Vol. 2 | Totally Hot","1978","20","1978-11-25","1","AMBIGUOUS","70","multiple_albums"
"RVTR758149","They Don'T Care About Us","michael jackson","michael jackson","HIStory: Past, Present And Future Book 1 | Michael Jackson's This Is It (Soundtrack)","1995","13","1996-06-08","1","AMBIGUOUS","70","multiple_albums"
"RVTR758220","I Gotta Dance To Keep From Crying","The Miracles","The Miracles","Doin' Mickey's Monkey | Greatest Hits, Vol. 2","1964","10","1963-11-23","1","AMBIGUOUS","70","multiple_albums"
"RVTR758282","I Want To Pay You Back For Loving Me","The Chi-lites","The Chi-lites","(For God's Sake) Give More Power To The People | Chi-Lites","1971","3","1971-11-06","1","AMBIGUOUS","70","multiple_albums"
"RVTR758405","Down By The River","buddy miles","buddy miles","Buddy Miles Live | Them Changes","1970","7","1970-07-18","1","AMBIGUOUS","70","multiple_albums"
"RVTR759453","You Might Think","The Cars","The Cars","Greatest Hits | Heartbeat City | The Complete Greatest Hits","1984","17","1984-03-10","1","AMBIGUOUS","70","multiple_albums"
"RVTR759486","The Way You Make Me Feel","michael jackson","michael jackson","Bad | Bad: 25 | Greatest Hits: HIStory -- Volume 1 | HIStory: Past, Present And Future Book 1 | Michael Jackson's This Is It (Soundtrack) | Number Ones","1987","18","1987-11-21","1","AMBIGUOUS","70","multiple_albums"
"RVTR759536","Don'T Worry Baby","The Beach Boys","The Beach Boys","Beach Boys In Concert | Sounds Of Summer:The Very Best Of The Beach Boys","1964","10","1964-05-30","1","AMBIGUOUS","70","multiple_albums"
"RVTR759570","I'M So Excited","The Pointer Sisters","The Pointer Sisters","Break Out | The Best Of The Pointer Sisters","1976","40","1982-09-18","1","AMBIGUOUS","70","multiple_albums"
"RVTR760422","Controversy","prince","prince","Controversy | The Hits 2 | The Hits/The B-Sides | Ultimate","1981","11","1981-10-24","1","AMBIGUOUS","70","multiple_albums"
"RVTR760863","Only One You","t.g. sheppard","t.g. sheppard","Finally | T.g. Sheppard's Greatest Hits","1982","8","1982-01-30","1","AMBIGUOUS","70","multiple_albums"
"RVTR761517","Walking In Rhythm","The Blackbyrds","The Blackbyrds","Night Grooves | The Blackbyrds","1974","17","1975-02-08","1","AMBIGUOUS","70","multiple_albums"
"RVTR761880","Baby Love","The Supremes","The Supremes","The Supremes | The Supremes At The Copa | Where Did Our Love Go","1964","13","1964-10-03","1","AMBIGUOUS","70","multiple_albums"
"RVTR762213","Something To Be Proud Of","montgomery gentry","montgomery gentry","For Our Heroes | Something To Be Proud Of: The Best Of 1999-2005 | You Do Your Thing","2004","20","2005-08-06","1","AMBIGUOUS","70","multiple_albums"
"RVTR762289","Babylon","david gray","david gray","Greatest Hits | White Ladder","2000","18","2000-12-02","1","AMBIGUOUS","70","multiple_albums"
"RVTR762517","Can We Talk","tevin campbell","tevin campbell","I'm Ready | Tevin Campbell","1993","26","1993-10-16","1","AMBIGUOUS","70","multiple_albums"
"RVTR762605","Take Me To The River","talking heads","talking heads","More Songs About Buildings And Food | Popular Favorites 1976-1992: Sand In The Vaseline | Same As It Ever Was | Stop Making Sense","1978","17","1978-11-04","1","AMBIGUOUS","70","multiple_albums"
"RVTR763105","Heartbeat","The Fray","The Fray","Scars & Stories | Through The Years: The Best Of The Fray","2012","18","2011-10-29","1","AMBIGUOUS","70","multiple_albums"
"RVTR763307","When Love Comes To Town","u2","u2","Rattle And Hum (Soundtrack) | The Best Of 1980-1990/The B-Sides","1988","7","1989-04-01","1","AMBIGUOUS","70","multiple_albums"
"RVTR763461","Linger","The Cranberries","The Cranberries","Everybody Else Is Doing It, So Why Can't We? | Stars: The Best Of 1992-2002","1993","24","1993-10-23","1","AMBIGUOUS","70","multiple_albums"
"RVTR763508","Kryptonite","3 doors down","3 doors down","Another 700 Miles (EP) | The Better Life | The Greatest Hits","2000","53","2000-04-08","1","AMBIGUOUS","70","multiple_albums"
"RVTR763695","Trouble","lindsey buckingham","lindsey buckingham","Law And Order | Live At The Bass Performance Hall | Solo Anthology: The Best of Lindsey Buckingham","1981","19","1981-10-24","1","AMBIGUOUS","70","multiple_albums"
"RVTR763854","Talk To Me","stevie nicks","stevie nicks","Crystal Visions... The Very Best Of Stevie Nicks | Rock A Little | Timespace: Best Of Stevie Nicks","1985","18","1985-11-16","1","AMBIGUOUS","70","multiple_albums"
"RVTR763858","Megalomaniac","incubus","incubus","A Crow Left Of The Murder... | HQ Live | Monuments And Melodies","2004","20","2004-01-03","1","AMBIGUOUS","70","multiple_albums"
"RVTR763890","A Little Love","corey hart","corey hart","Bang | Boy In The Box","1985","11","1990-03-17","1","AMBIGUOUS","70","multiple_albums"
"RVTR764049","The Spirit Of Radio","rush","rush","Chronicles | Exit...Stage Left | Permanent Waves | Time Machine: Live In Cleveland 2011","1980","8","1980-02-23","1","AMBIGUOUS","70","multiple_albums"
"RVTR764149","Doo Doo Doo Doo Doo Heartbreaker","The Rolling Stones","The Rolling Stones","Goats Head Soup | Made In The Shade","1973","11","1974-01-12","1","AMBIGUOUS","70","multiple_albums"
"RVTR764636","How Sweet It Is To Be Loved By You","marvin gaye","marvin gaye","How Sweet It Is To Be Loved By You | The Very Best Of Marvin Gaye","1965","14","1964-11-21","1","AMBIGUOUS","70","multiple_albums"
"RVTR764688","Movin' On","bad company","bad company","Bad Company | Live 1977 / Live 1979","1974","10","1975-01-18","1","AMBIGUOUS","70","multiple_albums"
"RVTR764941","Hard Habit To Break","chicago","chicago","Chicago 17 | Greatest Hits 1982-1989 | Love Songs | The Very Best Of Chicago: Only The Beginning","1984","25","1984-08-04","1","AMBIGUOUS","70","multiple_albums"
"RVTR765031","You Got It The Right Stuff","new kids on the block","new kids on the block","Greatest Hits | Hangin' Tough | No More Games/Remix Album","1988","26","1988-11-19","1","AMBIGUOUS","70","multiple_albums"
"RVTR765353","Single Ladies Put A Ring On It","beyonce","beyonce","Above And Beyonce: Video Collection & Dance Mixes (EP) | I Am...Sasha Fierce","2008","27","2008-11-01","1","AMBIGUOUS","70","multiple_albums"
"RVTR765887","Heaven Knows","donna summer","donna summer","Donna Summer | Endless Summer: Donna Summer's Greatest Hits | On The Radio: Greatest Hits: Volumes I & II | The Journey: The Very Best Of Donna Summer","1979","19","1979-01-13","1","AMBIGUOUS","70","multiple_albums"
"RVTR766141","Do Wah Diddy Diddy","manfred mann","manfred mann","The Manfred Mann Album | The Mighty Quinn","1964","13","1964-09-05","1","AMBIGUOUS","70","multiple_albums"
"RVTR766173","Upside Down","diana ross","diana ross","Diamond Diana: The Legacy Collection | Diana Ross Anthology | Ross (II)","1983","29","1980-07-12","1","AMBIGUOUS","70","multiple_albums"
"RVTR766356","Harvest For The World","The Isley Brothers","The Isley Brothers","Forever Gold | Harvest For The World | Taken To The Next Phase (Reconstructions)","1976","11","1976-08-21","1","AMBIGUOUS","70","multiple_albums"
"RVTR766542","Truckin'","grateful dead","grateful dead","American Beauty | Fare Thee Well: Chicago, IL, Soldier Field, July 3rd, 4th, 5th, 2015 | Flashback With The Grateful Dead | Pacific Northwest '73-'74: The Complete Collection | Road Trips: Vol. 4 No. 4: Spectrum 4-6-82 | Rockin' The Rhein With The Grateful Dead: Rheinhalle, Dusseldore, West | The Best Of The Grateful Dead: Live","1970","8","1971-11-27","1","AMBIGUOUS","70","multiple_albums"
"RVTR766807","Caught Up In The Rapture","anita baker","anita baker","Rapture | The Best Of Anita Baker","1986","18","1986-11-29","1","AMBIGUOUS","70","multiple_albums"
"RVTR767120","In Your Room","The Bangles","The Bangles","Everything | Greatest Hits","1988","20","1988-10-15","1","AMBIGUOUS","70","multiple_albums"
"RVTR767199","Nightrain","guns n' roses","guns n' roses","Appetite For Destruction | Live Era '87 -- '93","1987","5","1989-07-29","1","AMBIGUOUS","70","multiple_albums"
"RVTR767956","Blue Bayou","roy orbison","roy orbison","In Dreams | More Of Roy Orbison's Greatest Hits | Opus Collection | Super Hits","1963","10","1963-09-14","1","AMBIGUOUS","70","multiple_albums"
"RVTR768057","Slaughter On Tenth Avenue","The Ventures","The Ventures","The Ventures Knock Me Out! | The Ventures On Stage","1965","7","1964-10-24","1","AMBIGUOUS","70","multiple_albums"
"RVTR768114","People Gotta Move","gino vannelli","gino vannelli","Powerful People | The Best Of Gino Vannelli","1974","13","1974-09-21","1","AMBIGUOUS","70","multiple_albums"
"RVTR768743","Chocolate Chip","isaac hayes","isaac hayes","Chocolate Chip | Ultimate Isaac Hayes: Can You Dig It?","1975","2","1975-08-23","1","AMBIGUOUS","70","multiple_albums"
"RVTR768872","I Can Understand It","The New Birth","The New Birth","Birth Day | The Best Of The New Birth","1973","13","1973-03-24","1","AMBIGUOUS","70","multiple_albums"
"RVTR768982","I'M A Believer","neil diamond","neil diamond","Hot August Night III: Recorded Live At The Greek Theatre, Los Angeles | Hot August Night/NYC: Live From Madison Square Garden","2009","8","1971-06-26","1","AMBIGUOUS","70","multiple_albums"
"RVTR769222","Dirty Diana","michael jackson","michael jackson","Bad | Bad: 25 | Greatest Hits: HIStory -- Volume 1 | Number Ones","1987","14","1988-05-07","1","AMBIGUOUS","70","multiple_albums"
"RVTR769348","Jealous Again","The Black Crowes","The Black Crowes","Croweology | Greatest Hits 1990--1999: A Tribute To A Work In Progress... | Shake Your Money Maker","1990","9","1990-05-12","1","AMBIGUOUS","70","multiple_albums"
"RVTR769450","You Can'T Always Get What You Want","The Rolling Stones","The Rolling Stones","Flashpoint | Live Licks | Singles Collection - The London Years","1989","8","1973-04-28","1","AMBIGUOUS","70","multiple_albums"
"RVTR769895","You'Re Still The One","shania twain","shania twain","Greatest Hits | Still The One: Live From Las Vegas","2004","42","1998-02-14","1","AMBIGUOUS","70","multiple_albums"
"RVTR770204","Do You Love Me","The Dave Clark Five","The Dave Clark Five","Glad All Over | The Dave Clark Five's Greatest Hits | The History Of The Dave Clark Five","1964","10","1964-05-02","1","AMBIGUOUS","70","multiple_albums"
"RVTR770225","Fast Car","tracy chapman","tracy chapman","Greatest Hits | Tracy Chapman","1988","22","1988-06-04","1","AMBIGUOUS","70","multiple_albums"
"RVTR770898","It'S Over","eddy arnold","eddy arnold","The Best Of Eddy Arnold, Volume II | The Romantic World Of Eddy Arnold","1968","7","1968-05-18","1","AMBIGUOUS","70","multiple_albums"
"RVTR771135","Hey Little One","glen campbell","glen campbell","By The Time I Get To Phoenix | Hey, Little One | See You There","1967","7","1968-01-20","1","AMBIGUOUS","70","multiple_albums"
"RVTR771768","Round And Round","ratt","ratt","Out Of The Cellar | Ratt","1984","18","1984-06-16","1","AMBIGUOUS","70","multiple_albums"
"RVTR772059","Crocodile Rock","elton john","elton john","Diamonds | Don't Shoot Me I'm Only The Piano Player | Greatest Hits | Greatest Hits, Vol. III 1979-1987 | Here And There | Rocket Man: Number Ones","1973","17","1972-12-09","1","AMBIGUOUS","70","multiple_albums"
"RVTR772813","Is This Love","whitesnake","whitesnake","Whitesnake | Whitesnake's Greatest Hits","1987","19","1987-10-24","1","AMBIGUOUS","70","multiple_albums"
"RVTR772889","Holding Out For A Hero","bonnie tyler","bonnie tyler","Secret Dreams & Forbidden Fire | The Very Best Of Bonnie Tyler","1986","13","1984-02-25","1","AMBIGUOUS","70","multiple_albums"
"RVTR773043","Crazy Little Thing Called Love","queen","queen","Bohemian Rhapsody (Soundtrack) | Greatest Hits | Greatest Hits I II & III: The Platinum Collection | Greatest Hits: We Will Rock You | Live At Wembley | Stone Cold Classics | The Game","1980","22","1979-12-22","1","AMBIGUOUS","70","multiple_albums"
"RVTR773424","Set The Fire To The Third Bar","snow patrol","snow patrol","Eyes Open | Greatest Hits | Up To Now","2006","5","2010-01-30","1","AMBIGUOUS","70","multiple_albums"
"RVTR773950","It'S So Hard To Say Goodbye To Yesterday","boyz ii men","boyz ii men","Cooleyhighharmony (International Edition) | The Best Of Boyz II Men: 20th Century Masters The Millennium Collection","1994","22","1991-09-21","1","AMBIGUOUS","70","multiple_albums"
"RVTR773995","I Threw It All Away","bob dylan","bob dylan","Another Self Portrait: The Bootleg Series Vol. 10 (1969-1971) | Hard Rain | Nashville Skyline","1969","5","1969-05-17","1","AMBIGUOUS","70","multiple_albums"
"RVTR774311","Scotch And Soda","The Kingston Trio","The Kingston Trio","The Best Of The Kingston Trio | The Kingston Trio (Nick-Bob-John)","1963","7","1962-04-28","1","AMBIGUOUS","70","multiple_albums"
"RVTR774636","Getcha Back","The Beach Boys","The Beach Boys","Live: The 50th Anniversary Tour | The Beach Boys","1985","12","1985-05-25","1","AMBIGUOUS","70","multiple_albums"
"RVTR774700","Black Water","The Doobie Brothers","The Doobie Brothers","Best Of The Doobies | Greatest Hits | The Doobie Brothers Farewell Tour | What Were Once Vices Are Now Habits","1974","17","1974-12-21","1","AMBIGUOUS","70","multiple_albums"
"RVTR775060","I'Ve Been This Way Before","neil diamond","neil diamond","Hot August Night III: Recorded Live At The Greek Theatre, Los Angeles | Serenade","1974","7","1975-02-01","1","AMBIGUOUS","70","multiple_albums"
"RVTR776095","Leather And Lace","stevie nicks","stevie nicks","Bella Donna | Bella Donna (Deluxe Edition) | Crystal Visions... The Very Best Of Stevie Nicks | The Enchanted Works Of Stevie Nicks","1981","19","1981-10-24","1","AMBIGUOUS","70","multiple_albums"
"RVTR776233","Yesterday Once More","carpenters","carpenters","Now & Then | Singles: 1969-1981 | The Best Of The Carpenters: 20th Century Masters The Millennium Collection | The Singles 1969-1973 | Yesterday Once More","1973","14","1973-06-02","1","AMBIGUOUS","70","multiple_albums"
"RVTR776286","Sex As A Weapon","pat benatar","pat benatar","Best Shots | Seven The Hard Way","1985","13","1985-11-23","1","AMBIGUOUS","70","multiple_albums"
"RVTR776296","Wind Of Change","scorpions","scorpions","Comeblack | Crazy World | MTV Unplugged: In Athens","1990","25","1991-06-01","1","AMBIGUOUS","70","multiple_albums"
"RVTR776592","Carnival","natalie merchant","natalie merchant","Live In Concert | Paradise Is There: The New Tigerlily Recordings | Tigerlily","1995","31","1995-08-05","1","AMBIGUOUS","70","multiple_albums"
"RVTR776711","Friend Of Mine","kelly price","kelly price","Kelly | Soul Of A Woman","1998","20","1998-07-18","1","AMBIGUOUS","70","multiple_albums"
"RVTR776746","Since U Been Gone","kelly clarkson","kelly clarkson","Breakaway | Greatest Hits: Chapter One","2004","46","2004-12-18","1","AMBIGUOUS","70","multiple_albums"
"RVTR777185","Just Like Starting Over","john lennon","john lennon","Power To The People: The Hits | Working Class Hero: The Definitive Lennon","2005","22","1980-11-01","1","AMBIGUOUS","70","multiple_albums"
"RVTR777469","I Just Want To Dance With You","george strait","george strait","One Step At A Time | Strait Out Of The Box: Part 2","1998","19","1998-04-25","1","AMBIGUOUS","70","multiple_albums"
"RVTR777948","She Couldn'T Change Me","montgomery gentry","montgomery gentry","Carrying On | Playlist: The Very Best Of Montgomery Gentry","2001","21","2001-04-07","1","AMBIGUOUS","70","multiple_albums"
"RVTR778204","Rio","duran duran","duran duran","Decade | Rio","1982","13","1983-04-02","1","AMBIGUOUS","70","multiple_albums"
"RVTR778230","Every Light In The House","trace adkins","trace adkins","Dreamin' Out Loud | Greatest Hits Collection, Volume I","1996","9","1996-11-23","1","AMBIGUOUS","70","multiple_albums"
"RVTR778626","Make That Move","shalamar","shalamar","Three For Love | Uptown Festival","1977","8","1981-04-25","1","AMBIGUOUS","70","multiple_albums"
"RVTR778917","Can I Get A Witness","marvin gaye","marvin gaye","Gold | Marvin Gaye Anthology | Marvin Gaye Super Hits | Marvin Gaye's Greatest Hits | The Very Best Of Marvin Gaye","1964","16","1963-10-19","1","AMBIGUOUS","70","multiple_albums"
"RVTR779026","Jump","van halen","van halen","1984 | Best Of Volume 1","1984","21","1984-01-14","1","AMBIGUOUS","70","multiple_albums"
"RVTR779297","Waterloo","abba","abba","ABBA | Greatest Hits | The Best Of ABBA: 20th Century Masters The Millennium Collection | The Definitive Collection | The Singles (The First Ten Years) | Waterloo","1974","17","1974-06-01","1","AMBIGUOUS","70","multiple_albums"
"RVTR779320","Loving You Is Sweeter Than Ever","four tops","four tops","4 Tops On Top | Four Tops","1965","8","1966-05-28","1","AMBIGUOUS","70","multiple_albums"
"RVTR779620","Give It Up Or Turnit A Loose","james brown","james brown","James Brown Soul Classics | Revolution Of The Mind - Live At The Apollo, Volume III | Soul Brother No. 1","1971","9","1969-01-25","1","AMBIGUOUS","70","multiple_albums"
"RVTR779712","It Matters To Me","faith hill","faith hill","It Matters To Me | The Hits","1995","16","1995-12-23","1","AMBIGUOUS","70","multiple_albums"
"RVTR779914","One Man Band","three dog night","three dog night","Around The World With Three Dog Night | Golden Bisquits | Joy To The World-Their Greatest Hits | Naturally | The Complete Hit Singles","1970","11","1970-11-21","1","AMBIGUOUS","70","multiple_albums"
"RVTR779976","Wasted","carrie underwood","carrie underwood","Greatest Hits: Decade #1 | Some Hearts","2005","20","2007-02-17","1","AMBIGUOUS","70","multiple_albums"
"RVTR780335","Minstrel In The Gallery","jethro tull","jethro tull","Minstrel In The Gallery: 40th Anniversary: La Grande Edition | Repeat-The Best Of Jethro Tull, Vol. II","1975","4","1975-10-11","1","AMBIGUOUS","70","multiple_albums"
"RVTR780584","Old Man","neil young","neil young","Greatest Hits | Harvest | Live At Massey Hall 1971 | Live At The Cellar Door","1972","9","1972-04-29","1","AMBIGUOUS","70","multiple_albums"
"RVTR781056","In My Daughter'S Eyes","martina mcbride","martina mcbride","Martina | Martina McBride: Live In Concert","2003","16","2004-01-17","1","AMBIGUOUS","70","multiple_albums"
"RVTR781076","Jealous Guy","john lennon","john lennon","Imagine | Lennon Legend: The Very Best Of John Lennon | Power To The People: The Hits | The John Lennon Collection | Working Class Hero: The Definitive Lennon","1971","4","1988-10-15","1","AMBIGUOUS","70","multiple_albums"
"RVTR781169","Scenario","a tribe called quest","a tribe called quest","Hits, Rarities & Remixes | Low End Theory | The Anthology","1991","15","1992-06-06","1","AMBIGUOUS","70","multiple_albums"
"RVTR781226","One","u2","u2","Achtung Baby | The Best Of 1990-2000 | The Best Of 1990-2000 & B-Sides","1991","20","1992-03-14","1","AMBIGUOUS","70","multiple_albums"
"RVTR781236","Pretending","eric clapton","eric clapton","24 Nights | Clapton Chronicles: The Best Of Eric Clapton | Forever Man: The Best Of Eric Clapton | Journeyman | The Best Of Eric Clapton: 20th Century Masters The Millennium Collection","1989","11","1989-11-18","1","AMBIGUOUS","70","multiple_albums"
"RVTR781239","Baby Can I Hold You","tracy chapman","tracy chapman","Greatest Hits | Tracy Chapman","1988","12","1988-11-05","1","AMBIGUOUS","70","multiple_albums"
"RVTR781479","Crazy Love","The Allman Brothers Band","The Allman Brothers Band","A Decade Of Hits 1969-1979 | Enlightened Rogues | The Best Of Allman Brothers Band: 20th Century Masters: The Millennium Coll","1979","9","1979-03-24","1","AMBIGUOUS","70","multiple_albums"
"RVTR781826","That'S How Strong My Love Is","otis redding","otis redding","King & Queen | Pure Southern Soul: Otis Redding","1967","4","1965-01-30","1","AMBIGUOUS","70","multiple_albums"
"RVTR782072","Little Sister","queens of the stone age","queens of the stone age","Lullabies To Paralyze | Over The Years And Through The Woods","2005","9","2005-02-12","1","AMBIGUOUS","70","multiple_albums"
"RVTR782159","Turn To Stone","electric light orchestra","electric light orchestra","All Over The World: The Very Best Of Electric Light Orchestra | ELO's Greatest Hits | Mr. Blue Sky: The Very Best Of Electric Light Orchestra | Out Of The Blue","1977","15","1977-11-19","1","AMBIGUOUS","70","multiple_albums"
"RVTR782452","Hooray For Hazel","tommy roe","tommy roe","Dizzy | Sweet Pea","1966","13","1966-09-17","1","AMBIGUOUS","70","multiple_albums"
"RVTR782480","Giving You The Benefit","pebbles","pebbles","Always | Pebbles","1988","22","1990-08-18","1","AMBIGUOUS","70","multiple_albums"
"RVTR782544","I Honestly Love You","olivia newton-john","olivia newton-john","Back To Basics/Essential Collection 1971-1992 | If You Love Me Let Me Know | Magic: The Very Best Of Olivia Newton-John | Olivia Newton-John's Greatest Hits","1974","24","1974-08-17","1","AMBIGUOUS","70","multiple_albums"
"RVTR782868","Obsessed","mariah carey","mariah carey","Greatest Hits | Memoirs Of An Imperfect Angel","2001","21","2009-07-25","1","AMBIGUOUS","70","multiple_albums"
"RVTR782886","For God'S Sake Give More Power To The People","The Chi-lites","The Chi-lites","Chi-Lites | The Chi-Lites Greatest Hits","1972","11","1971-04-10","1","AMBIGUOUS","70","multiple_albums"
"RVTR783305","Love In The First Degree","alabama","alabama","Feels So Right | For The Record: 41 Number One Hits | The American Farewell Tour | Ultimate Alabama: 20 #1 Hits","1981","21","1981-11-14","1","AMBIGUOUS","70","multiple_albums"
"RVTR783475","Let It Be","The Beatles","The Beatles","Let It Be (Soundtrack) | Past Masters | The Beatles 1967-1970","1970","14","1970-03-21","1","AMBIGUOUS","70","multiple_albums"
"RVTR783873","The One You Love","glenn frey","glenn frey","No Fun Aloud | Solo Collection","1982","17","1982-08-21","1","AMBIGUOUS","70","multiple_albums"
"RVTR784165","Lay Your Hands On Me","thompson twins","thompson twins","Here's To Future Days | Thompson Twins Greatest Mixes","1985","20","1985-09-21","1","AMBIGUOUS","70","multiple_albums"
"RVTR784212","Day Dreaming","aretha franklin","aretha franklin","Aretha's Best | Ten Years Of Gold | Young, Gifted And Black","1972","12","1972-03-18","1","AMBIGUOUS","70","multiple_albums"
"RVTR784438","Feels Like The First Time","foreigner","foreigner","40: Forty Hits From Forty Years - 1977-2017 | Complete Greatest Hits | Extended Versions | Feels Like The First Time | Foreigner | Juke Box Heroes | No End In Sight: The Very Best Of Foreigner | Records | The Best Of Foreigner 4 & More","1977","22","1977-03-26","1","AMBIGUOUS","70","multiple_albums"
"RVTR784456","I Just Fall In Love Again","anne murray","anne murray","Duets: Friends & Legends | New Kind Of Feeling","1979","16","1979-01-27","1","AMBIGUOUS","70","multiple_albums"
"RVTR784563","On Bended Knee","boyz ii men","boyz ii men","II | Legacy: The Greatest Hits Collection","1994","27","1994-11-19","1","AMBIGUOUS","70","multiple_albums"
"RVTR784662","One Of These Nights","Eagles","Eagles","One Of These Nights | Selected Works: 1972--1999 | Their Greatest Hits 1971-1975 | Their Greatest Hits: Volumes 1 & 2","1975","17","1975-05-31","1","AMBIGUOUS","70","multiple_albums"
"RVTR784774","Mystic Eyes","them","them","Them | Them Featuring Van Morrison","1965","8","1965-10-30","1","AMBIGUOUS","70","multiple_albums"
"RVTR785204","Pop That Thang","The Isley Brothers","The Isley Brothers","Brother, Brother, Brother | The Isleys Live","1972","15","1972-07-01","1","AMBIGUOUS","70","multiple_albums"
"RVTR785292","Landlord","gladys knight and the pips","gladys knight and the pips","About Love | Gladys Knight & The Pips Greatest Hits","1970","9","1980-06-14","1","AMBIGUOUS","70","multiple_albums"
"RVTR785336","Woman From Tokyo","deep purple","deep purple","Deepest Purple: The Very Best Of Deep Purple | Nobody's Perfect | Who Do We Think We Are!","1973","6","1973-04-21","1","AMBIGUOUS","70","multiple_albums"
"RVTR785389","Barrel Of A Gun","depeche mode","depeche mode","Remixes 2: 81-11 (Deluxe Edition) | Ultra.","1997","5","1997-02-22","1","AMBIGUOUS","70","multiple_albums"
"RVTR785533","Somebody Told Me","The Killers","The Killers","Direct Hits | Hot Fuss","2004","20","2004-09-04","1","AMBIGUOUS","70","multiple_albums"
"RVTR785745","Baby I Need Your Loving","four tops","four tops","Four Tops | Four Tops Live! | Live & In Concert | The Best Of The 4 Tops","1965","12","1964-08-15","1","AMBIGUOUS","70","multiple_albums"
"RVTR785746","Name","goo goo dolls","goo goo dolls","A Boy Named Goo | Live In Buffalo - July 4th 2004 | Vol. 2","1995","36","1995-10-14","1","AMBIGUOUS","70","multiple_albums"
"RVTR785818","Selling The Drama","live","live","Awake: The Best Of Live | Throwing Copper","1994","19","1994-06-04","1","AMBIGUOUS","70","multiple_albums"
"RVTR785844","Touch Of Grey","grateful dead","grateful dead","Fare Thee Well: Chicago, IL, Soldier Field, July 3rd, 4th, 5th, 2015 | Flashback With The Grateful Dead | In The Dark | The Best Of The Grateful Dead: Live | The Very Best Of Grateful Dead | Truckin' Up To Buffalo, July 4, 1989","1987","15","1987-07-25","1","AMBIGUOUS","70","multiple_albums"
"RVTR786127","Sunset Grill","don henley","don henley","Actual Miles Henley's Greatest Hits | Building The Perfect Beast","1984","14","1985-08-31","1","AMBIGUOUS","70","multiple_albums"
"RVTR786193","Goodbye Time","blake shelton","blake shelton","Blake Shelton's Barn & Grill | Loaded: The Best Of Blake Shelton","2004","9","2005-06-11","1","AMBIGUOUS","70","multiple_albums"
"RVTR786214","Moneytalks","ac/dc","ac/dc","Live | The Razors Edge","1990","16","1990-12-08","1","AMBIGUOUS","70","multiple_albums"
"RVTR786358","Green River","creedence clearwater revival","creedence clearwater revival","Chronicle (The 20 Greatest Hits) | Green River | The Concert","1969","13","1969-08-02","1","AMBIGUOUS","70","multiple_albums"
"RVTR786964","Material Girl","madonna","madonna","Like A Virgin | The Immaculate Collection","1984","17","1985-02-09","1","AMBIGUOUS","70","multiple_albums"
"RVTR787128","Saturday Night Special","lynyrd skynyrd","lynyrd skynyrd","All Time Greatest Hits | Endangered Species | Family | One More For The Fans | The Best Of Lynyrd Skynyrd: 20th Century Masters The Millennium Collection | Thyrty: 30th Anniversary Collection (Limited Edition)","1994","9","1975-06-14","1","AMBIGUOUS","70","multiple_albums"
"RVTR788473","Fame And Fortune","elvis presley","elvis presley","Golden Records Vol. 3 | Platinum: A Life In Music","1963","10","1960-04-09","1","AMBIGUOUS","70","multiple_albums"
"RVTR788857","Slow Motion","juvenile","juvenile","Juve The Great | The Greatest Hits","2004","28","2004-05-01","1","AMBIGUOUS","70","multiple_albums"
"RVTR788886","Bad Medicine","bon jovi","bon jovi","New Jersey | One Wild Night: Live 1985--2001 | This Left Feels Right","1988","20","1988-09-24","1","AMBIGUOUS","70","multiple_albums"
"RVTR789035","You","bonnie raitt","bonnie raitt","Longing In Their Hearts | The Best Of Bonnie Raitt On Capitol 1989-2003","1994","7","1994-08-06","1","AMBIGUOUS","70","multiple_albums"
"RVTR789042","I Guess The Lord Must Be In New York City","nilsson","nilsson","Greatest Hits | Harry","1969","7","1969-11-01","1","AMBIGUOUS","70","multiple_albums"
"RVTR789133","You'Re My Latest My Greatest Inspiration","teddy pendergrass","teddy pendergrass","It's Time For Love | The Essential Teddy Pendergrass","1981","11","1982-01-09","1","AMBIGUOUS","70","multiple_albums"
"RVTR789484","If You Ever Stop Loving Me","montgomery gentry","montgomery gentry","Something To Be Proud Of: The Best Of 1999-2005 | You Do Your Thing","2004","20","2004-04-17","1","AMBIGUOUS","70","multiple_albums"
"RVTR790025","Angie","The Rolling Stones","The Rolling Stones","Goats Head Soup | Jump Back: The Best Of The Rolling Stones: '71-'93 | Live Licks | Made In The Shade","1973","16","1973-09-08","1","AMBIGUOUS","70","multiple_albums"
"RVTR790213","You Met Your Match","stevie wonder","stevie wonder","For Once In My Life | Stevie Wonder's Greatest Hits, Vol. 2","1969","7","1968-07-20","1","AMBIGUOUS","70","multiple_albums"
"RVTR790344","Ain'T Nobody Home","b.b. king","b.b. king","Friends | The Best Of B.B. King: 20th Century Masters The Millenium Collection","1974","12","1971-11-13","1","AMBIGUOUS","70","multiple_albums"
"RVTR791064","It'S Your Love","tim mcgraw","tim mcgraw","35 Biggest Hits | Everywhere | Greatest Hits: Limited Edition | Love Story","1997","20","1997-05-17","1","AMBIGUOUS","70","multiple_albums"
"RVTR791147","Jealousy","natalie merchant","natalie merchant","Paradise Is There: The New Tigerlily Recordings | Tigerlily","1995","20","1996-06-15","1","AMBIGUOUS","70","multiple_albums"
"RVTR791241","Clap For The Wolfman","The Guess Who","The Guess Who","Greatest Of The Guess Who | Road Food","1971","16","1974-07-20","1","AMBIGUOUS","70","multiple_albums"
"RVTR791344","When The Lady Smiles","golden earring","golden earring","N.E.W.S. | Something Heavy Going Down","1984","4","1984-03-24","1","AMBIGUOUS","70","multiple_albums"
"RVTR791567","Satisfied Man","molly hatchet","molly hatchet","Double Trouble Live | The Deed Is Done","1984","5","1984-10-20","1","AMBIGUOUS","70","multiple_albums"
"RVTR792144","Demons","imagine dragons","imagine dragons","Continued Silence (EP) | Night Visions","2012","61","2013-01-26","1","AMBIGUOUS","70","multiple_albums"
"RVTR792249","If Anyone Falls","stevie nicks","stevie nicks","Crystal Visions... The Very Best Of Stevie Nicks | The Wild Heart | Timespace: Best Of Stevie Nicks","1983","14","1983-09-10","1","AMBIGUOUS","70","multiple_albums"
"RVTR792739","Stoned Soul Picnic","The 5th Dimension","The 5th Dimension","Greatest Hits On Earth | Stoned Soul Picnic","1968","16","1968-06-01","1","AMBIGUOUS","70","multiple_albums"
"RVTR792765","Me Against The Music","britney spears","britney spears","Greatest Hits: My Prerogative | In The Zone | The Singles Collection","2003","13","2003-10-25","1","AMBIGUOUS","70","multiple_albums"
"RVTR792980","I'M So Afraid Of Losing You Again","charley pride","charley pride","Charley Pride: In Person | Just Plain Charley","1969","6","1969-11-08","1","AMBIGUOUS","70","multiple_albums"
"RVTR793697","Free","deniece williams","deniece williams","Niecy | This Is Niecy","1976","20","1976-12-11","1","AMBIGUOUS","70","multiple_albums"
"RVTR793726","Let Your Love Go","bread","bread","Manna | The Best Of Bread","1971","10","1971-01-02","1","AMBIGUOUS","70","multiple_albums"
"RVTR794245","One Of The Boys","mott the hoople","mott the hoople","All The Young Dudes | Mott The Hoople Live | The Hoople","1972","1","1973-01-27","1","AMBIGUOUS","70","multiple_albums"
"RVTR794444","She'S In Love","mark wills","mark wills","Greatest Hits | Wish You Were Here","1964","10","1999-09-11","1","AMBIGUOUS","70","multiple_albums"
"RVTR794515","Night Fever","bee gees","bee gees","Bee Gees: Opus Collection | The Ultimate Bee Gees","2009","20","1978-02-04","1","AMBIGUOUS","70","multiple_albums"
"RVTR794578","The Way Of Love","cher","cher","Greatest Hits | Gypsys, Tramps & Thieves | If I Could Turn Back Time -- Cher's Greatest Hits","1971","13","1972-01-29","1","AMBIGUOUS","70","multiple_albums"
"RVTR795033","Sweet Nothin'S","brenda lee","brenda lee","10 Golden Years | The Best Of Brenda Lee: 20th Century Masters The Christmas Collection","1966","24","1959-12-19","1","AMBIGUOUS","70","multiple_albums"
"RVTR795178","One Way Love","tka","tka","Greatest Hits | Scars Of Love","1988","9","1986-06-07","1","AMBIGUOUS","70","multiple_albums"
"RVTR795272","Put Your Head On My Shoulder","paul anka","paul anka","Anka | Paul Anka's 21 Golden Hits","1963","18","1959-08-29","1","AMBIGUOUS","70","multiple_albums"
"RVTR796879","There But For Fortune","joan baez","joan baez","Best Of Joan Baez | Hits/Greatest & Others | Joan Baez | Joan Baez/5 | The First 10 Years","1963","7","1965-09-11","1","AMBIGUOUS","70","multiple_albums"
"RVTR796943","Pride And Joy","marvin gaye","marvin gaye","Gold | Marvin Gaye Anthology | Marvin Gaye Super Hits","1970","14","1963-05-18","1","AMBIGUOUS","70","multiple_albums"
"RVTR797177","Chug A Lug","roger miller","roger miller","Golden Hits | Roger Miller","1965","13","1964-09-05","1","AMBIGUOUS","70","multiple_albums"
"RVTR797939","Georgy Porgy","toto","toto","Greatest Hits: 40 Trips Around The Sun | Toto","1978","10","1979-04-28","1","AMBIGUOUS","70","multiple_albums"
"RVTR797951","Something","The Beatles","The Beatles","Abbey Road | Love Songs | Songs, Pictures And Stories Of The Fabulous Beatles | The Beatles 1967-1970","1964","6","1969-10-18","1","AMBIGUOUS","70","multiple_albums"
"RVTR798324","Hey Jude","The Beatles","The Beatles","Hey Jude | Past Masters | Songs, Pictures And Stories Of The Fabulous Beatles | The Beatles 1967-1970","1964","19","1968-09-14","1","AMBIGUOUS","70","multiple_albums"
"RVTR798629","I Love This Bar","toby keith","toby keith","Shock'n Y'All | Toby Keith","1993","20","2003-09-06","1","AMBIGUOUS","70","multiple_albums"
"RVTR798899","Tell Her","lonestar","lonestar","From There To Here: Greatest Hits | Lonely Grill","1999","20","2000-11-18","1","AMBIGUOUS","70","multiple_albums"
"RVTR799567","Venus","bananarama","bananarama","Greatest Hits Collection | True Confessions","1986","19","1986-06-28","1","AMBIGUOUS","70","multiple_albums"
"RVTR799671","Speed","montgomery gentry","montgomery gentry","My Town | Playlist: The Very Best Of Montgomery Gentry | Something To Be Proud Of: The Best Of 1999-2005","2002","20","2003-03-22","1","AMBIGUOUS","70","multiple_albums"
"RVTR799713","A Well Respected Man","The Kinks","The Kinks","Kinda Kinks | The Kinks Greatest Hits! | The Live Kinks","1965","14","1965-12-04","1","AMBIGUOUS","70","multiple_albums"
"RVTR800507","Ride With Me","steppenwolf","steppenwolf","16 Greatest Hits | For Ladies Only","1971","8","1971-07-17","1","AMBIGUOUS","70","multiple_albums"
"RVTR800753","Is She Really Going Out With Him","joe jackson","joe jackson","Live 1980/86 | Look Sharp","1979","15","1979-06-09","1","AMBIGUOUS","70","multiple_albums"
"RVTR800934","Love Will Never Do Without You","janet jackson","janet jackson","Design Of A Decade 1986/1996 | Janet Jackson's Rhythm Nation 1814","1989","22","1990-11-17","1","AMBIGUOUS","70","multiple_albums"
"RVTR801000","Where The Green Grass Grows","tim mcgraw","tim mcgraw","Everywhere | Greatest Hits: Limited Edition","1997","4","1998-12-05","1","AMBIGUOUS","70","multiple_albums"
"RVTR801815","United Together","aretha franklin","aretha franklin","Aretha | Greatest Hits (1980-1994)","1980","8","1980-12-27","1","AMBIGUOUS","70","multiple_albums"
"RVTR802215","Jungle Love","The Steve Miller Band","The Steve Miller Band","Book Of Dreams | Greatest Hits 1974-78","1977","14","1977-08-06","1","AMBIGUOUS","70","multiple_albums"
"RVTR802343","Lady Willpower","gary puckett and the union gap","gary puckett and the union gap","Gary Puckett & The Union Gap's Greatest Hits | Incredible","1968","13","1968-06-08","1","AMBIGUOUS","70","multiple_albums"
"RVTR802869","Take Time To Know Her","percy sledge","percy sledge","Take Time To Know Her | The Best Of Percy Sledge | When A Man Loves A Woman","1966","14","1968-03-16","1","AMBIGUOUS","70","multiple_albums"
"RVTR803949","One Fine Day","rita coolidge","rita coolidge","Rita Coolidge | Satisfied","1971","7","1979-09-01","1","AMBIGUOUS","70","multiple_albums"
"RVTR804234","Big Star","kenny chesney","kenny chesney","Live In No Shoes Nation | No Shoes, No Shirt, No Problems","2002","20","2003-02-22","1","AMBIGUOUS","70","multiple_albums"
"RVTR804263","All I Ask For Anymore","trace adkins","trace adkins","The Definitive Greatest Hits: Til The Last Shot's Fired | X: Ten","2008","2","2009-12-12","1","AMBIGUOUS","70","multiple_albums"
"RVTR804364","Baby Jane","rod stewart","rod stewart","Body Wishes | Storyteller/Complete Anthology: 1964-1990","1983","14","1983-05-28","1","AMBIGUOUS","70","multiple_albums"
"RVTR804452","Saturday Night","bay city rollers","bay city rollers","Bay City Rollers | Greatest Hits","1975","17","1975-10-11","1","AMBIGUOUS","70","multiple_albums"
"RVTR804502","Know No Better","major lazer","major lazer","Know No Better EP | Major Lazer Essentials","2017","3","2017-06-24","1","AMBIGUOUS","70","multiple_albums"
"RVTR804947","Mixed Emotions","The Rolling Stones","The Rolling Stones","Jump Back: The Best Of The Rolling Stones: '71-'93 | Steel Wheels","1989","12","1989-09-02","1","AMBIGUOUS","70","multiple_albums"
"RVTR805063","Fell For You","The Dramatics","The Dramatics","A Dramatic Experience | Whatcha See Is Whatcha Get","1972","10","1973-10-27","1","AMBIGUOUS","70","multiple_albums"
"RVTR806058","Sure Be Cool If You Did","blake shelton","blake shelton","Based On A True Story ... | Reloaded: 20 #1 Hits","2013","20","2013-01-26","1","AMBIGUOUS","70","multiple_albums"
"RVTR806243","Tragedy","bee gees","bee gees","Bee Gees: Opus Collection | Spirits Having Flown | The Ultimate Bee Gees","1979","20","1979-02-10","1","AMBIGUOUS","70","multiple_albums"
"RVTR806779","Fly To The Angels","slaughter","slaughter","Stick It Live | Stick It To Ya","1990","18","1990-08-18","1","AMBIGUOUS","70","multiple_albums"
"RVTR807140","You Take Me Up","thompson twins","thompson twins","Into The Gap | Thompson Twins Greatest Mixes","1984","9","1984-08-25","1","AMBIGUOUS","70","multiple_albums"
"RVTR807569","I Don'T Wanna Go On With You Like That","elton john","elton john","Greatest Hits 1970-2002 | Reg Strikes Back","1988","18","1988-06-18","1","AMBIGUOUS","70","multiple_albums"
"RVTR807898","The Kid Is Hot Tonite","loverboy","loverboy","Big Ones | Loverboy","1981","7","1981-06-20","1","AMBIGUOUS","70","multiple_albums"
"RVTR807998","How To Save A Life","The Fray","The Fray","How To Save A Life | Through The Years: The Best Of The Fray","2005","58","2006-04-15","1","AMBIGUOUS","70","multiple_albums"
"RVTR808702","Pressure","billy joel","billy joel","A Matter Of Trust: The Bridge to Russia: The Concert | The Nylon Curtain","1982","17","1982-09-25","1","AMBIGUOUS","70","multiple_albums"
"RVTR808721","I Made It Through The Rain","barry manilow","barry manilow","Barry | Greatest Hits-vol Ii | Ultimate Manilow","1980","16","1980-11-22","1","AMBIGUOUS","70","multiple_albums"
"RVTR809271","Lost","jerry butler","jerry butler","Mr. Dream Merchant | The Best Of Jerry Butler | The Ice Man Cometh","1968","6","1967-12-30","1","AMBIGUOUS","70","multiple_albums"
"RVTR809976","4 Seasons Of Loneliness","boyz ii men","boyz ii men","Evolution | The Best Of Boyz II Men: 20th Century Masters The Millennium Collection","1997","20","1997-09-27","1","AMBIGUOUS","70","multiple_albums"
"RVTR810086","Jim Dandy","black oak arkansas","black oak arkansas","High On The Hog | Live! Mutha","1973","13","1973-12-15","1","AMBIGUOUS","70","multiple_albums"
"RVTR810291","Do It For Love","sheena easton","sheena easton","Do You | Sheena Easton","1981","14","1985-10-26","1","AMBIGUOUS","70","multiple_albums"
"RVTR810701","Everybody Knows","The Dave Clark Five","The Dave Clark Five","Coast To Coast | The Dave Clark Five's Greatest Hits","1965","8","1967-12-16","1","AMBIGUOUS","70","multiple_albums"
"RVTR810843","Waiting At The Bus Stop","bobby sherman","bobby sherman","Bobby Sherman's Greatest Hits | Getting Together","1971","5","1971-08-21","1","AMBIGUOUS","70","multiple_albums"
"RVTR810909","Physical","olivia newton-john","olivia newton-john","Back To Basics/Essential Collection 1971-1992 | Olivia's Greatest Hits, Vol. 2 | Physical","1981","26","1981-10-03","1","AMBIGUOUS","70","multiple_albums"
"RVTR810910","Tonight","The Whispers","The Whispers","Love For Love | The Best Of The Whispers","1982","4","1983-04-30","1","AMBIGUOUS","70","multiple_albums"
"RVTR810928","I'M Sorry","brenda lee","brenda lee","10 Golden Years | The Best Of Brenda Lee: 20th Century Masters The Christmas Collection","1966","23","1960-05-28","1","AMBIGUOUS","70","multiple_albums"
"RVTR811247","She Loves You","The Beatles","The Beatles","1 | 20 Greatest Hits | Early Beatles | Live At The Hollywood Bowl | On Air: Live At The BBC Volume 2 | Past Masters | The Beatles 1962-1966","1965","15","1964-01-25","1","AMBIGUOUS","70","multiple_albums"
"RVTR811462","Jody'S Got Your Girl And Gone","johnnie taylor","johnnie taylor","Johnnie Taylor's Greatest Hits | One Step Beyond","1970","10","1971-01-16","1","AMBIGUOUS","70","multiple_albums"
"RVTR812193","Simple Life","elton john","elton john","Rocket Man: Number Ones | The One","1992","16","1993-02-27","1","AMBIGUOUS","70","multiple_albums"
"RVTR812624","Sail On","commodores","commodores","All The Greatest Hits | Commodores Anthology | Midnight Magic | The Best Of The Commodores: 20th Century Masters...","1979","17","1979-08-11","1","AMBIGUOUS","70","multiple_albums"
"RVTR812999","Strangers In The Night","frank sinatra","frank sinatra","Nothing But The Best | Strangers In Night","1966","15","1966-05-07","1","AMBIGUOUS","70","multiple_albums"
"RVTR813309","My Dearest Darling","etta james","etta james","At Last! | Etta James Top Ten | Her Best","1963","13","1960-09-17","1","AMBIGUOUS","70","multiple_albums"
"RVTR813537","I'M So Proud","The Impressions","The Impressions","The Best Of The Impressions | The Impressions Greatest Hits","1965","11","1964-04-04","1","AMBIGUOUS","70","multiple_albums"
"RVTR814190","Come Together","aerosmith","aerosmith","Aerosmith's Greatest Hits | Live Bootleg","1978","12","1978-08-05","1","AMBIGUOUS","70","multiple_albums"
"RVTR814519","Help The Poor","b.b. king","b.b. king","B.B. King & Friends: 80 | Live At The Regal","1971","4","1964-06-27","1","AMBIGUOUS","70","multiple_albums"
"RVTR814836","If I Ruled The World","tony bennett","tony bennett","Duets: An American Classic | If I Ruled The World - Songs For The Jet Set","1965","9","1965-02-13","1","AMBIGUOUS","70","multiple_albums"
"RVTR815195","Light Of A Clear Blue Morning","dolly parton","dolly parton","For God And Country | New Harvest...first Gathering","1977","5","1977-06-18","1","AMBIGUOUS","70","multiple_albums"
"RVTR815345","The Rubberband Man","The Spinners","The Spinners","Best Of Spinners | Happiness Is Being With The Spinners","1973","21","1976-09-11","1","AMBIGUOUS","70","multiple_albums"
"RVTR815563","Jambalaya On The Bayou","nitty gritty dirt band","nitty gritty dirt band","All The Good Times | Stars & Stripes Forever","1972","3","1972-04-01","1","AMBIGUOUS","70","multiple_albums"
"RVTR815612","My Generation","The Who","The Who","BBC Sessions | Greatest Hits | Live At The Isle Of Wight Festival 1970 | Meaty Beaty Big And Bouncy | The Kids Are Alright (Soundtrack) | The Ultimate Collection | The Who Hits 50! | The Who Then And Now!: 1964-2004 | Who's Last","1971","5","1966-01-15","1","AMBIGUOUS","70","multiple_albums"
"RVTR815712","Life In The Fast Lane","Eagles","Eagles","Greatest Hits: Volume 2 | Hotel California | Selected Works: 1972--1999","1976","15","1977-02-12","1","AMBIGUOUS","70","multiple_albums"
"RVTR816046","I O I O","bee gees","bee gees","Best Of Bee Gees, Vol. 2 | Cucumber Castle","1970","1","1970-07-11","1","AMBIGUOUS","70","multiple_albums"
"RVTR816495","South Side","moby","moby","Play | Play: The B-Sides","1999","31","2000-12-02","1","AMBIGUOUS","70","multiple_albums"
"RVTR816509","See Saw","aretha franklin","aretha franklin","Aretha (II) | Aretha Now | Ten Years Of Gold | The Very Best Of Aretha Franklin, The '60s","1968","8","1968-11-23","1","AMBIGUOUS","70","multiple_albums"
"RVTR816924","Lullaby","The Cure","The Cure","Disintegration | Galore: The Singles 1987-1997 | Greatest Hits | Show","1989","8","1989-12-02","1","AMBIGUOUS","70","multiple_albums"
"RVTR817112","She Blinded Me With Science","thomas dolby","thomas dolby","Blinded By Science | The Golden Age Of Wireless","1983","22","1983-02-19","1","AMBIGUOUS","70","multiple_albums"
"RVTR817431","Wavelength","van morrison","van morrison","Still On Top - The Greatest Hits | Wavelength","1978","11","1978-09-16","1","AMBIGUOUS","70","multiple_albums"
"RVTR818025","Passionate Kisses","mary chapin carpenter","mary chapin carpenter","Come On Come On | Party Doll And Other Favorites","1992","11","1993-02-13","1","AMBIGUOUS","70","multiple_albums"
"RVTR818339","California Soul","The 5th Dimension","The 5th Dimension","Reflections | Stoned Soul Picnic","1968","9","1968-12-21","1","AMBIGUOUS","70","multiple_albums"
"RVTR818354","Blue Velvet","bobby vinton","bobby vinton","16 Most Requested Songs | Blue Velvet | Bobby Vinton's All-Time Greatest Hits | Bobby Vinton's Greatest Hits | Vinton","1963","15","1963-08-10","1","AMBIGUOUS","70","multiple_albums"
"RVTR819065","Just One Look","The Hollies","The Hollies","The Hollies' Greatest Hits | What Goes Around","1967","8","1964-05-16","1","AMBIGUOUS","70","multiple_albums"
"RVTR819681","Just Another Night","mick jagger","mick jagger","She's The Boss | The Very Best Of Mick Jagger","1985","14","1985-02-09","1","AMBIGUOUS","70","multiple_albums"
"RVTR819998","Maybe","sick puppies","sick puppies","Polar Opposite (EP) | Tri-Polar","2009","15","2010-12-11","1","AMBIGUOUS","70","multiple_albums"
"RVTR820127","Down On Love","foreigner","foreigner","40: Forty Hits From Forty Years - 1977-2017 | Agent Provocateur","1985","8","1985-08-17","1","AMBIGUOUS","70","multiple_albums"
"RVTR820267","Look What You Done For Me","al green","al green","Greatest Hits | I'm Still In Love With You | The Definitive Greatest Hits | What Makes The World Go Round?","1972","12","1972-04-01","1","AMBIGUOUS","70","multiple_albums"
"RVTR820286","Love Letters","elvis presley","elvis presley","Elvis' Gold Records, Volume 4 | Love Letters From Elvis","1968","7","1966-07-02","1","AMBIGUOUS","70","multiple_albums"
"RVTR820606","Powerful","major lazer","major lazer","Major Lazer Essentials | Peace Is The Mission","2015","6","2015-10-10","1","AMBIGUOUS","70","multiple_albums"
"RVTR820617","Fastlove","george michael","george michael","Ladies & Gentlemen: The Best Of George Michael | Older","1996","19","1996-05-11","1","AMBIGUOUS","70","multiple_albums"
"RVTR820685","Just Like Jesse James","cher","cher","Heart Of Stone | If I Could Turn Back Time -- Cher's Greatest Hits | The Very Best Of Cher | The Very Best Of Cher: Special Edition","1989","18","1989-10-21","1","AMBIGUOUS","70","multiple_albums"
"RVTR820801","The Second Time Around","shalamar","shalamar","Big Fun | Uptown Festival","1977","23","1979-12-08","1","AMBIGUOUS","70","multiple_albums"
"RVTR821373","Into The Ocean","blue october","blue october","Foiled | Foiled For The Last Time | Things We Do At Night (Live From Texas) | Ugly Side: An Acoustic Evening With Blue October","2006","20","2006-12-23","1","AMBIGUOUS","70","multiple_albums"
"RVTR821404","Have You Seen Her Face","The Byrds","The Byrds","The Byrds' Greatest Hits | Younger Than Yesterday","1967","4","1967-06-10","1","AMBIGUOUS","70","multiple_albums"
"RVTR821476","Fly Away","john denver","john denver","John Denver's Greatest Hits, Volume 2 | Wildlife Concert | Windsong","1975","12","1975-12-06","1","AMBIGUOUS","70","multiple_albums"
"RVTR821548","Walk On By","dionne warwick","dionne warwick","Dionne Warwick In Paris | Just Being Myself | Make Way For Dionne Warwick","1964","13","1964-04-25","1","AMBIGUOUS","70","multiple_albums"
"RVTR821761","I'M Not Giving You Up","gloria estefan","gloria estefan","Destiny | Greatest Hits Vol. II","1996","19","1996-12-07","1","AMBIGUOUS","70","multiple_albums"
"RVTR821816","Sweet Dreams","air supply","air supply","Greatest Hits | The One That You Love | Ultimate Air Supply","1981","20","1981-12-12","1","AMBIGUOUS","70","multiple_albums"
"RVTR821822","I'M Gonna Be Strong","gene pitney","gene pitney","It Hurts To Be In Love | Looking Through The Eyes Of Love","1964","12","1964-10-24","1","AMBIGUOUS","70","multiple_albums"
"RVTR821973","The Best Disco In Town","The Ritchie Family","The Ritchie Family","African Queens | Arabian Nights","1976","20","1976-08-28","1","AMBIGUOUS","70","multiple_albums"
"RVTR822159","Strut","sheena easton","sheena easton","A Private Heaven | Sheena Easton","1981","25","1984-08-25","1","AMBIGUOUS","70","multiple_albums"
"RVTR822285","I Was Looking For Someone To Love","leif garrett","leif garrett","Leif Garrett | Same Goes For You","1977","5","1980-04-12","1","AMBIGUOUS","70","multiple_albums"
"RVTR822485","Don'T Be Stupid You Know I Love You","shania twain","shania twain","Greatest Hits | Still The One: Live From Las Vegas","2004","16","1997-12-06","1","AMBIGUOUS","70","multiple_albums"
"RVTR822528","Good Time Sally","rare earth","rare earth","Rare Earth | Willie Remembers..","1972","8","1972-11-04","1","AMBIGUOUS","70","multiple_albums"
"RVTR822576","Life Goes On","poison","poison","Best Of Ballads & Blues | Flesh And Blood | Swallow This Live","1990","13","1991-05-04","1","AMBIGUOUS","70","multiple_albums"
"RVTR822606","I Just Can'T Help Believing","b.j. thomas","b.j. thomas","Everybody's Out Of Town | Greatest Hits, Volume Two","1970","13","1970-06-20","1","AMBIGUOUS","70","multiple_albums"
"RVTR822961","Be True To Your School","The Beach Boys","The Beach Boys","Endless Summer | Little Deuce Coupe | The Greatest Hits Volume 1: 20 Good Vibrations","1963","12","1963-11-02","1","AMBIGUOUS","70","multiple_albums"
"RVTR823073","Desert Rose","sting","sting","Best Of 25 Years | Brand New Day","1999","26","2000-05-13","1","AMBIGUOUS","70","multiple_albums"
"RVTR823099","Matchbox","The Beatles","The Beatles","Past Masters | Something New","1964","8","1964-09-05","1","AMBIGUOUS","70","multiple_albums"
"RVTR823136","Through The Years","kenny rogers","kenny rogers","21 Number Ones | Share Your Love","1981","15","1981-12-26","1","AMBIGUOUS","70","multiple_albums"
"RVTR823247","I Gotcha","joe tex","joe tex","I Gotcha | The Best Of Joe Tex","1967","21","1972-01-22","1","AMBIGUOUS","70","multiple_albums"
"RVTR823834","Ask The Lonely","four tops","four tops","Four Tops | Four Tops Live! | Live & In Concert | The Best Of The 4 Tops","1965","8","1965-02-06","1","AMBIGUOUS","70","multiple_albums"
"RVTR824150","1901","phoenix","phoenix","iTunes Live From SoHo | Wolfgang Amadeus Phoenix","2009","13","2009-12-19","1","AMBIGUOUS","70","multiple_albums"
"RVTR824794","Sorry Seems To Be The Hardest Word","elton john","elton john","Blue Moves | Elton John's Greatest Hits, Volume II | Greatest Hits 1970-2002 | Love Songs | Rocket Man: Number Ones","1976","14","1976-11-13","1","AMBIGUOUS","70","multiple_albums"
"RVTR825285","Armageddon It","def leppard","def leppard","Hysteria | Vault: Greatest Hits 1980-1995 | Viva! Hysteria: Live At The Joint, Las Vegas","1987","18","1988-11-19","1","AMBIGUOUS","70","multiple_albums"
"RVTR825301","If I Was Your Girlfriend","prince","prince","Sign 'O' The Times | The Hits 2 | The Hits/The B-Sides","1987","6","1987-05-30","1","AMBIGUOUS","70","multiple_albums"
"RVTR825342","Let Me Serenade You","three dog night","three dog night","Cyan | Joy To The World-Their Greatest Hits | The Best Of Three Dog Night: 20th Century Masters...","1973","12","1973-10-27","1","AMBIGUOUS","70","multiple_albums"
"RVTR825550","Love You Inside Out","bee gees","bee gees","Bee Gees: Opus Collection | Spirits Having Flown","1979","19","1979-04-21","1","AMBIGUOUS","70","multiple_albums"
"RVTR825807","Heart To Heart","kenny loggins","kenny loggins","High Adventure | Yesterday, Today, Tomorrow: The Greatest Hits Of Kenny Loggins","1982","17","1982-11-27","1","AMBIGUOUS","70","multiple_albums"
"RVTR825875","One Less Bell To Answer","The 5th Dimension","The 5th Dimension","Greatest Hits On Earth | Portrait","1970","19","1970-10-24","1","AMBIGUOUS","70","multiple_albums"
"RVTR825989","Fortunate Son","creedence clearwater revival","creedence clearwater revival","Chronicle (The 20 Greatest Hits) | Creedence Clearwater Revival: Collector's Edition | Live In Europe | More Creedence Gold | The Concert","1968","4","1969-11-01","1","AMBIGUOUS","70","multiple_albums"
"RVTR826095","Painted Picture","commodores","commodores","All The Greatest Hits | Commodores Anthology","1982","6","1982-12-04","1","AMBIGUOUS","70","multiple_albums"
"RVTR826100","Games Without Frontiers","peter gabriel","peter gabriel","Hit | Peter Gabriel (III) | Scratch My Back/And I'll Scratch Yours | Shaking The Tree - 16 Golden Greats | So: (25th Anniversary Deluxe Edition)","1980","11","1980-08-16","1","AMBIGUOUS","70","multiple_albums"
"RVTR826208","This Is It","kenny loggins","kenny loggins","Keep The Fire | Yesterday, Today, Tomorrow: The Greatest Hits Of Kenny Loggins","1979","23","1979-10-20","1","AMBIGUOUS","70","multiple_albums"
"RVTR826257","Back When","tim mcgraw","tim mcgraw","Greatest Hits 3 | Live Like You Were Dying","2004","19","2004-10-23","1","AMBIGUOUS","70","multiple_albums"
"RVTR826540","Don'T Cry","asia","asia","Alpha | Then & Now","1983","13","1983-07-30","1","AMBIGUOUS","70","multiple_albums"
"RVTR826567","Only Yesterday","carpenters","carpenters","Horizon | The Best Of The Carpenters: 20th Century Masters The Millennium Collection","1975","13","1975-03-29","1","AMBIGUOUS","70","multiple_albums"
"RVTR826770","If I Were A Carpenter","four tops","four tops","Four Tops Greatest Hits, Vol. 2 | Four Tops Reach Out | The Best Of The 4 Tops","1967","10","1968-04-27","1","AMBIGUOUS","70","multiple_albums"
"RVTR827714","I Found Sunshine","The Chi-lites","The Chi-lites","Chi-Lites | The Chi-Lites Greatest Hits","1972","10","1973-11-17","1","AMBIGUOUS","70","multiple_albums"
"RVTR828046","Back In Black","ac/dc","ac/dc","Back In Black | Iron Man 2 (Soundtrack) | Live | Live At River Plate | Live: Special Collector's Edition | Sight & Sound Collection","1980","15","1980-12-20","1","AMBIGUOUS","70","multiple_albums"
"RVTR828120","No One Is To Blame","howard jones","howard jones","Action Replay | Dream Into Action","1985","23","1986-04-12","1","AMBIGUOUS","70","multiple_albums"
"RVTR828174","Cheeseburger In Paradise","jimmy buffett","jimmy buffett","Feeding Frenzy | Son Of A Son Of A Sailor | Songs You Know By Heart: Jimmy Buffett's Greatest Hit(s)","1978","11","1978-04-22","1","AMBIGUOUS","70","multiple_albums"
"RVTR828188","Your Wildest Dreams","The Moody Blues","The Moody Blues","A Night At Red Rocks | Greatest Hits | The Other Side Of Life","1986","21","1986-04-19","1","AMBIGUOUS","70","multiple_albums"
"RVTR828458","Crawling Back To You","daughtry","daughtry","Break The Spell | It's Not Over... The Hits So Far","2011","10","2011-10-22","1","AMBIGUOUS","70","multiple_albums"
"RVTR828616","Radioactive","imagine dragons","imagine dragons","Continued Silence (EP) | Night Visions","2012","87","2012-08-18","1","AMBIGUOUS","70","multiple_albums"
"RVTR828701","Precious Declaration","collective soul","collective soul","7even Year Itch: Greatest Hits 1994--2001 | Disciplined Breakdown | Home","1997","10","1997-04-05","1","AMBIGUOUS","70","multiple_albums"
"RVTR828994","Heavy Love","david ruffin","david ruffin","David Ruffin | Who I Am","1973","7","1976-03-20","1","AMBIGUOUS","70","multiple_albums"
"RVTR829270","Hold On","kansas","kansas","Audio Visions | Best Of Kansas","1980","11","1980-09-20","1","AMBIGUOUS","70","multiple_albums"
"RVTR829271","Come To Me","aretha franklin","aretha franklin","Aretha | Through The Storm","1980","3","1981-05-30","1","AMBIGUOUS","70","multiple_albums"
"RVTR829438","Looking For A New Love","jody watley","jody watley","Jody Watley | You Wanna Dance With Me?","1987","19","1987-03-07","1","AMBIGUOUS","70","multiple_albums"
"RVTR829497","Sentimental","kenny g","kenny g","Breathless | Kenny G Greatest Hits","1992","10","1993-12-11","1","AMBIGUOUS","70","multiple_albums"
"RVTR829968","Angel","jon secada","jon secada","Jon Secada | Secada","1992","22","1993-01-30","1","AMBIGUOUS","70","multiple_albums"
"RVTR830361","Only Love Can Break A Heart","gene pitney","gene pitney","Gene Pitney's Big Sixteen | Greatest Hits Of All Times | Looking Through The Eyes Of Love","1964","14","1962-09-15","1","AMBIGUOUS","70","multiple_albums"
"RVTR830655","Love Is The Drug","roxy music","roxy music","Siren | The Atlantic Years","1975","14","1975-12-27","1","AMBIGUOUS","70","multiple_albums"
"RVTR830897","I Never Cry","alice cooper","alice cooper","Alice Cooper Goes To Hell | The Alice Cooper Show","1976","27","1976-07-03","1","AMBIGUOUS","70","multiple_albums"
"RVTR831016","It'S Been A Long Time","The New Birth","The New Birth","It's Been A Long Time | The Best Of The New Birth","1973","6","1974-02-16","1","AMBIGUOUS","70","multiple_albums"
"RVTR831528","I Have Nothing","whitney houston","whitney houston","I Wish You Love: More From The Bodyguard (Soundtrack) | The Bodyguard | Whitney: The Greatest Hits","1992","20","1993-02-27","1","AMBIGUOUS","70","multiple_albums"
"RVTR832332","King Without A Crown","matisyahu","matisyahu","Live At Stubb's | Live At Stubbs: Vol. II","2005","14","2006-02-04","1","AMBIGUOUS","70","multiple_albums"
"RVTR832907","Everybody Loves Somebody","dean martin","dean martin","Dream With Dean | Everybody Loves Somebody","1964","15","1964-06-27","1","AMBIGUOUS","70","multiple_albums"
"RVTR832920","Red Red Wine","neil diamond","neil diamond","All-Time Greatest Hits | Do It! | Double Gold | Hot August Night | Hot August Night III: Recorded Live At The Greek Theatre, Los Angeles | Neil Diamond's Greatest Hits | Shilo","1968","3","1968-04-13","1","AMBIGUOUS","70","multiple_albums"
"RVTR832999","September Morn'","neil diamond","neil diamond","12 Greatest Hits Vol. II | All-Time Greatest Hits | Hot August Night II | Hot August Night III: Recorded Live At The Greek Theatre, Los Angeles | September Morn","1980","16","1979-12-22","1","AMBIGUOUS","70","multiple_albums"
"RVTR833007","Lodi","creedence clearwater revival","creedence clearwater revival","Chronicle (The 20 Greatest Hits) | Green River | Live In Europe","1969","4","1969-05-03","1","AMBIGUOUS","70","multiple_albums"
"RVTR833121","Crazy On You","heart","heart","Dreamboat Annie | The Road Home","1976","19","1976-04-17","1","AMBIGUOUS","70","multiple_albums"
"RVTR833579","Love Song","sara bareilles","sara bareilles","Brave Enough: Live At The Variety Playhouse | Little Voice","2007","41","2007-11-17","1","AMBIGUOUS","70","multiple_albums"
"RVTR834251","Easy Come Easy Go","bobby sherman","bobby sherman","Bobby Sherman's Greatest Hits | Here Comes Bobby","1970","14","1970-02-07","1","AMBIGUOUS","70","multiple_albums"
"RVTR834976","Hey Baby","ted nugent","ted nugent","Nugent | Ted Nugent","1975","5","1976-03-27","1","AMBIGUOUS","70","multiple_albums"
"RVTR836371","See Me Feel Me","The Who","The Who","The Kids Are Alright (Soundtrack) | The Who Then And Now!: 1964-2004 | Who's Last","1979","13","1970-09-26","1","AMBIGUOUS","70","multiple_albums"
"RVTR836445","Welcome To The Jungle","guns n' roses","guns n' roses","Appetite For Destruction | Greatest Hits | Live Era '87 -- '93","1987","17","1988-10-22","1","AMBIGUOUS","70","multiple_albums"
"RVTR836551","Go Away From My World","marianne faithfull","marianne faithfull","Go Away From My World | Marianne Faithfull's Greatest Hits","1965","3","1965-12-11","1","AMBIGUOUS","70","multiple_albums"
"RVTR836896","Yester Me Yester You Yesterday","stevie wonder","stevie wonder","My Cherie Amour | Stevie Wonder Live | Stevie Wonder's Greatest Hits, Vol. 2","1969","14","1969-10-18","1","AMBIGUOUS","70","multiple_albums"
"RVTR837017","Amber Cascades","america","america","America/Live | Hideaway","1976","4","1976-08-21","1","AMBIGUOUS","70","multiple_albums"
"RVTR837521","Both Sides Now","judy collins","judy collins","Colors Of The Day/The Best Of Judy Collins | Wildflowers","1968","11","1968-11-09","1","AMBIGUOUS","70","multiple_albums"
"RVTR837568","Looks Like We Made It","barry manilow","barry manilow","2Nights Live! | Barry Manilow Live | Greatest Hits | This One's For You","1976","19","1977-05-07","1","AMBIGUOUS","70","multiple_albums"
"RVTR837654","Run To You","whitney houston","whitney houston","I Wish You Love: More From The Bodyguard (Soundtrack) | The Bodyguard | Whitney: The Greatest Hits","1992","20","1993-06-26","1","AMBIGUOUS","70","multiple_albums"
"RVTR837749","Slow Down","selena gomez","selena gomez","For You | Stars Dance","2013","20","2013-06-22","1","AMBIGUOUS","70","multiple_albums"
"RVTR837918","Best Friend","brandy","brandy","Brandy | The Best Of Brandy","1994","20","1995-06-03","1","AMBIGUOUS","70","multiple_albums"
"RVTR838130","Dreamer","supertramp","supertramp","Crime Of The Century | Paris","1974","14","1980-09-20","1","AMBIGUOUS","70","multiple_albums"
"RVTR838234","Catch Us If You Can","The Dave Clark Five","The Dave Clark Five","Having A Wild Weekend | The Dave Clark Five's Greatest Hits","1965","11","1965-08-21","1","AMBIGUOUS","70","multiple_albums"
"RVTR838430","It Was A Good Day","ice cube","ice cube","Featuring...Ice Cube | Greatest Hits | The Predator","1992","20","1993-03-06","1","AMBIGUOUS","70","multiple_albums"
"RVTR838615","Joy To The World","three dog night","three dog night","Around The World With Three Dog Night | Joy To The World-Their Greatest Hits | Naturally | The Complete Hit Singles","1970","17","1971-03-13","1","AMBIGUOUS","70","multiple_albums"
"RVTR838672","Top Of The World","carpenters","carpenters","A Song For You | Carpenters Gold: 35th Anniversary Edition | Love Songs | Singles: 1969-1981 | The Best Of The Carpenters: 20th Century Masters The Millennium Collection","1972","20","1973-10-06","1","AMBIGUOUS","70","multiple_albums"
"RVTR838926","Last Dollar Fly Away","tim mcgraw","tim mcgraw","Greatest Hits 3 | Let It Go","2007","15","2007-03-17","1","AMBIGUOUS","70","multiple_albums"
"RVTR839179","Sweet Love","commodores","commodores","Commodores Anthology | Commodores Live! | Movin' On | The Best Of The Commodores: 20th Century Masters...","1975","23","1975-12-27","1","AMBIGUOUS","70","multiple_albums"
"RVTR839216","Save The Country","The 5th Dimension","The 5th Dimension","Greatest Hits On Earth | Portrait","1970","8","1970-06-13","1","AMBIGUOUS","70","multiple_albums"
"RVTR839391","You Walked In","lonestar","lonestar","Crazy Nights | From There To Here: Greatest Hits","1997","4","1997-11-22","1","AMBIGUOUS","70","multiple_albums"
"RVTR840122","Mary Jane","rick james","rick james","Come Get It | Reflections | Street Songs","1978","12","1978-11-04","1","AMBIGUOUS","70","multiple_albums"
"RVTR840141","Rhinestone Cowboy","glen campbell","glen campbell","All The Best | Rhinestone Cowboy","1975","23","1975-05-31","1","AMBIGUOUS","70","multiple_albums"
"RVTR840206","Heartbreaker","dolly parton","dolly parton","Heartbreaker | Ultimate Dolly Parton","1978","10","1978-08-26","1","AMBIGUOUS","70","multiple_albums"
"RVTR840379","Surrender","cheap trick","cheap trick","Cheap Trick | Cheap Trick At Budokan | Heaven Tonight","1978","8","1978-07-22","1","AMBIGUOUS","70","multiple_albums"
"RVTR840611","Scars","papa roach","papa roach","Getting Away With Murder | Time For Annihilation ... On The Record & On The Road | To Be Loved: The Best Of Papa Roach","2004","38","2005-02-12","1","AMBIGUOUS","70","multiple_albums"
"RVTR840980","Keeping The Faith","billy joel","billy joel","An Innocent Man | Greatest Hits Volume III","1983","16","1985-01-26","1","AMBIGUOUS","70","multiple_albums"
"RVTR840985","Foxey Lady","jimi hendrix","jimi hendrix","Blue Wild Angel: Live At The Isle Of Wright | Jimi Hendrix Live At Woodstock","1999","4","1967-12-23","1","AMBIGUOUS","70","multiple_albums"
"RVTR840992","Love Don'T Die","The Fray","The Fray","Helios | Through The Years: The Best Of The Fray","2014","9","2014-01-18","1","AMBIGUOUS","70","multiple_albums"
"RVTR841791","Portrait He Knew","kansas","kansas","Point Of Know Return | Two For The Show","1977","6","1978-06-10","1","AMBIGUOUS","70","multiple_albums"
"RVTR842181","Radar Love","golden earring","golden earring","Moontan | Something Heavy Going Down","1974","20","1974-05-11","1","AMBIGUOUS","70","multiple_albums"
"RVTR842336","Marianne","stephen stills","stephen stills","Stephen Stills 2 | Still Stills-The Best Of Stephen Stills","1971","8","1971-08-21","1","AMBIGUOUS","70","multiple_albums"
"RVTR842450","Got To Be There","michael jackson","michael jackson","Got To Be There | The Best Of Michael Jackson: 20th Century Masters The Millenium Collection | The Definitive Collection | The Essential Michael Jackson | The Ultimate Collection","1972","14","1971-10-30","1","AMBIGUOUS","70","multiple_albums"
"RVTR842545","Just As Much As Ever","bobby vinton","bobby vinton","Bobby Vinton's Greatest Hits Of Love | Please Love Me Forever","1967","8","1967-12-30","1","AMBIGUOUS","70","multiple_albums"
"RVTR843073","Friends In Love","dionne warwick","dionne warwick","Friends In Love | Greatest Hits 1979-1990","1982","13","1982-04-17","1","AMBIGUOUS","70","multiple_albums"
"RVTR843273","Could It Be I'M Falling In Love","The Spinners","The Spinners","Best Of Spinners | Spinners Live","1973","15","1972-12-30","1","AMBIGUOUS","70","multiple_albums"
"RVTR843406","My Favorite Girl","dave hollister","dave hollister","Ghetto Hymns | The Definitive Collection","1999","17","1999-04-10","1","AMBIGUOUS","70","multiple_albums"
"RVTR843627","Mississippi Queen","mountain","mountain","Flowers Of Evil | Mountain Climbing! | The Best Of Mountain | Twin Peaks","1970","17","1970-04-04","1","AMBIGUOUS","70","multiple_albums"
"RVTR843634","N 2 Gether Now","limp bizkit","limp bizkit","Greatest Hitz | Significant Other","1999","11","1999-12-04","1","AMBIGUOUS","70","multiple_albums"
"RVTR843672","Wanna Be Startin' Somethin'","michael jackson","michael jackson","HIStory: Past, Present And Future Book 1 | Michael Jackson's This Is It (Soundtrack)","1995","15","1983-05-28","1","AMBIGUOUS","70","multiple_albums"
"RVTR843721","Ten Rounds With Jose Cuervo","tracy byrd","tracy byrd","Greatest Hits | Ten Rounds","2001","20","2002-07-06","1","AMBIGUOUS","70","multiple_albums"
"RVTR843954","What I Need To Do","kenny chesney","kenny chesney","Everywhere We Go | LIVE: Live Those Songs Again","1999","17","2000-04-01","1","AMBIGUOUS","70","multiple_albums"
"RVTR844217","Like I Loved You","brett young","brett young","Brett Young | Brett Young EP","2016","19","2017-10-14","1","AMBIGUOUS","70","multiple_albums"
"RVTR844510","Jennifer","bobby sherman","bobby sherman","Bobby Sherman's Greatest Hits | Getting Together","1971","7","1971-10-16","1","AMBIGUOUS","70","multiple_albums"
"RVTR844654","Hot Line","The Sylvers","The Sylvers","Something Special | The Sylvers","1973","24","1976-10-09","1","AMBIGUOUS","70","multiple_albums"
"RVTR844978","I Could Never Love Another (After Loving You)","The Temptations","The Temptations","Live At The Copa | Wish It Would Rain","1968","10","1968-05-04","1","AMBIGUOUS","70","multiple_albums"
"RVTR845097","Iron Man","black sabbath","black sabbath","Greatest Hits 1970-1978 | Live Evil | Paranoid","1971","10","1972-01-29","1","AMBIGUOUS","70","multiple_albums"
"RVTR845436","Believe","cher","cher","Believe | Cher | The Very Best Of Cher | The Very Best Of Cher: Special Edition","1966","31","1998-12-19","1","AMBIGUOUS","70","multiple_albums"
"RVTR845994","Because","The Dave Clark Five","The Dave Clark Five","American Tour | The Dave Clark Five's Greatest Hits | The History Of The Dave Clark Five","1964","10","1964-08-01","1","AMBIGUOUS","70","multiple_albums"
"RVTR846155","Jump To It","aretha franklin","aretha franklin","Greatest Hits (1980-1994) | Jump To It","1982","12","1982-08-21","1","AMBIGUOUS","70","multiple_albums"
"RVTR846421","Rag Doll","aerosmith","aerosmith","A Little South Of Sanity | Permanent Vacation | The Best Of Aerosmith: 20th Century Masters... | Tough Love: Best Of The Ballads | Young Lust: The Aerosmith Anthology","1987","17","1988-06-04","1","AMBIGUOUS","70","multiple_albums"
"RVTR846659","In The Mood","bette midler","bette midler","Bette Midler | Jackpot!: The Best Bette | Live At Last","1973","7","1974-01-26","1","AMBIGUOUS","70","multiple_albums"
"RVTR846861","How Can I Be Sure","david cassidy","david cassidy","David Cassidy | Rock Me Baby | Then And Now","1972","9","1972-05-20","1","AMBIGUOUS","70","multiple_albums"
"RVTR846987","Sorry","madonna","madonna","Confessions On A Dance Floor | The Confessions Tour","2005","6","2006-03-11","1","AMBIGUOUS","70","multiple_albums"
"RVTR848099","Tangled Up In Blue","bob dylan","bob dylan","Blood On The Tracks | Greatest Hits Volume 3 | Playlist: The Very Best Of Bob Dylan '70s | Real Live | Super Hits | The Best Of Bob Dylan | The Essential Bob Dylan (2014)","1975","7","1975-03-08","1","AMBIGUOUS","70","multiple_albums"
"RVTR848150","Six O'Clock","The Lovin' Spoonful","The Lovin' Spoonful","Best...lovin' Spoonful | Everything Playing","1968","8","1967-04-29","1","AMBIGUOUS","70","multiple_albums"
"RVTR848307","I Started A Joke","bee gees","bee gees","Best Of Bee Gees | Idea | Number Ones | Their Greatest Hits--The Record | Timeless: The All-Time Greatest Hits","1968","11","1968-12-21","1","AMBIGUOUS","70","multiple_albums"
"RVTR848345","Tequila Sunrise","Eagles","Eagles","Desperado | Selected Works: 1972--1999 | The Very Best Of The Eagles | Their Greatest Hits 1971-1975 | Their Greatest Hits: Volumes 1 & 2","1973","8","1973-06-23","1","AMBIGUOUS","70","multiple_albums"
"RVTR848352","I Never Told You","colbie caillat","colbie caillat","Breakthrough | iTunes Session","2009","20","2010-04-10","1","AMBIGUOUS","70","multiple_albums"
"RVTR848459","Get Up Offa That Thing","james brown","james brown","Get On Up: The James Brown Story (Soundtrack) | Get Up Offa That Thing | James Brown Soul Classics | The Payback","1972","7","1976-08-14","1","AMBIGUOUS","70","multiple_albums"
"RVTR848992","New Kid In Town","Eagles","Eagles","Eagles Live | Greatest Hits: Volume 2 | Hotel California | Selected Works: 1972--1999","1976","15","1976-12-18","1","AMBIGUOUS","70","multiple_albums"
"RVTR849300","One More Try","george michael","george michael","Faith | Symphonica","1987","18","1988-04-16","1","AMBIGUOUS","70","multiple_albums"
"RVTR849749","It'S The Most Wonderful Time Of The Year","andy williams","andy williams","40 Christmas Classics | Classic Christmas Album | Personal Christmas Collection | The Andy Williams Christmas Album","2012","49","2017-01-07","1","AMBIGUOUS","70","multiple_albums"
"RVTR850082","The One Thing","inxs","inxs","Live Baby Live | Shabooh Shoobah | The Best Of INXS","1983","14","1983-03-26","1","AMBIGUOUS","70","multiple_albums"
"RVTR850233","Gold On The Ceiling","The Black Keys","The Black Keys","El Camino | The Tour Rehearsal Tapes (EP)","2011","6","2012-06-23","1","AMBIGUOUS","70","multiple_albums"
"RVTR850351","Billion Dollar Babies","alice cooper","alice cooper","Alice Cooper's Greatest Hits | Billion Dollar Babies | The Alice Cooper Show","1973","6","1973-08-04","1","AMBIGUOUS","70","multiple_albums"
"RVTR850874","Roll On Down The Highway","bachman-turner overdrive","bachman-turner overdrive","Bachman Turner Overdrive | Best Of B.t.o. (so Far) | Not Fragile","1974","11","1975-01-18","1","AMBIGUOUS","70","multiple_albums"
"RVTR851706","Peaceful Easy Feeling","Eagles","Eagles","Hell Freezes Over | Selected Works: 1972--1999 | The Very Best Of The Eagles | Their Greatest Hits: Volumes 1 & 2","1994","12","1972-12-30","1","AMBIGUOUS","70","multiple_albums"
"RVTR851707","Next Door To An Angel","neil sedaka","neil sedaka","Neil Sedaka Sings His Greatest Hits | The Definitive Collection","1975","11","1962-10-06","1","AMBIGUOUS","70","multiple_albums"
"RVTR851744","Still Of The Night","whitesnake","whitesnake","Whitesnake | Whitesnake's Greatest Hits","1987","7","1987-06-13","1","AMBIGUOUS","70","multiple_albums"
"RVTR852055","Captain Save A Hoe","e-40","e-40","The Best Of E-40: Yesterday, Today & Tomorrow | The Mail Man","1993","2","1994-07-16","1","AMBIGUOUS","70","multiple_albums"
"RVTR852610","I Put A Spell On You","creedence clearwater revival","creedence clearwater revival","Chronicle (The 20 Greatest Hits) | More Creedence Gold","1973","9","1968-11-09","1","AMBIGUOUS","70","multiple_albums"
"RVTR852945","Honesty","billy joel","billy joel","52nd Street | A Matter Of Trust: The Bridge to Russia: The Concert | Kohuept (Live In Leningrad)","1978","11","1979-04-21","1","AMBIGUOUS","70","multiple_albums"
"RVTR853085","Do You Believe In Magic","The Lovin' Spoonful","The Lovin' Spoonful","Do You Believe In Magic | The Best Of The Lovin' Spoonful","1965","13","1965-08-21","1","AMBIGUOUS","70","multiple_albums"
"RVTR853147","I Melt With You","modern english","modern english","After The Snow | Pillow Lips","1983","17","1983-04-02","1","AMBIGUOUS","70","multiple_albums"
"RVTR853445","Love Is All Around","The Troggs","The Troggs","Love Is All Around | Wild Thing","1966","16","1968-02-24","1","AMBIGUOUS","70","multiple_albums"
"RVTR853473","This Must Be The Place Naive Melody","talking heads","talking heads","Popular Favorites 1976-1992: Sand In The Vaseline | Speaking In Tongues","1983","8","1983-11-26","1","AMBIGUOUS","70","multiple_albums"
"RVTR853627","Keep Coming Back","richard marx","richard marx","Greatest Hits | Rush Street","1991","20","1991-11-02","1","AMBIGUOUS","70","multiple_albums"
"RVTR853792","Walk This Way","aerosmith","aerosmith","Aerosmith's Greatest Hits | Devil's Got A New Disguise: The Very Best Of Aerosmith | Live Bootleg | O, Yeah! Ultimate Aerosmith Hits | The Essential Aerosmith | Toys In The Attic","1975","17","1976-11-20","1","AMBIGUOUS","70","multiple_albums"
"RVTR853853","Tell Me Why","wynonna","wynonna","Collection | Her Story: Scenes From A Lifetime | Tell Me Why","1993","4","1993-07-03","1","AMBIGUOUS","70","multiple_albums"
"RVTR853919","Sweet Surrender","john denver","john denver","An Evening With John Denver | Definitive All-Time Greatest Hits","1975","11","1974-12-28","1","AMBIGUOUS","70","multiple_albums"
"RVTR853968","Hand Me Down World","The Guess Who","The Guess Who","Greatest Of The Guess Who | Live At The Paramount (Seattle) | Share The Land | The Best Of The Guess Who, Volume II","1970","11","1970-07-18","1","AMBIGUOUS","70","multiple_albums"
"RVTR854104","Redneck Yacht Club","craig morgan","craig morgan","Greatest Hits | My Kind Of Livin' | The Journey (Livin Hits)","2005","19","2005-08-06","1","AMBIGUOUS","70","multiple_albums"
"RVTR854322","Come On Over","olivia newton-john","olivia newton-john","Come On Over | Magic: The Very Best Of Olivia Newton-John | Olivia Newton-John's Greatest Hits","1976","12","1976-03-13","1","AMBIGUOUS","70","multiple_albums"
"RVTR854343","I'M Just Talkin' About Tonight","toby keith","toby keith","Greatest Hits 2 | Pull My Chain | Toby Keith","1993","20","2001-06-16","1","AMBIGUOUS","70","multiple_albums"
"RVTR854673","Dancin' Fool","The Guess Who","The Guess Who","Flavours | Greatest Of The Guess Who","1971","11","1974-11-23","1","AMBIGUOUS","70","multiple_albums"
"RVTR854729","Get That Love","thompson twins","thompson twins","Close To The Bone | Thompson Twins Greatest Mixes","1987","11","1987-03-28","1","AMBIGUOUS","70","multiple_albums"
"RVTR854787","Jingo","santana","santana","Santana's Greatest Hits | The Essential Santana","1974","8","1969-10-25","1","AMBIGUOUS","70","multiple_albums"
"RVTR855059","Only Time Will Tell","asia","asia","Asia | The Definitive Collection | Then & Now","1982","14","1982-07-24","1","AMBIGUOUS","70","multiple_albums"
"RVTR855100","Open Your Heart","madonna","madonna","The Immaculate Collection | True Blue","1986","18","1986-12-06","1","AMBIGUOUS","70","multiple_albums"
"RVTR855134","Typical Male","tina turner","tina turner","All The Best | Break Every Rule | Simply The Best | Tina Live In Europe | Tina!","1986","16","1986-08-30","1","AMBIGUOUS","70","multiple_albums"
"RVTR855265","I Want To Break Free","queen","queen","Bohemian Rhapsody (Soundtrack) | Live At Wembley | The Works","1984","8","1984-04-28","1","AMBIGUOUS","70","multiple_albums"
"RVTR855606","Knocking At Your Back Door","deep purple","deep purple","Nobody's Perfect | Perfect Strangers","1984","7","1985-01-05","1","AMBIGUOUS","70","multiple_albums"
"RVTR856050","Moments To Remember","The Vogues","The Vogues","Memories | The Vogues' Greatest Hits","1969","5","1969-06-21","1","AMBIGUOUS","70","multiple_albums"
"RVTR856207","Thank You Girl","The Beatles","The Beatles","Past Masters | The Beatles' Second Album","1964","7","1964-04-04","1","AMBIGUOUS","70","multiple_albums"
"RVTR856287","Like A Surgeon","""weird al"" yankovic","""weird al"" yankovic","Dare To Be Stupid | The Essential ""Weird Al"" Yankovic","1985","8","1985-06-22","1","AMBIGUOUS","70","multiple_albums"
"RVTR856586","Sweet Thing","mick jagger","mick jagger","The Very Best Of Mick Jagger | Wandering Spirit","1993","5","1993-02-13","1","AMBIGUOUS","70","multiple_albums"
"RVTR857213","Knowing Me Knowing You","abba","abba","ABBA | Arrival | The Best Of ABBA: 20th Century Masters The Millennium Collection","1975","15","1977-05-14","1","AMBIGUOUS","70","multiple_albums"
"RVTR857418","Find A Way","amy grant","amy grant","The Collection | Unguarded","1985","16","1985-05-18","1","AMBIGUOUS","70","multiple_albums"
"RVTR857713","Being With You","smokey robinson","smokey robinson","Being With You | Smokey & Friends","1981","25","1981-02-14","1","AMBIGUOUS","70","multiple_albums"
"RVTR857851","The Freshmen","The Verve Pipe","The Verve Pipe","The Verve Pipe | Villains","1996","42","1997-02-22","1","AMBIGUOUS","70","multiple_albums"
"RVTR858026","Lovegame","lady gaga","lady gaga","The Fame | The Fame Monster (EP)","2008","22","2009-03-21","1","AMBIGUOUS","70","multiple_albums"
"RVTR858696","Alfie","dionne warwick","dionne warwick","Dionne Warwick's Greatest Motion Picture Hits | Here Where There Is Love | Hot! Live And Otherwise","1967","17","1967-04-08","1","AMBIGUOUS","70","multiple_albums"
"RVTR858702","Live Like You Were Dying","tim mcgraw","tim mcgraw","Greatest Hits Vol 2: Reflected | Live Like You Were Dying | Number One Hits","2004","23","2004-06-12","1","AMBIGUOUS","70","multiple_albums"
"RVTR859330","Gangsta Luv","snoop dogg","snoop dogg","Malice N Wonderland | More Malice (EP)","2009","19","2009-11-07","1","AMBIGUOUS","70","multiple_albums"
"RVTR859391","Attitude Dancing","carly simon","carly simon","Best Of Carly Simon | Playing Possum","1975","8","1975-05-10","1","AMBIGUOUS","70","multiple_albums"
"RVTR859552","Crimson And Clover","tommy james and the shondells","tommy james and the shondells","Crimson & Clover | The Essentials","1969","16","1968-12-14","1","AMBIGUOUS","70","multiple_albums"
"RVTR859697","On Top Of The World","imagine dragons","imagine dragons","Continued Silence (EP) | Night Visions","2012","20","2014-02-15","1","AMBIGUOUS","70","multiple_albums"
"RVTR859824","Time Is On My Side","The Rolling Stones","The Rolling Stones","""Still Life"" (American Concert 1981) | 12 x 5 | Big Hits (High Tide And Green Grass) | Got Live If You Want It! | Hot Rocks 1964-1971 | Singles Collection - The London Years","1964","13","1964-10-17","1","AMBIGUOUS","70","multiple_albums"
"RVTR860281","Show Me The Meaning Of Being Lonely","backstreet boys","backstreet boys","Millennium | The Hits -- Chapter One","1999","24","2000-01-01","1","AMBIGUOUS","70","multiple_albums"
"RVTR860383","Half Breed","cher","cher","Half-Breed | If I Could Turn Back Time -- Cher's Greatest Hits | Live: The Farewell Tour","1973","20","1973-08-04","1","AMBIGUOUS","70","multiple_albums"
"RVTR860682","My Lover'S Prayer","otis redding","otis redding","King & Queen | Pure Southern Soul: Otis Redding","1967","7","1966-06-04","1","AMBIGUOUS","70","multiple_albums"
"RVTR860727","Where The Party At","jagged edge","jagged edge","Jagged Edge | Jagged Little Thrill","2001","29","2001-06-02","1","AMBIGUOUS","70","multiple_albums"
"RVTR860827","Unchained Melody","The Righteous Brothers","The Righteous Brothers","Greatest Hits | Just Once In My Life... | One For The Road | The Best Of The Righteous Brothers | The Very Best Of/Unchained Melody","1965","57","1965-07-17","1","AMBIGUOUS","70","multiple_albums"
"RVTR860838","Trust In Me","etta james","etta james","At Last! | Etta James Top Ten | Her Best","1963","9","1961-03-11","1","AMBIGUOUS","70","multiple_albums"
"RVTR861082","Bonanza","johnny cash","johnny cash","Best Of Johnny Cash | Ring Of Fire (The Best Of Johnny Cash)","1963","1","1962-09-15","1","AMBIGUOUS","70","multiple_albums"
"RVTR861273","Mr Bojangles","nitty gritty dirt band","nitty gritty dirt band","Stars & Stripes Forever | Uncle Charlie & His Dog Teddy","1970","19","1970-11-21","1","AMBIGUOUS","70","multiple_albums"
"RVTR862153","Believe","Brooks & Dunn","Brooks & Dunn","#1s ... And Then Some | Hillbilly Deluxe","2005","1","2006-03-18","1","AMBIGUOUS","70","multiple_albums"
"RVTR862155","Ain'T Nothing Like The Real Thing","marvin gaye","marvin gaye","Every Great Hit Of Marvin Gaye | Gold | Marvin Gaye Anthology | Number 1's","1974","13","1968-04-13","1","AMBIGUOUS","70","multiple_albums"
"RVTR862438","My Brave Face","paul mccartney","paul mccartney","Flowers In The Dirt | Tripping The Live Fantastic | Tripping The Live Fantastic Highlights","1989","10","1989-05-27","1","AMBIGUOUS","70","multiple_albums"
"RVTR862467","Hot Legs","rod stewart","rod stewart","Absolutely Live | Foot Loose + Fancy Free | Storyteller/Complete Anthology: 1964-1990 | Unplugged...And Seated","1977","11","1978-02-11","1","AMBIGUOUS","70","multiple_albums"
"RVTR862482","Open Arms","journey","journey","Escape | Greatest Hits Live | Journey's Greatest Hits","1981","18","1982-01-16","1","AMBIGUOUS","70","multiple_albums"
"RVTR862909","Crazy For You","madonna","madonna","Something To Remember | The Immaculate Collection","1990","21","1985-03-02","1","AMBIGUOUS","70","multiple_albums"
"RVTR863174","Whenever Wherever","shakira","shakira","Laundry Service | Laundry Service : Washed And Dried | Live & Off The Record","2001","24","2001-10-27","1","AMBIGUOUS","70","multiple_albums"
"RVTR863761","Sunglasses At Night","corey hart","corey hart","Boy In The Box | First Offense","1984","23","1984-05-26","1","AMBIGUOUS","70","multiple_albums"
"RVTR863777","My Heart Can'T Tell You No","rod stewart","rod stewart","If We Fall In Love Tonight | Out Of Order","1988","25","1988-12-10","1","AMBIGUOUS","70","multiple_albums"
"RVTR863917","Magic","The Cars","The Cars","Heartbeat City | The Complete Greatest Hits","1984","17","1984-05-19","1","AMBIGUOUS","70","multiple_albums"
"RVTR864080","Mama Told Me Not To Come","three dog night","three dog night","Golden Bisquits | It Ain't Easy | The Complete Hit Singles","1970","15","1970-05-23","1","AMBIGUOUS","70","multiple_albums"
"RVTR864175","Suspicious Minds","elvis presley","elvis presley","Elv1s: 30 #1 Hits | Elvis: The Very Best Of Love | The Very Best Of Love","2002","15","1969-09-13","1","AMBIGUOUS","70","multiple_albums"
"RVTR864328","The Old Apartment","barenaked ladies","barenaked ladies","BNL Rocks Red Rocks | Born On A Pirate Ship | Disc One 1991-2001: All Their Greatest Hits | Rock Spectacle","1996","6","1997-05-10","1","AMBIGUOUS","70","multiple_albums"
"RVTR864522","Run Woman Run","tammy wynette","tammy wynette","Tammy's Greatest Hits, Volume II | The First Lady","1970","2","1970-10-24","1","AMBIGUOUS","70","multiple_albums"
"RVTR864612","Walk Away Renee","four tops","four tops","Four Tops | Four Tops Greatest Hits, Vol. 2 | Four Tops Reach Out | The Best Of The 4 Tops","1965","8","1968-02-03","1","AMBIGUOUS","70","multiple_albums"
"RVTR864971","Any Day Now","ronnie milsap","ronnie milsap","Greatest Hits Vol. 2 | Inside Ronnie Milsap","1982","16","1982-05-01","1","AMBIGUOUS","70","multiple_albums"
"RVTR866664","Up Out My Face","mariah carey","mariah carey","Greatest Hits | Memoirs Of An Imperfect Angel","2001","1","2010-03-06","1","AMBIGUOUS","70","multiple_albums"
"RVTR866692","Lady Down On Love","alabama","alabama","Greatest Hits Vol. 2 | In The Mood: The Love Songs | The American Farewell Tour | The Closer You Get | Ultimate Alabama: 20 #1 Hits","1983","6","1983-10-29","1","AMBIGUOUS","70","multiple_albums"
"RVTR866922","Big Man In Town","The 4 Seasons","The 4 Seasons","The 4 Seasons Entertain You | The 4 Seasons' Gold Vault of Hits","1965","7","1964-11-07","1","AMBIGUOUS","70","multiple_albums"
"RVTR866924","A Whiter Shade Of Pale","procol harum","procol harum","Procol Harum | The Best Of Procol Harum","1967","12","1967-06-24","1","AMBIGUOUS","70","multiple_albums"
"RVTR867210","Something Just Ain'T Right","keith sweat","keith sweat","Keith Sweat Live | Make It Last Forever | The Best Of Keith Sweat: Make You Sweat","1988","5","1988-05-14","1","AMBIGUOUS","70","multiple_albums"
"RVTR867557","Jackson","nancy sinatra","nancy sinatra","Country, My Way | Movin' With Nancy | Nancy's Greatest Hits","1967","9","1967-06-24","1","AMBIGUOUS","70","multiple_albums"
"RVTR867791","Living In Fast Forward","kenny chesney","kenny chesney","Greatest Hits II | The Road And The Radio","2005","17","2006-01-28","1","AMBIGUOUS","70","multiple_albums"
"RVTR867864","Un Break My Heart","toni braxton","toni braxton","Secrets | Ultimate Toni Braxton","1996","42","1996-10-26","1","AMBIGUOUS","70","multiple_albums"
"RVTR867962","Michael","trini lopez","trini lopez","Greatest Hits! | Trini","1966","8","1964-08-22","1","AMBIGUOUS","70","multiple_albums"
"RVTR867988","My Immortal","evanescence","evanescence","Anywhere But Home | Fallen","2003","32","2004-01-10","1","AMBIGUOUS","70","multiple_albums"
"RVTR868264","Lick It Up","kiss","kiss","KISS 40 | Kiss Alive! 1975 - 2000 | Lick It Up | Smashes, Thrashes & Hits | Symphony: Alive IV","1983","11","1983-11-12","1","AMBIGUOUS","70","multiple_albums"
"RVTR868439","Who Needs Ya","steppenwolf","steppenwolf","16 Greatest Hits | Steppenwolf 7","1970","6","1970-11-14","1","AMBIGUOUS","70","multiple_albums"
"RVTR868639","Free Bird","lynyrd skynyrd","lynyrd skynyrd","Family | Lynyrd Skynyrd (pronounced leh-nerd skin-nerd) | Southern By The Grace Of God | The Best Of Lynyrd Skynyrd: 20th Century Masters The Millennium Collection | Thyrty: 30th Anniversary Collection (Limited Edition)","1973","20","1974-11-23","1","AMBIGUOUS","70","multiple_albums"
"RVTR868735","Smells Like Nirvana","""weird al"" yankovic","""weird al"" yankovic","Greatest Hits Volume II | Off The Deep End | The Essential ""Weird Al"" Yankovic","1992","11","1992-04-25","1","AMBIGUOUS","70","multiple_albums"
"RVTR868737","Try A Little Tenderness","three dog night","three dog night","The Best Of Three Dog Night: 20th Century Masters... | The Complete Hit Singles","2004","12","1969-02-08","1","AMBIGUOUS","70","multiple_albums"
"RVTR869400","Let Down","radiohead","radiohead","OK Computer | OK Computer: OKNOTOK 1997 2017","1997","12","2025-08-30","1","AMBIGUOUS","70","multiple_albums"
"RVTR869684","Let Me Hold You","bow wow","bow wow","Bow Wow: Unleashed | Wanted","2003","24","2005-05-28","1","AMBIGUOUS","70","multiple_albums"
"RVTR869885","I'M Your Baby Tonight","whitney houston","whitney houston","I Will Always Love You: The Best Of Whitney Houston | Live: Her Greatest Performances","2012","19","1990-10-20","1","AMBIGUOUS","70","multiple_albums"
"RVTR869920","Calling All Angels","train","train","Alive At Last | Greatest Hits | My Private Nation","2003","29","2003-05-24","1","AMBIGUOUS","70","multiple_albums"
"RVTR869930","Just What I Needed","The Cars","The Cars","Greatest Hits | The Cars | The Complete Greatest Hits","1978","17","1978-06-17","1","AMBIGUOUS","70","multiple_albums"
"RVTR870202","Wicked","ice cube","ice cube","Featuring...Ice Cube | The Predator","1992","10","1992-11-21","1","AMBIGUOUS","70","multiple_albums"
"RVTR870229","Eyes Without A Face","billy idol","billy idol","Greatest Hits | Idolize Yourself: The Very Best Of Billy Idol | Rebel Yell","1983","22","1984-05-05","1","AMBIGUOUS","70","multiple_albums"
"RVTR870235","Fins","jimmy buffett","jimmy buffett","Songs You Know By Heart: Jimmy Buffett's Greatest Hit(s) | Volcano","1979","11","1979-09-08","1","AMBIGUOUS","70","multiple_albums"
"RVTR870499","Purple Haze","The Jimi Hendrix Experience","The Jimi Hendrix Experience","BBC Sessions | Live At Monterey | Miami Pop Festival | Smash Hits","1969","8","1967-08-26","1","AMBIGUOUS","70","multiple_albums"
"RVTR870581","All The Small Things","blink-182","blink-182","Blink-182 | Enema Of The State | Greatest Hits","1999","23","1999-12-04","1","AMBIGUOUS","70","multiple_albums"
"RVTR870716","Carpet Man","The 5th Dimension","The 5th Dimension","Reflections | The Magic Garden","1968","9","1968-02-03","1","AMBIGUOUS","70","multiple_albums"
"RVTR870752","Drop The Pilot","joan armatrading","joan armatrading","The Key | Track Record","1983","6","1983-05-28","1","AMBIGUOUS","70","multiple_albums"
"RVTR870966","Lying From You","linkin park","linkin park","Live In Texas | Meteora","2003","18","2004-04-10","1","AMBIGUOUS","70","multiple_albums"
"RVTR871332","Chained","marvin gaye","marvin gaye","In The Groove | Marvin Gaye Anthology | Marvin Gaye Super Hits","1968","10","1968-09-14","1","AMBIGUOUS","70","multiple_albums"
"RVTR871491","Sugar Sugar","The Archies","The Archies","Everything's Archie | The Archies Greatest Hits","1969","22","1969-07-26","1","AMBIGUOUS","70","multiple_albums"
"RVTR871639","Long Long Time","linda ronstadt","linda ronstadt","Different Drum | Greatest Hits | Silk Purse | The Very Best Of Linda Ronstadt","1970","12","1970-08-15","1","AMBIGUOUS","70","multiple_albums"
"RVTR871985","Change The World","eric clapton","eric clapton","Clapton Chronicles: The Best Of Eric Clapton | Forever Man: The Best Of Eric Clapton | One More Car, One More Rider: Live On Tour 2001 | The Best Of Eric Clapton: 20th Century Masters The Millennium Collection","1999","43","1996-07-20","1","AMBIGUOUS","70","multiple_albums"
"RVTR872174","Yesterdays","guns n' roses","guns n' roses","Live Era '87 -- '93 | Use Your Illusion II","1991","10","1992-11-21","1","AMBIGUOUS","70","multiple_albums"
"RVTR872637","Just For You","lionel richie","lionel richie","Just For You | Tuskegee","2004","17","2004-05-01","1","AMBIGUOUS","70","multiple_albums"
"RVTR872741","Help Is On Its Way","little river band","little river band","Diamantina Cocktail | Greatest Hits","1977","22","1977-08-06","1","AMBIGUOUS","70","multiple_albums"
"RVTR873283","Hey Now","lesley gore","lesley gore","Girl Talk | The Golden Hits Of Lesley Gore","1964","6","1964-10-17","1","AMBIGUOUS","70","multiple_albums"
"RVTR873524","Superwoman Where Were You When I Needed You","stevie wonder","stevie wonder","Music Of My Mind | Stevie Wonder's Original Musiquarium I","1972","11","1972-05-20","1","AMBIGUOUS","70","multiple_albums"
"RVTR873580","Slip Away","clarence carter","clarence carter","The Best Of Clarence Carter | This Is Clarence Carter","1968","16","1968-07-13","1","AMBIGUOUS","70","multiple_albums"
"RVTR874957","Who We Be","dmx","dmx","The Best Of DMX | The Definition Of X: Pick Of The Litter | The Great Depression","2001","12","2001-10-13","1","AMBIGUOUS","70","multiple_albums"
"RVTR875361","Never Let Me Down Again","depeche mode","depeche mode","Music For The Masses | Remixes 2: 81-11 (Deluxe Edition) | The Singles 86>98","1987","10","1987-12-26","1","AMBIGUOUS","70","multiple_albums"
"RVTR875473","I Kinda Miss You","The Manhattans","The Manhattans","It Feels So Good | Manhattans Greatest Hits","1977","8","1976-10-30","1","AMBIGUOUS","70","multiple_albums"
"RVTR875816","Go Ahead And Cry","The Righteous Brothers","The Righteous Brothers","Go Ahead And Cry | Greatest Hits, Vol. 2 | The Best Of The Righteous Brothers | The Very Best Of/Unchained Melody","1966","6","1966-08-06","1","AMBIGUOUS","70","multiple_albums"
"RVTR876059","Tired Of Waiting For You","The Kinks","The Kinks","Kinda Kinks | The Kinks Greatest Hits!","1965","11","1965-03-13","1","AMBIGUOUS","70","multiple_albums"
"RVTR876479","Blue Collar","bachman-turner overdrive","bachman-turner overdrive","Bachman Turner Overdrive | Bachman-Turner Overdrive II | Best Of B.t.o. (so Far)","1974","6","1973-12-01","1","AMBIGUOUS","70","multiple_albums"
"RVTR876569","Little Latin Lupe Lu","The Righteous Brothers","The Righteous Brothers","Greatest Hits, Vol. 2 | One For The Road | Right Now! | The Very Best Of/Unchained Melody","1965","7","1963-05-11","1","AMBIGUOUS","70","multiple_albums"
"RVTR877297","December","collective soul","collective soul","7even Year Itch: Greatest Hits 1994--2001 | Collective Soul | From The Ground Up (EP) | Home","1995","39","1995-05-13","1","AMBIGUOUS","70","multiple_albums"
"RVTR877740","Somewhere In The Night","barry manilow","barry manilow","Even Now | The Complete Collection | Ultimate Manilow","1978","15","1978-12-16","1","AMBIGUOUS","70","multiple_albums"
"RVTR877785","Echoes Of Love","The Doobie Brothers","The Doobie Brothers","Livin' On The Fault Line | The Doobie Brothers Farewell Tour","1977","7","1977-10-08","1","AMBIGUOUS","70","multiple_albums"
"RVTR877892","Opposites Attract","paula abdul","paula abdul","Forever Your Girl | Shut Up And Dance","1988","23","1989-12-16","1","AMBIGUOUS","70","multiple_albums"
"RVTR878011","Here To Stay","korn","korn","Live & Rare | Untouchables","2002","12","2002-05-25","1","AMBIGUOUS","70","multiple_albums"
"RVTR878607","Around The Way Girl","ll cool j","ll cool j","All World | Mama Said Knock You Out","1990","23","1990-12-01","1","AMBIGUOUS","70","multiple_albums"
"RVTR878885","Angel Of The Morning","juice newton","juice newton","Greatest Hits | Juice","1981","22","1981-02-21","1","AMBIGUOUS","70","multiple_albums"
"RVTR878985","City Lights","ray price","ray price","Ray Price's All-Time Greatest Hits | Welcome To My World","1971","3","1958-08-25","1","AMBIGUOUS","70","multiple_albums"
"RVTR879013","Pay You Back With Interest","The Hollies","The Hollies","Stop! Stop! Stop! | The Hollies' Greatest Hits","1967","7","1967-06-03","1","AMBIGUOUS","70","multiple_albums"
"RVTR879182","We Belong","pat benatar","pat benatar","10 Great Songs | Best Shots | Tropico","1984","20","1984-10-27","1","AMBIGUOUS","70","multiple_albums"
"RVTR879497","Jojo","boz scaggs","boz scaggs","Hits | Middle Man","1980","17","1980-06-14","1","AMBIGUOUS","70","multiple_albums"
"RVTR879609","Lay It On The Line","triumph","triumph","Just A Game | Stages","1979","7","1979-11-03","1","AMBIGUOUS","70","multiple_albums"
"RVTR879867","Desperately","george strait","george strait","22 More Hits | Honkytonkville","2003","14","2004-03-27","1","AMBIGUOUS","70","multiple_albums"
"RVTR879929","Confusion","electric light orchestra","electric light orchestra","All Over The World: The Very Best Of Electric Light Orchestra | Discovery","1979","8","1979-10-20","1","AMBIGUOUS","70","multiple_albums"
"RVTR880058","Hole In My Soul","aerosmith","aerosmith","A Little South Of Sanity | Nine Lives","1997","11","1997-08-23","1","AMBIGUOUS","70","multiple_albums"
"RVTR880452","Photograph","nickelback","nickelback","All The Right Reasons | The Best Of Nickelback: Volume 1","2005","33","2005-09-10","1","AMBIGUOUS","70","multiple_albums"
"RVTR880509","Stop In The Name Of Love","The Supremes","The Supremes","More Hits By The Supremes | The Supremes At The Copa","1965","12","1965-02-20","1","AMBIGUOUS","70","multiple_albums"
"RVTR880730","I Wanna Learn A Love Song","harry chapin","harry chapin","Greatest Stories Live | Verities & Balderdash","1974","9","1975-02-15","1","AMBIGUOUS","70","multiple_albums"
"RVTR881223","Strangelove","depeche mode","depeche mode","101 | Music For The Masses | Remixes 2: 81-11 (Deluxe Edition) | The Singles 86>98","1987","15","1987-07-25","1","AMBIGUOUS","70","multiple_albums"
"RVTR881513","Here Comes The Night","them","them","Them | Them Featuring Van Morrison","1965","10","1965-05-29","1","AMBIGUOUS","70","multiple_albums"
"RVTR881632","This Kiss","faith hill","faith hill","Faith | The Hits","1998","48","1998-03-21","1","AMBIGUOUS","70","multiple_albums"
"RVTR881664","Wonderful Tonight","eric clapton","eric clapton","Blues | Forever Man: The Best Of Eric Clapton | Just One Night | One More Car, One More Rider: Live On Tour 2001 | Slowhand | Time Pieces -- The Best Of Eric Clapton","1977","17","1978-05-13","1","AMBIGUOUS","70","multiple_albums"
"RVTR881907","The Boss","diana ross","diana ross","Diamond Diana: The Legacy Collection | Diana Ross Anthology | The Boss","1979","16","1979-07-14","1","AMBIGUOUS","70","multiple_albums"
"RVTR881925","A Change Is Gonna Come","sam cooke","sam cooke","Ain't That Good News | Shake | The Best Of Sam Cooke, Volume 2","1964","7","1965-01-30","1","AMBIGUOUS","70","multiple_albums"
"RVTR882418","And I","ciara","ciara","Ciara | Goodies","2004","1","2005-10-29","1","AMBIGUOUS","70","multiple_albums"
"RVTR882443","Immortals","fall out boy","fall out boy","American Beauty / American Psycho | Make America Psycho Again","2015","8","2015-02-07","1","AMBIGUOUS","70","multiple_albums"
"RVTR882720","Walking In My Shoes","depeche mode","depeche mode","Remixes 2: 81-11 (Deluxe Edition) | Songs Of Faith & Devotion-Live | Songs Of Faith And Devotion","1993","8","1993-06-05","1","AMBIGUOUS","70","multiple_albums"
"RVTR882876","Wichita Lineman","glen campbell","glen campbell","20 Greatest Hits | All The Best | Reunion (The Songs Of Jimmy Webb) | See You There | Wichita Lineman","1968","15","1968-11-02","1","AMBIGUOUS","70","multiple_albums"
"RVTR883061","Under The Boardwalk","The Drifters","The Drifters","The Drifters' Golden Hits | Under The Boardwalk","1964","14","1964-06-27","1","AMBIGUOUS","70","multiple_albums"
"RVTR883095","Water Runs Dry","boyz ii men","boyz ii men","Legacy: The Greatest Hits Collection | The Best Of Boyz II Men: 20th Century Masters The Millennium Collection","2001","28","1995-04-29","1","AMBIGUOUS","70","multiple_albums"
"RVTR883112","My Best Friend'S Girl","The Cars","The Cars","Greatest Hits | The Complete Greatest Hits","1985","15","1978-10-21","1","AMBIGUOUS","70","multiple_albums"
"RVTR883215","My Heart Belongs To Only You","bobby vinton","bobby vinton","Bobby Vinton's All-Time Greatest Hits | Bobby Vinton's Greatest Hits | Vinton","1964","9","1964-02-29","1","AMBIGUOUS","70","multiple_albums"
"RVTR883232","Uhh Ahh","boyz ii men","boyz ii men","Cooleyhighharmony | Cooleyhighharmony (International Edition) | The Best Of Boyz II Men: 20th Century Masters The Millennium Collection","1991","20","1991-12-14","1","AMBIGUOUS","70","multiple_albums"
"RVTR883297","By The Time I Get To Phoenix","glen campbell","glen campbell","20 Greatest Hits | All The Best | By The Time I Get To Phoenix | Glen Campbell's Greatest Hits | Reunion (The Songs Of Jimmy Webb) | See You There","1967","11","1967-10-28","1","AMBIGUOUS","70","multiple_albums"
"RVTR883311","Killer Joe","quincy jones","quincy jones","I Heard That !! | Walking In Space","1969","3","1970-05-16","1","AMBIGUOUS","70","multiple_albums"
"RVTR883524","Badlands","bruce springsteen","bruce springsteen","Darkness On The Edge Of Town | Greatest Hits | The Essential Bruce Springsteen | The Promise: The Darkness On The Edge Of Town Story","1978","8","1978-08-19","1","AMBIGUOUS","70","multiple_albums"
"RVTR883639","All Right Now","free","free","Best Of Free | Fire And Water | Free Live!","1970","16","1970-08-15","1","AMBIGUOUS","70","multiple_albums"
"RVTR883963","No Night So Long","dionne warwick","dionne warwick","Greatest Hits 1979-1990 | Hot! Live And Otherwise | No Night So Long","1980","16","1980-07-26","1","AMBIGUOUS","70","multiple_albums"
"RVTR884610","Crying","roy orbison","roy orbison","Black & White Night: 30 | King Of Hearts | Roy Orbison's Greatest Hits | Super Hits | The Very Best Of Roy Orbison","1963","16","1961-08-12","1","AMBIGUOUS","70","multiple_albums"
"RVTR884712","Lucy In The Sky With Diamonds","elton john","elton john","Elton John's Greatest Hits, Volume II | Greatest Hits 1970-2002 | Rocket Man: Number Ones","1977","14","1974-11-30","1","AMBIGUOUS","70","multiple_albums"
"RVTR885167","Break It Up","foreigner","foreigner","4 | 40: Forty Hits From Forty Years - 1977-2017 | The Best Of Foreigner 4 & More","1981","13","1982-05-15","1","AMBIGUOUS","70","multiple_albums"
"RVTR885358","Happiness","The Pointer Sisters","The Pointer Sisters","Energy | Pointer Sisters' Greatest Hits | The Best Of The Pointer Sisters","1976","10","1979-03-17","1","AMBIGUOUS","70","multiple_albums"
"RVTR885411","Love Me Tomorrow","chicago","chicago","Greatest Hits 1982-1989 | The Very Best Of Chicago: Only The Beginning","1989","15","1982-09-25","1","AMBIGUOUS","70","multiple_albums"
"RVTR885484","Somewhere I Belong","linkin park","linkin park","Live In Texas | Meteora","2003","20","2003-03-15","1","AMBIGUOUS","70","multiple_albums"
"RVTR885648","Abacab","genesis","genesis","Abacab | Three Sides Live | Turn It On Again: The Hits: The Tour Edition","1981","14","1981-12-26","1","AMBIGUOUS","70","multiple_albums"
"RVTR886205","Silent All These Years","tori amos","tori amos","Gold Dust | Little Earthquakes | Tales Of A Librarian: A Tori Amos Collection","1992","20","1997-03-22","1","AMBIGUOUS","70","multiple_albums"
"RVTR886262","Happy Jack","The Who","The Who","BBC Sessions | Live At Leeds | Meaty Beaty Big And Bouncy | Opus Collection | The Kids Are Alright (Soundtrack) | The Ultimate Collection | The Who Hits 50! | The Who Then And Now!: 1964-2004","1970","9","1967-04-15","1","AMBIGUOUS","70","multiple_albums"
"RVTR886873","Anyway","martina mcbride","martina mcbride","Hits And More | Waking Up Laughing","2007","16","2007-02-17","1","AMBIGUOUS","70","multiple_albums"
"RVTR886880","Cat'S In The Cradle","harry chapin","harry chapin","Greatest Stories Live | Verities & Balderdash","1974","19","1974-10-05","1","AMBIGUOUS","70","multiple_albums"
"RVTR887540","The Boy In The Bubble","paul simon","paul simon","Graceland | Paul Simon's Concert In The Park | The Essential Paul Simon","1986","4","1987-03-07","1","AMBIGUOUS","70","multiple_albums"
"RVTR887711","The Winner Takes It All","abba","abba","ABBA | Super Trouper | The Best Of ABBA: 20th Century Masters The Millennium Collection","1975","26","1980-11-22","1","AMBIGUOUS","70","multiple_albums"
"RVTR888071","I Was Only Joking","rod stewart","rod stewart","Foot Loose + Fancy Free | Storyteller/Complete Anthology: 1964-1990","1977","12","1978-04-29","1","AMBIGUOUS","70","multiple_albums"
"RVTR888085","Sisters Are Doin' It For Themselves","eurythmics","eurythmics","Greatest Hits | Ultimate Collection","1991","15","1985-10-19","1","AMBIGUOUS","70","multiple_albums"
"RVTR888299","If Loving You Is Wrong I Don'T Want To Be Right","barbara mandrell","barbara mandrell","Moods | The Best Of Barbara Mandrell","1979","16","1979-03-17","1","AMBIGUOUS","70","multiple_albums"
"RVTR888385","Candle In The Wind","elton john","elton john","Diamonds | Goodbye Yellow Brick Road | Greatest Hits, Vol. III 1979-1987 | Love Songs | Rocket Man: Number Ones","1973","21","1987-11-07","1","AMBIGUOUS","70","multiple_albums"
"RVTR888538","Ain'T Too Proud To Beg","The Temptations","The Temptations","25th Anniversary | The Temptations Greatest Hits | The Ultimate Collection","1966","13","1966-05-28","1","AMBIGUOUS","70","multiple_albums"
"RVTR888608","N Dey Say","nelly","nelly","Suit | Sweatsuit","2004","7","2005-02-05","1","AMBIGUOUS","70","multiple_albums"
"RVTR888891","I Wanna Be With You","mandy moore","mandy moore","I Wanna Be With You | The Best Of Mandy Moore","2000","17","2000-06-17","1","AMBIGUOUS","70","multiple_albums"
"RVTR889573","The Rock Show","blink-182","blink-182","Greatest Hits | Take Off Your Pants And Jacket","2001","9","2001-07-28","1","AMBIGUOUS","70","multiple_albums"
"RVTR889605","Morning Has Broken","cat stevens","cat stevens","Cat Stevens Greatest Hits | Teaser And The Firecat | The Very Best Of Cat Stevens","1971","14","1972-04-01","1","AMBIGUOUS","70","multiple_albums"
"RVTR889760","Paradise City","guns n' roses","guns n' roses","Appetite For Destruction | Greatest Hits | Live Era '87 -- '93","1987","17","1989-01-14","1","AMBIGUOUS","70","multiple_albums"
"RVTR889877","She Talks To Angels","The Black Crowes","The Black Crowes","Greatest Hits 1990--1999: A Tribute To A Work In Progress... | Shake Your Money Maker","1990","16","1991-03-16","1","AMBIGUOUS","70","multiple_albums"
"RVTR889958","Cold As Ice","foreigner","foreigner","40: Forty Hits From Forty Years - 1977-2017 | Complete Greatest Hits | Extended Versions | Feels Like The First Time | Foreigner | Juke Box Heroes | No End In Sight: The Very Best Of Foreigner | Records | The Best Of Foreigner 4 & More | The Very Best And Beyond","1977","21","1977-07-23","1","AMBIGUOUS","70","multiple_albums"
"RVTR890138","My Hometown","bruce springsteen","bruce springsteen","Greatest Hits | Springsteen On Broadway","1995","15","1985-12-07","1","AMBIGUOUS","70","multiple_albums"
"RVTR890496","For You","staind","staind","Break The Cycle | Live From Mohegan Sun | Staind","2001","20","2002-03-02","1","AMBIGUOUS","70","multiple_albums"
"RVTR890795","I Will Always Love You","dolly parton","dolly parton","Live From London | Something Special | Ultimate Dolly Parton","1995","14","1982-07-31","1","AMBIGUOUS","70","multiple_albums"
"RVTR890999","Here For A Good Time","george strait","george strait","Here For A Good Time | The Cowboy Rides Away: Live From AT&T Stadium","2011","20","2011-07-16","1","AMBIGUOUS","70","multiple_albums"
"RVTR891024","Make It Last Forever","keith sweat","keith sweat","Keith Sweat Live | Make It Last Forever","1988","11","1988-07-23","1","AMBIGUOUS","70","multiple_albums"
"RVTR891701","Bitter Tears","inxs","inxs","The Best Of INXS | X","1990","10","1991-04-06","1","AMBIGUOUS","70","multiple_albums"
"RVTR891821","Tom Sawyer","rush","rush","Chronicles | Moving Pictures | Rush In Rio","1981","13","1981-06-06","1","AMBIGUOUS","70","multiple_albums"
"RVTR891881","Thank The Lord For The Night Time","neil diamond","neil diamond","50th Anniversary Collection | Classics The Early Years | Hot August Night II | Hot August Night III: Recorded Live At The Greek Theatre, Los Angeles | Hot August Night/NYC: Live From Madison Square Garden | Neil Diamond's Greatest Hits | Shilo | The Essential Neil Diamond","1968","11","1967-07-15","1","AMBIGUOUS","70","multiple_albums"
"RVTR892456","Me Enamora","juanes","juanes","La Vida... Es Un Ratico | tr3s Presents: Juanes MTV Unplugged","2007","14","2007-09-29","1","AMBIGUOUS","70","multiple_albums"
"RVTR892750","Listen To The Music","The Doobie Brothers","The Doobie Brothers","Best Of The Doobies | The Doobie Brothers Farewell Tour | Toulouse Street","1972","13","1972-09-02","1","AMBIGUOUS","70","multiple_albums"
"RVTR892823","Testify I Wonna","johnnie taylor","johnnie taylor","Johnnie Taylor's Greatest Hits | The Johnnie Taylor Philosophy Continues","1969","9","1969-05-10","1","AMBIGUOUS","70","multiple_albums"
"RVTR892956","This I Promise You","'n sync","'n sync","No Strings Attached | The Essential *NSync","2000","1","2001-02-17","1","AMBIGUOUS","70","multiple_albums"
"RVTR892976","Midnight Blue","melissa manchester","melissa manchester","Greatest Hits | Melissa","1975","17","1975-05-10","1","AMBIGUOUS","70","multiple_albums"
"RVTR893167","Hold What You'Ve Got","joe tex","joe tex","Hold What You've Got | The Best Of Joe Tex","1965","11","1964-12-19","1","AMBIGUOUS","70","multiple_albums"
"RVTR893202","I Say A Little Prayer","aretha franklin","aretha franklin","Aretha (II) | Aretha Now | Aretha's Best | Aretha's Greatest Hits","1968","11","1968-08-17","1","AMBIGUOUS","70","multiple_albums"
"RVTR893382","Heartbreaker","grand funk railroad","grand funk railroad","Caught In The Act | Live Album | On Time","1969","6","1970-02-14","1","AMBIGUOUS","70","multiple_albums"
"RVTR893392","All I Could Do Was Cry","etta james","etta james","Etta James Top Ten | Her Best","1963","15","1960-04-30","1","AMBIGUOUS","70","multiple_albums"
"RVTR893618","Heaven Knows","The Grass Roots","The Grass Roots","Leaving It All Behind | Let's Live For Today | More Golden Grass | Their 16 Greatest Hits","1967","10","1969-11-08","1","AMBIGUOUS","70","multiple_albums"
"RVTR893711","Sweet Seasons","carole king","carole king","Her Greatest Hits | Music","1971","10","1972-01-29","1","AMBIGUOUS","70","multiple_albums"
"RVTR893787","Back In My Arms Again","The Supremes","The Supremes","More Hits By The Supremes | The Supremes At The Copa","1965","11","1965-05-01","1","AMBIGUOUS","70","multiple_albums"
"RVTR893851","A Little Past Little Rock","lee ann womack","lee ann womack","Greatest Hits | Some Things I Know","1998","10","1998-10-10","1","AMBIGUOUS","70","multiple_albums"
"RVTR893890","Slide","goo goo dolls","goo goo dolls","Dizzy Up The Girl | Greatest Hits, Volume One: The Singles | Live In Buffalo - July 4th 2004","1998","35","1998-12-05","1","AMBIGUOUS","70","multiple_albums"
"RVTR894202","Killer Queen","queen","queen","Bohemian Rhapsody (Soundtrack) | Classic Queen | Greatest Hits | Greatest Hits I II & III: The Platinum Collection | Greatest Hits: We Will Rock You | Sheer Heart Attack","1974","19","1975-02-08","1","AMBIGUOUS","70","multiple_albums"
"RVTR894333","Mary In The Morning","al martino","al martino","Daddy's Little Girl | The Best Of Al Martino","1967","8","1967-05-27","1","AMBIGUOUS","70","multiple_albums"
"RVTR894584","Along Comes A Woman","chicago","chicago","Chicago 17 | Greatest Hits 1982-1989 | The Very Best Of Chicago: Only The Beginning","1984","16","1985-02-23","1","AMBIGUOUS","70","multiple_albums"
"RVTR894622","Nobody Does It Better","carly simon","carly simon","Greatest Hits Live | Reflections: Carly Simon's Greatest Hits","1988","25","1977-07-23","1","AMBIGUOUS","70","multiple_albums"
"RVTR894824","Every Rose Has Its Thorn","poison","poison","10 Great Songs | Best Of Ballads & Blues | Open Up And Say...Ahh! | The Best Of Poison: 20 Years Of Rock","1988","21","1988-10-29","1","AMBIGUOUS","70","multiple_albums"
"RVTR895024","Just Young","paul anka","paul anka","Paul Anka | Paul Anka Gold","1972","5","1958-10-06","1","AMBIGUOUS","70","multiple_albums"
"RVTR895174","Fool That I Am","etta james","etta james","Etta James Top Ten | Her Best | The Best Of Etta James: 20th Century Masters The Millennium Collection","1963","6","1961-06-10","1","AMBIGUOUS","70","multiple_albums"
"RVTR895632","Try A Little Tenderness","otis redding","otis redding","Complete & Unbelievable....The Otis Redding Dictionary Of Soul | History Of Otis Redding | King & Queen | Otis Redding Live In Europe | Pure Southern Soul: Otis Redding","1966","10","1966-12-03","1","AMBIGUOUS","70","multiple_albums"
"RVTR896008","Can'T Let Go","mariah carey","mariah carey","Emotions | MTV Unplugged EP","1991","20","1991-11-16","1","AMBIGUOUS","70","multiple_albums"
"RVTR896099","Love On The Rocks","neil diamond","neil diamond","Hot August Night II | Hot August Night III: Recorded Live At The Greek Theatre, Los Angeles | Hot August Night/NYC: Live From Madison Square Garden | Live In America","1987","20","1980-11-01","1","AMBIGUOUS","70","multiple_albums"
"RVTR896366","All My Trials","ray stevens","ray stevens","Ray Stevens' Greatest Hits | Turn Your Radio On","1971","6","1971-08-28","1","AMBIGUOUS","70","multiple_albums"
"RVTR896621","Down The Road","kenny chesney","kenny chesney","Live In No Shoes Nation | Lucky Old Sun","2008","18","2008-12-20","1","AMBIGUOUS","70","multiple_albums"
"RVTR897797","By The Time I Get To Phoenix","isaac hayes","isaac hayes","Hot Buttered Soul | Ultimate Isaac Hayes: Can You Dig It?","1969","8","1969-08-30","1","AMBIGUOUS","70","multiple_albums"
"RVTR897961","Paradise By The Dashboard Light","meat loaf","meat loaf","Bat Out Of Hell | Playlist: The Very Best Of Meat Loaf","1977","10","1978-08-12","1","AMBIGUOUS","70","multiple_albums"
"RVTR898376","Beast Of Burden","bette midler","bette midler","Jackpot!: The Best Bette | No Frills","1983","6","1984-02-11","1","AMBIGUOUS","70","multiple_albums"
"RVTR898541","Roundabout","yes","yes","Fragile | Keys To Ascension | The Ultimate Yes: 35th Anniversary Collection | Yesshows | Yessongs","1972","13","1972-02-12","1","AMBIGUOUS","70","multiple_albums"
"RVTR898718","Give Me The Night","george benson","george benson","Give Me The Night | The George Benson Collection | The Greatest Hits Of All","1980","23","1980-07-05","1","AMBIGUOUS","70","multiple_albums"
"RVTR898896","Georgia On My Mind","willie nelson","willie nelson","Stardust | Super Hits | Willie Nelson And Family: Let's Face The Music And Dance | Willie Nelson Live | Willie Nelson's Greatest Hits (& Some That Will Be)","1976","6","1978-05-27","1","AMBIGUOUS","70","multiple_albums"
"RVTR898962","My Life Would Suck Without You","kelly clarkson","kelly clarkson","All I Ever Wanted | Greatest Hits: Chapter One","2009","24","2009-01-31","1","AMBIGUOUS","70","multiple_albums"
"RVTR899005","This Masquerade","george benson","george benson","Breezin' | The George Benson Collection | The Greatest Hits Of All","1976","19","1976-06-12","1","AMBIGUOUS","70","multiple_albums"
"RVTR899394","High And Dry","radiohead","radiohead","The Bends | The Best Of","1995","8","1996-03-16","1","AMBIGUOUS","70","multiple_albums"
"RVTR900620","Three Times A Lady","commodores","commodores","All The Greatest Hits | Commodores Anthology | Natural High | The Best Of The Commodores: 20th Century Masters...","1978","20","1978-06-17","1","AMBIGUOUS","70","multiple_albums"
"RVTR900707","Games People Play","The Alan Parsons Project","The Alan Parsons Project","The Best Of The Alan Parsons Project | The Turn Of A Friendly Card","1980","23","1980-12-06","1","AMBIGUOUS","70","multiple_albums"
"RVTR900838","The Little Girl","john michael montgomery","john michael montgomery","Brand New Me | The Very Best Of John Michael Montgomery","2000","20","2000-09-09","1","AMBIGUOUS","70","multiple_albums"
"RVTR900914","Born To Be My Baby","bon jovi","bon jovi","Greatest Hits: The Ultimate Collection | Inside Out | New Jersey | This Left Feels Right","1988","20","1988-11-26","1","AMBIGUOUS","70","multiple_albums"
"RVTR901223","Rain","jose feliciano","jose feliciano","Alive Alive-O! | Encore! Jose Feliciano's Finest Performances","1969","5","1969-08-23","1","AMBIGUOUS","70","multiple_albums"
"RVTR901582","We'Re Getting Careless With Our Love","johnnie taylor","johnnie taylor","Johnnie Taylor's Greatest Hits | Taylored In Silk","1970","10","1974-01-26","1","AMBIGUOUS","70","multiple_albums"
"RVTR901929","No Shoes No Shirt No Problems","kenny chesney","kenny chesney","Greatest Hits II | Live In No Shoes Nation | No Shoes, No Shirt, No Problems","2002","20","2003-06-28","1","AMBIGUOUS","70","multiple_albums"
"RVTR902215","Rag Doll","The 4 Seasons","The 4 Seasons","Rag Doll | The 4 Seasons' Gold Vault of Hits","1964","12","1964-06-20","1","AMBIGUOUS","70","multiple_albums"
"RVTR902582","All In Love Is Fair","barbra streisand","barbra streisand","Barbra Streisand's Greatest Hits, Volume 2 | The Essential Barbra Streisand | The Way We Were","1974","5","1974-03-30","1","AMBIGUOUS","70","multiple_albums"
"RVTR902693","Loser","3 doors down","3 doors down","The Better Life | The Greatest Hits","2000","20","2000-10-21","1","AMBIGUOUS","70","multiple_albums"
"RVTR902944","V 3005","childish gambino","childish gambino","Because The Internet | Kauai (EP)","2013","20","2013-12-28","1","AMBIGUOUS","70","multiple_albums"
"RVTR903146","I'M From The Country","tracy byrd","tracy byrd","Greatest Hits | I'm From The Country","1998","18","1998-04-04","1","AMBIGUOUS","70","multiple_albums"
"RVTR903342","Roll Over Beethoven","The Beatles","The Beatles","Live At The Hollywood Bowl | On Air: Live At The BBC Volume 2 | The Beatles At The Hollywood Bowl | The Beatles' Second Album | With The Beatles","1964","4","1964-03-21","1","AMBIGUOUS","70","multiple_albums"
"RVTR903645","Love Makes Things Happen","pebbles","pebbles","Always | Pebbles","1988","19","1990-12-01","1","AMBIGUOUS","70","multiple_albums"
"RVTR903820","I Believe In You","don williams","don williams","20 Greatest Hits | I Believe In You","1980","20","1980-09-27","1","AMBIGUOUS","70","multiple_albums"
"RVTR903868","Pop A Top","alan jackson","alan jackson","16 Biggest Hits | Greatest Hits Volume II | Under The Influence","1999","17","1999-11-13","1","AMBIGUOUS","70","multiple_albums"
"RVTR904355","It'S Going To Take Some Time","carpenters","carpenters","A Song For You | Yesterday Once More","1972","10","1972-04-29","1","AMBIGUOUS","70","multiple_albums"
"RVTR904450","Conviction Of The Heart","kenny loggins","kenny loggins","Leap Of Faith | Outside: From The Redwoods | Yesterday, Today, Tomorrow: The Greatest Hits Of Kenny Loggins","1991","13","1991-10-26","1","AMBIGUOUS","70","multiple_albums"
"RVTR904600","Galveston","glen campbell","glen campbell","All The Best | Galveston | Glen Campbell's Greatest Hits | See You There","1969","12","1969-03-01","1","AMBIGUOUS","70","multiple_albums"
"RVTR904686","Star Baby","The Guess Who","The Guess Who","Greatest Of The Guess Who | Road Food","1971","19","1974-02-16","1","AMBIGUOUS","70","multiple_albums"
"RVTR904723","Kiss An Angel Good Mornin'","charley pride","charley pride","Charley Pride Sings Heart Songs | Charley Pride: In Person","1969","16","1971-11-20","1","AMBIGUOUS","70","multiple_albums"
"RVTR905561","Dolly Dagger","jimi hendrix","jimi hendrix","Blue Wild Angel: Live At The Isle Of Wright | First Rays Of The New Rising Sun | Rainbow Bridge (Soundtrack)","1971","7","1971-10-23","1","AMBIGUOUS","70","multiple_albums"
"RVTR905787","It'S Growing","The Temptations","The Temptations","The Temptations Greatest Hits | The Ultimate Collection","1966","9","1965-04-03","1","AMBIGUOUS","70","multiple_albums"
"RVTR906006","You'Re In My Heart The Final Acclaim","rod stewart","rod stewart","Foot Loose + Fancy Free | Storyteller/Complete Anthology: 1964-1990","1977","22","1977-10-29","1","AMBIGUOUS","70","multiple_albums"
"RVTR906129","Superfly","curtis mayfield","curtis mayfield","Curtis In Chicago | Superfly","1972","15","1972-11-18","1","AMBIGUOUS","70","multiple_albums"
"RVTR906158","Wasted Days And Wasted Nights","freddy fender","freddy fender","Before The Next Teardrop Falls | Best Of Freddy Fender","1975","19","1975-06-21","1","AMBIGUOUS","70","multiple_albums"
"RVTR906211","A Little Too Late","toby keith","toby keith","Toby Keith | White Trash With Money","1993","15","2006-06-03","1","AMBIGUOUS","70","multiple_albums"
"RVTR906234","Surfer Girl","The Beach Boys","The Beach Boys","Beach Boys In Concert | Classics Selected By Brian Wilson | Endless Summer | Fifty Big Ones: Greatest Hits | Live: The 50th Anniversary Tour | Sounds Of Summer:The Very Best Of The Beach Boys | Surfer Girl | The Best Of The Beach Boys | The Greatest Hits Volume 1: 20 Good Vibrations","1963","14","1963-08-03","1","AMBIGUOUS","70","multiple_albums"
"RVTR906397","Dear Heart","andy williams","andy williams","16 Most Requested Songs: Encore | Andy Williams' Greatest Hits, Vol. 2 | The Impossible Dream","1972","11","1964-11-28","1","AMBIGUOUS","70","multiple_albums"
"RVTR907600","Deep Inside Of You","third eye blind","third eye blind","A Collection | Blue","1999","12","2000-09-02","1","AMBIGUOUS","70","multiple_albums"
"RVTR907761","Honey","bobby goldsboro","bobby goldsboro","Bobby Goldsboro's Greatest Hits | Honey","1968","15","1968-03-23","1","AMBIGUOUS","70","multiple_albums"
"RVTR908048","Give Your Baby A Standing Ovation","The Dells","The Dells","Give Your Baby A Standing Ovation | The Mighty Mighty Dells","1973","16","1973-04-21","1","AMBIGUOUS","70","multiple_albums"
"RVTR908465","Stormy","santana","santana","Inner Secrets | The Essential Santana","1978","10","1979-01-06","1","AMBIGUOUS","70","multiple_albums"
"RVTR908509","Heat Of The Moment","asia","asia","Asia | The Definitive Collection | Then & Now","1982","18","1982-04-17","1","AMBIGUOUS","70","multiple_albums"
"RVTR909133","Candy","mandy moore","mandy moore","So Real | The Best Of Mandy Moore","1999","20","1999-09-11","1","AMBIGUOUS","70","multiple_albums"
"RVTR909401","Emotion","helen reddy","helen reddy","Free And Easy | Helen Reddy's Greatest Hits","1974","9","1975-02-08","1","AMBIGUOUS","70","multiple_albums"
"RVTR909484","Fopp","ohio players","ohio players","Fire | Honey | Ohio Players Gold","1974","11","1976-02-21","1","AMBIGUOUS","70","multiple_albums"
"RVTR909860","Symphony Of Destruction","megadeth","megadeth","Countdown To Extinction | Countdown To Extinction: Live | Greatest Hits: Back To The Start | Hidden Treasures (EP)","1992","15","1992-10-17","1","AMBIGUOUS","70","multiple_albums"
"RVTR910310","Feeling Alright","joe cocker","joe cocker","Joe Cocker's Greatest Hits | Unchain My Heart | With A Little Help From My Friends","1969","15","1969-06-21","1","AMBIGUOUS","70","multiple_albums"
"RVTR910326","Boy From New York City","The Manhattan Transfer","The Manhattan Transfer","Mecca For Moderns | The Very Best Of The Manhattan Transfer","1981","21","1981-05-23","1","AMBIGUOUS","70","multiple_albums"
"RVTR910567","Digging In The Dirt","peter gabriel","peter gabriel","Hit | New Blood | Us","1992","11","1992-10-03","1","AMBIGUOUS","70","multiple_albums"
"RVTR910671","Ring Of Fire","johnny cash","johnny cash","16 Biggest Hits | Best Of Johnny Cash | Playlist: The Very Best Of Johnny Cash | Ring Of Fire (The Best Of Johnny Cash) | Super Hits | The Greatest: The Number Ones","1963","13","1963-06-01","1","AMBIGUOUS","70","multiple_albums"
"RVTR910793","I Knew You Were Waiting For Me","aretha franklin","aretha franklin","Greatest Hits (1980-1994) | Jewels In The Crown: Duets With The Queen","1994","17","1987-02-21","1","AMBIGUOUS","70","multiple_albums"
"RVTR910861","Raised On Robbery","joni mitchell","joni mitchell","Court And Spark | Hits | Joni Mitchell","1968","8","1973-12-22","1","AMBIGUOUS","70","multiple_albums"
"RVTR910888","Slip Slidin' Away","paul simon","paul simon","Live In New York City | The Paul Simon Collection: On My Way, Don't Know Where I'm Goin'","2002","20","1977-10-15","1","AMBIGUOUS","70","multiple_albums"
"RVTR911488","One Night At A Time","george strait","george strait","Carrying Your Love With Me | Strait Out Of The Box: Part 2","1997","12","1997-04-05","1","AMBIGUOUS","70","multiple_albums"
"RVTR911558","I'Ll Turn To Stone","four tops","four tops","Four Tops Reach Out | Live & In Concert","1967","5","1967-07-15","1","AMBIGUOUS","70","multiple_albums"
"RVTR911761","Bring Your Love To Me","The Righteous Brothers","The Righteous Brothers","Some Blue-Eyed Soul | Soul & Inspiration","1965","3","1965-01-30","1","AMBIGUOUS","70","multiple_albums"
"RVTR911818","Coming Home Soldier","bobby vinton","bobby vinton","16 Most Requested Songs | Bobby Vinton's All-Time Greatest Hits","1972","12","1966-11-19","1","AMBIGUOUS","70","multiple_albums"
"RVTR912057","All The Young Dudes","mott the hoople","mott the hoople","All The Young Dudes | Mott The Hoople Live | The Hoople","1972","11","1972-09-23","1","AMBIGUOUS","70","multiple_albums"
"RVTR912228","Rock And Roll All Nite","kiss","kiss","Alive III | Dressed To Kill | KISS 40 | Kiss Alive! 1975 - 2000 | Symphony: Alive IV","1975","6","1975-05-17","1","AMBIGUOUS","70","multiple_albums"
"RVTR912231","What About Your Friends","tlc","tlc","20 | Now & Forever: The Hits | Ooooooohhh. . .On The TLC Tip","1992","27","1992-09-05","1","AMBIGUOUS","70","multiple_albums"
"RVTR912352","Dare Me","The Pointer Sisters","The Pointer Sisters","Contact | The Best Of The Pointer Sisters","1976","18","1985-07-13","1","AMBIGUOUS","70","multiple_albums"
"RVTR912420","Snatching It Back","clarence carter","clarence carter","Testifyin' | The Best Of Clarence Carter","1969","10","1969-03-01","1","AMBIGUOUS","70","multiple_albums"
"RVTR912761","Hot Hot Hot","The Cure","The Cure","Galore: The Singles 1987-1997 | Kiss Me, Kiss Me, Kiss Me","1987","7","1988-03-05","1","AMBIGUOUS","70","multiple_albums"
"RVTR913044","P I M P","50 cent","50 cent","Best Of 50 Cent | Get Rich Or Die Tryin'","2003","25","2003-05-31","1","AMBIGUOUS","70","multiple_albums"
"RVTR913054","Fat Lip","sum 41","sum 41","All Killer No Filler | All The Good Sh**: 14 Solid Gold Hits 2000 - 2008","2001","12","2001-09-01","1","AMBIGUOUS","70","multiple_albums"
"RVTR913274","Darlin'","The Beach Boys","The Beach Boys","Beach Boys In Concert | Wild Honey | Wild Honey & 20/20","1964","9","1967-12-23","1","AMBIGUOUS","70","multiple_albums"
"RVTR913365","Teenage Love Affair","rick derringer","rick derringer","All American Boy | Derringer Live","1973","5","1974-04-27","1","AMBIGUOUS","70","multiple_albums"
"RVTR913428","Dancing Machine","jackson 5","jackson 5","Jackson 5 Anthology | The Best Of The Jackson 5: 20th Century Masters: The Christmas Collection","1976","22","1974-03-16","1","AMBIGUOUS","70","multiple_albums"
"RVTR913860","Some Velvet Morning","nancy sinatra","nancy sinatra","Movin' With Nancy | Nancy's Greatest Hits","1968","8","1968-01-06","1","AMBIGUOUS","70","multiple_albums"
"RVTR913960","Need You Tonight","inxs","inxs","Kick | Live Baby Live | The Best Of INXS | The Greatest Hits","1987","25","1987-10-24","1","AMBIGUOUS","70","multiple_albums"
"RVTR914160","Life After You","daughtry","daughtry","It's Not Over... The Hits So Far | Leave This Town","2009","20","2009-12-19","1","AMBIGUOUS","70","multiple_albums"
"RVTR914171","Mr Roboto","styx","styx","Caught In The Act - Live | Kilroy Was Here","1983","18","1983-02-12","1","AMBIGUOUS","70","multiple_albums"
"RVTR914453","Drink In My Hand","eric church","eric church","Caught In The Act: Live | Chief","2011","20","2011-10-08","1","AMBIGUOUS","70","multiple_albums"
"RVTR914690","Irresistible","fall out boy","fall out boy","American Beauty / American Psycho | Make America Psycho Again","2015","14","2015-01-24","1","AMBIGUOUS","70","multiple_albums"
"RVTR914727","Rock Me","steppenwolf","steppenwolf","16 Greatest Hits | At Your Birthday Party","1969","10","1969-03-01","1","AMBIGUOUS","70","multiple_albums"
"RVTR914870","Love Is A Rock","reo speedwagon","reo speedwagon","The Earth, A Small Man, His Dog And A Chicken | The Second Decade of Rock & Roll 1981-1991","1990","6","1990-10-13","1","AMBIGUOUS","70","multiple_albums"
"RVTR914998","Moody Woman","jerry butler","jerry butler","Ice On Ice | The Best Of Jerry Butler","1969","10","1969-05-31","1","AMBIGUOUS","70","multiple_albums"
"RVTR915536","Fernando","abba","abba","ABBA | Greatest Hits | The Best Of ABBA: 20th Century Masters The Millennium Collection | The Singles (The First Ten Years)","1975","16","1976-09-04","1","AMBIGUOUS","70","multiple_albums"
"RVTR915634","19Th Nervous Breakdown","The Rolling Stones","The Rolling Stones","Big Hits (High Tide And Green Grass) | Forty Licks | Got Live If You Want It! | Hot Rocks 1964-1971 | Singles Collection - The London Years","1966","10","1966-02-26","1","AMBIGUOUS","70","multiple_albums"
"RVTR915711","On The Road Again","willie nelson","willie nelson","Super Hits | Willie Nelson Live | Willie Nelson's Greatest Hits (& Some That Will Be)","1976","20","1980-09-06","1","AMBIGUOUS","70","multiple_albums"
"RVTR916215","Into The Great Wide Open","tom petty and the heartbreakers","tom petty and the heartbreakers","Greatest Hits | Into The Great Wide Open","1991","5","1991-11-16","1","AMBIGUOUS","70","multiple_albums"
"RVTR916694","Hold On To The Nights","richard marx","richard marx","Greatest Hits | Richard Marx","1987","21","1988-05-21","1","AMBIGUOUS","70","multiple_albums"
"RVTR916748","We'Re Gonna Have A Good Time","rare earth","rare earth","Rare Earth | Willie Remembers..","1972","3","1973-01-27","1","AMBIGUOUS","70","multiple_albums"
"RVTR916883","Surfin' Safari","The Beach Boys","The Beach Boys","Endless Summer | Sounds Of Summer:The Very Best Of The Beach Boys","1974","17","1962-08-11","1","AMBIGUOUS","70","multiple_albums"
"RVTR917092","Wish You Were Here","incubus","incubus","HQ Live | Monuments And Melodies | Morning View","2001","20","2001-09-22","1","AMBIGUOUS","70","multiple_albums"
"RVTR918771","Dancin' With My Mirror","corey hart","corey hart","Boy In The Box | Fields Of Fire","1985","3","1987-03-28","1","AMBIGUOUS","70","multiple_albums"
"RVTR918814","Feel Like Makin' Love","bad company","bad company","Live 1977 / Live 1979 | Straight Shooter","1975","15","1975-07-05","1","AMBIGUOUS","70","multiple_albums"
"RVTR918839","Desire","u2","u2","Rattle And Hum (Soundtrack) | The Best Of 1980-1990/The B-Sides","1988","17","1988-10-01","1","AMBIGUOUS","70","multiple_albums"
"RVTR918970","Learning To Fly","tom petty and the heartbreakers","tom petty and the heartbreakers","Greatest Hits | Into The Great Wide Open","1991","14","1991-06-29","1","AMBIGUOUS","70","multiple_albums"
"RVTR919504","Amazing","aerosmith","aerosmith","Big Ones | Devil's Got A New Disguise: The Very Best Of Aerosmith | The Best Of Aerosmith: 20th Century Masters... | Tough Love: Best Of The Ballads","1994","21","1993-12-04","1","AMBIGUOUS","70","multiple_albums"
"RVTR919809","Boats Against The Current","eric carmen","eric carmen","Boats Against The Current | Eric Carmen (II)","1977","3","1977-12-24","1","AMBIGUOUS","70","multiple_albums"
"RVTR919948","American Idiot","green day","green day","American Idiot | Bullet In A Bible","2004","20","2004-08-21","1","AMBIGUOUS","70","multiple_albums"
"RVTR920026","All I Have To Offer You Is Me","charley pride","charley pride","Charley Pride: In Person | The Best Of Charley Pride","1969","5","1969-08-23","1","AMBIGUOUS","70","multiple_albums"
"RVTR920094","Rock You Like A Hurricane","scorpions","scorpions","Bad For Good: The Very Best Of Scorpions | Comeblack | Love At First Sting | MTV Unplugged: In Athens | The Best Of Scorpions: 20th Century Masters The Millennium Collection","1984","16","1984-03-24","1","AMBIGUOUS","70","multiple_albums"
"RVTR920322","If We Make It Through December","merle haggard","merle haggard","20 Greatest Hits | 40 Greatest Hits, V. 1 | If We Make It Through December","1974","11","1973-11-24","1","AMBIGUOUS","70","multiple_albums"
"RVTR920407","Synchronicity Ii","The Police","The Police","Synchronicity | The Police","1983","14","1983-11-05","1","AMBIGUOUS","70","multiple_albums"
"RVTR920556","Smooth Operator","sade","sade","Diamond Life | Lovers Live | The Ultimate Collection","1985","20","1985-03-02","1","AMBIGUOUS","70","multiple_albums"
"RVTR920578","Little Honda","The Beach Boys","The Beach Boys","All Summer Long | Fifty Big Ones: Greatest Hits | Live: The 50th Anniversary Tour | Spirit Of America | The Best Of The Beach Boys | The Greatest Hits Volume 2: 20 More Good Vibrations | The Warmth Of The Sun","1964","5","1964-10-17","1","AMBIGUOUS","70","multiple_albums"
"RVTR920581","When We Dance","sting","sting","... All This Time | Fields Of Gold - Best Of Sting 1984-1994 | Symphonicities","1994","18","1994-10-29","1","AMBIGUOUS","70","multiple_albums"
"RVTR920742","If You Had My Love","jennifer lopez","jennifer lopez","Dance Again ... The Hits | The Reel Me","2003","25","1999-05-15","1","AMBIGUOUS","70","multiple_albums"
"RVTR921083","Money","The Kingsmen","The Kingsmen","15 Great Hits | The Kingsmen In Person","1964","11","1964-03-14","1","AMBIGUOUS","70","multiple_albums"
"RVTR921168","Walk On The Wild Side","lou reed","lou reed","Rock And Roll Diary 1967-1980 | The Essential Lou Reed | Transformer | Walk On The Wild Side-The Best Of Lou Reed","1972","14","1973-02-17","1","AMBIGUOUS","70","multiple_albums"
"RVTR921237","Never Been Any Reason","head east","head east","Flat As A Pancake | Head East","1975","9","1975-10-18","1","AMBIGUOUS","70","multiple_albums"
"RVTR921403","Gypsy Man","war","war","Deliver The Word | Greatest Hits","1973","13","1973-07-21","1","AMBIGUOUS","70","multiple_albums"
"RVTR921434","Magic Carpet Ride","steppenwolf","steppenwolf","16 Greatest Hits | Steppenwolf 'Live' | The Second","1968","16","1968-10-05","1","AMBIGUOUS","70","multiple_albums"
"RVTR921500","Little Devil","neil sedaka","neil sedaka","Neil Sedaka Sings His Greatest Hits | Waking Up Is Hard To Do","1975","9","1961-04-29","1","AMBIGUOUS","70","multiple_albums"
"RVTR921597","I Like It","sammie","sammie","From The Bottom To The Top | Sammie","2000","20","2000-01-29","1","AMBIGUOUS","70","multiple_albums"
"RVTR921720","If I Were A Boy","beyonce","beyonce","Above And Beyonce: Video Collection & Dance Mixes (EP) | I Am...Sasha Fierce","2008","20","2008-10-25","1","AMBIGUOUS","70","multiple_albums"
"RVTR921734","Ruby","ray charles","ray charles","A Man And His Soul | A Portrait Of Ray","1967","9","1960-11-19","1","AMBIGUOUS","70","multiple_albums"
"RVTR922716","Every Woman In The World","air supply","air supply","Lost In Love | Ultimate Air Supply","1980","22","1980-10-25","1","AMBIGUOUS","70","multiple_albums"
"RVTR922926","Change Partners","stephen stills","stephen stills","Stephen Stills 2 | Stephen Stills Live | Still Stills-The Best Of Stephen Stills","1971","9","1971-06-12","1","AMBIGUOUS","70","multiple_albums"
"RVTR922953","Girls Girls Girls","motley crue","motley crue","Girls, Girls, Girls | Live: Entertainment Or Death","1987","15","1987-05-30","1","AMBIGUOUS","70","multiple_albums"
"RVTR923020","My Ding A Ling","chuck berry","chuck berry","The Best Of Chuck Berry: 20th Century Masters The Millennium Collection | The London Chuck Berry Sessions","1972","17","1972-08-05","1","AMBIGUOUS","70","multiple_albums"
"RVTR923302","When I Think Of You","janet jackson","janet jackson","Control | Design Of A Decade 1986/1996","1986","19","1986-08-09","1","AMBIGUOUS","70","multiple_albums"
"RVTR923547","Someday","sugar ray","sugar ray","14:59 | The Best Of Sugar Ray","1999","32","1999-07-03","1","AMBIGUOUS","70","multiple_albums"
"RVTR923677","American Life","madonna","madonna","American Life | I'm Going To Tell You A Secret (Soundtrack) | Remixed & Revisited (EP)","2003","8","2003-04-05","1","AMBIGUOUS","70","multiple_albums"
"RVTR923790","Crying Time","ray charles","ray charles","A Man And His Soul | Crying Time","1966","15","1965-12-11","1","AMBIGUOUS","70","multiple_albums"
"RVTR923801","Roses Are Red My Love","bobby vinton","bobby vinton","Bobby Vinton's All-Time Greatest Hits | Bobby Vinton's Greatest Hits | Vinton","1964","15","1962-06-09","1","AMBIGUOUS","70","multiple_albums"
"RVTR923860","Falls Apart","sugar ray","sugar ray","14:59 | The Best Of Sugar Ray","1999","20","2000-01-15","1","AMBIGUOUS","70","multiple_albums"
"RVTR924295","Take Me Home Country Roads","john denver","john denver","Definitive All-Time Greatest Hits | John Denver's Greatest Hits | Poems, Prayers & Promises","1971","23","1971-04-10","1","AMBIGUOUS","70","multiple_albums"
"RVTR924630","Easy Livin","uriah heep","uriah heep","Best Uriah Heep | Demons And Wizards | Uriah Heep Live","1972","12","1972-07-29","1","AMBIGUOUS","70","multiple_albums"
"RVTR924657","Country Road","james taylor","james taylor","Greatest Hits | One Man Band | Sweet Baby James","1970","8","1971-02-06","1","AMBIGUOUS","70","multiple_albums"
"RVTR924663","The Way It Is","tesla","tesla","Five Man Acoustical Jam | The Great Radio Controversy | Time's Makin' Changes - The Best Of Tesla","1989","12","1990-03-10","1","AMBIGUOUS","70","multiple_albums"
"RVTR924809","Straight Out Of Line","godsmack","godsmack","Faceless | Good Times, Bad Times...Ten Years Of Godsmack","2003","8","2003-04-19","1","AMBIGUOUS","70","multiple_albums"
"RVTR924963","99 Problems","jay-z","jay-z","The Black Album | The Black Album: Acappella","2003","12","2004-05-08","1","AMBIGUOUS","70","multiple_albums"
"RVTR925047","Dreaming Of You","selena","selena","All My Hits Todos Mis Exitos | Dreaming Of You | Greatest Hits","1995","20","1995-10-28","1","AMBIGUOUS","70","multiple_albums"
"RVTR925489","The Old Songs","barry manilow","barry manilow","Greatest Hits-vol Ii | If I Should Love Again | The Complete Collection","1981","16","1981-10-10","1","AMBIGUOUS","70","multiple_albums"
"RVTR926734","One","creed","creed","Greatest Hits | My Own Prison","1997","20","1999-02-27","1","AMBIGUOUS","70","multiple_albums"
"RVTR927220","No Tell Lover","chicago","chicago","Hot Streets | The Very Best Of Chicago: Only The Beginning","1978","15","1978-12-23","1","AMBIGUOUS","70","multiple_albums"
"RVTR927668","Free","chicago","chicago","Chicago At Carnegie Hall | Chicago III | The Very Best Of Chicago: Only The Beginning","1971","9","1971-02-20","1","AMBIGUOUS","70","multiple_albums"
"RVTR928218","Hello Stranger","yvonne elliman","yvonne elliman","Love Me | Yvonne","1977","16","1977-03-19","1","AMBIGUOUS","70","multiple_albums"
"RVTR928239","That Girl","maxi priest","maxi priest","Man With The Fun | Maxi Priest","1988","20","1996-06-29","1","AMBIGUOUS","70","multiple_albums"
"RVTR928610","Break Away","art garfunkel","art garfunkel","Breakaway | The Singer","1975","11","1975-12-27","1","AMBIGUOUS","70","multiple_albums"
"RVTR929199","Never Tear Us Apart","inxs","inxs","Kick | The Best Of INXS | The Greatest Hits","1987","23","1988-08-13","1","AMBIGUOUS","70","multiple_albums"
"RVTR929872","Fire And Rain","james taylor","james taylor","Greatest Hits | Sweet Baby James | The Best Of James Taylor","1970","16","1970-09-12","1","AMBIGUOUS","70","multiple_albums"
"RVTR930042","The Other Side Of Life","The Moody Blues","The Moody Blues","Greatest Hits | The Other Side Of Life","1986","9","1986-08-16","1","AMBIGUOUS","70","multiple_albums"
"RVTR930155","Don'T Fear The Reaper","blue oyster cult","blue oyster cult","Agents Of Fortune | Extraterrestrial Live | Some Enchanted Evening","1976","20","1976-07-31","1","AMBIGUOUS","70","multiple_albums"
"RVTR930557","Without You","nilsson","nilsson","Greatest Hits | Nilsson Schmilsson","1971","19","1971-12-18","1","AMBIGUOUS","70","multiple_albums"
"RVTR930700","She Came In Through The Bathroom Window","joe cocker","joe cocker","Joe Cocker | Joe Cocker! | The Best Of Joe Cocker: 20th Century Masters The Millennium Collection | Ultimate Collection | Unchain My Heart","1969","12","1969-12-06","1","AMBIGUOUS","70","multiple_albums"
"RVTR931078","Tumbling Dice","The Rolling Stones","The Rolling Stones","Exile On Main St. | From The Vault: Hampton Coliseum (Live In 1981) | Hyde Park Live | Jump Back: The Best Of The Rolling Stones: '71-'93 | Love You Live | Made In The Shade","1972","10","1972-04-29","1","AMBIGUOUS","70","multiple_albums"
"RVTR931490","Hey Leonardo She Likes Me For Me","blessid union of souls","blessid union of souls","The Singles | Walking Off The Buzz","1999","20","1999-06-12","1","AMBIGUOUS","70","multiple_albums"
"RVTR931503","I Feel Sanctified","commodores","commodores","Commodores Anthology | Commodores Live! | Machine Gun","1974","8","1974-11-16","1","AMBIGUOUS","70","multiple_albums"
"RVTR931779","Thieves In The Temple","prince","prince","Graffiti Bridge (Soundtrack) | The Hits/The B-Sides | Ultimate","1990","13","1990-08-04","1","AMBIGUOUS","70","multiple_albums"
"RVTR931823","Evil Woman","electric light orchestra","electric light orchestra","All Over The World: The Very Best Of Electric Light Orchestra | ELO's Greatest Hits | Face The Music | Mr. Blue Sky: The Very Best Of Electric Light Orchestra","1975","17","1975-11-15","1","AMBIGUOUS","70","multiple_albums"
"RVTR932152","Dum Dum","brenda lee","brenda lee","10 Golden Years | The Best Of Brenda Lee: 20th Century Masters The Christmas Collection","1966","12","1961-06-17","1","AMBIGUOUS","70","multiple_albums"
"RVTR932153","One By One","cher","cher","It's A Man's World | The Very Best Of Cher","1996","14","1996-06-15","1","AMBIGUOUS","70","multiple_albums"
"RVTR932299","Lucille","kenny rogers","kenny rogers","21 Number Ones | 42 Ultimate Hits | Greatest Hits | Kenny Rogers | Kenny Rogers' Greatest Hits | Ten Years Of Gold | Twenty Greatest Hits","1971","19","1977-03-26","1","AMBIGUOUS","70","multiple_albums"
"RVTR932930","Last Resort","papa roach","papa roach","Infest | Time For Annihilation ... On The Record & On The Road | To Be Loved: The Best Of Papa Roach","2000","20","2000-07-29","1","AMBIGUOUS","70","multiple_albums"
"RVTR933018","Mother Freedom","bread","bread","Baby I'm-A Want You | The Best Of Bread","1972","9","1971-07-17","1","AMBIGUOUS","70","multiple_albums"
"RVTR933535","I Love A Rainy Night","eddie rabbitt","eddie rabbitt","Horizon | The Best Of Eddie Rabbitt","1979","28","1980-11-08","1","AMBIGUOUS","70","multiple_albums"
"RVTR933650","Bennie And The Jets","elton john","elton john","Diamonds | Elton John's Greatest Hits, Volume II | Goodbye Yellow Brick Road | Greatest Hits | Here And There | Rocket Man: Number Ones","1973","18","1974-02-16","1","AMBIGUOUS","70","multiple_albums"
"RVTR934047","The Greatest Love Of All","george benson","george benson","The Greatest Hits Of All | Weekend In L.a.","1978","14","1977-07-30","1","AMBIGUOUS","70","multiple_albums"
"RVTR934417","Deacon Blues","steely dan","steely dan","A Decade Of Steely Dan | Aja | Gold | The Definitive Collection","1977","16","1978-04-01","1","AMBIGUOUS","70","multiple_albums"
"RVTR934570","Tears Are Falling","kiss","kiss","Asylum | KISS 40","1985","13","1985-10-19","1","AMBIGUOUS","70","multiple_albums"
"RVTR935180","I'M So Into You","swv","swv","It's About Time | The Remixes (EP)","1993","27","1993-02-06","1","AMBIGUOUS","70","multiple_albums"
"RVTR935422","Somebody To Love","queen","queen","A Day At The Races | Bohemian Rhapsody (Soundtrack) | Classic Queen | Greatest Hits I II & III: The Platinum Collection | Greatest Hits: We Will Rock You","1977","2","1976-11-27","1","AMBIGUOUS","70","multiple_albums"
"RVTR935504","I Won'T Last A Day Without You","carpenters","carpenters","A Song For You | Yesterday Once More","1972","12","1974-04-13","1","AMBIGUOUS","70","multiple_albums"
"RVTR936521","I Wish You Could Be Here","The Cyrkle","The Cyrkle","Neon | Red Rubber Ball","1966","4","1967-02-04","1","AMBIGUOUS","70","multiple_albums"
"RVTR936575","Back At One","mark wills","mark wills","Greatest Hits | Permanently","1964","20","2000-01-15","1","AMBIGUOUS","70","multiple_albums"
"RVTR936851","Take These Chains From My Heart","ray charles","ray charles","Country & Western Meets Rhythm & Blues | Hit The Road, Jack","1965","11","1963-04-13","1","AMBIGUOUS","70","multiple_albums"
"RVTR937423","Turn Off The Lights","teddy pendergrass","teddy pendergrass","Playlist: The Very Best Of Teddy Pendergrass | Teddy | Teddy Pendergrass | The Essential Teddy Pendergrass","1977","6","1979-07-21","1","AMBIGUOUS","70","multiple_albums"
"RVTR938046","Weak And Powerless","a perfect circle","a perfect circle","Thirteenth Step | Three Sixty","2003","18","2003-09-27","1","AMBIGUOUS","70","multiple_albums"
"RVTR938153","Folsom Prison Blues","johnny cash","johnny cash","16 Biggest Hits | I Walk The Line | Johnny Cash | Johnny Cash At Folsom Prison | Johnny Cash At Madison Square Garden | Johnny Cash At San Quentin | Original Golden Hits, Volume I | Showtime | Super Hits | The Essential Johnny Cash | The Johnny Cash Collection (His Greatest Hits, Volume II) | The Legend Of Johnny Cash","1964","12","1968-05-25","1","AMBIGUOUS","70","multiple_albums"
"RVTR938450","Remember The Time","michael jackson","michael jackson","Dangerous | HIStory: Past, Present And Future Book 1","1991","20","1992-01-25","1","AMBIGUOUS","70","multiple_albums"
"RVTR938927","For The Good Times","ray price","ray price","For The Good Times | Ray Price's All-Time Greatest Hits","1970","24","1970-08-29","1","AMBIGUOUS","70","multiple_albums"
"RVTR939180","Settle For A Slowdown","dierks bentley","dierks bentley","Greatest Hits // Every Mile A Memory 2003-2008 | Modern Day Drifter","2005","18","2006-04-01","1","AMBIGUOUS","70","multiple_albums"
"RVTR939499","Just A Girl","no doubt","no doubt","The Singles 1992-2003 | Tragic Kingdom","1996","29","1995-12-16","1","AMBIGUOUS","70","multiple_albums"
"RVTR940240","Two Divided By Love","The Grass Roots","The Grass Roots","Let's Live For Today | Move Along","1967","11","1971-10-09","1","AMBIGUOUS","70","multiple_albums"
"RVTR940274","The Folk Singer","tommy roe","tommy roe","Dizzy | Sweet Pea","1966","3","1963-05-04","1","AMBIGUOUS","70","multiple_albums"
"RVTR940341","With Love","hilary duff","hilary duff","Best Of Hilary Duff | Dignity","2007","9","2007-03-31","1","AMBIGUOUS","70","multiple_albums"
"RVTR940461","Forever Your Girl","paula abdul","paula abdul","Forever Your Girl | Shut Up And Dance","1988","22","1989-03-11","1","AMBIGUOUS","70","multiple_albums"
"RVTR941060","One Of A Kind Love Affair","The Spinners","The Spinners","Best Of Spinners | Spinners Live","1973","15","1973-04-28","1","AMBIGUOUS","70","multiple_albums"
"RVTR941955","More Than A Woman","aaliyah","aaliyah","Aaliyah | I Care 4 U","2001","24","2002-02-02","1","AMBIGUOUS","70","multiple_albums"
"RVTR942192","Time Was","canned heat","canned heat","Canned Heat Cook Book (The Best Of Canned Heat) | Hallelujah","1969","5","1969-03-15","1","AMBIGUOUS","70","multiple_albums"
"RVTR943008","Run To You","bryan adams","bryan adams","Anthology | Reckless | So Far So Good","1984","19","1984-11-03","1","AMBIGUOUS","70","multiple_albums"
"RVTR943215","Make A Move On Me","olivia newton-john","olivia newton-john","Olivia's Greatest Hits, Vol. 2 | Physical","1981","14","1982-02-13","1","AMBIGUOUS","70","multiple_albums"
"RVTR943368","Shop Around","The Miracles","The Miracles","1957-1972 | Greatest Hits, Vol. 2","1968","16","1960-12-10","1","AMBIGUOUS","70","multiple_albums"
"RVTR943558","Let Me Be The Man My Daddy Was","The Chi-lites","The Chi-lites","Give It Away | The Chi-Lites Greatest Hits","1969","3","1969-08-02","1","AMBIGUOUS","70","multiple_albums"
"RVTR943713","When I Look To The Sky","train","train","Alive At Last | Greatest Hits | My Private Nation","2003","14","2004-02-07","1","AMBIGUOUS","70","multiple_albums"
"RVTR943944","All Summer Long","kid rock","kid rock","Greatest Hits: You Never Saw Coming | Rock N Roll Jesus","2007","20","2008-07-19","1","AMBIGUOUS","70","multiple_albums"
"RVTR944083","Careless Love","ray charles","ray charles","Country & Western Meets Rhythm & Blues | Modern Sounds In Country And Western Music","1963","4","1962-07-28","1","AMBIGUOUS","70","multiple_albums"
"RVTR944109","I Can Only Imagine","mercyme","mercyme","10 | Almost There","2001","18","2003-10-11","1","AMBIGUOUS","70","multiple_albums"
"RVTR944311","Ladies Love Country Boys","trace adkins","trace adkins","American Man: Greatest Hits Volume II | Dangerous Man","2006","20","2006-12-23","1","AMBIGUOUS","70","multiple_albums"
"RVTR944901","Be Good To Yourself","journey","journey","Journey's Greatest Hits | Raised On Radio","1986","15","1986-04-12","1","AMBIGUOUS","70","multiple_albums"
"RVTR944992","Almost Persuaded","david houston","david houston","Almost Persuaded | David","1966","15","1966-07-16","1","AMBIGUOUS","70","multiple_albums"
"RVTR945056","Iris","goo goo dolls","goo goo dolls","Dizzy Up The Girl | Live In Buffalo - July 4th 2004","1998","14","1998-12-05","1","AMBIGUOUS","70","multiple_albums"
"RVTR945213","My Next Thirty Years","tim mcgraw","tim mcgraw","Greatest Hits: Limited Edition | Number One Hits","2008","20","2000-10-21","1","AMBIGUOUS","70","multiple_albums"
"RVTR945340","House Of Love","amy grant","amy grant","Greatest Hits | House Of Love","1994","21","1994-11-26","1","AMBIGUOUS","70","multiple_albums"
"RVTR945876","Me And Bobby Mcgee","jerry lee lewis","jerry lee lewis","The ""Killer"" Rocks On | Would You Take Another Chance On Me?","1971","10","1971-11-27","1","AMBIGUOUS","70","multiple_albums"
"RVTR946203","Hold It Against Me","britney spears","britney spears","Femme Fatale | Playlist: The Very Best Of Britney Spears","2011","17","2011-01-29","1","AMBIGUOUS","70","multiple_albums"
"RVTR947025","Oh My My","ringo starr","ringo starr","Blast From Your Past | Ringo","1973","14","1974-03-09","1","AMBIGUOUS","70","multiple_albums"
"RVTR947430","I Saw The Light","todd rundgren","todd rundgren","Something/Anything? | Todd","1972","14","1972-04-08","1","AMBIGUOUS","70","multiple_albums"
"RVTR947590","No Surprise","daughtry","daughtry","It's Not Over... The Hits So Far | Leave This Town","2009","24","2009-05-23","1","AMBIGUOUS","70","multiple_albums"
"RVTR947796","Give To Live","sammy hagar","sammy hagar","I Never Said Goodbye | The Essential Red Collection","1987","17","1987-06-20","1","AMBIGUOUS","70","multiple_albums"
"RVTR947845","Juke Box Hero","foreigner","foreigner","4 | 40: Forty Hits From Forty Years - 1977-2017 | Extended Versions | Feels Like The First Time | Records | The Very Best And Beyond","1981","13","1982-02-13","1","AMBIGUOUS","70","multiple_albums"
"RVTR948037","Go Insane","lindsey buckingham","lindsey buckingham","Go Insane | Live At The Bass Performance Hall | Solo Anthology: The Best of Lindsey Buckingham","1984","16","1984-07-28","1","AMBIGUOUS","70","multiple_albums"
"RVTR948306","Lost In Love","air supply","air supply","Greatest Hits | Ultimate Air Supply","1983","23","1980-02-09","1","AMBIGUOUS","70","multiple_albums"
"RVTR949173","Walking Down Your Street","The Bangles","The Bangles","Different Light | Greatest Hits","1986","16","1987-02-14","1","AMBIGUOUS","70","multiple_albums"
"RVTR949239","Colours","donovan","donovan","Donovan's Greatest Hits | Fairytale | Like It Is, Was And Evermore Shall Be | The Best Of Donovan | The Real Donovan","1965","7","1965-08-14","1","AMBIGUOUS","70","multiple_albums"
"RVTR949273","Land Of Confusion","genesis","genesis","Invisible Touch | Live: The Way We Walk Volume 1 | Platinum Collection | Turn It On Again: The Hits: The Tour Edition","1986","21","1986-11-01","1","AMBIGUOUS","70","multiple_albums"
"RVTR949607","Right By Your Side","eurythmics","eurythmics","Touch | Ultimate Collection","1984","12","1984-07-21","1","AMBIGUOUS","70","multiple_albums"
"RVTR949732","Stranger In My House","ronnie milsap","ronnie milsap","Greatest Hits Vol. 2 | Keyed Up","1983","16","1983-03-26","1","AMBIGUOUS","70","multiple_albums"
"RVTR949860","Party Lights","natalie cole","natalie cole","Natalie Live | Unpredictable","1977","4","1977-07-23","1","AMBIGUOUS","70","multiple_albums"
"RVTR950005","Suspicions","eddie rabbitt","eddie rabbitt","Loveline | The Best Of Eddie Rabbitt","1979","17","1979-06-09","1","AMBIGUOUS","70","multiple_albums"
"RVTR950392","Everybody Loves A Love Song","mac davis","mac davis","Baby Don't Get Hooked On Me | Mac Davis","1972","7","1972-11-25","1","AMBIGUOUS","70","multiple_albums"
"RVTR950452","Cracklin' Rosie","neil diamond","neil diamond","Hot August Night III: Recorded Live At The Greek Theatre, Los Angeles | Hot August Night/NYC: Live From Madison Square Garden","2009","15","1970-08-22","1","AMBIGUOUS","70","multiple_albums"
"RVTR951214","Red Light Special","tlc","tlc","20 | CrazySexyCool | Now & Forever: The Hits","1994","22","1995-03-04","1","AMBIGUOUS","70","multiple_albums"
"RVTR951389","My Man","barbra streisand","barbra streisand","Barbra Streisand's Greatest Hits | Live Concert At The Forum | The Concert | The Essential Barbra Streisand","1970","6","1965-07-03","1","AMBIGUOUS","70","multiple_albums"
"RVTR951915","Doctor My Eyes","jackson browne","jackson browne","Jackson Browne | The Next Voice You Hear -- The Best Of Jackson Browne | The Very Best Of Jackson Browne","1972","12","1972-03-18","1","AMBIGUOUS","70","multiple_albums"
"RVTR951919","Stand By Me","john lennon","john lennon","Rock 'N' Roll | Working Class Hero: The Definitive Lennon","1975","9","1975-03-15","1","AMBIGUOUS","70","multiple_albums"
"RVTR952100","We Are The Champions","queen","queen","Bohemian Rhapsody (Soundtrack) | Classic Queen | Greatest Hits | Live At Wembley | News Of The World | Stone Cold Classics","1977","41","1977-10-22","1","AMBIGUOUS","70","multiple_albums"
"RVTR952862","Here Comes The Rain Again","eurythmics","eurythmics","Greatest Hits | Touch | Ultimate Collection","1984","20","1984-01-28","1","AMBIGUOUS","70","multiple_albums"
"RVTR953106","Ironic","alanis morissette","alanis morissette","Jagged Little Pill | Jagged Little Pill: Acoustic | MTV Unplugged | The Collection","1995","32","1996-03-16","1","AMBIGUOUS","70","multiple_albums"
"RVTR953317","Boogie Woogie Bugle Boy","bette midler","bette midler","Divine Madness | The Divine Miss M","1972","16","1973-05-12","1","AMBIGUOUS","70","multiple_albums"
"RVTR954220","One Last Cry","brian mcknight","brian mcknight","1989--2002: From There To Here | Brian McKnight","1992","22","1993-06-12","1","AMBIGUOUS","70","multiple_albums"
"RVTR954466","What Hurts The Most","rascal flatts","rascal flatts","Greatest Hits Volume 1 | Me And My Gang | The Best Of Rascal Flatts Live","2006","51","2006-02-18","1","AMBIGUOUS","70","multiple_albums"
"RVTR954807","Something Got Me Started","simply red","simply red","Greatest Hits | Stars","1991","14","1991-09-28","1","AMBIGUOUS","70","multiple_albums"
"RVTR954825","De Do Do Do De Da Da Da","The Police","The Police","Every Breath You Take-The Singles | Zenyatta Mondatta","1980","21","1980-10-25","1","AMBIGUOUS","70","multiple_albums"
"RVTR955354","Funky Weekend","The Stylistics","The Stylistics","The Best Of The Stylistics | You Are Beautiful","1975","9","1975-12-06","1","AMBIGUOUS","70","multiple_albums"
"RVTR955805","Fooled Around And Fell In Love","elvin bishop","elvin bishop","Raisin' Hell | Struttin' My Stuff","1976","17","1976-03-06","1","AMBIGUOUS","70","multiple_albums"
"RVTR956249","The Old Man Down The Road","john fogerty","john fogerty","Centerfield | The Long Road Home: The Ultimate John Fogerty-Creedence Collection","1985","18","1984-12-22","1","AMBIGUOUS","70","multiple_albums"
"RVTR956292","Brown Eyed Girl","van morrison","van morrison","...It's Too Late To Stop Now..., Volumes II, III & IV | Blowin' Your Mind! | Still On Top - The Greatest Hits | T.B. Sheets | The Best Of Van Morrison | The Essential Van Morrison","1967","16","1967-07-15","1","AMBIGUOUS","70","multiple_albums"
"RVTR956349","Come Into My World","kylie minogue","kylie minogue","Fever | The Abbey Road Sessions","2002","8","2002-12-14","1","AMBIGUOUS","70","multiple_albums"
"RVTR956614","How Can You Mend A Broken Heart","bee gees","bee gees","Best Of Bee Gees, Vol. 2 | Here At Last...Bee Gees...Live | Number Ones | Timeless: The All-Time Greatest Hits | Trafalgar","1971","15","1971-06-26","1","AMBIGUOUS","70","multiple_albums"
"RVTR956807","The Diary Of Jane","breaking benjamin","breaking benjamin","Phobia | shaLLow bay: The Best Of Breaking Benjamin","2006","20","2006-08-12","1","AMBIGUOUS","70","multiple_albums"
"RVTR957034","Love Me Two Times","The Doors","The Doors","13 | Alive She Cried | Best Of The Doors | Greatest Hits | Strange Days | The Future Starts Here: The Essential Doors Hits | The Singles | The Very Best Of The Doors","1967","7","1967-12-09","1","AMBIGUOUS","70","multiple_albums"
"RVTR957185","Alibis","tracy lawrence","tracy lawrence","Alibis | Good Ole Days | The Very Best Of Tracy Lawrence | Then & Now: The Hits Collection","1993","12","1993-04-17","1","AMBIGUOUS","70","multiple_albums"
"RVTR957267","Just Dance","lady gaga","lady gaga","The Fame | The Fame Monster (EP)","2008","49","2008-08-16","1","AMBIGUOUS","70","multiple_albums"
"RVTR957609","I'M Still Standing","elton john","elton john","Greatest Hits, Vol. III 1979-1987 | Too Low For Zero","1983","16","1983-05-07","1","AMBIGUOUS","70","multiple_albums"
"RVTR957767","Let It Go","tim mcgraw","tim mcgraw","Greatest Hits 3 | Let It Go","2007","15","2008-09-27","1","AMBIGUOUS","70","multiple_albums"
"RVTR958170","Fly Away","lenny kravitz","lenny kravitz","5 | Greatest Hits","1998","32","1998-12-05","1","AMBIGUOUS","70","multiple_albums"
"RVTR958652","Big Love","fleetwood mac","fleetwood mac","Live In Boston | Tango In The Night | The Dance","1987","16","1987-03-28","1","AMBIGUOUS","70","multiple_albums"
"RVTR958694","I Do","The J. Geils Band","The J. Geils Band","Monkey Island | Showtime","1977","14","1982-11-20","1","AMBIGUOUS","70","multiple_albums"
"RVTR958720","Red Hot","herb alpert","herb alpert","Beyond | Blow Your Own Horn","1980","5","1983-12-10","1","AMBIGUOUS","70","multiple_albums"
"RVTR959145","On And On","gladys knight and the pips","gladys knight and the pips","Claudine | I Feel A Song","1974","17","1974-05-25","1","AMBIGUOUS","70","multiple_albums"
"RVTR959193","Too Much","spice girls","spice girls","Greatest Hits | Spiceworld","1997","20","1998-02-14","1","AMBIGUOUS","70","multiple_albums"
"RVTR959668","Take Good Care Of My Baby","bobby vinton","bobby vinton","16 Most Requested Songs | Bobby Vinton's Greatest Hits Of Love | Take Good Care Of My Baby","1968","8","1968-03-30","1","AMBIGUOUS","70","multiple_albums"
"RVTR960540","Hey Lawdy Mama","steppenwolf","steppenwolf","16 Greatest Hits | Steppenwolf 'Live'","1970","8","1970-04-11","1","AMBIGUOUS","70","multiple_albums"
"RVTR960834","It'S My Life","bon jovi","bon jovi","Inside Out | One Wild Night: Live 1985--2001","2001","20","2000-08-12","1","AMBIGUOUS","70","multiple_albums"
"RVTR961033","Breakaway","kelly clarkson","kelly clarkson","Breakaway | Greatest Hits: Chapter One","2004","46","2004-08-28","1","AMBIGUOUS","70","multiple_albums"
"RVTR961588","Spanish Eyes","al martino","al martino","Spanish Eyes | The Best Of Al Martino","1966","12","1965-12-04","1","AMBIGUOUS","70","multiple_albums"
"RVTR961732","Point Of Know Return","kansas","kansas","Best Of Kansas | Miracles Out Of Nowhere (Soundtrack) | Point Of Know Return | Two For The Show","1977","14","1977-11-12","1","AMBIGUOUS","70","multiple_albums"
"RVTR962194","I Like It Like That","The Dave Clark Five","The Dave Clark Five","I Like It Like That | The Dave Clark Five's Greatest Hits","1965","11","1965-06-19","1","AMBIGUOUS","70","multiple_albums"
"RVTR962342","Poker Face","lady gaga","lady gaga","The Fame | The Fame Monster (EP)","2008","40","2009-01-03","1","AMBIGUOUS","70","multiple_albums"
"RVTR962507","Read My Mind","The Killers","The Killers","Direct Hits | Sam's Town","2006","14","2007-03-03","1","AMBIGUOUS","70","multiple_albums"
"RVTR962810","Ridin' Solo","jason derulo","jason derulo","Jason Derulo | Platinum Hits","2010","28","2010-03-20","1","AMBIGUOUS","70","multiple_albums"
"RVTR963226","Nice 'N' Easy","frank sinatra","frank sinatra","Classic Sinatra: His Great Performances 1953 - 1960 | Sinatra 80th - All The Best","1995","6","1960-08-27","1","AMBIGUOUS","70","multiple_albums"
"RVTR964241","Lithium","nirvana","nirvana","From The Muddy Banks Of The Wishkah | Live At Reading | Nevermind | Nevermind (Super Deluxe Edition) | Nirvana | With The Lights Out","1991","9","1992-08-08","1","AMBIGUOUS","70","multiple_albums"
"RVTR964540","Over You","daughtry","daughtry","Daughtry | It's Not Over... The Hits So Far","2006","25","2007-08-25","1","AMBIGUOUS","70","multiple_albums"
"RVTR964584","Big Time","peter gabriel","peter gabriel","Hit | Scratch My Back/And I'll Scratch Yours | Shaking The Tree - 16 Golden Greats | So | So: (25th Anniversary Deluxe Edition)","1986","23","1986-11-29","1","AMBIGUOUS","70","multiple_albums"
"RVTR964603","Eminence Front","The Who","The Who","It's Hard | Join Together","1982","6","1982-12-25","1","AMBIGUOUS","70","multiple_albums"
"RVTR964817","Chains Of Love","erasure","erasure","Pop! The First 20 Hits | The Innocents","1988","20","1988-07-30","1","AMBIGUOUS","70","multiple_albums"
"RVTR965015","So Far Away","staind","staind","14 Shades Of Grey | Live From Mohegan Sun","2003","28","2003-08-02","1","AMBIGUOUS","70","multiple_albums"
"RVTR965380","If Looks Could Kill","heart","heart","Heart | Rock The House Live!","1985","9","1986-07-19","1","AMBIGUOUS","70","multiple_albums"
"RVTR965594","God Only Knows","The Beach Boys","The Beach Boys","Classics Selected By Brian Wilson | Pet Sounds | Sunshine Dream","1966","8","1966-08-13","1","AMBIGUOUS","70","multiple_albums"
"RVTR965795","Never Let You Go","third eye blind","third eye blind","A Collection | Blue","1999","22","2000-01-22","1","AMBIGUOUS","70","multiple_albums"
"RVTR965883","Open My Heart","yolanda adams","yolanda adams","Mountain High...Valley Low | The Best Of Me | The Experience","1999","20","2000-08-26","1","AMBIGUOUS","70","multiple_albums"
"RVTR966013","Living In The Past","jethro tull","jethro tull","20 Years Of Jethro Tull | Little Light Music","1988","14","1972-11-04","1","AMBIGUOUS","70","multiple_albums"
"RVTR966080","Good Time","owl city","owl city","The Midsummer Station | The Midsummer Station: Acoustic (EP)","2012","24","2012-07-14","1","AMBIGUOUS","70","multiple_albums"
"RVTR967171","I Don'T Want To Talk About It","rod stewart","rod stewart","If We Fall In Love Tonight | Rod Stewart Greatest Hits | Storyteller/Complete Anthology: 1964-1990","1979","11","1979-12-22","1","AMBIGUOUS","70","multiple_albums"
"RVTR967211","Please Love Me Forever","bobby vinton","bobby vinton","16 Most Requested Songs | Bobby Vinton's Greatest Hits Of Love | Please Love Me Forever | Vinton","1967","13","1967-09-30","1","AMBIGUOUS","70","multiple_albums"
"RVTR967287","Too Weak To Fight","clarence carter","clarence carter","The Best Of Clarence Carter | The Dynamic Clarence Carter","1969","15","1968-11-09","1","AMBIGUOUS","70","multiple_albums"
"RVTR967810","One In A Million","The Romantics","The Romantics","In Heat | The Romantics","1980","12","1984-02-25","1","AMBIGUOUS","70","multiple_albums"
"RVTR968223","Underneath It All","no doubt","no doubt","Rock Steady | The Singles 1992-2003","2001","30","2002-08-31","1","AMBIGUOUS","70","multiple_albums"
"RVTR968483","Piano In The Dark","brenda russell","brenda russell","Brenda Russell | Get Here","1979","25","1988-02-20","1","AMBIGUOUS","70","multiple_albums"
"RVTR969750","Burn It Down","linkin park","linkin park","Living Things | One More Light: Live","2012","23","2012-05-05","1","AMBIGUOUS","70","multiple_albums"
"RVTR970132","One Love In My Lifetime","diana ross","diana ross","Diana Ross Anthology | Diana Ross' Greatest Hits","1976","12","1976-08-07","1","AMBIGUOUS","70","multiple_albums"
"RVTR970170","Girlfriend","b2k","b2k","Pandemonium! | The Remixes Vol. 2 (EP)","2002","13","2003-03-08","1","AMBIGUOUS","70","multiple_albums"
"RVTR970414","Rock Creek Park","The Blackbyrds","The Blackbyrds","City Life | Night Grooves | Unfinished Business","1975","3","1976-07-17","1","AMBIGUOUS","70","multiple_albums"
"RVTR970715","Radio Ga Ga","queen","queen","Bohemian Rhapsody (Soundtrack) | Live At Wembley | Stone Cold Classics | The Works","1984","13","1984-02-18","1","AMBIGUOUS","70","multiple_albums"
"RVTR971062","International Harvester","craig morgan","craig morgan","Greatest Hits | Little Bit Of Life | The Journey (Livin Hits)","2006","18","2007-12-15","1","AMBIGUOUS","70","multiple_albums"
"RVTR971161","What Is Life","george harrison","george harrison","All Things Must Pass | George Harrison","1970","9","1971-02-27","1","AMBIGUOUS","70","multiple_albums"
"RVTR971173","Misty","johnny mathis","johnny mathis","Heavenly | Johnny Mathis Gold: A 50th Anniversary Celebration | The First 25 Years-the Silver Anniversary Album | The Great Years","1963","17","1959-10-03","1","AMBIGUOUS","70","multiple_albums"
"RVTR971521","The Gap","thompson twins","thompson twins","Into The Gap | Thompson Twins Greatest Mixes","1984","6","1984-11-10","1","AMBIGUOUS","70","multiple_albums"
"RVTR971604","Everything A Man Could Ever Need","glen campbell","glen campbell","Glen Campbell's Greatest Hits | Norwood","1970","8","1970-07-04","1","AMBIGUOUS","70","multiple_albums"
"RVTR972076","Sangria","blake shelton","blake shelton","BRINGING BACK THE SUNSHINE | Reloaded: 20 #1 Hits","2014","20","2015-05-02","1","AMBIGUOUS","70","multiple_albums"
"RVTR972153","Blue Christmas","elvis presley","elvis presley","Christmas Duets | Elvis Christmas | If Every Day Was Like Christmas | It's Christmas Time | Merry Christmas... Love, Elvis | The Christmas Album | The Classic Christmas Album","1985","19","2019-01-05","1","AMBIGUOUS","70","multiple_albums"
"RVTR972254","After Midnight","eric clapton","eric clapton","Complete Clapton | Eric Clapton At His Best | Eric Clapton's Rainbow Concert | Just One Night | The Cream Of Eric Clapton | Time Pieces -- The Best Of Eric Clapton","1972","12","1970-10-17","1","AMBIGUOUS","70","multiple_albums"
"RVTR972840","Drink On It","blake shelton","blake shelton","Red River Blue | Reloaded: 20 #1 Hits","2011","19","2012-02-11","1","AMBIGUOUS","70","multiple_albums"
"RVTR973106","California Girls","The Beach Boys","The Beach Boys","Beach Boys '69 (The Beach Boys Live In London) | Beach Boys In Concert | Classics Selected By Brian Wilson | Fifty Big Ones: Greatest Hits | Sounds Of Summer:The Very Best Of The Beach Boys | Still Cruisin' | Summer Days (And Summer Nights!!)","1964","11","1965-07-24","1","AMBIGUOUS","70","multiple_albums"
"RVTR973636","That Sunday That Summer","nat king cole","nat king cole","The World Of Nat King Cole | Those Lazy-Hazy-Crazy Days Of Summer","1963","13","1963-08-31","1","AMBIGUOUS","70","multiple_albums"
"RVTR973702","Only Sixteen","sam cooke","sam cooke","Portrait Of A Legend: 1951-1964 | The Best Of Sam Cooke | The Man & His Music","1965","10","1959-06-06","1","AMBIGUOUS","70","multiple_albums"
"RVTR973974","My Name Is","eminem","eminem","Curtain Call: The Hits | The Slim Shady LP","1999","10","1999-02-27","1","AMBIGUOUS","70","multiple_albums"
"RVTR974101","Holiday","green day","green day","Awesome As F**k | Bullet In A Bible","2005","32","2005-04-09","1","AMBIGUOUS","70","multiple_albums"
"RVTR974133","World Wide Suicide","pearl jam","pearl jam","Live On Ten Legs | Pearl Jam","2006","7","2006-04-01","1","AMBIGUOUS","70","multiple_albums"
"RVTR974183","Daisy Jane","america","america","America/Live | Hearts","1975","13","1975-07-19","1","AMBIGUOUS","70","multiple_albums"
"RVTR974259","Listen To The Band","The Monkees","The Monkees","The Best Of The Monkees | The Monkees Present | The Monkees' Greatest Hits","1969","8","1969-06-07","1","AMBIGUOUS","70","multiple_albums"
"RVTR974828","Trumpets","jason derulo","jason derulo","Platinum Hits | Talk Dirty","2014","32","2014-06-14","1","AMBIGUOUS","70","multiple_albums"
"RVTR974919","Fire","The Pointer Sisters","The Pointer Sisters","Energy | Pointer Sisters' Greatest Hits | The Best Of The Pointer Sisters","1976","23","1978-11-11","1","AMBIGUOUS","70","multiple_albums"
"RVTR975765","Hey Mister Sun","bobby sherman","bobby sherman","Bobby Sherman's Greatest Hits | With Love, Bobby","1970","9","1970-05-16","1","AMBIGUOUS","70","multiple_albums"
"RVTR975862","Can'T You See","waylon jennings","waylon jennings","Are You Ready For The Country | RCA Country Legends: Waylon Jennings","1976","1","1976-10-09","1","AMBIGUOUS","70","multiple_albums"
"RVTR975901","She Bop","cyndi lauper","cyndi lauper","She's So Unusual: A 30th Anniversary Celebration | The Body Acoustic","1983","18","1984-07-21","1","AMBIGUOUS","70","multiple_albums"
"RVTR976001","Wang Dang Doodle","The Pointer Sisters","The Pointer Sisters","The Best Of The Pointer Sisters | The Pointer Sisters","1973","8","1973-12-22","1","AMBIGUOUS","70","multiple_albums"
"RVTR976054","Bohemian Rhapsody","queen","queen","Bohemian Rhapsody (Soundtrack) | Classic Queen | Greatest Hits | Greatest Hits I II & III: The Platinum Collection | Greatest Hits: We Will Rock You | Live At Wembley | Stone Cold Classics","1981","44","1976-01-03","1","AMBIGUOUS","70","multiple_albums"
"RVTR976191","Help Yourself","tom jones","tom jones","Help Yourself | Tom Jones Greatest Hits | Tom Jones Live In Las Vegas | Tom Jones' Greatest Hits","1969","8","1968-08-31","1","AMBIGUOUS","70","multiple_albums"
"RVTR976192","Unbelievable","diamond rio","diamond rio","Greatest Hits II | Unbelievable","1998","20","1998-12-19","1","AMBIGUOUS","70","multiple_albums"
"RVTR976369","Rhythm Of My Heart","rod stewart","rod stewart","The Very Best Of Rod Stewart | Vagabond Heart","1991","18","1991-03-16","1","AMBIGUOUS","70","multiple_albums"
"RVTR976844","Do You Feel Like We Do","peter frampton","peter frampton","Frampton Comes Alive | Frampton's Camel","1973","18","1976-09-18","1","AMBIGUOUS","70","multiple_albums"
"RVTR976882","The First Cut Is The Deepest","rod stewart","rod stewart","A Night On The Town | Storyteller/Complete Anthology: 1964-1990 | The Definitive Rod Stewart","1976","12","1977-02-12","1","AMBIGUOUS","70","multiple_albums"
"RVTR976928","Lights","journey","journey","Captured | Greatest Hits Live | Infinity | Journey's Greatest Hits | The Essential Journey","1978","17","1978-08-19","1","AMBIGUOUS","70","multiple_albums"
"RVTR977270","Russians","sting","sting","Fields Of Gold - Best Of Sting 1984-1994 | The Dream Of The Blue Turtles","1985","13","1986-01-18","1","AMBIGUOUS","70","multiple_albums"
"RVTR977356","Somebody","reba mcentire","reba mcentire","Reba: #1's | Room To Breathe","2003","17","2004-06-12","1","AMBIGUOUS","70","multiple_albums"
"RVTR977544","Act Naturally","The Beatles","The Beatles","Help! (Soundtrack) | Yesterday And Today","1965","7","1965-09-25","1","AMBIGUOUS","70","multiple_albums"
"RVTR977565","The Blue Side","crystal gayle","crystal gayle","Crystal Gayle's Greatest Hits | Miss The Mississippi","1979","8","1980-06-07","1","AMBIGUOUS","70","multiple_albums"
"RVTR977642","My Way","usher","usher","Live | My Way","1997","24","1998-06-20","1","AMBIGUOUS","70","multiple_albums"
"RVTR977737","We Don'T Need Another Hero Thunderdome","tina turner","tina turner","All The Best | Tina!","2005","18","1985-07-06","1","AMBIGUOUS","70","multiple_albums"
"RVTR977827","Deeper Than The Night","olivia newton-john","olivia newton-john","Back To Basics/Essential Collection 1971-1992 | Totally Hot","1978","13","1979-04-14","1","AMBIGUOUS","70","multiple_albums"
"RVTR977919","Um Um Um Um Um Um","major lance","major lance","Major's Greatest Hits | Um, Um, Um, Um, Um, Um/The Best Of Major Lance","1964","11","1964-01-04","1","AMBIGUOUS","70","multiple_albums"
"RVTR978078","D O A","bloodrock","bloodrock","Bloodrock 2 | Bloodrock Live","1970","13","1971-01-02","1","AMBIGUOUS","70","multiple_albums"
"RVTR978439","Damned If I Do","The Alan Parsons Project","The Alan Parsons Project","Eve | The Best Of The Alan Parsons Project","1979","17","1979-09-29","1","AMBIGUOUS","70","multiple_albums"
"RVTR978579","Little Bit Of Life","craig morgan","craig morgan","Greatest Hits | Little Bit Of Life | The Journey (Livin Hits)","2006","13","2006-12-16","1","AMBIGUOUS","70","multiple_albums"
"RVTR978859","Stop To Love","luther vandross","luther vandross","Give Me The Reason | Luther Vandross Live: Radio City Music Hall 2003 | The Ultimate Luther Vandross","1986","19","1986-11-15","1","AMBIGUOUS","70","multiple_albums"
"RVTR978958","If Today Was Your Last Day","nickelback","nickelback","Dark Horse | The Best Of Nickelback: Volume 1","2008","22","2008-11-29","1","AMBIGUOUS","70","multiple_albums"
"RVTR979042","Jackie'S Strength","tori amos","tori amos","From The Choirgirl Hotel | Tales Of A Librarian: A Tori Amos Collection","1998","5","1998-10-03","1","AMBIGUOUS","70","multiple_albums"
"RVTR979232","Why They Call It Falling","lee ann womack","lee ann womack","Greatest Hits | I Hope You Dance","2000","7","2001-07-21","1","AMBIGUOUS","70","multiple_albums"
"RVTR979353","The Power Of Love","celine dion","celine dion","All The Way...A Decade Of Song | My Love: Essential Collection","1999","33","1993-11-27","1","AMBIGUOUS","70","multiple_albums"
"RVTR979427","Happier","paul anka","paul anka","Feelings | The Painter","1975","7","1976-12-18","1","AMBIGUOUS","70","multiple_albums"
"RVTR979650","Johnny B Goode","chuck berry","chuck berry","Chuck Berry's Greatest Hits | Rock 'N' Roll Rarities | The Best Of Chuck Berry: 20th Century Masters The Millennium Collection | The London Chuck Berry Sessions","1964","1","1958-08-04","1","AMBIGUOUS","70","multiple_albums"
"RVTR979976","Basketball","kurtis blow","kurtis blow","Ego Trip | Kurtis Blow","1980","6","1985-04-13","1","AMBIGUOUS","70","multiple_albums"
"RVTR980377","My Friends Over You","new found glory","new found glory","Hits | Sticks And Stones","2002","6","2002-09-07","1","AMBIGUOUS","70","multiple_albums"
"RVTR980589","This House","tracie spencer","tracie spencer","Make The Difference | Tracie","1991","23","1990-12-22","1","AMBIGUOUS","70","multiple_albums"
"RVTR980658","Willie And The Hand Jive","eric clapton","eric clapton","461 Ocean Boulevard | Time Pieces -- The Best Of Eric Clapton","1974","9","1974-11-02","1","AMBIGUOUS","70","multiple_albums"
"RVTR980829","Looking For A Love","The J. Geils Band","The J. Geils Band","Live - Blow Your Face Out | The Morning After","1971","10","1971-12-04","1","AMBIGUOUS","70","multiple_albums"
"RVTR980902","Midnite Maniac","krokus","krokus","Alive And Screamin' | The Blitz","1984","6","1984-09-15","1","AMBIGUOUS","70","multiple_albums"
"RVTR981202","Hit Me With Your Best Shot","pat benatar","pat benatar","10 Great Songs | Best Shots | Crimes Of Passion | Live From Earth","1980","24","1980-10-04","1","AMBIGUOUS","70","multiple_albums"
"RVTR981419","Mass Appeal","gang starr","gang starr","Full Clip: A Decade Of Gang Starr | Hard To Earn","1994","11","1994-03-05","1","AMBIGUOUS","70","multiple_albums"
"RVTR981442","Did My Time","korn","korn","Live & Rare | Take A Look In The Mirror","2003","10","2003-08-09","1","AMBIGUOUS","70","multiple_albums"
"RVTR981799","On The Road Again","canned heat","canned heat","Boogie With Canned Heat | Canned Heat | Canned Heat Cook Book (The Best Of Canned Heat)","1967","11","1968-08-10","1","AMBIGUOUS","70","multiple_albums"
"RVTR981959","How Far","martina mcbride","martina mcbride","Martina | Martina McBride: Live In Concert","2003","8","2004-07-10","1","AMBIGUOUS","70","multiple_albums"
"RVTR982175","Head First","The Babys","The Babys","Anthology | Head First","1979","3","1979-05-26","1","AMBIGUOUS","70","multiple_albums"
"RVTR982347","I Feel You","depeche mode","depeche mode","Remixes 2: 81-11 (Deluxe Edition) | Songs Of Faith & Devotion-Live | Songs Of Faith And Devotion","1993","12","1993-03-06","1","AMBIGUOUS","70","multiple_albums"
"RVTR982784","Far Behind","candlebox","candlebox","Candlebox | Love Stories & Other Musings","1993","23","1994-08-27","1","AMBIGUOUS","70","multiple_albums"
"RVTR982806","Cloud Nine","The Temptations","The Temptations","25th Anniversary | Cloud Nine | The Temptations | The Temptations Show","1969","12","1968-11-16","1","AMBIGUOUS","70","multiple_albums"
"RVTR982911","I Want You To Want Me","cheap trick","cheap trick","Cheap Trick At Budokan | In Color","1977","19","1979-04-28","1","AMBIGUOUS","70","multiple_albums"
"RVTR983001","In Love With A Girl","gavin degraw","gavin degraw","Gavin DeGraw | iTunes LIVE From SoHo","2008","23","2008-03-01","1","AMBIGUOUS","70","multiple_albums"
"RVTR984404","Talking In Your Sleep","The Romantics","The Romantics","In Heat | The Romantics","1980","26","1983-10-08","1","AMBIGUOUS","70","multiple_albums"
"RVTR984449","Chain Of Fools","aretha franklin","aretha franklin","30 Greatest Hits | Aretha's Gold | Aretha's Greatest Hits | Jewels In The Crown: Duets With The Queen | The Atlantic Singles Collection 1967-1970 | The Very Best Of Aretha Franklin, The '60s","1969","12","1967-12-09","1","AMBIGUOUS","70","multiple_albums"
"RVTR984731","Crawling","linkin park","linkin park","[Hybrid Theory] | One More Light: Live","2000","20","2001-08-11","1","AMBIGUOUS","70","multiple_albums"
"RVTR984836","Magic Bus","The Who","The Who","Greatest Hits | Live At The Isle Of Wight Festival 1970 | Magic Bus-The Who On Tour | Opus Collection | The Kids Are Alright (Soundtrack) | The Who Hits 50! | The Who Then And Now!: 1964-2004","1968","9","1968-08-10","1","AMBIGUOUS","70","multiple_albums"
"RVTR985020","Take Me Back","little anthony and the imperials","little anthony and the imperials","Goin' Out Of My Head | The Best Of Little Anthony & The Imperials","1965","11","1965-06-26","1","AMBIGUOUS","70","multiple_albums"
"RVTR985931","Thinkin' Bout It","gerald levert","gerald levert","Love & Consequences | The Best Of Gerald Levert","1998","16","1998-09-05","1","AMBIGUOUS","70","multiple_albums"
"RVTR986425","Give It Away","The Chi-lites","The Chi-lites","Give It Away | The Chi-Lites Greatest Hits","1969","6","1969-03-01","1","AMBIGUOUS","70","multiple_albums"
"RVTR986755","Crush","dave matthews band","dave matthews band","Before These Crowded Streets | The Best Of What's Around: Vol. 01 | The Central Park Concert","1998","16","1999-02-13","1","AMBIGUOUS","70","multiple_albums"
"RVTR986946","Crazy","aerosmith","aerosmith","Big Ones | Devil's Got A New Disguise: The Very Best Of Aerosmith | The Best Of Aerosmith: 20th Century Masters... | Tough Love: Best Of The Ballads","1994","23","1994-05-21","1","AMBIGUOUS","70","multiple_albums"
"RVTR987014","Country Boy You Got Your Feet In L A","glen campbell","glen campbell","All The Best | Rhinestone Cowboy","1975","14","1975-11-08","1","AMBIGUOUS","70","multiple_albums"
"RVTR987071","What About Now","lonestar","lonestar","From There To Here: Greatest Hits | Lonely Grill | Lonestar","1996","20","2000-06-10","1","AMBIGUOUS","70","multiple_albums"
"RVTR987126","If I Were Your Woman","gladys knight and the pips","gladys knight and the pips","Best Of Gladys Knight & The Pips | Gladys Knight & The Pips Greatest Hits | If I Were Your Woman","1970","15","1970-11-28","1","AMBIGUOUS","70","multiple_albums"
"RVTR987200","Gone Gone Gone","bad company","bad company","Desolation Angels | Live 1977 / Live 1979","1979","6","1979-08-04","1","AMBIGUOUS","70","multiple_albums"
"RVTR987497","Hey Little Girl","major lance","major lance","Major's Greatest Hits | Um, Um, Um, Um, Um, Um/The Best Of Major Lance","1964","10","1963-10-19","1","AMBIGUOUS","70","multiple_albums"
"RVTR987688","Rain Dance","The Guess Who","The Guess Who","Live At The Paramount (Seattle) | So Long, Bannatyne","1971","12","1971-08-14","1","AMBIGUOUS","70","multiple_albums"
"RVTR987877","The End Of The Innocence","don henley","don henley","Actual Miles Henley's Greatest Hits | The End Of The Innocence","1989","18","1989-06-24","1","AMBIGUOUS","70","multiple_albums"
"RVTR987990","Cover Me","percy sledge","percy sledge","Take Time To Know Her | The Best Of Percy Sledge","1968","8","1967-11-25","1","AMBIGUOUS","70","multiple_albums"
"RVTR988347","Young","kenny chesney","kenny chesney","Greatest Hits II | LIVE: Live Those Songs Again | No Shoes, No Shirt, No Problems","2002","20","2002-02-09","1","AMBIGUOUS","70","multiple_albums"
"RVTR989321","Come As You Are","nirvana","nirvana","Live At Reading | MTV Unplugged In New York | Nevermind | Nevermind (Super Deluxe Edition) | Nirvana","1991","18","1992-03-21","1","AMBIGUOUS","70","multiple_albums"
"RVTR989367","Friends","The Beach Boys","The Beach Boys","Friends | Friends & Smiley Smile | Sunshine Dream","1968","7","1968-04-20","1","AMBIGUOUS","70","multiple_albums"
"RVTR989671","Chicken Fried","zac brown band","zac brown band","Greatest Hits So Far... | The Foundation","2008","25","2008-10-04","1","AMBIGUOUS","70","multiple_albums"
"RVTR989769","Mr Brightside","The Killers","The Killers","Direct Hits | Hot Fuss","2004","38","2005-02-12","1","AMBIGUOUS","70","multiple_albums"
"RVTR989860","Help","The Beatles","The Beatles","1 | Early Beatles | Help! (Soundtrack) | Live At The Hollywood Bowl | Rarities | Reel Music | The Beatles 1962-1966 | The Beatles At The Hollywood Bowl","1965","13","1965-08-07","1","AMBIGUOUS","70","multiple_albums"
"RVTR990067","Living Inside Myself","gino vannelli","gino vannelli","Nightwalker | The Best Of Gino Vannelli","1981","20","1981-03-21","1","AMBIGUOUS","70","multiple_albums"
"RVTR990105","Cried Like A Baby","bobby sherman","bobby sherman","Bobby Sherman's Greatest Hits | Portrait Of Bobby","1971","9","1971-02-13","1","AMBIGUOUS","70","multiple_albums"
"RVTR990721","You Are Beautiful","The Stylistics","The Stylistics","The Best Of The Stylistics | You Are Beautiful","1975","7","1976-03-13","1","AMBIGUOUS","70","multiple_albums"
"RVTR990727","Money For Nothing","dire straits","dire straits","Brothers In Arms | On The Night","1985","22","1985-07-13","1","AMBIGUOUS","70","multiple_albums"
"RVTR990757","Do You Believe In Us","jon secada","jon secada","Jon Secada | Secada","1992","30","1992-09-26","1","AMBIGUOUS","70","multiple_albums"
"RVTR990811","This Time","bryan adams","bryan adams","Anthology | Cuts Like A Knife | So Far So Good","1983","12","1983-09-03","1","AMBIGUOUS","70","multiple_albums"
"RVTR990854","Carol","chuck berry","chuck berry","Chuck Berry's Golden Decade, Vol. 2 | Chuck Berry's Greatest Hits | The Best Of Chuck Berry: 20th Century Masters The Millennium Collection","1964","10","1958-08-25","1","AMBIGUOUS","70","multiple_albums"
"RVTR990870","The Way We Were","barbra streisand","barbra streisand","Barbra Streisand's Greatest Hits, Volume 2 | Live In Concert 2006 | One Voice | Partners | The Concert | The Essential Barbra Streisand | The Music... The Mem'ries... The Magic!: Live In Concert | The Way We Were","1974","23","1973-11-24","1","AMBIGUOUS","70","multiple_albums"
"RVTR990958","Touch Me","The Doors","The Doors","13 | Best Of The Doors | Greatest Hits | The Future Starts Here: The Essential Doors Hits | The Soft Parade | The Very Best Of The Doors","1969","13","1968-12-28","1","AMBIGUOUS","70","multiple_albums"
"RVTR991163","Still A Thrill","jody watley","jody watley","Jody Watley | You Wanna Dance With Me?","1987","7","1987-06-20","1","AMBIGUOUS","70","multiple_albums"
"RVTR991463","Stop The Wedding","etta james","etta james","Etta James Top Ten | Her Best","1963","9","1962-07-28","1","AMBIGUOUS","70","multiple_albums"
"RVTR991518","Goodnight Saigon","billy joel","billy joel","2000 Years -- The Millennium Concert | A Matter Of Trust: The Bridge to Russia: The Concert | Kohuept (Live In Leningrad) | Live At Shea Stadium: The Concert | The Nylon Curtain","1982","7","1983-03-19","1","AMBIGUOUS","70","multiple_albums"
"RVTR991675","This Diamond Ring","gary lewis and the playboys","gary lewis and the playboys","(You Don't Have To) Paint Me A Picture | This Diamond Ring","1965","12","1965-01-16","1","AMBIGUOUS","70","multiple_albums"
"RVTR991855","Daydream Believer","anne murray","anne murray","Duets: Friends & Legends | I'll Always Love You","1979","17","1979-12-22","1","AMBIGUOUS","70","multiple_albums"
"RVTR991941","Dusic","brick","brick","Brick | Waiting On You","1977","18","1977-09-03","1","AMBIGUOUS","70","multiple_albums"
"RVTR992217","The World Is A Ghetto","war","war","Greatest Hits | The Music Band 2 | The Very Best Of War | The World Is A Ghetto","1972","16","1972-11-18","1","AMBIGUOUS","70","multiple_albums"
"RVTR992253","Give A Damn","spanky and our gang","spanky and our gang","Anything You Choose/Without Rhyme Or Reason | Spanky's Greatest Hit(s)","1969","8","1968-08-03","1","AMBIGUOUS","70","multiple_albums"
"RVTR992364","I'M Stone In Love With You","The Stylistics","The Stylistics","Round 2: The Stylistics | The Best Of The Stylistics","1972","13","1972-10-14","1","AMBIGUOUS","70","multiple_albums"
"RVTR992837","Never My Love","The Association","The Association","Greatest Hits | Insight Out","1967","14","1967-08-26","1","AMBIGUOUS","70","multiple_albums"
"RVTR993279","Leona","wet willie","wet willie","Dixie Rock | Greatest Hits","1975","5","1975-03-01","1","AMBIGUOUS","70","multiple_albums"
"RVTR993457","Beat It","michael jackson","michael jackson","Greatest Hits: HIStory -- Volume 1 | HIStory: Past, Present And Future Book 1 | Michael Jackson's This Is It (Soundtrack) | Number Ones | Thriller","1982","25","1983-02-26","1","AMBIGUOUS","70","multiple_albums"
"RVTR993898","But You Know I Love You","dolly parton","dolly parton","9 To 5 And Odd Jobs | Greatest Hits","1980","10","1981-04-04","1","AMBIGUOUS","70","multiple_albums"
"RVTR994365","Walk On By","isaac hayes","isaac hayes","Hot Buttered Soul | Ultimate Isaac Hayes: Can You Dig It?","1969","12","1969-08-23","1","AMBIGUOUS","70","multiple_albums"
"RVTR994432","My Heart Belongs To Me","barbra streisand","barbra streisand","Barbra Streisand's Greatest Hits, Volume 2 | Memories | Streisand Superman | The Essential Barbra Streisand","1977","17","1977-05-21","1","AMBIGUOUS","70","multiple_albums"
"RVTR994497","Joy","teddy pendergrass","teddy pendergrass","Joy | The Essential Teddy Pendergrass","1988","6","1988-06-18","1","AMBIGUOUS","70","multiple_albums"
"RVTR994599","Where The Hood At","dmx","dmx","Grand Champ | The Best Of DMX | The Definition Of X: Pick Of The Litter","2003","8","2003-08-23","1","AMBIGUOUS","70","multiple_albums"
"RVTR994710","Closer To The Heart","rush","rush","A Farewell To Kings | Chronicles | Different Stages/Live | Exit...Stage Left","1977","11","1977-11-26","1","AMBIGUOUS","70","multiple_albums"
"RVTR994879","True Colors","cyndi lauper","cyndi lauper","The Body Acoustic | True Colors","1986","20","1986-08-30","1","AMBIGUOUS","70","multiple_albums"
"RVTR994989","Turn To You","go-go's","go-go's","Go-Go's Greatest | Talk Show","1984","14","1984-06-16","1","AMBIGUOUS","70","multiple_albums"
"RVTR996065","Street Dreams","nas","nas","From Illmatic To Stillmatic The Remixes (EP) | It Was Written","1996","17","1996-11-09","1","AMBIGUOUS","70","multiple_albums"
"RVTR996100","There Will Never Be Any Peace Until God Is Seated At The Conference Table","The Chi-lites","The Chi-lites","Chi-Lites | The Chi-Lites Greatest Hits | Toby","1972","7","1974-06-15","1","AMBIGUOUS","70","multiple_albums"
"RVTR996210","Dang Me","roger miller","roger miller","Golden Hits | Roger And Out | Roger Miller","1964","11","1964-06-13","1","AMBIGUOUS","70","multiple_albums"
"RVTR996243","One Week","barenaked ladies","barenaked ladies","Disc One 1991-2001: All Their Greatest Hits | Stunt","1998","20","1998-10-03","1","AMBIGUOUS","70","multiple_albums"
"RVTR996255","Make Me Lose Control","eric carmen","eric carmen","Eric Carmen (II) | The Best Of Eric Carmen","1985","20","1988-05-21","1","AMBIGUOUS","70","multiple_albums"
"RVTR996600","Don'T Let Me Down","The Beatles","The Beatles","Past Masters | The Beatles 1967-1970","1973","4","1969-05-10","1","AMBIGUOUS","70","multiple_albums"
"RVTR997392","Dreamlover","mariah carey","mariah carey","#1 To Infinity | Music Box | The Ballads | The Remixes","1993","29","1993-08-07","1","AMBIGUOUS","70","multiple_albums"
"RVTR997749","I Can'T Turn You Loose","The Chambers Brothers","The Chambers Brothers","A New Time-A New Day | Love, Peace And Happiness","1968","8","1968-11-23","1","AMBIGUOUS","70","multiple_albums"
"RVTR998107","Already Gone","kelly clarkson","kelly clarkson","All I Ever Wanted | Greatest Hits: Chapter One","2009","31","2009-03-28","1","AMBIGUOUS","70","multiple_albums"
"RVTR998373","Long Lonely Nights","bobby vinton","bobby vinton","Bobby Vinton Sings For Lonely Nights | Vinton","1965","7","1965-03-06","1","AMBIGUOUS","70","multiple_albums"
"RVTR998379","When He Shines","sheena easton","sheena easton","Sheena Easton | You Could Have Been With Me","1981","15","1982-04-03","1","AMBIGUOUS","70","multiple_albums"
"RVTR998605","Sour Suite","The Guess Who","The Guess Who","Live At The Paramount (Seattle) | So Long, Bannatyne","1971","9","1971-11-27","1","AMBIGUOUS","70","multiple_albums"
"RVTR998851","Till You Love Me","reba mcentire","reba mcentire","Read My Mind | Reba: #1's","1994","10","1994-12-17","1","AMBIGUOUS","70","multiple_albums"
"RVTR999254","I Can'T Get No Satisfaction","The Rolling Stones","The Rolling Stones","'Get Yer Ya-Ya's Out!' | Live Licks | Singles Collection - The London Years","1970","14","1965-06-12","1","AMBIGUOUS","70","multiple_albums"
"RVTR999360","Even Better Than The Real Thing","u2","u2","Achtung Baby | The Best Of 1990-2000 | The Best Of 1990-2000 & B-Sides","1991","15","1992-07-11","1","AMBIGUOUS","70","multiple_albums"
"RVTR999588","That'S Why","The Party","The Party","In The Meantime, In Between Time | The Party","1990","12","1991-03-02","1","AMBIGUOUS","70","multiple_albums"
"RVTR999608","Do It Again","steely dan","steely dan","A Decade Of Steely Dan | Can't Buy A Thrill | Greatest Hits | The Definitive Collection","1972","17","1972-11-18","1","AMBIGUOUS","70","multiple_albums"
