rvtr,rvar,track_title,track_artist,album_id,rval,album_title,album_artist,release_year,first_billboard_200_date,chronology_value,track_position,artwork_available,relationship_sources,cross_artist,duplicate_rows_removed,current_primary_heuristic,historical_album,artwork_album
"RVTR000205","RVAR001763","Falling In Love Is Hard On The Knees","aerosmith","25715","RVAL783132","Nine Lives","RVAR001763","1997","1997-04-05","release_year:1997","2","yes","canonical_album_tracks|canonical_album_tracks","no","0","25699","25715","25715"
"RVTR000582","RVAR000918","Inner City Blues Make Me Wanna Holler","marvin gaye","23745","RVAL369283","What's Going On","RVAR000918","1971","1971-06-12","release_year:1971","9","yes","canonical_album_tracks|canonical_album_tracks|canonical_album_tracks|canonical_album_tracks","no","0","23722","23745","23745"
"RVTR000816","RVAR006319","Georgia On My Mind","ray charles","37683","RVAL605289","Genius: The Ultimate Ray Charles Collection","RVAR006319","2009","2009-04-25","release_year:2009","9","yes","canonical_album_tracks|canonical_album_tracks","no","0","37685","37683","37683"
"RVTR000959","RVAR005148","Give It To Me Baby","rick james","33580","RVAL198237","Street Songs","RVAR005148","1981","1981-05-02","release_year:1981","6","yes","canonical_track_album_links|canonical_album_tracks","no","0","33579","33580","33580"
"RVTR002528","RVAR001978","Angel","rod stewart","26219","RVAL189549","Never A Dull Moment","RVAR001978","1972","1972-08-12","release_year:1972","5","yes","canonical_album_tracks|canonical_album_tracks|canonical_album_tracks","no","0","26203","26219","26219"
"RVTR002978","RVAR004068","My Life","billy joel","30861","RVAL482228","52nd Street","RVAR004068","1978","1978-10-28","release_year:1978","3","yes","canonical_album_tracks|canonical_album_tracks|canonical_album_tracks|canonical_album_tracks|canonical_album_tracks|canonical_album_tracks","no","0","30860","30861","30861"
"RVTR006254","RVAR002912","The Other Side","jason derulo","28191","RVAL850699","Talk Dirty","RVAR002912","2014","2014-05-03","release_year:2014","8","yes","canonical_album_tracks|canonical_album_tracks","no","0","28190","28191","28191"
"RVTR006340","RVAR007279","Only Happy When It Rains","garbage","39785","RVAL582600","Garbage","RVAR007279","1995","1995-09-30","release_year:1995","3","yes","canonical_album_tracks|canonical_track_album_links","no","1","39782","39785","39785"
"RVTR008665","RVAR005344","Why Must We Wait Until Tonight","tina turner","34079","RVAL946423","What's Love Got To Do With It (Soundtrack)","RVAR005344","1993","1993-07-03","release_year:1993","1","yes","canonical_track_album_links|canonical_album_tracks","no","1","34070","34079","34079"
"RVTR008975","RVAR005344","Steamy Windows","tina turner","34072","RVAL513597","Foreign Affair","RVAR005344","1989","1989-10-07","release_year:1989","1","yes","canonical_album_tracks|canonical_album_tracks|canonical_album_tracks|canonical_album_tracks|canonical_album_tracks","no","0","34070","34072","34072"
"RVTR009031","RVAR007576","If I Ever Lose My Faith In You","sting","40284","RVAL155418","Fields Of Gold - Best Of Sting 1984-1994","RVAR007576","1994","1994-11-26","release_year:1994","7","yes","canonical_album_tracks|canonical_album_tracks|canonical_album_tracks","no","0","40279","40284","40284"
"RVTR010529","RVAR000855","See The Funny Little Clown","bobby goldsboro","23506","RVAL297697","Bobby Goldsboro's Greatest Hits","RVAR000855","1970","1970-07-04","release_year:1970","5","yes","canonical_album_tracks|canonical_track_album_links","no","1","23511","23506","23506"
"RVTR010665","RVAR000151","Alright","janet jackson","22089","RVAL842125","Janet Jackson's Rhythm Nation 1814","RVAR000151","1989","1989-10-07","release_year:1989","19","yes","canonical_track_album_links|canonical_album_tracks","no","1","22086","22089","22089"
"RVTR011893","RVAR000894","Something'S Got A Hold On Me","etta james","23616","RVAL097817","Etta James Rocks The House","RVAR000894","1964","1964-02-01","release_year:1964","1","yes","canonical_album_tracks|canonical_album_tracks|canonical_album_tracks|canonical_album_tracks","no","0","23614","23616","23616"
"RVTR013038","RVAR007934","Daydream Believer","The Monkees","41291","RVAL532285","The Birds, The Bees & The Monkees","RVAR007934","1968","1968-05-11","release_year:1968","5","yes","canonical_album_tracks|canonical_album_tracks|canonical_album_tracks|canonical_album_tracks","no","0","41281","41291","41291"
"RVTR014473","RVAR002621","When The Stars Go Blue","tim mcgraw","27500","RVAL662445","Greatest Hits Vol 2: Reflected","RVAR002621","2006","2006-04-15","release_year:2006","5","yes","canonical_album_tracks|canonical_album_tracks","no","0","27504","27500","27500"
"RVTR014791","RVAR006010","When I Think Of You","leif garrett","35522","RVAL371045","Leif Garrett","RVAR006010","1977","1977-12-17","release_year:1977","1","yes","canonical_track_album_links|canonical_album_tracks|canonical_album_tracks","no","1","35521","35522","35522"
"RVTR015792","RVAR004462","If You Only Knew","shinedown","31746","RVAL441199","The Sound Of Madness","RVAR004462","2008","2008-07-12","release_year:2008","5","yes","canonical_track_album_links|canonical_album_tracks","no","1","31745","31746","31746"
"RVTR016009","RVAR008038","If I Fell","The Beatles","41400","RVAL468343","A Hard Day's Night (Soundtrack)","RVAR008038","1964","1964-07-18","release_year:1964","5","yes","canonical_album_tracks|canonical_album_tracks|canonical_album_tracks","no","0","41418","41400","41400"
"RVTR016195","RVAR007279","Push It","garbage","39788","RVAL770184","Version 2.0","RVAR007279","1998","1998-05-30","release_year:1998","7","yes","canonical_album_tracks|canonical_album_tracks","no","0","39782","39788","39788"
"RVTR016681","RVAR005493","My Guy","mary wells","34397","RVAL339290","Mary Wells Sings My Guy","RVAR005493","1964","1964-07-25","release_year:1964","3","yes","canonical_album_tracks|canonical_track_album_links","no","1","34396","34397","34397"
"RVTR016790","RVAR004489","Sweet Memories","andy williams","31788","RVAL441367","Raindrops Keep Fallin' On My Head","RVAR004489","1970","1970-06-13","release_year:1970","3","yes","canonical_album_tracks|canonical_track_album_links","no","1","31766","31788","31788"
"RVTR017444","RVAR008213","You'Re Just The Right Size","The Salsoul Orchestra","41802","RVAL893422","The Salsoul Orchestra","RVAR008213","1975","1975-11-29","release_year:1975","4","yes","canonical_album_tracks|canonical_album_tracks","no","0","41798","41802","41802"
"RVTR017627","RVAR000151","Miss You Much","janet jackson","22089","RVAL842125","Janet Jackson's Rhythm Nation 1814","RVAR000151","1989","1989-10-07","release_year:1989","13","yes","canonical_album_tracks|canonical_album_tracks","no","0","22086","22089","22089"
"RVTR017740","RVAR008545","Jump For My Love","The Pointer Sisters","42503","RVAL029530","The Best Of The Pointer Sisters","RVAR008545","1976","1976-12-04","release_year:1976","26","yes","canonical_album_tracks|canonical_album_tracks","no","0","42490","42503","42503"
"RVTR018736","RVAR006962","Steal Away","johnnie taylor","39175","RVAL452627","Johnnie Taylor's Greatest Hits","RVAR006962","1970","1970-12-19","release_year:1970","19","yes","canonical_track_album_links|canonical_album_tracks","no","1","39176","39175","39175"
"RVTR018811","RVAR008273","Behind Blue Eyes","The Who","41973","RVAL124149","Who's Next","RVAR008273","1971","1971-08-14","release_year:1971","8","yes","canonical_album_tracks|canonical_album_tracks|canonical_album_tracks|canonical_album_tracks|canonical_album_tracks|canonical_album_tracks","no","0","41946","41973","41973"
"RVTR019243","RVAR003636","Thunderball","tom jones","29987","RVAL142390","Tom Jones Live!","RVAR003636","1969","1969-03-15","release_year:1969","7","yes","canonical_album_tracks|canonical_album_tracks","no","0","29977","29987","29987"
"RVTR020550","RVAR008273","I Can'T Explain","The Who","41963","RVAL481594","The Kids Are Alright (Soundtrack)","RVAR008273","1979","1979-06-30","release_year:1979","3","yes","canonical_album_tracks|canonical_album_tracks","no","0","41967","41963","41963"
"RVTR021493","RVAR001534","Paint Me A Birmingham","tracy lawrence","25273","RVAL682153","Strong","RVAR001534","2004","2004-04-17","release_year:2004","4","yes","canonical_album_tracks|canonical_album_tracks|canonical_album_tracks","no","0","25268","25273","25273"
"RVTR021698","RVAR003794","Without Me","eminem","30310","RVAL319928","The Eminem Show","RVAR003794","2002","2002-06-08","release_year:2002","10","yes","canonical_album_tracks|canonical_album_tracks","no","0","30304","30310","30310"
"RVTR022933","RVAR002575","Roots Rock Reggae","bob marley and the wailers","27445","RVAL750401","Rastaman Vibration","RVAR002575","1976","1976-05-15","release_year:1976","16","yes","canonical_album_tracks|canonical_album_tracks|canonical_album_tracks","no","2","27443","27445","27445"
"RVTR024332","RVAR001763","Chip Away The Stone","aerosmith","25712","RVAL254385","Live Bootleg","RVAR001763","1978","1978-11-11","release_year:1978","10","yes","canonical_album_tracks|canonical_track_album_links","no","1","25707","25712","25712"
"RVTR024887","RVAR003420","Intro","j. cole","29382","RVAL863089","Cole World: The Sideline Story","RVAR003420","2011","2011-10-15","release_year:2011","1","yes","canonical_album_tracks|canonical_album_tracks|canonical_album_tracks","no","0","29379","29382","29382"
"RVTR025139","RVAR000902","Check It Out","bobby womack","23636","RVAL902840","I Don't Know What The World Is Coming To","RVAR000902","1975","1975-05-24","release_year:1975","6","yes","canonical_album_tracks|canonical_album_tracks","no","0","23639","23636","23636"
"RVTR025203","RVAR005108","All Along","blessid union of souls","33473","RVAL811155","Home","RVAR005108","1995","1995-04-22","release_year:1995","3","yes","canonical_album_tracks|canonical_track_album_links","no","1","33472","33473","33473"
"RVTR025737","RVAR007576","All This Time","sting","40292","RVAL090740","The Soul Cages","RVAR007576","1991","1991-02-09","release_year:1991","2","yes","canonical_album_tracks|canonical_album_tracks|canonical_album_tracks|canonical_album_tracks","no","0","40279","40292","40292"
"RVTR026294","RVAR001018","Heartless","kris allen","23989","RVAL630107","Season 8 Favorite Performances","RVAR001018","2009","2009-06-06","release_year:2009","6","yes","canonical_album_tracks|canonical_track_album_links","no","0","23988","23989","23988"
"RVTR026818","RVAR005772","Shotgun","vanilla fudge","35014","RVAL274271","Vanilla Fudge","RVAR005772","1967","1967-09-16","release_year:1967","4","yes","canonical_album_tracks|canonical_album_tracks","no","0","35012","35014","35014"
"RVTR027153","RVAR001804","Under And Over It","five finger death punch","25790","RVAL946569","American Capitalist","RVAR001804","2011","2011-10-29","release_year:2011","2","yes","canonical_album_tracks|canonical_album_tracks","no","0","25789","25790","25790"
"RVTR027629","RVAR003758","Bell Bottom Blues","eric clapton","30229","RVAL687160","Eric Clapton At His Best","RVAR003758","1972","1972-10-14","release_year:1972","9","yes","canonical_album_tracks|canonical_album_tracks|canonical_album_tracks|canonical_album_tracks","no","0","30224","30229","30229"
"RVTR027766","RVAR001448","Tell Her Love Has Felt The Need","eddie kendricks","25017","RVAL767130","Eddie Kendricks","RVAR001448","1973","1973-06-16","release_year:1973","14","yes","canonical_album_tracks|canonical_album_tracks","no","0","25016","25017","25017"
"RVTR027885","RVAR005198","Lowdown","boz scaggs","33758","RVAL180102","My Time","RVAR005198","1972","1972-09-23","release_year:1972","9","yes","canonical_track_album_links|canonical_album_tracks|canonical_album_tracks","no","1","33754","33758","33758"
"RVTR029502","RVAR003898","Wink","neal mccoy","30571","RVAL053092","No Doubt About It","RVAR003898","1994","1994-02-26","release_year:1994","7","yes","canonical_track_album_links|canonical_album_tracks|canonical_album_tracks","no","1","30570","30571","30571"
"RVTR031079","RVAR001497","Fallen Angel","poison","25190","RVAL521367","Open Up And Say...Ahh!","RVAR001497","1988","1988-05-21","release_year:1988","7","yes","canonical_album_tracks|canonical_album_tracks|canonical_album_tracks","no","0","25183","25190","25190"
"RVTR032364","RVAR008038","Eight Days A Week","The Beatles","41406","RVAL493810","Beatles VI","RVAR008038","1965","1965-06-26","release_year:1965","2","yes","canonical_album_tracks|canonical_album_tracks|canonical_album_tracks","no","0","41398","41406","41406"
"RVTR032559","RVAR005204","Scientific Love","midnight star","33768","RVAL377082","Planetary Invasion","RVAR005204","1984","1984-12-08","release_year:1984","3","yes","canonical_album_tracks|canonical_track_album_links","no","0","33766","33768","33768"
"RVTR032586","RVAR002938","I Am Woman","helen reddy","28251","RVAL095970","I Don't Know How To Love Him","RVAR002938","1971","1971-06-05","release_year:1971","4","yes","canonical_album_tracks|canonical_album_tracks|canonical_album_tracks","no","0","28250","28251","28251"
"RVTR032615","RVAR000260","Nada Es Para Siempre","luis fonsi","22381","RVAL971581","Paso A Paso","RVAR000260","2005","2005-07-30","release_year:2005","1","yes","canonical_album_tracks|canonical_album_tracks","no","0","22379","22381","22381"
"RVTR032737","RVAR005240","Who Am I","petula clark","33858","RVAL457952","I Couldn't Live Without Your Love","RVAR005240","1966","1966-09-03","release_year:1966","45","yes","canonical_track_album_links|canonical_album_tracks","no","1","33864","33858","33864"
"RVTR032868","RVAR000175","Young Americans","david bowie","22215","RVAL270198","Young Americans","RVAR000175","1975","1975-03-22","release_year:1975","1","yes","canonical_album_tracks|canonical_album_tracks|canonical_album_tracks|canonical_album_tracks","no","0","22180","22215","22215"
"RVTR033656","RVAR006719","Mountain Of Love","ronnie dove","38642","RVAL259500","The Best Of Ronnie Dove","RVAR006719","1966","1966-04-02","release_year:1966","19","yes","canonical_track_album_links|canonical_album_tracks","no","1","38641","38642","38642"
"RVTR033722","RVAR001777","September","daughtry","25753","RVAL373947","Leave This Town","RVAR001777","2009","2009-08-01","release_year:2009","7","yes","canonical_album_tracks|canonical_album_tracks","no","0","25752","25753","25753"
"RVTR034912","RVAR005887","Hungry Like The Wolf","duran duran","35285","RVAL037050","Rio","RVAR005887","1982","1982-06-05","release_year:1982","4","yes","canonical_album_tracks|canonical_album_tracks|canonical_album_tracks|canonical_album_tracks","no","0","35272","35285","35285"
"RVTR034977","RVAR006719","Cry","ronnie dove","38642","RVAL259500","The Best Of Ronnie Dove","RVAR006719","1966","1966-04-02","release_year:1966","10","yes","canonical_album_tracks|canonical_album_tracks","no","0","38639","38642","38642"
"RVTR035132","RVAR001066","She Wolf","shakira","24150","RVAL662312","Live & Off The Record","RVAR001066","2004","2004-04-17","release_year:2004","16","yes","canonical_album_tracks|canonical_track_album_links","no","1","24155","24150","24150"
"RVTR035944","RVAR002976","Castles In The Air","don mclean","28347","RVAL256892","Tapestry","RVAR002976","1972","1972-02-12","release_year:1972","1","yes","canonical_album_tracks|canonical_track_album_links|canonical_album_tracks","no","0","28343","28347","28347"
"RVTR036296","RVAR004102","That Was Yesterday","foreigner","30930","RVAL957790","Agent Provocateur","RVAR004102","1985","1985-01-05","release_year:1985","9","yes","canonical_track_album_links|canonical_album_tracks","no","1","30929","30930","30930"
"RVTR036855","RVAR008368","Hello I Love You","The Doors","42132","RVAL594662","Waiting For The Sun","RVAR008368","1968","1968-08-10","release_year:1968","2","yes","canonical_track_album_links|canonical_album_tracks|canonical_album_tracks|canonical_album_tracks|canonical_album_tracks|canonical_album_tracks","no","1","42110","42132","42132"
"RVTR037639","RVAR003653","Get Down","curtis mayfield","30038","RVAL385002","Roots","RVAR003653","1971","1971-11-06","release_year:1971","1","yes","canonical_album_tracks|canonical_album_tracks","no","0","30028","30038","30038"
"RVTR039781","RVAR005729","Chattahoochee","alan jackson","34883","RVAL715431","A Lot About Livin' (And A Little 'Bout Love)","RVAR005729","1992","1992-10-24","release_year:1992","1","yes","canonical_album_tracks|canonical_album_tracks","no","0","34881","34883","34883"
"RVTR039924","RVAR000445","It Tears Me Up","percy sledge","22724","RVAL635652","When A Man Loves A Woman","RVAR000445","1966","1966-06-04","release_year:1966","10","yes","canonical_album_tracks|canonical_album_tracks|canonical_album_tracks","no","0","22723","22724","22724"
"RVTR040159","RVAR000404","To Know You Is To Love You","b.b. king","22663","RVAL751447","To Know You Is To Love You","RVAR000404","1973","1973-09-08","release_year:1973","4","yes","canonical_track_album_links|canonical_album_tracks","no","1","22651","22663","22663"
"RVTR041287","RVAR003758","Let It Rain","eric clapton","30229","RVAL687160","Eric Clapton At His Best","RVAR003758","1972","1972-10-14","release_year:1972","4","yes","canonical_album_tracks|canonical_album_tracks","no","0","30224","30229","30229"
"RVTR042962","RVAR003375","Fantasy","mariah carey","29207","RVAL302879","Daydream","RVAR003375","1995","1995-10-21","release_year:1995","1","yes","canonical_album_tracks|canonical_album_tracks|canonical_album_tracks","no","1","29202","29207","29207"
"RVTR043386","RVAR002265","Stone Cold","rainbow","26682","RVAL870323","Straight Between The Eyes","RVAR002265","1982","1982-05-08","release_year:1982","2","no","canonical_album_tracks|canonical_album_tracks","no","0","26677","26682",""
"RVTR043732","RVAR000506","There Is A Mountain","donovan","22824","RVAL485475","Donovan In Concert","RVAR000506","1968","1968-07-27","release_year:1968","3","yes","canonical_album_tracks|canonical_album_tracks","no","0","22826","22824","22824"
"RVTR043982","RVAR008619","The Glory Of Love","The Dells","42658","RVAL838514","Love Is Blue","RVAR008619","1969","1969-08-23","release_year:1969","8","yes","canonical_album_tracks|canonical_album_tracks","no","0","42655","42658","42658"
"RVTR045554","RVAR000454","So Fresh So Clean","outkast","22739","RVAL057454","Stankonia","RVAR000454","2000","2000-11-18","release_year:2000","4","yes","canonical_album_tracks|canonical_album_tracks","no","0","22735","22739","22739"
"RVTR045820","RVAR007934","Words","The Monkees","41288","RVAL998800","Pisces, Aquarius, Capricorn, And Jones Ltd.","RVAR007934","1967","1967-11-25","release_year:1967","25","yes","canonical_album_tracks|canonical_album_tracks","no","0","41281","41288","41288"
"RVTR045989","RVAR001411","Borderline","madonna","24922","RVAL475112","Madonna","RVAR001411","1983","1983-09-03","release_year:1983","2","yes","canonical_album_tracks|canonical_album_tracks|canonical_track_album_links","no","0","24913","24922","24922"
"RVTR045994","RVAR008795","Darling Be Home Soon","The Lovin' Spoonful","42974","RVAL936823","You're A Big Boy Now","RVAR008795","1967","1967-04-15","release_year:1967","8","yes","canonical_album_tracks|canonical_album_tracks","no","0","42966","42974","42974"
"RVTR046660","RVAR003636","Love Me Tonight","tom jones","29988","RVAL824060","Tom Jones' Greatest Hits","RVAR003636","1974","1974-01-05","release_year:1974","5","no","canonical_album_tracks|canonical_album_tracks","no","0","29984","29988",""
"RVTR046748","RVAR002081","Take That To The Bank","shalamar","26405","RVAL662576","Uptown Festival","RVAR002081","1977","1977-05-21","release_year:1977","7","yes","canonical_album_tracks|canonical_album_tracks","no","0","26399","26405","26405"
"RVTR050401","RVAR002621","Don'T Take The Girl","tim mcgraw","27505","RVAL185326","Not A Moment Too Soon","RVAR002621","1994","1994-04-09","release_year:1994","8","yes","canonical_album_tracks|canonical_album_tracks|canonical_album_tracks","no","0","27492","27505","27505"
"RVTR050486","RVAR000001","Take It Easy","Eagles","21687","RVAL942174","Their Greatest Hits 1971-1975","RVAR000001","1976","1976-03-06","release_year:1976","1","yes","canonical_album_tracks|canonical_album_tracks|canonical_album_tracks|canonical_album_tracks","no","0","21683","21687","21687"
"RVTR053883","RVAR005887","Save A Prayer","duran duran","35285","RVAL037050","Rio","RVAR005887","1982","1982-06-05","release_year:1982","8","yes","canonical_album_tracks|canonical_album_tracks|canonical_track_album_links","no","1","35272","35285","35285"
"RVTR053914","RVAR004068","The Longest Time","billy joel","30863","RVAL818859","An Innocent Man","RVAR004068","1983","1983-08-20","release_year:1983","3","yes","canonical_album_tracks|canonical_album_tracks","no","0","30862","30863","30863"
"RVTR054470","RVAR005344","Private Dancer","tina turner","34073","RVAL890059","Private Dancer","RVAR005344","1984","1984-06-16","release_year:1984","5","yes","canonical_album_tracks|canonical_album_tracks|canonical_album_tracks|canonical_album_tracks|canonical_album_tracks|canonical_album_tracks","no","0","34070","34073","34073"
"RVTR055169","RVAR000918","You'Re All I Need To Get By","marvin gaye","23732","RVAL585441","Marvin Gaye Anthology","RVAR000918","1974","1974-04-20","release_year:1974","20","yes","canonical_album_tracks|canonical_album_tracks|canonical_album_tracks|canonical_album_tracks","no","0","23722","23732","23732"
"RVTR058384","RVAR006629","Shilo","neil diamond","38435","RVAL696223","Just For You","RVAR006629","1967","1967-09-16","release_year:1967","8","yes","canonical_album_tracks|canonical_album_tracks|canonical_track_album_links|canonical_album_tracks|canonical_album_tracks","no","1","38420","38435","38435"
"RVTR058663","RVAR000404","Hummingbird","b.b. king","22643","RVAL469127","Indianola Mississippi Seeds","RVAR000404","1970","1970-10-17","release_year:1970","9","yes","canonical_album_tracks|canonical_album_tracks|canonical_album_tracks","no","0","22639","22643","22643"
"RVTR058876","RVAR000918","Ain'T No Mountain High Enough","marvin gaye","23732","RVAL585441","Marvin Gaye Anthology","RVAR000918","1974","1974-04-20","release_year:1974","41","yes","canonical_album_tracks|canonical_album_tracks|canonical_album_tracks","no","0","23723","23732","23732"
"RVTR059874","RVAR003870","Late In The Evening","paul simon","30499","RVAL506035","One Trick Pony","RVAR003870","1980","1980-09-06","release_year:1980","1","yes","canonical_album_tracks|canonical_album_tracks|canonical_album_tracks|canonical_album_tracks|canonical_album_tracks|canonical_album_tracks","no","0","30498","30499","30499"
"RVTR061347","RVAR000166","We Just Disagree","dave mason","22157","RVAL307458","The Best Of Dave Mason","RVAR000166","1974","1974-06-29","release_year:1974","6","yes","canonical_album_tracks|canonical_album_tracks","no","0","22153","22157","22157"
"RVTR063015","RVAR006833","These Arms Of Mine","otis redding","38868","RVAL615027","Pain In My Heart","RVAR006833","1964","1964-05-02","release_year:1964","7","yes","canonical_album_tracks|canonical_album_tracks|canonical_album_tracks|canonical_album_tracks|canonical_album_tracks|canonical_album_tracks|canonical_album_tracks","no","1","38862","38868","38868"
"RVTR063960","RVAR001978","You Wear It Well","rod stewart","26219","RVAL189549","Never A Dull Moment","RVAR001978","1972","1972-08-12","release_year:1972","7","yes","canonical_album_tracks|canonical_album_tracks|canonical_album_tracks|canonical_album_tracks|canonical_album_tracks|canonical_album_tracks","no","0","26203","26219","26219"
"RVTR064157","RVAR008735","In My Room","The Beach Boys","42889","RVAL999334","Surfer Girl","RVAR008735","1963","1963-10-12","release_year:1963","7","yes","canonical_album_tracks|canonical_album_tracks|canonical_track_album_links|canonical_album_tracks|canonical_album_tracks","no","1","42859","42889","42889"
"RVTR064395","RVAR007096","Honkytonk U","toby keith","39414","RVAL632677","Toby Keith","RVAR007096","1993","1993-05-15","release_year:1993","24","yes","canonical_album_tracks|canonical_album_tracks","no","0","39406","39414","39414"
"RVTR064837","RVAR004489","A Fool Never Learns","andy williams","31798","RVAL910535","The Wonderful World Of Andy Williams","RVAR004489","1964","1964-01-25","release_year:1964","7","yes","canonical_album_tracks|canonical_album_tracks","no","0","31771","31798","31798"
"RVTR065786","RVAR006507","The Second Time Around","frank sinatra","38147","RVAL818922","Sinatra's Sinatra","RVAR006507","1963","1963-10-05","release_year:1963","3","yes","canonical_album_tracks|canonical_track_album_links","no","1","38112","38147","38147"
"RVTR066071","RVAR000001","Heartache Tonight","Eagles","21685","RVAL158259","The Long Run","RVAR000001","1979","1979-10-20","release_year:1979","6","yes","canonical_album_tracks|canonical_album_tracks|canonical_album_tracks|canonical_album_tracks","no","0","21683","21685","21685"
"RVTR066825","RVAR008285","Still In Saigon","The Charlie Daniels Band","42004","RVAL946261","Windows","RVAR008285","1982","1982-04-03","release_year:1982","1","yes","canonical_album_tracks|canonical_album_tracks","no","0","41994","42004","42004"
"RVTR067569","RVAR000659","California Nights","lesley gore","23124","RVAL242109","The Golden Hits Of Lesley Gore","RVAR000659","1965","1965-07-17","release_year:1965","8","yes","canonical_track_album_links|canonical_album_tracks","no","0","23119","23124","23124"
"RVTR068454","RVAR003870","50 Ways To Leave Your Lover","paul simon","30507","RVAL557122","Still Crazy After All These Years","RVAR003870","1975","1975-10-25","release_year:1975","4","yes","canonical_album_tracks|canonical_album_tracks|canonical_album_tracks|canonical_album_tracks|canonical_album_tracks","no","0","30498","30507","30507"
"RVTR070874","RVAR004119","Fire And Water","wilson pickett","30987","RVAL989186","The Best Of Wilson Pickett, Vol. II","RVAR004119","1971","1971-05-22","release_year:1971","12","yes","canonical_album_tracks|canonical_album_tracks","no","0","30980","30987","30987"
"RVTR071145","RVAR002945","Here I Am","dionne warwick","28281","RVAL833290","Here I Am","RVAR002945","1966","1966-01-01","release_year:1966","2","yes","canonical_album_tracks|canonical_track_album_links","no","1","28274","28281","28281"
"RVTR071605","RVAR001090","Sweet Pea","tommy roe","24184","RVAL270700","Sweet Pea","RVAR001090","1966","1966-11-05","release_year:1966","6","yes","canonical_album_tracks|canonical_track_album_links","no","1","24182","24184","24182"
"RVTR072136","RVAR006296","Honky Cat","elton john","37625","RVAL468685","Honky Chateau","RVAR006296","1972","1972-06-17","release_year:1972","2","yes","canonical_album_tracks|canonical_album_tracks|canonical_album_tracks","no","0","37624","37625","37625"
"RVTR072227","RVAR005399","Get It While You Can","janis joplin","34205","RVAL804416","Pearl","RVAR005399","1971","1971-01-30","release_year:1971","10","yes","canonical_album_tracks|canonical_album_tracks|canonical_album_tracks","no","1","34202","34205","34205"
"RVTR072237","RVAR001483","Neither One Of Us Wants To Be The First To Say Goodbye","gladys knight and the pips","25120","RVAL501798","Gladys Knight & The Pips Greatest Hits","RVAR001483","1970","1970-04-04","release_year:1970","7","yes","canonical_album_tracks|canonical_album_tracks|canonical_album_tracks","no","0","25126","25120","25120"
"RVTR074223","RVAR003870","Mother And Child Reunion","paul simon","30500","RVAL818964","Paul Simon","RVAR003870","1972","1972-02-12","release_year:1972","1","yes","canonical_album_tracks|canonical_album_tracks|canonical_album_tracks|canonical_album_tracks|canonical_track_album_links|canonical_album_tracks|canonical_album_tracks|canonical_album_tracks","no","1","30498","30500","30500"
"RVTR074671","RVAR005240","Round Every Corner","petula clark","33858","RVAL457952","I Couldn't Live Without Your Love","RVAR005240","1966","1966-09-03","release_year:1966","15","yes","canonical_track_album_links|canonical_album_tracks","no","1","33864","33858","33864"
"RVTR074734","RVAR006492","Ma Ana","jimmy buffett","38053","RVAL106145","Son Of A Son Of A Sailor","RVAR006492","1978","1978-04-08","release_year:1978","8","yes","canonical_album_tracks|canonical_album_tracks","no","0","38028","38053","38053"
"RVTR076191","RVAR005441","Kansas City Star","roger miller","34304","RVAL248274","The 3rd Time Around","RVAR005441","1965","1965-07-24","release_year:1965","10","yes","canonical_album_tracks|canonical_album_tracks|canonical_album_tracks","no","0","34302","34304","34304"
"RVTR076573","RVAR008038","I Feel Fine","The Beatles","41405","RVAL805612","Beatles '65","RVAR008038","1965","1965-01-02","release_year:1965","10","yes","canonical_album_tracks|canonical_album_tracks|canonical_album_tracks|canonical_album_tracks|canonical_album_tracks","no","0","41398","41405","41405"
"RVTR076964","RVAR005198","Breakdown Dead Ahead","boz scaggs","33756","RVAL349033","Middle Man","RVAR005198","1980","1980-04-19","release_year:1980","2","yes","canonical_album_tracks|canonical_album_tracks","no","0","33754","33756","33756"
"RVTR078059","RVAR008778","Sooner Or Later","The Grass Roots","42952","RVAL855339","Let's Live For Today","RVAR008778","1967","1967-08-19","release_year:1967","4","yes","canonical_track_album_links|canonical_album_tracks","no","1","42956","42952","42952"
"RVTR078470","RVAR008583","Jesus Is Just Alright","The Doobie Brothers","42573","RVAL729407","Toulouse Street","RVAR008583","1972","1972-08-26","release_year:1972","7","yes","canonical_album_tracks|canonical_album_tracks|canonical_album_tracks","no","0","42572","42573","42573"
"RVTR078705","RVAR001448","Boogie Down","eddie kendricks","25017","RVAL767130","Eddie Kendricks","RVAR001448","1973","1973-06-16","release_year:1973","6","yes","canonical_album_tracks|canonical_album_tracks","no","0","25016","25017","25017"
"RVTR078997","RVAR002976","Crying","don mclean","28345","RVAL755751","Don McLean","RVAR002976","1972","1972-12-23","release_year:1972","8","yes","canonical_track_album_links|canonical_album_tracks","no","0","28344","28345","28345"
"RVTR079928","RVAR006461","Cowboys Like Us","george strait","37948","RVAL682986","Honkytonkville","RVAR006461","2003","2003-06-28","release_year:2003","4","yes","canonical_album_tracks|canonical_album_tracks|canonical_album_tracks","no","0","37931","37948","37948"
"RVTR080011","RVAR006962","I Believe In You You Believe In Me","johnnie taylor","39175","RVAL452627","Johnnie Taylor's Greatest Hits","RVAR006962","1970","1970-12-19","release_year:1970","9","yes","canonical_album_tracks|canonical_album_tracks","no","0","39180","39175","39175"
"RVTR080565","RVAR003313","Freddie Feelgood And His Funky Little Five Piece Band","ray stevens","29065","RVAL637021","Gitarzan","RVAR003313","1969","1969-06-21","release_year:1969","4","yes","canonical_album_tracks|canonical_album_tracks","no","0","29063","29065","29065"
"RVTR081362","RVAR006507","Summer Wind","frank sinatra","38150","RVAL472249","Strangers In Night","RVAR006507","1966","1966-06-18","release_year:1966","7","yes","canonical_album_tracks|canonical_album_tracks|canonical_album_tracks","no","0","38119","38150","38150"
"RVTR081378","RVAR003517","Lonely Boy","paul anka","29706","RVAL395123","Paul Anka's 21 Golden Hits","RVAR003517","1963","1963-01-05","release_year:1963","3","yes","canonical_album_tracks|canonical_album_tracks","no","0","29694","29706","29706"
"RVTR081533","RVAR003870","The Obvious Child","paul simon","30503","RVAL267417","Rhythm Of The Saints","RVAR003870","1990","1990-11-03","release_year:1990","2","yes","canonical_album_tracks|canonical_album_tracks|canonical_album_tracks","no","0","30502","30503","30503"
"RVTR082239","RVAR008545","I Need You","The Pointer Sisters","42503","RVAL029530","The Best Of The Pointer Sisters","RVAR008545","1976","1976-12-04","release_year:1976","22","yes","canonical_album_tracks|canonical_album_tracks","no","0","42490","42503","42503"
"RVTR083288","RVAR003797","The Big Money","rush","30334","RVAL588256","Power Windows","RVAR003797","1985","1985-11-09","release_year:1985","1","yes","canonical_album_tracks|canonical_album_tracks|canonical_album_tracks|canonical_album_tracks|canonical_album_tracks","no","0","30317","30334","30334"
"RVTR085597","RVAR004808","I Need Love","ll cool j","32599","RVAL443854","Bigger And Deffer","RVAR004808","1987","1987-06-20","release_year:1987","9","yes","canonical_album_tracks|canonical_album_tracks","no","0","32597","32599","32599"
"RVTR088222","RVAR007096","I Wanna Talk About Me","toby keith","39414","RVAL632677","Toby Keith","RVAR007096","1993","1993-05-15","release_year:1993","11","yes","canonical_album_tracks|canonical_album_tracks|canonical_album_tracks","no","0","39409","39414","39414"
"RVTR088449","RVAR006895","Hello","lionel richie","38993","RVAL334283","Can't Slow Down","RVAR006895","1983","1983-11-12","release_year:1983","8","yes","canonical_album_tracks|canonical_album_tracks|canonical_album_tracks|canonical_album_tracks|canonical_album_tracks","no","0","38992","38993","38993"
"RVTR089425","RVAR008500","A Million Miles Away","The Plimsouls","42406","RVAL078952","The Plimsouls","RVAR008500","1981","1981-04-04","release_year:1981","9","yes","canonical_track_album_links|canonical_album_tracks","no","1","42405","42406","42406"
"RVTR090283","RVAR006371","The Ghost In You","psychedelic furs","37774","RVAL688159","Mirror Moves","RVAR006371","1984","1984-05-26","release_year:1984","1","yes","canonical_album_tracks|canonical_album_tracks","no","0","37771","37774","37774"
"RVTR090483","RVAR008038","Nowhere Man","The Beatles","41455","RVAL861878","Yesterday And Today","RVAR008038","1966","1966-07-09","release_year:1966","3","yes","canonical_album_tracks|canonical_album_tracks|canonical_track_album_links","no","0","41436","41455","41455"
"RVTR091942","RVAR001609","Roni","bobby brown","25395","RVAL521028","Don't Be Cruel","RVAR001609","1988","1988-07-23","release_year:1988","4","yes","canonical_album_tracks|canonical_album_tracks|canonical_track_album_links","no","0","25393","25395","25395"
"RVTR092353","RVAR002362","Head Over Heels","go-go's","26937","RVAL169532","Talk Show","RVAR002362","1984","1984-04-07","release_year:1984","1","yes","canonical_album_tracks|canonical_track_album_links","no","1","26935","26937","26937"
"RVTR092748","RVAR008752","A Letter To Myself","The Chi-lites","42920","RVAL282495","The Chi-Lites Greatest Hits","RVAR008752","1972","1972-10-21","release_year:1972","3","yes","canonical_album_tracks|canonical_album_tracks|canonical_album_tracks","no","0","42913","42920","42920"
"RVTR093383","RVAR004102","Head Games","foreigner","30937","RVAL702413","Head Games","RVAR004102","1979","1979-09-29","release_year:1979","6","yes","canonical_album_tracks|canonical_album_tracks|canonical_album_tracks|canonical_album_tracks|canonical_album_tracks|canonical_album_tracks|canonical_album_tracks|canonical_album_tracks|canonical_album_tracks","no","0","30929","30937","30937"
"RVTR094132","RVAR002621","I Like It I Love It","tim mcgraw","27494","RVAL312830","All I Want","RVAR002621","1995","1995-10-07","release_year:1995","7","yes","canonical_album_tracks|canonical_album_tracks|canonical_album_tracks|canonical_album_tracks","no","0","27492","27494","27494"
"RVTR096039","RVAR001154","I Was Made For Lovin' You","kiss","24319","RVAL807525","Symphony: Alive IV","RVAR001154","2003","2003-08-09","release_year:2003","3","yes","canonical_album_tracks|canonical_album_tracks|canonical_album_tracks","no","0","24306","24319","24307"
"RVTR096485","RVAR007695","We Live For Love","pat benatar","40541","RVAL826673","In The Heat Of The Night","RVAR007695","1979","1979-10-20","release_year:1979","6","yes","canonical_album_tracks|canonical_album_tracks|canonical_album_tracks","no","0","40535","40541","40541"
"RVTR096775","RVAR004920","No One To Depend On","santana","32950","RVAL868344","Santana","RVAR004920","1969","1969-09-13","release_year:1969","2","yes","canonical_album_tracks|canonical_album_tracks|canonical_album_tracks|canonical_album_tracks","no","0","32949","32950","32950"
"RVTR097923","RVAR004984","Back Forth","aaliyah","33157","RVAL829539","Age Ain't Nothing But A Number","RVAR004984","1994","1994-06-11","release_year:1994","3","yes","canonical_album_tracks|canonical_track_album_links","no","0","33156","33157","33157"
"RVTR098582","RVAR006434","Annie'S Song","john denver","37855","RVAL028594","John Denver's Greatest Hits, Volume 2","RVAR006434","1977","1977-03-05","release_year:1977","1","yes","canonical_album_tracks|canonical_album_tracks|canonical_album_tracks","no","0","37865","37855","37855"
"RVTR098634","RVAR007298","Rock With You","michael jackson","39822","RVAL302079","Off The Wall","RVAR007298","1979","1979-09-01","release_year:1979","2","yes","canonical_album_tracks|canonical_track_album_links|canonical_album_tracks","no","1","39814","39822","39822"
"RVTR099811","RVAR002806","We Belong Together","gavin degraw","27986","RVAL264501","iTunes LIVE From SoHo","RVAR002806","2008","2008-11-29","release_year:2008","7","yes","canonical_album_tracks|canonical_track_album_links","no","1","27983","27986","27986"
"RVTR101172","RVAR002402","What'S Your Name","lynyrd skynyrd","27128","RVAL229075","Street Survivors","RVAR002402","1977","1977-11-05","release_year:1977","1","yes","canonical_album_tracks|canonical_album_tracks|canonical_album_tracks|canonical_album_tracks","no","0","27127","27128","27128"
"RVTR102138","RVAR001310","Gimme Your Money Please","bachman-turner overdrive","24664","RVAL771033","Bachman-Turner Overdrive II","RVAR001310","1974","1974-01-19","release_year:1974","1","yes","canonical_album_tracks|canonical_album_tracks|canonical_album_tracks","no","0","24662","24664","24664"
"RVTR104023","RVAR005884","Hallelujah","leonard cohen","35256","RVAL358460","Opus Collection","RVAR005884","2015","2015-02-07","release_year:2015","6","yes","canonical_album_tracks|canonical_track_album_links","no","1","35263","35256","35263"
"RVTR104203","RVAR000216","From A Distance","bette midler","22296","RVAL773248","Some People's Lives","RVAR000216","1990","1990-10-13","release_year:1990","7","yes","canonical_album_tracks|canonical_album_tracks","no","0","22289","22296","22296"
"RVTR105331","RVAR008735","Heroes And Villains","The Beach Boys","42855","RVAL663323","Beach Boys In Concert","RVAR008735","1964","1964-11-07","release_year:1964","13","yes","canonical_album_tracks|canonical_album_tracks|canonical_album_tracks","no","0","42879","42855","42855"
"RVTR106106","RVAR003361","No Son Of Mine","genesis","29191","RVAL220844","We Can't Dance","RVAR003361","1991","1991-11-30","release_year:1991","1","yes","canonical_album_tracks|canonical_album_tracks|canonical_album_tracks|canonical_track_album_links","no","1","29190","29191","29191"
"RVTR106801","RVAR002484","River","sarah mclachlan","27299","RVAL959037","Wintersong","RVAR002484","2006","2006-11-04","release_year:2006","3","yes","canonical_album_tracks|canonical_album_tracks","no","0","27292","27299","27299"
"RVTR108104","RVAR008778","Let'S Live For Today","The Grass Roots","42952","RVAL855339","Let's Live For Today","RVAR008778","1967","1967-08-19","release_year:1967","5","yes","canonical_album_tracks|canonical_album_tracks","no","0","42956","42952","42952"
"RVTR110104","RVAR008038","I Want To Hold Your Hand","The Beatles","41420","RVAL692090","Meet The Beatles!","RVAR008038","1964","1964-02-01","release_year:1964","1","yes","canonical_album_tracks|canonical_track_album_links|canonical_album_tracks|canonical_album_tracks|canonical_album_tracks|canonical_album_tracks|canonical_album_tracks|canonical_album_tracks|canonical_album_tracks|canonical_album_tracks","no","1","41398","41420","41420"
"RVTR110139","RVAR003927","I'M So Glad I Fell For You","david ruffin","30620","RVAL481495","Feelin' Good","RVAR003927","1969","1969-12-13","release_year:1969","8","yes","canonical_album_tracks|canonical_album_tracks","no","0","30618","30620","30620"
"RVTR110312","RVAR004839","Call On Me","chicago","32684","RVAL732077","Chicago IX: Chicago's Greatest Hits","RVAR004839","1975","1975-11-29","release_year:1975","9","yes","canonical_album_tracks|canonical_track_album_links|canonical_album_tracks|canonical_album_tracks","no","1","32698","32684","32684"
"RVTR110408","RVAR003421","Blue Eyes Crying In The Rain","willie nelson","29413","RVAL312532","Red Headed Stranger","RVAR003421","1975","1975-07-26","release_year:1975","5","yes","canonical_album_tracks|canonical_album_tracks|canonical_album_tracks|canonical_album_tracks|canonical_album_tracks","no","0","29402","29413","29413"
"RVTR110653","RVAR003135","You Decorated My Life","kenny rogers","28656","RVAL913306","Greatest Hits","RVAR003135","1971","1971-02-20","release_year:1971","8","yes","canonical_album_tracks|canonical_track_album_links|canonical_album_tracks|canonical_album_tracks","no","1","28652","28656","28656"
"RVTR111307","RVAR000725","Brian Wilson","barenaked ladies","23236","RVAL406420","Rock Spectacle","RVAR000725","1997","1997-07-05","release_year:1997","1","yes","canonical_album_tracks|canonical_album_tracks|canonical_album_tracks","no","0","23229","23236","23236"
"RVTR112801","RVAR001092","Louie Louie","fat boys","24190","RVAL751043","Fat Boys","RVAR001092","1985","1985-01-05","release_year:1985","9","yes","canonical_album_tracks|canonical_album_tracks","no","0","24188","24190","24188"
"RVTR112999","RVAR008038","Yellow Submarine","The Beatles","41428","RVAL041018","Revolver","RVAR008038","1966","1966-09-03","release_year:1966","6","yes","canonical_album_tracks|canonical_album_tracks|canonical_album_tracks|canonical_album_tracks|canonical_track_album_links","no","1","41427","41428","41428"
"RVTR116080","RVAR007209","Rain Rain Go Away","bobby vinton","39633","RVAL752915","Bobby Vinton's Greatest Hits","RVAR007209","1964","1964-10-03","release_year:1964","6","yes","canonical_track_album_links|canonical_album_tracks","no","1","39632","39633","39633"
"RVTR116125","RVAR001614","Reminisce","mary j. blige","25425","RVAL515707","What's The 411?","RVAR001614","1992","1992-08-15","release_year:1992","3","yes","canonical_track_album_links|canonical_album_tracks|canonical_album_tracks","no","1","25423","25425","25425"
"RVTR116130","RVAR006629","Cherry Cherry","neil diamond","38435","RVAL696223","Just For You","RVAR006629","1967","1967-09-16","release_year:1967","6","yes","canonical_album_tracks|canonical_album_tracks|canonical_album_tracks|canonical_album_tracks|canonical_track_album_links|canonical_album_tracks|canonical_album_tracks|canonical_album_tracks|canonical_album_tracks|canonical_album_tracks|canonical_album_tracks|canonical_album_tracks","no","1","38420","38435","38435"
"RVTR117345","RVAR003313","Turn Your Radio On","ray stevens","29069","RVAL665096","Ray Stevens' Greatest Hits","RVAR003313","1971","1971-09-04","release_year:1971","4","yes","canonical_track_album_links|canonical_album_tracks|canonical_album_tracks","no","1","29072","29069","29069"
"RVTR117462","RVAR008735","Do You Wanna Dance","The Beach Boys","42895","RVAL000130","The Beach Boys Today!","RVAR008735","1965","1965-03-27","release_year:1965","1","yes","canonical_album_tracks|canonical_track_album_links","no","0","42882","42895","42895"
"RVTR118833","RVAR007576","If You Love Somebody Set Them Free","sting","40290","RVAL044601","The Dream Of The Blue Turtles","RVAR007576","1985","1985-07-13","release_year:1985","1","yes","canonical_album_tracks|canonical_album_tracks|canonical_album_tracks|canonical_album_tracks","no","0","40279","40290","40290"
"RVTR119198","RVAR003575","Snowbird","anne murray","29853","RVAL634379","Snowbird","RVAR003575","1970","1970-10-03","release_year:1970","1","yes","canonical_album_tracks|canonical_album_tracks","no","0","29840","29853","29853"
"RVTR119763","RVAR005441","Husbands And Wives","roger miller","34307","RVAL174840","Words And Music","RVAR005441","1966","1966-11-19","release_year:1966","2","yes","canonical_album_tracks|canonical_album_tracks","no","0","34302","34307","34307"
"RVTR121491","RVAR004839","Questions 67 And 68","chicago","32685","RVAL707153","Chicago Transit Authority","RVAR004839","1969","1969-05-17","release_year:1969","4","yes","canonical_album_tracks|canonical_track_album_links|canonical_album_tracks","no","1","32681","32685","32685"
"RVTR121789","RVAR003794","Like Toy Soldiers","eminem","30305","RVAL331046","Encore","RVAR003794","2004","2004-11-27","release_year:2004","5","yes","canonical_album_tracks|canonical_track_album_links","no","1","30304","30305","30305"
"RVTR122741","RVAR003375","We Belong Together","mariah carey","29211","RVAL094393","Greatest Hits","RVAR003375","2001","2001-12-22","release_year:2001","6","yes","canonical_album_tracks|canonical_album_tracks","no","0","29221","29211","29211"
"RVTR124520","RVAR008038","And I Love Her","The Beatles","41400","RVAL468343","A Hard Day's Night (Soundtrack)","RVAR008038","1964","1964-07-18","release_year:1964","12","yes","canonical_album_tracks|canonical_album_tracks|canonical_track_album_links|canonical_album_tracks|canonical_album_tracks|canonical_album_tracks|canonical_album_tracks","no","1","41418","41400","41400"
"RVTR124694","RVAR003458","Sad Mood","sam cooke","29594","RVAL776796","The Best Of Sam Cooke","RVAR003458","1965","1965-01-30","release_year:1965","10","yes","canonical_album_tracks|canonical_album_tracks","no","0","29596","29594","29594"
"RVTR125033","RVAR008606","Justine","The Righteous Brothers","42631","RVAL327591","This Is New!","RVAR008606","1965","1965-06-19","release_year:1965","1","no","canonical_album_tracks|canonical_track_album_links|canonical_album_tracks","no","1","42626","42631",""
"RVTR129591","RVAR007696","Who Can I Turn To When Nobody Needs Me","tony bennett","40585","RVAL636109","Who Can I Turn To","RVAR007696","1964","1964-12-19","release_year:1964","1","yes","canonical_album_tracks|canonical_album_tracks|canonical_album_tracks|canonical_album_tracks","no","0","40551","40585","40585"
"RVTR129922","RVAR008545","Slow Hand","The Pointer Sisters","42503","RVAL029530","The Best Of The Pointer Sisters","RVAR008545","1976","1976-12-04","release_year:1976","4","yes","canonical_album_tracks|canonical_album_tracks|canonical_album_tracks","no","0","42489","42503","42503"
"RVTR131303","RVAR000151","Escapade","janet jackson","22089","RVAL842125","Janet Jackson's Rhythm Nation 1814","RVAR000151","1989","1989-10-07","release_year:1989","15","yes","canonical_album_tracks|canonical_album_tracks","no","0","22086","22089","22089"
"RVTR132009","RVAR006010","Feel The Need","leif garrett","35522","RVAL371045","Leif Garrett","RVAR006010","1977","1977-12-17","release_year:1977","9","yes","canonical_track_album_links|canonical_album_tracks","no","1","35521","35522","35522"
"RVTR132467","RVAR001690","Daddy Won'T Sell The Farm","montgomery gentry","25585","RVAL257809","Tattoos & Scars","RVAR001690","1999","1999-04-24","release_year:1999","5","yes","canonical_album_tracks|canonical_album_tracks","no","0","25578","25585","25585"
"RVTR133829","RVAR008273","Pinball Wizard","The Who","41958","RVAL674810","Meaty Beaty Big And Bouncy","RVAR008273","1971","1971-11-20","release_year:1971","9","yes","canonical_album_tracks|canonical_album_tracks|canonical_album_tracks|canonical_album_tracks|canonical_album_tracks","no","0","41953","41958","41958"
"RVTR134493","RVAR001497","Talk Dirty To Me","poison","25188","RVAL217191","Look What The Cat Dragged In","RVAR001497","1986","1986-08-02","release_year:1986","6","yes","canonical_album_tracks|canonical_album_tracks|canonical_album_tracks","no","0","25183","25188","25188"
"RVTR134604","RVAR003927","My Whole World Ended (The Moment You Left Me)","david ruffin","30621","RVAL503020","My Whole World Ended","RVAR003927","1969","1969-06-21","release_year:1969","1","yes","canonical_album_tracks|canonical_album_tracks","no","0","30618","30621","30621"
"RVTR135716","RVAR004402","Hot Girls In Love","loverboy","31612","RVAL687121","Keep It Up","RVAR004402","1983","1983-07-02","release_year:1983","1","yes","canonical_album_tracks|canonical_album_tracks","no","0","31610","31612","31612"
"RVTR139205","RVAR004068","Big Shot","billy joel","30861","RVAL482228","52nd Street","RVAR004068","1978","1978-10-28","release_year:1978","1","yes","canonical_album_tracks|canonical_album_tracks|canonical_album_tracks|canonical_album_tracks|canonical_album_tracks","no","0","30860","30861","30861"
"RVTR139738","RVAR008038","Strawberry Fields Forever","The Beatles","41419","RVAL130750","Magical Mystery Tour (Soundtrack)","RVAR008038","1967","1967-12-23","release_year:1967","8","yes","canonical_album_tracks|canonical_album_tracks","no","0","41437","41419","41419"
"RVTR140033","RVAR008038","A Hard Day'S Night","The Beatles","41400","RVAL468343","A Hard Day's Night (Soundtrack)","RVAR008038","1964","1964-07-18","release_year:1964","10","yes","canonical_album_tracks|canonical_album_tracks|canonical_album_tracks|canonical_album_tracks","no","0","41436","41400","41400"
"RVTR141085","RVAR000166","So High Rock Me Baby And Roll Me Away","dave mason","22157","RVAL307458","The Best Of Dave Mason","RVAR000166","1974","1974-06-29","release_year:1974","2","yes","canonical_album_tracks|canonical_album_tracks","no","0","22153","22157","22157"
"RVTR142671","RVAR004102","Long Long Way From Home","foreigner","30936","RVAL994965","Foreigner","RVAR004102","1977","1977-03-26","release_year:1977","6","yes","canonical_album_tracks|canonical_album_tracks|canonical_album_tracks|canonical_album_tracks|canonical_album_tracks|canonical_album_tracks|canonical_album_tracks","no","0","30929","30936","30936"
"RVTR143887","RVAR004068","An Innocent Man","billy joel","30863","RVAL818859","An Innocent Man","RVAR004068","1983","1983-08-20","release_year:1983","2","yes","canonical_album_tracks|canonical_album_tracks|canonical_album_tracks|canonical_album_tracks|canonical_album_tracks","no","0","30862","30863","30863"
"RVTR144206","RVAR000918","I Want You","marvin gaye","23732","RVAL585441","Marvin Gaye Anthology","RVAR000918","1974","1974-04-20","release_year:1974","15","yes","canonical_album_tracks|canonical_track_album_links|canonical_album_tracks|canonical_album_tracks","no","1","23726","23732","23732"
"RVTR145177","RVAR006115","Love Like Winter","afi","35722","RVAL204409","Decemberunderground","RVAR006115","2006","2006-06-24","release_year:2006","6","yes","canonical_album_tracks|canonical_track_album_links","no","1","35719","35722","35722"
"RVTR146167","RVAR007929","Boogie Fever","The Sylvers","41259","RVAL331440","The Sylvers","RVAR007929","1973","1973-03-03","release_year:1973","1","yes","canonical_track_album_links|canonical_album_tracks","no","1","41257","41259","41259"
"RVTR146530","RVAR000939","Love And War","tamar braxton","23822","RVAL632003","Tamar","RVAR000939","2000","2000-04-08","release_year:2000","5","yes","canonical_track_album_links|canonical_album_tracks","no","1","23821","23822","23822"
"RVTR148613","RVAR005429","Creep","tlc","34269","RVAL819689","CrazySexyCool","RVAR005429","1994","1994-12-03","release_year:1994","2","yes","canonical_album_tracks|canonical_album_tracks|canonical_album_tracks","no","0","34267","34269","34269"
"RVTR148633","RVAR000918","I Heard It Through The Grapevine","marvin gaye","23736","RVAL372531","Marvin Gaye's Greatest Hits","RVAR000918","1964","1964-05-30","release_year:1964","4","yes","canonical_album_tracks|canonical_album_tracks|canonical_album_tracks|canonical_album_tracks|canonical_album_tracks|canonical_album_tracks|canonical_album_tracks|canonical_album_tracks|canonical_album_tracks","no","0","23722","23736","23736"
"RVTR148875","RVAR001763","Angel","aerosmith","25718","RVAL528248","Permanent Vacation","RVAR001763","1987","1987-09-19","release_year:1987","9","yes","canonical_album_tracks|canonical_album_tracks|canonical_album_tracks|canonical_album_tracks|canonical_album_tracks|canonical_album_tracks","no","0","25699","25718","25718"
"RVTR149505","RVAR001977","Nookie","limp bizkit","26195","RVAL261822","Significant Other","RVAR001977","1999","1999-07-10","release_year:1999","3","yes","canonical_track_album_links|canonical_album_tracks|canonical_album_tracks","no","1","26193","26195","26195"
"RVTR151942","RVAR007209","Mr Lonely","bobby vinton","39633","RVAL752915","Bobby Vinton's Greatest Hits","RVAR007209","1964","1964-10-03","release_year:1964","4","yes","canonical_album_tracks|canonical_album_tracks|canonical_album_tracks|canonical_album_tracks","no","0","39639","39633","39633"
"RVTR153770","RVAR008620","Don'T Want To Wait Anymore","The Tubes","42672","RVAL903432","The Tubes","RVAR008620","1975","1975-08-02","release_year:1975","4","yes","canonical_album_tracks|canonical_album_tracks","no","0","42671","42672","42672"
"RVTR154346","RVAR005868","No One Knows","queens of the stone age","35220","RVAL618016","Songs For The Deaf","RVAR005868","2002","2002-09-14","release_year:2002","13","yes","canonical_track_album_links|canonical_album_tracks","no","1","35218","35220","35220"
"RVTR155074","RVAR001047","Hitchcock Railway","jose feliciano","24082","RVAL684613","Souled","RVAR001047","1968","1968-12-07","release_year:1968","6","yes","canonical_album_tracks|canonical_album_tracks","no","0","24075","24082","24082"
"RVTR155432","RVAR008038","Slow Down","The Beatles","41432","RVAL819702","Something New","RVAR008038","1964","1964-08-08","release_year:1964","5","yes","canonical_album_tracks|canonical_album_tracks","no","0","41422","41432","41432"
"RVTR156175","RVAR003574","On The Floor","jennifer lopez","29826","RVAL176766","Love?","RVAR003574","2011","2011-05-21","release_year:2011","1","yes","canonical_album_tracks|canonical_album_tracks","no","0","29823","29826","29826"
"RVTR156685","RVAR006962","Cheaper To Keep Her","johnnie taylor","39175","RVAL452627","Johnnie Taylor's Greatest Hits","RVAR006962","1970","1970-12-19","release_year:1970","10","yes","canonical_album_tracks|canonical_album_tracks","no","0","39180","39175","39175"
"RVTR156690","RVAR002473","America","yes","27268","RVAL449620","Yesterdays","RVAR002473","1975","1975-03-22","release_year:1975","1","no","canonical_album_tracks|canonical_track_album_links","no","1","27255","27268",""
"RVTR157956","RVAR002502","In The Time Of Our Lives","iron butterfly","27320","RVAL029937","Heavy","RVAR002502","1968","1968-03-09","release_year:1968","17","yes","canonical_track_album_links|canonical_album_tracks","no","0","27319","27320","27320"
"RVTR158228","RVAR005441","Do Wacka Do","roger miller","34305","RVAL541536","The Return Of Roger Miller","RVAR005441","1965","1965-02-06","release_year:1965","1","yes","canonical_album_tracks|canonical_album_tracks","no","0","34302","34305","34305"
"RVTR159387","RVAR002454","Big Yellow Taxi","joni mitchell","27204","RVAL460648","Joni Mitchell","RVAR002454","1968","1968-05-18","release_year:1968","4","yes","canonical_album_tracks|canonical_track_album_links|canonical_album_tracks|canonical_album_tracks","no","1","27203","27204","27204"
"RVTR159716","RVAR000918","That'S The Way Love Is","marvin gaye","23732","RVAL585441","Marvin Gaye Anthology","RVAR000918","1974","1974-04-20","release_year:1974","11","yes","canonical_album_tracks|canonical_album_tracks|canonical_album_tracks","no","0","23722","23732","23732"
"RVTR159791","RVAR008038","Eleanor Rigby","The Beatles","41433","RVAL705816","Songs, Pictures And Stories Of The Fabulous Beatles","RVAR008038","1964","1964-10-31","release_year:1964","1","yes","canonical_album_tracks|canonical_album_tracks|canonical_album_tracks|canonical_album_tracks","no","0","41428","41433","41433"
"RVTR160669","RVAR004700","It'S All Coming Back To Me Now","celine dion","32383","RVAL788685","Falling Into You","RVAR004700","1996","1996-03-30","release_year:1996","5","yes","canonical_album_tracks|canonical_album_tracks|canonical_album_tracks","no","0","32381","32383","32383"
"RVTR160689","RVAR008432","Thank You Baby","The Stylistics","42260","RVAL756888","The Best Of The Stylistics","RVAR008432","1975","1975-02-22","release_year:1975","3","yes","canonical_album_tracks|canonical_album_tracks","no","0","42259","42260","42260"
"RVTR161461","RVAR004448","One Night Affair","jerry butler","31703","RVAL409793","The Best Of Jerry Butler","RVAR004448","1970","1970-06-27","release_year:1970","7","yes","canonical_track_album_links|canonical_album_tracks","no","1","31707","31703","31703"
"RVTR161517","RVAR007096","You Shouldn'T Kiss Me Like This","toby keith","39414","RVAL632677","Toby Keith","RVAR007096","1993","1993-05-15","release_year:1993","27","yes","canonical_album_tracks|canonical_album_tracks|canonical_album_tracks","no","0","39408","39414","39414"
"RVTR162739","RVAR006296","Daniel","elton john","37614","RVAL077962","Don't Shoot Me I'm Only The Piano Player","RVAR006296","1973","1973-02-10","release_year:1973","1","yes","canonical_album_tracks|canonical_album_tracks|canonical_album_tracks|canonical_album_tracks|canonical_album_tracks|canonical_album_tracks","no","0","37613","37614","37614"
"RVTR162960","RVAR000454","Southernplayalisticadillacmuzik","outkast","22737","RVAL556307","Southernplayalisticadillacmuzik","RVAR000454","1994","1994-05-14","release_year:1994","4","yes","canonical_album_tracks|canonical_album_tracks","no","0","22735","22737","22735"
"RVTR163713","RVAR005429","Baby Baby Baby","tlc","34272","RVAL379857","Ooooooohhh. . .On The TLC Tip","RVAR005429","1992","1992-03-14","release_year:1992","4","yes","canonical_album_tracks|canonical_album_tracks","no","0","34271","34272","34272"
"RVTR165330","RVAR008296","Brazil","The Ritchie Family","42012","RVAL355671","Brazil","RVAR008296","1975","1975-10-04","release_year:1975","3","yes","canonical_track_album_links|canonical_album_tracks","no","1","42009","42012","42009"
"RVTR166183","RVAR006555","Running Scared","roy orbison","38256","RVAL364914","Roy Orbison's Greatest Hits","RVAR006555","1963","1963-01-05","release_year:1963","5","yes","canonical_album_tracks|canonical_album_tracks|canonical_album_tracks|canonical_album_tracks","no","0","38247","38256","38256"
"RVTR167215","RVAR003375","Always Be My Baby","mariah carey","29207","RVAL302879","Daydream","RVAR003375","1995","1995-10-21","release_year:1995","5","yes","canonical_album_tracks|canonical_album_tracks|canonical_album_tracks|canonical_album_tracks","no","0","29202","29207","29207"
"RVTR167344","RVAR005729","When Somebody Loves You","alan jackson","34908","RVAL098514","When Somebody Loves You","RVAR005729","2000","2000-11-25","release_year:2000","2","yes","canonical_album_tracks|canonical_album_tracks","no","0","34901","34908","34908"
"RVTR167454","RVAR007934","Last Train To Clarksville","The Monkees","41292","RVAL397966","The Monkees","RVAR007934","1966","1966-10-08","release_year:1966","7","yes","canonical_album_tracks|canonical_album_tracks|canonical_album_tracks|canonical_album_tracks|canonical_album_tracks","no","0","41281","41292","41292"
"RVTR168657","RVAR008809","The Voice","The Moody Blues","42995","RVAL772279","Long Distance Voyager","RVAR008809","1981","1981-06-13","release_year:1981","3","yes","canonical_track_album_links|canonical_album_tracks|canonical_album_tracks","no","1","42987","42995","42995"
"RVTR169699","RVAR008432","You Make Me Feel Brand New","The Stylistics","42257","RVAL646370","Rockin' Roll Baby","RVAR008432","1973","1973-11-24","release_year:1973","9","yes","canonical_album_tracks|canonical_album_tracks|canonical_album_tracks","no","0","42256","42257","42257"
"RVTR170075","RVAR003458","Frankie And Johnny","sam cooke","29591","RVAL996082","Sam Cooke At The Copa","RVAR003458","1964","1964-10-31","release_year:1964","5","yes","canonical_album_tracks|canonical_album_tracks","no","0","29595","29591","29591"
"RVTR170353","RVAR000918","Trouble Man","marvin gaye","23736","RVAL372531","Marvin Gaye's Greatest Hits","RVAR000918","1964","1964-05-30","release_year:1964","9","yes","canonical_album_tracks|canonical_album_tracks|canonical_album_tracks|canonical_album_tracks|canonical_album_tracks|canonical_album_tracks","no","0","23722","23736","23736"
"RVTR171042","RVAR000918","Hitch Hike","marvin gaye","23732","RVAL585441","Marvin Gaye Anthology","RVAR000918","1974","1974-04-20","release_year:1974","33","yes","canonical_track_album_links|canonical_album_tracks","no","1","23723","23732","23732"
"RVTR172402","RVAR001165","The Night They Drove Old Dixie Down","joan baez","24353","RVAL582848","Best Of Joan Baez","RVAR001165","1963","1963-11-23","release_year:1963","1","yes","canonical_album_tracks|canonical_album_tracks|canonical_album_tracks","no","0","24354","24353","24353"
"RVTR172775","RVAR003458","Cupid","sam cooke","29594","RVAL776796","The Best Of Sam Cooke","RVAR003458","1965","1965-01-30","release_year:1965","8","yes","canonical_album_tracks|canonical_album_tracks|canonical_album_tracks","no","0","29596","29594","29594"
"RVTR172833","RVAR007934","A Little Bit Me A Little Bit You","The Monkees","41294","RVAL606003","The Monkees' Greatest Hits","RVAR007934","1986","1986-05-03","release_year:1986","6","yes","canonical_album_tracks|canonical_album_tracks|canonical_album_tracks|canonical_album_tracks","no","0","41281","41294","41294"
"RVTR172975","RVAR008735","Little Deuce Coupe","The Beach Boys","42889","RVAL999334","Surfer Girl","RVAR008735","1963","1963-10-12","release_year:1963","6","yes","canonical_album_tracks|canonical_album_tracks|canonical_album_tracks|canonical_track_album_links|canonical_album_tracks|canonical_album_tracks|canonical_album_tracks|canonical_album_tracks","no","1","42861","42889","42889"
"RVTR173036","RVAR005399","Me And Bobby Mcgee","janis joplin","34203","RVAL867468","Janis Joplin's Greatest Hits","RVAR005399","1973","1973-07-14","release_year:1973","5","yes","canonical_album_tracks|canonical_album_tracks|canonical_album_tracks","no","1","34202","34203","34203"
"RVTR174542","RVAR003283","Shake Me Wake Me When It'S Over","four tops","29010","RVAL648616","Four Tops","RVAR003283","1965","1965-02-27","release_year:1965","2","yes","canonical_album_tracks|canonical_album_tracks|canonical_album_tracks","no","0","29007","29010","29010"
"RVTR174652","RVAR003375","Touch My Body","mariah carey","29211","RVAL094393","Greatest Hits","RVAR003375","2001","2001-12-22","release_year:2001","2","yes","canonical_album_tracks|canonical_album_tracks|canonical_track_album_links","no","1","29203","29211","29211"
"RVTR177036","RVAR005731","Good Times Bad Times","led zeppelin","34919","RVAL269250","Led Zeppelin","RVAR005731","1969","1969-02-15","release_year:1969","1","yes","canonical_album_tracks|canonical_album_tracks|canonical_track_album_links|canonical_album_tracks|canonical_album_tracks|canonical_album_tracks|canonical_album_tracks","no","1","34911","34919","34919"
"RVTR177214","RVAR002438","Come Get It","selena gomez","27166","RVAL106770","Stars Dance","RVAR002438","2013","2013-08-10","release_year:2013","5","yes","canonical_album_tracks|canonical_album_tracks","no","0","27164","27166","27166"
"RVTR177353","RVAR001855","You Said A Bad Word","joe tex","25897","RVAL518131","The Best Of Joe Tex","RVAR001855","1967","1967-09-02","release_year:1967","2","yes","canonical_track_album_links|canonical_album_tracks","no","1","25894","25897","25897"
"RVTR178675","RVAR005769","Seven Year Ache","rosanne cash","35002","RVAL841518","Seven Year Ache","RVAR005769","1981","1981-03-28","release_year:1981","2","yes","canonical_album_tracks|canonical_album_tracks","no","0","34997","35002","35002"
"RVTR181601","RVAR001978","Have I Told You Lately","rod stewart","26222","RVAL332073","Rod Stewart Greatest Hits","RVAR001978","1979","1979-11-24","release_year:1979","3","yes","canonical_track_album_links|canonical_album_tracks|canonical_album_tracks|canonical_album_tracks","no","1","26239","26222","26222"
"RVTR182308","RVAR002098","Didn'T You Know How Much I Loved You","kellie pickler","26429","RVAL006573","Small Town Girl","RVAR002098","2006","2006-11-18","release_year:2006","4","yes","canonical_album_tracks|canonical_album_tracks","no","0","26428","26429","26429"
"RVTR184792","RVAR001494","Little Marie","chuck berry","25179","RVAL187264","St. Louis To Liverpool","RVAR001494","1964","1964-12-12","release_year:1964","11","yes","canonical_track_album_links|canonical_album_tracks","no","1","25177","25179","25179"
"RVTR185177","RVAR004220","Reeling In The Years","steely dan","31218","RVAL749569","Greatest Hits","RVAR004220","1978","1978-11-18","release_year:1978","2","yes","canonical_album_tracks|canonical_track_album_links","no","1","31210","31218","31218"
"RVTR185267","RVAR006371","Love My Way","psychedelic furs","37772","RVAL721673","Forever Now","RVAR006371","1982","1982-11-13","release_year:1982","9","yes","canonical_album_tracks|canonical_album_tracks","no","0","37771","37772","37772"
"RVTR186653","RVAR008545","American Music","The Pointer Sisters","42503","RVAL029530","The Best Of The Pointer Sisters","RVAR008545","1976","1976-12-04","release_year:1976","9","yes","canonical_album_tracks|canonical_album_tracks","no","0","42499","42503","42503"
"RVTR186895","RVAR000855","Autumn Of My Life","bobby goldsboro","23506","RVAL297697","Bobby Goldsboro's Greatest Hits","RVAR000855","1970","1970-07-04","release_year:1970","9","yes","canonical_album_tracks|canonical_track_album_links","no","1","23511","23506","23506"
"RVTR188048","RVAR003837","Speak","godsmack","30447","RVAL128242","IV","RVAR003837","2006","2006-05-13","release_year:2006","2","yes","canonical_album_tracks|canonical_track_album_links|canonical_album_tracks","no","0","30446","30447","30446"
"RVTR188591","RVAR001066","Loca","shakira","24150","RVAL662312","Live & Off The Record","RVAR001066","2004","2004-04-17","release_year:2004","1","yes","canonical_album_tracks|canonical_track_album_links","no","0","24153","24150","24150"
"RVTR190647","RVAR008443","Heart Of Stone","The Rolling Stones","42316","RVAL244935","The Rolling Stones, Now!","RVAR008443","1965","1965-03-20","release_year:1965","4","yes","canonical_album_tracks|canonical_album_tracks|canonical_album_tracks|canonical_album_tracks|canonical_album_tracks|canonical_album_tracks|canonical_album_tracks","no","0","42274","42316","42316"
"RVTR191135","RVAR004068","We Didn'T Start The Fire","billy joel","30875","RVAL676898","Storm Front","RVAR004068","1989","1989-11-04","release_year:1989","2","yes","canonical_album_tracks|canonical_album_tracks","no","0","30860","30875","30875"
"RVTR193154","RVAR001650","Hopelessly Devoted To You","olivia newton-john","25484","RVAL540027","Olivia's Greatest Hits, Vol. 2","RVAR001650","1982","1982-10-09","release_year:1982","4","yes","canonical_album_tracks|canonical_track_album_links|canonical_album_tracks","no","1","25471","25484","25484"
"RVTR193201","RVAR005157","Just A Little Bit Longer","maxi priest","33610","RVAL577886","Maxi Priest","RVAR005157","1988","1988-12-03","release_year:1988","5","yes","canonical_album_tracks|canonical_track_album_links|canonical_album_tracks","no","1","33607","33610","33610"
"RVTR193996","RVAR002301","Talking Back To The Night","steve winwood","26789","RVAL662037","Talking Back To The Night","RVAR002301","1982","1982-08-21","release_year:1982","5","yes","canonical_track_album_links|canonical_album_tracks","no","1","26783","26789","26789"
"RVTR195695","RVAR005441","England Swings","roger miller","34300","RVAL042069","Golden Hits","RVAR005441","1965","1965-11-13","release_year:1965","7","yes","canonical_album_tracks|canonical_album_tracks","no","0","34302","34300","34300"
"RVTR195978","RVAR003700","Here Without You","3 doors down","30140","RVAL850339","Away From The Sun","RVAR003700","2002","2002-11-30","release_year:2002","6","yes","canonical_album_tracks|canonical_album_tracks|canonical_album_tracks","no","0","30139","30140","30140"
"RVTR196202","RVAR008038","Ticket To Ride","The Beatles","41408","RVAL816329","Help! (Soundtrack)","RVAR008038","1965","1965-08-28","release_year:1965","12","yes","canonical_album_tracks|canonical_album_tracks|canonical_album_tracks|canonical_album_tracks|canonical_album_tracks|canonical_album_tracks|canonical_album_tracks","no","0","41398","41408","41408"
"RVTR196738","RVAR008069","Lola","The Kinks","41550","RVAL089629","Lola Versus Powerman And The Moneygoround, Part One","RVAR008069","1970","1970-12-26","release_year:1970","5","yes","canonical_album_tracks|canonical_album_tracks|canonical_album_tracks","no","0","41542","41550","41550"
"RVTR196778","RVAR003797","Limelight","rush","30332","RVAL134383","Moving Pictures","RVAR003797","1981","1981-03-07","release_year:1981","4","yes","canonical_album_tracks|canonical_album_tracks|canonical_album_tracks|canonical_album_tracks","no","0","30321","30332","30332"
"RVTR197747","RVAR006507","Jingle Bells","frank sinatra","38154","RVAL056353","The Christmas Collection","RVAR006507","2004","2004-11-27","release_year:2004","1","yes","canonical_album_tracks|canonical_album_tracks|canonical_album_tracks|canonical_album_tracks","no","0","38110","38154","38154"
"RVTR198319","RVAR003650","Going Home","kenny g","30019","RVAL317393","Live","RVAR003650","1989","1989-12-09","release_year:1989","1","yes","canonical_album_tracks|canonical_album_tracks","no","0","30018","30019","30019"
"RVTR199132","RVAR004977","The Family Of Man","three dog night","33140","RVAL959583","Harmony","RVAR004977","1971","1971-10-23","release_year:1971","9","yes","canonical_album_tracks|canonical_album_tracks|canonical_track_album_links","no","1","33135","33140","33140"
"RVTR199982","RVAR004102","I Want To Know What Love Is","foreigner","30930","RVAL957790","Agent Provocateur","RVAR004102","1985","1985-01-05","release_year:1985","3","yes","canonical_album_tracks|canonical_album_tracks|canonical_album_tracks","no","0","30929","30930","30930"
"RVTR199989","RVAR005766","Macarthur Park","donna summer","34988","RVAL778198","On The Radio: Greatest Hits: Volumes I & II","RVAR005766","1979","1979-11-03","release_year:1979","10","yes","canonical_album_tracks|canonical_album_tracks|canonical_album_tracks|canonical_album_tracks|canonical_album_tracks|canonical_album_tracks","no","0","34980","34988","34988"
"RVTR200100","RVAR006494","The Last Waltz","engelbert humperdinck","38073","RVAL115504","The Last Waltz","RVAR006494","1967","1967-12-23","release_year:1967","1","yes","canonical_album_tracks|canonical_track_album_links","no","1","38065","38073","38073"
"RVTR201023","RVAR003898","No Doubt About It","neal mccoy","30571","RVAL053092","No Doubt About It","RVAR003898","1994","1994-02-26","release_year:1994","5","yes","canonical_track_album_links|canonical_album_tracks|canonical_album_tracks","no","1","30570","30571","30571"
"RVTR201147","RVAR000175","Changes","david bowie","22193","RVAL356341","Hunky Dory","RVAR000175","1972","1972-04-15","release_year:1972","1","yes","canonical_album_tracks|canonical_album_tracks|canonical_album_tracks|canonical_album_tracks|canonical_album_tracks|canonical_album_tracks|canonical_album_tracks|canonical_album_tracks|canonical_album_tracks","no","0","22180","22193","22193"
"RVTR201303","RVAR007314","Shaker Song","spyro gyra","39853","RVAL845109","Spyro Gyra","RVAR007314","1978","1978-05-20","release_year:1978","12","yes","canonical_album_tracks|canonical_album_tracks","no","0","39841","39853","39853"
"RVTR204155","RVAR003135","Love Lifted Me","kenny rogers","28671","RVAL143822","Ten Years Of Gold","RVAR003135","1978","1978-02-04","release_year:1978","2","yes","canonical_track_album_links|canonical_album_tracks|canonical_album_tracks","no","1","28647","28671","28671"
"RVTR204490","RVAR000927","I'M Coming Out","diana ross","23780","RVAL974586","Diana Ross Anthology","RVAR000927","1983","1983-06-11","release_year:1983","31","yes","canonical_album_tracks|canonical_album_tracks|canonical_album_tracks","no","1","23792","23780","23780"
"RVTR204718","RVAR000927","I Thought It Took A Little Time But Today I Fell In Love","diana ross","23782","RVAL163215","Diana Ross' Greatest Hits","RVAR000927","1976","1976-08-07","release_year:1976","4","yes","canonical_album_tracks|canonical_album_tracks","no","0","23780","23782","23782"
"RVTR204764","RVAR000894","At Last","etta james","23617","RVAL801397","Etta James Top Ten","RVAR000894","1963","1963-08-24","release_year:1963","2","yes","canonical_album_tracks|canonical_album_tracks|canonical_album_tracks|canonical_album_tracks|canonical_album_tracks","no","0","23613","23617","23617"
"RVTR204919","RVAR000001","Best Of My Love","Eagles","21687","RVAL942174","Their Greatest Hits 1971-1975","RVAR000001","1976","1976-03-06","release_year:1976","10","yes","canonical_album_tracks|canonical_album_tracks|canonical_album_tracks|canonical_album_tracks","no","0","21679","21687","21687"
"RVTR205493","RVAR005441","King Of The Road","roger miller","34305","RVAL541536","The Return Of Roger Miller","RVAR005441","1965","1965-02-06","release_year:1965","8","yes","canonical_album_tracks|canonical_album_tracks|canonical_album_tracks","no","0","34302","34305","34305"
"RVTR206284","RVAR008545","Goldmine","The Pointer Sisters","42503","RVAL029530","The Best Of The Pointer Sisters","RVAR008545","1976","1976-12-04","release_year:1976","10","yes","canonical_album_tracks|canonical_album_tracks","no","0","42494","42503","42503"
"RVTR207052","RVAR001494","No Particular Place To Go","chuck berry","25179","RVAL187264","St. Louis To Liverpool","RVAR001494","1964","1964-12-12","release_year:1964","13","yes","canonical_track_album_links|canonical_album_tracks|canonical_album_tracks","no","1","25177","25179","25179"
"RVTR207175","RVAR004337","Take Me Down","alabama","31468","RVAL721563","Mountain Music","RVAR004337","1982","1982-03-13","release_year:1982","6","yes","canonical_album_tracks|canonical_album_tracks|canonical_album_tracks|canonical_album_tracks","no","0","31459","31468","31468"
"RVTR208220","RVAR006847","Backyard","pebbles","38906","RVAL818179","Pebbles","RVAR006847","1988","1988-02-13","release_year:1988","5","yes","canonical_album_tracks|canonical_track_album_links","no","1","38905","38906","38906"
"RVTR208490","RVAR005511","L A Woman","billy idol","34440","RVAL447337","Rebel Yell","RVAR005511","1983","1983-12-03","release_year:1983","10","yes","canonical_album_tracks|canonical_track_album_links","no","1","34433","34440","34440"
"RVTR208544","RVAR005731","Immigrant Song","led zeppelin","34923","RVAL058141","Led Zeppelin III","RVAR005731","1970","1970-10-24","release_year:1970","1","yes","canonical_album_tracks|canonical_album_tracks|canonical_track_album_links|canonical_album_tracks|canonical_album_tracks|canonical_album_tracks|canonical_album_tracks","no","1","34916","34923","34923"
"RVTR209451","RVAR005078","Freeway Of Love","aretha franklin","33392","RVAL937267","Who's Zoomin' Who?","RVAR005078","1985","1985-07-27","release_year:1985","6","yes","canonical_track_album_links|canonical_album_tracks|canonical_album_tracks","no","1","33363","33392","33392"
"RVTR210408","RVAR000927","Remember Me","diana ross","23783","RVAL630429","Diana!","RVAR000927","1971","1971-04-24","release_year:1971","7","yes","canonical_album_tracks|canonical_album_tracks|canonical_album_tracks|canonical_album_tracks","no","0","23776","23783","23783"
"RVTR210771","RVAR007695","You Better Run","pat benatar","40536","RVAL145844","Crimes Of Passion","RVAR007695","1980","1980-08-23","release_year:1980","9","yes","canonical_track_album_links|canonical_album_tracks","no","1","40534","40536","40536"
"RVTR210952","RVAR006764","Always On Time","ja rule","38745","RVAL564838","Pain Is Love","RVAR006764","2001","2001-10-20","release_year:2001","5","yes","canonical_album_tracks|canonical_album_tracks","no","0","38744","38745","38745"
"RVTR215386","RVAR002362","Vacation","go-go's","26938","RVAL483215","Vacation","RVAR002362","1982","1982-08-14","release_year:1982","1","yes","canonical_album_tracks|canonical_album_tracks","no","0","26935","26938","26938"
"RVTR215390","RVAR008273","I Can See For Miles","The Who","41966","RVAL628126","The Who Sell Out","RVAR008273","1968","1968-01-06","release_year:1968","6","yes","canonical_album_tracks|canonical_album_tracks|canonical_album_tracks|canonical_album_tracks|canonical_album_tracks|canonical_album_tracks|canonical_album_tracks","no","0","41953","41966","41966"
"RVTR216905","RVAR002420","Wish You Were Here","mark wills","27148","RVAL385554","Greatest Hits","RVAR002420","1964","1964-05-30","release_year:1964","5","yes","canonical_album_tracks|canonical_album_tracks","no","0","27151","27148","27148"
"RVTR217403","RVAR002454","Carey","joni mitchell","27204","RVAL460648","Joni Mitchell","RVAR002454","1968","1968-05-18","release_year:1968","4","yes","canonical_track_album_links|canonical_album_tracks|canonical_album_tracks","no","1","27192","27204","27204"
"RVTR217416","RVAR003794","The Way I Am","eminem","30311","RVAL215279","The Marshall Mathers LP","RVAR003794","2000","2000-06-10","release_year:2000","7","yes","canonical_album_tracks|canonical_album_tracks","no","0","30304","30311","30311"
"RVTR217449","RVAR001609","My Prerogative","bobby brown","25395","RVAL521028","Don't Be Cruel","RVAR001609","1988","1988-07-23","release_year:1988","3","yes","canonical_album_tracks|canonical_album_tracks|canonical_track_album_links","no","0","25393","25395","25395"
"RVTR219396","RVAR002304","You Are The Sunshine Of My Life","stevie wonder","26816","RVAL502887","Talking Book","RVAR002304","1972","1972-11-18","release_year:1972","1","yes","canonical_track_album_links|canonical_album_tracks|canonical_album_tracks|canonical_album_tracks","no","1","26810","26816","26816"
"RVTR219921","RVAR008453","That'S Where The Happy People Go","The Trammps","42330","RVAL043172","Where The Happy People Go","RVAR008453","1976","1976-05-15","release_year:1976","5","yes","canonical_album_tracks|canonical_album_tracks|canonical_album_tracks","no","0","42326","42330","42330"
"RVTR220419","RVAR000785","Smokin' Room","carl carlton","23353","RVAL330810","Everlasting Love","RVAR000785","1975","1975-01-18","release_year:1975","8","yes","canonical_album_tracks|canonical_album_tracks","no","0","23352","23353","23352"
"RVTR220931","RVAR000918","Ain'T That Peculiar","marvin gaye","23732","RVAL585441","Marvin Gaye Anthology","RVAR000918","1974","1974-04-20","release_year:1974","4","yes","canonical_album_tracks|canonical_album_tracks|canonical_album_tracks|canonical_album_tracks|canonical_album_tracks","no","0","23722","23732","23732"
"RVTR221779","RVAR000355","Survivor","destiny's child","22550","RVAL798279","Survivor","RVAR000355","2001","2001-05-19","release_year:2001","5","yes","canonical_track_album_links|canonical_album_tracks","no","1","22544","22550","22550"
"RVTR221913","RVAR000533","The Race Is On","george jones","22869","RVAL454578","The Race Is On","RVAR000533","1965","1965-06-26","release_year:1965","1","yes","canonical_album_tracks|canonical_album_tracks|canonical_album_tracks|canonical_album_tracks|canonical_album_tracks|canonical_album_tracks","no","0","22854","22869","22864"
"RVTR222374","RVAR000924","One Hundred Ways","quincy jones","23763","RVAL605546","The Dude","RVAR000924","1981","1981-04-04","release_year:1981","7","yes","canonical_album_tracks|canonical_album_tracks","no","0","23752","23763","23763"
"RVTR222440","RVAR007599","It Was Almost Like A Song","ronnie milsap","40343","RVAL895150","It Was Almost Like A Song","RVAR007599","1977","1977-09-10","release_year:1977","6","yes","canonical_track_album_links|canonical_album_tracks|canonical_album_tracks","no","1","40336","40343","40343"
"RVTR223172","RVAR005766","On The Radio","donna summer","34988","RVAL778198","On The Radio: Greatest Hits: Volumes I & II","RVAR005766","1979","1979-11-03","release_year:1979","1","yes","canonical_album_tracks|canonical_album_tracks|canonical_album_tracks|canonical_album_tracks|canonical_album_tracks","no","0","34980","34988","34988"
"RVTR224302","RVAR003470","Theme From Shaft","isaac hayes","29614","RVAL289912","Live At The Sahara Tahoe","RVAR003470","1973","1973-05-19","release_year:1973","1","yes","canonical_album_tracks|canonical_album_tracks","no","0","29621","29614","29614"
"RVTR225025","RVAR003391","Turn Your Love Around","george benson","29270","RVAL134107","The George Benson Collection","RVAR003391","1981","1981-11-21","release_year:1981","1","yes","canonical_album_tracks|canonical_album_tracks","no","0","29271","29270","29270"
"RVTR225758","RVAR002912","Talk Dirty","jason derulo","28191","RVAL850699","Talk Dirty","RVAR002912","2014","2014-05-03","release_year:2014","1","yes","canonical_album_tracks|canonical_album_tracks","no","0","28190","28191","28191"
"RVTR226295","RVAR006442","All Those Years Ago","george harrison","37896","RVAL993179","Somewhere In England","RVAR006442","1981","1981-06-20","release_year:1981","4","yes","canonical_album_tracks|canonical_album_tracks","no","0","37893","37896","37896"
"RVTR227252","RVAR004102","Say You Will","foreigner","30938","RVAL910419","Inside Information","RVAR004102","1987","1987-12-26","release_year:1987","10","yes","canonical_track_album_links|canonical_album_tracks|canonical_album_tracks|canonical_album_tracks","no","1","30929","30938","30938"
"RVTR227472","RVAR008752","Have You Seen Her","The Chi-lites","42920","RVAL282495","The Chi-Lites Greatest Hits","RVAR008752","1972","1972-10-21","release_year:1972","16","yes","canonical_album_tracks|canonical_album_tracks|canonical_album_tracks","no","0","42916","42920","42920"
"RVTR228363","RVAR000918","Distant Lover","marvin gaye","23729","RVAL967476","Let's Get It On","RVAR000918","1973","1973-09-15","release_year:1973","6","yes","canonical_album_tracks|canonical_album_tracks|canonical_album_tracks|canonical_album_tracks","no","0","23722","23729","23729"
"RVTR229363","RVAR001411","Live To Tell","madonna","24933","RVAL341625","True Blue","RVAR001411","1986","1986-07-19","release_year:1986","4","yes","canonical_album_tracks|canonical_album_tracks|canonical_album_tracks","no","0","24929","24933","24933"
"RVTR229929","RVAR000919","Scary Monsters And Nice Sprites","skrillex","23749","RVAL385667","Scary Monsters And Nice Sprites (EP)","RVAR000919","2011","2011-06-18","release_year:2011","8","yes","canonical_track_album_links|canonical_album_tracks","no","6","23747","23749","23749"
"RVTR229988","RVAR005198","Dinah Flo","boz scaggs","33758","RVAL180102","My Time","RVAR005198","1972","1972-09-23","release_year:1972","5","yes","canonical_track_album_links|canonical_album_tracks","no","1","33754","33758","33758"
"RVTR231441","RVAR000012","I Want Your Love","chic","21697","RVAL564063","Chic","RVAR000012","1977","1977-12-17","release_year:1977","3","yes","canonical_album_tracks|canonical_album_tracks","no","0","21696","21697","21697"
"RVTR231525","RVAR008735","Fun Fun Fun","The Beach Boys","42878","RVAL989807","Shut Down, Volume 2","RVAR008735","1964","1964-04-11","release_year:1964","1","yes","canonical_album_tracks|canonical_album_tracks|canonical_album_tracks|canonical_track_album_links|canonical_album_tracks|canonical_album_tracks|canonical_album_tracks","no","1","42861","42878","42878"
"RVTR233703","RVAR008443","Get Off Of My Cloud","The Rolling Stones","42278","RVAL928360","December's Children (And Everybody's)","RVAR008443","1965","1965-12-11","release_year:1965","7","yes","canonical_album_tracks|canonical_album_tracks|canonical_album_tracks|canonical_album_tracks|canonical_album_tracks|canonical_album_tracks|canonical_album_tracks","no","0","42274","42278","42278"
"RVTR235093","RVAR004161","Paper In Fire","john mellencamp","31086","RVAL745632","The Lonesome Jubilee","RVAR004161","1987","1987-09-19","release_year:1987","8","yes","canonical_album_tracks|canonical_album_tracks|canonical_album_tracks","no","0","31085","31086","31086"
"RVTR235953","RVAR004874","Freedom","jimi hendrix","32820","RVAL820805","The Cry Of Love","RVAR004874","1971","1971-03-06","release_year:1971","1","yes","canonical_album_tracks|canonical_album_tracks|canonical_album_tracks|canonical_album_tracks","no","0","32804","32820","32820"
"RVTR235955","RVAR004068","A Matter Of Trust","billy joel","30877","RVAL726766","The Bridge","RVAR004068","1986","1986-08-16","release_year:1986","3","yes","canonical_album_tracks|canonical_album_tracks|canonical_album_tracks|canonical_album_tracks","no","0","30862","30877","30877"
"RVTR236149","RVAR003375","Vision Of Love","mariah carey","29212","RVAL957393","Mariah Carey","RVAR003375","1990","1990-06-30","release_year:1990","1","yes","canonical_album_tracks|canonical_album_tracks|canonical_album_tracks|canonical_album_tracks","no","0","29203","29212","29212"
"RVTR236609","RVAR004102","Dirty White Boy","foreigner","30937","RVAL702413","Head Games","RVAR004102","1979","1979-09-29","release_year:1979","1","yes","canonical_album_tracks|canonical_album_tracks|canonical_album_tracks|canonical_album_tracks|canonical_album_tracks|canonical_album_tracks|canonical_album_tracks|canonical_album_tracks","no","0","30929","30937","30937"
"RVTR238822","RVAR007209","To Know You Is To Love You","bobby vinton","39634","RVAL850517","Bobby Vinton's Greatest Hits Of Love","RVAR007209","1970","1970-01-17","release_year:1970","9","yes","canonical_album_tracks|canonical_album_tracks","no","0","39627","39634","39634"
"RVTR239598","RVAR006833","Come To Me","otis redding","38872","RVAL305703","The Great Otis Redding Sings Soul Ballads","RVAR006833","1965","1965-04-10","release_year:1965","9","yes","canonical_album_tracks|canonical_album_tracks|canonical_album_tracks","no","0","38863","38872","38872"
"RVTR240384","RVAR001448","If You Let Me","eddie kendricks","25021","RVAL129553","People...Hold On","RVAR001448","1972","1972-06-03","release_year:1972","1","yes","canonical_album_tracks|canonical_album_tracks","no","0","25017","25021","25021"
"RVTR241213","RVAR000018","Plain Jane","sammy hagar","21721","RVAL536085","Street Machine","RVAR000018","1979","1979-09-08","release_year:1979","5","yes","canonical_album_tracks|canonical_album_tracks","no","0","21717","21721","21721"
"RVTR243782","RVAR004638","Dna","bts","32121","RVAL452465","Love Yourself: Her","RVAR004638","2017","2017-10-07","release_year:2017","2","yes","canonical_album_tracks|canonical_track_album_links","no","1","32120","32121","32121"
"RVTR244804","RVAR006115","Miss Murder","afi","35722","RVAL204409","Decemberunderground","RVAR006115","2006","2006-06-24","release_year:2006","3","yes","canonical_album_tracks|canonical_track_album_links","no","1","35719","35722","35722"
"RVTR245782","RVAR002699","I Still Haven'T Found What I'M Looking For","u2","27648","RVAL016155","Rattle And Hum (Soundtrack)","RVAR002699","1988","1988-10-29","release_year:1988","5","yes","canonical_album_tracks|canonical_album_tracks|canonical_album_tracks","no","0","27652","27648","27648"
"RVTR246813","RVAR007576","Fields Of Gold","sting","40289","RVAL752002","Ten Summoner's Tales","RVAR007576","1993","1993-03-27","release_year:1993","3","yes","canonical_album_tracks|canonical_album_tracks|canonical_album_tracks|canonical_album_tracks","no","0","40279","40289","40289"
"RVTR247485","RVAR003758","Tears In Heaven","eric clapton","30252","RVAL403124","Unplugged","RVAR003758","1992","1992-09-12","release_year:1992","4","yes","canonical_album_tracks|canonical_album_tracks|canonical_album_tracks|canonical_album_tracks|canonical_album_tracks","no","0","30223","30252","30252"
"RVTR248495","RVAR005857","Love Me Good","michael w. smith","35190","RVAL798240","Live The Life","RVAR005857","1998","1998-05-16","release_year:1998","2","yes","canonical_album_tracks|canonical_album_tracks","no","0","35195","35190","35190"
"RVTR248554","RVAR001659","Work","iggy azalea","25523","RVAL771387","The New Classic","RVAR001659","2014","2014-05-10","release_year:2014","7","yes","canonical_album_tracks|canonical_album_tracks","no","0","25521","25523","25523"
"RVTR249801","RVAR006492","Changes In Latitudes Changes In Attitudes","jimmy buffett","38032","RVAL137383","Changes In Latitudes, Changes In Attitudes","RVAR006492","1977","1977-02-12","release_year:1977","1","yes","canonical_album_tracks|canonical_album_tracks|canonical_album_tracks|canonical_album_tracks","no","0","38028","38032","38032"
"RVTR250327","RVAR004609","Solsbury Hill","peter gabriel","32068","RVAL442498","Peter Gabriel (Security)","RVAR004609","1982","1982-10-02","release_year:1982","2","yes","canonical_album_tracks|canonical_album_tracks|canonical_album_tracks|canonical_album_tracks|canonical_album_tracks|canonical_album_tracks","no","0","32062","32068","32068"
"RVTR250881","RVAR007279","Stupid Girl","garbage","39785","RVAL582600","Garbage","RVAR007279","1995","1995-09-30","release_year:1995","8","yes","canonical_album_tracks|canonical_track_album_links","no","1","39782","39785","39785"
"RVTR250947","RVAR006764","Put It On Me","ja rule","38748","RVAL980766","Rule 3:36","RVAR006764","2000","2000-10-28","release_year:2000","4","yes","canonical_album_tracks|canonical_album_tracks","no","0","38744","38748","38748"
"RVTR251779","RVAR004448","Never Give You Up","jerry butler","31706","RVAL884828","The Soul Goes On","RVAR004448","1968","1968-07-27","release_year:1968","1","yes","canonical_album_tracks|canonical_album_tracks|canonical_track_album_links","no","1","31704","31706","31706"
"RVTR251916","RVAR008620","Don'T Touch Me There","The Tubes","42674","RVAL467058","Young And Rich","RVAR008620","1976","1976-05-15","release_year:1976","5","yes","canonical_album_tracks|canonical_album_tracks|canonical_album_tracks","no","0","42670","42674","42674"
"RVTR251997","RVAR004669","Alabama Getaway","grateful dead","32303","RVAL089621","Go To Heaven","RVAR004669","1980","1980-05-17","release_year:1980","1","yes","canonical_album_tracks|canonical_album_tracks|canonical_album_tracks","no","0","32302","32303","32303"
"RVTR252280","RVAR006021","Yank Me Crank Me","ted nugent","35535","RVAL594321","Double Live, Gonzo","RVAR006021","1978","1978-02-11","release_year:1978","2","yes","canonical_album_tracks|canonical_track_album_links","no","0","35537","35535","35535"
"RVTR252292","RVAR006844","Department Of Youth","alice cooper","38904","RVAL747313","Welcome To My Nightmare","RVAR006844","1975","1975-03-22","release_year:1975","6","yes","canonical_album_tracks|canonical_track_album_links","no","1","38903","38904","38904"
"RVTR252327","RVAR005102","Gentle On My Mind","glen campbell","33439","RVAL196009","Gentle On My Mind","RVAR005102","1967","1967-12-02","release_year:1967","1","yes","canonical_album_tracks|canonical_album_tracks|canonical_album_tracks|canonical_album_tracks","no","0","33433","33439","33439"
"RVTR253053","RVAR006507","Softly, As I Leave You","frank sinatra","38148","RVAL392126","Softly, As I Leave You","RVAR006507","1964","1964-12-19","release_year:1964","8","yes","canonical_album_tracks|canonical_album_tracks","no","0","38112","38148","38148"
"RVTR253780","RVAR007689","Lady","styx","40530","RVAL263917","Styx II","RVAR007689","1975","1975-01-25","release_year:1975","4","yes","canonical_track_album_links|canonical_album_tracks|canonical_album_tracks","no","1","40529","40530","40530"
"RVTR254122","RVAR001978","Tonight'S The Night Gonna Be Alright","rod stewart","26230","RVAL278755","Storyteller/Complete Anthology: 1964-1990","RVAR001978","1989","1989-12-02","release_year:1989","42","yes","canonical_album_tracks|canonical_album_tracks","no","0","26216","26230","26230"
"RVTR255081","RVAR003758","Lay Down Sally","eric clapton","30247","RVAL063325","Slowhand","RVAR003758","1977","1977-11-26","release_year:1977","3","yes","canonical_album_tracks|canonical_album_tracks|canonical_album_tracks|canonical_album_tracks","no","0","30238","30247","30247"
"RVTR255222","RVAR008489","Get Together","The Youngbloods","42393","RVAL233278","The Youngbloods","RVAR008489","1967","1967-03-25","release_year:1967","4","yes","canonical_album_tracks|canonical_track_album_links|canonical_album_tracks","no","1","42389","42393","42393"
"RVTR255532","RVAR002308","Somebody To Love","jefferson airplane","26836","RVAL405446","Surrealistic Pillow","RVAR002308","1967","1967-03-25","release_year:1967","2","yes","canonical_album_tracks|canonical_album_tracks|canonical_album_tracks","no","0","26830","26836","26836"
"RVTR256146","RVAR000175","Space Oddity","david bowie","22181","RVAL236103","Changesonebowie","RVAR000175","1976","1976-06-19","release_year:1976","1","yes","canonical_album_tracks|canonical_album_tracks|canonical_album_tracks|canonical_album_tracks|canonical_album_tracks|canonical_album_tracks","no","0","22180","22181","22181"
"RVTR257357","RVAR006707","Criticize","alexander o'neal","38625","RVAL936049","Hearsay","RVAR006707","1987","1987-08-22","release_year:1987","4","yes","canonical_track_album_links|canonical_album_tracks","no","2","38623","38625","38625"
"RVTR259689","RVAR004307","Complicated","avril lavigne","31393","RVAL023148","Let Go","RVAR004307","2002","2002-06-22","release_year:2002","2","yes","canonical_album_tracks|canonical_track_album_links","no","0","31391","31393","31393"
"RVTR260378","RVAR001763","Last Child","aerosmith","25722","RVAL916699","Rocks","RVAR001763","1976","1976-05-29","release_year:1976","2","yes","canonical_album_tracks|canonical_album_tracks|canonical_album_tracks|canonical_album_tracks|canonical_album_tracks","no","0","25716","25722","25722"
"RVTR261223","RVAR000018","Two Sides Of Love","sammy hagar","21726","RVAL949874","VOA","RVAR000018","1984","1984-08-11","release_year:1984","4","yes","canonical_album_tracks|canonical_album_tracks|canonical_album_tracks","no","0","21725","21726","21726"
"RVTR261477","RVAR008273","The Seeker","The Who","41958","RVAL674810","Meaty Beaty Big And Bouncy","RVAR008273","1971","1971-11-20","release_year:1971","7","yes","canonical_album_tracks|canonical_track_album_links|canonical_album_tracks","no","1","41945","41958","41958"
"RVTR261615","RVAR008368","Light My Fire","The Doors","42125","RVAL696373","The Doors","RVAR008368","1967","1967-03-25","release_year:1967","8","yes","canonical_track_album_links|canonical_album_tracks|canonical_album_tracks|canonical_album_tracks|canonical_album_tracks|canonical_album_tracks|canonical_album_tracks","no","1","42110","42125","42125"
"RVTR261800","RVAR007507","Ridin' The Storm Out","reo speedwagon","40135","RVAL369890","REO Speedwagon Live/You Get What You Play For","RVAR007507","1977","1977-03-19","release_year:1977","3","yes","canonical_album_tracks|canonical_album_tracks","no","0","40128","40135","40135"
"RVTR262041","RVAR008778","The River Is Wide","The Grass Roots","42952","RVAL855339","Let's Live For Today","RVAR008778","1967","1967-08-19","release_year:1967","9","yes","canonical_track_album_links|canonical_album_tracks|canonical_album_tracks|canonical_album_tracks","no","1","42953","42952","42952"
"RVTR262413","RVAR008038","From Me To You","The Beatles","41407","RVAL608271","Early Beatles","RVAR008038","1965","1965-04-24","release_year:1965","3","yes","canonical_track_album_links|canonical_album_tracks|canonical_album_tracks|canonical_album_tracks|canonical_album_tracks|canonical_album_tracks","no","1","41398","41407","41436"
"RVTR262831","RVAR003135","She Believes In Me","kenny rogers","28656","RVAL913306","Greatest Hits","RVAR003135","1971","1971-02-20","release_year:1971","5","yes","canonical_album_tracks|canonical_album_tracks|canonical_album_tracks|canonical_album_tracks|canonical_album_tracks|canonical_album_tracks","no","0","28646","28656","28656"
"RVTR263744","RVAR006629","Do It","neil diamond","38458","RVAL092105","The Feel Of Neil Diamond","RVAR006629","1966","1966-10-29","release_year:1966","4","yes","canonical_album_tracks|canonical_album_tracks|canonical_album_tracks|canonical_track_album_links","no","1","38420","38458","38458"
"RVTR264146","RVAR008860","Requiem For The Masses","The Association","43127","RVAL211853","Greatest Hits","RVAR008860","1968","1968-12-28","release_year:1968","5","yes","canonical_album_tracks|canonical_track_album_links","no","0","43131","43127","43127"
"RVTR264204","RVAR007209","Blue On Blue","bobby vinton","39628","RVAL340597","Blue Velvet","RVAR007209","1963","1963-01-05","release_year:1963","1","yes","canonical_album_tracks|canonical_album_tracks|canonical_album_tracks|canonical_album_tracks|canonical_album_tracks","no","0","39627","39628","39628"
"RVTR265523","RVAR001165","We Shall Overcome","joan baez","24353","RVAL582848","Best Of Joan Baez","RVAR001165","1963","1963-11-23","release_year:1963","2","yes","canonical_album_tracks|canonical_album_tracks|canonical_track_album_links","no","1","24356","24353","24353"
"RVTR265840","RVAR004068","Allentown","billy joel","30880","RVAL912948","The Nylon Curtain","RVAR004068","1982","1982-10-16","release_year:1982","1","yes","canonical_album_tracks|canonical_album_tracks|canonical_album_tracks|canonical_album_tracks|canonical_album_tracks","no","0","30860","30880","30880"
"RVTR265927","RVAR001015","I Don'T Love You Anymore","teddy pendergrass","23976","RVAL131630","The Essential Teddy Pendergrass","RVAR001015","2010","2010-01-30","release_year:2010","1","yes","canonical_album_tracks|canonical_album_tracks","no","0","23971","23976","23976"
"RVTR266861","RVAR003361","Jesus He Knows Me","genesis","29191","RVAL220844","We Can't Dance","RVAR003361","1991","1991-11-30","release_year:1991","2","yes","canonical_album_tracks|canonical_album_tracks|canonical_track_album_links","no","1","29190","29191","29191"
"RVTR269758","RVAR007448","Empty Arms","sonny james","40069","RVAL932429","The Best Of Sonny James","RVAR007448","1966","1966-12-24","release_year:1966","4","yes","canonical_album_tracks|canonical_album_tracks","no","0","40064","40069","40069"
"RVTR270045","RVAR005102","Dream Baby How Long Must I Dream","glen campbell","33442","RVAL993199","Glen Campbell's Greatest Hits","RVAR005102","1971","1971-04-17","release_year:1971","8","yes","canonical_album_tracks|canonical_album_tracks","no","0","33456","33442","33442"
"RVTR270629","RVAR001380","The Letter","joe cocker","24849","RVAL969703","Unchain My Heart","RVAR001380","1987","1987-11-14","release_year:1987","6","yes","canonical_album_tracks|canonical_album_tracks|canonical_album_tracks|canonical_album_tracks|canonical_album_tracks","no","0","24832","24849","24849"
"RVTR272682","RVAR007915","Killer Joe","The Kingsmen","41203","RVAL011643","The Kingsmen, Volume 3","RVAR007915","1965","1965-02-20","release_year:1965","11","no","canonical_track_album_links|canonical_album_tracks","no","1","41200","41203",""
"RVTR274304","RVAR008856","Choice Of Colors","The Impressions","43113","RVAL265669","The Best Of The Impressions","RVAR008856","1968","1968-09-21","release_year:1968","11","yes","canonical_album_tracks|canonical_album_tracks","no","0","43119","43113","43113"
"RVTR275254","RVAR003173","Doll Parts","hole","28769","RVAL590769","Live Through This","RVAR003173","1994","1994-04-30","release_year:1994","6","yes","canonical_track_album_links|canonical_album_tracks","no","1","28767","28769","28769"
"RVTR276702","RVAR008038","All You Need Is Love","The Beatles","41419","RVAL130750","Magical Mystery Tour (Soundtrack)","RVAR008038","1967","1967-12-23","release_year:1967","9","yes","canonical_album_tracks|canonical_album_tracks|canonical_album_tracks|canonical_track_album_links","no","0","41437","41419","41419"
"RVTR277555","RVAR004068","Baby Grand","billy joel","30877","RVAL726766","The Bridge","RVAR004068","1986","1986-08-16","release_year:1986","5","yes","canonical_album_tracks|canonical_album_tracks|canonical_album_tracks|canonical_track_album_links|canonical_album_tracks","no","0","30862","30877","30877"
"RVTR277795","RVAR001307","Love Me Again","rita coolidge","24651","RVAL572412","Rita Coolidge","RVAR001307","1971","1971-04-03","release_year:1971","30","yes","canonical_album_tracks|canonical_album_tracks","no","0","24649","24651","24651"
"RVTR278650","RVAR006379","O H I O","ohio players","37786","RVAL915417","Fire","RVAR006379","1974","1974-11-23","release_year:1974","16","yes","canonical_album_tracks|canonical_album_tracks","no","0","37781","37786","37786"
"RVTR278980","RVAR003827","Looks That Kill","motley crue","30416","RVAL414908","Shout At The Devil","RVAR003827","1983","1983-10-15","release_year:1983","10","yes","canonical_album_tracks|canonical_album_tracks","no","0","30411","30416","30416"
"RVTR282224","RVAR004102","Blue Morning Blue Day","foreigner","30933","RVAL036952","Double Vision","RVAR004102","1978","1978-07-08","release_year:1978","2","yes","canonical_album_tracks|canonical_album_tracks|canonical_album_tracks|canonical_album_tracks","no","0","30929","30933","30933"
"RVTR283044","RVAR008825","These Eyes","The Guess Who","43025","RVAL721277","Wheatfield Soul","RVAR008825","1969","1969-04-26","release_year:1969","1","yes","canonical_album_tracks|canonical_album_tracks|canonical_album_tracks|canonical_track_album_links","no","1","43017","43025","43025"
"RVTR283426","RVAR004997","Since I Fell For You","charlie rich","33183","RVAL677252","Greatest Hits","RVAR004997","1975","1975-06-21","release_year:1975","3","yes","canonical_album_tracks|canonical_track_album_links","no","1","33182","33183","33183"
"RVTR284015","RVAR008795","You Didn'T Have To Be So Nice","The Lovin' Spoonful","42967","RVAL056230","Daydream","RVAR008795","1966","1966-04-02","release_year:1966","9","yes","canonical_album_tracks|canonical_album_tracks","no","0","42966","42967","42967"
"RVTR284528","RVAR003135","Coward Of The County","kenny rogers","28656","RVAL913306","Greatest Hits","RVAR003135","1971","1971-02-20","release_year:1971","6","yes","canonical_album_tracks|canonical_track_album_links|canonical_album_tracks|canonical_album_tracks","no","1","28646","28656","28656"
"RVTR286221","RVAR006379","Skin Tight","ohio players","37795","RVAL719418","Skin Tight","RVAR006379","1974","1974-04-27","release_year:1974","1","yes","canonical_album_tracks|canonical_album_tracks|canonical_album_tracks","no","0","37786","37795","37795"
"RVTR287848","RVAR008363","Wild Thing","The Troggs","42105","RVAL281012","Wild Thing","RVAR008363","1966","1966-09-03","release_year:1966","1","no","canonical_album_tracks|canonical_track_album_links","no","1","42104","42105",""
"RVTR288131","RVAR004826","Sanctify Yourself","simple minds","32639","RVAL219402","Once Upon A Time","RVAR004826","1985","1985-11-09","release_year:1985","14","yes","canonical_track_album_links|canonical_album_tracks","no","1","32637","32639","32639"
"RVTR289150","RVAR006371","Heartbreak Beat","psychedelic furs","37773","RVAL114659","Midnight To Midnight","RVAR006371","1987","1987-03-07","release_year:1987","2","yes","canonical_album_tracks|canonical_album_tracks","no","0","37771","37773","37773"
"RVTR289559","RVAR006296","Don'T Go Breaking My Heart","elton john","37623","RVAL953032","Greatest Hits, Vol. III 1979-1987","RVAR006296","1987","1987-10-03","release_year:1987","9","yes","canonical_album_tracks|canonical_album_tracks","no","0","37637","37623","37623"
"RVTR289952","RVAR001341","Just As I Am","air supply","24727","RVAL090818","Greatest Hits","RVAR001341","1983","1983-08-20","release_year:1983","5","yes","canonical_album_tracks|canonical_album_tracks|canonical_track_album_links","no","1","24726","24727","24727"
"RVTR290397","RVAR005429","Waterfalls","tlc","34269","RVAL819689","CrazySexyCool","RVAR005429","1994","1994-12-03","release_year:1994","8","yes","canonical_album_tracks|canonical_album_tracks|canonical_album_tracks","no","0","34267","34269","34269"
"RVTR290996","RVAR007717","Cinnamon Girl","neil young","40638","RVAL423154","Everybody Knows This Is Nowhere","RVAR007717","1969","1969-06-21","release_year:1969","5","yes","canonical_track_album_links|canonical_album_tracks|canonical_album_tracks|canonical_album_tracks","no","1","40636","40638","40638"
"RVTR291266","RVAR007279","Vow","garbage","39785","RVAL582600","Garbage","RVAR007279","1995","1995-09-30","release_year:1995","7","yes","canonical_album_tracks|canonical_track_album_links","no","1","39782","39785","39785"
"RVTR293335","RVAR004102","Heart Turns To Stone","foreigner","30938","RVAL910419","Inside Information","RVAR004102","1987","1987-12-26","release_year:1987","9","yes","canonical_track_album_links|canonical_album_tracks","no","1","30929","30938","30938"
"RVTR295014","RVAR006643","Goodbye","jagged edge","38507","RVAL345692","Jagged Little Thrill","RVAR006643","2001","2001-07-14","release_year:2001","3","yes","canonical_album_tracks|canonical_track_album_links","no","1","38506","38507","38507"
"RVTR295499","RVAR008830","Where Did Our Love Go","The Supremes","43060","RVAL589928","Where Did Our Love Go","RVAR008830","1964","1964-09-19","release_year:1964","10","yes","canonical_track_album_links|canonical_album_tracks|canonical_album_tracks","no","2","43052","43060","43060"
"RVTR296034","RVAR000918","After The Dance","marvin gaye","23736","RVAL372531","Marvin Gaye's Greatest Hits","RVAR000918","1964","1964-05-30","release_year:1964","7","yes","canonical_album_tracks|canonical_album_tracks|canonical_track_album_links","no","0","23726","23736","23736"
"RVTR297395","RVAR006629","America","neil diamond","38459","RVAL075625","The Jazz Singer (Soundtrack)","RVAR006629","1980","1980-11-29","release_year:1980","9","yes","canonical_album_tracks|canonical_album_tracks|canonical_album_tracks|canonical_album_tracks|canonical_album_tracks|canonical_album_tracks|canonical_album_tracks","no","0","38429","38459","38459"
"RVTR301281","RVAR005281","Beat'S So Lonely","charlie sexton","33935","RVAL372474","Pictures For Pleasure","RVAR005281","1985","1985-11-30","release_year:1985","2","yes","canonical_album_tracks|canonical_album_tracks","no","0","33934","33935","33935"
"RVTR302458","RVAR001090","Everybody","tommy roe","24184","RVAL270700","Sweet Pea","RVAR001090","1966","1966-11-05","release_year:1966","8","yes","canonical_album_tracks|canonical_track_album_links","no","1","24182","24184","24182"
"RVTR303970","RVAR007929","Any Way You Want Me","The Sylvers","41259","RVAL331440","The Sylvers","RVAR007929","1973","1973-03-03","release_year:1973","6","yes","canonical_album_tracks|canonical_album_tracks","no","0","41256","41259","41259"
"RVTR305470","RVAR000643","Keep The Faith","bon jovi","23087","RVAL305805","Keep The Faith","RVAR000643","1992","1992-11-21","release_year:1992","2","yes","canonical_album_tracks|canonical_album_tracks|canonical_album_tracks|canonical_album_tracks","no","0","23082","23087","23087"
"RVTR306172","RVAR006707","Fake","alexander o'neal","38625","RVAL936049","Hearsay","RVAR006707","1987","1987-08-22","release_year:1987","14","yes","canonical_track_album_links|canonical_album_tracks","no","1","38623","38625","38625"
"RVTR307734","RVAR001154","Hard Luck Woman","kiss","24316","RVAL283993","Rock And Roll Over","RVAR001154","1976","1976-11-20","release_year:1976","9","yes","canonical_album_tracks|canonical_album_tracks|canonical_album_tracks|canonical_album_tracks|canonical_album_tracks|canonical_album_tracks","no","0","24299","24316","24316"
"RVTR308301","RVAR002454","In France They Kiss On Main Street","joni mitchell","27202","RVAL970583","Hissing Of Summer Lawns","RVAR002454","1975","1975-12-06","release_year:1975","4","yes","canonical_album_tracks|canonical_album_tracks|canonical_album_tracks","no","0","27199","27202","27202"
"RVTR308785","RVAR008132","Tom Dooley","The Kingston Trio","41690","RVAL317981","The Best Of The Kingston Trio","RVAR008132","1963","1963-01-05","release_year:1963","1","yes","canonical_album_tracks|canonical_album_tracks|canonical_album_tracks|canonical_track_album_links","no","1","41683","41690","41690"
"RVTR310992","RVAR003179","Macho Man","village people","28801","RVAL732142","Village People","RVAR003179","1977","1977-10-01","release_year:1977","4","yes","canonical_album_tracks|canonical_track_album_links|canonical_album_tracks","no","1","28799","28801","28801"
"RVTR311123","RVAR005344","Missing You","tina turner","34080","RVAL041904","Wildest Dreams","RVAR005344","1996","1996-09-21","release_year:1996","3","yes","canonical_album_tracks|canonical_album_tracks","no","0","34070","34080","34080"
"RVTR312036","RVAR005344","Better Be Good To Me","tina turner","34073","RVAL890059","Private Dancer","RVAR005344","1984","1984-06-16","release_year:1984","7","yes","canonical_album_tracks|canonical_album_tracks|canonical_album_tracks|canonical_album_tracks|canonical_album_tracks|canonical_album_tracks","no","0","34070","34073","34073"
"RVTR312768","RVAR001307","We'Re All Alone","rita coolidge","24651","RVAL572412","Rita Coolidge","RVAR001307","1971","1971-04-03","release_year:1971","24","yes","canonical_album_tracks|canonical_album_tracks","no","0","24645","24651","24651"
"RVTR313144","RVAR004623","Royals","lorde","32099","RVAL221107","The Love Club EP","RVAR004623","2013","2013-06-29","release_year:2013","3","yes","canonical_album_tracks|canonical_track_album_links","no","1","32098","32099","32099"
"RVTR313597","RVAR003458","Having A Party","sam cooke","29594","RVAL776796","The Best Of Sam Cooke","RVAR003458","1965","1965-01-30","release_year:1965","5","yes","canonical_album_tracks|canonical_album_tracks|canonical_track_album_links","no","1","29590","29594","29594"
"RVTR313795","RVAR003135","Lady","kenny rogers","28656","RVAL913306","Greatest Hits","RVAR003135","1971","1971-02-20","release_year:1971","2","yes","canonical_album_tracks|canonical_track_album_links|canonical_album_tracks|canonical_album_tracks|canonical_album_tracks|canonical_album_tracks","no","1","28646","28656","28656"
"RVTR314977","RVAR005731","Black Dog","led zeppelin","34924","RVAL619792","Led Zeppelin IV","RVAR005731","1971","1971-11-27","release_year:1971","1","yes","canonical_album_tracks|canonical_album_tracks|canonical_track_album_links|canonical_album_tracks|canonical_album_tracks|canonical_album_tracks|canonical_album_tracks","no","1","34911","34924","34924"
"RVTR315486","RVAR007209","Halfway To Paradise","bobby vinton","39637","RVAL240269","I Love How You Love Me","RVAR007209","1969","1969-01-04","release_year:1969","7","yes","canonical_album_tracks|canonical_album_tracks|canonical_album_tracks|canonical_album_tracks","no","0","39627","39637","39637"
"RVTR315688","RVAR005204","Operator","midnight star","33768","RVAL377082","Planetary Invasion","RVAR005204","1984","1984-12-08","release_year:1984","1","yes","canonical_album_tracks|canonical_track_album_links","no","0","33766","33768","33768"
"RVTR317860","RVAR003794","Stan","eminem","30311","RVAL215279","The Marshall Mathers LP","RVAR003794","2000","2000-06-10","release_year:2000","3","yes","canonical_album_tracks|canonical_album_tracks","no","0","30304","30311","30311"
"RVTR318018","RVAR003574","Get Right","jennifer lopez","29828","RVAL896238","Rebirth","RVAR003574","2005","2005-03-19","release_year:2005","1","yes","canonical_album_tracks|canonical_track_album_links","no","1","29823","29828","29828"
"RVTR318142","RVAR004839","Make Me Smile","chicago","32682","RVAL891999","Chicago II","RVAR004839","1970","1970-02-14","release_year:1970","6","yes","canonical_album_tracks|canonical_album_tracks|canonical_album_tracks|canonical_album_tracks|canonical_album_tracks","no","0","32681","32682","32682"
"RVTR318500","RVAR006737","Love At First Sight","kylie minogue","38693","RVAL894572","Kylie","RVAR006737","1988","1988-09-10","release_year:1988","10","yes","canonical_album_tracks|canonical_album_tracks","no","0","38690","38693","38693"
"RVTR320105","RVAR003574","Jenny From The Block","jennifer lopez","29830","RVAL059857","This Is Me...Then","RVAR003574","2002","2002-12-14","release_year:2002","7","yes","canonical_album_tracks|canonical_album_tracks","no","0","29823","29830","29830"
"RVTR320917","RVAR002769","All Star","smash mouth","27929","RVAL065410","Astro Lounge","RVAR002769","1999","1999-06-26","release_year:1999","5","yes","canonical_album_tracks|canonical_album_tracks","no","0","27928","27929","27929"
"RVTR321805","RVAR008038","Yesterday","The Beatles","41433","RVAL705816","Songs, Pictures And Stories Of The Fabulous Beatles","RVAR008038","1964","1964-10-31","release_year:1964","11","yes","canonical_album_tracks|canonical_album_tracks|canonical_album_tracks|canonical_album_tracks|canonical_album_tracks|canonical_album_tracks","no","0","41418","41433","41433"
"RVTR322453","RVAR004489","Days Of Wine And Roses","andy williams","31775","RVAL405828","Days Of Wine And Roses","RVAR004489","1963","1963-01-05","release_year:1963","6","yes","canonical_album_tracks|canonical_album_tracks|canonical_album_tracks","no","0","31766","31775","31775"
"RVTR322599","RVAR008545","All I Know Is The Way I Feel","The Pointer Sisters","42503","RVAL029530","The Best Of The Pointer Sisters","RVAR008545","1976","1976-12-04","release_year:1976","19","yes","canonical_album_tracks|canonical_album_tracks","no","0","42494","42503","42503"
"RVTR323312","RVAR000175","Fame","david bowie","22215","RVAL270198","Young Americans","RVAR000175","1975","1975-03-22","release_year:1975","8","yes","canonical_album_tracks|canonical_album_tracks|canonical_album_tracks|canonical_album_tracks","no","0","22173","22215","22215"
"RVTR324558","RVAR006296","Sacrifice","elton john","37623","RVAL953032","Greatest Hits, Vol. III 1979-1987","RVAR006296","1987","1987-10-03","release_year:1987","10","yes","canonical_album_tracks|canonical_album_tracks|canonical_album_tracks|canonical_album_tracks","no","0","37630","37623","37623"
"RVTR325222","RVAR008735","Dance Dance Dance","The Beach Boys","42895","RVAL000130","The Beach Boys Today!","RVAR008735","1965","1965-03-27","release_year:1965","6","yes","canonical_album_tracks|canonical_track_album_links","no","1","42882","42895","42895"
"RVTR325460","RVAR008416","When You Were Young","The Killers","42239","RVAL726419","Sam's Town","RVAR008416","2006","2006-10-21","release_year:2006","3","yes","canonical_album_tracks|canonical_album_tracks","no","0","42237","42239","42239"
"RVTR326710","RVAR006833","Satisfaction","otis redding","38865","RVAL082371","Otis Blue: Otis Redding Sings Soul","RVAR006833","1965","1965-10-16","release_year:1965","10","yes","canonical_album_tracks|canonical_album_tracks|canonical_album_tracks|canonical_album_tracks|canonical_album_tracks","no","0","38862","38865","38865"
"RVTR328948","RVAR004920","Evil Ways","santana","32953","RVAL102399","Santana's Greatest Hits","RVAR004920","1974","1974-07-27","release_year:1974","1","yes","canonical_album_tracks|canonical_album_tracks|canonical_album_tracks","no","0","32961","32953","32953"
"RVTR330416","RVAR003758","Layla","eric clapton","30229","RVAL687160","Eric Clapton At His Best","RVAR003758","1972","1972-10-14","release_year:1972","7","yes","canonical_album_tracks|canonical_album_tracks|canonical_album_tracks|canonical_album_tracks|canonical_album_tracks|canonical_album_tracks|canonical_album_tracks|canonical_album_tracks|canonical_album_tracks|canonical_album_tracks","no","0","30224","30229","30229"
"RVTR330766","RVAR001650","Magic","olivia newton-john","25484","RVAL540027","Olivia's Greatest Hits, Vol. 2","RVAR001650","1982","1982-10-09","release_year:1982","2","yes","canonical_album_tracks|canonical_track_album_links","no","1","25471","25484","25484"
"RVTR330846","RVAR003458","Twistin' The Night Away","sam cooke","29592","RVAL475710","Sam Cooke Live At The Harlem Square Club","RVAR003458","1985","1985-06-22","release_year:1985","3","yes","canonical_album_tracks|canonical_album_tracks","no","0","29596","29592","29592"
"RVTR331701","RVAR003361","Hold On My Heart","genesis","29191","RVAL220844","We Can't Dance","RVAR003361","1991","1991-11-30","release_year:1991","9","yes","canonical_album_tracks|canonical_album_tracks|canonical_album_tracks|canonical_track_album_links","no","1","29190","29191","29191"
"RVTR333949","RVAR008040","When I Fall In Love","The Lettermen","41475","RVAL164792","The Best Of The Lettermen","RVAR008040","1966","1966-10-08","release_year:1966","1","yes","canonical_album_tracks|canonical_album_tracks","no","0","41459","41475","41475"
"RVTR335211","RVAR007695","Treat Me Right","pat benatar","40536","RVAL145844","Crimes Of Passion","RVAR007695","1980","1980-08-23","release_year:1980","2","yes","canonical_track_album_links|canonical_album_tracks|canonical_album_tracks","no","1","40534","40536","40536"
"RVTR335628","RVAR005557","Jazzman","carole king","34528","RVAL056682","Wrap Around Joy","RVAR005557","1974","1974-09-28","release_year:1974","3","yes","canonical_album_tracks|canonical_album_tracks|canonical_album_tracks|canonical_album_tracks","no","0","34524","34528","34528"
"RVTR336241","RVAR007298","Thriller","michael jackson","39831","RVAL586982","Thriller","RVAR007298","1982","1982-12-25","release_year:1982","4","yes","canonical_album_tracks|canonical_album_tracks|canonical_album_tracks|canonical_album_tracks|canonical_album_tracks","no","0","39814","39831","39831"
"RVTR336680","RVAR008778","Midnight Confessions","The Grass Roots","42952","RVAL855339","Let's Live For Today","RVAR008778","1967","1967-08-19","release_year:1967","6","yes","canonical_track_album_links|canonical_album_tracks","no","1","42956","42952","42952"
"RVTR336876","RVAR008443","Miss You","The Rolling Stones","42308","RVAL930885","Some Girls","RVAR008443","1978","1978-06-24","release_year:1978","1","yes","canonical_album_tracks|canonical_album_tracks|canonical_album_tracks","no","0","42284","42308","42308"
"RVTR338119","RVAR001203","Goodies","ciara","24439","RVAL317280","Goodies","RVAR001203","2004","2004-10-16","release_year:2004","1","yes","canonical_album_tracks|canonical_track_album_links","no","1","24436","24439","24439"
"RVTR338892","RVAR003313","The Streak","ray stevens","29069","RVAL665096","Ray Stevens' Greatest Hits","RVAR003313","1971","1971-09-04","release_year:1971","9","yes","canonical_track_album_links|canonical_album_tracks|canonical_album_tracks","no","1","29063","29069","29069"
"RVTR339150","RVAR007696","This Is All I Ask","tony bennett","40573","RVAL252689","This Is All I Ask","RVAR007696","1963","1963-08-24","release_year:1963","5","yes","canonical_album_tracks|canonical_album_tracks|canonical_track_album_links","no","0","40551","40573","40573"
"RVTR339300","RVAR006419","Money Honey","bay city rollers","37814","RVAL892136","Rock N' Roll Love Letter","RVAR006419","1976","1976-03-20","release_year:1976","1","yes","canonical_album_tracks|canonical_album_tracks","no","0","37811","37814","37814"
"RVTR340005","RVAR000296","She Will Be Loved","maroon 5","22445","RVAL925234","Songs About Jane","RVAR000296","2003","2003-05-31","release_year:2003","4","yes","canonical_album_tracks|canonical_album_tracks","no","0","22436","22445","22445"
"RVTR340205","RVAR002081","Dead Giveaway","shalamar","26405","RVAL662576","Uptown Festival","RVAR002081","1977","1977-05-21","release_year:1977","6","yes","canonical_album_tracks|canonical_track_album_links","no","1","26403","26405","26405"
"RVTR340823","RVAR002393","Back Off Boogaloo","ringo starr","27055","RVAL630002","Goodnight Vienna","RVAR002393","1974","1974-11-30","release_year:1974","4","yes","canonical_track_album_links|canonical_album_tracks|canonical_album_tracks","no","0","27053","27055","27055"
"RVTR342404","RVAR006240","Me And Baby Brother","war","37493","RVAL795407","Deliver The Word","RVAR006240","1973","1973-09-01","release_year:1973","4","yes","canonical_album_tracks|canonical_album_tracks","no","0","37497","37493","37493"
"RVTR342513","RVAR006085","When I Dream","crystal gayle","35673","RVAL911786","When I Dream","RVAR006085","1978","1978-07-15","release_year:1978","8","yes","canonical_track_album_links|canonical_album_tracks","no","1","35664","35673","35673"
"RVTR343203","RVAR004137","Real Man","todd rundgren","31040","RVAL605447","Initiation","RVAR004137","1975","1975-06-14","release_year:1975","10","yes","canonical_track_album_links|canonical_album_tracks","no","1","31036","31040","31040"
"RVTR343799","RVAR000216","When A Man Loves A Woman","bette midler","22299","RVAL913914","The Rose","RVAR000216","1979","1979-12-22","release_year:1979","4","yes","canonical_album_tracks|canonical_album_tracks|canonical_album_tracks","no","0","22291","22299","22299"
"RVTR343843","RVAR000033","On The Down Low","brian mcknight","21772","RVAL473650","I Remember You","RVAR000033","1995","1995-08-26","release_year:1995","1","yes","canonical_album_tracks|canonical_album_tracks","no","0","21765","21772","21772"
"RVTR344311","RVAR005429","Hat 2 Da Back","tlc","34272","RVAL379857","Ooooooohhh. . .On The TLC Tip","RVAR005429","1992","1992-03-14","release_year:1992","11","yes","canonical_album_tracks|canonical_album_tracks|canonical_album_tracks","no","0","34267","34272","34272"
"RVTR344558","RVAR005344","What You Get Is What You See","tina turner","34071","RVAL035141","Break Every Rule","RVAR005344","1986","1986-09-27","release_year:1986","2","yes","canonical_album_tracks|canonical_album_tracks|canonical_album_tracks|canonical_album_tracks|canonical_album_tracks","no","0","34070","34071","34071"
"RVTR344627","RVAR000001","Witchy Woman","Eagles","21687","RVAL942174","Their Greatest Hits 1971-1975","RVAR000001","1976","1976-03-06","release_year:1976","2","yes","canonical_album_tracks|canonical_album_tracks|canonical_album_tracks|canonical_album_tracks","no","0","21683","21687","21687"
"RVTR345075","RVAR003086","Giving It All Away","roger daltrey","28540","RVAL553158","Daltrey","RVAR003086","1973","1973-05-26","release_year:1973","7","yes","canonical_album_tracks|canonical_album_tracks","no","0","28539","28540","28540"
"RVTR345321","RVAR006919","She'S Got To Be A Saint","ray price","39054","RVAL299195","Ray Price's All-Time Greatest Hits","RVAR006919","1972","1972-09-09","release_year:1972","2","yes","canonical_album_tracks|canonical_album_tracks","no","0","39055","39054","39054"
"RVTR345578","RVAR008273","Who Are You","The Who","41970","RVAL019361","Who Are You","RVAR008273","1978","1978-09-09","release_year:1978","1","yes","canonical_track_album_links|canonical_album_tracks|canonical_album_tracks","no","1","41967","41970","41970"
"RVTR346402","RVAR001690","Some People Change","montgomery gentry","25583","RVAL446396","Some People Change","RVAR001690","2006","2006-11-11","release_year:2006","1","yes","canonical_album_tracks|canonical_album_tracks|canonical_album_tracks","no","0","25578","25583","25583"
"RVTR347792","RVAR008443","Shattered","The Rolling Stones","42308","RVAL930885","Some Girls","RVAR008443","1978","1978-06-24","release_year:1978","10","yes","canonical_album_tracks|canonical_album_tracks|canonical_album_tracks","no","0","42268","42308","42308"
"RVTR348113","RVAR004161","Check It Out","john mellencamp","31086","RVAL745632","The Lonesome Jubilee","RVAR004161","1987","1987-09-19","release_year:1987","2","yes","canonical_album_tracks|canonical_album_tracks|canonical_album_tracks","no","0","31085","31086","31086"
"RVTR348588","RVAR001310","Hey You","bachman-turner overdrive","24667","RVAL023708","Four Wheel Drive","RVAR001310","1975","1975-05-31","release_year:1975","4","yes","canonical_track_album_links|canonical_album_tracks|canonical_album_tracks","no","1","24662","24667","24667"
"RVTR349001","RVAR007096","How Do You Like Me Now","toby keith","39414","RVAL632677","Toby Keith","RVAR007096","1993","1993-05-15","release_year:1993","33","yes","canonical_album_tracks|canonical_album_tracks|canonical_album_tracks","no","0","39408","39414","39414"
"RVTR349166","RVAR002912","Wiggle","jason derulo","28191","RVAL850699","Talk Dirty","RVAR002912","2014","2014-05-03","release_year:2014","2","yes","canonical_album_tracks|canonical_album_tracks","no","0","28190","28191","28191"
"RVTR349540","RVAR001363","Fighter","christina aguilera","24792","RVAL894682","Stripped","RVAR001363","2002","2002-11-16","release_year:2002","4","yes","canonical_album_tracks|canonical_album_tracks","no","0","24787","24792","24792"
"RVTR350515","RVAR004609","Shock The Monkey","peter gabriel","32073","RVAL382522","Shaking The Tree - 16 Golden Greats","RVAR004609","1990","1990-12-22","release_year:1990","14","yes","canonical_album_tracks|canonical_album_tracks|canonical_album_tracks|canonical_album_tracks","no","0","32062","32073","32073"
"RVTR350555","RVAR001319","Call Me","blondie","24698","RVAL128935","The Best Of Blondie","RVAR001319","1981","1981-10-31","release_year:1981","10","yes","canonical_album_tracks|canonical_album_tracks","no","0","24692","24698","24698"
"RVTR351554","RVAR003375","Hero","mariah carey","29218","RVAL749775","Music Box","RVAR003375","1993","1993-09-18","release_year:1993","2","yes","canonical_album_tracks|canonical_album_tracks|canonical_album_tracks|canonical_album_tracks","no","0","29202","29218","29218"
"RVTR351676","RVAR000175","Sound And Vision","david bowie","22198","RVAL663167","Low","RVAR000175","1977","1977-01-29","release_year:1977","4","yes","canonical_album_tracks|canonical_album_tracks|canonical_album_tracks","no","0","22173","22198","22198"
"RVTR352176","RVAR000018","Piece Of My Heart","sammy hagar","21720","RVAL858620","Standing Hampton","RVAR000018","1982","1982-01-30","release_year:1982","10","yes","canonical_album_tracks|canonical_track_album_links","no","1","21719","21720","21720"
"RVTR353683","RVAR003870","Loves Me Like A Rock","paul simon","30512","RVAL630170","There Goes Rhymin' Simon","RVAR003870","1973","1973-05-26","release_year:1973","10","yes","canonical_album_tracks|canonical_album_tracks|canonical_album_tracks|canonical_album_tracks|canonical_album_tracks|canonical_album_tracks","no","0","30498","30512","30512"
"RVTR355598","RVAR006833","Respect","otis redding","38865","RVAL082371","Otis Blue: Otis Redding Sings Soul","RVAR006833","1965","1965-10-16","release_year:1965","2","yes","canonical_album_tracks|canonical_album_tracks|canonical_album_tracks|canonical_album_tracks|canonical_album_tracks|canonical_album_tracks|canonical_album_tracks","no","0","38862","38865","38865"
"RVTR356476","RVAR004489","Can'T Get Used To Losing You","andy williams","31775","RVAL405828","Days Of Wine And Roses","RVAR004489","1963","1963-01-05","release_year:1963","9","yes","canonical_album_tracks|canonical_album_tracks|canonical_album_tracks|canonical_album_tracks","no","0","31766","31775","31775"
"RVTR356636","RVAR004920","Black Magic Woman","santana","32953","RVAL102399","Santana's Greatest Hits","RVAR004920","1974","1974-07-27","release_year:1974","6","yes","canonical_album_tracks|canonical_album_tracks|canonical_album_tracks","no","0","32961","32953","32953"
"RVTR356647","RVAR006833","Pain In My Heart","otis redding","38868","RVAL615027","Pain In My Heart","RVAR006833","1964","1964-05-02","release_year:1964","1","yes","canonical_album_tracks|canonical_album_tracks|canonical_album_tracks|canonical_album_tracks|canonical_album_tracks|canonical_album_tracks","no","0","38862","38868","38868"
"RVTR357804","RVAR007934","I'M A Believer","The Monkees","41295","RVAL771611","Then & Now...The Best Of The Monkees","RVAR007934","1986","1986-07-26","release_year:1986","4","yes","canonical_album_tracks|canonical_album_tracks","no","0","41281","41295","41295"
"RVTR358317","RVAR007591","Bailamos","enrique iglesias","40309","RVAL285544","Cosas Del Amor","RVAR007591","1998","1998-10-10","release_year:1998","2","yes","canonical_album_tracks|canonical_track_album_links|canonical_album_tracks|canonical_album_tracks|canonical_album_tracks|canonical_album_tracks","no","0","40307","40309","40309"
"RVTR358767","RVAR004500","Okolona River Bottom Band","bobbie gentry","31837","RVAL720600","The Delta Sweete","RVAR004500","1968","1968-03-23","release_year:1968","1","yes","canonical_album_tracks|canonical_track_album_links","no","1","31834","31837","31837"
"RVTR359892","RVAR006833","I Love You More Than Words Can Say","otis redding","38871","RVAL535644","The Dock Of The Bay","RVAR006833","1968","1968-03-23","release_year:1968","2","yes","canonical_album_tracks|canonical_track_album_links","no","1","38869","38871","38871"
"RVTR360877","RVAR001055","Come Clean","hilary duff","24128","RVAL032207","Metamorphosis","RVAR001055","2003","2003-09-13","release_year:2003","2","yes","canonical_album_tracks|canonical_track_album_links","no","1","24127","24128","24128"
"RVTR361498","RVAR000855","The Straight Life","bobby goldsboro","23506","RVAL297697","Bobby Goldsboro's Greatest Hits","RVAR000855","1970","1970-07-04","release_year:1970","2","yes","canonical_album_tracks|canonical_track_album_links","no","1","23511","23506","23506"
"RVTR364379","RVAR006555","In Dreams","roy orbison","38250","RVAL580359","In Dreams","RVAR006555","1963","1963-01-05","release_year:1963","7","yes","canonical_track_album_links|canonical_album_tracks|canonical_album_tracks|canonical_album_tracks|canonical_album_tracks","no","1","38247","38250","38250"
"RVTR366683","RVAR002784","Money Changes Everything","cyndi lauper","27958","RVAL115575","She's So Unusual: A 30th Anniversary Celebration","RVAR002784","1983","1983-12-24","release_year:1983","8","yes","canonical_track_album_links|canonical_album_tracks","no","1","27960","27958","27958"
"RVTR367053","RVAR000296","Harder To Breathe","maroon 5","22445","RVAL925234","Songs About Jane","RVAR000296","2003","2003-05-31","release_year:2003","15","yes","canonical_track_album_links|canonical_album_tracks|canonical_album_tracks|canonical_album_tracks","no","1","22436","22445","22445"
"RVTR367159","RVAR002761","Guilty","barbra streisand","27817","RVAL663266","Guilty","RVAR002761","1980","1980-10-11","release_year:1980","1","yes","canonical_album_tracks|canonical_album_tracks|canonical_album_tracks|canonical_track_album_links|canonical_album_tracks","no","1","27811","27817","27817"
"RVTR367222","RVAR002699","Angel Of Harlem","u2","27648","RVAL016155","Rattle And Hum (Soundtrack)","RVAR002699","1988","1988-10-29","release_year:1988","17","yes","canonical_album_tracks|canonical_album_tracks","no","0","27652","27648","27648"
"RVTR367958","RVAR006050","When You Love A Woman","journey","35606","RVAL153575","Journey's Greatest Hits","RVAR006050","1988","1988-12-03","release_year:1988","11","yes","canonical_album_tracks|canonical_album_tracks","no","0","35613","35606","35606"
"RVTR368289","RVAR002784","All Through The Night","cyndi lauper","27958","RVAL115575","She's So Unusual: A 30th Anniversary Celebration","RVAR002784","1983","1983-12-24","release_year:1983","1","yes","canonical_track_album_links|canonical_album_tracks","no","1","27960","27958","27958"
"RVTR368740","RVAR000602","Given To Fly","pearl jam","23023","RVAL693697","Yield","RVAR000602","1998","1998-02-21","release_year:1998","4","yes","canonical_album_tracks|canonical_album_tracks|canonical_album_tracks|canonical_album_tracks|canonical_album_tracks|canonical_album_tracks","no","0","23019","23023","23005"
"RVTR369091","RVAR004653","Johnny B Goode","johnny winter","32195","RVAL888078","The Johnny Winter Story","RVAR004653","1969","1969-09-27","release_year:1969","16","yes","canonical_album_tracks|canonical_track_album_links|canonical_album_tracks","no","1","32191","32195","32195"
"RVTR371830","RVAR002393","Photograph","ringo starr","27059","RVAL227509","Ringo","RVAR002393","1973","1973-11-17","release_year:1973","3","yes","canonical_album_tracks|canonical_album_tracks","no","0","27053","27059","27059"
"RVTR372673","RVAR001422","Heartbeat","buddy holly","24971","RVAL479062","The Buddy Holly Story","RVAR001422","1963","1963-01-05","release_year:1963","8","yes","canonical_album_tracks|canonical_album_tracks|canonical_album_tracks","no","0","24969","24971","24971"
"RVTR375676","RVAR008830","Love Is Like An Itching In My Heart","The Supremes","43053","RVAL061835","The Supremes A' Go-Go","RVAR008830","1966","1966-09-24","release_year:1966","1","yes","canonical_album_tracks|canonical_track_album_links","no","0","43052","43053","43053"
"RVTR377363","RVAR000033","Love Of My Life","brian mcknight","21776","RVAL242134","Superhero","RVAR000033","2001","2001-09-15","release_year:2001","5","yes","canonical_album_tracks|canonical_album_tracks","no","0","21765","21776","21776"
"RVTR377373","RVAR002484","Building A Mystery","sarah mclachlan","27296","RVAL032676","Surfacing","RVAR002484","1997","1997-08-02","release_year:1997","1","yes","canonical_album_tracks|canonical_album_tracks|canonical_album_tracks","no","0","27291","27296","27296"
"RVTR377949","RVAR005183","Just Like A Woman","bob dylan","33675","RVAL267579","Blonde On Blonde","RVAR005183","1966","1966-07-23","release_year:1966","8","yes","canonical_album_tracks|canonical_album_tracks|canonical_album_tracks|canonical_album_tracks|canonical_album_tracks","no","0","33673","33675","33675"
"RVTR378647","RVAR003086","Avenging Annie","roger daltrey","28542","RVAL174090","One Of The Boys","RVAR003086","1977","1977-07-09","release_year:1977","3","no","canonical_album_tracks|canonical_album_tracks","no","0","28539","28542",""
"RVTR379446","RVAR006691","Everybody Loves A Clown","gary lewis and the playboys","38583","RVAL368718","Everybody Loves A Clown","RVAR006691","1965","1965-12-04","release_year:1965","12","yes","canonical_album_tracks|canonical_track_album_links","no","1","38581","38583","38583"
"RVTR379687","RVAR004023","Sugaree","jerry garcia","30762","RVAL707702","Garcia","RVAR004023","1972","1972-01-29","release_year:1972","3","yes","canonical_album_tracks|canonical_album_tracks|canonical_album_tracks|canonical_album_tracks|canonical_album_tracks","no","0","30760","30762","30762"
"RVTR381289","RVAR004609","Sledgehammer","peter gabriel","32074","RVAL055669","So","RVAR004609","1986","1986-06-14","release_year:1986","2","yes","canonical_album_tracks|canonical_album_tracks|canonical_album_tracks|canonical_album_tracks","no","1","32062","32074","32074"
"RVTR381994","RVAR003449","Come Running","van morrison","29537","RVAL086507","Moondance","RVAR003449","1970","1970-03-14","release_year:1970","6","yes","canonical_album_tracks|canonical_album_tracks","no","0","29515","29537","29537"
"RVTR381995","RVAR001154","Love Gun","kiss","24310","RVAL130912","Love Gun","RVAR001154","1977","1977-07-09","release_year:1977","1","yes","canonical_album_tracks|canonical_album_tracks|canonical_album_tracks|canonical_album_tracks|canonical_album_tracks|canonical_album_tracks|canonical_album_tracks","no","0","24299","24310","24310"
"RVTR382289","RVAR000133","You Were Always There","donna fargo","22006","RVAL566189","The Happiest Girl In The Whole U.S.A.","RVAR000133","1972","1972-07-15","release_year:1972","5","yes","canonical_track_album_links|canonical_album_tracks","no","0","22005","22006","22006"
"RVTR382716","RVAR005102","I Wanna Live","glen campbell","33444","RVAL143398","Hey, Little One","RVAR005102","1968","1968-04-06","release_year:1968","7","yes","canonical_album_tracks|canonical_album_tracks","no","0","33433","33444","33444"
"RVTR383091","RVAR007096","Big Blue Note","toby keith","39414","RVAL632677","Toby Keith","RVAR007096","1993","1993-05-15","release_year:1993","26","yes","canonical_album_tracks|canonical_album_tracks","no","0","39406","39414","39414"
"RVTR383997","RVAR005317","Give A Little Bit","goo goo dolls","34033","RVAL871676","Live In Buffalo - July 4th 2004","RVAR005317","2004","2004-12-11","release_year:2004","1","yes","canonical_album_tracks|canonical_album_tracks","no","1","34032","34033","34033"
"RVTR384328","RVAR001031","Looking Through The Eyes Of Love","gene pitney","24026","RVAL931258","Looking Through The Eyes Of Love","RVAR001031","1965","1965-09-18","release_year:1965","11","yes","canonical_track_album_links|canonical_album_tracks|canonical_album_tracks","no","1","24020","24026","24026"
"RVTR385510","RVAR005429","No Scrubs","tlc","34270","RVAL287425","Fanmail","RVAR005429","1999","1999-03-13","release_year:1999","5","yes","canonical_album_tracks|canonical_album_tracks","no","0","34267","34270","34270"
"RVTR386168","RVAR005731","Whole Lotta Love","led zeppelin","34922","RVAL171456","Led Zeppelin II","RVAR005731","1969","1969-11-08","release_year:1969","1","yes","canonical_album_tracks|canonical_album_tracks|canonical_album_tracks|canonical_track_album_links|canonical_album_tracks|canonical_album_tracks|canonical_album_tracks|canonical_album_tracks|canonical_album_tracks","no","1","34910","34922","34922"
"RVTR386410","RVAR001424","How Can I Unlove You","lynn anderson","24981","RVAL690245","The World Of Lynn Anderson","RVAR001424","1971","1971-10-30","release_year:1971","6","yes","canonical_album_tracks|canonical_album_tracks|canonical_album_tracks","no","0","24976","24981","24981"
"RVTR386913","RVAR006507","Theme From New York New York","frank sinatra","38162","RVAL467022","Vegas","RVAR006507","2006","2006-12-23","release_year:2006","14","yes","canonical_album_tracks|canonical_track_album_links","no","0","38160","38162","38162"
"RVTR387083","RVAR005166","I Want It All","queen","33649","RVAL513214","The Miracle","RVAR005166","1989","1989-06-24","release_year:1989","4","yes","canonical_album_tracks|canonical_album_tracks","no","0","33630","33649","33630"
"RVTR387694","RVAR001380","With A Little Help From My Friends","joe cocker","24850","RVAL600451","With A Little Help From My Friends","RVAR001380","1969","1969-05-31","release_year:1969","9","yes","canonical_album_tracks|canonical_album_tracks|canonical_album_tracks|canonical_album_tracks|canonical_album_tracks|canonical_album_tracks","no","0","24832","24850","24850"
"RVTR388379","RVAR004307","Sk8Er Boi","avril lavigne","31393","RVAL023148","Let Go","RVAR004307","2002","2002-06-22","release_year:2002","3","yes","canonical_album_tracks|canonical_track_album_links","no","0","31391","31393","31393"
"RVTR388600","RVAR008038","Penny Lane","The Beatles","41419","RVAL130750","Magical Mystery Tour (Soundtrack)","RVAR008038","1967","1967-12-23","release_year:1967","6","yes","canonical_album_tracks|canonical_album_tracks|canonical_album_tracks","no","0","41426","41419","41419"
"RVTR389225","RVAR005766","Love To Love You Baby","donna summer","34986","RVAL615229","Love To Love You Baby","RVAR005766","1975","1975-11-01","release_year:1975","1","yes","canonical_album_tracks|canonical_album_tracks|canonical_album_tracks|canonical_album_tracks|canonical_album_tracks|canonical_album_tracks","no","0","34980","34986","34986"
"RVTR389337","RVAR002767","Understand Your Man","johnny cash","27895","RVAL012191","I Walk The Line","RVAR002767","1964","1964-07-25","release_year:1964","7","yes","canonical_album_tracks|canonical_album_tracks|canonical_track_album_links|canonical_album_tracks|canonical_album_tracks","no","0","27881","27895","27895"
"RVTR390466","RVAR000785","Everlasting Love","carl carlton","23353","RVAL330810","Everlasting Love","RVAR000785","1975","1975-01-18","release_year:1975","1","yes","canonical_album_tracks|canonical_track_album_links","no","1","23352","23353","23352"
"RVTR390635","RVAR000336","Burning Down The House","talking heads","22511","RVAL934248","Speaking In Tongues","RVAR000336","1983","1983-06-25","release_year:1983","1","yes","canonical_album_tracks|canonical_album_tracks|canonical_track_album_links","no","1","22508","22511","22511"
"RVTR391848","RVAR001055","So Yesterday","hilary duff","24128","RVAL032207","Metamorphosis","RVAR001055","2003","2003-09-13","release_year:2003","1","yes","canonical_album_tracks|canonical_album_tracks|canonical_album_tracks|canonical_album_tracks","no","0","24127","24128","24128"
"RVTR391893","RVAR003758","Bad Love","eric clapton","30237","RVAL143020","Journeyman","RVAR003758","1989","1989-11-25","release_year:1989","3","yes","canonical_album_tracks|canonical_album_tracks|canonical_album_tracks|canonical_album_tracks|canonical_album_tracks","no","0","30215","30237","30237"
"RVTR392037","RVAR008443","Ruby Tuesday","The Rolling Stones","42285","RVAL654329","Flowers","RVAR008443","1967","1967-07-22","release_year:1967","1","yes","canonical_album_tracks|canonical_album_tracks|canonical_album_tracks|canonical_album_tracks|canonical_album_tracks","no","0","42284","42285","42285"
"RVTR395493","RVAR005729","It Must Be Love","alan jackson","34906","RVAL450022","Under The Influence","RVAR005729","1999","1999-11-13","release_year:1999","10","yes","canonical_album_tracks|canonical_album_tracks|canonical_album_tracks","no","0","34881","34906","34906"
"RVTR395767","RVAR008614","Private Idaho","The B-52s","42649","RVAL381540","Wild Planet","RVAR008614","1980","1980-09-20","release_year:1980","4","yes","canonical_track_album_links|canonical_album_tracks","no","1","42645","42649","42649"
"RVTR396512","RVAR006691","Save Your Heart For Me","gary lewis and the playboys","38582","RVAL159932","A Session With Gary Lewis And The Playboys","RVAR006691","1965","1965-09-18","release_year:1965","6","yes","canonical_album_tracks|canonical_album_tracks","no","0","38581","38582","38582"
"RVTR397516","RVAR008545","Should I Do It","The Pointer Sisters","42503","RVAL029530","The Best Of The Pointer Sisters","RVAR008545","1976","1976-12-04","release_year:1976","7","yes","canonical_track_album_links|canonical_album_tracks|canonical_album_tracks","no","1","42489","42503","42503"
"RVTR397714","RVAR007680","Guys Do It All The Time","mindy mccready","40502","RVAL168745","Ten Thousand Angels","RVAR007680","1996","1996-05-18","release_year:1996","2","yes","canonical_album_tracks|canonical_album_tracks","no","0","40501","40502","40502"
"RVTR398246","RVAR008379","Just Like Heaven","The Cure","42153","RVAL815315","Kiss Me, Kiss Me, Kiss Me","RVAR008379","1987","1987-06-20","release_year:1987","8","yes","canonical_album_tracks|canonical_album_tracks|canonical_album_tracks|canonical_album_tracks|canonical_album_tracks","no","0","42152","42153","42153"
"RVTR398335","RVAR003547","Anything For You","gloria estefan","29765","RVAL767681","Greatest Hits","RVAR003547","1992","1992-11-21","release_year:1992","6","yes","canonical_album_tracks|canonical_track_album_links","no","1","29764","29765","29765"
"RVTR398624","RVAR003361","Follow You Follow Me","genesis","29188","RVAL935270","Three Sides Live","RVAR003361","1982","1982-06-26","release_year:1982","7","yes","canonical_album_tracks|canonical_album_tracks|canonical_track_album_links","no","1","29190","29188","29183"
"RVTR399655","RVAR000927","Touch Me In The Morning","diana ross","23799","RVAL719545","Touch Me In The Morning","RVAR000927","1973","1973-07-14","release_year:1973","1","yes","canonical_album_tracks|canonical_album_tracks|canonical_track_album_links|canonical_album_tracks|canonical_album_tracks","no","1","23798","23799","23799"
"RVTR400247","RVAR008735","Help Me Rhonda","The Beach Boys","42855","RVAL663323","Beach Boys In Concert","RVAR008735","1964","1964-11-07","release_year:1964","6","yes","canonical_album_tracks|canonical_album_tracks|canonical_track_album_links|canonical_album_tracks|canonical_album_tracks","no","0","42861","42855","42855"
"RVTR401096","RVAR000001","Seven Bridges Road","Eagles","21677","RVAL382484","Eagles Live","RVAR000001","1980","1980-11-29","release_year:1980","7","yes","canonical_album_tracks|canonical_album_tracks","no","0","21678","21677","21677"
"RVTR401373","RVAR008038","We Can Work It Out","The Beatles","41455","RVAL861878","Yesterday And Today","RVAR008038","1966","1966-07-09","release_year:1966","9","yes","canonical_album_tracks|canonical_album_tracks|canonical_album_tracks","no","0","41422","41455","41455"
"RVTR401704","RVAR008111","One Way Out","The Allman Brothers Band","41643","RVAL504869","The Allman Brothers Band","RVAR008111","1970","1970-01-24","release_year:1970","5","yes","canonical_album_tracks|canonical_album_tracks|canonical_track_album_links","no","1","41624","41643","41643"
"RVTR402206","RVAR005344","Two People","tina turner","34071","RVAL035141","Break Every Rule","RVAR005344","1986","1986-09-27","release_year:1986","3","yes","canonical_album_tracks|canonical_album_tracks|canonical_album_tracks","no","0","34070","34071","34071"
"RVTR402640","RVAR008752","Stoned Out Of My Mind","The Chi-lites","42920","RVAL282495","The Chi-Lites Greatest Hits","RVAR008752","1972","1972-10-21","release_year:1972","13","yes","canonical_album_tracks|canonical_album_tracks","no","0","42916","42920","42920"
"RVTR403992","RVAR008443","Start Me Up","The Rolling Stones","42315","RVAL904138","Tattoo You","RVAR008443","1981","1981-09-12","release_year:1981","1","yes","canonical_album_tracks|canonical_album_tracks|canonical_album_tracks|canonical_album_tracks|canonical_album_tracks|canonical_album_tracks|canonical_album_tracks","no","0","42268","42315","42315"
"RVTR404129","RVAR000033","Back At One","brian mcknight","21767","RVAL112853","Back At One","RVAR000033","1999","1999-10-09","release_year:1999","4","yes","canonical_album_tracks|canonical_album_tracks","no","0","21765","21767","21767"
"RVTR405344","RVAR002883","Never Die Young","james taylor","28132","RVAL842877","One Man Band","RVAR002883","1972","1972-11-25","release_year:1972","2","yes","canonical_album_tracks|canonical_album_tracks|canonical_album_tracks","no","0","28129","28132","28132"
"RVTR406174","RVAR003547","Rhythm Is Gonna Get You","gloria estefan","29765","RVAL767681","Greatest Hits","RVAR003547","1992","1992-11-21","release_year:1992","5","yes","canonical_album_tracks|canonical_track_album_links","no","1","29764","29765","29765"
"RVTR409521","RVAR004161","Rain On The Scarecrow","john mellencamp","31084","RVAL095084","Scarecrow","RVAR004161","1985","1985-09-14","release_year:1985","1","yes","canonical_album_tracks|canonical_album_tracks|canonical_album_tracks","no","0","31083","31084","31084"
"RVTR410678","RVAR003493","Singing My Song","tammy wynette","29650","RVAL769189","Tammy's Greatest Hits","RVAR003493","1969","1969-09-06","release_year:1969","2","yes","canonical_album_tracks|canonical_album_tracks","no","0","29654","29650","29650"
"RVTR412721","RVAR005733","Bop Gun One Nation","ice cube","34941","RVAL258496","Lethal Injection","RVAR005733","1993","1993-12-25","release_year:1993","6","yes","canonical_album_tracks|canonical_album_tracks","no","0","34935","34941","34941"
"RVTR418544","RVAR005183","Lay Lady Lay","bob dylan","33701","RVAL827629","Nashville Skyline","RVAR005183","1969","1969-05-03","release_year:1969","6","yes","canonical_album_tracks|canonical_album_tracks|canonical_album_tracks|canonical_album_tracks|canonical_album_tracks","no","0","33674","33701","33701"
"RVTR419595","RVAR004647","The Right Thing To Do","carly simon","32165","RVAL488348","No Secrets","RVAR004647","1972","1972-12-09","release_year:1972","1","yes","canonical_album_tracks|canonical_album_tracks|canonical_album_tracks|canonical_album_tracks|canonical_album_tracks","no","0","32164","32165","32165"
"RVTR419897","RVAR003470","Do Your Thing","isaac hayes","29614","RVAL289912","Live At The Sahara Tahoe","RVAR003470","1973","1973-05-19","release_year:1973","10","yes","canonical_album_tracks|canonical_track_album_links","no","1","29621","29614","29614"
"RVTR420485","RVAR005166","Another One Bites The Dust","queen","33648","RVAL886103","The Game","RVAR005166","1980","1980-07-19","release_year:1980","3","yes","canonical_album_tracks|canonical_album_tracks|canonical_album_tracks|canonical_album_tracks|canonical_album_tracks|canonical_album_tracks|canonical_album_tracks","no","1","33647","33648","33648"
"RVTR420544","RVAR006961","Them Changes","buddy miles","39169","RVAL196638","Them Changes","RVAR006961","1970","1970-07-04","release_year:1970","2","yes","canonical_track_album_links|canonical_album_tracks|canonical_album_tracks","no","1","39166","39169","39169"
"RVTR420656","RVAR000867","Whatever Gets You Thru The Night","john lennon","23539","RVAL061935","Walls And Bridges","RVAR000867","1974","1974-10-12","release_year:1974","2","yes","canonical_album_tracks|canonical_album_tracks|canonical_album_tracks|canonical_album_tracks","no","0","23530","23539","23539"
"RVTR421030","RVAR004933","Strong Enough","cher","32997","RVAL140866","Cher","RVAR004933","1966","1966-10-01","release_year:1966","2","yes","canonical_track_album_links|canonical_album_tracks|canonical_album_tracks","no","1","32995","32997","32997"
"RVTR423265","RVAR001310","Let It Ride","bachman-turner overdrive","24666","RVAL355416","Best Of B.t.o. (so Far)","RVAR001310","1976","1976-08-14","release_year:1976","5","yes","canonical_album_tracks|canonical_track_album_links","no","1","24662","24666","24666"
"RVTR423665","RVAR008576","Roxanne","The Police","42551","RVAL453294","Outlandos D'amour","RVAR008576","1979","1979-03-03","release_year:1979","3","yes","canonical_album_tracks|canonical_album_tracks|canonical_track_album_links","no","1","42550","42551","42551"
"RVTR423839","RVAR006833","Chained And Bound","otis redding","38872","RVAL305703","The Great Otis Redding Sings Soul Ballads","RVAR006833","1965","1965-04-10","release_year:1965","2","yes","canonical_album_tracks|canonical_album_tracks|canonical_album_tracks","no","0","38863","38872","38872"
"RVTR423929","RVAR001543","Lonesome Loser","little river band","25303","RVAL705390","Little River Band","RVAR001543","1976","1976-10-02","release_year:1976","2","yes","canonical_album_tracks|canonical_album_tracks|canonical_album_tracks","no","0","25301","25303","25303"
"RVTR424719","RVAR001314","Wasted","tiesto","24684","RVAL364247","In Search Of Sunrise 7: Asia","RVAR001314","2008","2008-06-28","release_year:2008","20","no","canonical_album_tracks|canonical_album_tracks","no","0","24675","24684",""
"RVTR425886","RVAR001380","When The Night Comes","joe cocker","24844","RVAL438665","One Night Of Sin","RVAR001380","1989","1989-09-16","release_year:1989","1","yes","canonical_album_tracks|canonical_album_tracks","no","0","24832","24844","24844"
"RVTR428090","RVAR008300","Elvira","The Oak Ridge Boys","42035","RVAL626042","Fancy Free","RVAR008300","1981","1981-06-13","release_year:1981","3","yes","canonical_track_album_links|canonical_album_tracks|canonical_album_tracks","no","1","42030","42035","42035"
"RVTR429634","RVAR006833","Mr Pitiful","otis redding","38863","RVAL308326","King & Queen","RVAR006833","1967","1967-04-22","release_year:1967","12","yes","canonical_album_tracks|canonical_album_tracks|canonical_album_tracks|canonical_album_tracks|canonical_album_tracks","no","1","38862","38863","38863"
"RVTR429997","RVAR004839","25 Or 6 To 4","chicago","32681","RVAL314000","Chicago At Carnegie Hall","RVAR004839","1971","1971-11-13","release_year:1971","19","yes","canonical_album_tracks|canonical_album_tracks|canonical_album_tracks|canonical_album_tracks|canonical_album_tracks|canonical_album_tracks","no","0","32678","32681","32681"
"RVTR430203","RVAR006296","The One","elton john","37644","RVAL777352","The One","RVAR006296","1992","1992-07-11","release_year:1992","2","yes","canonical_album_tracks|canonical_album_tracks|canonical_track_album_links","no","1","37630","37644","37644"
"RVTR430448","RVAR001826","Back Then","mike jones","25819","RVAL984417","Who Is Mike Jones?","RVAR001826","2005","2005-05-07","release_year:2005","13","yes","canonical_album_tracks|canonical_album_tracks","no","0","25817","25819","25819"
"RVTR430605","RVAR007695","Heartbreaker","pat benatar","40541","RVAL826673","In The Heat Of The Night","RVAR007695","1979","1979-10-20","release_year:1979","1","yes","canonical_album_tracks|canonical_album_tracks|canonical_album_tracks|canonical_album_tracks","no","0","40534","40541","40541"
"RVTR430667","RVAR008069","Set Me Free","The Kinks","41548","RVAL272870","Kinks-Size","RVAR008069","1965","1965-04-03","release_year:1965","6","yes","canonical_album_tracks|canonical_track_album_links|canonical_album_tracks","no","1","41546","41548","41548"
"RVTR431915","RVAR000506","Wear Your Love Like Heaven","donovan","22838","RVAL827766","Wear Your Love Like Heaven","RVAR000506","1967","1967-12-30","release_year:1967","1","yes","canonical_album_tracks|canonical_album_tracks|canonical_album_tracks|canonical_album_tracks","no","0","22820","22838","22838"
"RVTR432032","RVAR000166","Let It Go Let It Flow","dave mason","22157","RVAL307458","The Best Of Dave Mason","RVAR000166","1974","1974-06-29","release_year:1974","1","yes","canonical_album_tracks|canonical_album_tracks","no","0","22153","22157","22157"
"RVTR432734","RVAR008932","Bird Dog","The Everly Brothers","43292","RVAL035285","The Everly Brothers' Original Greatest Hits","RVAR008932","1970","1970-07-18","release_year:1970","6","yes","canonical_album_tracks|canonical_track_album_links","no","1","43291","43292","43292"
"RVTR433500","RVAR000643","You Give Love A Bad Name","bon jovi","23091","RVAL177712","Slippery When Wet","RVAR000643","1986","1986-09-13","release_year:1986","3","yes","canonical_album_tracks|canonical_album_tracks|canonical_album_tracks|canonical_album_tracks|canonical_album_tracks|canonical_album_tracks","no","0","23082","23091","23091"
"RVTR434618","RVAR008795","Nashville Cats","The Lovin' Spoonful","42970","RVAL276418","Hums Of The Lovin' Spoonful","RVAR008795","1966","1966-12-17","release_year:1966","9","yes","canonical_album_tracks|canonical_album_tracks","no","0","42966","42970","42970"
"RVTR435184","RVAR002769","Then The Morning Comes","smash mouth","27929","RVAL065410","Astro Lounge","RVAR002769","1999","1999-06-26","release_year:1999","9","yes","canonical_album_tracks|canonical_album_tracks","no","0","27928","27929","27929"
"RVTR435199","RVAR002301","Valerie","steve winwood","26789","RVAL662037","Talking Back To The Night","RVAR002301","1982","1982-08-21","release_year:1982","6","yes","canonical_track_album_links|canonical_album_tracks","no","1","26783","26789","26789"
"RVTR435543","RVAR008111","Melissa","The Allman Brothers Band","41633","RVAL014497","Eat A Peach","RVAR008111","1972","1972-03-18","release_year:1972","3","yes","canonical_album_tracks|canonical_album_tracks|canonical_album_tracks|canonical_album_tracks","no","0","41624","41633","41633"
"RVTR437897","RVAR004500","Ode To Billie Joe","bobbie gentry","31836","RVAL045291","Ode To Billie Joe","RVAR004500","1967","1967-09-16","release_year:1967","10","yes","canonical_album_tracks|canonical_track_album_links","no","1","31834","31836","31836"
"RVTR438195","RVAR004638","Mic Drop","bts","32121","RVAL452465","Love Yourself: Her","RVAR004638","2017","2017-10-07","release_year:2017","7","yes","canonical_album_tracks|canonical_track_album_links","no","0","32120","32121","32121"
"RVTR438603","RVAR004102","Hot Blooded","foreigner","30933","RVAL036952","Double Vision","RVAR004102","1978","1978-07-08","release_year:1978","1","yes","canonical_album_tracks|canonical_album_tracks|canonical_album_tracks|canonical_album_tracks|canonical_album_tracks|canonical_album_tracks|canonical_album_tracks|canonical_album_tracks|canonical_album_tracks","no","0","30929","30933","30933"
"RVTR438813","RVAR006730","Suburbia","pet shop boys","38681","RVAL559397","Please","RVAR006730","1986","1986-04-19","release_year:1986","5","yes","canonical_album_tracks|canonical_album_tracks","no","0","38672","38681","38681"
"RVTR439084","RVAR004337","When We Make Love","alabama","31471","RVAL639964","Roll On","RVAR004337","1984","1984-02-11","release_year:1984","7","yes","canonical_album_tracks|canonical_track_album_links|canonical_album_tracks","no","1","31464","31471","31471"
"RVTR439196","RVAR000643","Bed Of Roses","bon jovi","23087","RVAL305805","Keep The Faith","RVAR000643","1992","1992-11-21","release_year:1992","5","yes","canonical_album_tracks|canonical_album_tracks|canonical_album_tracks","no","0","23082","23087","23087"
"RVTR439301","RVAR005887","Union Of The Snake","duran duran","35286","RVAL726495","Seven And The Ragged Tiger","RVAR005887","1983","1983-12-10","release_year:1983","6","yes","canonical_album_tracks|canonical_album_tracks|canonical_album_tracks","no","0","35276","35286","35286"
"RVTR440365","RVAR005887","The Reflex","duran duran","35286","RVAL726495","Seven And The Ragged Tiger","RVAR005887","1983","1983-12-10","release_year:1983","1","yes","canonical_album_tracks|canonical_album_tracks|canonical_album_tracks","no","0","35276","35286","35286"
"RVTR441650","RVAR000175","Starman","david bowie","22212","RVAL971590","The Rise And Fall Of Ziggy Stardust And The Spiders From Mars","RVAR000175","1972","1972-06-17","release_year:1972","4","yes","canonical_album_tracks|canonical_album_tracks|canonical_album_tracks|canonical_album_tracks|canonical_album_tracks","no","0","22182","22212","22212"
"RVTR441930","RVAR000404","I Like To Live The Love","b.b. king","22663","RVAL751447","To Know You Is To Love You","RVAR000404","1973","1973-09-08","release_year:1973","2","yes","canonical_track_album_links|canonical_album_tracks","no","1","22651","22663","22663"
"RVTR442740","RVAR000911","Ready To Take A Chance Again","barry manilow","23684","RVAL932224","Greatest Hits","RVAR000911","1978","1978-12-02","release_year:1978","3","yes","canonical_album_tracks|canonical_track_album_links","no","0","23712","23684","23684"
"RVTR443998","RVAR008285","Long Haired Country Boy","The Charlie Daniels Band","41995","RVAL772346","Fire On The Mountain","RVAR008285","1974","1974-12-28","release_year:1974","2","yes","canonical_album_tracks|canonical_album_tracks","no","0","41994","41995","41995"
"RVTR445441","RVAR007359","This Ole Boy","craig morgan","39945","RVAL029613","This Ole Boy","RVAR007359","2012","2012-03-17","release_year:2012","1","yes","canonical_album_tracks|canonical_album_tracks","no","0","39944","39945","39945"
"RVTR445942","RVAR000001","I Can'T Tell You Why","Eagles","21678","RVAL215420","Greatest Hits: Volume 2","RVAR000001","1982","1982-11-13","release_year:1982","7","yes","canonical_album_tracks|canonical_album_tracks|canonical_album_tracks","no","0","21683","21678","21678"
"RVTR446970","RVAR004068","Only The Good Die Young","billy joel","30881","RVAL571807","The Stranger","RVAR004068","1977","1977-10-08","release_year:1977","6","yes","canonical_album_tracks|canonical_album_tracks|canonical_album_tracks|canonical_album_tracks|canonical_album_tracks|canonical_album_tracks","no","0","30860","30881","30881"
"RVTR448809","RVAR003375","Emotions","mariah carey","29209","RVAL517748","Emotions","RVAR003375","1991","1991-10-05","release_year:1991","1","yes","canonical_album_tracks|canonical_album_tracks|canonical_album_tracks|canonical_album_tracks|canonical_album_tracks","no","0","29202","29209","29209"
"RVTR449824","RVAR008752","We Need Order","The Chi-lites","42920","RVAL282495","The Chi-Lites Greatest Hits","RVAR008752","1972","1972-10-21","release_year:1972","1","yes","canonical_album_tracks|canonical_album_tracks","no","0","42913","42920","42920"
"RVTR449839","RVAR005344","The Best","tina turner","34072","RVAL513597","Foreign Affair","RVAR005344","1989","1989-10-07","release_year:1989","2","yes","canonical_album_tracks|canonical_album_tracks|canonical_album_tracks","no","0","34070","34072","34072"
"RVTR450695","RVAR006674","Sleep Without You","brett young","38554","RVAL185489","Brett Young EP","RVAR006674","2016","2016-10-08","release_year:2016","1","yes","canonical_album_tracks|canonical_track_album_links","no","1","38553","38554","38554"
"RVTR452096","RVAR003870","Still Crazy After All These Years","paul simon","30507","RVAL557122","Still Crazy After All These Years","RVAR003870","1975","1975-10-25","release_year:1975","1","yes","canonical_album_tracks|canonical_album_tracks|canonical_album_tracks","no","0","30498","30507","30507"
"RVTR452100","RVAR005773","Waiting For You","seal","35020","RVAL356630","Seal IV","RVAR005773","2003","2003-09-27","release_year:2003","3","yes","canonical_album_tracks|canonical_album_tracks","no","1","35017","35020","35020"
"RVTR452117","RVAR001842","No More Lonely Nights","paul mccartney","25851","RVAL322747","Give My Regards To Broad Street","RVAR001842","1984","1984-11-10","release_year:1984","1","yes","canonical_album_tracks|canonical_album_tracks|canonical_track_album_links","no","2","25842","25851","25851"
"RVTR452285","RVAR003190","Never Knew Love Like This Before","stephanie mills","28825","RVAL406558","Sweet Sensation","RVAR003190","1980","1980-05-03","release_year:1980","7","yes","canonical_album_tracks|canonical_track_album_links","no","1","28824","28825","28825"
"RVTR453728","RVAR002304","We Can Work It Out","stevie wonder","26811","RVAL956055","Signed Sealed & Delivered","RVAR002304","1970","1970-08-29","release_year:1970","2","yes","canonical_album_tracks|canonical_album_tracks","no","0","26814","26811","26811"
"RVTR454532","RVAR004220","Hey Nineteen","steely dan","31216","RVAL221737","Gaucho","RVAR004220","1980","1980-12-06","release_year:1980","2","yes","canonical_album_tracks|canonical_album_tracks|canonical_album_tracks","no","0","31210","31216","31216"
"RVTR454893","RVAR002767","Orange Blossom Special","johnny cash","27907","RVAL488499","Orange Blossom Special","RVAR002767","1965","1965-03-20","release_year:1965","1","yes","canonical_album_tracks|canonical_album_tracks","no","0","27898","27907","27907"
"RVTR456366","RVAR004068","Say Goodbye To Hollywood","billy joel","30882","RVAL413501","Turnstiles","RVAR004068","1976","1976-06-05","release_year:1976","1","yes","canonical_album_tracks|canonical_album_tracks|canonical_album_tracks","no","0","30874","30882","30882"
"RVTR456408","RVAR000445","Warm And Tender Love","percy sledge","22724","RVAL635652","When A Man Loves A Woman","RVAR000445","1966","1966-06-04","release_year:1966","2","yes","canonical_album_tracks|canonical_album_tracks|canonical_album_tracks","no","0","22723","22724","22724"
"RVTR459155","RVAR000918","What'S Going On","marvin gaye","23736","RVAL372531","Marvin Gaye's Greatest Hits","RVAR000918","1964","1964-05-30","release_year:1964","6","yes","canonical_album_tracks|canonical_album_tracks|canonical_album_tracks|canonical_album_tracks|canonical_album_tracks","no","0","23722","23736","23736"
"RVTR459216","RVAR001310","Take It Like A Man","bachman-turner overdrive","24669","RVAL995415","Head On","RVAR001310","1976","1976-01-03","release_year:1976","10","yes","canonical_track_album_links|canonical_album_tracks|canonical_album_tracks","no","1","24662","24669","24669"
"RVTR459860","RVAR001763","Back In The Saddle","aerosmith","25722","RVAL916699","Rocks","RVAR001763","1976","1976-05-29","release_year:1976","1","yes","canonical_album_tracks|canonical_album_tracks|canonical_album_tracks|canonical_album_tracks|canonical_album_tracks","no","0","25716","25722","25722"
"RVTR460295","RVAR004402","Turn Me Loose","loverboy","31613","RVAL082064","Loverboy","RVAR004402","1981","1981-01-31","release_year:1981","2","yes","canonical_album_tracks|canonical_track_album_links","no","1","31610","31613","31613"
"RVTR460551","RVAR008856","Woman'S Got Soul","The Impressions","43116","RVAL685351","The Impressions Greatest Hits","RVAR008856","1965","1965-03-20","release_year:1965","15","yes","canonical_album_tracks|canonical_album_tracks","no","0","43113","43116","43116"
"RVTR460866","RVAR002362","Get Up And Go","go-go's","26938","RVAL483215","Vacation","RVAR002362","1982","1982-08-14","release_year:1982","7","yes","canonical_album_tracks|canonical_album_tracks","no","0","26935","26938","26938"
"RVTR461101","RVAR002767","What Do I Care","johnny cash","27913","RVAL087462","Ring Of Fire (The Best Of Johnny Cash)","RVAR002767","1963","1963-01-05","release_year:1963","3","yes","canonical_album_tracks|canonical_track_album_links|canonical_album_tracks","no","1","27918","27913","27913"
"RVTR461622","RVAR006087","The Way","jill scott","35685","RVAL246699","Who Is Jill Scott? Words And Sounds Vol. 1","RVAR006087","2000","2000-08-05","release_year:2000","9","yes","canonical_album_tracks|canonical_album_tracks","no","0","35680","35685","35685"
"RVTR461921","RVAR006691","Count Me In","gary lewis and the playboys","38582","RVAL159932","A Session With Gary Lewis And The Playboys","RVAR006691","1965","1965-09-18","release_year:1965","10","yes","canonical_track_album_links|canonical_album_tracks","no","1","38581","38582","38582"
"RVTR463424","RVAR006707","Never Knew Love Like This","alexander o'neal","38625","RVAL936049","Hearsay","RVAR006707","1987","1987-08-22","release_year:1987","3","yes","canonical_track_album_links|canonical_album_tracks","no","1","38623","38625","38625"
"RVTR464439","RVAR000643","Lay Your Hands On Me","bon jovi","23089","RVAL459527","New Jersey","RVAR000643","1988","1988-10-08","release_year:1988","1","yes","canonical_album_tracks|canonical_album_tracks|canonical_album_tracks|canonical_album_tracks","no","0","23082","23089","23089"
"RVTR465091","RVAR006830","Mr Telephone Man","new edition","38851","RVAL849649","New Edition's Greatest Hits, Volume 1","RVAR006830","1991","1991-10-19","release_year:1991","5","yes","canonical_track_album_links|canonical_album_tracks","no","1","38846","38851","38851"
"RVTR466034","RVAR006557","Award Tour","a tribe called quest","38264","RVAL996536","Midnight Marauders","RVAR006557","1993","1993-11-27","release_year:1993","3","yes","canonical_album_tracks|canonical_album_tracks|canonical_album_tracks","no","0","38262","38264","38264"
"RVTR466260","RVAR003313","A Mama And A Papa","ray stevens","29069","RVAL665096","Ray Stevens' Greatest Hits","RVAR003313","1971","1971-09-04","release_year:1971","23","yes","canonical_track_album_links|canonical_album_tracks","no","1","29072","29069","29069"
"RVTR466489","RVAR000336","Psycho Killer","talking heads","22514","RVAL130886","The Name Of This Band Is Talking Heads","RVAR000336","1982","1982-04-17","release_year:1982","5","yes","canonical_album_tracks|canonical_album_tracks|canonical_track_album_links|canonical_album_tracks","no","1","22508","22514","22514"
"RVTR466528","RVAR006555","Blue Angel","roy orbison","38256","RVAL364914","Roy Orbison's Greatest Hits","RVAR006555","1963","1963-01-05","release_year:1963","10","yes","canonical_album_tracks|canonical_album_tracks|canonical_album_tracks|canonical_album_tracks","no","0","38247","38256","38256"
"RVTR466594","RVAR003190","Sweet Sensation","stephanie mills","28825","RVAL406558","Sweet Sensation","RVAR003190","1980","1980-05-03","release_year:1980","1","yes","canonical_album_tracks|canonical_album_tracks","no","0","28824","28825","28825"
"RVTR466787","RVAR003207","More Than A Memory","garth brooks","28871","RVAL351873","Garth Brooks","RVAR003207","1990","1990-05-12","release_year:1990","10","yes","canonical_track_album_links|canonical_album_tracks|canonical_album_tracks|canonical_album_tracks","no","0","28868","28871","28871"
"RVTR467562","RVAR004705","Locomotive Breath","jethro tull","32399","RVAL138036","Aqualung","RVAR004705","1971","1971-05-15","release_year:1971","1","yes","canonical_track_album_links|canonical_album_tracks|canonical_album_tracks|canonical_album_tracks","no","1","32396","32399","32399"
"RVTR467715","RVAR008273","Pictures Of Lily","The Who","41958","RVAL674810","Meaty Beaty Big And Bouncy","RVAR008273","1971","1971-11-20","release_year:1971","5","yes","canonical_album_tracks|canonical_album_tracks|canonical_album_tracks|canonical_album_tracks","no","0","41945","41958","41958"
"RVTR468826","RVAR001491","Listen Here","eddie harris","25160","RVAL964429","The Electrifying Eddie Harris","RVAR001491","1968","1968-04-13","release_year:1968","5","yes","canonical_album_tracks|canonical_album_tracks|canonical_album_tracks|canonical_album_tracks","no","0","25151","25160","25160"
"RVTR468833","RVAR000918","I'Ll Be Doggone","marvin gaye","23732","RVAL585441","Marvin Gaye Anthology","RVAR000918","1974","1974-04-20","release_year:1974","1","yes","canonical_album_tracks|canonical_album_tracks|canonical_album_tracks","no","0","23722","23732","23732"
"RVTR469930","RVAR006916","Go Girl","pitbull","39049","RVAL722136","The Boatlift","RVAR006916","2007","2007-12-15","release_year:2007","2","yes","canonical_album_tracks|canonical_album_tracks","no","0","39046","39049","39046"
"RVTR470813","RVAR006507","It Was A Very Good Year","frank sinatra","38128","RVAL591546","Live At The Meadowlands","RVAR006507","2009","2009-05-23","release_year:2009","8","yes","canonical_album_tracks|canonical_track_album_links","no","0","38160","38128","38128"
"RVTR472491","RVAR001957","Home","phillip phillips","26146","RVAL670792","The World From The Side Of The Moon","RVAR001957","2012","2012-12-08","release_year:2012","12","yes","canonical_track_album_links|canonical_album_tracks","no","1","26145","26146","26146"
"RVTR472834","RVAR001411","Lucky Star","madonna","24922","RVAL475112","Madonna","RVAR001411","1983","1983-09-03","release_year:1983","1","yes","canonical_album_tracks|canonical_album_tracks|canonical_track_album_links","no","0","24913","24922","24922"
"RVTR473716","RVAR002621","Unbroken","tim mcgraw","27507","RVAL100515","Set This Circus Down","RVAR002621","2001","2001-05-12","release_year:2001","4","yes","canonical_album_tracks|canonical_album_tracks|canonical_album_tracks","no","0","27504","27507","27507"
"RVTR473908","RVAR004402","Notorious","loverboy","31615","RVAL237997","Wildside","RVAR004402","1987","1987-09-12","release_year:1987","1","yes","canonical_album_tracks|canonical_album_tracks","no","0","31610","31615","31615"
"RVTR475427","RVAR007802","Viva Las Vegas","elvis presley","40941","RVAL289657","Elvis' Gold Records, Volume 4","RVAR007802","1968","1968-03-02","release_year:1968","11","yes","canonical_track_album_links|canonical_album_tracks|canonical_album_tracks","no","1","40906","40941","40941"
"RVTR476002","RVAR001279","Young Blood","rickie lee jones","24611","RVAL287891","Rickie Lee Jones","RVAR001279","1979","1979-04-07","release_year:1979","7","yes","canonical_track_album_links|canonical_album_tracks","no","1","24608","24611","24611"
"RVTR478078","RVAR000336","Once In A Lifetime","talking heads","22509","RVAL123225","Remain In Light","RVAR000336","1980","1980-11-01","release_year:1980","4","yes","canonical_album_tracks|canonical_album_tracks|canonical_track_album_links|canonical_album_tracks","no","1","22508","22509","22509"
"RVTR478369","RVAR000177","There Goes My Everything","jack greene","22220","RVAL574537","There Goes My Everything","RVAR000177","1967","1967-02-25","release_year:1967","1","yes","canonical_album_tracks|canonical_album_tracks","no","0","22218","22220","22220"
"RVTR478470","RVAR001659","Black Widow","iggy azalea","25523","RVAL771387","The New Classic","RVAR001659","2014","2014-05-10","release_year:2014","10","yes","canonical_album_tracks|canonical_album_tracks","no","0","25521","25523","25523"
"RVTR479898","RVAR008273","I'M Free","The Who","41953","RVAL692490","Join Together","RVAR008273","1990","1990-04-14","release_year:1990","9","yes","canonical_album_tracks|canonical_album_tracks","no","0","41945","41953","41953"
"RVTR480751","RVAR001494","Run Rudolph Run","chuck berry","25174","RVAL213981","Chuck Berry's Golden Decade, Vol. 2","RVAR001494","1973","1973-02-24","release_year:1973","6","yes","canonical_album_tracks|canonical_album_tracks","no","0","25177","25174","25174"
"RVTR481227","RVAR000574","American Woman","lenny kravitz","22948","RVAL131610","Greatest Hits","RVAR000574","2000","2000-11-11","release_year:2000","8","yes","canonical_album_tracks|canonical_track_album_links","no","0","22950","22948","22948"
"RVTR481542","RVAR004220","Black Friday","steely dan","31219","RVAL164821","Katy Lied","RVAR004220","1975","1975-04-12","release_year:1975","1","yes","canonical_album_tracks|canonical_album_tracks|canonical_album_tracks","no","0","31210","31219","31219"
"RVTR483563","RVAR003421","My Heroes Have Always Been Cowboys","willie nelson","29425","RVAL706469","The Electric Horseman","RVAR003421","1980","1980-01-12","release_year:1980","2","yes","canonical_album_tracks|canonical_album_tracks|canonical_album_tracks","no","0","29421","29425","29439"
"RVTR483649","RVAR006296","Goodbye Yellow Brick Road","elton john","37619","RVAL817194","Goodbye Yellow Brick Road","RVAR006296","1973","1973-10-20","release_year:1973","4","yes","canonical_album_tracks|canonical_album_tracks|canonical_album_tracks|canonical_album_tracks|canonical_album_tracks","no","0","37613","37619","37619"
"RVTR483903","RVAR008069","You Really Got Me","The Kinks","41573","RVAL540243","You Really Got Me","RVAR008069","1964","1964-12-12","release_year:1964","5","yes","canonical_album_tracks|canonical_album_tracks|canonical_album_tracks|canonical_album_tracks","no","0","41542","41573","41573"
"RVTR485301","RVAR006629","Hello Again","neil diamond","38410","RVAL094670","12 Greatest Hits Vol. II","RVAR006629","1982","1982-05-29","release_year:1982","2","yes","canonical_album_tracks|canonical_album_tracks|canonical_album_tracks|canonical_album_tracks|canonical_album_tracks|canonical_album_tracks|canonical_album_tracks","no","0","38429","38410","38410"
"RVTR485650","RVAR004933","You Better Sit Down Kids","cher","33000","RVAL357067","Cher's Golden Greats","RVAR004933","1968","1968-11-30","release_year:1968","4","yes","canonical_track_album_links|canonical_album_tracks","no","1","33015","33000","33000"
"RVTR486107","RVAR006461","If You Can Do Anything Else","george strait","37943","RVAL790002","George Strait","RVAR006461","2000","2000-10-07","release_year:2000","1","yes","canonical_album_tracks|canonical_track_album_links","no","0","37931","37943","37943"
"RVTR486174","RVAR004059","Galileo","indigo girls","30854","RVAL752077","Rites Of Passage","RVAR004059","1992","1992-05-30","release_year:1992","2","yes","canonical_album_tracks|canonical_album_tracks|canonical_album_tracks","no","0","30842","30854","30854"
"RVTR486229","RVAR008038","I Should Have Known Better","The Beatles","41400","RVAL468343","A Hard Day's Night (Soundtrack)","RVAR008038","1964","1964-07-18","release_year:1964","8","yes","canonical_album_tracks|canonical_album_tracks|canonical_album_tracks","no","0","41409","41400","41400"
"RVTR486819","RVAR004161","Cherry Bomb","john mellencamp","31086","RVAL745632","The Lonesome Jubilee","RVAR004161","1987","1987-09-19","release_year:1987","9","yes","canonical_album_tracks|canonical_album_tracks","no","0","31085","31086","31086"
"RVTR487191","RVAR008038","Can'T Buy Me Love","The Beatles","41400","RVAL468343","A Hard Day's Night (Soundtrack)","RVAR008038","1964","1964-07-18","release_year:1964","6","yes","canonical_album_tracks|canonical_album_tracks|canonical_album_tracks|canonical_album_tracks","no","0","41436","41400","41400"
"RVTR488056","RVAR006492","Come Monday","jimmy buffett","38047","RVAL004395","Living And Dying In 3/4 Time","RVAR006492","1974","1974-03-02","release_year:1974","2","yes","canonical_album_tracks|canonical_album_tracks|canonical_album_tracks|canonical_album_tracks|canonical_album_tracks|canonical_album_tracks","no","0","38036","38047","38047"
"RVTR488319","RVAR003375","Honey","mariah carey","29204","RVAL671911","Butterfly","RVAR003375","1997","1997-10-04","release_year:1997","1","yes","canonical_album_tracks|canonical_album_tracks|canonical_album_tracks","no","1","29202","29204","29204"
"RVTR488355","RVAR008069","Destroyer","The Kinks","41545","RVAL491802","Give The People What They Want","RVAR008069","1981","1981-09-12","release_year:1981","6","yes","canonical_album_tracks|canonical_track_album_links|canonical_album_tracks","no","1","41542","41545","41545"
"RVTR489305","RVAR004091","Home","michael buble","30917","RVAL509491","It's Time","RVAR004091","2005","2005-02-26","release_year:2005","13","yes","canonical_track_album_links|canonical_album_tracks|canonical_album_tracks","no","1","30912","30917","30917"
"RVTR491104","RVAR006895","Running With The Night","lionel richie","38993","RVAL334283","Can't Slow Down","RVAR006895","1983","1983-11-12","release_year:1983","7","yes","canonical_album_tracks|canonical_album_tracks|canonical_album_tracks","no","0","38992","38993","38993"
"RVTR491732","RVAR008795","Daydream","The Lovin' Spoonful","42967","RVAL056230","Daydream","RVAR008795","1966","1966-04-02","release_year:1966","1","yes","canonical_album_tracks|canonical_album_tracks|canonical_album_tracks","no","0","42966","42967","42967"
"RVTR492645","RVAR000336","Wild Wild Life","talking heads","22515","RVAL889447","True Stories: A Film By David Byrne, The Complete Soundtrack","RVAR000336","1986","1986-10-04","release_year:1986","9","yes","canonical_album_tracks|canonical_track_album_links","no","2","22508","22515","22515"
"RVTR493092","RVAR001920","Gina","johnny mathis","26040","RVAL397617","Johnny's Newest Hits","RVAR001920","1963","1963-01-05","release_year:1963","7","yes","canonical_album_tracks|canonical_track_album_links","no","0","26032","26040","26040"
"RVTR493733","RVAR008752","You Got To Be The One","The Chi-lites","42920","RVAL282495","The Chi-Lites Greatest Hits","RVAR008752","1972","1972-10-21","release_year:1972","10","yes","canonical_album_tracks|canonical_album_tracks|canonical_album_tracks","no","0","42916","42920","42920"
"RVTR494013","RVAR008130","Snoopy Vs The Red Baron","The Royal Guardsmen","41680","RVAL195485","Snoopy vs. The Red Baron","RVAR008130","1967","1967-02-11","release_year:1967","1","yes","canonical_album_tracks|canonical_track_album_links","no","1","41678","41680","41680"
"RVTR495576","RVAR000918","Too Busy Thinking About My Baby","marvin gaye","23730","RVAL983110","M.P.G.","RVAR000918","1969","1969-06-14","release_year:1969","1","yes","canonical_album_tracks|canonical_album_tracks|canonical_album_tracks|canonical_album_tracks|canonical_album_tracks|canonical_album_tracks|canonical_album_tracks","no","0","23722","23730","23730"
"RVTR496936","RVAR008038","I Saw Her Standing There","The Beatles","41420","RVAL692090","Meet The Beatles!","RVAR008038","1964","1964-02-01","release_year:1964","2","yes","canonical_album_tracks|canonical_album_tracks|canonical_track_album_links|canonical_album_tracks|canonical_album_tracks|canonical_album_tracks|canonical_album_tracks","no","1","41407","41420","41420"
"RVTR497263","RVAR002767","Get Rhythm","johnny cash","27908","RVAL563907","Original Golden Hits, Volume I","RVAR002767","1969","1969-09-27","release_year:1969","3","yes","canonical_album_tracks|canonical_album_tracks|canonical_album_tracks|canonical_album_tracks","no","0","27893","27908","27897"
"RVTR497485","RVAR001543","Cool Change","little river band","25303","RVAL705390","Little River Band","RVAR001543","1976","1976-10-02","release_year:1976","3","yes","canonical_album_tracks|canonical_album_tracks","no","0","25301","25303","25303"
"RVTR497990","RVAR005240","Happy Heart","petula clark","33858","RVAL457952","I Couldn't Live Without Your Love","RVAR005240","1966","1966-09-03","release_year:1966","46","no","canonical_track_album_links|canonical_album_tracks","no","1","33865","33858",""
"RVTR498529","RVAR002484","Adia","sarah mclachlan","27296","RVAL032676","Surfacing","RVAR002484","1997","1997-08-02","release_year:1997","4","yes","canonical_album_tracks|canonical_album_tracks|canonical_album_tracks|canonical_album_tracks","no","0","27291","27296","27296"
"RVTR499124","RVAR000867","9 Dream","john lennon","23539","RVAL061935","Walls And Bridges","RVAR000867","1974","1974-10-12","release_year:1974","7","yes","canonical_album_tracks|canonical_album_tracks|canonical_track_album_links|canonical_album_tracks","no","1","23530","23539","23539"
"RVTR499807","RVAR000355","Say My Name","destiny's child","22551","RVAL394471","The Writing's On The Wall","RVAR000355","1999","1999-08-14","release_year:1999","16","yes","canonical_track_album_links|canonical_album_tracks","no","0","22544","22551","22551"
"RVTR499875","RVAR001154","Shandi","kiss","24308","RVAL587751","Kiss Unmasked","RVAR001154","1980","1980-06-21","release_year:1980","8","yes","canonical_album_tracks|canonical_album_tracks|canonical_album_tracks","no","0","24306","24308","24308"
"RVTR500656","RVAR003449","Domino","van morrison","29531","RVAL946867","His Band And The Street Choir","RVAR003449","1970","1970-12-26","release_year:1970","1","yes","canonical_album_tracks|canonical_album_tracks","no","0","29514","29531","29531"
"RVTR502535","RVAR006764","Thug Lovin'","ja rule","38749","RVAL112909","The Last Temptation","RVAR006764","2002","2002-12-07","release_year:2002","2","yes","canonical_album_tracks|canonical_album_tracks","no","0","38744","38749","38749"
"RVTR502818","RVAR005731","Trampled Under Foot","led zeppelin","34926","RVAL315065","Physical Graffiti","RVAR005731","1975","1975-03-15","release_year:1975","5","yes","canonical_album_tracks|canonical_album_tracks|canonical_album_tracks","no","0","34911","34926","34926"
"RVTR503166","RVAR001842","So Bad","paul mccartney","25861","RVAL983333","Pipes Of Peace","RVAR001842","1983","1983-11-19","release_year:1983","5","yes","canonical_album_tracks|canonical_album_tracks","no","0","25851","25861","25861"
"RVTR503484","RVAR000001","The Long Run","Eagles","21685","RVAL158259","The Long Run","RVAR000001","1979","1979-10-20","release_year:1979","1","yes","canonical_album_tracks|canonical_album_tracks|canonical_album_tracks|canonical_album_tracks","no","0","21683","21685","21685"
"RVTR503587","RVAR007948","Strength","The Alarm","41312","RVAL529220","Strength","RVAR007948","1985","1985-11-09","release_year:1985","2","yes","canonical_album_tracks|canonical_album_tracks|canonical_track_album_links","no","1","41311","41312","41312"
"RVTR504842","RVAR005887","New Moon On Monday","duran duran","35286","RVAL726495","Seven And The Ragged Tiger","RVAR005887","1983","1983-12-10","release_year:1983","2","yes","canonical_album_tracks|canonical_track_album_links","no","1","35279","35286","35286"
"RVTR505219","RVAR003505","Nightshift","commodores","29668","RVAL921046","Commodores Anthology","RVAR003505","1983","1983-06-11","release_year:1983","14","yes","canonical_album_tracks|canonical_album_tracks|canonical_album_tracks","no","0","29678","29668","29668"
"RVTR508963","RVAR007096","Country Comes To Town","toby keith","39414","RVAL632677","Toby Keith","RVAR007096","1993","1993-05-15","release_year:1993","35","yes","canonical_album_tracks|canonical_album_tracks|canonical_album_tracks","no","0","39408","39414","39414"
"RVTR509414","RVAR008826","Stand Or Fall","The Fixx","43031","RVAL265228","Shuttered Room","RVAR008826","1982","1982-11-13","release_year:1982","3","yes","canonical_album_tracks|canonical_album_tracks","no","0","43030","43031","43031"
"RVTR510320","RVAR001763","Love In An Elevator","aerosmith","25719","RVAL761336","Pump","RVAR001763","1989","1989-09-30","release_year:1989","3","yes","canonical_album_tracks|canonical_album_tracks|canonical_album_tracks|canonical_album_tracks|canonical_album_tracks|canonical_album_tracks","no","0","25699","25719","25719"
"RVTR511646","RVAR001053","Words","bee gees","24095","RVAL826883","Best Of Bee Gees","RVAR001053","1969","1969-07-26","release_year:1969","4","yes","canonical_album_tracks|canonical_album_tracks|canonical_album_tracks|canonical_album_tracks|canonical_album_tracks","no","0","24108","24095","24095"
"RVTR512086","RVAR008443","As Tears Go By","The Rolling Stones","42278","RVAL928360","December's Children (And Everybody's)","RVAR008443","1965","1965-12-11","release_year:1965","9","yes","canonical_album_tracks|canonical_album_tracks|canonical_album_tracks|canonical_album_tracks","no","0","42274","42278","42278"
"RVTR512971","RVAR004102","Reaction To Action","foreigner","30930","RVAL957790","Agent Provocateur","RVAR004102","1985","1985-01-05","release_year:1985","10","yes","canonical_track_album_links|canonical_album_tracks","no","1","30929","30930","30930"
"RVTR513320","RVAR002101","No Ordinary Love","sade","26432","RVAL827176","Love Deluxe","RVAR002101","1992","1992-11-21","release_year:1992","1","yes","canonical_album_tracks|canonical_album_tracks|canonical_album_tracks","no","0","26438","26432","26432"
"RVTR513400","RVAR004977","Liar","three dog night","33143","RVAL829329","Naturally","RVAR004977","1970","1970-12-12","release_year:1970","8","yes","canonical_album_tracks|canonical_album_tracks|canonical_album_tracks","no","0","33135","33143","33143"
"RVTR513987","RVAR002873","I'Ve Got A Tiger By The Tail","buck owens","28103","RVAL100517","I've Got A Tiger By The Tail","RVAR002873","1965","1965-04-03","release_year:1965","4","yes","canonical_album_tracks|canonical_album_tracks","no","0","28099","28103","28103"
"RVTR514801","RVAR003794","The Real Slim Shady","eminem","30311","RVAL215279","The Marshall Mathers LP","RVAR003794","2000","2000-06-10","release_year:2000","8","yes","canonical_album_tracks|canonical_album_tracks","no","0","30304","30311","30311"
"RVTR515536","RVAR003581","Smells Like Teen Spirit","nirvana","29879","RVAL059120","Nevermind","RVAR003581","1991","1991-10-12","release_year:1991","10","yes","canonical_track_album_links|canonical_album_tracks|canonical_album_tracks|canonical_album_tracks|canonical_album_tracks","no","2","29873","29879","29879"
"RVTR517261","RVAR000404","Rock Me Baby","b.b. king","22657","RVAL973172","The Best Of B.B. King","RVAR000404","1973","1973-02-24","release_year:1973","5","yes","canonical_album_tracks|canonical_album_tracks|canonical_track_album_links|canonical_album_tracks","no","1","22638","22657","22657"
"RVTR517477","RVAR001920","What Will My Mary Say","johnny mathis","26040","RVAL397617","Johnny's Newest Hits","RVAR001920","1963","1963-01-05","release_year:1963","1","yes","canonical_album_tracks|canonical_track_album_links","no","0","26032","26040","26040"
"RVTR517892","RVAR004540","Waking Up Alone","paul williams","31915","RVAL928557","Just An Old Fashioned Love Song","RVAR004540","1971","1971-12-25","release_year:1971","4","yes","canonical_track_album_links|canonical_album_tracks","no","1","31913","31915","31915"
"RVTR518993","RVAR006629","Solitary Man","neil diamond","38458","RVAL092105","The Feel Of Neil Diamond","RVAR006629","1966","1966-10-29","release_year:1966","1","yes","canonical_album_tracks|canonical_album_tracks|canonical_album_tracks|canonical_album_tracks|canonical_album_tracks|canonical_album_tracks|canonical_album_tracks|canonical_track_album_links|canonical_album_tracks|canonical_album_tracks|canonical_album_tracks|canonical_album_tracks","no","1","38420","38458","38458"
"RVTR519160","RVAR003176","Down Low Nobody Has To Know","r. kelly","28783","RVAL224798","The R. In R&B Collection: Volume One","RVAR003176","2003","2003-10-11","release_year:2003","4","yes","canonical_album_tracks|canonical_album_tracks","no","0","28782","28783","28783"
"RVTR520100","RVAR008778","Temptation Eyes","The Grass Roots","42952","RVAL855339","Let's Live For Today","RVAR008778","1967","1967-08-19","release_year:1967","8","yes","canonical_track_album_links|canonical_album_tracks|canonical_album_tracks","no","1","42954","42952","42952"
"RVTR520186","RVAR004102","Double Vision","foreigner","30933","RVAL036952","Double Vision","RVAR004102","1978","1978-07-08","release_year:1978","6","yes","canonical_album_tracks|canonical_album_tracks|canonical_album_tracks|canonical_album_tracks|canonical_album_tracks|canonical_album_tracks|canonical_album_tracks|canonical_album_tracks|canonical_album_tracks","no","1","30929","30933","30933"
"RVTR520871","RVAR008856","I Loved And I Lost","The Impressions","43116","RVAL685351","The Impressions Greatest Hits","RVAR008856","1965","1965-03-20","release_year:1965","8","yes","canonical_album_tracks|canonical_album_tracks","no","0","43122","43116","43116"
"RVTR522226","RVAR008443","Street Fighting Man","The Rolling Stones","42272","RVAL568247","Beggars Banquet","RVAR008443","1968","1968-12-14","release_year:1968","6","yes","canonical_album_tracks|canonical_album_tracks|canonical_album_tracks|canonical_track_album_links|canonical_album_tracks|canonical_album_tracks|canonical_album_tracks|canonical_album_tracks|canonical_album_tracks","no","0","42267","42272","42272"
"RVTR522496","RVAR002699","All I Want Is You","u2","27648","RVAL016155","Rattle And Hum (Soundtrack)","RVAR002699","1988","1988-10-29","release_year:1988","6","yes","canonical_album_tracks|canonical_album_tracks","no","0","27652","27648","27648"
"RVTR523057","RVAR004766","No Such Thing","john mayer","32534","RVAL356872","Room For Squares","RVAR004766","2001","2001-10-06","release_year:2001","11","yes","canonical_track_album_links|canonical_album_tracks|canonical_album_tracks","no","1","32527","32534","32534"
"RVTR524494","RVAR001047","Hi Heel Sneakers","jose feliciano","24082","RVAL684613","Souled","RVAR001047","1968","1968-12-07","release_year:1968","11","yes","canonical_album_tracks|canonical_album_tracks|canonical_album_tracks","no","0","24075","24082","24082"
"RVTR524852","RVAR003313","Indian Love Call","ray stevens","29069","RVAL665096","Ray Stevens' Greatest Hits","RVAR003313","1971","1971-09-04","release_year:1971","17","yes","canonical_track_album_links|canonical_album_tracks","no","1","29067","29069","29069"
"RVTR525618","RVAR006296","Tiny Dancer","elton john","37632","RVAL764422","Madman Across The Water","RVAR006296","1971","1971-11-27","release_year:1971","1","yes","canonical_album_tracks|canonical_album_tracks","no","0","37613","37632","37632"
"RVTR525700","RVAR001972","I Need A Man","grace jones","26167","RVAL403794","Portfolio","RVAR001972","1977","1977-10-22","release_year:1977","7","yes","canonical_album_tracks|canonical_album_tracks","no","0","26163","26167","26167"
"RVTR525771","RVAR002081","A Night To Remember","shalamar","26405","RVAL662576","Uptown Festival","RVAR002081","1977","1977-05-21","release_year:1977","1","yes","canonical_album_tracks|canonical_track_album_links","no","1","26400","26405","26405"
"RVTR525925","RVAR005885","Just Like Paradise","david lee roth","35269","RVAL524192","Skyscraper","RVAR005885","1988","1988-02-13","release_year:1988","4","yes","canonical_album_tracks|canonical_track_album_links","no","1","35267","35269","35269"
"RVTR525976","RVAR003517","I Love You In The Same Old Way","paul anka","29706","RVAL395123","Paul Anka's 21 Golden Hits","RVAR003517","1963","1963-01-05","release_year:1963","6","yes","canonical_album_tracks|canonical_album_tracks","no","0","29694","29706","29706"
"RVTR526438","RVAR005078","Think","aretha franklin","33360","RVAL005556","Aretha Now","RVAR005078","1968","1968-07-13","release_year:1968","1","yes","canonical_album_tracks|canonical_album_tracks|canonical_album_tracks|canonical_album_tracks|canonical_album_tracks|canonical_album_tracks","no","0","33355","33360","33360"
"RVTR526570","RVAR003179","Y M C A","village people","28801","RVAL732142","Village People","RVAR003179","1977","1977-10-01","release_year:1977","1","yes","canonical_album_tracks|canonical_track_album_links|canonical_album_tracks","no","1","28795","28801","28801"
"RVTR528074","RVAR007249","Eight Second Ride","jake owen","39723","RVAL904944","Startin' With Me","RVAR007249","2006","2006-08-12","release_year:2006","6","yes","canonical_album_tracks|canonical_album_tracks","no","0","39721","39723","39723"
"RVTR529111","RVAR003243","Power Of Love","laura branigan","28944","RVAL668344","Touch","RVAR003243","1987","1987-08-01","release_year:1987","5","yes","canonical_album_tracks|canonical_track_album_links","no","0","28942","28944","28944"
"RVTR529438","RVAR006563","La Grange","zz top","38288","RVAL846655","Tres Hombres","RVAR006563","1973","1973-08-04","release_year:1973","8","yes","canonical_album_tracks|canonical_album_tracks|canonical_album_tracks|canonical_album_tracks|canonical_album_tracks","no","0","38284","38288","38288"
"RVTR533115","RVAR000031","Home","blake shelton","21758","RVAL737586","Loaded: The Best Of Blake Shelton","RVAR000031","2010","2010-11-27","release_year:2010","10","yes","canonical_album_tracks|canonical_album_tracks","no","0","21754","21758","21758"
"RVTR533123","RVAR007507","Time For Me To Fly","reo speedwagon","40142","RVAL421814","You Can Tune A Piano But You Can't Tune A Fish","RVAR007507","1978","1978-04-22","release_year:1978","2","yes","canonical_album_tracks|canonical_album_tracks","no","0","40128","40142","40142"
"RVTR533364","RVAR005183","Rainy Day Women 12 35","bob dylan","33675","RVAL267579","Blonde On Blonde","RVAR005183","1966","1966-07-23","release_year:1966","1","yes","canonical_album_tracks|canonical_album_tracks|canonical_album_tracks|canonical_album_tracks|canonical_album_tracks","no","0","33673","33675","33675"
"RVTR533487","RVAR007696","The Good Life","tony bennett","40557","RVAL865361","I Wanna Be Around","RVAR007696","1963","1963-01-05","release_year:1963","1","yes","canonical_album_tracks|canonical_album_tracks|canonical_album_tracks|canonical_album_tracks|canonical_album_tracks|canonical_album_tracks","no","0","40552","40557","40557"
"RVTR533666","RVAR006047","Your Time To Cry","joe simon","35583","RVAL424166","The Sounds Of Simon","RVAR006047","1971","1971-04-03","release_year:1971","5","yes","canonical_album_tracks|canonical_track_album_links","no","1","35582","35583","35583"
"RVTR533926","RVAR007209","Sealed With A Kiss","bobby vinton","39648","RVAL052083","Vinton","RVAR007209","1969","1969-06-14","release_year:1969","6","yes","canonical_album_tracks|canonical_album_tracks","no","0","39644","39648","39648"
"RVTR534519","RVAR006833","Shake","otis redding","38865","RVAL082371","Otis Blue: Otis Redding Sings Soul","RVAR006833","1965","1965-10-16","release_year:1965","6","yes","canonical_album_tracks|canonical_album_tracks|canonical_album_tracks|canonical_album_tracks","no","0","38863","38865","38865"
"RVTR536067","RVAR002761","He Touched Me","barbra streisand","27829","RVAL708353","My Name Is Barbra, Two...","RVAR002761","1965","1965-11-06","release_year:1965","1","yes","canonical_album_tracks|canonical_album_tracks|canonical_album_tracks|canonical_album_tracks|canonical_track_album_links","no","1","27799","27829","27829"
"RVTR537082","RVAR007934","Pleasant Valley Sunday","The Monkees","41288","RVAL998800","Pisces, Aquarius, Capricorn, And Jones Ltd.","RVAR007934","1967","1967-11-25","release_year:1967","3","yes","canonical_album_tracks|canonical_album_tracks|canonical_album_tracks|canonical_album_tracks|canonical_album_tracks","no","0","41281","41288","41288"
"RVTR537388","RVAR005108","I Believe","blessid union of souls","33473","RVAL811155","Home","RVAR005108","1995","1995-04-22","release_year:1995","1","yes","canonical_album_tracks|canonical_track_album_links","no","1","33472","33473","33473"
"RVTR537463","RVAR007738","The Man That Turned My Mama On","tanya tucker","40732","RVAL411044","Would You Lay With Me (In A Field Of Stone)","RVAR007738","1974","1974-03-30","release_year:1974","5","yes","canonical_album_tracks|canonical_track_album_links","no","0","40728","40732","40732"
"RVTR537607","RVAR006833","Security","otis redding","38868","RVAL615027","Pain In My Heart","RVAR006833","1964","1964-05-02","release_year:1964","10","yes","canonical_album_tracks|canonical_album_tracks|canonical_album_tracks|canonical_album_tracks","no","0","38862","38868","38868"
"RVTR538347","RVAR001614","Love No Limit","mary j. blige","25425","RVAL515707","What's The 411?","RVAR001614","1992","1992-08-15","release_year:1992","11","yes","canonical_track_album_links|canonical_album_tracks|canonical_album_tracks","no","1","25423","25425","25425"
"RVTR539393","RVAR004638","Fake Love","bts","32122","RVAL569544","Love Yourself: Tear","RVAR004638","2018","2018-06-02","release_year:2018","2","yes","canonical_album_tracks|canonical_track_album_links","no","1","32120","32122","32122"
"RVTR539419","RVAR001380","Delta Lady","joe cocker","24839","RVAL402020","Joe Cocker!","RVAR001380","1969","1969-11-22","release_year:1969","8","yes","canonical_album_tracks|canonical_album_tracks|canonical_album_tracks|canonical_album_tracks|canonical_album_tracks|canonical_album_tracks|canonical_album_tracks","no","0","24837","24839","24839"
"RVTR539441","RVAR005183","Like A Rolling Stone","bob dylan","33693","RVAL466534","Highway 61 Revisited","RVAR005183","1965","1965-10-02","release_year:1965","1","yes","canonical_album_tracks|canonical_album_tracks|canonical_album_tracks|canonical_album_tracks|canonical_album_tracks|canonical_album_tracks|canonical_album_tracks|canonical_album_tracks","no","0","33673","33693","33693"
"RVTR540714","RVAR006296","I Guess That'S Why They Call It The Blues","elton john","37648","RVAL823723","Too Low For Zero","RVAR006296","1983","1983-06-11","release_year:1983","4","yes","canonical_album_tracks|canonical_album_tracks|canonical_album_tracks","no","0","37630","37648","37648"
"RVTR542448","RVAR005733","You Can Do It","ice cube","34944","RVAL775719","War & Peace Vol. 2 (The Peace Disc)","RVAR005733","2000","2000-04-08","release_year:2000","9","yes","canonical_album_tracks|canonical_album_tracks|canonical_album_tracks","no","0","34938","34944","34944"
"RVTR544318","RVAR008285","The Legend Of Wooley Swamp","The Charlie Daniels Band","41996","RVAL968756","Full Moon","RVAR008285","1980","1980-08-09","release_year:1980","1","yes","canonical_album_tracks|canonical_album_tracks","no","0","41994","41996","41996"
"RVTR545965","RVAR003313","Misty","ray stevens","29069","RVAL665096","Ray Stevens' Greatest Hits","RVAR003313","1971","1971-09-04","release_year:1971","27","yes","canonical_track_album_links|canonical_album_tracks","no","1","29067","29069","29069"
"RVTR546179","RVAR001047","Light My Fire","jose feliciano","24072","RVAL210953","Alive Alive-O!","RVAR001047","1969","1969-12-20","release_year:1969","6","yes","canonical_album_tracks|canonical_album_tracks","no","0","24075","24072","24072"
"RVTR547791","RVAR003458","Win Your Love For Me","sam cooke","29593","RVAL683113","Shake","RVAR003458","1965","1965-02-13","release_year:1965","3","yes","canonical_album_tracks|canonical_album_tracks|canonical_album_tracks","no","0","29590","29593","29590"
"RVTR548079","RVAR001379","Thunder In My Heart","leo sayer","24830","RVAL361579","Thunder In My Heart","RVAR001379","1977","1977-10-22","release_year:1977","1","yes","canonical_album_tracks|canonical_album_tracks","no","0","24828","24830","24830"
"RVTR548681","RVAR006050","Just The Same Way","journey","35598","RVAL116933","Evolution","RVAR006050","1979","1979-04-14","release_year:1979","8","yes","canonical_album_tracks|canonical_album_tracks|canonical_track_album_links","no","1","35594","35598","35598"
"RVTR549330","RVAR004650","Secret Lovers","atlantic starr","32175","RVAL694126","Atlantic Starr","RVAR004650","1978","1978-08-26","release_year:1978","7","yes","canonical_album_tracks|canonical_album_tracks","no","0","32174","32175","32175"
"RVTR550547","RVAR005891","Warm Ride","rare earth","35295","RVAL390773","Rare Earth","RVAR005891","1977","1977-10-01","release_year:1977","10","yes","canonical_track_album_links|canonical_album_tracks","no","1","35290","35295","35295"
"RVTR551349","RVAR008735","Surfin' U S A","The Beach Boys","42855","RVAL663323","Beach Boys In Concert","RVAR008735","1964","1964-11-07","release_year:1964","14","yes","canonical_album_tracks|canonical_album_tracks|canonical_album_tracks|canonical_album_tracks","no","0","42861","42855","42855"
"RVTR553073","RVAR004347","Nightbird","stevie nicks","31516","RVAL150573","The Wild Heart","RVAR004347","1983","1983-07-02","release_year:1983","5","yes","canonical_album_tracks|canonical_album_tracks","no","0","31513","31516","31516"
"RVTR553404","RVAR007096","American Soldier","toby keith","39414","RVAL632677","Toby Keith","RVAR007096","1993","1993-05-15","release_year:1993","22","yes","canonical_track_album_links|canonical_album_tracks","no","1","39410","39414","39414"
"RVTR554479","RVAR001154","Calling Dr Love","kiss","24316","RVAL283993","Rock And Roll Over","RVAR001154","1976","1976-11-20","release_year:1976","3","yes","canonical_album_tracks|canonical_album_tracks|canonical_album_tracks|canonical_album_tracks|canonical_album_tracks|canonical_album_tracks","no","0","24299","24316","24316"
"RVTR555109","RVAR006629","Forever In Blue Jeans","neil diamond","38465","RVAL926323","You Don't Bring Me Flowers","RVAR006629","1978","1978-12-16","release_year:1978","2","yes","canonical_album_tracks|canonical_album_tracks|canonical_album_tracks|canonical_album_tracks|canonical_album_tracks|canonical_album_tracks","no","0","38429","38465","38465"
"RVTR555265","RVAR008936","My Baby","The Temptations","43328","RVAL809468","Temptin' Temptations","RVAR008936","1965","1965-11-27","release_year:1965","4","yes","canonical_album_tracks|canonical_album_tracks|canonical_album_tracks","no","0","43301","43328","43328"
"RVTR555620","RVAR004102","Luanne","foreigner","30936","RVAL994965","Foreigner","RVAR004102","1977","1977-03-26","release_year:1977","6","yes","canonical_track_album_links|canonical_album_tracks|canonical_album_tracks","no","0","30928","30936","30936"
"RVTR556860","RVAR007096","As Good As I Once Was","toby keith","39414","RVAL632677","Toby Keith","RVAR007096","1993","1993-05-15","release_year:1993","31","yes","canonical_album_tracks|canonical_album_tracks","no","0","39406","39414","39414"
"RVTR557894","RVAR004462","I Dare You","shinedown","31748","RVAL912787","Us And Them","RVAR004462","2005","2005-10-22","release_year:2005","9","yes","canonical_track_album_links|canonical_album_tracks","no","1","31745","31748","31748"
"RVTR557924","RVAR008915","The Tracks Of My Tears","The Miracles","43267","RVAL498061","Live!","RVAR008915","1969","1969-02-15","release_year:1969","11","yes","canonical_album_tracks|canonical_album_tracks|canonical_track_album_links","no","1","43256","43267","43267"
"RVTR559631","RVAR006629","Kentucky Woman","neil diamond","38441","RVAL222097","Neil Diamond's Greatest Hits","RVAR006629","1968","1968-08-03","release_year:1968","8","yes","canonical_album_tracks|canonical_album_tracks|canonical_album_tracks|canonical_album_tracks|canonical_album_tracks|canonical_album_tracks|canonical_album_tracks|canonical_album_tracks|canonical_album_tracks","no","0","38420","38441","38441"
"RVTR559683","RVAR000732","I'M A Ramblin' Man","waylon jennings","23252","RVAL075451","Greatest Hits","RVAR000732","1979","1979-05-05","release_year:1979","4","yes","canonical_album_tracks|canonical_album_tracks","no","0","23259","23252","23252"
"RVTR559910","RVAR002304","Shoo Be Doo Be Doo Da Day","stevie wonder","26813","RVAL347884","Stevie Wonder Live","RVAR002304","1970","1970-04-11","release_year:1970","4","yes","canonical_album_tracks|canonical_album_tracks","no","0","26814","26813","26813"
"RVTR560599","RVAR006219","Still Loving You","scorpions","37471","RVAL401784","Love At First Sting","RVAR006219","1984","1984-03-17","release_year:1984","9","yes","canonical_album_tracks|canonical_album_tracks|canonical_album_tracks|canonical_album_tracks|canonical_album_tracks|canonical_album_tracks","no","0","37466","37471","37471"
"RVTR560880","RVAR008285","The Devil Went Down To Georgia","The Charlie Daniels Band","42000","RVAL121053","Million Mile Reflections","RVAR008285","1979","1979-05-12","release_year:1979","6","yes","canonical_album_tracks|canonical_album_tracks","no","0","41994","42000","42000"
"RVTR562688","RVAR000355","Emotion","destiny's child","22550","RVAL798279","Survivor","RVAR000355","2001","2001-05-19","release_year:2001","10","yes","canonical_album_tracks|canonical_album_tracks|canonical_album_tracks","no","0","22544","22550","22550"
"RVTR563762","RVAR005198","Lido Shuffle","boz scaggs","33761","RVAL647249","Silk Degrees","RVAR005198","1976","1976-03-20","release_year:1976","9","yes","canonical_album_tracks|canonical_album_tracks","no","0","33754","33761","33761"
"RVTR563798","RVAR006555","It'S Over","roy orbison","38252","RVAL330545","More Of Roy Orbison's Greatest Hits","RVAR006555","1964","1964-08-22","release_year:1964","1","yes","canonical_album_tracks|canonical_album_tracks|canonical_album_tracks","no","0","38257","38252","38252"
"RVTR564338","RVAR002945","A House Is Not A Home","dionne warwick","28287","RVAL533640","Make Way For Dionne Warwick","RVAR002945","1964","1964-09-12","release_year:1964","1","yes","canonical_album_tracks|canonical_album_tracks|canonical_album_tracks","no","0","28270","28287","28287"
"RVTR564563","RVAR001341","Making Love Out Of Nothing At All","air supply","24727","RVAL090818","Greatest Hits","RVAR001341","1983","1983-08-20","release_year:1983","7","yes","canonical_album_tracks|canonical_track_album_links","no","1","24732","24727","24727"
"RVTR565213","RVAR003313","Young Love","ray stevens","29069","RVAL665096","Ray Stevens' Greatest Hits","RVAR003313","1971","1971-09-04","release_year:1971","26","yes","canonical_track_album_links|canonical_album_tracks","no","1","29067","29069","29069"
"RVTR568141","RVAR006844","Welcome To My Nightmare","alice cooper","38904","RVAL747313","Welcome To My Nightmare","RVAR006844","1975","1975-03-22","release_year:1975","1","yes","canonical_album_tracks|canonical_track_album_links","no","1","38903","38904","38904"
"RVTR568587","RVAR003428","The Look Of Love","sergio mendes","29458","RVAL403056","Look Around","RVAR003428","1968","1968-03-09","release_year:1968","9","yes","canonical_album_tracks|canonical_album_tracks","no","0","29454","29458","29458"
"RVTR568590","RVAR002745","Against All Odds Take A Look At Me Now","phil collins","27766","RVAL482464","Serious Hits...Live!","RVAR002745","1990","1990-11-24","release_year:1990","2","yes","canonical_album_tracks|canonical_album_tracks","no","0","27758","27766","27766"
"RVTR569289","RVAR006991","Silent Lucidity","queensryche","39237","RVAL415782","Queensryche","RVAR006991","1983","1983-09-17","release_year:1983","20","no","canonical_album_tracks|canonical_track_album_links|canonical_album_tracks","no","2","39230","39237",""
"RVTR570049","RVAR008038","You Can'T Do That","The Beatles","41400","RVAL468343","A Hard Day's Night (Soundtrack)","RVAR008038","1964","1964-07-18","release_year:1964","11","yes","canonical_album_tracks|canonical_album_tracks","no","0","41415","41400","41400"
"RVTR570546","RVAR000836","The Tears Of A Clown","smokey robinson","23463","RVAL374169","My World: The Definitive Collection","RVAR000836","2005","2005-05-21","release_year:2005","5","yes","canonical_album_tracks|canonical_album_tracks","no","0","23469","23463","23463"
"RVTR570680","RVAR004068","Sometimes A Fantasy","billy joel","30865","RVAL387454","Glass Houses","RVAR004068","1980","1980-03-22","release_year:1980","2","yes","canonical_album_tracks|canonical_album_tracks|canonical_album_tracks","no","0","30862","30865","30865"
"RVTR571021","RVAR003684","If I Had Eyes","jack johnson","30089","RVAL047894","Sleep Through The Static","RVAR003684","2008","2008-02-23","release_year:2008","6","yes","canonical_track_album_links|canonical_album_tracks","no","1","30083","30089","30089"
"RVTR571209","RVAR008112","Rag Mama Rag","The Band","41659","RVAL102083","The Band","RVAR008112","1969","1969-10-18","release_year:1969","2","yes","canonical_album_tracks|canonical_album_tracks|canonical_album_tracks|canonical_album_tracks","no","0","41657","41659","41659"
"RVTR571951","RVAR008704","Hey You Get Off My Mountain","The Dramatics","42778","RVAL387391","Whatcha See Is Whatcha Get","RVAR008704","1972","1972-01-22","release_year:1972","12","yes","canonical_album_tracks|canonical_album_tracks","no","0","42774","42778","42778"
"RVTR572274","RVAR000746","Telefone Long Distance Love Affair","sheena easton","23288","RVAL765336","Sheena Easton","RVAR000746","1981","1981-03-14","release_year:1981","5","yes","canonical_album_tracks|canonical_album_tracks","no","0","23285","23288","23285"
"RVTR572510","RVAR005803","Landed","ben folds","35093","RVAL682984","Songs For Silverman","RVAR005803","2005","2005-05-14","release_year:2005","6","no","canonical_track_album_links|canonical_album_tracks|canonical_album_tracks","no","1","35091","35093",""
"RVTR572711","RVAR002784","Time After Time","cyndi lauper","27958","RVAL115575","She's So Unusual: A 30th Anniversary Celebration","RVAR002784","1983","1983-12-24","release_year:1983","9","yes","canonical_track_album_links|canonical_album_tracks","no","1","27960","27958","27958"
"RVTR572817","RVAR001763","Sweet Emotion","aerosmith","25726","RVAL282091","Toys In The Attic","RVAR001763","1975","1975-04-26","release_year:1975","6","yes","canonical_album_tracks|canonical_album_tracks|canonical_album_tracks|canonical_album_tracks|canonical_album_tracks|canonical_album_tracks","no","0","25716","25726","25726"
"RVTR573655","RVAR008735","409","The Beach Boys","42890","RVAL555176","Surfin' Safari","RVAR008735","1963","1963-01-05","release_year:1963","6","yes","canonical_album_tracks|canonical_album_tracks|canonical_album_tracks|canonical_album_tracks|canonical_album_tracks","no","0","42871","42890","42890"
"RVTR573791","RVAR007298","Billie Jean","michael jackson","39831","RVAL586982","Thriller","RVAR007298","1982","1982-12-25","release_year:1982","6","yes","canonical_album_tracks|canonical_album_tracks|canonical_album_tracks|canonical_album_tracks","no","0","39814","39831","39831"
"RVTR574547","RVAR007213","Read Your Mind","avant","39666","RVAL529476","Private Room","RVAR007213","2003","2003-12-27","release_year:2003","3","yes","canonical_album_tracks|canonical_track_album_links","no","0","39661","39666","39666"
"RVTR575006","RVAR002304","Heaven Help Us All","stevie wonder","26811","RVAL956055","Signed Sealed & Delivered","RVAR002304","1970","1970-08-29","release_year:1970","4","yes","canonical_album_tracks|canonical_album_tracks","no","0","26814","26811","26811"
"RVTR575339","RVAR000894","Two Sides To Every Story","etta james","23618","RVAL350942","Her Best","RVAR000894","2012","2012-02-04","release_year:2012","5","yes","canonical_album_tracks|canonical_album_tracks","no","0","23614","23618","23618"
"RVTR575387","RVAR004102","Women","foreigner","30937","RVAL702413","Head Games","RVAR004102","1979","1979-09-29","release_year:1979","11","yes","canonical_track_album_links|canonical_album_tracks|canonical_album_tracks","no","1","30929","30937","30937"
"RVTR576617","RVAR001154","Heaven'S On Fire","kiss","24307","RVAL245685","Kiss Alive! 1975 - 2000","RVAR001154","2006","2006-12-09","release_year:2006","38","yes","canonical_album_tracks|canonical_album_tracks","no","0","24306","24307","24307"
"RVTR576911","RVAR002761","Second Hand Rose","barbra streisand","27829","RVAL708353","My Name Is Barbra, Two...","RVAR002761","1965","1965-11-06","release_year:1965","6","yes","canonical_album_tracks|canonical_album_tracks|canonical_album_tracks|canonical_album_tracks|canonical_album_tracks","no","0","27799","27829","27829"
"RVTR578189","RVAR007695","Shadows Of The Night","pat benatar","40537","RVAL139226","Get Nervous","RVAR007695","1982","1982-11-20","release_year:1982","1","yes","canonical_album_tracks|canonical_album_tracks|canonical_album_tracks","no","0","40534","40537","40537"
"RVTR579341","RVAR006830","Candy Girl","new edition","38847","RVAL113110","Candy Girl","RVAR006830","1983","1983-09-03","release_year:1983","6","yes","canonical_album_tracks|canonical_album_tracks|canonical_album_tracks","no","0","38846","38847","38847"
"RVTR580151","RVAR005078","You Send Me","aretha franklin","33360","RVAL005556","Aretha Now","RVAR005078","1968","1968-07-13","release_year:1968","5","yes","canonical_album_tracks|canonical_album_tracks","no","0","33355","33360","33360"
"RVTR580288","RVAR006719","One More Mountain To Climb","ronnie dove","38642","RVAL259500","The Best Of Ronnie Dove","RVAR006719","1966","1966-04-02","release_year:1966","21","yes","canonical_album_tracks|canonical_album_tracks","no","0","38639","38642","38642"
"RVTR580881","RVAR008825","No Time","The Guess Who","43015","RVAL752963","Canned Wheat Packed by The Guess Who","RVAR008825","1969","1969-10-04","release_year:1969","1","yes","canonical_album_tracks|canonical_album_tracks|canonical_album_tracks|canonical_album_tracks|canonical_album_tracks","no","0","43013","43015","43015"
"RVTR582834","RVAR006857","Soft And Wet","prince","38932","RVAL066352","For You","RVAR006857","1978","1978-10-28","release_year:1978","3","yes","canonical_album_tracks|canonical_album_tracks|canonical_album_tracks|canonical_album_tracks","no","0","38923","38932","38932"
"RVTR583205","RVAR007929","High School Dance","The Sylvers","41259","RVAL331440","The Sylvers","RVAR007929","1973","1973-03-03","release_year:1973","7","yes","canonical_album_tracks|canonical_album_tracks","no","0","41258","41259","41259"
"RVTR584518","RVAR001763","The Other Side","aerosmith","25719","RVAL761336","Pump","RVAR001763","1989","1989-09-30","release_year:1989","6","yes","canonical_album_tracks|canonical_album_tracks|canonical_album_tracks","no","0","25702","25719","25719"
"RVTR585386","RVAR006329","Paper Sun","traffic","37718","RVAL278544","Mr. Fantasy","RVAR006329","1968","1968-04-27","release_year:1968","1","yes","canonical_album_tracks|canonical_track_album_links|canonical_album_tracks","no","1","37714","37718","37718"
"RVTR585959","RVAR000175","Rebel Rebel","david bowie","22186","RVAL848089","Diamond Dogs","RVAR000175","1974","1974-06-15","release_year:1974","6","yes","canonical_album_tracks|canonical_album_tracks|canonical_album_tracks|canonical_album_tracks|canonical_album_tracks|canonical_track_album_links|canonical_album_tracks","no","1","22180","22186","22186"
"RVTR588222","RVAR008915","Ooo Baby Baby","The Miracles","43267","RVAL498061","Live!","RVAR008915","1969","1969-02-15","release_year:1969","1","yes","canonical_album_tracks|canonical_album_tracks|canonical_track_album_links","no","1","43256","43267","43267"
"RVTR589259","RVAR001978","Broken Arrow","rod stewart","26239","RVAL027340","Vagabond Heart","RVAR001978","1991","1991-04-13","release_year:1991","3","yes","canonical_album_tracks|canonical_track_album_links","no","0","26216","26239","26239"
"RVTR591956","RVAR005676","Then You Can Tell Me Goodbye","eddy arnold","34789","RVAL531872","Walkin' In Love Land","RVAR005676","1968","1968-11-09","release_year:1968","2","yes","canonical_album_tracks|canonical_track_album_links","no","1","34776","34789","34789"
"RVTR592104","RVAR006764","Holla Holla","ja rule","38750","RVAL431500","Venni Vetti Vecci","RVAR006764","1999","1999-06-19","release_year:1999","5","yes","canonical_album_tracks|canonical_album_tracks","no","0","38744","38750","38750"
"RVTR592143","RVAR003458","Shake","sam cooke","29593","RVAL683113","Shake","RVAR003458","1965","1965-02-13","release_year:1965","1","yes","canonical_album_tracks|canonical_album_tracks|canonical_track_album_links","no","1","29590","29593","29595"
"RVTR592429","RVAR000041","Bring Me To Life","evanescence","21794","RVAL753280","Fallen","RVAR000041","2003","2003-03-22","release_year:2003","1","yes","canonical_track_album_links|canonical_album_tracks|canonical_album_tracks","no","1","21792","21794","21794"
"RVTR592989","RVAR001754","Put That Woman First","jaheim","25688","RVAL418727","Still Ghetto","RVAR001754","2002","2002-11-23","release_year:2002","5","yes","canonical_album_tracks|canonical_album_tracks","no","0","25686","25688","25688"
"RVTR593089","RVAR006857","When Doves Cry","prince","38946","RVAL955314","The Hits 1","RVAR006857","1993","1993-10-02","release_year:1993","1","yes","canonical_album_tracks|canonical_album_tracks|canonical_album_tracks|canonical_album_tracks","no","0","38923","38946","38946"
"RVTR593302","RVAR004769","Kids","mgmt","32544","RVAL252694","Oracular Spectacular","RVAR004769","2008","2008-02-16","release_year:2008","5","yes","canonical_album_tracks|canonical_track_album_links","no","1","32543","32544","32544"
"RVTR594494","RVAR008251","Back Stabbers","The O'jays","41900","RVAL272786","The O'Jays Live In London","RVAR008251","1974","1974-06-29","release_year:1974","1","yes","canonical_album_tracks|canonical_track_album_links","no","1","41901","41900","41900"
"RVTR596376","RVAR006329","Empty Pages","traffic","37715","RVAL744520","John Barleycorn Must Die","RVAR006329","1970","1970-07-11","release_year:1970","3","yes","canonical_album_tracks|canonical_album_tracks","no","0","37714","37715","37715"
"RVTR596745","RVAR001205","Mama I'M Coming Home","ozzy osbourne","24452","RVAL504590","No More Tears","RVAR001205","1991","1991-10-05","release_year:1991","3","yes","canonical_album_tracks|canonical_album_tracks|canonical_album_tracks","no","0","24450","24452","24452"
"RVTR596930","RVAR008040","Theme From A Summer Place","The Lettermen","41475","RVAL164792","The Best Of The Lettermen","RVAR008040","1966","1966-10-08","release_year:1966","7","yes","canonical_album_tracks|canonical_album_tracks","no","0","41459","41475","41475"
"RVTR597735","RVAR006296","Recover Your Soul","elton john","37640","RVAL040044","The Big Picture","RVAR006296","1997","1997-10-11","release_year:1997","8","yes","canonical_album_tracks|canonical_track_album_links","no","1","37637","37640","37640"
"RVTR597773","RVAR001066","Gypsy","shakira","24150","RVAL662312","Live & Off The Record","RVAR001066","2004","2004-04-17","release_year:2004","4","yes","canonical_album_tracks|canonical_track_album_links","no","1","24155","24150","24150"
"RVTR598102","RVAR000894","Security","etta james","23621","RVAL396159","Tell Mama","RVAR000894","1968","1968-03-09","release_year:1968","7","yes","canonical_album_tracks|canonical_album_tracks","no","0","23618","23621","23621"
"RVTR598159","RVAR006296","Your Song","elton john","37616","RVAL177254","Elton John","RVAR006296","1970","1970-10-03","release_year:1970","1","yes","canonical_album_tracks|canonical_album_tracks|canonical_album_tracks|canonical_album_tracks|canonical_album_tracks|canonical_album_tracks|canonical_album_tracks","no","0","37613","37616","37616"
"RVTR598684","RVAR000355","Lose My Breath","destiny's child","22546","RVAL904483","Destiny Fulfilled","RVAR000355","2004","2004-11-27","release_year:2004","7","yes","canonical_track_album_links|canonical_album_tracks|canonical_album_tracks","no","1","22544","22546","22546"
"RVTR600535","RVAR004452","Let'S Stay Together","al green","31730","RVAL109911","The Definitive Greatest Hits","RVAR004452","2007","2007-02-03","release_year:2007","1","yes","canonical_album_tracks|canonical_album_tracks","no","0","31732","31730","31730"
"RVTR601662","RVAR006296","Rocket Man","elton john","37621","RVAL342687","Greatest Hits","RVAR006296","1974","1974-11-23","release_year:1974","6","yes","canonical_album_tracks|canonical_album_tracks|canonical_album_tracks|canonical_track_album_links","no","1","37624","37621","37621"
"RVTR602617","RVAR003870","American Tune","paul simon","30512","RVAL630170","There Goes Rhymin' Simon","RVAR003870","1973","1973-05-26","release_year:1973","6","yes","canonical_album_tracks|canonical_album_tracks|canonical_album_tracks|canonical_album_tracks","no","0","30506","30512","30512"
"RVTR603360","RVAR003458","Bring It On Home To Me","sam cooke","29592","RVAL475710","Sam Cooke Live At The Harlem Square Club","RVAR003458","1985","1985-06-22","release_year:1985","5","yes","canonical_album_tracks|canonical_track_album_links","no","1","29590","29592","29592"
"RVTR604839","RVAR004977","Never Been To Spain","three dog night","33140","RVAL959583","Harmony","RVAR004977","1971","1971-10-23","release_year:1971","1","yes","canonical_album_tracks|canonical_album_tracks|canonical_album_tracks|canonical_track_album_links","no","1","33135","33140","33140"
"RVTR604921","RVAR005166","Under Pressure","queen","33633","RVAL070125","Greatest Hits","RVAR005166","1981","1981-11-14","release_year:1981","7","yes","canonical_album_tracks|canonical_track_album_links|canonical_album_tracks|canonical_album_tracks","no","0","33630","33633","33633"
"RVTR605975","RVAR005376","One Mic","nas","34168","RVAL285136","Stillmatic","RVAR005376","2002","2002-01-05","release_year:2002","12","yes","canonical_track_album_links|canonical_album_tracks|canonical_album_tracks","no","1","34158","34168","34168"
"RVTR607115","RVAR001754","Fabulous","jaheim","25688","RVAL418727","Still Ghetto","RVAR001754","2002","2002-11-23","release_year:2002","13","yes","canonical_track_album_links|canonical_album_tracks","no","1","25686","25688","25688"
"RVTR607320","RVAR001494","You Never Can Tell","chuck berry","25179","RVAL187264","St. Louis To Liverpool","RVAR001494","1964","1964-12-12","release_year:1964","9","yes","canonical_track_album_links|canonical_album_tracks|canonical_album_tracks|canonical_album_tracks","no","1","25177","25179","25179"
"RVTR611014","RVAR004068","You May Be Right","billy joel","30865","RVAL387454","Glass Houses","RVAR004068","1980","1980-03-22","release_year:1980","1","yes","canonical_album_tracks|canonical_album_tracks|canonical_album_tracks|canonical_album_tracks","no","0","30860","30865","30865"
"RVTR611037","RVAR003375","One Sweet Day","mariah carey","29207","RVAL302879","Daydream","RVAR003375","1995","1995-10-21","release_year:1995","3","yes","canonical_album_tracks|canonical_album_tracks|canonical_album_tracks|canonical_album_tracks","no","0","29202","29207","29207"
"RVTR611181","RVAR008856","I Need You","The Impressions","43116","RVAL685351","The Impressions Greatest Hits","RVAR008856","1965","1965-03-20","release_year:1965","7","yes","canonical_album_tracks|canonical_track_album_links","no","1","43112","43116","43116"
"RVTR611186","RVAR004337","The Closer You Get","alabama","31477","RVAL137081","The Closer You Get","RVAR004337","1983","1983-03-26","release_year:1983","1","yes","canonical_album_tracks|canonical_track_album_links|canonical_album_tracks|canonical_album_tracks","no","1","31464","31477","31477"
"RVTR612076","RVAR006085","Talking In Your Sleep","crystal gayle","35673","RVAL911786","When I Dream","RVAR006085","1978","1978-07-15","release_year:1978","9","yes","canonical_track_album_links|canonical_album_tracks","no","1","35664","35673","35673"
"RVTR612534","RVAR000746","Almost Over You","sheena easton","23288","RVAL765336","Sheena Easton","RVAR000746","1981","1981-03-14","release_year:1981","2","yes","canonical_track_album_links|canonical_album_tracks","no","1","23285","23288","23285"
"RVTR613242","RVAR000927","Love Hangover","diana ross","23782","RVAL163215","Diana Ross' Greatest Hits","RVAR000927","1976","1976-08-07","release_year:1976","2","yes","canonical_album_tracks|canonical_album_tracks|canonical_album_tracks|canonical_track_album_links","no","1","23792","23782","23782"
"RVTR613646","RVAR005729","That'D Be Alright","alan jackson","34886","RVAL721573","Drive","RVAR005729","2002","2002-02-02","release_year:2002","8","yes","canonical_album_tracks|canonical_album_tracks","no","0","34881","34886","34886"
"RVTR614024","RVAR001609","Every Little Step","bobby brown","25395","RVAL521028","Don't Be Cruel","RVAR001609","1988","1988-07-23","release_year:1988","6","yes","canonical_album_tracks|canonical_album_tracks|canonical_track_album_links","no","0","25393","25395","25395"
"RVTR614117","RVAR008038","I Am The Walrus","The Beatles","41419","RVAL130750","Magical Mystery Tour (Soundtrack)","RVAR008038","1967","1967-12-23","release_year:1967","10","yes","canonical_album_tracks|canonical_album_tracks|canonical_album_tracks|canonical_album_tracks|canonical_album_tracks|canonical_album_tracks","no","0","41417","41419","41419"
"RVTR614239","RVAR006047","Help Me Make It Through The Night","joe simon","35583","RVAL424166","The Sounds Of Simon","RVAR006047","1971","1971-04-03","release_year:1971","6","yes","canonical_album_tracks|canonical_track_album_links","no","1","35582","35583","35583"
"RVTR614452","RVAR002177","Follow Your Heart","triumph","26537","RVAL505464","Thunder Seven","RVAR002177","1984","1984-12-08","release_year:1984","6","yes","canonical_track_album_links|canonical_album_tracks","no","1","26534","26537","26537"
"RVTR615267","RVAR005932","The Word Is Out","jermaine stewart","35398","RVAL681128","The Word Is Out","RVAR005932","1985","1985-03-02","release_year:1985","1","yes","canonical_album_tracks|canonical_track_album_links","no","1","35396","35398","35398"
"RVTR616695","RVAR003574","All I Have","jennifer lopez","29830","RVAL059857","This Is Me...Then","RVAR003574","2002","2002-12-14","release_year:2002","6","yes","canonical_album_tracks|canonical_album_tracks","no","0","29823","29830","29830"
"RVTR616871","RVAR004068","Uptown Girl","billy joel","30863","RVAL818859","An Innocent Man","RVAR004068","1983","1983-08-20","release_year:1983","6","yes","canonical_album_tracks|canonical_album_tracks|canonical_album_tracks","no","0","30862","30863","30863"
"RVTR620004","RVAR003547","Coming Out Of The Dark","gloria estefan","29765","RVAL767681","Greatest Hits","RVAR003547","1992","1992-11-21","release_year:1992","10","yes","canonical_album_tracks|canonical_track_album_links","no","1","29764","29765","29765"
"RVTR621647","RVAR007802","Long Legged Girl With The Short Dress On","elvis presley","40904","RVAL584710","Double Trouble","RVAR007802","1967","1967-06-24","release_year:1967","4","yes","canonical_album_tracks|canonical_album_tracks|canonical_album_tracks","no","0","40895","40904","40895"
"RVTR622710","RVAR003135","The Gambler","kenny rogers","28656","RVAL913306","Greatest Hits","RVAR003135","1971","1971-02-20","release_year:1971","1","yes","canonical_album_tracks|canonical_album_tracks|canonical_album_tracks|canonical_album_tracks","no","0","28646","28656","28656"
"RVTR623460","RVAR000296","Sunday Morning","maroon 5","22445","RVAL925234","Songs About Jane","RVAR000296","2003","2003-05-31","release_year:2003","21","yes","canonical_track_album_links|canonical_album_tracks|canonical_album_tracks","no","1","22436","22445","22445"
"RVTR625732","RVAR001494","Promised Land","chuck berry","25179","RVAL187264","St. Louis To Liverpool","RVAR001494","1964","1964-12-12","release_year:1964","8","yes","canonical_track_album_links|canonical_album_tracks","no","1","25177","25179","25179"
"RVTR626282","RVAR006629","The Last Thing On My Mind","neil diamond","38451","RVAL523255","Stones","RVAR006629","1971","1971-11-13","release_year:1971","2","yes","canonical_track_album_links|canonical_album_tracks","no","1","38446","38451","38451"
"RVTR626794","RVAR008936","Beauty Is Only Skin Deep","The Temptations","43332","RVAL006017","The Temptations Greatest Hits","RVAR008936","1966","1966-12-17","release_year:1966","6","yes","canonical_album_tracks|canonical_album_tracks|canonical_album_tracks","no","0","43316","43332","43332"
"RVTR627262","RVAR004808","Doin It","ll cool j","32603","RVAL885852","Mr. Smith","RVAR004808","1995","1995-12-09","release_year:1995","18","yes","canonical_track_album_links|canonical_track_album_links","no","1","32597","32603","32603"
"RVTR627341","RVAR008038","Love Me Do","The Beatles","41410","RVAL078465","Introducing...The Beatles","RVAR008038","1964","1964-02-08","release_year:1964","6","yes","canonical_album_tracks|canonical_track_album_links|canonical_album_tracks|canonical_album_tracks|canonical_album_tracks|canonical_album_tracks|canonical_album_tracks|canonical_album_tracks|canonical_album_tracks|canonical_album_tracks","no","1","41398","41410","41410"
"RVTR627924","RVAR003427","More Than A Woman","tavares","29442","RVAL016233","Best Of Tavares","RVAR003427","1977","1977-10-15","release_year:1977","12","yes","canonical_track_album_links|canonical_album_tracks","no","1","29444","29442","29442"
"RVTR628338","RVAR000175","The Jean Genie","david bowie","22174","RVAL071182","Aladdin Sane","RVAR000175","1973","1973-05-12","release_year:1973","9","yes","canonical_album_tracks|canonical_album_tracks|canonical_album_tracks|canonical_album_tracks|canonical_album_tracks","no","0","22173","22174","22174"
"RVTR628358","RVAR004347","Stand Back","stevie nicks","31516","RVAL150573","The Wild Heart","RVAR004347","1983","1983-07-02","release_year:1983","6","yes","canonical_album_tracks|canonical_album_tracks|canonical_album_tracks","no","0","31513","31516","31516"
"RVTR629443","RVAR008915","Bad Girl","The Miracles","43265","RVAL358991","Greatest Hits From The Beginning","RVAR008915","1965","1965-04-17","release_year:1965","5","yes","canonical_album_tracks|canonical_album_tracks|canonical_album_tracks","no","0","43256","43265","43265"
"RVTR630123","RVAR003650","Silhouette","kenny g","30019","RVAL317393","Live","RVAR003650","1989","1989-12-09","release_year:1989","3","yes","canonical_album_tracks|canonical_album_tracks|canonical_album_tracks","no","0","30026","30019","30019"
"RVTR630615","RVAR003179","Go West","village people","28801","RVAL732142","Village People","RVAR003179","1977","1977-10-01","release_year:1977","5","yes","canonical_album_tracks|canonical_track_album_links","no","1","28797","28801","28801"
"RVTR630810","RVAR004933","We All Sleep Alone","cher","32997","RVAL140866","Cher","RVAR004933","1966","1966-10-01","release_year:1966","10","yes","canonical_album_tracks|canonical_album_tracks|canonical_album_tracks","no","0","32995","32997","32997"
"RVTR632529","RVAR007096","Whiskey Girl","toby keith","39414","RVAL632677","Toby Keith","RVAR007096","1993","1993-05-15","release_year:1993","15","yes","canonical_track_album_links|canonical_album_tracks","no","1","39410","39414","39414"
"RVTR632805","RVAR000894","Tell Mama","etta james","23621","RVAL396159","Tell Mama","RVAR000894","1968","1968-03-09","release_year:1968","1","yes","canonical_album_tracks|canonical_album_tracks","no","0","23618","23621","23621"
"RVTR633232","RVAR003427","Bad Times","tavares","29442","RVAL016233","Best Of Tavares","RVAR003427","1977","1977-10-15","release_year:1977","3","yes","canonical_album_tracks|canonical_album_tracks","no","0","29451","29442","29442"
"RVTR633476","RVAR003870","Kodachrome","paul simon","30512","RVAL630170","There Goes Rhymin' Simon","RVAR003870","1973","1973-05-26","release_year:1973","1","yes","canonical_album_tracks|canonical_album_tracks|canonical_album_tracks|canonical_album_tracks|canonical_album_tracks|canonical_album_tracks|canonical_album_tracks|canonical_album_tracks","no","0","30498","30512","30512"
"RVTR633511","RVAR001497","I Want Action","poison","25188","RVAL217191","Look What The Cat Dragged In","RVAR001497","1986","1986-08-02","release_year:1986","2","yes","canonical_album_tracks|canonical_album_tracks|canonical_album_tracks","no","0","25183","25188","25188"
"RVTR634849","RVAR000927","Ain'T No Mountain High Enough","diana ross","23781","RVAL431185","Diana Ross Live At Caesars Palace","RVAR000927","1974","1974-06-15","release_year:1974","6","yes","canonical_album_tracks|canonical_album_tracks","no","0","23780","23781","23781"
"RVTR635968","RVAR006050","Too Late","journey","35598","RVAL116933","Evolution","RVAR006050","1979","1979-04-14","release_year:1979","2","yes","canonical_album_tracks|canonical_album_tracks","no","0","35594","35598","35598"
"RVTR636044","RVAR003086","Without Your Love","roger daltrey","28541","RVAL036394","McVicar","RVAR003086","1980","1980-08-16","release_year:1980","9","yes","canonical_album_tracks|canonical_album_tracks","no","0","28539","28541","28541"
"RVTR636399","RVAR003207","Good Ride Cowboy","garth brooks","28887","RVAL908928","The Ultimate Hits","RVAR003207","2007","2007-11-24","release_year:2007","9","yes","canonical_album_tracks|canonical_album_tracks","no","0","28868","28887","28887"
"RVTR636724","RVAR005166","Tie Your Mother Down","queen","33626","RVAL326474","A Day At The Races","RVAR005166","1977","1977-01-15","release_year:1977","1","yes","canonical_album_tracks|canonical_album_tracks|canonical_album_tracks|canonical_album_tracks","no","0","33630","33626","33626"
"RVTR637823","RVAR007138","Send Me On My Way","rusted root","39503","RVAL184446","When I Woke","RVAR007138","1994","1994-09-10","release_year:1994","3","yes","canonical_album_tracks|canonical_track_album_links","no","1","39501","39503","39503"
"RVTR637924","RVAR006319","Born To Lose","ray charles","37689","RVAL052017","Modern Sounds In Country And Western Music","RVAR006319","1963","1963-01-05","release_year:1963","6","yes","canonical_album_tracks|canonical_track_album_links","no","1","37677","37689","37689"
"RVTR639068","RVAR001614","Real Love","mary j. blige","25425","RVAL515707","What's The 411?","RVAR001614","1992","1992-08-15","release_year:1992","3","yes","canonical_album_tracks|canonical_album_tracks|canonical_album_tracks|canonical_album_tracks","no","0","25423","25425","25425"
"RVTR639077","RVAR007802","Stuck On You","elvis presley","40949","RVAL554886","Golden Records Vol. 3","RVAR007802","1963","1963-09-14","release_year:1963","5","yes","canonical_album_tracks|canonical_album_tracks","no","0","40906","40949","40949"
"RVTR639408","RVAR004402","This Could Be The Night","loverboy","31614","RVAL130399","Lovin' Every Minute Of It","RVAR004402","1985","1985-09-14","release_year:1985","4","yes","canonical_album_tracks|canonical_album_tracks","no","0","31610","31614","31614"
"RVTR639413","RVAR005078","Spanish Harlem","aretha franklin","33365","RVAL064006","Aretha's Greatest Hits","RVAR005078","1971","1971-09-25","release_year:1971","1","yes","canonical_album_tracks|canonical_album_tracks|canonical_album_tracks","no","0","33363","33365","33365"
"RVTR640596","RVAR001895","With Pen In Hand","vikki carr","25971","RVAL667806","Vikki!","RVAR001895","1968","1968-03-23","release_year:1968","6","no","canonical_track_album_links|canonical_album_tracks","no","1","25962","25971",""
"RVTR640989","RVAR004559","White Room","cream","31942","RVAL834128","Wheels Of Fire","RVAR004559","1968","1968-07-13","release_year:1968","1","yes","canonical_album_tracks|canonical_album_tracks|canonical_album_tracks","no","0","31938","31942","31942"
"RVTR641815","RVAR006691","She'S Just My Style","gary lewis and the playboys","38588","RVAL014402","She's Just My Style","RVAR006691","1966","1966-03-12","release_year:1966","12","yes","canonical_album_tracks|canonical_album_tracks","no","0","38581","38588","38588"
"RVTR642987","RVAR002696","As Tears Go By","marianne faithfull","27636","RVAL882025","Marianne Faithfull","RVAR002696","1965","1965-06-05","release_year:1965","7","yes","canonical_album_tracks|canonical_track_album_links|canonical_album_tracks","no","1","27630","27636","27636"
"RVTR644592","RVAR005816","Bad Bad Leroy Brown","jim croce","35117","RVAL579707","Life And Times","RVAR005816","1973","1973-02-17","release_year:1973","8","yes","canonical_album_tracks|canonical_album_tracks|canonical_album_tracks","no","0","35115","35117","35117"
"RVTR646248","RVAR006371","Pretty In Pink","psychedelic furs","37776","RVAL346038","Talk Talk Talk","RVAR006371","1981","1981-06-27","release_year:1981","6","yes","canonical_album_tracks|canonical_album_tracks","no","0","37771","37776","37776"
"RVTR646421","RVAR002526","It Ain'T Enough","corey hart","27371","RVAL255275","First Offense","RVAR002526","1984","1984-07-14","release_year:1984","4","yes","canonical_album_tracks|canonical_album_tracks","no","0","27369","27371","27371"
"RVTR646559","RVAR000175","Fashion","david bowie","22204","RVAL532589","Scary Monsters","RVAR000175","1980","1980-10-04","release_year:1980","2","yes","canonical_album_tracks|canonical_album_tracks|canonical_album_tracks|canonical_track_album_links","no","1","22182","22204","22204"
"RVTR646945","RVAR004161","Pink Houses","john mellencamp","31088","RVAL615820","Uh Huh","RVAR004161","1983","1983-11-05","release_year:1983","2","yes","canonical_album_tracks|canonical_album_tracks|canonical_album_tracks","no","0","31085","31088","31088"
"RVTR648022","RVAR007209","Tell Me Why","bobby vinton","39646","RVAL310017","Tell Me Why","RVAR007209","1964","1964-07-25","release_year:1964","6","yes","canonical_album_tracks|canonical_album_tracks|canonical_album_tracks|canonical_album_tracks","no","0","39627","39646","39646"
"RVTR649453","RVAR002621","Indian Outlaw","tim mcgraw","27505","RVAL185326","Not A Moment Too Soon","RVAR002621","1994","1994-04-09","release_year:1994","6","yes","canonical_album_tracks|canonical_album_tracks|canonical_album_tracks","no","0","27492","27505","27505"
"RVTR649638","RVAR007314","Cafe Amore","spyro gyra","39853","RVAL845109","Spyro Gyra","RVAR007314","1978","1978-05-20","release_year:1978","2","yes","canonical_album_tracks|canonical_album_tracks","no","0","39844","39853","39853"
"RVTR649939","RVAR008038","Twist And Shout","The Beatles","41438","RVAL248835","The Beatles At The Hollywood Bowl","RVAR008038","1977","1977-05-21","release_year:1977","1","yes","canonical_album_tracks|canonical_album_tracks|canonical_album_tracks|canonical_album_tracks","no","0","41449","41438","41438"
"RVTR650327","RVAR003593","Rock Me Baby","david cassidy","29904","RVAL078366","Rock Me Baby","RVAR003593","1972","1972-11-11","release_year:1972","1","yes","canonical_album_tracks|canonical_album_tracks|canonical_album_tracks","no","0","29903","29904","29904"
"RVTR650398","RVAR006116","Regret","new order","35731","RVAL683014","Republic","RVAR006116","1993","1993-05-29","release_year:1993","1","yes","canonical_album_tracks|canonical_album_tracks","no","0","35726","35731","35731"
"RVTR650470","RVAR000939","All The Way Home","tamar braxton","23822","RVAL632003","Tamar","RVAR000939","2000","2000-04-08","release_year:2000","14","yes","canonical_track_album_links|canonical_album_tracks","no","1","23821","23822","23822"
"RVTR650699","RVAR005198","Miss Sun","boz scaggs","33758","RVAL180102","My Time","RVAR005198","1972","1972-09-23","release_year:1972","25","yes","canonical_track_album_links|canonical_album_tracks","no","1","33754","33758","33758"
"RVTR651036","RVAR001154","A World Without Heroes","kiss","24312","RVAL516031","MTV Unplugged","RVAR001154","1996","1996-03-30","release_year:1996","7","yes","canonical_album_tracks|canonical_track_album_links","no","1","24306","24312","24306"
"RVTR651424","RVAR008368","People Are Strange","The Doors","42124","RVAL959799","Strange Days","RVAR008368","1967","1967-11-04","release_year:1967","2","yes","canonical_track_album_links|canonical_album_tracks|canonical_album_tracks|canonical_album_tracks|canonical_album_tracks|canonical_album_tracks|canonical_album_tracks","no","1","42110","42124","42124"
"RVTR651487","RVAR002761","What Kind Of Fool","barbra streisand","27817","RVAL663266","Guilty","RVAR002761","1980","1980-10-11","release_year:1980","6","yes","canonical_album_tracks|canonical_album_tracks|canonical_album_tracks|canonical_album_tracks|canonical_track_album_links","no","1","27811","27817","27817"
"RVTR652013","RVAR000726","Baroque A Nova","mason williams","23242","RVAL319269","The Mason Williams Phonograph Record","RVAR000726","1968","1968-06-29","release_year:1968","9","yes","canonical_album_tracks|canonical_track_album_links","no","1","23241","23242","23242"
"RVTR652375","RVAR008111","Jessica","The Allman Brothers Band","41644","RVAL026908","The Best Of Allman Brothers Band: 20th Century Masters: The Millennium Coll","RVAR008111","1981","1981-11-21","release_year:1981","8","yes","canonical_album_tracks|canonical_album_tracks|canonical_album_tracks|canonical_track_album_links","no","1","41623","41644","41644"
"RVTR652864","RVAR000918","Let'S Get It On","marvin gaye","23736","RVAL372531","Marvin Gaye's Greatest Hits","RVAR000918","1964","1964-05-30","release_year:1964","1","yes","canonical_album_tracks|canonical_album_tracks|canonical_album_tracks|canonical_album_tracks|canonical_album_tracks|canonical_album_tracks|canonical_album_tracks","no","0","23722","23736","23736"
"RVTR653355","RVAR000643","Wanted Dead Or Alive","bon jovi","23091","RVAL177712","Slippery When Wet","RVAR000643","1986","1986-09-13","release_year:1986","6","yes","canonical_album_tracks|canonical_album_tracks|canonical_album_tracks|canonical_album_tracks|canonical_album_tracks","no","0","23082","23091","23091"
"RVTR653554","RVAR006219","Rhythm Of Love","scorpions","37476","RVAL414540","Savage Amusement","RVAR006219","1988","1988-05-07","release_year:1988","2","yes","canonical_album_tracks|canonical_album_tracks|canonical_album_tracks|canonical_album_tracks","no","0","37466","37476","37476"
"RVTR653956","RVAR008443","Brown Sugar","The Rolling Stones","42310","RVAL381711","Sticky Fingers","RVAR008443","1971","1971-05-15","release_year:1971","1","yes","canonical_album_tracks|canonical_track_album_links|canonical_album_tracks|canonical_album_tracks|canonical_album_tracks|canonical_album_tracks|canonical_album_tracks","no","0","42291","42310","42310"
"RVTR654301","RVAR000732","Are You Sure Hank Done It This Way","waylon jennings","23253","RVAL937301","Honky Tonk Heroes","RVAR000732","1973","1973-08-11","release_year:1973","1","yes","canonical_album_tracks|canonical_album_tracks|canonical_album_tracks|canonical_album_tracks","no","0","23250","23253","23253"
"RVTR654480","RVAR008443","Wild Horses","The Rolling Stones","42310","RVAL381711","Sticky Fingers","RVAR008443","1971","1971-05-15","release_year:1971","3","yes","canonical_album_tracks|canonical_track_album_links|canonical_album_tracks|canonical_album_tracks|canonical_album_tracks","no","0","42291","42310","42310"
"RVTR656463","RVAR004307","Losing Grip","avril lavigne","31393","RVAL023148","Let Go","RVAR004307","2002","2002-06-22","release_year:2002","1","yes","canonical_album_tracks|canonical_track_album_links","no","0","31391","31393","31393"
"RVTR656471","RVAR002304","Never Had A Dream Come True","stevie wonder","26811","RVAL956055","Signed Sealed & Delivered","RVAR002304","1970","1970-08-29","release_year:1970","1","yes","canonical_album_tracks|canonical_album_tracks","no","0","26814","26811","26811"
"RVTR658831","RVAR008069","Wish I Could Fly Like Superman","The Kinks","41551","RVAL346476","Low Budget","RVAR008069","1979","1979-07-28","release_year:1979","5","yes","canonical_album_tracks|canonical_album_tracks","no","0","41542","41551","41551"
"RVTR659097","RVAR008576","Message In A Bottle","The Police","42552","RVAL405941","Reggatta De Blanc","RVAR008576","1979","1979-11-03","release_year:1979","1","yes","canonical_album_tracks|canonical_album_tracks|canonical_track_album_links","no","1","42550","42552","42552"
"RVTR660008","RVAR004839","Wishing You Were Here","chicago","32684","RVAL732077","Chicago IX: Chicago's Greatest Hits","RVAR004839","1975","1975-11-29","release_year:1975","8","yes","canonical_album_tracks|canonical_track_album_links|canonical_album_tracks","no","1","32674","32684","32684"
"RVTR660745","RVAR004782","You Could Be Mine","guns n' roses","32570","RVAL778055","Live Era '87 -- '93","RVAR004782","1999","1999-12-18","release_year:1999","15","yes","canonical_album_tracks|canonical_album_tracks","no","0","32569","32570","32570"
"RVTR660843","RVAR001307","You","rita coolidge","24651","RVAL572412","Rita Coolidge","RVAR001307","1971","1971-04-03","release_year:1971","6","yes","canonical_album_tracks|canonical_album_tracks","no","0","24649","24651","24651"
"RVTR660856","RVAR002101","Kiss Of Life","sade","26432","RVAL827176","Love Deluxe","RVAR002101","1992","1992-11-21","release_year:1992","5","yes","canonical_album_tracks|canonical_album_tracks|canonical_album_tracks","no","0","26438","26432","26432"
"RVTR661188","RVAR003575","Cotton Jenny","anne murray","29856","RVAL230836","Talk It Over In The Morning","RVAR003575","1971","1971-10-09","release_year:1971","10","yes","canonical_album_tracks|canonical_album_tracks|canonical_album_tracks","no","0","29840","29856","29856"
"RVTR661281","RVAR003517","Puppy Love","paul anka","29706","RVAL395123","Paul Anka's 21 Golden Hits","RVAR003517","1963","1963-01-05","release_year:1963","20","yes","canonical_track_album_links|canonical_album_tracks","no","1","29694","29706","29706"
"RVTR661442","RVAR004489","Almost There","andy williams","31776","RVAL899814","Dear Heart","RVAR004489","1965","1965-04-10","release_year:1965","9","yes","canonical_album_tracks|canonical_album_tracks|canonical_album_tracks","no","0","31771","31776","31776"
"RVTR661679","RVAR003340","Angel Baby","dean martin","29114","RVAL592289","The Best Of Dean Martin","RVAR003340","1966","1966-12-17","release_year:1966","10","yes","canonical_album_tracks|canonical_track_album_links","no","0","29102","29114","29114"
"RVTR662089","RVAR004068","I Go To Extremes","billy joel","30875","RVAL676898","Storm Front","RVAR004068","1989","1989-11-04","release_year:1989","4","yes","canonical_album_tracks|canonical_album_tracks|canonical_album_tracks","no","0","30860","30875","30875"
"RVTR662170","RVAR002402","You Got That Right","lynyrd skynyrd","27128","RVAL229075","Street Survivors","RVAR002402","1977","1977-11-05","release_year:1977","5","yes","canonical_album_tracks|canonical_album_tracks|canonical_album_tracks|canonical_album_tracks|canonical_album_tracks","no","0","27123","27128","27128"
"RVTR663482","RVAR000918","Your Precious Love","marvin gaye","23731","RVAL163241","Marvin Gaye And His Girls","RVAR000918","1969","1969-06-14","release_year:1969","5","yes","canonical_album_tracks|canonical_album_tracks|canonical_album_tracks|canonical_album_tracks","no","0","23722","23731","23732"
"RVTR665064","RVAR005816","Time In A Bottle","jim croce","35121","RVAL299334","You Don't Mess Around With Jim","RVAR005816","1972","1972-07-01","release_year:1972","8","yes","canonical_album_tracks|canonical_album_tracks|canonical_album_tracks|canonical_album_tracks","no","0","35115","35121","35121"
"RVTR665354","RVAR008273","Won'T Get Fooled Again","The Who","41963","RVAL481594","The Kids Are Alright (Soundtrack)","RVAR008273","1979","1979-06-30","release_year:1979","4","yes","canonical_album_tracks|canonical_album_tracks|canonical_album_tracks","no","0","41953","41963","41963"
"RVTR665616","RVAR003797","New World Man","rush","30341","RVAL239990","Signals","RVAR003797","1982","1982-10-02","release_year:1982","6","yes","canonical_album_tracks|canonical_album_tracks|canonical_album_tracks","no","0","30321","30341","30341"
"RVTR667380","RVAR007696","When Joanna Loved Me","tony bennett","40571","RVAL355635","The Many Moods Of Tony","RVAR007696","1964","1964-02-22","release_year:1964","2","yes","canonical_album_tracks|canonical_album_tracks|canonical_album_tracks|canonical_album_tracks","no","0","40560","40571","40571"
"RVTR667387","RVAR005078","Respect","aretha franklin","33369","RVAL308433","I Never Loved A Man The Way I Love You","RVAR005078","1967","1967-04-08","release_year:1967","1","yes","canonical_album_tracks|canonical_album_tracks|canonical_album_tracks|canonical_album_tracks|canonical_album_tracks|canonical_album_tracks|canonical_album_tracks|canonical_album_tracks|canonical_album_tracks","no","0","33363","33369","33369"
"RVTR668109","RVAR005766","Last Dance","donna summer","34988","RVAL778198","On The Radio: Greatest Hits: Volumes I & II","RVAR005766","1979","1979-11-03","release_year:1979","11","yes","canonical_track_album_links|canonical_album_tracks|canonical_album_tracks|canonical_album_tracks|canonical_album_tracks","no","1","34981","34988","34988"
"RVTR669314","RVAR005678","Do I Have To Say The Words","bryan adams","34803","RVAL653293","Waking Up The Neighbours","RVAR005678","1991","1991-10-12","release_year:1991","3","yes","canonical_track_album_links|canonical_album_tracks","no","1","34801","34803","34803"
"RVTR670476","RVAR007802","Surrender","elvis presley","40949","RVAL554886","Golden Records Vol. 3","RVAR007802","1963","1963-09-14","release_year:1963","4","yes","canonical_track_album_links|canonical_album_tracks|canonical_album_tracks","no","1","40948","40949","40949"
"RVTR670742","RVAR008069","Come Dancing","The Kinks","41563","RVAL735500","State Of Confusion","RVAR008069","1983","1983-06-11","release_year:1983","4","yes","canonical_album_tracks|canonical_album_tracks|canonical_album_tracks","no","0","41542","41563","41563"
"RVTR671728","RVAR004220","Peg","steely dan","31211","RVAL911915","Aja","RVAR004220","1977","1977-10-15","release_year:1977","4","yes","canonical_album_tracks|canonical_album_tracks|canonical_album_tracks","no","0","31210","31211","31211"
"RVTR672056","RVAR006857","I Wanna Be Your Lover","prince","38940","RVAL242151","Prince","RVAR006857","1979","1979-11-17","release_year:1979","1","yes","canonical_album_tracks|canonical_album_tracks|canonical_album_tracks|canonical_album_tracks|canonical_album_tracks","no","0","38923","38940","38940"
"RVTR672475","RVAR008752","I Like Your Lovin' Do You Like Mine","The Chi-lites","42920","RVAL282495","The Chi-Lites Greatest Hits","RVAR008752","1972","1972-10-21","release_year:1972","4","yes","canonical_album_tracks|canonical_album_tracks","no","0","42916","42920","42920"
"RVTR674262","RVAR003135","Crazy","kenny rogers","28684","RVAL505423","What About Me","RVAR003135","1984","1984-09-22","release_year:1984","2","yes","canonical_track_album_links|canonical_album_tracks","no","1","28646","28684","28684"
"RVTR677167","RVAR001422","Early In The Morning","buddy holly","24971","RVAL479062","The Buddy Holly Story","RVAR001422","1963","1963-01-05","release_year:1963","2","yes","canonical_album_tracks|canonical_album_tracks","no","0","24969","24971","24971"
"RVTR677343","RVAR001379","Easy To Love","leo sayer","24830","RVAL361579","Thunder In My Heart","RVAR001379","1977","1977-10-22","release_year:1977","2","yes","canonical_album_tracks|canonical_album_tracks","no","0","24828","24830","24830"
"RVTR677504","RVAR005766","I Feel Love","donna summer","34984","RVAL499402","I Remember Yesterday","RVAR005766","1977","1977-06-04","release_year:1977","8","yes","canonical_album_tracks|canonical_album_tracks|canonical_album_tracks|canonical_album_tracks|canonical_album_tracks|canonical_album_tracks|canonical_album_tracks|canonical_album_tracks","no","0","34980","34984","34984"
"RVTR677705","RVAR003458","Nothing Can Change This Love","sam cooke","29592","RVAL475710","Sam Cooke Live At The Harlem Square Club","RVAR003458","1985","1985-06-22","release_year:1985","9","yes","canonical_album_tracks|canonical_track_album_links","no","1","29590","29592","29592"
"RVTR678114","RVAR002304","Superstition","stevie wonder","26816","RVAL502887","Talking Book","RVAR002304","1972","1972-11-18","release_year:1972","4","yes","canonical_track_album_links|canonical_album_tracks|canonical_album_tracks|canonical_album_tracks","no","1","26810","26816","26816"
"RVTR678819","RVAR000918","If I Could Build My Whole World Around You","marvin gaye","23732","RVAL585441","Marvin Gaye Anthology","RVAR000918","1974","1974-04-20","release_year:1974","12","yes","canonical_album_tracks|canonical_album_tracks|canonical_album_tracks","no","0","23722","23732","23732"
"RVTR680372","RVAR002344","Silly Love Songs","wings","26909","RVAL553252","At The Speed Of Sound","RVAR002344","1976","1976-04-10","release_year:1976","7","yes","canonical_album_tracks|canonical_album_tracks","no","0","26914","26909","26909"
"RVTR680693","RVAR008069","Don'T Forget To Dance","The Kinks","41563","RVAL735500","State Of Confusion","RVAR008069","1983","1983-06-11","release_year:1983","6","yes","canonical_album_tracks|canonical_album_tracks","no","0","41542","41563","41563"
"RVTR681868","RVAR008545","Automatic","The Pointer Sisters","42503","RVAL029530","The Best Of The Pointer Sisters","RVAR008545","1976","1976-12-04","release_year:1976","8","yes","canonical_album_tracks|canonical_album_tracks","no","0","42490","42503","42503"
"RVTR681914","RVAR000296","This Love","maroon 5","22445","RVAL925234","Songs About Jane","RVAR000296","2003","2003-05-31","release_year:2003","23","yes","canonical_track_album_links|canonical_album_tracks|canonical_album_tracks","no","1","22436","22445","22445"
"RVTR681994","RVAR007335","Hush","deep purple","39898","RVAL965038","Shades Of Deep Purple","RVAR007335","1968","1968-09-07","release_year:1968","7","yes","canonical_track_album_links|canonical_album_tracks","no","1","39883","39898","39898"
"RVTR682151","RVAR007314","Morning Dance","spyro gyra","39853","RVAL845109","Spyro Gyra","RVAR007314","1978","1978-05-20","release_year:1978","4","yes","canonical_album_tracks|canonical_album_tracks|canonical_album_tracks","no","0","39841","39853","39853"
"RVTR683172","RVAR002621","The Cowboy In Me","tim mcgraw","27507","RVAL100515","Set This Circus Down","RVAR002621","2001","2001-05-12","release_year:2001","1","yes","canonical_album_tracks|canonical_album_tracks|canonical_album_tracks","no","0","27506","27507","27507"
"RVTR683599","RVAR004365","Unusually Unusual","lonestar","31548","RVAL271515","Lonestar","RVAR004365","1996","1996-03-02","release_year:1996","9","yes","canonical_album_tracks|canonical_album_tracks","no","0","31544","31548","31548"
"RVTR683657","RVAR006629","You Got To Me","neil diamond","38435","RVAL696223","Just For You","RVAR006629","1967","1967-09-16","release_year:1967","9","yes","canonical_album_tracks|canonical_album_tracks|canonical_album_tracks|canonical_album_tracks|canonical_album_tracks|canonical_album_tracks|canonical_album_tracks|canonical_album_tracks|canonical_album_tracks","no","0","38420","38435","38435"
"RVTR684917","RVAR006833","Hard To Handle","otis redding","38873","RVAL245223","The Immortal Otis Redding","RVAR006833","1968","1968-07-20","release_year:1968","4","yes","canonical_album_tracks|canonical_album_tracks","no","0","38869","38873","38873"
"RVTR685860","RVAR006916","The Anthem","pitbull","39049","RVAL722136","The Boatlift","RVAR006916","2007","2007-12-15","release_year:2007","7","yes","canonical_album_tracks|canonical_album_tracks","no","0","39046","39049","39046"
"RVTR685979","RVAR003086","Free Me","roger daltrey","28541","RVAL036394","McVicar","RVAR003086","1980","1980-08-16","release_year:1980","5","yes","canonical_album_tracks|canonical_album_tracks","no","0","28539","28541","28541"
"RVTR686113","RVAR008735","Wouldn'T It Be Nice","The Beach Boys","42855","RVAL663323","Beach Boys In Concert","RVAR008735","1964","1964-11-07","release_year:1964","3","yes","canonical_album_tracks|canonical_album_tracks","no","0","42876","42855","42855"
"RVTR688045","RVAR000216","The Rose","bette midler","22289","RVAL133412","Experience The Divine: Greatest Hits","RVAR000216","1993","1993-07-10","release_year:1993","7","yes","canonical_album_tracks|canonical_album_tracks","no","0","22291","22289","22289"
"RVTR691903","RVAR000746","Sugar Walls","sheena easton","23288","RVAL765336","Sheena Easton","RVAR000746","1981","1981-03-14","release_year:1981","4","yes","canonical_album_tracks|canonical_album_tracks","no","0","23284","23288","23284"
"RVTR692519","RVAR006584","Do What You Gotta Do","nina simone","38348","RVAL480426","The Best Of Nina Simone","RVAR006584","1969","1969-04-19","release_year:1969","8","yes","canonical_track_album_links|canonical_album_tracks","no","1","38343","38348","38348"
"RVTR692679","RVAR002621","Watch The Wind Blow By","tim mcgraw","27511","RVAL608268","Tim McGraw And The Dancehall Doctors","RVAR002621","2002","2002-12-14","release_year:2002","6","yes","canonical_album_tracks|canonical_album_tracks|canonical_album_tracks|canonical_album_tracks","no","0","27504","27511","27511"
"RVTR692779","RVAR008726","Grazing In The Grass","The Friends Of Distinction","42837","RVAL584645","Grazin'","RVAR008726","1969","1969-05-03","release_year:1969","1","yes","canonical_album_tracks|canonical_track_album_links","no","0","42836","42837","42837"
"RVTR695189","RVAR005102","Dreams Of The Everyday Housewife","glen campbell","33458","RVAL231465","Wichita Lineman","RVAR005102","1968","1968-11-16","release_year:1968","7","yes","canonical_album_tracks|canonical_track_album_links|canonical_album_tracks|canonical_album_tracks","no","1","33433","33458","33458"
"RVTR695364","RVAR006833","Just One More Day","otis redding","38874","RVAL197928","The Soul Album","RVAR006833","1966","1966-04-30","release_year:1966","1","yes","canonical_album_tracks|canonical_album_tracks|canonical_album_tracks|canonical_album_tracks","no","1","38863","38874","38874"
"RVTR695708","RVAR007929","Cotton Candy","The Sylvers","41259","RVAL331440","The Sylvers","RVAR007929","1973","1973-03-03","release_year:1973","5","yes","canonical_album_tracks|canonical_album_tracks","no","0","41257","41259","41259"
"RVTR695871","RVAR002420","Don'T Laugh At Me","mark wills","27148","RVAL385554","Greatest Hits","RVAR002420","1964","1964-05-30","release_year:1964","4","yes","canonical_album_tracks|canonical_album_tracks","no","0","27151","27148","27148"
"RVTR696537","RVAR008069","Do It Again","The Kinks","41572","RVAL366525","Word Of Mouth","RVAR008069","1984","1984-12-15","release_year:1984","1","yes","canonical_album_tracks|canonical_track_album_links","no","1","41542","41572","41572"
"RVTR697473","RVAR003827","Too Young To Fall In Love","motley crue","30416","RVAL414908","Shout At The Devil","RVAR003827","1983","1983-10-15","release_year:1983","7","yes","canonical_album_tracks|canonical_album_tracks","no","0","30411","30416","30416"
"RVTR697811","RVAR000070","She Looks So Perfect","5 seconds of summer","21839","RVAL551339","She Looks So Perfect (EP)","RVAR000070","2014","2014-04-19","release_year:2014","9","yes","canonical_album_tracks|canonical_album_tracks","no","2","21837","21839","21839"
"RVTR700477","RVAR003190","What Cha Gonna Do With My Lovin'","stephanie mills","28827","RVAL083625","What Cha Gonna Do With My Lovin'","RVAR003190","1979","1979-05-19","release_year:1979","1","yes","canonical_album_tracks|canonical_album_tracks","no","0","28824","28827","28827"
"RVTR701927","RVAR001957","Gone Gone Gone","phillip phillips","26146","RVAL670792","The World From The Side Of The Moon","RVAR001957","2012","2012-12-08","release_year:2012","13","yes","canonical_track_album_links|canonical_album_tracks","no","1","26145","26146","26146"
"RVTR702655","RVAR007727","Born In The U S A","bruce springsteen","40681","RVAL275644","Born In The U.S.A.","RVAR007727","1984","1984-06-23","release_year:1984","1","yes","canonical_album_tracks|canonical_album_tracks|canonical_album_tracks|canonical_album_tracks","no","0","40679","40681","40681"
"RVTR702772","RVAR007695","Love Is A Battlefield","pat benatar","40543","RVAL598213","Live From Earth","RVAR007695","1983","1983-10-15","release_year:1983","9","yes","canonical_album_tracks|canonical_album_tracks|canonical_album_tracks|canonical_album_tracks","no","0","40534","40543","40543"
"RVTR704330","RVAR004623","Tennis Court","lorde","32099","RVAL221107","The Love Club EP","RVAR004623","2013","2013-06-29","release_year:2013","1","yes","canonical_album_tracks|canonical_track_album_links","no","1","32098","32099","32099"
"RVTR705333","RVAR008379","High","The Cure","42163","RVAL358311","Wish","RVAR008379","1992","1992-05-09","release_year:1992","2","yes","canonical_album_tracks|canonical_album_tracks","no","0","42156","42163","42156"
"RVTR705751","RVAR008735","Sloop John B","The Beach Boys","42855","RVAL663323","Beach Boys In Concert","RVAR008735","1964","1964-11-07","release_year:1964","12","yes","canonical_album_tracks|canonical_album_tracks|canonical_album_tracks","no","0","42876","42855","42855"
"RVTR706510","RVAR003870","Me And Julio Down By The Schoolyard","paul simon","30500","RVAL818964","Paul Simon","RVAR003870","1972","1972-02-12","release_year:1972","6","yes","canonical_album_tracks|canonical_album_tracks|canonical_album_tracks|canonical_album_tracks|canonical_album_tracks","no","0","30498","30500","30500"
"RVTR707408","RVAR003636","It'S Not Unusual","tom jones","29987","RVAL142390","Tom Jones Live!","RVAR003636","1969","1969-03-15","release_year:1969","3","yes","canonical_album_tracks|canonical_album_tracks","no","0","29986","29987","29987"
"RVTR707568","RVAR007802","Puppet On A String","elvis presley","40948","RVAL421393","Girl Happy","RVAR007802","1965","1965-04-17","release_year:1965","7","yes","canonical_track_album_links|canonical_album_tracks","no","0","40920","40948","40948"
"RVTR708506","RVAR007696","Smile","tony bennett","40556","RVAL702635","I Left My Heart In San Francisco","RVAR007696","1963","1963-01-05","release_year:1963","4","yes","canonical_album_tracks|canonical_album_tracks|canonical_album_tracks|canonical_album_tracks","no","0","40552","40556","40556"
"RVTR708534","RVAR008545","Neutron Dance","The Pointer Sisters","42503","RVAL029530","The Best Of The Pointer Sisters","RVAR008545","1976","1976-12-04","release_year:1976","29","yes","canonical_album_tracks|canonical_album_tracks","no","0","42490","42503","42503"
"RVTR708816","RVAR004365","Smile","lonestar","31548","RVAL271515","Lonestar","RVAR004365","1996","1996-03-02","release_year:1996","10","yes","canonical_album_tracks|canonical_album_tracks|canonical_album_tracks","no","0","31547","31548","31548"
"RVTR709455","RVAR003969","A Different Corner","george michael","30653","RVAL310476","Ladies & Gentlemen: The Best Of George Michael","RVAR003969","1998","1998-11-28","release_year:1998","24","yes","canonical_track_album_links|canonical_album_tracks","no","0","30658","30653","30653"
"RVTR709866","RVAR001658","Forget Him","bobby rydell","25520","RVAL554171","The Top Hits Of 1963","RVAR001658","1964","1964-01-18","release_year:1964","7","yes","canonical_album_tracks|canonical_track_album_links","no","1","25519","25520","25520"
"RVTR710817","RVAR006962","Hijackin' Love","johnnie taylor","39175","RVAL452627","Johnnie Taylor's Greatest Hits","RVAR006962","1970","1970-12-19","release_year:1970","15","yes","canonical_album_tracks|canonical_album_tracks","no","0","39180","39175","39175"
"RVTR712105","RVAR006050","Anytime","journey","35604","RVAL681787","Infinity","RVAR006050","1978","1978-02-11","release_year:1978","3","yes","canonical_album_tracks|canonical_album_tracks","no","0","35594","35604","35604"
"RVTR713422","RVAR003375","Shake It Off","mariah carey","29211","RVAL094393","Greatest Hits","RVAR003375","2001","2001-12-22","release_year:2001","10","yes","canonical_album_tracks|canonical_track_album_links","no","1","29221","29211","29211"
"RVTR714520","RVAR008273","5 15","The Who","41961","RVAL571063","Quadrophenia","RVAR008273","1973","1973-11-10","release_year:1973","4","yes","canonical_album_tracks|canonical_album_tracks|canonical_album_tracks","no","0","41953","41961","41961"
"RVTR715174","RVAR008443","Rock And A Hard Place","The Rolling Stones","42309","RVAL358188","Steel Wheels","RVAR008443","1989","1989-09-16","release_year:1989","12","yes","canonical_track_album_links|canonical_album_tracks|canonical_album_tracks","no","1","42284","42309","42309"
"RVTR715300","RVAR004462","Sound Of Madness","shinedown","31746","RVAL441199","The Sound Of Madness","RVAR004462","2008","2008-07-12","release_year:2008","2","yes","canonical_track_album_links|canonical_album_tracks","no","1","31745","31746","31746"
"RVTR716114","RVAR005102","Southern Nights","glen campbell","33454","RVAL016147","Southern Nights","RVAR005102","1977","1977-03-19","release_year:1977","1","yes","canonical_album_tracks|canonical_album_tracks|canonical_album_tracks|canonical_album_tracks","no","0","33433","33454","33454"
"RVTR716242","RVAR001015","Close The Door","teddy pendergrass","23975","RVAL279741","Teddy Pendergrass","RVAR001015","1977","1977-03-19","release_year:1977","1","yes","canonical_album_tracks|canonical_album_tracks|canonical_album_tracks","no","0","23969","23975","23975"
"RVTR716255","RVAR004933","Bang Bang My Baby Shot Me Down","cher","33016","RVAL683268","The Sonny Side Of Cher","RVAR004933","1966","1966-04-23","release_year:1966","9","yes","canonical_album_tracks|canonical_album_tracks|canonical_album_tracks|canonical_album_tracks","no","0","33015","33016","33016"
"RVTR716279","RVAR008795","She Is Still A Mystery","The Lovin' Spoonful","42969","RVAL839883","Everything Playing","RVAR008795","1968","1968-01-20","release_year:1968","1","yes","canonical_album_tracks|canonical_album_tracks","no","0","42966","42969","42969"
"RVTR716291","RVAR001203","Oh","ciara","24439","RVAL317280","Goodies","RVAR001203","2004","2004-10-16","release_year:2004","5","yes","canonical_album_tracks|canonical_track_album_links","no","1","24436","24439","24439"
"RVTR716320","RVAR004365","Amazed","lonestar","31548","RVAL271515","Lonestar","RVAR004365","1996","1996-03-02","release_year:1996","14","yes","canonical_album_tracks|canonical_album_tracks|canonical_album_tracks","no","0","31547","31548","31548"
"RVTR716491","RVAR005885","Stand Up","david lee roth","35269","RVAL524192","Skyscraper","RVAR005885","1988","1988-02-13","release_year:1988","9","yes","canonical_album_tracks|canonical_track_album_links","no","1","35267","35269","35269"
"RVTR716810","RVAR007314","Catching The Sun","spyro gyra","39853","RVAL845109","Spyro Gyra","RVAR007314","1978","1978-05-20","release_year:1978","13","yes","canonical_album_tracks|canonical_album_tracks","no","0","39845","39853","39853"
"RVTR716880","RVAR005892","A Little Respect","erasure","35309","RVAL457268","The Innocents","RVAR005892","1988","1988-06-18","release_year:1988","1","yes","canonical_album_tracks|canonical_album_tracks","no","0","35308","35309","35309"
"RVTR717153","RVAR006124","Someday Soon","judy collins","35753","RVAL400987","Who Knows Where The Time Goes","RVAR006124","1968","1968-12-21","release_year:1968","4","yes","canonical_album_tracks|canonical_album_tracks|canonical_album_tracks","no","0","35749","35753","35753"
"RVTR717814","RVAR008251","Love Train","The O'jays","41900","RVAL272786","The O'Jays Live In London","RVAR008251","1974","1974-06-29","release_year:1974","3","yes","canonical_album_tracks|canonical_track_album_links","no","1","41901","41900","41900"
"RVTR718765","RVAR008710","Remedy","The Black Crowes","42800","RVAL935809","The Southern Harmony And Musical Companion","RVAR008710","1992","1992-05-30","release_year:1992","2","yes","canonical_album_tracks|canonical_album_tracks|canonical_album_tracks","no","0","42794","42800","42800"
"RVTR720113","RVAR008735","Here Comes The Night","The Beach Boys","42901","RVAL025363","Wild Honey","RVAR008735","1967","1967-12-30","release_year:1967","8","yes","canonical_album_tracks|canonical_album_tracks|canonical_album_tracks","no","0","42869","42901","42901"
"RVTR720668","RVAR004311","Tempted","squeeze","31403","RVAL049193","East Side Story","RVAR004311","1981","1981-05-30","release_year:1981","3","yes","canonical_album_tracks|canonical_album_tracks","no","0","31399","31403","31403"
"RVTR720931","RVAR001341","Lonely Is The Night","air supply","24727","RVAL090818","Greatest Hits","RVAR001341","1983","1983-08-20","release_year:1983","6","yes","canonical_album_tracks|canonical_track_album_links","no","1","24728","24727","24727"
"RVTR721463","RVAR008285","In America","The Charlie Daniels Band","41996","RVAL968756","Full Moon","RVAR008285","1980","1980-08-09","release_year:1980","9","yes","canonical_album_tracks|canonical_album_tracks","no","0","41994","41996","41996"
"RVTR722181","RVAR006730","Love Comes Quickly","pet shop boys","38681","RVAL559397","Please","RVAR006730","1986","1986-04-19","release_year:1986","4","yes","canonical_album_tracks|canonical_album_tracks","no","0","38672","38681","38681"
"RVTR722402","RVAR003458","Chain Gang","sam cooke","29594","RVAL776796","The Best Of Sam Cooke","RVAR003458","1965","1965-01-30","release_year:1965","7","yes","canonical_album_tracks|canonical_album_tracks|canonical_album_tracks","no","0","29596","29594","29594"
"RVTR722570","RVAR008357","Test Of Time","The Romantics","42102","RVAL339555","The Romantics","RVAR008357","1980","1980-02-02","release_year:1980","8","yes","canonical_album_tracks|canonical_album_tracks","no","0","42100","42102","42102"
"RVTR722645","RVAR008111","Ramblin Man","The Allman Brothers Band","41628","RVAL534074","Brothers And Sisters","RVAR008111","1973","1973-08-25","release_year:1973","5","yes","canonical_track_album_links|canonical_track_album_links|canonical_track_album_links","no","1","41624","41628","41628"
"RVTR723550","RVAR003575","You Needed Me","anne murray","29850","RVAL497351","Let's Keep It That Way","RVAR003575","1978","1978-03-04","release_year:1978","6","yes","canonical_album_tracks|canonical_album_tracks","no","0","29843","29850","29850"
"RVTR723968","RVAR004974","Mr Lucky","henry mancini","33119","RVAL301632","The Best Of Mancini","RVAR004974","1964","1964-08-08","release_year:1964","22","yes","canonical_track_album_links|canonical_album_tracks","no","1","33100","33119","33119"
"RVTR724233","RVAR005399","Cry Baby","janis joplin","34205","RVAL804416","Pearl","RVAR005399","1971","1971-01-30","release_year:1971","2","yes","canonical_album_tracks|canonical_album_tracks|canonical_album_tracks|canonical_album_tracks","no","2","34202","34205","34205"
"RVTR724252","RVAR008528","Flowers On The Wall","The Statler Brothers","42450","RVAL667681","Flowers On The Wall","RVAR008528","1966","1966-02-26","release_year:1966","1","yes","canonical_album_tracks|canonical_album_tracks|canonical_album_tracks","no","0","42448","42450","42450"
"RVTR725452","RVAR008735","Shut Down","The Beach Boys","42871","RVAL572077","Little Deuce Coupe","RVAR008735","1963","1963-11-09","release_year:1963","7","yes","canonical_album_tracks|canonical_track_album_links|canonical_album_tracks|canonical_album_tracks|canonical_album_tracks","no","1","42861","42871","42871"
"RVTR727193","RVAR008545","Freedom","The Pointer Sisters","42503","RVAL029530","The Best Of The Pointer Sisters","RVAR008545","1976","1976-12-04","release_year:1976","15","yes","canonical_album_tracks|canonical_track_album_links|canonical_album_tracks","no","1","42491","42503","42503"
"RVTR727838","RVAR003505","Too Hot Ta Trot","commodores","29669","RVAL807419","Commodores Live!","RVAR003505","1977","1977-11-12","release_year:1977","11","yes","canonical_album_tracks|canonical_album_tracks","no","0","29668","29669","29669"
"RVTR728762","RVAR001205","Shot In The Dark","ozzy osbourne","24461","RVAL853447","The Ultimate Sin","RVAR001205","1986","1986-02-15","release_year:1986","5","yes","canonical_track_album_links|canonical_album_tracks|canonical_album_tracks|canonical_album_tracks","no","1","24447","24461","24461"
"RVTR729267","RVAR001307","The Way You Do The Things You Do","rita coolidge","24651","RVAL572412","Rita Coolidge","RVAR001307","1971","1971-04-03","release_year:1971","35","yes","canonical_track_album_links|canonical_album_tracks","no","1","24645","24651","24651"
"RVTR729692","RVAR001304","I'Ll Be","reba mcentire","24640","RVAL774266","So Good Together","RVAR001304","1999","1999-12-11","release_year:1999","1","yes","canonical_album_tracks|canonical_album_tracks","no","0","24635","24640","24640"
"RVTR730104","RVAR008915","Mickey'S Monkey","The Miracles","43261","RVAL716966","Doin' Mickey's Monkey","RVAR008915","1964","1964-01-04","release_year:1964","11","yes","canonical_album_tracks|canonical_album_tracks|canonical_album_tracks|canonical_album_tracks","no","0","43256","43261","43261"
"RVTR730159","RVAR001154","Christine Sixteen","kiss","24310","RVAL130912","Love Gun","RVAR001154","1977","1977-07-09","release_year:1977","4","yes","canonical_album_tracks|canonical_album_tracks|canonical_album_tracks|canonical_album_tracks","no","0","24306","24310","24310"
"RVTR730582","RVAR005108","Let Me Be The One","blessid union of souls","33473","RVAL811155","Home","RVAR005108","1995","1995-04-22","release_year:1995","2","yes","canonical_album_tracks|canonical_track_album_links|canonical_album_tracks","no","1","33472","33473","33473"
"RVTR730805","RVAR004059","Closer To Fine","indigo girls","30848","RVAL734397","Indigo Girls","RVAR004059","1989","1989-04-15","release_year:1989","1","yes","canonical_album_tracks|canonical_album_tracks|canonical_album_tracks|canonical_album_tracks","no","0","30842","30848","30848"
"RVTR731072","RVAR000894","Would It Make Any Difference To You","etta james","23617","RVAL801397","Etta James Top Ten","RVAR000894","1963","1963-08-24","release_year:1963","9","yes","canonical_track_album_links|canonical_album_tracks","no","1","23614","23617","23617"
"RVTR733112","RVAR002975","War","edwin starr","28341","RVAL850288","War & Peace","RVAR002975","1970","1970-09-05","release_year:1970","7","yes","canonical_track_album_links|canonical_album_tracks","no","1","28340","28341","28341"
"RVTR733180","RVAR007279","Special","garbage","39788","RVAL770184","Version 2.0","RVAR007279","1998","1998-05-30","release_year:1998","5","yes","canonical_album_tracks|canonical_album_tracks","no","0","39782","39788","39788"
"RVTR733529","RVAR003286","Kayleigh","marillion","29032","RVAL301871","Misplaced Childhood","RVAR003286","1985","1985-08-24","release_year:1985","2","yes","canonical_album_tracks|canonical_album_tracks","no","0","29030","29032","29032"
"RVTR733532","RVAR007507","Roll With The Changes","reo speedwagon","40142","RVAL421814","You Can Tune A Piano But You Can't Tune A Fish","RVAR007507","1978","1978-04-22","release_year:1978","3","yes","canonical_album_tracks|canonical_album_tracks|canonical_album_tracks|canonical_album_tracks","no","0","40128","40142","40142"
"RVTR733817","RVAR005344","What'S Love Got To Do With It","tina turner","34074","RVAL723762","Simply The Best","RVAR005344","1991","1991-11-09","release_year:1991","4","yes","canonical_album_tracks|canonical_album_tracks|canonical_album_tracks|canonical_album_tracks","no","0","34070","34074","34074"
"RVTR734067","RVAR000012","Le Freak","chic","21697","RVAL564063","Chic","RVAR000012","1977","1977-12-17","release_year:1977","1","yes","canonical_album_tracks|canonical_album_tracks","no","0","21696","21697","21697"
"RVTR734362","RVAR002745","Both Sides Of The Story","phil collins","27759","RVAL455792","Both Sides","RVAR002745","1993","1993-11-27","release_year:1993","1","yes","canonical_album_tracks|canonical_album_tracks","no","0","27758","27759","27759"
"RVTR734700","RVAR008606","My Babe","The Righteous Brothers","42623","RVAL071984","Right Now!","RVAR008606","1965","1965-01-02","release_year:1965","2","yes","canonical_album_tracks|canonical_track_album_links|canonical_album_tracks","no","1","42622","42623","42623"
"RVTR736765","RVAR008778","Where Were You When I Needed You","The Grass Roots","42952","RVAL855339","Let's Live For Today","RVAR008778","1967","1967-08-19","release_year:1967","9","yes","canonical_album_tracks|canonical_album_tracks","no","0","42956","42952","42952"
"RVTR736988","RVAR007298","Farewell My Summer Love","michael jackson","39825","RVAL133261","The Best Of Michael Jackson: 20th Century Masters The Millenium Collection","RVAR007298","1975","1975-09-27","release_year:1975","23","yes","canonical_album_tracks|canonical_album_tracks","no","0","39809","39825","39825"
"RVTR737138","RVAR007209","Over The Mountain Across The Sea","bobby vinton","39633","RVAL752915","Bobby Vinton's Greatest Hits","RVAR007209","1964","1964-10-03","release_year:1964","10","yes","canonical_album_tracks|canonical_album_tracks","no","0","39632","39633","39633"
"RVTR737840","RVAR005157","Close To You","maxi priest","33610","RVAL577886","Maxi Priest","RVAR005157","1988","1988-12-03","release_year:1988","8","yes","canonical_album_tracks|canonical_album_tracks|canonical_album_tracks","no","0","33607","33610","33610"
"RVTR737992","RVAR008038","Get Back","The Beatles","41433","RVAL705816","Songs, Pictures And Stories Of The Fabulous Beatles","RVAR008038","1964","1964-10-31","release_year:1964","10","yes","canonical_track_album_links|canonical_album_tracks|canonical_album_tracks|canonical_album_tracks|canonical_album_tracks|canonical_album_tracks","no","1","41413","41433","41433"
"RVTR738857","RVAR005157","Groovin' In The Midnight","maxi priest","33610","RVAL577886","Maxi Priest","RVAR005157","1988","1988-12-03","release_year:1988","9","yes","canonical_album_tracks|canonical_album_tracks","no","0","33608","33610","33610"
"RVTR739795","RVAR002621","My Old Friend","tim mcgraw","27503","RVAL673629","Live Like You Were Dying","RVAR002621","2004","2004-09-11","release_year:2004","2","yes","canonical_album_tracks|canonical_album_tracks","no","0","27500","27503","27503"
"RVTR739982","RVAR001614","Sweet Thing","mary j. blige","25425","RVAL515707","What's The 411?","RVAR001614","1992","1992-08-15","release_year:1992","7","yes","canonical_track_album_links|canonical_album_tracks|canonical_album_tracks","no","1","25423","25425","25425"
"RVTR739987","RVAR002745","One More Night","phil collins","27765","RVAL914298","No Jacket Required","RVAR002745","1985","1985-03-09","release_year:1985","5","yes","canonical_album_tracks|canonical_album_tracks|canonical_album_tracks|canonical_track_album_links|canonical_album_tracks","no","1","27758","27765","27765"
"RVTR740198","RVAR008830","Come See About Me","The Supremes","43060","RVAL589928","Where Did Our Love Go","RVAR008830","1964","1964-09-19","release_year:1964","5","yes","canonical_track_album_links|canonical_album_tracks|canonical_album_tracks","no","3","43052","43060","43060"
"RVTR740901","RVAR000927","Reach Out And Touch Somebody'S Hand","diana ross","23781","RVAL431185","Diana Ross Live At Caesars Palace","RVAR000927","1974","1974-06-15","release_year:1974","9","yes","canonical_album_tracks|canonical_album_tracks","no","0","23780","23781","23781"
"RVTR741887","RVAR001304","He Gets That From Me","reba mcentire","24636","RVAL082879","Room To Breathe","RVAR001304","2003","2003-12-06","release_year:2003","7","yes","canonical_album_tracks|canonical_album_tracks","no","0","24635","24636","24636"
"RVTR741932","RVAR001895","It Must Be Him","vikki carr","25963","RVAL609921","It Must Be Him","RVAR001895","1967","1967-10-21","release_year:1967","1","yes","canonical_album_tracks|canonical_album_tracks","no","0","25962","25963","25963"
"RVTR742208","RVAR008856","We'Re A Winner","The Impressions","43116","RVAL685351","The Impressions Greatest Hits","RVAR008856","1965","1965-03-20","release_year:1965","13","yes","canonical_album_tracks|canonical_album_tracks|canonical_album_tracks","no","0","43122","43116","43116"
"RVTR742294","RVAR005913","Stealin'","uriah heep","35362","RVAL133721","Sweet Freedom","RVAR005913","1973","1973-10-06","release_year:1973","2","yes","canonical_album_tracks|canonical_album_tracks","no","1","35353","35362","35362"
"RVTR742686","RVAR001659","Fancy","iggy azalea","25523","RVAL771387","The New Classic","RVAR001659","2014","2014-05-10","release_year:2014","5","yes","canonical_album_tracks|canonical_album_tracks","no","0","25521","25523","25523"
"RVTR742829","RVAR006706","Gold","britt nicole","38620","RVAL778106","Gold","RVAR006706","2012","2012-04-14","release_year:2012","1","yes","canonical_album_tracks|canonical_track_album_links","no","1","38619","38620","38620"
"RVTR743461","RVAR002767","A Boy Named Sue","johnny cash","27900","RVAL385872","Johnny Cash At San Quentin","RVAR002767","1969","1969-07-05","release_year:1969","8","yes","canonical_album_tracks|canonical_album_tracks|canonical_track_album_links|canonical_album_tracks","no","1","27899","27900","27900"
"RVTR744975","RVAR004137","A Dream Goes On Forever","todd rundgren","31045","RVAL394956","Todd","RVAR004137","1974","1974-03-16","release_year:1974","5","yes","canonical_album_tracks|canonical_album_tracks","no","0","31036","31045","31045"
"RVTR747880","RVAR001307","(Your Love Has Lifted Me) Higher And Higher","rita coolidge","24651","RVAL572412","Rita Coolidge","RVAR001307","1971","1971-04-03","release_year:1971","33","yes","canonical_album_tracks|canonical_album_tracks","no","0","24645","24651","24651"
"RVTR749238","RVAR001650","Please Mr Please","olivia newton-john","25483","RVAL829888","Olivia Newton-John's Greatest Hits","RVAR001650","1977","1977-11-12","release_year:1977","7","yes","canonical_album_tracks|canonical_album_tracks|canonical_album_tracks","no","0","25471","25483","25483"
"RVTR749494","RVAR005810","I Miss My Friend","darryl worley","35107","RVAL282675","I Miss My Friend","RVAR005810","2002","2002-08-03","release_year:2002","3","yes","canonical_album_tracks|canonical_album_tracks","no","0","35105","35107","35107"
"RVTR751877","RVAR002893","In The Shape Of A Heart","jackson browne","28159","RVAL683040","Lives In The Balance","RVAR002893","1986","1986-03-22","release_year:1986","3","yes","canonical_album_tracks|canonical_album_tracks","no","0","28167","28159","28159"
"RVTR753353","RVAR007209","I Love You The Way You Are","bobby vinton","39633","RVAL752915","Bobby Vinton's Greatest Hits","RVAR007209","1964","1964-10-03","release_year:1964","5","yes","canonical_track_album_links|canonical_album_tracks","no","1","39649","39633","39633"
"RVTR753425","RVAR006962","I'Ve Been Born Again","johnnie taylor","39175","RVAL452627","Johnnie Taylor's Greatest Hits","RVAR006962","1970","1970-12-19","release_year:1970","18","yes","canonical_album_tracks|canonical_album_tracks","no","0","39179","39175","39175"
"RVTR753491","RVAR008040","The Way You Look Tonight","The Lettermen","41475","RVAL164792","The Best Of The Lettermen","RVAR008040","1966","1966-10-08","release_year:1966","6","yes","canonical_album_tracks|canonical_album_tracks","no","0","41459","41475","41475"
"RVTR754178","RVAR001341","Here I Am Just When I Thought I Was Over You","air supply","24727","RVAL090818","Greatest Hits","RVAR001341","1983","1983-08-20","release_year:1983","2","yes","canonical_album_tracks|canonical_album_tracks","no","0","24732","24727","24727"
"RVTR755685","RVAR006864","3","britney spears","38968","RVAL835731","The Singles Collection","RVAR006864","2009","2009-11-28","release_year:2009","1","yes","canonical_album_tracks|canonical_track_album_links","no","1","38967","38968","38968"
"RVTR757147","RVAR008735","Good Vibrations","The Beach Boys","42855","RVAL663323","Beach Boys In Concert","RVAR008735","1964","1964-11-07","release_year:1964","15","yes","canonical_album_tracks|canonical_album_tracks|canonical_album_tracks|canonical_album_tracks|canonical_album_tracks|canonical_album_tracks|canonical_album_tracks","no","0","42859","42855","42855"
"RVTR757320","RVAR002860","Te Quiero","flex","28080","RVAL342226","Te Quiero","RVAR002860","2008","2008-02-02","release_year:2008","6","yes","canonical_track_album_links|canonical_album_tracks","no","2","28079","28080","28080"
"RVTR757788","RVAR008915","Going To A Go Go","The Miracles","43267","RVAL498061","Live!","RVAR008915","1969","1969-02-15","release_year:1969","8","yes","canonical_album_tracks|canonical_album_tracks|canonical_track_album_links","no","1","43256","43267","43267"
"RVTR759536","RVAR008735","Don'T Worry Baby","The Beach Boys","42855","RVAL663323","Beach Boys In Concert","RVAR008735","1964","1964-11-07","release_year:1964","4","yes","canonical_album_tracks|canonical_album_tracks","no","0","42881","42855","42855"
"RVTR759570","RVAR008545","I'M So Excited","The Pointer Sisters","42503","RVAL029530","The Best Of The Pointer Sisters","RVAR008545","1976","1976-12-04","release_year:1976","16","yes","canonical_album_tracks|canonical_album_tracks","no","0","42490","42503","42503"
"RVTR761517","RVAR008632","Walking In Rhythm","The Blackbyrds","42685","RVAL550727","The Blackbyrds","RVAR008632","1974","1974-06-22","release_year:1974","12","yes","canonical_track_album_links|canonical_album_tracks","no","1","42684","42685","42685"
"RVTR761880","RVAR008830","Baby Love","The Supremes","43060","RVAL589928","Where Did Our Love Go","RVAR008830","1964","1964-09-19","release_year:1964","9","yes","canonical_track_album_links|canonical_album_tracks|canonical_album_tracks","no","2","43052","43060","43060"
"RVTR762213","RVAR001690","Something To Be Proud Of","montgomery gentry","25586","RVAL754128","You Do Your Thing","RVAR001690","2004","2004-06-05","release_year:2004","1","yes","canonical_album_tracks|canonical_album_tracks|canonical_album_tracks","no","0","25578","25586","25586"
"RVTR763307","RVAR002699","When Love Comes To Town","u2","27648","RVAL016155","Rattle And Hum (Soundtrack)","RVAR002699","1988","1988-10-29","release_year:1988","3","yes","canonical_album_tracks|canonical_album_tracks","no","0","27652","27648","27648"
"RVTR763508","RVAR003700","Kryptonite","3 doors down","30142","RVAL990700","The Better Life","RVAR003700","2000","2000-02-26","release_year:2000","1","yes","canonical_album_tracks|canonical_album_tracks|canonical_album_tracks","no","0","30139","30142","30142"
"RVTR763890","RVAR002526","A Little Love","corey hart","27369","RVAL399837","Boy In The Box","RVAR002526","1985","1985-07-20","release_year:1985","5","yes","canonical_album_tracks|canonical_track_album_links","no","1","27368","27369","27369"
"RVTR764049","RVAR003797","The Spirit Of Radio","rush","30333","RVAL196593","Permanent Waves","RVAR003797","1980","1980-02-02","release_year:1980","1","yes","canonical_album_tracks|canonical_album_tracks|canonical_album_tracks|canonical_album_tracks","no","0","30321","30333","30333"
"RVTR764636","RVAR000918","How Sweet It Is To Be Loved By You","marvin gaye","23725","RVAL214354","How Sweet It Is To Be Loved By You","RVAR000918","1965","1965-02-27","release_year:1965","5","yes","canonical_track_album_links|canonical_track_album_links|canonical_track_album_links|canonical_track_album_links","no","2","23722","23725","23725"
"RVTR764879","RVAR003397","Down Here On The Ground","lou rawls","29309","RVAL018315","You're Good For Me","RVAR003397","1968","1968-07-20","release_year:1968","1","yes","canonical_album_tracks|canonical_track_album_links","no","0","29298","29309","29298"
"RVTR765887","RVAR005766","Heaven Knows","donna summer","34988","RVAL778198","On The Radio: Greatest Hits: Volumes I & II","RVAR005766","1979","1979-11-03","release_year:1979","15","yes","canonical_track_album_links|canonical_album_tracks|canonical_album_tracks|canonical_album_tracks","no","1","34980","34988","34988"
"RVTR766016","RVAR008269","Blame It On The Boogie","The Jacksons","41942","RVAL028011","The Jacksons","RVAR008269","1976","1976-12-04","release_year:1976","3","yes","canonical_track_album_links|canonical_album_tracks","no","0","41934","41942","41942"
"RVTR766173","RVAR000927","Upside Down","diana ross","23780","RVAL974586","Diana Ross Anthology","RVAR000927","1983","1983-06-11","release_year:1983","33","yes","canonical_album_tracks|canonical_album_tracks|canonical_album_tracks","no","1","23792","23780","23780"
"RVTR768982","RVAR006629","I'M A Believer","neil diamond","38431","RVAL972416","Hot August Night/NYC: Live From Madison Square Garden","RVAR006629","2009","2009-08-29","release_year:2009","15","yes","canonical_album_tracks|canonical_album_tracks","no","0","38430","38431","38430"
"RVTR769348","RVAR008710","Jealous Again","The Black Crowes","42798","RVAL781726","Shake Your Money Maker","RVAR008710","1990","1990-03-24","release_year:1990","2","yes","canonical_album_tracks|canonical_album_tracks|canonical_album_tracks","no","0","42794","42798","42798"
"RVTR769450","RVAR008443","You Can'T Always Get What You Want","The Rolling Stones","42307","RVAL192327","Singles Collection - The London Years","RVAR008443","1989","1989-09-09","release_year:1989","24","yes","canonical_album_tracks|canonical_album_tracks|canonical_album_tracks","no","0","42284","42307","42307"
"RVTR772059","RVAR006296","Crocodile Rock","elton john","37614","RVAL077962","Don't Shoot Me I'm Only The Piano Player","RVAR006296","1973","1973-02-10","release_year:1973","9","yes","canonical_album_tracks|canonical_album_tracks|canonical_album_tracks|canonical_album_tracks|canonical_album_tracks|canonical_album_tracks","no","0","37613","37614","37614"
"RVTR773043","RVAR005166","Crazy Little Thing Called Love","queen","33648","RVAL886103","The Game","RVAR005166","1980","1980-07-19","release_year:1980","5","yes","canonical_album_tracks|canonical_album_tracks|canonical_album_tracks|canonical_album_tracks|canonical_album_tracks|canonical_album_tracks|canonical_album_tracks","no","1","33647","33648","33648"
"RVTR773995","RVAR005183","I Threw It All Away","bob dylan","33701","RVAL827629","Nashville Skyline","RVAR005183","1969","1969-05-03","release_year:1969","1","yes","canonical_track_album_links|canonical_album_tracks|canonical_album_tracks","no","1","33670","33701","33701"
"RVTR774311","RVAR008132","Scotch And Soda","The Kingston Trio","41690","RVAL317981","The Best Of The Kingston Trio","RVAR008132","1963","1963-01-05","release_year:1963","3","yes","canonical_album_tracks|canonical_track_album_links","no","1","41691","41690","41690"
"RVTR774700","RVAR008583","Black Water","The Doobie Brothers","42574","RVAL815062","What Were Once Vices Are Now Habits","RVAR008583","1974","1974-03-16","release_year:1974","9","yes","canonical_track_album_links|canonical_album_tracks|canonical_album_tracks|canonical_album_tracks","no","1","42572","42574","42574"
"RVTR776286","RVAR007695","Sex As A Weapon","pat benatar","40545","RVAL493445","Seven The Hard Way","RVAR007695","1985","1985-12-14","release_year:1985","7","yes","canonical_track_album_links|canonical_album_tracks","no","1","40535","40545","40545"
"RVTR776296","RVAR006219","Wind Of Change","scorpions","37467","RVAL416812","Crazy World","RVAR006219","1990","1990-11-24","release_year:1990","4","yes","canonical_album_tracks|canonical_album_tracks|canonical_album_tracks","no","0","37466","37467","37467"
"RVTR776592","RVAR005454","Carnival","natalie merchant","34338","RVAL336664","Tigerlily","RVAR005454","1995","1995-07-08","release_year:1995","5","yes","canonical_album_tracks|canonical_album_tracks|canonical_album_tracks","no","0","34336","34338","34338"
"RVTR776711","RVAR001110","Friend Of Mine","kelly price","24223","RVAL298779","Soul Of A Woman","RVAR001110","1998","1998-08-29","release_year:1998","2","yes","canonical_album_tracks|canonical_track_album_links","no","1","24218","24223","24223"
"RVTR777185","RVAR000867","Just Like Starting Over","john lennon","23541","RVAL706101","Working Class Hero: The Definitive Lennon","RVAR000867","2005","2005-10-22","release_year:2005","1","yes","canonical_album_tracks|canonical_album_tracks","no","0","23530","23541","23530"
"RVTR778204","RVAR005887","Rio","duran duran","35285","RVAL037050","Rio","RVAR005887","1982","1982-06-05","release_year:1982","1","yes","canonical_album_tracks|canonical_track_album_links","no","1","35276","35285","35285"
"RVTR778626","RVAR002081","Make That Move","shalamar","26405","RVAL662576","Uptown Festival","RVAR002081","1977","1977-05-21","release_year:1977","5","yes","canonical_album_tracks|canonical_track_album_links","no","1","26404","26405","26405"
"RVTR778917","RVAR000918","Can I Get A Witness","marvin gaye","23736","RVAL372531","Marvin Gaye's Greatest Hits","RVAR000918","1964","1964-05-30","release_year:1964","8","yes","canonical_album_tracks|canonical_album_tracks|canonical_album_tracks|canonical_track_album_links|canonical_album_tracks","no","1","23735","23736","23736"
"RVTR779297","RVAR006197","Waterloo","abba","37443","RVAL430318","Waterloo","RVAR006197","1974","1974-08-17","release_year:1974","1","yes","canonical_album_tracks|canonical_album_tracks|canonical_album_tracks|canonical_album_tracks|canonical_album_tracks|canonical_album_tracks","no","0","37431","37443","37443"
"RVTR779320","RVAR003283","Loving You Is Sweeter Than Ever","four tops","29010","RVAL648616","Four Tops","RVAR003283","1965","1965-02-27","release_year:1965","11","yes","canonical_album_tracks|canonical_album_tracks","no","0","29007","29010","29010"
"RVTR779620","RVAR005026","Give It Up Or Turnit A Loose","james brown","33268","RVAL393958","Revolution Of The Mind - Live At The Apollo, Volume III","RVAR005026","1971","1971-12-25","release_year:1971","2","yes","canonical_album_tracks|canonical_album_tracks|canonical_album_tracks","no","0","33257","33268","33268"
"RVTR779914","RVAR004977","One Man Band","three dog night","33143","RVAL829329","Naturally","RVAR004977","1970","1970-12-12","release_year:1970","2","yes","canonical_album_tracks|canonical_album_tracks|canonical_album_tracks|canonical_album_tracks|canonical_album_tracks","no","0","33135","33143","33143"
"RVTR780335","RVAR004705","Minstrel In The Gallery","jethro tull","32409","RVAL032794","Minstrel In The Gallery: 40th Anniversary: La Grande Edition","RVAR004705","1975","1975-09-27","release_year:1975","11","yes","canonical_album_tracks|canonical_track_album_links","no","3","32410","32409","32409"
"RVTR781169","RVAR006557","Scenario","a tribe called quest","38263","RVAL347424","Low End Theory","RVAR006557","1991","1991-10-12","release_year:1991","1","yes","canonical_album_tracks|canonical_album_tracks|canonical_album_tracks","no","0","38262","38263","38263"
"RVTR781236","RVAR003758","Pretending","eric clapton","30237","RVAL143020","Journeyman","RVAR003758","1989","1989-11-25","release_year:1989","1","yes","canonical_album_tracks|canonical_album_tracks|canonical_album_tracks|canonical_album_tracks|canonical_album_tracks","no","0","30215","30237","30237"
"RVTR781479","RVAR008111","Crazy Love","The Allman Brothers Band","41634","RVAL968856","Enlightened Rogues","RVAR008111","1979","1979-03-17","release_year:1979","1","yes","canonical_album_tracks|canonical_album_tracks|canonical_album_tracks","no","0","41624","41634","41634"
"RVTR782452","RVAR001090","Hooray For Hazel","tommy roe","24184","RVAL270700","Sweet Pea","RVAR001090","1966","1966-11-05","release_year:1966","1","yes","canonical_album_tracks|canonical_track_album_links","no","1","24182","24184","24182"
"RVTR782480","RVAR006847","Giving You The Benefit","pebbles","38906","RVAL818179","Pebbles","RVAR006847","1988","1988-02-13","release_year:1988","10","yes","canonical_album_tracks|canonical_track_album_links","no","1","38905","38906","38906"
"RVTR782868","RVAR003375","Obsessed","mariah carey","29211","RVAL094393","Greatest Hits","RVAR003375","2001","2001-12-22","release_year:2001","1","yes","canonical_album_tracks|canonical_track_album_links","no","1","29214","29211","29211"
"RVTR782886","RVAR008752","For God'S Sake Give More Power To The People","The Chi-lites","42920","RVAL282495","The Chi-Lites Greatest Hits","RVAR008752","1972","1972-10-21","release_year:1972","11","yes","canonical_album_tracks|canonical_album_tracks","no","0","42916","42920","42920"
"RVTR783475","RVAR008038","Let It Be","The Beatles","41412","RVAL337322","Let It Be (Soundtrack)","RVAR008038","1970","1970-05-30","release_year:1970","12","yes","canonical_album_tracks|canonical_album_tracks|canonical_album_tracks","no","0","41422","41412","41412"
"RVTR784212","RVAR005078","Day Dreaming","aretha franklin","33396","RVAL585556","Young, Gifted And Black","RVAR005078","1972","1972-02-19","release_year:1972","2","yes","canonical_album_tracks|canonical_album_tracks|canonical_album_tracks","no","0","33363","33396","33396"
"RVTR784438","RVAR004102","Feels Like The First Time","foreigner","30936","RVAL994965","Foreigner","RVAR004102","1977","1977-03-26","release_year:1977","1","yes","canonical_album_tracks|canonical_album_tracks|canonical_album_tracks|canonical_album_tracks|canonical_album_tracks|canonical_album_tracks|canonical_album_tracks|canonical_album_tracks|canonical_album_tracks","no","1","30929","30936","30936"
"RVTR784456","RVAR003575","I Just Fall In Love Again","anne murray","29852","RVAL241553","New Kind Of Feeling","RVAR003575","1979","1979-02-17","release_year:1979","3","yes","canonical_album_tracks|canonical_album_tracks","no","0","29843","29852","29852"
"RVTR785292","RVAR001483","Landlord","gladys knight and the pips","25120","RVAL501798","Gladys Knight & The Pips Greatest Hits","RVAR001483","1970","1970-04-04","release_year:1970","2","yes","canonical_album_tracks|canonical_album_tracks","no","1","25112","25120","25120"
"RVTR785336","RVAR007335","Woman From Tokyo","deep purple","39904","RVAL061706","Who Do We Think We Are!","RVAR007335","1973","1973-01-20","release_year:1973","7","yes","canonical_track_album_links|canonical_album_tracks|canonical_album_tracks","no","1","39895","39904","39904"
"RVTR785533","RVAR008416","Somebody Told Me","The Killers","42238","RVAL252557","Hot Fuss","RVAR008416","2004","2004-07-03","release_year:2004","4","yes","canonical_album_tracks|canonical_album_tracks","no","0","42237","42238","42238"
"RVTR785844","RVAR004669","Touch Of Grey","grateful dead","32309","RVAL631929","In The Dark","RVAR004669","1987","1987-07-25","release_year:1987","1","yes","canonical_album_tracks|canonical_album_tracks|canonical_album_tracks|canonical_album_tracks|canonical_album_tracks|canonical_track_album_links","no","1","32300","32309","32309"
"RVTR788473","RVAR007802","Fame And Fortune","elvis presley","40949","RVAL554886","Golden Records Vol. 3","RVAR007802","1963","1963-09-14","release_year:1963","6","yes","canonical_album_tracks|canonical_track_album_links","no","1","40978","40949","40949"
"RVTR791064","RVAR002621","It'S Your Love","tim mcgraw","27497","RVAL838720","Everywhere","RVAR002621","1997","1997-06-21","release_year:1997","3","yes","canonical_album_tracks|canonical_album_tracks|canonical_album_tracks|canonical_album_tracks","no","0","27492","27497","27497"
"RVTR791147","RVAR005454","Jealousy","natalie merchant","34338","RVAL336664","Tigerlily","RVAR005454","1995","1995-07-08","release_year:1995","9","yes","canonical_album_tracks|canonical_album_tracks","no","0","34336","34338","34338"
"RVTR793697","RVAR006935","Free","deniece williams","39109","RVAL386553","This Is Niecy","RVAR006935","1976","1976-10-30","release_year:1976","5","yes","canonical_album_tracks|canonical_track_album_links","no","1","39107","39109","39109"
"RVTR794444","RVAR002420","She'S In Love","mark wills","27148","RVAL385554","Greatest Hits","RVAR002420","1964","1964-05-30","release_year:1964","6","yes","canonical_album_tracks|canonical_album_tracks","no","0","27151","27148","27148"
"RVTR795272","RVAR003517","Put Your Head On My Shoulder","paul anka","29706","RVAL395123","Paul Anka's 21 Golden Hits","RVAR003517","1963","1963-01-05","release_year:1963","2","yes","canonical_album_tracks|canonical_album_tracks","no","0","29694","29706","29706"
"RVTR796879","RVAR001165","There But For Fortune","joan baez","24367","RVAL457278","Joan Baez","RVAR001165","1963","1963-01-05","release_year:1963","1","yes","canonical_album_tracks|canonical_album_tracks|canonical_album_tracks|canonical_album_tracks|canonical_album_tracks","no","0","24364","24367","24367"
"RVTR797177","RVAR005441","Chug A Lug","roger miller","34300","RVAL042069","Golden Hits","RVAR005441","1965","1965-11-13","release_year:1965","8","yes","canonical_album_tracks|canonical_album_tracks","no","0","34302","34300","34300"
"RVTR797951","RVAR008038","Something","The Beatles","41433","RVAL705816","Songs, Pictures And Stories Of The Fabulous Beatles","RVAR008038","1964","1964-10-31","release_year:1964","4","yes","canonical_track_album_links|canonical_album_tracks|canonical_album_tracks|canonical_album_tracks","no","1","41401","41433","41433"
"RVTR798324","RVAR008038","Hey Jude","The Beatles","41433","RVAL705816","Songs, Pictures And Stories Of The Fabulous Beatles","RVAR008038","1964","1964-10-31","release_year:1964","8","yes","canonical_track_album_links|canonical_album_tracks|canonical_album_tracks|canonical_album_tracks","no","1","41409","41433","41433"
"RVTR798629","RVAR007096","I Love This Bar","toby keith","39414","RVAL632677","Toby Keith","RVAR007096","1993","1993-05-15","release_year:1993","8","yes","canonical_track_album_links|canonical_album_tracks","no","1","39410","39414","39414"
"RVTR800934","RVAR000151","Love Will Never Do Without You","janet jackson","22089","RVAL842125","Janet Jackson's Rhythm Nation 1814","RVAR000151","1989","1989-10-07","release_year:1989","6","yes","canonical_album_tracks|canonical_album_tracks","no","0","22086","22089","22089"
"RVTR802869","RVAR000445","Take Time To Know Her","percy sledge","22724","RVAL635652","When A Man Loves A Woman","RVAR000445","1966","1966-06-04","release_year:1966","9","yes","canonical_album_tracks|canonical_album_tracks|canonical_album_tracks","no","0","22720","22724","22724"
"RVTR805063","RVAR008704","Fell For You","The Dramatics","42778","RVAL387391","Whatcha See Is Whatcha Get","RVAR008704","1972","1972-01-22","release_year:1972","7","yes","canonical_album_tracks|canonical_album_tracks","no","0","42774","42778","42778"
"RVTR807898","RVAR004402","The Kid Is Hot Tonite","loverboy","31613","RVAL082064","Loverboy","RVAR004402","1981","1981-01-31","release_year:1981","1","yes","canonical_album_tracks|canonical_track_album_links","no","1","31610","31613","31613"
"RVTR808702","RVAR004068","Pressure","billy joel","30880","RVAL912948","The Nylon Curtain","RVAR004068","1982","1982-10-16","release_year:1982","3","yes","canonical_album_tracks|canonical_album_tracks","no","0","30862","30880","30880"
"RVTR810291","RVAR000746","Do It For Love","sheena easton","23288","RVAL765336","Sheena Easton","RVAR000746","1981","1981-03-14","release_year:1981","8","yes","canonical_album_tracks|canonical_track_album_links","no","1","23286","23288","23286"
"RVTR810910","RVAR008604","Tonight","The Whispers","42610","RVAL936539","The Best Of The Whispers","RVAR008604","1982","1982-03-13","release_year:1982","8","yes","canonical_album_tracks|canonical_album_tracks","no","0","42603","42610","42610"
"RVTR811247","RVAR008038","She Loves You","The Beatles","41407","RVAL608271","Early Beatles","RVAR008038","1965","1965-04-24","release_year:1965","7","yes","canonical_track_album_links|canonical_album_tracks|canonical_album_tracks|canonical_album_tracks|canonical_album_tracks|canonical_album_tracks|canonical_album_tracks","no","1","41398","41407","41436"
"RVTR811462","RVAR006962","Jody'S Got Your Girl And Gone","johnnie taylor","39175","RVAL452627","Johnnie Taylor's Greatest Hits","RVAR006962","1970","1970-12-19","release_year:1970","14","yes","canonical_album_tracks|canonical_album_tracks","no","0","39176","39175","39175"
"RVTR812193","RVAR006296","Simple Life","elton john","37644","RVAL777352","The One","RVAR006296","1992","1992-07-11","release_year:1992","1","yes","canonical_album_tracks|canonical_track_album_links","no","1","37637","37644","37644"
"RVTR812999","RVAR006507","Strangers In The Night","frank sinatra","38150","RVAL472249","Strangers In Night","RVAR006507","1966","1966-06-18","release_year:1966","2","yes","canonical_album_tracks|canonical_album_tracks","no","1","38133","38150","38150"
"RVTR813309","RVAR000894","My Dearest Darling","etta james","23617","RVAL801397","Etta James Top Ten","RVAR000894","1963","1963-08-24","release_year:1963","1","yes","canonical_album_tracks|canonical_album_tracks|canonical_album_tracks","no","0","23613","23617","23617"
"RVTR813537","RVAR008856","I'M So Proud","The Impressions","43116","RVAL685351","The Impressions Greatest Hits","RVAR008856","1965","1965-03-20","release_year:1965","4","yes","canonical_album_tracks|canonical_album_tracks","no","0","43113","43116","43116"
"RVTR814190","RVAR001763","Come Together","aerosmith","25712","RVAL254385","Live Bootleg","RVAR001763","1978","1978-11-11","release_year:1978","6","yes","canonical_album_tracks|canonical_album_tracks","no","0","25701","25712","25712"
"RVTR814519","RVAR000404","Help The Poor","b.b. king","22647","RVAL348683","Live At The Regal","RVAR000404","1971","1971-09-25","release_year:1971","10","yes","canonical_album_tracks|canonical_album_tracks","no","0","22632","22647","22647"
"RVTR814836","RVAR007696","If I Ruled The World","tony bennett","40559","RVAL967309","If I Ruled The World - Songs For The Jet Set","RVAR007696","1965","1965-05-22","release_year:1965","13","yes","canonical_track_album_links|canonical_album_tracks","no","1","40552","40559","40559"
"RVTR815195","RVAR002370","Light Of A Clear Blue Morning","dolly parton","26984","RVAL139963","New Harvest...first Gathering","RVAR002370","1977","1977-04-02","release_year:1977","6","yes","canonical_track_album_links|canonical_album_tracks","no","1","26969","26984","26984"
"RVTR815345","RVAR008848","The Rubberband Man","The Spinners","43069","RVAL741167","Best Of Spinners","RVAR008848","1973","1973-05-12","release_year:1973","7","yes","canonical_album_tracks|canonical_album_tracks","no","0","43074","43069","43069"
"RVTR815612","RVAR008273","My Generation","The Who","41958","RVAL674810","Meaty Beaty Big And Bouncy","RVAR008273","1971","1971-11-20","release_year:1971","6","yes","canonical_album_tracks|canonical_album_tracks|canonical_album_tracks|canonical_album_tracks|canonical_album_tracks|canonical_album_tracks|canonical_album_tracks|canonical_album_tracks|canonical_album_tracks","no","0","41945","41958","41958"
"RVTR816509","RVAR005078","See Saw","aretha franklin","33360","RVAL005556","Aretha Now","RVAR005078","1968","1968-07-13","release_year:1968","3","yes","canonical_album_tracks|canonical_album_tracks|canonical_album_tracks|canonical_album_tracks","no","0","33355","33360","33360"
"RVTR818339","RVAR008864","California Soul","The 5th Dimension","43143","RVAL512421","Stoned Soul Picnic","RVAR008864","1968","1968-08-24","release_year:1968","6","yes","canonical_album_tracks|canonical_album_tracks","no","0","43142","43143","43143"
"RVTR818354","RVAR007209","Blue Velvet","bobby vinton","39628","RVAL340597","Blue Velvet","RVAR007209","1963","1963-01-05","release_year:1963","5","yes","canonical_album_tracks|canonical_album_tracks|canonical_album_tracks|canonical_album_tracks|canonical_album_tracks","no","0","39627","39628","39628"
"RVTR819065","RVAR008696","Just One Look","The Hollies","42761","RVAL581933","The Hollies' Greatest Hits","RVAR008696","1967","1967-06-03","release_year:1967","2","yes","canonical_track_album_links|canonical_album_tracks","no","1","42762","42761","42761"
"RVTR819998","RVAR006446","Maybe","sick puppies","37909","RVAL797688","Tri-Polar","RVAR006446","2009","2009-08-01","release_year:2009","3","yes","canonical_album_tracks|canonical_album_tracks","no","0","37908","37909","37909"
"RVTR820127","RVAR004102","Down On Love","foreigner","30930","RVAL957790","Agent Provocateur","RVAR004102","1985","1985-01-05","release_year:1985","5","yes","canonical_track_album_links|canonical_album_tracks","no","1","30929","30930","30930"
"RVTR820286","RVAR007802","Love Letters","elvis presley","40941","RVAL289657","Elvis' Gold Records, Volume 4","RVAR007802","1968","1968-03-02","release_year:1968","1","yes","canonical_album_tracks|canonical_album_tracks","no","0","40970","40941","40941"
"RVTR820801","RVAR002081","The Second Time Around","shalamar","26405","RVAL662576","Uptown Festival","RVAR002081","1977","1977-05-21","release_year:1977","4","yes","canonical_album_tracks|canonical_track_album_links","no","1","26398","26405","26405"
"RVTR821476","RVAR006434","Fly Away","john denver","37866","RVAL846325","Windsong","RVAR006434","1975","1975-10-04","release_year:1975","1","yes","canonical_track_album_links|canonical_album_tracks|canonical_album_tracks","no","1","37865","37866","37866"
"RVTR821548","RVAR002945","Walk On By","dionne warwick","28287","RVAL533640","Make Way For Dionne Warwick","RVAR002945","1964","1964-09-12","release_year:1964","8","yes","canonical_album_tracks|canonical_album_tracks|canonical_album_tracks","no","0","28270","28287","28287"
"RVTR821973","RVAR008296","The Best Disco In Town","The Ritchie Family","42011","RVAL866400","Arabian Nights","RVAR008296","1976","1976-07-24","release_year:1976","6","yes","canonical_track_album_links|canonical_album_tracks","no","1","42009","42011","42011"
"RVTR822159","RVAR000746","Strut","sheena easton","23288","RVAL765336","Sheena Easton","RVAR000746","1981","1981-03-14","release_year:1981","6","yes","canonical_album_tracks|canonical_album_tracks","no","0","23284","23288","23284"
"RVTR822528","RVAR005891","Good Time Sally","rare earth","35297","RVAL640340","Willie Remembers..","RVAR005891","1972","1972-11-25","release_year:1972","4","yes","canonical_album_tracks|canonical_album_tracks","no","0","35295","35297","35297"
"RVTR822961","RVAR008735","Be True To Your School","The Beach Boys","42871","RVAL572077","Little Deuce Coupe","RVAR008735","1963","1963-11-09","release_year:1963","3","yes","canonical_album_tracks|canonical_album_tracks|canonical_album_tracks","no","0","42861","42871","42871"
"RVTR823099","RVAR008038","Matchbox","The Beatles","41432","RVAL819702","Something New","RVAR008038","1964","1964-08-08","release_year:1964","6","yes","canonical_album_tracks|canonical_album_tracks","no","0","41422","41432","41432"
"RVTR823136","RVAR003135","Through The Years","kenny rogers","28666","RVAL108374","Share Your Love","RVAR003135","1981","1981-07-11","release_year:1981","5","yes","canonical_album_tracks|canonical_album_tracks","no","0","28646","28666","28666"
"RVTR823247","RVAR001855","I Gotcha","joe tex","25897","RVAL518131","The Best Of Joe Tex","RVAR001855","1967","1967-09-02","release_year:1967","11","yes","canonical_track_album_links|canonical_album_tracks","no","1","25894","25897","25897"
"RVTR826100","RVAR004609","Games Without Frontiers","peter gabriel","32067","RVAL864078","Peter Gabriel (III)","RVAR004609","1980","1980-06-21","release_year:1980","7","yes","canonical_album_tracks|canonical_album_tracks|canonical_album_tracks|canonical_album_tracks|canonical_album_tracks","no","0","32062","32067","32067"
"RVTR826257","RVAR002621","Back When","tim mcgraw","27503","RVAL673629","Live Like You Were Dying","RVAR002621","2004","2004-09-11","release_year:2004","7","yes","canonical_album_tracks|canonical_album_tracks","no","0","27499","27503","27503"
"RVTR827714","RVAR008752","I Found Sunshine","The Chi-lites","42920","RVAL282495","The Chi-Lites Greatest Hits","RVAR008752","1972","1972-10-21","release_year:1972","7","yes","canonical_album_tracks|canonical_album_tracks","no","0","42916","42920","42920"
"RVTR828120","RVAR001656","No One Is To Blame","howard jones","25499","RVAL588489","Dream Into Action","RVAR001656","1985","1985-04-20","release_year:1985","4","yes","canonical_album_tracks|canonical_album_tracks","no","0","25497","25499","25499"
"RVTR828174","RVAR006492","Cheeseburger In Paradise","jimmy buffett","38053","RVAL106145","Son Of A Son Of A Sailor","RVAR006492","1978","1978-04-08","release_year:1978","5","yes","canonical_album_tracks|canonical_album_tracks|canonical_album_tracks","no","0","38038","38053","38053"
"RVTR828188","RVAR008809","Your Wildest Dreams","The Moody Blues","43001","RVAL051656","The Other Side Of Life","RVAR008809","1986","1986-05-17","release_year:1986","2","yes","canonical_track_album_links|canonical_album_tracks|canonical_album_tracks","no","1","42987","43001","43001"
"RVTR832907","RVAR003340","Everybody Loves Somebody","dean martin","29104","RVAL692712","Everybody Loves Somebody","RVAR003340","1964","1964-08-15","release_year:1964","1","yes","canonical_album_tracks|canonical_album_tracks","no","0","29103","29104","29104"
"RVTR832920","RVAR006629","Red Red Wine","neil diamond","38441","RVAL222097","Neil Diamond's Greatest Hits","RVAR006629","1968","1968-08-03","release_year:1968","10","yes","canonical_album_tracks|canonical_album_tracks|canonical_album_tracks|canonical_album_tracks|canonical_album_tracks|canonical_album_tracks|canonical_album_tracks","no","0","38421","38441","38441"
"RVTR832999","RVAR006629","September Morn'","neil diamond","38447","RVAL049441","September Morn","RVAR006629","1980","1980-01-12","release_year:1980","1","yes","canonical_album_tracks|canonical_album_tracks|canonical_album_tracks|canonical_album_tracks|canonical_album_tracks","no","0","38429","38447","38447"
"RVTR834976","RVAR006021","Hey Baby","ted nugent","35549","RVAL099603","Ted Nugent","RVAR006021","1975","1975-11-22","release_year:1975","3","yes","canonical_album_tracks|canonical_track_album_links","no","1","35543","35549","35549"
"RVTR836371","RVAR008273","See Me Feel Me","The Who","41963","RVAL481594","The Kids Are Alright (Soundtrack)","RVAR008273","1979","1979-06-30","release_year:1979","7","yes","canonical_album_tracks|canonical_album_tracks|canonical_album_tracks","no","0","41967","41963","41963"
"RVTR837749","RVAR002438","Slow Down","selena gomez","27166","RVAL106770","Stars Dance","RVAR002438","2013","2013-08-10","release_year:2013","2","yes","canonical_album_tracks|canonical_album_tracks","no","0","27164","27166","27166"
"RVTR838430","RVAR005733","It Was A Good Day","ice cube","34943","RVAL839039","The Predator","RVAR005733","1992","1992-12-05","release_year:1992","7","yes","canonical_album_tracks|canonical_track_album_links|canonical_album_tracks","no","1","34935","34943","34943"
"RVTR838615","RVAR004977","Joy To The World","three dog night","33143","RVAL829329","Naturally","RVAR004977","1970","1970-12-12","release_year:1970","10","yes","canonical_album_tracks|canonical_album_tracks|canonical_album_tracks|canonical_album_tracks","no","0","33135","33143","33143"
"RVTR840141","RVAR005102","Rhinestone Cowboy","glen campbell","33452","RVAL426411","Rhinestone Cowboy","RVAR005102","1975","1975-08-09","release_year:1975","6","yes","canonical_album_tracks|canonical_album_tracks","no","0","33433","33452","33452"
"RVTR840379","RVAR006128","Surrender","cheap trick","35763","RVAL476466","Heaven Tonight","RVAR006128","1978","1978-06-10","release_year:1978","1","yes","canonical_album_tracks|canonical_album_tracks|canonical_track_album_links","no","1","35758","35763","35763"
"RVTR843627","RVAR005861","Mississippi Queen","mountain","35204","RVAL520295","Mountain Climbing!","RVAR005861","1970","1970-03-14","release_year:1970","6","yes","canonical_album_tracks|canonical_album_tracks|canonical_album_tracks|canonical_album_tracks","no","0","35202","35204","35204"
"RVTR844217","RVAR006674","Like I Loved You","brett young","38554","RVAL185489","Brett Young EP","RVAR006674","2016","2016-10-08","release_year:2016","5","yes","canonical_album_tracks|canonical_track_album_links","no","1","38553","38554","38554"
"RVTR844654","RVAR007929","Hot Line","The Sylvers","41259","RVAL331440","The Sylvers","RVAR007929","1973","1973-03-03","release_year:1973","8","yes","canonical_album_tracks|canonical_album_tracks","no","0","41258","41259","41259"
"RVTR845436","RVAR004933","Believe","cher","32997","RVAL140866","Cher","RVAR004933","1966","1966-10-01","release_year:1966","4","yes","canonical_track_album_links|canonical_album_tracks|canonical_album_tracks|canonical_album_tracks","no","1","32995","32997","32997"
"RVTR846421","RVAR001763","Rag Doll","aerosmith","25718","RVAL528248","Permanent Vacation","RVAR001763","1987","1987-09-19","release_year:1987","3","yes","canonical_album_tracks|canonical_album_tracks|canonical_album_tracks|canonical_album_tracks|canonical_album_tracks","no","0","25699","25718","25718"
"RVTR846861","RVAR003593","How Can I Be Sure","david cassidy","29904","RVAL078366","Rock Me Baby","RVAR003593","1972","1972-11-11","release_year:1972","10","yes","canonical_album_tracks|canonical_album_tracks|canonical_album_tracks","no","0","29903","29904","29904"
"RVTR848150","RVAR008795","Six O'Clock","The Lovin' Spoonful","42969","RVAL839883","Everything Playing","RVAR008795","1968","1968-01-20","release_year:1968","4","yes","canonical_album_tracks|canonical_album_tracks","no","0","42966","42969","42969"
"RVTR848459","RVAR005026","Get Up Offa That Thing","james brown","33257","RVAL424773","James Brown Soul Classics","RVAR005026","1972","1972-06-17","release_year:1972","10","yes","canonical_album_tracks|canonical_album_tracks|canonical_album_tracks|canonical_album_tracks","no","0","33237","33257","33257"
"RVTR849749","RVAR004489","It'S The Most Wonderful Time Of The Year","andy williams","31787","RVAL278627","Personal Christmas Collection","RVAR004489","2012","2012-11-24","release_year:2012","1","yes","canonical_album_tracks|canonical_album_tracks|canonical_album_tracks|canonical_album_tracks","no","0","31767","31787","31787"
"RVTR850874","RVAR001310","Roll On Down The Highway","bachman-turner overdrive","24670","RVAL347707","Not Fragile","RVAR001310","1974","1974-08-31","release_year:1974","2","yes","canonical_track_album_links|canonical_album_tracks|canonical_album_tracks","no","1","24662","24670","24670"
"RVTR852610","RVAR005956","I Put A Spell On You","creedence clearwater revival","35453","RVAL282331","More Creedence Gold","RVAR005956","1973","1973-07-21","release_year:1973","10","yes","canonical_album_tracks|canonical_track_album_links","no","1","35445","35453","35445"
"RVTR853445","RVAR008363","Love Is All Around","The Troggs","42105","RVAL281012","Wild Thing","RVAR008363","1966","1966-09-03","release_year:1966","4","no","canonical_album_tracks|canonical_track_album_links","no","1","42104","42105",""
"RVTR853473","RVAR000336","This Must Be The Place Naive Melody","talking heads","22511","RVAL934248","Speaking In Tongues","RVAR000336","1983","1983-06-25","release_year:1983","9","yes","canonical_album_tracks|canonical_album_tracks","no","0","22508","22511","22511"
"RVTR853792","RVAR001763","Walk This Way","aerosmith","25726","RVAL282091","Toys In The Attic","RVAR001763","1975","1975-04-26","release_year:1975","4","yes","canonical_album_tracks|canonical_album_tracks|canonical_album_tracks|canonical_album_tracks|canonical_album_tracks|canonical_album_tracks","no","0","25716","25726","25726"
"RVTR853853","RVAR007848","Tell Me Why","wynonna","41108","RVAL137180","Tell Me Why","RVAR007848","1993","1993-05-29","release_year:1993","5","yes","canonical_track_album_links|canonical_album_tracks|canonical_album_tracks","no","1","41103","41108","41108"
"RVTR853919","RVAR006434","Sweet Surrender","john denver","37845","RVAL245982","Back Home Again","RVAR006434","1974","1974-06-29","release_year:1974","13","yes","canonical_track_album_links|canonical_album_tracks|canonical_album_tracks","no","0","37843","37845","37845"
"RVTR853968","RVAR008825","Hand Me Down World","The Guess Who","43022","RVAL545574","Share The Land","RVAR008825","1970","1970-10-17","release_year:1970","3","yes","canonical_album_tracks|canonical_album_tracks|canonical_album_tracks|canonical_album_tracks","no","0","43017","43022","43022"
"RVTR854343","RVAR007096","I'M Just Talkin' About Tonight","toby keith","39414","RVAL632677","Toby Keith","RVAR007096","1993","1993-05-15","release_year:1993","28","yes","canonical_album_tracks|canonical_album_tracks|canonical_album_tracks","no","0","39409","39414","39414"
"RVTR854673","RVAR008825","Dancin' Fool","The Guess Who","43017","RVAL953517","Greatest Of The Guess Who","RVAR008825","1971","1971-04-17","release_year:1971","12","yes","canonical_album_tracks|canonical_album_tracks","no","0","43016","43017","43017"
"RVTR855134","RVAR005344","Typical Male","tina turner","34071","RVAL035141","Break Every Rule","RVAR005344","1986","1986-09-27","release_year:1986","1","yes","canonical_album_tracks|canonical_album_tracks|canonical_album_tracks|canonical_album_tracks|canonical_album_tracks","no","0","34070","34071","34071"
"RVTR855606","RVAR007335","Knocking At Your Back Door","deep purple","39897","RVAL450604","Perfect Strangers","RVAR007335","1984","1984-12-01","release_year:1984","1","yes","canonical_album_tracks|canonical_album_tracks","no","0","39895","39897","39897"
"RVTR856207","RVAR008038","Thank You Girl","The Beatles","41446","RVAL310600","The Beatles' Second Album","RVAR008038","1964","1964-04-25","release_year:1964","2","yes","canonical_album_tracks|canonical_album_tracks","no","0","41422","41446","41446"
"RVTR857851","RVAR008289","The Freshmen","The Verve Pipe","42006","RVAL757372","Villains","RVAR008289","1996","1996-04-13","release_year:1996","7","yes","canonical_album_tracks|canonical_track_album_links","no","1","42005","42006","42006"
"RVTR858696","RVAR002945","Alfie","dionne warwick","28282","RVAL932854","Here Where There Is Love","RVAR002945","1967","1967-01-07","release_year:1967","6","yes","canonical_album_tracks|canonical_album_tracks|canonical_album_tracks","no","0","28274","28282","28282"
"RVTR858702","RVAR002621","Live Like You Were Dying","tim mcgraw","27503","RVAL673629","Live Like You Were Dying","RVAR002621","2004","2004-09-11","release_year:2004","5","yes","canonical_album_tracks|canonical_album_tracks|canonical_album_tracks","no","0","27506","27503","27503"
"RVTR859824","RVAR008443","Time Is On My Side","The Rolling Stones","42269","RVAL736090","12 x 5","RVAR008443","1964","1964-11-14","release_year:1964","4","yes","canonical_album_tracks|canonical_album_tracks|canonical_album_tracks|canonical_album_tracks|canonical_album_tracks|canonical_album_tracks","no","0","42268","42269","42269"
"RVTR860727","RVAR006643","Where The Party At","jagged edge","38507","RVAL345692","Jagged Little Thrill","RVAR006643","2001","2001-07-14","release_year:2001","2","yes","canonical_album_tracks|canonical_track_album_links","no","1","38506","38507","38507"
"RVTR860838","RVAR000894","Trust In Me","etta james","23617","RVAL801397","Etta James Top Ten","RVAR000894","1963","1963-08-24","release_year:1963","6","yes","canonical_album_tracks|canonical_album_tracks|canonical_album_tracks","no","0","23613","23617","23617"
"RVTR861082","RVAR002767","Bonanza","johnny cash","27913","RVAL087462","Ring Of Fire (The Best Of Johnny Cash)","RVAR002767","1963","1963-01-05","release_year:1963","8","yes","canonical_album_tracks|canonical_track_album_links","no","1","27889","27913","27913"
"RVTR861273","RVAR006724","Mr Bojangles","nitty gritty dirt band","38655","RVAL255891","Uncle Charlie & His Dog Teddy","RVAR006724","1970","1970-12-05","release_year:1970","10","yes","canonical_album_tracks|canonical_track_album_links","no","1","38652","38655","38655"
"RVTR862153","RVAR008240","Believe","Brooks & Dunn","41863","RVAL332379","Hillbilly Deluxe","RVAR008240","2005","2005-09-17","release_year:2005","8","yes","canonical_album_tracks|canonical_album_tracks","no","0","41858","41863","41863"
"RVTR862155","RVAR000918","Ain'T Nothing Like The Real Thing","marvin gaye","23732","RVAL585441","Marvin Gaye Anthology","RVAR000918","1974","1974-04-20","release_year:1974","45","yes","canonical_album_tracks|canonical_album_tracks|canonical_album_tracks|canonical_album_tracks","no","0","23722","23732","23732"
"RVTR862909","RVAR001411","Crazy For You","madonna","24932","RVAL066131","The Immaculate Collection","RVAR001411","1990","1990-12-01","release_year:1990","6","yes","canonical_album_tracks|canonical_album_tracks","no","0","24929","24932","24932"
"RVTR863761","RVAR002526","Sunglasses At Night","corey hart","27371","RVAL255275","First Offense","RVAR002526","1984","1984-07-14","release_year:1984","10","yes","canonical_track_album_links|canonical_album_tracks","no","1","27369","27371","27371"
"RVTR863777","RVAR001978","My Heart Can'T Tell You No","rod stewart","26220","RVAL312046","Out Of Order","RVAR001978","1988","1988-06-04","release_year:1988","5","yes","canonical_album_tracks|canonical_album_tracks","no","0","26216","26220","26220"
"RVTR864175","RVAR007802","Suspicious Minds","elvis presley","40934","RVAL913707","Elvis: The Very Best Of Love","RVAR007802","2002","2002-03-02","release_year:2002","6","yes","canonical_album_tracks|canonical_album_tracks|canonical_album_tracks","no","0","40905","40934","40934"
"RVTR864328","RVAR000725","The Old Apartment","barenaked ladies","23230","RVAL539428","Born On A Pirate Ship","RVAR000725","1996","1996-04-06","release_year:1996","7","yes","canonical_album_tracks|canonical_album_tracks|canonical_album_tracks|canonical_album_tracks","no","0","23229","23230","23230"
"RVTR866664","RVAR003375","Up Out My Face","mariah carey","29211","RVAL094393","Greatest Hits","RVAR003375","2001","2001-12-22","release_year:2001","4","yes","canonical_album_tracks|canonical_track_album_links","no","1","29214","29211","29211"
"RVTR866692","RVAR004337","Lady Down On Love","alabama","31477","RVAL137081","The Closer You Get","RVAR004337","1983","1983-03-26","release_year:1983","2","yes","canonical_album_tracks|canonical_album_tracks|canonical_album_tracks|canonical_album_tracks|canonical_album_tracks","no","0","31464","31477","31477"
"RVTR867988","RVAR000041","My Immortal","evanescence","21794","RVAL753280","Fallen","RVAR000041","2003","2003-03-22","release_year:2003","4","yes","canonical_album_tracks|canonical_album_tracks","no","0","21792","21794","21794"
"RVTR868264","RVAR001154","Lick It Up","kiss","24309","RVAL405157","Lick It Up","RVAR001154","1983","1983-10-15","release_year:1983","3","yes","canonical_album_tracks|canonical_album_tracks|canonical_album_tracks|canonical_album_tracks|canonical_album_tracks","no","0","24306","24309","24309"
"RVTR868639","RVAR002402","Free Bird","lynyrd skynyrd","27120","RVAL296894","Lynyrd Skynyrd (pronounced leh-nerd skin-nerd)","RVAR002402","1973","1973-09-22","release_year:1973","6","yes","canonical_album_tracks|canonical_album_tracks|canonical_album_tracks|canonical_album_tracks|canonical_album_tracks","no","0","27113","27120","27120"
"RVTR868737","RVAR004977","Try A Little Tenderness","three dog night","33147","RVAL055584","The Complete Hit Singles","RVAR004977","2004","2004-06-19","release_year:2004","2","yes","canonical_album_tracks|canonical_track_album_links","no","1","33146","33147","33147"
"RVTR870202","RVAR005733","Wicked","ice cube","34943","RVAL839039","The Predator","RVAR005733","1992","1992-12-05","release_year:1992","4","yes","canonical_album_tracks|canonical_track_album_links","no","1","34935","34943","34943"
"RVTR870499","RVAR008304","Purple Haze","The Jimi Hendrix Experience","42055","RVAL397492","Smash Hits","RVAR008304","1969","1969-08-02","release_year:1969","1","yes","canonical_album_tracks|canonical_album_tracks|canonical_album_tracks|canonical_album_tracks","no","0","42048","42055","42055"
"RVTR870581","RVAR004927","All The Small Things","blink-182","32983","RVAL741758","Enema Of The State","RVAR004927","1999","1999-06-19","release_year:1999","8","yes","canonical_album_tracks|canonical_track_album_links|canonical_album_tracks","no","1","32979","32983","32983"
"RVTR870716","RVAR008864","Carpet Man","The 5th Dimension","43148","RVAL915588","The Magic Garden","RVAR008864","1968","1968-01-13","release_year:1968","5","yes","canonical_album_tracks|canonical_album_tracks","no","0","43142","43148","43148"
"RVTR871639","RVAR002395","Long Long Time","linda ronstadt","27092","RVAL777898","Silk Purse","RVAR002395","1970","1970-10-24","release_year:1970","2","yes","canonical_track_album_links|canonical_album_tracks|canonical_album_tracks|canonical_album_tracks","no","1","27072","27092","27092"
"RVTR872076","RVAR000867","Watching The Wheels","john lennon","23541","RVAL706101","Working Class Hero: The Definitive Lennon","RVAR000867","2005","2005-10-22","release_year:2005","3","yes","canonical_album_tracks|canonical_track_album_links","no","0","23530","23541","23530"
"RVTR874957","RVAR003774","Who We Be","dmx","30281","RVAL520513","The Great Depression","RVAR003774","2001","2001-11-10","release_year:2001","3","yes","canonical_album_tracks|canonical_album_tracks|canonical_album_tracks","no","0","30280","30281","30281"
"RVTR875816","RVAR008606","Go Ahead And Cry","The Righteous Brothers","42629","RVAL237056","The Best Of The Righteous Brothers","RVAR008606","1966","1966-05-21","release_year:1966","4","yes","canonical_album_tracks|canonical_album_tracks|canonical_album_tracks|canonical_album_tracks","no","0","42618","42629","42629"
"RVTR876479","RVAR001310","Blue Collar","bachman-turner overdrive","24664","RVAL771033","Bachman-Turner Overdrive II","RVAR001310","1974","1974-01-19","release_year:1974","3","yes","canonical_album_tracks|canonical_album_tracks|canonical_album_tracks","no","0","24662","24664","24664"
"RVTR876569","RVAR008606","Little Latin Lupe Lu","The Righteous Brothers","42623","RVAL071984","Right Now!","RVAR008606","1965","1965-01-02","release_year:1965","5","yes","canonical_album_tracks|canonical_album_tracks|canonical_album_tracks|canonical_album_tracks","no","0","42622","42623","42623"
"RVTR878607","RVAR004808","Around The Way Girl","ll cool j","32602","RVAL600182","Mama Said Knock You Out","RVAR004808","1990","1990-10-06","release_year:1990","6","yes","canonical_album_tracks|canonical_album_tracks","no","0","32597","32602","32602"
"RVTR879182","RVAR007695","We Belong","pat benatar","40546","RVAL640350","Tropico","RVAR007695","1984","1984-11-24","release_year:1984","2","yes","canonical_album_tracks|canonical_album_tracks|canonical_album_tracks","no","0","40534","40546","40546"
"RVTR879497","RVAR005198","Jojo","boz scaggs","33756","RVAL349033","Middle Man","RVAR005198","1980","1980-04-19","release_year:1980","1","yes","canonical_album_tracks|canonical_album_tracks","no","0","33754","33756","33756"
"RVTR879867","RVAR006461","Desperately","george strait","37948","RVAL682986","Honkytonkville","RVAR006461","2003","2003-06-28","release_year:2003","8","yes","canonical_album_tracks|canonical_album_tracks","no","0","37931","37948","37948"
"RVTR880058","RVAR001763","Hole In My Soul","aerosmith","25715","RVAL783132","Nine Lives","RVAR001763","1997","1997-04-05","release_year:1997","3","yes","canonical_album_tracks|canonical_album_tracks","no","0","25699","25715","25715"
"RVTR881223","RVAR001747","Strangelove","depeche mode","25665","RVAL528692","Music For The Masses","RVAR001747","1987","1987-10-24","release_year:1987","3","yes","canonical_album_tracks|canonical_album_tracks|canonical_album_tracks|canonical_album_tracks","no","0","25659","25665","25665"
"RVTR881664","RVAR003758","Wonderful Tonight","eric clapton","30247","RVAL063325","Slowhand","RVAR003758","1977","1977-11-26","release_year:1977","2","yes","canonical_album_tracks|canonical_album_tracks|canonical_album_tracks|canonical_album_tracks|canonical_album_tracks|canonical_album_tracks","no","0","30221","30247","30247"
"RVTR882418","RVAR001203","And I","ciara","24439","RVAL317280","Goodies","RVAR001203","2004","2004-10-16","release_year:2004","10","yes","canonical_album_tracks|canonical_track_album_links","no","1","24436","24439","24439"
"RVTR882876","RVAR005102","Wichita Lineman","glen campbell","33458","RVAL231465","Wichita Lineman","RVAR005102","1968","1968-11-16","release_year:1968","1","yes","canonical_album_tracks|canonical_album_tracks|canonical_album_tracks|canonical_album_tracks|canonical_album_tracks","no","0","33433","33458","33458"
"RVTR883215","RVAR007209","My Heart Belongs To Only You","bobby vinton","39633","RVAL752915","Bobby Vinton's Greatest Hits","RVAR007209","1964","1964-10-03","release_year:1964","6","yes","canonical_album_tracks|canonical_album_tracks|canonical_album_tracks","no","0","39648","39633","39633"
"RVTR883297","RVAR005102","By The Time I Get To Phoenix","glen campbell","33437","RVAL333318","By The Time I Get To Phoenix","RVAR005102","1967","1967-12-30","release_year:1967","1","yes","canonical_album_tracks|canonical_album_tracks|canonical_album_tracks|canonical_album_tracks|canonical_album_tracks|canonical_album_tracks","no","0","33433","33437","33437"
"RVTR883311","RVAR000924","Killer Joe","quincy jones","23764","RVAL227792","Walking In Space","RVAR000924","1969","1969-11-22","release_year:1969","3","yes","canonical_album_tracks|canonical_album_tracks","no","0","23754","23764","23764"
"RVTR884610","RVAR006555","Crying","roy orbison","38256","RVAL364914","Roy Orbison's Greatest Hits","RVAR006555","1963","1963-01-05","release_year:1963","3","yes","canonical_album_tracks|canonical_album_tracks|canonical_album_tracks|canonical_album_tracks|canonical_album_tracks","no","0","38247","38256","38256"
"RVTR884712","RVAR006296","Lucy In The Sky With Diamonds","elton john","37617","RVAL616337","Elton John's Greatest Hits, Volume II","RVAR006296","1977","1977-10-22","release_year:1977","2","yes","canonical_album_tracks|canonical_album_tracks|canonical_album_tracks","no","0","37637","37617","37617"
"RVTR885167","RVAR004102","Break It Up","foreigner","30936","RVAL994965","Foreigner","RVAR004102","1977","1977-03-26","release_year:1977","10","yes","canonical_track_album_links|canonical_album_tracks|canonical_album_tracks|canonical_album_tracks","no","0","30928","30936","30936"
"RVTR885358","RVAR008545","Happiness","The Pointer Sisters","42503","RVAL029530","The Best Of The Pointer Sisters","RVAR008545","1976","1976-12-04","release_year:1976","18","yes","canonical_track_album_links|canonical_album_tracks|canonical_album_tracks","no","1","42492","42503","42503"
"RVTR886262","RVAR008273","Happy Jack","The Who","41954","RVAL458230","Live At Leeds","RVAR008273","1970","1970-05-30","release_year:1970","7","yes","canonical_album_tracks|canonical_album_tracks|canonical_album_tracks|canonical_album_tracks|canonical_album_tracks|canonical_album_tracks|canonical_album_tracks|canonical_album_tracks","no","0","41945","41954","41954"
"RVTR886873","RVAR001976","Anyway","martina mcbride","26187","RVAL856145","Waking Up Laughing","RVAR001976","2007","2007-04-21","release_year:2007","5","yes","canonical_album_tracks|canonical_track_album_links","no","1","26179","26187","26187"
"RVTR888299","RVAR005146","If Loving You Is Wrong I Don'T Want To Be Right","barbara mandrell","33571","RVAL799885","The Best Of Barbara Mandrell","RVAR005146","1979","1979-02-24","release_year:1979","1","yes","canonical_album_tracks|canonical_album_tracks","no","0","33569","33571","33571"
"RVTR888385","RVAR006296","Candle In The Wind","elton john","37619","RVAL817194","Goodbye Yellow Brick Road","RVAR006296","1973","1973-10-20","release_year:1973","2","yes","canonical_album_tracks|canonical_album_tracks|canonical_album_tracks|canonical_track_album_links|canonical_album_tracks","no","1","37613","37619","37619"
"RVTR889958","RVAR004102","Cold As Ice","foreigner","30936","RVAL994965","Foreigner","RVAR004102","1977","1977-03-26","release_year:1977","2","yes","canonical_album_tracks|canonical_album_tracks|canonical_album_tracks|canonical_album_tracks|canonical_album_tracks|canonical_album_tracks|canonical_album_tracks|canonical_album_tracks|canonical_album_tracks|canonical_album_tracks","no","1","30929","30936","30936"
"RVTR891821","RVAR003797","Tom Sawyer","rush","30332","RVAL134383","Moving Pictures","RVAR003797","1981","1981-03-07","release_year:1981","1","yes","canonical_album_tracks|canonical_album_tracks|canonical_album_tracks","no","1","30321","30332","30332"
"RVTR891881","RVAR006629","Thank The Lord For The Night Time","neil diamond","38441","RVAL222097","Neil Diamond's Greatest Hits","RVAR006629","1968","1968-08-03","release_year:1968","9","yes","canonical_album_tracks|canonical_album_tracks|canonical_track_album_links|canonical_album_tracks|canonical_album_tracks|canonical_album_tracks|canonical_album_tracks|canonical_album_tracks","no","1","38420","38441","38441"
"RVTR892750","RVAR008583","Listen To The Music","The Doobie Brothers","42573","RVAL729407","Toulouse Street","RVAR008583","1972","1972-08-26","release_year:1972","1","yes","canonical_album_tracks|canonical_album_tracks|canonical_album_tracks","no","0","42572","42573","42573"
"RVTR893202","RVAR005078","I Say A Little Prayer","aretha franklin","33360","RVAL005556","Aretha Now","RVAR005078","1968","1968-07-13","release_year:1968","2","yes","canonical_album_tracks|canonical_album_tracks|canonical_album_tracks|canonical_album_tracks","no","0","33355","33360","33360"
"RVTR893382","RVAR000975","Heartbreaker","grand funk railroad","23903","RVAL621197","On Time","RVAR000975","1969","1969-10-11","release_year:1969","7","yes","canonical_album_tracks|canonical_track_album_links|canonical_album_tracks|canonical_album_tracks","no","0","23894","23903","23903"
"RVTR893618","RVAR008778","Heaven Knows","The Grass Roots","42952","RVAL855339","Let's Live For Today","RVAR008778","1967","1967-08-19","release_year:1967","5","yes","canonical_track_album_links|canonical_album_tracks|canonical_album_tracks|canonical_album_tracks","no","1","42951","42952","42952"
"RVTR894202","RVAR005166","Killer Queen","queen","33646","RVAL625010","Sheer Heart Attack","RVAR005166","1974","1974-12-14","release_year:1974","2","yes","canonical_album_tracks|canonical_album_tracks|canonical_album_tracks|canonical_album_tracks|canonical_track_album_links|canonical_album_tracks","no","1","33630","33646","33646"
"RVTR894333","RVAR000138","Mary In The Morning","al martino","22044","RVAL766974","Spanish Eyes","RVAR000138","1966","1966-02-19","release_year:1966","7","yes","canonical_track_album_links|canonical_album_tracks|canonical_album_tracks","no","0","22031","22044","22044"
"RVTR894824","RVAR001497","Every Rose Has Its Thorn","poison","25190","RVAL521367","Open Up And Say...Ahh!","RVAR001497","1988","1988-05-21","release_year:1988","8","yes","canonical_album_tracks|canonical_album_tracks|canonical_album_tracks|canonical_album_tracks","no","0","25183","25190","25190"
"RVTR896366","RVAR003313","All My Trials","ray stevens","29069","RVAL665096","Ray Stevens' Greatest Hits","RVAR003313","1971","1971-09-04","release_year:1971","5","yes","canonical_track_album_links|canonical_album_tracks","no","1","29072","29069","29069"
"RVTR898376","RVAR000216","Beast Of Burden","bette midler","22295","RVAL175313","No Frills","RVAR000216","1983","1983-08-27","release_year:1983","8","yes","canonical_album_tracks|canonical_album_tracks","no","0","22291","22295","22295"
"RVTR898896","RVAR003421","Georgia On My Mind","willie nelson","29437","RVAL116283","Willie Nelson Live","RVAR003421","1976","1976-05-08","release_year:1976","2","yes","canonical_album_tracks|canonical_album_tracks|canonical_album_tracks|canonical_album_tracks|canonical_album_tracks","no","0","29419","29437","29437"
"RVTR900914","RVAR000643","Born To Be My Baby","bon jovi","23089","RVAL459527","New Jersey","RVAR000643","1988","1988-10-08","release_year:1988","3","yes","canonical_album_tracks|canonical_album_tracks|canonical_album_tracks|canonical_album_tracks","no","0","23086","23089","23089"
"RVTR901223","RVAR001047","Rain","jose feliciano","24072","RVAL210953","Alive Alive-O!","RVAR001047","1969","1969-12-20","release_year:1969","13","yes","canonical_album_tracks|canonical_album_tracks","no","0","24075","24072","24072"
"RVTR901582","RVAR006962","We'Re Getting Careless With Our Love","johnnie taylor","39175","RVAL452627","Johnnie Taylor's Greatest Hits","RVAR006962","1970","1970-12-19","release_year:1970","20","yes","canonical_album_tracks|canonical_album_tracks","no","0","39180","39175","39175"
"RVTR903645","RVAR006847","Love Makes Things Happen","pebbles","38906","RVAL818179","Pebbles","RVAR006847","1988","1988-02-13","release_year:1988","13","yes","canonical_album_tracks|canonical_track_album_links","no","1","38905","38906","38906"
"RVTR903868","RVAR005729","Pop A Top","alan jackson","34906","RVAL450022","Under The Influence","RVAR005729","1999","1999-11-13","release_year:1999","1","yes","canonical_album_tracks|canonical_album_tracks|canonical_album_tracks","no","0","34881","34906","34906"
"RVTR904600","RVAR005102","Galveston","glen campbell","33438","RVAL718427","Galveston","RVAR005102","1969","1969-04-12","release_year:1969","1","yes","canonical_album_tracks|canonical_album_tracks|canonical_album_tracks|canonical_album_tracks","no","0","33433","33438","33438"
"RVTR904723","RVAR002743","Kiss An Angel Good Mornin'","charley pride","27742","RVAL373626","Charley Pride: In Person","RVAR002743","1969","1969-02-15","release_year:1969","6","yes","canonical_album_tracks|canonical_album_tracks","no","0","27741","27742","27742"
"RVTR905561","RVAR004874","Dolly Dagger","jimi hendrix","32816","RVAL449551","Rainbow Bridge (Soundtrack)","RVAR004874","1971","1971-10-09","release_year:1971","1","yes","canonical_album_tracks|canonical_album_tracks|canonical_album_tracks","no","0","32804","32816","32816"
"RVTR906129","RVAR003653","Superfly","curtis mayfield","30040","RVAL450300","Superfly","RVAR003653","1972","1972-08-26","release_year:1972","1","yes","canonical_track_album_links|canonical_album_tracks","no","1","30030","30040","30040"
"RVTR906234","RVAR008735","Surfer Girl","The Beach Boys","42889","RVAL999334","Surfer Girl","RVAR008735","1963","1963-10-12","release_year:1963","1","yes","canonical_album_tracks|canonical_album_tracks|canonical_album_tracks|canonical_track_album_links|canonical_album_tracks|canonical_album_tracks|canonical_album_tracks|canonical_album_tracks|canonical_album_tracks","no","1","42859","42889","42889"
"RVTR906397","RVAR004489","Dear Heart","andy williams","31795","RVAL485805","The Impossible Dream","RVAR004489","1972","1972-01-08","release_year:1972","11","yes","canonical_album_tracks|canonical_album_tracks|canonical_album_tracks","no","0","31766","31795","31770"
"RVTR908757","RVAR004476","For A Dancer","prelude","31756","RVAL767499","After The Gold Rush","RVAR004476","1974","1974-12-07","release_year:1974","30","yes","canonical_track_album_links|canonical_album_tracks","no","0","31757","31756","31756"
"RVTR910310","RVAR001380","Feeling Alright","joe cocker","24850","RVAL600451","With A Little Help From My Friends","RVAR001380","1969","1969-05-31","release_year:1969","1","yes","canonical_album_tracks|canonical_album_tracks|canonical_album_tracks","no","0","24849","24850","24850"
"RVTR910567","RVAR004609","Digging In The Dirt","peter gabriel","32077","RVAL322760","Us","RVAR004609","1992","1992-10-17","release_year:1992","7","yes","canonical_album_tracks|canonical_album_tracks|canonical_track_album_links","no","1","32062","32077","32077"
"RVTR910671","RVAR002767","Ring Of Fire","johnny cash","27913","RVAL087462","Ring Of Fire (The Best Of Johnny Cash)","RVAR002767","1963","1963-01-05","release_year:1963","1","yes","canonical_album_tracks|canonical_album_tracks|canonical_album_tracks|canonical_album_tracks|canonical_album_tracks|canonical_album_tracks","no","0","27881","27913","27913"
"RVTR910793","RVAR005078","I Knew You Were Waiting For Me","aretha franklin","33367","RVAL737109","Greatest Hits (1980-1994)","RVAR005078","1994","1994-03-12","release_year:1994","2","yes","canonical_album_tracks|canonical_album_tracks","no","0","33371","33367","33367"
"RVTR910861","RVAR002454","Raised On Robbery","joni mitchell","27204","RVAL460648","Joni Mitchell","RVAR002454","1968","1968-05-18","release_year:1968","9","yes","canonical_album_tracks|canonical_track_album_links|canonical_album_tracks","no","1","27196","27204","27204"
"RVTR910888","RVAR003870","Slip Slidin' Away","paul simon","30511","RVAL980491","The Paul Simon Collection: On My Way, Don't Know Where I'm Goin'","RVAR003870","2002","2002-11-23","release_year:2002","9","yes","canonical_album_tracks|canonical_album_tracks","no","0","30497","30511","30497"
"RVTR911818","RVAR007209","Coming Home Soldier","bobby vinton","39632","RVAL960703","Bobby Vinton's All-Time Greatest Hits","RVAR007209","1972","1972-11-25","release_year:1972","10","yes","canonical_album_tracks|canonical_track_album_links","no","1","39627","39632","39632"
"RVTR912231","RVAR005429","What About Your Friends","tlc","34272","RVAL379857","Ooooooohhh. . .On The TLC Tip","RVAR005429","1992","1992-03-14","release_year:1992","15","yes","canonical_track_album_links|canonical_album_tracks|canonical_album_tracks","no","1","34267","34272","34272"
"RVTR912352","RVAR008545","Dare Me","The Pointer Sisters","42503","RVAL029530","The Best Of The Pointer Sisters","RVAR008545","1976","1976-12-04","release_year:1976","28","yes","canonical_track_album_links|canonical_album_tracks","no","1","42491","42503","42503"
"RVTR913274","RVAR008735","Darlin'","The Beach Boys","42855","RVAL663323","Beach Boys In Concert","RVAR008735","1964","1964-11-07","release_year:1964","19","yes","canonical_album_tracks|canonical_album_tracks|canonical_album_tracks","no","0","42901","42855","42855"
"RVTR914160","RVAR001777","Life After You","daughtry","25753","RVAL373947","Leave This Town","RVAR001777","2009","2009-08-01","release_year:2009","4","yes","canonical_album_tracks|canonical_album_tracks","no","0","25752","25753","25753"
"RVTR915711","RVAR003421","On The Road Again","willie nelson","29437","RVAL116283","Willie Nelson Live","RVAR003421","1976","1976-05-08","release_year:1976","6","yes","canonical_album_tracks|canonical_album_tracks|canonical_album_tracks","no","0","29421","29437","29437"
"RVTR916748","RVAR005891","We'Re Gonna Have A Good Time","rare earth","35297","RVAL640340","Willie Remembers..","RVAR005891","1972","1972-11-25","release_year:1972","7","yes","canonical_album_tracks|canonical_album_tracks","no","0","35295","35297","35297"
"RVTR917092","RVAR002822","Wish You Were Here","incubus","28017","RVAL903543","Morning View","RVAR002822","2001","2001-11-10","release_year:2001","3","yes","canonical_album_tracks|canonical_album_tracks|canonical_album_tracks","no","0","28016","28017","28017"
"RVTR918839","RVAR002699","Desire","u2","27648","RVAL016155","Rattle And Hum (Soundtrack)","RVAR002699","1988","1988-10-29","release_year:1988","11","yes","canonical_album_tracks|canonical_album_tracks","no","0","27652","27648","27648"
"RVTR920094","RVAR006219","Rock You Like A Hurricane","scorpions","37471","RVAL401784","Love At First Sting","RVAR006219","1984","1984-03-17","release_year:1984","2","yes","canonical_album_tracks|canonical_album_tracks|canonical_album_tracks|canonical_album_tracks|canonical_album_tracks","no","0","37466","37471","37471"
"RVTR920581","RVAR007576","When We Dance","sting","40284","RVAL155418","Fields Of Gold - Best Of Sting 1984-1994","RVAR007576","1994","1994-11-26","release_year:1994","10","yes","canonical_album_tracks|canonical_album_tracks|canonical_album_tracks","no","0","40279","40284","40284"
"RVTR920742","RVAR003574","If You Had My Love","jennifer lopez","29829","RVAL820736","The Reel Me","RVAR003574","2003","2003-12-06","release_year:2003","1","yes","canonical_album_tracks|canonical_album_tracks","no","0","29823","29829","29829"
"RVTR921083","RVAR007915","Money","The Kingsmen","41201","RVAL997100","The Kingsmen In Person","RVAR007915","1964","1964-01-18","release_year:1964","5","yes","canonical_album_tracks|canonical_album_tracks","no","0","41200","41201","41201"
"RVTR921168","RVAR000822","Walk On The Wild Side","lou reed","23425","RVAL626811","Transformer","RVAR000822","1972","1972-12-16","release_year:1972","11","yes","canonical_track_album_links|canonical_album_tracks|canonical_album_tracks|canonical_album_tracks","no","1","23417","23425","23425"
"RVTR921403","RVAR006240","Gypsy Man","war","37493","RVAL795407","Deliver The Word","RVAR006240","1973","1973-09-01","release_year:1973","3","yes","canonical_album_tracks|canonical_album_tracks","no","0","37497","37493","37493"
"RVTR921500","RVAR007351","Little Devil","neil sedaka","39924","RVAL464860","Neil Sedaka Sings His Greatest Hits","RVAR007351","1975","1975-03-01","release_year:1975","10","yes","canonical_album_tracks|canonical_album_tracks","no","0","39931","39924","39924"
"RVTR923790","RVAR006319","Crying Time","ray charles","37678","RVAL677285","Crying Time","RVAR006319","1966","1966-03-12","release_year:1966","1","yes","canonical_album_tracks|canonical_album_tracks","no","0","37674","37678","37678"
"RVTR923801","RVAR007209","Roses Are Red My Love","bobby vinton","39633","RVAL752915","Bobby Vinton's Greatest Hits","RVAR007209","1964","1964-10-03","release_year:1964","2","yes","canonical_album_tracks|canonical_album_tracks|canonical_album_tracks","no","0","39648","39633","39633"
"RVTR924630","RVAR005913","Easy Livin","uriah heep","35354","RVAL077720","Demons And Wizards","RVAR005913","1972","1972-06-17","release_year:1972","14","yes","canonical_track_album_links|canonical_album_tracks|canonical_track_album_links","no","3","35353","35354","35354"
"RVTR924657","RVAR002883","Country Road","james taylor","28134","RVAL571825","Sweet Baby James","RVAR002883","1970","1970-03-14","release_year:1970","5","yes","canonical_album_tracks|canonical_album_tracks|canonical_album_tracks","no","0","28132","28134","28134"
"RVTR924663","RVAR000329","The Way It Is","tesla","22499","RVAL253460","The Great Radio Controversy","RVAR000329","1989","1989-02-18","release_year:1989","9","yes","canonical_album_tracks|canonical_album_tracks|canonical_album_tracks","no","0","22492","22499","22499"
"RVTR925047","RVAR001416","Dreaming Of You","selena","24950","RVAL736814","Dreaming Of You","RVAR001416","1995","1995-08-05","release_year:1995","5","yes","canonical_album_tracks|canonical_album_tracks|canonical_album_tracks","no","0","24947","24950","24950"
"RVTR925592","RVAR008098","Hearsay","The Soul Children","41598","RVAL478499","Soul Children","RVAR008098","1969","1969-09-06","release_year:1969","11","yes","canonical_track_album_links|canonical_album_tracks","no","0","41597","41598","41598"
"RVTR927668","RVAR004839","Free","chicago","32683","RVAL204636","Chicago III","RVAR004839","1971","1971-01-30","release_year:1971","7","yes","canonical_album_tracks|canonical_track_album_links|canonical_album_tracks","no","1","32681","32683","32683"
"RVTR928239","RVAR005157","That Girl","maxi priest","33610","RVAL577886","Maxi Priest","RVAR005157","1988","1988-12-03","release_year:1988","10","yes","canonical_album_tracks|canonical_album_tracks","no","0","33609","33610","33610"
"RVTR930700","RVAR001380","She Came In Through The Bathroom Window","joe cocker","24839","RVAL402020","Joe Cocker!","RVAR001380","1969","1969-11-22","release_year:1969","4","yes","canonical_album_tracks|canonical_album_tracks|canonical_album_tracks|canonical_album_tracks|canonical_album_tracks","no","0","24837","24839","24839"
"RVTR931779","RVAR006857","Thieves In The Temple","prince","38933","RVAL233959","Graffiti Bridge (Soundtrack)","RVAR006857","1990","1990-09-08","release_year:1990","10","yes","canonical_album_tracks|canonical_album_tracks|canonical_album_tracks","no","0","38948","38933","38933"
"RVTR932299","RVAR003135","Lucille","kenny rogers","28656","RVAL913306","Greatest Hits","RVAR003135","1971","1971-02-20","release_year:1971","7","yes","canonical_album_tracks|canonical_album_tracks|canonical_album_tracks|canonical_album_tracks|canonical_album_tracks|canonical_album_tracks|canonical_album_tracks","no","0","28646","28656","28656"
"RVTR933535","RVAR003985","I Love A Rainy Night","eddie rabbitt","30714","RVAL270080","The Best Of Eddie Rabbitt","RVAR003985","1979","1979-11-24","release_year:1979","1","yes","canonical_track_album_links|canonical_album_tracks","no","1","30710","30714","30714"
"RVTR933599","RVAR003666","Fifteen Years Ago","conway twitty","30053","RVAL410241","Hello Darlin'","RVAR003666","1970","1970-07-04","release_year:1970","4","yes","canonical_track_album_links|canonical_album_tracks","no","0","30051","30053","30053"
"RVTR933650","RVAR006296","Bennie And The Jets","elton john","37619","RVAL817194","Goodbye Yellow Brick Road","RVAR006296","1973","1973-10-20","release_year:1973","3","yes","canonical_album_tracks|canonical_album_tracks|canonical_album_tracks|canonical_album_tracks|canonical_album_tracks|canonical_album_tracks","no","0","37613","37619","37619"
"RVTR934417","RVAR004220","Deacon Blues","steely dan","31211","RVAL911915","Aja","RVAR004220","1977","1977-10-15","release_year:1977","3","yes","canonical_album_tracks|canonical_album_tracks|canonical_album_tracks|canonical_album_tracks","no","0","31210","31211","31211"
"RVTR935422","RVAR005166","Somebody To Love","queen","33626","RVAL326474","A Day At The Races","RVAR005166","1977","1977-01-15","release_year:1977","6","yes","canonical_album_tracks|canonical_album_tracks|canonical_album_tracks|canonical_track_album_links|canonical_album_tracks","no","1","33630","33626","33626"
"RVTR936521","RVAR008301","I Wish You Could Be Here","The Cyrkle","42045","RVAL310104","Red Rubber Ball","RVAR008301","1966","1966-08-06","release_year:1966","9","yes","canonical_track_album_links|canonical_album_tracks","no","1","42044","42045","42045"
"RVTR936575","RVAR002420","Back At One","mark wills","27148","RVAL385554","Greatest Hits","RVAR002420","1964","1964-05-30","release_year:1964","7","yes","canonical_album_tracks|canonical_track_album_links","no","1","27150","27148","27148"
"RVTR937423","RVAR001015","Turn Off The Lights","teddy pendergrass","23975","RVAL279741","Teddy Pendergrass","RVAR001015","1977","1977-03-19","release_year:1977","2","yes","canonical_album_tracks|canonical_album_tracks|canonical_track_album_links|canonical_album_tracks","no","1","23973","23975","23975"
"RVTR938153","RVAR002767","Folsom Prison Blues","johnny cash","27895","RVAL012191","I Walk The Line","RVAR002767","1964","1964-07-25","release_year:1964","3","yes","canonical_album_tracks|canonical_album_tracks|canonical_album_tracks|canonical_album_tracks|canonical_album_tracks|canonical_album_tracks|canonical_album_tracks|canonical_album_tracks|canonical_album_tracks|canonical_album_tracks|canonical_album_tracks|canonical_album_tracks","no","0","27881","27895","27895"
"RVTR940240","RVAR008778","Two Divided By Love","The Grass Roots","42952","RVAL855339","Let's Live For Today","RVAR008778","1967","1967-08-19","release_year:1967","12","yes","canonical_track_album_links|canonical_album_tracks","no","1","42955","42952","42952"
"RVTR940274","RVAR001090","The Folk Singer","tommy roe","24184","RVAL270700","Sweet Pea","RVAR001090","1966","1966-11-05","release_year:1966","9","yes","canonical_album_tracks|canonical_track_album_links","no","1","24182","24184","24182"
"RVTR943368","RVAR008915","Shop Around","The Miracles","43266","RVAL307963","Greatest Hits, Vol. 2","RVAR008915","1968","1968-02-24","release_year:1968","5","yes","canonical_track_album_links|canonical_album_tracks","no","1","43256","43266","43266"
"RVTR944083","RVAR006319","Careless Love","ray charles","37689","RVAL052017","Modern Sounds In Country And Western Music","RVAR006319","1963","1963-01-05","release_year:1963","10","yes","canonical_album_tracks|canonical_track_album_links","no","1","37677","37689","37689"
"RVTR944109","RVAR005597","I Can Only Imagine","mercyme","34586","RVAL522798","Almost There","RVAR005597","2001","2001-12-22","release_year:2001","5","yes","canonical_album_tracks|canonical_album_tracks","no","0","34584","34586","34586"
"RVTR945213","RVAR002621","My Next Thirty Years","tim mcgraw","27501","RVAL022433","Greatest Hits: Limited Edition","RVAR002621","2008","2008-05-17","release_year:2008","13","yes","canonical_album_tracks|canonical_album_tracks","no","0","27506","27501","27501"
"RVTR945876","RVAR003885","Me And Bobby Mcgee","jerry lee lewis","30548","RVAL807597","Would You Take Another Chance On Me?","RVAR003885","1971","1971-11-27","release_year:1971","5","yes","canonical_track_album_links|canonical_album_tracks","no","1","30538","30548","30548"
"RVTR947025","RVAR002393","Oh My My","ringo starr","27059","RVAL227509","Ringo","RVAR002393","1973","1973-11-17","release_year:1973","13","yes","canonical_track_album_links|canonical_album_tracks","no","1","27053","27059","27059"
"RVTR947590","RVAR001777","No Surprise","daughtry","25753","RVAL373947","Leave This Town","RVAR001777","2009","2009-08-01","release_year:2009","2","yes","canonical_album_tracks|canonical_album_tracks","no","0","25752","25753","25753"
"RVTR948306","RVAR001341","Lost In Love","air supply","24727","RVAL090818","Greatest Hits","RVAR001341","1983","1983-08-20","release_year:1983","3","yes","canonical_album_tracks|canonical_album_tracks","no","0","24732","24727","24727"
"RVTR950452","RVAR006629","Cracklin' Rosie","neil diamond","38431","RVAL972416","Hot August Night/NYC: Live From Madison Square Garden","RVAR006629","2009","2009-08-29","release_year:2009","3","yes","canonical_album_tracks|canonical_album_tracks","no","0","38430","38431","38430"
"RVTR951214","RVAR005429","Red Light Special","tlc","34269","RVAL819689","CrazySexyCool","RVAR005429","1994","1994-12-03","release_year:1994","7","yes","canonical_album_tracks|canonical_album_tracks|canonical_album_tracks","no","0","34267","34269","34269"
"RVTR951389","RVAR002761","My Man","barbra streisand","27804","RVAL907324","Barbra Streisand's Greatest Hits","RVAR002761","1970","1970-02-28","release_year:1970","6","yes","canonical_album_tracks|canonical_album_tracks|canonical_album_tracks|canonical_album_tracks","no","0","27841","27804","27804"
"RVTR952100","RVAR005166","We Are The Champions","queen","33642","RVAL382697","News Of The World","RVAR005166","1977","1977-11-26","release_year:1977","2","yes","canonical_album_tracks|canonical_album_tracks|canonical_album_tracks|canonical_album_tracks|canonical_album_tracks|canonical_album_tracks","no","0","33630","33642","33642"
"RVTR953317","RVAR000216","Boogie Woogie Bugle Boy","bette midler","22298","RVAL595972","The Divine Miss M","RVAR000216","1972","1972-12-09","release_year:1972","10","yes","canonical_album_tracks|canonical_album_tracks","no","0","22288","22298","22298"
"RVTR954220","RVAR000033","One Last Cry","brian mcknight","21769","RVAL807168","Brian McKnight","RVAR000033","1992","1992-09-12","release_year:1992","6","yes","canonical_album_tracks|canonical_track_album_links","no","1","21765","21769","21769"
"RVTR954825","RVAR008576","De Do Do Do De Da Da Da","The Police","42555","RVAL708674","Zenyatta Mondatta","RVAR008576","1980","1980-10-25","release_year:1980","4","yes","canonical_album_tracks|canonical_album_tracks|canonical_track_album_links","no","0","42550","42555","42555"
"RVTR955354","RVAR008432","Funky Weekend","The Stylistics","42260","RVAL756888","The Best Of The Stylistics","RVAR008432","1975","1975-02-22","release_year:1975","29","yes","canonical_track_album_links|canonical_album_tracks","no","1","42262","42260","42260"
"RVTR955805","RVAR005083","Fooled Around And Fell In Love","elvin bishop","33403","RVAL092019","Struttin' My Stuff","RVAR005083","1976","1976-01-24","release_year:1976","5","yes","canonical_album_tracks|canonical_album_tracks","no","0","33402","33403","33403"
"RVTR956292","RVAR003449","Brown Eyed Girl","van morrison","29523","RVAL872280","Blowin' Your Mind!","RVAR003449","1967","1967-10-07","release_year:1967","1","yes","canonical_album_tracks|canonical_album_tracks|canonical_album_tracks|canonical_album_tracks|canonical_album_tracks|canonical_album_tracks","no","0","29515","29523","29523"
"RVTR956614","RVAR001053","How Can You Mend A Broken Heart","bee gees","24123","RVAL700961","Trafalgar","RVAR001053","1971","1971-09-25","release_year:1971","1","yes","canonical_album_tracks|canonical_album_tracks|canonical_album_tracks|canonical_album_tracks|canonical_album_tracks","no","0","24108","24123","24123"
"RVTR957034","RVAR008368","Love Me Two Times","The Doors","42124","RVAL959799","Strange Days","RVAR008368","1967","1967-11-04","release_year:1967","6","yes","canonical_track_album_links|canonical_album_tracks|canonical_album_tracks|canonical_album_tracks|canonical_album_tracks|canonical_album_tracks|canonical_album_tracks|canonical_album_tracks","no","1","42110","42124","42124"
"RVTR959668","RVAR007209","Take Good Care Of My Baby","bobby vinton","39645","RVAL432111","Take Good Care Of My Baby","RVAR007209","1968","1968-06-15","release_year:1968","1","yes","canonical_album_tracks|canonical_album_tracks|canonical_album_tracks","no","0","39627","39645","39645"
"RVTR960540","RVAR006826","Hey Lawdy Mama","steppenwolf","38832","RVAL619172","Steppenwolf 'Live'","RVAR006826","1970","1970-04-18","release_year:1970","12","yes","canonical_album_tracks|canonical_album_tracks","no","0","38823","38832","38832"
"RVTR960834","RVAR000643","It'S My Life","bon jovi","23090","RVAL876698","One Wild Night: Live 1985--2001","RVAR000643","2001","2001-06-09","release_year:2001","8","yes","canonical_album_tracks|canonical_album_tracks","no","0","23086","23090","23090"
"RVTR962507","RVAR008416","Read My Mind","The Killers","42239","RVAL726419","Sam's Town","RVAR008416","2006","2006-10-21","release_year:2006","6","yes","canonical_album_tracks|canonical_album_tracks","no","0","42237","42239","42239"
"RVTR963226","RVAR006507","Nice 'N' Easy","frank sinatra","38143","RVAL772275","Sinatra 80th - All The Best","RVAR006507","1995","1995-12-09","release_year:1995","33","yes","canonical_album_tracks|canonical_album_tracks","no","0","38115","38143","38143"
"RVTR964241","RVAR003581","Lithium","nirvana","29879","RVAL059120","Nevermind","RVAR003581","1991","1991-10-12","release_year:1991","3","yes","canonical_track_album_links|canonical_album_tracks|canonical_album_tracks|canonical_album_tracks|canonical_album_tracks|canonical_album_tracks","no","1","29873","29879","29879"
"RVTR964584","RVAR004609","Big Time","peter gabriel","32074","RVAL055669","So","RVAR004609","1986","1986-06-14","release_year:1986","7","yes","canonical_album_tracks|canonical_album_tracks|canonical_album_tracks|canonical_album_tracks|canonical_album_tracks","no","0","32062","32074","32074"
"RVTR964817","RVAR005892","Chains Of Love","erasure","35309","RVAL457268","The Innocents","RVAR005892","1988","1988-06-18","release_year:1988","4","yes","canonical_album_tracks|canonical_album_tracks","no","0","35308","35309","35309"
"RVTR965594","RVAR008735","God Only Knows","The Beach Boys","42876","RVAL426091","Pet Sounds","RVAR008735","1966","1966-05-28","release_year:1966","8","yes","canonical_album_tracks|canonical_album_tracks|canonical_album_tracks","no","0","42859","42876","42876"
"RVTR967171","RVAR001978","I Don'T Want To Talk About It","rod stewart","26222","RVAL332073","Rod Stewart Greatest Hits","RVAR001978","1979","1979-11-24","release_year:1979","8","yes","canonical_album_tracks|canonical_album_tracks|canonical_album_tracks","no","0","26216","26222","26222"
"RVTR967211","RVAR007209","Please Love Me Forever","bobby vinton","39642","RVAL100746","Please Love Me Forever","RVAR007209","1967","1967-12-16","release_year:1967","1","yes","canonical_album_tracks|canonical_album_tracks|canonical_album_tracks|canonical_album_tracks","no","0","39627","39642","39642"
"RVTR967810","RVAR008357","One In A Million","The Romantics","42102","RVAL339555","The Romantics","RVAR008357","1980","1980-02-02","release_year:1980","10","yes","canonical_album_tracks|canonical_album_tracks","no","0","42098","42102","42102"
"RVTR970132","RVAR000927","One Love In My Lifetime","diana ross","23782","RVAL163215","Diana Ross' Greatest Hits","RVAR000927","1976","1976-08-07","release_year:1976","8","yes","canonical_album_tracks|canonical_track_album_links","no","1","23780","23782","23782"
"RVTR970715","RVAR005166","Radio Ga Ga","queen","33650","RVAL450885","The Works","RVAR005166","1984","1984-03-17","release_year:1984","1","yes","canonical_album_tracks|canonical_album_tracks|canonical_album_tracks|canonical_album_tracks","no","0","33647","33650","33650"
"RVTR972153","RVAR007802","Blue Christmas","elvis presley","40987","RVAL879445","The Christmas Album","RVAR007802","1985","1985-12-28","release_year:1985","1","yes","canonical_album_tracks|canonical_album_tracks|canonical_album_tracks|canonical_album_tracks|canonical_album_tracks|canonical_album_tracks|canonical_album_tracks","no","0","40902","40987","40987"
"RVTR972254","RVAR003758","After Midnight","eric clapton","30229","RVAL687160","Eric Clapton At His Best","RVAR003758","1972","1972-10-14","release_year:1972","10","yes","canonical_album_tracks|canonical_album_tracks|canonical_album_tracks|canonical_album_tracks|canonical_album_tracks|canonical_album_tracks","no","0","30224","30229","30229"
"RVTR973106","RVAR008735","California Girls","The Beach Boys","42855","RVAL663323","Beach Boys In Concert","RVAR008735","1964","1964-11-07","release_year:1964","11","yes","canonical_album_tracks|canonical_album_tracks|canonical_track_album_links|canonical_album_tracks|canonical_album_tracks|canonical_album_tracks|canonical_album_tracks|canonical_album_tracks","no","0","42859","42855","42855"
"RVTR973636","RVAR003359","That Sunday That Summer","nat king cole","29169","RVAL486782","Those Lazy-Hazy-Crazy Days Of Summer","RVAR003359","1963","1963-01-05","release_year:1963","4","yes","canonical_track_album_links|canonical_album_tracks","no","1","29168","29169","29169"
"RVTR973702","RVAR003458","Only Sixteen","sam cooke","29594","RVAL776796","The Best Of Sam Cooke","RVAR003458","1965","1965-01-30","release_year:1965","2","yes","canonical_album_tracks|canonical_album_tracks|canonical_album_tracks","no","0","29590","29594","29594"
"RVTR973974","RVAR003794","My Name Is","eminem","30313","RVAL763537","The Slim Shady LP","RVAR003794","1999","1999-03-13","release_year:1999","2","yes","canonical_album_tracks|canonical_album_tracks","no","0","30304","30313","30313"
"RVTR974101","RVAR000905","Holiday","green day","23651","RVAL644084","Bullet In A Bible","RVAR000905","2005","2005-12-03","release_year:2005","3","yes","canonical_album_tracks|canonical_album_tracks|canonical_track_album_links","no","0","23650","23651","23651"
"RVTR974828","RVAR002912","Trumpets","jason derulo","28191","RVAL850699","Talk Dirty","RVAR002912","2014","2014-05-03","release_year:2014","3","yes","canonical_album_tracks|canonical_album_tracks","no","0","28190","28191","28191"
"RVTR974887","RVAR000133","Superman","donna fargo","22006","RVAL566189","The Happiest Girl In The Whole U.S.A.","RVAR000133","1972","1972-07-15","release_year:1972","9","yes","canonical_track_album_links|canonical_album_tracks","no","0","22005","22006","22006"
"RVTR974919","RVAR008545","Fire","The Pointer Sisters","42503","RVAL029530","The Best Of The Pointer Sisters","RVAR008545","1976","1976-12-04","release_year:1976","13","yes","canonical_album_tracks|canonical_album_tracks|canonical_album_tracks","no","0","42492","42503","42503"
"RVTR975901","RVAR002784","She Bop","cyndi lauper","27958","RVAL115575","She's So Unusual: A 30th Anniversary Celebration","RVAR002784","1983","1983-12-24","release_year:1983","5","yes","canonical_album_tracks|canonical_album_tracks","no","0","27960","27958","27958"
"RVTR976054","RVAR005166","Bohemian Rhapsody","queen","33633","RVAL070125","Greatest Hits","RVAR005166","1981","1981-11-14","release_year:1981","2","yes","canonical_album_tracks|canonical_album_tracks|canonical_album_tracks|canonical_album_tracks|canonical_album_tracks|canonical_album_tracks|canonical_album_tracks","no","1","33630","33633","33633"
"RVTR976928","RVAR006050","Lights","journey","35604","RVAL681787","Infinity","RVAR006050","1978","1978-02-11","release_year:1978","1","yes","canonical_album_tracks|canonical_album_tracks|canonical_album_tracks|canonical_album_tracks|canonical_album_tracks","no","0","35594","35604","35604"
"RVTR977356","RVAR001304","Somebody","reba mcentire","24636","RVAL082879","Room To Breathe","RVAR001304","2003","2003-12-06","release_year:2003","3","yes","canonical_album_tracks|canonical_album_tracks","no","0","24635","24636","24636"
"RVTR977544","RVAR008038","Act Naturally","The Beatles","41408","RVAL816329","Help! (Soundtrack)","RVAR008038","1965","1965-08-28","release_year:1965","1","yes","canonical_album_tracks|canonical_album_tracks","no","0","41455","41408","41408"
"RVTR977919","RVAR006156","Um Um Um Um Um Um","major lance","37391","RVAL559123","Um, Um, Um, Um, Um, Um/The Best Of Major Lance","RVAR006156","1964","1964-03-28","release_year:1964","1","yes","canonical_album_tracks|canonical_album_tracks","no","0","37389","37391","37391"
"RVTR979650","RVAR001494","Johnny B Goode","chuck berry","25175","RVAL148348","Chuck Berry's Greatest Hits","RVAR001494","1964","1964-06-06","release_year:1964","2","yes","canonical_album_tracks|canonical_album_tracks|canonical_album_tracks|canonical_track_album_links|canonical_album_tracks","no","0","25171","25175","25175"
"RVTR979976","RVAR002570","Basketball","kurtis blow","27419","RVAL212385","Kurtis Blow","RVAR002570","1980","1980-10-18","release_year:1980","10","yes","canonical_track_album_links|canonical_album_tracks","no","1","27417","27419","27419"
"RVTR980377","RVAR004167","My Friends Over You","new found glory","31122","RVAL468202","Sticks And Stones","RVAR004167","2002","2002-06-29","release_year:2002","2","yes","canonical_album_tracks|canonical_album_tracks","no","0","31115","31122","31122"
"RVTR981202","RVAR007695","Hit Me With Your Best Shot","pat benatar","40536","RVAL145844","Crimes Of Passion","RVAR007695","1980","1980-08-23","release_year:1980","4","yes","canonical_album_tracks|canonical_album_tracks|canonical_album_tracks|canonical_album_tracks","no","0","40534","40536","40536"
"RVTR981419","RVAR007364","Mass Appeal","gang starr","39948","RVAL256220","Hard To Earn","RVAR007364","1994","1994-03-26","release_year:1994","8","no","canonical_album_tracks|canonical_album_tracks","no","0","39947","39948",""
"RVTR981799","RVAR003121","On The Road Again","canned heat","28628","RVAL852263","Canned Heat","RVAR003121","1967","1967-08-12","release_year:1967","1","yes","canonical_album_tracks|canonical_album_tracks|canonical_album_tracks","no","0","28627","28628","28628"
"RVTR982911","RVAR006128","I Want You To Want Me","cheap trick","35764","RVAL574364","In Color","RVAR006128","1977","1977-09-24","release_year:1977","3","yes","canonical_track_album_links|canonical_album_tracks","no","1","35759","35764","35764"
"RVTR984404","RVAR008357","Talking In Your Sleep","The Romantics","42102","RVAL339555","The Romantics","RVAR008357","1980","1980-02-02","release_year:1980","1","yes","canonical_album_tracks|canonical_album_tracks","no","0","42098","42102","42102"
"RVTR984449","RVAR005078","Chain Of Fools","aretha franklin","33364","RVAL107166","Aretha's Gold","RVAR005078","1969","1969-07-19","release_year:1969","7","yes","canonical_album_tracks|canonical_album_tracks|canonical_album_tracks|canonical_album_tracks|canonical_album_tracks|canonical_album_tracks","no","0","33371","33364","33364"
"RVTR987014","RVAR005102","Country Boy You Got Your Feet In L A","glen campbell","33452","RVAL426411","Rhinestone Cowboy","RVAR005102","1975","1975-08-09","release_year:1975","1","yes","canonical_album_tracks|canonical_album_tracks","no","0","33433","33452","33452"
"RVTR987071","RVAR004365","What About Now","lonestar","31548","RVAL271515","Lonestar","RVAR004365","1996","1996-03-02","release_year:1996","4","yes","canonical_album_tracks|canonical_album_tracks|canonical_album_tracks","no","0","31547","31548","31548"
"RVTR987126","RVAR001483","If I Were Your Woman","gladys knight and the pips","25120","RVAL501798","Gladys Knight & The Pips Greatest Hits","RVAR001483","1970","1970-04-04","release_year:1970","14","yes","canonical_track_album_links|canonical_album_tracks|canonical_album_tracks","no","1","25122","25120","25120"
"RVTR987497","RVAR006156","Hey Little Girl","major lance","37391","RVAL559123","Um, Um, Um, Um, Um, Um/The Best Of Major Lance","RVAR006156","1964","1964-03-28","release_year:1964","2","yes","canonical_album_tracks|canonical_album_tracks","no","0","37389","37391","37391"
"RVTR989769","RVAR008416","Mr Brightside","The Killers","42238","RVAL252557","Hot Fuss","RVAR008416","2004","2004-07-03","release_year:2004","2","yes","canonical_album_tracks|canonical_album_tracks","no","0","42237","42238","42238"
"RVTR989860","RVAR008038","Help","The Beatles","41407","RVAL608271","Early Beatles","RVAR008038","1965","1965-04-24","release_year:1965","10","yes","canonical_track_album_links|canonical_album_tracks|canonical_album_tracks|canonical_album_tracks|canonical_album_tracks|canonical_album_tracks|canonical_album_tracks|canonical_album_tracks","no","1","41398","41407","41408"
"RVTR989875","RVAR008726","Going In Circles","The Friends Of Distinction","42837","RVAL584645","Grazin'","RVAR008726","1969","1969-05-03","release_year:1969","5","yes","canonical_album_tracks|canonical_track_album_links","no","0","42836","42837","42837"
"RVTR990721","RVAR008432","You Are Beautiful","The Stylistics","42260","RVAL756888","The Best Of The Stylistics","RVAR008432","1975","1975-02-22","release_year:1975","13","yes","canonical_track_album_links|canonical_album_tracks","no","1","42262","42260","42260"
"RVTR990854","RVAR001494","Carol","chuck berry","25175","RVAL148348","Chuck Berry's Greatest Hits","RVAR001494","1964","1964-06-06","release_year:1964","8","yes","canonical_album_tracks|canonical_album_tracks|canonical_album_tracks|canonical_track_album_links","no","0","25171","25175","25175"
"RVTR990870","RVAR002761","The Way We Were","barbra streisand","27850","RVAL869215","The Way We Were","RVAR002761","1974","1974-02-16","release_year:1974","4","yes","canonical_album_tracks|canonical_album_tracks|canonical_album_tracks|canonical_album_tracks|canonical_album_tracks|canonical_album_tracks|canonical_album_tracks|canonical_album_tracks","no","0","27831","27850","27850"
"RVTR990958","RVAR008368","Touch Me","The Doors","42130","RVAL769783","The Soft Parade","RVAR008368","1969","1969-08-09","release_year:1969","6","yes","canonical_track_album_links|canonical_album_tracks|canonical_album_tracks|canonical_album_tracks|canonical_album_tracks|canonical_album_tracks","no","1","42110","42130","42130"
"RVTR991518","RVAR004068","Goodnight Saigon","billy joel","30880","RVAL912948","The Nylon Curtain","RVAR004068","1982","1982-10-16","release_year:1982","4","yes","canonical_album_tracks|canonical_album_tracks|canonical_album_tracks|canonical_album_tracks|canonical_album_tracks","no","0","30860","30880","30880"
"RVTR991675","RVAR006691","This Diamond Ring","gary lewis and the playboys","38589","RVAL229435","This Diamond Ring","RVAR006691","1965","1965-03-27","release_year:1965","1","yes","canonical_album_tracks|canonical_album_tracks","no","0","38581","38589","38589"
"RVTR991855","RVAR003575","Daydream Believer","anne murray","29848","RVAL735419","I'll Always Love You","RVAR003575","1979","1979-11-03","release_year:1979","8","yes","canonical_album_tracks|canonical_album_tracks","no","0","29843","29848","29848"
"RVTR992217","RVAR006240","The World Is A Ghetto","war","37506","RVAL157546","The World Is A Ghetto","RVAR006240","1972","1972-11-18","release_year:1972","5","yes","canonical_album_tracks|canonical_album_tracks|canonical_album_tracks|canonical_album_tracks","no","0","37504","37506","37506"
"RVTR993457","RVAR007298","Beat It","michael jackson","39831","RVAL586982","Thriller","RVAR007298","1982","1982-12-25","release_year:1982","5","yes","canonical_album_tracks|canonical_album_tracks|canonical_album_tracks|canonical_album_tracks|canonical_album_tracks","no","1","39814","39831","39831"
"RVTR994432","RVAR002761","My Heart Belongs To Me","barbra streisand","27838","RVAL835256","Streisand Superman","RVAR002761","1977","1977-07-02","release_year:1977","6","yes","canonical_album_tracks|canonical_album_tracks|canonical_album_tracks|canonical_album_tracks","no","0","27827","27838","27838"
"RVTR994879","RVAR002784","True Colors","cyndi lauper","27961","RVAL002497","True Colors","RVAR002784","1986","1986-10-04","release_year:1986","4","yes","canonical_album_tracks|canonical_track_album_links","no","1","27960","27961","27961"
"RVTR994989","RVAR002362","Turn To You","go-go's","26937","RVAL169532","Talk Show","RVAR002362","1984","1984-04-07","release_year:1984","2","yes","canonical_album_tracks|canonical_track_album_links","no","1","26935","26937","26937"
"RVTR996065","RVAR005376","Street Dreams","nas","34164","RVAL668105","It Was Written","RVAR005376","1996","1996-07-20","release_year:1996","1","yes","canonical_track_album_links|canonical_album_tracks","no","1","34158","34164","34164"
"RVTR996100","RVAR008752","There Will Never Be Any Peace Until God Is Seated At The Conference Table","The Chi-lites","42920","RVAL282495","The Chi-Lites Greatest Hits","RVAR008752","1972","1972-10-21","release_year:1972","12","yes","canonical_album_tracks|canonical_album_tracks|canonical_album_tracks","no","0","42916","42920","42920"
"RVTR996600","RVAR008038","Don'T Let Me Down","The Beatles","41437","RVAL622087","The Beatles 1967-1970","RVAR008038","1973","1973-04-14","release_year:1973","14","yes","canonical_album_tracks|canonical_album_tracks","no","0","41422","41437","41437"
"RVTR997392","RVAR003375","Dreamlover","mariah carey","29218","RVAL749775","Music Box","RVAR003375","1993","1993-09-18","release_year:1993","1","yes","canonical_album_tracks|canonical_album_tracks|canonical_album_tracks|canonical_album_tracks","no","0","29203","29218","29218"
"RVTR999588","RVAR008297","That'S Why","The Party","42016","RVAL691437","The Party","RVAR008297","1990","1990-10-06","release_year:1990","1","yes","canonical_album_tracks|canonical_album_tracks","no","0","42015","42016","42016"
"RVTR999608","RVAR004220","Do It Again","steely dan","31213","RVAL591244","Can't Buy A Thrill","RVAR004220","1972","1972-12-02","release_year:1972","1","yes","canonical_album_tracks|canonical_album_tracks|canonical_album_tracks|canonical_album_tracks","no","0","31210","31213","31213"
