rvtr,artist,title,playCount,hasPackage,hasCover,hasChartHistory,hasArtistData,hasPlaybackLink,packageStatus,filePath
RVTR347287,Bob Seger,Night Moves,85,yes,yes,yes,yes,yes,published,/Users/bobhopp/DJ MEDIA/VIDEO/1970's/Bob Seger - Night Moves.mp4
RVTR285085,Paul Simon,You Can Call Me Al,83,yes,yes,yes,yes,yes,cards_ready,/Users/bobhopp/DJ MEDIA/VIDEO/1980's/Paul Simon - You Can Call Me Al.mp4
RVTR102445,Chaka Demus & Pliers,Twist and Shout,75,yes,no,no,yes,no,published,/Users/bobhopp/DJ MEDIA/VIDEO/1990's/Chaka Demus & Pliers - Twist and Shout.mp4
RVTR792762,Toto,Africa,67,yes,yes,yes,yes,yes,published,/Users/bobhopp/DJ MEDIA/VIDEO/1980's/Toto - Africa.mp4
RVTR758008,Frankie Goes To Hollywood,Relax,67,yes,no,yes,yes,yes,cards_ready,/Users/bobhopp/DJ MEDIA/VIDEO/1980's/Frankie Goes To Hollywood - Relax.mp4
RVTR478078,Talking Heads,Once in a Lifetime,64,yes,yes,yes,yes,yes,published,/Users/bobhopp/DJ MEDIA/VIDEO/1980's/Talking Heads - Once in a Lifetime.mp4
RVTR572817,Aerosmith,Sweet Emotion,62,yes,yes,yes,yes,yes,published,/Users/bobhopp/DJ MEDIA/VIDEO/1970's/Aerosmith - Sweet Emotion.mp4
RVTR239934,Soft Cell,Tainted Love,58,yes,yes,yes,yes,yes,published,/Users/bobhopp/DJ MEDIA/VIDEO/1980's/Soft Cell - Tainted Love.mp4
RVTR738810,Red Hot Chili Peppers,Love Rollercoaster,57,yes,no,no,yes,no,cards_ready,/Users/bobhopp/DJ MEDIA/VIDEO/1990's/Red Hot Chili Peppers - Love Rollercoaster.mp4
RVTR514537,Thompson Twins,Hold Me Now,56,yes,yes,yes,yes,yes,published,/Users/bobhopp/DJ MEDIA/VIDEO/1980's/Thompson Twins - Hold Me Now.mp4
RVTR086340,Dire Straits,Sultans Of Swing,53,yes,yes,yes,yes,yes,published,/Users/bobhopp/DJ MEDIA/VIDEO/1970's/Dire Straits - Sultans Of Swing.mp4
RVTR376001,Bow Wow Wow,I Want Candy,51,yes,yes,yes,yes,yes,cards_ready,/Users/bobhopp/DJ MEDIA/VIDEO/1980's/Bow Wow Wow - I Want Candy.mp4
RVTR245782,U2,I Still Haven't Found What I'm Looking For,51,yes,yes,yes,yes,yes,published,/Users/bobhopp/DJ MEDIA/VIDEO/1980's/U2 - I Still Haven't Found What I'm Looking For.mp4
RVTR435218,4 Non Blondes,What's Up,50,no,no,yes,yes,yes,review,/Users/bobhopp/DJ MEDIA/VIDEO/1990's/4 Non Blondes - What's Up.mp4
RVTR833355,Nancy Sinatra,These Boots Are Made For Walking,50,no,no,no,yes,no,,/Users/bobhopp/DJ MEDIA/VIDEO/1960's/Nancy Sinatra - These Boots Are Made For Walking.mp4
RVTR472172,Spin Doctors,Two Princes,49,yes,yes,yes,yes,yes,published,/Users/bobhopp/DJ MEDIA/VIDEO/1990's/Spin Doctors - Two Princes.mp4
RVTR092496,Men At Work,Down Under,48,yes,yes,yes,yes,yes,published,/Users/bobhopp/DJ MEDIA/VIDEO/1980's/Men At Work - Down Under.mp4
RVTR734755,Coasters,Down In Mexico,48,no,no,no,yes,no,,/Users/bobhopp/DJ MEDIA/VIDEO/1950's/Coasters - Down In Mexico.mp4
RVTR394955,Bee Gees,Alone,47,yes,yes,yes,yes,yes,published,/Users/bobhopp/DJ MEDIA/VIDEO/1990's/Bee Gees - Alone.mp4
RVTR889968,Steve Earle,Copperhead Road,46,yes,no,no,yes,no,published,/Users/bobhopp/DJ MEDIA/VIDEO/1980's/Steve Earle - Copperhead Road.mp4
RVTR733448,Golden Earring,Twilight Zone,43,yes,yes,yes,yes,yes,published,/Users/bobhopp/DJ MEDIA/VIDEO/1980's/Golden Earring - Twilight Zone.mp4
RVTR563160,Roxette,Joyride,41,yes,yes,yes,yes,yes,published,/Users/bobhopp/DJ MEDIA/VIDEO/1990's/Roxette - Joyride.mp4
RVTR800065,Eddy Grant,Electric Avenue,41,no,no,yes,yes,yes,,/Users/bobhopp/DJ MEDIA/VIDEO/1980's/Eddy Grant - Electric Avenue.mp4
RVTR381289,Peter Gabriel,Sledgehammer,41,yes,yes,yes,yes,yes,published,/Users/bobhopp/DJ MEDIA/VIDEO/1980's/Peter Gabriel - Sledgehammer.mp4
RVTR741425,George Harrison,Got My Mind Set On You,41,yes,yes,yes,yes,yes,cards_ready,/Users/bobhopp/DJ MEDIA/VIDEO/1980's/George Harrison - Got My Mind Set On You.mp4
RVTR842181,Golden Earring,Radar Love,40,yes,yes,yes,yes,yes,published,/Users/bobhopp/DJ MEDIA/VIDEO/1970's/Golden Earring - Radar Love.mp4
RVTR386689,James,Laid,38,yes,yes,yes,yes,yes,published,/Users/bobhopp/DJ MEDIA/VIDEO/1990's/James - Laid.mp4
RVTR671133,Time,Jungle Love,38,yes,yes,yes,yes,yes,published,/Users/bobhopp/DJ MEDIA/VIDEO/1980's/Time - Jungle Love.mp4
RVTR097615,Fleetwood Mac,Rhiannon,37,yes,no,yes,yes,yes,cards_ready,/Users/bobhopp/DJ MEDIA/VIDEO/1970's/Fleetwood Mac - Rhiannon.mp4
RVTR109015,Cornershop,Brimful of Asha,37,no,no,no,yes,no,,/Users/bobhopp/DJ MEDIA/VIDEO/1990's/Cornershop - Brimful of Asha.mp4
RVTR025701,Tony Joe White,Polk Salad Annie,37,yes,yes,yes,yes,yes,published,/Users/bobhopp/DJ MEDIA/VIDEO/1960's/Tony Joe White - Polk Salad Annie.mp4
RVTR931823,Electric Light Orchestra,Evil Woman,36,yes,yes,yes,yes,yes,published,/Users/bobhopp/DJ MEDIA/VIDEO/1970's/ELO - Evil Woman.mp4
RVTR718018,Depeche Mode,Personal Jesus,36,yes,yes,yes,yes,yes,published,/Users/bobhopp/DJ MEDIA/VIDEO/1990's/Depeche Mode - Personal Jesus.mp4
RVTR930155,Blue Oyster Cult,Don't Fear the Reaper,36,yes,no,yes,yes,yes,published,/Users/bobhopp/DJ MEDIA/VIDEO/1970's/Blue Oyster Cult - Don't Fear the Reaper.mp4
RVTR605797,T Spoon,Sex On The Beach,35,yes,no,no,yes,no,cards_ready,/Users/bobhopp/DJ MEDIA/VIDEO/1990's/T Spoon - Sex On The Beach.mp4
RVTR604727,Bee Gees,To Love Somebody,35,yes,yes,yes,yes,yes,published,/Users/bobhopp/DJ MEDIA/VIDEO/1960's/Bee Gees - To Love Somebody.mp4
RVTR317808,Ini Kamoze,Here Comes The Hotstepper,35,yes,no,yes,yes,yes,published,/Users/bobhopp/DJ MEDIA/VIDEO/1990's/Ini Kamoze - Here Comes The Hotstepper.mp4
RVTR931242,Dexy's Midnight Runners,Come On Eileen,35,no,no,no,yes,no,,/Users/bobhopp/DJ MEDIA/VIDEO/1980's/Dexy's Midnight Runners - Come On Eileen.mp4
RVTR283044,Guess Who,These Eyes,33,yes,yes,yes,yes,no,published,/Users/bobhopp/DJ MEDIA/VIDEO/1960's/Guess Who - These Eyes.mp4
RVTR669909,Chris Stapleton,Tennessee Whiskey,33,yes,yes,yes,yes,yes,published,/Users/bobhopp/DJ MEDIA/VIDEO/2010's/Chris Stapleton - Tennessee Whiskey.mp4
RVTR100391,A Flock Of Seagulls,Space Age Love Song,33,yes,yes,yes,yes,yes,cards_ready,/Users/bobhopp/DJ MEDIA/VIDEO/1980's/A Flock Of Seagulls - Space Age Love Song.mp4
RVTR793170,Sublime,What I Got,32,yes,yes,no,yes,no,published,/Users/bobhopp/DJ MEDIA/VIDEO/1990's/Sublime - What I Got.mp4
RVTR652282,Greg Kihn Band,The Breakup Song (They Don't Write 'Em),32,yes,yes,yes,yes,yes,published,/Users/bobhopp/DJ MEDIA/VIDEO/1980's/Greg Kihn Band - The Breakup Song (They Don't Write 'Em).mp4
RVTR113069,Billy Joel,Piano Man,31,yes,yes,yes,yes,yes,cards_ready,/Users/bobhopp/DJ MEDIA/VIDEO/1970's/Billy Joel - Piano Man.mp4
RVTR143275,Biz Markie,Just A Friend,31,yes,yes,yes,yes,yes,published,/Users/bobhopp/DJ MEDIA/VIDEO/1990's/Biz Markie - Just A Friend.mp4
RVTR898688,Savage Garden,I Want You,31,yes,yes,yes,yes,yes,published,/Users/bobhopp/DJ MEDIA/VIDEO/1990's/Savage Garden - I Want You.mp4
RVTR769348,Black Crowes,Jealous Again,30,yes,yes,yes,yes,no,cards_ready,/Users/bobhopp/DJ MEDIA/VIDEO/1990's/Black Crowes - Jealous Again.mp4
RVTR692555,Billy Preston,My Sweet Lord,30,no,no,yes,yes,yes,review,/Users/bobhopp/DJ MEDIA/VIDEO/1970's/Billy Preston - My Sweet Lord.mp4
RVTR990727,Dire Straits,Money For Nothing,30,yes,yes,yes,yes,yes,published,/Users/bobhopp/DJ MEDIA/VIDEO/1980's/Dire Straits - Money For Nothing.mp4
RVTR606992,Sonia Dada,Lover,29,no,no,no,yes,no,,/Users/bobhopp/DJ MEDIA/VIDEO/1990's/Sonia Dada - Lover.mp4
RVTR028968,Vulfmon,I Can't Party,29,no,no,no,yes,no,,/Users/bobhopp/DJ MEDIA/VIDEO/2020's/Vulfmon - I Can't Party.mp4
RVTR417678,The Hollies,Long Cool Woman In A Black Dress,29,yes,yes,yes,yes,yes,published,/Users/bobhopp/DJ MEDIA/VIDEO/1970's/The Hollies - Long Cool Woman In A Black Dress.mp4
RVTR025347,The Band,Atlantic City,28,yes,yes,no,yes,no,published,/Users/bobhopp/DJ MEDIA/VIDEO/1990's/The Band - Atlantic City.mp4
RVTR597526,Exile,Kiss You All Over,28,yes,no,yes,yes,yes,cards_ready,/Users/bobhopp/DJ MEDIA/VIDEO/1970's/Exile - Kiss You All Over.mp4
RVTR413146,Romantics,What I Like About You,28,yes,yes,yes,yes,no,published,/Users/bobhopp/DJ MEDIA/VIDEO/1980's/Romantics - What I Like About You.mp4
RVTR311683,Blanco Brown,The Git Up,27,yes,no,yes,yes,yes,cards_ready,/Users/bobhopp/DJ MEDIA/VIDEO/2010's/Blanco Brown - The Git Up.mp4
RVTR792858,Nick Lowe,Cruel To Be Kind,27,yes,yes,yes,yes,yes,published,/Users/bobhopp/DJ MEDIA/VIDEO/1970's/Nick Lowe - Cruel To Be Kind.mp4
RVTR239584,Peter Gabriel,In Your Eyes,27,yes,no,yes,yes,yes,cards_ready,/Users/bobhopp/DJ MEDIA/VIDEO/1980's/Peter Gabriel - In Your Eyes.mp4
RVTR062287,Stampeders,Sweet City Woman,27,yes,yes,yes,yes,yes,published,/Users/bobhopp/DJ MEDIA/VIDEO/1970's/Stampeders - Sweet City Woman.mp4
RVTR154413,Roger Hodgson,Give A Little Bit,27,no,no,no,yes,no,,/Users/bobhopp/DJ MEDIA/VIDEO/1970's/Roger Hodgson - Give A Little Bit.mp4
RVTR704483,Cypress Hill,Insane In The Brain,27,yes,yes,yes,yes,yes,published,/Users/bobhopp/DJ MEDIA/VIDEO/1990's/Cypress Hill - Insane In The Brain.mp4
RVTR600056,Elvis vs. JXL,A Little Less Conversation,27,no,no,no,yes,no,,/Users/bobhopp/DJ MEDIA/VIDEO/TECHNO/Elvis vs. JXL - A Little Less Conversation.mp4
RVTR860336,Elvis Presley,Bridge Over Troubled Water,27,yes,no,no,yes,no,cards_ready,/Users/bobhopp/DJ MEDIA/VIDEO/1970's/Elvis Presley - Bridge Over Troubled Water.mp4
RVTR422480,Ram Jam,Black Betty,26,yes,yes,yes,yes,yes,published,/Users/bobhopp/DJ MEDIA/VIDEO/1970's/Ram Jam - Black Betty.mp4
RVTR605006,Fleetwood Mac,Everywhere,26,yes,yes,yes,yes,yes,published,/Users/bobhopp/DJ MEDIA/VIDEO/1980's/Fleetwood Mac - Everywhere.mp4
RVTR577946,"Earth, Wind & Fire",September,25,yes,no,no,yes,no,published,"/Users/bobhopp/DJ MEDIA/VIDEO/1970's/Earth, Wind & Fire - September .mp4"
RVTR770049,Elvis Presley,Little Sister,25,yes,yes,yes,yes,yes,published,/Users/bobhopp/DJ MEDIA/VIDEO/1960's/Elvis Presley - Little Sister.mp4
RVTR667448,Cher,If I Could Turn Back Time,25,yes,yes,yes,yes,yes,published,/Users/bobhopp/DJ MEDIA/VIDEO/1980's/Cher - If I Could Turn Back Time.mp4
RVTR848446,Night Ranger,Sister Christian,25,yes,yes,yes,yes,yes,published,/Users/bobhopp/DJ MEDIA/VIDEO/1980's/Night Ranger - Sister Christian.mp4
RVTR853147,Modern English,I Melt With You,25,yes,yes,yes,yes,yes,published,/Users/bobhopp/DJ MEDIA/VIDEO/1980's/Modern English - I Melt With You.mp4
RVTR972615,Soggy Bottom Boys,I Am A Man Of Constant Sorrow,25,no,no,no,yes,no,,/Users/bobhopp/DJ MEDIA/VIDEO/2000's/Soggy Bottom Boys - I Am A Man Of Constant Sorrow.mp4
RVTR661272,Tom Petty And The Heartbreakers,Mary Jane's Last Dance,25,yes,yes,yes,yes,yes,published,/Users/bobhopp/DJ MEDIA/VIDEO/1990's/Tom Petty And The Heartbreakers - Mary Jane's Last Dance.mp4
RVTR849979,Shaggy,Hope,24,yes,yes,no,yes,no,cards_ready,/Users/bobhopp/DJ MEDIA/VIDEO/2000's/Shaggy - Hope.mp4
RVTR094210,311,All Mixed Up,24,yes,yes,no,yes,no,published,/Users/bobhopp/DJ MEDIA/VIDEO/1990's/311 - All Mixed Up.mp4
RVTR269180,Los Lonely Boys,Heaven,24,yes,yes,yes,yes,yes,cards_ready,/Users/bobhopp/DJ MEDIA/VIDEO/2000's/Los Lonely Boys - Heaven.mp4
RVTR707718,Little River Band,Lady 1978,24,yes,no,no,yes,no,review,/Users/bobhopp/DJ MEDIA/VIDEO/1970's/Little River Band - Lady 1978.mp4
RVTR893127,Gary Wright,Dream Weaver,24,yes,yes,yes,yes,yes,published,/Users/bobhopp/DJ MEDIA/VIDEO/1970's/Gary Wright - Dream Weaver (Live).mp4
RVTR252006,Rick Astley,Never Gonna Give You Up,24,yes,yes,yes,yes,yes,published,/Users/bobhopp/DJ MEDIA/VIDEO/1980's/Rick Astley - Never Gonna Give You Up.mp4
RVTR656396,Snow,Informer,23,yes,yes,yes,yes,yes,published,/Users/bobhopp/DJ MEDIA/VIDEO/1990's/Snow - Informer.mp4
RVTR013681,Walker Hayes,Fancy Like,23,no,no,yes,yes,yes,,/Users/bobhopp/DJ MEDIA/VIDEO/2020's/Walker Hayes - Fancy Like.mp4
RVTR328750,Black Crowes,Hard To Handle,23,yes,yes,yes,yes,no,published,/Users/bobhopp/DJ MEDIA/VIDEO/1990's/Black Crowes - Hard To Handle.mp4
RVTR254309,Big Country,In A Big Country,23,no,yes,yes,yes,yes,review,/Users/bobhopp/DJ MEDIA/VIDEO/1980's/Big Country - In A Big Country.mp4
RVTR219284,Mungo Jerry,In The Summertime,23,yes,yes,yes,yes,yes,published,/Users/bobhopp/DJ MEDIA/VIDEO/1970's/Mungo Jerry - In The Summertime.mp4
RVTR907843,Glass Tiger,Don't Forget Me When I'm Gone,23,no,yes,yes,yes,yes,review,/Users/bobhopp/DJ MEDIA/VIDEO/1980's/Glass Tiger - Don't Forget Me When I'm Gone.mp4
RVTR129172,Rednex,Cotton Eye Joe,22,no,yes,yes,yes,yes,review,/Users/bobhopp/DJ MEDIA/VIDEO/1990's/Rednex - Cotton Eye Joe.mp4
RVTR028969,Boston,More Than A Feeling,22,no,yes,yes,yes,yes,review,/Users/bobhopp/DJ MEDIA/VIDEO/1970's/Boston - More Than A Feeling.mp4
RVTR607356,Seals & Crofts,Diamond Girl,22,no,no,no,yes,no,,/Users/bobhopp/DJ MEDIA/VIDEO/1970's/Seals & Crofts - Diamond Girl.mp4
RVTR935321,Linda Ronstadt,It's So Easy,22,no,no,yes,yes,yes,,/Users/bobhopp/DJ MEDIA/VIDEO/1970's/Linda Ronstadt - It's So Easy.mp4
RVTR846133,Neil Diamond,Sweet Caroline,22,no,yes,yes,yes,yes,review,/Users/bobhopp/DJ MEDIA/VIDEO/1960's/Neil Diamond - Sweet Caroline.mp4
RVTR096039,Kiss,I Was Made For Lovin' You,22,no,yes,yes,yes,yes,review,/Users/bobhopp/DJ MEDIA/VIDEO/1970's/Kiss - I Was Made For Lovin' You.mp4
RVTR281638,Nitty Gritty Dirt Band,Fishing In The Dark,22,no,no,no,yes,no,,/Users/bobhopp/DJ MEDIA/VIDEO/1980's/Nitty Gritty Dirt Band - Fishing In The Dark.mp4
RVTR920433,EMF,Unbelievable,21,no,yes,yes,yes,yes,review,/Users/bobhopp/DJ MEDIA/VIDEO/1990's/EMF - Unbelievable.mp4
RVTR003639,Orleans,Still The One,21,no,yes,yes,yes,yes,review,/Users/bobhopp/DJ MEDIA/VIDEO/1970's/Orleans - Still The One.mp4
RVTR900474,Tears For Fears,Shout,21,no,yes,yes,yes,yes,review,/Users/bobhopp/DJ MEDIA/VIDEO/1980's/Tears For Fears - Shout.mp4
RVTR353865,Nickelback,How You Remind Me,21,no,yes,yes,yes,yes,review,/Users/bobhopp/DJ MEDIA/VIDEO/2000's/Nickelback - How You Remind Me.mp4
RVTR442816,Midnight Oil,Beds Are Burning,21,no,yes,yes,yes,yes,review,/Users/bobhopp/DJ MEDIA/VIDEO/1980's/Midnight Oil - Beds Are Burning.mp4
RVTR478043,Marshall Tucker Band,Can't You See,21,no,no,no,yes,no,,/Users/bobhopp/DJ MEDIA/VIDEO/1970's/Marshall Tucker Band - Can't You See.mp4
RVTR316416,Whitney Houston,I Wanna Dance With Somebody,21,no,yes,yes,yes,yes,review,/Users/bobhopp/DJ MEDIA/VIDEO/1980's/Whitney Houston - I Wanna Dance With Somebody.mp4
RVTR508702,Outfield,Your Love,20,no,yes,yes,yes,no,review,/Users/bobhopp/DJ MEDIA/VIDEO/1980's/Outfield - Your Love.mp4
RVTR567644,David Bowie,Let's Dance,20,no,no,yes,yes,yes,,/Users/bobhopp/DJ MEDIA/VIDEO/1980's/David Bowie - Let's Dance.mp4
RVTR364467,Rod Stewart,Maggie May,20,no,no,yes,yes,yes,,/Users/bobhopp/DJ MEDIA/VIDEO/1970's/Rod Stewart - Maggie May.mp4
RVTR935422,Queen,Somebody To Love,20,no,yes,yes,yes,yes,review,/Users/bobhopp/DJ MEDIA/VIDEO/1970's/Queen - Somebody To Love.mp4
RVTR123703,Lila McCann,Down Came A Blackbird,20,no,yes,no,yes,no,review,/Users/bobhopp/DJ MEDIA/VIDEO/1990's/Lila McCann - Down Came A Blackbird.mp4
RVTR838016,Old Crow Medicine Show,Wagon Wheel,20,no,no,no,yes,no,,/Users/bobhopp/DJ MEDIA/VIDEO/2010's/Old Crow Medicine Show - Wagon Wheel.mp4
RVTR540714,Elton John,I Guess That's Why They Call It The Blues,20,no,yes,yes,yes,yes,review,/Users/bobhopp/DJ MEDIA/VIDEO/1980's/Elton John - I Guess That's Why They Call It The Blues.mp4
RVTR569927,Fleetwood Mac,Dreams,19,no,yes,yes,yes,yes,review,/Users/bobhopp/DJ MEDIA/VIDEO/1970's/Fleetwood Mac - Dreams.mp4
RVTR949464,Mr. Big,To Be With You,19,no,no,yes,yes,yes,,/Users/bobhopp/DJ MEDIA/VIDEO/1990's/Mr. Big - To Be With You.mp4
RVTR881535,Filter,Take A Picture,19,no,yes,yes,yes,yes,review,/Users/bobhopp/DJ MEDIA/VIDEO/2000's/Filter - Take A Picture.mp4
RVTR012441,Bell Biv DeVoe,Poison,19,no,yes,yes,yes,yes,review,/Users/bobhopp/DJ MEDIA/VIDEO/1990's/Bell Biv DeVoe - Poison.mp4
RVTR184168,The Rolling Stones,Angry,19,no,no,no,yes,no,,/Users/bobhopp/DJ MEDIA/VIDEO/2020's/The Rolling Stones - Angry.mp4
RVTR679042,Eurythmics,Would I Lie To You,19,no,yes,yes,yes,yes,review,/Users/bobhopp/DJ MEDIA/VIDEO/1980's/Eurythmics - Would I Lie To You.mp4
RVTR357644,Sister Rosetta Tharpe,Didn't It Rain,19,no,no,no,yes,no,,/Users/bobhopp/DJ MEDIA/VIDEO/1960's/Sister Rosetta Tharpe - Didn't It Rain.mp4
RVTR808647,Tony! Toni! Tone!,If I Had No Loot,19,no,no,yes,yes,yes,,/Users/bobhopp/DJ MEDIA/VIDEO/1990's/Tony! Toni! Tone! - If I Had No Loot.mp4
RVTR151243,Murray Head,One Night In Bangkok,19,no,no,yes,yes,yes,,/Users/bobhopp/DJ MEDIA/VIDEO/1980's/Murray Head - One Night In Bangkok.mp4
RVTR164300,Jesus Jones,"Right Here, Right Now",19,no,yes,yes,yes,yes,review,"/Users/bobhopp/DJ MEDIA/VIDEO/1990's/Jesus Jones - Right Here, Right Now.mp4"
RVTR396085,Communards,Don't Leave Me This Way,19,no,no,yes,yes,yes,,/Users/bobhopp/DJ MEDIA/VIDEO/1980's/Communards - Don't Leave Me This Way.mp4
RVTR989240,Chumbawamba,Tubthumping,19,no,yes,yes,yes,yes,review,/Users/bobhopp/DJ MEDIA/VIDEO/1990's/Chumbawamba - Tubthumping.mp4
RVTR608814,Dino,Ooh Child,18,no,no,yes,yes,yes,,/Users/bobhopp/DJ MEDIA/VIDEO/1990's/Dino - Ooh Child.mp4
RVTR205306,Pearl Jam,Alive,18,no,yes,no,yes,no,review,/Users/bobhopp/DJ MEDIA/VIDEO/1990's/Pearl Jam - Alive.mp4
RVTR275965,Electric Light Orchestra,Don't Bring Me Down,18,no,yes,yes,yes,yes,review,/Users/bobhopp/DJ MEDIA/VIDEO/1970's/ELO - Don't Bring Me Down.mp4
RVTR008301,America,A Horse With No Name,18,no,yes,yes,yes,yes,review,/Users/bobhopp/DJ MEDIA/VIDEO/1970's/America - A Horse With No Name.mp4
RVTR678114,Stevie Wonder,Superstition,18,no,yes,yes,yes,yes,review,/Users/bobhopp/DJ MEDIA/VIDEO/1970's/Stevie Wonder - Superstition.mp4
RVTR003521,Robert Palmer,Addicted To Love,18,no,yes,yes,yes,yes,review,/Users/bobhopp/DJ MEDIA/VIDEO/1980's/Robert Palmer - Addicted To Love.mp4
RVTR404950,Peter Frampton,Show Me The Way,18,no,yes,yes,yes,yes,review,/Users/bobhopp/DJ MEDIA/VIDEO/1970's/Peter Frampton - Show Me The Way.mp4
RVTR531194,A Tribe Called Quest,Can I Kick It,18,no,no,no,yes,no,review,/Users/bobhopp/DJ MEDIA/VIDEO/1990's/A Tribe Called Quest - Can I Kick It.mp4
RVTR053089,Mark Morrison,Return Of The Mack,18,no,yes,yes,yes,yes,review,/Users/bobhopp/DJ MEDIA/VIDEO/1990's/Mark Morrison - Return Of The Mack.mp4
RVTR279496,Men Without Hats,The Safety Dance,18,no,no,no,yes,no,,/Users/bobhopp/DJ MEDIA/VIDEO/1980's/Men Without Hats - The Safety Dance.mp4
RVTR258344,B.J. Thomas,Raindrops Keep Falling On My Head,18,no,yes,no,yes,no,review,/Users/bobhopp/DJ MEDIA/VIDEO/1970's/B.J. Thomas - Raindrops Keep Falling On My Head.mp4
RVTR773043,Queen,Crazy Little Thing Called Love,18,no,yes,yes,yes,yes,review,/Users/bobhopp/DJ MEDIA/VIDEO/1980's/Queen - Crazy Little Thing Called Love (Official Video).mp4
RVTR976928,Journey,Lights,17,no,yes,yes,yes,yes,review,/Users/bobhopp/DJ MEDIA/VIDEO/1980's/Journey - Lights.mp4
RVTR080991,Commodores,Easy,17,no,yes,yes,yes,yes,review,/Users/bobhopp/DJ MEDIA/VIDEO/1980's/Commodores - Easy.mp4
RVTR563699,Shaggy,It Wasn't Me,17,no,yes,yes,yes,yes,review,/Users/bobhopp/DJ MEDIA/VIDEO/2000's/Shaggy - It Wasn't Me.mp4
RVTR449839,Tina Turner,The Best,17,no,yes,yes,yes,yes,review,/Users/bobhopp/DJ MEDIA/VIDEO/1980's/Tina Turner - The Best.mp4
RVTR356489,Sammy Johns,Chevy Van,17,no,yes,yes,yes,yes,review,/Users/bobhopp/DJ MEDIA/VIDEO/1970's/Sammy Johns - Chevy Van.mp4
RVTR079860,Mickey Gilley,Stand By Me,17,no,no,yes,yes,yes,,/Users/bobhopp/DJ MEDIA/VIDEO/1980's/Mickey Gilley - Stand By Me.mp4
RVTR839545,George McCrae,Rock Your Baby,17,no,yes,yes,yes,yes,review,/Users/bobhopp/DJ MEDIA/VIDEO/1970's/George McCrae - Rock Your Baby.mp4
RVTR253373,Journey,Don't Stop Believin',17,no,yes,yes,yes,yes,review,/Users/bobhopp/DJ MEDIA/VIDEO/1980's/Journey - Don't Stop Believin'.mp4
RVTR976054,Queen,Bohemian Rhapsody,17,no,yes,yes,yes,yes,review,/Users/bobhopp/DJ MEDIA/VIDEO/1970's/Queen - Bohemian Rhapsody.mp4
RVTR871687,Hues Corporation,Rock The Boat,17,no,yes,yes,yes,yes,review,/Users/bobhopp/DJ MEDIA/VIDEO/1980's/Hues Corporation - Rock The Boat.mp4
RVTR894824,Poison,Every Rose Has Its Thorn,17,no,no,yes,yes,yes,review,/Users/bobhopp/DJ MEDIA/VIDEO/1980's/Poison - Every Rose Has Its Thorn.mp4
RVTR607017,Roxette,The Look,16,no,yes,yes,yes,yes,review,/Users/bobhopp/DJ MEDIA/VIDEO/1980's/Roxette - The Look.mp4
RVTR300772,Aerosmith,Dream On,16,no,yes,yes,yes,yes,review,/Users/bobhopp/DJ MEDIA/VIDEO/1970's/Aerosmith - Dream On.mp4
RVTR833121,Heart,Crazy On You,16,no,yes,yes,yes,yes,review,/Users/bobhopp/DJ MEDIA/VIDEO/1970's/Heart - Crazy On You.mp4
RVTR711940,Jars Of Clay,Flood,16,no,yes,yes,yes,yes,review,/Users/bobhopp/DJ MEDIA/VIDEO/1990's/Jars Of Clay - Flood.mp4
RVTR173020,Men At Work,Overkill,16,no,yes,yes,yes,yes,review,/Users/bobhopp/DJ MEDIA/VIDEO/1980's/Men At Work - Overkill.mp4
RVTR620162,Melanie,Brand New Key,16,no,yes,yes,yes,yes,review,/Users/bobhopp/DJ MEDIA/VIDEO/1970's/Melanie - Brand New Key.mp4
RVTR896359,Led Zeppelin,Thank You,16,no,yes,no,yes,no,review,/Users/bobhopp/DJ MEDIA/VIDEO/1970's/Led Zeppelin - Thank You.mp4
RVTR565286,Roy Orbison,You Got It,16,no,yes,yes,yes,yes,review,/Users/bobhopp/DJ MEDIA/VIDEO/1980's/Roy Orbison - You Got It.mp4
RVTR018797,Divinyls,I Touch Myself,16,no,yes,yes,yes,yes,review,/Users/bobhopp/DJ MEDIA/VIDEO/1990's/Divinyls - I Touch Myself.mp4
RVTR090280,Monster Magnet,Space Lord,16,no,no,no,yes,no,,/Users/bobhopp/DJ MEDIA/VIDEO/1990's/Monster Magnet - Space Lord.mp4
RVTR084475,Rob Zombie,Thunder Kiss 65,16,no,no,no,yes,no,,/Users/bobhopp/DJ MEDIA/VIDEO/1990's/Rob Zombie - Thunder Kiss 65.mp4
RVTR056508,Sean Kingston,Beautiful Girls,16,no,yes,yes,yes,yes,review,/Users/bobhopp/DJ MEDIA/VIDEO/2000's/Sean Kingston - Beautiful Girls.mp4
RVTR840141,Glen Campbell,Rhinestone Cowboy,16,no,no,yes,yes,yes,review,/Users/bobhopp/DJ MEDIA/VIDEO/1970's/Glen Campbell - Rhinestone Cowboy.mp4
RVTR354870,Eddie Cochran,Twenty Flight Rock,16,no,no,no,yes,no,,/Users/bobhopp/DJ MEDIA/VIDEO/1950's/Eddie Cochran - Twenty Flight Rock.mp4
RVTR253281,Traveling Wilburys,End Of The Line,16,no,yes,yes,yes,yes,review,/Users/bobhopp/DJ MEDIA/VIDEO/1980's/Traveling Wilburys - End Of The Line.mp4
RVTR056686,Montell Jordan,This Is How We Do It,16,no,yes,yes,yes,yes,review,/Users/bobhopp/DJ MEDIA/VIDEO/1990's/Montell Jordan - This Is How We Do It.mp4
RVTR861273,Nitty Gritty Dirt Band,Mr Bojangles,16,no,no,yes,yes,no,review,/Users/bobhopp/DJ MEDIA/VIDEO/1970's/Nitty Gritty Dirt Band - Mr Bojangles.mp4
RVTR015777,Edie Brickell And New Bohemians,What I Am,16,no,no,no,yes,no,,/Users/bobhopp/DJ MEDIA/VIDEO/1980's/Edie Brickell And New Bohemians - What I Am.mp4
RVTR759486,Michael Jackson,The Way You Make Me Feel,15,no,yes,yes,yes,yes,review,/Users/bobhopp/DJ MEDIA/VIDEO/1980's/Michael Jackson - The Way You Make Me Feel (Official Video).mp4
RVTR339336,War,Low Rider,15,no,yes,yes,yes,yes,review,/Users/bobhopp/DJ MEDIA/VIDEO/1980's/War - Low Rider.mp4
RVTR585356,Sugar Ray,Fly,15,no,yes,no,yes,no,review,/Users/bobhopp/DJ MEDIA/VIDEO/1990's/Sugar Ray - Fly.mp4
RVTR424524,The Clash,Rock The Casbah,15,no,no,yes,yes,yes,review,/Users/bobhopp/DJ MEDIA/VIDEO/1980's/Clash - Rock The Casbah.mp4
RVTR556335,Eric Prydz,Call On Me,15,no,no,no,yes,no,,/Users/bobhopp/DJ MEDIA/VIDEO/TECHNO/Eric Prydz - Call On Me.mp4
RVTR908509,Asia,Heat Of The Moment,15,no,yes,yes,yes,yes,review,/Users/bobhopp/DJ MEDIA/VIDEO/1980's/Asia - Heat Of The Moment.mp4
RVTR461279,Miley Cyrus,Heart Of Glass,15,no,no,no,yes,no,,/Users/bobhopp/DJ MEDIA/VIDEO/2020's/Miley Cyrus - Heart Of Glass.mp4
RVTR654480,Rolling Stones,Wild Horses,15,no,yes,yes,yes,no,review,/Users/bobhopp/DJ MEDIA/VIDEO/1970's/Rolling Stones - Wild Horses.mp4
RVTR938363,Stick Figure,Angels Above Me,15,no,no,no,yes,no,,/Users/bobhopp/DJ MEDIA/VIDEO/2010's/Stick Figure - Angels Above Me.mp4
RVTR857213,ABBA,"Knowing Me, Knowing You",15,no,yes,yes,yes,yes,review,"/Users/bobhopp/DJ MEDIA/VIDEO/1980's/ABBA - Knowing Me, Knowing You.mp4"
RVTR571733,Bryan Adams,Cuts Like A Knife,15,no,yes,yes,yes,yes,review,/Users/bobhopp/DJ MEDIA/VIDEO/1980's/Bryan Adams - Cuts Like A Knife.mp4
RVTR882876,Glen Campbell,Wichita Lineman,15,no,yes,yes,yes,yes,review,/Users/bobhopp/DJ MEDIA/VIDEO/1960's/Glen Campbell - Wichita Lineman.mp4
RVTR992837,The Association,Never My Love,15,yes,yes,yes,yes,yes,review,/Users/bobhopp/DJ MEDIA/VIDEO/1960's/The Association - Never My Love.mp4
RVTR331641,Emerson Lake & Palmer,Lucky Man,15,no,no,no,yes,no,,/Users/bobhopp/DJ MEDIA/VIDEO/1970's/Emerson Lake & Palmer - Lucky Man.mp4
RVTR246699,Marcy Playground,Sex And Candy,15,no,yes,yes,yes,yes,review,/Users/bobhopp/DJ MEDIA/VIDEO/1990's/Marcy Playground - Sex And Candy.mp4
RVTR788766,Arrested Development,Mr. Wendal,15,no,yes,yes,yes,yes,review,/Users/bobhopp/DJ MEDIA/VIDEO/1990's/Arrested Development - Mr. Wendal.mp4
RVTR738328,Gloria Estefan,Live For Loving You,15,no,no,yes,yes,yes,,/Users/bobhopp/DJ MEDIA/VIDEO/1990's/Gloria Estefan - Live For Loving You.mp4
RVTR569568,Howard Jones,Things Can Only Get Better,15,no,yes,yes,yes,yes,review,/Users/bobhopp/DJ MEDIA/VIDEO/1980's/Howard Jones - Things Can Only Get Better.mp4
RVTR595035,The Staple Singers,Respect Yourself,15,no,no,yes,yes,yes,,/Users/bobhopp/DJ MEDIA/VIDEO/1970's/The Staple Singers - Respect Yourself (Lyric).mp4
RVTR641113,Paul Simon,Diamonds On The Soles Of Her Shoes,15,no,yes,no,yes,no,review,/Users/bobhopp/DJ MEDIA/VIDEO/1980's/Paul Simon - Diamonds On The Soles Of Her Shoes.mp4
RVTR585827,Tears For Fears,Everybody Wants To Rule The World,15,no,yes,yes,yes,yes,review,/Users/bobhopp/DJ MEDIA/VIDEO/1980's/Tears For Fears - Everybody Wants To Rule The World.mp4
RVTR461411,UB40,Red Red Wine,14,no,yes,yes,yes,yes,review,/Users/bobhopp/DJ MEDIA/VIDEO/1980's/UB40 - Red Red Wine.mp4
RVTR429997,Chicago,25 or 6 to 4,14,no,yes,yes,yes,yes,review,/Users/bobhopp/DJ MEDIA/VIDEO/1970's/Chicago - 25 or 6 to 4.mp4
RVTR670742,The Kinks,Come Dancing,14,no,yes,yes,yes,yes,review,/Users/bobhopp/DJ MEDIA/VIDEO/1980's/Kinks - Come Dancing.mp4
RVTR843332,Robyn,Show Me Love,14,no,yes,yes,yes,yes,review,/Users/bobhopp/DJ MEDIA/VIDEO/1990's/Robyn - Show Me Love.mp4
RVTR910922,Split Enz,I Got You,14,no,yes,yes,yes,yes,review,/Users/bobhopp/DJ MEDIA/VIDEO/1980's/Split Enz - I Got You.mp4
RVTR383764,Madonna,Ray Of Light,14,no,yes,yes,yes,yes,review,/Users/bobhopp/DJ MEDIA/VIDEO/1990's/Madonna - Ray Of Light.mp4
RVTR811534,Billy Strings,Fearless,14,no,no,no,yes,no,review,/Users/bobhopp/DJ MEDIA/VIDEO/1970's/Billy Strings - Fearless.mp4
RVTR492663,Ted Nugent,Stranglehold,14,no,yes,no,yes,no,review,/Users/bobhopp/DJ MEDIA/VIDEO/1970's/Ted Nugent - Stranglehold.mp4
RVTR843634,Limp Bizkit,N 2 Gether Now,14,no,yes,yes,yes,yes,review,/Users/bobhopp/DJ MEDIA/VIDEO/1990's/Limp Bizkit - N 2 Gether Now.mp4
RVTR498218,Billy Idol,Hot In The City,14,no,yes,yes,yes,yes,review,/Users/bobhopp/DJ MEDIA/VIDEO/1980's/Billy Idol - Hot In The City.mp4
RVTR752780,Climax Blues Band,I Love You,14,no,no,yes,yes,yes,,/Users/bobhopp/DJ MEDIA/VIDEO/1980's/Climax Blues Band - I Love You.mp4
RVTR250327,Peter Gabriel,Solsbury Hill,14,no,yes,yes,yes,yes,review,/Users/bobhopp/DJ MEDIA/VIDEO/1970's/Peter Gabriel - Solsbury Hill.mp4
RVTR653355,Bon Jovi,Wanted Dead Or Alive,14,no,yes,yes,yes,yes,review,/Users/bobhopp/DJ MEDIA/VIDEO/1980's/Bon Jovi - Wanted Dead Or Alive.mp4
RVTR951694,Elvis Presley,Jailhouse Rock,14,no,yes,no,yes,no,review,/Users/bobhopp/DJ MEDIA/VIDEO/1950's/Elvis Presley - Jailhouse Rock.mp4
RVTR363109,Michael Jackson,Black Or White,14,no,yes,yes,yes,yes,review,/Users/bobhopp/DJ MEDIA/VIDEO/1990's/Michael Jackson - Black Or White.mp4
RVTR567112,Frankie goes to Hollywood,War,14,no,no,no,yes,no,,/Users/bobhopp/DJ MEDIA/VIDEO/1980's/Frankie goes to Hollywood - War.mp4
RVTR573393,The Bangles,Walk Like An Egyptian,14,no,yes,yes,yes,yes,review,/Users/bobhopp/DJ MEDIA/VIDEO/1980's/The Bangles - Walk Like An Egyptian.mp4
RVTR220805,Journey,"Lovin', Touchin', Squeezin'",14,no,yes,yes,yes,yes,review,"/Users/bobhopp/DJ MEDIA/VIDEO/1970's/Journey - Lovin', Touchin', Squeezin'.mp4"
RVTR462153,MC 900 Ft. Jesus,If I Only Had A Brain,14,no,no,no,yes,no,,/Users/bobhopp/DJ MEDIA/VIDEO/1990's/MC 900 feat. Jesus - If I Only Had A Brain.mp4
RVTR329758,Digital Underground,The Humpty Dance,14,no,no,yes,yes,yes,,/Users/bobhopp/DJ MEDIA/VIDEO/1990's/Digital Underground - The Humpty Dance.mp4
RVTR860827,The Righteous Brothers,Unchained Melody,14,yes,yes,yes,yes,yes,cards_ready,/Users/bobhopp/DJ MEDIA/VIDEO/1960's/The Righteous Brothers - Unchained Melody.mp4
RVTR882953,The Temptations,Papa Was A Rolling Stone,14,no,no,no,yes,no,,/Users/bobhopp/DJ MEDIA/VIDEO/1970's/The Temptations - Papa Was A Rolling Stone.mp4
RVTR563512,Steve Miller Band,The Joker,14,no,yes,yes,yes,no,review,/Users/bobhopp/DJ MEDIA/VIDEO/1970's/Steve Miller Band The  Joker Live From Chicago.mp4
RVTR382792,Sly & the Family Stone,If You Want Me To Stay,14,no,no,no,yes,no,,/Users/bobhopp/DJ MEDIA/VIDEO/1970's/Sly & the Family Stone - If You Want Me To Stay.mp4
RVTR714796,Huey Lewis And The News,The Heart Of Rock N Roll,14,no,no,no,yes,no,,/Users/bobhopp/DJ MEDIA/VIDEO/1980's/Huey Lewis And The News - The Heart Of Rock N Roll.mp4
RVTR649172,Butthole Surfers,Pepper,14,no,no,no,yes,no,,/Users/bobhopp/DJ MEDIA/VIDEO/1990's/Butthole Surfers - Pepper.mp4
RVTR734067,Chic,Le Freak,13,yes,yes,yes,yes,yes,review,/Users/bobhopp/DJ MEDIA/VIDEO/1970's/Chic - Le Freak.mp4
RVTR294176,Chet Faker,Gold,13,no,no,no,yes,no,,/Users/bobhopp/DJ MEDIA/VIDEO/2010's/Chet Faker - Gold.mp4
RVTR081116,Blondie,Rapture,13,no,yes,yes,yes,yes,review,/Users/bobhopp/DJ MEDIA/VIDEO/1980's/Blondie - Rapture.mp4
RVTR799242,Bodeans,Fade Away,13,no,no,no,yes,no,,/Users/bobhopp/DJ MEDIA/VIDEO/1990's/Bodeans - Fade Away.mp4
RVTR506000,ABBA,Dancing Queen,13,no,yes,yes,yes,yes,review,/Users/bobhopp/DJ MEDIA/VIDEO/1970's/ABBA - Dancing Queen.mp4
RVTR572002,Chris Brown,Forever,13,no,no,yes,yes,yes,,/Users/bobhopp/DJ MEDIA/VIDEO/2000's/Chris Brown - Forever.mp4
RVTR357804,Monkees,I'm A Believer,13,yes,yes,yes,yes,yes,review,/Users/bobhopp/DJ MEDIA/VIDEO/1960's/Monkees - I'm A Believer.mp4
RVTR288153,REM,Losing My Religion,13,no,no,no,yes,no,,/Users/bobhopp/DJ MEDIA/VIDEO/1990's/REM - Losing My Religion.mp4
RVTR436308,Jewel,Whole Lotta Love ,13,no,no,no,yes,no,,/Users/bobhopp/DJ MEDIA/VIDEO/2020's/Jewel - Whole Lotta Love.mp4
RVTR460295,Loverboy,Turn Me Loose,13,no,yes,yes,yes,yes,review,/Users/bobhopp/DJ MEDIA/VIDEO/1980's/Loverboy - Turn Me Loose.mp4
RVTR585122,Eric Carmen,Hungry Eyes,13,no,no,yes,yes,yes,,/Users/bobhopp/DJ MEDIA/VIDEO/1980's/Eric Carmen - Hungry Eyes.mp4
RVTR018811,The Who,Behind Blue Eyes,13,no,no,yes,yes,yes,review,/Users/bobhopp/DJ MEDIA/VIDEO/1970's/The Who - Behind Blue Eyes.mp4
RVTR127900,A Flock Of Seagulls,I Ran,13,no,no,yes,yes,yes,review,/Users/bobhopp/DJ MEDIA/VIDEO/1980's/A Flock Of Seagulls - I Ran.mp4
RVTR410638,Kenny Loggins,Footloose,13,no,yes,yes,yes,yes,review,/Users/bobhopp/DJ MEDIA/VIDEO/1980's/Kenny Loggins - Footloose.mp4
RVTR394943,Lionel Richie,All Night Long,13,no,yes,yes,yes,yes,review,/Users/bobhopp/DJ MEDIA/VIDEO/1980's/Lionel Richie - All Night Long.mp4
RVTR205493,Roger Miller,King Of The Road,13,yes,yes,yes,yes,yes,cards_ready,/Users/bobhopp/DJ MEDIA/VIDEO/1960's/Roger Miller - King Of The Road.mp4
RVTR921168,Lou Reed,Walk On The Wild Side,13,no,yes,yes,yes,yes,review,/Users/bobhopp/DJ MEDIA/VIDEO/1970's/Lou Reed - Walk On The Wild Side.mp4
RVTR765173,Stevie Nicks,Edge Of Seventeen,13,no,no,yes,yes,yes,,/Users/bobhopp/DJ MEDIA/VIDEO/1980's/Stevie Nicks - Edge Of Seventeen.mp4
RVTR306490,The Band (Staple Singers),The Weight,13,no,no,no,yes,no,,/Users/bobhopp/DJ MEDIA/VIDEO/1960's/The Band (Staple Singers) - The Weight.mp4
RVTR100074,Cake,Never There,12,no,yes,yes,yes,yes,,/Users/bobhopp/DJ MEDIA/VIDEO/1990's/Cake - Never There.mp4
RVTR639134,LFO,Summer Girls,12,no,yes,yes,yes,yes,review,/Users/bobhopp/DJ MEDIA/VIDEO/1990's/LFO - Summer Girls.mp4
RVTR459129,Slade,Run Runaway,12,no,no,no,yes,no,,/Users/bobhopp/DJ MEDIA/VIDEO/1980's/Slade - Run Runaway.mp4
RVTR129716,Everclear,Am Radio,12,no,yes,no,yes,no,review,/Users/bobhopp/DJ MEDIA/VIDEO/1990's/Everclear - Am Radio.mp4
RVTR047843,Looking Glass,Brandy,12,no,yes,yes,yes,yes,,/Users/bobhopp/DJ MEDIA/VIDEO/1970's/Looking Glass - Brandy.mp4
RVTR601662,Elton John,Rocket Man,12,no,yes,yes,yes,yes,review,/Users/bobhopp/DJ MEDIA/VIDEO/1970's/Elton John - Rocket Man.mp4
RVTR208790,Len,Steal My Sunshine,12,no,no,yes,yes,yes,,/Users/bobhopp/DJ MEDIA/VIDEO/1990's/Len - Steal My Sunshine.mp4
RVTR044043,Blondie,Heart Of Glass,12,yes,yes,yes,yes,yes,review,/Users/bobhopp/DJ MEDIA/VIDEO/1970's/Blondie - Heart Of Glass.mp4
RVTR663310,Cure,Friday I'm In Love,12,yes,no,yes,yes,no,review,/Users/bobhopp/DJ MEDIA/VIDEO/1990's/Cure - Friday I'm In Love.mp4
RVTR907762,Lou Gramm,Midnight Blue,12,no,no,yes,yes,yes,,/Users/bobhopp/DJ MEDIA/VIDEO/1980's/Lou Gramm - Midnight Blue.MP4
RVTR727463,Alannah Myles,Black Velvet,12,no,yes,yes,yes,yes,review,/Users/bobhopp/DJ MEDIA/VIDEO/1990's/Alannah Myles - Black Velvet.mp4
RVTR914480,Bon Jovi,Livin' On A Prayer,12,no,yes,yes,yes,yes,,/Users/bobhopp/DJ MEDIA/VIDEO/1980's/Bon Jovi - Livin' On A Prayer.mp4
RVTR381553,Joe South,Games People Play,12,no,yes,yes,yes,yes,review,/Users/bobhopp/DJ MEDIA/VIDEO/1960's/Joe South - Games People Play.mp4
RVTR309611,Chicago,Saturday In The Park,12,no,yes,yes,yes,yes,review,/Users/bobhopp/DJ MEDIA/VIDEO/1970's/Chicago - Saturday In The Park.mp4
RVTR956292,Van Morrison,Brown Eyed Girl,12,yes,yes,yes,yes,yes,review,/Users/bobhopp/DJ MEDIA/VIDEO/1960's/Van Morrison - Brown Eyed Girl.mp4
RVTR243163,Jamiroquai,Virtual Insanity,12,no,yes,no,yes,no,review,/Users/bobhopp/DJ MEDIA/VIDEO/1990's/Jamiroquai - Virtual Insanity.mp4
RVTR511394,Redbone,Come And Get Your Love,12,no,yes,yes,yes,yes,review,/Users/bobhopp/DJ MEDIA/VIDEO/1970's/Redbone - Come and Get Your Love.mp4
RVTR480919,George Harrison,My Sweet Lord,12,no,yes,yes,yes,yes,review,/Users/bobhopp/DJ MEDIA/VIDEO/1970's/George Harrison - My Sweet Lord.mp4
RVTR566653,Cher,Gypsys Tramps And Thieves,12,no,no,no,yes,no,,/Users/bobhopp/DJ MEDIA/VIDEO/1970's/Cher - Gypsys Tramps And Thieves.mp4
RVTR288743,The Four Tops,I Can't Help Myself,12,yes,no,no,yes,no,cards_ready,/Users/bobhopp/DJ MEDIA/VIDEO/1960's/The Four Tops - I Can't Help Myself.mp4
RVTR037683,Bad Company,Feel Like Makin Love 1975,12,no,no,no,yes,no,draft,/Users/bobhopp/DJ MEDIA/VIDEO/1970's/Bad Company - Feel Like Makin Love 1975.mp4
RVTR496488,George Harrison,Crackerbox Palace,12,no,yes,yes,yes,yes,review,/Users/bobhopp/DJ MEDIA/VIDEO/1970's/George Harrison - Crackerbox Palace.mp4
RVTR469184,"Too $hort, Lil Duval",Big Sexy Thang,12,no,no,no,yes,no,,"/Users/bobhopp/DJ MEDIA/VIDEO/2020's/Too $hort, Lil Duval - Big Sexy Thang.mp4"
RVTR347538,Led Zeppelin,Going to California Live,12,no,no,no,yes,no,,/Users/bobhopp/DJ MEDIA/VIDEO/1970's/Led Zeppelin - Going to California Live.mp4
RVTR217817,P.M. Dawn,Looking Through Patient Eyes,12,no,yes,yes,yes,yes,,/Users/bobhopp/DJ MEDIA/VIDEO/1990's/P.M. Dawn - Looking Through Patient Eyes.mp4
RVTR924295,John Denver,"Take Me Home, Country Roads",12,no,yes,yes,yes,yes,,"/Users/bobhopp/DJ MEDIA/VIDEO/1970's/John Denver - Take Me Home, Country Roads.mp4"
RVTR124555,Bonnie Tyler,Total Eclipse of the Heart,12,no,yes,yes,yes,yes,,/Users/bobhopp/DJ MEDIA/VIDEO/1980's/Bonnie Tyler - Total Eclipse of the Heart.mp4
RVTR492527,Fine Young Cannibals,She Drives Me Crazy,12,no,yes,yes,yes,yes,review,/Users/bobhopp/DJ MEDIA/VIDEO/1980's/Fine Young Cannibals - She Drives Me Crazy.mp4
RVTR960733,Brewer And Shipley,One Toke Over The Line,12,no,yes,yes,yes,yes,review,/Users/bobhopp/DJ MEDIA/VIDEO/1970's/Brewer And Shipley - One Toke Over The Line.mp4
RVTR100757,Next,Too Close,11,no,yes,yes,yes,yes,,/Users/bobhopp/DJ MEDIA/VIDEO/1990's/Next - Too Close.mp4
RVTR360338,OMC,How Bizarre,11,no,no,no,yes,no,,/Users/bobhopp/DJ MEDIA/VIDEO/1990's/OMC - How Bizarre.mp4
RVTR485826,Tesla,Love Song,11,no,no,yes,yes,yes,,/Users/bobhopp/DJ MEDIA/VIDEO/1990's/Tesla - Love Song.mp4
RVTR633797,Electric Light Orchestra,Mr. Blue Sky,11,no,yes,yes,yes,yes,,/Users/bobhopp/DJ MEDIA/VIDEO/1970's/ELO - Mr. Blue Sky.mp4
RVTR970715,Queen,Radio Ga Ga,11,no,yes,yes,yes,yes,,/Users/bobhopp/DJ MEDIA/VIDEO/1980's/Queen - Radio Ga Ga.mp4
RVTR061021,Sublime,Santeria,11,no,no,no,yes,no,,/Users/bobhopp/DJ MEDIA/VIDEO/1990's/Sublime - Santeria.mp4
RVTR725040,Madness,Our House,11,no,no,yes,yes,yes,,/Users/bobhopp/DJ MEDIA/VIDEO/1980's/Madness - Our House.mp4
RVTR572365,Dolly Parton,9 To 5,11,no,yes,yes,yes,yes,,/Users/bobhopp/DJ MEDIA/VIDEO/1980's/Dolly Parton - 9 To 5.mp4
RVTR686026,Jim Croce,Operator,11,no,no,yes,yes,yes,,/Users/bobhopp/DJ MEDIA/VIDEO/1970's/Jim Croce - Operator.mp4
RVTR589746,John Denver,Calypso,11,no,yes,no,yes,no,draft,/Users/bobhopp/DJ MEDIA/VIDEO/1970's/John Denver - Calypso.mp4
RVTR784557,Genesis,I Can't Dance,11,no,yes,yes,yes,yes,,/Users/bobhopp/DJ MEDIA/VIDEO/1990's/Genesis - I Can't Dance.mp4
RVTR384376,Def Leppard,Hysteria,11,no,yes,yes,yes,yes,,/Users/bobhopp/DJ MEDIA/VIDEO/1980's/Def Leppard - Hysteria.mp4
RVTR941935,Fleetwood Mac,Hold Me,11,no,yes,yes,yes,yes,,/Users/bobhopp/DJ MEDIA/VIDEO/1980's/Fleetwood Mac - Hold Me.mp4
RVTR808142,Andy Kim,Rock Me Gently,11,no,no,yes,yes,yes,review,/Users/bobhopp/DJ MEDIA/VIDEO/1970's/Andy Kim - Rock Me Gently.mp4
RVTR111098,The Tubes,She's A Beauty,11,no,yes,yes,yes,yes,draft,/Users/bobhopp/DJ MEDIA/VIDEO/1980's/The Tubes - She's A Beauty.mp4
RVTR543732,Metallica,Enter Sandman,11,no,yes,yes,yes,yes,,/Users/bobhopp/DJ MEDIA/VIDEO/1990's/Metallica - Enter Sandman.mp4
RVTR989859,Taco,Puttin on the Ritz,11,no,no,no,yes,no,,/Users/bobhopp/DJ MEDIA/VIDEO/1980's/Taco - Puttin on the Ritz.mp4
RVTR505250,Shaggy,Piece Of My Heart,11,no,no,yes,yes,yes,,/Users/bobhopp/DJ MEDIA/VIDEO/2000's/Shaggy - Piece Of My Heart.mp4
RVTR667387,Aretha Franklin,Respect,11,no,yes,yes,yes,yes,review,/Users/bobhopp/DJ MEDIA/VIDEO/1960's/Aretha Franklin - Respect.mp4
RVTR690337,Jackson 5,I Want You Back,11,no,yes,yes,yes,yes,,/Users/bobhopp/DJ MEDIA/VIDEO/1980's/Jackson 5 - I Want You Back.mp4
RVTR876974,Cyndi Lauper,The Goonies,11,no,no,yes,yes,yes,,/Users/bobhopp/DJ MEDIA/VIDEO/1980's/Cyndi Lauper - The Goonies.mp4
RVTR895357,Alabama,Dixieland Delight,11,no,yes,no,yes,no,review,/Users/bobhopp/DJ MEDIA/VIDEO/1980's/Alabama - Dixieland Delight.mp4
RVTR621535,Joe Walsh,Life's Been Good,11,yes,no,yes,yes,yes,review,/Users/bobhopp/DJ MEDIA/VIDEO/1970's/Joe Walsh - Life's Been Good.mp4
RVTR059377,George Clinton,Atomic Dog,11,no,no,no,yes,no,,/Users/bobhopp/DJ MEDIA/VIDEO/1980's/George Clinton - Atomic Dog.mp4
RVTR995442,Ramones,I Wanna Be Sedated,11,yes,no,no,yes,no,review,/Users/bobhopp/DJ MEDIA/VIDEO/1970's/Ramones - I Wanna Be Sedated.mp4
RVTR013038,Monkees,Daydream Believer,11,no,yes,yes,yes,no,,/Users/bobhopp/DJ MEDIA/VIDEO/1960's/Monkees - Daydream Believer.mp4
RVTR214362,Paul Russell,Lil Boo Thang,11,no,no,yes,yes,yes,,/Users/bobhopp/DJ MEDIA/VIDEO/2020's/Paul Russell - Lil Boo Thang.mp4
RVTR379830,The Kinks,Waterloo Sunset,11,no,yes,no,yes,no,,/Users/bobhopp/DJ MEDIA/VIDEO/1970's/The Kinks - Waterloo Sunset.mp4
RVTR057685,Rod Stewart,Forever Young,11,no,yes,yes,yes,yes,,/Users/bobhopp/DJ MEDIA/VIDEO/1980's/Rod Stewart - Forever Young.mp4
RVTR028160,Bee Gees,Nights On Broadway,11,no,yes,yes,yes,yes,draft,/Users/bobhopp/DJ MEDIA/VIDEO/1970's/Bee Gees - Nights On Broadway.mp4
RVTR775515,Kim Carnes,Bette Davis Eyes,11,no,no,yes,yes,yes,,/Users/bobhopp/DJ MEDIA/VIDEO/1980's/Kim Carnes - Bette Davis Eyes.mp4
RVTR408614,Neil Diamond,Song Sung Blue,11,no,yes,yes,yes,yes,,/Users/bobhopp/DJ MEDIA/VIDEO/1970's/Neil Diamond - Song Sung Blue.mp4
RVTR552935,Shania Twain,Any Man Of Mine,11,no,no,yes,yes,yes,,/Users/bobhopp/DJ MEDIA/VIDEO/1990's/Shania Twain - Any Man Of Mine.mp4
RVTR564021,Shaboozey,A Bar Song (Tipsy),11,no,no,yes,yes,yes,,/Users/bobhopp/DJ MEDIA/VIDEO/2020's/Shaboozey - A Bar Song (Tipsy).mp4
RVTR957609,Elton John,I'm Still Standing,11,no,yes,yes,yes,yes,,/Users/bobhopp/DJ MEDIA/VIDEO/1980's/Elton John - I'm Still Standing.mp4
RVTR872830,"Elton John, Dua Lipa",Cold Heart,11,no,no,no,yes,no,,"/Users/bobhopp/DJ MEDIA/VIDEO/2020's/Elton John, Dua Lipa - Cold Heart.mp4"
RVTR238411,Eddie Money,Take Me Home Tonight,11,no,yes,yes,yes,yes,,/Users/bobhopp/DJ MEDIA/VIDEO/1980's/Eddie Money - Take Me Home Tonight.mp4
RVTR532027,Michael Jackson,Smooth Criminal,11,no,yes,yes,yes,yes,,/Users/bobhopp/DJ MEDIA/VIDEO/1980's/Michael Jackson - Smooth Criminal.mp4
RVTR804452,Bay City Rollers,Saturday Night,11,no,yes,yes,yes,yes,review,/Users/bobhopp/DJ MEDIA/VIDEO/1980's/Bay City Rollers - Saturday Night.mp4
RVTR578668,Patsy Cline,Crazy,11,no,no,yes,yes,yes,,/Users/bobhopp/DJ MEDIA/VIDEO/1960's/Patsy Cline - Crazy (Music Video) [HD].mp4
RVTR422332,Gangstagrass,Long Hard Times To Come,11,no,no,no,yes,no,,/Users/bobhopp/DJ MEDIA/VIDEO/2010's/Gangstagrass - Long Hard Times To Come.mp4
RVTR243947,Don Henley,All She Wants To Do Is Dance,11,no,yes,yes,yes,yes,,/Users/bobhopp/DJ MEDIA/VIDEO/1980's/Don Henley - All She Wants To Do Is Dance.mp4
RVTR679560,Breland feat. Keith Urban,Throw It Back,11,no,no,no,yes,no,,/Users/bobhopp/DJ MEDIA/VIDEO/2020's/Breland feat. Keith Urban - Throw It Back.mp4
RVTR192746,Teddy Swims,I Don't Wanna Be You Anymore,11,no,no,no,yes,no,,/Users/bobhopp/DJ MEDIA/VIDEO/2020's/Teddy Swims - I Don't Wanna Be You Anymore.mp4
RVTR897961,Meat Loaf,Paradise By The Dashboard Light,11,no,yes,yes,yes,yes,,/Users/bobhopp/DJ MEDIA/VIDEO/1970's/Meat Loaf - Paradise By The Dashboard Light.mp4
RVTR347225,Trump vs Talking Heads,Once In A Lifetime,11,no,no,no,yes,no,,/Users/bobhopp/DJ MEDIA/VIDEO/2020's/Trump vs Talking Heads - Once In A Lifetime.mp4
RVTR901724,Haddaway,What is Love,11,no,no,yes,yes,yes,,/Users/bobhopp/DJ MEDIA/VIDEO/1990's/Haddaway - What is Love (A Night at the Roxbury).mp4
RVTR387085,Dead Or Alive,You Spin Me Round (Like a Record),11,no,no,yes,yes,yes,,/Users/bobhopp/DJ MEDIA/VIDEO/1980's/Dead or Alive - You Spin Me Round (Like a Record).mp4
RVTR098252,"Roger Waters, Van Morrison, The Band",Comfortably Numb,11,no,no,no,yes,no,,"/Users/bobhopp/DJ MEDIA/VIDEO/1980's/Roger Waters, Van Morrison, The Band - Comfortably Numb.MP4"
RVTR102971,Cracker,Low,10,no,yes,yes,yes,yes,,/Users/bobhopp/DJ MEDIA/VIDEO/1990's/Cracker - Low.mp4
RVTR446934,Cake,War Pigs,10,no,no,no,yes,no,,/Users/bobhopp/DJ MEDIA/VIDEO/2010's/Cake - War Pigs.mp4
RVTR843599,Danzig,Mother,10,no,yes,yes,yes,yes,,/Users/bobhopp/DJ MEDIA/VIDEO/1990's/Danzig - Mother.mp4
RVTR720668,Squeeze,Tempted,10,no,yes,yes,yes,yes,,/Users/bobhopp/DJ MEDIA/VIDEO/1980's/Squeeze - Tempted.mp4
RVTR624060,Beach Boys,Kokomo,10,no,no,no,yes,no,review,/Users/bobhopp/DJ MEDIA/VIDEO/1980's/Beach Boys - Kokomo.mp4
RVTR907184,Sweet,Little Wllly,10,no,no,no,yes,no,,/Users/bobhopp/DJ MEDIA/VIDEO/1970's/Sweet - Little Wllly.mp4
RVTR163173,Big & Rich,Save A Horse,10,no,no,no,yes,no,review,/Users/bobhopp/DJ MEDIA/VIDEO/2000's/Big & Rich - Save A Horse.mp4
RVTR430551,Ben E. King,Stand By Me,10,no,no,yes,yes,yes,review,/Users/bobhopp/DJ MEDIA/VIDEO/1960's/Ben E. King - Stand By Me.mp4
RVTR964817,Erasure,Chains Of Love,10,no,yes,yes,yes,yes,,/Users/bobhopp/DJ MEDIA/VIDEO/1980's/Erasure - Chains Of Love.mp4
RVTR138932,Club Nouveau,Lean On Me,10,no,yes,yes,yes,yes,,/Users/bobhopp/DJ MEDIA/VIDEO/1980's/Club Nouveau - Lean On Me.mp4
RVTR763274,Vanilla Ice,Ice Ice Baby,10,no,yes,yes,yes,yes,,/Users/bobhopp/DJ MEDIA/VIDEO/1990's/Vanilla Ice - Ice Ice Baby.mp4
RVTR574307,Tanya Tucker,Delta Dawn,10,no,no,yes,yes,yes,,/Users/bobhopp/DJ MEDIA/VIDEO/1970's/Tanya Tucker - Delta Dawn.mp4
RVTR910671,Johnny Cash,Ring of Fire,10,no,yes,yes,yes,yes,,/Users/bobhopp/DJ MEDIA/VIDEO/1960's/Johnny Cash - Ring of Fire.mp4
RVTR544432,Wilson Phillips,Hold On,10,no,yes,yes,yes,yes,,/Users/bobhopp/DJ MEDIA/VIDEO/1990's/Wilson Phillips - Hold On.mp4
RVTR110962,Bryan Adams,Summer Of '69,10,no,no,yes,yes,yes,,/Users/bobhopp/DJ MEDIA/VIDEO/1980's/Bryan Adams - Summer Of '69.mp4
RVTR050555,The Bangles,Manic Monday,10,no,yes,yes,yes,yes,,/Users/bobhopp/DJ MEDIA/VIDEO/1980's/The Bangles - Manic Monday.mp4
RVTR644016,Red Rider,Lunatic Fringe,10,no,no,no,yes,no,,/Users/bobhopp/DJ MEDIA/VIDEO/1980's/Red Rider - Lunatic Fringe.mp4
RVTR237491,ZZ Top,Sharp Dressed Man,10,no,yes,yes,yes,yes,,/Users/bobhopp/DJ MEDIA/VIDEO/1980's/ZZ Top - Sharp Dressed Man.mp4
RVTR929199,INXS,Never Tear Us Apart,10,no,no,yes,yes,yes,,/Users/bobhopp/DJ MEDIA/VIDEO/1980's/INXS - Never Tear Us Apart.mp4
RVTR787052,Fountains Of Wayne,Stacy's Mom,10,no,no,yes,yes,yes,,/Users/bobhopp/DJ MEDIA/VIDEO/2000's/Fountains Of Wayne - Stacy's Mom.mp4
RVTR367218,Bill Haley,Lets Rip It Up,10,no,no,no,yes,no,review,/Users/bobhopp/DJ MEDIA/VIDEO/1950's/Bill Haley - Lets Rip It Up.mp4
RVTR825285,Def Leppard,Armageddon It,10,no,yes,yes,yes,yes,,/Users/bobhopp/DJ MEDIA/VIDEO/1980's/Def Leppard - Armageddon It.mp4
RVTR127797,Lynn Anderson,Rose Garden,10,no,yes,yes,yes,yes,,/Users/bobhopp/DJ MEDIA/VIDEO/1970's/Lynn Anderson - Rose Garden.mp4
RVTR959252,Spinners,Games People Play,10,no,no,no,yes,no,draft,/Users/bobhopp/DJ MEDIA/VIDEO/1970's/Spinners - Games People Play.mp4
RVTR794518,Men At Work,Who Can It Be Now,10,no,yes,yes,yes,yes,,/Users/bobhopp/DJ MEDIA/VIDEO/1980's/Men At Work - Who Can It Be Now.mp4
RVTR588513,Marvin Gaye,Got To Give It Up,10,no,no,yes,yes,yes,,/Users/bobhopp/DJ MEDIA/VIDEO/1970's/Marvin Gaye - Got To Give It Up.mp4
RVTR423958,The Band of Heathens,Hurricane,10,no,no,no,yes,no,,/Users/bobhopp/DJ MEDIA/VIDEO/2010's/The Band of Heathens - Hurricane.mp4
RVTR547603,Lynyrd Skynyrd,Tuesday's Gone,10,no,no,no,yes,no,,/Users/bobhopp/DJ MEDIA/VIDEO/1970's/Lynyrd Skynyrd - Tuesday's Gone.mp4
RVTR415040,Poison,Something To Believe In,10,no,yes,yes,yes,yes,,/Users/bobhopp/DJ MEDIA/VIDEO/1990's/Poison - Something To Believe In.mp4
RVTR406001,The Folk Implosion,Natural One,10,no,no,no,yes,no,,/Users/bobhopp/DJ MEDIA/VIDEO/1990's/The Folk Implosion - Natural One.mp4
RVTR378007,Depeche Mode,Just Can't Get Enough,10,no,no,no,yes,no,,/Users/bobhopp/DJ MEDIA/VIDEO/1980's/Depeche Mode - Just Can't Get Enough.mp4
RVTR935083,Roger Waters & Sinead O'Connor,Mother,10,no,no,no,yes,no,,/Users/bobhopp/DJ MEDIA/VIDEO/1980's/Roger Waters & Sinead O'Connor - Mother.mp4
RVTR981202,Pat Benatar,Hit Me With Your Best Shot,10,no,yes,yes,yes,yes,,/Users/bobhopp/DJ MEDIA/VIDEO/1980's/Pat Benatar - Hit Me With Your Best Shot.mp4
RVTR606756,Jefferson Starship,We Built This City,10,no,no,no,yes,no,,/Users/bobhopp/DJ MEDIA/VIDEO/1980's/Jefferson Starship - We Built This City.mp4
RVTR127796,Gladys Knight,Midnight Train To Georgia,10,no,no,no,yes,no,,/Users/bobhopp/DJ MEDIA/VIDEO/1970's/Gladys Knight - Midnight Train To Georgia.mp4
RVTR536911,Prince and The Revolution,Raspberry Beret,10,no,yes,yes,yes,yes,,/Users/bobhopp/DJ MEDIA/VIDEO/1980's/Prince and The Revolution - Raspberry Beret.mp4
RVTR624592,Otis Redding,(Sittin' On) The Dock of The Bay,10,no,no,yes,yes,yes,,/Users/bobhopp/DJ MEDIA/VIDEO/1960's/Otis Redding - The Dock of The Bay (Sittin' On).mp4
RVTR769450,Rolling Stones,You Can't Always Get What You Want,10,no,no,yes,yes,no,,/Users/bobhopp/DJ MEDIA/VIDEO/1960's/Rolling Stones - You Can't Always Get What You Want.mp4
RVTR329491,Albert Hammond,It Never Rains In Southern California,10,no,yes,yes,yes,yes,review,/Users/bobhopp/DJ MEDIA/VIDEO/1970's/Albert Hammond - It Never Rains In Southern California.mp4
RVTR164626,Johnny Cash,I Walk the Line,9,no,no,no,yes,no,,/Users/bobhopp/DJ MEDIA/VIDEO/1950's/Johnny Cash - I Walk the Line (Man in Black Live in Denmark).mp4
RVTR663947,Beck,Loser,9,no,no,yes,yes,yes,review,/Users/bobhopp/DJ MEDIA/VIDEO/1990's/Beck - Loser.mp4
RVTR779026,Van Halen,Jump,9,no,yes,yes,yes,yes,,/Users/bobhopp/DJ MEDIA/VIDEO/1980's/Van Halen - Jump.mp4
RVTR890443,Pearl Jam,Evenflow,9,no,no,no,yes,no,,/Users/bobhopp/DJ MEDIA/VIDEO/1990's/Pearl Jam - Evenflow.mp4
RVTR846839,Eddie Money,Shakin',9,no,no,yes,yes,yes,,/Users/bobhopp/DJ MEDIA/VIDEO/1980's/Eddie Money - Shakin'.mp4
RVTR822861,The Clash,Train In Vain,9,no,no,yes,yes,yes,,/Users/bobhopp/DJ MEDIA/VIDEO/1980's/Clash - Train In Vain.mp4
RVTR286704,Styx,Come Sail Away,9,no,yes,yes,yes,yes,,/Users/bobhopp/DJ MEDIA/VIDEO/1970's/Styx - Come Sail Away.mp4
RVTR975129,Box Tops,The Letter,9,yes,yes,yes,yes,no,review,/Users/bobhopp/DJ MEDIA/VIDEO/1960's/Box Tops - The Letter.MP4
RVTR982784,Candlebox,Far Behind,9,no,yes,yes,yes,yes,,/Users/bobhopp/DJ MEDIA/VIDEO/1990's/Candlebox - Far Behind.mp4
RVTR689693,Tee Set,Ma Belle Amie,9,no,no,yes,yes,no,,/Users/bobhopp/DJ MEDIA/VIDEO/1970's/Tee Set - Ma Belle Amie.mp4
RVTR753608,Billy Idol,Mony Mony,9,no,no,yes,yes,yes,review,/Users/bobhopp/DJ MEDIA/VIDEO/1980's/Billy Idol - Mony Mony.mp4
RVTR183540,Rod Stewart,Ooh La La,9,no,yes,yes,yes,yes,,/Users/bobhopp/DJ MEDIA/VIDEO/1970's/Rod Stewart - Ooh La La.mp4
RVTR273312,Alabama Shakes,Hold On,9,no,yes,yes,yes,yes,review,/Users/bobhopp/DJ MEDIA/VIDEO/2010's/Alabama Shakes - Hold On.mp4
RVTR964603,The Who,Eminence Front,9,no,yes,yes,yes,yes,,/Users/bobhopp/DJ MEDIA/VIDEO/1980's/The Who - Eminence Front.mp4
RVTR541595,Fatboy Slim,Praise You,9,no,yes,yes,yes,yes,,/Users/bobhopp/DJ MEDIA/VIDEO/1990's/Fatboy Slim - Praise You.mp4
RVTR205766,Greg Kihn Band,Jeopardy,9,no,yes,yes,yes,yes,,/Users/bobhopp/DJ MEDIA/VIDEO/1980's/Greg Kihn Band - Jeopardy.mp4
RVTR071887,En Vogue,Free Your Mind,9,yes,yes,yes,yes,yes,review,/Users/bobhopp/DJ MEDIA/VIDEO/1990's/En Vogue - Free Your Mind.mp4
RVTR628358,Stevie Nicks,Stand Back,9,no,yes,yes,yes,yes,,/Users/bobhopp/DJ MEDIA/VIDEO/1980's/Stevie Nicks - Stand Back.mp4
RVTR677504,Donna Summer,I Feel Love,9,no,yes,yes,yes,yes,,/Users/bobhopp/DJ MEDIA/VIDEO/1970's/Donna Summer - I Feel Love.mp4
RVTR471147,Anne Murray,Dannys Song,9,no,no,no,yes,no,review,/Users/bobhopp/DJ MEDIA/VIDEO/1970's/Anne Murray - Dannys Song.mp4
RVTR852342,Soul II Soul,Back To Life,9,no,yes,yes,yes,yes,,/Users/bobhopp/DJ MEDIA/VIDEO/1980's/Soul II Soul - Back To Life.mp4
RVTR996243,Barenaked Ladies,One Week,9,no,yes,yes,yes,yes,review,/Users/bobhopp/DJ MEDIA/VIDEO/1990's/Barenaked Ladies - One Week.mp4
RVTR317492,Elton John,Pinball Wizard,9,no,yes,no,yes,no,draft,/Users/bobhopp/DJ MEDIA/VIDEO/1970's/Elton John - Pinball Wizard.mp4
RVTR784662,Eagles,One Of These Nights,9,no,yes,yes,yes,yes,draft,/Users/bobhopp/DJ MEDIA/VIDEO/1970's/Eagles - One Of These Nights.mp4
RVTR122994,Jon Secada,Just Another Day,9,yes,yes,yes,yes,yes,review,/Users/bobhopp/DJ MEDIA/VIDEO/1990's/Jon Secada - Just Another Day.mp4
RVTR968009,Sister Sledge,We Are Family,9,no,yes,yes,yes,yes,,/Users/bobhopp/DJ MEDIA/VIDEO/1980's/Sister Sledge - We Are Family.mp4
RVTR738638,Kansas,Carry On Wayward Son,9,no,yes,yes,yes,yes,,/Users/bobhopp/DJ MEDIA/VIDEO/1970's/Kansas - Carry On Wayward Son.mp4
RVTR631706,Joan Jett,I Love Rock N' Roll,9,no,no,no,yes,no,,/Users/bobhopp/DJ MEDIA/VIDEO/1980's/Joan Jett - I Love Rock N' Roll.mp4
RVTR193936,Linda Ronstadt,Just One Look,9,yes,no,yes,yes,yes,review,/Users/bobhopp/DJ MEDIA/VIDEO/1970's/Linda Ronstadt - Just One Look.mp4
RVTR633955,Hot Chocolate,You Sexy Thing,9,no,yes,yes,yes,yes,draft,/Users/bobhopp/DJ MEDIA/VIDEO/1970's/Hot Chocolate - You Sexy Thing.mp4
RVTR965594,The Beach Boys,God Only Knows,9,no,yes,yes,yes,yes,,/Users/bobhopp/DJ MEDIA/VIDEO/1960's/The Beach Boys - God Only Knows.mp4
RVTR144930,Eddy Grant,Do You Feel My Love,9,no,no,no,yes,no,,/Users/bobhopp/DJ MEDIA/VIDEO/1980's/Eddy Grant - Do You Feel My Love.mp4
RVTR717736,Susan Tedeschi,It Hurts So Bad,9,no,no,no,yes,no,,/Users/bobhopp/DJ MEDIA/VIDEO/1990's/Susan Tedeschi - It Hurts So Bad.mp4
RVTR301632,Frankie Smith,Double Dutch Bus,9,no,yes,yes,yes,yes,,/Users/bobhopp/DJ MEDIA/VIDEO/1980's/Frankie Smith - Double Dutch Bus.mp4
RVTR437897,Bobbie Gentry,Ode To Billie Joe,9,no,yes,yes,yes,yes,,/Users/bobhopp/DJ MEDIA/VIDEO/1960's/Bobbie Gentry - Ode To Billie Joe.mp4
RVTR955105,Manfred Mann,Doo Wah Diddy,9,no,no,no,yes,no,,/Users/bobhopp/DJ MEDIA/VIDEO/1960's/Manfred Mann - Doo Wah Diddy.mp4
RVTR604353,Starbuck,Moonlight Feels Right,9,no,yes,yes,yes,yes,,/Users/bobhopp/DJ MEDIA/VIDEO/1970's/Starbuck - Moonlight Feels Right.mp4
RVTR220134,Whitney Houston,How Will I Know,9,no,yes,yes,yes,yes,,/Users/bobhopp/DJ MEDIA/VIDEO/1980's/Whitney Houston - How Will I Know.mp4
RVTR423929,Little River Band,Lonesome Loser,9,no,yes,yes,yes,yes,,/Users/bobhopp/DJ MEDIA/VIDEO/1970's/Little River Band - Lonesome Loser.mp4
RVTR396931,Howlin Wolf,Smokestack Lightning,9,no,no,no,yes,no,,/Users/bobhopp/DJ MEDIA/VIDEO/1950's/Howlin Wolf - Smokestack Lightning.mp4
RVTR537424,Maria Muldaur,Midnight At The Oasis,9,no,yes,yes,yes,yes,,/Users/bobhopp/DJ MEDIA/VIDEO/1970's/Maria Muldaur - Midnight At The Oasis.mp4
RVTR629971,Robert Palmer,Bad Case Of Loving You,9,no,no,yes,yes,yes,,/Users/bobhopp/DJ MEDIA/VIDEO/1980's/Robert Palmer - Bad Case Of Loving You.mp4
RVTR862628,Alan Parsons Project,Don't Answer Me,9,no,yes,yes,yes,no,review,/Users/bobhopp/DJ MEDIA/VIDEO/1990's/Alan Parsons Project - Don't Answer Me.mp4
RVTR523749,Frankie Valli,Can't Take My Eyes Off You,9,no,no,yes,yes,yes,draft,/Users/bobhopp/DJ MEDIA/VIDEO/1960's/Frankie Valli - Can't Take My Eyes Off You.mp4
RVTR603561,Cher with Beavis & Butt-head,I Got You Babe,9,yes,no,no,yes,no,review,/Users/bobhopp/DJ MEDIA/VIDEO/1990's/Cher with Beavis & Butt-head - I Got You Babe.MP4
RVTR139295,Bob Marley,Three Little Birds,9,no,no,no,yes,no,,/Users/bobhopp/DJ MEDIA/VIDEO/1970's/Bob Marley & The Wailers - Three Little Birds.mp4
RVTR039326,The Flying Machine,Smile A Little Smile For Me,9,no,yes,yes,yes,yes,,/Users/bobhopp/DJ MEDIA/VIDEO/1960's/The Flying Machine - Smile A Little Smile For Me.mp4
RVTR581164,Stevie Ray Vaughan And Double Trouble,Superstition,9,no,no,no,yes,no,,/Users/bobhopp/DJ MEDIA/VIDEO/1980's/Stevie Ray Vaughan And Double Trouble - Superstition.mp4
RVTR461125,The Beatles,I Dig A Pony,8,no,no,no,yes,no,,/Users/bobhopp/DJ MEDIA/VIDEO/1980's/The Beatles - I Dig A Pony.mp4
RVTR178704,England Dan & John Ford Coley,I'd Really Love To See You Tonight,8,no,no,no,yes,no,,/Users/bobhopp/DJ MEDIA/VIDEO/1970's/England Dan & John Ford Coley - I'd Really Love To See You Tonight.mp4
RVTR860383,Cher,Half Breed,8,no,yes,yes,yes,no,,/Users/bobhopp/DJ MEDIA/VIDEO/1970's/Cher - Half Breed.mp4
RVTR567240,Cars,Shake It Up,8,no,yes,yes,yes,yes,,/Users/bobhopp/DJ MEDIA/VIDEO/1980's/Cars - Shake It Up.mp4
RVTR665372,Soho,Hippychick,8,no,yes,yes,yes,yes,,/Users/bobhopp/DJ MEDIA/VIDEO/1990's/Soho - Hippychick.mp4
RVTR891821,Rush,Tom Sawyer,8,no,yes,yes,yes,yes,,/Users/bobhopp/DJ MEDIA/VIDEO/1980's/Rush - Tom Sawyer.mp4
RVTR680245,Blondie,Dreaming,8,no,yes,yes,yes,yes,review,/Users/bobhopp/DJ MEDIA/VIDEO/1970's/Blondie - Dreaming.mp4
RVTR651019,Pink Floyd,Money,8,no,yes,yes,yes,yes,,/Users/bobhopp/DJ MEDIA/VIDEO/1970's/Pink Floyd - Money.mp4
RVTR629790,Nitty,Nasty Girl,8,no,no,yes,yes,yes,,/Users/bobhopp/DJ MEDIA/VIDEO/2000's/Nitty - Nasty Girl.mp4
RVTR367222,U2,Angel Of Harlem,8,no,yes,yes,yes,yes,,/Users/bobhopp/DJ MEDIA/VIDEO/1980's/U2 - Angel Of Harlem.mp4
RVTR699224,Pink Floyd,Mother,8,no,yes,no,yes,no,,/Users/bobhopp/DJ MEDIA/VIDEO/1980's/Pink Floyd - Mother.mp4
RVTR821014,Prince,Purple Rain,8,no,yes,no,yes,no,,/Users/bobhopp/DJ MEDIA/VIDEO/1980's/Prince - Purple Rain.mp4
RVTR410630,Spice Girls,Wannabe,8,no,yes,yes,yes,yes,,/Users/bobhopp/DJ MEDIA/VIDEO/1990's/Spice Girls - Wannabe.mp4
RVTR262295,Breeders,Cannonball,8,no,yes,yes,yes,no,,/Users/bobhopp/DJ MEDIA/VIDEO/1990's/Breeders - Cannonball.mp4
RVTR156968,Gap Band,Party Train,8,no,no,no,yes,no,,/Users/bobhopp/DJ MEDIA/VIDEO/1980's/Gap Band - Party Train.mp4
RVTR528354,Nazareth,Love Hurts,8,no,yes,yes,yes,yes,draft,/Users/bobhopp/DJ MEDIA/VIDEO/1970's/Nazareth - Love Hurts.mp4
RVTR320917,Smash Mouth,All Star,8,no,no,yes,yes,yes,,/Users/bobhopp/DJ MEDIA/VIDEO/1990's/Smash Mouth - All Star.mp4
RVTR721660,Up In Smoke,Low Rider,8,no,no,no,yes,no,draft,/Users/bobhopp/DJ MEDIA/VIDEO/1970's/Up In Smoke - Low Rider.mp4
RVTR588659,Better Than Ezra,Good,8,no,yes,yes,yes,yes,review,/Users/bobhopp/DJ MEDIA/VIDEO/1990's/Better Than Ezra - Good.mp4
RVTR398246,Cure,Just Like Heaven,8,no,yes,yes,yes,yes,,/Users/bobhopp/DJ MEDIA/VIDEO/1980's/Cure - Just Like Heaven.mp4
RVTR786964,Madonna,Material Girl,8,no,yes,yes,yes,yes,,/Users/bobhopp/DJ MEDIA/VIDEO/1980's/Madonna - Material Girl.mp4
RVTR593089,Prince,When Doves Cry,8,no,yes,yes,yes,yes,,/Users/bobhopp/DJ MEDIA/VIDEO/1980's/Prince - When Doves Cry.mp4
RVTR928239,Maxi Priest,That Girl,8,no,yes,yes,yes,yes,,/Users/bobhopp/DJ MEDIA/VIDEO/1990's/Maxi Priest - That Girl.mp4
RVTR131303,Janet Jackson,Escapade,8,no,yes,yes,yes,yes,,/Users/bobhopp/DJ MEDIA/VIDEO/1990's/Janet Jackson - Escapade.mp4
RVTR525618,Elton John,Tiny Dancer,8,no,yes,yes,yes,yes,,/Users/bobhopp/DJ MEDIA/VIDEO/1970's/Elton John - Tiny Dancer.mp4
RVTR554537,Alabama,Mountain Music,8,no,yes,no,yes,no,review,/Users/bobhopp/DJ MEDIA/VIDEO/1980's/Alabama - Mountain Music.mp4
RVTR135333,Don McLean,American Pie,8,no,no,yes,yes,yes,,/Users/bobhopp/DJ MEDIA/VIDEO/1970's/Don McLean - American Pie.mp4
RVTR193931,Badfinger,Day After Day,8,no,yes,yes,yes,yes,review,/Users/bobhopp/DJ MEDIA/VIDEO/1970's/Badfinger - Day After Day.mp4
RVTR494829,Sofi Tucker,Purple Hat,8,no,no,no,yes,no,,/Users/bobhopp/DJ MEDIA/VIDEO/2010's/Sofi Tucker - Purple Hat.mp4
RVTR616871,Billy Joel,Uptown Girl,8,no,yes,yes,yes,yes,review,/Users/bobhopp/DJ MEDIA/VIDEO/1980's/Billy Joel - Uptown Girl.mp4
RVTR461100,Black Street,No Diggity,8,no,no,no,yes,no,review,/Users/bobhopp/DJ MEDIA/VIDEO/1990's/Black Street - No Diggity.mp4
RVTR137744,Adam Ant,Goody Two Shoes,8,no,yes,yes,yes,yes,review,/Users/bobhopp/DJ MEDIA/VIDEO/1980's/Adam Ant - Goody Two Shoes.mp4
RVTR140412,38 Special,Hold On Loosely,8,no,yes,yes,yes,yes,review,/Users/bobhopp/DJ MEDIA/VIDEO/1980's/38 Special - Hold On Loosely.mp4
RVTR742661,The Kinks,Sunny Afternoon,8,no,yes,yes,yes,yes,,/Users/bobhopp/DJ MEDIA/VIDEO/1960's/The Kinks - Sunny Afternoon.mp4
RVTR554947,Pretenders,Brass In Pocket,8,no,no,yes,yes,yes,,/Users/bobhopp/DJ MEDIA/VIDEO/1980's/Pretenders - Brass In Pocket.mp4
RVTR404535,Lobo,I'd Love You To Want Me,8,no,no,yes,yes,yes,,/Users/bobhopp/DJ MEDIA/VIDEO/1970's/Lobo - I'd Love You To Want Me.mp4
RVTR543014,Bryan Adams,Everything I Do,8,no,no,no,yes,no,,/Users/bobhopp/DJ MEDIA/VIDEO/1990's/Bryan Adams - Everything I Do.mp4
RVTR638031,Green Day,Jesus Of Suburbia,8,no,yes,no,yes,no,,/Users/bobhopp/DJ MEDIA/VIDEO/2000's/Green Day - Jesus Of Suburbia.mp4
RVTR548101,The Beatles,A Day In The Life,8,yes,yes,no,yes,no,review,/Users/bobhopp/DJ MEDIA/VIDEO/1960's/The Beatles - A Day In The Life.mp4
RVTR480337,Don Henley,Johnny Can't Read,8,no,no,yes,yes,yes,,/Users/bobhopp/DJ MEDIA/VIDEO/1980's/Don Henley - Johnny Can't Read.mp4
RVTR615895,Jimmy Buffet,Margaritaville,8,no,no,no,yes,no,,/Users/bobhopp/DJ MEDIA/VIDEO/1990's/Jimmy Buffet - Margaritaville.mp4
RVTR167854,Joan Jett,Crimson And Clover,8,no,no,yes,yes,yes,,/Users/bobhopp/DJ MEDIA/VIDEO/1980's/Joan Jett - Crimson And Clover.mp4
RVTR709702,Billy Idol,White Wedding Pt 1,8,no,no,no,yes,no,review,/Users/bobhopp/DJ MEDIA/VIDEO/1980's/Billy Idol - White Wedding Pt 1.mp4
RVTR209687,Alice In Chains,Down in a Hole,8,yes,no,no,yes,no,review,/Users/bobhopp/DJ MEDIA/VIDEO/1990's/Alice In Chains - Down in a Hole.mp4
RVTR922953,Motley Crue,Girls Girls Girls,8,no,yes,yes,yes,no,,/Users/bobhopp/DJ MEDIA/VIDEO/1980's/Motley Crue - Girls Girls Girls.mp4
RVTR659508,R.B. Greaves,Take A Letter Maria,8,no,no,yes,yes,yes,,/Users/bobhopp/DJ MEDIA/VIDEO/1960's/R.B. Greaves - Take A Letter Maria.mp4
RVTR403198,The Troggs,With A Girl Like You,8,no,no,yes,yes,yes,,/Users/bobhopp/DJ MEDIA/VIDEO/1960's/The Troggs - With A Girl Like You.mp4
RVTR596167,Sugarhill Gang,Rappers Delight,8,no,no,no,yes,no,,/Users/bobhopp/DJ MEDIA/VIDEO/1980's/Sugarhill Gang - Rappers Delight.mp4
RVTR417030,Phil Collins,In The Air Tonight,8,no,yes,yes,yes,yes,,/Users/bobhopp/DJ MEDIA/VIDEO/1980's/Phil Collins - In The Air Tonight.mp4
RVTR414878,Quiet Riot,Cum On Feel The Noize,8,no,yes,yes,yes,yes,,/Users/bobhopp/DJ MEDIA/VIDEO/1980's/Quiet Riot - Cum On Feel The Noize.mp4
RVTR240096,Dead Eye Dick,New Age Girl,8,no,no,no,yes,no,,/Users/bobhopp/DJ MEDIA/VIDEO/1990's/Dead Eye Dick - New Age Girl.mp4
RVTR673714,Paper Lace,The Night Chicago Died,8,no,no,yes,yes,yes,,/Users/bobhopp/DJ MEDIA/VIDEO/1970's/Paper Lace - The Night Chicago Died.mp4
RVTR999173,Manfred Mann,Blinded by the Light,8,no,yes,no,yes,no,,/Users/bobhopp/DJ MEDIA/VIDEO/1970's/Manfred Mann - Blinded by the Light.mp4
RVTR227473,Led Zeppelin,Hey Hey What Can I Do,8,no,no,no,yes,no,,/Users/bobhopp/DJ MEDIA/VIDEO/1970's/Led Zeppelin - Hey Hey What Can I Do.mp4
RVTR402112,Elton John,Mama Can't Buy You Love,8,no,yes,yes,yes,yes,,/Users/bobhopp/DJ MEDIA/VIDEO/1970's/Elton John - Mama Can't Buy You Love.mp4
RVTR692169,Wild Cherry,Play That Funky Music,8,no,yes,yes,yes,yes,,/Users/bobhopp/DJ MEDIA/VIDEO/1980's/Wild Cherry - Play That Funky Music.mp4
RVTR261890,The Temptations,Ball Of Confusion,8,no,no,yes,yes,yes,,/Users/bobhopp/DJ MEDIA/VIDEO/1970's/The Temptations - Ball Of Confusion.mp4
RVTR262131,April Wine,Just Between You and Me,8,no,yes,yes,yes,yes,review,/Users/bobhopp/DJ MEDIA/VIDEO/1980's/April Wine - Just Between You and Me.mp4
RVTR231094,Partridge Family,I Think I Love You,8,no,no,no,yes,no,,/Users/bobhopp/DJ MEDIA/VIDEO/1970's/Partridge Family - I Think I Love You.mp4
RVTR788084,Red Hot Chili Peppers,Higher Ground,8,no,yes,no,yes,no,,/Users/bobhopp/DJ MEDIA/VIDEO/1980's/Red Hot Chili Peppers - Higher Ground.mp4
RVTR020223,Alanis Morissette,Hand In My Pocket,8,no,no,no,yes,no,review,/Users/bobhopp/DJ MEDIA/VIDEO/1990's/Alanis Morissette - Hand In My Pocket.mp4
RVTR182429,Green Day,Boulevard Of Broken Dreams,8,no,no,yes,yes,yes,,/Users/bobhopp/DJ MEDIA/VIDEO/2000's/Green Day - Boulevard Of Broken Dreams.mp4
RVTR247739,Bellamy Brothers,Let Your Love Flow,8,no,yes,no,yes,no,review,/Users/bobhopp/DJ MEDIA/VIDEO/1970's/Bellamy Brothers - Let Your Love Flow.mp4
RVTR906506,Tony Orlando & Dawn,Knock Three Times,8,no,no,no,yes,no,,/Users/bobhopp/DJ MEDIA/VIDEO/1970's/Tony Orlando & Dawn - Knock Three Times.mp4
RVTR435080,Molly Hatchet,Flirtin' With Disaster,8,no,yes,yes,yes,yes,,/Users/bobhopp/DJ MEDIA/VIDEO/1970's/Molly Hatchet - Flirtin' With Disaster.mp4
RVTR199982,Foreigner,I Want To Know What Love Is,8,no,yes,yes,yes,yes,,/Users/bobhopp/DJ MEDIA/VIDEO/1980's/Foreigner - I Want To Know What Love Is.mp4
RVTR502222,Wang Chung,Everybody Have Fun Tonight,8,no,yes,yes,yes,yes,,/Users/bobhopp/DJ MEDIA/VIDEO/1980's/Wang Chung - Everybody Have Fun Tonight.mp4
RVTR605004,Herb Alpert,This Guy's In Love With You,8,no,no,yes,yes,yes,,/Users/bobhopp/DJ MEDIA/VIDEO/1960's/Herb Alpert - This Guy's In Love With You.mp4
RVTR515858,Londonbeat,I've Been Thinking About You,8,no,no,yes,yes,yes,,/Users/bobhopp/DJ MEDIA/VIDEO/1990's/Londonbeat - I've Been Thinking About You.mp4
RVTR361721,Information Society,What's On Your Mind,8,no,yes,yes,yes,yes,,/Users/bobhopp/DJ MEDIA/VIDEO/1980's/Information Society - What's On Your Mind.mp4
RVTR325733,KT Tunstall,Black Horse & The Cherry Tree,8,no,no,yes,yes,yes,,/Users/bobhopp/DJ MEDIA/VIDEO/2000's/KT Tunstall - Black Horse & The Cherry Tree.mp4
RVTR265952,Green Day,Boulevard Of Broken Dreams Live,8,no,no,no,yes,no,,/Users/bobhopp/DJ MEDIA/VIDEO/2000's/Green Day - Boulevard Of Broken Dreams Live.mp4
RVTR549383,Billy Ocean,Get Outta My Dreams Get Into My Car,8,no,yes,yes,yes,no,review,/Users/bobhopp/DJ MEDIA/VIDEO/1980's/Billy Ocean - Get Outta My Dreams Get Into My Car.mp4
RVTR464905,Presidents Of The United States Of America,Lump,8,no,no,no,yes,no,,/Users/bobhopp/DJ MEDIA/VIDEO/1990's/Presidents Of The United States Of America - Lump.mp4
RVTR677095,George Thorogood And Destroyers,Who Do You Love,8,no,no,no,yes,no,,/Users/bobhopp/DJ MEDIA/VIDEO/1980's/George Thorogood And Destroyers - Who Do You Love.mp4
RVTR707039,Kenny Rogers And Dolly Parton,Islands In The Stream,8,no,no,no,yes,no,,/Users/bobhopp/DJ MEDIA/VIDEO/1980's/Kenny Rogers And Dolly Parton - Islands In The Stream.mp4
RVTR166865,Ozark Mountain Daredevils,If You Wanna Get To Heaven,8,no,yes,yes,yes,yes,,/Users/bobhopp/DJ MEDIA/VIDEO/1970's/Ozark Mountain Daredevils - If You Wanna Get To Heaven.mp4
RVTR078147,Creedence Clearwater Revival,Have You Ever Seen The Rain,7,no,no,yes,yes,yes,,/Users/bobhopp/DJ MEDIA/VIDEO/1970's/Creedence Clearwater Revival - Have You Ever Seen The Rain.mp4
RVTR863917,Cars,Magic,7,no,yes,yes,yes,no,,/Users/bobhopp/DJ MEDIA/VIDEO/1980's/Cars - Magic.mp4
RVTR490406,ZZ Top,Legs,7,no,yes,yes,yes,yes,,/Users/bobhopp/DJ MEDIA/VIDEO/1980's/ZZ Top - Legs.mp4
RVTR845436,Cher,Believe,7,no,yes,yes,yes,yes,,/Users/bobhopp/DJ MEDIA/VIDEO/1990's/Cher - Believe.mp4
RVTR733177,Goose,Arcadia,7,no,no,no,yes,no,,/Users/bobhopp/DJ MEDIA/VIDEO/2020's/Goose - Arcadia.mp4
RVTR016328,ABBA,Mamma Mia,7,no,yes,yes,yes,yes,draft,/Users/bobhopp/DJ MEDIA/VIDEO/1970's/ABBA - Mamma Mia.mp4
RVTR148724,Tommy Roe,Dizzy,7,no,yes,yes,yes,yes,,/Users/bobhopp/DJ MEDIA/VIDEO/1960's/Tommy Roe - Dizzy.mp4
RVTR337279,John Stewart,Gold,7,no,no,yes,yes,yes,,/Users/bobhopp/DJ MEDIA/VIDEO/1970's/John Stewart - Gold.mp4
RVTR780584,Neil Young,Old Man,7,no,yes,yes,yes,yes,,/Users/bobhopp/DJ MEDIA/VIDEO/1970's/Neil Young - Old Man.mp4
RVTR484352,Blind Melon,Galaxie,7,no,no,no,yes,no,review,/Users/bobhopp/DJ MEDIA/VIDEO/1990's/Blind Melon - Galaxie.mp4
RVTR580858,Journey,Faithfully,7,no,yes,yes,yes,yes,,/Users/bobhopp/DJ MEDIA/VIDEO/1980's/Journey - Faithfully.mp4
RVTR559474,Led Zepplin,Kashmir,7,no,no,no,yes,no,,/Users/bobhopp/DJ MEDIA/VIDEO/1970's/Led Zepplin - Kashmir.mp4
RVTR708710,Fleetwood Mac,Gypsy,7,no,no,yes,yes,yes,,/Users/bobhopp/DJ MEDIA/VIDEO/1980's/Fleetwood Mac - Gypsy.mp4
RVTR391281,Triumph,Magic Power,7,no,yes,yes,yes,yes,,/Users/bobhopp/DJ MEDIA/VIDEO/1980's/Triumph - Magic Power.mp4
RVTR448161,Grease,Summer Nights,7,no,no,no,yes,no,,/Users/bobhopp/DJ MEDIA/VIDEO/1970's/Grease - Summer Nights.mp4
RVTR475335,Joan Jett,Cherry bomb,7,no,no,no,yes,no,,/Users/bobhopp/DJ MEDIA/VIDEO/1980's/Joan Jett - Cherry bomb.mp4
RVTR232433,Stereo MC's,Connected,7,no,yes,yes,yes,yes,,/Users/bobhopp/DJ MEDIA/VIDEO/1990's/Stereo MC's - Connected.mp4
RVTR462471,10cc,Dreadlock Holiday,7,yes,yes,yes,yes,yes,review,/Users/bobhopp/DJ MEDIA/VIDEO/1970's/10cc - Dreadlock Holiday.mp4
RVTR977215,Giorgio Moroder,Chase,7,no,no,yes,yes,yes,,/Users/bobhopp/DJ MEDIA/VIDEO/1970's/Giorgio Moroder - Chase.mp4
RVTR487222,Meredith Brooks,Bitch,7,no,no,yes,yes,yes,,/Users/bobhopp/DJ MEDIA/VIDEO/1990's/Meredith Brooks - Bitch.mp4
RVTR637113,Daryl Hall & John Oates,Maneater,7,no,no,no,yes,no,,/Users/bobhopp/DJ MEDIA/VIDEO/1980's/Hall And Oates - Maneater.mp4
RVTR809921,Steve Perry,Oh Sherrie,7,no,yes,no,yes,no,,/Users/bobhopp/DJ MEDIA/VIDEO/1980's/Steve Perry - Oh Sherrie.mp4
RVTR145043,Van Morrison,Moondance,7,no,yes,yes,yes,yes,,/Users/bobhopp/DJ MEDIA/VIDEO/1970's/Van Morrison - Moondance.mp4
RVTR893728,Duane Eddy,Rebel Rouser,7,no,no,no,yes,no,,/Users/bobhopp/DJ MEDIA/VIDEO/1950's/Duane Eddy - Rebel Rouser.mp4
RVTR656352,Blues Brothers,Soul Man,7,no,yes,yes,yes,yes,review,/Users/bobhopp/DJ MEDIA/VIDEO/1980's/Blues Brothers - Soul Man.mp4
RVTR538261,Extreme,More Than Words,7,no,yes,yes,yes,yes,,/Users/bobhopp/DJ MEDIA/VIDEO/1990's/Extreme - More Than Words.mp4
RVTR763508,3 Doors Down,Kryptonite,7,no,yes,yes,yes,yes,review,/Users/bobhopp/DJ MEDIA/VIDEO/2000's/3 Doors Down - Kryptonite.mp4
RVTR150605,Pink Floyd,Run Like Hell,7,no,no,yes,yes,yes,,/Users/bobhopp/DJ MEDIA/VIDEO/1980's/Pink Floyd - Run Like Hell.mp4
RVTR965909,Them,Baby Please Don t Go,7,no,no,no,yes,no,,/Users/bobhopp/DJ MEDIA/VIDEO/1960's/Them - Baby Please Don t Go.mp4
RVTR411604,Elvis Costello,Veronica,7,no,yes,yes,yes,yes,,/Users/bobhopp/DJ MEDIA/VIDEO/1980's/Elvis Costello - Veronica.mp4
RVTR622710,Kenny Rogers,The Gambler,7,yes,no,yes,yes,yes,review,/Users/bobhopp/DJ MEDIA/VIDEO/1970's/Kenny Rogers - The Gambler.mp4
RVTR043593,House Of Pain,Jump Around,7,yes,yes,yes,yes,yes,review,/Users/bobhopp/DJ MEDIA/VIDEO/1990's/House Of Pain - Jump Around.mp4
RVTR870600,The Clash,I Fought the Law,7,no,no,no,yes,no,,/Users/bobhopp/DJ MEDIA/VIDEO/1970's/The Clash - I Fought the Law.mp4
RVTR888414,The McCoys,Hang On Sloopy,7,yes,yes,yes,yes,yes,cards_ready,/Users/bobhopp/DJ MEDIA/VIDEO/1960's/The McCoys - Hang On Sloopy.mp4
RVTR441661,Al Stewart,Year Of The Cat,7,no,yes,yes,yes,yes,review,/Users/bobhopp/DJ MEDIA/VIDEO/1970's/Al Stewart - Year Of The Cat.mp4
RVTR417176,Gorillaz,Momentary Bliss,7,no,no,no,yes,no,,/Users/bobhopp/DJ MEDIA/VIDEO/2020's/Gorillaz - Momentary Bliss.mp4
RVTR293775,Lil' Troy,Wanna Be A Baller,7,no,no,yes,yes,yes,,/Users/bobhopp/DJ MEDIA/VIDEO/1990's/Lil' Troy - Wanna Be A Baller.mp4
RVTR735338,Stray Cats,Rock This Town,7,no,yes,yes,yes,yes,,/Users/bobhopp/DJ MEDIA/VIDEO/1980's/Stray Cats - Rock This Town.mp4
RVTR525821,Bob Marley,Buffalo Soldier,7,no,no,no,yes,no,,/Users/bobhopp/DJ MEDIA/VIDEO/1980's/Bob Marley - Buffalo Soldier.mp4
RVTR573791,Michael Jackson,Billie Jean,7,no,yes,yes,yes,yes,,/Users/bobhopp/DJ MEDIA/VIDEO/1980's/Michael Jackson - Billie Jean.mp4
RVTR418687,Beastie Boys,Intergalactic,7,no,yes,yes,yes,yes,review,/Users/bobhopp/DJ MEDIA/VIDEO/1990's/Beastie Boys - Intergalactic.mp4
RVTR481270,Donovan,Season Of The Witch,7,no,yes,no,yes,no,,/Users/bobhopp/DJ MEDIA/VIDEO/1960's/Donovan - Season Of The Witch.mp4
RVTR919708,The Turtles,Happy Together,7,yes,yes,yes,yes,yes,review,/Users/bobhopp/DJ MEDIA/VIDEO/1960's/The Turtles - Happy Together.mp4
RVTR421396,Jimmy Ray,Are You Jimmy Ray,7,no,yes,yes,yes,yes,,/Users/bobhopp/DJ MEDIA/VIDEO/1990's/Jimmy Ray - Are You Jimmy Ray.mp4
RVTR189525,Boy George,Everything I Own,7,no,yes,no,yes,no,,/Users/bobhopp/DJ MEDIA/VIDEO/1980's/Boy George - Everything I Own.mp4
RVTR787721,Twisted Sister,I Wanna Rock,7,no,yes,yes,yes,yes,,/Users/bobhopp/DJ MEDIA/VIDEO/1980's/Twisted Sister - I Wanna Rock.mp4
RVTR843627,Mountain,Mississippi Queen,7,no,yes,yes,yes,yes,,/Users/bobhopp/DJ MEDIA/VIDEO/1970's/Mountain - Mississippi Queen.mp4
RVTR763861,Edwyn Collins,A Girl Like You,7,no,no,yes,yes,yes,,/Users/bobhopp/DJ MEDIA/VIDEO/1990's/Edwyn Collins - A Girl Like You.mp4
RVTR268307,Puff Daddy,I'll Be Missing You,7,no,no,yes,yes,yes,,/Users/bobhopp/DJ MEDIA/VIDEO/1990's/Puff Daddy - I'll Be Missing You.mp4
RVTR716114,Glen Campbell,Southern Nights,7,no,yes,yes,yes,yes,,/Users/bobhopp/DJ MEDIA/VIDEO/1970's/Glen Campbell - Southern Nights.mp4
RVTR521904,Lemon Pipers,Green Tambourine,7,no,yes,yes,yes,no,,/Users/bobhopp/DJ MEDIA/VIDEO/1960's/Lemon Pipers - Green Tambourine.mp4
RVTR374032,The Hombres,Let It All Hang Out,7,yes,yes,no,yes,no,review,/Users/bobhopp/DJ MEDIA/VIDEO/1960's/The Hombres - Let It All Hang Out.mp4
RVTR797472,Roger Hodgson,The Logical Song,7,no,no,no,yes,no,,/Users/bobhopp/DJ MEDIA/VIDEO/1970's/Roger Hodgson - The Logical Song.mp4
RVTR368720,Billy Idol,Dancing With Myself,7,no,yes,no,yes,no,review,/Users/bobhopp/DJ MEDIA/VIDEO/1980's/Billy Idol - Dancing With Myself.mp4
RVTR138514,Harry Chapin,Cats in the Cradle,7,no,no,no,yes,no,,/Users/bobhopp/DJ MEDIA/VIDEO/1970's/Harry Chapin - Cats in the Cradle.mp4
RVTR349500,Los Lonely Boys,More Than Love,7,no,yes,no,yes,no,,/Users/bobhopp/DJ MEDIA/VIDEO/2000's/Los Lonely Boys - More Than Love.mp4
RVTR881664,Eric Clapton,Wonderful Tonight,7,no,yes,yes,yes,yes,,/Users/bobhopp/DJ MEDIA/VIDEO/1970's/Eric Clapton - Wonderful Tonight.mp4
RVTR309708,George Thorogood,Bad To The Bone,7,no,no,no,yes,no,,/Users/bobhopp/DJ MEDIA/VIDEO/1980's/George Thorogood - Bad To The Bone.mp4
RVTR896402,Paramore,Burning Down the House,7,no,no,no,yes,no,,/Users/bobhopp/DJ MEDIA/VIDEO/2020's/Paramore - Burning Down the House.mp4
RVTR079508,Jimmy Cliff,I Can See Clearly Now,7,no,no,yes,yes,yes,,/Users/bobhopp/DJ MEDIA/VIDEO/1990's/Jimmy Cliff - I Can See Clearly Now.mp4
RVTR034912,Duran Duran,Hungry Like The Wolf,7,no,yes,yes,yes,yes,,/Users/bobhopp/DJ MEDIA/VIDEO/1980's/Duran Duran - Hungry Like The Wolf.mp4
RVTR500906,Linda Ronstadt,Tracks Of My Tears,7,no,yes,yes,yes,yes,draft,/Users/bobhopp/DJ MEDIA/VIDEO/1970's/Linda Ronstadt - Tracks Of My Tears.mp4
RVTR878885,Juice Newton,Angel Of The Morning,7,no,yes,yes,yes,yes,,/Users/bobhopp/DJ MEDIA/VIDEO/1980's/Juice Newton - Angel Of The Morning.mp4
RVTR860741,Elvis Presley,Peace In The Valley,7,no,yes,no,yes,no,,/Users/bobhopp/DJ MEDIA/VIDEO/1950's/Elvis Presley - Peace In The Valley.mp4
RVTR564575,Transvision Vamp,Baby I Dont Care,7,no,no,no,yes,no,,/Users/bobhopp/DJ MEDIA/VIDEO/1980's/Transvision Vamp - Baby I Dont Care.mp4
RVTR516592,Violent Femmes,Blister In The Sun,7,no,no,no,yes,no,,/Users/bobhopp/DJ MEDIA/VIDEO/1980's/Violent Femmes - Blister In The Sun.mp4
RVTR643375,Bobby Fuller Four,I Fought The Law,7,no,no,yes,yes,yes,,/Users/bobhopp/DJ MEDIA/VIDEO/1960's/Bobby Fuller Four - I Fought The Law.mp4
RVTR237887,Kool & The Gang,Hollywood Swinging,7,no,no,no,yes,no,,/Users/bobhopp/DJ MEDIA/VIDEO/1970's/Kool & The Gang - Hollywood Swinging.mp4
RVTR400388,Alanis Morissette,You Oughta Know,7,no,no,no,yes,no,review,/Users/bobhopp/DJ MEDIA/VIDEO/1990's/Alanis Morissette - You Oughta Know.mp4
RVTR724585,The Tokens,The Lion Sleeps Tonight,7,no,no,yes,yes,yes,,/Users/bobhopp/DJ MEDIA/VIDEO/1960's/The Tokens - The Lion Sleeps Tonight.mp4
RVTR594135,P.M. Dawn,Set Adrift On Memory Bliss,7,no,no,yes,yes,yes,,/Users/bobhopp/DJ MEDIA/VIDEO/1990's/P.M. Dawn - Set Adrift On Memory Bliss.mp4
RVTR957086,John Cougar Mellencamp,Jack And Diane,7,no,no,no,yes,no,,/Users/bobhopp/DJ MEDIA/VIDEO/1980's/John Cougar Mellencamp - Jack And Diane.mp4
RVTR390635,Talking Heads,Burning Down The House,7,no,yes,yes,yes,yes,,/Users/bobhopp/DJ MEDIA/VIDEO/1980's/Talking Heads - Burning Down The House.mp4
RVTR694396,Annie Lennox,Walking on Broken Glass,7,yes,yes,yes,yes,yes,review,/Users/bobhopp/DJ MEDIA/VIDEO/1990's/Annie Lennox - Walking on Broken Glass.mp4
RVTR455091,Beats International,Dub Be Good To Me,7,no,yes,yes,yes,yes,review,/Users/bobhopp/DJ MEDIA/VIDEO/1990's/Beats International - Dub Be Good To Me.mp4
RVTR262763,John Cougar Mellencamp,Hurts So Good,7,no,no,no,yes,no,,/Users/bobhopp/DJ MEDIA/VIDEO/1980's/John Cougar Mellencamp - Hurts So Good.mp4
RVTR392694,David Bowie,The Man Who Sold The World,7,no,yes,no,yes,no,,/Users/bobhopp/DJ MEDIA/VIDEO/1970's/David Bowie - The Man Who Sold The World.mp4
RVTR956614,Bee Gees,How Can You Mend a Broken Heart,7,no,yes,yes,yes,yes,review,/Users/bobhopp/DJ MEDIA/VIDEO/1970's/Bee Gees - How Can You Mend a Broken Heart.mp4
RVTR182309,Jim Croce,You Don't Mess Around With Jim,7,no,no,yes,yes,yes,,/Users/bobhopp/DJ MEDIA/VIDEO/1970's/Jim Croce - You Don't Mess Around With Jim.mp4
RVTR654476,D.J. Jazzy Jeff & The Fresh Prince,Summertime,7,no,no,no,yes,no,,/Users/bobhopp/DJ MEDIA/VIDEO/1990's/D.J. Jazzy Jeff & The Fresh Prince - Summertime.mp4
RVTR785306,Delbert McClinton,I've Got Dreams To Remember,7,no,no,no,yes,no,,/Users/bobhopp/DJ MEDIA/VIDEO/1980's/Delbert McClinton - I've Got Dreams To Remember.mp4
RVTR534074,Red Hot Chili Peppers,The Adventures Of Rain Dance Maggie,6,no,yes,yes,yes,yes,,/Users/bobhopp/DJ MEDIA/VIDEO/2010's/Red Hot Chili Peppers - The Adventures Of Rain Dance Maggie.mp4
RVTR904646,Johnny Rivers,Rockin Pneumonia And The Boogie Woogie Flu,6,no,no,no,yes,no,,/Users/bobhopp/DJ MEDIA/VIDEO/1970's/Johnny Rivers - Rockin Pneumonia And The Boogie Woogie Flu.mp4
RVTR281384,Blind Melon,No Rain,6,no,yes,yes,yes,yes,review,/Users/bobhopp/DJ MEDIA/VIDEO/1990's/No Rain.mp4
RVTR196738,The Kinks,Lola,6,no,yes,yes,yes,yes,,/Users/bobhopp/DJ MEDIA/VIDEO/1970's/Kinks - Lola.mp4
RVTR299358,Shaggy,Angel,6,no,yes,yes,yes,yes,,/Users/bobhopp/DJ MEDIA/VIDEO/2000's/Shaggy - Angel.mp4
RVTR181380,Avicii,Levels,6,no,no,yes,yes,yes,review,/Users/bobhopp/DJ MEDIA/VIDEO/2010's/Avicii - Levels.mp4
RVTR151072,Fergie,Clumsy,6,no,yes,yes,yes,yes,,/Users/bobhopp/DJ MEDIA/VIDEO/2000's/Fergie - Clumsy.mp4
RVTR766644,Janet Jackson,If,6,no,yes,yes,yes,yes,,/Users/bobhopp/DJ MEDIA/VIDEO/1990's/Janet Jackson - If.mp4
RVTR206312,Knack,My Sharona,6,no,yes,yes,yes,no,,/Users/bobhopp/DJ MEDIA/VIDEO/1970's/Knack - My Sharona.mp4
RVTR412783,Joe Walsh,Funk 49,6,no,no,no,yes,no,,/Users/bobhopp/DJ MEDIA/VIDEO/1970's/Joe Walsh - Funk 49.mp4
RVTR480588,Tommy Roe,Sheila,6,no,yes,yes,yes,yes,,/Users/bobhopp/DJ MEDIA/VIDEO/1960's/Tommy Roe - Sheila.mp4
RVTR818704,Sneakout,Play It,6,no,no,no,yes,no,,/Users/bobhopp/DJ MEDIA/VIDEO/2010's/Sneakout - Play It.mp4
RVTR231802,Seven Mary Three,Cumbersome,6,no,yes,yes,yes,yes,,/Users/bobhopp/DJ MEDIA/VIDEO/1990's/Seven Mary Three - Cumbersome.mp4
RVTR484941,Genesis,That's All,6,no,no,yes,yes,yes,,/Users/bobhopp/DJ MEDIA/VIDEO/1980's/Genesis - That's All.mp4
RVTR386276,Quail,What You Got,6,no,no,no,yes,no,,/Users/bobhopp/DJ MEDIA/VIDEO/1990's/Quail - What You Got.mp4
RVTR502644,Cardigans,Lovefool,6,no,no,no,yes,no,,/Users/bobhopp/DJ MEDIA/VIDEO/1990's/Cardigans - Lovefool.mp4
RVTR460316,Weezer,Buddy Holly,6,no,no,no,yes,no,,/Users/bobhopp/DJ MEDIA/VIDEO/2000's/Weezer - Buddy Holly.mp4
RVTR064589,Lorde,The Love Club,6,no,yes,no,yes,no,,/Users/bobhopp/DJ MEDIA/VIDEO/2010's/Lorde - The Love Club.mp4
RVTR838170,Cranberries,Zombie,6,no,yes,no,yes,no,,/Users/bobhopp/DJ MEDIA/VIDEO/1990's/Cranberries - Zombie.mp4
RVTR324372,David Essex,Rock On,6,no,yes,yes,yes,yes,draft,/Users/bobhopp/DJ MEDIA/VIDEO/1970's/David Essex - Rock On.mp4
RVTR757840,Her Strut,Bob Seger,6,no,no,no,yes,no,,/Users/bobhopp/DJ MEDIA/VIDEO/1980's/Her Strut - Bob Seger.mp4
RVTR652814,Flo Rida & T Pain,Low,6,no,no,no,yes,no,,/Users/bobhopp/DJ MEDIA/VIDEO/2000's/Flo Rida & T Pain - Low.mp4
RVTR471843,Amy Winehouse,Rehab,6,no,yes,yes,yes,yes,review,/Users/bobhopp/DJ MEDIA/VIDEO/2000's/Amy Winehouse - Rehab.mp4
RVTR794515,Bee Gees,Night Fever,6,no,no,yes,yes,yes,review,/Users/bobhopp/DJ MEDIA/VIDEO/1970's/Bee Gees - Night Fever.mp4
RVTR555532,Nickelback,Rockstar,6,no,yes,yes,yes,yes,,/Users/bobhopp/DJ MEDIA/VIDEO/2000's/Nickelback - Rockstar.mp4
RVTR756413,George Michael,Faith,6,no,yes,yes,yes,yes,,/Users/bobhopp/DJ MEDIA/VIDEO/1980's/George Michael - Faith.mp4
RVTR033347,Fiona Apple,Criminal,6,no,yes,yes,yes,yes,,/Users/bobhopp/DJ MEDIA/VIDEO/1990's/Fiona Apple - Criminal.mp4
RVTR687986,The Clash,London Calling,6,no,no,no,yes,no,,/Users/bobhopp/DJ MEDIA/VIDEO/1980's/Clash - London Calling.mp4
RVTR153879,New Order,True Faith,6,no,no,yes,yes,yes,,/Users/bobhopp/DJ MEDIA/VIDEO/1990's/New Order - True Faith.mp4
RVTR771768,Ratt,Round And Round,6,no,yes,yes,yes,yes,,/Users/bobhopp/DJ MEDIA/VIDEO/1980's/Ratt - Round And Round.mp4
RVTR879182,Pat Benatar,We Belong,6,no,yes,yes,yes,yes,,/Users/bobhopp/DJ MEDIA/VIDEO/1980's/Pat Benatar - We Belong.mp4
RVTR046019,Dobie Gray,Drift Away,6,no,yes,yes,yes,yes,,/Users/bobhopp/DJ MEDIA/VIDEO/1970's/Dobie Gray - Drift Away.mp4
RVTR924441,Run DMC,Walk This Way,6,no,no,no,yes,no,,/Users/bobhopp/DJ MEDIA/VIDEO/1980's/Run DMC - Walk This Way.mp4
RVTR227281,Primus,My Name Is Mud,6,no,no,no,yes,no,,/Users/bobhopp/DJ MEDIA/VIDEO/1990's/Primus - My Name Is Mud.mp4
RVTR999608,Steely Dan,Do It Again,6,no,yes,yes,yes,yes,,/Users/bobhopp/DJ MEDIA/VIDEO/1970's/Steely Dan - Do It Again.mp4
RVTR909971,BW Stevenson,My Maria,6,no,no,no,yes,no,,/Users/bobhopp/DJ MEDIA/VIDEO/1970's/BW Stevenson - My Maria.mp4
RVTR913960,INXS,Need You Tonight,6,no,yes,yes,yes,yes,,/Users/bobhopp/DJ MEDIA/VIDEO/1980's/INXS - Need You Tonight.mp4
RVTR731814,Black Sabbath,Paranoid,6,no,yes,yes,yes,yes,review,/Users/bobhopp/DJ MEDIA/VIDEO/1980's/Black Sabbath - Paranoid.mp4
RVTR746528,Bread,Everything I Own,6,no,yes,yes,yes,yes,,/Users/bobhopp/DJ MEDIA/VIDEO/1970's/Bread - Everything I Own.mp4
RVTR848706,Bob Seger,Turn The Page,6,no,no,no,yes,no,,/Users/bobhopp/DJ MEDIA/VIDEO/1970's/Bob Seger - Turn The Page.mp4
RVTR008554,Ramones,Blitzkrieg Bop,6,no,no,no,yes,no,,/Users/bobhopp/DJ MEDIA/VIDEO/1970's/Ramones - Blitzkrieg Bop.mp4
RVTR344276,Gwen Stefani,Wind It Up,6,no,yes,yes,yes,yes,,/Users/bobhopp/DJ MEDIA/VIDEO/2000's/Gwen Stefani - Wind It Up.mp4
RVTR590099,Sticky Fingers,Cyclone,6,no,no,no,yes,no,,/Users/bobhopp/DJ MEDIA/VIDEO/2020's/Sticky Fingers - Cyclone.mp4
RVTR563914,Blondie,The Tide Is High,6,no,yes,yes,yes,yes,review,/Users/bobhopp/DJ MEDIA/VIDEO/1980's/Blondie - The Tide Is High.mp4
RVTR489612,Chaka Khan,I Feel For You,6,no,yes,yes,yes,yes,,/Users/bobhopp/DJ MEDIA/VIDEO/1980's/Chaka Khan - I Feel For You.mp4
RVTR677874,Chris Montez,Let's Dance,6,no,no,yes,yes,yes,,/Users/bobhopp/DJ MEDIA/VIDEO/1960's/Chris Montez - Let's Dance.mp4
RVTR303172,Janis Joplin,Bobby McGee,6,no,no,no,yes,no,,/Users/bobhopp/DJ MEDIA/VIDEO/1970's/Janis Joplin - Bobby McGee.mp4
RVTR620363,Haircut 100,Love Plus One,6,no,no,no,yes,no,,/Users/bobhopp/DJ MEDIA/VIDEO/1980's/Haircut 100 - Love Plus One.mp4
RVTR230092,Glenn Frey,The Heat Is On,6,no,yes,yes,yes,yes,,/Users/bobhopp/DJ MEDIA/VIDEO/1980's/Glenn Frey - The Heat Is On.mp4
RVTR051713,Ween,Buenos Tardes Amigo,6,no,no,no,yes,no,,/Users/bobhopp/DJ MEDIA/VIDEO/1990's/Ween - Buenos Tardes Amigo.mp4
RVTR096347,Van Halen,Hot For Teacher,6,no,yes,yes,yes,yes,,/Users/bobhopp/DJ MEDIA/VIDEO/1980's/Van Halen - Hot For Teacher.mp4
RVTR092283,Mazzy Star,Fade Into You,6,no,yes,yes,yes,yes,,/Users/bobhopp/DJ MEDIA/VIDEO/1990's/Mazzy Star - Fade Into You.mp4
RVTR135548,Kenny Loggins,I'm Alright,6,no,no,yes,yes,yes,,/Users/bobhopp/DJ MEDIA/VIDEO/1980's/Kenny Loggins - I'm Alright.mp4
RVTR765818,Teddy Swims,Lose Control,6,yes,no,yes,yes,yes,published,/Users/bobhopp/DJ MEDIA/VIDEO/2020's/Teddy Swims - Lose Control.mp4
RVTR491925,Wang Chung,Dance Hall Days,6,no,no,yes,yes,yes,,/Users/bobhopp/DJ MEDIA/VIDEO/1980's/Wang Chung - Dance Hall Days.mp4
RVTR253995,The Cars,Since You're Gone,6,no,yes,yes,yes,yes,,/Users/bobhopp/DJ MEDIA/VIDEO/1980's/The Cars - Since You're Gone.mp4
RVTR259492,Peter Schilling,Major Tom,6,no,yes,yes,yes,yes,,/Users/bobhopp/DJ MEDIA/VIDEO/1980's/Peter Schilling - Major Tom.mp4
RVTR661548,Wallflowers,One Headlight,6,no,no,no,yes,no,,/Users/bobhopp/DJ MEDIA/VIDEO/1990's/Wallflowers - One Headlight.mp4
RVTR212827,Kool & The Gang,Celebration,6,no,no,no,yes,no,,/Users/bobhopp/DJ MEDIA/VIDEO/1980's/Kool & The Gang - Celebration.mp4
RVTR652864,Marvin Gaye,Let's Get It On,6,no,no,yes,yes,yes,,/Users/bobhopp/DJ MEDIA/VIDEO/1970's/Marvin Gaye - Let's Get It On.mp4
RVTR502660,Commitments,Mustang Sally,6,no,no,no,yes,no,,/Users/bobhopp/DJ MEDIA/VIDEO/1990's/Commitments - Mustang Sally.mp4
RVTR217449,Bobby Brown,My Prerogative,6,no,yes,yes,yes,yes,,/Users/bobhopp/DJ MEDIA/VIDEO/1980's/Bobby Brown - My Prerogative.mp4
RVTR289873,Stray Cats,Stray Cat Strut,6,no,yes,yes,yes,yes,,/Users/bobhopp/DJ MEDIA/VIDEO/1980's/Stray Cats - Stray Cat Strut.mp4
RVTR610859,Gerry Rafferty,Baker Street,6,yes,yes,yes,yes,yes,review,/Users/bobhopp/DJ MEDIA/VIDEO/1970's/Gerry Rafferty - Baker Street.mp4
RVTR594879,Crystal Waters,100% Pure Love,6,no,yes,yes,yes,yes,,/Users/bobhopp/DJ MEDIA/VIDEO/1990's/Crystal Waters - 100% Pure Love.mp4
RVTR209737,Tears For Fears,Break It Down Again,6,no,yes,yes,yes,yes,,"/Users/bobhopp/DJ MEDIA/VIDEO/1990's/TEARS FOR FEARS  :  ""Break It Down Again""  - Hollywood Bowl  Los Angeles, California  (Aug 2, 2023).mp4"
RVTR031408,Harvey Danger,Flagpole Sitta,6,no,no,no,yes,no,,/Users/bobhopp/DJ MEDIA/VIDEO/1990's/Harvey Danger - Flagpole Sitta.mp4
RVTR409513,Supertramp,Goodbye Stranger,6,no,yes,yes,yes,yes,,/Users/bobhopp/DJ MEDIA/VIDEO/1970's/Supertramp - Goodbye Stranger.mp4
RVTR624160,Stevie Ray Vaughan,Crossfire,6,no,no,no,yes,no,,/Users/bobhopp/DJ MEDIA/VIDEO/1980's/Stevie Ray Vaughan - Crossfire.mp4
RVTR039774,Gwen Steffni,The Sweet Escape,6,no,no,no,yes,no,,/Users/bobhopp/DJ MEDIA/VIDEO/2000's/Gwen Steffni - The Sweet Escape.mp4
RVTR883062,Tom Petty,Runnin Down A Dream,6,no,no,no,yes,no,,/Users/bobhopp/DJ MEDIA/VIDEO/1980's/Tom Petty - Runnin Down A Dream.mp4
RVTR054236,Janis Joplin,Piece Of My Heart,6,no,no,no,yes,no,,/Users/bobhopp/DJ MEDIA/VIDEO/1970's/Janis Joplin - Piece Of My Heart.mp4
RVTR209418,Belinda Carlisle,Mad About You,6,no,no,yes,yes,yes,review,/Users/bobhopp/DJ MEDIA/VIDEO/1980's/Belinda Carlisle - Mad About You.mp4
RVTR153215,Smash Mouth,Walkin' On The Sun,6,no,no,no,yes,no,,/Users/bobhopp/DJ MEDIA/VIDEO/1990's/Smash Mouth - Walkin' On The Sun.mp4
RVTR083314,Steve Miller Band,Jet Airliner,6,no,yes,yes,yes,no,,/Users/bobhopp/DJ MEDIA/VIDEO/1970's/Steve Miller Band - Jet Airliner.mp4
RVTR503462,Walk The Moon,Shut Up and Dance,6,no,yes,yes,yes,yes,,/Users/bobhopp/DJ MEDIA/VIDEO/2010's/Walk The Moon - Shut Up and Dance.mp4
RVTR706913,Rick Springfield,Jessie's Girl,6,no,no,yes,yes,yes,,/Users/bobhopp/DJ MEDIA/VIDEO/1980's/Rick Springfield - Jessie's Girl.mp4
RVTR396179,David Lee Roth,California Girls,6,no,yes,yes,yes,yes,,/Users/bobhopp/DJ MEDIA/VIDEO/1980's/David Lee Roth - California Girls.mp4
RVTR543568,Scissor Sisters,Take Your Mama,6,no,no,no,yes,no,,/Users/bobhopp/DJ MEDIA/VIDEO/2000's/Scissor Sisters - Take Your Mama.mp4
RVTR165832,Louis Armstrong,Blueberry Hill,6,no,yes,no,yes,yes,,/Users/bobhopp/DJ MEDIA/VIDEO/1970's/Louis Armstrong - Blueberry Hill.mp4
RVTR460879,Dave Edmunds,I Hear You Knocking,6,no,no,yes,yes,yes,,/Users/bobhopp/DJ MEDIA/VIDEO/1970's/Dave Edmunds - I Hear You Knocking.mp4
RVTR382748,The Alarm,Rain In The Summertime,6,no,yes,yes,yes,yes,,/Users/bobhopp/DJ MEDIA/VIDEO/1980's/The Alarm - Rain In The Summertime.mp4
RVTR881284,Jimi Hendrix,The Wind Cries Mary,6,yes,yes,no,yes,no,review,/Users/bobhopp/DJ MEDIA/VIDEO/1960's/Jimi Hendrix - The Wind Cries Mary.mp4
RVTR231428,Lisa Lisa And Cult Jam,Head To Toe,6,no,yes,yes,yes,yes,,/Users/bobhopp/DJ MEDIA/VIDEO/1980's/Lisa Lisa And Cult Jam - Head To Toe.mp4
RVTR698984,AC/DC,You Shook Me All Night Long,6,no,yes,yes,yes,yes,review,/Users/bobhopp/DJ MEDIA/VIDEO/1980's/AC_DC - You Shook Me All Night Long.mp4
RVTR110094,Def Leppard,Pour Some Sugar On Me,6,no,yes,yes,yes,yes,,/Users/bobhopp/DJ MEDIA/VIDEO/1980's/Def Leppard - Pour Some Sugar On Me.mp4
RVTR106549,Michael Jackson,Will You Be There,6,no,yes,yes,yes,yes,,/Users/bobhopp/DJ MEDIA/VIDEO/1990's/Michael Jackson - Will You Be There.mp4
RVTR553166,Theory Of A Deadman,Bad Girlfriend,6,no,yes,yes,yes,yes,,/Users/bobhopp/DJ MEDIA/VIDEO/2000's/Theory Of A Deadman - Bad Girlfriend.mp4
RVTR475290,The Clash,Should I Stay Or Should I Go,6,no,no,yes,yes,yes,,/Users/bobhopp/DJ MEDIA/VIDEO/1980's/Clash - Should I Stay Or Should I Go.mp4
RVTR601860,The Rolling Stones,She's A Rainbow,6,no,yes,yes,yes,yes,,/Users/bobhopp/DJ MEDIA/VIDEO/1960's/The Rolling Stones - She's A Rainbow.mp4
RVTR245483,Outlaws,Green Grass And High Tides,6,no,no,no,yes,no,draft,/Users/bobhopp/DJ MEDIA/VIDEO/1970's/Outlaws - Green Grass And High Tides.mp4
RVTR359962,Norman Greenbaum,Spirit in the Sky,6,no,yes,yes,yes,yes,,/Users/bobhopp/DJ MEDIA/VIDEO/1960's/Norman Greenbaum - Spirit in the Sky.mp4
RVTR581310,Molly Hatchet,Dreams I'll Never See,6,no,no,no,yes,no,,/Users/bobhopp/DJ MEDIA/VIDEO/1970's/Molly Hatchet - Dreams I'll Never See.mp4
RVTR465817,Shania Twain,Man! I Feel Like A Woman,6,no,yes,yes,yes,yes,,/Users/bobhopp/DJ MEDIA/VIDEO/1990's/Shania Twain - Man! I Feel Like A Woman.mp4
RVTR533696,Joe Cocker,You Can Leave Your Hat On,6,no,yes,no,yes,no,,/Users/bobhopp/DJ MEDIA/VIDEO/1980's/Joe Cocker - You Can Leave Your Hat On.mp4
RVTR109818,Huey Lewis And The News,If This Is It,6,no,no,no,yes,no,,/Users/bobhopp/DJ MEDIA/VIDEO/1980's/Huey Lewis And The News - If This Is It.mp4
RVTR699213,"Crosby, Stills & Nash",Southern Cross,6,no,no,no,yes,no,,"/Users/bobhopp/DJ MEDIA/VIDEO/1980's/Crosby, Stills & Nash - Southern Cross.mp4"
RVTR223139,Conway Twitty,It's Only Make Believe,6,no,no,yes,yes,yes,,/Users/bobhopp/DJ MEDIA/VIDEO/1950's/Conway Twitty - It's Only Make Believe.mp4
RVTR525123,The Blues Brothers,Sweet Home Chicago,6,no,yes,no,yes,no,,/Users/bobhopp/DJ MEDIA/VIDEO/1980's/The Blues Brothers - Sweet Home Chicago.mp4
RVTR107326,John Cougar Mellencamp,Crumblin' Down,6,no,no,yes,yes,yes,,/Users/bobhopp/DJ MEDIA/VIDEO/1980's/John Cougar Mellencamp - Crumblin' Down.mp4
RVTR089110,Starland Vocal Band,Afternoon Delight,6,no,yes,yes,yes,yes,,/Users/bobhopp/DJ MEDIA/VIDEO/1970's/Starland Vocal Band - Afternoon Delight.mp4
RVTR481591,Eurythmics,Sweet Dreams (Are Made Of This),6,no,yes,yes,yes,yes,,/Users/bobhopp/DJ MEDIA/VIDEO/1980's/Eurythmics - Sweet Dreams (Are Made Of This).mp4
RVTR957436,Alison Krauss And Jerry Douglas,Graceland,6,no,no,no,yes,no,review,/Users/bobhopp/DJ MEDIA/VIDEO/2000's/Alison Krauss And Jerry Douglas - Graceland.mp4
RVTR902324,Judas Priest,You've Got Another Thing Comin',6,no,yes,yes,yes,yes,,/Users/bobhopp/DJ MEDIA/VIDEO/1980's/Judas Priest - You've Got Another Thing Comin'.mp4
RVTR791271,Brownsville Station,Smokin' In The Boys Room,6,no,no,no,yes,no,,/Users/bobhopp/DJ MEDIA/VIDEO/1970's/Brownsville Station - Smokin' In The Boys Room.mp4
RVTR634395,Adriano Celentano,Prisencolinensinainciusol,6,no,no,no,yes,no,review,/Users/bobhopp/DJ MEDIA/VIDEO/1970's/Adriano Celentano - Prisencolinensinainciusol.mp4
RVTR008762,The Undisputed Truth,Smiling Faces Sometimes,6,no,yes,yes,yes,yes,,/Users/bobhopp/DJ MEDIA/VIDEO/1970's/The Undisputed Truth - Smiling Faces Sometimes.mp4
RVTR303347,Naked Eyes,Always Something There To Remind Me,6,no,yes,yes,yes,yes,,/Users/bobhopp/DJ MEDIA/VIDEO/1980's/Naked Eyes - Always Something There To Remind Me.mp4
RVTR694313,Stevie Ray Vaughan & Double Trouble,Voodoo Chile,6,no,no,no,yes,no,,/Users/bobhopp/DJ MEDIA/VIDEO/1980's/Stevie Ray Vaughan & Double Trouble - Voodoo Chile.mp4
RVTR162251,Electric Light Orchestra,Hold On Tight,6,no,yes,yes,yes,yes,,/Users/bobhopp/DJ MEDIA/VIDEO/1980's/Electric Light Orchestra - Hold On Tight (Official Video).mp4
RVTR877297,Collective Soul,December,6,no,yes,yes,yes,yes,,/Users/bobhopp/DJ MEDIA/VIDEO/1990's/Collective Soul - December.mp4
RVTR553526,Creed,Higher,5,no,yes,yes,yes,yes,,/Users/bobhopp/DJ MEDIA/VIDEO/2000's/Creed - Higher.mp4
RVTR048283,Devo,Whip It,5,no,no,yes,yes,yes,,/Users/bobhopp/DJ MEDIA/VIDEO/1980's/Devo - Whip It.mp4
RVTR643380,Genesis,Mama,5,no,yes,yes,yes,yes,,/Users/bobhopp/DJ MEDIA/VIDEO/1980's/Genesis - Mama.MP4
RVTR678938,Queen,Live Aid,5,no,no,no,yes,no,,/Users/bobhopp/DJ MEDIA/VIDEO/1980's/Queen - Live Aid.mp4
RVTR601840,Outkast,Roses,5,no,yes,yes,yes,yes,,/Users/bobhopp/DJ MEDIA/VIDEO/2000's/Outkast - Roses.mp4
RVTR733112,Edwin Starr,War,5,no,yes,yes,yes,yes,,/Users/bobhopp/DJ MEDIA/VIDEO/1970's/Edwin Starr - War.mp4
RVTR577407,Dj Otzi,Hey Baby,5,no,no,no,yes,no,,/Users/bobhopp/DJ MEDIA/VIDEO/2000's/Dj Otzi - Hey Baby.mp4
RVTR901568,K7,Come Baby Come,5,no,yes,yes,yes,yes,,/Users/bobhopp/DJ MEDIA/VIDEO/1990's/K7 - Come Baby Come.mp4
RVTR951458,Darude,Sandstorm,5,no,no,yes,yes,yes,,/Users/bobhopp/DJ MEDIA/VIDEO/2000's/Darude - Sandstorm.mp4
RVTR707647,Winger,Seventeen,5,no,yes,yes,yes,yes,,/Users/bobhopp/DJ MEDIA/VIDEO/1980's/Winger - Seventeen.mp4
RVTR258785,LP,When We're High,5,no,no,no,yes,no,,/Users/bobhopp/DJ MEDIA/VIDEO/2020's/LP - When We're High.mp4
RVTR618827,INXS,Devil Inside,5,no,yes,yes,yes,yes,,/Users/bobhopp/DJ MEDIA/VIDEO/1980's/INXS - Devil Inside.mp4
RVTR862482,Journey,Open Arms,5,no,yes,yes,yes,yes,,/Users/bobhopp/DJ MEDIA/VIDEO/1980's/Journey - Open Arms.mp4
RVTR423665,The Police,Roxanne,5,no,yes,yes,yes,yes,,/Users/bobhopp/DJ MEDIA/VIDEO/1980's/The Police - Roxanne.mp4
RVTR456826,Fleetwood Mac,Tusk,5,no,no,yes,yes,yes,,/Users/bobhopp/DJ MEDIA/VIDEO/1980's/Fleetwood Mac - Tusk.mp4
RVTR834510,Warrant,Cherry Pie,5,no,no,yes,yes,yes,,/Users/bobhopp/DJ MEDIA/VIDEO/1990's/Warrant - Cherry Pie.mp4
RVTR136792,Michael Jackson,Jam,5,no,yes,yes,yes,yes,,/Users/bobhopp/DJ MEDIA/VIDEO/1990's/Michael Jackson - Jam.mp4
RVTR441650,David Bowie,Starman,5,no,yes,yes,yes,yes,,/Users/bobhopp/DJ MEDIA/VIDEO/1970's/David Bowie - Starman.mp4
RVTR117970,Cupid,Cupid Shuffle,5,no,yes,yes,yes,yes,,/Users/bobhopp/DJ MEDIA/VIDEO/2000's/Cupid - Cupid Shuffle.mp4
RVTR131388,Spandau Ballet,True,5,no,yes,yes,yes,yes,,/Users/bobhopp/DJ MEDIA/VIDEO/1980's/Spandau Ballet - True.mp4
RVTR690162,Nickelback,Savin' Me,5,no,yes,yes,yes,yes,,/Users/bobhopp/DJ MEDIA/VIDEO/2000's/Nickelback - Savin' Me.mp4
RVTR975901,Cyndi Lauper,She Bop,5,no,yes,yes,yes,yes,,/Users/bobhopp/DJ MEDIA/VIDEO/1980's/Cyndi Lauper - She Bop.mp4
RVTR197282,Rod Stewart,Passion,5,no,yes,yes,yes,yes,,/Users/bobhopp/DJ MEDIA/VIDEO/1980's/Rod Stewart - Passion.mp4
RVTR558691,La Bouche,Be My Lover,5,no,yes,yes,yes,yes,,/Users/bobhopp/DJ MEDIA/VIDEO/1990's/La Bouche - Be My Lover.mp4
RVTR901037,Rob Base,It Takes Two,5,no,no,yes,yes,yes,,/Users/bobhopp/DJ MEDIA/VIDEO/1980's/Rob Base - It Takes Two.mp4
RVTR124058,John Prine,Lake Marie,5,no,no,no,yes,no,,/Users/bobhopp/DJ MEDIA/VIDEO/1990's/John Prine - Lake Marie.mp4
RVTR601012,Kiss,New York Groove,5,no,yes,no,yes,no,,/Users/bobhopp/DJ MEDIA/VIDEO/1980's/Kiss - New York Groove.mp4
RVTR015508,Billy Idol,Rebel Yell,5,no,yes,yes,yes,yes,review,/Users/bobhopp/DJ MEDIA/VIDEO/1980's/Billy Idol - Rebel Yell.mp4
RVTR287848,The Troggs,Wild Thing,5,no,no,yes,yes,yes,,/Users/bobhopp/DJ MEDIA/VIDEO/1960's/The Troggs - Wild Thing.mp4
RVTR027645,Howard Jones,New Song,5,no,yes,yes,yes,yes,,/Users/bobhopp/DJ MEDIA/VIDEO/1980's/Howard Jones - New Song.mp4
RVTR260543,Tupac,California Love,5,no,no,no,yes,no,,/Users/bobhopp/DJ MEDIA/VIDEO/1990's/Tupac - California Love.mp4
RVTR306000,Alabama,Feels So Right,5,no,yes,yes,yes,yes,review,/Users/bobhopp/DJ MEDIA/VIDEO/1980's/Alabama - Feels So Right.mp4
RVTR490515,T Pain & Akon,Bartender,5,no,no,no,yes,no,,/Users/bobhopp/DJ MEDIA/VIDEO/2000's/T Pain & Akon - Bartender.mp4
RVTR727888,Eve,Let Me Blow Ya Mind,5,no,no,yes,yes,yes,,/Users/bobhopp/DJ MEDIA/VIDEO/2000's/Eve - Let Me Blow Ya Mind.mp4
RVTR269641,Donovan,Mellow Yellow,5,no,no,yes,yes,yes,,/Users/bobhopp/DJ MEDIA/VIDEO/1960's/Donovan - Mellow Yellow.mp4
RVTR133829,The Who,Pinball Wizard,5,no,yes,yes,yes,yes,,/Users/bobhopp/DJ MEDIA/VIDEO/1960's/The Who - Pinball Wizard.mp4
RVTR749528,MC Hammer,2 Legit 2 Quit,5,no,no,no,yes,no,,/Users/bobhopp/DJ MEDIA/VIDEO/1990's/MC Hammer - 2 Legit 2 Quit.mp4
RVTR202434,Neil Diamond,Soolaimon,5,no,yes,no,yes,no,,/Users/bobhopp/DJ MEDIA/VIDEO/1970's/Neil Diamond - Soolaimon.mp4
RVTR736555,Phil Collins,Drum Solo,5,no,no,no,yes,no,,/Users/bobhopp/DJ MEDIA/VIDEO/1980's/Phil Collins - Drum Solo.mp4
RVTR776505,Live,Lightning Crashes,5,no,no,no,yes,no,,/Users/bobhopp/DJ MEDIA/VIDEO/1990's/Live - Lightning Crashes.mp4
RVTR535952,The Hollies,Carrie Anne,5,no,no,no,yes,no,,/Users/bobhopp/DJ MEDIA/VIDEO/1960's/The Hollies - Carrie Anne.mp4
RVTR474295,Toby Keith,Red Solo Cup,5,no,yes,yes,yes,yes,,/Users/bobhopp/DJ MEDIA/VIDEO/2010's/Toby Keith - Red Solo Cup.mp4
RVTR632885,Naughty By Nature,O.P.P.,5,no,yes,yes,yes,yes,,/Users/bobhopp/DJ MEDIA/VIDEO/1990's/Naughty By Nature - O.P.P.mp4
RVTR575277,Dire Straits,Skateaway,5,no,no,yes,yes,yes,,/Users/bobhopp/DJ MEDIA/VIDEO/1980's/Dire Straits - Skateaway.mp4
RVTR835469,David Bowie,Modern Love,5,no,yes,yes,yes,yes,,/Users/bobhopp/DJ MEDIA/VIDEO/1980's/David Bowie - Modern Love.mp4
RVTR922509,Def Leppard,Rock Of Ages,5,no,yes,yes,yes,yes,,/Users/bobhopp/DJ MEDIA/VIDEO/1980's/Def Leppard - Rock Of Ages.mp4
RVTR147501,Bobby Bloom,Montego Bay,5,no,yes,yes,yes,yes,,/Users/bobhopp/DJ MEDIA/VIDEO/1970's/Bobby Bloom - Montego Bay.mp4
RVTR147881,Limp Bizkit,Break Stuff,5,no,yes,no,yes,no,,/Users/bobhopp/DJ MEDIA/VIDEO/1990's/Limp Bizkit - Break Stuff.mp4
RVTR352845,Ace Of Base,Cruel Summer,5,no,yes,yes,yes,yes,review,/Users/bobhopp/DJ MEDIA/VIDEO/1990's/Ace Of Base - Cruel Summer.mp4
RVTR749791,Tones and I,Dance Monkey,5,no,no,yes,yes,yes,,/Users/bobhopp/DJ MEDIA/VIDEO/2010's/Tones and I - Dance Monkey.mp4
RVTR195718,Gwen McCrae,Rockin Chair,5,no,no,no,yes,no,draft,/Users/bobhopp/DJ MEDIA/VIDEO/1970's/Gwen McCrae - Rockin Chair.mp4
RVTR272745,Neil Young,Heart Of Gold,5,no,yes,yes,yes,yes,,/Users/bobhopp/DJ MEDIA/VIDEO/1970's/Neil Young - Heart Of Gold.mp4
RVTR096159,The Four Seasons,Sherry,5,no,no,no,yes,no,,/Users/bobhopp/DJ MEDIA/VIDEO/1960's/The Four Seasons - Sherry.mp4
RVTR256146,David Bowie,Space Oddity,5,no,yes,yes,yes,yes,,/Users/bobhopp/DJ MEDIA/VIDEO/1960's/David Bowie - Space Oddity.mp4
RVTR931239,Gary Wright,Dreamweaver,5,no,no,no,yes,no,,/Users/bobhopp/DJ MEDIA/VIDEO/1970's/Gary Wright - Dreamweaver.mp4
RVTR564256,Bobbie Gentry,Niki Hoeky,5,yes,yes,no,yes,no,review,/Users/bobhopp/DJ MEDIA/VIDEO/1960's/Bobbie Gentry - Niki Hoeky.mp4
RVTR005238,Billy Idol,Cradle Of Love,5,no,no,yes,yes,yes,review,/Users/bobhopp/DJ MEDIA/VIDEO/1990's/Billy Idol - Cradle Of Love.mp4
RVTR183513,Marrs,Pump Up The Volume,5,no,no,no,yes,no,,/Users/bobhopp/DJ MEDIA/VIDEO/1980's/Marrs - Pump Up The Volume.mp4
RVTR952686,Big Bopper,Chantilly Lace,5,no,no,yes,yes,yes,review,/Users/bobhopp/DJ MEDIA/VIDEO/1950's/Big Bopper - Chantilly Lace.mp4
RVTR954208,Men At Work,It's a Mistake,5,no,no,yes,yes,yes,,/Users/bobhopp/DJ MEDIA/VIDEO/1980's/Men At Work - It's a Mistake.mp4
RVTR469498,Bananarama,I Heard A Rumor,5,no,no,no,yes,no,review,/Users/bobhopp/DJ MEDIA/VIDEO/1980's/Bananarama - I Heard A Rumor.mp4
RVTR966874,Sugarloaf,Green Eyed Lady,5,no,no,no,yes,yes,,/Users/bobhopp/DJ MEDIA/VIDEO/1970's/Sugarloaf - Green Eyed Lady.mp4
RVTR692197,Gordon Lightfoot,Sundown,5,no,yes,yes,yes,yes,,/Users/bobhopp/DJ MEDIA/VIDEO/1970's/Gordon Lightfoot - Sundown.mp4
RVTR562395,Little Big Town,Boondocks,5,no,yes,yes,yes,yes,,/Users/bobhopp/DJ MEDIA/VIDEO/2000's/Little Big Town - Boondocks.mp4
RVTR018094,Joe Walsh,Life Of illusion,5,no,no,no,yes,yes,,/Users/bobhopp/DJ MEDIA/VIDEO/1980's/Joe Walsh - Life Of illusion.mp4
RVTR913062,Gin Blossoms,Hey Jealousy,5,no,yes,yes,yes,yes,,/Users/bobhopp/DJ MEDIA/VIDEO/1990's/Gin Blossoms - Hey Jealousy.mp4
RVTR384260,Vengaboys,We Like To Party,5,no,no,yes,yes,yes,,/Users/bobhopp/DJ MEDIA/VIDEO/1990's/Vengaboys - We Like To Party.mp4
RVTR713015,Total Coelo,I Eat Cannibals,5,no,no,yes,yes,yes,,/Users/bobhopp/DJ MEDIA/VIDEO/1980's/Total Coelo - I Eat Cannibals.mp4
RVTR710977,Alan O'Day,Undercover Angel,5,no,yes,yes,yes,yes,review,/Users/bobhopp/DJ MEDIA/VIDEO/1970's/Alan O'Day - Undercover Angel.mp4
RVTR785844,Grateful Dead,Touch of Grey,5,no,yes,yes,yes,yes,,/Users/bobhopp/DJ MEDIA/VIDEO/1980's/Grateful Dead - Touch of Grey.mp4
RVTR254986,Gwen Stefani,Hollaback Girl,5,no,yes,yes,yes,yes,,/Users/bobhopp/DJ MEDIA/VIDEO/2000's/Gwen Stefani - Hollaback Girl.mp4
RVTR763695,Lindsey Buckingham,Trouble,5,no,yes,yes,yes,yes,,/Users/bobhopp/DJ MEDIA/VIDEO/1980's/Lindsey Buckingham - Trouble.mp4
RVTR594301,Whitesnake,Here I Go Again 87,5,no,no,no,yes,no,,/Users/bobhopp/DJ MEDIA/VIDEO/1980's/Whitesnake - Here I Go Again 87.mp4
RVTR322968,John Anderson,Seminole Wind,5,yes,yes,no,yes,no,review,/Users/bobhopp/DJ MEDIA/VIDEO/1990's/John Anderson - Seminole Wind.mp4
RVTR097270,Sonny and Cher,I Got You Babe,5,no,no,no,yes,no,,/Users/bobhopp/DJ MEDIA/VIDEO/1960's/Sonny and Cher - I Got You Babe.mp4
RVTR840745,The Fratellis,Chelsea Dagger,5,no,no,no,yes,no,,/Users/bobhopp/DJ MEDIA/VIDEO/2000's/The Fratellis - Chelsea Dagger.mp4
RVTR318779,Wall Of Voodoo,Mexican Radio,5,no,yes,yes,yes,yes,,/Users/bobhopp/DJ MEDIA/VIDEO/1980's/Wall Of Voodoo - Mexican Radio.mp4
RVTR992764,Led Zeppelin,Boogie With Stu,5,no,no,no,yes,no,draft,/Users/bobhopp/DJ MEDIA/VIDEO/1970's/Led Zeppelin - Boogie With Stu.mp4
RVTR788035,Ace Of Base,All That She Wants,5,no,yes,yes,yes,yes,review,/Users/bobhopp/DJ MEDIA/VIDEO/1990's/Ace Of Base - All That She Wants.mp4
RVTR736146,Bloodhound Gang,The Bad Touch,5,no,no,yes,yes,yes,review,/Users/bobhopp/DJ MEDIA/VIDEO/1990's/Bloodhound Gang - The Bad Touch.mp4
RVTR497485,Little River Band,Cool Change,5,no,yes,yes,yes,yes,,/Users/bobhopp/DJ MEDIA/VIDEO/1970's/Little River Band - Cool Change.mp4
RVTR657646,Sonny And Cher,I Got You Babe 2,5,no,no,no,yes,no,,/Users/bobhopp/DJ MEDIA/VIDEO/1960's/Sonny And Cher - I Got You Babe 2.mp4
RVTR297173,Dj Kool,Let Me Clear My Throat,5,no,no,yes,yes,yes,,/Users/bobhopp/DJ MEDIA/VIDEO/1990's/Dj Kool - Let Me Clear My Throat.mp4
RVTR194504,The Zombies,Time Of The Season,5,no,no,yes,yes,yes,,/Users/bobhopp/DJ MEDIA/VIDEO/1960's/The Zombies - Time Of The Season.mp4
RVTR974810,USA For Africa,We Are The World,5,no,no,yes,yes,yes,,/Users/bobhopp/DJ MEDIA/VIDEO/1980's/USA For Africa - We Are The World.mp4
RVTR822658,The Moody Blues,Ride My See Saw,5,no,no,no,yes,no,,/Users/bobhopp/DJ MEDIA/VIDEO/1960's/The Moody Blues - Ride My See Saw.mp4
RVTR304902,Tears For Fears,Head Over Heels,5,no,no,yes,yes,yes,,/Users/bobhopp/DJ MEDIA/VIDEO/1980's/Tears For Fears - Head Over Heels.mp4
RVTR556515,Debbie Gibson,Only In My Dreams,5,no,yes,yes,yes,yes,,/Users/bobhopp/DJ MEDIA/VIDEO/1980's/Debbie Gibson - Only In My Dreams.mp4
RVTR626588,Santana With Rob Thomas,Smooth,5,no,no,no,yes,no,,/Users/bobhopp/DJ MEDIA/VIDEO/1990's/Santana With Rob Thomas - Smooth.mp4
RVTR930014,Will Smith,Gettin' Jiggy Wit It,5,no,no,yes,yes,yes,,/Users/bobhopp/DJ MEDIA/VIDEO/1990's/Will Smith - Gettin' Jiggy Wit It.mp4
RVTR883061,The Drifters,Under The Boardwalk,5,no,yes,yes,yes,yes,,/Users/bobhopp/DJ MEDIA/VIDEO/1960's/The Drifters - Under The Boardwalk.mp4
RVTR427766,Michael Jackson,Man In The Mirror,5,no,yes,yes,yes,yes,,/Users/bobhopp/DJ MEDIA/VIDEO/1980's/Michael Jackson - Man In The Mirror.mp4
RVTR777184,Garth Brooks,Friends In Low Places,5,no,yes,no,yes,no,,/Users/bobhopp/DJ MEDIA/VIDEO/1990's/Garth Brooks Friends In Low Places.mp4
RVTR975046,Talking Heads,Life During Wartime,5,no,no,yes,yes,yes,,/Users/bobhopp/DJ MEDIA/VIDEO/1980's/Talking Heads - Life During Wartime.mp4
RVTR762605,Talking Heads,Take Me To The River,5,yes,no,yes,yes,yes,review,/Users/bobhopp/DJ MEDIA/VIDEO/1970's/Talking Heads - Take Me To The River.mp4
RVTR234075,Moody Blues,Nights in White Satin,5,yes,yes,yes,yes,yes,review,/Users/bobhopp/DJ MEDIA/VIDEO/1960's/Moody Blues - Nights in White Satin.mp4
RVTR901576,V.I.C,Wobble,5,no,no,yes,yes,yes,,/Users/bobhopp/DJ MEDIA/VIDEO/1990's/V.I.C  - Wobble (Official Music Video).mp4
RVTR904623,Robert Palmer,Simply Irresistible,5,no,yes,yes,yes,yes,,/Users/bobhopp/DJ MEDIA/VIDEO/1980's/Robert Palmer - Simply Irresistible.mp4
RVTR167497,Allman Brothers Band,Midnight Rider,5,no,no,no,yes,no,review,/Users/bobhopp/DJ MEDIA/VIDEO/1970's/Allman Brothers Band - Midnight Rider.mp4
RVTR099849,The Police,Don't Stand So Close To Me,5,no,yes,yes,yes,yes,,/Users/bobhopp/DJ MEDIA/VIDEO/1980's/The Police - Don't Stand So Close To Me.mp4
RVTR325631,Joan Jett,Have You Ever Seen The Rain,5,no,no,no,yes,no,,/Users/bobhopp/DJ MEDIA/VIDEO/1990's/Joan Jett - Have You Ever Seen The Rain.mp4
RVTR166574,Missing Persons,Destination Unknown,5,no,yes,yes,yes,yes,,/Users/bobhopp/DJ MEDIA/VIDEO/1980's/Missing Persons - Destination Unknown.mp4
RVTR353364,The Black Eyed Peas,The Time (Dirty Bit),5,no,yes,yes,yes,yes,,/Users/bobhopp/DJ MEDIA/VIDEO/2010's/The Black Eyed Peas - The Time (Dirty Bit).mp4
RVTR050096,Tony Orlando & Dawn,Tie A Yellow Ribbon,5,no,no,no,yes,no,,/Users/bobhopp/DJ MEDIA/VIDEO/1980's/Tony Orlando & Dawn - Tie A Yellow Ribbon.mp4
RVTR344079,Nowhere Boys,In Spite Of All The Danger,5,no,no,no,yes,no,,/Users/bobhopp/DJ MEDIA/VIDEO/1950's/Nowhere Boys - In Spite Of All The Danger.mp4
RVTR526473,Brothers Johnson,Strawberry Letter 23,5,no,yes,yes,yes,no,,/Users/bobhopp/DJ MEDIA/VIDEO/1980's/Brothers Johnson - Strawberry Letter 23.mp4
RVTR517701,Spin Doctors,Little Miss Can't Be Wrong,5,yes,no,yes,yes,yes,review,/Users/bobhopp/DJ MEDIA/VIDEO/1990's/Spin Doctors - Little Miss Can't Be Wrong.mp4
RVTR614080,Bob Marley,Redemption Song,5,no,no,no,yes,no,,/Users/bobhopp/DJ MEDIA/VIDEO/1980's/Bob Marley & The Wailers - Redemption Song.mp4
RVTR237429,Tommy James and The Shondells,Mony Mony,5,no,yes,yes,yes,yes,,/Users/bobhopp/DJ MEDIA/VIDEO/1960's/Tommy James and The Shondells - Mony Mony.mp4
RVTR414071,Scissor Sisters,I Don't Feel Like Dancin',5,no,no,no,yes,no,,/Users/bobhopp/DJ MEDIA/VIDEO/2000's/Scissor Sisters - I Don't Feel Like Dancin'.mp4
RVTR705730,Daryl Hall & John Oates,You Make My Dreams,5,no,no,no,yes,no,,/Users/bobhopp/DJ MEDIA/VIDEO/1980's/Daryl Hall & John Oates - You Make My Dreams.mp4
RVTR902460,AC/DC,Thunderstruck,5,no,yes,no,yes,no,review,/Users/bobhopp/DJ MEDIA/VIDEO/1990's/AC:DC - Thunderstruck (Live at River Plate).mp4
RVTR272075,Frank And Nancy Sinatra,Something Stupid,5,yes,no,no,yes,no,review,/Users/bobhopp/DJ MEDIA/VIDEO/1960's/Frank And Nancy Sinatra - Something Stupid.mp4
RVTR358632,Hootie & The Blowfish,Only Wanna Be With You,5,no,no,no,yes,no,,/Users/bobhopp/DJ MEDIA/VIDEO/1990's/Hootie & The Blowfish - Only Wanna Be With You.mp4
RVTR306608,John Prine & Iris Dement,In Spite Of Ourselves,5,no,no,no,yes,no,,/Users/bobhopp/DJ MEDIA/VIDEO/1990's/John Prine & Iris Dement - In Spite Of Ourselves.mp4
RVTR165664,Georgia Satellites,Keep Your Hands To Yourself,5,no,yes,yes,yes,no,,/Users/bobhopp/DJ MEDIA/VIDEO/1980's/Georgia Satellites - Keep Your Hands To Yourself.mp4
RVTR095728,Steve Miller Band,Abracadabra,5,no,yes,yes,yes,no,,"/Users/bobhopp/DJ MEDIA/VIDEO/1980's/Steve Miller Band - Abracadabra (Live At Pine Knob, 1982).mp4"
RVTR745016,Muddy Waters & The Rolling Stones,Baby Please Don't Go,5,no,no,no,yes,no,,/Users/bobhopp/DJ MEDIA/VIDEO/1950's/Muddy Waters & The Rolling Stones - Baby Please Don't Go.mp4
RVTR429147,Daryl Hall & John Oates,You've Lost That Lovin' Feeling,5,no,no,no,yes,no,,/Users/bobhopp/DJ MEDIA/VIDEO/1980's/Daryl Hall & John Oates - You've Lost That Lovin' Feeling.mp4
RVTR560880,The Charlie Daniels Band,The Devil Went Down To Georgia,5,no,yes,yes,yes,yes,,/Users/bobhopp/DJ MEDIA/VIDEO/1970's/The Charlie Daniels Band - The Devil Went Down To Georgia.mp4
RVTR592535,Marvin Gaye & Tammi Terrell,Ain't No Mountain High Enough,4,no,no,no,yes,no,,/Users/bobhopp/DJ MEDIA/VIDEO/1960's/Marvin Gaye & Tammi Terrell - Ain't No Mountain High Enough.mp4
RVTR076966,Usher,Yeah!,4,no,yes,yes,yes,yes,,/Users/bobhopp/DJ MEDIA/VIDEO/2000's/Usher - Yeah!.mp4
RVTR313144,Lorde,Royals,4,no,yes,yes,yes,yes,,/Users/bobhopp/DJ MEDIA/VIDEO/2010's/Lorde - Royals.mp4
RVTR779297,ABBA,Waterloo,4,no,yes,yes,yes,yes,review,/Users/bobhopp/DJ MEDIA/VIDEO/1980's/ABBA - Waterloo.mp4
RVTR827170,Ginuwine,Pony,4,no,yes,yes,yes,yes,,/Users/bobhopp/DJ MEDIA/VIDEO/1990's/Ginuwine - Pony.mp4
RVTR612621,Peggy Lee,Fever,4,no,yes,yes,yes,yes,,/Users/bobhopp/DJ MEDIA/VIDEO/1950's/Peggy Lee - Fever.mp4
RVTR676594,Outkast,Hey Ya!,4,no,yes,yes,yes,yes,,/Users/bobhopp/DJ MEDIA/VIDEO/2000's/OutKast - Hey Ya!.mp4
RVTR495078,Paperboy,Ditty,4,yes,no,yes,yes,yes,review,/Users/bobhopp/DJ MEDIA/VIDEO/1990's/Paperboy - Ditty.mp4
RVTR716320,Lonestar,Amazed,4,no,yes,yes,yes,yes,,/Users/bobhopp/DJ MEDIA/VIDEO/1990's/Lonestar - Amazed.mp4
RVTR383001,En Vogue,Hold On,4,no,yes,yes,yes,yes,,/Users/bobhopp/DJ MEDIA/VIDEO/1990's/En Vogue - Hold On.mp4
RVTR145116,Staind,Epiphany,4,no,yes,no,yes,no,,/Users/bobhopp/DJ MEDIA/VIDEO/2000's/Staind - Epiphany.mp4
RVTR260702,Bread,Guitar Man,4,no,no,no,yes,no,,/Users/bobhopp/DJ MEDIA/VIDEO/1970's/Bread - Guitar Man.mp4
RVTR521857,War,The Cisco Kid,4,no,yes,yes,yes,yes,,/Users/bobhopp/DJ MEDIA/VIDEO/1970's/War - The Cisco Kid.mp4
RVTR250972,The First Edition,Just Dropped In (To See What Condition My Condition Was In),4,yes,no,yes,yes,yes,review,/Users/bobhopp/DJ MEDIA/VIDEO/1960's/The First Edition - Just Dropped In (To See What Condition My Condition Was In).mp4
RVTR397596,Nelly,Ride Wit Me,4,no,yes,yes,yes,yes,,/Users/bobhopp/DJ MEDIA/VIDEO/2000's/Nelly - Ride Wit Me.mp4
RVTR804974,April Wine,Roller,4,no,no,yes,yes,yes,review,/Users/bobhopp/DJ MEDIA/VIDEO/1970's/April Wine - Roller.mp4
RVTR294109,John Lennon,Woman,4,no,yes,yes,yes,yes,,/Users/bobhopp/DJ MEDIA/VIDEO/1980's/John Lennon - Woman.mp4
RVTR828046,AC/DC,Back In Black,4,no,yes,yes,yes,yes,review,/Users/bobhopp/DJ MEDIA/VIDEO/1980's/AC_DC - Back In Black.mp4
RVTR601835,Sublime,Wrong Way,4,no,no,no,yes,no,,/Users/bobhopp/DJ MEDIA/VIDEO/1990's/Sublime - Wrong Way.mp4
RVTR358811,David Bowie,Heroes,4,no,yes,no,yes,no,,/Users/bobhopp/DJ MEDIA/VIDEO/1970's/David Bowie - Heroes.mp4
RVTR801240,Donnie Iris,Ah Leah,4,no,no,no,yes,yes,,/Users/bobhopp/DJ MEDIA/VIDEO/1980's/Donnie Iris - Ah Leah.mp4
RVTR271653,No Doubt,Hella Good,4,no,yes,yes,yes,yes,,/Users/bobhopp/DJ MEDIA/VIDEO/2000's/No Doubt - Hella Good.mp4
RVTR182672,Justin Timberlake,Can't Stop The Feeling!,4,no,no,yes,yes,yes,,/Users/bobhopp/DJ MEDIA/VIDEO/2010's/Justin Timberlake - Can't Stop The Feeling! (From Dreamworks Animation's Trolls) .mp4
RVTR923939,Ace Of Base,The Sign,4,yes,yes,yes,yes,yes,published,/Users/bobhopp/DJ MEDIA/VIDEO/1990's/Ace Of Base - The Sign.mp4
RVTR566322,Dion,Runaround Sue,4,no,yes,yes,yes,yes,,/Users/bobhopp/DJ MEDIA/VIDEO/1960's/Dion - Runaround Sue.mp4
RVTR455495,Van Halen,Right Now,4,yes,yes,yes,yes,yes,review,/Users/bobhopp/DJ MEDIA/VIDEO/1990's/Van Halen - Right Now.mp4
RVTR927157,Chicago,I'm A Man,4,no,no,no,yes,no,,/Users/bobhopp/DJ MEDIA/VIDEO/1960's/Chicago - I'm A Man 1969.mp4
RVTR109641,Fugees,Ready Or Not,4,no,yes,no,yes,no,,/Users/bobhopp/DJ MEDIA/VIDEO/TECHNO/Fugees - Ready Or Not.mp4
RVTR091258,Village People,YMCA,4,yes,no,no,yes,no,review,/Users/bobhopp/DJ MEDIA/VIDEO/1970's/Village People - YMCA.mp4
RVTR440350,DJ Otzi,Do Wah Diddy,4,no,no,no,yes,no,,/Users/bobhopp/DJ MEDIA/VIDEO/TECHNO/DJ Otzi - Do Wah Diddy.mp4
RVTR718765,Black Crowes,Remedy,4,no,yes,yes,yes,no,review,/Users/bobhopp/DJ MEDIA/VIDEO/1990's/Black Crowes - Remedy.mp4
RVTR734515,Scandal,The Warrior,4,no,no,yes,yes,yes,,/Users/bobhopp/DJ MEDIA/VIDEO/1980's/Scandal - The Warrior.mp4
RVTR150298,Des'ree,You Gotta Be,4,no,yes,yes,yes,yes,,/Users/bobhopp/DJ MEDIA/VIDEO/1990's/Des'ree - You Gotta Be.mp4
RVTR728658,Bee Gees,Lonely Days,4,no,yes,yes,yes,yes,review,/Users/bobhopp/DJ MEDIA/VIDEO/1970's/Bee Gees - Lonely Days.mp4
RVTR215164,Dolly Parton,Jolene,4,no,yes,yes,yes,yes,,/Users/bobhopp/DJ MEDIA/VIDEO/1970's/Dolly Parton - Jolene.mp4
RVTR292864,Glenn Miller,At Last,4,no,no,no,yes,no,,/Users/bobhopp/DJ MEDIA/VIDEO/1950's/Glenn Miller - At Last.mp4
RVTR589831,Culture Beat,Mr Vain,4,no,no,no,yes,yes,,/Users/bobhopp/DJ MEDIA/VIDEO/1990's/Culture Beat - Mr Vain.mp4
RVTR759453,The Cars,You Might Think,4,no,yes,yes,yes,yes,,/Users/bobhopp/DJ MEDIA/VIDEO/1980's/Cars - You Might Think.mp4
RVTR880363,Bob Seger,Mainstreet,4,no,yes,yes,yes,yes,,/Users/bobhopp/DJ MEDIA/VIDEO/1970's/Bob Seger - Mainstreet.mp4
RVTR388540,Del Amitri,Roll To Me,4,no,yes,yes,yes,yes,,/Users/bobhopp/DJ MEDIA/VIDEO/1990's/Del Amitri - Roll To Me.mp4
RVTR050951,Mr. Mister,Is It Love,4,no,yes,yes,yes,yes,,/Users/bobhopp/DJ MEDIA/VIDEO/1980's/Mr. Mister - Is It Love.mp4
RVTR405093,AC/DC,Highway To Hell,4,no,yes,yes,yes,yes,review,/Users/bobhopp/DJ MEDIA/VIDEO/1970's/AC_DC - Highway To Hell.mp4
RVTR676680,Stars On 45,Stars On 45,4,no,no,no,yes,no,,/Users/bobhopp/DJ MEDIA/VIDEO/1980's/Stars On 45 - Stars On 45.mp4
RVTR357806,Tom Petty,Free Fallin',4,no,no,yes,yes,yes,,/Users/bobhopp/DJ MEDIA/VIDEO/1980's/Tom Petty - Free Fallin'.mp4
RVTR840133,Everclear,Santa Monica,4,no,yes,no,yes,no,,/Users/bobhopp/DJ MEDIA/VIDEO/1990's/Everclear - Santa Monica.mp4
RVTR062497,Queen Latifah,U.N.I.T.Y.,4,no,no,yes,yes,yes,,/Users/bobhopp/DJ MEDIA/VIDEO/1990's/Queen Latifah - U.N.I.T.Y.mp4
RVTR292882,Michael Jackson,Ghosts,4,no,no,no,yes,yes,,/Users/bobhopp/DJ MEDIA/VIDEO/1990's/Michael Jackson - Ghosts.mp4
RVTR488001,U2,With Or Without You,4,no,yes,yes,yes,yes,,/Users/bobhopp/DJ MEDIA/VIDEO/1980's/U2 - With Or Without You.mp4
RVTR113468,Bill Withers,Lean On Me,4,no,no,no,yes,no,review,/Users/bobhopp/DJ MEDIA/VIDEO/1970's/Bill Withers - Lean On Me.mp4
RVTR564707,Cat Stevens,Wild World,4,no,no,yes,yes,yes,,/Users/bobhopp/DJ MEDIA/VIDEO/1970's/Cat Stevens - Wild World.mp4
RVTR989321,Nirvana,Come As You Are,4,no,yes,yes,yes,yes,,/Users/bobhopp/DJ MEDIA/VIDEO/1990's/Nirvana - Come As You Are.mp4
RVTR776852,Jack Harlow,Lovin On Me,4,no,no,yes,yes,yes,,/Users/bobhopp/DJ MEDIA/VIDEO/2020's/Jack Harlow - Lovin On Me.mp4
RVTR494308,Fleetwood Mac,The Chain,4,no,yes,no,yes,no,,/Users/bobhopp/DJ MEDIA/VIDEO/1970's/Fleetwood Mac - The Chain.mp4
RVTR132862,Train,Drops Of Jupiter,4,no,no,yes,yes,yes,,/Users/bobhopp/DJ MEDIA/VIDEO/2000's/Train - Drops Of Jupiter.mp4
RVTR718052,N2Deep,Back To The Hotel,4,yes,yes,yes,yes,yes,review,/Users/bobhopp/DJ MEDIA/VIDEO/1990's/N2Deep - Back To The Hotel.mp4
RVTR688337,Snap!,Rhythm Is A Dancer,4,yes,yes,yes,yes,yes,review,/Users/bobhopp/DJ MEDIA/VIDEO/1990's/Snap! - Rhythm Is A Dancer.mp4
RVTR975907,Audioslave,Like A Stone,4,no,yes,yes,yes,yes,review,/Users/bobhopp/DJ MEDIA/VIDEO/2000's/Audioslave - Like A Stone.mp4
RVTR073174,James Brown,Sex Machine,4,no,no,yes,yes,yes,draft,/Users/bobhopp/DJ MEDIA/VIDEO/1970's/James Brown - Sex Machine.mp4
RVTR096344,Calloway,I Wanna Be Rich,4,no,yes,yes,yes,yes,,/Users/bobhopp/DJ MEDIA/VIDEO/1980's/Calloway - I Wanna Be Rich.mp4
RVTR617604,A Goofy Movie,Eye to Eye,4,no,no,no,yes,no,review,/Users/bobhopp/DJ MEDIA/VIDEO/2000's/A Goofy Movie - Eye to Eye.mp4
RVTR754101,Elton John,Empty Garden,4,no,yes,yes,yes,yes,,/Users/bobhopp/DJ MEDIA/VIDEO/1980's/Elton John - Empty Garden.mp4
RVTR143638,Bananarama,Cruel Summer,4,no,no,yes,yes,yes,review,/Users/bobhopp/DJ MEDIA/VIDEO/1980's/Bananarama - Cruel Summer.mp4
RVTR707041,Madonna,Justify My Love,4,no,no,yes,yes,yes,,/Users/bobhopp/DJ MEDIA/VIDEO/1990's/Madonna - Justify My Love.mp4
RVTR287815,Pure Prairie League,Amie,4,no,yes,yes,yes,yes,draft,/Users/bobhopp/DJ MEDIA/VIDEO/1970's/Pure Prairie League - Amie.mp4
RVTR201058,Middle Class Rut,New Low,4,no,no,no,yes,no,,/Users/bobhopp/DJ MEDIA/VIDEO/2010's/Middle Class Rut - New Low.mp4
RVTR250074,Luke Bryan,One Margarita,4,no,no,yes,yes,yes,,/Users/bobhopp/DJ MEDIA/VIDEO/2020's/Luke Bryan - One Margarita.mp4
RVTR302541,Clarence Carter,Strokin',4,no,no,no,yes,no,,/Users/bobhopp/DJ MEDIA/VIDEO/1980's/Clarence Carter - Strokin'.mp4
RVTR601503,Pat Benetar,Heartbreaker,4,no,no,no,yes,no,,/Users/bobhopp/DJ MEDIA/VIDEO/1980's/Pat Benetar - Heartbreaker.mp4
RVTR623864,Queen,Fat Bottomed Girls,4,no,yes,no,yes,no,,/Users/bobhopp/DJ MEDIA/VIDEO/2000's/Queen - Fat Bottomed Girls.mp4
RVTR366860,Neil Young,"Hey Hey, My My",4,no,yes,yes,yes,yes,,"/Users/bobhopp/DJ MEDIA/VIDEO/1980's/Neil Young - Hey Hey, My My.mp4"
RVTR474161,Sweet,The Ballroom Blitz,4,no,no,no,yes,no,,/Users/bobhopp/DJ MEDIA/VIDEO/1970's/Sweet - The Ballroom Blitz.mp4
RVTR899875,Dinosaur Jr,Feel The Pain,4,no,no,no,yes,no,,/Users/bobhopp/DJ MEDIA/VIDEO/1990's/Dinosaur Jr - Feel The Pain.mp4
RVTR190477,Suzi Quatro,Stumblin' in,4,yes,no,yes,yes,yes,review,/Users/bobhopp/DJ MEDIA/VIDEO/1970's/Suzi Quatro - Stumblin' in.mp4
RVTR805275,Gap Band,Burn Rubber On Me,4,no,no,no,yes,no,,/Users/bobhopp/DJ MEDIA/VIDEO/1980's/Gap Band - Burn Rubber On Me.mp4
RVTR367003,Dixie Chicks,Goodbye Earl,4,no,yes,yes,yes,yes,,/Users/bobhopp/DJ MEDIA/VIDEO/1990's/Dixie Chicks - Goodbye Earl.mp4
RVTR949273,Genesis,Land Of Confusion,4,no,yes,yes,yes,yes,,/Users/bobhopp/DJ MEDIA/VIDEO/1980's/Genesis - Land Of Confusion.mp4
RVTR627172,Sha Na Na,Born To Hand Jive,4,yes,no,no,yes,no,review,/Users/bobhopp/DJ MEDIA/VIDEO/1970's/Sha Na Na - Born To Hand Jive.mp4
RVTR491737,John Lennon,Come Together,4,no,no,no,yes,no,,/Users/bobhopp/DJ MEDIA/VIDEO/1960's/John Lennon - Come Together.mp4
RVTR788236,The Carpenters,Superstar,4,no,yes,no,yes,no,,/Users/bobhopp/DJ MEDIA/VIDEO/1970's/The Carpenters - Superstar.mp4
RVTR022621,Bad Company,Shooting Star,4,no,yes,no,yes,no,draft,/Users/bobhopp/DJ MEDIA/VIDEO/1970's/Bad Company - Shooting Star.mp4
RVTR483544,Nickelback,This Afternoon,4,no,no,yes,yes,yes,,/Users/bobhopp/DJ MEDIA/VIDEO/2010's/Nickelback - This Afternoon.mp4
RVTR763307,U2,When Love Comes To Town,4,no,yes,yes,yes,yes,,/Users/bobhopp/DJ MEDIA/VIDEO/1980's/U2 - When Love Comes To Town.mp4
RVTR895924,Cowboy Junkies,Sweet Jane,4,no,no,no,yes,no,,/Users/bobhopp/DJ MEDIA/VIDEO/1980's/Cowboy Junkies - Sweet Jane.mp4
RVTR704734,Mike Posner,Cooler Than Me,4,no,yes,yes,yes,yes,,/Users/bobhopp/DJ MEDIA/VIDEO/2010's/Mike Posner - Cooler Than Me.mp4
RVTR902109,No Mercy,Kiss You All Over,4,no,no,yes,yes,yes,,/Users/bobhopp/DJ MEDIA/VIDEO/1990's/No Mercy - Kiss You All Over.mp4
RVTR147357,Pink Floyd,Learning To Fly,4,no,yes,yes,yes,yes,,/Users/bobhopp/DJ MEDIA/VIDEO/1980's/Pink Floyd - Learning To Fly.mp4
RVTR487932,Lynyrd Skynyrd,Simple Man,4,no,yes,no,yes,no,,/Users/bobhopp/DJ MEDIA/VIDEO/1970's/Lynyrd Skynyrd - Simple Man.mp4
RVTR279190,Bob Dylan,Don't Think Twice,4,no,no,no,yes,no,review,/Users/bobhopp/DJ MEDIA/VIDEO/1960's/Bob Dylan - Don't Think Twice.mp4
RVTR962317,Joan Jett,Celluloid Heroes,4,no,yes,no,yes,no,,/Users/bobhopp/DJ MEDIA/VIDEO/1990's/Joan Jett - Celluloid Heroes.mp4
RVTR885377,Kenny Loggins,Danny's Song,4,no,no,no,yes,yes,,/Users/bobhopp/DJ MEDIA/VIDEO/1970's/Kenny Loggins - Danny's Song.mp4
RVTR387608,Todd Rundgren,Hello It's Me,4,no,yes,yes,yes,yes,,/Users/bobhopp/DJ MEDIA/VIDEO/1980's/Todd Rundgren - Hello It's Me.mp4
RVTR459155,Marvin Gaye,What's Going On,4,no,yes,yes,yes,yes,,/Users/bobhopp/DJ MEDIA/VIDEO/1970's/Marvin Gaye - What's Going On.mp4
RVTR021319,Natalie Cole,Unforgettable,4,no,no,yes,yes,yes,,/Users/bobhopp/DJ MEDIA/VIDEO/1950's/Natalie Cole - Unforgettable.mp4
RVTR748917,Franz Ferdinand,Take Me Out,4,no,yes,yes,yes,yes,,/Users/bobhopp/DJ MEDIA/VIDEO/2000's/Franz Ferdinand - Take Me Out.mp4
RVTR238243,Johnny Cash,Personal Jesus,4,no,yes,no,yes,no,,/Users/bobhopp/DJ MEDIA/VIDEO/2000's/Johnny Cash - Personal Jesus.mp4
RVTR154943,Ringo Starr,You're Sixteen,4,no,yes,yes,yes,yes,draft,/Users/bobhopp/DJ MEDIA/VIDEO/1970's/Ringo Starr - You're Sixteen.mp4
RVTR175550,Tommy Newport,Movie Screen,4,no,no,no,yes,no,,/Users/bobhopp/DJ MEDIA/VIDEO/2020's/Tommy Newport - Movie Screen.mp4
RVTR008815,The Spinners,Rubberband Man,4,no,no,no,yes,no,,/Users/bobhopp/DJ MEDIA/VIDEO/1970's/The Spinners - Rubberband Man.mp4
RVTR201186,Silversun Pickups,Lazy Eye,4,no,yes,no,yes,no,,/Users/bobhopp/DJ MEDIA/VIDEO/2000's/Silversun Pickups - Lazy Eye.mp4
RVTR067212,Duran Duran,All She Wants Is,4,no,yes,yes,yes,yes,,/Users/bobhopp/DJ MEDIA/VIDEO/1980's/Duran Duran - All She Wants Is.mp4
RVTR864474,Dread Zeppelin,Heartbreaker,4,no,no,no,yes,no,,/Users/bobhopp/DJ MEDIA/VIDEO/1990's/Dread Zeppelin - Heartbreaker.mp4
RVTR321443,The Brothers Johnson,Stomp!,4,no,no,yes,yes,yes,,/Users/bobhopp/DJ MEDIA/VIDEO/1980's/The Brothers Johnson - Stomp!.mp4
RVTR600535,Al Green,Let's Stay Together,4,no,yes,yes,yes,yes,review,/Users/bobhopp/DJ MEDIA/VIDEO/1970's/Al Green - Let's Stay Together.mp4
RVTR675460,Metallica,Whiskey In The Jar,4,no,yes,no,yes,no,,/Users/bobhopp/DJ MEDIA/VIDEO/1990's/Metallica - Whiskey In The Jar.mp4
RVTR733261,The Beatles,Octopus's Garden,4,no,no,no,yes,no,,/Users/bobhopp/DJ MEDIA/VIDEO/1960's/The Beatles - Octopus's Garden.mp4
RVTR918617,Eddy Grant,Gimme Hope Jo'anna,4,no,no,no,yes,no,,/Users/bobhopp/DJ MEDIA/VIDEO/1980's/Eddy Grant - Gimme Hope Jo'anna.mp4
RVTR080240,Carl Douglas,Kung Fu Fighting,4,no,yes,yes,yes,yes,,/Users/bobhopp/DJ MEDIA/VIDEO/1980's/Carl Douglas - Kung Fu Fighting.mp4
RVTR730742,Pink Floyd,Wish You Were Here,4,no,yes,no,yes,no,draft,/Users/bobhopp/DJ MEDIA/VIDEO/1970's/Pink Floyd - Wish You Were Here.mp4
RVTR374298,Fleetwood Mac,Go Your Own Way,4,no,yes,yes,yes,yes,,/Users/bobhopp/DJ MEDIA/VIDEO/1970's/Fleetwood Mac - Go Your Own Way.mp4
RVTR659097,The Police,Message In A Bottle,4,no,yes,yes,yes,yes,,/Users/bobhopp/DJ MEDIA/VIDEO/1970's/The Police - Message In A Bottle.mp4
RVTR071449,Everlast,Folsom Prison Blues,4,no,no,no,yes,no,,/Users/bobhopp/DJ MEDIA/VIDEO/2000's/Everlast - Folsom Prison Blues.mp4
RVTR198127,Stevie Wonder,My Cherie Amour,4,no,yes,yes,yes,yes,,/Users/bobhopp/DJ MEDIA/VIDEO/1960's/Stevie Wonder - My Cherie Amour.mp4
RVTR474453,Miley Cyrus,Party In The U.S.A.,4,no,yes,yes,yes,yes,,/Users/bobhopp/DJ MEDIA/VIDEO/2000's/Miley Cyrus - Party In The U.S.A.mp4
RVTR149118,Wet Wet Wet,Love Is All Around,4,no,no,yes,yes,yes,,/Users/bobhopp/DJ MEDIA/VIDEO/1990's/Wet Wet Wet - Love Is All Around.mp4
RVTR957415,Black Eyed Peas,I Gotta Feeling,4,yes,yes,yes,yes,no,published,/Users/bobhopp/DJ MEDIA/VIDEO/2000's/Black Eyed Peas - I Gotta Feeling.mp4
RVTR660745,Guns N' Roses,You Could Be Mine,4,no,yes,yes,yes,yes,,/Users/bobhopp/DJ MEDIA/VIDEO/1990's/Guns N' Roses - You Could Be Mine.mp4
RVTR588559,Terry Jacks,Seasons In The Sun,4,no,no,yes,yes,yes,,/Users/bobhopp/DJ MEDIA/VIDEO/1970's/Terry Jacks - Seasons In The Sun.mp4
RVTR227472,The Chi-lites,Have You Seen Her,4,no,yes,yes,yes,yes,,/Users/bobhopp/DJ MEDIA/VIDEO/1970's/The Chi-lites - Have You Seen Her.mp4
RVTR372655,Bob Dylan,Gotta Serve Somebody,4,no,yes,yes,yes,yes,,/Users/bobhopp/DJ MEDIA/VIDEO/1970's/Bob Dylan - Gotta Serve Somebody.mp4
RVTR011111,Musical Youth,Pass The Dutchie,4,no,yes,yes,yes,yes,,/Users/bobhopp/DJ MEDIA/VIDEO/1980's/Musical Youth - Pass The Dutchie.mp4
RVTR179677,Red Hot Chili Peppers,Otherside,4,no,yes,yes,yes,yes,,/Users/bobhopp/DJ MEDIA/VIDEO/2000's/Red Hot Chili Peppers - Otherside.mp4
RVTR874930,The Specials,Too Much Too Young,4,no,no,no,yes,no,,/Users/bobhopp/DJ MEDIA/VIDEO/1980's/The Specials - Too Much Too Young.mp4
RVTR192681,Frank Sinatra,Fly Me To The Moon,4,no,yes,no,yes,no,,/Users/bobhopp/DJ MEDIA/VIDEO/1950's/Frank Sinatra - Fly Me To The Moon.mp4
RVTR065517,Sniff 'n' The Tears,Driver's Seat,4,no,no,yes,yes,yes,,/Users/bobhopp/DJ MEDIA/VIDEO/1980's/Sniff 'n' The Tears - Driver's Seat.mp4
RVTR583378,LL COOL J,Mama Said Knock You Out,4,no,yes,yes,yes,yes,,/Users/bobhopp/DJ MEDIA/VIDEO/1990's/LL COOL J - Mama Said Knock You Out.mp4
RVTR369590,Grease,You're The One That I Want,4,no,no,no,yes,no,,/Users/bobhopp/DJ MEDIA/VIDEO/1970's/Grease - You're The One That I Want.mp4
RVTR597363,Daryl Hall & John Oates,She's Gone,4,no,no,no,yes,no,,/Users/bobhopp/DJ MEDIA/VIDEO/1970's/Daryl Hall & John Oates - She's Gone.mp4
RVTR859540,Johnny Nash,I Can See Clearly Now,4,no,yes,yes,yes,yes,,/Users/bobhopp/DJ MEDIA/VIDEO/1970's/Johnny Nash - I Can See Clearly Now.mp4
RVTR662096,Primus,Wynona's Big Brown Beaver,4,no,no,no,yes,no,,/Users/bobhopp/DJ MEDIA/VIDEO/1990's/Primus - Wynona's Big Brown Beaver.mp4
RVTR533123,REO Speedwagon,Time For Me To Fly,4,yes,yes,yes,yes,yes,review,/Users/bobhopp/DJ MEDIA/VIDEO/1970's/REO Speedwagon - Time for Me to Fly.mp4
RVTR917189,Loverboy,Working For The Weekend,4,no,yes,yes,yes,yes,,/Users/bobhopp/DJ MEDIA/VIDEO/1980's/Loverboy - Working For The Weekend.mp4
RVTR355783,New Kids On The Block,Step By Step,4,no,yes,yes,yes,yes,,/Users/bobhopp/DJ MEDIA/VIDEO/1990's/New Kids On The Block - Step By Step.mp4
RVTR409440,Eric Heatherly,Flowers On The Wall,4,no,yes,yes,yes,yes,,/Users/bobhopp/DJ MEDIA/VIDEO/2010's/Eric Heatherly - Flowers On The Wall.mp4
RVTR604839,Three Dog Night,Never Been To Spain,4,no,yes,yes,yes,yes,,/Users/bobhopp/DJ MEDIA/VIDEO/1970's/Three Dog Night - Never Been To Spain.mp4
RVTR981308,Living Colour,Cult Of Personality,4,no,yes,yes,yes,yes,,/Users/bobhopp/DJ MEDIA/VIDEO/1980's/Living Colour - Cult Of Personality.mp4
RVTR440200,Grandmaster & Melle Mel,White Lines,4,no,no,no,yes,no,,/Users/bobhopp/DJ MEDIA/VIDEO/1980's/Grandmaster & Melle Mel - White Lines.mp4
RVTR435391,Three Dog Night,The Show Must Go On,4,no,no,yes,yes,yes,,/Users/bobhopp/DJ MEDIA/VIDEO/1970's/Three Dog Night - The Show Must Go On.mp4
RVTR751064,Rare Earth,I Just Want To Celebrate,4,no,yes,yes,yes,yes,,/Users/bobhopp/DJ MEDIA/VIDEO/1970's/Rare Earth - I Just Want To Celebrate.mp4
RVTR111274,The Gap Band,You Dropped A Bomb On Me,4,no,yes,yes,yes,yes,,/Users/bobhopp/DJ MEDIA/VIDEO/1980's/The Gap Band - You Dropped A Bomb On Me.mp4
RVTR784438,Foreigner,Feels Like The First Time,4,no,no,yes,yes,yes,,/Users/bobhopp/DJ MEDIA/VIDEO/1970's/Foreigner - Feels Like The First Time.mp4
RVTR028018,A Tribe Called Quest,Check The Rhyme,4,no,no,no,yes,no,review,/Users/bobhopp/DJ MEDIA/VIDEO/1990's/A Tribe Called Quest - Check The Rhyme.mp4
RVTR049529,Traveling Wilburys,Handle With Care,4,no,yes,yes,yes,yes,,/Users/bobhopp/DJ MEDIA/VIDEO/1980's/Traveling Wilburys - Handle With Care.mp4
RVTR704636,Them Dirty Roses,Cocaine and Whiskey,4,no,no,no,yes,no,,/Users/bobhopp/DJ MEDIA/VIDEO/2010's/Them Dirty Roses - Cocaine and Whiskey.mp4
RVTR785343,PM Dawn,Looking Through Patient Eyes,4,no,no,no,yes,no,,/Users/bobhopp/DJ MEDIA/VIDEO/1990's/PM Dawn - Looking Through Patient Eyes.mp4
RVTR510057,Ray Charles,Hit the Road Jack,4,no,yes,no,yes,no,,/Users/bobhopp/DJ MEDIA/VIDEO/1960's/Ray Charles - Hit the Road Jack (SNL 1996).mp4
RVTR815264,Cutting Crew,I Just Died In Your Arms,4,no,yes,yes,yes,yes,,/Users/bobhopp/DJ MEDIA/VIDEO/1980's/Cutting Crew - I Just Died In Your Arms.mp4
RVTR403494,Night Ranger,Don't Tell Me You Love Me,4,no,yes,yes,yes,yes,,/Users/bobhopp/DJ MEDIA/VIDEO/1980's/Night Ranger - Don't Tell Me You Love Me.mp4
RVTR084610,Red Hot Chili Peppers,Under The Bridge,4,no,yes,yes,yes,yes,,/Users/bobhopp/DJ MEDIA/VIDEO/1990's/Red Hot Chili Peppers - Under The Bridge.mp4
RVTR068454,Paul Simon,50 Ways to Leave Your Lover,4,no,yes,yes,yes,yes,draft,/Users/bobhopp/DJ MEDIA/VIDEO/1970's/Paul Simon - 50 Ways to Leave Your Lover.mp4
RVTR152961,The Black Keys,Little Black Submarines,4,no,yes,no,yes,no,,/Users/bobhopp/DJ MEDIA/VIDEO/2010's/The Black Keys - Little Black Submarines.mp4
RVTR628017,Rocky Burnette,Tired Of Toein The Line,4,no,no,no,yes,no,,/Users/bobhopp/DJ MEDIA/VIDEO/1980's/Rocky Burnette - Tired Of Toein The Line.mp4
RVTR872855,Nicki French,Total Eclipse Of The Heart,4,no,yes,yes,yes,yes,,/Users/bobhopp/DJ MEDIA/VIDEO/1990's/Nicki French - Total Eclipse Of The Heart.mp4
RVTR146592,Charlie Daniels,Long Haired Country Boy,4,no,no,no,yes,no,draft,/Users/bobhopp/DJ MEDIA/VIDEO/1970's/Charlie Daniels - Long Haired Country Boy.mp4
RVTR508123,Burton Cummings,Break It To Them Gently,4,yes,no,yes,yes,yes,review,/Users/bobhopp/DJ MEDIA/VIDEO/1970's/Burton Cummings - Break It To Them Gently.mp4
RVTR407662,Herman's Hermits,I'm Into Something Good,4,yes,no,yes,yes,yes,cards_ready,/Users/bobhopp/DJ MEDIA/VIDEO/1960's/Herman's Hermits - I'm Into Something Good.mp4
RVTR724252,The Statler Brothers,Flowers On the Wall,4,no,yes,yes,yes,yes,draft,/Users/bobhopp/DJ MEDIA/VIDEO/1970's/The Statler Brothers - Flowers On the Wall.mp4
RVTR624981,Deep Blue Something,Breakfast At Tiffany's,4,no,no,yes,yes,yes,,/Users/bobhopp/DJ MEDIA/VIDEO/1990's/Deep Blue Something - Breakfast At Tiffany's.mp4
RVTR658640,The Fat Boys ft Chubby Checker,The Twist,4,no,no,no,yes,no,,/Users/bobhopp/DJ MEDIA/VIDEO/1980's/The Fat Boys feat. Chubby Checker - The Twist.mp4
RVTR037060,Mariah Carey,All I Want For Christmas Is You,4,yes,yes,yes,yes,yes,published,/Users/bobhopp/DJ MEDIA/VIDEO/2010's/Mariah Carey - All I Want For Christmas Is You.mp4
RVTR115370,En Vogue,My Lovin' (You're Never Gonna Get It),4,no,no,yes,yes,yes,,/Users/bobhopp/DJ MEDIA/VIDEO/1990's/En Vogue - My Lovin' (You're Never Gonna Get It).mp4
RVTR126772,Toby Keith & Willie Nelson,Beer For My Horses,4,no,no,no,yes,no,,/Users/bobhopp/DJ MEDIA/VIDEO/2000's/Toby Keith & Willie Nelson - Beer For My Horses.mp4
RVTR680526,Michael Jackson,Don't Stop 'Til You Get Enough,4,no,yes,yes,yes,yes,,/Users/bobhopp/DJ MEDIA/VIDEO/1970's/Michael Jackson - Don't Stop 'Til You Get Enough.mp4
RVTR061419,Miley Cyrus and Metallica,Nothing Else Matters,4,no,no,no,yes,no,,/Users/bobhopp/DJ MEDIA/VIDEO/2020's/Miley Cyrus and Metallica - Nothing Else Matters.mp4
RVTR136135,Smashing Pumpkins,Bullet With Butterfly Wings,4,no,yes,yes,yes,no,,/Users/bobhopp/DJ MEDIA/VIDEO/1990's/Smashing Pumpkins - Bullet With Butterfly Wings.mp4
RVTR974150,Herb Alpert And The Tijuana Brass,A Taste of Honey,4,yes,no,no,yes,no,cards_ready,/Users/bobhopp/DJ MEDIA/VIDEO/1960's/Herb Alpert And The Tijuana Brass - A Taste of Honey.mp4
RVTR321868,Ray Charles,Hit the Road Jack on Saturday Live 1996,4,no,no,no,yes,no,,/Users/bobhopp/DJ MEDIA/VIDEO/1960's/Ray Charles - Hit the Road Jack on Saturday Live 1996.mp4
RVTR400641,Billy Strings feat. Willie Nelson,California Sober,4,no,no,no,yes,no,review,/Users/bobhopp/DJ MEDIA/VIDEO/2020's/Billy Strings feat. Willie Nelson - California Sober.mp4
RVTR152919,Edison Lighthouse,Love Grows Where My Rosemary Goes,4,no,no,yes,yes,yes,,/Users/bobhopp/DJ MEDIA/VIDEO/1970's/Edison Lighthouse - Love Grows Where My Rosemary Goes.mp4
RVTR657372,Aqua,Barbie Girl,4,no,yes,yes,yes,yes,review,/Users/bobhopp/DJ MEDIA/VIDEO/1990's/Aqua - Barbie Girl.mp4
RVTR694635,Willie Nelson,Mammas Don't Let Your Babies Grow Up To Be Cowboys,3,yes,no,no,yes,no,review,/Users/bobhopp/DJ MEDIA/VIDEO/1970's/Willie Nelson - Mammas Don't Let Your Babies Grow Up To Be Cowboys.mp4
RVTR521876,311,Down,3,no,yes,no,yes,no,review,/Users/bobhopp/DJ MEDIA/VIDEO/1990's/311 - Down.mp4
RVTR165042,ABBA,S.O.S.,3,no,no,yes,yes,yes,draft,/Users/bobhopp/DJ MEDIA/VIDEO/1970's/ABBA - S.O.S.mp4
RVTR253780,Styx,Lady,3,no,yes,yes,yes,yes,draft,/Users/bobhopp/DJ MEDIA/VIDEO/1970's/Styx - Lady.mp4
RVTR789860,Pink,Sober,3,no,no,no,yes,no,,/Users/bobhopp/DJ MEDIA/VIDEO/2000's/Pink - Sober.mp4
RVTR659861,Sina,Mother,3,no,no,no,yes,no,,/Users/bobhopp/DJ MEDIA/VIDEO/1970's/Sina - Mother.mp4
RVTR424790,U2,Numb,3,no,yes,no,yes,no,,/Users/bobhopp/DJ MEDIA/VIDEO/1990's/U2 - Numb.mp4b.mp4
RVTR481612,Akon,Lonely,3,no,yes,yes,yes,yes,review,/Users/bobhopp/DJ MEDIA/VIDEO/2000's/Akon - Lonely.mp4
RVTR921842,Live,I Alone,3,no,no,no,yes,no,,/Users/bobhopp/DJ MEDIA/VIDEO/1990's/Live - I Alone.mp4
RVTR974559,Cameo,Word Up,3,no,yes,yes,yes,yes,,/Users/bobhopp/DJ MEDIA/VIDEO/1980's/Cameo - Word Up.mp4
RVTR342796,US3,Cantaloop,3,no,yes,yes,yes,yes,,/Users/bobhopp/DJ MEDIA/VIDEO/1990's/US3 - Cantaloop.mp4
RVTR303797,Cher,Dark Lady,3,no,yes,yes,yes,yes,,/Users/bobhopp/DJ MEDIA/VIDEO/1970's/Cher - Dark Lady.mp4
RVTR149431,Hanson,MMMBop,3,no,yes,yes,yes,yes,,/Users/bobhopp/DJ MEDIA/VIDEO/1990's/Hanson - MMMBop.mp4
RVTR354765,Irene Cara,Fame,3,no,no,yes,yes,yes,,/Users/bobhopp/DJ MEDIA/VIDEO/1980's/Irene Cara - Fame.mp4
RVTR098944,Rush,The Trees,3,no,yes,no,yes,no,,/Users/bobhopp/DJ MEDIA/VIDEO/1970's/Rush - The Trees.mp4
RVTR341579,Heart,Magic Man,3,no,yes,yes,yes,yes,,/Users/bobhopp/DJ MEDIA/VIDEO/1970's/Heart - Magic Man.mp4
RVTR196778,Rush,Limelight,3,no,no,yes,yes,yes,,/Users/bobhopp/DJ MEDIA/VIDEO/1980's/Rush - Limelight.mp4
RVTR437645,AC/DC,Jailbreak,3,no,yes,no,yes,no,review,/Users/bobhopp/DJ MEDIA/VIDEO/1970's/AC_DC - Jailbreak.mp4
RVTR606716,Prince,Gett Off,3,no,no,no,yes,no,,/Users/bobhopp/DJ MEDIA/VIDEO/1990's/Prince - Gett Off.mp4
RVTR388755,J. Cole,Work Out,3,no,no,yes,yes,yes,,/Users/bobhopp/DJ MEDIA/VIDEO/2010's/J. Cole - Work Out.mp4
RVTR178559,Enigma,Mea Culpa,3,no,yes,no,yes,no,,/Users/bobhopp/DJ MEDIA/VIDEO/1990's/Enigma - Mea Culpa.mp4
RVTR806243,Bee Gees,Tragedy,3,yes,yes,yes,yes,yes,review,/Users/bobhopp/DJ MEDIA/VIDEO/1970's/Bee Gees - Tragedy.mp4
RVTR299205,Mika,Grace Kelly,3,no,yes,yes,yes,yes,,/Users/bobhopp/DJ MEDIA/VIDEO/2000's/Mika - Grace Kelly.mp4
RVTR529438,ZZ Top,La Grange,3,no,yes,yes,yes,yes,,/Users/bobhopp/DJ MEDIA/VIDEO/1970's/ZZ Top - La Grange.mp4
RVTR552216,Yungblud,Linger,3,no,no,no,yes,yes,,/Users/bobhopp/DJ MEDIA/VIDEO/2020's/Yungblud - Linger.mp4
RVTR074819,The Kinks,Apeman,3,no,yes,yes,yes,yes,,/Users/bobhopp/DJ MEDIA/VIDEO/1970's/The Kinks - Apeman.mp4
RVTR986946,Aerosmith,Crazy,3,no,yes,yes,yes,yes,review,/Users/bobhopp/DJ MEDIA/VIDEO/1990's/Aerosmith - Crazy.mp4
RVTR761595,Fastball,The Way,3,no,yes,no,yes,no,,/Users/bobhopp/DJ MEDIA/VIDEO/1990's/Fastball - The Way.mp4
RVTR401615,Carole King,Corazón,3,no,no,yes,yes,yes,,/Users/bobhopp/DJ MEDIA/VIDEO/1970's/Carole King - Corazón.mp4
RVTR584749,Mr. Mister,Kyrie,3,no,yes,yes,yes,yes,,/Users/bobhopp/DJ MEDIA/VIDEO/1980's/Mr. Mister - Kyrie.mp4
RVTR648084,The McCoys,Fever,3,no,yes,yes,yes,yes,,/Users/bobhopp/DJ MEDIA/VIDEO/1960's/The McCoys - Fever.mp4
RVTR331438,Orgy,Blue Monday,3,no,no,yes,yes,yes,,/Users/bobhopp/DJ MEDIA/VIDEO/1990's/Orgy - Blue Monday.mp4
RVTR973974,Eminem,My Name Is,3,no,yes,yes,yes,yes,,/Users/bobhopp/DJ MEDIA/VIDEO/1990's/Eminem - My Name Is.mp4
RVTR434539,"Prince, Tom Petty, Jeff Lynne and Steve Winwood",While My Guitar Gently Weeps,3,no,no,no,yes,no,,"/Users/bobhopp/DJ MEDIA/VIDEO/2000's/Prince, Tom Petty, Jeff Lynne and Steve Winwood - While My Guitar Gently Weeps.mp4"
RVTR421323,Klypso,Low Rider,3,no,no,no,yes,no,,/Users/bobhopp/DJ MEDIA/VIDEO/2020's/Klypso - Low Rider.mp4
RVTR131251,The HU,Wolf Totem,3,no,no,no,yes,no,,/Users/bobhopp/DJ MEDIA/VIDEO/2020's/The HU - Wolf Totem.mp4
RVTR756091,Toni Basil,Mickey,3,no,yes,yes,yes,yes,,/Users/bobhopp/DJ MEDIA/VIDEO/1980's/Toni Basil - Mickey.mp4
RVTR099950,Aldo Nova,Fantasy,3,no,yes,yes,yes,yes,review,/Users/bobhopp/DJ MEDIA/VIDEO/1980's/Aldo Nova - Fantasy.mp4
RVTR051701,Harry Chapin,Taxi,3,no,yes,yes,yes,yes,,/Users/bobhopp/DJ MEDIA/VIDEO/1970's/Harry Chapin - Taxi.mp4
RVTR238953,Warren G,Regulate,3,no,no,yes,yes,yes,,/Users/bobhopp/DJ MEDIA/VIDEO/1990's/Warren G - Regulate.mp4
RVTR301908,Elton John,Nikita,3,no,yes,yes,yes,yes,,/Users/bobhopp/DJ MEDIA/VIDEO/1980's/Elton John - Nikita.mp4
RVTR097143,UB40,I Got You Babe,3,no,yes,yes,yes,yes,,/Users/bobhopp/DJ MEDIA/VIDEO/1980's/UB40 - I Got You Babe.mp4
RVTR767917,Yardbirds,Blow Up,3,no,no,no,yes,no,,/Users/bobhopp/DJ MEDIA/VIDEO/1960's/Yardbirds - Blow Up.mp4
RVTR160275,Faith No More,Epic,3,no,yes,yes,yes,yes,,/Users/bobhopp/DJ MEDIA/VIDEO/1990's/Faith No More - Epic.mp4
RVTR887642,Tom Petty,Refugee,3,no,no,no,yes,no,,/Users/bobhopp/DJ MEDIA/VIDEO/1980's/Tom Petty - Refugee.mp4
RVTR002978,Billy Joel,My Life,3,no,no,yes,yes,yes,review,/Users/bobhopp/DJ MEDIA/VIDEO/1980's/Billy Joel - My Life.mp4
RVTR883639,Free,All Right Now,3,no,no,yes,yes,yes,,/Users/bobhopp/DJ MEDIA/VIDEO/1970's/Free - All Right Now.mp4
RVTR180625,The Roots,The Seed,3,no,no,no,yes,no,,/Users/bobhopp/DJ MEDIA/VIDEO/2000's/The Roots - The Seed.mp4
RVTR436495,The Shadows,Apache,3,no,no,no,yes,no,,/Users/bobhopp/DJ MEDIA/VIDEO/1960's/The Shadows - Apache.mp4
RVTR429676,Beyoncé,Crazy In Love,3,no,no,no,yes,no,review,/Users/bobhopp/DJ MEDIA/VIDEO/2000's/Beyoncé - Crazy In Love.mp4
RVTR934856,Lou Bega,Mambo No. 5,3,no,no,yes,yes,yes,,/Users/bobhopp/DJ MEDIA/VIDEO/1990's/Lou Bega - Mambo No. 5.mp4
RVTR426512,Doja Cat,Boss Bitch,3,no,no,yes,yes,yes,,/Users/bobhopp/DJ MEDIA/VIDEO/2020's/Doja Cat - Boss Bitch.mp4
RVTR508383,Green Day,Longview,3,no,yes,no,yes,no,,/Users/bobhopp/DJ MEDIA/VIDEO/2000's/Green Day - Longview.mp4
RVTR023559,Cranberries,Dreams,3,yes,yes,yes,yes,no,review,/Users/bobhopp/DJ MEDIA/VIDEO/1990's/Cranberries - Dreams.mp4
RVTR775347,Rose Royce,Car Wash,3,no,yes,yes,yes,yes,,/Users/bobhopp/DJ MEDIA/VIDEO/1970's/Rose Royce - Car Wash.mp4
RVTR175515,Soul Decision,Faded,3,no,no,no,yes,no,,/Users/bobhopp/DJ MEDIA/VIDEO/1990's/Soul Decision - Faded.mp4
RVTR847140,Bill Withers,Use Me,3,no,no,no,yes,no,review,/Users/bobhopp/DJ MEDIA/VIDEO/1970's/Bill Withers - Use Me.mp4
RVTR026134,Beck,Devils Haircut,3,no,yes,no,yes,no,review,/Users/bobhopp/DJ MEDIA/VIDEO/1990's/Beck - Devils Haircut.mp4
RVTR412766,The Who,Baba O'riley,3,no,no,no,yes,no,,/Users/bobhopp/DJ MEDIA/VIDEO/1970's/The Who - Baba O'riley.mp4
RVTR677117,The B-52's,Love Shack,3,no,no,no,yes,no,,/Users/bobhopp/DJ MEDIA/VIDEO/1980's/The B-52's - Love Shack.mp4
RVTR959017,Bodeans,Good Things,3,no,yes,no,yes,no,,/Users/bobhopp/DJ MEDIA/VIDEO/1990's/Bodeans - Good Things.mp4
RVTR498245,Alice Cooper,Poison,3,no,yes,yes,yes,yes,review,/Users/bobhopp/DJ MEDIA/VIDEO/1980's/Alice Cooper - Poison.mp4
RVTR064862,Janet Jackson,Nasty,3,no,yes,yes,yes,yes,,/Users/bobhopp/DJ MEDIA/VIDEO/1980's/Janet Jackson - Nasty.mp4
RVTR939499,No Doubt,Just A Girl,3,no,yes,yes,yes,yes,,/Users/bobhopp/DJ MEDIA/VIDEO/1990's/No Doubt - Just A Girl.mp4
RVTR822159,Sheena Easton,Strut,3,no,yes,yes,yes,yes,,/Users/bobhopp/DJ MEDIA/VIDEO/1980's/Sheena Easton - Strut.mp4
RVTR500656,Van Morrison,Domino,3,no,yes,yes,yes,yes,,/Users/bobhopp/DJ MEDIA/VIDEO/1970's/Van Morrison - Domino.mp4
RVTR435698,MTV,Retro MTV Intro,3,no,no,no,yes,no,,/Users/bobhopp/DJ MEDIA/VIDEO/1980's/MTV - Retro MTV Intro.mp4
RVTR905082,The Lumineers,Ho Hey,3,no,yes,yes,yes,yes,,/Users/bobhopp/DJ MEDIA/VIDEO/2010's/The Lumineers - Ho Hey.mp4
RVTR206269,Jason Mraz,I'm Yours,3,no,no,yes,yes,yes,,/Users/bobhopp/DJ MEDIA/VIDEO/2000's/Jason Mraz - I'm Yours.mp4
RVTR436012,The Cars,Touch and Go,3,no,yes,yes,yes,yes,,/Users/bobhopp/DJ MEDIA/VIDEO/1980's/The Cars - Touch and Go.mp4
RVTR649514,Bowling For Soup,1985,3,no,yes,yes,yes,yes,,/Users/bobhopp/DJ MEDIA/VIDEO/2000's/Bowling For Soup - 1985.mp4
RVTR851645,Vulfpeck,Back Pocket,3,no,no,no,yes,no,,/Users/bobhopp/DJ MEDIA/VIDEO/2010's/Vulfpeck - Back Pocket.mp4
RVTR621286,Poison,Unskinny Bop,3,no,yes,yes,yes,yes,,/Users/bobhopp/DJ MEDIA/VIDEO/1990's/Poison - Unskinny Bop.mp4
RVTR921993,Bo Diddley,Bo Diddley,3,no,no,no,yes,no,draft,/Users/bobhopp/DJ MEDIA/VIDEO/1960's/Bo Diddley - Bo Diddley.mp4
RVTR581435,Atmosphere,Sunshine,3,no,no,no,yes,no,review,/Users/bobhopp/DJ MEDIA/VIDEO/2000's/Atmosphere - Sunshine.mp4
RVTR889958,Foreigner,Cold As Ice,3,no,yes,yes,yes,yes,,/Users/bobhopp/DJ MEDIA/VIDEO/1970's/Foreigner - Cold As Ice.mp4
RVTR960790,Dazz Band,Let It Whip,3,no,yes,yes,yes,yes,,/Users/bobhopp/DJ MEDIA/VIDEO/1980's/Dazz Band - Let It Whip.mp4
RVTR042782,Brandy,Looking Glass,3,no,no,no,yes,no,,/Users/bobhopp/DJ MEDIA/VIDEO/1970's/Brandy - Looking Glass.mp4
RVTR527335,Seal,Kiss From A Rose,3,no,yes,yes,yes,yes,,/Users/bobhopp/DJ MEDIA/VIDEO/1990's/Seal - Kiss From A Rose.mp4
RVTR354100,Gavin Degraw,Sweeter,3,no,yes,no,yes,no,,/Users/bobhopp/DJ MEDIA/VIDEO/2010's/Gavin Degraw - Sweeter.mp4
RVTR598159,Elton John,Your Song,3,no,yes,yes,yes,yes,,/Users/bobhopp/DJ MEDIA/VIDEO/1970's/Elton John - Your Song.mp4
RVTR479806,Madonna,Like A Prayer,3,no,yes,yes,yes,yes,,/Users/bobhopp/DJ MEDIA/VIDEO/1980's/Madonna - Like A Prayer.mp4
RVTR751541,Ben Folds,Tiny Dancer,3,no,yes,no,yes,no,review,/Users/bobhopp/DJ MEDIA/VIDEO/2000's/Ben Folds - Tiny Dancer.mp4
RVTR920556,Sade,Smooth Operator,3,no,yes,yes,yes,yes,,/Users/bobhopp/DJ MEDIA/VIDEO/1980's/Sade - Smooth Operator.mp4
RVTR968845,Squeeze,Cool For Cats,3,no,yes,no,yes,no,,/Users/bobhopp/DJ MEDIA/VIDEO/1970's/Squeeze - Cool For Cats.mp4
RVTR745094,The Who,Join Together,3,no,no,yes,yes,yes,,/Users/bobhopp/DJ MEDIA/VIDEO/1970's/The Who - Join Together.mp4
RVTR619691,Billy Talent,End Of Me,3,no,no,no,yes,no,review,/Users/bobhopp/DJ MEDIA/VIDEO/2020's/Billy Talent - End Of Me.mp4
RVTR438603,Foreigner,Hot Blooded,3,no,yes,yes,yes,yes,,/Users/bobhopp/DJ MEDIA/VIDEO/1970's/Foreigner - Hot Blooded.mp4
RVTR363063,David Bowie,China Girl,3,no,yes,yes,yes,yes,,/Users/bobhopp/DJ MEDIA/VIDEO/1980's/David Bowie - China Girl.mp4
RVTR587723,Pink,Raise Your Glass,3,no,no,no,yes,no,,/Users/bobhopp/DJ MEDIA/VIDEO/2000's/Pink - Raise Your Glass.mp4
RVTR633476,Paul Simon,Kodachrome,3,no,no,yes,yes,yes,,/Users/bobhopp/DJ MEDIA/VIDEO/1970's/Paul Simon - Kodachrome.mp4
RVTR663492,The B-52's,Rock Lobster,3,no,no,no,yes,no,,/Users/bobhopp/DJ MEDIA/VIDEO/1970's/The B-52's - Rock Lobster.mp4
RVTR880452,Nickelback,Photograph,3,no,yes,yes,yes,yes,,/Users/bobhopp/DJ MEDIA/VIDEO/2000's/Nickelback - Photograph.mp4
RVTR666227,Hall & Oates,Sara Smile,3,no,no,no,yes,no,draft,/Users/bobhopp/DJ MEDIA/VIDEO/1970's/Hall & Oates - Sara Smile.mp4
RVTR132856,Collective Soul,Shine,3,no,yes,yes,yes,yes,,/Users/bobhopp/DJ MEDIA/VIDEO/1990's/Collective Soul - Shine.mp4
RVTR399731,Donovan,Catch The Wind,3,yes,yes,yes,yes,yes,cards_ready,/Users/bobhopp/DJ MEDIA/VIDEO/1960's/Donovan - Catch The Wind.mp4
RVTR521230,Nine Inch Nails,Closer,3,no,yes,yes,yes,yes,,/Users/bobhopp/DJ MEDIA/VIDEO/1990's/Nine Inch Nails - Closer.mp4
RVTR997971,Doors,Roadhouse Blues,3,no,no,no,yes,no,,/Users/bobhopp/DJ MEDIA/VIDEO/1970's/Doors - Roadhouse Blues.mp4
RVTR766542,Grateful Dead,Truckin',3,no,yes,yes,yes,yes,,/Users/bobhopp/DJ MEDIA/VIDEO/1970's/Grateful Dead - Truckin'.mp4
RVTR917359,2 Live Crew,Me So Horny,3,no,yes,yes,yes,no,review,/Users/bobhopp/DJ MEDIA/VIDEO/1980's/2 Live Crew - Me So Horny.mp4
RVTR759533,Petula Clark,Downtown,3,yes,yes,yes,yes,yes,cards_ready,/Users/bobhopp/DJ MEDIA/VIDEO/1960's/Petula Clark - Downtown.mp4
RVTR737076,Third Eye Blind,Jumper,3,no,no,yes,yes,yes,,/Users/bobhopp/DJ MEDIA/VIDEO/1990's/Third Eye Blind - Jumper.mp4
RVTR982501,White Town,Your Woman,3,no,yes,yes,yes,yes,,/Users/bobhopp/DJ MEDIA/VIDEO/1990's/White Town - Your Woman.mp4
RVTR440365,Duran Duran,The Reflex,3,no,yes,yes,yes,yes,,/Users/bobhopp/DJ MEDIA/VIDEO/1980's/Duran Duran - The Reflex.mp4
RVTR456548,Scandal,Goodbye To You,3,no,no,yes,yes,yes,,/Users/bobhopp/DJ MEDIA/VIDEO/1980's/Scandal - Goodbye To You.mp4
RVTR047543,James Brown,I Feel Good,3,yes,yes,no,yes,no,cards_ready,/Users/bobhopp/DJ MEDIA/VIDEO/1960's/James Brown - I Feel Good.mp4
RVTR067153,Def Leppard,Photograph,3,no,yes,yes,yes,yes,,/Users/bobhopp/DJ MEDIA/VIDEO/1980's/Def Leppard - Photograph.mp4
RVTR676117,Death Proof,Chick Habit,3,yes,no,no,yes,no,cards_ready,/Users/bobhopp/DJ MEDIA/VIDEO/1960's/Death Proof - Chick Habit.mp4
RVTR068754,Stevie Wonder,Sir Duke,3,no,yes,yes,yes,yes,,/Users/bobhopp/DJ MEDIA/VIDEO/1970's/Stevie Wonder - Sir Duke.mp4
RVTR161295,The Belle Stars,Iko Iko,3,no,no,yes,yes,yes,,/Users/bobhopp/DJ MEDIA/VIDEO/1980's/The Belle Stars - Iko Iko.mp4
RVTR629447,Kiss,Detroit Rock City,3,no,yes,no,yes,no,,/Users/bobhopp/DJ MEDIA/VIDEO/1980's/Kiss - Detroit Rock City.mp4
RVTR550584,Maxi Priest,Wild World,3,no,yes,yes,yes,yes,,/Users/bobhopp/DJ MEDIA/VIDEO/1980's/Maxi Priest - Wild World.mp4
RVTR265582,The Ronettes,Be My Baby,3,no,yes,yes,yes,yes,,/Users/bobhopp/DJ MEDIA/VIDEO/1960's/The Ronettes - Be My Baby.mp4
RVTR665930,Blues Brothers,Rawhide,3,no,no,no,yes,no,review,/Users/bobhopp/DJ MEDIA/VIDEO/1980's/Blues Brothers - Rawhide.mp4
RVTR563762,Boz Scaggs,Lido Shuffle,3,no,yes,yes,yes,yes,,/Users/bobhopp/DJ MEDIA/VIDEO/1970's/Boz Scaggs - Lido Shuffle.mp4
RVTR134493,Poison,Talk Dirty To Me,3,no,yes,yes,yes,yes,,/Users/bobhopp/DJ MEDIA/VIDEO/1980's/Poison - Talk Dirty To Me.mp4
RVTR454532,Steely Dan,Hey Nineteen,3,no,yes,yes,yes,yes,,/Users/bobhopp/DJ MEDIA/VIDEO/1980's/Steely Dan - Hey Nineteen.mp4
RVTR618832,Paula Abdul,Straight Up,3,no,yes,yes,yes,yes,,/Users/bobhopp/DJ MEDIA/VIDEO/1980's/Paula Abdul - Straight Up.mp4
RVTR690158,Candyman,Knockin' Boots,3,no,yes,yes,yes,yes,,/Users/bobhopp/DJ MEDIA/VIDEO/1990's/Candyman - Knockin' Boots.mp4
RVTR371830,Ringo Starr,Photograph,3,no,yes,yes,yes,yes,,/Users/bobhopp/DJ MEDIA/VIDEO/1970's/Ringo Starr - Photograph.mp4
RVTR096895,Chuck Berry,School Days,3,no,yes,no,yes,no,,/Users/bobhopp/DJ MEDIA/VIDEO/1950's/Chuck Berry - School Days.mp4
RVTR322747,Shinedown,Second Chance,3,no,yes,yes,yes,yes,,/Users/bobhopp/DJ MEDIA/VIDEO/2000's/Shinedown - Second Chance.mp4
RVTR710690,Rose Royce,Do Your Dance,3,no,no,yes,yes,yes,,/Users/bobhopp/DJ MEDIA/VIDEO/1970's/Rose Royce - Do Your Dance.mp4
RVTR785359,Glass Animals,Heat Waves,3,no,no,yes,yes,yes,,/Users/bobhopp/DJ MEDIA/VIDEO/2020's/Glass Animals - Heat Waves.mp4
RVTR662101,Smashing Pumpkins,Today,3,no,no,no,yes,no,,/Users/bobhopp/DJ MEDIA/VIDEO/1990's/Smashing Pumpkins - Today.mp4
RVTR157501,Morgan Wallen,Last Night,3,no,no,yes,yes,yes,,/Users/bobhopp/DJ MEDIA/VIDEO/2020's/Morgan Wallen - Last Night.mp4
RVTR518958,The Kingsmen,Louie Louie,3,no,no,yes,yes,yes,,/Users/bobhopp/DJ MEDIA/VIDEO/1960's/The Kingsmen - Louie Louie.mp4
RVTR649453,Tim McGraw,Indian Outlaw,3,no,yes,yes,yes,yes,,/Users/bobhopp/DJ MEDIA/VIDEO/1990's/Tim McGraw - Indian Outlaw.mp4
RVTR039508,Gin Blossoms,Alison Road,3,no,no,no,yes,no,,/Users/bobhopp/DJ MEDIA/VIDEO/1990's/Gin Blossoms - Alison Road.mp4
RVTR917489,Wyclef Jean,Guantanamera,3,no,no,no,yes,no,,/Users/bobhopp/DJ MEDIA/VIDEO/1990's/Wyclef Jean - Guantanamera.mp4
RVTR618771,Tonic,If You Could Only See,3,no,no,no,yes,no,,/Users/bobhopp/DJ MEDIA/VIDEO/1990's/Tonic - If You Could Only See.mp4
RVTR651664,Rod Stewart,Stay With Me,3,no,yes,no,yes,no,,/Users/bobhopp/DJ MEDIA/VIDEO/1990's/Rod Stewart - Stay With Me.mp4
RVTR757876,The Osmonds,One Bad Apple,3,no,yes,yes,yes,yes,,/Users/bobhopp/DJ MEDIA/VIDEO/1970's/The Osmonds - One Bad Apple.mp4
RVTR030038,Patsy Cline,Sweet Dreams,3,no,no,yes,yes,yes,,/Users/bobhopp/DJ MEDIA/VIDEO/1960's/Patsy Cline - Sweet Dreams.mp4
RVTR510197,Jim Stafford,Swamp Witch,3,no,yes,yes,yes,yes,,/Users/bobhopp/DJ MEDIA/VIDEO/1970's/Jim Stafford - Swamp Witch.mp4
RVTR356636,Santana,Black Magic Woman,3,no,yes,yes,yes,yes,,/Users/bobhopp/DJ MEDIA/VIDEO/1970's/Santana - Black Magic Woman.mp4
RVTR049924,Adina Howard,Freak Like Me,3,no,yes,yes,yes,yes,review,/Users/bobhopp/DJ MEDIA/VIDEO/1990's/Adina Howard - Freak Like Me.mp4
RVTR907515,Chick A Boom,Daddy Dewdrop,3,no,no,no,yes,yes,,/Users/bobhopp/DJ MEDIA/VIDEO/1970's/Chick A Boom - Daddy Dewdrop.mp4
RVTR532720,Boyz II Men,Motownphilly,3,no,yes,yes,yes,yes,,/Users/bobhopp/DJ MEDIA/VIDEO/1990's/Boyz II Men - Motownphilly.mp4
RVTR906129,Curtis Mayfield,Superfly,3,no,yes,yes,yes,yes,,/Users/bobhopp/DJ MEDIA/VIDEO/1970's/Curtis Mayfield - Superfly.mp4
RVTR176596,Manfred Mann,Mighty Quinn,3,no,no,yes,yes,yes,,/Users/bobhopp/DJ MEDIA/VIDEO/1960's/Manfred Mann - Mighty Quinn.mp4
RVTR775418,Wet Willie,Keep On Smilin',3,no,no,yes,yes,yes,,/Users/bobhopp/DJ MEDIA/VIDEO/1970's/Wet Willie - Keep On Smilin'.mp4
RVTR445761,Genesis,Misunderstanding,3,no,yes,yes,yes,yes,,/Users/bobhopp/DJ MEDIA/VIDEO/1980's/Genesis - Misunderstanding.mp4
RVTR633692,System Of A Down,Toxicity,3,no,no,yes,yes,yes,,/Users/bobhopp/DJ MEDIA/VIDEO/2000's/System Of A Down - Toxicity.mp4
RVTR186179,Stone Temple Pilots,Creep,3,yes,yes,no,yes,no,review,/Users/bobhopp/DJ MEDIA/VIDEO/1990's/Stone Temple Pilots - Creep.mp4
RVTR391441,Steve Winwood,Higher Love,3,no,yes,yes,yes,yes,,/Users/bobhopp/DJ MEDIA/VIDEO/1980's/Steve Winwood - Higher Love.mp4
RVTR791353,38 Special,Caught Up In You,3,no,yes,yes,yes,yes,review,/Users/bobhopp/DJ MEDIA/VIDEO/1980's/38 Special - Caught Up In You.mp4
RVTR682356,America,Sister Golden Hair,3,no,yes,yes,yes,yes,draft,/Users/bobhopp/DJ MEDIA/VIDEO/1970's/America - Sister Golden Hair.mp4
RVTR714533,Jonathan Edwards,Sunshine,3,no,yes,yes,yes,yes,,/Users/bobhopp/DJ MEDIA/VIDEO/1970's/Jonathan Edwards - Sunshine.mp4
RVTR539376,Shaggy,Strength Of A Woman,3,no,yes,no,yes,no,,/Users/bobhopp/DJ MEDIA/VIDEO/2000's/Shaggy - Strength Of A Woman.mp4
RVTR391501,Bob Seger,Shame On The Moon,3,no,yes,yes,yes,yes,,/Users/bobhopp/DJ MEDIA/VIDEO/1980's/Bob Seger - Shame On The Moon.mp4
RVTR063099,Jill Sobule,I Kissed A Girl,3,no,no,yes,yes,yes,,/Users/bobhopp/DJ MEDIA/VIDEO/1990's/Jill Sobule - I Kissed A Girl.mp4
RVTR039781,Alan Jackson,Chattahoochee,3,yes,yes,yes,yes,yes,review,/Users/bobhopp/DJ MEDIA/VIDEO/1990's/Alan Jackson - Chattahoochee.mp4
RVTR481079,Snap!,Rhythm Is A Dancer 2003,3,no,no,no,yes,no,,/Users/bobhopp/DJ MEDIA/VIDEO/TECHNO/Snap! - Rhythm Is A Dancer 2003.mp4
RVTR917640,Aerosmith,Janie's Got A Gun,3,no,yes,yes,yes,yes,review,/Users/bobhopp/DJ MEDIA/VIDEO/1990's/Aerosmith - Janie's Got A Gun.mp4
RVTR953549,Kool & The Gang,Ladies Night,3,no,no,no,yes,no,,/Users/bobhopp/DJ MEDIA/VIDEO/1980's/Kool & The Gang - Ladies Night.mp4
RVTR201409,DJ Sammy & Yanou f.Do,Heaven,3,no,no,no,yes,no,,/Users/bobhopp/DJ MEDIA/VIDEO/TECHNO/DJ Sammy & Yanou f.Do - Heaven.mp4
RVTR239521,Enigma,Return To Innocence,3,no,yes,yes,yes,yes,,/Users/bobhopp/DJ MEDIA/VIDEO/1990's/Enigma - Return To Innocence.mp4
RVTR230968,Tim Barry,Thing Of The Past,3,no,no,no,yes,no,,/Users/bobhopp/DJ MEDIA/VIDEO/2010's/Tim Barry - Thing Of The Past.mp4
RVTR773442,Tony! Toni! Tone!,Feels Good,3,yes,no,yes,yes,yes,review,/Users/bobhopp/DJ MEDIA/VIDEO/1990's/Tony! Toni! Tone! - Feels Good.mp4
RVTR171269,ABBA,Lay All Your Love On Me,3,no,yes,no,yes,yes,review,/Users/bobhopp/DJ MEDIA/VIDEO/1980's/ABBA - Lay All Your Love On Me.mp4
RVTR769222,Michael Jackson,Dirty Diana,3,no,yes,yes,yes,yes,,/Users/bobhopp/DJ MEDIA/VIDEO/1980's/Michael Jackson - Dirty Diana.mp4
RVTR545292,Elton John,The Bitch Is Back,3,no,yes,yes,yes,yes,,/Users/bobhopp/DJ MEDIA/VIDEO/1970's/Elton John - The Bitch Is Back.mp4
RVTR830655,Roxy Music,Love Is The Drug,3,no,yes,yes,yes,yes,draft,/Users/bobhopp/DJ MEDIA/VIDEO/1970's/Roxy Music - Love Is The Drug.mp4
RVTR595832,Right Said Fred,I'm Too Sexy,3,no,yes,yes,yes,yes,,/Users/bobhopp/DJ MEDIA/VIDEO/1990's/Right Said Fred - I'm Too Sexy.mp4
RVTR178426,The Jacksons,Can You Feel It,3,no,yes,yes,yes,yes,,/Users/bobhopp/DJ MEDIA/VIDEO/1980's/The Jacksons - Can You Feel It.mp4
RVTR837189,Operation Ivy,Sound System,3,no,no,no,yes,no,,/Users/bobhopp/DJ MEDIA/VIDEO/1990's/Operation Ivy - Sound System.mp4
RVTR567651,Justin Timberlake,Sexy Back,3,no,no,no,yes,no,,/Users/bobhopp/DJ MEDIA/VIDEO/2000's/Justin Timberlake - Sexy Back.mp4
RVTR586668,Journey,Any Way You Want It,3,no,no,yes,yes,yes,,/Users/bobhopp/DJ MEDIA/VIDEO/1980's/Journey - Any Way You Want It.mp4
RVTR672056,Prince,I Wanna Be Your Lover,3,no,yes,yes,yes,yes,,/Users/bobhopp/DJ MEDIA/VIDEO/1980's/Prince - I Wanna Be Your Lover.mp4
RVTR167559,Stevie Wonder,Higher Ground,3,no,yes,yes,yes,yes,,/Users/bobhopp/DJ MEDIA/VIDEO/1970's/Stevie Wonder - Higher Ground.mp4
RVTR014481,Firehouse,Love Of A Lifetime,3,no,no,yes,yes,yes,,/Users/bobhopp/DJ MEDIA/VIDEO/1990's/Firehouse - Love Of A Lifetime.mp4
RVTR754151,Bob Dylan,Visions Of Johanna,3,no,yes,no,yes,no,,/Users/bobhopp/DJ MEDIA/VIDEO/1960's/Bob Dylan - Visions Of Johanna.mp4
RVTR386887,Depeche Mode,Policy Of Truth,3,no,yes,yes,yes,yes,,/Users/bobhopp/DJ MEDIA/VIDEO/1990's/Depeche Mode - Policy Of Truth.mp4
RVTR293346,Nicolette Larson,Lotta Love,3,yes,yes,yes,yes,yes,review,/Users/bobhopp/DJ MEDIA/VIDEO/1970's/Nicolette Larson - Lotta Love.mp4
RVTR535829,Greta Van Fleet,Highway Tune,3,no,no,no,yes,no,,/Users/bobhopp/DJ MEDIA/VIDEO/2010's/Greta Van Fleet - Highway Tune.mp4
RVTR610975,Peter Andre,Mysterious Girl,3,no,no,no,yes,no,,/Users/bobhopp/DJ MEDIA/VIDEO/1990's/Peter Andre - Mysterious Girl.mp4
RVTR849796,Culture Club,Karma Chameleon,3,no,yes,yes,yes,yes,,/Users/bobhopp/DJ MEDIA/VIDEO/1980's/Culture Club - Karma Chameleon.mp4
RVTR831495,Whitney Houston,Higher Love,3,no,no,no,yes,no,,/Users/bobhopp/DJ MEDIA/VIDEO/1980's/Whitney Houston - Higher Love.mp4
RVTR883473,Supertramp,Give A Little Bit,3,no,yes,yes,yes,yes,,/Users/bobhopp/DJ MEDIA/VIDEO/1970's/Supertramp - Give A Little Bit.mp4
RVTR898512,Led Zeppelin,Fool in the Rain,3,no,yes,yes,yes,yes,,/Users/bobhopp/DJ MEDIA/VIDEO/1970's/Led Zeppelin - Fool in the Rain.mp4
RVTR457416,Joe Walsh,Rocky Mountain Way,3,no,yes,yes,yes,yes,,/Users/bobhopp/DJ MEDIA/VIDEO/1970's/Joe Walsh - Rocky Mountain Way.mp4
RVTR762823,Paul McCartney,Let Me Roll It,3,no,yes,no,yes,no,,/Users/bobhopp/DJ MEDIA/VIDEO/1970's/Paul McCartney - Let Me Roll It.mp4
RVTR024629,The Beau Brummels,Laugh Laugh,3,no,yes,no,yes,no,,/Users/bobhopp/DJ MEDIA/VIDEO/1960's/The Beau Brummels - Laugh Laugh.mp4
RVTR834641,The Buckinghams,Kind Of A Drag,3,no,yes,yes,yes,yes,,/Users/bobhopp/DJ MEDIA/VIDEO/1960's/The Buckinghams - Kind Of A Drag.mp4
RVTR853445,The Troggs,Love Is All Around,3,yes,no,yes,yes,yes,review,/Users/bobhopp/DJ MEDIA/VIDEO/1960's/The Troggs - Love Is All Around.mp4
RVTR447965,Aaliyah,Are You That Somebody,3,no,yes,yes,yes,yes,review,/Users/bobhopp/DJ MEDIA/VIDEO/1990's/Aaliyah - Are You That Somebody.mp4
RVTR486562,Destiny's Child,Bootylicious,3,no,yes,yes,yes,yes,,/Users/bobhopp/DJ MEDIA/VIDEO/2000's/Destiny's Child - Bootylicious.mp4
RVTR851744,Whitesnake,Still of the Night,3,no,yes,yes,yes,yes,,/Users/bobhopp/DJ MEDIA/VIDEO/1980's/Whitesnake - Still of the Night.mp4
RVTR137208,Human League,Don't You Want Me,3,no,yes,yes,yes,no,,/Users/bobhopp/DJ MEDIA/VIDEO/1980's/Human League - Don't You Want Me.mp4
RVTR413803,Supertramp,It's Raining Again,3,no,no,yes,yes,yes,,/Users/bobhopp/DJ MEDIA/VIDEO/1980's/Supertramp - It's Raining Again.mp4
RVTR708182,Pretenders,Stop Your Sobbing,3,no,yes,yes,yes,yes,,/Users/bobhopp/DJ MEDIA/VIDEO/1980's/Pretenders - Stop Your Sobbing.mp4
RVTR951915,Jackson Browne,Doctor My Eyes,3,no,yes,yes,yes,yes,,/Users/bobhopp/DJ MEDIA/VIDEO/1970's/Jackson Browne - Doctor My Eyes.MP4
RVTR870229,Billy Idol,Eyes Without A Face,3,no,yes,yes,yes,yes,review,/Users/bobhopp/DJ MEDIA/VIDEO/1980's/Billy Idol - Eyes Without A Face.mp4
RVTR986480,Diesel,Sausalito Summernight,3,no,yes,yes,yes,yes,,/Users/bobhopp/DJ MEDIA/VIDEO/1980's/Diesel - Sausalito Summernight.mp4
RVTR935527,Sierra Ferrell,Dollar Bill Bar,3,no,no,no,yes,no,,/Users/bobhopp/DJ MEDIA/VIDEO/2020's/Sierra Ferrell - Dollar Bill Bar.mp4
RVTR758231,R.L. Burnside,It's Bad You Know,3,no,no,no,yes,no,,/Users/bobhopp/DJ MEDIA/VIDEO/1990's/R.L. Burnside - It's Bad You Know.mp4
RVTR651238,AC/DC,Its a Long Way to the Top,3,no,no,no,yes,no,draft,/Users/bobhopp/DJ MEDIA/VIDEO/1970's/AC_DC - Its a Long Way to the Top.mp4
RVTR757147,The Beach Boys,Good Vibrations,3,no,yes,yes,yes,yes,,/Users/bobhopp/DJ MEDIA/VIDEO/1970's/The Beach Boys - Good Vibrations.mp4
RVTR452189,The Animals,Don't Bring Me Down,3,no,yes,yes,yes,yes,,/Users/bobhopp/DJ MEDIA/VIDEO/1960's/The Animals - Don't Bring Me Down.mp4
RVTR859793,Coheed and Cambria,Welcome Home,3,no,no,no,yes,no,,/Users/bobhopp/DJ MEDIA/VIDEO/2000's/Coheed and Cambria - Welcome Home.mp4
RVTR037039,Mike Posner,Bow Chicka Wow Wow,3,no,yes,yes,yes,yes,,/Users/bobhopp/DJ MEDIA/VIDEO/2010's/Mike Posner - Bow Chicka Wow Wow.mp4
RVTR689342,Nine Inch Nails,Head Like A Hole,3,no,no,no,yes,no,,/Users/bobhopp/DJ MEDIA/VIDEO/1990's/Nine Inch Nails - Head Like A Hole.mp4
RVTR012820,Austin Williams,90s Rap Mashup,3,no,no,no,yes,yes,review,/Users/bobhopp/DJ MEDIA/VIDEO/2020's/Austin Williams - 90s Rap Mashup.mp4
RVTR088885,Kid Rock F.Sheryl Crow,Picture,3,no,no,no,yes,no,,/Users/bobhopp/DJ MEDIA/VIDEO/2000's/Kid Rock F.Sheryl Crow - Picture.mp4
RVTR889986,Elvis Presley,Polk Salad Annie,3,no,yes,no,yes,no,,/Users/bobhopp/DJ MEDIA/VIDEO/1970's/Elvis Presley - Polk Salad Annie.mp4
RVTR893205,Olivia Newton John & ELO,Xanadu,3,no,no,no,yes,no,,/Users/bobhopp/DJ MEDIA/VIDEO/1980's/Olivia Newton John & ELO - Xanadu.mp4
RVTR192952,Tiffany,I Think We're Alone Now,3,no,no,yes,yes,yes,,/Users/bobhopp/DJ MEDIA/VIDEO/1980's/Tiffany - I Think We're Alone Now.mp4
RVTR915711,Willie Nelson,On the Road Again,3,no,no,yes,yes,yes,,/Users/bobhopp/DJ MEDIA/VIDEO/2010's/Willie Nelson - On the Road Again.mp4
RVTR306382,AC/DC,It's a Long Way to the Top,3,no,no,no,yes,no,review,/Users/bobhopp/DJ MEDIA/VIDEO/1970's/AC_DC - It's a Long Way to the Top.mp4
RVTR862914,Right Said Fred,I'm Too Sexy 2007,3,no,no,no,yes,no,,/Users/bobhopp/DJ MEDIA/VIDEO/TECHNO/Right Said Fred - I'm Too Sexy 2007.mp4
RVTR483445,Color Me Badd,I Wanna Sex You Up,3,no,no,yes,yes,yes,,/Users/bobhopp/DJ MEDIA/VIDEO/1990's/Color Me Badd - I Wanna Sex You Up.mp4
RVTR167453,Bob Seger,Old Time Rock And Roll,3,no,no,no,yes,no,,/Users/bobhopp/DJ MEDIA/VIDEO/1980's/Bob Seger - Old Time Rock And Roll.mp4
RVTR606879,Vulfpeck,Boogie on Reggae Woman,3,no,no,no,yes,yes,,/Users/bobhopp/DJ MEDIA/VIDEO/2020's/Vulfpeck - Boogie on Reggae Woman.mp4
RVTR462255,My Chemical Romance,I'm Not Okay,3,no,no,yes,yes,yes,,/Users/bobhopp/DJ MEDIA/VIDEO/2000's/My Chemical Romance - I'm Not Okay.mp4
RVTR503727,White Zombie,I'm Your Boogieman,3,no,no,no,yes,no,,/Users/bobhopp/DJ MEDIA/VIDEO/1990's/White Zombie - I'm Your Boogieman.mp4
RVTR546785,Cypress Hill,Hits From The Bong,3,no,yes,no,yes,no,,/Users/bobhopp/DJ MEDIA/VIDEO/1990's/Cypress Hill - Hits From The Bong.mp4
RVTR698834,John Mellencamp,Authority Song,3,no,yes,no,yes,no,,/Users/bobhopp/DJ MEDIA/VIDEO/1980's/John Mellencamp - Authority Song.mp4
RVTR576027,Lawrence,Something In The Water,3,no,no,no,yes,no,,/Users/bobhopp/DJ MEDIA/VIDEO/2020's/Lawrence - Something In The Water.mp4
RVTR494521,Sly & The Family Stone,Thank You,3,no,no,no,yes,no,,/Users/bobhopp/DJ MEDIA/VIDEO/1970's/Sly & The Family Stone - Thank You.mp4
RVTR489971,John Michael Montgomery,I Swear,3,no,yes,yes,yes,yes,,/Users/bobhopp/DJ MEDIA/VIDEO/1990's/John Michael Montgomery - I Swear.mp4
RVTR839692,George Michael,Careless Whisper,3,no,no,no,yes,no,,/Users/bobhopp/DJ MEDIA/VIDEO/1980's/George Michael - Careless Whisper.mp4
RVTR269789,Daryl Hall & John Oates,Rich Girl,3,no,no,no,yes,no,,/Users/bobhopp/DJ MEDIA/VIDEO/1970's/Daryl Hall & John Oates - Rich Girl.mp4
RVTR772853,Robert Palmer,Looking For Clues,3,no,yes,no,yes,no,,/Users/bobhopp/DJ MEDIA/VIDEO/1980's/Robert Palmer - Looking For Clues.mp4
RVTR889877,Black Crowes,She Talks To Angels,3,no,yes,yes,yes,no,review,/Users/bobhopp/DJ MEDIA/VIDEO/1990's/Black Crowes - She Talks To Angels.mp4
RVTR737001,Nick Gilder,Hot Child In The City,3,yes,yes,yes,yes,yes,review,/Users/bobhopp/DJ MEDIA/VIDEO/1970's/Hot Child In The City - Nick Gilder.mp4
RVTR810086,Black Oak Arkansas,Jim Dandy,3,no,yes,yes,yes,yes,review,/Users/bobhopp/DJ MEDIA/VIDEO/1970's/Black Oak Arkansas - Jim Dandy (1973).mp4
RVTR226740,Guns N' Roses,Sweet Child O' Mine,3,no,yes,yes,yes,yes,,/Users/bobhopp/DJ MEDIA/VIDEO/1980's/Guns N  Roses - Sweet Child Of Mine.mp4
RVTR143225,Dave Matthews Band,Ants Marching,3,no,yes,no,yes,no,,/Users/bobhopp/DJ MEDIA/VIDEO/2000's/Dave Matthews Band - Ants Marching.mp4
RVTR880211,Third Eye Blind,Semi Charmed Life,3,no,yes,yes,yes,no,,/Users/bobhopp/DJ MEDIA/VIDEO/1990's/Third Eye Blind - Semi Charmed Life.mp4
RVTR784601,Zepparella,When The Levee Breaks,3,no,no,no,yes,no,,/Users/bobhopp/DJ MEDIA/VIDEO/1970's/Zepparella - When The Levee Breaks.mp4
RVTR903127,White Stripes,Seven Nation Army,3,no,yes,yes,yes,no,,/Users/bobhopp/DJ MEDIA/VIDEO/2000's/White Stripes - Seven Nation Army.mp4
RVTR714685,Johnny Cash & June Carter,Jackson,3,no,no,no,yes,no,,/Users/bobhopp/DJ MEDIA/VIDEO/1970's/Johnny Cash & June Carter - Jackson.mp4
RVTR990821,"Blood, Sweat & Tears",And When I Die,3,no,no,no,yes,no,review,"/Users/bobhopp/DJ MEDIA/VIDEO/1960's/Blood, Sweat & Tears - And When I Die.mp4"
RVTR360678,Meat Loaf,I'd Do Anything For Love,3,no,no,yes,yes,yes,,/Users/bobhopp/DJ MEDIA/VIDEO/1990's/Meat Loaf - I'd Do Anything For Love.mp4
RVTR431385,John Anderson,Friends Of Mr Cairo,3,no,no,no,yes,yes,,/Users/bobhopp/DJ MEDIA/VIDEO/1980's/John Anderson - Friends Of Mr Cairo.mp4
RVTR360936,The Presidents of the USA,Peaches,3,no,no,no,yes,no,,/Users/bobhopp/DJ MEDIA/VIDEO/1990's/The Presidents of the USA - Peaches.mp4
RVTR226910,The Hollies,The Air That I Breathe,3,no,no,yes,yes,yes,,/Users/bobhopp/DJ MEDIA/VIDEO/1970's/The Hollies - The Air That I Breathe.mp4
RVTR265288,The Rolling Stones,Paint It Black,3,no,no,no,yes,no,,/Users/bobhopp/DJ MEDIA/VIDEO/1960's/The Rolling Stones - Paint It Black.mp4
RVTR178657,Eddie Rabbitt,Drivin' My Life Away,3,no,yes,yes,yes,yes,,/Users/bobhopp/DJ MEDIA/VIDEO/1980's/Eddie Rabbitt - Drivin' My Life Away.mp4
RVTR230066,Great White,Once Bitten Twice Shy,3,no,yes,yes,yes,yes,,/Users/bobhopp/DJ MEDIA/VIDEO/1980's/Great White - Once Bitten Twice Shy.mp4
RVTR902948,My Darkest Days,Porn Star Dancing,3,no,no,yes,yes,yes,,/Users/bobhopp/DJ MEDIA/VIDEO/2010's/My Darkest Days - Porn Star Dancing.mp4
RVTR582123,John Cougar Mellencamp,Wild Night,3,no,no,no,yes,no,,/Users/bobhopp/DJ MEDIA/VIDEO/1990's/John Cougar Mellencamp - Wild Night.mp4
RVTR164556,Samantha Fox,I Wanna Have Some Fun,3,no,yes,yes,yes,yes,,/Users/bobhopp/DJ MEDIA/VIDEO/1980's/Samantha Fox - I Wanna Have Some Fun.mp4
RVTR423250,Beastie Boys,Fight For Your Right,3,no,yes,no,yes,no,review,/Users/bobhopp/DJ MEDIA/VIDEO/1980's/Beastie Boys - Fight For Your Right.mp4
RVTR170380,The Dirty Heads f. Rome,Lay Me Down,3,no,no,no,yes,no,,/Users/bobhopp/DJ MEDIA/VIDEO/2010's/The Dirty Heads f. Rome - Lay Me Down.mp4
RVTR446970,Billy Joel,Only The Good Die Young,3,yes,yes,yes,yes,yes,review,/Users/bobhopp/DJ MEDIA/VIDEO/1970's/Billy Joel - Only The Good Die Young.mp4
RVTR918632,The Tractors,Baby Likes To Rock It,3,no,yes,no,yes,no,,/Users/bobhopp/DJ MEDIA/VIDEO/1990's/The Tractors - Baby Likes To Rock It.mp4
RVTR643804,Amy Winehouse,You Know I'm No Good,3,no,no,yes,yes,yes,review,/Users/bobhopp/DJ MEDIA/VIDEO/2010's/Amy Winehouse - You Know I'm No Good.mp4
RVTR190132,Zach Bryan,Something In The Orange,3,no,no,yes,yes,yes,,/Users/bobhopp/DJ MEDIA/VIDEO/2020's/Zach Bryan - Something In The Orange.mp4
RVTR191135,Billy Joel,We Didn't Start The Fire,3,no,yes,yes,yes,yes,review,/Users/bobhopp/DJ MEDIA/VIDEO/1980's/Billy Joel - We Didn't Start The Fire.mp4
RVTR511399,A Taste Of Honey,Boogie Oogie Oogie,3,no,yes,yes,yes,yes,review,/Users/bobhopp/DJ MEDIA/VIDEO/1980's/A Taste Of Honey - Boogie Oogie Oogie.mp4
RVTR708534,The Pointer Sisters,Neutron Dance,3,no,yes,yes,yes,yes,,/Users/bobhopp/DJ MEDIA/VIDEO/1980's/The Pointer Sisters - Neutron Dance.mp4
RVTR680658,Sina,Where the Streets Have No Name,3,no,no,no,yes,no,,/Users/bobhopp/DJ MEDIA/VIDEO/2020's/Sina - Where the Streets Have No Name.mp4
RVTR509019,Buggles,Video Killed The Radio Star,3,no,no,yes,yes,yes,,/Users/bobhopp/DJ MEDIA/VIDEO/1980's/Buggles - Video Killed The Radio Star.mp4
RVTR285819,The Animals,House of the Rising Sun,3,no,yes,yes,yes,yes,,/Users/bobhopp/DJ MEDIA/VIDEO/1960's/The Animals - House of the Rising Sun.mp4
RVTR698101,Whitney Houston,Queen Of The Night,3,no,yes,no,yes,no,,/Users/bobhopp/DJ MEDIA/VIDEO/1990's/Whitney Houston - Queen Of The Night.mp4
RVTR195375,Led Zeppelin,Rock And Roll,3,no,yes,yes,yes,yes,,/Users/bobhopp/DJ MEDIA/VIDEO/1970's/Led Zeppelin - Rock And Roll (Dancers).mp4
RVTR373085,Bobby McFerrin,Don't Worry Be Happy,3,no,no,no,yes,no,,/Users/bobhopp/DJ MEDIA/VIDEO/1980's/Bobby McFerrin - Don't Worry Be Happy.mp4
RVTR080819,Miley Cyrus,Man Of Constant Sorrow,3,no,no,no,yes,no,,/Users/bobhopp/DJ MEDIA/VIDEO/2010's/Miley Cyrus - Man Of Constant Sorrow.mp4
RVTR680010,Daryl Hall & John Oates,Private Eyes,3,no,no,no,yes,no,,/Users/bobhopp/DJ MEDIA/VIDEO/1980's/Daryl Hall & John Oates - Private Eyes.mp4
RVTR259969,Blu Cantrell,Hit 'Em Up Style (Oops!),3,no,no,yes,yes,yes,review,/Users/bobhopp/DJ MEDIA/VIDEO/2000's/Blu Cantrell - Hit 'Em Up Style (Oops!).mp4
RVTR118188,Eddie Money,Two Tickets to Paradise,3,no,yes,yes,yes,yes,,/Users/bobhopp/DJ MEDIA/VIDEO/1970's/Eddie Money - Two Tickets to Paradise.mp4
RVTR648969,Pink Floyd,Another Brick In The Wall,3,no,no,yes,yes,yes,,/Users/bobhopp/DJ MEDIA/VIDEO/1970's/Pink Floyd - Another Brick In The Wall.mp4
RVTR266142,Jump In The Saddle,The Curly Shuffle,3,no,no,no,yes,no,,/Users/bobhopp/DJ MEDIA/VIDEO/1980's/Jump In The Saddle - The Curly Shuffle.mp4
RVTR741337,Johnny Horton,Battle Of New Orleans,3,no,no,no,yes,no,,/Users/bobhopp/DJ MEDIA/VIDEO/1950's/Johnny Horton - Battle Of New Orleans.mp4
RVTR922358,Rod Stewart,My Heart Can't Tell Me No,3,no,no,no,yes,no,,/Users/bobhopp/DJ MEDIA/VIDEO/1980's/Rod Stewart - My Heart Can't Tell Me No.mp4
RVTR377182,Jimmy Page,Since I've Been Loving You,3,no,no,no,yes,no,,/Users/bobhopp/DJ MEDIA/VIDEO/1970's/Jimmy Page - Since I've Been Loving You.mp4
RVTR533866,Ellie Goulding,Anything Could Happen,3,no,yes,yes,yes,yes,,/Users/bobhopp/DJ MEDIA/VIDEO/2010's/Ellie Goulding - Anything Could Happen.mp4
RVTR901630,Santana,While My Guitar Gently Weeps,3,no,yes,no,yes,no,,/Users/bobhopp/DJ MEDIA/VIDEO/2010's/Santana - While My Guitar Gently Weeps.mp4
RVTR312324,The Proclaimers,I'm Gonna Be (500 Miles),3,no,no,yes,yes,yes,,/Users/bobhopp/DJ MEDIA/VIDEO/1980's/The Proclaimers - I'm Gonna Be (500 Miles).mp4
RVTR033844,Milli Vanilli,Girl You Know It's True,3,no,no,yes,yes,yes,,/Users/bobhopp/DJ MEDIA/VIDEO/1980's/Milli Vanilli - Girl You Know It's True.mp4
RVTR493853,Twisted Sister,We're Not Gonna Take it,3,no,no,yes,yes,yes,,/Users/bobhopp/DJ MEDIA/VIDEO/1980's/Twisted Sister - We re Not Gonna Take it.mp4
RVTR367171,Whole Lotta Folsom,The Surreal McCoys,3,no,no,no,yes,no,,/Users/bobhopp/DJ MEDIA/VIDEO/2010's/Whole Lotta Folsom - The Surreal McCoys.mp4
RVTR114744,"Crosby, Stills, Nash, & Young",Our House,3,no,no,no,yes,no,,"/Users/bobhopp/DJ MEDIA/VIDEO/1970's/Crosby, Stills, Nash, & Young - Our House.mp4"
RVTR826100,Peter Gabriel,Games Without Frontiers,3,no,yes,yes,yes,yes,,/Users/bobhopp/DJ MEDIA/VIDEO/1980's/Peter Gabriel - Games Without Frontiers.mp4
RVTR202017,Grand Funk Railroad,Inside Looking Out,3,no,yes,no,yes,no,,/Users/bobhopp/DJ MEDIA/VIDEO/1960's/Grand Funk Railroad - Inside Looking Out.mp4
RVTR467531,The Jimi Hendrix Experience,Foxey Lady,3,no,yes,no,yes,no,,/Users/bobhopp/DJ MEDIA/VIDEO/1960's/The Jimi Hendrix Experience - Foxey Lady.mp4
RVTR191457,Electric Light Orchestra,Strange Magic,3,no,yes,yes,yes,yes,,/Users/bobhopp/DJ MEDIA/VIDEO/1970's/Electric Light Orchestra - Strange Magic.mp4
RVTR114929,Three Dog Night,Old Fashioned Love Song,3,no,yes,no,yes,no,draft,/Users/bobhopp/DJ MEDIA/VIDEO/1970's/Three Dog Night - Old Fashioned Love Song.mp4
RVTR916759,Cypress Hill,I Ain't Goin' Out Like That,3,no,no,no,yes,no,,/Users/bobhopp/DJ MEDIA/VIDEO/1990's/Cypress Hill - I Ain't Goin' Out Like That.mp4
RVTR404429,Andrew Gold,Thank You For Being A Friend,3,yes,yes,yes,yes,yes,review,/Users/bobhopp/DJ MEDIA/VIDEO/1970's/Andrew Gold - Thank You For Being A Friend.mp4
RVTR848947,Simple Minds,Don't You (Forget About Me),3,no,yes,yes,yes,yes,,/Users/bobhopp/DJ MEDIA/VIDEO/1980's/Simple Minds - Don't You (Forget About Me).mp4
RVTR824056,Sir Douglas Quintet,She's About A Mover,3,yes,no,yes,yes,yes,cards_ready,/Users/bobhopp/DJ MEDIA/VIDEO/1960's/Sir Douglas Quintet - She's About A Mover.mp4
RVTR060225,The Mamas & The Papas,California Dreamin',3,yes,no,no,yes,no,cards_ready,/Users/bobhopp/DJ MEDIA/VIDEO/1960's/The Mamas & The Papas - California Dreamin'.mp4
RVTR301963,Lawrence,I'm Confident That I'm Insecure,3,no,no,no,yes,no,,/Users/bobhopp/DJ MEDIA/VIDEO/2020's/Lawrence - I'm Confident That I'm Insecure.mp4
RVTR309887,Whitney Houston,I Will Always Love You,3,no,yes,yes,yes,yes,,/Users/bobhopp/DJ MEDIA/VIDEO/1990's/Whitney Houston - I Will Always Love You.mp4
RVTR778426,Prince and The Revolution,Let's Go Crazy,3,no,yes,yes,yes,yes,,/Users/bobhopp/DJ MEDIA/VIDEO/1980's/Prince and The Revolution - Let's Go Crazy.mp4
RVTR311270,Bruno Mars,24K Magic,3,no,yes,yes,yes,yes,,/Users/bobhopp/DJ MEDIA/VIDEO/2010's/Bruno Mars - 24K Magic (Official Music Video).mp4
RVTR306696,Elvis Presley,A Little Less Conversation,3,no,yes,yes,yes,yes,,/Users/bobhopp/DJ MEDIA/VIDEO/1960's/Elvis Presley - A Little Less Conversation.mp4
RVTR747187,Belinda Carlisle,Heaven Is A Place On Earth,3,no,yes,yes,yes,yes,review,/Users/bobhopp/DJ MEDIA/VIDEO/1980's/Belinda Carlisle - Heaven Is A Place On Earth.mp4
RVTR056057,Eagles,Lyin' Eyes,3,no,yes,yes,yes,yes,draft,"/Users/bobhopp/DJ MEDIA/VIDEO/1970's/Eagles - Lyin' Eyes (Official Video, Live 1977).mp4"
RVTR625438,Sister Sledge,When the Boys Meet the Girls,3,no,no,no,yes,no,,/Users/bobhopp/DJ MEDIA/VIDEO/1980's/Sister Sledge - When the Boys Meet the Girls.mp4
RVTR459854,The Rolling Stones,Sympathy for the Devil,3,no,no,yes,yes,yes,,/Users/bobhopp/DJ MEDIA/VIDEO/1960's/The Rolling Stones - Sympathy for the Devil.mp4
RVTR407803,Big Head Todd and the Monsters,Bittersweet,3,no,no,no,yes,no,review,/Users/bobhopp/DJ MEDIA/VIDEO/1990's/Big Head Todd and the Monsters - Bittersweet.mp4
RVTR934014,Dionne Warwick & The Spinners,Then Came You,3,no,no,no,yes,no,,/Users/bobhopp/DJ MEDIA/VIDEO/1970's/Dionne Warwick & The Spinners - Then Came You.mp4
RVTR984759,Church of the Cosmic Skull,Evil in your Eye,3,no,no,no,yes,no,,/Users/bobhopp/DJ MEDIA/VIDEO/2010's/Church of the Cosmic Skull - Evil in your Eye.mp4
RVTR838164,Steelers Wheel,Stuck In The Middle With You,3,no,no,no,yes,no,,/Users/bobhopp/DJ MEDIA/VIDEO/1970's/Steelers Wheel - Stuck In The Middle With You.mp4
RVTR442554,Mark Knopfler & Willy DeVille,Storybook Love,3,no,no,no,yes,yes,,/Users/bobhopp/DJ MEDIA/VIDEO/1980's/Mark Knopfler & Willy DeVille - Storybook Love.mp4
RVTR770829,Miley Cyrus and Stevie Nicks,Edge of Midnight,3,no,no,no,yes,no,,/Users/bobhopp/DJ MEDIA/VIDEO/2020's/Miley Cyrus and Stevie Nicks - Edge of Midnight.mp4
RVTR373662,Pet Shop Boys,What Have I Done To Deserve This,3,no,yes,yes,yes,yes,,/Users/bobhopp/DJ MEDIA/VIDEO/1980's/Pet Shop Boys - What Have I Done To Deserve This.mp4
RVTR444019,Elton John & KiKi Dee,Don't Go Breaking My Heart,3,no,no,no,yes,no,,/Users/bobhopp/DJ MEDIA/VIDEO/1970's/Elton John & KiKi Dee - Don't Go Breaking My Heart.mp4
RVTR540755,Reunion,Life Is A Rock,3,no,no,yes,yes,yes,,/Users/bobhopp/DJ MEDIA/VIDEO/1970's/Reunion - Life Is A Rock (But The Radio Rolled Me).mp4
RVTR800934,Janet Jackson,Love Will Never Do (Without You),3,no,yes,yes,yes,yes,,/Users/bobhopp/DJ MEDIA/VIDEO/1990's/Janet Jackson - Love Will Never Do (Without You).mp4
RVTR574410,Jefferson Starship,Nothin's Gonna Stop Us Now,3,no,no,no,yes,no,,/Users/bobhopp/DJ MEDIA/VIDEO/1980's/Jefferson Starship - Nothin's Gonna Stop Us Now.mp4
RVTR872269,Digable Planets,Rebirth Of Slick (Cool Like Dat),3,no,no,yes,yes,yes,,/Users/bobhopp/DJ MEDIA/VIDEO/1990's/Digable Planets - Rebirth Of Slick (Cool Like Dat).mp4
RVTR945585,Huey Lewis and The News,Little Bitty Pretty One,3,no,no,no,yes,no,,/Users/bobhopp/DJ MEDIA/VIDEO/1950's/Huey Lewis and The News - Little Bitty Pretty One.mp4
RVTR623854,George Thorogood and the Destroyers,I Drink Alone,3,no,no,no,yes,no,,/Users/bobhopp/DJ MEDIA/VIDEO/1980's/George Thorogood and the Destroyers - I Drink Alone.mp4
RVTR017227,Kygo & Whitney Houston,Higher Love,3,no,no,no,yes,no,,/Users/bobhopp/DJ MEDIA/VIDEO/2010's/Kygo & Whitney Houston - Higher Love (Official Video).mp4
RVTR173591,Gordon Lightfoot,The Wreck of the Edmund Fitzgerald,3,no,yes,yes,yes,yes,,/Users/bobhopp/DJ MEDIA/VIDEO/1970's/Gordon Lightfoot - The Wreck of the Edmund Fitzgerald.mp4
RVTR610753,Stevie Ray Vaughan & Double Trouble,Leave My Girl Alone,3,no,no,no,yes,no,,/Users/bobhopp/DJ MEDIA/VIDEO/1990's/Stevie Ray Vaughan & Double Trouble - Leave My Girl Alone.mp4
RVTR736640,"Corey Taylor, Dave Grohl, Rick Nielsen",From Can To Can't,3,no,no,no,yes,no,,"/Users/bobhopp/DJ MEDIA/VIDEO/2010's/Corey Taylor, Dave Grohl, Rick Nielsen - From Can To Can't.mp4"
RVTR850947,Mark Ronson,Uptown Funk,3,no,no,yes,yes,yes,,/Users/bobhopp/DJ MEDIA/VIDEO/2010's/Mark Ronson - Uptown Funk (Official Video) ft. Bruno Mars.mp4
RVTR515536,Nirvana,Smells Like Teen Spirit,3,no,no,yes,yes,yes,,/Users/bobhopp/DJ MEDIA/VIDEO/1990's/Nirvana - Smells Like Teen Spirit.mp4
RVTR407319,Sina feat Jadyn Rylee & Charlotte Zone,Scarborough Fair,2,no,no,no,yes,no,,/Users/bobhopp/DJ MEDIA/VIDEO/1960's/Sina feat. Jadyn Rylee & Charlotte Zone - Scarborough Fair.mp4
RVTR419935,The Moody Blues,I'm Just A Singer (In A Rock and Roll Band),2,no,no,yes,yes,yes,,/Users/bobhopp/DJ MEDIA/VIDEO/1970's/The Moody Blues - I'm Just A Singer (In A Rock and Roll Band).mp4
RVTR115734,C+C Music Factory,Gonna Make You Sweat (Everybody Dance Now),2,yes,yes,yes,yes,yes,review,/Users/bobhopp/DJ MEDIA/VIDEO/1990's/C+C Music Factory - Gonna Make You Sweat (Everybody Dance Now).mp4
RVTR390260,Fighting Like Apes,Standing Outside An Broken Phonebooth,2,no,no,no,yes,no,,/Users/bobhopp/DJ MEDIA/VIDEO/1990's/Primitive Radio Gods - Standing Outside An Broken Phonebooth.mp4
RVTR993053,"Rod Stewart, Keith Richards & Faces",Twisting Thee Night Away,2,no,no,no,yes,no,,"/Users/bobhopp/DJ MEDIA/VIDEO/1970's/Rod Stewart, Keith Richards & Faces - Twisting Thee Night Away.mp4"
RVTR386466,Carole King,I Feel the Earth Move,2,no,yes,no,yes,no,,"/Users/bobhopp/DJ MEDIA/VIDEO/1970's/Carole King - I Feel the Earth Move (BBC In Concert, February 10, 1971).mp4"
RVTR148613,TLC,Creep,2,no,yes,yes,yes,yes,,/Users/bobhopp/DJ MEDIA/VIDEO/1990's/TLC - Creep.mp4
RVTR677462,Ke$ha,Blow,2,no,yes,yes,yes,yes,,/Users/bobhopp/DJ MEDIA/VIDEO/2010's/Ke$ha - Blow.mp4
RVTR460413,EU,Da Butt,2,no,no,no,yes,no,,/Users/bobhopp/DJ MEDIA/VIDEO/1980's/EU - Da Butt.mp4
RVTR061910,Theory,Rx,2,no,no,no,yes,no,,/Users/bobhopp/DJ MEDIA/VIDEO/2010's/Theory - Rx.mp4
RVTR238566,Prince,1999,2,no,yes,yes,yes,yes,,/Users/bobhopp/DJ MEDIA/VIDEO/1980's/Prince - 1999.mp4
RVTR639322,Dusic,Brick,2,no,no,no,yes,no,,/Users/bobhopp/DJ MEDIA/VIDEO/1970's/Dusic - Brick.mp4
RVTR099400,M,Pop Muzik,2,no,yes,yes,yes,yes,,/Users/bobhopp/DJ MEDIA/VIDEO/1970's/M - Pop Muzik.mp4
RVTR809033,311,Love Song,2,no,no,yes,yes,yes,review,/Users/bobhopp/DJ MEDIA/VIDEO/2000's/311 - Love Song.mp4
RVTR552054,Pink,So What,2,no,no,no,yes,no,,/Users/bobhopp/DJ MEDIA/VIDEO/2000's/Pink - So What.mp4
RVTR519197,Prince,Cream,2,no,no,no,yes,no,,/Users/bobhopp/DJ MEDIA/VIDEO/1990's/Prince - Cream.mp4
RVTR082295,Fugees,Vocab,2,no,yes,no,yes,yes,,/Users/bobhopp/DJ MEDIA/VIDEO/1990's/Fugees - Vocab.mp4
RVTR620275,Muse,Madness,2,no,yes,yes,yes,yes,,/Users/bobhopp/DJ MEDIA/VIDEO/2010's/Muse - Madness.mp4
RVTR837347,AC/DC,Ride On,2,no,yes,no,yes,no,review,/Users/bobhopp/DJ MEDIA/VIDEO/1970's/AC_DC - Ride On.mp4
RVTR287372,Dan Seals,Bop,2,no,yes,yes,yes,yes,,/Users/bobhopp/DJ MEDIA/VIDEO/1980's/Dan Seals - Bop.mp4
RVTR913054,Sum 41,Fat Lip,2,no,yes,yes,yes,yes,,/Users/bobhopp/DJ MEDIA/VIDEO/2000's/Sum 41 - Fat Lip.mp4
RVTR323151,Yello,Oh Yeah,2,no,yes,yes,yes,yes,,/Users/bobhopp/DJ MEDIA/VIDEO/1980's/Yello - Oh Yeah.mp4
RVTR290800,Shaggy,Banana,2,no,no,no,yes,no,,/Users/bobhopp/DJ MEDIA/VIDEO/2000's/Shaggy - Banana.mp4
RVTR385510,TLC,No Scrubs,2,no,yes,yes,yes,yes,,/Users/bobhopp/DJ MEDIA/VIDEO/1990's/TLC - No Scrubs.mp4
RVTR443765,Gorillaz,Dare,2,no,no,yes,yes,yes,,/Users/bobhopp/DJ MEDIA/VIDEO/2000's/Gorillaz - Dare.mp4
RVTR245448,Madonna,Vogue,2,no,no,yes,yes,yes,,/Users/bobhopp/DJ MEDIA/VIDEO/1990's/Madonna - Vogue.mp4
RVTR149197,Slade,My Oh My,2,no,no,no,yes,no,,/Users/bobhopp/DJ MEDIA/VIDEO/1980's/Slade - My Oh My.mp4
RVTR016840,Goose,So Ready,2,no,no,no,yes,yes,,/Users/bobhopp/DJ MEDIA/VIDEO/2020's/Goose - So Ready.mp4
RVTR882044,Pearl Jam,Black,2,no,yes,no,yes,no,,/Users/bobhopp/DJ MEDIA/VIDEO/1990's/Pearl Jam - Black.mp4
RVTR350555,Blondie,Call Me ,2,no,yes,yes,yes,yes,review,/Users/bobhopp/DJ MEDIA/VIDEO/1980's/Blondie - Call Me.mp4
RVTR170778,Bush,Glycerine,2,no,yes,yes,yes,yes,,/Users/bobhopp/DJ MEDIA/VIDEO/1990's/Bush - Glycerine.mp4
RVTR290397,TLC,Waterfalls,2,no,yes,yes,yes,yes,,/Users/bobhopp/DJ MEDIA/VIDEO/1990's/TLC - Waterfalls.mp4
RVTR603012,Vitamin C,Smile,2,no,yes,yes,yes,yes,,/Users/bobhopp/DJ MEDIA/VIDEO/1990's/Vitamin C - Smile.mp4
RVTR348907,Madonna,Hung Up,2,no,yes,yes,yes,yes,,/Users/bobhopp/DJ MEDIA/VIDEO/2000's/Madonna - Hung Up.mp4
RVTR607614,Kid Rock,Cowboy,2,no,yes,yes,yes,yes,,/Users/bobhopp/DJ MEDIA/VIDEO/1990's/Kid Rock - Cowboy.mp4
RVTR227410,ABBA,Chiquitita,2,no,yes,yes,yes,yes,draft,/Users/bobhopp/DJ MEDIA/VIDEO/1970's/ABBA - Chiquitita.mp4
RVTR020829,Gary Numan,Cars,2,no,yes,yes,yes,yes,,/Users/bobhopp/DJ MEDIA/VIDEO/1970's/Gary Numan - Cars.mp4
RVTR696815,Jigsaw,Sky High,2,no,yes,yes,yes,yes,draft,/Users/bobhopp/DJ MEDIA/VIDEO/1970's/Jigsaw - Sky High.mp4
RVTR358909,112,Dance With Me,2,no,no,yes,yes,yes,review,/Users/bobhopp/DJ MEDIA/VIDEO/2000's/112 - Dance With Me.mp4
RVTR312229,Fun,Some Nights,2,no,no,yes,yes,yes,,/Users/bobhopp/DJ MEDIA/VIDEO/2010's/Fun - Some Nights.mp4
RVTR323312,David Bowie,Fame,2,no,yes,yes,yes,yes,draft,/Users/bobhopp/DJ MEDIA/VIDEO/1970's/David Bowie - Fame.mp4
RVTR989725,Post Malone,Wow.,2,no,no,yes,yes,yes,,/Users/bobhopp/DJ MEDIA/VIDEO/2010's/Post Malone - Wow.mp4
RVTR478484,Eminem,Superman,2,no,no,yes,yes,yes,,/Users/bobhopp/DJ MEDIA/VIDEO/2000's/Eminem - Superman.mp4
RVTR693209,The Cars,Let's Go,2,no,yes,yes,yes,yes,,/Users/bobhopp/DJ MEDIA/VIDEO/1970's/The Cars - Let's Go.mp4
RVTR811835,Will Smith,Miami,2,no,yes,yes,yes,yes,,/Users/bobhopp/DJ MEDIA/VIDEO/1990's/Will Smith - Miami.mp4
RVTR185066,Pharcyde,Runnin',2,no,no,no,yes,no,,/Users/bobhopp/DJ MEDIA/VIDEO/1990's/Pharcyde - Runnin'.mp4
RVTR799567,Bananarama,Venus,2,no,yes,yes,yes,yes,review,/Users/bobhopp/DJ MEDIA/VIDEO/1980's/Bananarama - Venus.mp4
RVTR262294,Nelly,Hot In Herre,2,no,yes,yes,yes,yes,,/Users/bobhopp/DJ MEDIA/VIDEO/2000's/Nelly - Hot In Here.mp4
RVTR014861,Pop Evil,100 In A 55,2,no,no,no,yes,no,,/Users/bobhopp/DJ MEDIA/VIDEO/TECHNO/Pop Evil - 100 In A 55.mp4
RVTR878011,Korn,Here To Stay,2,no,yes,yes,yes,yes,,/Users/bobhopp/DJ MEDIA/VIDEO/2000's/Korn - Here To Stay.mp4
RVTR749424,Zapp,Doo Wa Ditty,2,no,no,no,yes,no,,/Users/bobhopp/DJ MEDIA/VIDEO/1980's/Zapp - Doo Wa Ditty.mp4
RVTR519576,B.T. Express,Do It,2,no,no,yes,yes,yes,review,/Users/bobhopp/DJ MEDIA/VIDEO/1970's/B.T. Express - Do It.mp4
RVTR029822,Miguel,Sure Thing,2,no,yes,yes,yes,yes,,/Users/bobhopp/DJ MEDIA/VIDEO/2010's/Miguel - Sure Thing.mp4
RVTR159604,C.W. McCall,Convoy,2,no,yes,yes,yes,yes,draft,/Users/bobhopp/DJ MEDIA/VIDEO/1970's/C.W. McCall - Convoy.mp4
RVTR404234,The Faces,Ooh La La,2,no,no,no,yes,no,,/Users/bobhopp/DJ MEDIA/VIDEO/1970's/The Faces - Ooh La La.mp4
RVTR664641,Kid Rock,Bawitdaba,2,no,no,no,yes,no,,/Users/bobhopp/DJ MEDIA/VIDEO/1990's/Kid Rock - Bawitdaba.mp4
RVTR970681,Shaggy,Boombastic,2,no,no,yes,yes,yes,,/Users/bobhopp/DJ MEDIA/VIDEO/1990's/Shaggy - Boombastic.mp4
RVTR204764,Etta James,At Last,2,no,yes,yes,yes,yes,,/Users/bobhopp/DJ MEDIA/VIDEO/1960's/Etta James - At Last.mp4
RVTR560269,Def Leppard,Animal,2,no,yes,yes,yes,yes,,/Users/bobhopp/DJ MEDIA/VIDEO/1980's/Def Leppard - Animal.mp4
RVTR886262,The Who,Happy Jack,2,yes,yes,yes,yes,yes,review,/Users/bobhopp/DJ MEDIA/VIDEO/1960's/The Who - Happy Jack.mp4
RVTR106679,Inner City,Big Fun,2,no,yes,no,yes,no,,/Users/bobhopp/DJ MEDIA/VIDEO/1980's/Inner City - Big Fun.mp4
RVTR777961,Cannons,Hurricane,2,no,no,no,yes,no,,/Users/bobhopp/DJ MEDIA/VIDEO/2020's/Cannons - Hurricane.mp4
RVTR584709,Tesla,Little Suzi,2,no,yes,yes,yes,yes,,/Users/bobhopp/DJ MEDIA/VIDEO/1980's/Tesla - Little Suzi.mp4
RVTR532456,Bryan Adams,Heaven,2,no,yes,yes,yes,yes,,/Users/bobhopp/DJ MEDIA/VIDEO/1980's/Bryan Adams - Heaven.mp4
RVTR454081,Rob Zombie,Dragula,2,no,no,no,yes,no,,/Users/bobhopp/DJ MEDIA/VIDEO/1990's/Rob Zombie - Dragula.mp4
RVTR030963,Fugees,Nappy Heads,2,no,yes,yes,yes,yes,,/Users/bobhopp/DJ MEDIA/VIDEO/1990's/Fugees - Nappy Heads.mp4
RVTR439653,Taj Mahal,Queen Bee,2,no,no,no,yes,yes,,/Users/bobhopp/DJ MEDIA/VIDEO/1990's/Taj Mahal - Queen Bee.mp4
RVTR868731,Chilliwack,My Girl,2,no,yes,yes,yes,yes,,/Users/bobhopp/DJ MEDIA/VIDEO/1980's/Chilliwack - My Girl.mp4
RVTR099415,The Struts,Royals,2,no,no,no,yes,no,,/Users/bobhopp/DJ MEDIA/VIDEO/2010's/The Struts - Royals.mp4
RVTR712412,Amy Grant,Baby Baby,2,no,yes,yes,yes,yes,review,/Users/bobhopp/DJ MEDIA/VIDEO/1990's/Amy Grant - Baby Baby.mp4
RVTR427634,Def Leppard,Foolin',2,no,no,yes,yes,yes,,/Users/bobhopp/DJ MEDIA/VIDEO/1980's/Def Leppard - Foolin'.mp4
RVTR485869,Lizzo,Truth Hurts,2,no,no,yes,yes,yes,,/Users/bobhopp/DJ MEDIA/VIDEO/2010's/Lizzo - Truth Hurts.mp4
RVTR027885,Boz Scaggs,Lowdown,2,no,yes,yes,yes,yes,,/Users/bobhopp/DJ MEDIA/VIDEO/1970's/Boz Scaggs - Lowdown.mp4
RVTR323495,Michael Jackson,Ben,2,no,yes,yes,yes,yes,,/Users/bobhopp/DJ MEDIA/VIDEO/1970's/Michael Jackson - Ben.MP4
RVTR763461,Cranberries,Linger,2,no,yes,yes,yes,no,,/Users/bobhopp/DJ MEDIA/VIDEO/1990's/Cranberries - Linger.mp4
RVTR324261,The Flirts,Passion,2,no,no,no,yes,yes,,/Users/bobhopp/DJ MEDIA/VIDEO/1980's/The Flirts - Passion.mp4
RVTR915200,Cajmere,Percolator,2,no,no,no,yes,no,,/Users/bobhopp/DJ MEDIA/VIDEO/1990's/Cajmere - Percolator.mp4
RVTR393522,Chris Brown,Yeah 3X,2,no,no,yes,yes,yes,,/Users/bobhopp/DJ MEDIA/VIDEO/2010's/Chris Brown - Yeah 3X.mp4
RVTR886063,Great White,Rock Me,2,no,yes,yes,yes,yes,,/Users/bobhopp/DJ MEDIA/VIDEO/1980's/Great White - Rock Me.mp4
RVTR547936,Zac Brown Band,Toes,2,no,yes,yes,yes,yes,,/Users/bobhopp/DJ MEDIA/VIDEO/2000's/Zac Brown Band - Toes.mp4
RVTR610296,Pearl Jam,Last Kiss,2,no,yes,yes,yes,yes,,/Users/bobhopp/DJ MEDIA/VIDEO/1990's/Pearl Jam - Last Kiss.mp4
RVTR311302,Don Ho,Tiny Bubbles,2,no,no,no,yes,no,,/Users/bobhopp/DJ MEDIA/VIDEO/1960's/Don Ho - Tiny Bubbles.mp4
RVTR576788,INXS,New Sensation,2,no,yes,yes,yes,yes,,/Users/bobhopp/DJ MEDIA/VIDEO/1980's/INXS - New Sensation.mp4
RVTR840653,Daft Punk,Get Lucky,2,no,yes,yes,yes,yes,,/Users/bobhopp/DJ MEDIA/VIDEO/2010's/Daft Punk - Get Lucky.mp4
RVTR549895,U2,Mysterious Ways,2,no,yes,yes,yes,yes,,/Users/bobhopp/DJ MEDIA/VIDEO/1990's/U2 - Mysterious Ways.mp4
RVTR624466,Leon Bridges,Beyond,2,no,no,no,yes,no,,/Users/bobhopp/DJ MEDIA/VIDEO/2010's/Leon Bridges - Beyond.mp4
RVTR189919,The Who,Baba O'Reily,2,no,no,no,yes,no,,/Users/bobhopp/DJ MEDIA/VIDEO/1970's/The Who - Baba O'Reily.mp4
RVTR628521,Rick James,You And I,2,no,yes,yes,yes,yes,,/Users/bobhopp/DJ MEDIA/VIDEO/1970's/Rick James - You And I.mp4
RVTR309779,Payback,James Brown,2,no,no,no,yes,yes,,/Users/bobhopp/DJ MEDIA/VIDEO/1970's/Payback - James Brown.mp4
RVTR811349,Ry Cooder,Get Rythm,2,no,no,no,yes,no,,/Users/bobhopp/DJ MEDIA/VIDEO/1980's/Ry Cooder - Get Rythm.mp4
RVTR606435,Captain Jack,Iko Iko,2,no,no,no,yes,no,,/Users/bobhopp/DJ MEDIA/VIDEO/2000's/Captain Jack - Iko Iko.mp4
RVTR296493,Train,Meet Virginia,2,no,yes,yes,yes,yes,,/Users/bobhopp/DJ MEDIA/VIDEO/1990's/Train - Meet Virginia.mp4
RVTR727291,Outkast,Ms. Jackson,2,no,yes,yes,yes,yes,,/Users/bobhopp/DJ MEDIA/VIDEO/2000's/Outkast - Ms. Jackson.mp4
RVTR971542,Collective Soul,Gel,2,no,yes,no,yes,no,,/Users/bobhopp/DJ MEDIA/VIDEO/1990's/Collective Soul - Gel.mp4
RVTR849337,CJ and Co,Devil's Gun,2,no,no,no,yes,no,,/Users/bobhopp/DJ MEDIA/VIDEO/1970's/CJ and Co - Devil's Gun.mp4
RVTR793840,T'Pau,Heart And Soul,2,no,yes,yes,yes,yes,,/Users/bobhopp/DJ MEDIA/VIDEO/1980's/T'Pau - Heart And Soul.mp4
RVTR328642,Pearl Jam,Better Man,2,no,no,no,yes,no,,/Users/bobhopp/DJ MEDIA/VIDEO/1990's/Pearl Jam - Better Man.mp4
RVTR135050,Shocking Blue,Venus,2,no,no,no,yes,no,,/Users/bobhopp/DJ MEDIA/VIDEO/1980's/Shocking Blue - Venus.mp4
RVTR701059,Fergie,Fergalicious,2,no,yes,yes,yes,yes,,/Users/bobhopp/DJ MEDIA/VIDEO/2000's/Fergie - Fergalicious.mp4
RVTR548597,Young Mc,Bust A Move,2,no,no,no,yes,no,,/Users/bobhopp/DJ MEDIA/VIDEO/1980's/Young Mc - Bust A Move.mp4
RVTR112334,Van Morrison,Gloria,2,no,yes,no,yes,no,,/Users/bobhopp/DJ MEDIA/VIDEO/2000's/Van Morrison - Gloria.mp4
RVTR488785,Sweet,Fox On The Run ,2,no,no,yes,yes,yes,draft,/Users/bobhopp/DJ MEDIA/VIDEO/1970's/Sweet - Fox On The Run.mp4
RVTR511915,La Roux,Bulletproof,2,no,yes,yes,yes,yes,,/Users/bobhopp/DJ MEDIA/VIDEO/2010's/La Roux - Bulletproof.mp4
RVTR067905,AC/DC,Touch Too Much,2,no,yes,no,yes,yes,review,/Users/bobhopp/DJ MEDIA/VIDEO/1970's/AC_DC - Touch Too Much.mp4
RVTR613011,Frankie Valli,Grease,2,yes,yes,yes,yes,yes,review,/Users/bobhopp/DJ MEDIA/VIDEO/1970's/Frankie Valli - Grease.mp4
RVTR527061,Dispatch,The General,2,no,no,no,yes,no,,/Users/bobhopp/DJ MEDIA/VIDEO/1990's/Dispatch - The General.mp4
RVTR132734,Doja Cat,Need To Know,2,no,no,yes,yes,yes,,/Users/bobhopp/DJ MEDIA/VIDEO/2020's/Doja Cat - Need To Know.mp4
RVTR582041,50 Cent,Just A Lil Bit,2,no,yes,yes,yes,yes,review,/Users/bobhopp/DJ MEDIA/VIDEO/2000's/50 Cent - Just A Lil Bit.MP4
RVTR568215,Billy Swan,I Can Help,2,no,yes,yes,yes,yes,review,/Users/bobhopp/DJ MEDIA/VIDEO/1970's/Billy Swan - I Can Help.mp4
RVTR266360,Trashmen,Surfinbird,2,no,no,no,yes,no,,/Users/bobhopp/DJ MEDIA/VIDEO/1960's/Trashmen - Surfinbird.mp4
RVTR235693,Shaggy,Hey Sexy Lady,2,no,yes,no,yes,no,,/Users/bobhopp/DJ MEDIA/VIDEO/2000's/Shaggy - Hey Sexy Lady.mp4
RVTR416274,Extreme,Hole Hearted,2,no,yes,yes,yes,yes,,/Users/bobhopp/DJ MEDIA/VIDEO/1990's/Extreme - Hole Hearted.mp4
RVTR030562,Player,Baby Come Back,2,no,yes,yes,yes,yes,,/Users/bobhopp/DJ MEDIA/VIDEO/1970's/Player - Baby Come Back.mp4
RVTR877036,Animotion,Obsession,2,no,no,yes,yes,yes,review,/Users/bobhopp/DJ MEDIA/VIDEO/1980's/Animotion - Obsession.mp4
RVTR575290,Bryan Adams,Somebody,2,no,yes,yes,yes,yes,,/Users/bobhopp/DJ MEDIA/VIDEO/1980's/Bryan Adams - Somebody.mp4
RVTR131467,The Motels,Take The L,2,no,no,yes,yes,yes,,/Users/bobhopp/DJ MEDIA/VIDEO/1980's/The Motels - Take The L.mp4
RVTR063777,Baltimora,Tarzan Boy,2,no,no,yes,yes,yes,review,/Users/bobhopp/DJ MEDIA/VIDEO/1980's/Baltimora - Tarzan Boy.mp4
RVTR932299,Kenny Rogers,Lucille,2,no,yes,yes,yes,yes,,/Users/bobhopp/DJ MEDIA/VIDEO/1970's/Kenny Rogers - Lucille.mp4
RVTR519015,Weezer,Beverly Hills,2,no,yes,yes,yes,yes,,/Users/bobhopp/DJ MEDIA/VIDEO/2000's/Weezer - Beverly Hills.mp4
RVTR241569,Colbie Caillat,Bubbly,2,no,yes,yes,yes,yes,,/Users/bobhopp/DJ MEDIA/VIDEO/2000's/Colbie Caillat - Bubbly.mp4
RVTR166135,Juzzie Smith,Jamming,2,no,no,no,yes,no,,/Users/bobhopp/DJ MEDIA/VIDEO/2010's/Juzzie Smith - Jamming.mp4
RVTR724233,Janis Joplin,Cry Baby,2,no,no,yes,yes,yes,,/Users/bobhopp/DJ MEDIA/VIDEO/1970's/Janis Joplin - Cry Baby.mp4
RVTR598749,Heart,Dreamboat Annie,2,no,yes,yes,yes,yes,,/Users/bobhopp/DJ MEDIA/VIDEO/1970's/Heart - Dreamboat Annie.mp4
RVTR301931,Positive K,I Got A Man,2,no,no,yes,yes,yes,,/Users/bobhopp/DJ MEDIA/VIDEO/1990's/Positive K - I Got A Man.mp4
RVTR687585,New Order,Blue Monday,2,no,no,yes,yes,yes,,/Users/bobhopp/DJ MEDIA/VIDEO/1980's/New Order - Blue Monday.mp4
RVTR057587,Mötley Crüe,Home Sweet Home,2,no,no,no,yes,no,,/Users/bobhopp/DJ MEDIA/VIDEO/1980's/Mötley Crüe - Home Sweet Home.mp4
RVTR080332,Brooks & Dunn,My Maria,2,no,yes,no,yes,no,,/Users/bobhopp/DJ MEDIA/VIDEO/1990's/Brooks & Dunn - My Maria.mp4
RVTR022884,Linkin Park,In The End,2,no,no,yes,yes,yes,,/Users/bobhopp/DJ MEDIA/VIDEO/2000's/Linkin Park - In The End.mp4
RVTR602051,Busta Rhymes,Woo-Hah!!,2,no,no,yes,yes,yes,,/Users/bobhopp/DJ MEDIA/VIDEO/1990's/Busta Rhymes - Woo-Hah!!.mp4
RVTR018706,Enigma,Sadeness Part 1,2,no,no,yes,yes,yes,,/Users/bobhopp/DJ MEDIA/VIDEO/1990's/Enigma - Sadeness Part 1.mp4
RVTR760822,Crazy Town,Butterfly,2,no,no,yes,yes,yes,,/Users/bobhopp/DJ MEDIA/VIDEO/2000's/Crazy Town - Butterfly.mp4
RVTR335840,The Doors,Love Street,2,no,yes,no,yes,no,,/Users/bobhopp/DJ MEDIA/VIDEO/1960's/The Doors - Love Street.mp4
RVTR840379,Cheap Trick,Surrender,2,yes,yes,yes,yes,yes,review,/Users/bobhopp/DJ MEDIA/VIDEO/1970's/Cheap Trick - Surrender.mp4
RVTR241835,ABBA,Take A Chance On Me,2,yes,yes,yes,yes,yes,review,/Users/bobhopp/DJ MEDIA/VIDEO/1970's/ABBA - Take A Chance On Me.mp4
RVTR145270,Tubes,Talk To Ya Later,2,no,no,no,yes,no,,/Users/bobhopp/DJ MEDIA/VIDEO/1980's/Tubes - Talk To Ya Later.mp4
RVTR574313,Amy Winehouse,Valerie,2,no,no,no,yes,yes,review,/Users/bobhopp/DJ MEDIA/VIDEO/2000's/Amy Winehouse - Valerie.mp4
RVTR586826,Sean Paul,Temperature,2,no,no,yes,yes,yes,,/Users/bobhopp/DJ MEDIA/VIDEO/2000's/Sean Paul - Temperature.mp4
RVTR174978,Bodeans,Closer To Free,2,no,no,yes,yes,yes,,/Users/bobhopp/DJ MEDIA/VIDEO/1990's/Bodeans - Closer To Free.mp4
RVTR342359,Smashing Pumpkins,1979,2,no,yes,yes,yes,no,,/Users/bobhopp/DJ MEDIA/VIDEO/1990's/Smashing Pumpkins - 1979.mp4
RVTR541306,K Flay,Blood In The Cut,2,no,no,no,yes,no,,/Users/bobhopp/DJ MEDIA/VIDEO/2010's/K Flay - Blood In The Cut.mp4
RVTR643758,Dion DiMucci,Drip Drop,2,no,no,no,yes,no,,/Users/bobhopp/DJ MEDIA/VIDEO/1960's/Dion DiMucci - Drip Drop.mp4
RVTR232780,Led Zeppelin,Ramble On,2,no,yes,no,yes,no,,/Users/bobhopp/DJ MEDIA/VIDEO/1970's/Led Zeppelin - Ramble On.mp4
RVTR869942,Rick James,Super Freak,2,no,no,yes,yes,yes,,/Users/bobhopp/DJ MEDIA/VIDEO/1980's/Rick James - Super Freak.mp4
RVTR819571,Rainbow,All Night Long,2,no,no,no,yes,no,,/Users/bobhopp/DJ MEDIA/VIDEO/1980's/Rainbow - All Night Long.mp4
RVTR163331,Stories,Brother Louie,2,no,no,yes,yes,yes,,/Users/bobhopp/DJ MEDIA/VIDEO/1970's/Stories - Brother Louie.mp4
RVTR443985,Nelly,Country Grammar,2,no,no,no,yes,no,,/Users/bobhopp/DJ MEDIA/VIDEO/2000's/Nelly - Country Grammar.mp4
RVTR979276,Peaches & Herb,Reunited,2,no,no,no,yes,no,,/Users/bobhopp/DJ MEDIA/VIDEO/1970's/Peaches & Herb - Reunited.mp4
RVTR744930,Slaughter,Up All Night,2,no,yes,yes,yes,yes,,/Users/bobhopp/DJ MEDIA/VIDEO/1990's/Slaughter - Up All Night.mp4
RVTR371141,Iggy Pop,The Passenger,2,no,yes,no,yes,no,,/Users/bobhopp/DJ MEDIA/VIDEO/1970's/Iggy Pop - The Passenger.mp4
RVTR224774,Son of Dave,Black Betty,2,no,no,no,yes,no,,/Users/bobhopp/DJ MEDIA/VIDEO/2020's/Son of Dave - Black Betty.mp4
RVTR039625,AC/DC,Girls Got Rhythm,2,no,yes,no,yes,no,review,/Users/bobhopp/DJ MEDIA/VIDEO/1970's/AC_DC - Girls Got Rhythm.mp4
RVTR923686,Missing Persons,Words,2,no,yes,yes,yes,yes,,/Users/bobhopp/DJ MEDIA/VIDEO/1980's/Missing Persons - Words.mp4
RVTR076820,Son Of Dave,Shake A Bone,2,no,no,no,yes,no,,/Users/bobhopp/DJ MEDIA/VIDEO/2010's/Son Of Dave - Shake A Bone.mp4
RVTR714861,Heatwave,Boogie Nights,2,no,yes,yes,yes,yes,,/Users/bobhopp/DJ MEDIA/VIDEO/1970's/Heatwave - Boogie Nights.mp4
RVTR336525,Bad Company,Bad Company,2,no,no,no,yes,no,review,/Users/bobhopp/DJ MEDIA/VIDEO/1970's/Bad Company - Bad Company.mp4
RVTR102401,Mo Thugs,Ghetto Cowboy,2,no,no,no,yes,no,,"/Users/bobhopp/DJ MEDIA/VIDEO/1990's/Mo Thugs ""Ghetto Cowboy"".mp4"
RVTR677358,Blackfoot,Highway Song,2,no,yes,yes,yes,yes,review,/Users/bobhopp/DJ MEDIA/VIDEO/1980's/Blackfoot - Highway Song.mp4
RVTR716218,Natalie Imbruglia,Torn,2,no,yes,yes,yes,yes,,/Users/bobhopp/DJ MEDIA/VIDEO/1990's/Natalie Imbruglia - Torn.mp4
RVTR518451,Styx,Fooling Yourself,2,no,yes,yes,yes,yes,,/Users/bobhopp/DJ MEDIA/VIDEO/1970's/Styx - Fooling Yourself.mp4
RVTR416908,Daft Punk,One More Time,2,no,yes,yes,yes,yes,,/Users/bobhopp/DJ MEDIA/VIDEO/2000's/Daft Punk - One More Time.mp4
RVTR028426,Buckcherry,Crazy Bitch,2,no,yes,yes,yes,yes,,/Users/bobhopp/DJ MEDIA/VIDEO/2000's/Buckcherry - Crazy Bitch.mp4
RVTR294648,Queen,Don't Stop Me Now,2,no,no,yes,yes,yes,,/Users/bobhopp/DJ MEDIA/VIDEO/1970's/Queen - Don't Stop Me Now.mp4
RVTR026321,Nelly Furtado,Maneater,2,no,yes,yes,yes,yes,,/Users/bobhopp/DJ MEDIA/VIDEO/2000's/Nelly Furtado - Maneater.mp4
RVTR319680,Akon & Eminem,Smack That,2,no,no,no,yes,no,review,/Users/bobhopp/DJ MEDIA/VIDEO/2000's/Akon & Eminem - Smack That.mp4
RVTR306460,Kansas,Dust In The Wind,2,no,yes,yes,yes,yes,,/Users/bobhopp/DJ MEDIA/VIDEO/1970's/Kansas - Dust In The Wind.mp4
RVTR633940,T.Shirt,You Sexy Thing,2,no,no,no,yes,no,,/Users/bobhopp/DJ MEDIA/VIDEO/2010's/T.Shirt - You Sexy Thing.mp4
RVTR310285,Pearl Jam,Daughter Live,2,no,no,no,yes,no,,/Users/bobhopp/DJ MEDIA/VIDEO/1990's/Pearl Jam - Daughter Live.mp4
RVTR441943,Kongos,Come With Me Now,2,no,yes,yes,yes,yes,,/Users/bobhopp/DJ MEDIA/VIDEO/2010's/Kongos - Come With Me Now.mp4
RVTR702357,ABBA,The Name Of The Game,2,no,no,yes,yes,yes,review,/Users/bobhopp/DJ MEDIA/VIDEO/1970's/ABBA - The Name Of The Game.mp4
RVTR483903,The Kinks,You Really Got Me,2,no,yes,yes,yes,yes,,/Users/bobhopp/DJ MEDIA/VIDEO/1960's/The Kinks - You Really Got Me.mp4
RVTR660027,Zac Brown Band,Knee Deep,2,no,yes,yes,yes,yes,,/Users/bobhopp/DJ MEDIA/VIDEO/2010's/Zac Brown Band - Knee Deep.mp4
RVTR187213,Duran Duran,Come Undone,2,no,yes,yes,yes,yes,,/Users/bobhopp/DJ MEDIA/VIDEO/1990's/Duran Duran - Come Undone.mp4
RVTR407116,Eddie Money,Baby Hold On,2,yes,yes,yes,yes,yes,review,/Users/bobhopp/DJ MEDIA/VIDEO/1970's/Eddie Money - Baby Hold On.mp4
RVTR004094,Glass Tiger,Diamond Sun,2,no,no,no,yes,no,,/Users/bobhopp/DJ MEDIA/VIDEO/1980's/Glass Tiger - Diamond Sun.mp4
RVTR778760,Quiet Riot,Metal Health,2,no,yes,no,yes,no,,/Users/bobhopp/DJ MEDIA/VIDEO/1980's/Quiet Riot - Metal Health.mp4
RVTR166154,Chicago,Colour My World,2,no,yes,no,yes,no,draft,/Users/bobhopp/DJ MEDIA/VIDEO/1970's/Chicago - Colour My World.mp4
RVTR918866,Megadeth,A Tout Le Monde,2,no,no,no,yes,yes,,/Users/bobhopp/DJ MEDIA/VIDEO/1990's/Megadeth - A Tout Le Monde.mp4
RVTR025140,Byrds,Mr Tambourine Man,2,no,yes,yes,yes,no,,/Users/bobhopp/DJ MEDIA/VIDEO/1960's/Byrds - Mr Tambourine Man.mp4
RVTR109538,Bob Seger,Still The Same,2,yes,yes,yes,yes,yes,review,/Users/bobhopp/DJ MEDIA/VIDEO/1970's/Bob Seger - Still The Same.mp4
RVTR345687,Paula Abdul,Cold Hearted,2,no,yes,yes,yes,yes,,/Users/bobhopp/DJ MEDIA/VIDEO/1980's/Paula Abdul - Cold Hearted.mp4
RVTR777466,Phil Collins,Easy Lover,2,no,yes,no,yes,no,,/Users/bobhopp/DJ MEDIA/VIDEO/1980's/Phil Collins - Easy Lover.mp4
RVTR830897,Alice Cooper,I Never Cry,2,no,yes,yes,yes,yes,review,/Users/bobhopp/DJ MEDIA/VIDEO/1970's/Alice Cooper - I Never Cry.mp4
RVTR772813,Whitesnake,Is This Love,2,no,yes,yes,yes,yes,,/Users/bobhopp/DJ MEDIA/VIDEO/1980's/Whitesnake - Is This Love.mp4
RVTR961531,Daft Punk,Instant Crush,2,no,yes,no,yes,no,,/Users/bobhopp/DJ MEDIA/VIDEO/2010's/Daft Punk - Instant Crush.mp4
RVTR853792,Aerosmith,Walk This Way,2,no,yes,yes,yes,yes,review,/Users/bobhopp/DJ MEDIA/VIDEO/1980's/Aerosmith - Walk This Way.mp4
RVTR781236,Eric Clapton,Pretending,2,no,yes,yes,yes,yes,,/Users/bobhopp/DJ MEDIA/VIDEO/1980's/Eric Clapton - Pretending.mp4
RVTR737139,Frankie Valli,Swearin To God,2,no,no,no,yes,no,draft,/Users/bobhopp/DJ MEDIA/VIDEO/1970's/Frankie Valli - Swearin To God  1975 official video marco polo dj edit musica retro 70  hq.mp4
RVTR070984,America,Ventura Highway,2,no,yes,yes,yes,yes,review,/Users/bobhopp/DJ MEDIA/VIDEO/1970's/America - Ventura Highway.mp4
RVTR919948,Green Day,American Idiot,2,no,yes,yes,yes,yes,,/Users/bobhopp/DJ MEDIA/VIDEO/2000's/Green Day - American Idiot.mp4
RVTR394709,The Temptations,My Girl,2,yes,yes,yes,yes,yes,cards_ready,/Users/bobhopp/DJ MEDIA/VIDEO/1960's/The Temptations - My Girl.mp4
RVTR616121,Coolio,Fantastic Voyage,2,no,no,yes,yes,yes,,/Users/bobhopp/DJ MEDIA/VIDEO/1990's/Coolio - Fantastic Voyage.mp4
RVTR501867,Argent,Hold Your Head Up,2,no,yes,yes,yes,yes,review,/Users/bobhopp/DJ MEDIA/VIDEO/1970's/Argent - Hold Your Head Up.mp4
RVTR063890,Jefferson Starship,Jane,2,no,yes,yes,yes,yes,,/Users/bobhopp/DJ MEDIA/VIDEO/1970's/Jefferson Starship - Jane.mp4
RVTR798342,Billy Squier,The Stroke,2,no,yes,yes,yes,yes,review,/Users/bobhopp/DJ MEDIA/VIDEO/1980's/Billy Squier - The Stroke.mp4
RVTR751508,Neil Young,Harvest Moon,2,yes,yes,no,yes,no,review,/Users/bobhopp/DJ MEDIA/VIDEO/1990's/Neil Young - Harvest Moon.mp4
RVTR860339,Badfinger,Come And Get It,2,no,yes,yes,yes,yes,review,/Users/bobhopp/DJ MEDIA/VIDEO/1970's/Badfinger - Come And Get It.mp4
RVTR855059,Asia,Only Time Will Tell,2,no,yes,yes,yes,yes,review,/Users/bobhopp/DJ MEDIA/VIDEO/1980's/Asia - Only Time Will Tell.mp4
RVTR838430,Ice Cube,It Was A Good Day,2,no,yes,yes,yes,yes,,/Users/bobhopp/DJ MEDIA/VIDEO/1990's/Ice Cube - It Was A Good Day.MP4
RVTR627471,Gorillaz,Clint Eastwood,2,no,yes,yes,yes,yes,,/Users/bobhopp/DJ MEDIA/VIDEO/2000's/Gorillaz - Clint Eastwood.mp4
RVTR449033,Uncle Kracker,Drift Away,2,no,yes,yes,yes,yes,,/Users/bobhopp/DJ MEDIA/VIDEO/2000's/Uncle Kracker - Drift Away.mp4
RVTR049500,The Ides Of March,Vehicle,2,no,yes,yes,yes,yes,,/Users/bobhopp/DJ MEDIA/VIDEO/1970's/The Ides Of March - Vehicle.mp4
RVTR127207,Vapors,Turning Japanese,2,no,no,yes,yes,no,,/Users/bobhopp/DJ MEDIA/VIDEO/1980's/Vapors - Turning Japanese.mp4
RVTR752483,Real McCoy,Another Night,2,no,yes,yes,yes,yes,,/Users/bobhopp/DJ MEDIA/VIDEO/1990's/Real McCoy - Another Night.mp4
RVTR064157,The Beach Boys,In My Room,2,no,yes,yes,yes,yes,,/Users/bobhopp/DJ MEDIA/VIDEO/1960's/The Beach Boys - In My Room.mp4
RVTR201197,Talking Heads,And She Was,2,no,yes,yes,yes,yes,,/Users/bobhopp/DJ MEDIA/VIDEO/1980's/Talking Heads - And She Was.mp4
RVTR776296,Scorpions,Wind Of Change,2,no,yes,yes,yes,yes,,/Users/bobhopp/DJ MEDIA/VIDEO/1990's/Scorpions - Wind Of Change.mp4
RVTR389006,Chubby Checker,The Twist,2,no,yes,yes,yes,yes,draft,/Users/bobhopp/DJ MEDIA/VIDEO/1960's/Chubby Checker - The Twist.mp4
RVTR183850,Joan Jett,Bad Reputation,2,no,no,no,yes,no,,/Users/bobhopp/DJ MEDIA/VIDEO/1980's/Joan Jett - Bad Reputation.mp4
RVTR284378,Billy Swan,Don't Be Cruel,2,no,no,no,yes,no,draft,/Users/bobhopp/DJ MEDIA/VIDEO/1970's/Billy Swan - Don't Be Cruel.mp4
RVTR790025,The Rolling Stones,Angie,2,no,yes,yes,yes,yes,,/Users/bobhopp/DJ MEDIA/VIDEO/1970's/The Rolling Stones - Angie.mp4
RVTR816372,Jack Johnson,Upside Down,2,no,yes,yes,yes,yes,,/Users/bobhopp/DJ MEDIA/VIDEO/2000's/Jack Johnson - Upside Down.mp4
RVTR854594,Taylor Swift,Love Story,2,no,yes,yes,yes,yes,,/Users/bobhopp/DJ MEDIA/VIDEO/2000's/Taylor Swift - Love Story.mp4
RVTR591696,Dixie Cups,Chapel Of Love,2,no,yes,yes,yes,no,,/Users/bobhopp/DJ MEDIA/VIDEO/1960's/Dixie Cups - Chapel Of Love.mp4
RVTR985316,Sheriff,When I'm With You,2,no,yes,yes,yes,yes,,/Users/bobhopp/DJ MEDIA/VIDEO/1970's/Sheriff - When I'm With You.mp4
RVTR315867,The Beach Boys,Barbara Ann,2,no,no,yes,yes,yes,draft,/Users/bobhopp/DJ MEDIA/VIDEO/1960's/The Beach Boys - Barbara Ann - Live on Jack Benny Hour - 10231965 - *EXTENDED* - [ remastered ].mp4
RVTR206559,Dire Straits,Walk Of Life,2,no,yes,yes,yes,yes,,/Users/bobhopp/DJ MEDIA/VIDEO/1980's/Dire Straits - Walk Of Life.mp4
RVTR703464,Stretch,Why Did You Do It,2,no,no,no,yes,no,,/Users/bobhopp/DJ MEDIA/VIDEO/1970's/Stretch - Why Did You Do It.mp4
RVTR817537,Dixie Chicks,Ready to Run,2,no,yes,yes,yes,yes,,/Users/bobhopp/DJ MEDIA/VIDEO/1990's/Dixie Chicks - Ready to Run.MP4
RVTR061870,Duran Duran,Girls On Film,2,no,yes,no,yes,no,,/Users/bobhopp/DJ MEDIA/VIDEO/1980's/Duran Duran - Girls On Film.mp4
RVTR817516,Rex Smith,Saturday Night,2,no,yes,no,yes,yes,,/Users/bobhopp/DJ MEDIA/VIDEO/1970's/Rex Smith - Saturday Night.mp4
RVTR732192,Adele,Set Fire To The Rain,2,no,yes,yes,yes,yes,review,/Users/bobhopp/DJ MEDIA/VIDEO/2010's/Adele - Set Fire To The Rain.mp4
RVTR663348,Bob Marley,Sun Is Shining,2,no,no,no,yes,no,,/Users/bobhopp/DJ MEDIA/VIDEO/1980's/Bob Marley - Sun Is Shining.mp4
RVTR159791,The Beatles,Eleanor Rigby,2,no,yes,yes,yes,yes,,/Users/bobhopp/DJ MEDIA/VIDEO/1960's/The Beatles - Eleanor Rigby.mp4
RVTR763111,Waka Flocka Flame,No Hands,2,no,no,yes,yes,yes,,/Users/bobhopp/DJ MEDIA/VIDEO/2010's/Waka Flocka Flame - No Hands.mp4
RVTR338467,David Lee Roth,That's Life,2,no,no,yes,yes,yes,,/Users/bobhopp/DJ MEDIA/VIDEO/1980's/David Lee Roth - That's Life.mp4
RVTR551095,Howard Jones,What is Love,2,no,no,yes,yes,yes,,/Users/bobhopp/DJ MEDIA/VIDEO/1980's/Howard Jones - What is Love.mp4
RVTR195296,Coolio,Gangsta's Paradise,2,no,no,yes,yes,yes,,/Users/bobhopp/DJ MEDIA/VIDEO/1990's/Coolio - Gangsta's Paradise.mp4
RVTR221779,Destiny's Child,Survivor,2,no,yes,yes,yes,yes,,/Users/bobhopp/DJ MEDIA/VIDEO/2000's/Destiny's Child - Survivor.mp4
RVTR340571,Slightly Stoopid,Officer,2,no,no,no,yes,no,,/Users/bobhopp/DJ MEDIA/VIDEO/2000's/Slightly Stoopid - Officer.mp4
RVTR308859,Sugarland,All I Want To Do,2,no,yes,yes,yes,yes,,/Users/bobhopp/DJ MEDIA/VIDEO/2000's/Sugarland - All I Want To Do.mp4
RVTR307231,Eric B. & Rakim,Paid In Full,2,no,no,no,yes,no,,/Users/bobhopp/DJ MEDIA/VIDEO/1980's/Eric B. & Rakim - Paid In Full.mp4
RVTR334819,Smash Mouth,I'm A Believer,2,no,no,yes,yes,yes,,/Users/bobhopp/DJ MEDIA/VIDEO/2000's/Smash Mouth - I'm A Believer.mp4
RVTR559565,The Beatles,I Wanna Hold Your Hand,2,no,no,no,yes,no,,/Users/bobhopp/DJ MEDIA/VIDEO/1960's/The Beatles - I Wanna Hold Your Hand.mp4
RVTR019042,The Orlons,The Wah Watusi,2,no,no,yes,yes,yes,,/Users/bobhopp/DJ MEDIA/VIDEO/1960's/The Orlons - The Wah Watusi.mp4
RVTR556081,Hootie & The Blowfish,Time,2,no,no,no,yes,no,,/Users/bobhopp/DJ MEDIA/VIDEO/1990's/Hootie & The Blowfish - Time.mp4
RVTR517709,Paramore,Misery Business,2,no,yes,yes,yes,yes,,/Users/bobhopp/DJ MEDIA/VIDEO/2000's/Paramore - Misery Business.mp4
RVTR651320,Scorpions,No One Like You,2,no,yes,yes,yes,yes,,/Users/bobhopp/DJ MEDIA/VIDEO/1980's/Scorpions - No One Like You.mp4
RVTR917682,The Cyrkle,Red Rubber Ball,2,no,yes,yes,yes,yes,,/Users/bobhopp/DJ MEDIA/VIDEO/1960's/The Cyrkle - Red Rubber Ball.mp4
RVTR157047,Tommy Newport,Holy Water,2,no,no,no,yes,no,,/Users/bobhopp/DJ MEDIA/VIDEO/2020's/Tommy Newport - Holy Water.mp4
RVTR756032,The Trammps,Disco Inferno,2,no,yes,yes,yes,yes,,/Users/bobhopp/DJ MEDIA/VIDEO/1970's/The Trammps - Disco Inferno.mp4
RVTR831268,The Beloved,Sweet Harmony,2,no,no,no,yes,no,,/Users/bobhopp/DJ MEDIA/VIDEO/1990's/The Beloved - Sweet Harmony.mp4
RVTR026700,The Pipkins,Gimme Dat Ding,2,no,yes,yes,yes,yes,,/Users/bobhopp/DJ MEDIA/VIDEO/1970's/The Pipkins - Gimme Dat Ding.mp4
RVTR471678,Lakeside,Fantastic Voyage,2,no,yes,yes,yes,yes,,/Users/bobhopp/DJ MEDIA/VIDEO/1980's/Lakeside - Fantastic Voyage.mp4
RVTR929872,James Taylor,Fire And Rain,2,no,yes,yes,yes,yes,,/Users/bobhopp/DJ MEDIA/VIDEO/1970's/James Taylor - Fire And Rain.mp4
RVTR229958,Honeydrippers,Sea Of Love,2,no,yes,yes,yes,no,,/Users/bobhopp/DJ MEDIA/VIDEO/1980's/Honeydrippers - Sea Of Love.mp4
RVTR888863,David Lee Roth,Yankee Rose,2,no,yes,yes,yes,yes,,/Users/bobhopp/DJ MEDIA/VIDEO/1980's/David Lee Roth - Yankee Rose.mp4
RVTR615154,Blues Traveler,Run Around,2,no,yes,yes,yes,no,review,/Users/bobhopp/DJ MEDIA/VIDEO/1990's/Blues Traveler - Run Around.mp4
RVTR780386,Justin Wellington,Iko Iko,2,no,no,no,yes,no,,/Users/bobhopp/DJ MEDIA/VIDEO/2020's/Justin Wellington - Iko Iko.mp4
RVTR705751,The Beach Boys,Sloop John B,2,no,yes,yes,yes,yes,,/Users/bobhopp/DJ MEDIA/VIDEO/1970's/The Beach Boys - Sloop John B.mp4
RVTR721576,Daft Punk,Around The World,2,no,yes,yes,yes,yes,,/Users/bobhopp/DJ MEDIA/VIDEO/1990's/Daft Punk - Around The World.mp4
RVTR119239,Red Hot Chili Peppers,Snow,2,no,no,yes,yes,yes,,/Users/bobhopp/DJ MEDIA/VIDEO/2000's/Red Hot Chili Peppers - Snow.mp4
RVTR978976,Amii Stewart,Knock On Wood,2,no,yes,yes,yes,yes,review,/Users/bobhopp/DJ MEDIA/VIDEO/1970's/Amii Stewart - Knock On Wood.mp4
RVTR614117,The Beatles,I Am The Walrus,2,no,yes,yes,yes,yes,,/Users/bobhopp/DJ MEDIA/VIDEO/1960's/The Beatles - I Am The Walrus.mp4
RVTR993200,Grateful Dead,Not Fade Away,2,no,yes,no,yes,no,,/Users/bobhopp/DJ MEDIA/VIDEO/1990's/Grateful Dead - Not Fade Away.mp4
RVTR814768,Nirvana,All Apologies Live,2,no,no,no,yes,no,,/Users/bobhopp/DJ MEDIA/VIDEO/1990's/Nirvana - All Apologies Live.mp4
RVTR563023,The Beatles,Norwegian Wood,2,yes,no,no,yes,no,cards_ready,/Users/bobhopp/DJ MEDIA/VIDEO/1960's/The Beatles - Norwegian Wood.mp4
RVTR001896,Joan Jett,Do Ya Wanna Touch,2,no,no,no,yes,no,,/Users/bobhopp/DJ MEDIA/VIDEO/1980's/Joan Jett - Do Ya Wanna Touch.mp4
RVTR124790,Alan Jackson,Mercury Blues,2,no,yes,no,yes,no,review,/Users/bobhopp/DJ MEDIA/VIDEO/1990's/Alan Jackson - Mercury Blues.mp4
RVTR377253,Johnny Rivers,Slow Dancin',2,no,no,no,yes,no,,/Users/bobhopp/DJ MEDIA/VIDEO/1970's/Johnny Rivers - Slow Dancin'.mp4
RVTR195804,The Motels,Only The Lonely,2,no,yes,yes,yes,yes,,/Users/bobhopp/DJ MEDIA/VIDEO/1980's/The Motels - Only The Lonely.mp4
RVTR931287,My Chemical Romance,Na Na Na,2,no,yes,yes,yes,yes,,/Users/bobhopp/DJ MEDIA/VIDEO/2010's/My Chemical Romance - Na Na Na.mp4
RVTR731355,Amy Winehouse,Back To Black,2,no,yes,no,yes,no,review,/Users/bobhopp/DJ MEDIA/VIDEO/2000's/Amy Winehouse - Back To Black.mp4
RVTR789108,Sean Kingston,Fire Burning,2,no,yes,yes,yes,yes,,/Users/bobhopp/DJ MEDIA/VIDEO/2000's/Sean Kingston - Fire Burning.mp4
RVTR551174,Ozzy Osbourne,Crazy Train,2,no,no,yes,yes,yes,,/Users/bobhopp/DJ MEDIA/VIDEO/1980's/Ozzy Osbourne - Crazy Train.mp4
RVTR499807,Destiny's Child,Say My Name,2,no,yes,yes,yes,yes,,/Users/bobhopp/DJ MEDIA/VIDEO/1990's/Destiny's Child - Say My Name.mp4
RVTR165511,Prince,Little Red Corvette,2,no,yes,yes,yes,yes,,/Users/bobhopp/DJ MEDIA/VIDEO/1980's/Prince - Little Red Corvette.mp4
RVTR715300,Shinedown,Sound Of Madness,2,no,no,yes,yes,yes,,/Users/bobhopp/DJ MEDIA/VIDEO/2000's/Shinedown - Sound Of Madness.mp4
RVTR269404,Yes,Owner Of A Lonely Heart,2,no,yes,yes,yes,yes,,/Users/bobhopp/DJ MEDIA/VIDEO/1980's/Yes - Owner Of A Lonely Heart.mp4
RVTR358256,Marky Mark,Good Vibrations,2,no,no,yes,yes,yes,,/Users/bobhopp/DJ MEDIA/VIDEO/1990's/Marky Mark - Good Vibrations.mp4
RVTR361468,Calvin Harris,Feel So Close,2,no,no,yes,yes,yes,,/Users/bobhopp/DJ MEDIA/VIDEO/2010's/Calvin Harris - Feel So Close.mp4
RVTR653984,Jet,Are You Gonna Be My Girl,2,no,yes,yes,yes,yes,,/Users/bobhopp/DJ MEDIA/VIDEO/2000's/Jet - Are You Gonna Be My Girl.mp4
RVTR620132,Pitbull,Hotel Room Service,2,no,no,yes,yes,yes,,/Users/bobhopp/DJ MEDIA/VIDEO/2000's/Pitbull - Hotel Room Service.mp4
RVTR116130,Neil Diamond,"Cherry, Cherry",2,no,yes,yes,yes,yes,,"/Users/bobhopp/DJ MEDIA/VIDEO/1960's/Neil Diamond - Cherry, Cherry.mp4"
RVTR914453,Eric Church,Drink In My Hand,2,no,yes,yes,yes,yes,,/Users/bobhopp/DJ MEDIA/VIDEO/2010's/Eric Church - Drink In My Hand.mp4
RVTR507163,The Band,Up On Cripple Creek,2,no,yes,yes,yes,yes,,/Users/bobhopp/DJ MEDIA/VIDEO/1960's/The Band - Up On Cripple Creek.mp4
RVTR653496,Elvis Presley,Burning Love,2,no,yes,yes,yes,yes,,/Users/bobhopp/DJ MEDIA/VIDEO/1970's/Elvis Presley - Burning Love.mp4
RVTR301593,Green Day,When I Come Around,2,no,yes,no,yes,no,,/Users/bobhopp/DJ MEDIA/VIDEO/2000's/Green Day - When I Come Around.mp4
RVTR989671,Zac Brown Band,Chicken Fried,2,no,yes,yes,yes,yes,,/Users/bobhopp/DJ MEDIA/VIDEO/2000's/Zac Brown Band - Chicken Fried.mp4
RVTR456201,Justin Timberlake,Senorita,2,no,no,yes,yes,yes,,/Users/bobhopp/DJ MEDIA/VIDEO/2000's/Justin Timberlake - Senorita.mp4
RVTR466489,Talking Heads,Psycho Killer,2,no,yes,yes,yes,yes,,/Users/bobhopp/DJ MEDIA/VIDEO/1970's/Talking Heads - Psycho Killer.mp4
RVTR972499,Aerosmith,Livin' On The Edge,2,no,yes,yes,yes,yes,review,/Users/bobhopp/DJ MEDIA/VIDEO/1990's/Aerosmith - Livin' On The Edge.mp4
RVTR111287,Die Antwoord,I Fink U Freaky,2,no,no,no,yes,no,,/Users/bobhopp/DJ MEDIA/VIDEO/2010's/Die Antwoord - I Fink U Freaky.mp4
RVTR671391,Raydio,You Can't Change That,2,no,no,yes,yes,yes,,/Users/bobhopp/DJ MEDIA/VIDEO/1970's/Raydio - You Can't Change That.mp4
RVTR376773,Autograph,Turn Up The Radio,2,no,no,yes,yes,yes,review,/Users/bobhopp/DJ MEDIA/VIDEO/1980's/Autograph - Turn Up The Radio.mp4
RVTR390246,The Hollies,A Taste Of Honey,2,no,no,no,yes,no,,/Users/bobhopp/DJ MEDIA/VIDEO/1960's/The Hollies - A Taste Of Honey.mp4
RVTR912231,TLC,What About Your Friends,2,no,yes,yes,yes,yes,,/Users/bobhopp/DJ MEDIA/VIDEO/1990's/TLC - What About Your Friends.mp4
RVTR926099,Ike & Tina Turner,Proud Mary,2,no,no,no,yes,no,,/Users/bobhopp/DJ MEDIA/VIDEO/1970's/Ike & Tina Turner - Proud Mary.mp4
RVTR269433,The Carpenters,Close To You,2,no,no,no,yes,no,,/Users/bobhopp/DJ MEDIA/VIDEO/1980's/The Carpenters - Close To You.mp4
RVTR981799,Canned Heat,On The Road Again,2,no,yes,yes,yes,yes,,/Users/bobhopp/DJ MEDIA/VIDEO/1960's/Canned Heat - On The Road Again.mp4
RVTR133813,Pink Floyd,One Of These Days,2,no,no,no,yes,no,,/Users/bobhopp/DJ MEDIA/VIDEO/1970's/Pink Floyd - One Of These Days.mp4
RVTR331253,REM,It's The End Of The World,2,no,no,no,yes,no,,/Users/bobhopp/DJ MEDIA/VIDEO/1980's/REM - It's The End Of The World.mp4
RVTR000959,Rick James,Give It To Me Baby,2,no,yes,yes,yes,yes,,/Users/bobhopp/DJ MEDIA/VIDEO/1980's/Rick James - Give It To Me Baby.mp4
RVTR950452,Neil Diamond,Cracklin' Rosie,2,no,no,yes,yes,yes,,/Users/bobhopp/DJ MEDIA/VIDEO/2000's/Neil Diamond - Cracklin' Rosie.mp4
RVTR898376,Bette Midler,Beast Of Burden,2,no,yes,yes,yes,yes,review,/Users/bobhopp/DJ MEDIA/VIDEO/1980's/Bette Midler - Beast Of Burden.mp4
RVTR933991,Walter Egan,Magnet and Steel,2,yes,yes,yes,yes,yes,review,/Users/bobhopp/DJ MEDIA/VIDEO/1970's/Walter Egan - Magnet and Steel.mp4
RVTR222156,Metallica,Master Of Puppets,2,no,yes,yes,yes,yes,,/Users/bobhopp/DJ MEDIA/VIDEO/2000's/Metallica - Master Of Puppets.mp4
RVTR508334,Pink Floyd,Comfortably Numb,2,no,yes,no,yes,no,,/Users/bobhopp/DJ MEDIA/VIDEO/1980's/Pink Floyd - Comfortably Numb.mp4
RVTR746475,Elvis Presley,Don't Be Cruel,2,no,no,no,yes,no,,/Users/bobhopp/DJ MEDIA/VIDEO/1970's/Elvis Presley - Don't Be Cruel.mp4
RVTR325460,Killers,When You Were Young,2,no,yes,yes,yes,yes,,/Users/bobhopp/DJ MEDIA/VIDEO/2000's/Killers - When You Were Young.mp4
RVTR606551,Kool & The Gang,Get Down On It,2,no,no,no,yes,no,,/Users/bobhopp/DJ MEDIA/VIDEO/1980's/Kool & The Gang - Get Down On It.mp4
RVTR476733,The Emotions,Best Of My Love,2,no,yes,yes,yes,yes,,/Users/bobhopp/DJ MEDIA/VIDEO/1970's/The Emotions - Best Of My Love.mp4
RVTR230616,Yes,I've Seen All Good People,2,no,no,no,yes,no,,/Users/bobhopp/DJ MEDIA/VIDEO/1970's/Yes - I've Seen All Good People.mp4
RVTR572711,Cyndi Lauper,Time After Time,2,no,yes,yes,yes,yes,,/Users/bobhopp/DJ MEDIA/VIDEO/1980's/Cyndi Lauper - Time After Time.mp4
RVTR854152,Chaka Demus,Murder She Wrote,2,no,no,yes,yes,yes,,/Users/bobhopp/DJ MEDIA/VIDEO/1990's/Chaka Demus - Murder She Wrote.mp4
RVTR144595,Pet Shop Boys,West End Girls,2,no,yes,yes,yes,yes,,/Users/bobhopp/DJ MEDIA/VIDEO/1980's/Pet Shop Boys - West End Girls.mp4
RVTR877847,Johnny Preston,Running Bear,2,no,no,yes,yes,yes,,/Users/bobhopp/DJ MEDIA/VIDEO/1950's/Johnny Preston - Running Bear.mp4
RVTR888385,Elton John,Candle In The Wind,2,no,yes,yes,yes,yes,,/Users/bobhopp/DJ MEDIA/VIDEO/1970's/Elton John - Candle In The Wind.mp4
RVTR449500,Dave Matthews Band,Satellite,2,no,yes,no,yes,no,,/Users/bobhopp/DJ MEDIA/VIDEO/2000's/Dave Matthews Band - Satellite.MP4
RVTR646143,Stevie Nicks,Gold Dust Woman,2,no,no,no,yes,no,,/Users/bobhopp/DJ MEDIA/VIDEO/1970's/Stevie Nicks - Gold Dust Woman.MP4
RVTR419576,The Bee Gees,More Than A Woman,2,no,no,no,yes,no,,/Users/bobhopp/DJ MEDIA/VIDEO/1970's/The Bee Gees - More Than A Woman.mp4
RVTR098324,Rolling Stones,Far Away Eyes,2,no,no,no,yes,no,,/Users/bobhopp/DJ MEDIA/VIDEO/1970's/Rolling Stones - Far Away Eyes.mp4
RVTR812965,Frankie Valli,Swearin' To God,2,no,no,yes,yes,yes,draft,/Users/bobhopp/DJ MEDIA/VIDEO/1970's/Frankie Valli - Swearin' To God.mp4
RVTR083567,Jefferson Starship,Stranger,2,no,no,yes,yes,yes,,/Users/bobhopp/DJ MEDIA/VIDEO/1980's/Jefferson Starship - Stranger.mp4
RVTR326384,Bootcamp,Hold On to the Night,2,no,no,no,yes,no,,/Users/bobhopp/DJ MEDIA/VIDEO/1970's/Bootcamp - Hold On to the Night.mp4
RVTR524661,Guns N' Roses,Live And Let Die,2,no,yes,yes,yes,yes,,/Users/bobhopp/DJ MEDIA/VIDEO/1990's/Guns N' Roses - Live And Let Die.mp4
RVTR120341,Joan Jett,Season Of The Witch,2,no,no,no,yes,no,,/Users/bobhopp/DJ MEDIA/VIDEO/2010's/Joan Jett - Season Of The Witch.mp4
RVTR517004,Quarterflash,Harden My Heart,2,no,yes,yes,yes,yes,,/Users/bobhopp/DJ MEDIA/VIDEO/1980's/Quarterflash - Harden My Heart.mp4
RVTR954661,The Clash,The Guns Of Brixton,2,no,yes,no,yes,no,,/Users/bobhopp/DJ MEDIA/VIDEO/1980's/The Clash - The Guns Of Brixton.mp4
RVTR860769,J. Geils Band,Must Of Got Lost,2,no,yes,yes,yes,no,,/Users/bobhopp/DJ MEDIA/VIDEO/1970's/J. Geils Band - Must Of Got Lost.mp4
RVTR209822,Carly Rae Jepsen,Call Me Maybe,2,no,yes,yes,yes,yes,,/Users/bobhopp/DJ MEDIA/VIDEO/2010's/Carly Rae Jepsen - Call Me Maybe.mp4
RVTR394247,Will Smith,Just The Two Of Us,2,no,no,yes,yes,yes,,/Users/bobhopp/DJ MEDIA/VIDEO/1990's/Will Smith - Just The Two Of Us.mp4
RVTR900620,Commodores,Three Times A Lady,2,no,yes,yes,yes,yes,,/Users/bobhopp/DJ MEDIA/VIDEO/1970's/Commodores - Three Times A Lady.mp4
RVTR423982,Missy Elliott,Get Ur Freak On,2,no,no,no,yes,yes,,/Users/bobhopp/DJ MEDIA/VIDEO/2000's/Missy Elliott - Get Ur Freak On.mp4
RVTR159387,Joni Mitchell,Big Yellow Taxi,2,no,yes,yes,yes,yes,,/Users/bobhopp/DJ MEDIA/VIDEO/1970's/Joni Mitchell - Big Yellow Taxi.mp4
RVTR916396,R.L. Burnside,Its Bad You Know,2,yes,no,no,yes,no,cards_ready,/Users/bobhopp/DJ MEDIA/VIDEO/1960's/R.L. Burnside - Its Bad You Know.mp4
RVTR244481,Brandy & Monica,The Boy Is Mine,2,no,no,no,yes,no,,/Users/bobhopp/DJ MEDIA/VIDEO/1990's/Brandy & Monica - The Boy Is Mine.mp4
RVTR158259,Five Man Electrical Band,Signs,2,no,no,yes,yes,yes,,/Users/bobhopp/DJ MEDIA/VIDEO/1970's/Five Man Electrical Band - Signs.mp4
RVTR278872,Indiana Wants me,R Dean Taylor,2,no,no,no,yes,no,,/Users/bobhopp/DJ MEDIA/VIDEO/1970's/Indiana Wants me - R Dean Taylor.mp4
RVTR058142,Billy Strings,Dust In A Baggie,2,no,no,no,yes,no,review,/Users/bobhopp/DJ MEDIA/VIDEO/2010's/Billy Strings - Dust In A Baggie.mp4
RVTR606163,Jewel,Who Will Save Your Soul,2,no,yes,yes,yes,yes,,/Users/bobhopp/DJ MEDIA/VIDEO/1990's/Jewel - Who Will Save Your Soul.mp4
RVTR219852,Violent Femmes,American Music,2,no,no,no,yes,no,,/Users/bobhopp/DJ MEDIA/VIDEO/1990's/Violent Femmes - American Music.mp4
RVTR543654,Lee Ann Womack,I Hope You Dance,2,no,yes,yes,yes,yes,,/Users/bobhopp/DJ MEDIA/VIDEO/2000's/Lee Ann Womack - I Hope You Dance.mp4
RVTR202655,Middle Of The Road,Soley Soley,2,no,no,no,yes,no,,/Users/bobhopp/DJ MEDIA/VIDEO/1970's/Middle Of The Road - Soley Soley.mp4
RVTR090446,Sir Douglas Quintet,Born On The Bayou,2,no,no,no,yes,yes,,/Users/bobhopp/DJ MEDIA/VIDEO/1960's/John Fogerty - Born On The Bayou.mp4
RVTR502183,Beyonce F.Slim Thug,Check On It,2,no,no,no,yes,no,review,/Users/bobhopp/DJ MEDIA/VIDEO/2000's/Beyonce F.Slim Thug - Check On It.mp4
RVTR483118,Bill Withers,Ain t No Sunshine,2,no,no,no,yes,no,review,/Users/bobhopp/DJ MEDIA/VIDEO/1970's/Bill Withers - Ain t No Sunshine.mp4
RVTR680926,Pointer Sisters,Yes We Can Can,2,no,yes,yes,yes,no,,/Users/bobhopp/DJ MEDIA/VIDEO/1970's/Pointer Sisters - Yes We Can Can.mp4
RVTR680428,Styx,Two Much Time On My Hands,2,no,no,no,yes,no,,/Users/bobhopp/DJ MEDIA/VIDEO/1980's/Styx - Two Much Time On My Hands.mp4
RVTR416454,Paul Revere & The Raiders,Kicks,2,no,no,no,yes,no,,/Users/bobhopp/DJ MEDIA/VIDEO/1960's/Paul Revere & The Raiders - Kicks.mp4
RVTR350515,Peter Gabriel,Shock The Monkey,2,no,yes,yes,yes,yes,,/Users/bobhopp/DJ MEDIA/VIDEO/1980's/Peter Gabriel - Shock The Monkey.mp4
RVTR828120,Howard Jones,No One Is To Blame,2,no,yes,yes,yes,yes,,/Users/bobhopp/DJ MEDIA/VIDEO/1980's/Howard Jones - No One Is To Blame.mp4
RVTR467562,Jethro Tull,Locomotive Breath,2,no,yes,yes,yes,yes,draft,/Users/bobhopp/DJ MEDIA/VIDEO/1970's/Jethro Tull - Locomotive Breath.mp4
RVTR874754,Van Morrison,Just Like A Woman,2,no,no,no,yes,no,draft,/Users/bobhopp/DJ MEDIA/VIDEO/1960's/Van Morrison - Just Like A Woman.mp4
RVTR743137,Pretenders,Tattooed Love Boys,2,no,yes,no,yes,no,,/Users/bobhopp/DJ MEDIA/VIDEO/1970's/Pretenders - Tattooed Love Boys.mp4
RVTR632046,Tom Jones and Art Of Noise,Kiss,2,no,no,no,yes,no,,/Users/bobhopp/DJ MEDIA/VIDEO/1980's/Tom Jones and Art Of Noise - Kiss.mp4
RVTR533056,Eddy Grant,Walking On Sunshine,2,no,no,no,yes,no,,/Users/bobhopp/DJ MEDIA/VIDEO/1970's/Eddy Grant - Walking On Sunshine.mp4
RVTR476788,The Turtles,You Showed Me Live,2,no,no,no,yes,no,,/Users/bobhopp/DJ MEDIA/VIDEO/1960's/The Turtles - You Showed Me Live.mp4
RVTR556860,Toby Keith,As Good As I Once Was,2,no,yes,yes,yes,yes,,/Users/bobhopp/DJ MEDIA/VIDEO/2000's/Toby Keith - As Good As I Once Was.mp4
RVTR959139,Bob Marley,Jammin',2,no,no,no,yes,no,,/Users/bobhopp/DJ MEDIA/VIDEO/1970's/Bob Marley & The Wailers - Jammin'.mp4
RVTR286733,Missy Elliott,Get Ur Freak On B,2,no,no,no,yes,no,,/Users/bobhopp/DJ MEDIA/VIDEO/TECHNO/Missy Elliott - Get Ur Freak On B.mp4
RVTR338053,Miley Cyrus,Wish You Were Here,2,no,no,no,yes,no,,/Users/bobhopp/DJ MEDIA/VIDEO/2010's/Miley Cyrus - Wish You Were Here.mp4
RVTR063015,Otis Redding,These Arms Of Mine,2,no,yes,yes,yes,yes,,/Users/bobhopp/DJ MEDIA/VIDEO/1960's/Otis Redding - These Arms Of Mine.mp4
RVTR040762,Billy Joel,Just the Way You Are,2,no,yes,yes,yes,yes,review,/Users/bobhopp/DJ MEDIA/VIDEO/1970's/Billy Joel - Just the Way You Are.mp4
RVTR082065,Fixx,One Thing Leads To Another,2,no,yes,yes,yes,no,,/Users/bobhopp/DJ MEDIA/VIDEO/1980's/Fixx - One Thing Leads To Another.mp4
RVTR771796,Pet Shop Boys,Always On My Mind,2,no,no,yes,yes,yes,,/Users/bobhopp/DJ MEDIA/VIDEO/1980's/Pet Shop Boys - Always On My Mind.mp4
RVTR754035,Ladyva,Boogie Woogie Explosion,2,no,no,no,yes,no,,/Users/bobhopp/DJ MEDIA/VIDEO/2020's/Ladyva - Boogie Woogie Explosion.mp4
RVTR144518,Rihanna,Only Girl (In The World),2,no,yes,yes,yes,yes,,/Users/bobhopp/DJ MEDIA/VIDEO/2010's/Rihanna - Only Girl (In The World).mp4
RVTR012989,Johnny Rivers,Mountain Of Love,2,no,yes,yes,yes,yes,,/Users/bobhopp/DJ MEDIA/VIDEO/1960's/Johnny Rivers - Mountain Of Love.mp4
RVTR801138,Insane Clown Posse,Hokus Pokus,2,no,yes,no,yes,no,,/Users/bobhopp/DJ MEDIA/VIDEO/1990's/Insane Clown Posse - Hokus Pokus.mp4
RVTR039249,Rare Earth,I Know I'm Losing You,2,no,yes,yes,yes,no,,/Users/bobhopp/DJ MEDIA/VIDEO/1970's/Rare Earth - I Know I'm Losing You.mp4
RVTR973913,Forrest Gump,Sweet Home Alabama,2,no,no,no,yes,no,,/Users/bobhopp/DJ MEDIA/VIDEO/1970's/Forrest Gump - Sweet Home Alabama.mp4
RVTR433500,Bon Jovi,You Give Love A Bad Name,2,no,yes,yes,yes,yes,,/Users/bobhopp/DJ MEDIA/VIDEO/1980's/Bon Jovi - You Give Love A Bad Name.mp4
RVTR188483,Stevie Ray Vaughan,Voodoo Child ,2,no,no,no,yes,yes,,/Users/bobhopp/DJ MEDIA/VIDEO/1980's/Stevie Ray Vaughan - Voodoo Child.mp4
RVTR707612,Rockwell,Somebody's Watching Me,2,no,no,yes,yes,yes,,/Users/bobhopp/DJ MEDIA/VIDEO/1980's/Rockwell - Somebody's Watching Me.mp4
RVTR899332,Dwight Yoakam,Guitars Cadillacs,2,no,no,no,yes,no,,/Users/bobhopp/DJ MEDIA/VIDEO/1980's/Dwight Yoakam - Guitars Cadillacs.mp4
RVTR849190,Behind Closed Doors,Charlie Rich,2,no,no,no,yes,no,review,/Users/bobhopp/DJ MEDIA/VIDEO/1970's/Behind Closed Doors - Charlie Rich.mp4
RVTR422999,Alica Bridges,Love The Nightlife,2,no,no,no,yes,no,review,/Users/bobhopp/DJ MEDIA/VIDEO/1980's/Alica Bridges - Love The Nightlife.mp4
RVTR056728,Melina Mercouri,Never On Sunday,2,no,no,no,yes,no,,/Users/bobhopp/DJ MEDIA/VIDEO/1960's/Melina Mercouri - Never On Sunday.mp4
RVTR065937,Marmalade,Reflections Of My Life,2,no,no,yes,yes,yes,,/Users/bobhopp/DJ MEDIA/VIDEO/1960's/Marmalade - Reflections Of My Life.mp4
RVTR939014,Hootie & The Blowfish,Let Her Cry,2,no,no,no,yes,no,,/Users/bobhopp/DJ MEDIA/VIDEO/1990's/Hootie & The Blowfish - Let Her Cry.mp4
RVTR186098,Frankie Valli,My Eyes Adored You,2,no,yes,yes,yes,yes,draft,/Users/bobhopp/DJ MEDIA/VIDEO/1970's/Frankie Valli - My Eyes Adored You.mp4
RVTR199132,Three Dog Night,The Family Of Man,2,no,yes,yes,yes,yes,,/Users/bobhopp/DJ MEDIA/VIDEO/1970's/Three Dog Night - The Family Of Man.mp4
RVTR469359,The Police,Every Breath You Take,2,no,yes,yes,yes,yes,,/Users/bobhopp/DJ MEDIA/VIDEO/1980's/The Police - Every Breath You Take.mp4
RVTR672479,Jackson Browne,Running On Empty,2,no,yes,yes,yes,yes,,/Users/bobhopp/DJ MEDIA/VIDEO/1970's/Jackson Browne - Running On Empty.mp4
RVTR552207,Smokie,Living Next Door to Alice,2,no,no,yes,yes,yes,,/Users/bobhopp/DJ MEDIA/VIDEO/1970's/Smokie - Living Next Door to Alice.mp4
RVTR435109,Jethro Tull,Bungle in the jungle,2,no,yes,yes,yes,yes,,/Users/bobhopp/DJ MEDIA/VIDEO/1970's/Jethro Tull - Bungle in the jungle.mp4
RVTR541834,U2,Where The Streets Have No Name,2,no,yes,yes,yes,yes,,/Users/bobhopp/DJ MEDIA/VIDEO/1980's/U2 - Where The Streets Have No Name.mp4
RVTR142172,Neil Diamond,Longfellow Serenade,2,no,yes,yes,yes,yes,,/Users/bobhopp/DJ MEDIA/VIDEO/1970's/Neil Diamond - Longfellow Serenade.mp4
RVTR403721,Naughty By Nature,Hip Hop Hooray,2,yes,no,yes,yes,yes,review,/Users/bobhopp/DJ MEDIA/VIDEO/1990's/Naughty By Nature - Hip Hop Hooray.mp4
RVTR395621,Harry Nilsson,Jump into the Fire,2,no,no,no,yes,no,,/Users/bobhopp/DJ MEDIA/VIDEO/1970's/Harry Nilsson - Jump into the Fire.mp4
RVTR202406,The Police,Can't Stand Losing You,2,no,no,no,yes,no,,/Users/bobhopp/DJ MEDIA/VIDEO/1980's/The Police - Can't Stand Losing You.mp4
RVTR210480,Siouxsie & The Banshees,Peek A Boo,2,no,no,no,yes,no,,/Users/bobhopp/DJ MEDIA/VIDEO/1980's/Siouxsie & The Banshees - Peek A Boo.mp4
RVTR719025,Stone Temple Pilots,Big Bang Baby,2,no,yes,no,yes,no,,/Users/bobhopp/DJ MEDIA/VIDEO/1990's/Stone Temple Pilots - Big Bang Baby.mp4
RVTR512086,The Rolling Stones,As Tears Go By,2,yes,yes,yes,yes,yes,cards_ready,/Users/bobhopp/DJ MEDIA/VIDEO/1960's/The Rolling Stones - As Tears Go By.mp4
RVTR850233,The Black Keys,Gold On The Ceiling,2,no,yes,yes,yes,yes,,/Users/bobhopp/DJ MEDIA/VIDEO/2010's/The Black Keys - Gold On The Ceiling.mp4
RVTR914595,Disturbed,Down With The Sickness,2,no,yes,no,yes,no,,/Users/bobhopp/DJ MEDIA/VIDEO/2000's/Disturbed - Down With The Sickness.mp4
RVTR393676,Sticky Fingers,Murderous Nerves,2,no,no,no,yes,no,,/Users/bobhopp/DJ MEDIA/VIDEO/2010's/Sticky Fingers - Murderous Nerves.mp4
RVTR885693,Tommy Edwards,It's All In The Game,2,no,no,yes,yes,yes,,/Users/bobhopp/DJ MEDIA/VIDEO/1950's/Tommy Edwards - It's All In The Game.mp4
RVTR823862,Elvis Presley,Never Been To Spain,2,no,yes,no,yes,no,,/Users/bobhopp/DJ MEDIA/VIDEO/1970's/Elvis Presley - Never Been To Spain.mp4
RVTR293997,Supertramp,Take The Long Way Home,2,no,yes,yes,yes,yes,,/Users/bobhopp/DJ MEDIA/VIDEO/1970's/Supertramp - Take The Long Way Home.mp4
RVTR006940,Stetsasonic,Talkin' All That Jazz,2,no,no,no,yes,no,,/Users/bobhopp/DJ MEDIA/VIDEO/1980's/Stetsasonic - Talkin' All That Jazz.mp4
RVTR016320,Tony Carey,I Won't Be Home Tonight,2,no,no,yes,yes,yes,,/Users/bobhopp/DJ MEDIA/VIDEO/1980's/Tony Carey - I Won't Be Home Tonight.mp4
RVTR190647,The Rolling Stones,Heart Of Stone,2,no,yes,yes,yes,yes,,/Users/bobhopp/DJ MEDIA/VIDEO/1960's/The Rolling Stones - Heart Of Stone.mp4
RVTR863732,Jay-Z f./Mr. Hudson,Young Forever,2,no,no,no,yes,no,,/Users/bobhopp/DJ MEDIA/VIDEO/2010's/Jay-Z f._Mr. Hudson - Young Forever.mp4
RVTR747824,Stevie Wonder,Living For The City,2,no,yes,yes,yes,yes,,/Users/bobhopp/DJ MEDIA/VIDEO/1970's/Stevie Wonder - Living For The City.mp4
RVTR909860,Megadeth,Symphony Of Destruction,2,no,yes,yes,yes,yes,,/Users/bobhopp/DJ MEDIA/VIDEO/1990's/Megadeth - Symphony Of Destruction.mp4
RVTR325297,Insane Clown Posse,Juggalo Island,2,no,no,no,yes,no,,/Users/bobhopp/DJ MEDIA/VIDEO/2000's/Insane Clown Posse - Juggalo Island.mp4
RVTR692611,Greta Van Fleet,Black Smoke Rising,2,no,no,no,yes,no,,/Users/bobhopp/DJ MEDIA/VIDEO/2010's/Greta Van Fleet - Black Smoke Rising.mp4
RVTR336448,Ugly Kid Joe,Everything About You,2,yes,no,yes,yes,yes,review,/Users/bobhopp/DJ MEDIA/VIDEO/1990's/Ugly Kid Joe - Everything About You.mp4
RVTR576926,Reverend Horton Heat,Wiggle Stick,2,no,no,no,yes,no,,/Users/bobhopp/DJ MEDIA/VIDEO/2000's/Reverend Horton Heat - Wiggle Stick.mp4
RVTR594300,Nine Inch Nails,The Hand That Feeds,2,no,no,yes,yes,yes,,/Users/bobhopp/DJ MEDIA/VIDEO/2000's/Nine Inch Nails - The Hand That Feeds.mp4
RVTR995309,Kenny Wayne Shepherd,Blue on Black,2,no,no,no,yes,no,,/Users/bobhopp/DJ MEDIA/VIDEO/1990's/Kenny Wayne Shepherd - Blue on Black.mp4
RVTR829438,Jody Watley,Looking For A New Love,2,no,yes,yes,yes,yes,,/Users/bobhopp/DJ MEDIA/VIDEO/1980's/Jody Watley - Looking For A New Love.mp4
RVTR443450,Backstreet Boys,I Want It That Way,2,no,yes,yes,yes,yes,review,/Users/bobhopp/DJ MEDIA/VIDEO/1990's/Backstreet Boys - I Want It That Way.mp4
RVTR203662,The Moody Blues,Tuesday Afternoon,2,no,yes,yes,yes,yes,,/Users/bobhopp/DJ MEDIA/VIDEO/1960's/The Moody Blues - Tuesday Afternoon.mp4
RVTR550274,White Zombie,More Human Than Human,2,no,no,no,yes,no,,/Users/bobhopp/DJ MEDIA/VIDEO/2000's/White Zombie - More Human Than Human.mp4
RVTR886851,Billy Idol & Miley Cyrus,Rebel Yell,2,no,no,no,yes,no,review,/Users/bobhopp/DJ MEDIA/VIDEO/2010's/Billy Idol & Miley Cyrus - Rebel Yell.mp4
RVTR211401,Crowded House,Don't Dream It's Over,2,no,no,yes,yes,yes,,/Users/bobhopp/DJ MEDIA/VIDEO/1980's/Crowded House - Don't Dream It's Over.mp4
RVTR963272,Gerry Rafferty,Right Down The Line,2,no,yes,yes,yes,yes,,/Users/bobhopp/DJ MEDIA/VIDEO/1970's/Gerry Rafferty - Right Down The Line.mp4
RVTR930640,Indeep,Last Night A DJ Saved My Life,2,no,no,no,yes,no,,/Users/bobhopp/DJ MEDIA/VIDEO/1980's/Indeep - Last Night A DJ Saved My Life.mp4
RVTR324904,Grand Funk Railroad,The Locomotion,2,no,no,no,yes,no,,/Users/bobhopp/DJ MEDIA/VIDEO/1970's/Grand Funk Railroad - The Locomotion.mp4
RVTR565370,Jerry Granelli Trio,Linus and Lucy,2,no,no,no,yes,yes,,/Users/bobhopp/DJ MEDIA/VIDEO/1960's/Jerry Granelli Trio - Linus and Lucy.mp4
RVTR150200,Warren Zevon,Werewolves Of London,2,yes,yes,yes,yes,yes,review,/Users/bobhopp/DJ MEDIA/VIDEO/1970's/Warren Zevon - Werewolves Of London.mp4
RVTR879837,John Cougar Mellencamp,Check It Out,2,no,no,no,yes,no,,/Users/bobhopp/DJ MEDIA/VIDEO/1980's/John Cougar Mellencamp - Check It Out.mp4
RVTR158343,The Jimi Hendrix Experience,Hey Joe,2,no,yes,no,yes,no,,/Users/bobhopp/DJ MEDIA/VIDEO/1960's/The Jimi Hendrix Experience - Hey Joe.mp4
RVTR717336,Alan Parsons Project,Eye In The Sky,2,no,yes,yes,yes,yes,review,/Users/bobhopp/DJ MEDIA/VIDEO/1980's/Alan Parsons Project - Eye In The Sky.mp4
RVTR200278,David Loggins,Please Come To Boston,2,no,no,no,yes,no,,/Users/bobhopp/DJ MEDIA/VIDEO/1970's/David Loggins - Please Come To Boston.mp4
RVTR060622,Johnny Cash,Ghost Riders In The Sky,2,no,no,no,yes,no,,/Users/bobhopp/DJ MEDIA/VIDEO/1970's/Johnny Cash - Ghost Riders In The Sky.mp4
RVTR913134,The Manhattans,Kiss and Say Goodbye,2,no,yes,yes,yes,yes,,/Users/bobhopp/DJ MEDIA/VIDEO/1970's/The Manhattans - Kiss and Say Goodbye.mp4
RVTR752935,Gloria Estefan,Turn The Beat Around,2,no,no,yes,yes,yes,,/Users/bobhopp/DJ MEDIA/VIDEO/1990's/Gloria Estefan - Turn The Beat Around.mp4
RVTR029999,The Mamas and The Papas,Creque Alley,2,yes,no,no,yes,no,review,/Users/bobhopp/DJ MEDIA/VIDEO/1960's/The Mamas and The Papas - Creque Alley.mp4
RVTR467259,Far Corporation,Stairway To Heaven,2,no,no,yes,yes,yes,,/Users/bobhopp/DJ MEDIA/VIDEO/1980's/Far Corporation - Stairway To Heaven.mp4
RVTR959701,Aretha Franklin,Say A Little Prayer,2,no,no,no,yes,no,review,/Users/bobhopp/DJ MEDIA/VIDEO/1960's/Aretha Franklin - Say A Little Prayer.mp4
RVTR918349,Lou Christie,I'm Gonna Make You Mine,2,no,no,yes,yes,yes,,/Users/bobhopp/DJ MEDIA/VIDEO/1960's/Lou Christie - I'm Gonna Make You Mine.mp4
RVTR538719,Britney Spears,Oops!...I Did It Again,2,no,yes,yes,yes,yes,,/Users/bobhopp/DJ MEDIA/VIDEO/2000's/Britney Spears - Oops!...I Did It Again.mp4
RVTR655947,Waylon Jennings,Never Been to Spain,2,no,no,no,yes,no,,/Users/bobhopp/DJ MEDIA/VIDEO/2000's/Waylon Jennings - Never Been to Spain.mp4
RVTR920094,Scorpions,Rock You Like A Hurricane,2,no,yes,yes,yes,yes,,/Users/bobhopp/DJ MEDIA/VIDEO/1980's/Scorpions - Rock You Like A Hurricane.mp4
RVTR721859,UB40,The Way You Do The Things You Do,2,no,yes,yes,yes,yes,,/Users/bobhopp/DJ MEDIA/VIDEO/1980's/UB40 - The Way You Do The Things You Do.mp4
RVTR890795,Dolly Parton,I Will Always Love You,2,no,yes,yes,yes,yes,,/Users/bobhopp/DJ MEDIA/VIDEO/1970's/Dolly Parton - I Will Always Love You.mp4
RVTR301526,John Anderson and Colt Ford,Swingin',2,no,no,no,yes,no,,/Users/bobhopp/DJ MEDIA/VIDEO/1980's/John Anderson and Colt Ford - Swingin'.mp4
RVTR784498,Bob Marley,Is This Love,2,no,no,no,yes,no,,/Users/bobhopp/DJ MEDIA/VIDEO/1970's/Bob Marley & The Wailers - Is This Love.mp4
RVTR463582,Spice Girls,Who Do You Think You Are,2,no,yes,no,yes,no,,/Users/bobhopp/DJ MEDIA/VIDEO/1990's/Spice Girls - Who Do You Think You Are.mp4
RVTR390855,Peter Frampton,"Baby, I Love Your Way",2,no,yes,yes,yes,yes,draft,"/Users/bobhopp/DJ MEDIA/VIDEO/1970's/Peter Frampton - Baby, I Love Your Way.mp4"
RVTR868489,The Beatles,The Long And Winding Road,2,no,no,yes,yes,yes,,/Users/bobhopp/DJ MEDIA/VIDEO/1980's/The Beatles - The Long And Winding Road.mp4
RVTR523585,Stevie Wonder,Boogie On Reggae Woman,2,no,yes,yes,yes,yes,,/Users/bobhopp/DJ MEDIA/VIDEO/1970's/Stevie Wonder - Boogie On Reggae Woman.mp4
RVTR065515,Cypress Hill,When The Ship Goes Down,2,no,no,no,yes,no,,/Users/bobhopp/DJ MEDIA/VIDEO/1990's/Cypress Hill - When The Ship Goes Down.mp4
RVTR973421,Kitty Daisy & Lewis,Going Up Country,2,no,no,no,yes,no,,/Users/bobhopp/DJ MEDIA/VIDEO/2000's/Kitty Daisy & Lewis - Going Up Country.mp4
RVTR951959,Slim Gaillard & His Trio,Dunkin' Bagel,2,no,no,no,yes,no,,/Users/bobhopp/DJ MEDIA/VIDEO/1960's/Slim Gaillard & His Trio - Dunkin' Bagel.mp4
RVTR987087,The Carpenters,We've Only Just Begun,2,no,yes,yes,yes,no,,/Users/bobhopp/DJ MEDIA/VIDEO/1970's/The Carpenters - We've Only Just Begun.mp4
RVTR209533,Joy Division,Love Will Tear Us Apart,2,no,no,no,yes,no,,/Users/bobhopp/DJ MEDIA/VIDEO/1980's/Joy Division - Love Will Tear Us Apart.mp4
RVTR169558,Milli Vanilli,Girl I'm Gonna Miss You,2,no,no,yes,yes,yes,,/Users/bobhopp/DJ MEDIA/VIDEO/1980's/Milli Vanilli - Girl I'm Gonna Miss You.mp4
RVTR702262,Culture Club,Time (Clock Of The Heart),2,no,yes,yes,yes,yes,,/Users/bobhopp/DJ MEDIA/VIDEO/1980's/Culture Club - Time (Clock Of The Heart).mp4
RVTR481091,Eric Burdon and The Animals,Sky Pilot,2,no,no,no,yes,no,,/Users/bobhopp/DJ MEDIA/VIDEO/1960's/Eric Burdon and The Animals - Sky Pilot.mp4
RVTR089415,Foreigner,Waiting for a Girl Like You,2,no,yes,yes,yes,yes,,/Users/bobhopp/DJ MEDIA/VIDEO/1980's/Foreigner - Waiting for a Girl Like You.mp4
RVTR666230,Ray LaMontagne,You Are The Best Thing,2,no,yes,yes,yes,yes,,/Users/bobhopp/DJ MEDIA/VIDEO/2000's/Ray LaMontagne - You Are The Best Thing.mp4
RVTR942412,Crystal Bowersox,She Talks To Angels,2,no,no,no,yes,no,,/Users/bobhopp/DJ MEDIA/VIDEO/1990's/Crystal Bowersox - She Talks To Angels.MP4
RVTR284630,The Black Eyed Peas,Where Is The Love?,2,no,no,yes,yes,yes,,/Users/bobhopp/DJ MEDIA/VIDEO/2000's/The Black Eyed Peas - Where Is The Love_.mp4
RVTR248828,Aerosmith,I Don't Want To Miss A Thing,2,no,no,yes,yes,yes,review,/Users/bobhopp/DJ MEDIA/VIDEO/1990's/Aerosmith - I Don't Want To Miss A Thing.mp4
RVTR215786,Anthrax & Public Enemy,Bring The Noise,2,no,no,no,yes,no,review,/Users/bobhopp/DJ MEDIA/VIDEO/1990's/Anthrax & Public Enemy - Bring The Noise.mp4
RVTR055458,Gerry Rafferty,Get It Right Next Time,2,no,yes,yes,yes,yes,,/Users/bobhopp/DJ MEDIA/VIDEO/1970's/Gerry Rafferty - Get It Right Next Time.mp4
RVTR984536,Bruce Hornsby & The Range,The Way It Is,2,no,no,no,yes,no,,/Users/bobhopp/DJ MEDIA/VIDEO/1980's/Bruce Hornsby & The Range - The Way It Is.mp4
RVTR826011,Red Hot Chili Peppers,Soul To Squeeze,2,no,no,yes,yes,yes,,/Users/bobhopp/DJ MEDIA/VIDEO/1990's/Red Hot Chili Peppers - Soul To Squeeze.mp4
RVTR002344,The Police,Wrapped Around Your Finger,2,no,yes,yes,yes,yes,,/Users/bobhopp/DJ MEDIA/VIDEO/1980's/The Police - Wrapped Around Your Finger.mp4
RVTR499802,Eddie And The Cruisers,On the Dark Side,2,no,no,no,yes,no,,/Users/bobhopp/DJ MEDIA/VIDEO/1980's/Eddie And The Cruisers - On the Dark Side.mp4
RVTR879509,Daryl Hall & John Oates,Kiss on My List,2,no,no,no,yes,no,,/Users/bobhopp/DJ MEDIA/VIDEO/1980's/Daryl Hall & John Oates - Kiss on My List.mp4
RVTR005365,Waylon Jennings,I Could Get Off On You,2,no,no,no,yes,no,,/Users/bobhopp/DJ MEDIA/VIDEO/1970's/Waylon Jennings - I Could Get Off On You.mp4
RVTR809115,Thelma Houston,Don't Leave Me This Way,2,no,no,yes,yes,yes,,/Users/bobhopp/DJ MEDIA/VIDEO/1970's/Thelma Houston - Don't Leave Me This Way.mp4
RVTR951391,Killers,All These Things That Ive Done,2,no,no,no,yes,no,,/Users/bobhopp/DJ MEDIA/VIDEO/2000's/Killers - All These Things That Ive Done.mp4
RVTR446505,Toad The Wet Sprocket,Good Intentions,2,no,yes,no,yes,no,,/Users/bobhopp/DJ MEDIA/VIDEO/1990's/Toad The Wet Sprocket - Good Intentions.mp4
RVTR888538,The Temptations,Ain't Too Proud To Beg,2,no,yes,yes,yes,yes,,/Users/bobhopp/DJ MEDIA/VIDEO/1960's/The Temptations - Ain't Too Proud To Beg.mp4
RVTR765847,The Rolling Stones,Waiting On A Friend,2,no,yes,yes,yes,yes,,/Users/bobhopp/DJ MEDIA/VIDEO/1980's/The Rolling Stones - Waiting On A Friend.mp4
RVTR633099,John Denver,Thank God I'm a Country Boy,2,no,no,yes,yes,yes,draft,/Users/bobhopp/DJ MEDIA/VIDEO/COUNTRY/FILL/John Denver - Thank God I'm a Country Boy.mp4
RVTR518063,The Surreal McCoys,Whole Lotta Folsom,2,no,no,no,yes,no,,/Users/bobhopp/DJ MEDIA/VIDEO/2020's/The Surreal McCoys - Whole Lotta Folsom.mp4
RVTR570384,Climax Blues Band,Couldn't Get It Right,2,no,no,yes,yes,yes,,/Users/bobhopp/DJ MEDIA/VIDEO/1970's/Climax Blues Band - Couldn't Get It Right.mp4
RVTR040451,Cyndi Lauper,Girls Just Wanna Have Fun,2,no,no,no,yes,no,,/Users/bobhopp/DJ MEDIA/VIDEO/1980's/Cyndi Lauper - Girls Just Wanna Have Fun.mp4
RVTR670335,The Highwaymen,Ghost Riders In The Sky,2,no,no,no,yes,no,,/Users/bobhopp/DJ MEDIA/VIDEO/1990's/The Highwaymen - Ghost Riders In The Sky.mp4
RVTR869554,Dean Martin,Ain't That A Kick In The Head,2,no,no,no,yes,no,,/Users/bobhopp/DJ MEDIA/VIDEO/1960's/Dean Martin - Ain't That A Kick In The Head.mp4
RVTR900707,Alan Parsons Project,Games People Play,2,no,yes,yes,yes,no,review,/Users/bobhopp/DJ MEDIA/VIDEO/1980's/Alan Parsons Project - Games People Play.mp4
RVTR970899,The Velvet Underground,Stephanie Says,2,no,no,no,yes,no,,/Users/bobhopp/DJ MEDIA/VIDEO/1980's/The Velvet Underground - Stephanie Says.mp4
RVTR789754,Question Mark & The Mysterians,96 Tears,2,yes,no,no,yes,no,review,/Users/bobhopp/DJ MEDIA/VIDEO/1960's/Question Mark & The Mysterians - 96 Tears.mp4
RVTR853785,Shu ba Da Du Ma Ma Ma Ma,Steve Miller Band,2,no,no,no,yes,no,,/Users/bobhopp/DJ MEDIA/VIDEO/1970's/Shu ba Da Du Ma Ma Ma Ma - Steve Miller Band.mp4
RVTR565900,Steely Dan Rikki,Don't Lose That Number,2,no,no,no,yes,no,,/Users/bobhopp/DJ MEDIA/VIDEO/1970's/Steely Dan Rikki - Don't Lose That Number.mp4
RVTR860886,Dusty Springfield,Son Of A Preacher Man,2,no,yes,no,yes,yes,,/Users/bobhopp/DJ MEDIA/VIDEO/1960's/Dusty Springfield - Son Of A Preacher Man.mp4
RVTR014975,Michael Jackson,Blood On The Dance Floor,2,no,no,yes,yes,yes,,/Users/bobhopp/DJ MEDIA/VIDEO/1990's/Michael Jackson - Blood On The Dance Floor.mp4
RVTR418285,Aerosmith,Remember (Walking In The Sand),2,no,yes,yes,yes,yes,review,/Users/bobhopp/DJ MEDIA/VIDEO/1970's/Aerosmith - Remember (Walking In The Sand).mp4
RVTR870499,The Jimi Hendrix Experience,Purple Haze,2,no,yes,yes,yes,yes,,/Users/bobhopp/DJ MEDIA/VIDEO/1970's/The Jimi Hendrix Experience - Purple Haze.mp4
RVTR379854,Elton John,Can You Feel The Love Tonight,2,no,no,yes,yes,yes,,/Users/bobhopp/DJ MEDIA/VIDEO/1990's/Elton John - Can You Feel The Love Tonight.mp4
RVTR152133,Trump and World Leaders,We Are The World,2,no,no,no,yes,no,,/Users/bobhopp/DJ MEDIA/VIDEO/2020's/Trump and World Leaders - We Are The World.mp4
RVTR933068,Andrews Sisters,Boogie Woogie Bugle Boy,2,no,no,no,yes,no,review,/Users/bobhopp/DJ MEDIA/VIDEO/1950's/Andrews Sisters - Boogie Woogie Bugle Boy.mp4
RVTR922227,Luke Bryan,Country Girl (Shake It For Me),2,no,yes,yes,yes,yes,,/Users/bobhopp/DJ MEDIA/VIDEO/2010's/Luke Bryan - Country Girl (Shake It For Me).mp4
RVTR416467,Queen & Paul Rodgers,We Are The Champions,2,no,no,no,yes,no,,/Users/bobhopp/DJ MEDIA/VIDEO/1980's/Queen & Paul Rodgers - We Are The Champions.mp4
RVTR483686,Creedence Clearwater Revival,Proud Mary,2,no,yes,yes,yes,yes,,/Users/bobhopp/DJ MEDIA/VIDEO/1960's/Creedence Clearwater Revival - Proud Mary.mp4
RVTR369816,Daryl Hall & John Oates,I Can't Go For That,2,no,no,no,yes,no,,/Users/bobhopp/DJ MEDIA/VIDEO/1980's/Daryl Hall & John Oates - I Can't Go For That.mp4
RVTR967171,Rod Stewart,I Don't Want To Talk About It,2,no,yes,yes,yes,yes,,/Users/bobhopp/DJ MEDIA/VIDEO/1980's/Rod Stewart - I Don't Want To Talk About It.mp4
RVTR325997,George Baker,Una Paloma Blanca,2,no,no,no,yes,no,draft,/Users/bobhopp/DJ MEDIA/VIDEO/1970's/George Baker - Una Paloma Blanca.mp4
RVTR825875,The 5th Dimension,One Less Bell To Answer,2,no,yes,yes,yes,yes,,/Users/bobhopp/DJ MEDIA/VIDEO/1970's/The 5th Dimension - One Less Bell To Answer.mp4
RVTR757365,Deniece Williams,Let's Hear It For The Boy,2,no,yes,yes,yes,yes,,/Users/bobhopp/DJ MEDIA/VIDEO/1980's/Deniece Williams - Let's Hear It For The Boy.mp4
RVTR311886,Bo Diddley,A Celebration of Blues and Soul,2,no,no,no,yes,no,review,/Users/bobhopp/DJ MEDIA/VIDEO/1980's/Bo Diddley - A Celebration of Blues and Soul.mp4
RVTR618053,Donna Summer,She Works Hard For The Money,2,no,yes,yes,yes,yes,,/Users/bobhopp/DJ MEDIA/VIDEO/1980's/Donna Summer - She Works Hard For The Money.mp4
RVTR523526,Paula Cole,Where Have All The Cowboys Gone,2,no,yes,yes,yes,yes,,/Users/bobhopp/DJ MEDIA/VIDEO/1990's/Paula Cole - Where Have All The Cowboys Gone.mp4
RVTR752333,Bob Marley,Could You Be Loved,2,no,no,no,yes,no,,/Users/bobhopp/DJ MEDIA/VIDEO/1980's/Bob Marley & The Wailers - Could You Be Loved.mp4
RVTR813716,Taylor Dayne,Can't Get Enough Of Your Love,2,no,yes,yes,yes,yes,,/Users/bobhopp/DJ MEDIA/VIDEO/1990's/Taylor Dayne - Can't Get Enough Of Your Love.mp4
RVTR428109,Trisha Yearwood,She's In Love With The Boy,2,no,no,no,yes,no,,/Users/bobhopp/DJ MEDIA/VIDEO/1990's/Trisha Yearwood - She's In Love With The Boy.mp4
RVTR915634,The Rolling Stones,19th Nervous Breakdown,2,no,yes,yes,yes,yes,,/Users/bobhopp/DJ MEDIA/VIDEO/1960's/The Rolling Stones - 19th Nervous Breakdown.mp4
RVTR841138,Culture Club,Do You Really Want To Hurt Me,2,no,yes,yes,yes,yes,,/Users/bobhopp/DJ MEDIA/VIDEO/1980's/Culture Club - Do You Really Want To Hurt Me.mp4
RVTR378602,Jive Bunny & The Mix Masters,Swing The Mood,2,no,no,no,yes,no,,/Users/bobhopp/DJ MEDIA/VIDEO/1950's/Jive Bunny & The Mix Masters - Swing The Mood.mp4
RVTR626520,Rage Against The Machine,Killing In The Name,2,no,no,no,yes,no,,/Users/bobhopp/DJ MEDIA/VIDEO/1990's/Rage Against The Machine - Killing In The Name.mp4
RVTR652368,Middle of the Road,Chirpy Chirpy Cheep Cheep,2,no,no,no,yes,no,,/Users/bobhopp/DJ MEDIA/VIDEO/1970's/Middle of the Road - Chirpy Chirpy Cheep Cheep.mp4
RVTR539317,SSGT Barry Sadler,Ballad Of The Green Berets,2,no,no,no,yes,no,,/Users/bobhopp/DJ MEDIA/VIDEO/1960's/SSGT Barry Sadler - Ballad Of The Green Berets.mp4
RVTR955805,Elvin Bishop,Fooled Around and Fell in Love,2,no,yes,yes,yes,yes,draft,/Users/bobhopp/DJ MEDIA/VIDEO/1970's/Elvin Bishop   - Fooled Around and Fell in Love.mp4
RVTR825989,Creedence Clearwater Revival,Fortunate Son,2,no,no,yes,yes,yes,,/Users/bobhopp/DJ MEDIA/VIDEO/1960's/Creedence Clearwater Revival - Fortunate Son.mp4
RVTR139072,Pat Travers Band,Boom Boom Out Go The Lights,2,no,no,no,yes,no,,/Users/bobhopp/DJ MEDIA/VIDEO/1970's/Pat Travers Band - Boom Boom Out Go The Lights.mp4
RVTR501407,Paul Revere & The Raiders,Indian Reservation,2,no,no,no,yes,no,,/Users/bobhopp/DJ MEDIA/VIDEO/1960's/Paul Revere & The Raiders - Indian Reservation.mp4
RVTR567104,Stevie Ray Vaughan & Double Trouble,Change It,2,no,no,no,yes,no,,/Users/bobhopp/DJ MEDIA/VIDEO/1980's/Stevie Ray Vaughan & Double Trouble - Change It.mp4
RVTR172402,Joan Baez,The Night They Drove Old Dixie Down,2,no,no,yes,yes,yes,,/Users/bobhopp/DJ MEDIA/VIDEO/1970's/Joan Baez - The Night They Drove Old Dixie Down.mp4
RVTR417775,Cage The Elephant,Ain't No Rest For The Wicked,2,no,no,yes,yes,yes,,/Users/bobhopp/DJ MEDIA/VIDEO/2000's/Cage The Elephant - Ain't No Rest For The Wicked.mp4
RVTR390823,Garth Brooks & Huey Lewis,Workin' For A Livin',2,no,no,no,yes,no,,/Users/bobhopp/DJ MEDIA/VIDEO/2000's/Garth Brooks & Huey Lewis - Workin' For A Livin'.mp4
RVTR457818,Rage Against The Machine,Sleep Now in the Fire,2,no,yes,no,yes,no,,/Users/bobhopp/DJ MEDIA/VIDEO/1990's/Rage Against The Machine - Sleep Now in the Fire.mp4
RVTR640319,Sophie B. Hawkins,Damn I Wish I Was Your Lover,2,yes,yes,yes,yes,yes,review,/Users/bobhopp/DJ MEDIA/VIDEO/1990's/Sophie B. Hawkins - Damn I Wish I Was Your Lover.mp4
RVTR063016,Eddie Murphy And Rick James,Party All The Time,2,no,no,no,yes,no,,/Users/bobhopp/DJ MEDIA/VIDEO/1980's/Eddie Murphy And Rick James - Party All The Time.mp4
RVTR542048,Frankie Valli & The Four Seasons,Who Loves You,2,no,no,no,yes,no,draft,/Users/bobhopp/DJ MEDIA/VIDEO/1970's/Frankie Valli & The Four Seasons - Who Loves You.mp4
RVTR115111,Prince,I Could Never Take The Place Of Your Man,2,no,yes,yes,yes,yes,,/Users/bobhopp/DJ MEDIA/VIDEO/1980's/Prince - I Could Never Take The Place Of Your Man.mp4
RVTR447329,Nu Breed Feat. Jesse Howard,Welcome To My House,2,no,no,no,yes,no,,/Users/bobhopp/DJ MEDIA/VIDEO/2000's/Nu Breed feat. Jesse Howard - Welcome To My House.mp4
RVTR795463,Traveling Wilburys,Tweeter and the Monkey Man,2,no,yes,no,yes,no,,/Users/bobhopp/DJ MEDIA/VIDEO/1980's/Traveling Wilburys - Tweeter and the Monkey Man.mp4
RVTR884828,"Steven Tyler, Slash, and Train",Dream On Dream On,2,no,no,no,yes,no,,"/Users/bobhopp/DJ MEDIA/VIDEO/1970's/Steven Tyler, Slash, and Train - Dream On Dream On.mp4"
RVTR885841,David Allan Coe,You Never Even Call Me By My Name,2,no,no,no,yes,yes,draft,/Users/bobhopp/DJ MEDIA/VIDEO/1970's/David Allan Coe - You Never Even Call Me By My Name.mp4
RVTR398962,Strawberry Alarm Clock,Incense And Peppermints,2,no,yes,yes,yes,yes,,/Users/bobhopp/DJ MEDIA/VIDEO/1960's/Strawberry Alarm Clock - Incense And Peppermints.mp4
RVTR760361,David Bowie And Mick Jagger,Dancing In The Street,2,no,no,no,yes,no,,/Users/bobhopp/DJ MEDIA/VIDEO/1980's/David Bowie And Mick Jagger - Dancing In The Street.mp4
RVTR364831,The Dirt Band and Linda Ronstdt,An American Dream,2,no,no,no,yes,no,,/Users/bobhopp/DJ MEDIA/VIDEO/1970's/The Dirt Band and Linda Ronstdt - An American Dream.mp4
RVTR505544,Kenny Rogers & The First Edition,Just Dropped In,2,yes,no,no,yes,no,review,/Users/bobhopp/DJ MEDIA/VIDEO/1960's/Kenny Rogers & The First Edition - Just Dropped In.mp4
RVTR930700,Joe Cocker,She Came In Through The Bathroom Window,2,no,yes,yes,yes,yes,,/Users/bobhopp/DJ MEDIA/VIDEO/1970's/Joe Cocker - She Came In Through The Bathroom Window.mp4
RVTR643022,Missy Elliott F.&Ciara & Fat Man Scoop,Lose Control,2,no,no,no,yes,no,,/Users/bobhopp/DJ MEDIA/VIDEO/2000's/Missy Elliott F.&Ciara & Fat Man Scoop - Lose Control.mp4
RVTR270911,Earl Scruggs And Friends,Foggy Mountain Breakdown,2,no,no,no,yes,no,,/Users/bobhopp/DJ MEDIA/VIDEO/1970's/Earl Scruggs And Friends - Foggy Mountain Breakdown.mp4
RVTR001341,Dr. Hook,When You're In Love With A Beautiful Woman,2,no,yes,yes,yes,yes,,/Users/bobhopp/DJ MEDIA/VIDEO/1970's/Dr. Hook - When You're In Love With A Beautiful Woman.mp4
RVTR760960,The Blues Brothers,Everybody Needs Somebody To Love,2,no,no,no,yes,no,,/Users/bobhopp/DJ MEDIA/VIDEO/1980's/The Blues Brothers - Everybody Needs Somebody To Love.mp4
RVTR680650,Johnn Travolta and Olivia Newton John,Grease Megamix,2,no,no,no,yes,no,,/Users/bobhopp/DJ MEDIA/VIDEO/1980's/Johnn Travolta and Olivia Newton John - Grease Megamix.mp4
RVTR093125,"Tom Jones & Crosby, Stills, Nash & Young",Long Time Gone,2,no,no,no,yes,no,,"/Users/bobhopp/DJ MEDIA/VIDEO/1960's/Tom Jones & Crosby, Stills, Nash & Young - Long Time Gone.mp4"
RVTR250881,Garbage,Stupid Girl,2,no,no,yes,yes,yes,,/Users/bobhopp/DJ MEDIA/VIDEO/1990's/Garbage - Stupid Girl.mp4
RVTR259478,Republica,Ready To Go,2,no,yes,yes,yes,yes,,/Users/bobhopp/DJ MEDIA/VIDEO/1990's/Republica - Ready To Go.mp4
RVTR853965,"Alan Jackson, Jimmy Buffett",It's Five O' Clock Somewhere,1,no,no,no,yes,no,review,"/Users/bobhopp/DJ MEDIA/VIDEO/2000's/Alan Jackson, Jimmy Buffett - It's Five O' Clock Somewhere.mp4"
RVTR977454,Kenny Wayne Shepherd,You Can't Judge A Book By The Cover,1,no,no,no,yes,no,,/Users/bobhopp/DJ MEDIA/VIDEO/2010's/Kenny Wayne Shepherd - You Can't Judge A Book By The Cover.mp4
RVTR261490,Stevie Ray Vaughan & Double Trouble,The House Is Rockin',1,no,no,no,yes,no,,/Users/bobhopp/DJ MEDIA/VIDEO/1980's/Stevie Ray Vaughan & Double Trouble - The House Is Rockin'.mp4
RVTR820531,Eric Clapton and Lenny Kravitz,All Along the Watchtower,1,no,no,no,yes,no,,/Users/bobhopp/DJ MEDIA/VIDEO/2000's/Eric Clapton and Lenny Kravitz - All Along the Watchtower.mp4
RVTR453977,"The Supremes, Smokey Robinson",Someday We'll Be Together,1,no,no,no,yes,no,,"/Users/bobhopp/DJ MEDIA/VIDEO/1960's/The Supremes, Smokey Robinson - Someday We'll Be Together.mp4"
RVTR017464,Tommy Boyce & Bobby Hart,I Wonder What She's Doing Tonight,1,yes,no,no,yes,no,review,/Users/bobhopp/DJ MEDIA/VIDEO/1960's/Tommy Boyce & Bobby Hart - I Wonder What She's Doing Tonight.mp4
RVTR207948,Beck,Where It's At,1,no,no,yes,yes,yes,review,/Users/bobhopp/DJ MEDIA/VIDEO/1990's/Beck - Where It's At.mp4
RVTR814896,Primitive Radio Gods,Standing Outside a Broken Phone Booth,1,no,no,no,yes,no,,/Users/bobhopp/DJ MEDIA/VIDEO/2020's/Primitive Radio Gods - Standing Outside a Broken Phone Booth.mp4
RVTR585835,"Dave Navarro, Taylor Hawkins",Man in The Box,1,no,no,no,yes,no,,"/Users/bobhopp/DJ MEDIA/VIDEO/1990's/Dave Navarro, Taylor Hawkins - Man in The Box (Alice in Chains).mp4"
RVTR645504,Patty Smyth w:Don Henley,Sometimes Love Just Ain't Enough,1,no,no,no,yes,no,,/Users/bobhopp/DJ MEDIA/VIDEO/1990's/Patty Smyth w_Don Henley - Sometimes Love Just Ain't Enough.mp4
RVTR414408,Tommy Boyce and Bobby Hart,I Wonder What She s Doing Tonight,1,no,no,no,yes,no,,/Users/bobhopp/DJ MEDIA/VIDEO/1960's/Tommy Boyce and Bobby Hart - I Wonder What She s Doing Tonight.mp4
RVTR064759,Creedence Clearwater Revival,Heard It Through The Grapevine,1,no,no,no,yes,no,,/Users/bobhopp/DJ MEDIA/VIDEO/1970's/Creedence Clearwater Revival - Heard It Through The Grapevine.mp4
RVTR869522,DJ Jazzy Jeff & The Fresh Prince,Girls Ain't Nothing But Trouble,1,no,no,no,yes,no,,/Users/bobhopp/DJ MEDIA/VIDEO/1980's/DJ Jazzy Jeff & The Fresh Prince - Girls Ain't Nothing But Trouble.mp4
RVTR511403,Ella Fitzgerald ft Louis Armstrong,Dream A Little Dream Of Me,1,no,no,no,yes,no,,/Users/bobhopp/DJ MEDIA/VIDEO/1960's/Ella Fitzgerald feat. Louis Armstrong - Dream A Little Dream Of Me.mp4
RVTR797086,"Rod Stewart, Keith Richards & Faces",Sweet Little Rock and Roller,1,no,no,no,yes,yes,,"/Users/bobhopp/DJ MEDIA/VIDEO/2000's/Rod Stewart, Keith Richards & Faces - Sweet Little Rock and Roller.mp4"
RVTR636446,Pras Michel feat. Ol’ Dirty Bastard & Introducing Mya,Ghetto Supastar,1,no,no,no,yes,no,,/Users/bobhopp/DJ MEDIA/VIDEO/1990's/Pras Michel feat. Ol’ Dirty Bastard & Introducing Mya - Ghetto Supastar.mp4
RVTR088598,James Taylor & Carole King,You've Got A Friend,1,no,no,no,yes,yes,,"/Users/bobhopp/DJ MEDIA/VIDEO/1970's/James Taylor & Carole King - You've Got A Friend (BBC In Concert, 111371).mp4"
RVTR293316,Martin Solveig & Dragonette,Hello,1,no,no,no,yes,no,,/Users/bobhopp/DJ MEDIA/VIDEO/2010's/Martin Solveig & Dragonette - Hello (Official Short Video Version HD).mp4
RVTR532617,"Neil Diamond w:Glen Campbell, Linda Ronstadt",Celebration Of America,1,no,no,no,yes,no,,"/Users/bobhopp/DJ MEDIA/VIDEO/1980's/Neil Diamond w_Glen Campbell, Linda Ronstadt - Celebration Of America.mp4"
RVTR734691,"Ashley McBryde, Caylee Hammack, Pillbox Patti",Brenda Put Your Bra On,1,no,no,no,yes,no,review,"/Users/bobhopp/DJ MEDIA/VIDEO/2020's/Ashley McBryde, Caylee Hammack, Pillbox Patti - Brenda Put Your Bra On.mp4"
RVTR124355,U2,Lemon,1,no,yes,no,yes,no,,/Users/bobhopp/DJ MEDIA/VIDEO/1990's/U2 - Lemon.mp4
RVTR570093,Styx,Babe,1,no,yes,yes,yes,yes,,/Users/bobhopp/DJ MEDIA/VIDEO/1980's/Styx - Babe.mp4
RVTR542871,Tool,Enema,1,no,no,no,yes,yes,,/Users/bobhopp/DJ MEDIA/VIDEO/1990's/TOOL - Enema.mp4
RVTR297738,Blur,Song 2,1,no,yes,no,yes,no,review,/Users/bobhopp/DJ MEDIA/VIDEO/1990's/Blur - Song 2.mp4
RVTR652749,Heart,Alone,1,no,yes,yes,yes,yes,,/Users/bobhopp/DJ MEDIA/VIDEO/1980's/Heart - Alone.mp4
RVTR561708,Pilot,Magic,1,no,no,yes,yes,yes,,/Users/bobhopp/DJ MEDIA/VIDEO/1970's/Pilot - Magic.mp4
RVTR532402,Duffy,Mercy,1,no,yes,yes,yes,yes,,/Users/bobhopp/DJ MEDIA/VIDEO/2000's/Duffy - Mercy.mp4
RVTR557094,Ace,How Long,1,no,yes,yes,yes,yes,draft,/Users/bobhopp/DJ MEDIA/VIDEO/1970's/Ace - How Long.mp4
RVTR382482,ZZ Top,Tush,1,no,yes,yes,yes,yes,draft,/Users/bobhopp/DJ MEDIA/VIDEO/1970's/ZZ Top - Tush.mp4
RVTR316910,Trio,Da Da Da,1,no,no,no,yes,no,,/Users/bobhopp/DJ MEDIA/VIDEO/1980's/Trio - Da Da Da.mp4
RVTR955398,Phish,Alaska,1,no,no,no,yes,yes,,/Users/bobhopp/DJ MEDIA/VIDEO/2010's/Phish - Alaska.mp4
RVTR263220,AJR,I'm Ready,1,no,no,yes,yes,yes,review,/Users/bobhopp/DJ MEDIA/VIDEO/2010's/AJR - I'm Ready.mp4
RVTR129962,Mkto,Classic,1,no,yes,yes,yes,yes,,/Users/bobhopp/DJ MEDIA/VIDEO/2010's/Mkto - Classic.mp4
RVTR756994,Styx,Lorelei,1,no,yes,yes,yes,yes,draft,/Users/bobhopp/DJ MEDIA/VIDEO/1970's/Styx - Lorelei.mp4
RVTR246789,ABBA,One Of Us,1,no,yes,no,yes,yes,review,/Users/bobhopp/DJ MEDIA/VIDEO/1980's/ABBA - One Of Us.mp4
RVTR548404,Blondie,Maria,1,no,yes,yes,yes,yes,review,/Users/bobhopp/DJ MEDIA/VIDEO/1990's/Blondie - Maria.mp4
RVTR424994,Wilco,She's A Jar,1,no,no,no,yes,no,,"/Users/bobhopp/DJ MEDIA/VIDEO/1990's/Wilco - She's A Jar (1999-04-21 Irving Plaza, New York, NY) [Best Live Version!].mp4"
RVTR565719,Boston,Amanda,1,no,yes,yes,yes,yes,,/Users/bobhopp/DJ MEDIA/VIDEO/1980's/Boston - Amanda.mp4
RVTR826540,Asia,Don't Cry,1,no,yes,yes,yes,yes,review,/Users/bobhopp/DJ MEDIA/VIDEO/1980's/Asia - Don't Cry.mp4
RVTR469630,Bush,Comedown,1,no,yes,yes,yes,yes,,/Users/bobhopp/DJ MEDIA/VIDEO/1990's/Bush - Comedown.mp4
RVTR647705,The Cars,Drive,1,no,yes,yes,yes,yes,,/Users/bobhopp/DJ MEDIA/VIDEO/1980's/The Cars - Drive.mp4
RVTR459798,CAAMP,Vagabond,1,no,no,no,yes,no,,/Users/bobhopp/DJ MEDIA/VIDEO/2010's/CAAMP - Vagabond.mp4
RVTR813499,MC Hammer,Pray,1,no,no,no,yes,no,,/Users/bobhopp/DJ MEDIA/VIDEO/1990's/MC Hammer - Pray.mp4
RVTR877684,Cure,Love Song,1,no,no,no,yes,no,,/Users/bobhopp/DJ MEDIA/VIDEO/1980's/Cure - Love Song.mp4
RVTR404004,Ke$ha,Die Young,1,no,yes,yes,yes,yes,,/Users/bobhopp/DJ MEDIA/VIDEO/2010's/Ke$ha - Die Young.mp4
RVTR225848,Akon,Beautiful,1,no,yes,yes,yes,yes,review,/Users/bobhopp/DJ MEDIA/VIDEO/2000's/Akon - Beautiful.mp4
RVTR221122,Sam Brown,Stop,1,no,no,yes,yes,yes,,/Users/bobhopp/DJ MEDIA/VIDEO/1980's/Sam Brown - Stop.mp4
RVTR241539,Lil Jon,Get Low,1,no,no,yes,yes,yes,,/Users/bobhopp/DJ MEDIA/VIDEO/2000's/Lil Jon - Get Low.mp4
RVTR401475,INXS,Disappear,1,no,yes,yes,yes,yes,,/Users/bobhopp/DJ MEDIA/VIDEO/1990's/INXS - Disappear.mp4
RVTR868264,Kiss,Lick It Up,1,no,yes,yes,yes,yes,,/Users/bobhopp/DJ MEDIA/VIDEO/1980's/Kiss - Lick It Up.mp4
RVTR878383,Donovan,Colors,1,yes,no,no,yes,no,cards_ready,/Users/bobhopp/DJ MEDIA/VIDEO/1960's/Donovan - Colors.mp4
RVTR594423,Lil Dicky,Earth,1,no,no,yes,yes,yes,,/Users/bobhopp/DJ MEDIA/VIDEO/2010's/Lil Dicky - Earth.mp4
RVTR058615,The B-52's,Debbie,1,no,no,no,yes,no,,/Users/bobhopp/DJ MEDIA/VIDEO/1990's/The B-52's - Debbie.mp4
RVTR593855,Taylor Swift,22,1,no,yes,yes,yes,yes,,/Users/bobhopp/DJ MEDIA/VIDEO/2010's/Taylor Swift - 22.mp4
RVTR005324,Radiohead,Creep,1,yes,no,yes,yes,yes,review,/Users/bobhopp/DJ MEDIA/VIDEO/1990's/Radiohead - Creep.mp4
RVTR305748,Mötley Crüe,Wild Side,1,no,no,no,yes,no,,/Users/bobhopp/DJ MEDIA/VIDEO/1980's/Mötley Crüe - Wild Side.mp4
RVTR898541,Yes,Roundabout,1,no,yes,yes,yes,yes,,/Users/bobhopp/DJ MEDIA/VIDEO/1970's/Yes - Roundabout.mp4
RVTR438045,Heart,Barracuda,1,no,yes,yes,yes,yes,,/Users/bobhopp/DJ MEDIA/VIDEO/1970's/Heart - Barracuda.mp4
RVTR237233,Omi,Cheerleader,1,no,no,yes,yes,yes,,/Users/bobhopp/DJ MEDIA/VIDEO/2010's/Omi - Cheerleader.mp4
RVTR964173,Madonna,Cherish,1,no,yes,yes,yes,yes,,/Users/bobhopp/DJ MEDIA/VIDEO/1980's/Madonna - Cherish.mp4
RVTR057714,Madonna,Erotica,1,yes,yes,yes,yes,yes,review,/Users/bobhopp/DJ MEDIA/VIDEO/1990's/Madonna - Erotica.mp4
RVTR592873,Leona Lewis,Run,1,no,no,yes,yes,yes,,/Users/bobhopp/DJ MEDIA/VIDEO/2000's/Leona Lewis - Run.mp4
RVTR887661,Noga Erez,Views,1,no,no,no,yes,no,,/Users/bobhopp/DJ MEDIA/VIDEO/2020's/Noga Erez - Views.mp4
RVTR512510,Cher,Love Hurts,1,no,yes,no,yes,no,,/Users/bobhopp/DJ MEDIA/VIDEO/1990's/Cher - Love Hurts.mp4
RVTR530373,Kelis,Milkshake,1,no,yes,yes,yes,yes,,/Users/bobhopp/DJ MEDIA/VIDEO/2000's/Kelis - Milkshake.mp4
RVTR839914,Fugees,Fu-Gee-La,1,no,yes,yes,yes,yes,,/Users/bobhopp/DJ MEDIA/VIDEO/1990's/Fugees - Fu-Gee-La.mp4
RVTR148875,Aerosmith,Angel,1,no,yes,yes,yes,yes,review,/Users/bobhopp/DJ MEDIA/VIDEO/1980's/Aerosmith - Angel.mp4
RVTR966676,Prodigy,Breathe,1,no,no,no,yes,no,,/Users/bobhopp/DJ MEDIA/VIDEO/1990's/Prodigy - Breathe.mp4
RVTR914171,Styx,Mr. Roboto,1,no,yes,yes,yes,yes,,/Users/bobhopp/DJ MEDIA/VIDEO/1980's/Styx - Mr. Roboto.mp4
RVTR960878,LeVert,Casanova,1,no,yes,yes,yes,yes,,/Users/bobhopp/DJ MEDIA/VIDEO/1980's/LeVert - Casanova.mp4
RVTR791863,Tones On Tail,Go,1,no,no,no,yes,no,,/Users/bobhopp/DJ MEDIA/VIDEO/1980's/Tones On Tail - Go.mp4
RVTR021359,Kris Kross,Jump,1,yes,yes,yes,yes,yes,review,/Users/bobhopp/DJ MEDIA/VIDEO/1990's/Kris Kross - Jump.mp4
RVTR808056,HUGO,99 Problems,1,no,no,no,yes,no,,/Users/bobhopp/DJ MEDIA/VIDEO/2010's/HUGO - 99 Problems.mp4
RVTR964241,Nirvana,Lithium,1,yes,yes,yes,yes,yes,review,/Users/bobhopp/DJ MEDIA/VIDEO/1990's/Nirvana - Lithium.mp4
RVTR092475,Fun,We Are Young,1,no,no,yes,yes,yes,,/Users/bobhopp/DJ MEDIA/VIDEO/2010's/Fun - We Are Young.mp4
RVTR937022,Pearl Jam,Jeremy,1,no,no,yes,yes,yes,,/Users/bobhopp/DJ MEDIA/VIDEO/1990's/Pearl Jam - Jeremy.mp4
RVTR088178,Earl,Tongue Tied,1,no,no,no,yes,no,,/Users/bobhopp/DJ MEDIA/VIDEO/2010's/Earl - Tongue Tied.mp4
RVTR029636,Latto,Big Energy,1,no,no,yes,yes,no,,/Users/bobhopp/DJ MEDIA/VIDEO/2010's/Latto - Big Energy.mp4
RVTR662253,Foghat,Slow Ride,1,no,yes,yes,yes,yes,draft,/Users/bobhopp/DJ MEDIA/VIDEO/1970's/Foghat - Slow Ride.mp4
RVTR530970,Monifah,Touch It,1,no,yes,yes,yes,yes,,/Users/bobhopp/DJ MEDIA/VIDEO/1990's/Monifah - Touch It.mp4
RVTR127377,The Motels,Shame,1,no,yes,yes,yes,yes,,/Users/bobhopp/DJ MEDIA/VIDEO/1980's/The Motels - Shame.mp4
RVTR155809,Styx,Madame Blue,1,no,no,no,yes,no,draft,/Users/bobhopp/DJ MEDIA/VIDEO/1970's/Styx - Madame Blue.mp4
RVTR640989,Cream,White Room,1,no,yes,yes,yes,yes,,/Users/bobhopp/DJ MEDIA/VIDEO/1960's/Cream - White Room.mp4
RVTR797143,Mr C,Cha Cha Slide,1,no,no,no,yes,no,,/Users/bobhopp/DJ MEDIA/VIDEO/2000's/Mr C - Cha Cha Slide.mp4
RVTR728011,Mase,Feel So Good,1,no,no,yes,yes,yes,,/Users/bobhopp/DJ MEDIA/VIDEO/1990's/Mase - Feel So Good.mp4
RVTR021208,Ween,Voodoo Lady,1,no,no,no,yes,yes,,/Users/bobhopp/DJ MEDIA/VIDEO/1990's/Ween - Voodoo Lady.mp4
RVTR201002,Black Caviar,Coco,1,no,no,no,yes,no,review,/Users/bobhopp/DJ MEDIA/VIDEO/2000's/Black Caviar - Coco.mp4
RVTR755139,Saint Motel,Move,1,no,no,no,yes,yes,,/Users/bobhopp/DJ MEDIA/VIDEO/2010's/Saint Motel - Move.mp4
RVTR990386,Aerosmith,Cryin',1,no,yes,yes,yes,yes,review,/Users/bobhopp/DJ MEDIA/VIDEO/1990's/Aerosmith - Cryin'.mp4
RVTR951558,Johnny Cash,Hurt,1,no,yes,no,yes,no,,/Users/bobhopp/DJ MEDIA/VIDEO/COUNTRY/FILL/Johnny Cash - Hurt.mp4
RVTR601784,SAGA,On The Loose,1,no,yes,yes,yes,yes,,/Users/bobhopp/DJ MEDIA/VIDEO/1980's/SAGA - On The Loose.mp4
RVTR203207,LL Cool J,Doin' It,1,no,no,no,yes,no,,/Users/bobhopp/DJ MEDIA/VIDEO/1990's/LL Cool J - Doin' It.mp4
RVTR494023,Pitbull,Fireball,1,no,yes,yes,yes,yes,,/Users/bobhopp/DJ MEDIA/VIDEO/2010's/Pitbull - Fireball.mp4
RVTR549457,Bon Jovi,Runaway,1,no,yes,yes,yes,yes,,/Users/bobhopp/DJ MEDIA/VIDEO/2000's/Bon Jovi - Runaway.mp4
RVTR254133,Cake,The Distance,1,no,yes,no,yes,no,,/Users/bobhopp/DJ MEDIA/VIDEO/1990's/Cake - The Distance.mp4
RVTR724792,Mase,Welcome Back,1,no,yes,yes,yes,yes,,/Users/bobhopp/DJ MEDIA/VIDEO/TECHNO/Mase - Welcome Back.mp4
RVTR483142,Sisqo,Thong Song,1,no,yes,yes,yes,yes,,/Users/bobhopp/DJ MEDIA/VIDEO/2000's/Sisqo - Thong Song.mp4
RVTR936629,The Chardon Polka Band,Two Sisters Polka,1,no,no,no,yes,no,,/Users/bobhopp/DJ MEDIA/VIDEO/2000's/Two Sisters Polka.mp4
RVTR680424,AC/DC,Hells Bells,1,no,no,no,yes,no,review,/Users/bobhopp/DJ MEDIA/VIDEO/1980's/AC_DC - Hells Bells.mp4
RVTR202064,Chicago,Look Away,1,no,yes,yes,yes,yes,,/Users/bobhopp/DJ MEDIA/VIDEO/1980's/Chicago - Look Away.mp4
RVTR178374,Foreigner,Urgent,1,no,yes,yes,yes,yes,,/Users/bobhopp/DJ MEDIA/VIDEO/1980's/Foreigner - Urgent.mp4
RVTR478517,Mya,Case Of The Ex,1,no,yes,yes,yes,yes,,/Users/bobhopp/DJ MEDIA/VIDEO/2000's/Mya - Case Of The Ex.mp4
RVTR441860,50 Cent,Candy Shop,1,no,yes,yes,yes,yes,review,/Users/bobhopp/DJ MEDIA/VIDEO/2000's/50 Cent - Candy Shop.mp4
RVTR783709,Def Leppard,Woman,1,no,no,no,yes,no,,/Users/bobhopp/DJ MEDIA/VIDEO/1980's/Def Leppard - Woman.mp4
RVTR698271,AC/DC,Dirty Deeds,1,no,no,no,yes,no,review,/Users/bobhopp/DJ MEDIA/VIDEO/1980's/AC_DC - Dirty Deeds.mp4
RVTR706899,Batman,The Batusi,1,no,no,no,yes,yes,review,/Users/bobhopp/DJ MEDIA/VIDEO/1960's/Batman - The Batusi.mp4
RVTR696376,Oasis,Wonderwall,1,no,yes,yes,yes,yes,,/Users/bobhopp/DJ MEDIA/VIDEO/1990's/Oasis - Wonderwall.mp4
RVTR717814,O'Jays,Love Train,1,no,yes,yes,yes,no,,/Users/bobhopp/DJ MEDIA/VIDEO/1970's/O'Jays - Love Train.mp4
RVTR093348,Dion,The Wanderer,1,no,no,yes,yes,yes,,/Users/bobhopp/DJ MEDIA/VIDEO/1960's/Dion - The Wanderer.mp4
RVTR965809,Phish,Bathtub Gin,1,no,no,no,yes,no,,/Users/bobhopp/DJ MEDIA/VIDEO/1990's/Phish - Bathtub Gin.mp4
RVTR529686,Ke$ha,We R Who We R,1,no,yes,yes,yes,yes,,/Users/bobhopp/DJ MEDIA/VIDEO/2010's/Ke$ha - We R Who We R.mp4
RVTR702175,Madonna,Take A Bow,1,no,yes,yes,yes,yes,,/Users/bobhopp/DJ MEDIA/VIDEO/1990's/Madonna - Take A Bow.mp4
RVTR721674,Los Lobos,La Bamba,1,no,yes,yes,yes,yes,,/Users/bobhopp/DJ MEDIA/VIDEO/1980's/Los Lobos - La Bamba.mp4
RVTR941731,Vance Joy,Riptide,1,no,yes,yes,yes,yes,,/Users/bobhopp/DJ MEDIA/VIDEO/2010's/Vance Joy - Riptide.mp4
RVTR335772,Duice,Dazzey Duks,1,no,no,yes,yes,yes,,/Users/bobhopp/DJ MEDIA/VIDEO/1990's/Duice - Dazzey Duks.mp4
RVTR923547,Sugar Ray,Someday,1,no,yes,yes,yes,yes,,/Users/bobhopp/DJ MEDIA/VIDEO/1990's/Sugar Ray - Someday.mp4
RVTR501720,Sublime,Pawn Shop,1,no,no,no,yes,no,,/Users/bobhopp/DJ MEDIA/VIDEO/1990's/Sublime - Pawn Shop.mp4
RVTR021698,Eminem,Without Me,1,no,yes,yes,yes,yes,,/Users/bobhopp/DJ MEDIA/VIDEO/2000's/Eminem - Without Me.mp4
RVTR283688,Sam & Dave,Soul Man,1,no,no,no,yes,no,,/Users/bobhopp/DJ MEDIA/VIDEO/1960's/Sam & Dave - Soul Man.mp4
RVTR435262,Flo Rida,Wild Ones,1,no,yes,yes,yes,yes,,/Users/bobhopp/DJ MEDIA/VIDEO/2010's/Flo Rida - Wild Ones.mp4
RVTR547728,K.Flay,High Enough,1,no,no,no,yes,no,,/Users/bobhopp/DJ MEDIA/VIDEO/2010's/K.Flay - High Enough.mp4
RVTR501603,Focus,Hocus Pocus,1,no,yes,yes,yes,yes,,/Users/bobhopp/DJ MEDIA/VIDEO/1970's/Focus - Hocus Pocus.mp4
RVTR044417,Bel Biv Devoe,Do Me,1,no,no,no,yes,no,review,/Users/bobhopp/DJ MEDIA/VIDEO/1990's/Bel Biv Devoe - Do Me.mp4
RVTR261477,The Who,The Seeker,1,no,yes,yes,yes,yes,,/Users/bobhopp/DJ MEDIA/VIDEO/1970's/The Who - The Seeker.mp4
RVTR104130,Diana King,Shy Guy,1,no,no,yes,yes,yes,,/Users/bobhopp/DJ MEDIA/VIDEO/1990's/Diana King - Shy Guy.mp4
RVTR283059,Tupac,I Get Around,1,no,no,no,yes,no,,/Users/bobhopp/DJ MEDIA/VIDEO/1990's/Tupac - I Get Around.mp4
RVTR112421,Sublime,Doin' Time,1,no,no,yes,yes,yes,,/Users/bobhopp/DJ MEDIA/VIDEO/1990's/Sublime - Doin' Time.mp4
RVTR467646,T-Spoon,Delicious,1,no,no,no,yes,yes,,/Users/bobhopp/DJ MEDIA/VIDEO/1990's/T-Spoon - Delicious.mp4
RVTR864467,Creed,My Sacrifice,1,no,yes,yes,yes,yes,,/Users/bobhopp/DJ MEDIA/VIDEO/2000's/Creed - My Sacrifice.mp4
RVTR310750,Warrant,Down Boys,1,no,yes,yes,yes,yes,,/Users/bobhopp/DJ MEDIA/VIDEO/1980's/Warrant - Down Boys.mp4
RVTR259382,Luniz,I Got 5 On It,1,no,no,yes,yes,yes,,/Users/bobhopp/DJ MEDIA/VIDEO/1990's/Luniz - I Got 5 On It.mp4
RVTR303410,Toto,Hold The Line,1,no,yes,yes,yes,yes,,/Users/bobhopp/DJ MEDIA/VIDEO/1970's/Toto - Hold The Line.mp4
RVTR159288,Scorpions,The Zoo,1,no,yes,no,yes,no,,/Users/bobhopp/DJ MEDIA/VIDEO/1980's/Scorpions - The Zoo.mp4
RVTR095097,Hauser,Wicked Game,1,no,no,no,yes,no,,/Users/bobhopp/DJ MEDIA/VIDEO/2000's/Hauser - Wicked Game.mp4
RVTR527699,Hot Chocolate,Emma,1,no,yes,yes,yes,yes,draft,/Users/bobhopp/DJ MEDIA/VIDEO/1970's/Hot Chocolate - Emma.mp4
RVTR633569,Blondie,X Offender,1,no,no,no,yes,no,review,/Users/bobhopp/DJ MEDIA/VIDEO/1970's/Blondie - X Offender.mp4
RVTR117860,SWV,You're The One,1,no,yes,yes,yes,yes,,/Users/bobhopp/DJ MEDIA/VIDEO/1990's/SWV - You're The One.mp4
RVTR261141,Inxs,Pretty Vegas,1,no,yes,yes,yes,yes,,/Users/bobhopp/DJ MEDIA/VIDEO/2000's/Inxs - Pretty Vegas.mp4
RVTR256359,Colbie Caillat,I Do,1,no,yes,yes,yes,yes,,/Users/bobhopp/DJ MEDIA/VIDEO/2010's/Colbie Caillat - I Do.mp4
RVTR454415,Papa Roach,Forever,1,no,no,yes,yes,yes,,/Users/bobhopp/DJ MEDIA/VIDEO/2000's/Papa Roach - Forever.mp4
RVTR442301,Heart,These Dreams,1,no,yes,yes,yes,yes,,/Users/bobhopp/DJ MEDIA/VIDEO/1980's/Heart - These Dreams.mp4
RVTR742294,Uriah Heep,Stealin,1,no,yes,yes,yes,yes,,/Users/bobhopp/DJ MEDIA/VIDEO/1970's/Uriah Heep - Stealin.mp4
RVTR210478,Fixx,Saved By Zero,1,no,yes,yes,yes,no,,/Users/bobhopp/DJ MEDIA/VIDEO/1980's/Fixx - Saved By Zero.mp4
RVTR303543,Avicii,Hey Brother,1,no,yes,yes,yes,yes,review,/Users/bobhopp/DJ MEDIA/VIDEO/2010's/Avicii - Hey Brother.mp4
RVTR348147,Inner Circle,Sweat,1,no,yes,yes,yes,yes,,/Users/bobhopp/DJ MEDIA/VIDEO/1990's/Inner Circle - Sweat.mp4
RVTR301406,Gerardo,Rico Suave,1,no,yes,yes,yes,yes,,/Users/bobhopp/DJ MEDIA/VIDEO/1990's/Gerardo - Rico Suave.mp4
RVTR053436,REM,Man On The Moon,1,yes,no,no,yes,no,review,/Users/bobhopp/DJ MEDIA/VIDEO/1990's/REM - Man On The Moon.mp4
RVTR037101,Santana,Samba Pa Ti,1,no,yes,no,yes,no,,/Users/bobhopp/DJ MEDIA/VIDEO/1970's/Santana - Samba Pa Ti.mp4
RVTR890628,Disturbed,Stupify,1,no,yes,no,yes,no,,/Users/bobhopp/DJ MEDIA/VIDEO/2000's/Disturbed - Stupify.mp4
RVTR599738,Belly,Feed The Tree,1,no,yes,yes,yes,yes,review,/Users/bobhopp/DJ MEDIA/VIDEO/1990's/Belly - Feed The Tree.mp4
RVTR352183,Zac Brown Band,Free,1,no,yes,yes,yes,yes,,/Users/bobhopp/DJ MEDIA/VIDEO/2000's/Zac Brown Band - Free.mp4
RVTR048099,Dazz Band,Joystick,1,no,yes,yes,yes,yes,,/Users/bobhopp/DJ MEDIA/VIDEO/1980's/Dazz Band - Joystick.mp4
RVTR941279,Goldfrapp,Ooh La La,1,no,no,no,yes,no,,/Users/bobhopp/DJ MEDIA/VIDEO/2000's/Goldfrapp - Ooh La La.mp4
RVTR572622,Babys,Isn't It Time,1,no,yes,yes,yes,no,review,/Users/bobhopp/DJ MEDIA/VIDEO/1970's/Babys - Isn't It Time.mp4
RVTR384418,Michael Jackson,Bad,1,no,yes,yes,yes,yes,,/Users/bobhopp/DJ MEDIA/VIDEO/1980's/Michael Jackson - Bad.mp4
RVTR508212,Owl City,Fireflies,1,no,yes,yes,yes,yes,,/Users/bobhopp/DJ MEDIA/VIDEO/2000's/Owl City - Fireflies.mp4
RVTR444013,The Black Keys,LoHi,1,no,no,no,yes,no,,/Users/bobhopp/DJ MEDIA/VIDEO/1990's/The Black Keys - LoHi.mp4
RVTR280425,Kajagoogoo,Too Shy,1,no,no,yes,yes,yes,,/Users/bobhopp/DJ MEDIA/VIDEO/1980's/Kajagoogoo - Too Shy.mp4
RVTR898031,Kiss,I Love It Loud,1,no,yes,no,yes,no,,/Users/bobhopp/DJ MEDIA/VIDEO/1980's/Kiss - I Love It Loud.mp4
RVTR211666,Cher,Hell On Wheels,1,no,no,yes,yes,yes,,/Users/bobhopp/DJ MEDIA/VIDEO/1970's/Cher - Hell On Wheels.mp4
RVTR707781,Taio Cruz,Dynamite,1,no,yes,yes,yes,yes,,/Users/bobhopp/DJ MEDIA/VIDEO/2010's/Taio Cruz - Dynamite.mp4
RVTR461569,Dolly Parton,Shine,1,no,yes,no,yes,no,,/Users/bobhopp/DJ MEDIA/VIDEO/1990's/Dolly Parton - Shine.mp4
RVTR494124,Run DMC,It's Tricky,1,no,no,no,yes,no,,/Users/bobhopp/DJ MEDIA/VIDEO/1980's/Run DMC - It's Tricky.mp4
RVTR135688,Smith,Baby It's You,1,no,yes,yes,yes,yes,,/Users/bobhopp/DJ MEDIA/VIDEO/1960's/Smith - Baby It's You.mp4
RVTR893890,Goo Goo Dolls,Slide,1,no,yes,yes,yes,yes,,/Users/bobhopp/DJ MEDIA/VIDEO/1990's/Goo Goo Dolls - Slide.mp4
RVTR551973,Honey Cone,Want Ads,1,no,no,no,yes,no,,/Users/bobhopp/DJ MEDIA/VIDEO/1970's/Honey Cone - Want Ads.mp4
RVTR604407,Default,Count On Me,1,no,yes,no,yes,no,,/Users/bobhopp/DJ MEDIA/VIDEO/TECHNO/Default - Count On Me.mp4
RVTR535478,Classics IV,Stormy,1,no,yes,yes,yes,yes,,/Users/bobhopp/DJ MEDIA/VIDEO/1960's/Classics IV - Stormy.mp4
RVTR231794,Ratt,You're In Love,1,no,no,yes,yes,yes,,/Users/bobhopp/DJ MEDIA/VIDEO/1980's/Ratt - You're In Love.mp4
RVTR208743,Kraftwerk,Autobahn,1,yes,no,yes,yes,yes,cards_ready,/Users/bobhopp/DJ MEDIA/VIDEO/2000's/Kraftwerk - Autobahn.mp4
RVTR298583,ABC,The Look Of Love,1,no,no,yes,yes,yes,review,/Users/bobhopp/DJ MEDIA/VIDEO/1980's/ABC - The Look Of Love.mp4
RVTR942885,Nena,99 Red Balloons,1,no,no,no,yes,no,,/Users/bobhopp/DJ MEDIA/VIDEO/1980's/Nena - 99 Red Balloons.mp4
RVTR570066,Jon Secada,If You Go,1,no,yes,yes,yes,yes,,/Users/bobhopp/DJ MEDIA/VIDEO/1990's/Jon Secada - If You Go.mp4
RVTR860630,Taylor Swift,Lover,1,no,no,yes,yes,yes,,/Users/bobhopp/DJ MEDIA/VIDEO/2010's/Taylor Swift - Lover.mp4
RVTR262197,Malaguena,Roy Clark,1,no,no,no,yes,no,,/Users/bobhopp/DJ MEDIA/VIDEO/1960's/Malaguena - Roy Clark.mp4
RVTR737992,The Beatles,Get Back,1,no,yes,yes,yes,yes,,/Users/bobhopp/DJ MEDIA/VIDEO/1970's/The Beatles - Get Back.mp4
RVTR838130,Supertramp,Dreamer,1,no,yes,yes,yes,yes,,/Users/bobhopp/DJ MEDIA/VIDEO/1970's/Supertramp - Dreamer.mp4
RVTR926953,Jeff Beck,Sleep Walk,1,no,no,no,yes,no,,/Users/bobhopp/DJ MEDIA/VIDEO/1950's/Jeff Beck - Sleep Walk.mp4
RVTR968725,The Monkees,Valerie,1,no,no,no,yes,no,,/Users/bobhopp/DJ MEDIA/VIDEO/1960's/The Monkees - Valerie.mp4
RVTR957267,Lady Gaga,Just Dance,1,no,yes,yes,yes,yes,,/Users/bobhopp/DJ MEDIA/VIDEO/2000's/Lady Gaga - Just Dance.mp4
RVTR719538,Jelly Roll,The Lost,1,no,no,no,yes,no,,/Users/bobhopp/DJ MEDIA/VIDEO/1960's/Jelly Roll - The Lost.mp4
RVTR939332,Denis Leary,Asshole,1,no,no,no,yes,no,,/Users/bobhopp/DJ MEDIA/VIDEO/1990's/Denis Leary - Asshole.mp4
RVTR064161,The Cars,Double Life,1,no,yes,no,yes,no,,/Users/bobhopp/DJ MEDIA/VIDEO/1970's/The Cars - Double Life.mp4
RVTR632805,Etta James,Tell Mama,1,no,yes,yes,yes,yes,,/Users/bobhopp/DJ MEDIA/VIDEO/1960's/Etta James - Tell Mama.mp4
RVTR380874,No Doubt,Don't Speak,1,no,no,no,yes,yes,,/Users/bobhopp/DJ MEDIA/VIDEO/1990's/No Doubt - Don't Speak.mp4
RVTR423047,Tash Sultana,Jungle,1,no,no,no,yes,no,,/Users/bobhopp/DJ MEDIA/VIDEO/2010's/Tash Sultana - Jungle.mp4
RVTR340952,Rise Against,Savior,1,no,no,no,yes,no,,/Users/bobhopp/DJ MEDIA/VIDEO/2000's/Rise Against - Savior.mp4
RVTR798324,The Beatles,Hey Jude,1,no,no,yes,yes,yes,,/Users/bobhopp/DJ MEDIA/VIDEO/1960's/The Beatles - Hey Jude.mp4
RVTR285384,Barry Manilow,Mandy,1,no,yes,yes,yes,yes,review,/Users/bobhopp/DJ MEDIA/VIDEO/1970's/Barry Manilow - Mandy.mp4
RVTR528607,Godley And Creme,Cry,1,no,no,no,yes,no,,/Users/bobhopp/DJ MEDIA/VIDEO/1980's/Godley And Creme - Cry.mp4
RVTR778172,Lenny Kravitz,Again,1,no,yes,yes,yes,yes,,/Users/bobhopp/DJ MEDIA/VIDEO/2000's/Lenny Kravitz - Again.mp4
RVTR837191,The Black Keys,Fever,1,no,yes,yes,yes,yes,,/Users/bobhopp/DJ MEDIA/VIDEO/2010's/The Black Keys - Fever.mp4
RVTR228487,Russ,What They Want,1,no,no,yes,yes,yes,,/Users/bobhopp/DJ MEDIA/VIDEO/2010's/Russ - What They Want.mp4
RVTR297395,Neil Diamond,America,1,no,yes,yes,yes,yes,,/Users/bobhopp/DJ MEDIA/VIDEO/1980's/Neil Diamond - America.mp4
RVTR404394,Lou Reed,Perfect Day,1,no,yes,no,yes,no,,/Users/bobhopp/DJ MEDIA/VIDEO/1970's/Lou Reed - Perfect Day.mp4
RVTR295030,Bob Welch,Ebony Eyes,1,no,yes,yes,yes,yes,,/Users/bobhopp/DJ MEDIA/VIDEO/1970's/Bob Welch - Ebony Eyes.mp4
RVTR480819,Spinal Tap,Hell Hole,1,no,no,no,yes,no,,/Users/bobhopp/DJ MEDIA/VIDEO/1980's/Spinal Tap - Hell Hole.mp4
RVTR373938,Elton John,Curtains,1,no,yes,no,yes,no,draft,/Users/bobhopp/DJ MEDIA/VIDEO/1970's/Elton John - Curtains.mp4
RVTR429408,Too $hort,The Ghetto,1,no,yes,yes,yes,yes,,/Users/bobhopp/DJ MEDIA/VIDEO/1990's/Too $hort - The Ghetto.mp4
RVTR335833,Megadeth,Peace Sells,1,no,yes,no,yes,no,,/Users/bobhopp/DJ MEDIA/VIDEO/TECHNO/Megadeth - Peace Sells.mp4
RVTR347860,The Eagles,Desparado,1,no,no,no,yes,no,,/Users/bobhopp/DJ MEDIA/VIDEO/1970's/The Eagles - Desparado.mp4
RVTR928139,Kim Carnes,More Love,1,no,yes,yes,yes,yes,,/Users/bobhopp/DJ MEDIA/VIDEO/1980's/Kim Carnes - More Love.mp4
RVTR445894,Tracy,The Cuff Links,1,no,no,no,yes,no,,/Users/bobhopp/DJ MEDIA/VIDEO/1960's/Tracy - The Cuff Links.mp4
RVTR637508,Harry Gross,Shannon,1,no,no,no,yes,no,,/Users/bobhopp/DJ MEDIA/VIDEO/1970's/Harry Gross - Shannon.mp4
RVTR981076,Fergie,London Bridge,1,no,yes,yes,yes,yes,,/Users/bobhopp/DJ MEDIA/VIDEO/2000's/Fergie - London Bridge.mp4
RVTR778204,Duran Duran,Rio,1,no,yes,yes,yes,yes,,/Users/bobhopp/DJ MEDIA/VIDEO/1980's/Duran Duran - Rio.mp4o.mp4
RVTR215660,Dionne Farris,I Know,1,no,yes,yes,yes,yes,,/Users/bobhopp/DJ MEDIA/VIDEO/1990's/Dionne Farris - I Know.mp4
RVTR058052,Mike Love,Do It Again,1,no,no,no,yes,no,,/Users/bobhopp/DJ MEDIA/VIDEO/1990's/Mike Love - Do It Again.mp4
RVTR119905,Drake,Find Your Love,1,no,no,yes,yes,yes,,/Users/bobhopp/DJ MEDIA/VIDEO/2010's/Drake - Find Your Love.mp4
RVTR696537,The Kinks,Do It Again,1,no,yes,yes,yes,yes,,/Users/bobhopp/DJ MEDIA/VIDEO/1980's/The Kinks - Do It Again.mp4
RVTR346581,Linkin Park,Given Up,1,no,yes,yes,yes,yes,,/Users/bobhopp/DJ MEDIA/VIDEO/2000's/Linkin Park - Given Up.mp4
RVTR060518,The Police,So Lonely,1,no,yes,no,yes,no,,/Users/bobhopp/DJ MEDIA/VIDEO/1970's/The Police - So Lonely.mp4
RVTR868182,Jay Z,Hard Knock Life,1,no,no,no,yes,no,,/Users/bobhopp/DJ MEDIA/VIDEO/1990's/Jay Z - Hard Knock Life.mp4
RVTR201643,Grateful Dead,Ripple,1,no,yes,no,yes,no,,/Users/bobhopp/DJ MEDIA/VIDEO/1970's/Grateful Dead - Ripple.mp4
RVTR959193,Spice Girls,Too Much,1,no,yes,yes,yes,yes,,/Users/bobhopp/DJ MEDIA/VIDEO/1990's/Spice Girls - Too Much.mp4
RVTR076505,No Doubt,It's My Life,1,no,no,yes,yes,yes,,/Users/bobhopp/DJ MEDIA/VIDEO/2000's/No Doubt - It's My Life.mp4
RVTR784013,Remi Wolf,Cinderella,1,no,no,no,yes,no,,/Users/bobhopp/DJ MEDIA/VIDEO/2020's/Remi Wolf - Cinderella.mp4
RVTR324558,Elton John,Sacrifice,1,no,yes,yes,yes,yes,,/Users/bobhopp/DJ MEDIA/VIDEO/1990's/Elton John - Sacrifice.mp4
RVTR725843,Frank Sinatra,My Way,1,no,yes,yes,yes,yes,,/Users/bobhopp/DJ MEDIA/VIDEO/1960's/Frank Sinatra - My Way.mp4
RVTR042962,Mariah Carey,Fantasy,1,no,yes,yes,yes,yes,,/Users/bobhopp/DJ MEDIA/VIDEO/1990's/Mariah Carey - Fantasy.mp4
RVTR888512,The Cars,Bye Bye Love,1,no,yes,no,yes,no,,/Users/bobhopp/DJ MEDIA/VIDEO/1970's/The Cars - Bye Bye Love.mp4
RVTR029941,Rush,Spirit of Radio,1,no,no,no,yes,no,,/Users/bobhopp/DJ MEDIA/VIDEO/1980's/Rush - Spirit of Radio.mp4
RVTR439196,Bon Jovi,Bed Of Roses,1,yes,yes,yes,yes,yes,review,/Users/bobhopp/DJ MEDIA/VIDEO/1990's/Bon Jovi - Bed Of Roses.mp4
RVTR288629,Cheap Trick,The Flame,1,no,yes,yes,yes,yes,,/Users/bobhopp/DJ MEDIA/VIDEO/1980's/Cheap Trick - The Flame.mp4
RVTR733712,Falco,Rock Me Amadeus,1,no,no,yes,yes,yes,,/Users/bobhopp/DJ MEDIA/VIDEO/1980's/Falco - Rock Me Amadeus.mp4
RVTR852026,INXS,Not Enough Time,1,no,yes,yes,yes,yes,,/Users/bobhopp/DJ MEDIA/VIDEO/1990's/INXS - Not Enough Time.mp4
RVTR192867,Vanilla Ice,Ninja Rap,1,no,no,no,yes,no,,/Users/bobhopp/DJ MEDIA/VIDEO/1990's/Vanilla Ice - Ninja Rap.mp4
RVTR268566,Jeremih,Birthday Sex,1,no,yes,yes,yes,yes,,/Users/bobhopp/DJ MEDIA/VIDEO/2000's/Jeremih - Birthday Sex.mp4
RVTR576617,Kiss,Heaven's On Fire,1,no,yes,yes,yes,yes,,/Users/bobhopp/DJ MEDIA/VIDEO/1980's/Kiss - Heaven's On Fire.mp4
RVTR977315,Pink,Just Like A Pill,1,no,no,no,yes,no,,/Users/bobhopp/DJ MEDIA/VIDEO/2000's/Pink - Just Like A Pill.mp4
RVTR806294,Kool & The Gang,Joanna,1,no,no,no,yes,no,,/Users/bobhopp/DJ MEDIA/VIDEO/1980's/Kool & The Gang - Joanna.mp4
RVTR993325,DNCE,Cake By The Ocean,1,no,yes,yes,yes,yes,,/Users/bobhopp/DJ MEDIA/VIDEO/2010's/DNCE - Cake By The Ocean.mp4
RVTR568427,Madonna,Like A Virgin,1,no,no,yes,yes,yes,,/Users/bobhopp/DJ MEDIA/VIDEO/1980's/Madonna - Like A Virgin.mp4
RVTR683170,Beyonce,Naughty Girl,1,no,yes,yes,yes,yes,review,/Users/bobhopp/DJ MEDIA/VIDEO/2000's/Beyonce - Naughty Girl.mp4
RVTR038181,Billy Ocean,Loverboy,1,no,yes,no,yes,no,review,/Users/bobhopp/DJ MEDIA/VIDEO/1980's/Billy Ocean - Loverboy.mp4
RVTR651835,Prince,U Got The Look,1,no,yes,yes,yes,yes,,/Users/bobhopp/DJ MEDIA/VIDEO/1980's/Prince - U Got The Look.mp4
RVTR559566,Sierra Ferrell,Years,1,no,no,no,yes,yes,,/Users/bobhopp/DJ MEDIA/VIDEO/2020's/Sierra Ferrell - Years.mp4
RVTR875130,Kool & The Gang,Misled,1,no,no,no,yes,no,,/Users/bobhopp/DJ MEDIA/VIDEO/1980's/Kool & The Gang - Misled.mp4
RVTR184676,The Specials,Rat Race,1,no,no,no,yes,no,,/Users/bobhopp/DJ MEDIA/VIDEO/1980's/The Specials - Rat Race.mp4
RVTR452291,Redlight King,Old Man,1,no,no,no,yes,no,,/Users/bobhopp/DJ MEDIA/VIDEO/2010's/Redlight King - Old Man.mp4
RVTR039281,The Beatles,Two Of Us,1,no,yes,no,yes,no,,/Users/bobhopp/DJ MEDIA/VIDEO/1980's/The Beatles - Two Of Us.mp4
RVTR980531,Van Morrison,Caravan,1,no,yes,no,yes,no,,/Users/bobhopp/DJ MEDIA/VIDEO/1970's/Van Morrison - Caravan.mp4
RVTR047886,Gnarls Barkley,Crazy,1,no,yes,yes,yes,yes,,/Users/bobhopp/DJ MEDIA/VIDEO/2000's/Gnarls Barkley - Crazy.mp4
RVTR272555,LMFAO f./Lil Jon,Shots,1,no,no,no,yes,no,,/Users/bobhopp/DJ MEDIA/VIDEO/2010's/Lmfao F.Lil Jon - Shots.mp4
RVTR424247,Orleans,Dance With Me,1,no,yes,yes,yes,yes,draft,/Users/bobhopp/DJ MEDIA/VIDEO/1970's/Orleans - Dance With Me.mp4
RVTR705026,The Beatles,Blackbird,1,yes,yes,no,yes,no,cards_ready,/Users/bobhopp/DJ MEDIA/VIDEO/1960's/The Beatles - Blackbird.mp4
RVTR141939,Lene Lovich,Bird Song,1,no,no,no,yes,no,,/Users/bobhopp/DJ MEDIA/VIDEO/1970's/Lene Lovich - Bird Song.mp4
RVTR219720,Kanye West,Heartless,1,no,yes,yes,yes,yes,,/Users/bobhopp/DJ MEDIA/VIDEO/2000's/Kanye West - Heartless.mp4
RVTR670199,Eminem,Lose Yourself,1,no,no,yes,yes,yes,,/Users/bobhopp/DJ MEDIA/VIDEO/2000's/Eminem - Lose Yourself.mp4
RVTR804206,Martika,Toy Soldiers,1,no,yes,yes,yes,yes,,/Users/bobhopp/DJ MEDIA/VIDEO/1980's/Martika - Toy Soldiers.mp4
RVTR622721,Jethro Tull,Aqualung,1,no,yes,no,yes,yes,,/Users/bobhopp/DJ MEDIA/VIDEO/1970's/Jethro Tull - Aqualung.mp4
RVTR509137,Stomp,God's Property,1,no,no,no,yes,no,,/Users/bobhopp/DJ MEDIA/VIDEO/1980's/Stomp - God's Property.mp4
RVTR387117,Miley Cyrus,Black Dog,1,no,no,no,yes,no,,/Users/bobhopp/DJ MEDIA/VIDEO/2000's/Miley Cyrus - Black Dog.mp4
RVTR423851,K Ci & Jo Jo,All My Life,1,no,no,no,yes,no,,/Users/bobhopp/DJ MEDIA/VIDEO/1990's/K Ci & Jo Jo - All My Life.mp4
RVTR781733,New Boyz,Youre A Jerk,1,no,no,no,yes,no,,/Users/bobhopp/DJ MEDIA/VIDEO/2000's/New Boyz - Youre A Jerk.mp4
RVTR909565,Melanie C,I Want Candy,1,no,no,no,yes,no,,/Users/bobhopp/DJ MEDIA/VIDEO/TECHNO/Melanie C - I Want Candy.mp4
RVTR177300,Britney Spears,Toxic,1,no,yes,yes,yes,yes,,/Users/bobhopp/DJ MEDIA/VIDEO/2000's/Britney Spears - Toxic.mp4
RVTR959504,Lovelytheband,Broken,1,no,no,yes,yes,yes,,/Users/bobhopp/DJ MEDIA/VIDEO/2010's/Lovelytheband - Broken.mp4
RVTR478695,Britney Spears,Lucky,1,no,yes,yes,yes,yes,,/Users/bobhopp/DJ MEDIA/VIDEO/2000's/Britney Spears - Lucky.mp4
RVTR912761,The Cure,Hot Hot Hot!!!,1,no,yes,yes,yes,yes,,/Users/bobhopp/DJ MEDIA/VIDEO/1980's/The Cure - Hot Hot Hot!!!.mp4
RVTR604921,Queen,Under Pressure,1,no,yes,yes,yes,yes,,/Users/bobhopp/DJ MEDIA/VIDEO/1980's/Queen - Under Pressure.mp4
RVTR033542,Talk Talk,It's My Life,1,no,no,yes,yes,yes,,/Users/bobhopp/DJ MEDIA/VIDEO/1980's/Talk Talk - It's My Life.mp4
RVTR000499,The Grind,Swamp Thing,1,no,no,no,yes,no,,/Users/bobhopp/DJ MEDIA/VIDEO/1990's/The Grind - Swamp Thing.mp4
RVTR184467,Moody Blues,Question,1,no,yes,yes,yes,no,,/Users/bobhopp/DJ MEDIA/VIDEO/1970's/Moody Blues - Question.mp4
RVTR915481,The Beatles,In My Life,1,yes,yes,no,yes,yes,cards_ready,/Users/bobhopp/DJ MEDIA/VIDEO/1960's/The Beatles - In My Life.mp4
RVTR574342,Miley Cyrus,The Climb,1,no,no,yes,yes,yes,,/Users/bobhopp/DJ MEDIA/VIDEO/2000's/Miley Cyrus - The Climb.mp4
RVTR491253,Beastie Boys,Sabotage,1,no,yes,no,yes,no,review,/Users/bobhopp/DJ MEDIA/VIDEO/1990's/Beastie Boys - Sabotage.mp4
RVTR607079,The Eagles,In The City,1,no,yes,no,yes,no,,/Users/bobhopp/DJ MEDIA/VIDEO/1970's/The Eagles - In The City.mp4
RVTR886264,AC/DC,Shoot To Thrill,1,no,yes,no,yes,no,review,/Users/bobhopp/DJ MEDIA/VIDEO/1980's/AC_DC - Shoot To Thrill.mp4
RVTR990536,Tupac,How Do U Want It,1,no,no,no,yes,no,,/Users/bobhopp/DJ MEDIA/VIDEO/1990's/Tupac - How Do U Want It.mp4
RVTR051548,Shakira Feat. Wyclef Jean,Hips Don't Lie,1,no,no,no,yes,no,,/Users/bobhopp/DJ MEDIA/VIDEO/2000's/Shakira - Hips Don't Lie.mp4
RVTR797951,The Beatles,Something,1,no,yes,yes,yes,yes,,/Users/bobhopp/DJ MEDIA/VIDEO/1960's/The Beatles - Something.mp4
RVTR496770,Ellie Goulding,Lights,1,no,yes,yes,yes,yes,,/Users/bobhopp/DJ MEDIA/VIDEO/2010's/Ellie Goulding - Lights.mp4
RVTR818242,The Ronettes,You Baby,1,yes,yes,no,yes,no,cards_ready,/Users/bobhopp/DJ MEDIA/VIDEO/1960's/The Ronettes - You Baby.mp4
RVTR660435,Blackfoot,Train Train,1,no,yes,yes,yes,no,review,/Users/bobhopp/DJ MEDIA/VIDEO/1970's/Blackfoot - Train Train.mp4
RVTR452576,Weezer,Say It Ain't So,1,no,no,no,yes,no,,/Users/bobhopp/DJ MEDIA/VIDEO/1990's/Weezer - Say It Ain't So.mp4
RVTR964584,Peter Gabriel,Big Time,1,no,yes,yes,yes,yes,,/Users/bobhopp/DJ MEDIA/VIDEO/1980's/Peter Gabriel - Big Time.mp4
RVTR022046,Steely Dan,Dirty Work,1,no,yes,no,yes,no,,/Users/bobhopp/DJ MEDIA/VIDEO/1970's/Steely Dan - Dirty Work.mp4
RVTR596348,Bell Biv DeVoe,Gangsta,1,no,no,yes,yes,yes,review,/Users/bobhopp/DJ MEDIA/VIDEO/1990's/Bell Biv DeVoe - Gangsta.mp4
RVTR781525,Peter Wolf,Lights Out,1,no,yes,yes,yes,yes,,/Users/bobhopp/DJ MEDIA/VIDEO/1980's/Peter Wolf - Lights Out.mp4
RVTR417691,Offspring,Self Esteem,1,no,no,no,yes,no,,/Users/bobhopp/DJ MEDIA/VIDEO/1990's/Offspring - Self Esteem.mp4
RVTR985816,Alan Jackson,Good Time,1,no,yes,yes,yes,yes,review,/Users/bobhopp/DJ MEDIA/VIDEO/1990's/Alan Jackson - Good Time.mp4
RVTR229085,Sandra,Maria Magdalena,1,no,no,no,yes,no,,/Users/bobhopp/DJ MEDIA/VIDEO/TECHNO/Sandra - Maria Magdalena.mp4
RVTR357937,Clutch,Binge and Purge,1,no,no,no,yes,no,,/Users/bobhopp/DJ MEDIA/VIDEO/1990's/Clutch - Binge and Purge.mp4
RVTR770225,Tracy Chapman,Fast Car,1,no,yes,yes,yes,yes,,/Users/bobhopp/DJ MEDIA/VIDEO/1980's/Tracy Chapman - Fast Car.mp4
RVTR271305,Edgar Winter,Free Ride,1,no,yes,no,yes,no,,/Users/bobhopp/DJ MEDIA/VIDEO/1970's/Edgar Winter - Free Ride.mp4
RVTR961605,Journey,Stone In Love,1,no,yes,no,yes,no,,/Users/bobhopp/DJ MEDIA/VIDEO/1980's/Journey - Stone In Love.mp4
RVTR816341,Iggy Pop,Five Foot One,1,no,yes,no,yes,yes,,/Users/bobhopp/DJ MEDIA/VIDEO/1970's/Iggy Pop - Five Foot One.mp4
RVTR204354,Def Leppard,Love Bites,1,no,no,yes,yes,yes,,/Users/bobhopp/DJ MEDIA/VIDEO/1980's/Def Leppard - Love Bites.mp4
RVTR611990,Shaggy,Dance And Shout,1,no,yes,no,yes,no,,/Users/bobhopp/DJ MEDIA/VIDEO/2000's/Shaggy - Dance And Shout.mp4
RVTR853661,Usher f./Will.I.Am,OMG,1,no,no,no,yes,no,,/Users/bobhopp/DJ MEDIA/VIDEO/2010's/Usher f._Will.I.Am - OMG.mp4
RVTR639068,Mary J. Blige,Real Love,1,yes,yes,yes,yes,yes,review,/Users/bobhopp/DJ MEDIA/VIDEO/1990's/Mary J. Blige - Real Love.mp4
RVTR543661,Gwen Stefani,Rich Girl,1,no,yes,yes,yes,yes,,/Users/bobhopp/DJ MEDIA/VIDEO/2000's/Gwen Stefani - Rich Girl.mp4
RVTR932389,Stacey Q,Two Of Hearts,1,no,yes,yes,yes,yes,,/Users/bobhopp/DJ MEDIA/VIDEO/1980's/Stacey Q - Two Of Hearts.mp4
RVTR340312,Kongos,I'm Only Joking,1,no,no,no,yes,no,,/Users/bobhopp/DJ MEDIA/VIDEO/2010's/Kongos - I'm Only Joking.mp4
RVTR807998,Fray,How To Save A Life,1,no,yes,yes,yes,no,,/Users/bobhopp/DJ MEDIA/VIDEO/2000's/Fray - How To Save A Life.mp4
RVTR924196,Leavin Trunk,Taj Mahal,1,no,no,no,yes,no,,/Users/bobhopp/DJ MEDIA/VIDEO/1990's/Leavin Trunk - Taj Mahal.mp4
RVTR628388,AJR,Let The Games Begin,1,no,no,no,yes,no,review,/Users/bobhopp/DJ MEDIA/VIDEO/2010's/AJR - Let The Games Begin.mp4
RVTR600333,Nicki Minaj,Super Bass,1,no,no,yes,yes,yes,,/Users/bobhopp/DJ MEDIA/VIDEO/2010's/Nicki Minaj - Super Bass.mp4
RVTR435199,Steve Winwood,Valerie,1,no,yes,yes,yes,yes,,/Users/bobhopp/DJ MEDIA/VIDEO/1980's/Steve Winwood - Valerie.mp4
RVTR139536,Coldcut,People Hold On,1,no,no,no,yes,yes,,/Users/bobhopp/DJ MEDIA/VIDEO/1980's/Coldcut - People Hold On.mp4
RVTR574421,Judas Priest,Locked In,1,no,yes,no,yes,no,,/Users/bobhopp/DJ MEDIA/VIDEO/1980's/Judas Priest - Locked In.mp4
RVTR797799,Survivor,Is This Love,1,no,yes,yes,yes,yes,,/Users/bobhopp/DJ MEDIA/VIDEO/1980's/Survivor - Is This Love.mp4
RVTR503361,Gin Wigmore,Don't Stop,1,no,no,no,yes,no,,/Users/bobhopp/DJ MEDIA/VIDEO/2000's/Gin Wigmore - Don't Stop.mp4
RVTR305738,Murray Head,Superstar,1,no,no,yes,yes,yes,,/Users/bobhopp/DJ MEDIA/VIDEO/1970's/Murray Head - Superstar.mp4
RVTR806247,Ringo Starr,No No Song,1,no,no,yes,yes,yes,,/Users/bobhopp/DJ MEDIA/VIDEO/1970's/Ringo Starr - No No Song.mp4
RVTR867164,AC/DC,Let There Be Rock,1,no,yes,no,yes,no,review,/Users/bobhopp/DJ MEDIA/VIDEO/1970's/AC_DC - Let There Be Rock.mp4
RVTR331933,Queen,We Will Rock You,1,no,yes,no,yes,no,,/Users/bobhopp/DJ MEDIA/VIDEO/1970's/Queen - We Will Rock You.mp4
RVTR452475,LL COOL J,Jingling Baby,1,no,yes,no,yes,no,,/Users/bobhopp/DJ MEDIA/VIDEO/1990's/LL COOL J - Jingling Baby.mp4
RVTR932930,Papa Roach,Last Resort,1,no,yes,yes,yes,yes,,/Users/bobhopp/DJ MEDIA/VIDEO/2000's/Papa Roach - Last Resort.mp4
RVTR878807,Andrew Gold,Lonely Boy,1,no,yes,yes,yes,yes,review,/Users/bobhopp/DJ MEDIA/VIDEO/1970's/Andrew Gold - Lonely Boy.mp4
RVTR619484,Luke Bryan,Drink A Beer,1,no,yes,yes,yes,yes,,/Users/bobhopp/DJ MEDIA/VIDEO/2010's/Luke Bryan - Drink A Beer.MP4
RVTR321056,The Guess Who,Laughing,1,no,yes,yes,yes,yes,,/Users/bobhopp/DJ MEDIA/VIDEO/1960's/The Guess Who - Laughing.mp4
RVTR503511,The B-52's,Planet Claire,1,no,no,no,yes,no,,/Users/bobhopp/DJ MEDIA/VIDEO/1970's/The B-52's - Planet Claire.mp4
RVTR026947,Journey,Separate Ways,1,no,yes,yes,yes,yes,,/Users/bobhopp/DJ MEDIA/VIDEO/1980's/Journey - Separate Ways.mp4
RVTR601089,Pat Benatar,Invincible,1,no,no,yes,yes,yes,,/Users/bobhopp/DJ MEDIA/VIDEO/1980's/Pat Benatar - Invincible.mp4
RVTR050486,The Eagles,Take It Easy,1,no,yes,yes,yes,yes,,/Users/bobhopp/DJ MEDIA/VIDEO/1970's/The Eagles - Take It Easy.mp4
RVTR809459,Sam Kinison,Wild Thing,1,no,no,no,yes,no,,/Users/bobhopp/DJ MEDIA/VIDEO/1980's/Sam Kinison - Wild Thing.mp4
RVTR855965,Duran Duran,Evil Woman,1,no,no,no,yes,no,,/Users/bobhopp/DJ MEDIA/VIDEO/2010's/Duran Duran - Evil Woman.mp4
RVTR820094,The Doors, Back Door Man,1,no,yes,no,yes,yes,,/Users/bobhopp/DJ MEDIA/VIDEO/1970's/The Doors - Back Door Man.mp4
RVTR043896,Eminem,Rhyme or Reason,1,no,yes,no,yes,no,,/Users/bobhopp/DJ MEDIA/VIDEO/2010's/Eminem - Rhyme or Reason.mp4
RVTR974828,Jason Derulo,Trumpets,1,no,yes,yes,yes,yes,,/Users/bobhopp/DJ MEDIA/VIDEO/2010's/Jason Derulo - Trumpets.MP4
RVTR969715,Jamey Johnson,In Color,1,no,yes,yes,yes,yes,,/Users/bobhopp/DJ MEDIA/VIDEO/2000's/Jamey Johnson - In Color.mp4
RVTR767650,Black Eyed Peas,Pump It,1,no,yes,yes,yes,no,review,/Users/bobhopp/DJ MEDIA/VIDEO/2000's/Black Eyed Peas - Pump It.mp4
RVTR675306,Spiderbait,Black Betty,1,no,no,no,yes,no,,/Users/bobhopp/DJ MEDIA/VIDEO/2010's/Spiderbait - Black Betty.mp4
RVTR970270,Zara Larsson,Lush Life,1,no,yes,yes,yes,yes,,/Users/bobhopp/DJ MEDIA/VIDEO/2010's/Zara Larsson - Lush Life.mp4
RVTR178137,Olivia Rodrigo,Good 4 U,1,no,yes,yes,yes,yes,,/Users/bobhopp/DJ MEDIA/VIDEO/2020's/Olivia Rodrigo - Good 4 U.mp4
RVTR810904,Dixie Chicks,Truth No 2,1,no,no,no,yes,no,,/Users/bobhopp/DJ MEDIA/VIDEO/2000's/Dixie Chicks - Truth No 2.mp4
RVTR020280,Anita Ward,Ring My Bell,1,no,no,yes,yes,yes,review,/Users/bobhopp/DJ MEDIA/VIDEO/1970's/Anita Ward - Ring My Bell.mp4
RVTR477693,Special Ed,I Got It Made,1,no,no,no,yes,no,,/Users/bobhopp/DJ MEDIA/VIDEO/1980's/Special Ed - I Got It Made.mp4
RVTR209086,The B-52's,Private Idaho,1,no,no,no,yes,no,,/Users/bobhopp/DJ MEDIA/VIDEO/1980's/The B-52's - Private Idaho.mp4
RVTR671876,Will Smith,Men In Black,1,no,yes,no,yes,no,,/Users/bobhopp/DJ MEDIA/VIDEO/1990's/Will Smith - Men In Black.mp4
RVTR578485,Three Dog Night,Shambala,1,yes,yes,yes,yes,yes,review,/Users/bobhopp/DJ MEDIA/VIDEO/1970's/Three Dog Night - hambala.mp4
RVTR419308,Van Halen,Jamie's Cryin,1,no,no,no,yes,no,,/Users/bobhopp/DJ MEDIA/VIDEO/1970's/Van Halen - Jamie's Cryin.mp4
RVTR433913,Chris Isaak,Wicked Game,1,no,yes,yes,yes,yes,,/Users/bobhopp/DJ MEDIA/VIDEO/1990's/Chris Isaak - Wicked Game.mp4
RVTR993457,Michael Jackson,Beat It,1,no,yes,yes,yes,yes,,/Users/bobhopp/DJ MEDIA/VIDEO/1980's/Michael Jackson - Beat It.mp4
RVTR630898,Kiss,Shout It Out Loud,1,no,yes,yes,yes,yes,,/Users/bobhopp/DJ MEDIA/VIDEO/1980's/Kiss - Shout It Out Loud.mp4
RVTR924228,Van Halen,Pretty Woman,1,no,no,no,yes,no,,/Users/bobhopp/DJ MEDIA/VIDEO/1980's/Van Halen - Pretty Woman.mp4
RVTR676442,Nancy Sinatra,Bang Bang,1,no,no,no,yes,no,,/Users/bobhopp/DJ MEDIA/VIDEO/1960's/Nancy Sinatra - Bang Bang.mp4
RVTR628171,Eddy Arnold,Cattle Call,1,no,yes,no,yes,no,,/Users/bobhopp/DJ MEDIA/VIDEO/1950's/Eddy Arnold - Cattle Call.mp4
RVTR434898,Mungo Jerry,Mighty Man,1,no,no,no,yes,no,,/Users/bobhopp/DJ MEDIA/VIDEO/1970's/Mungo Jerry - Mighty Man.mp4
RVTR488553,John Waite,Missing You,1,no,yes,yes,yes,yes,,/Users/bobhopp/DJ MEDIA/VIDEO/1980's/John Waite - Missing You.mp4
RVTR934407,Lit,My Own Worst Enemy,1,no,yes,yes,yes,yes,,/Users/bobhopp/DJ MEDIA/VIDEO/1990's/Lit - My Own Worst Enemy.mp4
RVTR259323,The Cramps,Goo Goo Muck,1,no,no,no,yes,no,,/Users/bobhopp/DJ MEDIA/VIDEO/1980's/The Cramps - Goo Goo Muck.mp4
RVTR532312,The Motels,Last Summer,1,no,no,no,yes,no,,/Users/bobhopp/DJ MEDIA/VIDEO/1980's/The Motels - Last Summer.mp4
RVTR913855,The Kinks,Celluloid Heroes,1,no,yes,no,yes,no,,/Users/bobhopp/DJ MEDIA/VIDEO/1970's/Kinks - Celluloid Heroes.mp4
RVTR711038,Al B. Sure!,Nite and Day,1,no,yes,yes,yes,yes,review,/Users/bobhopp/DJ MEDIA/VIDEO/1980's/Al B. Sure! - Nite and Day.mp4
RVTR426905,Slipknot,Psychosocial,1,no,no,no,yes,no,,/Users/bobhopp/DJ MEDIA/VIDEO/2000's/Slipknot - Psychosocial.mp4
RVTR870440,Semisonic,Closing Time,1,no,no,no,yes,no,,/Users/bobhopp/DJ MEDIA/VIDEO/1990's/Semisonic - Closing Time.mp4
RVTR519338,Melanie,The Nickel Song,1,no,no,yes,yes,yes,,/Users/bobhopp/DJ MEDIA/VIDEO/1970's/Melanie - The Nickel Song.mp4
RVTR388379,Avril Lavigne,Sk8Er Boi,1,no,yes,yes,yes,yes,review,/Users/bobhopp/DJ MEDIA/VIDEO/2000's/Avril Lavigne - Sk8Er Boi.mp4
RVTR261615,The Doors,Light My Fire,1,yes,yes,yes,yes,yes,published,/Users/bobhopp/DJ MEDIA/VIDEO/1970's/The Doors - Light My Fire.mp4
RVTR958170,Lenny Kravitz,Fly Away,1,no,yes,yes,yes,yes,,/Users/bobhopp/DJ MEDIA/VIDEO/1990's/Lenny Kravitz - Fly Away.mp4
RVTR412184,Michael Sembello,Maniac,1,no,yes,yes,yes,yes,,/Users/bobhopp/DJ MEDIA/VIDEO/1980's/Michael Sembello - Maniac.mp4
RVTR903925,Coldplay,The Scientist,1,no,no,no,yes,no,,/Users/bobhopp/DJ MEDIA/VIDEO/2000's/Coldplay - The Scientist.mp4
RVTR829993,Robyn,Dancing On My Own,1,no,yes,no,yes,no,,/Users/bobhopp/DJ MEDIA/VIDEO/2010's/Robyn - Dancing On My Own.mp4
RVTR227284,Tim Mcgraw,I Called Mama,1,no,no,yes,yes,yes,,/Users/bobhopp/DJ MEDIA/VIDEO/COUNTRY/FILL/Tim Mcgraw - I Called Mama.mp4
RVTR753918,Everlast,What It's Like,1,no,no,yes,yes,yes,,/Users/bobhopp/DJ MEDIA/VIDEO/1990's/Everlast - What It's Like.mp4
RVTR138615,Billy Idol,To Be A Lover,1,no,yes,yes,yes,yes,review,/Users/bobhopp/DJ MEDIA/VIDEO/1980's/Billy Idol - To Be A Lover.mp4
RVTR137443,Alice In Chains,Rooster,1,no,yes,no,yes,no,review,/Users/bobhopp/DJ MEDIA/VIDEO/1990's/Alice In Chains - Rooster.mp4
RVTR319586,Young The Giant,My Body,1,no,yes,yes,yes,yes,,/Users/bobhopp/DJ MEDIA/VIDEO/2010's/Young The Giant - My Body.mp4
RVTR012579,Europe,Final Countdown,1,no,no,no,yes,no,,/Users/bobhopp/DJ MEDIA/VIDEO/1980's/Europe - Final Countdown.mp4
RVTR082436,Britney Spears,Someday,1,no,no,no,yes,no,,/Users/bobhopp/DJ MEDIA/VIDEO/2000's/Britney Spears - Someday.mp4
RVTR817095,Technotronic,Move This,1,no,no,yes,yes,yes,,/Users/bobhopp/DJ MEDIA/VIDEO/1990's/Technotronic - Move This.mp4
RVTR818453,Captain Jack,Centerfold,1,no,no,no,yes,no,,/Users/bobhopp/DJ MEDIA/VIDEO/2000's/Captain Jack - Centerfold.mp4
RVTR170456,Uncle Kracker,Follow Me,1,no,yes,yes,yes,yes,,/Users/bobhopp/DJ MEDIA/VIDEO/2000's/Uncle Kracker - Follow Me.mp4
RVTR154345,Nickelback,Leader Of Man,1,no,no,no,yes,no,,/Users/bobhopp/DJ MEDIA/VIDEO/TECHNO/Nickelback - Leader Of Man.mp4
RVTR398288,Shwayze,Corona And Lime,1,no,yes,yes,yes,yes,,/Users/bobhopp/DJ MEDIA/VIDEO/2000's/Shwayze - Corona And Lime.mp4
RVTR578847,Neil Diamond,Holly Holy,1,no,yes,yes,yes,yes,,/Users/bobhopp/DJ MEDIA/VIDEO/1960's/Neil Diamond - Holly Holy.mp4
RVTR579635,Electric Light Orchestra,Rock 'N' Roll Is King,1,no,no,yes,yes,yes,,/Users/bobhopp/DJ MEDIA/VIDEO/1980's/ELO - Rock 'N' Roll Is King.mp4
RVTR570673,Power Station,Get It On,1,no,no,no,yes,no,,/Users/bobhopp/DJ MEDIA/VIDEO/1980's/Power Station - Get It On.mp4
RVTR607324,Madonna,Into The Groove,1,no,yes,no,yes,no,,/Users/bobhopp/DJ MEDIA/VIDEO/1980's/Madonna - Into The Groove.mp4
RVTR012983,Adele,Chasing Pavements,1,no,yes,yes,yes,yes,review,/Users/bobhopp/DJ MEDIA/VIDEO/2000's/Adele - Chasing Pavements.mp4
RVTR623460,Maroon 5,Sunday Morning,1,no,yes,yes,yes,yes,,/Users/bobhopp/DJ MEDIA/VIDEO/2000's/Maroon 5 - Sunday Morning.mp4
RVTR730738,Vulfmon,Little Thunder,1,no,no,no,yes,yes,,/Users/bobhopp/DJ MEDIA/VIDEO/2020's/Vulfmon - Little Thunder.mp4
RVTR230652,James Brown,Night Train,1,no,yes,no,yes,no,,/Users/bobhopp/DJ MEDIA/VIDEO/1960's/James Brown - Night Train.mp4
RVTR058267,Salt-N-Pepa,Independent,1,no,no,no,yes,no,,/Users/bobhopp/DJ MEDIA/VIDEO/1990's/Salt-N-Pepa - Independent.mp4
RVTR358812,Accept,Balls to the Wall,1,no,no,no,yes,no,review,/Users/bobhopp/DJ MEDIA/VIDEO/1980's/Accept - Balls to the Wall.mp4
RVTR857236,L.A. Guns,Ballad Of Jayne,1,no,no,no,yes,no,,/Users/bobhopp/DJ MEDIA/VIDEO/1990's/L.A. Guns - Ballad Of Jayne.mp4
RVTR961588,Al Martino,Spanish Eyes,1,yes,yes,yes,yes,yes,review,/Users/bobhopp/DJ MEDIA/VIDEO/1960's/Al Martino - Spanish Eyes.mp4
RVTR563095,Lita Ford,Kiss Me Deadly,1,no,yes,yes,yes,yes,,/Users/bobhopp/DJ MEDIA/VIDEO/1980's/Lita Ford - Kiss Me Deadly.mp4
RVTR419089,Bob Dylan,Forever Young,1,no,yes,no,yes,no,review,/Users/bobhopp/DJ MEDIA/VIDEO/1970's/Bob Dylan - Forever Young.mp4
RVTR436580,U2,Sunday Bloody Sunday,1,no,yes,no,yes,no,,/Users/bobhopp/DJ MEDIA/VIDEO/1980's/U2 - Sunday Bloody Sunday.mp4
RVTR359914,Matchbox Twenty,Unwell,1,no,yes,yes,yes,yes,,/Users/bobhopp/DJ MEDIA/VIDEO/2000's/Matchbox Twenty - Unwell.mp4
RVTR115145,Petey Pablo,Freek-A-Leek,1,no,yes,yes,yes,yes,,/Users/bobhopp/DJ MEDIA/VIDEO/2000's/Petey Pablo - Freek-A-Leek.mp4
RVTR813133,Cat Stevens,Moon Shadow,1,no,no,yes,yes,yes,,/Users/bobhopp/DJ MEDIA/VIDEO/1970's/Cat Stevens - Moon Shadow.mp4
RVTR984560,Black Eyed Peas,My Humps,1,no,yes,yes,yes,no,review,/Users/bobhopp/DJ MEDIA/VIDEO/2000's/Black Eyed Peas - My Humps.mp4
RVTR136419,Luke Bryan,Play It Again,1,no,yes,yes,yes,yes,,/Users/bobhopp/DJ MEDIA/VIDEO/2010's/Luke Bryan - Play It Again.mp4
RVTR092270,Bill Withers,Lovely Day,1,no,no,no,yes,no,review,/Users/bobhopp/DJ MEDIA/VIDEO/1970's/Bill Withers - Lovely Day.mp4
RVTR440325,Imagine Dragons,Thunder,1,no,yes,yes,yes,yes,,/Users/bobhopp/DJ MEDIA/VIDEO/2010's/Imagine Dragons - Thunder.mp4
RVTR902709,Filter,Hey Man Nice Shot,1,no,yes,yes,yes,yes,,/Users/bobhopp/DJ MEDIA/VIDEO/1990's/Filter - Hey Man Nice Shot.mp4
RVTR174708,Hulk Hogan,Real American,1,no,no,no,yes,yes,,/Users/bobhopp/DJ MEDIA/VIDEO/2000's/Hulk Hogan - Real American.mp4
RVTR736862,P.M. Dawn,Norwegian Wood,1,no,no,no,yes,no,,/Users/bobhopp/DJ MEDIA/VIDEO/1990's/P.M. Dawn - Norwegian Wood.mp4
RVTR604835,The Animals,Tobacco Road,1,no,no,no,yes,no,,/Users/bobhopp/DJ MEDIA/VIDEO/1960's/The Animals - Tobacco Road.mp4
RVTR528714,The Black Keys,Next Girl,1,no,yes,no,yes,no,,/Users/bobhopp/DJ MEDIA/VIDEO/2010's/The Black Keys - Next Girl.mp4
RVTR735785,The Beatles,Lady Madonna,1,no,yes,yes,yes,yes,,/Users/bobhopp/DJ MEDIA/VIDEO/1960's/The Beatles - Lady Madonna.mp4
RVTR725417,Bee Gees,Jive Talkin',1,no,yes,yes,yes,yes,draft,/Users/bobhopp/DJ MEDIA/VIDEO/1970's/The Bee Gees - Jive Talkin'.mp4
RVTR943944,Kid Rock,All Summer Long,1,no,no,yes,yes,yes,,/Users/bobhopp/DJ MEDIA/VIDEO/2000's/Kid Rock - All Summer Long.mp4
RVTR312100,Reel Big Fish,Party Down,1,no,no,no,yes,no,,/Users/bobhopp/DJ MEDIA/VIDEO/TECHNO/Reel Big Fish - Party Down.mp4
RVTR891718,Cher Lloyd,Want You Back,1,no,no,no,yes,no,,/Users/bobhopp/DJ MEDIA/VIDEO/2010's/Cher Lloyd - Want You Back.mp4
RVTR681475,Let's Dance,Chris Montez,1,no,no,no,yes,no,,/Users/bobhopp/DJ MEDIA/VIDEO/1960's/Let's Dance - Chris Montez.mp4
RVTR544049,Spacehog,In The Meantime,1,no,no,yes,yes,yes,,/Users/bobhopp/DJ MEDIA/VIDEO/1990's/Spacehog - In The Meantime.mp4
RVTR622402,Hooters,All You Zombies,1,no,yes,yes,yes,yes,,/Users/bobhopp/DJ MEDIA/VIDEO/1980's/Hooters - All You Zombies.mp4
RVTR212064,Aaron Lewis,Country Boy,1,no,no,yes,yes,yes,review,/Users/bobhopp/DJ MEDIA/VIDEO/2010's/Aaron Lewis - Country Boy.mp4
RVTR302767,Four Tops,Ain't No Woman,1,no,yes,yes,yes,yes,,/Users/bobhopp/DJ MEDIA/VIDEO/1970's/Four Tops - Ain't No Woman.mp4
RVTR319582,Robert Plant,In the Mood,1,no,yes,yes,yes,yes,,/Users/bobhopp/DJ MEDIA/VIDEO/1980's/Robert Plant - In the Mood.mp4
RVTR072314,Cher,Song For The Lonely,1,no,yes,yes,yes,yes,,/Users/bobhopp/DJ MEDIA/VIDEO/2000's/Cher - Song For The Lonely.mp4
RVTR730830,Finger Eleven,Paralyzer,1,no,yes,yes,yes,yes,,/Users/bobhopp/DJ MEDIA/VIDEO/2000's/Finger Eleven - Paralyzer.mp4
RVTR860501,2Pac feat. Talent,Changes,1,no,no,no,yes,no,review,/Users/bobhopp/DJ MEDIA/VIDEO/1990's/2Pac feat. Talent - Changes.mp4
RVTR758451,Damn Yankees,High Enough,1,no,yes,yes,yes,yes,,/Users/bobhopp/DJ MEDIA/VIDEO/1990's/Damn Yankees - High Enough.mp4
RVTR910926,Paramore,Still Into You,1,no,yes,yes,yes,yes,,/Users/bobhopp/DJ MEDIA/VIDEO/2010's/Paramore - Still Into You.mp4
RVTR320281,20 Fingers,Short Dick Man,1,no,no,yes,yes,yes,review,/Users/bobhopp/DJ MEDIA/VIDEO/1990's/20 Fingers - Short Dick Man.mp4
RVTR483858,Rory Gallagher,Hands Off,1,no,no,no,yes,yes,,/Users/bobhopp/DJ MEDIA/VIDEO/1970's/Rory Gallagher - Hands Off.mp4
RVTR509717,Joni Mitchell,Woodstock,1,no,yes,no,yes,no,,/Users/bobhopp/DJ MEDIA/VIDEO/1970's/Joni Mitchell - Woodstock.mp4
RVTR326774,Jack Johnson,Bubble Toes,1,no,yes,no,yes,no,,/Users/bobhopp/DJ MEDIA/VIDEO/2000's/Jack Johnson - Bubble Toes.mp4
RVTR507981,Joe Walsh,I Like Big Tits,1,no,no,no,yes,no,,/Users/bobhopp/DJ MEDIA/VIDEO/2010's/Joe Walsh - I Like Big Tits.mp4
RVTR661742,Amy Grant,It's Not A Song,1,no,no,no,yes,no,review,/Users/bobhopp/DJ MEDIA/VIDEO/1980's/Amy Grant - It's Not A Song.mp4
RVTR672189,Adele,Rolling in the Deep,1,no,yes,yes,yes,yes,review,/Users/bobhopp/DJ MEDIA/VIDEO/2010's/Adele - Rolling in the Deep.mp4
RVTR966704,Lawrence,Guy I Used To Be,1,no,no,no,yes,no,,/Users/bobhopp/DJ MEDIA/VIDEO/1970's/Lawrence - Guy I Used To Be.mp4
RVTR312398,Sister Hazel,All For You,1,no,yes,yes,yes,yes,,/Users/bobhopp/DJ MEDIA/VIDEO/1990's/Sister Hazel - All For You.mp4
RVTR060633,Alice Cooper,I'm Eighteen,1,no,no,no,yes,yes,review,/Users/bobhopp/DJ MEDIA/VIDEO/1970's/Alice Cooper - I'm Eighteen.mp4
RVTR336876,Rolling Stones,Miss You,1,yes,yes,yes,yes,no,review,/Users/bobhopp/DJ MEDIA/VIDEO/1970's/Rolling Stones - Miss You.mp4
RVTR821857,Devo,Working in Coalmine,1,no,no,no,yes,no,,/Users/bobhopp/DJ MEDIA/VIDEO/1980's/Devo - Working in Coalmine.mp4
RVTR573011,The Fools,Psycho Chicken,1,no,no,no,yes,no,,/Users/bobhopp/DJ MEDIA/VIDEO/1980's/The Fools - Psycho Chicken.mp4
RVTR979074,Erasure,Love To Hate You,1,no,yes,no,yes,no,,/Users/bobhopp/DJ MEDIA/VIDEO/1990's/Erasure - Love To Hate You.mp4
RVTR023620,Big Band,Rhapsody in Blue,1,no,no,no,yes,no,review,/Users/bobhopp/DJ MEDIA/VIDEO/1950's/Big Band - Rhapsody in Blue.mp4
RVTR697780,Los Bravos,Black Is Black,1,no,yes,yes,yes,yes,,/Users/bobhopp/DJ MEDIA/VIDEO/1960's/Los Bravos - Black Is Black.mp4
RVTR303312,Journey,Send Her My Love,1,no,yes,yes,yes,yes,,/Users/bobhopp/DJ MEDIA/VIDEO/1980's/Journey - Send Her My Love.mp4
RVTR479672,A$AP Rocky,Fkin' Problems,1,no,no,no,yes,no,review,/Users/bobhopp/DJ MEDIA/VIDEO/2010's/A$AP ROCKY - Fkin' Problems.mp4
RVTR962670,Bruno Mars,The Lazy Song,1,no,yes,yes,yes,yes,,/Users/bobhopp/DJ MEDIA/VIDEO/2010's/Bruno Mars - The Lazy Song.mp4
RVTR176520,Stevie Nicks,I Can't Wait,1,no,yes,yes,yes,yes,,/Users/bobhopp/DJ MEDIA/VIDEO/1980's/Stevie Nicks - I Can't Wait.mp4
RVTR892230,Mark Lindsay,Silver Bird,1,no,no,yes,yes,yes,,/Users/bobhopp/DJ MEDIA/VIDEO/1970's/Mark Lindsay - Silver Bird.mp4
RVTR797152,Skid Row,Youth Gone Wild,1,no,yes,yes,yes,yes,,/Users/bobhopp/DJ MEDIA/VIDEO/1980's/Skid Row - Youth Gone Wild.MP4
RVTR714142,Imagine Dragons,Believer,1,no,yes,yes,yes,yes,,/Users/bobhopp/DJ MEDIA/VIDEO/2010's/Imagine Dragons - Believer.mp4
RVTR239887,De La Soul,Me Myself and I,1,no,no,yes,yes,yes,,/Users/bobhopp/DJ MEDIA/VIDEO/1980's/De La Soul - Me Myself and I.mp4
RVTR536263,Leo Sayer,When I Need You,1,no,yes,yes,yes,yes,,/Users/bobhopp/DJ MEDIA/VIDEO/1970's/Leo Sayer - When I Need You.mp4
RVTR164622,Natalie Cole,This Will Be,1,no,yes,yes,yes,yes,draft,/Users/bobhopp/DJ MEDIA/VIDEO/1970's/Natalie Cole - This Will Be.mp4
RVTR884649,Jule Styne,Hellzapoppin,1,no,no,no,yes,no,,/Users/bobhopp/DJ MEDIA/VIDEO/1950's/Jule Styne - Hellzapoppin.mp4
RVTR716880,Erasure,A Little Respect,1,no,yes,yes,yes,yes,,/Users/bobhopp/DJ MEDIA/VIDEO/1980's/Erasure - A Little Respect.mp4
RVTR876874,Taylor Swift,Blank Space,1,no,yes,yes,yes,yes,,/Users/bobhopp/DJ MEDIA/VIDEO/2010's/Taylor Swift - Blank Space.mp4
RVTR681613,Deep Purple,Child In Time,1,no,yes,no,yes,no,,/Users/bobhopp/DJ MEDIA/VIDEO/1970's/Deep Purple - Child In Time.mp4
RVTR732217,Rihanna,Love On The Brain,1,no,no,yes,yes,yes,,/Users/bobhopp/DJ MEDIA/VIDEO/2010's/Rihanna - Love On The Brain.mp4
RVTR336241,Michael Jackson,Thriller,1,no,yes,yes,yes,yes,,/Users/bobhopp/DJ MEDIA/VIDEO/2000's/Michael Jackson - Thriller.mp4
RVTR335318,Laid Back,Sunshine Reggae,1,no,yes,no,yes,no,,/Users/bobhopp/DJ MEDIA/VIDEO/1980's/Laid Back - Sunshine Reggae.mp4
RVTR704035,Jo Boxers,Just Got Lucky,1,no,no,no,yes,no,,/Users/bobhopp/DJ MEDIA/VIDEO/1980's/Jo Boxers - Just Got Lucky.mp4
RVTR448805,Oasis,Champagne Supernova,1,no,no,no,yes,no,,/Users/bobhopp/DJ MEDIA/VIDEO/1990's/Oasis - Champagne Supernova.mp4
RVTR146167,The Sylvers,Boogie Fever,1,no,yes,yes,yes,yes,,/Users/bobhopp/DJ MEDIA/VIDEO/1970's/The Sylvers - Boogie Fever.mp4
RVTR399845,Journey,Feeling That Way,1,no,yes,no,yes,no,,/Users/bobhopp/DJ MEDIA/VIDEO/1970's/Journey - Feeling That Way.mp4
RVTR457772,Silicon Teens,Let's Dance,1,no,no,no,yes,no,,/Users/bobhopp/DJ MEDIA/VIDEO/1970's/Silicon Teens - Let's Dance.mp4
RVTR754136,Ellie Goulding,Your Song,1,no,no,no,yes,no,,/Users/bobhopp/DJ MEDIA/VIDEO/2010's/Ellie Goulding - Your Song.MP4
RVTR512507,The Bangles,Eternal Flame,1,no,yes,yes,yes,yes,,/Users/bobhopp/DJ MEDIA/VIDEO/1980's/The Bangles - Eternal Flame.mp4
RVTR508970,Frank Sinatra,That's Life,1,no,no,yes,yes,yes,,/Users/bobhopp/DJ MEDIA/VIDEO/1960's/Frank Sinatra - That's Life.mp4
RVTR421420,Pat Benatar,I Need A Lover,1,no,yes,no,yes,no,,/Users/bobhopp/DJ MEDIA/VIDEO/1980's/Pat Benatar - I Need A Lover.mp4
RVTR618424,Tears For Fears,Mad World,1,no,yes,no,yes,no,,/Users/bobhopp/DJ MEDIA/VIDEO/1980's/Tears For Fears - Mad World.mp4
RVTR124520,The Beatles,And I Love Her,1,no,no,yes,yes,yes,,/Users/bobhopp/DJ MEDIA/VIDEO/1960's/The Beatles - And I Love Her.mp4
RVTR397599,The Black Keys,Tighten Up,1,no,yes,yes,yes,yes,,/Users/bobhopp/DJ MEDIA/VIDEO/2010's/The Black Keys - Tighten Up.mp4
RVTR391678,The Beatles,Dear Prudence,1,no,yes,no,yes,no,,/Users/bobhopp/DJ MEDIA/VIDEO/1960's/The Beatles - Dear Prudence.mp4
RVTR090973,The Runaways,School Days,1,no,no,no,yes,no,,/Users/bobhopp/DJ MEDIA/VIDEO/1970's/The Runaways - School Days.mp4
RVTR223172,Donna Summer,On The Radio,1,no,yes,yes,yes,yes,,/Users/bobhopp/DJ MEDIA/VIDEO/1970's/Donna Summer - On The Radio.mp4
RVTR092290,Chris De Burgh,Lady In Red,1,no,no,no,yes,no,,/Users/bobhopp/DJ MEDIA/VIDEO/1980's/Chris De Burgh - Lady In Red.mp4
RVTR631982,The Vogues,You're The One,1,yes,no,yes,yes,yes,cards_ready,/Users/bobhopp/DJ MEDIA/VIDEO/1960's/The Vogues - You're The One.mp4
RVTR819620,Milky Chance,Stolen Dance,1,no,yes,yes,yes,yes,,/Users/bobhopp/DJ MEDIA/VIDEO/2010's/Milky Chance - Stolen Dance.mp4
RVTR394362,Robert Parker,Barefootin,1,no,no,yes,yes,yes,,/Users/bobhopp/DJ MEDIA/VIDEO/1960's/Robert Parker - Barefootin.mp4
RVTR175297,Cheap Trick,Don't Be Cruel,1,no,no,yes,yes,yes,,/Users/bobhopp/DJ MEDIA/VIDEO/1980's/Cheap Trick - Don't Be Cruel.mp4
RVTR938357,Baha Men,Move It Like This,1,no,yes,no,yes,no,review,/Users/bobhopp/DJ MEDIA/VIDEO/2000's/Baha Men - Move It Like This.MP4
RVTR934516,Bee Gees,Stayin' Alive,1,no,no,yes,yes,yes,review,/Users/bobhopp/DJ MEDIA/VIDEO/1970's/The Bee Gees - Stayin' Alive.mp4
RVTR549983,The Osmonds,Crazy Horses,1,no,yes,yes,yes,yes,,/Users/bobhopp/DJ MEDIA/VIDEO/1970's/The Osmonds - Crazy Horses.mp4
RVTR345253,Duran Duran,The Wild Boys,1,no,yes,yes,yes,yes,,/Users/bobhopp/DJ MEDIA/VIDEO/1980's/Duran Duran - The Wild Boys.mp4
RVTR330874,Pink Floyd,See Emily Play,1,yes,yes,no,yes,no,review,/Users/bobhopp/DJ MEDIA/VIDEO/1960's/Pink Floyd - See Emily Play.mp4
RVTR877716,Chaka Khan,I'm Every Woman,1,no,no,yes,yes,yes,,/Users/bobhopp/DJ MEDIA/VIDEO/1980's/Chaka Khan - I'm Every Woman.mp4
RVTR911531,Sukiyaki,A Taste Of Honey,1,no,no,no,yes,no,,/Users/bobhopp/DJ MEDIA/VIDEO/1980's/Sukiyaki - A Taste Of Honey.mp4
RVTR011803,Tove Lo,Habits (Stay High),1,no,no,yes,yes,yes,,/Users/bobhopp/DJ MEDIA/VIDEO/2010's/Tove Lo - Habits (Stay High).mp4
RVTR027693,Peter Rivera,Tobacco Road,1,no,no,no,yes,no,,/Users/bobhopp/DJ MEDIA/VIDEO/1970's/Peter Rivera - Tobacco Road.mp4
RVTR855265,Queen,I Want To Break Free,1,no,yes,yes,yes,yes,,/Users/bobhopp/DJ MEDIA/VIDEO/1980's/Queen - I Want To Break Free.mp4
RVTR017740,The Pointer Sisters,Jump,1,no,yes,yes,yes,yes,,/Users/bobhopp/DJ MEDIA/VIDEO/1980's/The Pointer Sisters - Jump.mp4
RVTR520339,Taylor Swift,Shake It Off,1,no,yes,yes,yes,yes,,/Users/bobhopp/DJ MEDIA/VIDEO/2010's/Taylor Swift - Shake It Off.mp4
RVTR917672,Louis Prima,Just A Gigolo,1,no,no,no,yes,yes,,/Users/bobhopp/DJ MEDIA/VIDEO/1960's/Louis Prima - Just A Gigolo.mp4
RVTR068925,Hot Chocolate,Disco Queen,1,no,yes,yes,yes,yes,draft,/Users/bobhopp/DJ MEDIA/VIDEO/1970's/Hot Chocolate - Disco Queen.mp4
RVTR685650,Alphaville,Forever Young,1,no,yes,yes,yes,yes,review,/Users/bobhopp/DJ MEDIA/VIDEO/1980's/Alphaville - Forever Young.mp4
RVTR350665,AfroMan,Because I Got High,1,no,yes,yes,yes,yes,review,/Users/bobhopp/DJ MEDIA/VIDEO/2000's/AfroMan - Because I Got High.mp4
RVTR666229,Sarah Bareilles,Love Song,1,no,no,no,yes,no,,/Users/bobhopp/DJ MEDIA/VIDEO/2000's/Sarah Bareilles - Love Song.mp4
RVTR418745,Johnny Kemp,Just Got Paid,1,no,yes,yes,yes,yes,,/Users/bobhopp/DJ MEDIA/VIDEO/1980's/Johnny Kemp - Just Got Paid.mp4
RVTR100282,Small Faces,The Universal,1,no,no,no,yes,no,,/Users/bobhopp/DJ MEDIA/VIDEO/1960's/Small Faces - The Universal.mp4
RVTR367053,Maroon 5,Harder To Breathe,1,no,yes,yes,yes,yes,,/Users/bobhopp/DJ MEDIA/VIDEO/2000's/Maroon 5 - Harder To Breathe.mp4
RVTR536180,The Time,Ice Cream Castles,1,no,yes,no,yes,no,,/Users/bobhopp/DJ MEDIA/VIDEO/1980's/The Time - Ice Cream Castles.mp4
RVTR514818,Joe Cocker,Feelin' Alright,1,no,no,no,yes,no,,/Users/bobhopp/DJ MEDIA/VIDEO/1960's/Joe Cocker - Feelin' Alright.mp4
RVTR562050,Prince,Crimson and Clover,1,no,no,no,yes,no,,/Users/bobhopp/DJ MEDIA/VIDEO/2000's/Prince - Crimson and Clover.mp4
RVTR780359,Tainted Love,Gloria Jones,1,no,no,no,yes,no,,/Users/bobhopp/DJ MEDIA/VIDEO/1960's/Tainted Love - Gloria Jones.mp4
RVTR058877,Pink,Just Give Me A Reason,1,no,no,no,yes,yes,,/Users/bobhopp/DJ MEDIA/VIDEO/2010's/Pink - Just Give Me A Reason.mp4
RVTR716793,Will Smith,Wild Wild West,1,no,no,yes,yes,yes,,/Users/bobhopp/DJ MEDIA/VIDEO/1990's/Will Smith - Wild Wild West.mp4
RVTR488056,Jimmy Buffett,Come Monday,1,no,yes,yes,yes,yes,,/Users/bobhopp/DJ MEDIA/VIDEO/1970's/Jimmy Buffett - Come Monday.mp4
RVTR375179,The Continentals,Unknown,1,no,no,no,yes,no,,/Users/bobhopp/DJ MEDIA/VIDEO/1960's/The Continentals - Unknown.mp4
RVTR294032,George Harrison,Blow Away,1,no,yes,yes,yes,yes,,/Users/bobhopp/DJ MEDIA/VIDEO/1970's/George Harrison - Blow Away.mp4
RVTR167349,2 Unlimited,Twilight Zone,1,yes,yes,yes,yes,yes,review,/Users/bobhopp/DJ MEDIA/VIDEO/1990's/2 Unlimited - Twilight Zone.mp4
RVTR239656,Darius Rucker,Wagon Wheel,1,no,yes,yes,yes,yes,,/Users/bobhopp/DJ MEDIA/VIDEO/2010's/Darius Rucker - Wagon Wheel.mp4
RVTR522968,Britney Spears,Womanizer,1,no,yes,yes,yes,yes,,/Users/bobhopp/DJ MEDIA/VIDEO/2000's/Britney Spears - Womanizer.mp4
RVTR199464,Eddie Money,I Wanna Go Back,1,no,yes,yes,yes,yes,,/Users/bobhopp/DJ MEDIA/VIDEO/1980's/Eddie Money - I Wanna Go Back.mp4
RVTR811685,Goldfinger,99 Red Balloons,1,no,no,no,yes,no,,/Users/bobhopp/DJ MEDIA/VIDEO/TECHNO/Goldfinger - 99 Red Balloons.mp4
RVTR064926,Meri Wilson,Telephone Man,1,no,no,yes,yes,yes,,/Users/bobhopp/DJ MEDIA/VIDEO/1970's/Meri Wilson - Telephone Man.mp4
RVTR276806,Boyz II Men,End Of The Road,1,no,no,yes,yes,yes,,/Users/bobhopp/DJ MEDIA/VIDEO/1990's/Boyz II Men - End Of The Road.mp4
RVTR677838,Chris Stapleton,Fire Away,1,no,yes,no,yes,yes,,/Users/bobhopp/DJ MEDIA/VIDEO/2010's/Chris Stapleton - Fire Away.mp4
RVTR196202,The Beatles,Ticket To Ride,1,yes,yes,yes,yes,yes,cards_ready,/Users/bobhopp/DJ MEDIA/VIDEO/1960's/The Beatles - Ticket To Ride.mp4
RVTR296636,Journey,Girl Can't Help It,1,no,yes,yes,yes,yes,,/Users/bobhopp/DJ MEDIA/VIDEO/1980's/Journey - Girl Can't Help It.mp4
RVTR338256,Percy Faith,A Summer Place,1,no,no,no,yes,no,,/Users/bobhopp/DJ MEDIA/VIDEO/1950's/Percy Faith - A Summer Place.mp4
RVTR348967,Jelly Roll,Son Of A Sinner,1,no,no,yes,yes,yes,,/Users/bobhopp/DJ MEDIA/VIDEO/2020's/Jelly Roll - Son Of A Sinner.mp4
RVTR402536,Cat Stevens,Oh Very Young,1,no,yes,yes,yes,yes,draft,/Users/bobhopp/DJ MEDIA/VIDEO/1970's/Cat Stevens - Oh Very Young.mp4
RVTR140312,Sam Cooke,Wonderful World,1,no,no,yes,yes,yes,,/Users/bobhopp/DJ MEDIA/VIDEO/1960's/Sam Cooke - Wonderful World.mp4
RVTR635298,SNAP!,Mary Had A Little Boy,1,no,yes,no,yes,no,,/Users/bobhopp/DJ MEDIA/VIDEO/1990's/SNAP! - Mary Had A Little Boy.mp4
RVTR511621,Elton John,Sixty Years On,1,no,no,no,yes,no,,/Users/bobhopp/DJ MEDIA/VIDEO/1970's/Elton John - Sixty Years On.mp4
RVTR495261,Babyface,When Can I See You,1,no,yes,yes,yes,yes,review,/Users/bobhopp/DJ MEDIA/VIDEO/1990's/Babyface - When Can I See You.mp4
RVTR309564,Jon Pardi,Dirt On My Boots,1,no,yes,yes,yes,yes,,/Users/bobhopp/DJ MEDIA/VIDEO/2010's/Jon Pardi - Dirt On My Boots.mp4
RVTR230398,General Public,Tenderness,1,no,yes,yes,yes,yes,,/Users/bobhopp/DJ MEDIA/VIDEO/1980's/General Public - Tenderness.mp4
RVTR445871,The Standells,Dirty Water,1,no,yes,yes,yes,yes,,/Users/bobhopp/DJ MEDIA/VIDEO/1960's/The Standells - Dirty Water.mp4
RVTR001650,Escape Club,Wild Wild West,1,no,no,yes,yes,no,,/Users/bobhopp/DJ MEDIA/VIDEO/1980's/Escape Club - Wild Wild West.mp4
RVTR313523,Mary J. Blige,I'm Goin' Down,1,no,yes,yes,yes,yes,,/Users/bobhopp/DJ MEDIA/VIDEO/1990's/Mary J. Blige - I'm Goin' Down.mp4
RVTR527331,The Highwaymen,Highwayman,1,no,no,no,yes,no,,/Users/bobhopp/DJ MEDIA/VIDEO/1980's/The Highwaymen - Highwayman.mp4
RVTR968223,No Doubt,Underneath It All,1,no,yes,yes,yes,yes,,/Users/bobhopp/DJ MEDIA/VIDEO/2000's/No Doubt - Underneath It All.mp4
RVTR167216,Counting Crows,Round Here,1,no,yes,no,yes,no,,/Users/bobhopp/DJ MEDIA/VIDEO/2000's/Counting Crows - Round Here.mp4
RVTR490040,Blondie,One Way Or Another,1,no,yes,yes,yes,yes,review,/Users/bobhopp/DJ MEDIA/VIDEO/1970's/Blondie - One Way Or Another.mp4
RVTR850533,Ray Charles,Understanding,1,no,no,yes,yes,yes,,/Users/bobhopp/DJ MEDIA/VIDEO/1960's/Ray Charles - Understanding.mp4
RVTR294104,Jeff Healey Band,Angel Eyes,1,no,yes,yes,yes,no,,/Users/bobhopp/DJ MEDIA/VIDEO/1980's/Jeff Healey Band - Angel Eyes.mp4
RVTR195744,Vanity Fare,Hitchin' a Ride,1,no,no,yes,yes,yes,,/Users/bobhopp/DJ MEDIA/VIDEO/1960's/Vanity Fare - Hitchin' a Ride.mp4
RVTR776093,Jessie J f./B.o.B.,Price Tag,1,no,no,no,yes,no,,/Users/bobhopp/DJ MEDIA/VIDEO/2010's/Jessie J f._B.o.B. - Price Tag.mp4
RVTR331726,Chicago,If You Leave Me Now,1,no,yes,yes,yes,yes,,/Users/bobhopp/DJ MEDIA/VIDEO/1970's/Chicago - If You Leave Me Now.mp4
RVTR720556,BoDeans,Ballad of Jenny Rae,1,no,no,no,yes,no,,/Users/bobhopp/DJ MEDIA/VIDEO/2020's/BoDeans - Ballad of Jenny Rae.mp4
RVTR781576,Kings Of Leon,Use Somebody,1,no,yes,yes,yes,yes,,/Users/bobhopp/DJ MEDIA/VIDEO/2000's/Kings Of Leon - Use Somebody.mp4
RVTR472044,Oingo Boingo,Weird Science,1,no,yes,yes,yes,yes,,/Users/bobhopp/DJ MEDIA/VIDEO/1980's/Oingo Boingo - Weird Science.mp4
RVTR169708,Alvin Lee & Co,Ride My Train,1,no,no,no,yes,yes,review,/Users/bobhopp/DJ MEDIA/VIDEO/1970's/Alvin Lee & Co - Ride My Train.mp4
RVTR780650,Janis Joplin,Ball and Chain,1,no,yes,no,yes,no,draft,/Users/bobhopp/DJ MEDIA/VIDEO/1960's/Janis Joplin - Ball and Chain.mp4
RVTR323222,Wanda Jackson,Mean Mean Man,1,no,no,no,yes,no,,/Users/bobhopp/DJ MEDIA/VIDEO/1960's/Wanda Jackson - Mean Mean Man.mp4
RVTR869930,The Cars,Just What I Needed,1,yes,yes,yes,yes,yes,review,/Users/bobhopp/DJ MEDIA/VIDEO/1970's/The Cars - Just What I Needed.mp4
RVTR578242,Bob Welch,Sentimental Lady,1,no,yes,yes,yes,yes,,/Users/bobhopp/DJ MEDIA/VIDEO/1970's/Bob Welch - Sentimental Lady.mp4
RVTR755440,Eagles,Take It To The Limit,1,no,yes,yes,yes,yes,draft,/Users/bobhopp/DJ MEDIA/VIDEO/1970's/Eagles - Take It To The Limit.mp4
RVTR512795,Bobby Brown,Humpin' Around,1,yes,no,yes,yes,yes,review,/Users/bobhopp/DJ MEDIA/VIDEO/1990's/Bobby Brown - Humpin' Around.mp4
RVTR838694,Stone Temple Pilots,Plush,1,no,yes,no,yes,no,,/Users/bobhopp/DJ MEDIA/VIDEO/1990's/Stone Temple Pilots - Plush.mp4
RVTR578638,Tori Amos,Raspberry Swirl,1,no,no,no,yes,no,,/Users/bobhopp/DJ MEDIA/VIDEO/1990's/Tori Amos - Raspberry Swirl.mp4
RVTR310667,Cascada,Everytime We Touch,1,no,yes,yes,yes,yes,,/Users/bobhopp/DJ MEDIA/VIDEO/2000's/Cascada - Everytime We Touch.mp4
RVTR210771,Pat Benatar,You Better Run,1,no,yes,yes,yes,yes,,/Users/bobhopp/DJ MEDIA/VIDEO/1980's/Pat Benatar - You Better Run.mp4
RVTR240450,Lionel Richie,Stuck on You,1,no,yes,yes,yes,yes,,/Users/bobhopp/DJ MEDIA/VIDEO/1980's/Lionel Richie - Stuck on You.mp4
RVTR176309,Santigold,Disparate Youth,1,no,no,no,yes,no,,/Users/bobhopp/DJ MEDIA/VIDEO/2010's/Santigold - Disparate Youth.mp4
RVTR100769,Little Big Town,Girl Crush,1,no,yes,yes,yes,yes,,/Users/bobhopp/DJ MEDIA/VIDEO/COUNTRY/FILL/Little Big Town - Girl Crush.MP4
RVTR077715,Destiny's Child,Nasty Girl,1,no,yes,no,yes,no,,/Users/bobhopp/DJ MEDIA/VIDEO/TECHNO/Destiny's Child - Nasty Girl.mp4
RVTR011596,Marvin Gaye,Sexual Healing,1,no,yes,yes,yes,yes,,/Users/bobhopp/DJ MEDIA/VIDEO/1980's/Marvin Gaye - Sexual Healing.mp4
RVTR648316,Arctic Monkeys,Brianstorm,1,no,no,no,yes,no,review,/Users/bobhopp/DJ MEDIA/VIDEO/2010's/Arctic Monkeys - Brianstorm.mp4
RVTR128181,Lynyrd Skynyrd,That Smell,1,no,no,no,yes,no,,/Users/bobhopp/DJ MEDIA/VIDEO/1970's/Lynyrd Skynyrd - That Smell.mp4
RVTR098377,Information Society,Think,1,no,no,yes,yes,yes,,/Users/bobhopp/DJ MEDIA/VIDEO/1990's/Information Society - Think.mp4
RVTR979650,Chuck Berry,Johnny B. Goode,1,no,yes,yes,yes,yes,,/Users/bobhopp/DJ MEDIA/VIDEO/1970's/Chuck Berry - Johnny B. Goode.mp4
RVTR923428,Kool Moe Dee,Wild Wild West,1,no,yes,no,yes,no,,/Users/bobhopp/DJ MEDIA/VIDEO/1980's/Kool Moe Dee - Wild Wild West.mp4
RVTR705261,Shania Twain,Party For Two,1,no,no,yes,yes,yes,,/Users/bobhopp/DJ MEDIA/VIDEO/2000's/Shania Twain - Party For Two.mp4
RVTR126301,Donovan,Sunshine Superman,1,no,yes,yes,yes,yes,,/Users/bobhopp/DJ MEDIA/VIDEO/1960's/Donovan - Sunshine Superman.mp4
RVTR342085,Van Halen,You Really Got Me,1,no,yes,yes,yes,yes,,/Users/bobhopp/DJ MEDIA/VIDEO/1970's/Van Halen - You Really Got Me.mp4
RVTR848345,The Eagles,Tequila Sunrise,1,no,yes,yes,yes,yes,,/Users/bobhopp/DJ MEDIA/VIDEO/1970's/The Eagles - Tequila Sunrise.mp4
RVTR051206,Stereo MC's,Elevate My Mind,1,no,no,yes,yes,yes,,/Users/bobhopp/DJ MEDIA/VIDEO/1990's/Stereo MC's - Elevate My Mind.mp4
RVTR242639,Jet,Look What You Have Done,1,no,no,no,yes,no,,/Users/bobhopp/DJ MEDIA/VIDEO/2000's/Jet - Look What You Have Done.mp4
RVTR289566,Hardy,Give Heaven Some Hell,1,no,no,yes,yes,yes,,/Users/bobhopp/DJ MEDIA/VIDEO/2020's/Hardy - Give Heaven Some Hell.mp4
RVTR731301,Sheila E,The Glamorous Life,1,no,no,yes,yes,yes,,/Users/bobhopp/DJ MEDIA/VIDEO/1980's/Sheila E - The Glamorous Life.mp4
RVTR121604,Willie Nelson,Just Breathe,1,no,no,no,yes,no,,/Users/bobhopp/DJ MEDIA/VIDEO/2010's/Willie Nelson - Just Breathe.mp4
RVTR641128,Steve Miller Band,Rockin Me,1,no,no,no,yes,no,,/Users/bobhopp/DJ MEDIA/VIDEO/1970's/Steve Miller Band - Rockin Me.mp4
RVTR965032,Mary Jane Girls,In My House,1,no,yes,yes,yes,yes,,/Users/bobhopp/DJ MEDIA/VIDEO/1980's/Mary Jane Girls - In My House.mp4
RVTR058920,Dan Hartman,Relight My Fire,1,no,no,no,yes,yes,,/Users/bobhopp/DJ MEDIA/VIDEO/1990's/Dan Hartman - Relight My Fire.mp4
RVTR142563,The Toadies,Possum Kingdom,1,no,no,no,yes,no,,/Users/bobhopp/DJ MEDIA/VIDEO/1990's/The Toadies - Possum Kingdom.mp4
RVTR580019,Patti Page,Tennessee Waltz,1,no,no,no,yes,no,,/Users/bobhopp/DJ MEDIA/VIDEO/1950's/Patti Page - Tennessee Waltz.mp4
RVTR443367,Elton John,High Flying Bird,1,no,yes,no,yes,yes,,/Users/bobhopp/DJ MEDIA/VIDEO/1970's/Elton John - High Flying Bird.mp4
RVTR259871,Glenn Frey,Smugglers Blues,1,no,yes,no,yes,no,,/Users/bobhopp/DJ MEDIA/VIDEO/1980's/Glenn Frey - Smugglers Blues.mp4
RVTR272057,The Cult,Sweet Soul Sister,1,no,yes,no,yes,no,,/Users/bobhopp/DJ MEDIA/VIDEO/1980's/The Cult - Sweet Soul Sister.mp4
RVTR942427,Steve Winwood,Roll With It,1,no,yes,yes,yes,yes,,/Users/bobhopp/DJ MEDIA/VIDEO/1980's/Steve Winwood - Roll With It.mp4
RVTR812568,C+C Music Factory,Here We Go,1,no,no,no,yes,no,,/Users/bobhopp/DJ MEDIA/VIDEO/1990's/C+C Music Factory - Here We Go.mp4
RVTR744809,ABBA,"I Do, I Do, I Do, I Do, I Do",1,no,no,yes,yes,yes,draft,"/Users/bobhopp/DJ MEDIA/VIDEO/1970's/ABBA - I Do, I Do, I Do, I Do, I Do.mp4"
RVTR560742,Michael Jackson,Say Say Say,1,no,no,no,yes,no,,/Users/bobhopp/DJ MEDIA/VIDEO/1980's/Michael Jackson - Say Say Say.mp4
RVTR789125,Pitbull feat. Lil Jon,Krazy,1,no,no,no,yes,no,,/Users/bobhopp/DJ MEDIA/VIDEO/2000's/Pitbull feat. Lil Jon - Krazy.mp4
RVTR294864,Burton Cummings,Stand Tall,1,no,yes,yes,yes,yes,,/Users/bobhopp/DJ MEDIA/VIDEO/1970's/Burton Cummings - Stand Tall.mp4
RVTR793456,MC Hammer,U Can't Touch This,1,no,no,no,yes,no,,/Users/bobhopp/DJ MEDIA/VIDEO/1990's/MC Hammer - U Can't Touch This.mp4
RVTR887711,ABBA,The Winner Takes It All,1,no,yes,yes,yes,yes,review,/Users/bobhopp/DJ MEDIA/VIDEO/1980's/ABBA - The Winner Takes It All.mp4
RVTR905102,Indigo Girls,Share The Moon,1,no,yes,no,yes,no,,/Users/bobhopp/DJ MEDIA/VIDEO/2010's/Indigo Girls - Share The Moon.MP4
RVTR444655,Benny Benassi,Satisfaction,1,no,no,no,yes,no,review,/Users/bobhopp/DJ MEDIA/VIDEO/2000's/Benny Benassi - Satisfaction.mp4
RVTR378030,The Jacksons,State of Shock,1,no,no,yes,yes,yes,,/Users/bobhopp/DJ MEDIA/VIDEO/1980's/The Jacksons - State of Shock.mp4
RVTR231744,Andy Grammer,"Honey, I'm Good",1,no,yes,yes,yes,yes,review,"/Users/bobhopp/DJ MEDIA/VIDEO/2010's/Andy Grammer - Honey, I'm Good.MP4"
RVTR003583,Bad Company,Can't Get Enough,1,no,yes,yes,yes,yes,review,/Users/bobhopp/DJ MEDIA/VIDEO/1970's/Bad Company - Can't Get Enough.mp4
RVTR660809,3rd Bass,Pop Goes The Weasel,1,no,no,yes,yes,yes,review,/Users/bobhopp/DJ MEDIA/VIDEO/1990's/3rd Bass - Pop Goes The Weasel.mp4
RVTR338129,Billy Paul,Me And Mrs. Jones,1,no,yes,yes,yes,yes,review,/Users/bobhopp/DJ MEDIA/VIDEO/1970's/Billy Paul - Me And Mrs. Jones.mp4
RVTR053914,Billy Joel,The Longest Time,1,no,yes,yes,yes,yes,review,/Users/bobhopp/DJ MEDIA/VIDEO/1980's/Billy Joel - The Longest Time.mp4
RVTR137984,Trooper,Raise A Little Hell,1,yes,yes,yes,yes,yes,review,/Users/bobhopp/DJ MEDIA/VIDEO/1970's/Trooper - Raise A Little Hell.mp4
RVTR450034,Monarchs,Come On and Move Me,1,no,no,no,yes,no,,/Users/bobhopp/DJ MEDIA/VIDEO/2010's/Monarchs - Come On and Move Me.mp4
RVTR189663,The Who,The Kids Are Alright,1,no,yes,no,yes,no,,/Users/bobhopp/DJ MEDIA/VIDEO/1960's/The Who - The Kids Are Alright.mp4
RVTR298067,Steppenwolf,Born To Be Wild,1,yes,yes,yes,yes,yes,cards_ready,/Users/bobhopp/DJ MEDIA/VIDEO/1960's/Steppenwolf - Born To Be Wild.mp4
RVTR074426,Laura Branigan,Self Control,1,no,yes,yes,yes,yes,,/Users/bobhopp/DJ MEDIA/VIDEO/1980's/Laura Branigan - Self Control.mp4
RVTR901538,Bad Company,Youngblood,1,no,no,no,yes,yes,review,/Users/bobhopp/DJ MEDIA/VIDEO/1970's/Bad Company - Youngblood.mp4d.mp4
RVTR950027,Paul Simon,Boy In The Bubble,1,no,no,no,yes,no,,/Users/bobhopp/DJ MEDIA/VIDEO/1980's/Paul Simon - Boy In The Bubble.mp4
RVTR336837,Tom Tom Club,You Sexy Thing,1,no,no,no,yes,no,,/Users/bobhopp/DJ MEDIA/VIDEO/1990's/Tom Tom Club - You Sexy Thing.mp4
RVTR157202,The Beatles,Please Please Me,1,no,no,yes,yes,yes,,/Users/bobhopp/DJ MEDIA/VIDEO/1960's/The Beatles - Please Please Me.mp4
RVTR838672,Carpenters,Top of the World,1,no,yes,yes,yes,yes,,/Users/bobhopp/DJ MEDIA/VIDEO/1970's/Carpenters - Top of the World.mp4
RVTR334122,Everly Brothers,Love Hurts,1,yes,no,no,yes,no,cards_ready,/Users/bobhopp/DJ MEDIA/VIDEO/1960's/Everly Brothers - Love Hurts.mp4
RVTR418079,Van Morrison,Days Like This,1,no,yes,no,yes,no,,/Users/bobhopp/DJ MEDIA/VIDEO/1990's/Van Morrison - Days Like This.mp4
RVTR296377,Onerepublic,Counting Stars,1,no,yes,yes,yes,yes,,/Users/bobhopp/DJ MEDIA/VIDEO/2010's/Onerepublic - Counting Stars.mp4
RVTR258161,Rod Stewart,Downtown Train,1,no,yes,yes,yes,yes,,/Users/bobhopp/DJ MEDIA/VIDEO/1990's/Rod Stewart - Downtown Train.mp4
RVTR656762,Billy Joel,Tell Her About It,1,no,yes,yes,yes,yes,review,/Users/bobhopp/DJ MEDIA/VIDEO/1980's/Billy Joel - Tell Her About It.mp4
RVTR278980,Motley Crue,Looks That Kill,1,no,yes,yes,yes,yes,,/Users/bobhopp/DJ MEDIA/VIDEO/1980's/Motley Crue - Looks That Kill.mp4
RVTR251681,The Beatles,"Ob-La-Di, Ob-La-Da",1,no,yes,yes,yes,yes,,"/Users/bobhopp/DJ MEDIA/VIDEO/1960's/The Beatles - Ob-La-Di, Ob-La-Da.mp4"
RVTR938927,Ray Price,For the Good Times,1,no,yes,yes,yes,yes,,/Users/bobhopp/DJ MEDIA/VIDEO/1970's/Ray Price - For the Good Times.mp4
RVTR760298,Kool & The Gang,Jungle Boogie,1,no,no,no,yes,no,,/Users/bobhopp/DJ MEDIA/VIDEO/1970's/Kool & The Gang - Jungle Boogie.mp4
RVTR644562,Le Tigre,Nanny Nanny Boo Boo,1,no,no,no,yes,no,,/Users/bobhopp/DJ MEDIA/VIDEO/2000's/Le Tigre - Nanny Nanny Boo Boo.mp4
RVTR615830,Twenty One Pilots,Saturday,1,no,no,no,yes,no,,/Users/bobhopp/DJ MEDIA/VIDEO/2020's/Twenty One Pilots - Saturday.mp4
RVTR645773,The Cure,Fascination Street,1,no,yes,yes,yes,yes,,/Users/bobhopp/DJ MEDIA/VIDEO/1980's/The Cure - Fascination Street.mp4
RVTR078455,Drake Ft Rihanna,Take Care,1,no,no,no,yes,no,,/Users/bobhopp/DJ MEDIA/VIDEO/2010's/Drake feat. Rihanna - Take Care.mp4
RVTR224302,Isaac Hayes,Theme From Shaft,1,no,yes,yes,yes,yes,,/Users/bobhopp/DJ MEDIA/VIDEO/1980's/Isaac Hayes - Theme From Shaft.mp4
RVTR572955,Little Ceasar,Chain Of Fools,1,no,no,no,yes,no,,/Users/bobhopp/DJ MEDIA/VIDEO/1990's/Little Ceasar - Chain Of Fools.mp4
RVTR641405,Lesley Gore,You Don't Own Me,1,no,yes,yes,yes,yes,,/Users/bobhopp/DJ MEDIA/VIDEO/1960's/Lesley Gore - You Don't Own Me.mp4
RVTR208544,Led Zeppelin,Immigrant Song,1,no,yes,yes,yes,yes,,/Users/bobhopp/DJ MEDIA/VIDEO/1970's/Led Zeppelin - Immigrant Song.mp4
RVTR792076,Janet Jackson,Rhythm Nation,1,no,yes,yes,yes,yes,,/Users/bobhopp/DJ MEDIA/VIDEO/1980's/Janet Jackson - Rhythm Nation.mp4
RVTR172390,Al Green,Take Me To The River,1,no,yes,no,yes,yes,review,/Users/bobhopp/DJ MEDIA/VIDEO/1970's/Al Green - Take Me To The River.mp4
RVTR068385,Ween,Push Th' Little Daisies,1,no,no,no,yes,no,,/Users/bobhopp/DJ MEDIA/VIDEO/1990's/Ween - Push Th' Little Daisies.mp4
RVTR378979,Dave Clark Five,Glad All Over,1,no,yes,yes,yes,yes,,/Users/bobhopp/DJ MEDIA/VIDEO/1960's/Dave Clark Five - Glad All Over.mp4
RVTR341813,Beyonce,Empire State Of Mind,1,no,no,no,yes,no,review,/Users/bobhopp/DJ MEDIA/VIDEO/2000's/Beyonce - Empire State Of Mind.mp4
RVTR098884,Rihanna,Don't Stop The Music,1,no,no,yes,yes,yes,,/Users/bobhopp/DJ MEDIA/VIDEO/2000's/Rihanna - Don't Stop The Music.mp4
RVTR487191,The Beatles,Can't Buy Me Love,1,no,yes,yes,yes,yes,,/Users/bobhopp/DJ MEDIA/VIDEO/1960's/The Beatles - Can't Buy Me Love.mp4
RVTR846092,Sammy Adams,All Night Longer,1,no,no,no,yes,no,,/Users/bobhopp/DJ MEDIA/VIDEO/2010's/Sammy Adams - All Night Longer.mp4
RVTR314968,Tracy Byrd,Watermelon Crawl,1,no,yes,yes,yes,yes,,/Users/bobhopp/DJ MEDIA/VIDEO/1990's/Tracy Byrd - Watermelon Crawl.mp4
RVTR319953,The Beatles,A Hard Days Night,1,no,no,no,yes,no,,/Users/bobhopp/DJ MEDIA/VIDEO/1960's/The Beatles - A Hard Days Night.mp4
RVTR011523,Dr. Dre,Nuthin' But A 'G' Thang,1,no,no,no,yes,no,,/Users/bobhopp/DJ MEDIA/VIDEO/1990's/Dr. Dre - Nuthin' But A 'G' Thang.mp4
RVTR108736,Audioslave,Doesn't Remind Me,1,no,no,yes,yes,yes,review,/Users/bobhopp/DJ MEDIA/VIDEO/2000's/Audioslave - Doesn't Remind Me.mp4
RVTR219703,Billy Idol,Flesh For Fantasy,1,no,yes,yes,yes,yes,review,/Users/bobhopp/DJ MEDIA/VIDEO/1980's/Billy Idol - Flesh For Fantasy.mp4
RVTR550428,Rise Against,Swing Life Away,1,no,no,no,yes,no,,/Users/bobhopp/DJ MEDIA/VIDEO/2000's/Rise Against - Swing Life Away.mp4
RVTR056198,The Dead South,Broken Cowboy,1,no,no,no,yes,no,,/Users/bobhopp/DJ MEDIA/VIDEO/2010's/The Dead South - Broken Cowboy.mp4
RVTR978192,Brantley Gilbert,Bottoms Up,1,no,yes,yes,yes,yes,,/Users/bobhopp/DJ MEDIA/VIDEO/2010's/Brantley Gilbert - Bottoms Up.mp4
RVTR229077,Ed Sheeran,Thinking Out Loud,1,no,yes,yes,yes,yes,,/Users/bobhopp/DJ MEDIA/VIDEO/2010's/Ed Sheeran - Thinking Out Loud.mp4
RVTR602929,The Guess Who,American Woman,1,no,no,yes,yes,yes,,/Users/bobhopp/DJ MEDIA/VIDEO/1970's/The Guess Who - American Woman.mp4
RVTR456496,Ozzy Osbourne,No More Tears,1,no,yes,yes,yes,yes,,/Users/bobhopp/DJ MEDIA/VIDEO/1990's/Ozzy Osbourne - No More Tears.mp4
RVTR797817,Depeche Mode,Leave In Silence,1,no,yes,no,yes,no,,/Users/bobhopp/DJ MEDIA/VIDEO/1980's/Depeche Mode - Leave In Silence.mp4
RVTR692653,The Rolling Stones,Lady Jane,1,no,yes,yes,yes,yes,,/Users/bobhopp/DJ MEDIA/VIDEO/1960's/The Rolling Stones - Lady Jane.mp4
RVTR397933,Cheryl Barnes,Easy To Be Hard,1,no,no,no,yes,no,,/Users/bobhopp/DJ MEDIA/VIDEO/1970's/Cheryl Barnes - Easy To Be Hard.mp4
RVTR970101,Robert Palmer,Pressure Drop,1,no,yes,no,yes,no,draft,/Users/bobhopp/DJ MEDIA/VIDEO/1970's/Robert Palmer - Pressure Drop.mp4
RVTR627767,Mac Arthur Park,Donna Summer,1,no,no,no,yes,no,,/Users/bobhopp/DJ MEDIA/VIDEO/1970's/Mac Arthur Park - Donna Summer.mp4
RVTR008942,Verve,Bittersweet Symphony,1,no,no,no,yes,no,,/Users/bobhopp/DJ MEDIA/VIDEO/1990's/Verve - Bittersweet Symphony.mp4
RVTR685128,Bob Seger,Ramblin Gamblin Man,1,no,no,no,yes,no,,/Users/bobhopp/DJ MEDIA/VIDEO/1960's/Bob Seger - Ramblin Gamblin Man.mp4
RVTR484080,Rolling Stones,Not Fade Away,1,no,yes,yes,yes,no,,/Users/bobhopp/DJ MEDIA/VIDEO/1960's/Rolling Stones - Not Fade Away.mp4
RVTR914888,Etta James,I'd Rather Be Blind,1,no,no,no,yes,no,,/Users/bobhopp/DJ MEDIA/VIDEO/1960's/Etta James - I'd Rather Be Blind.mp4
RVTR377049,Bonnie Tyler,It's A Heartache,1,no,no,yes,yes,yes,,/Users/bobhopp/DJ MEDIA/VIDEO/1970's/Bonnie Tyler - It's A Heartache.mp4
RVTR457622,Genesis,Throwing It All Away,1,no,no,yes,yes,yes,,/Users/bobhopp/DJ MEDIA/VIDEO/1980's/Genesis - Throwing It All Away.mp4
RVTR276071,Fanny,Last Night I Had A Dream,1,no,no,no,yes,yes,,/Users/bobhopp/DJ MEDIA/VIDEO/1970's/Fanny - Last Night I Had A Dream.mp4
RVTR798789,Dwight Yoakam,Honky Tonk Man,1,no,yes,no,yes,no,,/Users/bobhopp/DJ MEDIA/VIDEO/1980's/Dwight Yoakam - Honky Tonk Man.mp4
RVTR036453,Jason Aldean,You Make It Easy,1,no,yes,yes,yes,yes,,/Users/bobhopp/DJ MEDIA/VIDEO/2010's/Jason Aldean - You Make It Easy.mp4
RVTR784161,The Kinks,State of Confusion,1,no,yes,no,yes,yes,,/Users/bobhopp/DJ MEDIA/VIDEO/1980's/The Kinks - State of Confusion.mp4
RVTR063960,Rod Stewart,You Wear It Well,1,no,yes,yes,yes,yes,draft,/Users/bobhopp/DJ MEDIA/VIDEO/1970's/Rod Stewart - You Wear It Well.mp4
RVTR170852,Paul Young,Come Back And Stay,1,no,yes,yes,yes,no,,/Users/bobhopp/DJ MEDIA/VIDEO/1980's/Paul Young - Come Back And Stay.mp4
RVTR857646,Edelweiss,Bring Me Edelweiss,1,no,no,no,yes,no,,/Users/bobhopp/DJ MEDIA/VIDEO/1980's/Edelweiss - Bring Me Edelweiss.mp4
RVTR364700,Oingo Boingo,Dead Man's Party,1,no,no,no,yes,no,,/Users/bobhopp/DJ MEDIA/VIDEO/1980's/Oingo Boingo - Dead Man's Party.mp4
RVTR171299,Blake Shelton,Nobody But You,1,no,no,no,yes,no,review,/Users/bobhopp/DJ MEDIA/VIDEO/COUNTRY/FILL/Blake Shelton - Nobody But You.mp4
RVTR520100,Grass Roots,Temptation Eyes,1,no,yes,yes,yes,no,,/Users/bobhopp/DJ MEDIA/VIDEO/1960's/Grass Roots - Temptation Eyes.mp4
RVTR591260,Ready For The World,Oh Sheila,1,no,yes,yes,yes,yes,,/Users/bobhopp/DJ MEDIA/VIDEO/1980's/Ready For The World - Oh Sheila.mp4
RVTR041069,Kid Rock,Feel Like Makin' Love,1,no,no,no,yes,no,,/Users/bobhopp/DJ MEDIA/VIDEO/2000's/Kid Rock - Feel Like Makin' Love.mp4
RVTR366672,The Cult,She Sells Sanctuary,1,no,yes,no,yes,no,,/Users/bobhopp/DJ MEDIA/VIDEO/1980's/The Cult - She Sells Sanctuary.mp4
RVTR644592,Jim Croce,"Bad, Bad Leroy Brown",1,no,no,yes,yes,yes,,"/Users/bobhopp/DJ MEDIA/VIDEO/1970's/Jim Croce - Bad, Bad Leroy Brown.mp4"
RVTR894930,Leo Sayer,The Show Must Go On,1,no,no,no,yes,no,,/Users/bobhopp/DJ MEDIA/VIDEO/1970's/Leo Sayer - The Show Must Go On.mp4
RVTR781169,A Tribe Called Quest,Scenario,1,no,yes,yes,yes,yes,review,/Users/bobhopp/DJ MEDIA/VIDEO/1990's/A Tribe Called Quest - Scenario.mp4
RVTR286330,Khruangbin,Tiny Desk Concert,1,no,no,no,yes,no,,/Users/bobhopp/DJ MEDIA/VIDEO/2020's/Khruangbin - Tiny Desk Concert.mp4
RVTR112999,The Beatles,Yellow Submarine,1,no,yes,yes,yes,yes,,/Users/bobhopp/DJ MEDIA/VIDEO/1960's/The Beatles - Yellow Submarine.mp4
RVTR398624,Genesis,Follow You Follow Me,1,no,no,yes,yes,yes,,/Users/bobhopp/DJ MEDIA/VIDEO/1970's/Genesis - Follow You Follow Me.mp4
RVTR946280,Hunter Root,Town Rat Heathen,1,no,no,no,yes,no,,/Users/bobhopp/DJ MEDIA/VIDEO/2020's/Hunter Root - Town Rat Heathen.mp4
RVTR928999,The White Stripes,Icky Thump,1,no,yes,yes,yes,yes,,/Users/bobhopp/DJ MEDIA/VIDEO/2000's/The White Stripes - Icky Thump.mp4
RVTR637823,Rusted Root,Send Me On My Way,1,yes,yes,yes,yes,no,review,/Users/bobhopp/DJ MEDIA/VIDEO/1990's/Rusted Root - Send Me On My Way.mp4
RVTR373285,Young Money f./Lloyd,Bedrock,1,no,no,no,yes,no,,/Users/bobhopp/DJ MEDIA/VIDEO/2010's/Young Money f._Lloyd - Bedrock.mp4
RVTR152256,Van Morrison,Into The Mystic,1,no,yes,no,yes,no,,/Users/bobhopp/DJ MEDIA/VIDEO/1970's/Van Morrison - Into The Mystic.mp4
RVTR013813,Don Henley,The Boys Of Summer,1,no,yes,yes,yes,yes,,/Users/bobhopp/DJ MEDIA/VIDEO/1980's/Don Henley - The Boys Of Summer.mp4
RVTR481227,Lenny Kravitz,American Woman,1,no,yes,yes,yes,yes,,/Users/bobhopp/DJ MEDIA/VIDEO/1990's/Lenny Kravitz - American Woman.mp4
RVTR145027,Lola Young,Wish You Were Dead,1,no,no,no,yes,yes,,/Users/bobhopp/DJ MEDIA/VIDEO/2000's/Lola Young - Wish You Were Dead.mp4
RVTR485442,Van Halen,Dance The Night Away,1,no,yes,yes,yes,yes,,/Users/bobhopp/DJ MEDIA/VIDEO/1970's/Van Halen - Dance The Night Away.mp4
RVTR860976,Judas Priest,Breaking The Law,1,no,yes,no,yes,no,,/Users/bobhopp/DJ MEDIA/VIDEO/1980's/Judas Priest - Breaking The Law.mp4
RVTR213328,Kylie Minogue,The Locomotion,1,no,no,no,yes,no,,/Users/bobhopp/DJ MEDIA/VIDEO/1980's/Kylie Minogue - The Locomotion.mp4
RVTR594397,Bee Gees,You Should Be Dancing,1,no,yes,yes,yes,yes,review,/Users/bobhopp/DJ MEDIA/VIDEO/1970's/Bee Gees - You Should Be Dancing.mp4
RVTR648161,Al Green,A Change Is Gonna Come,1,no,no,no,yes,no,review,/Users/bobhopp/DJ MEDIA/VIDEO/1960's/Al Green - A Change Is Gonna Come.mp4
RVTR567067,Rodney Atkins,Take A Back Road,1,no,yes,yes,yes,yes,,/Users/bobhopp/DJ MEDIA/VIDEO/COUNTRY/FILL/Rodney Atkins - Take A Back Road.mp4
RVTR831217,Wilbert Harrison,Kansas City,1,no,yes,yes,yes,yes,,/Users/bobhopp/DJ MEDIA/VIDEO/1950's/Wilbert Harrison - Kansas City.mp4
RVTR824898,Art Of Noise,Close To The Edit,1,no,no,no,yes,no,review,/Users/bobhopp/DJ MEDIA/VIDEO/1980's/Art Of Noise - Close To The Edit.mp4
RVTR955267,Carl Perkins,Blue Suede Shoes,1,no,no,no,yes,no,,/Users/bobhopp/DJ MEDIA/VIDEO/1950's/Carl Perkins - Blue Suede Shoes.mp4
RVTR004261,The Wonders,That Thing You Do,1,no,no,yes,yes,yes,,/Users/bobhopp/DJ MEDIA/VIDEO/1990's/The Wonders - That Thing You Do.mp4
RVTR526467,Echo & The Bunnymen,Seven Seas,1,no,no,no,yes,no,,/Users/bobhopp/DJ MEDIA/VIDEO/1980's/Echo & The Bunnymen - Seven Seas.mp4
RVTR875927,Duncan Sheik,Barely Breathing,1,no,yes,yes,yes,yes,,/Users/bobhopp/DJ MEDIA/VIDEO/1990's/Duncan Sheik - Barely Breathing.mp4
RVTR052618,Christina Perri,Jar Of Hearts,1,no,yes,yes,yes,yes,,/Users/bobhopp/DJ MEDIA/VIDEO/2010's/Christina Perri - Jar Of Hearts.mp4
RVTR403823,Bruce Springsteen,Glory Days,1,no,yes,yes,yes,yes,,/Users/bobhopp/DJ MEDIA/VIDEO/1980's/Bruce Springsteen - Glory Days.mp4
RVTR594894,Tom Cochrane,Life Is A Highway,1,no,yes,yes,yes,yes,,/Users/bobhopp/DJ MEDIA/VIDEO/1990's/Tom Cochrane - Life Is A Highway.mp4
RVTR909574,Avril Lavigne,My Happy Ending,1,no,yes,yes,yes,yes,review,/Users/bobhopp/DJ MEDIA/VIDEO/2000's/Avril Lavigne - My Happy Ending.mp4
RVTR167215,Mariah Carey,Always Be My Baby,1,no,no,yes,yes,yes,,/Users/bobhopp/DJ MEDIA/VIDEO/1990's/Mariah Carey - Always Be My Baby.mp4
RVTR073317,The Carpenters,Ticket To Ride,1,no,yes,yes,yes,no,,/Users/bobhopp/DJ MEDIA/VIDEO/1960's/The Carpenters - Ticket To Ride.mp4
RVTR098634,Michael Jackson,Rock With You,1,no,yes,yes,yes,yes,,/Users/bobhopp/DJ MEDIA/VIDEO/1970's/Michael Jackson - Rock With You.mp4
RVTR100747,Tracey Ullman,They Don't Know,1,no,yes,yes,yes,yes,,/Users/bobhopp/DJ MEDIA/VIDEO/1980's/Tracey Ullman - They Don't Know.mp4
RVTR432519,Sister Act 2,Ball of Confusion,1,no,no,no,yes,no,,/Users/bobhopp/DJ MEDIA/VIDEO/1990's/Sister Act 2 - Ball of Confusion.mp4
RVTR510320,Aerosmith,Love In An Elevator,1,no,yes,yes,yes,yes,review,/Users/bobhopp/DJ MEDIA/VIDEO/1980's/Aerosmith - Love In An Elevator.mp4
RVTR833206,Stroke 9,Little Black Backpack,1,no,no,no,yes,no,,/Users/bobhopp/DJ MEDIA/VIDEO/1990's/Stroke 9 - Little Black Backpack.mp4
RVTR259583,Supertramp,Bloody Well Right,1,yes,yes,yes,yes,yes,cards_ready,/Users/bobhopp/DJ MEDIA/VIDEO/1970's/Supertramp - Bloody Well Right.mp4
RVTR737532,Thin Lizzy,Whiskey In The Jar,1,no,no,no,yes,no,,/Users/bobhopp/DJ MEDIA/VIDEO/1970's/Thin Lizzy - Whiskey In The Jar.mp4
RVTR674106,English Beat,Save It For Later,1,no,no,no,yes,no,,/Users/bobhopp/DJ MEDIA/VIDEO/1980's/English Beat - Save It For Later.mp4
RVTR908038,Robert Palmer,Johnny and Mary,1,no,no,no,yes,no,,/Users/bobhopp/DJ MEDIA/VIDEO/1980's/Robert Palmer - Johnny and Mary.mp4
RVTR588175,2 Unlimited,Get Ready For This,1,no,yes,yes,yes,yes,review,/Users/bobhopp/DJ MEDIA/VIDEO/1990's/2 Unlimited - Get Ready For This.mp4
RVTR252293,The Beatles,Here Comes The Sun,1,no,yes,no,yes,no,,/Users/bobhopp/DJ MEDIA/VIDEO/1960's/The Beatles - Here Comes The Sun.mp4
RVTR386168,Led Zeppelin,Whole Lotta Love,1,no,yes,yes,yes,yes,,/Users/bobhopp/DJ MEDIA/VIDEO/1960's/Led Zeppelin - Whole Lotta Love.mp4
RVTR049101,Eddie Money,Give Me Some Water,1,no,no,no,yes,no,,/Users/bobhopp/DJ MEDIA/VIDEO/1980's/Eddie Money - Give Me Some Water.mp4
RVTR366492,Jackson 5,Going Back to Indiana,1,no,no,no,yes,no,,/Users/bobhopp/DJ MEDIA/VIDEO/1970's/Jackson 5 - Going Back to Indiana.mp4
RVTR330328,Patrice Rushen,Forget Me Nots,1,no,yes,yes,yes,yes,,/Users/bobhopp/DJ MEDIA/VIDEO/1980's/Patrice Rushen - Forget Me Nots.mp4
RVTR629168,Depeche Mode,Enjoy The Silence,1,no,yes,yes,yes,yes,,/Users/bobhopp/DJ MEDIA/VIDEO/1990's/Depeche Mode - Enjoy The Silence.mp4
RVTR204213,Billy Joel,The River of Dreams,1,no,yes,yes,yes,yes,review,/Users/bobhopp/DJ MEDIA/VIDEO/1990's/Billy Joel - The River of Dreams.mp4
RVTR639307,Frank Sinatra,Come Fly With Me,1,no,yes,no,yes,no,,/Users/bobhopp/DJ MEDIA/VIDEO/1950's/Frank Sinatra - Come Fly With Me.mp4
RVTR059874,Paul Simon,Late in the Evening,1,no,yes,yes,yes,yes,,/Users/bobhopp/DJ MEDIA/VIDEO/1980's/Paul Simon - Late in the Evening.mp4
RVTR328447,Lulu,Loves Loves To Love Love,1,yes,no,no,yes,yes,review,/Users/bobhopp/DJ MEDIA/VIDEO/1960's/Lulu - Loves Loves To Love Love.mp4
RVTR096359,Little River Band,Reminiscing,1,no,yes,yes,yes,yes,,/Users/bobhopp/DJ MEDIA/VIDEO/1970's/Little River Band - Reminiscing.mp4
RVTR194481,Nirvana,You Know You're Right,1,no,no,yes,yes,yes,,/Users/bobhopp/DJ MEDIA/VIDEO/2000's/Nirvana - You Know You're Right.mp4
RVTR791397,Manowar,Return Of The Warlord,1,no,no,no,yes,no,,/Users/bobhopp/DJ MEDIA/VIDEO/1990's/Manowar - Return Of The Warlord.mp4
RVTR936563,Disco Tex and His Sex O Lettes,Get Dancin' ,1,no,no,no,yes,yes,,/Users/bobhopp/DJ MEDIA/VIDEO/1970's/Disco Tex and his sex o lettes - Get Dancin' 1974 Top of the pops live recording and remastered.mp4
RVTR614024,Bobby Brown,Every Little Step,1,no,yes,yes,yes,yes,,/Users/bobhopp/DJ MEDIA/VIDEO/1980's/Bobby Brown - Every Little Step.mp4
RVTR607320,Chuck Berry,You Never Can Tell,1,no,yes,yes,yes,yes,,/Users/bobhopp/DJ MEDIA/VIDEO/1960's/Chuck Berry - You Never Can Tell.mp4
RVTR673468,Folsum Prison Blues,Roy Clark,1,no,no,no,yes,no,,/Users/bobhopp/DJ MEDIA/VIDEO/1960's/Folsum Prison Blues - Roy Clark.mp4
RVTR374610,Elle King,America's Sweetheart,1,no,no,no,yes,no,,/Users/bobhopp/DJ MEDIA/VIDEO/COUNTRY/FILL/Elle King - America's Sweetheart.mp4
RVTR116476,Bonnie Raitt,Thing Called Love,1,no,yes,no,yes,no,,/Users/bobhopp/DJ MEDIA/VIDEO/1980's/Bonnie Raitt - Thing Called Love.mp4
RVTR877892,Paula Abdul,Opposites Attract,1,no,yes,yes,yes,yes,,/Users/bobhopp/DJ MEDIA/VIDEO/1980's/Paula Abdul - Opposites Attract.mp4
RVTR738388,Deep Purple,Smoke On The Water,1,no,yes,yes,yes,yes,,/Users/bobhopp/DJ MEDIA/VIDEO/1970's/Deep Purple - Smoke On The Water.mp4
RVTR992629,Buster Poindexter,Hot Hot Hot,1,no,yes,yes,yes,yes,,/Users/bobhopp/DJ MEDIA/VIDEO/1980's/Buster Poindexter - Hot Hot Hot.mp4
RVTR300085,Judas Priest,Take on the World,1,no,yes,no,yes,yes,,/Users/bobhopp/DJ MEDIA/VIDEO/1970's/Judas Priest - Take on the World.mp4
RVTR906006,Rod Stewart,You're In My Heart,1,no,yes,yes,yes,yes,,/Users/bobhopp/DJ MEDIA/VIDEO/1980's/Rod Stewart - You're In My Heart.mp4
RVTR717216,Alien Ant Farm,Smooth Criminal,1,no,no,yes,yes,yes,review,/Users/bobhopp/DJ MEDIA/VIDEO/2000's/Alien Ant Farm - Smooth Criminal.mp4
RVTR029697,King Curtis,Memphis Soul Stew,1,no,yes,yes,yes,yes,,/Users/bobhopp/DJ MEDIA/VIDEO/1960's/King Curtis - Memphis Soul Stew.mp4
RVTR484175,Spice Girls,Spice Up Your Life,1,no,yes,yes,yes,yes,,/Users/bobhopp/DJ MEDIA/VIDEO/1990's/Spice Girls - Spice Up Your Life.mp4
RVTR014837,Natasha Bedingfield,Unwritten,1,no,yes,yes,yes,yes,,/Users/bobhopp/DJ MEDIA/VIDEO/2000's/Natasha Bedingfield - Unwritten.mp4
RVTR704670,Morgan Wallen,Whiskey Glasses,1,no,yes,yes,yes,yes,,/Users/bobhopp/DJ MEDIA/VIDEO/2010's/Morgan Wallen - Whiskey Glasses.mp4
RVTR378952,Count Five,Psychotic Reaction,1,no,yes,yes,yes,yes,,/Users/bobhopp/DJ MEDIA/VIDEO/1960's/Count Five - Psychotic Reaction.mp4
RVTR186739,Howard Jones,Everlasting Love,1,no,yes,yes,yes,yes,,/Users/bobhopp/DJ MEDIA/VIDEO/1980's/Howard Jones - Everlasting Love.mp4
RVTR383997,Goo Goo Dolls,Give A Little Bit,1,no,yes,yes,yes,yes,,/Users/bobhopp/DJ MEDIA/VIDEO/2000's/Goo Goo Dolls - Give A Little Bit.mp4
RVTR362881,D/troit,Roll With The Punches,1,no,no,no,yes,no,,/Users/bobhopp/DJ MEDIA/VIDEO/2010's/D_troit - Roll With The Punches.mp4
RVTR027629,Eric Clapton,Bell Bottom Blues,1,no,yes,yes,yes,yes,,/Users/bobhopp/DJ MEDIA/VIDEO/1970's/Eric Clapton - Bell Bottom Blues.mp4
RVTR127059,Kiesza,Hideaway,1,no,yes,yes,yes,yes,,/Users/bobhopp/DJ MEDIA/VIDEO/2010's/Kiesza - Hideaway [Music Video].mp4
RVTR118043,Suzanne Vega,Blood Makes Noise,1,no,yes,no,yes,no,,/Users/bobhopp/DJ MEDIA/VIDEO/1990's/Suzanne Vega - Blood Makes Noise.mp4
RVTR794172,Dixie Chicks,Travelin' Soldier,1,no,no,yes,yes,yes,,/Users/bobhopp/DJ MEDIA/VIDEO/COUNTRY/FILL/Dixie Chicks - Travelin' Soldier.mp4
RVTR868826,Melanie Safka,Beautiful People,1,no,no,no,yes,yes,,/Users/bobhopp/DJ MEDIA/VIDEO/1970's/Melanie Safka - Beautiful People.mp4
RVTR921237,Head East,Never Been Any Reason,1,no,yes,yes,yes,yes,draft,/Users/bobhopp/DJ MEDIA/VIDEO/1970's/Head East - Never Been Any Reason.mp4
RVTR120230,Ween,Booze Me Up and Get Me High,1,no,no,no,yes,no,,/Users/bobhopp/DJ MEDIA/VIDEO/2000's/Ween - Booze Me Up and Get Me High.mp4
RVTR098984,Fitz And The Tantrums,Handclap,1,no,no,yes,yes,yes,,/Users/bobhopp/DJ MEDIA/VIDEO/2010's/Fitz And The Tantrums - Handclap.mp4
RVTR758678,Hot Chelle Rae,Tonight Tonight,1,no,yes,yes,yes,yes,,/Users/bobhopp/DJ MEDIA/VIDEO/2010's/Hot Chelle Rae - Tonight Tonight.mp4
RVTR766016,Jacksons,Blame It On The Boogie,1,no,yes,yes,yes,no,,/Users/bobhopp/DJ MEDIA/VIDEO/1980's/Jacksons - Blame It On The Boogie.mp4
RVTR331887,Was (Not Was),Walk The Dinosaur,1,no,no,no,yes,no,,/Users/bobhopp/DJ MEDIA/VIDEO/1980's/Was (Not Was) - Walk The Dinosaur.mp4
RVTR129754,Sugarland,Down In Mississippi,1,no,no,no,yes,no,,/Users/bobhopp/DJ MEDIA/VIDEO/2000's/Sugarland - Down In Mississippi.mp4
RVTR759536,The Beach Boys,Don't Worry Baby,1,no,yes,yes,yes,yes,review,/Users/bobhopp/DJ MEDIA/VIDEO/1960's/The Beach Boys - Don't Worry Baby.mp4
RVTR219185,Jackson Browne,Somebody's Baby,1,no,yes,yes,yes,yes,,/Users/bobhopp/DJ MEDIA/VIDEO/1980's/Jackson Browne - Somebody's Baby.mp4
RVTR025242,Power Station,Some Like It Hot,1,no,yes,yes,yes,no,,/Users/bobhopp/DJ MEDIA/VIDEO/1980's/Power Station - Some Like It Hot.mp4
RVTR243628,Eruption,I Can't Stand The Rain,1,no,yes,yes,yes,yes,,/Users/bobhopp/DJ MEDIA/VIDEO/1970's/Eruption - I Can't Stand The Rain.mp4
RVTR196584,Booker T & The MG's,Green Onions,1,no,no,no,yes,no,,/Users/bobhopp/DJ MEDIA/VIDEO/1960's/Booker T & The MG's - Green Onions.mp4
RVTR739744,Dr. Dre,Keep Their Heads Ringin',1,no,no,yes,yes,yes,,/Users/bobhopp/DJ MEDIA/VIDEO/1990's/Dr. Dre - Keep Their Heads Ringin'.mp4
RVTR101083,Van Morrison,Reminds Me Of You,1,no,yes,no,yes,no,,/Users/bobhopp/DJ MEDIA/VIDEO/1990's/Van Morrison - Reminds Me Of You.mp4
RVTR544244,The Rolling Stones,Fool To Cry,1,no,yes,yes,yes,yes,,/Users/bobhopp/DJ MEDIA/VIDEO/1970's/The Rolling Stones - Fool To Cry.mp4
RVTR815712,The Eagles,Life In The Fast Lane,1,no,yes,yes,yes,yes,,/Users/bobhopp/DJ MEDIA/VIDEO/1970's/The Eagles - Life In The Fast Lane.mp4
RVTR477828,Gene Pitney,Town Without Pity,1,no,yes,yes,yes,yes,,/Users/bobhopp/DJ MEDIA/VIDEO/1960's/Gene Pitney - Town Without Pity.mp4
RVTR439114,Barry Manilow,Bandstand Boogie,1,no,yes,no,yes,no,review,/Users/bobhopp/DJ MEDIA/VIDEO/1970's/Barry Manilow - Bandstand Boogie.mp4
RVTR813691,Chris Stapleton,Starting Over,1,no,no,yes,yes,yes,,/Users/bobhopp/DJ MEDIA/VIDEO/COUNTRY/FILL/Chris Stapleton - Starting Over.mp4
RVTR603360,Sam Cooke,Bring It On Home To Me,1,no,yes,yes,yes,yes,,/Users/bobhopp/DJ MEDIA/VIDEO/1960's/Sam Cooke - Bring It On Home To Me.mp4
RVTR599726,James Taylor,Your Smiling Face,1,no,yes,yes,yes,yes,,/Users/bobhopp/DJ MEDIA/VIDEO/2000's/James Taylor - Your Smiling Face.mp4
RVTR899147,Stevie Wonder,Isn't She Lovely,1,no,no,no,yes,no,,/Users/bobhopp/DJ MEDIA/VIDEO/1970's/Stevie Wonder - Isn't She Lovely.mp4
RVTR377810,Marshmello & Anne-Marie,Friends,1,no,no,no,yes,no,,/Users/bobhopp/DJ MEDIA/VIDEO/2010's/Marshmello & Anne-Marie - Friends.mp4
RVTR954825,The Police,"De Do Do Do, De Da Da Da",1,no,yes,yes,yes,yes,,"/Users/bobhopp/DJ MEDIA/VIDEO/1980's/The Police - De Do Do Do, De Da Da Da.mp4"
RVTR231520,Led Zepplin,Stairway To Heaven,1,no,no,no,yes,no,,/Users/bobhopp/DJ MEDIA/VIDEO/1970's/Led Zepplin - Stairway To Heaven.mp4
RVTR540480,Joss Stone,I Put A Spell On You,1,no,no,no,yes,no,,/Users/bobhopp/DJ MEDIA/VIDEO/2000's/Joss Stone - I Put A Spell On You.mp4
RVTR187765,Metallica,Nothing Else Matters,1,no,yes,yes,yes,yes,,/Users/bobhopp/DJ MEDIA/VIDEO/1990's/Metallica - Nothing Else Matters.mp4
RVTR452294,Modern Talking,Cheri Cheri Lady,1,no,no,no,yes,no,,/Users/bobhopp/DJ MEDIA/VIDEO/1980's/Cheri Cheri Lady - Modern Talking.mp4
RVTR808416,Mötley Crüe,Too Young to Fall in Love,1,no,no,no,yes,no,,/Users/bobhopp/DJ MEDIA/VIDEO/1980's/Mötley Crüe - Too Young to Fall in Love.mp4
RVTR357318,"Earth, Wind & Fire",Shinning Star,1,no,no,no,yes,no,draft,"/Users/bobhopp/DJ MEDIA/VIDEO/1970's/Earth, Wind & Fire - Shinning Star.mp4"
RVTR868639,Lynyrd Skynyrd,Free Bird,1,no,no,yes,yes,yes,draft,/Users/bobhopp/DJ MEDIA/VIDEO/1970's/Lynyrd Skynyrd - Free Bird (Live).mp4
RVTR422309,Toad The Wet Sprocket,Fall Down,1,no,yes,yes,yes,yes,,/Users/bobhopp/DJ MEDIA/VIDEO/1990's/Toad The Wet Sprocket - Fall Down.mp4
RVTR653956,The Rolling Stones,Brown Sugar,1,no,yes,yes,yes,yes,,/Users/bobhopp/DJ MEDIA/VIDEO/1970's/The Rolling Stones - Brown Sugar.mp4
RVTR955342,Replacements,Bastards Of Young,1,no,no,no,yes,no,,/Users/bobhopp/DJ MEDIA/VIDEO/1980's/Replacements - Bastards Of Young.mp4
RVTR947621,Michael Johnson,Bluer Than Blue,1,no,yes,yes,yes,yes,,/Users/bobhopp/DJ MEDIA/VIDEO/1970's/Michael Johnson - Bluer Than Blue.mp4
RVTR120369,Lana Del Rey,Season Of The Witch,1,no,no,no,yes,no,,/Users/bobhopp/DJ MEDIA/VIDEO/2010's/Lana Del Rey - Season Of The Witch.mp4
RVTR813088,Jon Stewart,Lost Her In The Sun,1,no,no,no,yes,no,,/Users/bobhopp/DJ MEDIA/VIDEO/1980's/Jon Stewart - Lost Her In The Sun.mp4
RVTR695932,The Doobie Brothers,China Grove,1,no,yes,yes,yes,yes,,/Users/bobhopp/DJ MEDIA/VIDEO/1970's/The Doobie Brothers - China Grove.mp4
RVTR656046,"Crosby, Stills & Nash",Woodstock,1,no,no,no,yes,no,,"/Users/bobhopp/DJ MEDIA/VIDEO/1970's/Crosby, Stills & Nash - Woodstock.mp4"
RVTR983001,Gavin Degraw,In Love With A Girl,1,no,yes,yes,yes,yes,,/Users/bobhopp/DJ MEDIA/VIDEO/2000's/Gavin Degraw - In Love With A Girl.MP4
RVTR209451,Aretha Franklin,Freeway Of Love,1,no,yes,yes,yes,yes,review,/Users/bobhopp/DJ MEDIA/VIDEO/1980's/Aretha Franklin - Freeway Of Love.mp4
RVTR935318,Tyler Childers,Whitehouse Road,1,no,no,no,yes,no,,/Users/bobhopp/DJ MEDIA/VIDEO/2010's/Tyler Childers - Whitehouse Road.mp4
RVTR220279,Jim Stafford,Spiders And Snakes,1,no,yes,no,yes,no,,/Users/bobhopp/DJ MEDIA/VIDEO/1970's/Jim Stafford - Spiders And Snakes.mp4
RVTR280568,Micah Ray,Still Think About You,1,no,no,no,yes,no,,/Users/bobhopp/DJ MEDIA/VIDEO/2020's/Micah Ray - Still Think About You.mp4
RVTR047340,Nina Simone,I Put A Spell On You,1,yes,yes,no,yes,no,cards_ready,/Users/bobhopp/DJ MEDIA/VIDEO/1960's/Nina Simone - I Put A Spell On You.mp4
RVTR716085,Neil Sedaka,Laughter In The Rain,1,no,yes,yes,yes,yes,draft,/Users/bobhopp/DJ MEDIA/VIDEO/1970's/Neil Sedaka - Laughter In The Rain.mp4
RVTR439631,Nina Simone,Take Me To The Water,1,no,no,no,yes,no,,/Users/bobhopp/DJ MEDIA/VIDEO/1970's/Nina Simone - Take Me To The Water.mp4
RVTR374544,Fergie Ft. Ludacris,Glamorous,1,no,no,no,yes,no,,/Users/bobhopp/DJ MEDIA/VIDEO/2000's/Fergie feat. Ludacris - Glamorous.mp4
RVTR203778,Willie Nelson,Always On My Mind,1,no,yes,yes,yes,yes,,/Users/bobhopp/DJ MEDIA/VIDEO/1980's/Willie Nelson - Always On My Mind.mp4
RVTR827738,Blind Faith,Concert In Hyde Park,1,no,no,no,yes,no,review,/Users/bobhopp/DJ MEDIA/VIDEO/1960's/Blind Faith - Concert In Hyde Park.mp4
RVTR674927,Shirley Ellis,The Nitty Gritty,1,no,no,yes,yes,yes,,/Users/bobhopp/DJ MEDIA/VIDEO/1960's/Shirley Ellis - The Nitty Gritty.mp4
RVTR548549,Jason Derulo,Don't Wanna Go Home,1,no,yes,yes,yes,yes,,/Users/bobhopp/DJ MEDIA/VIDEO/2010's/Jason Derulo - Don't Wanna Go Home.mp4
RVTR692917,David Cassidy,I Think I Love You,1,no,yes,no,yes,no,,/Users/bobhopp/DJ MEDIA/VIDEO/1970's/David Cassidy - I Think I Love You.mp4
RVTR139225,Red Hot Chili Peppers,By The Way,1,no,yes,yes,yes,yes,,/Users/bobhopp/DJ MEDIA/VIDEO/2010's/Red Hot Chili Peppers - By The Way.mp4
RVTR996255,Eric Carmen,Make Me Lose Control,1,no,yes,yes,yes,yes,,/Users/bobhopp/DJ MEDIA/VIDEO/1980's/Eric Carmen - Make Me Lose Control.mp4
RVTR662129,Sierra Ferrell,Don't Let Me Down,1,no,no,no,yes,yes,,/Users/bobhopp/DJ MEDIA/VIDEO/2020's/Sierra Ferrell - Don't Let Me Down.mp4
RVTR032251,Toad The Wet Sprocket,All I Want,1,no,yes,yes,yes,yes,,/Users/bobhopp/DJ MEDIA/VIDEO/1990's/Toad The Wet Sprocket - All I Want.mp4
RVTR080621,New Order,Bizarre Love Triangle,1,no,yes,yes,yes,yes,,/Users/bobhopp/DJ MEDIA/VIDEO/1990's/New Order - Bizarre Love Triangle.mp4
RVTR099034,Jefferson Airplane,White Rabbit,1,yes,yes,yes,yes,yes,review,/Users/bobhopp/DJ MEDIA/VIDEO/1960's/Jefferson Airplane - White Rabbit.mp4
RVTR122053,Elvis Presley,Always On My Mind,1,no,yes,no,yes,no,,/Users/bobhopp/DJ MEDIA/VIDEO/1970's/Elvis Presley - Always On My Mind.mp4
RVTR231695,The Rolling Stones,Dead Flowers,1,no,yes,no,yes,no,,/Users/bobhopp/DJ MEDIA/VIDEO/1970's/The Rolling Stones - Dead Flowers.mp4
RVTR337727,Aerosmith,Dude Looks Like A Lady,1,no,yes,yes,yes,yes,review,/Users/bobhopp/DJ MEDIA/VIDEO/1980's/Aerosmith - Dude Looks Like A Lady.mp4
RVTR838615,Three Dog Night,Joy To The World,1,no,yes,yes,yes,yes,,/Users/bobhopp/DJ MEDIA/VIDEO/1970's/Three Dog Night - Joy To The World.mp4
RVTR674680,Iron Butterfly,In A Gadda Da Vida,1,no,yes,yes,yes,no,,/Users/bobhopp/DJ MEDIA/VIDEO/1960's/Iron Butterfly - In A Gadda Da Vida.mp4
RVTR388737,Tina Turner,Let's Stay Together,1,no,yes,yes,yes,yes,,/Users/bobhopp/DJ MEDIA/VIDEO/1980's/Tina Turner - Let's Stay Together.mp4
RVTR743207,Merle Haggard,If I Could Fly Away,1,no,no,no,yes,no,,/Users/bobhopp/DJ MEDIA/VIDEO/COUNTRY/FILL/Merle Haggard - If I Could Fly Away.mp4
RVTR945240,Ronnie McDowell,The King Is Gone,1,no,no,yes,yes,yes,,/Users/bobhopp/DJ MEDIA/VIDEO/1970's/Ronnie McDowell - The King Is Gone.mp4
RVTR781335,Brian Hyland,The Joker Went Wild,1,no,yes,yes,yes,yes,,/Users/bobhopp/DJ MEDIA/VIDEO/1960's/Brian Hyland - The Joker Went Wild.mp4
RVTR652375,The Allman Brothers Band,Jessica,1,no,yes,yes,yes,yes,,/Users/bobhopp/DJ MEDIA/VIDEO/1970's/The Allman Brothers Band - Jessica.mp4
RVTR392721,Taylor Dayne,Tell It To My Heart,1,no,no,yes,yes,yes,,/Users/bobhopp/DJ MEDIA/VIDEO/1980's/Taylor Dayne - Tell It To My Heart.mp4
RVTR990870,Barbra Streisand,The Way We Were,1,no,yes,yes,yes,yes,review,/Users/bobhopp/DJ MEDIA/VIDEO/1970's/Barbra Streisand - The Way We Were.mp4
RVTR984404,Romantics,Talking In Your Sleep,1,no,yes,yes,yes,no,,/Users/bobhopp/DJ MEDIA/VIDEO/1980's/Romantics - Talking In Your Sleep.mp4
RVTR390469,Dan Hartman,I Can Dream About You,1,no,yes,yes,yes,yes,,/Users/bobhopp/DJ MEDIA/VIDEO/1980's/Dan Hartman - I Can Dream About You.mp4
RVTR141966,Dolly Parton,Here You Come Again,1,no,yes,yes,yes,yes,,/Users/bobhopp/DJ MEDIA/VIDEO/1970's/Dolly Parton - Here You Come Again.mp4
RVTR537388,Blessid Union Of Souls,I Believe,1,no,yes,yes,yes,yes,review,/Users/bobhopp/DJ MEDIA/VIDEO/1990's/Blessid Union Of Souls - I Believe.mp4
RVTR980407,Ike & Tina Turner,I Want To Take You higher,1,no,no,no,yes,no,,/Users/bobhopp/DJ MEDIA/VIDEO/1970's/Ike & Tina Turner - Take you higher.mp4
RVTR623440,Justin Timberlake,Cry Me A River,1,no,yes,yes,yes,yes,,/Users/bobhopp/DJ MEDIA/VIDEO/2000's/Justin Timberlake - Cry Me A River.mp4
RVTR716390,Silver Convention,Fly Robin Fly,1,no,yes,yes,yes,no,,/Users/bobhopp/DJ MEDIA/VIDEO/1970's/Silver Convention - Fly Robin Fly.mp4
RVTR420485,Queen,Another One Bites the Dust,1,no,yes,yes,yes,yes,,/Users/bobhopp/DJ MEDIA/VIDEO/1980's/Queen - Another One Bites the Dust.mp4
RVTR614238,Pretenders,Back On The Chain Gang,1,no,yes,yes,yes,yes,,/Users/bobhopp/DJ MEDIA/VIDEO/1980's/Pretenders - Back On The Chain Gang.mp4
RVTR623074,Jason Mraz & Colbie Caillat,Lucky,1,no,no,no,yes,no,,/Users/bobhopp/DJ MEDIA/VIDEO/2000's/Jason Mraz & Colbie Caillat - Lucky.MP4
RVTR108104,Grass Roots,Let's Live For Today,1,yes,yes,yes,yes,no,review,/Users/bobhopp/DJ MEDIA/VIDEO/1960's/Grass Roots - Let's Live For Today.mp4
RVTR329513,Jonathan King,Hooked On A Feeling,1,no,no,no,yes,no,,/Users/bobhopp/DJ MEDIA/VIDEO/1970's/Jonathan King - Hooked On A Feeling.mp4
RVTR169748,Santana,You Know That I Love You,1,no,yes,yes,yes,yes,,/Users/bobhopp/DJ MEDIA/VIDEO/1970's/Santana - You Know That I Love You.mp4
RVTR541275,Shania Twain,From This Moment On,1,no,yes,yes,yes,yes,,/Users/bobhopp/DJ MEDIA/VIDEO/1990's/Shania Twain - From This Moment On.mp4
RVTR603779,Arlo Guthrie,City of New Orleans,1,no,no,no,yes,no,review,/Users/bobhopp/DJ MEDIA/VIDEO/1970's/Arlo Guthrie - City of New Orleans.mp4
RVTR844891,Gary Glitter,Rock and Roll Part 2,1,no,no,yes,yes,yes,,/Users/bobhopp/DJ MEDIA/VIDEO/1970's/Gary Glitter - Rock and Roll Part 2.mp4
RVTR339509,Plain White T's,Hey There Delilah,1,no,no,yes,yes,yes,,/Users/bobhopp/DJ MEDIA/VIDEO/2000's/Plain White T's - Hey There Delilah.mp4
RVTR702772,Pat Benatar,Love Is A Battlefield,1,no,yes,yes,yes,yes,,/Users/bobhopp/DJ MEDIA/VIDEO/1980's/Pat Benatar - Love Is A Battlefield.mp4
RVTR151707,Boy Krazy,That's What Love Can Do,1,no,no,yes,yes,yes,,/Users/bobhopp/DJ MEDIA/VIDEO/1990's/Boy Krazy - That's What Love Can Do.mp4
RVTR423253,The Rolling Stones,The Last Time,1,yes,yes,yes,yes,yes,cards_ready,/Users/bobhopp/DJ MEDIA/VIDEO/1960's/The Rolling Stones - The Last Time.mp4
RVTR848978,Gary Glitter,Baby Please Don't Go,1,no,no,no,yes,no,,/Users/bobhopp/DJ MEDIA/VIDEO/1970's/Gary Glitter - Baby Please Don't Go.mp4
RVTR424995,Alanis Morissette,Head Over Feet,1,no,yes,no,yes,no,review,/Users/bobhopp/DJ MEDIA/VIDEO/TECHNO/Alanis Morissette - Head Over Feet.mp4
RVTR147585,Kenny Chesney,Dust on the Bottle,1,no,no,no,yes,no,,/Users/bobhopp/DJ MEDIA/VIDEO/COUNTRY/FILL/Kenny Chesney - Dust on the Bottle.mp4
RVTR121654,The Association,Along Comes Mary,1,no,yes,yes,yes,yes,,/Users/bobhopp/DJ MEDIA/VIDEO/1960's/The Association - Along Comes Mary.mp4
RVTR514672,Brigitte Roke,Battle Of Evermore,1,no,no,no,yes,no,,/Users/bobhopp/DJ MEDIA/VIDEO/2010's/Brigitte Roke - Battle Of Evermore.mp4
RVTR394649,Rihanna & Justin Timberlake,Rehab,1,no,no,no,yes,no,,/Users/bobhopp/DJ MEDIA/VIDEO/2000's/Rihanna & Justin Timberlake - Rehab.mp4
RVTR142503,REO Speedwagon,Take It On The Run,1,no,yes,yes,yes,yes,,/Users/bobhopp/DJ MEDIA/VIDEO/1980's/REO Speedwagon - Take It On The Run.mp4
RVTR554698,Waitresses,I Know What Boys Like,1,no,yes,yes,yes,no,,/Users/bobhopp/DJ MEDIA/VIDEO/1980's/Waitresses - I Know What Boys Like.mp4
RVTR931078,The Rolling Stones,Tumbling Dice,1,no,yes,yes,yes,yes,,/Users/bobhopp/DJ MEDIA/VIDEO/1970's/The Rolling Stones - Tumbling Dice.mp4
RVTR412664,Temptations,I Wish It Would Rain,1,no,yes,yes,yes,yes,,/Users/bobhopp/DJ MEDIA/VIDEO/1960's/Temptations - I Wish It Would Rain.mp4
RVTR525925,David Lee Roth,Just Like Paradise,1,no,yes,yes,yes,yes,,/Users/bobhopp/DJ MEDIA/VIDEO/1980's/David Lee Roth - Just Like Paradise.mp4
RVTR644835,The Animals,Bring It On Home To Me,1,yes,yes,yes,yes,yes,cards_ready,/Users/bobhopp/DJ MEDIA/VIDEO/1960's/The Animals - Bring It On Home To Me.mp4
RVTR692870,Ladysmith Black Mambazo,Homeless,1,no,no,no,yes,no,,/Users/bobhopp/DJ MEDIA/VIDEO/1980's/Ladysmith Black Mambazo - Homeless.mp4
RVTR815588,Iron Maiden,2 Minutes To Midnight,1,no,no,no,yes,no,,/Users/bobhopp/DJ MEDIA/VIDEO/1980's/Iron Maiden - 2 Minutes To Midnight.mp4
RVTR938450,Michael Jackson,Remember The Time,1,yes,yes,yes,yes,yes,review,/Users/bobhopp/DJ MEDIA/VIDEO/1990's/Michael Jackson - Remember The Time.mp4
RVTR145207,Chris Stapleton,Get That Boy Back,1,no,no,no,yes,no,,/Users/bobhopp/DJ MEDIA/VIDEO/1990's/Chris Stapleton - Get That Boy Back.mp4
RVTR933535,Eddie Rabbitt,I Love A Rainy Night,1,no,yes,yes,yes,yes,,/Users/bobhopp/DJ MEDIA/VIDEO/1980's/Eddie Rabbitt - I Love A Rainy Night.mp4
RVTR171060,The Record Company,Off The Ground,1,no,no,no,yes,no,,/Users/bobhopp/DJ MEDIA/VIDEO/2010's/The Record Company - Off The Ground.mp4
RVTR437155,Yvonne Elliman,If I Can't Have You,1,no,yes,yes,yes,yes,,/Users/bobhopp/DJ MEDIA/VIDEO/1980's/Yvonne Elliman - If I Can't Have You.mp4
RVTR131921,Justin Timberlake,Rock Your Body,1,no,yes,yes,yes,yes,,/Users/bobhopp/DJ MEDIA/VIDEO/2000's/Justin Timberlake - Rock Your Body.mp4
RVTR816797,The Animals,San Franciscan Nights,1,yes,yes,no,yes,no,review,/Users/bobhopp/DJ MEDIA/VIDEO/1960's/The Animals - San Franciscan Nights.mp4
RVTR496518,Britney Spears,Baby One More Time,1,no,yes,yes,yes,yes,,/Users/bobhopp/DJ MEDIA/VIDEO/1990's/Britney Spears - Baby One More Time.mp4
RVTR852621,Flogging Molly,Drunken Lullabies,1,no,no,no,yes,no,,/Users/bobhopp/DJ MEDIA/VIDEO/2000's/Flogging Molly - Drunken Lullabies.mp4
RVTR434004,Aerosmith,The Train Kept A Rollin,1,no,no,no,yes,no,review,/Users/bobhopp/DJ MEDIA/VIDEO/1970's/Aerosmith - The Train Kept A Rollin.mp4
RVTR278196,Luke Bryan,That's My Kind Of Night,1,no,no,yes,yes,yes,,/Users/bobhopp/DJ MEDIA/VIDEO/2010's/Luke Bryan - That's My Kind Of Night.mp4
RVTR654983,Van Morrison,Here Comes the Night,1,no,no,no,yes,no,,/Users/bobhopp/DJ MEDIA/VIDEO/1970's/Van Morrison - Here Comes the Night.mp4
RVTR957155,"Emerson, Lake & Palmer",Touch and Go,1,no,no,no,yes,no,,"/Users/bobhopp/DJ MEDIA/VIDEO/1970's/Emerson, Lake & Palmer - Touch and Go.mp4"
RVTR402592,Billy Ray Cyrus,Achy Breaky Heart,1,yes,yes,yes,yes,yes,review,/Users/bobhopp/DJ MEDIA/VIDEO/1990's/Billy Ray Cyrus - Achy Breaky Heart.mp4
RVTR445870,Don Henley,The Heart Of The Matter,1,no,yes,yes,yes,yes,,/Users/bobhopp/DJ MEDIA/VIDEO/1990's/Don Henley - The Heart Of The Matter.mp4
RVTR848459,James Brown,Get Up Offa That Thing,1,no,yes,yes,yes,yes,,/Users/bobhopp/DJ MEDIA/VIDEO/1970's/James Brown - Get Up Offa That Thing.mp4
RVTR081659,Rodney Dangerfield,Rappin' Rodney,1,no,yes,yes,yes,yes,,/Users/bobhopp/DJ MEDIA/VIDEO/1980's/Rodney Dangerfield - Rappin' Rodney.mp4
RVTR785881,Michael Jackson,I Shot The Sheriff,1,no,no,no,yes,no,,/Users/bobhopp/DJ MEDIA/VIDEO/1970's/Michael Jackson - I Shot The Sheriff.mp4
RVTR050348,Bobby Sherman,Julie Do You Love Me,1,no,no,no,yes,no,,/Users/bobhopp/DJ MEDIA/VIDEO/1970's/Bobby Sherman - Julie Do You Love Me.mp4
RVTR032663,Hank Williams III,Ghost to a Ghost,1,no,no,no,yes,no,,/Users/bobhopp/DJ MEDIA/VIDEO/2010's/Hank Williams III - Ghost to a Ghost.mp4
RVTR812093,Bob Dylan and Friends,My Back Pages,1,no,no,no,yes,no,,/Users/bobhopp/DJ MEDIA/VIDEO/1970's/Bob Dylan and Friends - My Back Pages.mp4
RVTR548768,The Red Clay Strays,Wondering Why,1,no,no,yes,yes,yes,,/Users/bobhopp/DJ MEDIA/VIDEO/2020's/The Red Clay Strays - Wondering Why.mp4
RVTR878957,The Psychedelic Furs,Dumb Waiters,1,no,no,no,yes,no,,/Users/bobhopp/DJ MEDIA/VIDEO/1980's/The Psychedelic Furs - Dumb Waiters.mp4
RVTR474524,Ultravox,Vienna,1,no,yes,no,yes,no,,/Users/bobhopp/DJ MEDIA/VIDEO/1980's/00.16.53.000-Ultravox - Vienna (London).mp4
RVTR734934,Billy Squire,Everybody Wants You,1,no,no,no,yes,no,review,/Users/bobhopp/DJ MEDIA/VIDEO/1980's/Billy Squire - Everybody Wants You.mp4
RVTR067840,Chicago,I've Been Searching So Long,1,no,no,no,yes,no,,/Users/bobhopp/DJ MEDIA/VIDEO/1970's/Chicago - I've Been Searching So Long.mp4
RVTR671156,Patrick Hernandez,Born To Be Alive,1,no,yes,yes,yes,yes,,/Users/bobhopp/DJ MEDIA/VIDEO/1970's/Patrick Hernandez - Born To Be Alive.mp4
RVTR043925,The Rolling Stones,Harlem Shuffle,1,no,no,yes,yes,yes,,/Users/bobhopp/DJ MEDIA/VIDEO/1980's/The Rolling Stones - Harlem Shuffle.mp4
RVTR723685,Little River Band,Man On Your Mind,1,no,yes,yes,yes,yes,,/Users/bobhopp/DJ MEDIA/VIDEO/1980's/Little River Band - Man On Your Mind.mp4
RVTR353302,The Mamas & The Papas,Monday Monday,1,no,no,no,yes,no,,/Users/bobhopp/DJ MEDIA/VIDEO/1960's/The Mamas & The Papas - Monday Monday.mp4
RVTR775837,Steve Miller Band,Fly Like An Eagle,1,no,no,no,yes,no,,/Users/bobhopp/DJ MEDIA/VIDEO/1970's/Steve Miller Band - Fly Like An Eagle.mp4
RVTR511457,The Specials,A Message To You Rudy,1,no,no,no,yes,yes,,/Users/bobhopp/DJ MEDIA/VIDEO/1970's/The Specials - A Message To You Rudy.mp4
RVTR328573,Plastic Bertrand,Ca Plane Pour Moi,1,no,no,yes,yes,yes,,/Users/bobhopp/DJ MEDIA/VIDEO/1970's/Plastic Bertrand - Ca Plane Pour Moi.mp4
RVTR876059,The Kinks,Tired of Waiting For You,1,yes,yes,yes,yes,yes,cards_ready,/Users/bobhopp/DJ MEDIA/VIDEO/1960's/The Kinks - Tired of Waiting For You.mp4
RVTR975806,The Babys,Everytime I Think Of You,1,no,no,no,yes,no,,/Users/bobhopp/DJ MEDIA/VIDEO/1970's/The Babys - Everytime I Think Of You.mp4
RVTR093374,Carl Carlton,She's A Bad Mamma Jamma,1,no,no,no,yes,no,,/Users/bobhopp/DJ MEDIA/VIDEO/1980's/Carl Carlton - She's A Bad Mamma Jamma.mp4
RVTR269012,Lene Lovich,I Think We re Alone Now,1,no,no,no,yes,no,,/Users/bobhopp/DJ MEDIA/VIDEO/1980's/Lene Lovich - I Think We re Alone Now.mp4
RVTR553685,New Radicals,You Get What You Give,1,no,yes,yes,yes,yes,,/Users/bobhopp/DJ MEDIA/VIDEO/1980's/New Radicals - You Get What You Give.mp4
RVTR445247,Rise Against,Prayer Of The Refugee,1,no,yes,no,yes,no,,/Users/bobhopp/DJ MEDIA/VIDEO/TECHNO/Rise Against - Prayer Of The Refugee.mp4
RVTR216883,Christina Aguilera & Redman,Dirrty,1,no,no,no,yes,no,,/Users/bobhopp/DJ MEDIA/VIDEO/2000's/Christina Aguilera & Redman - Dirrty.mp4
RVTR728981,Boomtown Rats,I Don't Like Mondays,1,no,no,yes,yes,no,,/Users/bobhopp/DJ MEDIA/VIDEO/1980's/Boomtown Rats - I Don't Like Mondays.mp4
RVTR865041,The Charlie Daniels Band,Simple Man,1,no,yes,no,yes,yes,,/Users/bobhopp/DJ MEDIA/VIDEO/1980's/The Charlie Daniels Band - Simple Man.mp4
RVTR337657,Parliment,Swing Low Sweet Chariot,1,no,no,no,yes,no,,/Users/bobhopp/DJ MEDIA/VIDEO/1970's/Parliment - Swing Low Sweet Chariot.mp4
RVTR831830,Destiny's Child,"Bills, Bills, Bills",1,no,yes,yes,yes,yes,,"/Users/bobhopp/DJ MEDIA/VIDEO/1990's/Destiny's Child - Bills, Bills, Bills.mp4"
RVTR911785,Taylor Swift,You Need To Calm Down,1,no,no,yes,yes,yes,,/Users/bobhopp/DJ MEDIA/VIDEO/2010's/Taylor Swift - You Need To Calm Down.mp4
RVTR918428,The Devil Makes Three,Aces and Twos,1,no,no,no,yes,no,,/Users/bobhopp/DJ MEDIA/VIDEO/2000's/The Devil Makes Three - Aces and Twos.mp4
RVTR866924,Procol Harum,A Whiter Shade Of Pale,1,yes,yes,yes,yes,yes,review,/Users/bobhopp/DJ MEDIA/VIDEO/1960's/Procol Harum - A Whiter Shade Of Pale.mp4
RVTR857872,Cliff Richard,We Don't Talk Anymore,1,no,no,yes,yes,yes,,/Users/bobhopp/DJ MEDIA/VIDEO/1980's/Cliff Richard - We Don't Talk Anymore.mp4
RVTR359263,Con Funk Shun,Got To Be Enough Funk,1,no,no,no,yes,no,,/Users/bobhopp/DJ MEDIA/VIDEO/1980's/Con Funk Shun - Got To Be Enough Funk.mp4
RVTR254809,Jefferson Airplane,Uncle Sam Blues,1,no,no,no,yes,no,,/Users/bobhopp/DJ MEDIA/VIDEO/1960's/Jefferson Airplane - Uncle Sam Blues.mp4
RVTR594327,Jimmy Somerville,To Love Somebody,1,no,no,no,yes,no,,/Users/bobhopp/DJ MEDIA/VIDEO/1990's/Jimmy Somerville - To Love Somebody.mp4
RVTR889146,Loretta Lynn,Coal Miner's Daughter,1,no,yes,yes,yes,yes,,/Users/bobhopp/DJ MEDIA/VIDEO/1970's/Loretta Lynn - Coal Miner's Daughter.mp4
RVTR467171,Yngwie J. Malmsteen,Heaven Tonight,1,no,no,no,yes,no,,/Users/bobhopp/DJ MEDIA/VIDEO/1980's/Yngwie J. Malmsteen - Heaven Tonight.mp4
RVTR085751,Robert Palmer,You Are In My System,1,no,yes,yes,yes,yes,,/Users/bobhopp/DJ MEDIA/VIDEO/1980's/Robert Palmer - You Are In My System.mp4
RVTR657275,Fleetwood Mac,In The Back of My Mind,1,no,yes,no,yes,no,,/Users/bobhopp/DJ MEDIA/VIDEO/1990's/Fleetwood Mac - In The Back of My Mind.mp4
RVTR297854,Van Morrison,Bring It On Home To Me,1,no,yes,no,yes,no,,/Users/bobhopp/DJ MEDIA/VIDEO/1960's/Van Morrison - Bring It On Home To Me.mp4
RVTR618464,Gretchen Wilson,Here For The Party,1,no,yes,yes,yes,yes,,/Users/bobhopp/DJ MEDIA/VIDEO/2000's/Gretchen Wilson - Here For The Party.mp4
RVTR791852,When Will I Be Loved,Linda Ronstadt,1,no,no,no,yes,no,,/Users/bobhopp/DJ MEDIA/VIDEO/1970's/When Will I Be Loved - Linda Ronstadt.mp4
RVTR303317,Snoop Dog,Last Dance with Mary Jane,1,no,no,no,yes,no,,/Users/bobhopp/DJ MEDIA/VIDEO/2020's/Snoop Dog - Last Dance with Mary Jane.mp4
RVTR281794,The Animals,The Story of Bo Diddley,1,no,no,no,yes,no,,/Users/bobhopp/DJ MEDIA/VIDEO/1960's/The Animals - The Story of Bo Diddley.mp4
RVTR569130,Little Big Town,"Wine, Beer, Whiskey",1,no,no,yes,yes,yes,,"/Users/bobhopp/DJ MEDIA/VIDEO/2000's/Little Big Town - Wine, Beer, Whiskey.mp4"
RVTR454883,Ray Charles,Let The Good Times Roll,1,no,no,yes,yes,yes,,/Users/bobhopp/DJ MEDIA/VIDEO/1950's/Ray Charles - Let The Good Times Roll.mp4
RVTR356471,Brenton Wood,The Oogum Boogum Song,1,yes,yes,yes,yes,yes,review,/Users/bobhopp/DJ MEDIA/VIDEO/1960's/Brenton Wood - The Oogum Boogum Song.mp4
RVTR111739,Johnny Tremain,The Sons of Liberty,1,no,no,no,yes,no,,/Users/bobhopp/DJ MEDIA/VIDEO/1950's/Johnny Tremain - The Sons of Liberty.mp4
RVTR625971,Daryl Hall & John Oates,Out Of Touch,1,no,no,no,yes,no,,/Users/bobhopp/DJ MEDIA/VIDEO/1990's/Daryl Hall & John Oates - Out Of Touch.mp4
RVTR414313,Black Eyed Peas,Let's Get It Started,1,no,no,yes,yes,no,review,/Users/bobhopp/DJ MEDIA/VIDEO/2000's/Black Eyed Peas - Let's Get It Started.mp4
RVTR552867,Irene Cara,Flashdance What A Feeling,1,no,no,no,yes,yes,,/Users/bobhopp/DJ MEDIA/VIDEO/1980's/Irene Cara - Flashdance What A Feeling.mp4
RVTR991850,Neil Young,Rockin In The Free World,1,no,no,no,yes,no,,/Users/bobhopp/DJ MEDIA/VIDEO/1980's/Neil Young - Rockin In The Free World.mp4
RVTR982003,Tina Turner,I Wanna Take You Higher,1,no,no,no,yes,no,,/Users/bobhopp/DJ MEDIA/VIDEO/1970's/Tina Turner - I Wanna Take You Higher.mp4
RVTR016144,Rascal Flatts,Bless The Broken Road,1,no,yes,yes,yes,yes,,/Users/bobhopp/DJ MEDIA/VIDEO/2000's/Rascal Flatts - Bless The Broken Road.mp4
RVTR402314,Johnny Rivers,The Midnight Special,1,no,no,no,yes,no,,/Users/bobhopp/DJ MEDIA/VIDEO/1960's/Johnny Rivers - The Midnight Special.mp4
RVTR083002,Lee Michaels,Do You Know What I Mean,1,no,yes,yes,yes,yes,,/Users/bobhopp/DJ MEDIA/VIDEO/1970's/Lee Michaels - Do You Know What I Mean.mp4
RVTR984915,Phish,Sneakin' Sally Thru The Alley,1,no,no,no,yes,no,,/Users/bobhopp/DJ MEDIA/VIDEO/1990's/Phish - Sneakin' Sally Thru The Alley.mp4
RVTR912057,Mott the Hoople,All The Young Dudes,1,no,yes,yes,yes,yes,,/Users/bobhopp/DJ MEDIA/VIDEO/1970's/Mott the Hoople - All The Young Dudes.mp4
RVTR749042,Little River Band,Take It Easy On Me,1,no,yes,yes,yes,yes,,/Users/bobhopp/DJ MEDIA/VIDEO/1980's/Little River Band - Take It Easy On Me.mp4
RVTR007553,Crash Test Dummies,Mmm Mmm Mmm Mmmm,1,no,no,no,yes,no,,/Users/bobhopp/DJ MEDIA/VIDEO/1990's/Crash Test Dummies - Mmm Mmm Mmm Mmmm.mp4
RVTR882856,Jennifer Lopez,Waiting For Tonight,1,no,yes,yes,yes,yes,,/Users/bobhopp/DJ MEDIA/VIDEO/1990's/Jennifer Lopez - Waiting For Tonight.mp4
RVTR437348,Russell Dickerson,Down on the Beach,1,no,no,no,yes,no,,/Users/bobhopp/DJ MEDIA/VIDEO/1990's/Russell Dickerson - Down on the Beach.mp4
RVTR955420,Ludacris f./Nicki Minaj,My Chick Bad,1,no,no,no,yes,no,,/Users/bobhopp/DJ MEDIA/VIDEO/2010's/Ludacris f._Nicki Minaj - My Chick Bad.mp4
RVTR026115,Glen Campbell,It's Only Make Believe,1,no,yes,yes,yes,yes,,/Users/bobhopp/DJ MEDIA/VIDEO/1970's/Glen Campbell - It's Only Make Believe.mp4
RVTR229891,Gary Glitter,Rock And Roll Part Two,1,no,no,no,yes,no,,/Users/bobhopp/DJ MEDIA/VIDEO/1980's/Gary Glitter - Rock And Roll Part Two.mp4
RVTR903477,3rd Bass,Product Of The Environment,1,no,no,no,yes,yes,review,/Users/bobhopp/DJ MEDIA/VIDEO/1980's/3rd Bass - Product Of The Environment.mp4
RVTR038571,Belinda Carlisle,Circles In The Sand,1,no,no,no,yes,no,review,/Users/bobhopp/DJ MEDIA/VIDEO/1980's/Belinda Carlisle - Circles In The Sand.mp4
RVTR458120,Lake Street Dive,You Go Down Smooth,1,no,no,no,yes,no,,/Users/bobhopp/DJ MEDIA/VIDEO/2010's/Lake Street Dive - You Go Down Smooth.mp4
RVTR897681,Julian Lennon,Too Late For Goodbyes,1,no,yes,yes,yes,yes,,/Users/bobhopp/DJ MEDIA/VIDEO/1980's/Julian Lennon - Too Late For Goodbyes.mp4
RVTR303078,Billy Preston,Nothing From Nothing,1,no,yes,yes,yes,yes,draft,/Users/bobhopp/DJ MEDIA/VIDEO/1970's/Billy Preston - Nothing From Nothing.mp4
RVTR339331,Trace Adkins,Honky Tonk Badonkadonk,1,no,yes,yes,yes,yes,,/Users/bobhopp/DJ MEDIA/VIDEO/2000's/Trace Adkins - Honky Tonk Badonkadonk.mp4
RVTR414802,DJ Snake & Lil Jon,Turn Down For What,1,no,no,no,yes,no,,/Users/bobhopp/DJ MEDIA/VIDEO/2010's/DJ Snake & Lil Jon - Turn Down For What.MP4
RVTR862493,Red Hot Chili Peppers,Behind The Sun,1,no,yes,no,yes,no,,/Users/bobhopp/DJ MEDIA/VIDEO/1980's/Red Hot Chili Peppers - Behind The Sun.mp4
RVTR977943,Sinead O'Connor,Nothing Compares 2 U,1,no,yes,yes,yes,yes,,/Users/bobhopp/DJ MEDIA/VIDEO/1990's/Sinead O'Connor - Nothing Compares 2 U.mp4
RVTR931490,Blessid Union Of Souls,Hey Leonardo,1,no,yes,yes,yes,yes,review,/Users/bobhopp/DJ MEDIA/VIDEO/1990's/Blessid Union Of Souls - Hey Leonardo.mp4
RVTR059373,Billie Davis,I Want You To Be My Baby,1,no,no,no,yes,no,review,/Users/bobhopp/DJ MEDIA/VIDEO/1950's/Billie Davis - I Want You To Be My Baby.mp4
RVTR168118,Richard Marx,Should've Known Better,1,no,no,yes,yes,yes,,/Users/bobhopp/DJ MEDIA/VIDEO/1980's/Richard Marx - Should've Known Better.mp4
RVTR553961,Grand Funk Railroad,I'm Your Captain,1,no,no,no,yes,no,,/Users/bobhopp/DJ MEDIA/VIDEO/1970's/Grand Funk Railroad - I'm Your Captain.mp4
RVTR041286,Spinners,Working My Way Back To You,1,no,no,no,yes,no,,/Users/bobhopp/DJ MEDIA/VIDEO/1970's/Spinners - Working My Way Back To You.mp4
RVTR212554,Johnny Cash,God's Gonna Cut You Down,1,no,no,no,yes,no,,/Users/bobhopp/DJ MEDIA/VIDEO/TECHNO/Johnny Cash - God's Gonna Cut You Down.mp4
RVTR456366,Billy Joel,Say Goodbye To Hollywood,1,no,yes,yes,yes,yes,review,/Users/bobhopp/DJ MEDIA/VIDEO/1970's/Billy Joel - Say Goodbye To Hollywood.mp4
RVTR040291,Mike & The Mechanics,The living Years,1,no,no,no,yes,no,,/Users/bobhopp/DJ MEDIA/VIDEO/1980's/Mike & The Mechanics - The living Years.mp4
RVTR563571,JD McPherson,Let the Good Times Roll,1,no,no,no,yes,no,,/Users/bobhopp/DJ MEDIA/VIDEO/2010's/JD McPherson - Let the Good Times Roll.mp4
RVTR815221,Christina Aguilera,Come On Over Baby,1,no,yes,yes,yes,yes,,/Users/bobhopp/DJ MEDIA/VIDEO/2000's/Christina Aguilera - Come On Over Baby.mp4
RVTR952862,Eurythmics,Here Comes The Rain Again,1,no,yes,yes,yes,yes,,/Users/bobhopp/DJ MEDIA/VIDEO/1990's/Eurythmics - Here Comes The Rain Again.mp4
RVTR772071,Average White Band,Pick Up The Pieces,1,no,yes,no,yes,no,review,/Users/bobhopp/DJ MEDIA/VIDEO/1970's/Average White Band - Pick Up The Pieces.mp4
RVTR797299,Sam the Sham the Pharaos,Wooly Bully,1,yes,no,no,yes,no,cards_ready,/Users/bobhopp/DJ MEDIA/VIDEO/1960's/Sam the Sham the Pharaos - Wooly Bully.mp4
RVTR749238,Olivia Newton-John,Please Mr. Please,1,no,yes,yes,yes,yes,draft,/Users/bobhopp/DJ MEDIA/VIDEO/1970's/Olivia Newton-John - Please Mr. Please.mp4
RVTR343938,The Offspring,Why Don't You Get A Job,1,no,no,yes,yes,yes,,/Users/bobhopp/DJ MEDIA/VIDEO/1990's/The Offspring - Why Don't You Get A Job.mp4
RVTR064363,Alan Jackson,You'll Always Be My Baby,1,no,no,no,yes,no,review,/Users/bobhopp/DJ MEDIA/VIDEO/1980's/Alan Jackson - You'll Always Be My Baby.mp4
RVTR792739,The 5th Dimension,Stoned Soul Picnic,1,no,yes,yes,yes,yes,,/Users/bobhopp/DJ MEDIA/VIDEO/1960's/The 5th Dimension - Stoned Soul Picnic.mp4
RVTR063240,The Rolling Stones,Honky Tonk Women,1,no,yes,yes,yes,yes,,/Users/bobhopp/DJ MEDIA/VIDEO/1960's/The Rolling Stones - Honky Tonk Women.mp4
RVTR051519,The R&B All Stars,Take Me To The River,1,no,no,no,yes,no,,/Users/bobhopp/DJ MEDIA/VIDEO/1990's/The R&B All Stars - Take Me To The River.mp4
RVTR119130,Melanie,Lay Down (Candles In The Rain),1,no,yes,yes,yes,yes,,/Users/bobhopp/DJ MEDIA/VIDEO/1970's/Melanie - Lay Down (Candles In The Rain).mp4
RVTR976844,Peter Frampton,Do You Feel Like We Do,1,no,yes,yes,yes,yes,draft,/Users/bobhopp/DJ MEDIA/VIDEO/1970's/Peter Frampton - Do You Feel Like We Do.mp4
RVTR265480,Joan Jett,Dirty Deeds Done Dirt Cheap,1,no,no,no,yes,no,,/Users/bobhopp/DJ MEDIA/VIDEO/1990's/Joan Jett - Dirty Deeds Done Dirt Cheap.mp4
RVTR413218,Christopher Cross,Ride Like the Wind,1,no,yes,yes,yes,yes,,/Users/bobhopp/DJ MEDIA/VIDEO/1980's/Christopher Cross - Ride Like the Wind.mp4
RVTR628338,David Bowie,The Jean Genie,1,no,yes,yes,yes,yes,,/Users/bobhopp/DJ MEDIA/VIDEO/1970's/David Bowie – The Jean Genie (Official Video).mp4
RVTR649823,The Temptations,Just My Imagination,1,no,yes,yes,yes,yes,,/Users/bobhopp/DJ MEDIA/VIDEO/1970's/The Temptations - Just My Imagination.mp4
RVTR258666,Bonnie Raitt,Something To Talk About,1,no,yes,yes,yes,yes,,/Users/bobhopp/DJ MEDIA/VIDEO/1990's/Bonnie Raitt - Something To Talk About.mp4
RVTR383289,Amy Winehouse,Tears Dry On Their Own,1,no,yes,no,yes,no,review,/Users/bobhopp/DJ MEDIA/VIDEO/2000's/Amy Winehouse - Tears Dry On Their Own.MP4
RVTR084968,Spencer Davis Group,Gimme Some Lovin,1,no,no,no,yes,no,,/Users/bobhopp/DJ MEDIA/VIDEO/1960's/Spencer Davis Group - Gimme Some Lovin.mp4
RVTR026325,Red Hot Chili Peppers,Dani California,1,no,yes,yes,yes,yes,,/Users/bobhopp/DJ MEDIA/VIDEO/2000's/Red Hot Chili Peppers - Dani California.mp4
RVTR792660,The Temptations,Treat Her Like A Lady,1,no,yes,yes,yes,yes,,/Users/bobhopp/DJ MEDIA/VIDEO/1980's/The Temptations - Treat Her Like A Lady.mp4
RVTR097262,Rihanna f./Calvin Harris,We Found Love,1,no,no,no,yes,no,,/Users/bobhopp/DJ MEDIA/VIDEO/2010's/Rihanna F.Calvin Harris - We Found Love.mp4
RVTR341537,Santana F.Michelle Branch,Game Of Love,1,no,no,no,yes,no,,/Users/bobhopp/DJ MEDIA/VIDEO/2000's/Santana F.Michelle Branch - Game Of Love.mp4
RVTR416432,Bruce Springsteen,Dancing In The Dark,1,no,yes,yes,yes,yes,,/Users/bobhopp/DJ MEDIA/VIDEO/1980's/Bruce Springsteen - Dancing In The Dark.mp4
RVTR441211,J. Cole f./Trey Songz,Can't Get Enough,1,no,no,no,yes,no,,/Users/bobhopp/DJ MEDIA/VIDEO/2010's/J. Cole f._Trey Songz - Can't Get Enough.mp4
RVTR386849,Tom Petty,You Don't Know How It Feels,1,no,yes,yes,yes,yes,,/Users/bobhopp/DJ MEDIA/VIDEO/1990's/Tom Petty - You Don't Know How It Feels.mp4
RVTR161916,Whitney Houston,Greatest Love Of All,1,no,yes,yes,yes,yes,,/Users/bobhopp/DJ MEDIA/VIDEO/1980's/Whitney Houston - Greatest Love Of All.mp4
RVTR280245,Air Supply,Even The Nights Are Better,1,no,yes,yes,yes,yes,review,/Users/bobhopp/DJ MEDIA/VIDEO/1980's/Air Supply - Even The Nights Are Better.mp4
RVTR705568,The Temptations,Can't Get Next To You,1,no,no,no,yes,no,,/Users/bobhopp/DJ MEDIA/VIDEO/1970's/The Temptations - Can't Get Next To You.mp4
RVTR637291,"Jimmy Page, Robert Plant",Gallows Pole,1,no,no,no,yes,yes,,"/Users/bobhopp/DJ MEDIA/VIDEO/1990's/Jimmy Page, Robert Plant - Gallows Pole.mp4"
RVTR155113,Lenny Kravitz,Are You Gonna Go My Way,1,no,yes,no,yes,no,,/Users/bobhopp/DJ MEDIA/VIDEO/1990's/Lenny Kravitz - Are You Gonna Go My Way.mp4
RVTR100835,Astrud Gilberto,The Girl From Ipanema,1,no,no,no,yes,no,review,/Users/bobhopp/DJ MEDIA/VIDEO/1960's/Astrud Gilberto - The Girl From Ipanema.mp4
RVTR180085,Lisa Lisa and Cult Jam,Lost In Emotion,1,no,yes,yes,yes,yes,,/Users/bobhopp/DJ MEDIA/VIDEO/1980's/Lisa Lisa and Cult Jam - Lost In Emotion.mp4
RVTR094837,Travis Tritt,Long Haired Country Boy,1,no,no,no,yes,no,,/Users/bobhopp/DJ MEDIA/VIDEO/2000's/Travis Tritt - Long Haired Country Boy.mp4
RVTR884159,My Chemical Romance,Famous Last Words,1,no,no,yes,yes,yes,,/Users/bobhopp/DJ MEDIA/VIDEO/2000's/My Chemical Romance - Famous Last Words.mp4
RVTR122121,The Carpenters,Rainy Days And Mondays,1,no,yes,yes,yes,no,,/Users/bobhopp/DJ MEDIA/VIDEO/1970's/The Carpenters - Rainy Days And Mondays.mp4
RVTR729173,The Teskey Brothers,Live at Gum Gully,1,no,no,no,yes,no,,/Users/bobhopp/DJ MEDIA/VIDEO/2020's/The Teskey Brothers - Live at Gum Gully.mp4
RVTR350956,Jefferson Starship,Find Your Way Back,1,no,no,yes,yes,yes,,/Users/bobhopp/DJ MEDIA/VIDEO/1980's/Jefferson Starship - Find Your Way Back.mp4
RVTR309546,Bob Dylan,Subterranean Homesick Blues,1,yes,yes,yes,yes,yes,cards_ready,/Users/bobhopp/DJ MEDIA/VIDEO/1960's/Bob Dylan - Subterranean Homesick Blues.mp4
RVTR440604,Ozark Mountain Daredevils,Jackie Blue,1,no,yes,yes,yes,yes,,/Users/bobhopp/DJ MEDIA/VIDEO/1970's/Ozark Mountain Daredevils - Jackie Blue.mp4
RVTR250453,The Velvet Underground,Pale Blue Eyes,1,no,no,no,yes,no,,/Users/bobhopp/DJ MEDIA/VIDEO/1990's/The Velvet Underground - Pale Blue Eyes.mp4
RVTR516558,Big Sean Ft. E-40,I Don't Fuck With You,1,no,no,no,yes,no,review,/Users/bobhopp/DJ MEDIA/VIDEO/2010's/Big Sean feat. E-40 - I Don't Fuck With You.mp4
RVTR265177,Leo Sayer,You Make Me Feel Like Dancing,1,no,yes,yes,yes,yes,,/Users/bobhopp/DJ MEDIA/VIDEO/1970's/Leo Sayer - You Make Me Feel Like Dancing.mp4
RVTR542963,Joan Jett,I Hate Myself for Loving You,1,no,no,yes,yes,yes,,/Users/bobhopp/DJ MEDIA/VIDEO/1980's/Joan Jett - I Hate Myself for Loving You.mp4
RVTR136699,The Foundations,Build Me Up Buttercup,1,no,yes,yes,yes,yes,,/Users/bobhopp/DJ MEDIA/VIDEO/1960's/The Foundations - Build Me Up Buttercup.mp4
RVTR659212,Greg Street ft. Nappy Roots,Good Day,1,no,no,no,yes,no,,/Users/bobhopp/DJ MEDIA/VIDEO/2000's/Greg Street feat. Nappy Roots - Good Day.mp4
RVTR149142,Nelly Furtado & Timbaland,Promiscuous,1,no,no,no,yes,no,,/Users/bobhopp/DJ MEDIA/VIDEO/2000's/Nelly Furtado & Timbaland - Promiscuous.mp4
RVTR836442,Sly & The Family Stone,Everyday People,1,no,no,no,yes,yes,,/Users/bobhopp/DJ MEDIA/VIDEO/1960's/Sly & The Family Stone - Everyday People.mp4
RVTR850146,Ozark Mountain Dare Devils,Jackie Blue,1,no,no,no,yes,no,draft,/Users/bobhopp/DJ MEDIA/VIDEO/1970's/Ozark Mountain Dare Devils - Jackie Blue.mp4
RVTR139738,The Beatles,Strawberry Fields Forever,1,no,yes,yes,yes,yes,,/Users/bobhopp/DJ MEDIA/VIDEO/1960's/The Beatles - Strawberry Fields Forever.mp4
RVTR934903,Status Quo,Pictures Of Matchstick Men,1,no,no,yes,yes,no,,/Users/bobhopp/DJ MEDIA/VIDEO/1960's/Status Quo - Pictures Of Matchstick Men.mp4
RVTR511892,Florence & The Machine,Dog Days Are Over,1,no,no,no,yes,no,,/Users/bobhopp/DJ MEDIA/VIDEO/2010's/Florence & The Machine - Dog Days Are Over.mp4
RVTR669766,Buddy Holly,Not Fade Away and Peggy Sue,1,no,no,no,yes,no,,/Users/bobhopp/DJ MEDIA/VIDEO/1950's/Buddy Holly - Not Fade Away and Peggy Sue.mp4
RVTR235294,Engelbert Humperdinck,After The Lovin',1,no,no,yes,yes,yes,,/Users/bobhopp/DJ MEDIA/VIDEO/1970's/Engelbert Humperdinck - After The Lovin'.mp4
RVTR026017,Toad The Wet Sprocket,Walk On The Ocean,1,no,yes,yes,yes,yes,,/Users/bobhopp/DJ MEDIA/VIDEO/1990's/Toad The Wet Sprocket - Walk On The Ocean.mp4
RVTR154336,Glenn Miller,I've Got a Gal in Kalamazoo,1,no,no,no,yes,no,,/Users/bobhopp/DJ MEDIA/VIDEO/1950's/Glenn Miller - I've Got a Gal in Kalamazoo.mp4
RVTR253237,Doctor And The Medics,Spirit In The Sky,1,no,yes,yes,yes,yes,,/Users/bobhopp/DJ MEDIA/VIDEO/1980's/Doctor And The Medics - Spirit In The Sky.mp4
RVTR935353,Frida,I Know There's Something Going On,1,no,no,yes,yes,yes,,/Users/bobhopp/DJ MEDIA/VIDEO/1980's/Frida - I Know There's Something Going On.mp4
RVTR115825,Paul McCartney and Wings,Let Me Roll It,1,no,yes,no,yes,no,draft,/Users/bobhopp/DJ MEDIA/VIDEO/1970's/Paul McCartney and Wings - Let Me Roll It.mp4
RVTR731613,Blues Brothers,Ghost Riders In The Sky,1,no,no,no,yes,no,review,/Users/bobhopp/DJ MEDIA/VIDEO/1980's/Blues Brothers - Ghost Riders In The Sky.mp4
RVTR764751,Shania Twain,That Don't Impress Me Much,1,no,yes,yes,yes,yes,,/Users/bobhopp/DJ MEDIA/VIDEO/1990's/Shania Twain - That Don't Impress Me Much.mp4
RVTR828174,Jimmy Buffett,Cheeseburger In Paradise,1,no,yes,yes,yes,yes,draft,/Users/bobhopp/DJ MEDIA/VIDEO/1970's/Jimmy Buffett - Cheeseburger In Paradise.mp4
RVTR756857,Miranda Lambert,The House That Built Me,1,no,yes,yes,yes,yes,,/Users/bobhopp/DJ MEDIA/VIDEO/2000's/Miranda Lambert - The House That Built Me.mp4
RVTR898892,Andrea True Connection,"More, More, More",1,no,no,yes,yes,yes,draft,"/Users/bobhopp/DJ MEDIA/VIDEO/1980's/Andrea True Connection - More, More, More.mp4"
RVTR966372,Lizzo,About Damn Time,1,no,no,yes,yes,yes,,/Users/bobhopp/DJ MEDIA/VIDEO/2020's/Lizzo - About Damn Time [Official Video].mp4
RVTR394094,Diana Ross & The Supremes,Love Hangover,1,no,no,no,yes,no,,/Users/bobhopp/DJ MEDIA/VIDEO/1970's/Diana Ross & The Supremes - Love Hangover.mp4
RVTR518759,Pat Travers,Boom Boom Out Go The Lights,1,no,yes,yes,yes,no,,/Users/bobhopp/DJ MEDIA/VIDEO/1970's/Pat Travers - Boom Boom Out Go The Lights.mp4
RVTR460469,Siouxsie And The Banshees,Dear Prudence,1,no,no,no,yes,no,,/Users/bobhopp/DJ MEDIA/VIDEO/1980's/Siouxsie And The Banshees - Dear Prudence.mp4
RVTR868737,Three Dog Night,Try A Little Tenderness,1,no,yes,yes,yes,yes,,/Users/bobhopp/DJ MEDIA/VIDEO/1970's/Three Dog Night - Try A Little Tenderness.mp4
RVTR529394,Usher f./Pitbull,DJ Got Us Fallin' In Love,1,no,no,no,yes,no,,/Users/bobhopp/DJ MEDIA/VIDEO/2010's/Usher F.Pitbull - Dj Got Us Fallin In Love.mp4
RVTR102241,Vicki Sue Robinson,Turn The Beat Around,1,no,yes,yes,yes,yes,,/Users/bobhopp/DJ MEDIA/VIDEO/1970's/Vicki Sue Robinson - Turn The Beat Around.mp4
RVTR420667,C+C Music Factory,Do You Wanna Get Funky,1,no,yes,yes,yes,yes,,/Users/bobhopp/DJ MEDIA/VIDEO/TECHNO/C+C Music Factory - Do You Wanna Get Funky.mp4
RVTR835131,Atlanta Rhythm Section,Imaginary Lover,1,no,no,yes,yes,yes,review,/Users/bobhopp/DJ MEDIA/VIDEO/1970's/Atlanta Rhythm Section - Imaginary Lover.mp4
RVTR549696,Ike & Tina Turner,I Wanna Take You Higher,1,no,no,no,yes,no,,/Users/bobhopp/DJ MEDIA/VIDEO/1970's/Ike & Tina Turner - I Wanna Take You Higher.mp4
RVTR499104,Black Eyed Peas,Imma Be Rocking That Body,1,no,no,no,yes,no,review,/Users/bobhopp/DJ MEDIA/VIDEO/2010's/Black Eyed Peas - Imma Be Rocking That Body.mp4
RVTR916078,Sly & The Family Stone,Dance To The Music,1,no,no,no,yes,no,,/Users/bobhopp/DJ MEDIA/VIDEO/1960's/Sly & The Family Stone - Dance To The Music.mp4
RVTR074972,The Band,When I Paint My Masterpiece,1,no,yes,no,yes,yes,,/Users/bobhopp/DJ MEDIA/VIDEO/1970's/The Band - When I Paint My Masterpiece(1993).mp4
RVTR746659,Tears For Fears,Sowing The Seeds Of Love,1,no,yes,yes,yes,yes,,/Users/bobhopp/DJ MEDIA/VIDEO/1980's/Tears For Fears - Sowing The Seeds Of Love.mp4
RVTR536571,Tom Petty,Stop Dragging My Heart Around,1,no,no,no,yes,no,,/Users/bobhopp/DJ MEDIA/VIDEO/1980's/Tom Petty - Stop Dragging My Heart Around.mp4
RVTR470044,Dolly Parton,Love Will Keep Us Together,1,no,no,no,yes,yes,draft,/Users/bobhopp/DJ MEDIA/VIDEO/1970's/Dolly Parton - Love Will Keep Us Together.mp4
RVTR144401,Billy Joel,It's Still Rock and Roll to Me,1,no,yes,yes,yes,yes,review,/Users/bobhopp/DJ MEDIA/VIDEO/1980's/Billy Joel - It's Still Rock and Roll to Me.mp4
RVTR048581,Smokey Robinson and the Miracles,Crusin,1,no,no,no,yes,no,,/Users/bobhopp/DJ MEDIA/VIDEO/1970's/Smokey Robinson and the Miracles - Crusin.mp4
RVTR248366,Lauryn Hill,Can't Take My Eyes Off Of You,1,no,no,no,yes,yes,,/Users/bobhopp/DJ MEDIA/VIDEO/1990's/Lauryn Hill - Can't Take My Eyes Off Of You.mp4
RVTR884712,Elton John,Lucy In The Sky With Diamonds,1,no,yes,yes,yes,yes,,/Users/bobhopp/DJ MEDIA/VIDEO/1970's/Elton John - Lucy In The Sky With Diamonds.mp4
RVTR027153,Five Finger Death Punch,Under And Over It,1,no,yes,yes,yes,yes,,/Users/bobhopp/DJ MEDIA/VIDEO/2010's/Five Finger Death Punch - Under And Over It.mp4
RVTR703767,Rory Gallagher,Don't Know Where I'm Going,1,no,no,no,yes,no,,/Users/bobhopp/DJ MEDIA/VIDEO/1970's/Rory Gallagher - Don't Know Where I'm Going.mp4
RVTR150220,Harry McClintock,Big Rock Candy Mountain,1,no,no,no,yes,no,,/Users/bobhopp/DJ MEDIA/VIDEO/1950's/Harry McClintock - Big Rock Candy Mountain.mp4
RVTR733817,Tina Turner,What's Love Got To Do With It,1,no,yes,yes,yes,yes,,/Users/bobhopp/DJ MEDIA/VIDEO/1980's/Tina Turner - What's Love Got To Do With It.mp4
RVTR316239,Sonny & Cher,A Cowboy s Work Is Never Done,1,no,no,no,yes,no,,/Users/bobhopp/DJ MEDIA/VIDEO/1970's/Sonny & Cher - A Cowboy s Work Is Never Done.mp4
RVTR769789,The New Seekers,Never Ending Song Of Love,1,no,no,no,yes,no,,/Users/bobhopp/DJ MEDIA/VIDEO/1970's/The New Seekers - Never Ending Song Of Love.mp4
RVTR241837,Sex Pistols,God Save The Queen Revisited,1,no,no,no,yes,no,,/Users/bobhopp/DJ MEDIA/VIDEO/1990's/Sex Pistols - God Save The Queen Revisited.mp4
RVTR301842,Don Henley,Please Come Home for Christmas,1,no,no,no,yes,no,,/Users/bobhopp/DJ MEDIA/VIDEO/1970's/Don Henley - Please Come Home for Christmas.mp4
RVTR456479,Rolling Stones,Can't You Hear Me Knocking,1,no,no,no,yes,no,,/Users/bobhopp/DJ MEDIA/VIDEO/1970's/Rolling Stones - Can't You Hear Me Knocking.MP4
RVTR015798,Vampire Lesbos,The Lions and the Cucumber,1,no,no,no,yes,no,,/Users/bobhopp/DJ MEDIA/VIDEO/1990's/Vampire Lesbos - The Lions and the Cucumber.mp4
RVTR793452,Kris Kristofferson,Loving Her Was Easier,1,no,yes,yes,yes,yes,,/Users/bobhopp/DJ MEDIA/VIDEO/1970's/Kris Kristofferson - Loving Her Was Easier.mp4
RVTR537367,The Hollies,"He Ain't Heavy, He's My Brother",1,no,no,yes,yes,yes,,"/Users/bobhopp/DJ MEDIA/VIDEO/1960's/The Hollies - He Ain't Heavy, He's My Brother.mp4"
RVTR604889,Rob Zombie feat. Lionel Richie,Brick House,1,no,no,no,yes,no,,/Users/bobhopp/DJ MEDIA/VIDEO/2000's/Rob Zombie feat. Lionel Richie - Brick House.mp4
RVTR301024,Willie Nelson,Blue Eyes Cryin' In The Rain,1,no,no,no,yes,no,,/Users/bobhopp/DJ MEDIA/VIDEO/2000's/Willie Nelson - Blue Eyes Cryin' In The Rain.mp4
RVTR882758,Irma Thomas,Anyone Who Knows What Love Is,1,no,no,yes,yes,yes,,/Users/bobhopp/DJ MEDIA/VIDEO/1960's/Irma Thomas - Anyone Who Knows What Love Is.mp4
RVTR732191,Gladys Knight & B.B. King,The Thrill Is Gone,1,no,no,no,yes,no,,/Users/bobhopp/DJ MEDIA/VIDEO/1960's/Gladys Knight & B.B. King - The Thrill Is Gone.mp4
RVTR692883,Otis Redding,I've Been Loving You Too Long,1,no,yes,yes,yes,yes,,/Users/bobhopp/DJ MEDIA/VIDEO/1960's/Otis Redding - I've Been Loving You Too Long.mp4
RVTR967991,Miley Cyrus & Joan Jett,Crimson and Clover,1,no,no,no,yes,no,,/Users/bobhopp/DJ MEDIA/VIDEO/2010's/Miley Cyrus & Joan Jett - Crimson and Clover.mp4
RVTR117242,Stone Temple Pilots,Interstate Love Song,1,no,yes,no,yes,no,,/Users/bobhopp/DJ MEDIA/VIDEO/1990's/Stone Temple Pilots - Interstate Love Song.mp4
RVTR381777,Tedeschi Trucks Band,Bring It On Home To Me,1,no,no,no,yes,no,,/Users/bobhopp/DJ MEDIA/VIDEO/2020's/Tedeschi Trucks Band - Bring It On Home To Me.mp4
RVTR676353,Grand Funk Railroad,Some Kind of Wonderful,1,no,yes,no,yes,no,,/Users/bobhopp/DJ MEDIA/VIDEO/1970's/Grand Funk Railroad - Some Kind of Wonderful.mp4
RVTR612712,Snoop Dogg F.Pharrell,Drop It Like It's Hot,1,no,no,no,yes,no,,/Users/bobhopp/DJ MEDIA/VIDEO/2000's/Snoop Dogg F.Pharrell - Drop It Like It's Hot.mp4
RVTR982199,Breaking Benjamin and Gavin Rossdale,Would,1,no,no,no,yes,no,,/Users/bobhopp/DJ MEDIA/VIDEO/2010's/Breaking Benjamin and Gavin Rossdale - Would.mp4
RVTR993640,Judy Garland And Gene Kelly,Ballin' The Jack,1,no,no,no,yes,no,,/Users/bobhopp/DJ MEDIA/VIDEO/1950's/Judy Garland And Gene Kelly - Ballin' The Jack.mp4
RVTR162328,Tammy Wynette,Your Good Girls Gonna Go Bad,1,yes,no,no,yes,yes,review,/Users/bobhopp/DJ MEDIA/VIDEO/1960's/Tammy Wynette - Your Good Girls Gonna Go Bad.mp4
RVTR993641,The Art of Noise featuring Duane Eddy,Peter Gunn,1,no,no,no,yes,no,,/Users/bobhopp/DJ MEDIA/VIDEO/1980's/The Art of Noise feat. Duane Eddy - Peter Gunn.mp4
RVTR027266,Ramones,Do You Remember Rock and Roll Radio,1,no,no,no,yes,no,,/Users/bobhopp/DJ MEDIA/VIDEO/1980's/Ramones - Do You Remember Rock and Roll Radio.mp4
RVTR463208,Creedence Clearwater Revival,Travilin Band,1,no,no,no,yes,no,,/Users/bobhopp/DJ MEDIA/VIDEO/1970's/Creedence Clearwater Revival - Travilin Band.mp4
RVTR630975,John Prine,You Never Even Call Me By My Name,1,no,no,no,yes,no,,/Users/bobhopp/DJ MEDIA/VIDEO/1970's/John Prine - You Never Even Call Me By My Name.mp4
RVTR153223,"Dave Grohl, Josh Homme, Trent Reznor",Mantra,1,no,no,no,yes,no,,"/Users/bobhopp/DJ MEDIA/VIDEO/2010's/Dave Grohl, Josh Homme, Trent Reznor - Mantra.mp4"
RVTR353247,The Pursuit Of Happiness,Cigarette Dangles,1,no,no,no,yes,no,,/Users/bobhopp/DJ MEDIA/VIDEO/1990's/The Pursuit Of Happiness - Cigarette Dangles.mp4
RVTR049200,Blondie,I'm Always Touched by Your Presence,1,no,no,no,yes,no,review,/Users/bobhopp/DJ MEDIA/VIDEO/1970's/Blondie - I'm Always Touched by Your Presence.mp4
RVTR261631,Rockin' Sidney,Don't Mess With My Toot Toot,1,no,no,no,yes,yes,,/Users/bobhopp/DJ MEDIA/VIDEO/1990's/Rockin' Sidney - Don't Mess With My Toot Toot.mp4
RVTR244251,Kid Rock,You Never Met A Motherfcker Like Me,1,no,no,no,yes,no,,/Users/bobhopp/DJ MEDIA/VIDEO/2000's/Kid Rock - You Never Met A Motherfcker Like Me.mp4
RVTR360662,Natasha Bedingfield,Pocket Full Of Sunshine,1,no,no,no,yes,no,,/Users/bobhopp/DJ MEDIA/VIDEO/2000's/Natasha Bedingfield - Pocket Full Of Sunshine.mp4
RVTR500660,Elton John w/ Britney Spears,Hold Me Closer,1,no,no,no,yes,no,,/Users/bobhopp/DJ MEDIA/VIDEO/2000's/Elton John w_ Britney Spears - Hold Me Closer.mp4
RVTR065532,Hank Williams jr,Whiskey Bent And Hell Bound,1,no,no,no,yes,no,,/Users/bobhopp/DJ MEDIA/VIDEO/1970's/Hank Williams jr - Whiskey Bent And Hell Bound.mp4
RVTR100307,Jerry Lee Lewis,Whole Lotta Shakin' Going On,1,no,no,no,yes,no,,/Users/bobhopp/DJ MEDIA/VIDEO/1950's/Jerry Lee Lewis - Whole Lotta Shakin' Going On.mp4
RVTR936011,John Fred & His Playboy Band,Judy In Disguise,1,no,no,no,yes,no,,/Users/bobhopp/DJ MEDIA/VIDEO/1960's/John Fred & His Playboy Band - Judy In Disguise.mp4
RVTR730334,Darius Rucker and Lionel Richie,Stuck On You,1,no,no,no,yes,no,,/Users/bobhopp/DJ MEDIA/VIDEO/2010's/Darius Rucker and Lionel Richie - Stuck On You.mp4
RVTR755140,Creedence Clearwater Revival,Bad Moon Rising,1,no,yes,yes,yes,yes,,/Users/bobhopp/DJ MEDIA/VIDEO/1970's/Creedence Clearwater Revival - Bad Moon Rising.mp4
RVTR452096,Paul Simon,Still Crazy After All These Years,1,no,yes,yes,yes,yes,,/Users/bobhopp/DJ MEDIA/VIDEO/1970's/Paul Simon - Still Crazy After All These Years.mp4
RVTR262932,The Notorious B.I.G. feat. Pam Long,Hypnotize,1,no,no,no,yes,no,,/Users/bobhopp/DJ MEDIA/VIDEO/1990's/The Notorious B.I.G. feat. Pam Long - Hypnotize.mp4
RVTR961237,ABBA,Ring Ring,1,no,yes,no,yes,no,review,"/Users/bobhopp/DJ MEDIA/VIDEO/1970's/ABBA - Ring Ring - Rare Performance, 1973, Denmark.mp4"
RVTR926782,The White Buffalo,The House of The Rising Sun,1,no,no,no,yes,no,,/Users/bobhopp/DJ MEDIA/VIDEO/1960's/The White Buffalo - The House of The Rising Sun.mp4
RVTR299769,Captain & Tennille,Love Will Keep Us Together,1,no,no,no,yes,no,draft,/Users/bobhopp/DJ MEDIA/VIDEO/1970's/Captain & Tennille - Love Will Keep Us Together.mp4
RVTR013714,Elton John & RuPaul,Don't Go Breaking My Heart,1,no,no,no,yes,no,,/Users/bobhopp/DJ MEDIA/VIDEO/1990's/Elton John & RuPaul - Don't Go Breaking My Heart.mp4
RVTR369292,Billy Strings,Wreck of the Edmund Fitzgerald,1,no,no,no,yes,yes,review,/Users/bobhopp/DJ MEDIA/VIDEO/2020's/Billy Strings - Wreck of the Edmund Fitzgerald.mp4
RVTR466590,Electric Light Orchestra,Sweet Talkin' Woman,1,yes,yes,yes,yes,yes,review,/Users/bobhopp/DJ MEDIA/VIDEO/1970's/Electric Light Orchestra - Sweet Talkin' Woman.mp4
RVTR319659,The Main Ingredient,Everybody Plays The Fool,1,no,yes,yes,yes,yes,,/Users/bobhopp/DJ MEDIA/VIDEO/1970's/The Main Ingredient - Everybody Plays The Fool.mp4
RVTR226477,Amboy Dukes,Journey To The Center Of The Mind,1,no,yes,yes,yes,no,review,/Users/bobhopp/DJ MEDIA/VIDEO/1960's/Amboy Dukes - Journey To The Center Of The Mind.mp4
RVTR255226,The Jimmy Castor Bunch,The Bertha Butt Boogie,1,no,no,yes,yes,yes,draft,/Users/bobhopp/DJ MEDIA/VIDEO/1970's/The Jimmy Castor Bunch - The Bertha Butt Boogie.mp4
RVTR800753,Joe Jackson,Is She Really Going Out With Him?,1,no,yes,yes,yes,yes,,/Users/bobhopp/DJ MEDIA/VIDEO/1980's/Joe Jackson - Is She Really Going Out With Him_.mp4
RVTR214732,Robert Plant and Alison Krauss,Gone Gone Gone,1,no,no,no,yes,no,,/Users/bobhopp/DJ MEDIA/VIDEO/2010's/Robert Plant and Alison Krauss - Gone Gone Gone.mp4
RVTR737697,Pitbull with Enrique Iglesias,Messin' Around,1,no,no,no,yes,no,,/Users/bobhopp/DJ MEDIA/VIDEO/2010's/Pitbull with Enrique Iglesias - Messin' Around.mp4
RVTR477626,"Crosby, Stills, Nash & Young",Down By The River,1,no,no,no,yes,no,,"/Users/bobhopp/DJ MEDIA/VIDEO/1970's/Crosby, Stills, Nash & Young - Down By The River.mp4"
RVTR891330,Whatzupwitu,Eddie Murphy and Michael Jackson,1,no,no,no,yes,no,,/Users/bobhopp/DJ MEDIA/VIDEO/1990's/Whatzupwitu - Eddie Murphy and Michael Jackson.mp4
RVTR671620,Bob Dylan & Tom Petty,Knockin' On Heaven's Door,1,no,no,no,yes,yes,,/Users/bobhopp/DJ MEDIA/VIDEO/1970's/Bob Dylan & Tom Petty - Knockin' On Heaven's Door.mp4
RVTR802343,Gary Puckett And The Union Gap,Lady Willpower,1,no,yes,yes,yes,yes,,/Users/bobhopp/DJ MEDIA/VIDEO/1960's/Gary Puckett And The Union Gap - Lady Willpower.mp4
RVTR240666,Tedeschi Trucks Band & Leon Russell,The Letter,1,no,no,no,yes,no,,/Users/bobhopp/DJ MEDIA/VIDEO/2010's/Tedeschi Trucks Band & Leon Russell - The Letter.mp4
RVTR021353,Electric Light Orchestra,Last Train to London,1,no,yes,yes,yes,yes,,/Users/bobhopp/DJ MEDIA/VIDEO/1970's/Electric Light Orchestra - Last Train to London.mp4
RVTR998368,Creedence Clearwater Revival,Midnight Special,1,no,yes,no,yes,no,,/Users/bobhopp/DJ MEDIA/VIDEO/1960's/Creedence Clearwater Revival - Midnight Special.mp4
RVTR056947,My Chemical Romance,Welcome To The Black Parade,1,no,yes,yes,yes,yes,,/Users/bobhopp/DJ MEDIA/VIDEO/2000's/My Chemical Romance - Welcome To The Black Parade.mp4
RVTR472195,John Denver & Cass Elliot,Leaving On A Jet Plane,1,no,no,no,yes,no,,/Users/bobhopp/DJ MEDIA/VIDEO/1960's/John Denver & Cass Elliot - Leaving On A Jet Plane.mp4
RVTR140519,Smokey Robinson & The Miracles,Tears Of A Clown,1,no,no,no,yes,no,,/Users/bobhopp/DJ MEDIA/VIDEO/1960's/Smokey Robinson & The Miracles - Tears Of A Clown.mp4
RVTR580715,Dave Alvin & The Guilty Ones,Harlan County Line,1,no,no,no,yes,no,,/Users/bobhopp/DJ MEDIA/VIDEO/2010's/Dave Alvin & The Guilty Ones - Harlan County Line.mp4
RVTR313249,James Taylor,How Sweet It Is To Be Loved By You,1,no,yes,yes,yes,no,draft,/Users/bobhopp/DJ MEDIA/VIDEO/1970's/James Taylor - How Sweet It Is To Be Loved By You.mp4
RVTR898962,Kelly Clarkson,My Life Would Suck Without You,1,no,yes,yes,yes,yes,,/Users/bobhopp/DJ MEDIA/VIDEO/2000's/Kelly Clarkson - My Life Would Suck Without You.mp4
RVTR007642,Jimmy Somerville,You Make Me Feel (Mighty Real),1,no,yes,yes,yes,yes,,/Users/bobhopp/DJ MEDIA/VIDEO/1980's/Jimmy Somerville - You Make Me Feel (Mighty Real).mp4
RVTR660168,The Police,Every Little Thing She Does Is Magic,1,no,yes,yes,yes,yes,,/Users/bobhopp/DJ MEDIA/VIDEO/1980's/The Police - Every Little Thing She Does Is Magic.mp4
RVTR995114,Jefferson Starship,It's Not Over 'Til It's Over,1,no,no,no,yes,no,,/Users/bobhopp/DJ MEDIA/VIDEO/1980's/Jefferson Starship - It's Not Over 'Til It's Over.mp4
RVTR197440,Webbie withLil' Boosie and Lil' Phat,Independent,1,no,no,no,yes,no,,/Users/bobhopp/DJ MEDIA/VIDEO/2000's/Webbie withLil' Boosie and Lil' Phat - Independent.mp4
RVTR158176,Method Man And Mary J. Blige,I'll Be There For You,1,no,no,no,yes,no,,/Users/bobhopp/DJ MEDIA/VIDEO/1990's/Method Man And Mary J. Blige - I'll Be There For You.mp4
RVTR852195,B.o.B aka Bobby Ray f./Hayley Williams,Airplanes,1,no,no,no,yes,no,review,/Users/bobhopp/DJ MEDIA/VIDEO/2010's/B.o.B aka Bobby Ray f._Hayley Williams - Airplanes.mp4
RVTR899128,Postmodern Jukebox Version,All About That Bass,1,no,no,no,yes,no,,/Users/bobhopp/DJ MEDIA/VIDEO/2010's/Postmodern Jukebox Version - All About That Bass.MP4
RVTR281355,"Crosby, Stills, Nash & Young",Teach Your Children,1,no,no,no,yes,no,,"/Users/bobhopp/DJ MEDIA/VIDEO/1970's/Crosby, Stills, Nash & Young - Teach Your Children.mp4"
RVTR245016,Gordon Lightfoot,Wreck Of The Edmund Fitsgerald,1,no,no,no,yes,no,,/Users/bobhopp/DJ MEDIA/VIDEO/1970's/Gordon Lightfoot - Wreck Of The Edmund Fitsgerald.mp4
RVTR689657,Lou Johnson,Always Something There To Remind Me,1,no,no,no,yes,no,,/Users/bobhopp/DJ MEDIA/VIDEO/1960's/Lou Johnson - Always Something There To Remind Me.mp4
RVTR911815,Jimi Hendrix Experience,Rare Archive BBC Footage,1,no,no,no,yes,no,,/Users/bobhopp/DJ MEDIA/VIDEO/1960's/Jimi Hendrix Experience - Rare Archive BBC Footage.mp4
RVTR316836,Lauryn Hill feat. Whoopi Goldberg,Joyful Joyful,1,no,no,no,yes,no,,/Users/bobhopp/DJ MEDIA/VIDEO/1990's/Lauryn Hill feat. Whoopi Goldberg - Joyful Joyful.mp4
RVTR488444,Debbie Harry & Kermit The Frog,Rainbow Connection,1,no,no,no,yes,no,,/Users/bobhopp/DJ MEDIA/VIDEO/1980's/Debbie Harry & Kermit The Frog - Rainbow Connection.mp4
RVTR639386,Charlie Rich,The Most Beautiful Girl In The World,1,no,no,no,yes,yes,,/Users/bobhopp/DJ MEDIA/VIDEO/1970's/Charlie Rich - The Most Beautiful Girl In The World.mp4
RVTR158585,Shania Twain,Whose Bed Have Your Boots Been Under,1,no,no,no,yes,no,,/Users/bobhopp/DJ MEDIA/VIDEO/COUNTRY/FILL/Shania Twain - Whose Bed Have Your Boots Been Under.mp4
RVTR852610,Creedence Clearwater Revival,I Put A Spell On You,1,no,yes,yes,yes,yes,,/Users/bobhopp/DJ MEDIA/VIDEO/1960's/Creedence Clearwater Revival - I Put A Spell On You.mp4
RVTR123421,John Travolta & Olivia Newton-John,We Go Together,1,no,no,no,yes,yes,,/Users/bobhopp/DJ MEDIA/VIDEO/1970's/John Travolta & Olivia Newton-John - We Go Together.mp4
RVTR295067,The New Seekers,I'd Like To Teach The World To Sing,1,no,no,no,yes,no,,/Users/bobhopp/DJ MEDIA/VIDEO/1970's/The New Seekers - I'd Like To Teach The World To Sing.mp4
RVTR695417,Gilley's Urban Cowboy Band,Orange Blossom Special,1,no,no,no,yes,no,,/Users/bobhopp/DJ MEDIA/VIDEO/1980's/Gilley's Urban Cowboy Band - Orange Blossom Special.MP4
RVTR754661,Dean Martin,You're Nobody 'Til Somebody Loves You,1,no,no,no,yes,no,,/Users/bobhopp/DJ MEDIA/VIDEO/1960's/Dean Martin - You're Nobody 'Til Somebody Loves You.mp4
RVTR557305,Willow The Anxiety Tyler Cole,Meet Me At Our Spot,1,no,no,no,yes,no,,/Users/bobhopp/DJ MEDIA/VIDEO/2020's/Willow The Anxiety Tyler Cole - Meet Me At Our Spot.mp4
RVTR443526,Louvin Brothers,I Don't Believe You've Met My Baby,1,no,no,no,yes,no,,/Users/bobhopp/DJ MEDIA/VIDEO/1950's/I Don't Believe You've Met My Baby - Louvin Brothers.mp4
RVTR955472,DJ Cummerbund and Rammstein,Play That Funky Music,1,no,no,no,yes,no,draft,/Users/bobhopp/DJ MEDIA/VIDEO/1970's/DJ Cummerbund and Rammstein - Play That Funky Music.mp4
RVTR255176,The Drifters,This Magic Moment,1,no,yes,yes,yes,yes,,/Users/bobhopp/DJ MEDIA/VIDEO/1960's/The Drifters feat. Rick Sheppard - This Magic Moment.mp4
RVTR974544,Reverend Peyton's Big Damn Band,Raise A Little Hell,1,no,no,no,yes,no,,/Users/bobhopp/DJ MEDIA/VIDEO/2010's/Reverend Peyton's Big Damn Band - Raise A Little Hell.mp4
RVTR318915,D.J. Chuck Chillout & Kool Chip,Rhythm Is The Master,1,no,no,no,yes,no,,/Users/bobhopp/DJ MEDIA/VIDEO/1980's/D.J. Chuck Chillout & Kool Chip - Rhythm Is The Master.mp4
RVTR808670,Alan Parsons Project,I Wouldn't Want to be Like You,1,no,no,no,yes,no,review,/Users/bobhopp/DJ MEDIA/VIDEO/1970's/Alan Parsons Project - I Wouldn't Want to be Like You.mp4
RVTR691013,Maxine Nightingale,Right Back Where We Started From,1,no,yes,yes,yes,yes,draft,/Users/bobhopp/DJ MEDIA/VIDEO/1970's/Maxine Nightingale - Right Back Where We Started From.mp4
RVTR039603,"Brandy, Tamia, Gladys Knight & Chaka Khan",Missing You,1,no,no,no,yes,no,,"/Users/bobhopp/DJ MEDIA/VIDEO/1990's/Brandy, Tamia, Gladys Knight & Chaka Khan - Missing You.mp4"
RVTR962706,"Jameson Rodgers, Luke Combs",Cold Beer Calling My Name,1,no,no,no,yes,no,,"/Users/bobhopp/DJ MEDIA/VIDEO/2020's/Jameson Rodgers, Luke Combs - Cold Beer Calling My Name.mp4"
RVTR817431,Van Morrison,Wavelength,1,no,yes,yes,yes,yes,,/Users/bobhopp/DJ MEDIA/VIDEO/1970's/Van Morrison - Wavelength - 6181980 - Montreux (OFFICIAL).mp4
RVTR696357,Creedence Clearwater Revival,Lookin' Out My Backdoor,1,no,no,no,yes,no,,/Users/bobhopp/DJ MEDIA/VIDEO/1970's/Creedence Clearwater Revival - Lookin' Out My Backdoor.mp4
RVTR685154,The Walker Brothers,The Sun Ain't Gonna Shine Anymore,1,no,no,no,yes,no,,/Users/bobhopp/DJ MEDIA/VIDEO/1960's/The Walker Brothers - The Sun Ain't Gonna Shine Anymore.mp4
RVTR765507,Jermaine Stewart,We Don't Have To Take Our Clothes Off,1,no,no,yes,yes,yes,,/Users/bobhopp/DJ MEDIA/VIDEO/1980's/Jermaine Stewart - We Don't Have To Take Our Clothes Off.mp4
RVTR548998,Eric Burdon & The Animals,We Gotta Get Out Of This Place,1,yes,no,no,yes,no,cards_ready,/Users/bobhopp/DJ MEDIA/VIDEO/1960's/Eric Burdon & The Animals - We Gotta Get Out Of This Place.mp4
RVTR386292,Frankie Goes To Hollywood,Welcome To The Pleasuredome,1,no,no,no,yes,no,,/Users/bobhopp/DJ MEDIA/VIDEO/1990's/Frankie Goes To Hollywood - Welcome To The Pleasuredome.mp4
RVTR785231,Chris Farlowe,Out Of Time,1,no,no,no,yes,no,,/Users/bobhopp/DJ MEDIA/VIDEO/1960's/Chris Farlowe - Out Of Time.mp4
RVTR312543,Grateful Dead,Throwing Stones,1,no,yes,no,yes,no,,/Users/bobhopp/DJ MEDIA/VIDEO/1980's/Grateful Dead - Throwing Stones.mp4
RVTR783903,Quarterflash,Find Another Fool,1,no,yes,yes,yes,no,,/Users/bobhopp/DJ MEDIA/VIDEO/1980's/Quarterflash - Find Another Fool.mp4
RVTR270629,Joe Cocker,The Letter,1,no,yes,yes,yes,no,,/Users/bobhopp/DJ MEDIA/VIDEO/1970's/Joe Cocker - The Letter.mp4
RVTR098455,Willie Nelson & Paula Nelson,Have You Ever Seen the Rain,0,no,no,no,yes,yes,,/Users/bobhopp/DJ MEDIA/VIDEO/2010's/Willie Nelson & Paula Nelson - Have You Ever Seen the Rain.mp4
RVTR846930,"Tyga Ft. Cedric Gervais, Wiz Khalifa & Mally Mall",Molly,0,no,no,no,yes,no,,"/Users/bobhopp/DJ MEDIA/VIDEO/2010's/Tyga feat. Cedric Gervais, Wiz Khalifa & Mally Mall - Molly.mp4"
RVTR362540,Colin Benders & Cato van Dijck,I Feel Love,0,no,no,no,yes,no,,/Users/bobhopp/DJ MEDIA/VIDEO/2020's/Colin Benders & Cato van Dijck – I Feel Love - Matthijs Gaat Door.mp4
RVTR264641,The Righteous Brothers,You've Lost That Loving Feeling,0,no,no,no,yes,no,,/Users/bobhopp/DJ MEDIA/VIDEO/1960's/The Righteous Brothers - You've Lost That Loving Feeling.mp4
RVTR155925,"Pitbull f./Ne-Yo, Afrojack, and Nayer",Give Me Everything,0,no,no,no,yes,no,,"/Users/bobhopp/DJ MEDIA/VIDEO/2010's/Pitbull f._Ne-Yo, Afrojack, and Nayer - Give Me Everything.mp4"
RVTR328510,DJ Russ Harris f.DJ Keri & Bam Bam Buddha,Drums In The Club,0,no,no,no,yes,no,,/Users/bobhopp/DJ MEDIA/VIDEO/TECHNO/DJ Russ Harris f.DJ Keri & Bam Bam Buddha - Drums In The Club.mp4
RVTR138973,Weezer,If Youre Wondering If I Want You To I Want You To,0,no,no,no,yes,no,,/Users/bobhopp/DJ MEDIA/VIDEO/2000's/Weezer - If Youre Wondering If I Want You To I Want You To.mp4
RVTR536222,Herman's Hermits,Mrs. Brown You've Got A Lovely Daughter,0,yes,no,yes,yes,yes,cards_ready,/Users/bobhopp/DJ MEDIA/VIDEO/1960's/Herman's Hermits - Mrs. Brown You've Got A Lovely Daughter.mp4
RVTR221120,Ultravox,Dancing With Tears In My Eyes,0,no,yes,no,yes,no,,/Users/bobhopp/DJ MEDIA/VIDEO/1980's/00.08.25.000-Ultravox - Dancing With Tears In My Eyes (London).mp4
RVTR908525,Lil Jon featuring Kool-Aid Man,All I Really Want For Christmas,0,no,no,no,yes,yes,,/Users/bobhopp/DJ MEDIA/VIDEO/2010's/Lil Jon feat. Kool-Aid Man - All I Really Want For Christmas.mp4
RVTR509709,Danielle Bradbery,Grandpa (Tell Me 'Bout The Good Old Days),0,no,no,yes,yes,yes,,/Users/bobhopp/DJ MEDIA/VIDEO/COUNTRY/FILL/Danielle Bradbery - Grandpa (Tell Me 'Bout The Good Old Days).mp4
RVTR617029,Blake Shelton Ft. Pistol Annies & Friends,Boys 'Round Here,0,no,no,no,yes,no,review,/Users/bobhopp/DJ MEDIA/VIDEO/COUNTRY/FILL/Blake Shelton Ft. Pistol Annies & Friends - Boys 'Round Here.mp4
RVTR068252,A$AP Rocky Ft. Skrillex & Birdy Nam Nam,Wild For The Night,0,no,no,no,yes,no,review,/Users/bobhopp/DJ MEDIA/VIDEO/2010's/A$AP Rocky feat. Skrillex & Birdy Nam Nam - Wild For The Night.mp4
RVTR556852,"Lil' Romeo, Nick Cannon & 3Lw",Parents Just Don't Understand,0,no,no,no,yes,no,,"/Users/bobhopp/DJ MEDIA/VIDEO/TECHNO/Lil' Romeo, Nick Cannon & 3Lw - Parents Just Don't Understand.mp4"
RVTR972260,Thompson Square,Everything I Shouldn't Be Thinking About,0,no,no,yes,yes,yes,,/Users/bobhopp/DJ MEDIA/VIDEO/COUNTRY/FILL/Thompson Square - Everything I Shouldn't Be Thinking About.mp4
RVTR019621,Katy Perry,Chained To The Rhythm,0,no,yes,yes,yes,yes,,/Users/bobhopp/DJ MEDIA/VIDEO/2010's/Katy Perry - Chained To The Rhythm (Official) Ft. Skip Marley.mp4
RVTR618103,Rihanna And Kanye West And Paul Mccartney,Fourfiveseconds,0,no,no,no,yes,no,,/Users/bobhopp/DJ MEDIA/VIDEO/2010's/Rihanna And Kanye West And Paul Mccartney - Fourfiveseconds.MP4
RVTR484472,Albert King and Stevie Ray Vaughan,Born Under A Bad Sign,0,no,no,no,yes,yes,review,/Users/bobhopp/DJ MEDIA/VIDEO/1980's/Albert King and Stevie Ray Vaughan - Born Under A Bad Sign (HD).mp4
RVTR374274,Gloria Estefan & Miami Sound Machine,Rhythm Is Gonna Get You,0,no,no,no,yes,no,,/Users/bobhopp/DJ MEDIA/VIDEO/1980's/Gloria Estefan & Miami Sound Machine - Rhythm Is Gonna Get You.mp4
RVTR667048,Freddie And The Dreamers,If You Gotta Make A Fool Of Somebody,0,no,yes,no,yes,no,,/Users/bobhopp/DJ MEDIA/VIDEO/1960's/Freddie And The Dreamers - If You Gotta Make A Fool Of Somebody.mp4
RVTR976119,"Benny Blanco, Tainy, Selena Gomez, J Balvin",I Can't Get Enough,0,no,no,no,yes,no,review,"/Users/bobhopp/DJ MEDIA/VIDEO/2010's/Benny Blanco, Tainy, Selena Gomez, J Balvin - I Can't Get Enough.mp4"
RVTR470063,Creedence Clearwater Revival,Run through the Jungle Suzie Q,0,no,no,no,yes,no,,/Users/bobhopp/DJ MEDIA/VIDEO/1970's/Creedence Clearwater Revival - Run through the Jungle Suzie Q.mp4
RVTR436861,Kris Kristofferson & Johnny Cash,Sunday Morning Coming Down,0,no,no,no,yes,yes,,/Users/bobhopp/DJ MEDIA/VIDEO/1970's/Kris Kristofferson & Johnny Cash - Sunday Morning Coming Down.mp4
RVTR832691,David Guetta & Chris Willis f./Fergie & LMFAO,Gettin' Over You,0,no,no,no,yes,no,,/Users/bobhopp/DJ MEDIA/VIDEO/2010's/David Guetta & Chris Willis f._Fergie & LMFAO - Gettin' Over You.mp4
RVTR186756,Tim Mcgraw Ft. Taylor Swift & Keith Urban,Highway Don't Care,0,no,no,no,yes,no,,/Users/bobhopp/DJ MEDIA/VIDEO/COUNTRY/FILL/Tim Mcgraw feat. Taylor Swift & Keith Urban - Highway Don't Care.mp4
RVTR751338,"Adam Clayton & Larry Mullen, Jr.",Theme From Mission Impossible,0,no,no,no,yes,no,review,"/Users/bobhopp/DJ MEDIA/VIDEO/1990's/Adam Clayton & Larry Mullen, Jr. - Theme From Mission Impossible.mp4"
RVTR682417,Armin Van Buuren f./Sophie Ellis Bextor,Not Giving Up On Love,0,no,no,no,yes,no,review,/Users/bobhopp/DJ MEDIA/VIDEO/2010's/Armin Van Buuren f._Sophie Ellis Bextor - Not Giving Up On Love.mp4
RVTR082309,Big Sean f./Kanye West & Roscoe Dash,Marvin Gaye and Chardonnay,0,no,no,no,yes,no,review,/Users/bobhopp/DJ MEDIA/VIDEO/2010's/Big Sean f._Kanye West & Roscoe Dash - Marvin Gaye and Chardonnay.mp4
RVTR753594,Post Malone feat. Morgan Wallen,I Had Some Help,0,no,no,no,yes,no,,/Users/bobhopp/DJ MEDIA/VIDEO/2020's/Post Malone feat. Morgan Wallen - I Had Some Help (Official Video).mp4
RVTR445991,John Denver & Nitty Gritty Dirt Band,Thank God I'm A Country Boy,0,no,no,no,yes,yes,,/Users/bobhopp/DJ MEDIA/VIDEO/2010's/John Denver & Nitty Gritty Dirt Band - Thank God I'm A Country Boy.mp4
RVTR846275,Fall Out Boy,My Songs Know What You Did In The Dark,0,no,yes,yes,yes,yes,,/Users/bobhopp/DJ MEDIA/VIDEO/2010's/Fall Out Boy - My Songs Know What You Did In The Dark (Light Em Up).mp4
RVTR515185,Wiz Khalifa Ft. Ty Dolla $Ign & Snoop Dogg,You And Your Friends,0,no,no,no,yes,no,,/Users/bobhopp/DJ MEDIA/VIDEO/2010's/Wiz Khalifa feat. Ty Dolla $Ign & Snoop Dogg - You And Your Friends.mp4
RVTR977026,Three 6 Mafia vs DJ Tiesto With Sean Kingston And Flo Rida,Feel It,0,no,no,no,yes,no,,/Users/bobhopp/DJ MEDIA/VIDEO/2010's/Three 6 Mafia vs DJ Tiesto With Sean Kingston And Flo Rida - Feel It.mp4
RVTR980698,Public Enemy,Night Of The Living Baseheads,0,no,no,no,yes,yes,,/Users/bobhopp/DJ MEDIA/VIDEO/1980's/Public Enemy - Night Of The Living Baseheads (Official Music Video).mp4
RVTR598714,Pussycat Dolls,Buttons,0,no,yes,yes,yes,no,,/Users/bobhopp/DJ MEDIA/VIDEO/2000's/The Pussycat Dolls - Buttons Ft. Snoop Dogg (Official Music Video).mp4
RVTR396215,"MC Serch feat. Nas, Chubb Rock & Red Hot Lover Tone",Back To The Grill,0,no,no,no,yes,yes,,"/Users/bobhopp/DJ MEDIA/VIDEO/1990's/MC Serch feat. Nas, Chubb Rock & Red Hot Lover Tone - Back To The Grill.mp4"
RVTR512905,U2,Bad,0,no,yes,no,yes,no,,/Users/bobhopp/DJ MEDIA/VIDEO/1980's/U2 - Bad.mp4
RVTR781226,U2,One,0,no,yes,yes,yes,yes,,/Users/bobhopp/DJ MEDIA/VIDEO/1990's/U2 - One.mp4
RVTR710927,Kenny Rogers & The First Edition,Ruby Don t Take Your Love To Town,0,no,no,no,yes,no,,/Users/bobhopp/DJ MEDIA/VIDEO/1960's/Kenny Rogers & The First Edition - Ruby Don t Take Your Love To Town.mp4
RVTR307698,Moby,Go,0,no,yes,no,yes,no,,/Users/bobhopp/DJ MEDIA/VIDEO/1990's/Moby - Go.mp4
RVTR305267,311,Amber,0,no,no,no,yes,no,review,/Users/bobhopp/DJ MEDIA/VIDEO/2000's/311 - Amber.mp4
RVTR979817,Beyoncé,Ego,0,no,no,no,yes,no,review,/Users/bobhopp/DJ MEDIA/VIDEO/2000's/Beyoncé - Ego.mp4
RVTR420341,Nas,I Can,0,no,yes,yes,yes,yes,,/Users/bobhopp/DJ MEDIA/VIDEO/2010's/Nas - I Can.mp4
RVTR394129,Nelly,E.I,0,no,yes,yes,yes,yes,,/Users/bobhopp/DJ MEDIA/VIDEO/2000's/Nelly - E.I.mp4
RVTR017009,U2,Gloria,0,no,yes,no,yes,no,,/Users/bobhopp/DJ MEDIA/VIDEO/TECHNO/U2 - Gloria.mp4
RVTR705333,Cure,High,0,no,yes,yes,yes,no,,/Users/bobhopp/DJ MEDIA/VIDEO/1990's/Cure - High.mp4
RVTR058567,Beyoncé,Halo,0,no,no,no,yes,no,review,/Users/bobhopp/DJ MEDIA/VIDEO/2000's/Beyoncé - Halo.mp4
RVTR144560,Cream,NSU,0,no,no,no,yes,no,,/Users/bobhopp/DJ MEDIA/VIDEO/1960's/Cream - NSU.mp4
RVTR671457,U2,Walk On,0,no,yes,no,yes,no,,/Users/bobhopp/DJ MEDIA/VIDEO/TECHNO/U2 - Walk On.mp4
RVTR502200,Beck,E-Pro,0,no,no,yes,yes,yes,review,/Users/bobhopp/DJ MEDIA/VIDEO/2000's/Beck - E-Pro.mp4
RVTR741977,Iyaz ,Solo,0,no,no,yes,yes,yes,,/Users/bobhopp/DJ MEDIA/VIDEO/2010's/Iyaz - Solo.mp4
RVTR750240,Onyx,Slam,0,no,no,yes,yes,yes,,/Users/bobhopp/DJ MEDIA/VIDEO/1990's/Onyx - Slam.mp4
RVTR230118,Toya,I Do!!,0,no,yes,yes,yes,yes,,/Users/bobhopp/DJ MEDIA/VIDEO/2000's/Toya - I Do!!.mp4
RVTR847111,Unk,2 Step,0,no,yes,yes,yes,yes,,/Users/bobhopp/DJ MEDIA/VIDEO/2000's/Unk - 2 Step.mp4
RVTR242001,Beyonce,1+1,0,no,no,yes,yes,yes,review,/Users/bobhopp/DJ MEDIA/VIDEO/2010's/Beyonce - 1+1.mp4
RVTR926086,"DJ Khaled f./T-Pain, Ludacris, Rick Ross, Snoop Dogg",All I Do Is Win,0,no,no,no,yes,no,,"/Users/bobhopp/DJ MEDIA/VIDEO/2010's/DJ Khaled f._T-Pain, Ludacris, Rick Ross, Snoop Dogg - All I Do Is Win.mp4n.mp4"
RVTR371692,Lorde,Team,0,no,yes,yes,yes,yes,,/Users/bobhopp/DJ MEDIA/VIDEO/2010's/Lorde - Team.mp4
RVTR414510,Modjo,Lady,0,no,no,yes,yes,yes,,/Users/bobhopp/DJ MEDIA/VIDEO/2000's/Modjo - Lady.mp4
RVTR571898,Brick,Dazz,0,no,yes,yes,yes,yes,,/Users/bobhopp/DJ MEDIA/VIDEO/1970's/Brick - Dazz.mp4
RVTR385522,Flex,Cupid,0,no,no,no,yes,yes,,/Users/bobhopp/DJ MEDIA/VIDEO/2020's/Flex - Cupid.mp4
RVTR391836,U2,Vertigo,0,no,yes,yes,yes,yes,,/Users/bobhopp/DJ MEDIA/VIDEO/2000's/U2 - Vertigo.mp4
RVTR200016,Seal,Crazy,0,no,yes,yes,yes,yes,,/Users/bobhopp/DJ MEDIA/VIDEO/1990's/Seal - Crazy.mp4
RVTR586501,J. Dash,Wop,0,no,no,yes,yes,yes,,/Users/bobhopp/DJ MEDIA/VIDEO/2010's/J. Dash - Wop.mp4
RVTR429782,Magic!,Rude,0,no,no,yes,yes,yes,,/Users/bobhopp/DJ MEDIA/VIDEO/2010's/Magic! - Rude.MP4
RVTR637814,Tool,Sober,0,no,yes,no,yes,no,,/Users/bobhopp/DJ MEDIA/VIDEO/2000's/Tool - Sober.mp4
RVTR284563,Carrie Underwood & Joan Jett ,Various Joan Jett Songs CMA Collaboration,0,no,no,no,yes,no,,/Users/bobhopp/DJ MEDIA/VIDEO/2020's/Carrie Underwood & Joan Jett - Various Joan Jett Songs CMA Collaboration.mp4
RVTR683728,BTS,Butter,0,no,no,yes,yes,yes,,/Users/bobhopp/DJ MEDIA/VIDEO/2020's/BTS - Butter.mp4
RVTR118957,Lynyrd Skynyrd,Gimme Three Steps,0,no,yes,no,yes,no,,/Users/bobhopp/DJ MEDIA/VIDEO/1970's/Lynyrd Skynyrd - Gimme Three Steps - Live At The Florida Theatre  2015.mp45.mp4
RVTR254393,Adele,Hello,0,no,yes,yes,yes,yes,review,/Users/bobhopp/DJ MEDIA/VIDEO/2010's/Adele - Hello.mp4
RVTR939105,Beck,Nausea,0,no,yes,no,yes,no,review,/Users/bobhopp/DJ MEDIA/VIDEO/2000's/Beck - Nausea.mp4
RVTR588725,"Enrique Iglesias Ft. Sean Paul, Descemer Bueno & Gente De Zona",Bailando,0,no,no,no,yes,no,,"/Users/bobhopp/DJ MEDIA/VIDEO/2010's/Enrique Iglesias feat. Sean Paul, Descemer Bueno & Gente De Zona - Bailando.MP4"
RVTR484194,Staind,Fade,0,no,yes,yes,yes,yes,,/Users/bobhopp/DJ MEDIA/VIDEO/TECHNO/Staind - Fade.mp4
RVTR376649,Cameo,Candy,0,no,yes,yes,yes,yes,,/Users/bobhopp/DJ MEDIA/VIDEO/1980's/Cameo - Candy.mp4
RVTR043411,Kiiara,Gold,0,no,no,yes,yes,yes,,/Users/bobhopp/DJ MEDIA/VIDEO/2010's/Kiiara - Gold.mp4
RVTR566099,Khalid,Talk,0,no,no,yes,yes,yes,,/Users/bobhopp/DJ MEDIA/VIDEO/2010's/Khalid - Talk.mp4
RVTR476855,LSG,My Body,0,no,yes,yes,yes,yes,,/Users/bobhopp/DJ MEDIA/VIDEO/1990's/LSG - My Body.mp4
RVTR503836,Dragon,Rain,0,no,no,yes,yes,yes,,/Users/bobhopp/DJ MEDIA/VIDEO/1980's/Dragon - Rain.mp4
RVTR609622,Shakira,One,0,no,no,no,yes,no,,/Users/bobhopp/DJ MEDIA/VIDEO/TECHNO/Shakira - One.mp4
RVTR283607,Shy Carter feat. Cole Swindell and David Lee Murphy,Beer With My Friends,0,no,no,no,yes,yes,,/Users/bobhopp/DJ MEDIA/VIDEO/2020's/Shy Carter feat. Cole Swindell and David Lee Murphy - Beer With My Friends.mp4
RVTR204740,Mew,Special,0,no,no,no,yes,no,,/Users/bobhopp/DJ MEDIA/VIDEO/TECHNO/Mew - Special.mp4
RVTR083054,XX,VCR,0,no,no,no,yes,no,,/Users/bobhopp/DJ MEDIA/VIDEO/2000's/XX - VCR.MP4R.MP4
RVTR434005,KSI,Holiday,0,no,no,no,yes,no,,/Users/bobhopp/DJ MEDIA/VIDEO/2020's/KSI - Holiday.mp4
RVTR031330,Heart,Never,0,no,yes,yes,yes,yes,,/Users/bobhopp/DJ MEDIA/VIDEO/1980's/Heart - Never.mp4
RVTR366472,Hole,Violet,0,no,yes,no,yes,no,,/Users/bobhopp/DJ MEDIA/VIDEO/1990's/Hole - Violet.mp4
RVTR487646,Tesla,Signs,0,no,no,yes,yes,yes,,/Users/bobhopp/DJ MEDIA/VIDEO/1990's/Tesla - Signs.mp4
RVTR581462,Tosca,Honey,0,no,no,no,yes,no,,/Users/bobhopp/DJ MEDIA/VIDEO/TECHNO/Tosca - Honey.mp4
RVTR703571,iiO,Rapture,0,no,no,yes,yes,yes,,/Users/bobhopp/DJ MEDIA/VIDEO/TECHNO/iiO - Rapture.mp4
RVTR757261,Cassie,Me & U,0,no,no,yes,yes,yes,,/Users/bobhopp/DJ MEDIA/VIDEO/2000's/Cassie - Me & U.mp4
RVTR911161,Jay Z,I Know,0,no,no,no,yes,no,,/Users/bobhopp/DJ MEDIA/VIDEO/TECHNO/Jay Z - I Know.mp4
RVTR270866,Lizzo,Juice,0,no,no,yes,yes,yes,,/Users/bobhopp/DJ MEDIA/VIDEO/2010's/Lizzo - Juice.mp4
RVTR588377,Replay,Iyaz,0,no,no,no,yes,no,,/Users/bobhopp/DJ MEDIA/VIDEO/2000's/Replay - Iyaz.mp4
RVTR403107,Iyaz,Replay,0,no,no,yes,yes,yes,,/Users/bobhopp/DJ MEDIA/VIDEO/2010's/Iyaz - Replay.mp4
RVTR329934,Pil,The Body,0,no,no,no,yes,yes,,/Users/bobhopp/DJ MEDIA/VIDEO/1980's/Pil - The Body.mp4
RVTR039805,Beyoncé,Hold Up,0,no,no,no,yes,yes,review,/Users/bobhopp/DJ MEDIA/VIDEO/2010's/Beyoncé - Hold Up.mp4
RVTR559317,"Rich Gang Ft. Lil Wayne, Birdman, Mack Maine, Nicki Minaj & Future",Tapout,0,no,no,no,yes,no,,"/Users/bobhopp/DJ MEDIA/VIDEO/2010's/Rich Gang feat. Lil Wayne, Birdman, Mack Maine, Nicki Minaj & Future - Tapout.mp4"
RVTR618006,Rihanna,Hard,0,no,yes,yes,yes,yes,,/Users/bobhopp/DJ MEDIA/VIDEO/2000's/Rihanna - Hard.mp4
RVTR844053,Akon,Bananza,0,no,no,no,yes,no,review,/Users/bobhopp/DJ MEDIA/VIDEO/TECHNO/Akon - Bananza.mp4
RVTR114549,Beyonce,Diva,0,no,yes,yes,yes,yes,review,/Users/bobhopp/DJ MEDIA/VIDEO/2000's/Beyonce - Diva.mp4
RVTR736137,Air,Sexy Boy,0,no,no,no,yes,no,review,/Users/bobhopp/DJ MEDIA/VIDEO/1990's/Air - Sexy Boy.mp4
RVTR788314,Cam Cole,Mama,0,no,no,no,yes,yes,,/Users/bobhopp/DJ MEDIA/VIDEO/2010's/Cam Cole - Mama.mp4
RVTR476646,"Dj Khaled Ft. Chris Brown, August Alsina, Future & Jeremih",Hold You Down,0,no,no,no,yes,no,,"/Users/bobhopp/DJ MEDIA/VIDEO/2010's/Dj Khaled feat. Chris Brown, August Alsina, Future & Jeremih - Hold You Down.MP4"
RVTR567060,Ke$Ha,Tik Tok,0,no,yes,yes,yes,yes,,/Users/bobhopp/DJ MEDIA/VIDEO/2010's/Ke$Ha - Tik Tok.mp4
RVTR009565,Fancy,Bolero,0,no,no,no,yes,no,,/Users/bobhopp/DJ MEDIA/VIDEO/TECHNO/Fancy - Bolero.mp4
RVTR078554,Vixen,Cryin',0,no,no,yes,yes,yes,,/Users/bobhopp/DJ MEDIA/VIDEO/1980's/Vixen - Cryin'.mp4
RVTR326804,Mr. Big,Shine,0,no,no,no,yes,no,,/Users/bobhopp/DJ MEDIA/VIDEO/2000's/Mr. Big - Shine.mp4
RVTR675801,Amber,Sexual,0,no,no,yes,yes,yes,review,/Users/bobhopp/DJ MEDIA/VIDEO/2000's/Amber - Sexual.mp4
RVTR364565,Madonna,Jump,0,no,no,no,yes,no,,/Users/bobhopp/DJ MEDIA/VIDEO/TECHNO/Madonna - Jump.mp4
RVTR284547,Brantley Gilbert Ft. Justin Moore & Thomas Rhett,Small Town Throwdown,0,no,no,no,yes,no,,/Users/bobhopp/DJ MEDIA/VIDEO/2010's/Brantley Gilbert feat. Justin Moore & Thomas Rhett - Small Town Throwdown.mp4
RVTR526598,Savage,Swing,0,no,no,yes,yes,yes,,/Users/bobhopp/DJ MEDIA/VIDEO/2000's/Savage - Swing.mp4
RVTR440993,Flo Rida,Gdfr,0,no,no,no,yes,no,,/Users/bobhopp/DJ MEDIA/VIDEO/2010's/Flo Rida - Gdfr.MP4
RVTR865602,BTS,Dynamite,0,no,no,yes,yes,yes,,/Users/bobhopp/DJ MEDIA/VIDEO/2020's/BTS - Dynamite.mp4
RVTR358156,ABC,Be Near Me,0,no,yes,yes,yes,yes,review,/Users/bobhopp/DJ MEDIA/VIDEO/1980's/ABC - Be Near Me.mp4
RVTR566031,AC/DC,Big Gun,0,no,no,yes,yes,yes,review,/Users/bobhopp/DJ MEDIA/VIDEO/1990's/AC_DC - Big Gun.mp4
RVTR387096,D'Angelo,Lady,0,no,yes,yes,yes,yes,,/Users/bobhopp/DJ MEDIA/VIDEO/1990's/D'Angelo - Lady.mp4
RVTR027620,Kaoma,Lambada,0,no,no,yes,yes,yes,,/Users/bobhopp/DJ MEDIA/VIDEO/1990's/Kaoma - Lambada.mp4
RVTR859374,Silk,Freak Me,0,no,yes,yes,yes,yes,,/Users/bobhopp/DJ MEDIA/VIDEO/1990's/Silk - Freak Me.mp4
RVTR629030,Pitbull,Culo,0,no,yes,yes,yes,yes,,/Users/bobhopp/DJ MEDIA/VIDEO/TECHNO/Pitbull - Culo.mp4
RVTR217790,The Cult,Edie,0,no,yes,yes,yes,yes,,/Users/bobhopp/DJ MEDIA/VIDEO/1980's/The Cult - Edie.mp4
RVTR618766,Wham!,Freedom,0,no,yes,yes,yes,yes,,/Users/bobhopp/DJ MEDIA/VIDEO/1980's/Wham! - Freedom.mp4
RVTR247953,Bazzi,Myself,0,no,yes,no,yes,yes,review,/Users/bobhopp/DJ MEDIA/VIDEO/2010's/Bazzi - Myself.mp4
RVTR826599,OMD,Enola Gay,0,no,no,no,yes,no,,/Users/bobhopp/DJ MEDIA/VIDEO/TECHNO/OMD - Enola Gay.mp4
RVTR248727,Maroon 5,Maps,0,no,yes,yes,yes,yes,,/Users/bobhopp/DJ MEDIA/VIDEO/2010's/Maroon 5 - Maps.mp4
RVTR915536,ABBA,Fernando,0,no,yes,yes,yes,yes,review,/Users/bobhopp/DJ MEDIA/VIDEO/1970's/ABBA - Fernando.mp4
RVTR456337,Len Barry,1 2 3,0,yes,no,no,yes,no,cards_ready,/Users/bobhopp/DJ MEDIA/VIDEO/1960's/Len Barry - 1 2 3.mp4
RVTR768271,Lmfao,La La La,0,no,yes,yes,yes,yes,,/Users/bobhopp/DJ MEDIA/VIDEO/2000's/Lmfao - La La La.mp4
RVTR220181,Kiss,Cold Gin,0,no,yes,no,yes,no,,/Users/bobhopp/DJ MEDIA/VIDEO/1980's/KISS - Cold Gin.mp4
RVTR647330,Flo Rida,Jump,0,no,no,yes,yes,yes,,/Users/bobhopp/DJ MEDIA/VIDEO/2000's/Flo Rida - Jump.mp4
RVTR859052,Eiffel 65,Blue (Da Ba Dee),0,no,yes,yes,yes,yes,,/Users/bobhopp/DJ MEDIA/VIDEO/2000's/Eiffel 65 - Blue.mp4
RVTR613429,Monte Video And The Cassettes,Shoop Shoop Diddy Wop Cumma Cumma Wang Dang,0,no,no,no,yes,no,,/Users/bobhopp/DJ MEDIA/VIDEO/1980's/Monte Video And The Cassettes - Shoop Shoop Diddy Wop Cumma Cumma Wang Dang.mp4
RVTR090397,BTS,MIic Drop,0,no,no,no,yes,yes,,/Users/bobhopp/DJ MEDIA/VIDEO/2010's/BTS - MIic Drop.mp4
RVTR154765,J. Cole,Change,0,no,yes,yes,yes,yes,,/Users/bobhopp/DJ MEDIA/VIDEO/2010's/J. Cole - Change.mp4
RVTR869838,Maroon 5,Lost,0,no,no,no,yes,no,,/Users/bobhopp/DJ MEDIA/VIDEO/2020's/Maroon 5 - Lost.mp4
RVTR151271,Muse,Dig Down,0,no,yes,no,yes,yes,,/Users/bobhopp/DJ MEDIA/VIDEO/2010's/Muse - Dig Down.mp4
RVTR385973,No Doubt,Cool,0,no,no,no,yes,no,,/Users/bobhopp/DJ MEDIA/VIDEO/2000's/No Doubt - Cool.mp4
RVTR038388,Metallica,One,0,no,yes,yes,yes,yes,,/Users/bobhopp/DJ MEDIA/VIDEO/1980's/Metallica - One.mp4
RVTR876800,TLC,Unpretty,0,no,yes,yes,yes,yes,,/Users/bobhopp/DJ MEDIA/VIDEO/1990's/TLC - Unpretty.mp4
RVTR602625,Blondie,Denis,0,no,yes,no,yes,yes,review,/Users/bobhopp/DJ MEDIA/VIDEO/1970's/Blondie - Denis.mp4
RVTR879500,Suggs,Cecilia,0,no,no,no,yes,no,,/Users/bobhopp/DJ MEDIA/VIDEO/1990's/Suggs - Cecilia.mp4
RVTR312585,Weezer,Africa,0,no,yes,yes,yes,no,,/Users/bobhopp/DJ MEDIA/VIDEO/2010's/Weezer - Africa.mp4
RVTR585820,Dua Lipa,Idgaf,0,no,yes,yes,yes,yes,,/Users/bobhopp/DJ MEDIA/VIDEO/2010's/Dua Lipa - Idgaf.mp4
RVTR183314,Creed,Bullets,0,no,yes,no,yes,no,,/Users/bobhopp/DJ MEDIA/VIDEO/TECHNO/Creed - Bullets.mp4
RVTR528167,Madonna,Music,0,no,yes,yes,yes,yes,,/Users/bobhopp/DJ MEDIA/VIDEO/2000's/Madonna - Music.mp4
RVTR004081,GloRilla,TGIF,0,no,no,yes,yes,yes,,/Users/bobhopp/DJ MEDIA/VIDEO/2020's/GloRilla - TGIF.mp4
RVTR723114,Europe,Carrie,0,no,yes,yes,yes,yes,,/Users/bobhopp/DJ MEDIA/VIDEO/1980's/Europe - Carrie.mp4
RVTR694388,Surface,Happy,0,no,yes,yes,yes,yes,,/Users/bobhopp/DJ MEDIA/VIDEO/1980's/Surface - Happy.mp4
RVTR933932,98 Degrees,I Do,0,no,no,yes,yes,yes,review,/Users/bobhopp/DJ MEDIA/VIDEO/1990's/98 Degrees - I Do.mp4
RVTR260192,Killers,Human,0,no,yes,yes,yes,no,,/Users/bobhopp/DJ MEDIA/VIDEO/2000's/Killers - Human.mp4
RVTR755885,Jaicko,Oh Yeah,0,no,no,no,yes,no,,/Users/bobhopp/DJ MEDIA/VIDEO/TECHNO/Jaicko - Oh Yeah.mp4
RVTR271578,Ozzy,Iron Man,0,no,no,no,yes,no,,/Users/bobhopp/DJ MEDIA/VIDEO/1970's/Ozzy - Iron Man.mp4
RVTR264107,Chanel,My Life,0,no,no,no,yes,no,,/Users/bobhopp/DJ MEDIA/VIDEO/1970's/Chanel - My Life.mp4
RVTR365840,Ween,Ocean Man,0,no,no,no,yes,no,,/Users/bobhopp/DJ MEDIA/VIDEO/1990's/Ween - Ocean Man.mp4
RVTR057419,Daughtry,Home,0,no,yes,yes,yes,yes,,/Users/bobhopp/DJ MEDIA/VIDEO/2000's/Daughtry - Home.mp4
RVTR634249,JoJo,Disaster,0,no,no,yes,yes,yes,,/Users/bobhopp/DJ MEDIA/VIDEO/2010's/JoJo - Disaster.mp4
RVTR579894,Amerie,Why R U,0,no,yes,no,yes,no,review,/Users/bobhopp/DJ MEDIA/VIDEO/2000's/Amerie - Why R U.mp4
RVTR053613,Incubus,Drive,0,no,no,yes,yes,yes,,/Users/bobhopp/DJ MEDIA/VIDEO/2000's/Incubus - Drive.mp4
RVTR704641,Ray J,One Wish,0,no,yes,yes,yes,yes,,/Users/bobhopp/DJ MEDIA/VIDEO/2000's/Ray J - One Wish.mp4
RVTR157816,Farruko,Pepas,0,no,no,yes,yes,yes,,/Users/bobhopp/DJ MEDIA/VIDEO/2020's/Farruko - Pepas.mp4
RVTR245964,Moby,Bodyrock,0,no,yes,no,yes,no,,/Users/bobhopp/DJ MEDIA/VIDEO/TECHNO/Moby - Bodyrock.mp4
RVTR734901,Sponge,Plowed,0,no,yes,no,yes,no,,/Users/bobhopp/DJ MEDIA/VIDEO/1990's/Sponge - Plowed.mp4
RVTR639798,Rihanna,Te Amo,0,no,no,no,yes,no,,/Users/bobhopp/DJ MEDIA/VIDEO/2000's/Rihanna - Te Amo.mp4
RVTR339805,Psy,Gentleman,0,no,no,yes,yes,yes,,/Users/bobhopp/DJ MEDIA/VIDEO/2010's/Psy - Gentleman.mp4
RVTR604535,J. Cole,Deja Vu,0,no,yes,yes,yes,yes,,/Users/bobhopp/DJ MEDIA/VIDEO/2010's/J. Cole - Deja Vu.mp4
RVTR846987,Madonna,Sorry,0,no,yes,yes,yes,yes,,/Users/bobhopp/DJ MEDIA/VIDEO/2000's/Madonna - Sorry.mp4
RVTR686123,Pink,Funhouse,0,no,no,no,yes,no,,/Users/bobhopp/DJ MEDIA/VIDEO/2000's/Pink - Funhouse.mp4
RVTR597773,Shakira,Gypsy,0,no,yes,yes,yes,yes,,/Users/bobhopp/DJ MEDIA/VIDEO/2010's/Shakira - Gypsy.mp4
RVTR502789,Korn,Politics,0,no,yes,no,yes,no,,/Users/bobhopp/DJ MEDIA/VIDEO/TECHNO/Korn - Politics.mp4
RVTR530240,Travis,Closer,0,no,yes,no,yes,no,,/Users/bobhopp/DJ MEDIA/VIDEO/TECHNO/Travis - Closer.mp4
RVTR495254,Maroon 5,Sugar,0,no,yes,yes,yes,yes,,/Users/bobhopp/DJ MEDIA/VIDEO/2010's/Maroon 5 - Sugar.mp4
RVTR605833,Yazoo,Don't Go,0,no,no,no,yes,no,,/Users/bobhopp/DJ MEDIA/VIDEO/1980's/Yazoo - Don't Go.mp4
RVTR878953,Lily Allen,LDN,0,no,yes,no,yes,yes,,/Users/bobhopp/DJ MEDIA/VIDEO/2000's/Lily Allen - LDN.mp4
RVTR940295,Adam Ant,Strip,0,no,yes,yes,yes,yes,review,/Users/bobhopp/DJ MEDIA/VIDEO/1980's/Adam Ant - Strip.mp4
RVTR353541,Muse,Uprising,0,no,yes,yes,yes,yes,,/Users/bobhopp/DJ MEDIA/VIDEO/2000's/Muse - Uprising.MP4
RVTR665475,Sia,Chandelier,0,no,yes,yes,yes,yes,,/Users/bobhopp/DJ MEDIA/VIDEO/2010's/Sia - Chandelier.MP4
RVTR795282,Becky G,Shower,0,no,no,yes,yes,yes,review,/Users/bobhopp/DJ MEDIA/VIDEO/2010's/Becky G - Shower.MP4
RVTR815046,Jason Derulo feat. Nicki Minaj & Ty Dolla $Ign,Swalla,0,no,no,no,yes,no,,/Users/bobhopp/DJ MEDIA/VIDEO/2010's/Jason Derulo - Swalla (Feat. Nicki Minaj & Ty Dolla $Ign) (Official Music Video).mp4
RVTR790250,Tyga,Rack City,0,no,yes,yes,yes,yes,,/Users/bobhopp/DJ MEDIA/VIDEO/2010's/Tyga - Rack City.mp4
RVTR972759,Dio,Holy Diver,0,no,no,no,yes,no,,/Users/bobhopp/DJ MEDIA/VIDEO/1980's/Dio - Holy Diver.mp4
RVTR195395,Devo,Peek A Boo,0,no,no,no,yes,no,,/Users/bobhopp/DJ MEDIA/VIDEO/1980's/Devo - Peek A Boo.mp4
RVTR971207,Amine,Caroline,0,no,no,yes,yes,yes,review,/Users/bobhopp/DJ MEDIA/VIDEO/2010's/Amine - Caroline.mp4
RVTR635014,Lp,Lost On You,0,no,no,no,yes,no,,/Users/bobhopp/DJ MEDIA/VIDEO/2010's/Lp - Lost On You.mp4
RVTR438106,Fixx,Red Skies,0,no,no,no,yes,no,,/Users/bobhopp/DJ MEDIA/VIDEO/1980's/Fixx - Red Skies.mp4
RVTR645967,Too Late,Shoes,0,no,no,no,yes,no,,/Users/bobhopp/DJ MEDIA/VIDEO/1970's/Too Late - Shoes.mp4
RVTR628016,Blondie,Atomic,0,no,yes,yes,yes,yes,review,/Users/bobhopp/DJ MEDIA/VIDEO/1990's/Blondie - Atomic.mp4
RVTR657644,John Mayer,Say,0,no,no,yes,yes,yes,,/Users/bobhopp/DJ MEDIA/VIDEO/2000's/John Mayer - Say.mp4
RVTR984477,Akon,Right Now,0,no,yes,yes,yes,yes,review,/Users/bobhopp/DJ MEDIA/VIDEO/2000's/Akon - Right Now.mp4
RVTR349007,Meg Myers,Numb,0,no,no,no,yes,no,,/Users/bobhopp/DJ MEDIA/VIDEO/2010's/Meg Myers - Numb.mp4
RVTR548401,Train,Marry Me,0,no,yes,yes,yes,yes,,/Users/bobhopp/DJ MEDIA/VIDEO/2010's/Train - Marry Me.mp4
RVTR188048,Godsmack,Speak,0,no,no,yes,yes,yes,,/Users/bobhopp/DJ MEDIA/VIDEO/2000's/Godsmack - Speak.mp4
RVTR207600,Polo G,Rapstar,0,no,yes,yes,yes,yes,,/Users/bobhopp/DJ MEDIA/VIDEO/2020's/Polo G - Rapstar.mp4
RVTR987072,Staind,Falling,0,no,no,no,yes,no,,/Users/bobhopp/DJ MEDIA/VIDEO/2010's/Staind - Falling.mp4
RVTR093883,Ultravox,Hymn,0,no,yes,no,yes,no,,/Users/bobhopp/DJ MEDIA/VIDEO/TECHNO/Ultravox - Hymn.mp4
RVTR507119,Hardy,Sold Out,0,no,no,no,yes,yes,,/Users/bobhopp/DJ MEDIA/VIDEO/2020's/Hardy - Sold Out.mp4
RVTR861801,Madonna,Secret,0,no,yes,yes,yes,yes,,/Users/bobhopp/DJ MEDIA/VIDEO/1990's/Madonna - Secret.mp4
RVTR318183,Drake,One Dance,0,no,no,yes,yes,yes,,/Users/bobhopp/DJ MEDIA/VIDEO/2010's/Drake - One Dance.mp4
RVTR190290,Tiësto,Red Lights,0,no,no,no,yes,no,,/Users/bobhopp/DJ MEDIA/VIDEO/2010's/Tiësto - Red Lights.MP4
RVTR495951,Krewella,Alive,0,no,yes,yes,yes,yes,,/Users/bobhopp/DJ MEDIA/VIDEO/2010's/Krewella - Alive.mp4
RVTR685337,Zhane,Hey Mr DJ,0,no,no,no,yes,no,,/Users/bobhopp/DJ MEDIA/VIDEO/1990's/Zhane - Hey Mr DJ.mp4
RVTR607723,D4L,Laffy Taffy,0,no,yes,yes,yes,yes,,/Users/bobhopp/DJ MEDIA/VIDEO/2000's/D4L - Laffy Taffy.mp4
RVTR438099,Madonna,Frozen,0,no,yes,yes,yes,yes,,/Users/bobhopp/DJ MEDIA/VIDEO/1980's/Madonna - Frozen.mp4
RVTR220383,Drake,Fake Love,0,no,no,yes,yes,yes,,/Users/bobhopp/DJ MEDIA/VIDEO/2010's/Drake - Fake Love.mp4
RVTR217226,Tupac,Dear Mama,0,no,no,no,yes,no,,/Users/bobhopp/DJ MEDIA/VIDEO/TECHNO/Tupac - Dear Mama.mp4
RVTR701232,Warrant,Heaven,0,no,yes,yes,yes,yes,,/Users/bobhopp/DJ MEDIA/VIDEO/1980's/Warrant - Heaven.mp4
RVTR932829,Shai,Comforter,0,no,yes,yes,yes,yes,,/Users/bobhopp/DJ MEDIA/VIDEO/1990's/Shai - Comforter.mp4
RVTR657460,Seether,Remedy,0,no,yes,yes,yes,yes,,/Users/bobhopp/DJ MEDIA/VIDEO/2000's/Seether - Remedy.mp4
RVTR553536,Ferg,Plain Jane,0,no,no,no,yes,yes,,/Users/bobhopp/DJ MEDIA/VIDEO/2010's/Ferg - Plain Jane.mp4
RVTR481786,America,Tin Man,0,no,yes,yes,yes,yes,draft,/Users/bobhopp/DJ MEDIA/VIDEO/1970's/America - Tin Man.mp4
RVTR011909,Queen,It's Late,0,no,no,yes,yes,yes,,/Users/bobhopp/DJ MEDIA/VIDEO/1990's/Queen - It's Late.mp4
RVTR083209,Beyoncé,Formation,0,no,no,no,yes,no,review,/Users/bobhopp/DJ MEDIA/VIDEO/2010's/Beyoncé - Formation.mp4
RVTR308012,Icehouse,Crazy,0,no,yes,yes,yes,yes,,/Users/bobhopp/DJ MEDIA/VIDEO/1980's/Icehouse - Crazy.mp4
RVTR741475,Aerosmith,Pink,0,no,no,yes,yes,yes,review,/Users/bobhopp/DJ MEDIA/VIDEO/1990's/Aerosmith - Pink.mp4
RVTR974829,SNAP!,The Power,0,no,yes,yes,yes,yes,,/Users/bobhopp/DJ MEDIA/VIDEO/1980's/SNAP! - The Power.mp4
RVTR020677,Walker Hayes,AA,0,no,no,yes,yes,yes,,/Users/bobhopp/DJ MEDIA/VIDEO/2020's/Walker Hayes - AA.mp4
RVTR871782,Beyonce,Deja Vu,0,no,no,yes,yes,yes,review,/Users/bobhopp/DJ MEDIA/VIDEO/2000's/Beyonce - Deja Vu.mp4
RVTR854425,Le Click,Call Me,0,no,no,yes,yes,yes,,/Users/bobhopp/DJ MEDIA/VIDEO/1990's/Le Click - Call Me.mp4
RVTR016195,Garbage,Push It,0,no,no,yes,yes,yes,,/Users/bobhopp/DJ MEDIA/VIDEO/1990's/Garbage - Push It.mp4
RVTR133450,Akon,I'm So Paid,0,no,yes,yes,yes,yes,review,/Users/bobhopp/DJ MEDIA/VIDEO/2000's/Akon - I'm So Paid.mp4
RVTR506120,Beyoncé,Partition,0,no,no,no,yes,no,review,/Users/bobhopp/DJ MEDIA/VIDEO/2010's/Beyoncé - Partition.MP4
RVTR112925,Halsey,Control,0,no,no,no,yes,yes,,/Users/bobhopp/DJ MEDIA/VIDEO/2010's/Halsey - Control.mp4
RVTR845493,Berlin,Sex I'm A,0,no,yes,yes,yes,yes,review,/Users/bobhopp/DJ MEDIA/VIDEO/1980's/Berlin - Sex I'm A.mp4
RVTR441372,Sub Urban,Freak,0,no,no,no,yes,yes,,/Users/bobhopp/DJ MEDIA/VIDEO/1990's/Sub Urban - Freak.mp4
RVTR477621,Hardy,Truck Bed,0,no,yes,yes,yes,yes,,/Users/bobhopp/DJ MEDIA/VIDEO/2020's/Hardy - Truck Bed.mp4
RVTR171206,En Vogue,Riddle,0,no,yes,yes,yes,yes,,/Users/bobhopp/DJ MEDIA/VIDEO/2000's/En Vogue - Riddle.mp4
RVTR219893,Nelly,The Champ,0,no,no,yes,yes,yes,,/Users/bobhopp/DJ MEDIA/VIDEO/2010's/Nelly - The Champ.mp4
RVTR788498,Jon Secada,Stop,0,no,no,no,yes,no,,/Users/bobhopp/DJ MEDIA/VIDEO/TECHNO/Jon Secada - Stop.mp4
RVTR449833,Moby,Southside,0,no,no,no,yes,no,,/Users/bobhopp/DJ MEDIA/VIDEO/2000's/Moby - Southside.mp4
RVTR388333,Staind,Zoe Jane,0,no,yes,no,yes,no,,/Users/bobhopp/DJ MEDIA/VIDEO/2000's/Staind - Zoe Jane.mp4
RVTR205855,Rick James,Glow,0,no,yes,no,yes,yes,,/Users/bobhopp/DJ MEDIA/VIDEO/1980's/Rick James - Glow.mp4
RVTR250475,LL COOL J,I'm Bad,0,no,no,yes,yes,yes,,/Users/bobhopp/DJ MEDIA/VIDEO/1980's/LL COOL J - I'm Bad.mp4
RVTR364998,Jessie J,Domino,0,no,yes,yes,yes,yes,,/Users/bobhopp/DJ MEDIA/VIDEO/2010's/Jessie J - Domino.mp4
RVTR975748,Rush,The Garden,0,no,no,no,yes,no,,/Users/bobhopp/DJ MEDIA/VIDEO/1970's/Rush - The Garden.mp4
RVTR253131,Lorde,Mood Ring,0,no,no,no,yes,no,,/Users/bobhopp/DJ MEDIA/VIDEO/2020's/Lorde - Mood Ring.mp4
RVTR884330,Elwood,Sundown,0,no,no,no,yes,no,,/Users/bobhopp/DJ MEDIA/VIDEO/2010's/Elwood - Sundown.mp4
RVTR756240,MIKA,Love Today,0,no,yes,yes,yes,yes,,/Users/bobhopp/DJ MEDIA/VIDEO/2000's/Mika - Love Today.mp4
RVTR304268,Ratt,Wanted Man,0,no,yes,yes,yes,yes,,/Users/bobhopp/DJ MEDIA/VIDEO/1980's/Ratt - Wanted Man.mp4
RVTR050552,Jay Z,Can I Get A,0,no,no,no,yes,no,,/Users/bobhopp/DJ MEDIA/VIDEO/1990's/Jay Z - Can I Get A.mp4
RVTR877295,Ray J ,Sexy Can I,0,no,yes,yes,yes,yes,,/Users/bobhopp/DJ MEDIA/VIDEO/2000's/Ray J - Sexy Can I.mp4
RVTR774618,Maroon 5,Misery,0,no,yes,yes,yes,yes,,/Users/bobhopp/DJ MEDIA/VIDEO/2010's/Maroon 5 - Misery.mp4
RVTR226318,Paramore,Decode,0,no,no,yes,yes,yes,,/Users/bobhopp/DJ MEDIA/VIDEO/2000's/Paramore - Decode.mp4
RVTR795871,Drake,The Motto,0,no,no,yes,yes,yes,,/Users/bobhopp/DJ MEDIA/VIDEO/2010's/Drake - The Motto.mp4
RVTR745717,Tai Verdes,A-O-K,0,no,no,yes,yes,yes,,/Users/bobhopp/DJ MEDIA/VIDEO/2010's/Tai Verdes - A-O-K.mp4
RVTR275254,Hole,Doll Parts,0,no,no,yes,yes,yes,,/Users/bobhopp/DJ MEDIA/VIDEO/1990's/Hole - Doll Parts.mp4
RVTR126241,Pink Floyd,Time,0,no,yes,no,yes,no,,/Users/bobhopp/DJ MEDIA/VIDEO/1970's/Pink Floyd - Time.mp4
RVTR557773,Korn,Evolution,0,no,yes,no,yes,no,,/Users/bobhopp/DJ MEDIA/VIDEO/2000's/Korn - Evolution.mp4
RVTR469930,Pitbull,Go Girl,0,no,no,yes,yes,yes,,/Users/bobhopp/DJ MEDIA/VIDEO/TECHNO/Pitbull - Go Girl.mp4
RVTR458236,Sevendust,Ugly,0,no,no,no,yes,no,,/Users/bobhopp/DJ MEDIA/VIDEO/TECHNO/Sevendust - Ugly.mp4
RVTR212645,A Wall,Loverboy,0,no,no,no,yes,no,review,/Users/bobhopp/DJ MEDIA/VIDEO/2020's/A Wall - Loverboy.mp4
RVTR591085,Aerosmith,Jaded,0,no,no,yes,yes,yes,review,/Users/bobhopp/DJ MEDIA/VIDEO/2000's/Aerosmith - Jaded.mp4
RVTR876269,Ofenbach,Be Mine,0,no,no,no,yes,yes,,/Users/bobhopp/DJ MEDIA/VIDEO/2010's/Ofenbach - Be Mine.mp4
RVTR344019,Madonna,Holiday,0,no,yes,yes,yes,yes,,/Users/bobhopp/DJ MEDIA/VIDEO/1980's/Madonna - Holiday.mp4
RVTR547655,White Lion,Wait,0,no,yes,yes,yes,yes,,/Users/bobhopp/DJ MEDIA/VIDEO/1980's/White Lion - Wait.mp4
RVTR466085,Ed Sheeran,Don't,0,no,yes,yes,yes,yes,,/Users/bobhopp/DJ MEDIA/VIDEO/2010's/Ed Sheeran - Don't.mp4
RVTR998494,Hardy,Rednecker,0,no,no,no,yes,yes,,/Users/bobhopp/DJ MEDIA/VIDEO/2010's/Hardy - Rednecker.mp4
RVTR690883,Saint JHN,Roses,0,no,no,yes,yes,yes,,/Users/bobhopp/DJ MEDIA/VIDEO/2010's/Saint JHN - Roses.mp4
RVTR823247,Joe Tex,I Gotcha,0,no,no,yes,yes,yes,,/Users/bobhopp/DJ MEDIA/VIDEO/1970's/Joe Tex - I Gotcha.mp4
RVTR905190,Roy Clark On Fiddle & Jimmie Henley 12 yrs Old On Banjo,Orange Blossom Special,0,no,no,no,yes,no,review,/Users/bobhopp/DJ MEDIA/VIDEO/COUNTRY/FILL/Roy Clark On Fiddle & Jimmie Henley 12 yrs Old On Banjo - Orange Blossom Special.mp4
RVTR778992,Europe,Cherokee,0,no,yes,yes,yes,yes,,/Users/bobhopp/DJ MEDIA/VIDEO/1980's/Europe - Cherokee.mp4
RVTR340358,Savage,Only You,0,no,no,no,yes,no,,/Users/bobhopp/DJ MEDIA/VIDEO/TECHNO/Savage - Only You.mp4
RVTR593847,Coldplay,Clocks,0,no,yes,yes,yes,yes,,/Users/bobhopp/DJ MEDIA/VIDEO/2000's/Coldplay - Clocks.mp4
RVTR213828,Tim Scott,Swear,0,no,no,no,yes,no,,/Users/bobhopp/DJ MEDIA/VIDEO/1980's/Tim Scott - Swear.mp4
RVTR921151,Cruel You,Shoes,0,no,no,no,yes,no,,/Users/bobhopp/DJ MEDIA/VIDEO/1970's/Cruel You - Shoes.mp4
RVTR091441,Ke$ha,Take It Off,0,no,no,yes,yes,yes,,/Users/bobhopp/DJ MEDIA/VIDEO/2010's/Ke$ha - Take It Off.mp4
RVTR214985,Van Halen,Panama,0,no,yes,yes,yes,yes,,/Users/bobhopp/DJ MEDIA/VIDEO/1980's/Van Halen - Panama.mp4
RVTR063295,Jay Z,Big Pimpin,0,no,no,no,yes,no,,/Users/bobhopp/DJ MEDIA/VIDEO/2000's/Jay Z - Big Pimpin.mp4
RVTR371585,Shania Twain,Up!,0,no,yes,yes,yes,yes,,/Users/bobhopp/DJ MEDIA/VIDEO/2000's/Shania Twain - Up!.mp4
RVTR584446,Lit,Over My Head,0,no,no,no,yes,no,,/Users/bobhopp/DJ MEDIA/VIDEO/TECHNO/Lit - Over My Head.mp4
RVTR467246,Corona,Baby Baby,0,no,no,yes,yes,yes,,/Users/bobhopp/DJ MEDIA/VIDEO/1990's/Corona - Baby Baby.mp4
RVTR279818,Mystikal,Danger,0,no,no,yes,yes,yes,,/Users/bobhopp/DJ MEDIA/VIDEO/2000's/Mystikal - Danger.mp4
RVTR290582,Katy Perry,Roar,0,no,yes,yes,yes,yes,,/Users/bobhopp/DJ MEDIA/VIDEO/2010's/Katy Perry - Roar.mp4
RVTR067027,Book Of Love,Boy,0,no,no,no,yes,no,,/Users/bobhopp/DJ MEDIA/VIDEO/1980's/Book Of Love - Boy.mp4
RVTR981442,Korn,Did My Time,0,no,yes,yes,yes,yes,,/Users/bobhopp/DJ MEDIA/VIDEO/2000's/Korn - Did My Time.mp4
RVTR754053,J. Cole,Immortal,0,no,yes,yes,yes,yes,,/Users/bobhopp/DJ MEDIA/VIDEO/2010's/J. Cole - Immortal.mp4
RVTR096206,Agnes,Release Me,0,no,no,no,yes,no,review,/Users/bobhopp/DJ MEDIA/VIDEO/2000's/Agnes - Release Me.mp4
RVTR733256,Kendrick Lamar,I,0,no,no,yes,yes,yes,,/Users/bobhopp/DJ MEDIA/VIDEO/2010's/Kendrick Lamar - I.mp4
RVTR152632,Chevelle,The Red,0,no,yes,yes,yes,yes,,/Users/bobhopp/DJ MEDIA/VIDEO/2000's/Chevelle - The Red.mp4
RVTR237860,Pearl Jam,Oceans,0,no,yes,no,yes,no,,/Users/bobhopp/DJ MEDIA/VIDEO/1990's/Pearl Jam - Oceans.mp4
RVTR073870,Awolnation,Sail,0,no,no,yes,yes,yes,review,/Users/bobhopp/DJ MEDIA/VIDEO/2010's/Awolnation - Sail.mp4
RVTR816369,Bakar,Hell N Back,0,no,no,yes,yes,yes,review,/Users/bobhopp/DJ MEDIA/VIDEO/2010's/Bakar - Hell N Back.mp4
RVTR235498,U2,Beautiful Day,0,no,yes,yes,yes,yes,,/Users/bobhopp/DJ MEDIA/VIDEO/2000's/U2 - Beautiful Day.mp4
RVTR447830,Maroon 5,Animals,0,no,yes,yes,yes,yes,,/Users/bobhopp/DJ MEDIA/VIDEO/2010's/Maroon 5 - Animals.MP4
RVTR376886,Pitbull,"Bon, Bon",0,no,yes,yes,yes,yes,,"/Users/bobhopp/DJ MEDIA/VIDEO/2010's/Pitbull - Bon, Bon.mp4"
RVTR136631,Van Halen,Dreams,0,no,yes,yes,yes,yes,,/Users/bobhopp/DJ MEDIA/VIDEO/1980's/Van Halen - Dreams.mp4
RVTR427249,The Beatles,Rain,0,no,no,yes,yes,yes,,/Users/bobhopp/DJ MEDIA/VIDEO/1960's/The Beatles - Rain.mp4
RVTR986424,Devo,Girl U Want,0,no,yes,no,yes,yes,,/Users/bobhopp/DJ MEDIA/VIDEO/1980's/Devo - Girl U Want.mp4
RVTR129966,Genesis,Ripples,0,no,yes,no,yes,yes,,/Users/bobhopp/DJ MEDIA/VIDEO/1970's/Genesis - Ripples.mp4
RVTR277638,OneRepublic,Run,0,no,no,no,yes,no,,/Users/bobhopp/DJ MEDIA/VIDEO/2020's/OneRepublic - Run.mp4
RVTR279832,Cream,I feel free,0,no,yes,no,yes,yes,,/Users/bobhopp/DJ MEDIA/VIDEO/1960's/Cream - I feel free.mp4
RVTR161636,50 Cent,In Da Club,0,no,yes,yes,yes,yes,review,/Users/bobhopp/DJ MEDIA/VIDEO/2000's/50 Cent - In Da Club.mp4
RVTR879533,Lil Tecca,Ransom,0,no,no,no,yes,no,,/Users/bobhopp/DJ MEDIA/VIDEO/2010's/Lil Tecca - Ransom.mp4
RVTR840915,Beyoncé,Love On Top,0,no,no,no,yes,no,review,/Users/bobhopp/DJ MEDIA/VIDEO/2010's/Beyoncé - Love On Top.mp4
RVTR403553,Coldplay,Yellow,0,no,no,yes,yes,yes,,/Users/bobhopp/DJ MEDIA/VIDEO/2000's/Coldplay - Yellow.mp4
RVTR611723,Staind,Not Again,0,no,yes,no,yes,no,,/Users/bobhopp/DJ MEDIA/VIDEO/2010's/Staind - Not Again.mp4
RVTR835187,Rihanna,Man Down,0,no,yes,yes,yes,yes,,/Users/bobhopp/DJ MEDIA/VIDEO/2010's/Rihanna - Man Down.mp4
RVTR264243,Tesla,I Love You,0,no,yes,no,yes,yes,,/Users/bobhopp/DJ MEDIA/VIDEO/2010's/Tesla - I Love You.mp4
RVTR753293,Candlebox,Change,0,no,yes,no,yes,yes,,/Users/bobhopp/DJ MEDIA/VIDEO/1990's/Candlebox - Change.mp4
RVTR869924,LeAnn Rimes,Blue,0,no,yes,yes,yes,yes,,/Users/bobhopp/DJ MEDIA/VIDEO/1990's/LeAnn Rimes - Blue.mp4
RVTR258445,Kix,Blow My Fuse,0,no,yes,no,yes,no,,/Users/bobhopp/DJ MEDIA/VIDEO/1980's/Kix - Blow My Fuse.mp4
RVTR370540,Tamperer,Feel It,0,no,no,no,yes,no,,/Users/bobhopp/DJ MEDIA/VIDEO/TECHNO/Tamperer - Feel It.mp4
RVTR353610,U2,New Year's Day,0,no,yes,yes,yes,yes,,/Users/bobhopp/DJ MEDIA/VIDEO/1980's/U2 - New Year's Day.mp4
RVTR021292,Jewel,Intuition,0,no,no,yes,yes,yes,,/Users/bobhopp/DJ MEDIA/VIDEO/2000's/Jewel - Intuition.mp4
RVTR148989,Rihanna,Rude Boy,0,no,yes,yes,yes,yes,,/Users/bobhopp/DJ MEDIA/VIDEO/2000's/Rihanna - Rude Boy.mp4
RVTR035132,Shakira,She Wolf,0,no,yes,yes,yes,yes,,/Users/bobhopp/DJ MEDIA/VIDEO/2000's/Shakira - She Wolf.mp4
RVTR273783,Herb Alpert,Rise,0,no,yes,yes,yes,yes,,/Users/bobhopp/DJ MEDIA/VIDEO/1970's/Herb Alpert - Rise.mp4
RVTR052460,Dokken,Walk Away,0,no,no,no,yes,no,,/Users/bobhopp/DJ MEDIA/VIDEO/1980's/Dokken - Walk Away.mp4
RVTR755685,Britney Spears,3,0,no,yes,yes,yes,yes,,/Users/bobhopp/DJ MEDIA/VIDEO/2000's/Britney Spears - 3.mp4
RVTR054400,Ciara,Body Party,0,no,no,yes,yes,yes,,/Users/bobhopp/DJ MEDIA/VIDEO/2010's/Ciara - Body Party.mp4
RVTR591702,Ozzy,Mr Crowley,0,no,no,no,yes,no,,/Users/bobhopp/DJ MEDIA/VIDEO/1980's/Ozzy - Mr Crowley.mp4
RVTR849270,Lana Del Rey,Cola,0,no,no,no,yes,no,,/Users/bobhopp/DJ MEDIA/VIDEO/2010's/Lana Del Rey - Cola.mp4
RVTR971334,Flo Rida,Whistle,0,no,yes,yes,yes,yes,,/Users/bobhopp/DJ MEDIA/VIDEO/2010's/Flo Rida - Whistle.mp4
RVTR283373,Gabrielle,Dreams,0,no,no,yes,yes,yes,,/Users/bobhopp/DJ MEDIA/VIDEO/1990's/Gabrielle - Dreams.mp4
RVTR232190,Berlin,The Metro,0,no,yes,yes,yes,yes,review,/Users/bobhopp/DJ MEDIA/VIDEO/1980's/Berlin - The Metro.mp4
RVTR816924,The Cure,Lullaby,0,no,yes,yes,yes,yes,,/Users/bobhopp/DJ MEDIA/VIDEO/1980's/The Cure - Lullaby.mp4
RVTR195082,Linkin Park,Numb,0,no,no,yes,yes,yes,,/Users/bobhopp/DJ MEDIA/VIDEO/2000's/Linkin Park - Numb.mp4
RVTR391513,Lana Del Rey,Ride,0,no,no,no,yes,no,,/Users/bobhopp/DJ MEDIA/VIDEO/2010's/Lana Del Rey - Ride.mp4
RVTR207784,Meg Myers,Desire,0,no,no,no,yes,no,,/Users/bobhopp/DJ MEDIA/VIDEO/2010's/Meg Myers - Desire.mp4
RVTR077806,Zayn,Pillowtalk,0,no,yes,yes,yes,yes,,/Users/bobhopp/DJ MEDIA/VIDEO/2010's/Zayn - Pillowtalk.mp4
RVTR526519,The Doors,Gloria,0,no,yes,yes,yes,yes,,/Users/bobhopp/DJ MEDIA/VIDEO/1960's/The Doors - Gloria.mp4
RVTR090355,Van Halen,Tattoo,0,no,yes,yes,yes,yes,,/Users/bobhopp/DJ MEDIA/VIDEO/2010's/Van Halen - Tattoo.mp4
RVTR329534,ABC,Poison Arrow,0,no,yes,yes,yes,yes,review,/Users/bobhopp/DJ MEDIA/VIDEO/1980's/ABC - Poison Arrow.mp4
RVTR295205,Mary J. Blige ,I Am,0,no,yes,yes,yes,yes,,/Users/bobhopp/DJ MEDIA/VIDEO/2010's/Mary J. Blige - I Am.mp4
RVTR351397,Go West,Faithful,0,no,yes,yes,yes,yes,,/Users/bobhopp/DJ MEDIA/VIDEO/1990's/Go West - Faithful.mp4
RVTR650398,New Order,Regret,0,no,yes,yes,yes,yes,,/Users/bobhopp/DJ MEDIA/VIDEO/1990's/New Order - Regret.mp4
RVTR376128,Nelly,Number One,0,no,no,no,yes,no,,/Users/bobhopp/DJ MEDIA/VIDEO/2000's/Nelly - Number One.mp4
RVTR292681,Rihanna,Diamonds,0,no,yes,yes,yes,yes,,/Users/bobhopp/DJ MEDIA/VIDEO/2010's/Rihanna - Diamonds.mp4
RVTR463846,Staxx Of Joy,Joy,0,no,no,no,yes,no,,/Users/bobhopp/DJ MEDIA/VIDEO/TECHNO/Staxx Of Joy - Joy.mp4
RVTR838692,Yazoo,Situation,0,no,no,no,yes,no,,/Users/bobhopp/DJ MEDIA/VIDEO/1980's/Yazoo - Situation.mp4
RVTR035491,Lita Ford,Hungry,0,no,no,yes,yes,yes,,/Users/bobhopp/DJ MEDIA/VIDEO/1990's/Lita Ford - Hungry.mp4
RVTR556093,Dido,Here With Me,0,no,yes,no,yes,no,,/Users/bobhopp/DJ MEDIA/VIDEO/TECHNO/Dido - Here With Me.mp4
RVTR623162,Luke Bryan,Waves,0,no,no,yes,yes,yes,,/Users/bobhopp/DJ MEDIA/VIDEO/COUNTRY/FILL/Luke Bryan - Waves.mp4
RVTR249777,Rihanna,Umbrella,0,no,yes,yes,yes,yes,,/Users/bobhopp/DJ MEDIA/VIDEO/2000's/Rihanna - Umbrella.mp4
RVTR706202,Daft Punk,Da Funk,0,no,yes,no,yes,no,,/Users/bobhopp/DJ MEDIA/VIDEO/1990's/Daft Punk - Da Funk.mp4
RVTR122291,Cher,Dove L'amore,0,no,no,no,yes,no,,/Users/bobhopp/DJ MEDIA/VIDEO/1990's/Cher - Dove L'amore.mp4
RVTR523110,ABBA,Voulez Vous,0,no,no,no,yes,yes,review,/Users/bobhopp/DJ MEDIA/VIDEO/1970's/ABBA - Voulez Vous.mp4
RVTR945741,Link Wray,Rumble,0,no,no,no,yes,no,,/Users/bobhopp/DJ MEDIA/VIDEO/1970's/Link Wray - Rumble.mp4
RVTR442834,Europe,Tomorrow,0,no,no,no,yes,no,,/Users/bobhopp/DJ MEDIA/VIDEO/1980's/Europe - Tomorrow.mp4
RVTR162200,Firm,Radioactive,0,no,yes,yes,yes,no,,/Users/bobhopp/DJ MEDIA/VIDEO/1980's/Firm - Radioactive.mp4
RVTR167223,Blur,Girls & Boys,0,no,yes,yes,yes,yes,review,/Users/bobhopp/DJ MEDIA/VIDEO/1990's/Blur - Girls & Boys.mp4
RVTR537890,Paramore,Careful,0,no,yes,yes,yes,yes,,/Users/bobhopp/DJ MEDIA/VIDEO/2000's/Paramore - Careful.mp4
RVTR600089,Young M.A,Ooouuu,0,no,yes,yes,yes,yes,,/Users/bobhopp/DJ MEDIA/VIDEO/2010's/Young M.A - Ooouuu.mp4
RVTR482455,Spice Girls,Stop,0,no,yes,yes,yes,yes,,/Users/bobhopp/DJ MEDIA/VIDEO/1990's/Spice Girls - Stop.mp4
RVTR484815,Bronsky Beat,Why,0,no,no,no,yes,no,,/Users/bobhopp/DJ MEDIA/VIDEO/1980's/Bronsky Beat - Why.mp4
RVTR857958,Eminem,Beautiful,0,no,no,yes,yes,yes,,/Users/bobhopp/DJ MEDIA/VIDEO/2000's/Eminem - Beautiful.mp4
RVTR044974,No Doubt,Running,0,no,yes,yes,yes,yes,,/Users/bobhopp/DJ MEDIA/VIDEO/2000's/No Doubt - Running.mp4
RVTR386134,J. Cole,Neighbors,0,no,yes,yes,yes,yes,,/Users/bobhopp/DJ MEDIA/VIDEO/2010's/J. Cole - Neighbors.mp4
RVTR877165,Sean Paul,So Fine,0,no,no,yes,yes,yes,,/Users/bobhopp/DJ MEDIA/VIDEO/2000's/Sean Paul - So Fine.mp4
RVTR667729,Alessia Cara,Here,0,no,yes,yes,yes,yes,review,/Users/bobhopp/DJ MEDIA/VIDEO/2010's/Alessia Cara - Here.mp4
RVTR128655,Brett Young,Lady,0,no,no,yes,yes,yes,,/Users/bobhopp/DJ MEDIA/VIDEO/COUNTRY/FILL/Brett Young - Lady.mp4
RVTR475224,Killers,Spaceman,0,no,yes,yes,yes,no,,/Users/bobhopp/DJ MEDIA/VIDEO/2000's/Killers - Spaceman.mp4
RVTR670483,No Doubt,Hey Baby,0,no,yes,yes,yes,yes,,/Users/bobhopp/DJ MEDIA/VIDEO/2000's/No Doubt - Hey Baby.mp4
RVTR473384,Little Mix,Touch,0,no,yes,no,yes,no,,/Users/bobhopp/DJ MEDIA/VIDEO/2010's/Little Mix - Touch.mp4
RVTR705515,Staind,All I Want,0,no,yes,no,yes,no,,/Users/bobhopp/DJ MEDIA/VIDEO/TECHNO/Staind - All I Want.mp4
RVTR396641,The Doors,The End,0,no,no,no,yes,no,,/Users/bobhopp/DJ MEDIA/VIDEO/1970's/The Doors - The End.mp4
RVTR290687,Billie Eilish,NDA,0,no,no,yes,yes,yes,review,/Users/bobhopp/DJ MEDIA/VIDEO/2020's/Billie Eilish - NDA.mp4
RVTR643407,Marshmello,Alone,0,no,no,yes,yes,yes,,/Users/bobhopp/DJ MEDIA/VIDEO/2010's/Marshmello - Alone.mp4
RVTR430067,Taylor Swift,Red,0,no,yes,yes,yes,yes,,/Users/bobhopp/DJ MEDIA/VIDEO/2010's/Taylor Swift - Red.MP4
RVTR144482,INXS,Don't Change,0,no,no,yes,yes,yes,,/Users/bobhopp/DJ MEDIA/VIDEO/1980's/INXS - Don't Change.mp4
RVTR524792,Little Mix,Wings,0,no,yes,yes,yes,yes,,/Users/bobhopp/DJ MEDIA/VIDEO/2010's/Little Mix - Wings.mp4
RVTR645107,Korn,Got The Life,0,no,yes,no,yes,no,,/Users/bobhopp/DJ MEDIA/VIDEO/2000's/Korn - Got The Life.mp4
RVTR532391,Lifehouse,Broken,0,no,yes,yes,yes,yes,,/Users/bobhopp/DJ MEDIA/VIDEO/2000's/Lifehouse - Broken.mp4
RVTR417627,Sade,Is It A Crime,0,no,yes,no,yes,no,,/Users/bobhopp/DJ MEDIA/VIDEO/1980's/Sade - Is It A Crime.mp4
RVTR059868,Crazy Frog,Axel F,0,no,yes,yes,yes,yes,,/Users/bobhopp/DJ MEDIA/VIDEO/TECHNO/Crazy Frog - Axel F.mp4
RVTR150094,FKW,Seize The Day,0,no,no,no,yes,no,,/Users/bobhopp/DJ MEDIA/VIDEO/TECHNO/FKW - Seize The Day.mp4
RVTR876641,Eve,Satisfaction,0,no,no,yes,yes,yes,,/Users/bobhopp/DJ MEDIA/VIDEO/2000's/Eve - Satisfaction.mp4
RVTR249049,Lil Wayne,On Fire,0,no,yes,yes,yes,yes,,/Users/bobhopp/DJ MEDIA/VIDEO/2000's/Lil Wayne - On Fire.mp4
RVTR941121,Little Mix,Power,0,no,yes,no,yes,no,,/Users/bobhopp/DJ MEDIA/VIDEO/2010's/Little Mix - Power.mp4
RVTR348644,Reignwolf,Keeper,0,no,no,no,yes,yes,,/Users/bobhopp/DJ MEDIA/VIDEO/2010's/Reignwolf - Keeper.mp4
RVTR260720,Melanie Fiona,4 AM,0,no,yes,yes,yes,yes,,/Users/bobhopp/DJ MEDIA/VIDEO/2010's/Melanie Fiona - 4 AM.mp4
RVTR519160,R. Kelly,Down Low,0,no,yes,yes,yes,yes,,/Users/bobhopp/DJ MEDIA/VIDEO/1990's/R. Kelly - Down Low.mp4
RVTR113666,Flo Rida,My House,0,no,yes,yes,yes,yes,,/Users/bobhopp/DJ MEDIA/VIDEO/2010's/Flo Rida - My House.mp4
RVTR802406,MXMS,Gravedigger,0,no,no,no,yes,yes,,/Users/bobhopp/DJ MEDIA/VIDEO/2010's/MXMS - Gravedigger.mp4
RVTR367905,Madonna,Oh Father,0,no,yes,yes,yes,yes,,/Users/bobhopp/DJ MEDIA/VIDEO/1980's/Madonna - Oh Father.mp4
RVTR151504,Akon,Don't Matter,0,no,no,yes,yes,yes,review,/Users/bobhopp/DJ MEDIA/VIDEO/2000's/Akon - Don't Matter.mp4
RVTR702989,The Vamps,Oh Cecilia,0,no,no,no,yes,no,,/Users/bobhopp/DJ MEDIA/VIDEO/2010's/The Vamps - Cecilia.mp4
RVTR236208,Eminem,Not Afraid,0,no,yes,yes,yes,yes,,/Users/bobhopp/DJ MEDIA/VIDEO/2010's/Eminem - Not Afraid.mp4
RVTR923258,Opus,Live Is Life,0,no,no,yes,yes,yes,,/Users/bobhopp/DJ MEDIA/VIDEO/TECHNO/Opus - Live Is Life.mp4
RVTR351554,Mariah Carey,Hero,0,no,no,yes,yes,yes,,/Users/bobhopp/DJ MEDIA/VIDEO/1990's/Mariah Carey - Hero.mp4
RVTR583312,Gucci Mane,Wasted,0,no,yes,yes,yes,yes,,/Users/bobhopp/DJ MEDIA/VIDEO/2000's/Gucci Mane - Wasted.mp4
RVTR043348,Howie Day,Collide,0,no,yes,yes,yes,yes,,/Users/bobhopp/DJ MEDIA/VIDEO/2010's/Howie Day - Collide.mp4
RVTR383649,Awesome 3,Don't Go,0,no,no,no,yes,no,review,/Users/bobhopp/DJ MEDIA/VIDEO/TECHNO/Awesome 3 - Don't Go.mp4
RVTR751445,Toby Keith,Me Too,0,no,yes,no,yes,no,,/Users/bobhopp/DJ MEDIA/VIDEO/COUNTRY/FILL/Toby Keith - Me Too.mp4
RVTR032194,Spose,I'm Awesome,0,no,no,yes,yes,yes,,/Users/bobhopp/DJ MEDIA/VIDEO/2010's/Spose - I'm Awesome.mp4
RVTR286867,Disturbed,Prayer,0,no,yes,yes,yes,yes,,/Users/bobhopp/DJ MEDIA/VIDEO/2000's/Disturbed - Prayer.mp4
RVTR974101,Green Day,Holiday,0,no,yes,yes,yes,yes,,/Users/bobhopp/DJ MEDIA/VIDEO/2000's/Green Day - Holiday.mp4
RVTR302825,Pepper,Give It Up,0,no,no,no,yes,no,,/Users/bobhopp/DJ MEDIA/VIDEO/TECHNO/Pepper - Give It Up.mp4
RVTR272272,Tei Shi,Basically,0,no,no,no,yes,no,,/Users/bobhopp/DJ MEDIA/VIDEO/2010's/Tei Shi - Basically.mp4
RVTR394852,Robin Gibb,Juliet,0,no,no,no,yes,yes,,/Users/bobhopp/DJ MEDIA/VIDEO/1980's/Robin Gibb - Juliet.mp4
RVTR883271,AZ Yet,Last Night,0,no,no,yes,yes,yes,review,/Users/bobhopp/DJ MEDIA/VIDEO/TECHNO/AZ Yet - Last Night.mp4
RVTR632015,Dru Hill,In My Bed,0,no,no,yes,yes,yes,,/Users/bobhopp/DJ MEDIA/VIDEO/1990's/Dru Hill - In My Bed.mp4
RVTR052451,Tom Waits,Hold On,0,no,no,no,yes,no,,/Users/bobhopp/DJ MEDIA/VIDEO/1990's/Tom Waits - Hold On.mp4
RVTR907538,Mocedades,Eres Tu,0,no,no,yes,yes,yes,,/Users/bobhopp/DJ MEDIA/VIDEO/1970's/Mocedades - Eres Tu.mp4
RVTR163713,TLC,Baby Baby Baby,0,no,yes,yes,yes,no,,/Users/bobhopp/DJ MEDIA/VIDEO/1990's/TLC - Baby Baby Baby.mp4
RVTR328840,Jessie J,Bang Bang,0,no,yes,no,yes,no,,/Users/bobhopp/DJ MEDIA/VIDEO/2010's/Jessie J - Bang Bang.MP4
RVTR491087,Lloyd,Lay It Down,0,no,yes,yes,yes,yes,,/Users/bobhopp/DJ MEDIA/VIDEO/2010's/Lloyd - Lay It Down.mp4
RVTR727702,Paramore,Monster,0,no,no,yes,yes,yes,,/Users/bobhopp/DJ MEDIA/VIDEO/2010's/Paramore - Monster.mp4
RVTR372422,Soda Club,Someday,0,no,no,no,yes,no,,/Users/bobhopp/DJ MEDIA/VIDEO/TECHNO/Soda Club - Someday.mp4
RVTR775432,Khalid,New Normal,0,no,no,no,yes,no,,/Users/bobhopp/DJ MEDIA/VIDEO/2020's/Khalid - New Normal.mp4
RVTR463910,Tom Jones,Delilah,0,no,yes,yes,yes,yes,,/Users/bobhopp/DJ MEDIA/VIDEO/1970's/Tom Jones - Delilah.mp4
RVTR597242,Jeremih,Imma Star,0,no,yes,yes,yes,yes,,/Users/bobhopp/DJ MEDIA/VIDEO/2000's/Jeremih - Imma Star.mp4
RVTR316821,Lady Gaga,Monster,0,no,yes,no,yes,yes,,/Users/bobhopp/DJ MEDIA/VIDEO/2000's/Lady Gaga - Monster.mp4
RVTR155088,Danzel,Pump It Up,0,no,no,no,yes,no,,/Users/bobhopp/DJ MEDIA/VIDEO/TECHNO/Danzel - Pump It Up.mp4
RVTR380964,Bakar,The Mission,0,no,no,no,yes,no,review,/Users/bobhopp/DJ MEDIA/VIDEO/2020's/Bakar - The Mission.mp4
RVTR529538,Linkin Park,Faint,0,no,yes,yes,yes,yes,,/Users/bobhopp/DJ MEDIA/VIDEO/2000's/Linkin Park - Faint.mp4
RVTR422481,Trick Daddy,Sugar,0,no,yes,yes,yes,yes,,/Users/bobhopp/DJ MEDIA/VIDEO/2000's/Trick Daddy - Sugar.mp4
RVTR881224,Jake Owen,Beachin',0,no,yes,yes,yes,yes,,/Users/bobhopp/DJ MEDIA/VIDEO/2010's/Jake Owen - Beachin'.mp4
RVTR890188,Maroon 5,Payphone,0,no,yes,yes,yes,yes,,/Users/bobhopp/DJ MEDIA/VIDEO/2010's/Maroon 5 - Payphone.mp4
RVTR768069,Neon Trees,Animal,0,no,no,yes,yes,yes,,/Users/bobhopp/DJ MEDIA/VIDEO/2010's/Neon Trees - Animal.mp4
RVTR090325,The Pharcyde,Drop,0,no,no,yes,yes,yes,,/Users/bobhopp/DJ MEDIA/VIDEO/1990's/The Pharcyde - Drop.mp4
RVTR553038,Christians,Words,0,no,no,no,yes,no,,/Users/bobhopp/DJ MEDIA/VIDEO/1990's/Christians - Words.mp4
RVTR626549,Fifth Harmony,Bo$,0,no,yes,yes,yes,yes,,/Users/bobhopp/DJ MEDIA/VIDEO/2010's/Fifth Harmony - Bo$$.MP4
RVTR964315,Prince,Sexuality,0,no,yes,no,yes,no,,/Users/bobhopp/DJ MEDIA/VIDEO/1980's/Prince - Sexuality.mp4
RVTR280754,Wolfmother,Woman,0,no,no,no,yes,no,,/Users/bobhopp/DJ MEDIA/VIDEO/TECHNO/Wolfmother - Woman.mp4
RVTR302190,Oasis,Supersonic,0,no,no,no,yes,no,,/Users/bobhopp/DJ MEDIA/VIDEO/1990's/Oasis - Supersonic.mp4
RVTR929757,Lady Gaga,The Cure,0,no,no,yes,yes,yes,,/Users/bobhopp/DJ MEDIA/VIDEO/2010's/Lady Gaga - The Cure.mp4
RVTR623206,Limp Bizkit,Faith,0,no,yes,no,yes,no,,/Users/bobhopp/DJ MEDIA/VIDEO/1990's/Limp Bizkit - Faith.mp4
RVTR370051,Migos,Fight Night,0,no,no,yes,yes,yes,,/Users/bobhopp/DJ MEDIA/VIDEO/2010's/Migos - Fight Night.mp4
RVTR288752,Sheck Wes,Mo Bamba,0,no,yes,yes,yes,yes,,/Users/bobhopp/DJ MEDIA/VIDEO/2010's/Sheck Wes - Mo Bamba.mp4
RVTR698121,Hilltop Hoods,1955,0,no,no,no,yes,yes,,/Users/bobhopp/DJ MEDIA/VIDEO/2010's/Hilltop Hoods - 1955.mp4
RVTR433997,Avril Lavigne,Hot,0,no,yes,yes,yes,yes,review,/Users/bobhopp/DJ MEDIA/VIDEO/2000's/Avril Lavigne - Hot.mp4
RVTR036080,Foo Fighters,Walk,0,no,no,yes,yes,yes,,/Users/bobhopp/DJ MEDIA/VIDEO/2010's/Foo Fighters - Walk.mp4
RVTR904611,Beyoncé,Sweet Dreams,0,no,no,no,yes,no,review,/Users/bobhopp/DJ MEDIA/VIDEO/2000's/Beyoncé - Sweet Dreams.mp4
RVTR132321,Pitbull,Get Ready,0,no,no,no,yes,yes,,/Users/bobhopp/DJ MEDIA/VIDEO/2000's/Pitbull - Get Ready.mp4
RVTR547147,LL Cool J,Loungin',0,no,no,no,yes,no,,/Users/bobhopp/DJ MEDIA/VIDEO/1990's/LL Cool J - Loungin'.mp4
RVTR006430,Floaters,Float On,0,no,yes,yes,yes,yes,,/Users/bobhopp/DJ MEDIA/VIDEO/1970's/Floaters - Float On.mp4
RVTR630673,Dokken,The Hunter,0,no,yes,no,yes,no,,/Users/bobhopp/DJ MEDIA/VIDEO/1980's/Dokken - The Hunter.mp4
RVTR850217,Suzanne Vega,Luka,0,no,yes,yes,yes,yes,,/Users/bobhopp/DJ MEDIA/VIDEO/1980's/Suzanne Vega - Luka.mp4
RVTR166952,The Cowsills,Hair,0,no,yes,yes,yes,no,,/Users/bobhopp/DJ MEDIA/VIDEO/1960's/The Cowsills - Hair.mp4
RVTR598035,U2,Sweetest Thing,0,no,yes,yes,yes,yes,,/Users/bobhopp/DJ MEDIA/VIDEO/1980's/U2 - Sweetest Thing.mp4
RVTR390851,Leona Lewis,Happy,0,no,yes,yes,yes,yes,,/Users/bobhopp/DJ MEDIA/VIDEO/2000's/Leona Lewis - Happy.mp4
RVTR332188,Maren Morris,Rich,0,no,yes,yes,yes,yes,,/Users/bobhopp/DJ MEDIA/VIDEO/2010's/Maren Morris - Rich.mp4
RVTR113044,Foo Fighters,Rope,0,no,yes,yes,yes,yes,,/Users/bobhopp/DJ MEDIA/VIDEO/2010's/Foo Fighters - Rope.mp4
RVTR311544,Anberlin,Godspeed,0,no,no,no,yes,no,review,/Users/bobhopp/DJ MEDIA/VIDEO/TECHNO/Anberlin - Godspeed.mp4
RVTR991453,Paul Hardcastle,19,0,no,no,yes,yes,yes,,/Users/bobhopp/DJ MEDIA/VIDEO/1980's/Paul Hardcastle - 19.mp4
RVTR753238,Kerli,Love Is Dead,0,no,no,no,yes,no,,/Users/bobhopp/DJ MEDIA/VIDEO/TECHNO/Kerli - Love Is Dead.mp4
RVTR548017,Winger,Miles Away,0,no,yes,yes,yes,yes,,/Users/bobhopp/DJ MEDIA/VIDEO/1990's/Winger - Miles Away.mp4
RVTR724429,Halsey,Bad At Love,0,no,yes,yes,yes,yes,,/Users/bobhopp/DJ MEDIA/VIDEO/2010's/Halsey - Bad At Love.mp4
RVTR458060,Robyn,Do You Know,0,no,yes,yes,yes,yes,,/Users/bobhopp/DJ MEDIA/VIDEO/1990's/Robyn - Do You Know.mp4
RVTR115788,Ween,Freedom of '76,0,no,no,no,yes,yes,,/Users/bobhopp/DJ MEDIA/VIDEO/1990's/Ween - Freedom of '76.mp4
RVTR899173,Chris Brown,Crawl,0,no,yes,yes,yes,yes,,/Users/bobhopp/DJ MEDIA/VIDEO/2010's/Chris Brown - Crawl.mp4
RVTR378967,Train,If It's Love,0,no,yes,yes,yes,yes,,/Users/bobhopp/DJ MEDIA/VIDEO/2010's/Train - If It's Love.mp4
RVTR765132,Pop Evil,Trenches,0,no,no,no,yes,no,,/Users/bobhopp/DJ MEDIA/VIDEO/2010's/Pop Evil - Trenches.mp4
RVTR378025,AC/DC,Who Made Who,0,no,yes,no,yes,no,review,/Users/bobhopp/DJ MEDIA/VIDEO/1980's/AC_DC - Who Made Who.mp4
RVTR601667,Alicia Keys,No One,0,no,yes,yes,yes,yes,review,/Users/bobhopp/DJ MEDIA/VIDEO/2000's/Alicia Keys - No One.mp4
RVTR815455,Lil Yachty,1 Night,0,no,no,yes,yes,yes,,/Users/bobhopp/DJ MEDIA/VIDEO/2010's/Lil Yachty - 1 Night.mp4
RVTR513407,T-Pain,Booty Wurk,0,no,no,yes,yes,yes,,/Users/bobhopp/DJ MEDIA/VIDEO/2010's/T-Pain - Booty Wurk.mp4
RVTR699387,Erykah Badu,On & On,0,no,yes,yes,yes,yes,,/Users/bobhopp/DJ MEDIA/VIDEO/1990's/Erykah Badu - On & On.mp4
RVTR088183,Shakira,Objection,0,no,yes,yes,yes,yes,,/Users/bobhopp/DJ MEDIA/VIDEO/2000's/Shakira - Objection.mp4
RVTR900088,Adele,Send My Love,0,no,yes,yes,yes,yes,review,/Users/bobhopp/DJ MEDIA/VIDEO/2010's/Adele - Send My Love.mp4
RVTR711870,Coldplay,Paradise,0,no,yes,yes,yes,yes,,/Users/bobhopp/DJ MEDIA/VIDEO/2010's/Coldplay - Paradise.mp4
RVTR487478,Tori Amos,Crucify,0,no,yes,no,yes,yes,,/Users/bobhopp/DJ MEDIA/VIDEO/1990's/Tori Amos - Crucify.mp4
RVTR928954,NLE Choppa,Mmm Hmm,0,no,no,no,yes,no,,/Users/bobhopp/DJ MEDIA/VIDEO/2020's/NLE Choppa - Mmm Hmm.mp4
RVTR215868,K.Flay,Make Me Fade,0,no,no,no,yes,no,,/Users/bobhopp/DJ MEDIA/VIDEO/2010's/K.Flay - Make Me Fade.mp4
RVTR489305,Michael Buble,Home,0,no,yes,yes,yes,yes,,/Users/bobhopp/DJ MEDIA/VIDEO/2000's/Michael Buble - Home.mp4
RVTR785746,Goo Goo Dolls,Name,0,no,no,yes,yes,yes,,/Users/bobhopp/DJ MEDIA/VIDEO/1990's/Goo Goo Dolls - Name.mp4
RVTR185559,Adele,Rumor Has It,0,no,no,no,yes,no,review,/Users/bobhopp/DJ MEDIA/VIDEO/2010's/Adele - Rumor Has It.mp4
RVTR999122,Taylor Swift,Mean,0,no,yes,yes,yes,yes,,/Users/bobhopp/DJ MEDIA/VIDEO/2010's/Taylor Swift - Mean.mp4
RVTR858026,Lady Gaga,Lovegame,0,no,yes,yes,yes,yes,,/Users/bobhopp/DJ MEDIA/VIDEO/2000's/Lady Gaga - Lovegame.mp4
RVTR982291,GZA,Liquid Swords,0,no,no,no,yes,no,,/Users/bobhopp/DJ MEDIA/VIDEO/1990's/GZA - Liquid Swords.mp4
RVTR269598,Pearl Jam,I Am Mine,0,no,yes,yes,yes,yes,,/Users/bobhopp/DJ MEDIA/VIDEO/2000's/Pearl Jam - I Am Mine.mp4
RVTR358029,Pink,Stupid Girls,0,no,no,no,yes,no,,/Users/bobhopp/DJ MEDIA/VIDEO/2000's/Pink - Stupid Girls.mp4
RVTR123702,Halsey,Without Me,0,no,no,yes,yes,yes,,/Users/bobhopp/DJ MEDIA/VIDEO/2010's/Halsey - Without Me.mp4
RVTR704736,Sinkane,Telephone,0,no,no,no,yes,yes,,/Users/bobhopp/DJ MEDIA/VIDEO/2010's/Sinkane - Telephone.mp4
RVTR726744,Seether,Breakdown,0,no,yes,no,yes,no,,/Users/bobhopp/DJ MEDIA/VIDEO/TECHNO/Seether - Breakdown.mp4
RVTR696966,21 Pilots,Heathens,0,no,no,no,yes,no,review,/Users/bobhopp/DJ MEDIA/VIDEO/2010's/21 Pilots - Heathens.mp4
RVTR681914,Maroon 5,This Love,0,no,yes,yes,yes,yes,,/Users/bobhopp/DJ MEDIA/VIDEO/2000's/Maroon 5 - This Love.mp4
RVTR353922,No Doubt,Rich Girl,0,no,no,no,yes,no,,/Users/bobhopp/DJ MEDIA/VIDEO/2000's/No Doubt - Rich Girl.mp4
RVTR459222,Will Smith,Switch,0,no,yes,yes,yes,yes,,/Users/bobhopp/DJ MEDIA/VIDEO/2000's/Will Smith - Switch.mp4
RVTR446766,Dolly Parton,Down,0,no,no,yes,yes,yes,draft,/Users/bobhopp/DJ MEDIA/VIDEO/1970's/Dolly Parton - Down.mp4
RVTR554312,Art of Noise,Close,0,no,no,no,yes,no,review,/Users/bobhopp/DJ MEDIA/VIDEO/1980's/Art of Noise - Close.mp4
RVTR965015,Staind,So Far Away,0,no,yes,yes,yes,yes,,/Users/bobhopp/DJ MEDIA/VIDEO/2000's/Staind - So Far Away.mp4
RVTR259837,Faith Hill,Breathe,0,no,yes,yes,yes,yes,,/Users/bobhopp/DJ MEDIA/VIDEO/COUNTRY/FILL/Faith Hill - Breathe.mp4
RVTR357762,America,The Border,0,no,no,yes,yes,yes,review,/Users/bobhopp/DJ MEDIA/VIDEO/1980's/America - The Border.mp4
RVTR275442,Godhead,Nitzer Ebb,0,no,no,no,yes,yes,,/Users/bobhopp/DJ MEDIA/VIDEO/1990's/Godhead - Nitzer Ebb.mp4
RVTR245070,Taylor Swift,Mine,0,no,yes,yes,yes,yes,,/Users/bobhopp/DJ MEDIA/VIDEO/2010's/Taylor Swift - Mine.mp4
RVTR565839,Aiyana,Lee Bedroom,0,no,no,no,yes,no,review,/Users/bobhopp/DJ MEDIA/VIDEO/2020's/Aiyana - Lee Bedroom.mp4
RVTR903114,King's X,Black Flag,0,no,no,no,yes,yes,,/Users/bobhopp/DJ MEDIA/VIDEO/1990's/Black Flag - King's X.mp4
RVTR428590,Pixies,Alec Eiffel,0,no,no,no,yes,no,,/Users/bobhopp/DJ MEDIA/VIDEO/1990's/Pixies - Alec Eiffel.mp4
RVTR669298,Aurora,Cure For Me,0,no,no,no,yes,no,review,/Users/bobhopp/DJ MEDIA/VIDEO/2020's/Aurora - Cure For Me.mp4
RVTR546320,Kiss,Black Diamond,0,yes,yes,no,yes,no,cards_ready,/Users/bobhopp/DJ MEDIA/VIDEO/1970's/Kiss - Black Diamond.mp4
RVTR919504,Aerosmith,Amazing,0,no,yes,yes,yes,yes,review,/Users/bobhopp/DJ MEDIA/VIDEO/1990's/Aerosmith - Amazing.mp4
RVTR930928,Robin Thicke,Magic,0,no,yes,yes,yes,yes,,/Users/bobhopp/DJ MEDIA/VIDEO/2000's/Robin Thicke - Magic.mp4
RVTR086149,Lady GaGa,You And I,0,no,no,yes,yes,yes,,/Users/bobhopp/DJ MEDIA/VIDEO/2010's/Lady GaGa - You And I.mp4
RVTR728147,Queen,Bicycle Race,0,no,no,yes,yes,yes,,/Users/bobhopp/DJ MEDIA/VIDEO/1970's/Queen - Bicycle Race.mp4
RVTR367471,Nelly,Just A Dream,0,no,yes,yes,yes,yes,,/Users/bobhopp/DJ MEDIA/VIDEO/2010's/Nelly - Just A Dream.mp4
RVTR997176,Elvie Shane,My Boy,0,no,no,yes,yes,yes,,/Users/bobhopp/DJ MEDIA/VIDEO/COUNTRY/FILL/Elvie Shane - My Boy.mp4
RVTR371781,Dua Lipa,New Rules,0,no,yes,yes,yes,yes,,/Users/bobhopp/DJ MEDIA/VIDEO/2010's/Dua Lipa - New Rules.mp4
RVTR324215,Lady Gaga,Applause,0,no,no,yes,yes,yes,,/Users/bobhopp/DJ MEDIA/VIDEO/2010's/Lady Gaga - Applause.mp4
RVTR266105,Goodmen,Give It Up,0,no,no,no,yes,no,,/Users/bobhopp/DJ MEDIA/VIDEO/1990's/Goodmen - Give It Up.mp4
RVTR901906,Stone Sour,Bother,0,no,yes,yes,yes,yes,,/Users/bobhopp/DJ MEDIA/VIDEO/2000's/Stone Sour - Bother.mp4
RVTR297615,Saving Abel,18 Days,0,no,yes,no,yes,no,,/Users/bobhopp/DJ MEDIA/VIDEO/TECHNO/Saving Abel - 18 Days.mp4
RVTR711003,Sheppard,Geronimo,0,no,yes,yes,yes,yes,,/Users/bobhopp/DJ MEDIA/VIDEO/2010's/Sheppard - Geronimo.mp4
RVTR678675,Madonna,Everybody,0,no,yes,no,yes,no,,/Users/bobhopp/DJ MEDIA/VIDEO/TECHNO/Madonna - Everybody.mp4
RVTR056789,Goldfrapp,Number 1,0,no,no,no,yes,no,,/Users/bobhopp/DJ MEDIA/VIDEO/TECHNO/Goldfrapp - Number 1.mp4
RVTR647958,Lizzo,Good As Hell,0,no,no,yes,yes,yes,,/Users/bobhopp/DJ MEDIA/VIDEO/2010's/Lizzo - Good As Hell.mp4
RVTR663624,Jelly Roll,Save Me,0,no,no,yes,yes,yes,,/Users/bobhopp/DJ MEDIA/VIDEO/2020's/Jelly Roll - Save Me.mp4
RVTR349736,"Killers, The",Bones,0,no,no,no,yes,no,,"/Users/bobhopp/DJ MEDIA/VIDEO/TECHNO/Killers, The - Bones.mp4"
RVTR594206,Livin' Joy,Dreamer,0,no,no,yes,yes,yes,,/Users/bobhopp/DJ MEDIA/VIDEO/1990's/Livin' Joy - Dreamer.mp4
RVTR211044,Jack Johnson,Flake,0,no,yes,yes,yes,yes,,/Users/bobhopp/DJ MEDIA/VIDEO/2000's/Jack Johnson - Flake.mp4
RVTR599100,J. Cole,4 Your Eyez,0,no,yes,yes,yes,yes,,/Users/bobhopp/DJ MEDIA/VIDEO/2010's/J. Cole - 4 Your Eyez.mp4
RVTR532498,Sean Paul,Get Busy,0,no,yes,yes,yes,yes,,/Users/bobhopp/DJ MEDIA/VIDEO/2000's/Sean Paul - Get Busy.mp4
RVTR310567,Ferry Aid,Let It Be,0,no,no,no,yes,no,,/Users/bobhopp/DJ MEDIA/VIDEO/1980's/Ferry Aid - Let It Be.mp4
RVTR850082,INXS,The One Thing,0,no,yes,yes,yes,yes,,/Users/bobhopp/DJ MEDIA/VIDEO/1980's/INXS - The One Thing.mp4
RVTR945056,Goo Goo Dolls,Iris,0,no,yes,yes,yes,yes,,/Users/bobhopp/DJ MEDIA/VIDEO/1990's/Goo Goo Dolls - Iris.mp4
RVTR223122,Madonna,Hollywood,0,no,yes,no,yes,no,,/Users/bobhopp/DJ MEDIA/VIDEO/TECHNO/Madonna - Hollywood.mp4
RVTR704017,Depeche Mode,Wrong,0,no,yes,no,yes,no,,/Users/bobhopp/DJ MEDIA/VIDEO/2000's/Depeche Mode - Wrong.mp4
RVTR437790,Freak Nasty,Da' Dip,0,no,no,yes,yes,yes,,/Users/bobhopp/DJ MEDIA/VIDEO/1990's/Freak Nasty - Da' Dip.mp4
RVTR668602,Hello Goodbye,Here,0,no,no,no,yes,no,,/Users/bobhopp/DJ MEDIA/VIDEO/2000's/Hello Goodbye - Here.mp4
RVTR499866,10cc,I'm Not In Love,0,no,yes,yes,yes,yes,draft,/Users/bobhopp/DJ MEDIA/VIDEO/1970's/10cc - I'm Not In Love.mp4
RVTR548204,Lene Lovich,Angels,0,no,no,no,yes,no,,/Users/bobhopp/DJ MEDIA/VIDEO/1980's/Lene Lovich - Angels.mp4
RVTR132286,OAR,About Mr Brown,0,no,no,no,yes,no,,/Users/bobhopp/DJ MEDIA/VIDEO/1990's/OAR - About Mr Brown.mp4
RVTR217416,Eminem,The Way I Am,0,no,yes,yes,yes,yes,,/Users/bobhopp/DJ MEDIA/VIDEO/2000's/Eminem - The Way I Am.mp4
RVTR329575,Anna Kendrick,Cups,0,no,no,yes,yes,yes,review,/Users/bobhopp/DJ MEDIA/VIDEO/2010's/Anna Kendrick - Cups.mp4
RVTR592026,Erasure,Oh L'Amour,0,no,no,no,yes,no,,/Users/bobhopp/DJ MEDIA/VIDEO/1980's/Erasure - Oh L'Amour.mp4
RVTR503290,Human League,Human,0,no,yes,yes,yes,no,,/Users/bobhopp/DJ MEDIA/VIDEO/1980's/Human League - Human.mp4
RVTR232247,Fancy,Chinese Eyes,0,no,no,no,yes,no,,/Users/bobhopp/DJ MEDIA/VIDEO/1980's/Fancy - Chinese Eyes.mp4
RVTR707416,Cat Clyde,Mama Said,0,no,no,no,yes,no,,/Users/bobhopp/DJ MEDIA/VIDEO/2010's/Cat Clyde - Mama Said.mp4
RVTR258808,Maude Latour,Clean,0,no,no,no,yes,no,,/Users/bobhopp/DJ MEDIA/VIDEO/2020's/Maude Latour - Clean.mp4
RVTR330416,Eric Clapton,Layla,0,no,yes,yes,yes,yes,,/Users/bobhopp/DJ MEDIA/VIDEO/1970's/Eric Clapton - Layla.mp4
RVTR937761,Colbie Caillat,Try,0,no,yes,yes,yes,yes,,/Users/bobhopp/DJ MEDIA/VIDEO/2010's/Colbie Caillat - Try.mp4
RVTR242808,French Affair,Sexy,0,no,no,no,yes,no,,/Users/bobhopp/DJ MEDIA/VIDEO/TECHNO/French Affair - Sexy.mp4
RVTR488319,Mariah Carey,Honey,0,no,yes,yes,yes,yes,,/Users/bobhopp/DJ MEDIA/VIDEO/1990's/Mariah Carey - Honey.mp4
RVTR817292,Powerman 5000,Relax,0,no,no,no,yes,no,,/Users/bobhopp/DJ MEDIA/VIDEO/TECHNO/Powerman 5000 - Relax.mp4
RVTR659693,Shakira,Perro Fiel,0,no,yes,yes,yes,yes,,/Users/bobhopp/DJ MEDIA/VIDEO/2010's/Shakira - Perro Fiel.mp4
RVTR745918,Cream,Strange Brew,0,no,yes,no,yes,no,,/Users/bobhopp/DJ MEDIA/VIDEO/1960's/Cream - Strange Brew.mp4
RVTR393833,Moody Blues,Go Now,0,yes,no,no,yes,no,cards_ready,/Users/bobhopp/DJ MEDIA/VIDEO/1960's/Moody Blues - Go Now.mp4
RVTR468945,Dokken,Heaven Sent,0,no,yes,no,yes,no,,/Users/bobhopp/DJ MEDIA/VIDEO/1980's/Dokken - Heaven Sent.mp4
RVTR041182,Erasure,Sometimes,0,no,yes,no,yes,no,,/Users/bobhopp/DJ MEDIA/VIDEO/1980's/Erasure - Sometimes.mp4
RVTR513214,Elton John,Believe,0,no,yes,yes,yes,yes,,/Users/bobhopp/DJ MEDIA/VIDEO/1990's/Elton John - Believe.mp4
RVTR228396,Tei Shi,Bassically,0,no,no,no,yes,no,,/Users/bobhopp/DJ MEDIA/VIDEO/2010's/Tei Shi - Bassically.mp4
RVTR902526,Mötley Crüe,Without You,0,no,no,no,yes,no,,/Users/bobhopp/DJ MEDIA/VIDEO/1980's/Mötley Crüe - Without You.mp4
RVTR146055,Jet,Cold Hard Bitch,0,no,no,yes,yes,yes,,/Users/bobhopp/DJ MEDIA/VIDEO/2000's/Jet - Cold Hard Bitch.mp4
RVTR997074,Hadouken!,Levitate,0,no,no,yes,yes,yes,,/Users/bobhopp/DJ MEDIA/VIDEO/2010's/Hadouken! - Levitate.mp4
RVTR517320,INXS,What You Need,0,no,yes,yes,yes,yes,,/Users/bobhopp/DJ MEDIA/VIDEO/1980's/INXS - What You Need.mp4
RVTR724466,Bruno Mars,Grenade,0,no,yes,yes,yes,yes,,/Users/bobhopp/DJ MEDIA/VIDEO/2010's/Bruno Mars - Grenade.mp4
RVTR083151,Clay Walker,Napkin,0,no,no,no,yes,no,,/Users/bobhopp/DJ MEDIA/VIDEO/COUNTRY/FILL/Clay Walker - Napkin.mp4
RVTR845754,UB40,Kingston Town,0,no,yes,no,yes,no,,/Users/bobhopp/DJ MEDIA/VIDEO/TECHNO/UB40 - Kingston Town.mp4
RVTR886362,3OH!3,Double Vision,0,no,yes,yes,yes,yes,review,/Users/bobhopp/DJ MEDIA/VIDEO/2010's/3OH!3 - Double Vision.mp4
RVTR449671,Taylor Swift,Ours,0,no,no,yes,yes,yes,,/Users/bobhopp/DJ MEDIA/VIDEO/2010's/Taylor Swift - Ours.mp4
RVTR913603,Beyoncé,Texas Hold 'em,0,no,no,no,yes,no,review,/Users/bobhopp/DJ MEDIA/VIDEO/2020's/Beyoncé - Texas Hold 'em.mp4
RVTR959354,ABBA,The Last Video,0,no,no,no,yes,yes,review,/Users/bobhopp/DJ MEDIA/VIDEO/1990's/ABBA - The Last Video.mp4
RVTR514666,Emeli Sandé,Next To Me,0,no,no,no,yes,no,,/Users/bobhopp/DJ MEDIA/VIDEO/2010's/Emeli Sandé - Next To Me.mp4
RVTR967543,Roxette,Dangerous,0,no,yes,yes,yes,yes,,/Users/bobhopp/DJ MEDIA/VIDEO/1980's/Roxette - Dangerous.mp4
RVTR604714,Brad Paisley,Water,0,no,yes,yes,yes,yes,,/Users/bobhopp/DJ MEDIA/VIDEO/2000's/Brad Paisley - Water.mp4
RVTR390345,Shaggy,Freaky Girl,0,no,yes,no,yes,no,,/Users/bobhopp/DJ MEDIA/VIDEO/2000's/Shaggy - Freaky Girl.mp4
RVTR650119,Nick Jonas,Jealous,0,no,yes,yes,yes,yes,,/Users/bobhopp/DJ MEDIA/VIDEO/2010's/Nick Jonas - Jealous.mp4
RVTR206128,Ed Sheeran,Shivers,0,no,no,yes,yes,yes,,/Users/bobhopp/DJ MEDIA/VIDEO/2020's/Ed Sheeran - Shivers.mp4
RVTR751909,Kaiser Chiefs,Ruby,0,no,no,no,yes,no,,/Users/bobhopp/DJ MEDIA/VIDEO/TECHNO/Kaiser Chiefs - Ruby.mp4
RVTR670008,Gloria Estefan,1-2-3,0,no,no,yes,yes,yes,,/Users/bobhopp/DJ MEDIA/VIDEO/1980's/Gloria Estefan - 1-2-3.mp4
RVTR556998,The Cult,Lil' Devil,0,no,no,no,yes,yes,,/Users/bobhopp/DJ MEDIA/VIDEO/1980's/The Cult - Lil' Devil.mp4
RVTR944817,Classics IV,Traces,0,no,no,yes,yes,yes,,/Users/bobhopp/DJ MEDIA/VIDEO/1960's/Classics IV - Traces.mp4
RVTR118876,Limp Bizkit,My Way,0,no,yes,yes,yes,yes,,/Users/bobhopp/DJ MEDIA/VIDEO/2000's/Limp Bizkit - My Way.mp4
RVTR204039,Dua Lipa,Love Again,0,no,no,yes,yes,yes,,/Users/bobhopp/DJ MEDIA/VIDEO/2020's/Dua Lipa - Love Again.mp4
RVTR000337,Doja Cat,Go To Town,0,no,no,no,yes,yes,,/Users/bobhopp/DJ MEDIA/VIDEO/2010's/Doja Cat - Go To Town.mp4
RVTR445612,Rita Ora,Your Song,0,no,no,no,yes,no,,/Users/bobhopp/DJ MEDIA/VIDEO/2010's/Rita Ora - Your Song.mp4
RVTR640639,RuPaul,Supermodel,0,no,yes,yes,yes,yes,,/Users/bobhopp/DJ MEDIA/VIDEO/1990's/RuPaul - Supermodel.mp4
RVTR805019,Junior Jack,E Samba,0,no,no,no,yes,no,,/Users/bobhopp/DJ MEDIA/VIDEO/TECHNO/Junior Jack - E Samba.mp4
RVTR531406,The Beatles,Misery,0,no,yes,no,yes,no,,/Users/bobhopp/DJ MEDIA/VIDEO/1960's/The Beatles - Misery.mp4
RVTR111112,Squeeze,Hourglass,0,no,yes,yes,yes,yes,,/Users/bobhopp/DJ MEDIA/VIDEO/1980's/Squeeze - Hourglass.mp4
RVTR618720,Spice Girls,Holler,0,no,yes,no,yes,no,,/Users/bobhopp/DJ MEDIA/VIDEO/TECHNO/Spice Girls - Holler.mp4
RVTR103854,Alicia Keys,Fallin',0,no,no,yes,yes,yes,review,/Users/bobhopp/DJ MEDIA/VIDEO/2000's/Alicia Keys - Fallin'.mp4
RVTR759949,Webbie,Independent,0,no,yes,yes,yes,yes,,/Users/bobhopp/DJ MEDIA/VIDEO/2000's/Webbie - Independent.mp4
RVTR813261,Exposé,Seasons Change,0,no,no,no,yes,yes,,/Users/bobhopp/DJ MEDIA/VIDEO/1980's/Exposé - Seasons Change.mp4
RVTR043386,Rainbow,Stone Cold,0,no,no,yes,yes,yes,,/Users/bobhopp/DJ MEDIA/VIDEO/1980's/Rainbow - Stone Cold.mp4
RVTR095966,Shawn Mendes,Mercy,0,no,yes,yes,yes,yes,,/Users/bobhopp/DJ MEDIA/VIDEO/2010's/Shawn Mendes - Mercy.mp4
RVTR812624,Commodores,Sail On,0,no,yes,yes,yes,yes,,/Users/bobhopp/DJ MEDIA/VIDEO/1970's/Commodores - Sail On.mp4
RVTR542886,The Fray,Heartless,0,no,yes,yes,yes,yes,,/Users/bobhopp/DJ MEDIA/VIDEO/2000's/The Fray - Heartless.mp4
RVTR819998,Sick Puppies,Maybe,0,no,yes,yes,yes,yes,,/Users/bobhopp/DJ MEDIA/VIDEO/2010's/Sick Puppies - Maybe.mp4
RVTR866851,YC f./Future,Racks,0,no,no,no,yes,no,,/Users/bobhopp/DJ MEDIA/VIDEO/2010's/YC f._Future - Racks.mp4
RVTR865075,Skid Row,18 And Life,0,no,yes,yes,yes,yes,,/Users/bobhopp/DJ MEDIA/VIDEO/1980's/Skid Row - 18 And Life.mp4
RVTR472834,Madonna,Lucky Star,0,no,yes,yes,yes,yes,,/Users/bobhopp/DJ MEDIA/VIDEO/1980's/Madonna - Lucky Star.mp4
RVTR124228,RUN DMC,Sucker MC's,0,no,no,no,yes,yes,,/Users/bobhopp/DJ MEDIA/VIDEO/1980's/RUN DMC - Sucker MC's.mp4
RVTR195387,Korn,Coming Undone,0,no,yes,yes,yes,yes,,/Users/bobhopp/DJ MEDIA/VIDEO/2000's/Korn - Coming Undone.mp4
RVTR833149,Bo Diddley,On Stage,0,no,no,no,yes,no,review,/Users/bobhopp/DJ MEDIA/VIDEO/1960's/Bo Diddley - On Stage.mp4
RVTR579671,Drake,Nice For What,0,no,no,yes,yes,yes,,/Users/bobhopp/DJ MEDIA/VIDEO/2010's/Drake - Nice For What.mp4
RVTR129414,Rob Thomas,Someday,0,no,yes,yes,yes,yes,,/Users/bobhopp/DJ MEDIA/VIDEO/2010's/Rob Thomas - Someday.mp4
RVTR091014,3OH!3,Touchin' On My,0,no,no,no,yes,no,review,/Users/bobhopp/DJ MEDIA/VIDEO/2010's/3OH!3 - Touchin' On My.mp4
RVTR598042,Justin Bieber,Pray,0,no,yes,yes,yes,yes,,/Users/bobhopp/DJ MEDIA/VIDEO/2010's/Justin Bieber - Pray.mp4
RVTR113744,Red,Breathe Into Me,0,no,no,no,yes,no,,/Users/bobhopp/DJ MEDIA/VIDEO/TECHNO/Red - Breathe Into Me.mp4
RVTR318971,Exposé,Come Go with Me,0,no,no,no,yes,yes,,/Users/bobhopp/DJ MEDIA/VIDEO/1980's/Exposé - Come Go with Me.mp4
RVTR971174,Pebbles,Girlfriend,0,no,yes,yes,yes,yes,,/Users/bobhopp/DJ MEDIA/VIDEO/1980's/Pebbles - Girlfriend.mp4
RVTR592104,Ja Rule,Holla Holla,0,no,no,yes,yes,yes,,/Users/bobhopp/DJ MEDIA/VIDEO/1990's/Ja Rule - Holla Holla.mp4
RVTR045989,Madonna,Borderline,0,no,yes,yes,yes,yes,,/Users/bobhopp/DJ MEDIA/VIDEO/1980's/Madonna - Borderline.mp4
RVTR149505,Limp Bizkit,Nookie,0,no,yes,yes,yes,yes,,/Users/bobhopp/DJ MEDIA/VIDEO/1990's/Limp Bizkit - Nookie.mp4
RVTR942388,Big Unk,Walk It Out,0,no,no,no,yes,no,review,/Users/bobhopp/DJ MEDIA/VIDEO/2000's/Big Unk - Walk It Out.mp4
RVTR681719,Eminem,Mockingbird,0,no,yes,yes,yes,yes,,/Users/bobhopp/DJ MEDIA/VIDEO/2000's/Eminem - Mockingbird.mp4
RVTR991676,Foo Fighters,Big Me,0,no,yes,no,yes,no,,/Users/bobhopp/DJ MEDIA/VIDEO/2000's/Foo Fighters - Big Me.mp4
RVTR521337,Keith Sweat,Nobody,0,no,yes,yes,yes,yes,,/Users/bobhopp/DJ MEDIA/VIDEO/TECHNO/Keith Sweat - Nobody.mp4
RVTR411808,Beck,New Pollution,0,no,no,no,yes,no,review,/Users/bobhopp/DJ MEDIA/VIDEO/1990's/Beck - New Pollution.mp4
RVTR421030,Cher,Strong Enough,0,no,yes,yes,yes,yes,,/Users/bobhopp/DJ MEDIA/VIDEO/1990's/Cher - Strong Enough.mp4
RVTR670382,Mariah Carey,My All,0,no,yes,yes,yes,yes,,/Users/bobhopp/DJ MEDIA/VIDEO/1990's/Mariah Carey - My All.mp4
RVTR331292,The Alarm,Rescue Me,0,no,yes,no,yes,no,,/Users/bobhopp/DJ MEDIA/VIDEO/TECHNO/The Alarm - Rescue Me.mp4
RVTR445218,Tom Waits,Lie To Me,0,no,no,no,yes,no,,/Users/bobhopp/DJ MEDIA/VIDEO/TECHNO/Tom Waits - Lie To Me.mp4
RVTR384694,Oasis,Live Forever,0,no,yes,no,yes,no,,/Users/bobhopp/DJ MEDIA/VIDEO/1990's/Oasis - Live Forever.mp4
RVTR598691,Angel City,Sunrise,0,no,no,no,yes,no,review,/Users/bobhopp/DJ MEDIA/VIDEO/2000's/Angel City - Sunrise.mp4
RVTR807665,Jamie Foxx,Blame It,0,no,yes,yes,yes,yes,,/Users/bobhopp/DJ MEDIA/VIDEO/2000's/Jamie Foxx - Blame It.mp4
RVTR546420,Brainbug,Nightmare,0,no,no,no,yes,no,,/Users/bobhopp/DJ MEDIA/VIDEO/TECHNO/Brainbug - Nightmare.mp4
RVTR712840,Madonna,Give It 2 Me,0,no,yes,yes,yes,yes,,/Users/bobhopp/DJ MEDIA/VIDEO/2000's/Madonna - Give It 2 Me.mp4
RVTR902151,Lady GaGa,Alejandro,0,no,yes,yes,yes,yes,,/Users/bobhopp/DJ MEDIA/VIDEO/2010's/Lady GaGa - Alejandro.mp4
RVTR884204,Shriekback,Nemesis,0,no,no,no,yes,no,,/Users/bobhopp/DJ MEDIA/VIDEO/1980's/Shriekback - Nemesis.mp4
RVTR974588,Ozzy,No More Tears,0,no,no,no,yes,no,,/Users/bobhopp/DJ MEDIA/VIDEO/1990's/Ozzy - No More Tears.mp4
RVTR853322,Sugarland,Settlin',0,no,no,yes,yes,yes,,/Users/bobhopp/DJ MEDIA/VIDEO/COUNTRY/FILL/Sugarland - Settlin'.mp4
RVTR813853,Hard Fi,Hard To Beat,0,no,no,no,yes,no,,/Users/bobhopp/DJ MEDIA/VIDEO/TECHNO/Hard Fi - Hard To Beat.mp4
RVTR072330,The Script,Nothing,0,no,no,yes,yes,yes,,/Users/bobhopp/DJ MEDIA/VIDEO/2010's/The Script - Nothing.mp4
RVTR493468,Three Dog Night,One,0,no,yes,yes,yes,yes,,/Users/bobhopp/DJ MEDIA/VIDEO/1960's/Three Dog Night - One.mp4
RVTR880016,The Band Perry,Done,0,no,yes,yes,yes,yes,,/Users/bobhopp/DJ MEDIA/VIDEO/2010's/The Band Perry - Done.mp4
RVTR629400,Incubus,Make A Move,0,no,no,no,yes,no,,/Users/bobhopp/DJ MEDIA/VIDEO/TECHNO/Incubus - Make A Move.mp4
RVTR852945,Billy Joel,Honesty,0,no,yes,yes,yes,yes,review,/Users/bobhopp/DJ MEDIA/VIDEO/1970's/Billy Joel - Honesty.mp4
RVTR198375,Talk Talk,Talk Talk,0,no,yes,yes,yes,yes,,/Users/bobhopp/DJ MEDIA/VIDEO/1980's/Talk Talk - Talk Talk.mp4
RVTR170874,Miley Cyrus,Malibu,0,no,yes,yes,yes,yes,,/Users/bobhopp/DJ MEDIA/VIDEO/2010's/Miley Cyrus - Malibu.mp4
RVTR207941,Cinderella,Shake Me,0,no,yes,no,yes,no,,/Users/bobhopp/DJ MEDIA/VIDEO/1980's/Cinderella - Shake Me.mp4
RVTR975303,Edwin McCain,I'll Be,0,no,no,yes,yes,yes,,/Users/bobhopp/DJ MEDIA/VIDEO/1990's/Edwin McCain - I'll Be.mp4
RVTR213591,Incubus,Anna-Molly,0,no,no,yes,yes,yes,,/Users/bobhopp/DJ MEDIA/VIDEO/2000's/Incubus - Anna-Molly.mp4
RVTR545172,Heart,Nothin At All,0,no,no,no,yes,no,,/Users/bobhopp/DJ MEDIA/VIDEO/1980's/Heart - Nothin At All.mp4
RVTR265162,Nickelback,Far Away,0,no,yes,yes,yes,yes,,/Users/bobhopp/DJ MEDIA/VIDEO/2000's/Nickelback - Far Away.mp4
RVTR097923,Aaliyah,Back & Forth,0,no,yes,yes,yes,yes,review,/Users/bobhopp/DJ MEDIA/VIDEO/1990's/Aaliyah - Back & Forth.mp4
RVTR205110,GWAR,Jack The World,0,no,no,no,yes,yes,,/Users/bobhopp/DJ MEDIA/VIDEO/1990's/GWAR - Jack The World.mp4
RVTR333602,B2K,"Bump, Bump, Bump",0,no,yes,yes,yes,yes,review,"/Users/bobhopp/DJ MEDIA/VIDEO/2010's/B2K - Bump, Bump, Bump.mp4"
RVTR406698,Mabel,Let Them Know,0,no,no,no,yes,no,,/Users/bobhopp/DJ MEDIA/VIDEO/2020's/Mabel - Let Them Know.mp4
RVTR697948,The Band,Evangeline,0,no,no,no,yes,yes,,/Users/bobhopp/DJ MEDIA/VIDEO/1980's/The Band - Evangeline.mp4
RVTR162561,Carla Thomas,B-A-B-Y,0,no,no,yes,yes,yes,,/Users/bobhopp/DJ MEDIA/VIDEO/2000's/Carla Thomas - B-A-B-Y.mp4
RVTR554229,Chris Brown,Run It!,0,no,yes,yes,yes,yes,,/Users/bobhopp/DJ MEDIA/VIDEO/2000's/Chris Brown - Run It!.mp4
RVTR436209,Major Lazer,Lean On,0,no,yes,no,yes,yes,,/Users/bobhopp/DJ MEDIA/VIDEO/2010's/Major Lazer - Lean On.mp4
RVTR065184,Dokken,In My Dreams,0,no,yes,yes,yes,yes,,/Users/bobhopp/DJ MEDIA/VIDEO/1980's/Dokken - In My Dreams.mp4
RVTR277213,Genesis,In Too Deep,0,no,yes,yes,yes,yes,,/Users/bobhopp/DJ MEDIA/VIDEO/1980's/Genesis - In Too Deep.mp4
RVTR733529,Marillion,Kayleigh,0,no,yes,yes,yes,yes,,/Users/bobhopp/DJ MEDIA/VIDEO/1980's/Marillion - Kayleigh.mp4
RVTR087696,Angel City,Touch Me,0,no,no,no,yes,no,review,/Users/bobhopp/DJ MEDIA/VIDEO/2000's/Angel City - Touch Me.mp4
RVTR744871,Chingy,Right Thurr,0,no,yes,yes,yes,yes,,/Users/bobhopp/DJ MEDIA/VIDEO/2000's/Chingy - Right Thurr.mp4
RVTR392135,Baauer,Harlem Shake,0,no,no,yes,yes,yes,review,/Users/bobhopp/DJ MEDIA/VIDEO/2010's/Baauer - Harlem Shake.mp4
RVTR139205,Billy Joel,Big Shot,0,no,yes,yes,yes,yes,review,/Users/bobhopp/DJ MEDIA/VIDEO/1970's/Billy Joel - Big Shot.mp4
RVTR314375,Cure,Boys Don't Cry,0,no,no,no,yes,no,,/Users/bobhopp/DJ MEDIA/VIDEO/1980's/Cure - Boys Don't Cry.mp4
RVTR725447,Barry Manilow,Stay,0,no,no,no,yes,no,review,/Users/bobhopp/DJ MEDIA/VIDEO/1980's/Barry Manilow - Stay.mp4
RVTR522822,Hoobastank,My Turn,0,no,yes,no,yes,no,,/Users/bobhopp/DJ MEDIA/VIDEO/TECHNO/Hoobastank - My Turn.mp4
RVTR535107,Janet Jackson,Again,0,no,yes,yes,yes,yes,,/Users/bobhopp/DJ MEDIA/VIDEO/1990's/Janet Jackson - Again.mp4
RVTR090150,Dei Hamo,We Gon Ride,0,no,no,no,yes,yes,,/Users/bobhopp/DJ MEDIA/VIDEO/2000's/Dei Hamo - We Gon Ride.mp4
RVTR135631,Lenny Kravitz,Lady,0,no,yes,yes,yes,yes,,/Users/bobhopp/DJ MEDIA/VIDEO/2000's/Lenny Kravitz - Lady.mp4
RVTR236240,Boogie Pimps,Sunny,0,no,no,no,yes,no,,/Users/bobhopp/DJ MEDIA/VIDEO/TECHNO/Boogie Pimps - Sunny.mp4
RVTR227108,Luke,Raise The Roof,0,no,no,yes,yes,yes,,/Users/bobhopp/DJ MEDIA/VIDEO/1990's/Luke - Raise The Roof.mp4
RVTR776435,"Zedd, Katy Perry",365,0,no,no,no,yes,no,,"/Users/bobhopp/DJ MEDIA/VIDEO/2010's/Zedd, Katy Perry - 365.mp4"
RVTR277308,Missy Elliott,Rain,0,no,no,no,yes,no,,/Users/bobhopp/DJ MEDIA/VIDEO/TECHNO/Missy Elliott - Rain.mp4
RVTR168684,Rihanna,Sex With Me,0,no,no,yes,yes,yes,,/Users/bobhopp/DJ MEDIA/VIDEO/2010's/Rihanna - Sex With Me.mp4
RVTR328388,The Cult,Fire Woman,0,no,yes,yes,yes,yes,,/Users/bobhopp/DJ MEDIA/VIDEO/1980's/The Cult - Fire Woman.mp4
RVTR048322,Faithless,Insomnia,0,no,no,yes,yes,yes,,/Users/bobhopp/DJ MEDIA/VIDEO/1990's/Faithless - Insomnia.mp4
RVTR192448,Freemasons,Watchin,0,no,no,no,yes,no,,/Users/bobhopp/DJ MEDIA/VIDEO/TECHNO/Freemasons - Watchin.mp4
RVTR884610,Roy Orbison,Crying,0,no,yes,yes,yes,yes,,/Users/bobhopp/DJ MEDIA/VIDEO/1960's/Roy Orbison - Crying.mp4
RVTR867656,Niko Moon,Good Time,0,no,no,yes,yes,yes,,/Users/bobhopp/DJ MEDIA/VIDEO/2020's/Niko Moon - Good Time.mp4
RVTR367258,Hard Fi,Cash Machine,0,no,no,no,yes,no,,/Users/bobhopp/DJ MEDIA/VIDEO/TECHNO/Hard Fi - Cash Machine.mp4
RVTR434834,AC/DC,Witch's Spell,0,no,no,no,yes,yes,review,/Users/bobhopp/DJ MEDIA/VIDEO/2000's/AC_DC - Witch's Spell.mp4
RVTR845978,Pitbull,Greenlight,0,no,yes,yes,yes,yes,,/Users/bobhopp/DJ MEDIA/VIDEO/2010's/Pitbull - Greenlight.mp4
RVTR646559,David Bowie,Fashion,0,no,no,yes,yes,yes,,/Users/bobhopp/DJ MEDIA/VIDEO/1980's/David Bowie - Fashion.mp4
RVTR836400,Big Sean,Bounce Back,0,no,yes,yes,yes,yes,review,/Users/bobhopp/DJ MEDIA/VIDEO/2010's/Big Sean - Bounce Back.mp4
RVTR711976,Drake,Hotline Bling,0,no,no,yes,yes,yes,,/Users/bobhopp/DJ MEDIA/VIDEO/2010's/Drake - Hotline Bling.mp4
RVTR070422,Sade,King Of Sorrow,0,no,yes,no,yes,no,,/Users/bobhopp/DJ MEDIA/VIDEO/2000's/Sade - King Of Sorrow.mp4
RVTR132652,Wiz Khalifa,Roll Up,0,no,yes,yes,yes,yes,,/Users/bobhopp/DJ MEDIA/VIDEO/2010's/Wiz Khalifa - Roll Up.mp4
RVTR274859,Genesis,Tell Me Why,0,no,yes,no,yes,yes,,/Users/bobhopp/DJ MEDIA/VIDEO/1990's/Genesis - Tell Me Why.mp4
RVTR454421,Beyonce,Space Bound,0,no,no,no,yes,no,review,/Users/bobhopp/DJ MEDIA/VIDEO/2000's/Beyonce - Space Bound.mp4
RVTR496133,Kid Rock,First Kiss,0,no,yes,yes,yes,yes,,/Users/bobhopp/DJ MEDIA/VIDEO/2010's/Kid Rock - First Kiss.mp4
RVTR105852,Guy,Spend The Night,0,no,yes,no,yes,yes,,/Users/bobhopp/DJ MEDIA/VIDEO/1980's/Guy - Spend The Night.mp4
RVTR962342,Lady Gaga,Poker Face,0,no,yes,yes,yes,yes,,/Users/bobhopp/DJ MEDIA/VIDEO/2000's/Lady Gaga - Poker Face.mp4
RVTR074392,Hinder,Without You,0,no,yes,yes,yes,yes,,/Users/bobhopp/DJ MEDIA/VIDEO/2000's/Hinder - Without You.mp4
RVTR660076,Chickenfoot,Oh Yeah,0,no,no,no,yes,no,,/Users/bobhopp/DJ MEDIA/VIDEO/TECHNO/Chickenfoot - Oh Yeah.mp4
RVTR531436,Cameo,Back And Forth,0,no,yes,yes,yes,yes,,/Users/bobhopp/DJ MEDIA/VIDEO/1980's/Cameo - Back And Forth.mp4
RVTR229828,Lady Gaga,Paparazzi,0,no,yes,yes,yes,yes,,/Users/bobhopp/DJ MEDIA/VIDEO/2000's/Lady Gaga - Paparazzi.mp4
RVTR550468,Zach Sobiech,Clouds,0,no,no,yes,yes,yes,,/Users/bobhopp/DJ MEDIA/VIDEO/2010's/Zach Sobiech - Clouds.mp4
RVTR773987,Doja Cat,Get Into It,0,no,yes,yes,yes,yes,,/Users/bobhopp/DJ MEDIA/VIDEO/2020's/Doja Cat - Get Into It.mp4
RVTR090723,Sugarland,Baby Girl,0,no,yes,yes,yes,yes,,/Users/bobhopp/DJ MEDIA/VIDEO/COUNTRY/FILL/Sugarland - Baby Girl.mp4
RVTR207175,Alabama,Take Me Down,0,no,yes,yes,yes,yes,review,/Users/bobhopp/DJ MEDIA/VIDEO/1980's/Alabama - Take Me Down.mp4
RVTR016425,Ja Rule,Livin' It Up,0,no,no,yes,yes,yes,,/Users/bobhopp/DJ MEDIA/VIDEO/2000's/Ja Rule - Livin' It Up.mp4
RVTR540161,Queensryche,Empire,0,no,no,no,yes,no,,/Users/bobhopp/DJ MEDIA/VIDEO/TECHNO/Queensryche - Empire.mp4
RVTR657683,Lene Lovich,New Toy,0,no,no,no,yes,no,,/Users/bobhopp/DJ MEDIA/VIDEO/1980's/Lene Lovich - New Toy.mp4
RVTR048350,Richard Marx,Hazard,0,no,yes,yes,yes,yes,,/Users/bobhopp/DJ MEDIA/VIDEO/1990's/Richard Marx - Hazard.mp4
RVTR033722,Daughtry,September,0,no,yes,yes,yes,yes,,/Users/bobhopp/DJ MEDIA/VIDEO/2010's/Daughtry - September.mp4
RVTR172679,Walker Hayes,U Gurl,0,no,no,no,yes,yes,,/Users/bobhopp/DJ MEDIA/VIDEO/2020's/Walker Hayes - U Gurl.mp4
RVTR031079,Poison,Fallen Angel,0,no,yes,yes,yes,yes,,/Users/bobhopp/DJ MEDIA/VIDEO/1980's/Poison - Fallen Angel.mp4
RVTR335276,Jade,Don't Walk Away,0,no,yes,yes,yes,yes,,/Users/bobhopp/DJ MEDIA/VIDEO/1990's/Jade - Don't Walk Away.mp4
RVTR469262,Eminem,Just Lose It,0,no,no,yes,yes,yes,,/Users/bobhopp/DJ MEDIA/VIDEO/2000's/Eminem - Just Lose It.mp4
RVTR422900,Chic & Slash,Le Freak,0,no,no,no,yes,no,,/Users/bobhopp/DJ MEDIA/VIDEO/1970's/Chic & Slash - Le Freak.mp4
RVTR950513,John Lennon,Imagine,0,no,no,no,yes,no,,/Users/bobhopp/DJ MEDIA/VIDEO/1970's/John Lennon - Imagine.mp4
RVTR362357,Jay Z,Run This Town,0,no,no,no,yes,no,,/Users/bobhopp/DJ MEDIA/VIDEO/2000's/Jay Z - Run This Town.mp4
RVTR625042,Jessie J,Flashlight,0,no,no,yes,yes,yes,,/Users/bobhopp/DJ MEDIA/VIDEO/2010's/Jessie J - Flashlight.mp4
RVTR461482,Uncle Kracker,Smile,0,no,yes,yes,yes,yes,,/Users/bobhopp/DJ MEDIA/VIDEO/2010's/Uncle Kracker - Smile.mp4
RVTR514038,Calvin Harris,Feels,0,no,yes,yes,yes,yes,,/Users/bobhopp/DJ MEDIA/VIDEO/2010's/Calvin Harris - Feels.mp4
RVTR335028,The Weeknd,Reminder,0,no,yes,yes,yes,yes,,/Users/bobhopp/DJ MEDIA/VIDEO/2010's/The Weeknd - Reminder.mp4
RVTR546089,Run DMC,King Of Rock,0,no,no,no,yes,no,,/Users/bobhopp/DJ MEDIA/VIDEO/1980's/Run DMC - King Of Rock.mp4
RVTR364973,Soul Asylum,Misery,0,no,yes,yes,yes,yes,,/Users/bobhopp/DJ MEDIA/VIDEO/1990's/Soul Asylum - Misery.mp4
RVTR738508,Lil Wayne,Got Money,0,no,yes,yes,yes,yes,,/Users/bobhopp/DJ MEDIA/VIDEO/2000's/Lil Wayne - Got Money.mp4
RVTR302683,Primus,Frizzle Fry,0,no,no,no,yes,yes,,/Users/bobhopp/DJ MEDIA/VIDEO/2000's/Primus - Frizzle Fry.mp4
RVTR348836,Jewel,Foolish Games,0,no,no,yes,yes,yes,,/Users/bobhopp/DJ MEDIA/VIDEO/1990's/Jewel - Foolish Games.mp4
RVTR470334,U2,Stuck In A Moment,0,no,yes,yes,yes,yes,,/Users/bobhopp/DJ MEDIA/VIDEO/2000's/U2 - Stuck In A Moment.mp4
RVTR852875,Kinky,Mexican Radio,0,no,no,no,yes,no,,/Users/bobhopp/DJ MEDIA/VIDEO/TECHNO/Kinky - Mexican Radio.mp4
RVTR581357,John Mayer,Who Says,0,no,yes,yes,yes,yes,,/Users/bobhopp/DJ MEDIA/VIDEO/2000's/John Mayer - Who Says.mp4
RVTR939561,Ellie Goulding,Burn,0,no,no,yes,yes,yes,,/Users/bobhopp/DJ MEDIA/VIDEO/2010's/Ellie Goulding - Burn.mp4
RVTR277462,Joe Cocker,How It Is,0,no,no,no,yes,no,,/Users/bobhopp/DJ MEDIA/VIDEO/1980's/Joe Cocker - How It Is.mp4
RVTR590148,Monica,Angel Of Mine,0,no,yes,yes,yes,yes,,/Users/bobhopp/DJ MEDIA/VIDEO/1990's/Monica - Angel Of Mine.mp4
RVTR623703,Bebe Rexha,I'm A Mess,0,no,no,yes,yes,yes,review,/Users/bobhopp/DJ MEDIA/VIDEO/2010's/Bebe Rexha - I'm A Mess.mp4
RVTR582425,Echosmith,Cool Kids,0,no,yes,yes,yes,yes,,/Users/bobhopp/DJ MEDIA/VIDEO/2010's/Echosmith - Cool Kids.MP4
RVTR313110,Scooter,Suavemente,0,no,no,no,yes,no,,/Users/bobhopp/DJ MEDIA/VIDEO/TECHNO/Scooter - Suavemente.mp4
RVTR248826,3rd Bass,The Gas Face,0,no,yes,no,yes,yes,review,/Users/bobhopp/DJ MEDIA/VIDEO/1990's/3rd Bass - The Gas Face.mp4
RVTR487421,Jibbs,Chain Hang Low,0,no,yes,yes,yes,yes,,/Users/bobhopp/DJ MEDIA/VIDEO/2000's/Jibbs - Chain Hang Low.mp4
RVTR397182,Beyonce,Work It Out,0,no,no,no,yes,no,review,/Users/bobhopp/DJ MEDIA/VIDEO/2010's/Beyonce - Work It Out.mp4
RVTR456196,TLC,Ain' 2 Proud 2 Beg,0,no,no,no,yes,no,,/Users/bobhopp/DJ MEDIA/VIDEO/1990's/TLC - Ain' 2 Proud 2 Beg.mp4
RVTR731264,Avril Lavigne,Smile,0,no,no,yes,yes,yes,review,/Users/bobhopp/DJ MEDIA/VIDEO/2010's/Avril Lavigne - Smile.mp4
RVTR603722,Dierks Bentley,Gone,0,no,no,yes,yes,yes,,/Users/bobhopp/DJ MEDIA/VIDEO/COUNTRY/FILL/Dierks Bentley - Gone.mp4
RVTR272562,Raydio,Jack and Jill,0,no,yes,yes,yes,yes,,/Users/bobhopp/DJ MEDIA/VIDEO/1970's/Raydio - Jack and Jill.mp4
RVTR998016,Primus,Lacquer Head,0,no,no,no,yes,yes,,/Users/bobhopp/DJ MEDIA/VIDEO/2000's/Primus - Lacquer Head.mp4
RVTR120923,Jonn Hart,Who Booty,0,no,no,yes,yes,yes,,/Users/bobhopp/DJ MEDIA/VIDEO/2010's/Jonn Hart - Who Booty.mp4
RVTR999120,Jonny Lang,Lie To Me,0,no,no,no,yes,no,,/Users/bobhopp/DJ MEDIA/VIDEO/COUNTRY/FILL/Jonny Lang - Lie To Me.mp4
RVTR622311,Hole,Celebrity Skin,0,no,yes,yes,yes,yes,,/Users/bobhopp/DJ MEDIA/VIDEO/1990's/Hole - Celebrity Skin.mp4
RVTR346838,Brooke Eden,No Shade,0,no,no,no,yes,yes,,/Users/bobhopp/DJ MEDIA/VIDEO/2020's/Brooke Eden - No Shade.mp4
RVTR196131,The Darlings,Dooley,0,no,no,no,yes,no,,/Users/bobhopp/DJ MEDIA/VIDEO/1960's/The Darlings - Dooley.mp4
RVTR095672,Studio B,I See Girls,0,no,no,no,yes,no,,/Users/bobhopp/DJ MEDIA/VIDEO/TECHNO/Studio B - I See Girls.mp4
RVTR315199,The Animals,CC Rider,0,no,no,no,yes,no,,/Users/bobhopp/DJ MEDIA/VIDEO/1960's/The Animals - CC Rider.mp4
RVTR741858,Everclear,Rock Star,0,no,yes,no,yes,no,,/Users/bobhopp/DJ MEDIA/VIDEO/TECHNO/Everclear - Rock Star.mp4
RVTR583161,Cliff Richard,Apache,0,no,no,no,yes,no,,/Users/bobhopp/DJ MEDIA/VIDEO/1970's/Cliff Richard - Apache.mp4
RVTR538774,Rick Dees,Disco Duck,0,no,no,yes,yes,yes,,/Users/bobhopp/DJ MEDIA/VIDEO/1970's/Rick Dees - Disco Duck.mp4
RVTR096302,Pat Benatar,Anxiety,0,no,no,no,yes,yes,,/Users/bobhopp/DJ MEDIA/VIDEO/1980's/Pat Benatar - Anxiety.mp4
RVTR015360,Jennifer Lopez,Papi,0,no,yes,yes,yes,yes,,/Users/bobhopp/DJ MEDIA/VIDEO/2010's/Jennifer Lopez - Papi.mp4
RVTR665501,Madonna,Celebration,0,no,yes,yes,yes,yes,,/Users/bobhopp/DJ MEDIA/VIDEO/2000's/Madonna - Celebration.mp4
RVTR478140,Jessie J,I Want Love,0,no,no,no,yes,no,,/Users/bobhopp/DJ MEDIA/VIDEO/2020's/Jessie J - I Want Love.mp4
RVTR490332,Blondie,In The Flesh,0,no,yes,no,yes,yes,review,/Users/bobhopp/DJ MEDIA/VIDEO/1970's/Blondie - In The Flesh.mp4
RVTR383364,Glass Tiger,Someday,0,no,yes,yes,yes,yes,,/Users/bobhopp/DJ MEDIA/VIDEO/1980's/Glass Tiger - Someday.mp4
RVTR143075,Ace Hood,Hustle Hard,0,no,yes,yes,yes,yes,review,/Users/bobhopp/DJ MEDIA/VIDEO/2010's/Ace Hood - Hustle Hard.mp4
RVTR940364,Gazebo,I Like Chopin,0,no,no,no,yes,no,,/Users/bobhopp/DJ MEDIA/VIDEO/TECHNO/Gazebo - I Like Chopin.mp4
RVTR706826,Kasey Chambers,Pony,0,no,no,no,yes,no,,/Users/bobhopp/DJ MEDIA/VIDEO/COUNTRY/FILL/Kasey Chambers - Pony.mp4
RVTR892872,Jonezetta,Get Ready,0,no,no,no,yes,no,,/Users/bobhopp/DJ MEDIA/VIDEO/TECHNO/Jonezetta - Get Ready.mp4
RVTR380317,Blue October,Hate Me,0,no,no,yes,yes,yes,review,/Users/bobhopp/DJ MEDIA/VIDEO/2000's/Blue October - Hate Me.mp4
RVTR034576,King Crimson,Heroes,0,no,no,no,yes,no,,/Users/bobhopp/DJ MEDIA/VIDEO/2000's/King Crimson - Heroes.mp4
RVTR729781,Ida Mae,Little Liars,0,no,no,no,yes,yes,,/Users/bobhopp/DJ MEDIA/VIDEO/2020's/Ida Mae - Little Liars.mp4
RVTR626020,Cartel,Say Anything,0,no,no,no,yes,no,,/Users/bobhopp/DJ MEDIA/VIDEO/TECHNO/Cartel - Say Anything.mp4
RVTR497924,Jeremy Camp,Tonight,0,no,no,no,yes,no,,/Users/bobhopp/DJ MEDIA/VIDEO/TECHNO/Jeremy Camp - Tonight.mp4
RVTR966396,Mary Hopkin,Goodbye,0,no,no,yes,yes,yes,,/Users/bobhopp/DJ MEDIA/VIDEO/1960's/Mary Hopkin - Goodbye.mp4
RVTR781945,Lukas Graham,7 Years,0,no,yes,yes,yes,yes,,/Users/bobhopp/DJ MEDIA/VIDEO/2010's/Lukas Graham - 7 Years.mp4
RVTR232446,The Weeknd,Earned It,0,no,yes,yes,yes,yes,,/Users/bobhopp/DJ MEDIA/VIDEO/2010's/The Weeknd - Earned It.mp4
RVTR579511,Letoya,She Ain't Got,0,no,no,no,yes,no,,/Users/bobhopp/DJ MEDIA/VIDEO/TECHNO/Letoya - She Ain't Got.mp4
RVTR067741,Ne-Yo,Champagne Life,0,no,yes,yes,yes,yes,,/Users/bobhopp/DJ MEDIA/VIDEO/2010's/Ne-Yo - Champagne Life.mp4
RVTR809069,Liam Payne,Sunshine,0,no,no,no,yes,no,,/Users/bobhopp/DJ MEDIA/VIDEO/2020's/Liam Payne - Sunshine.mp4
RVTR910282,Junkyard,Simple Man,0,no,no,no,yes,no,,/Users/bobhopp/DJ MEDIA/VIDEO/1980's/Junkyard - Simple Man.mp4
RVTR509750,Cracker,Get Off This,0,no,yes,no,yes,no,,/Users/bobhopp/DJ MEDIA/VIDEO/1990's/Cracker - Get Off This.mp4
RVTR360311,Gabby Barrett,I Hope,0,no,no,yes,yes,yes,,/Users/bobhopp/DJ MEDIA/VIDEO/2020's/Gabby Barrett - I Hope.mp4
RVTR760422,Prince,Controversy,0,no,yes,yes,yes,yes,,/Users/bobhopp/DJ MEDIA/VIDEO/1980's/Prince - Controversy.mp4
RVTR667078,Deep Dish,Flashdance,0,no,no,no,yes,no,,/Users/bobhopp/DJ MEDIA/VIDEO/TECHNO/Deep Dish - Flashdance.mp4
RVTR069519,702,Where My Girls At,0,no,no,yes,yes,yes,review,/Users/bobhopp/DJ MEDIA/VIDEO/1990's/702 - Where My Girls At.mp4
RVTR757465,Ofra Haza,Im Nin' Alu,0,no,no,no,yes,no,,/Users/bobhopp/DJ MEDIA/VIDEO/TECHNO/Ofra Haza - Im Nin' Alu.mp4
RVTR422618,Kool & The Gang,Fresh,0,no,no,no,yes,no,,/Users/bobhopp/DJ MEDIA/VIDEO/1980's/Kool & The Gang - Fresh.mp4
RVTR130887,Jennifer Lopez,Play,0,no,yes,yes,yes,yes,,/Users/bobhopp/DJ MEDIA/VIDEO/2000's/Jennifer Lopez - Play.mp4
RVTR570372,Drake,In My Feelings,0,no,no,yes,yes,yes,,/Users/bobhopp/DJ MEDIA/VIDEO/2010's/Drake - In My Feelings.mp4
RVTR551987,Blake Lewis,Sad Song,0,no,yes,no,yes,no,review,/Users/bobhopp/DJ MEDIA/VIDEO/2000's/Blake Lewis - Sad Song.mp4
RVTR974775,Nicki Minaj,Anaconda,0,no,no,yes,yes,yes,,/Users/bobhopp/DJ MEDIA/VIDEO/2010's/Nicki Minaj - Anaconda.MP4
RVTR532908,Rare Earth,Get Ready,0,no,yes,yes,yes,yes,,/Users/bobhopp/DJ MEDIA/VIDEO/1960's/Rare Earth - Get Ready.mp4
RVTR003019,Charli Xcx,Boom Clap,0,no,yes,yes,yes,yes,,/Users/bobhopp/DJ MEDIA/VIDEO/2010's/Charli Xcx - Boom Clap.mp4
RVTR834680,Free Energy,Bang Pop,0,no,no,no,yes,no,,/Users/bobhopp/DJ MEDIA/VIDEO/2010's/Free Energy - Bang Pop.mp4
RVTR839483,Pitbull,Back In Time,0,no,yes,yes,yes,yes,,/Users/bobhopp/DJ MEDIA/VIDEO/2010's/Pitbull - Back In Time.mp4
RVTR364672,Hunter Hayes,Wanted,0,no,yes,yes,yes,yes,,/Users/bobhopp/DJ MEDIA/VIDEO/COUNTRY/FILL/Hunter Hayes - Wanted.mp4
RVTR527359,Fancy,Flames Of Love,0,no,no,no,yes,no,,/Users/bobhopp/DJ MEDIA/VIDEO/TECHNO/Fancy - Flames Of Love.mp4
RVTR809091,LMFAO,Shooting Star,0,no,no,no,yes,no,,/Users/bobhopp/DJ MEDIA/VIDEO/TECHNO/LMFAO - Shooting Star.mp4
RVTR527360,Rod Stewart,Sailing,0,yes,yes,yes,yes,yes,cards_ready,/Users/bobhopp/DJ MEDIA/VIDEO/1970's/Rod Stewart - Sailing.mp4
RVTR971648,Elastica,Connection,0,no,yes,yes,yes,yes,,/Users/bobhopp/DJ MEDIA/VIDEO/1990's/Elastica - Connection.mp4
RVTR688442,Pussycat Dolls,Beep,0,no,yes,yes,yes,no,,/Users/bobhopp/DJ MEDIA/VIDEO/2000's/Pussycat Dolls - Beep.mp4
RVTR458238,Timbaland,Apologize,0,no,no,yes,yes,yes,,/Users/bobhopp/DJ MEDIA/VIDEO/2000's/Timbaland - Apologize.mp4
RVTR711959,Katy Perry,Electric,0,no,no,no,yes,no,,/Users/bobhopp/DJ MEDIA/VIDEO/2020's/Katy Perry - Electric.mp4
RVTR149909,Judas Priest,United,0,no,yes,no,yes,no,,/Users/bobhopp/DJ MEDIA/VIDEO/1980's/Judas Priest - United.mp4
RVTR279680,Lionel Richie,Truly,0,no,yes,yes,yes,yes,,/Users/bobhopp/DJ MEDIA/VIDEO/1980's/Lionel Richie - Truly.mp4
RVTR818347,Noel,Silent Morning,0,no,yes,yes,yes,yes,,/Users/bobhopp/DJ MEDIA/VIDEO/1980's/Noel - Silent Morning.mp4
RVTR932621,KSI x Lil Wayne,Lose,0,no,no,yes,yes,yes,,/Users/bobhopp/DJ MEDIA/VIDEO/2020's/KSI x Lil Wayne - Lose.mp4
RVTR997192,Aaron Carter,Iko Iko,0,no,no,no,yes,no,review,/Users/bobhopp/DJ MEDIA/VIDEO/2000's/Aaron Carter - Iko Iko.mp4
RVTR688161,Lifehouse,Breathing,0,no,yes,no,yes,no,,/Users/bobhopp/DJ MEDIA/VIDEO/2000's/Lifehouse - Breathing.mp4
RVTR541064,Nirvana,About A Girl,0,no,yes,no,yes,yes,,/Users/bobhopp/DJ MEDIA/VIDEO/1980's/Nirvana - About A Girl.mp4
RVTR741172,Alex Clare,Too Close,0,no,no,yes,yes,yes,review,/Users/bobhopp/DJ MEDIA/VIDEO/2010's/Alex Clare - Too Close.mp4
RVTR284461,Meute,Anti Loudness,0,no,no,no,yes,yes,,/Users/bobhopp/DJ MEDIA/VIDEO/2020's/Meute - Anti Loudness.mp4
RVTR416695,Dokken,It's Not Love,0,no,no,no,yes,no,,/Users/bobhopp/DJ MEDIA/VIDEO/1980's/Dokken - It's Not Love.mp4
RVTR460296,Pat Benatar,One Love,0,no,no,no,yes,yes,,/Users/bobhopp/DJ MEDIA/VIDEO/1980's/Pat Benatar - One Love.mp4
RVTR703051,U2,Get On Your Boots,0,no,yes,yes,yes,yes,,/Users/bobhopp/DJ MEDIA/VIDEO/2000's/U2 - Get On Your Boots.mp4
RVTR621679,Sade,Soldier Of Love,0,no,yes,yes,yes,yes,,/Users/bobhopp/DJ MEDIA/VIDEO/2010's/Sade - Soldier Of Love.mp4
RVTR010736,Toby Keith,Beers Ago,0,no,yes,yes,yes,yes,,/Users/bobhopp/DJ MEDIA/VIDEO/COUNTRY/FILL/Toby Keith - Beers Ago.mp4
RVTR016009,The Beatles,If I Fell,0,no,yes,yes,yes,yes,,/Users/bobhopp/DJ MEDIA/VIDEO/1960's/The Beatles - If I Fell.mp4
RVTR756921,Exposé,Let Me Be The One,0,no,no,no,yes,yes,,/Users/bobhopp/DJ MEDIA/VIDEO/1980's/Exposé - Let Me Be The One.mp4
RVTR136057,The Weeknd,The Hills,0,no,yes,yes,yes,yes,,/Users/bobhopp/DJ MEDIA/VIDEO/2010's/The Weeknd - The Hills.mp4
RVTR750687,Evanescence,Lithium,0,no,yes,no,yes,no,,/Users/bobhopp/DJ MEDIA/VIDEO/TECHNO/Evanescence - Lithium.mp4
RVTR172027,Cher,I Found Someone,0,no,yes,yes,yes,yes,,/Users/bobhopp/DJ MEDIA/VIDEO/1980's/Cher - I Found Someone.mp4
RVTR947976,Dokken,Into The Fire,0,no,yes,no,yes,no,,/Users/bobhopp/DJ MEDIA/VIDEO/1980's/Dokken - Into The Fire.mp4
RVTR646711,Keith Sweat,Twisted,0,no,yes,yes,yes,yes,,/Users/bobhopp/DJ MEDIA/VIDEO/1990's/Keith Sweat - Twisted.mp4
RVTR618682,Drake,Best I Ever Had,0,no,yes,yes,yes,yes,,/Users/bobhopp/DJ MEDIA/VIDEO/2000's/Drake - Best I Ever Had.mp4
RVTR051357,Kerli,Walking On Air,0,no,no,no,yes,no,,/Users/bobhopp/DJ MEDIA/VIDEO/TECHNO/Kerli - Walking On Air.mp4
RVTR442571,Inner City,Good Life,0,no,yes,yes,yes,yes,,/Users/bobhopp/DJ MEDIA/VIDEO/2010's/Inner City - Good Life.mp4
RVTR879014,John Legend,All Of Me,0,no,yes,yes,yes,yes,,/Users/bobhopp/DJ MEDIA/VIDEO/2010's/John Legend - All Of Me.mp4
RVTR388119,Triumph,Say Goodbye,0,no,yes,no,yes,no,,/Users/bobhopp/DJ MEDIA/VIDEO/1980's/Triumph - Say Goodbye.mp4
RVTR093383,Foreigner,Head Games,0,no,no,yes,yes,yes,,/Users/bobhopp/DJ MEDIA/VIDEO/1970's/Foreigner - Head Games.mp4
RVTR770779,INOJ,Time After Time,0,no,no,yes,yes,yes,,/Users/bobhopp/DJ MEDIA/VIDEO/1990's/INOJ - Time After Time.mp4
RVTR962507,Killers,Read My Mind,0,no,yes,yes,yes,no,,/Users/bobhopp/DJ MEDIA/VIDEO/2000's/Killers - Read My Mind.mp4
RVTR033654,Wiz Khalifa,No Sleep,0,no,yes,yes,yes,yes,,/Users/bobhopp/DJ MEDIA/VIDEO/2010's/Wiz Khalifa - No Sleep.mp4
RVTR322731,Robert Plant,Big Log,0,no,yes,yes,yes,yes,,/Users/bobhopp/DJ MEDIA/VIDEO/1980's/Robert Plant - Big Log.mp4
RVTR536032,Pink,You Make Me Sick,0,no,no,no,yes,no,,/Users/bobhopp/DJ MEDIA/VIDEO/2000's/P!Nk - You Make Me Sick.mp4
RVTR093762,Cat Clyde,Like a Wave,0,no,no,no,yes,no,,/Users/bobhopp/DJ MEDIA/VIDEO/2010's/Cat Clyde - Like a Wave.mp4
RVTR825171,Passenger,Let Her Go,0,no,yes,yes,yes,yes,,/Users/bobhopp/DJ MEDIA/VIDEO/2010's/Passenger - Let Her Go.mp4
RVTR262263,The Beatles,This Boy,0,no,yes,no,yes,no,,/Users/bobhopp/DJ MEDIA/VIDEO/1960's/The Beatles - This Boy.mp4
RVTR537621,Todd Snider,Beer Run,0,no,no,no,yes,yes,,/Users/bobhopp/DJ MEDIA/VIDEO/2000's/Todd Snider - Beer Run.mp4
RVTR249975,Frank Ocean,Novacane,0,no,no,yes,yes,yes,,/Users/bobhopp/DJ MEDIA/VIDEO/2010's/Frank Ocean - Novacane.mp4
RVTR578696,Surfaris,Surfer Joe,0,no,no,yes,yes,no,,/Users/bobhopp/DJ MEDIA/VIDEO/1960's/Surfaris - Surfer Joe.mp4
RVTR104736,Bush,Everything Zen,0,no,yes,no,yes,no,,/Users/bobhopp/DJ MEDIA/VIDEO/1990's/Bush - Everything Zen.mp4
RVTR145177,AFI,Love Like Winter,0,no,yes,yes,yes,yes,review,/Users/bobhopp/DJ MEDIA/VIDEO/2000's/AFI - Love Like Winter.mp4
RVTR159453,Nelly,Air Force Ones,0,no,yes,yes,yes,yes,,/Users/bobhopp/DJ MEDIA/VIDEO/2000's/Nelly - Air Force Ones.mp4
RVTR621788,Clay Walker,One More,0,no,no,no,yes,no,,/Users/bobhopp/DJ MEDIA/VIDEO/COUNTRY/FILL/Clay Walker - One More.mp4
RVTR627700,Nine Inch Nails,Only,0,no,no,yes,yes,yes,,/Users/bobhopp/DJ MEDIA/VIDEO/2000's/Nine Inch Nails - Only.mp4
RVTR877489,Justin Bieber,Sorry,0,no,yes,yes,yes,yes,,/Users/bobhopp/DJ MEDIA/VIDEO/2010's/Justin Bieber - Sorry.mp4
RVTR401216,Cyndi Lauper,Iko Iko,0,no,yes,no,yes,no,,/Users/bobhopp/DJ MEDIA/VIDEO/1980's/Cyndi Lauper - Iko Iko.mp4
RVTR074985,Richard Marx,Angelia,0,no,yes,yes,yes,yes,,/Users/bobhopp/DJ MEDIA/VIDEO/1980's/Richard Marx - Angelia.mp4
RVTR030338,Amber,Colour Of Love,0,no,no,yes,yes,yes,review,/Users/bobhopp/DJ MEDIA/VIDEO/1990's/Amber - Colour Of Love.mp4
RVTR988121,Liz Phair,Supernova,0,no,no,yes,yes,yes,,/Users/bobhopp/DJ MEDIA/VIDEO/1990's/Liz Phair - Supernova.mp4
RVTR255794,ONYX,Judgment Night,0,no,no,no,yes,yes,,/Users/bobhopp/DJ MEDIA/VIDEO/1990's/ONYX - Judgment Night.mp4
RVTR022400,Lifehouse,You And Me,0,no,yes,yes,yes,yes,,/Users/bobhopp/DJ MEDIA/VIDEO/2000's/Lifehouse - You And Me.mp4
RVTR311144,Lady Gaga,Bad Romance,0,no,yes,yes,yes,yes,,/Users/bobhopp/DJ MEDIA/VIDEO/2010's/Lady Gaga - Bad Romance.mp4
RVTR905091,Dan Fogelberg,Longer,0,no,yes,yes,yes,yes,,/Users/bobhopp/DJ MEDIA/VIDEO/1970's/Dan Fogelberg - Longer.mp4
RVTR881632,Faith Hill,This Kiss,0,no,yes,yes,yes,yes,,/Users/bobhopp/DJ MEDIA/VIDEO/1990's/Faith Hill - This Kiss.mp4
RVTR363762,Flo Rida,Right Round,0,no,no,yes,yes,yes,,/Users/bobhopp/DJ MEDIA/VIDEO/2000's/Flo Rida - Right Round.mp4
RVTR052583,Dierks Bentley,5-1-5-0,0,no,yes,yes,yes,yes,,/Users/bobhopp/DJ MEDIA/VIDEO/COUNTRY/FILL/Dierks Bentley - 5-1-5-0.mp4
RVTR517261,B.B. King,Rock Me Baby,0,no,yes,yes,yes,yes,review,/Users/bobhopp/DJ MEDIA/VIDEO/1960's/B.B. King - Rock Me Baby.mp4
RVTR325127,Neil Sedaka,Bad Blood,0,yes,yes,yes,yes,yes,cards_ready,/Users/bobhopp/DJ MEDIA/VIDEO/1970's/Neil Sedaka - Bad Blood.mp4
RVTR326290,Gloria Estefan,Samba,0,no,no,no,yes,yes,,/Users/bobhopp/DJ MEDIA/VIDEO/1980's/Gloria Estefan - Samba.mp4
RVTR095301,Britney Spears,Boys,0,no,yes,no,yes,no,,/Users/bobhopp/DJ MEDIA/VIDEO/2000's/Britney Spears - Boys.mp4
RVTR313252,The Grid,Swamp Thing,0,no,no,no,yes,no,,/Users/bobhopp/DJ MEDIA/VIDEO/1990's/The Grid - Swamp Thing.mp4
RVTR024142,Jason Derulo,What If,0,no,yes,yes,yes,yes,,/Users/bobhopp/DJ MEDIA/VIDEO/2010's/Jason Derulo - What If.mp4
RVTR783475,The Beatles,Let It Be,0,no,yes,yes,yes,yes,,/Users/bobhopp/DJ MEDIA/VIDEO/1960's/The Beatles - Let It Be.mp4
RVTR916013,ATC,Around The World,0,no,no,yes,yes,yes,review,/Users/bobhopp/DJ MEDIA/VIDEO/1990's/ATC - Around The World.mp4
RVTR073430,OneRepublic,Someday,0,no,no,no,yes,no,,/Users/bobhopp/DJ MEDIA/VIDEO/2020's/OneRepublic - Someday.mp4
RVTR923331,The Exciters,Tell Em,0,no,no,no,yes,no,,/Users/bobhopp/DJ MEDIA/VIDEO/1960's/The Exciters - Tell Em.mp4
RVTR169029,Company B,Fascinated,0,no,yes,yes,yes,yes,,/Users/bobhopp/DJ MEDIA/VIDEO/1980's/Company B - Fascinated.mp4
RVTR850175,Kip Moore,Beer Money,0,no,yes,yes,yes,yes,,/Users/bobhopp/DJ MEDIA/VIDEO/COUNTRY/FILL/Kip Moore - Beer Money.mp4
RVTR926757,Brooke Hogan,Falling,0,no,yes,no,yes,no,,/Users/bobhopp/DJ MEDIA/VIDEO/TECHNO/Brooke Hogan - Falling.mp4
RVTR802195,Korn,Freak On A Leash,0,no,no,yes,yes,yes,,/Users/bobhopp/DJ MEDIA/VIDEO/2000's/Korn - Freak On A Leash.mp4
RVTR266818,Elton John,Blue Eyes,0,no,yes,yes,yes,yes,,/Users/bobhopp/DJ MEDIA/VIDEO/1980's/Elton John - Blue Eyes.mp4
RVTR437664,Heatwave,Grooveline,0,no,no,no,yes,no,,/Users/bobhopp/DJ MEDIA/VIDEO/1980's/Heatwave - Grooveline.mp4
RVTR976858,Loverboy,Lucky Ones,0,no,yes,no,yes,no,,/Users/bobhopp/DJ MEDIA/VIDEO/1980's/Loverboy - Lucky Ones.mp4
RVTR094535,Pebbles,Mercedes Boy,0,no,yes,yes,yes,yes,,/Users/bobhopp/DJ MEDIA/VIDEO/1980's/Pebbles - Mercedes Boy.mp4
RVTR821476,John Denver,Fly Away,0,yes,yes,yes,yes,yes,cards_ready,/Users/bobhopp/DJ MEDIA/VIDEO/1970's/John Denver - Fly Away.mp4
RVTR981724,En Vogue,Don't Let Go,0,no,no,yes,yes,yes,,/Users/bobhopp/DJ MEDIA/VIDEO/1990's/En Vogue - Don't Let Go.mp4
RVTR416025,Jimmy Eat World,Pain,0,no,yes,yes,yes,yes,,/Users/bobhopp/DJ MEDIA/VIDEO/2000's/Jimmy Eat World - Pain.mp4
RVTR752210,Flo Rida,What A Night,0,no,no,no,yes,yes,,/Users/bobhopp/DJ MEDIA/VIDEO/2020's/Flo Rida - What A Night.mp4
RVTR035717,Given Up,Linkin Park,0,no,no,no,yes,yes,,/Users/bobhopp/DJ MEDIA/VIDEO/2000's/Given Up - Linkin Park.mp4
RVTR282466,Robbie Williams,Feel,0,no,no,no,yes,no,,/Users/bobhopp/DJ MEDIA/VIDEO/2000's/Robbie Williams - Feel.mp4
RVTR108147,Jason Derulo,It Girl,0,no,yes,yes,yes,yes,,/Users/bobhopp/DJ MEDIA/VIDEO/2010's/Jason Derulo - It Girl.mp4
RVTR323198,OneRepublic,Secrets,0,no,yes,yes,yes,yes,,/Users/bobhopp/DJ MEDIA/VIDEO/2010's/OneRepublic - Secrets.mp4
RVTR490421,Calum Scott,Biblical,0,no,no,no,yes,no,,/Users/bobhopp/DJ MEDIA/VIDEO/2020's/Calum Scott - Biblical.mp4
RVTR945149,Ed Sheeran,Bad Habits,0,no,no,yes,yes,yes,,/Users/bobhopp/DJ MEDIA/VIDEO/2020's/Ed Sheeran - Bad Habits.mp4
RVTR182318,ATeens,Dancing Queen,0,no,no,no,yes,no,review,/Users/bobhopp/DJ MEDIA/VIDEO/1980's/ATeens - Dancing Queen.mp4
RVTR216376,Disturbed,Just Stop,0,no,yes,no,yes,no,,/Users/bobhopp/DJ MEDIA/VIDEO/TECHNO/Disturbed - Just Stop.mp4
RVTR127768,Black,Wonderful Life,0,no,no,no,yes,no,review,/Users/bobhopp/DJ MEDIA/VIDEO/1980's/Black - Wonderful Life.mp4
RVTR792432,69 Boyz,Tootsie Roll,0,no,no,no,yes,no,review,/Users/bobhopp/DJ MEDIA/VIDEO/1990's/69 Boyz - Tootsie Roll.mp4
RVTR810357,Katy Perry,Firework,0,no,yes,yes,yes,yes,,/Users/bobhopp/DJ MEDIA/VIDEO/2010's/Katy Perry - Firework.mp4
RVTR196546,Foo Fighters,My Hero,0,no,yes,no,yes,no,,/Users/bobhopp/DJ MEDIA/VIDEO/TECHNO/Foo Fighters - My Hero.mp4
RVTR280642,Morrissey,Suedehead,0,no,yes,no,yes,no,,/Users/bobhopp/DJ MEDIA/VIDEO/1980's/Morrissey - Suedehead.mp4
RVTR870340,Doja Cat,Kiss Me More,0,no,no,yes,yes,yes,,/Users/bobhopp/DJ MEDIA/VIDEO/2020's/Doja Cat - Kiss Me More.mp4
RVTR249609,Van McCoy,The Hustle,0,yes,yes,yes,yes,yes,cards_ready,/Users/bobhopp/DJ MEDIA/VIDEO/1970's/Van McCoy - The Hustle.mp4
RVTR252572,Kings Of Leon,Notion,0,no,yes,yes,yes,yes,,/Users/bobhopp/DJ MEDIA/VIDEO/2000's/Kings Of Leon - Notion.mp4
RVTR701784,Brandy,What About Us,0,no,no,yes,yes,yes,,/Users/bobhopp/DJ MEDIA/VIDEO/2000's/Brandy - What About Us.mp4
RVTR997523,Tommy Lee,Good Times,0,no,no,yes,yes,yes,,/Users/bobhopp/DJ MEDIA/VIDEO/2000's/Tommy Lee - Good Times.mp4
RVTR135205,J Lo,Ain't That Funny,0,no,no,no,yes,no,,/Users/bobhopp/DJ MEDIA/VIDEO/1990's/J Lo - Ain't That Funny.mp4
RVTR573878,MGMT,Time to Pretend,0,no,yes,no,yes,yes,,/Users/bobhopp/DJ MEDIA/VIDEO/2000's/MGMT - Time to Pretend.mp4
RVTR667773,Skid Row,Wasted Time,0,no,no,yes,yes,yes,,/Users/bobhopp/DJ MEDIA/VIDEO/1990's/Skid Row - Wasted Time.mp4
RVTR361813,Miley Cyrus,7 Things,0,no,yes,yes,yes,yes,,/Users/bobhopp/DJ MEDIA/VIDEO/2000's/Miley Cyrus - 7 Things.mp4
RVTR396597,The Who,Sister Disco,0,no,yes,no,yes,no,,/Users/bobhopp/DJ MEDIA/VIDEO/1970's/The Who - Sister Disco.mp4
RVTR891249,Berlin,No More Words,0,no,no,yes,yes,yes,review,/Users/bobhopp/DJ MEDIA/VIDEO/1980's/Berlin - No More Words.mp4
RVTR788886,Bon Jovi,Bad Medicine,0,no,yes,yes,yes,yes,,/Users/bobhopp/DJ MEDIA/VIDEO/1980's/Bon Jovi - Bad Medicine.mp4
RVTR145316,Heart,City's Burning,0,no,no,no,yes,yes,,/Users/bobhopp/DJ MEDIA/VIDEO/1980's/Heart - City's Burning.mp4
RVTR145995,Jennifer Paige,Crush,0,no,yes,yes,yes,yes,,/Users/bobhopp/DJ MEDIA/VIDEO/1990's/Jennifer Paige - Crush.mp4
RVTR381988,Anne Marie,Ciao Adios,0,no,no,no,yes,no,review,/Users/bobhopp/DJ MEDIA/VIDEO/2010's/Anne Marie - Ciao Adios.mp4
RVTR820635,Madonna,Don't Tell Me,0,no,yes,yes,yes,yes,,/Users/bobhopp/DJ MEDIA/VIDEO/2000's/Madonna - Don't Tell Me.mp4
RVTR571653,Lana Del Ray,American,0,no,no,no,yes,no,,/Users/bobhopp/DJ MEDIA/VIDEO/2010's/Lana Del Ray - American.MP4
RVTR229316,Pussycat Dolls,Sway,0,no,no,no,yes,yes,,/Users/bobhopp/DJ MEDIA/VIDEO/TECHNO/Pussycat Dolls - Sway.mp4
RVTR013798,Bootcamp,I'm a Victim,0,no,no,no,yes,no,,/Users/bobhopp/DJ MEDIA/VIDEO/1970's/Bootcamp - I'm a Victim.mp4
RVTR095546,Lionel Ritchie,Hello,0,no,no,no,yes,no,,/Users/bobhopp/DJ MEDIA/VIDEO/1980's/Lionel Ritchie - Hello.mp4
RVTR734542,Haley Reinhart,Creep,0,no,no,no,yes,no,,/Users/bobhopp/DJ MEDIA/VIDEO/1990's/Haley Reinhart - Creep.mp4
RVTR517995,Chris Brown,Go Crazy,0,no,no,yes,yes,yes,,/Users/bobhopp/DJ MEDIA/VIDEO/2020's/Chris Brown - Go Crazy.mp4
RVTR280559,Kate Voegele,99 Times,0,no,yes,no,yes,no,,/Users/bobhopp/DJ MEDIA/VIDEO/TECHNO/Kate Voegele - 99 Times.mp4
RVTR215280,The Hollies,Bus Stop,0,no,yes,yes,yes,yes,,/Users/bobhopp/DJ MEDIA/VIDEO/1960's/The Hollies - Bus Stop.mp4
RVTR729270,Kate Bush,The Big Sky,0,no,yes,no,yes,no,,/Users/bobhopp/DJ MEDIA/VIDEO/1980's/Kate Bush - The Big Sky.mp4
RVTR227496,Madonna,Dress You Up,0,no,yes,yes,yes,yes,,/Users/bobhopp/DJ MEDIA/VIDEO/1980's/Madonna - Dress You Up.mp4
RVTR686968,Nu Shooz,I Can't Wait,0,no,yes,yes,yes,yes,,/Users/bobhopp/DJ MEDIA/VIDEO/1980's/Nu Shooz - I Can't Wait.mp4
RVTR163162,Simple Plan,Save You,0,no,yes,no,yes,no,,/Users/bobhopp/DJ MEDIA/VIDEO/TECHNO/Simple Plan - Save You.mp4
RVTR320562,Dan + Shay,Speechless,0,no,yes,yes,yes,yes,,/Users/bobhopp/DJ MEDIA/VIDEO/2010's/Dan + Shay - Speechless.mp4
RVTR523930,Trey Songz,2 Reasons,0,no,yes,yes,yes,yes,,/Users/bobhopp/DJ MEDIA/VIDEO/2010's/Trey Songz - 2 Reasons.mp4
RVTR067365,Spice Girls,2 Become 1,0,no,yes,yes,yes,yes,,/Users/bobhopp/DJ MEDIA/VIDEO/1990's/Spice Girls - 2 Become 1.mp4
RVTR844188,Cat Stevens,The Hurt,0,no,yes,yes,yes,yes,,/Users/bobhopp/DJ MEDIA/VIDEO/1970's/Cat Stevens - The Hurt.mp4
RVTR105382,M People,Movin' On Up,0,no,no,no,yes,no,,/Users/bobhopp/DJ MEDIA/VIDEO/1990's/M People - Movin' On Up.mp4
RVTR085417,Flo Rida,Good Feeling,0,no,yes,yes,yes,yes,,/Users/bobhopp/DJ MEDIA/VIDEO/2010's/Flo Rida - Good Feeling.mp4
RVTR862467,Rod Stewart,Hot Legs,0,no,yes,yes,yes,yes,,/Users/bobhopp/DJ MEDIA/VIDEO/1970's/Rod Stewart - Hot Legs.mp4
RVTR175492,Green Day,Basket Case,0,no,yes,no,yes,no,,/Users/bobhopp/DJ MEDIA/VIDEO/2000's/Green Day - Basket Case.mp4
RVTR503544,Big & Rich,Look At You,0,no,no,no,yes,no,review,/Users/bobhopp/DJ MEDIA/VIDEO/2010's/Big & Rich - Look At You.mp4
RVTR150404,Michael Bublé,Hollywood,0,no,no,no,yes,no,,/Users/bobhopp/DJ MEDIA/VIDEO/2010's/Michael Bublé - Hollywood.mp4
RVTR038165,Demi Lovato,I Love Me,0,no,no,yes,yes,yes,,/Users/bobhopp/DJ MEDIA/VIDEO/2020's/Demi Lovato - I Love Me.mp4
RVTR896618,Nalin & Kane,Beachball,0,no,no,no,yes,no,,/Users/bobhopp/DJ MEDIA/VIDEO/TECHNO/Nalin & Kane - Beachball.mp4
RVTR112840,Safri Duo,Samb Adagio,0,no,no,no,yes,no,,/Users/bobhopp/DJ MEDIA/VIDEO/TECHNO/Safri Duo - Samb Adagio.mp4
RVTR330901,Dirty Heads,Vacation,0,no,no,no,yes,yes,,/Users/bobhopp/DJ MEDIA/VIDEO/2010's/Dirty Heads - Vacation.mp4
RVTR106871,Rae Sremmurd,No Type,0,no,yes,yes,yes,yes,,/Users/bobhopp/DJ MEDIA/VIDEO/2010's/Rae Sremmurd - No Type.mp4
RVTR335164,Shape UK,Lola's Theme,0,no,no,no,yes,no,,/Users/bobhopp/DJ MEDIA/VIDEO/TECHNO/Shape UK - Lola's Theme.mp4
RVTR513635,Neil Young,Wonderin',0,no,no,no,yes,no,,/Users/bobhopp/DJ MEDIA/VIDEO/1980's/Neil Young - Wonderin'.mp4
RVTR172320,Camila Cabello,Havana,0,no,yes,yes,yes,yes,,/Users/bobhopp/DJ MEDIA/VIDEO/2010's/Camila Cabello - Havana.mp4
RVTR749534,Cedric Gervais,Molly,0,no,no,no,yes,yes,,/Users/bobhopp/DJ MEDIA/VIDEO/2010's/Cedric Gervais - Molly.mp4
RVTR515488,Prodigy,Firestarter,0,no,yes,yes,yes,yes,,/Users/bobhopp/DJ MEDIA/VIDEO/1990's/Prodigy - Firestarter.mp4
RVTR387658,Fetty Wap,Trap Queen,0,no,yes,yes,yes,yes,,/Users/bobhopp/DJ MEDIA/VIDEO/2010's/Fetty Wap - Trap Queen.mp4
RVTR518435,The Script,Breakeven,0,no,yes,yes,yes,yes,,/Users/bobhopp/DJ MEDIA/VIDEO/2010's/The Script - Breakeven.mp4
RVTR447871,Rui Da Silva,Touch Me,0,no,no,no,yes,no,,/Users/bobhopp/DJ MEDIA/VIDEO/TECHNO/Rui Da Silva - Touch Me.mp4
RVTR984731,Linkin Park,Crawling,0,no,yes,yes,yes,yes,,/Users/bobhopp/DJ MEDIA/VIDEO/2000's/Linkin Park - Crawling.mp4
RVTR274263,Metal Cover,Let It Go,0,no,no,no,yes,no,,/Users/bobhopp/DJ MEDIA/VIDEO/2010's/Metal Cover - Let It Go.mp4
RVTR764688,Bad Company,Movin' On,0,no,yes,yes,yes,yes,review,/Users/bobhopp/DJ MEDIA/VIDEO/1970's/Bad Company - Movin' On.mp4
RVTR587281,Joan Jett,Love Hurts,0,no,yes,no,yes,no,,/Users/bobhopp/DJ MEDIA/VIDEO/1990's/Joan Jett - Love Hurts.mp4
RVTR175697,Billie Eilish,Bad Guy,0,no,no,yes,yes,yes,review,/Users/bobhopp/DJ MEDIA/VIDEO/2010's/Billie Eilish - Bad Guy.mp4
RVTR557458,Sundance Head,At Last,0,no,no,yes,yes,yes,,/Users/bobhopp/DJ MEDIA/VIDEO/2010's/Sundance Head - At Last.mp4
RVTR061184,Jennifer Lopez,Alive,0,no,yes,no,yes,no,,/Users/bobhopp/DJ MEDIA/VIDEO/TECHNO/Jennifer Lopez - Alive.mp4
RVTR118072,Georgie Fame,Get Away,0,no,no,no,yes,no,,/Users/bobhopp/DJ MEDIA/VIDEO/1960's/Georgie Fame - Get Away.mp4
RVTR628742,Laid Back,White Horse,0,no,yes,yes,yes,yes,,/Users/bobhopp/DJ MEDIA/VIDEO/1980's/Laid Back - White Horse.mp4
RVTR334595,Dean Lewis,Be Alright,0,no,no,yes,yes,yes,,/Users/bobhopp/DJ MEDIA/VIDEO/2010's/Dean Lewis - Be Alright.mp4
RVTR970552,Aaliyah,Rock The Boat,0,no,yes,yes,yes,yes,review,/Users/bobhopp/DJ MEDIA/VIDEO/2000's/Aaliyah - Rock The Boat.mp4
RVTR592472,Creed,One Last Breath,0,no,yes,yes,yes,yes,,/Users/bobhopp/DJ MEDIA/VIDEO/2000's/Creed - One Last Breath.mp4
RVTR542448,Ice Cube,You Can Do It,0,no,no,yes,yes,yes,,/Users/bobhopp/DJ MEDIA/VIDEO/2000's/Ice Cube - You Can Do It.mp4
RVTR091538,Janet Jackson,Go Deep,0,no,no,no,yes,no,,/Users/bobhopp/DJ MEDIA/VIDEO/TECHNO/Janet Jackson - Go Deep.mp4
RVTR103373,The Call,I Don t Wanna,0,no,no,no,yes,no,,/Users/bobhopp/DJ MEDIA/VIDEO/1980's/The Call - I Don t Wanna.mp4
RVTR450965,Mabel,Don't Call Me Up,0,no,no,yes,yes,yes,,/Users/bobhopp/DJ MEDIA/VIDEO/2000's/Mabel - Don't Call Me Up.mp4
RVTR044643,Pitbull,Shake Senora,0,no,yes,yes,yes,yes,,/Users/bobhopp/DJ MEDIA/VIDEO/2010's/Pitbull - Shake Senora.mp4
RVTR290672,Blondie,Picture This,0,no,yes,no,yes,yes,review,/Users/bobhopp/DJ MEDIA/VIDEO/1970's/Blondie - Picture This.mp4
RVTR917651,Paul Davis,I Go Crazy,0,no,no,yes,yes,yes,,/Users/bobhopp/DJ MEDIA/VIDEO/1970's/Paul Davis - I Go Crazy.mp4
RVTR423027,Thinkman,The Formula,0,no,no,no,yes,no,,/Users/bobhopp/DJ MEDIA/VIDEO/1980's/Thinkman - The Formula.mp4
RVTR014982,Hooters,And We Danced,0,no,yes,yes,yes,yes,,/Users/bobhopp/DJ MEDIA/VIDEO/1980's/Hooters - And We Danced.mp4
RVTR400917,Das EFX,They Want EFX,0,no,yes,yes,yes,yes,,/Users/bobhopp/DJ MEDIA/VIDEO/1990's/Das EFX - They Want EFX.mp4
RVTR713032,Inner Circle,Bad Boys,0,no,no,yes,yes,yes,,/Users/bobhopp/DJ MEDIA/VIDEO/1990's/Inner Circle - Bad Boys.mp4
RVTR604416,Ne-Yo,Let Me Love You,0,no,yes,yes,yes,yes,,/Users/bobhopp/DJ MEDIA/VIDEO/2010's/Ne-Yo - Let Me Love You.mp4
RVTR590487,Daniel Powter,Bad Day,0,no,yes,yes,yes,yes,,/Users/bobhopp/DJ MEDIA/VIDEO/2000's/Daniel Powter - Bad Day.mp4
RVTR927907,Three Days Grace,Pain,0,no,yes,yes,yes,yes,,/Users/bobhopp/DJ MEDIA/VIDEO/2000's/Three Days Grace - Pain.mp4
RVTR070027,David Guetta,Hey Mama,0,no,yes,yes,yes,yes,,/Users/bobhopp/DJ MEDIA/VIDEO/2010's/David Guetta - Hey Mama.MP4
RVTR086849,Sam Hunt,House Party,0,no,yes,yes,yes,yes,,/Users/bobhopp/DJ MEDIA/VIDEO/2010's/Sam Hunt - House Party.mp4
RVTR924710,Ol' 55,Two Faces Have I,0,no,no,no,yes,yes,,/Users/bobhopp/DJ MEDIA/VIDEO/1980's/Ol' 55 - Two Faces Have I.mp4
RVTR176039,Madonna,I'll Remember,0,no,no,yes,yes,yes,,/Users/bobhopp/DJ MEDIA/VIDEO/1990's/Madonna - I'll Remember.mp4
RVTR150810,Britney Spears,Radar,0,no,yes,yes,yes,yes,,/Users/bobhopp/DJ MEDIA/VIDEO/2000's/Britney Spears - Radar.mp4
RVTR534626,Rob Zombie,Foxy Foxy,0,no,no,no,yes,no,,/Users/bobhopp/DJ MEDIA/VIDEO/2000's/Rob Zombie - Foxy Foxy.mp4
RVTR244027,Flyleaf,All Around Me,0,no,yes,yes,yes,yes,,/Users/bobhopp/DJ MEDIA/VIDEO/2000's/Flyleaf - All Around Me.mp4
RVTR763858,Incubus,Megalomaniac,0,no,no,yes,yes,yes,,/Users/bobhopp/DJ MEDIA/VIDEO/2000's/Incubus - Megalomaniac.mp4
RVTR889649,The Corrs,Breathless,0,no,yes,yes,yes,yes,,/Users/bobhopp/DJ MEDIA/VIDEO/2000's/The Corrs - Breathless.mp4
RVTR332130,Stranglers,Skin Deep,0,no,no,no,yes,no,,/Users/bobhopp/DJ MEDIA/VIDEO/TECHNO/Stranglers - Skin Deep.mp4
RVTR646247,No Doubt,Excuse Me Mr,0,no,no,no,yes,no,,/Users/bobhopp/DJ MEDIA/VIDEO/1990's/No Doubt - Excuse Me Mr.mp4
RVTR059727,Mary Lambert,Secrets,0,no,no,yes,yes,yes,,/Users/bobhopp/DJ MEDIA/VIDEO/2010's/Mary Lambert - Secrets.mp4
RVTR746459,Shakira,Don't Wait Up,0,no,no,no,yes,no,,/Users/bobhopp/DJ MEDIA/VIDEO/2020's/Shakira - Don't Wait Up.mp4
RVTR236244,Klaxons,Golden Skans,0,no,no,no,yes,no,,/Users/bobhopp/DJ MEDIA/VIDEO/TECHNO/Klaxons - Golden Skans.mp4
RVTR356133,Christina Perri,Arms,0,no,yes,yes,yes,yes,,/Users/bobhopp/DJ MEDIA/VIDEO/2010's/Christina Perri - Arms.MP4
RVTR675742,Ed Sheeran,Lego House,0,no,no,yes,yes,yes,,/Users/bobhopp/DJ MEDIA/VIDEO/2010's/Ed Sheeran - Lego House.mp4
RVTR219881,Nico & Vinz,Am I Wrong,0,no,no,no,yes,no,,/Users/bobhopp/DJ MEDIA/VIDEO/2010's/Nico & Vinz - Am I Wrong.mp4
RVTR649721,Toosii feat. Latto,5'5,0,no,no,no,yes,no,,/Users/bobhopp/DJ MEDIA/VIDEO/2020's/Toosii feat. Latto - 5'5.mp4
RVTR388772,Double Dee,Found Love,0,no,no,no,yes,no,,/Users/bobhopp/DJ MEDIA/VIDEO/1990's/Double Dee - Found Love.mp4
RVTR303501,Monica,For You I Will,0,no,no,yes,yes,yes,,/Users/bobhopp/DJ MEDIA/VIDEO/1990's/Monica - For You I Will.mp4
RVTR534335,Lady Gaga,Bloody Mary,0,no,yes,yes,yes,yes,,/Users/bobhopp/DJ MEDIA/VIDEO/2010's/Lady Gaga - Bloody Mary.mp4
RVTR462395,JS 16,Stomp To My Beat,0,no,no,no,yes,no,,/Users/bobhopp/DJ MEDIA/VIDEO/TECHNO/JS 16 - Stomp To My Beat.mp4
RVTR346407,Brandy,Brokenhearted,0,no,yes,yes,yes,yes,,/Users/bobhopp/DJ MEDIA/VIDEO/1990's/Brandy - Brokenhearted.mp4
RVTR411267,R. Kelly,Bump N' Grind,0,no,yes,yes,yes,yes,,/Users/bobhopp/DJ MEDIA/VIDEO/1990's/R. Kelly - Bump N' Grind.mp4
RVTR086860,Craig David,Fill Me In,0,no,yes,yes,yes,yes,,/Users/bobhopp/DJ MEDIA/VIDEO/2000's/Craig David - Fill Me In.mp4
RVTR923677,Madonna,American Life,0,no,yes,yes,yes,yes,,/Users/bobhopp/DJ MEDIA/VIDEO/2000's/Madonna - American Life.mp4
RVTR053151,Three 6 Mafia,Shake My,0,no,no,yes,yes,yes,,/Users/bobhopp/DJ MEDIA/VIDEO/2000's/Three 6 Mafia - Shake My.mp4
RVTR610155,George Michael,Freeek,0,no,no,no,yes,no,,/Users/bobhopp/DJ MEDIA/VIDEO/TECHNO/George Michael - Freeek.mp4
RVTR231441,Chic,I Want Your Love,0,no,yes,yes,yes,yes,,/Users/bobhopp/DJ MEDIA/VIDEO/1970's/Chic - I Want Your Love.mp4
RVTR818661,Pure Sugar,Delicious,0,no,no,yes,yes,yes,,/Users/bobhopp/DJ MEDIA/VIDEO/1990's/Pure Sugar - Delicious.mp4
RVTR555311,Coldplay,Viva La Vida,0,no,yes,yes,yes,yes,,/Users/bobhopp/DJ MEDIA/VIDEO/2000's/Coldplay - Viva La Vida.mp4
RVTR628652,System Of A Down,Byob,0,no,no,no,yes,no,,/Users/bobhopp/DJ MEDIA/VIDEO/2000's/System Of A Down - Byob.mp4
RVTR777147,Calvin Harris,Summer,0,no,yes,yes,yes,yes,,/Users/bobhopp/DJ MEDIA/VIDEO/2010's/Calvin Harris - Summer.mp4
RVTR084771,Josh Turner,Your Man,0,no,yes,yes,yes,yes,,/Users/bobhopp/DJ MEDIA/VIDEO/COUNTRY/FILL/Josh Turner - Your Man.mp4
RVTR866966,Sugarland,Just Might,0,no,yes,yes,yes,yes,,/Users/bobhopp/DJ MEDIA/VIDEO/COUNTRY/FILL/Sugarland - Just Might.mp4
RVTR461689,Bruno Mars,Marry You,0,no,yes,yes,yes,yes,,/Users/bobhopp/DJ MEDIA/VIDEO/2010's/Bruno Mars - Marry You.mp4
RVTR729683,Alex Warren,Ordinary,0,no,no,yes,yes,yes,review,/Users/bobhopp/DJ MEDIA/VIDEO/2020's/Alex Warren - Ordinary.mp4
RVTR093040,Seal,Fly Like An Eagle,0,no,no,yes,yes,yes,,/Users/bobhopp/DJ MEDIA/VIDEO/1990's/Seal - Fly Like An Eagle.mp4
RVTR422026,Ozzy,Gets Me Through,0,no,no,no,yes,no,,/Users/bobhopp/DJ MEDIA/VIDEO/2000's/Ozzy - Gets Me Through.mp4
RVTR251371,Clay Walker,That's Us,0,no,no,no,yes,no,,/Users/bobhopp/DJ MEDIA/VIDEO/COUNTRY/FILL/Clay Walker - That's Us.mp4
RVTR502258,Breathe,How Can I Fall,0,no,no,yes,yes,yes,,/Users/bobhopp/DJ MEDIA/VIDEO/1980's/Breathe - How Can I Fall.mp4
RVTR060226,Icehouse,No Promises,0,no,yes,yes,yes,yes,,/Users/bobhopp/DJ MEDIA/VIDEO/1980's/Icehouse - No Promises.mp4
RVTR647453,Rihanna,Pon De Replay,0,no,yes,yes,yes,yes,,/Users/bobhopp/DJ MEDIA/VIDEO/2000's/Rihanna - Pon De Replay.mp4
RVTR734753,Beyonce,Dance For You,0,no,no,yes,yes,yes,review,/Users/bobhopp/DJ MEDIA/VIDEO/2010's/Beyonce - Dance For You.mp4
RVTR353352,REM,Radio Free Europe,0,no,no,no,yes,no,,/Users/bobhopp/DJ MEDIA/VIDEO/1980's/REM - Radio Free Europe.mp4
RVTR017401,Faithless,We Come One,0,no,no,no,yes,no,,/Users/bobhopp/DJ MEDIA/VIDEO/TECHNO/Faithless - We Come One.mp4
RVTR009798,Bonnie Raitt,Runaway,0,no,yes,yes,yes,yes,,/Users/bobhopp/DJ MEDIA/VIDEO/1970's/Bonnie Raitt - Runaway.mp4
RVTR462106,Dmx,Ain't No Sunshine,0,no,no,no,yes,no,,/Users/bobhopp/DJ MEDIA/VIDEO/2000's/Dmx - Ain't No Sunshine.mp4
RVTR799772,Katy Perry,Hot N Cold,0,no,yes,yes,yes,yes,,/Users/bobhopp/DJ MEDIA/VIDEO/2000's/Katy Perry - Hot N Cold.mp4
RVTR097307,Don Diablo,Easy Lover,0,no,no,no,yes,no,,/Users/bobhopp/DJ MEDIA/VIDEO/TECHNO/Don Diablo - Easy Lover.mp4
RVTR678706,Runaways,Cherry Bomb,0,no,no,no,yes,no,,/Users/bobhopp/DJ MEDIA/VIDEO/1970's/Runaways - Cherry Bomb.mp4
RVTR990811,Bryan Adams,This Time,0,no,yes,yes,yes,yes,,/Users/bobhopp/DJ MEDIA/VIDEO/1980's/Bryan Adams - This Time.mp4
RVTR197031,Pavement,Gold Soundz,0,no,no,no,yes,no,,/Users/bobhopp/DJ MEDIA/VIDEO/1990's/Pavement - Gold Soundz.mp4
RVTR235181,Taylor Swift,Fifteen,0,no,yes,yes,yes,yes,,/Users/bobhopp/DJ MEDIA/VIDEO/2000's/Taylor Swift - Fifteen.mp4
RVTR432086,Alessia Cara,How Far I,0,no,no,yes,yes,yes,review,/Users/bobhopp/DJ MEDIA/VIDEO/2010's/Alessia Cara - How Far I.mp4
RVTR742576,Katy Perry,Part Of Me,0,no,no,yes,yes,yes,,/Users/bobhopp/DJ MEDIA/VIDEO/2010's/Katy Perry - Part Of Me.mp4
RVTR445250,Ryan Bingham,The Poet,0,no,no,no,yes,yes,,/Users/bobhopp/DJ MEDIA/VIDEO/2010's/Ryan Bingham - The Poet.mp4
RVTR975816,Erica Banks,Toot That,0,no,no,no,yes,no,,/Users/bobhopp/DJ MEDIA/VIDEO/2020's/Erica Banks - Toot That.mp4
RVTR732499,Duncan Sheik,On A High,0,no,no,no,yes,no,,/Users/bobhopp/DJ MEDIA/VIDEO/TECHNO/Duncan Sheik - On A High.mp4
RVTR265806,Bad Company,This Love,0,no,yes,yes,yes,yes,review,/Users/bobhopp/DJ MEDIA/VIDEO/1980's/Bad Company - This Love.mp4
RVTR094707,Willie Jones,Lil Vibe,0,no,no,no,yes,yes,,/Users/bobhopp/DJ MEDIA/VIDEO/1990's/Willie Jones - Lil Vibe.mp4
RVTR997058,Lil Wayne,How To Love,0,no,yes,yes,yes,yes,,/Users/bobhopp/DJ MEDIA/VIDEO/2010's/Lil Wayne - How To Love.mp4
RVTR034202,Porno For Pyros,Pets,0,no,no,yes,yes,yes,,/Users/bobhopp/DJ MEDIA/VIDEO/1990's/Porno For Pyros - Pets.mp4
RVTR567487,Justin Bieber,Love Me,0,no,no,yes,yes,yes,,/Users/bobhopp/DJ MEDIA/VIDEO/2000's/Justin Bieber - Love Me.mp4
RVTR516063,Metallica,I Disappear,0,no,no,yes,yes,yes,,/Users/bobhopp/DJ MEDIA/VIDEO/2000's/Metallica - I Disappear.mp4
RVTR540616,Pink,All I Know So Far,0,no,no,no,yes,no,,/Users/bobhopp/DJ MEDIA/VIDEO/2020's/Pink - All I Know So Far.mp4
RVTR235965,Tyler Hubbard,5 Foot 9,0,no,no,yes,yes,yes,,/Users/bobhopp/DJ MEDIA/VIDEO/2020's/Tyler Hubbard - 5 Foot 9.mp4
RVTR793344,Samantha Fox,Touch Me,0,no,yes,yes,yes,yes,,/Users/bobhopp/DJ MEDIA/VIDEO/1980's/Samantha Fox - Touch Me.mp4
RVTR076369,Cathy Dennis,Touch Me,0,no,no,yes,yes,yes,,/Users/bobhopp/DJ MEDIA/VIDEO/1990's/Cathy Dennis - Touch Me.mp4
RVTR255065,Godhead,Eleanor Rigby,0,no,no,no,yes,yes,,/Users/bobhopp/DJ MEDIA/VIDEO/1990's/Godhead - Eleanor Rigby.mp4
RVTR051945,Metallica,Unforgiven,0,no,no,no,yes,no,,/Users/bobhopp/DJ MEDIA/VIDEO/1990's/Metallica - Unforgiven.mp4
RVTR295846,Black Eyed Peas,Hit It,0,no,no,no,yes,no,review,/Users/bobhopp/DJ MEDIA/VIDEO/2020's/Black Eyed Peas - Hit It.mp4
RVTR081662,Gotthard,Sister Moon,0,no,no,no,yes,yes,,/Users/bobhopp/DJ MEDIA/VIDEO/1990's/Gotthard - Sister Moon.mp4
RVTR969689,Duffy,Stepping Stone,0,no,yes,no,yes,no,,/Users/bobhopp/DJ MEDIA/VIDEO/2000's/Duffy - Stepping Stone.mp4
RVTR913274,The Beach Boys,Darlin',0,no,yes,yes,yes,yes,,/Users/bobhopp/DJ MEDIA/VIDEO/1960's/The Beach Boys - Darlin'.mp4
RVTR133233,Nazareth,Miss Misery,0,yes,yes,no,yes,no,cards_ready,/Users/bobhopp/DJ MEDIA/VIDEO/1970's/Nazareth - Miss Misery.mp4
RVTR288916,Herbie Hancock,Rockit,0,no,yes,yes,yes,yes,,/Users/bobhopp/DJ MEDIA/VIDEO/1980's/Herbie Hancock - Rockit.mp4
RVTR491613,White Lion,Radar Love,0,no,yes,yes,yes,yes,,/Users/bobhopp/DJ MEDIA/VIDEO/1980's/White Lion - Radar Love.mp4
RVTR016815,Meghan Trainor,Me Too,0,no,yes,yes,yes,yes,,/Users/bobhopp/DJ MEDIA/VIDEO/2010's/Meghan Trainor - Me Too.mp4
RVTR829980,Papa Roach,To Be Loved,0,no,no,no,yes,no,,/Users/bobhopp/DJ MEDIA/VIDEO/TECHNO/Papa Roach - To Be Loved.mp4
RVTR920920,Britney Spears,Crazy,0,no,no,no,yes,no,,/Users/bobhopp/DJ MEDIA/VIDEO/1990's/Britney Spears - Crazy.mp4
RVTR108485,Joan Jett,Little Liar,0,no,no,yes,yes,yes,,/Users/bobhopp/DJ MEDIA/VIDEO/1980's/Joan Jett - Little Liar.mp4
RVTR035841,Laura Branigan,Gloria,0,no,yes,yes,yes,yes,,/Users/bobhopp/DJ MEDIA/VIDEO/1980's/Laura Branigan - Gloria.mp4
RVTR268991,Jordin Sparks,Tattoo,0,no,yes,yes,yes,yes,,/Users/bobhopp/DJ MEDIA/VIDEO/2000's/Jordin Sparks - Tattoo.mp4
RVTR555616,Justin Bieber,U Smile,0,no,yes,yes,yes,yes,,/Users/bobhopp/DJ MEDIA/VIDEO/2010's/Justin Bieber - U Smile.mp4
RVTR286573,Gorillaz,Dirty Harry,0,no,yes,no,yes,yes,,/Users/bobhopp/DJ MEDIA/VIDEO/2000's/Gorillaz - Dirty Harry.mp4
RVTR054004,Ne-Yo,One In A Million,0,no,yes,yes,yes,yes,,/Users/bobhopp/DJ MEDIA/VIDEO/2010's/Ne-Yo - One In A Million.mp4
RVTR103181,Black Box,Ride On Time,0,no,no,no,yes,no,review,/Users/bobhopp/DJ MEDIA/VIDEO/TECHNO/Black Box - Ride On Time.mp4
RVTR123079,Metro Station,Kelsey,0,no,yes,no,yes,no,,/Users/bobhopp/DJ MEDIA/VIDEO/TECHNO/Metro Station - Kelsey.mp4
RVTR184435,Poison,I Won't Forget,0,no,no,yes,yes,yes,,/Users/bobhopp/DJ MEDIA/VIDEO/1980's/Poison - I Won't Forget.mp4
RVTR464027,Charlie Puth,How Long,0,no,yes,yes,yes,yes,,/Users/bobhopp/DJ MEDIA/VIDEO/2010's/Charlie Puth - How Long.mp4
RVTR836371,The Who,"See Me, Feel Me",0,no,yes,yes,yes,yes,,"/Users/bobhopp/DJ MEDIA/VIDEO/1960's/The Who - See Me, Feel Me.mp4"
RVTR476808,Ann Margaret,Shot Gun,0,no,no,no,yes,no,review,/Users/bobhopp/DJ MEDIA/VIDEO/1970's/Ann Margaret - Shot Gun.mp4
RVTR513320,Sade,No Ordinary Love,0,no,yes,yes,yes,yes,,/Users/bobhopp/DJ MEDIA/VIDEO/1990's/Sade - No Ordinary Love.mp4
RVTR772341,Soulja Boy,Crank That,0,no,no,no,yes,no,,/Users/bobhopp/DJ MEDIA/VIDEO/2000's/Soulja Boy - Crank That.mp4
RVTR694653,Melinda Watts,So Good,0,no,no,no,yes,no,,/Users/bobhopp/DJ MEDIA/VIDEO/TECHNO/Melinda Watts - So Good.mp4
RVTR667620,Heart,What About Love,0,no,no,yes,yes,yes,,/Users/bobhopp/DJ MEDIA/VIDEO/1980's/Heart - What About Love.mp4
RVTR765353,Beyonce,Single Ladies,0,no,no,yes,yes,yes,review,/Users/bobhopp/DJ MEDIA/VIDEO/2000's/Beyonce - Single Ladies.mp4
RVTR851984,Europe,Rock the Night,0,no,yes,yes,yes,yes,,/Users/bobhopp/DJ MEDIA/VIDEO/1980's/Europe - Rock the Night.mp4
RVTR217204,Toby Keith,Old School,0,no,no,no,yes,no,,/Users/bobhopp/DJ MEDIA/VIDEO/COUNTRY/FILL/Toby Keith - Old School.mp4
RVTR687774,Lee Brice,I Don't Dance,0,no,yes,yes,yes,yes,,/Users/bobhopp/DJ MEDIA/VIDEO/2010's/Lee Brice - I Don't Dance.mp4
RVTR395087,Seether,Country Song,0,no,no,yes,yes,yes,,/Users/bobhopp/DJ MEDIA/VIDEO/2010's/Seether - Country Song.mp4
RVTR187076,Tim McGraw,Truck Yeah,0,no,yes,yes,yes,yes,,/Users/bobhopp/DJ MEDIA/VIDEO/COUNTRY/FILL/Tim McGraw - Truck Yeah.mp4
RVTR627341,The Beatles,Love Me Do,0,no,yes,yes,yes,yes,,/Users/bobhopp/DJ MEDIA/VIDEO/1960's/The Beatles - Love Me Do.mp4
RVTR945279,Cinderella,Shelter Me,0,no,yes,yes,yes,yes,,/Users/bobhopp/DJ MEDIA/VIDEO/1990's/Cinderella - Shelter Me.mp4
RVTR565322,Marion,Sleep The Word,0,no,no,no,yes,yes,,/Users/bobhopp/DJ MEDIA/VIDEO/1990's/Marion - Sleep The Word.mp4
RVTR710016,Ziggy Marley,Live Jam,0,no,no,no,yes,no,,/Users/bobhopp/DJ MEDIA/VIDEO/1990's/Ziggy Marley - Live Jam.mp4
RVTR875185,Sean Kingston,Me Love,0,no,yes,yes,yes,yes,,/Users/bobhopp/DJ MEDIA/VIDEO/TECHNO/Sean Kingston - Me Love.mp4
RVTR032586,Helen Reddy,I Am Woman,0,yes,yes,yes,yes,yes,cards_ready,/Users/bobhopp/DJ MEDIA/VIDEO/1970's/Helen Reddy - I Am Woman.mp4
RVTR441782,Brandy,I Wanna Be Down,0,no,yes,yes,yes,yes,,/Users/bobhopp/DJ MEDIA/VIDEO/1990's/Brandy - I Wanna Be Down.mp4
RVTR622211,Kiss,I Still Love You,0,no,yes,no,yes,no,,/Users/bobhopp/DJ MEDIA/VIDEO/1970's/KISS - I Still Love You.mp4
RVTR782868,Mariah Carey,Obsessed,0,no,yes,yes,yes,yes,,/Users/bobhopp/DJ MEDIA/VIDEO/2000's/Mariah Carey - Obsessed.mp4
RVTR831795,Jackyl,The Lumberjack,0,no,no,no,yes,no,,/Users/bobhopp/DJ MEDIA/VIDEO/1990's/Jackyl - The Lumberjack.mp4
RVTR901339,Paula Abdul,Rush Rush,0,no,yes,yes,yes,yes,,/Users/bobhopp/DJ MEDIA/VIDEO/1990's/Paula Abdul - Rush Rush.mp4
RVTR551903,Old Dominion,Snapback,0,no,yes,yes,yes,yes,,/Users/bobhopp/DJ MEDIA/VIDEO/2010's/Old Dominion - Snapback.mp4
RVTR343734,Saigon Kick,All I Want,0,no,yes,no,yes,no,,/Users/bobhopp/DJ MEDIA/VIDEO/TECHNO/Saigon Kick - All I Want.mp4
RVTR060109,Switchfoot,Awakening,0,no,yes,no,yes,no,,/Users/bobhopp/DJ MEDIA/VIDEO/TECHNO/Switchfoot - Awakening.mp4
RVTR900979,Xscape,Just Kickin It,0,no,no,no,yes,no,,/Users/bobhopp/DJ MEDIA/VIDEO/1990's/Xscape - Just Kickin It.mp4
RVTR274491,Chase Matthew,Pull Up,0,no,no,no,yes,yes,,/Users/bobhopp/DJ MEDIA/VIDEO/2010's/Chase Matthew - Pull Up.mp4
RVTR815612,The Who,My Generation,0,yes,yes,yes,yes,yes,cards_ready,/Users/bobhopp/DJ MEDIA/VIDEO/1960's/The Who - My Generation.mp4
RVTR773680,Matchbox Twenty,Push,0,no,yes,no,yes,no,,/Users/bobhopp/DJ MEDIA/VIDEO/1990's/Matchbox Twenty - Push.mp4
RVTR208944,Offspring,Pretty Fly,0,no,no,no,yes,yes,,/Users/bobhopp/DJ MEDIA/VIDEO/1990's/Offspring - Pretty Fly.mp4
RVTR493188,OneRepublic,Good Life,0,no,yes,no,yes,no,,/Users/bobhopp/DJ MEDIA/VIDEO/2010's/OneRepublic - Good Life.mp4
RVTR972076,Blake Shelton,Sangria,0,no,yes,yes,yes,yes,review,/Users/bobhopp/DJ MEDIA/VIDEO/COUNTRY/FILL/Blake Shelton - Sangria.mp4
RVTR914449,Geri Halliwell,Desire,0,no,no,no,yes,no,,/Users/bobhopp/DJ MEDIA/VIDEO/TECHNO/Geri Halliwell - Desire.mp4
RVTR832150,Nicki Minaj,Your Love,0,no,no,yes,yes,yes,,/Users/bobhopp/DJ MEDIA/VIDEO/2010's/Nicki Minaj - Your Love.mp4
RVTR644201,The Beatles,I Need You,0,yes,yes,no,yes,no,cards_ready,/Users/bobhopp/DJ MEDIA/VIDEO/1960's/The Beatles - I Need You.mp4
RVTR899394,Radiohead,High And Dry,0,no,yes,yes,yes,yes,,/Users/bobhopp/DJ MEDIA/VIDEO/1990's/Radiohead - High And Dry.mp4
RVTR187020,Jerry Reed,Amos Moses,0,no,yes,yes,yes,yes,,/Users/bobhopp/DJ MEDIA/VIDEO/COUNTRY/FILL/Jerry Reed - Amos Moses.mp4
RVTR508935,Stryper,Shining Star,0,no,yes,no,yes,no,,/Users/bobhopp/DJ MEDIA/VIDEO/TECHNO/Stryper - Shining Star.mp4
RVTR836497,Jimi Hendrix,If 6 Was 9,0,no,yes,no,yes,no,,/Users/bobhopp/DJ MEDIA/VIDEO/1960's/Jimi Hendrix - If 6 Was 9.mp4
RVTR200117,Kris Kross,Warm It Up,0,no,yes,yes,yes,yes,,/Users/bobhopp/DJ MEDIA/VIDEO/1990's/Kris Kross - Warm It Up.mp4
RVTR320465,Bloc Party,The Prayer,0,no,no,no,yes,no,review,/Users/bobhopp/DJ MEDIA/VIDEO/2000's/Bloc Party - The Prayer.mp4
RVTR742251,Tomorrow Night,Shoes,0,no,no,no,yes,no,,/Users/bobhopp/DJ MEDIA/VIDEO/1970's/Tomorrow Night - Shoes.mp4
RVTR139537,Ween,Even If You Don't,0,no,no,no,yes,yes,,/Users/bobhopp/DJ MEDIA/VIDEO/1990's/Ween - Even If You Don't.mp4
RVTR872657,Rascal Flatts,My Wish,0,no,yes,yes,yes,yes,,/Users/bobhopp/DJ MEDIA/VIDEO/2000's/Rascal Flatts - My Wish.mp4
RVTR343282,Shontelle,Impossible,0,no,yes,yes,yes,yes,,/Users/bobhopp/DJ MEDIA/VIDEO/2010's/Shontelle - Impossible.mp4
RVTR843147,Madison Beer,Reckless,0,no,no,no,yes,no,,/Users/bobhopp/DJ MEDIA/VIDEO/2020's/Madison Beer - Reckless.mp4
RVTR399448,Helen Reddy,Angie Baby,0,yes,yes,yes,yes,yes,cards_ready,/Users/bobhopp/DJ MEDIA/VIDEO/1970's/Helen Reddy - Angie Baby.mp4
RVTR047047,Jody Watley,Real Love,0,no,yes,yes,yes,yes,,/Users/bobhopp/DJ MEDIA/VIDEO/1980's/Jody Watley - Real Love.mp4
RVTR410813,CCCP,American Soviets,0,no,no,no,yes,no,,/Users/bobhopp/DJ MEDIA/VIDEO/1990's/CCCP - American Soviets.mp4
RVTR768059,David Archuleta,Crush,0,no,yes,yes,yes,yes,,/Users/bobhopp/DJ MEDIA/VIDEO/2000's/David Archuleta - Crush.mp4
RVTR297646,Kingdom Come,Get It On,0,no,no,yes,yes,yes,,/Users/bobhopp/DJ MEDIA/VIDEO/1980's/Kingdom Come - Get It On.mp4
RVTR455389,3rd Bass,Problem Child,0,no,no,no,yes,yes,review,/Users/bobhopp/DJ MEDIA/VIDEO/1990's/3rd Bass - Problem Child.mp4
RVTR893136,Michel'le,No More Lies,0,no,yes,yes,yes,yes,,/Users/bobhopp/DJ MEDIA/VIDEO/1990's/Michel'le - No More Lies.mp4
RVTR475087,YG,Toot It And Boot It,0,no,no,yes,yes,yes,,/Users/bobhopp/DJ MEDIA/VIDEO/2010's/YG - Toot It And Boot It.mp4
RVTR802185,Cliff Richard,Dreamin',0,no,no,no,yes,no,,/Users/bobhopp/DJ MEDIA/VIDEO/1980's/Cliff Richard - Dreamin'.mp4
RVTR043634,New Edition,Hit Me Off,0,no,yes,yes,yes,yes,,/Users/bobhopp/DJ MEDIA/VIDEO/1990's/New Edition - Hit Me Off.mp4
RVTR409344,Niall Horan,This Town,0,no,yes,yes,yes,yes,,/Users/bobhopp/DJ MEDIA/VIDEO/2010's/Niall Horan - This Town.mp4
RVTR006857,"Pedro Capó, Farruko",Calma,0,no,no,no,yes,no,,"/Users/bobhopp/DJ MEDIA/VIDEO/2010's/Pedro Capó, Farruko - Calma.mp4"
RVTR795727,Lady A,Champagne Night,0,no,no,yes,yes,yes,,/Users/bobhopp/DJ MEDIA/VIDEO/1950's/Lady A - Champagne Night.mp4
RVTR321677,70's Disco,Various Mix,0,no,no,no,yes,yes,draft,/Users/bobhopp/DJ MEDIA/VIDEO/1970's/70's Disco - Various Mix.mp4
RVTR438266,Bob Sinclair,Together,0,no,no,no,yes,no,,/Users/bobhopp/DJ MEDIA/VIDEO/1980's/Bob Sinclair - Together.mp4
RVTR799972,Paul Cauthen,Hometeam,0,no,no,no,yes,yes,,/Users/bobhopp/DJ MEDIA/VIDEO/2020's/Paul Cauthen - Hometeam.mp4
RVTR862909,Madonna,Crazy For You,0,no,yes,yes,yes,yes,,/Users/bobhopp/DJ MEDIA/VIDEO/1980's/Madonna - Crazy For You.mp4
RVTR739046,The Eagles,Get Over It,0,no,yes,yes,yes,yes,,/Users/bobhopp/DJ MEDIA/VIDEO/1990's/The Eagles - Get Over It.mp4
RVTR982456,Die Antwoord,Ugly Boy,0,no,no,no,yes,yes,,/Users/bobhopp/DJ MEDIA/VIDEO/2010's/Die Antwoord - Ugly Boy.mp4
RVTR303579,Ed Sheeran,Photograph,0,no,yes,yes,yes,yes,,/Users/bobhopp/DJ MEDIA/VIDEO/2010's/Ed Sheeran - Photograph.mp4
RVTR273347,Daft Punk,Technologic,0,no,yes,no,yes,no,,/Users/bobhopp/DJ MEDIA/VIDEO/2000's/Daft Punk - Technologic.mp4
RVTR753299,Jesse McCartney,Shake,0,no,no,yes,yes,yes,,/Users/bobhopp/DJ MEDIA/VIDEO/2010's/Jesse McCartney - Shake.mp4
RVTR961232,Nicki Minaj,Va Va Voom,0,no,no,yes,yes,yes,,/Users/bobhopp/DJ MEDIA/VIDEO/2010's/Nicki Minaj - Va Va Voom.mp4
RVTR511312,Kendrick Lamar,Luther,0,no,no,yes,yes,yes,,/Users/bobhopp/DJ MEDIA/VIDEO/2020's/Kendrick Lamar - Luther.mp4
RVTR191953,Dave Brubeck,Take Five,0,no,no,no,yes,no,,/Users/bobhopp/DJ MEDIA/VIDEO/1960's/Dave Brubeck - Take Five.mp4
RVTR111593,Trey Songz,Love Faces,0,no,yes,yes,yes,yes,,/Users/bobhopp/DJ MEDIA/VIDEO/2010's/Trey Songz - Love Faces.mp4
RVTR770343,Wolfmother,Dimension,0,no,no,no,yes,no,,/Users/bobhopp/DJ MEDIA/VIDEO/TECHNO/Wolfmother - Dimension.mp4
RVTR859354,Green Day,Good Ridance,0,no,no,no,yes,no,,/Users/bobhopp/DJ MEDIA/VIDEO/2000's/Green Day - Good Ridance.mp4
RVTR140071,Merle Haggard,Big City,0,no,yes,no,yes,no,,/Users/bobhopp/DJ MEDIA/VIDEO/COUNTRY/FILL/Merle Haggard - Big City.mp4
RVTR828209,Ok Go,Do What You Want,0,no,yes,no,yes,no,,/Users/bobhopp/DJ MEDIA/VIDEO/TECHNO/Ok Go - Do What You Want.mp4
RVTR632741,Dan Hartman,This Is It,0,no,no,yes,yes,yes,,/Users/bobhopp/DJ MEDIA/VIDEO/1970's/Dan Hartman - This Is It.mp4
RVTR864218,CeCe Peniston,Finally,0,no,yes,yes,yes,yes,,/Users/bobhopp/DJ MEDIA/VIDEO/1990's/CeCe Peniston - Finally.mp4
RVTR310632,Bon Jovi,Make A Memory,0,no,no,no,yes,no,,/Users/bobhopp/DJ MEDIA/VIDEO/2000's/Bon Jovi - Make A Memory.mp4
RVTR556872,Jon Pardi,Up All Night,0,no,yes,yes,yes,yes,,/Users/bobhopp/DJ MEDIA/VIDEO/COUNTRY/FILL/Jon Pardi - Up All Night.mp4
RVTR658529,Keith Urban,Days Go By,0,no,yes,yes,yes,yes,,/Users/bobhopp/DJ MEDIA/VIDEO/COUNTRY/FILL/Keith Urban - Days Go By.mp4
RVTR183879,Roxy Music,Angel Eyes,0,no,yes,no,yes,no,,/Users/bobhopp/DJ MEDIA/VIDEO/1970's/Roxy Music - Angel Eyes.mp4
RVTR326599,Don Johnson,Heartbeat,0,no,yes,yes,yes,yes,,/Users/bobhopp/DJ MEDIA/VIDEO/1980's/Don Johnson - Heartbeat.mp4
RVTR773769,Groove Theory,Tell Me,0,no,yes,yes,yes,yes,,/Users/bobhopp/DJ MEDIA/VIDEO/1990's/Groove Theory - Tell Me.mp4
RVTR252108,Beyonce,Irreplaceable,0,no,yes,yes,yes,yes,review,/Users/bobhopp/DJ MEDIA/VIDEO/2000's/Beyonce - Irreplaceable.mp4
RVTR116249,Samantha Sang,Emotion,0,no,yes,yes,yes,yes,,/Users/bobhopp/DJ MEDIA/VIDEO/1970's/Samantha Sang - Emotion.mp4
RVTR932154,Madonna,La Isla Bonita,0,no,yes,yes,yes,yes,,/Users/bobhopp/DJ MEDIA/VIDEO/1980's/Madonna - La Isla Bonita.mp4
RVTR563357,Teena Marie,Lovergirl,0,no,yes,no,yes,no,,/Users/bobhopp/DJ MEDIA/VIDEO/1980's/Teena Marie - Lovergirl.mp4
RVTR378590,Lou Reed,Foot Of Pride,0,no,no,no,yes,no,,/Users/bobhopp/DJ MEDIA/VIDEO/1990's/Lou Reed - Foot Of Pride.mp4
RVTR988071,Robert Miles,Children,0,no,no,yes,yes,yes,,/Users/bobhopp/DJ MEDIA/VIDEO/1990's/Robert Miles - Children.mp4
RVTR136019,Paula Deanda,Walk Away,0,no,yes,yes,yes,yes,,/Users/bobhopp/DJ MEDIA/VIDEO/2000's/Paula Deanda - Walk Away.mp4
RVTR031909,The Chantays,Pipeline,0,no,no,no,yes,no,,/Users/bobhopp/DJ MEDIA/VIDEO/1960's/The Chantays - Pipeline.mp4
RVTR121636,Bread,Make It with You,0,no,yes,yes,yes,yes,,/Users/bobhopp/DJ MEDIA/VIDEO/1970's/Bread - Make It with You.mp4
RVTR654352,Dokken,Just Got Lucky,0,no,yes,no,yes,no,,/Users/bobhopp/DJ MEDIA/VIDEO/1980's/Dokken - Just Got Lucky.mp4
RVTR217791,Lidell Townsell,Nu Nu,0,no,no,yes,yes,yes,,/Users/bobhopp/DJ MEDIA/VIDEO/1990's/Lidell Townsell - Nu Nu.mp4
RVTR448809,Mariah Carey,Emotions,0,no,yes,yes,yes,yes,,/Users/bobhopp/DJ MEDIA/VIDEO/1990's/Mariah Carey - Emotions.mp4
RVTR684732,Keane,Is It Any Wonder,0,no,yes,yes,yes,yes,,/Users/bobhopp/DJ MEDIA/VIDEO/2000's/Keane - Is It Any Wonder.mp4
RVTR200442,Milk Inc.,Tainted Love,0,no,no,no,yes,no,,/Users/bobhopp/DJ MEDIA/VIDEO/TECHNO/Milk Inc. - Tainted Love.mp4
RVTR977971,The Dixie Cups,Iko Iko,0,yes,yes,yes,yes,yes,cards_ready,/Users/bobhopp/DJ MEDIA/VIDEO/1960's/The Dixie Cups - Iko Iko.mp4
RVTR005837,Cinderella,Gypsy Road,0,no,yes,yes,yes,yes,,/Users/bobhopp/DJ MEDIA/VIDEO/1980's/Cinderella - Gypsy Road.mp4
RVTR731058,Mick Jagger,Hard Woman,0,no,yes,no,yes,no,,/Users/bobhopp/DJ MEDIA/VIDEO/1980's/Mick Jagger - Hard Woman.mp4
RVTR785515,Clay Walker,Easy Goin',0,no,no,no,yes,no,,/Users/bobhopp/DJ MEDIA/VIDEO/COUNTRY/FILL/Clay Walker - Easy Goin'.mp4
RVTR570394,Uriah Heep,Easy Livin',0,no,no,no,yes,no,,/Users/bobhopp/DJ MEDIA/VIDEO/1970's/Uriah Heep - Easy Livin'.MP4
RVTR852413,U2,Window In The Skies,0,no,no,no,yes,no,,/Users/bobhopp/DJ MEDIA/VIDEO/TECHNO/U2 - Window In The Skies.mp4
RVTR068946,Julia Michaels,Issues,0,no,yes,yes,yes,yes,,/Users/bobhopp/DJ MEDIA/VIDEO/2010's/Julia Michaels - Issues.mp4
RVTR700729,Helen Reddy,Delta Dawn,0,yes,yes,yes,yes,yes,cards_ready,/Users/bobhopp/DJ MEDIA/VIDEO/1970's/Helen Reddy - Delta Dawn.mp4
RVTR145466,Enrique Iglesias,Hero,0,no,yes,yes,yes,yes,,/Users/bobhopp/DJ MEDIA/VIDEO/2000's/Enrique Iglesias - Hero.mp4
RVTR182936,Luke Combs,Cold As You,0,no,no,yes,yes,yes,,/Users/bobhopp/DJ MEDIA/VIDEO/COUNTRY/FILL/Luke Combs - Cold As You.mp4
RVTR535059,Pink Floyd,Us And Them,0,no,yes,no,yes,no,,/Users/bobhopp/DJ MEDIA/VIDEO/1970's/Pink Floyd - Us And Them.mp4
RVTR908055,Crime Mob,Rock Yo Hips,0,no,yes,yes,yes,yes,,/Users/bobhopp/DJ MEDIA/VIDEO/2000's/Crime Mob - Rock Yo Hips.mp4
RVTR996791,J. Cole,Everybody Dies,0,no,no,yes,yes,yes,,/Users/bobhopp/DJ MEDIA/VIDEO/2010's/J. Cole - Everybody Dies.mp4
RVTR816707,Kongos,Take It From Me,0,no,yes,no,yes,yes,,/Users/bobhopp/DJ MEDIA/VIDEO/2010's/Kongos - Take It From Me.mp4
RVTR927138,Kate Nash,Foundations,0,no,no,no,yes,no,,/Users/bobhopp/DJ MEDIA/VIDEO/TECHNO/Kate Nash - Foundations.mp4
RVTR509414,The Fixx,Stand Or Fall,0,no,yes,yes,yes,yes,,/Users/bobhopp/DJ MEDIA/VIDEO/1980's/The Fixx - Stand Or Fall.mp4
RVTR715516,Tom Petty,The Waiting,0,no,no,no,yes,no,,/Users/bobhopp/DJ MEDIA/VIDEO/1980's/Tom Petty - The Waiting.mp4
RVTR463542,Black Box,Strike It Up,0,no,yes,yes,yes,yes,review,/Users/bobhopp/DJ MEDIA/VIDEO/1990's/Black Box - Strike It Up.mp4
RVTR357731,Little Mix,Black Magic,0,no,yes,yes,yes,yes,,/Users/bobhopp/DJ MEDIA/VIDEO/2010's/Little Mix - Black Magic.mp4
RVTR321805,The Beatles,Yesterday,0,yes,yes,yes,yes,yes,cards_ready,/Users/bobhopp/DJ MEDIA/VIDEO/1960's/The Beatles - Yesterday.mp4
RVTR921720,Beyonce,If I Were A Boy,0,no,no,yes,yes,yes,review,/Users/bobhopp/DJ MEDIA/VIDEO/2000's/Beyonce - If I Were A Boy.mp4
RVTR307263,J. Cole,False Prophets,0,no,no,yes,yes,yes,,/Users/bobhopp/DJ MEDIA/VIDEO/2010's/J. Cole - False Prophets.mp4
RVTR509697,Janet Jackson,Control,0,no,yes,yes,yes,yes,,/Users/bobhopp/DJ MEDIA/VIDEO/1980's/Janet Jackson - Control.mp4
RVTR684069,Scandal,Beat Of A Heart,0,no,no,yes,yes,yes,,/Users/bobhopp/DJ MEDIA/VIDEO/1980's/Scandal - Beat Of A Heart.mp4
RVTR904718,Coldplay,Higher Power,0,no,no,yes,yes,yes,,/Users/bobhopp/DJ MEDIA/VIDEO/2020's/Coldplay - Higher Power.mp4
RVTR048889,Wings,Mull of Kintyre,0,no,no,no,yes,no,,/Users/bobhopp/DJ MEDIA/VIDEO/1970's/Wings - Mull of Kintyre.mp4
RVTR265410,Michael Feanti,Say Hey,0,no,no,no,yes,no,,/Users/bobhopp/DJ MEDIA/VIDEO/2000's/Michael Feanti - Say Hey.mp4
RVTR095851,Martin Garrix,Animals,0,no,no,yes,yes,yes,,/Users/bobhopp/DJ MEDIA/VIDEO/2010's/Martin Garrix - Animals.MP4
RVTR498329,Tommy Lee,Hold Me Down,0,no,yes,no,yes,no,,/Users/bobhopp/DJ MEDIA/VIDEO/TECHNO/Tommy Lee - Hold Me Down.mp4
RVTR550138,Dokken,Dream Warriors,0,no,no,no,yes,no,,/Users/bobhopp/DJ MEDIA/VIDEO/1980's/Dokken - Dream Warriors.mp4
RVTR150953,Daisy Gray,Wicked Game,0,no,no,no,yes,yes,,/Users/bobhopp/DJ MEDIA/VIDEO/2010's/Daisy Gray - Wicked Game.mp4
RVTR337557,Miley Cyrus,Adore You,0,no,yes,yes,yes,yes,,/Users/bobhopp/DJ MEDIA/VIDEO/2010's/Miley Cyrus - Adore You.mp4
RVTR241021,The Yardbirds,I'm A Man,0,no,yes,yes,yes,yes,,/Users/bobhopp/DJ MEDIA/VIDEO/1960's/The Yardbirds - I'm A Man.mp4
RVTR899822,Kool & The Gang,Cherish,0,no,no,no,yes,no,,/Users/bobhopp/DJ MEDIA/VIDEO/1980's/Kool & The Gang - Cherish.mp4
RVTR669890,Joan Osborne,One Of Us,0,no,yes,yes,yes,yes,,/Users/bobhopp/DJ MEDIA/VIDEO/1990's/Joan Osborne - One Of Us.mp4
RVTR210952,Ja Rule,Always On Time,0,no,yes,yes,yes,yes,,/Users/bobhopp/DJ MEDIA/VIDEO/2000's/Ja Rule - Always On Time.mp4
RVTR005614,Janet Jackson,Feedback,0,no,no,no,yes,no,,/Users/bobhopp/DJ MEDIA/VIDEO/TECHNO/Janet Jackson - Feedback.mp4
RVTR920670,Bon Jovi,Living In Sin,0,no,yes,yes,yes,yes,,/Users/bobhopp/DJ MEDIA/VIDEO/1980's/Bon Jovi - Living In Sin.mp4
RVTR780346,Lana Del Rey,Doin' Time,0,no,no,yes,yes,yes,,/Users/bobhopp/DJ MEDIA/VIDEO/2010's/Lana Del Rey - Doin' Time.mp4
RVTR958652,Fleetwood Mac,Big Love,0,no,yes,yes,yes,yes,,/Users/bobhopp/DJ MEDIA/VIDEO/1980's/Fleetwood Mac - Big Love.mp4
RVTR225385,Foo Fighters,Everlong,0,no,yes,no,yes,no,,/Users/bobhopp/DJ MEDIA/VIDEO/1990's/Foo Fighters - Everlong.mp4
RVTR331029,Janet Jackson,Runaway,0,no,yes,yes,yes,yes,,/Users/bobhopp/DJ MEDIA/VIDEO/1990's/Janet Jackson - Runaway.mp4
RVTR821110,Ed Sheeran,Galway Girl,0,no,yes,yes,yes,yes,,/Users/bobhopp/DJ MEDIA/VIDEO/2010's/Ed Sheeran - Galway Girl.mp4
RVTR875708,Mac Miller,Knock Knock,0,no,no,yes,yes,yes,,/Users/bobhopp/DJ MEDIA/VIDEO/2010's/Mac Miller - Knock Knock.mp4
RVTR241321,Beyonce,Ring The Alarm,0,no,yes,yes,yes,yes,review,/Users/bobhopp/DJ MEDIA/VIDEO/2000's/Beyonce - Ring The Alarm.mp4
RVTR377970,Gorillaz,Feel Good Inc,0,no,no,yes,yes,yes,,/Users/bobhopp/DJ MEDIA/VIDEO/2000's/Gorillaz - Feel Good Inc.mp4
RVTR927829,Taylor Swift,Delicate,0,no,yes,yes,yes,yes,,/Users/bobhopp/DJ MEDIA/VIDEO/2010's/Taylor Swift - Delicate.mp4
RVTR310151,Demi Lovato,Melon Cake,0,no,no,no,yes,no,,/Users/bobhopp/DJ MEDIA/VIDEO/2020's/Demi Lovato - Melon Cake.mp4
RVTR921474,Drowning Pool,Step Up,0,no,no,no,yes,no,,/Users/bobhopp/DJ MEDIA/VIDEO/TECHNO/Drowning Pool - Step Up.mp4
RVTR785818,Live,Selling The Drama,0,no,no,yes,yes,yes,,/Users/bobhopp/DJ MEDIA/VIDEO/1990's/Live - Selling The Drama.mp4
RVTR647192,Bebe Rexha,Last Hurrah,0,no,no,yes,yes,yes,review,/Users/bobhopp/DJ MEDIA/VIDEO/2010's/Bebe Rexha - Last Hurrah.mp4
RVTR565210,Shawn Mendes,Stitches,0,no,yes,yes,yes,yes,,/Users/bobhopp/DJ MEDIA/VIDEO/2010's/Shawn Mendes - Stitches.mp4
RVTR867892,Olivia Rodrigo,brutal,0,no,no,yes,yes,yes,,/Users/bobhopp/DJ MEDIA/VIDEO/2020's/Olivia Rodrigo - brutal.mp4
RVTR156684,Dirty Vegas,Days Go By,0,no,yes,yes,yes,yes,,/Users/bobhopp/DJ MEDIA/VIDEO/TECHNO/Dirty Vegas - Days Go By.mp4
RVTR476684,Janet Jackson,All Nite,0,no,no,no,yes,no,,/Users/bobhopp/DJ MEDIA/VIDEO/TECHNO/Janet Jackson - All Nite.mp4
RVTR432307,Nick Kamen,Nobody Else,0,no,no,no,yes,no,,/Users/bobhopp/DJ MEDIA/VIDEO/1980's/Nick Kamen - Nobody Else.mp4
RVTR848876,Chris Brown,Fine China,0,no,no,yes,yes,yes,,/Users/bobhopp/DJ MEDIA/VIDEO/2010's/Chris Brown - Fine China.mp4
RVTR650399,Sade,Your Love Is King,0,no,yes,yes,yes,no,,/Users/bobhopp/DJ MEDIA/VIDEO/1980's/Sade - Your Love Is King.mp4
RVTR100080,La Bouche,Sweet Dreams,0,no,yes,yes,yes,yes,,/Users/bobhopp/DJ MEDIA/VIDEO/1990's/La Bouche - Sweet Dreams.mp4
RVTR334629,Rob Zombie,Superbeast,0,no,no,no,yes,no,,/Users/bobhopp/DJ MEDIA/VIDEO/1990's/Rob Zombie - Superbeast.mp4
RVTR033421,Nickelback,Never Again,0,no,yes,no,yes,no,,/Users/bobhopp/DJ MEDIA/VIDEO/2000's/Nickelback - Never Again.mp4
RVTR076573,The Beatles,I Feel Fine,0,no,yes,yes,yes,yes,,/Users/bobhopp/DJ MEDIA/VIDEO/1960's/The Beatles - I Feel Fine.mp4
RVTR362645,Jimmy Buffett,Volcano,0,no,yes,yes,yes,yes,,/Users/bobhopp/DJ MEDIA/VIDEO/1970's/Jimmy Buffett - Volcano.mp4
RVTR902564,The Association,Windy,0,no,yes,yes,yes,no,,/Users/bobhopp/DJ MEDIA/VIDEO/1960's/The Association - Windy.mp4
RVTR423026,The Eagles,Wasted Time,0,no,no,no,yes,no,,/Users/bobhopp/DJ MEDIA/VIDEO/1970's/The Eagles - Wasted Time.mp4
RVTR335516,Dangerous Toys,Scared,0,no,no,no,yes,no,,/Users/bobhopp/DJ MEDIA/VIDEO/1980's/Dangerous Toys - Scared.mp4
RVTR491583,Red Flag,Russian Radio,0,no,no,no,yes,no,,/Users/bobhopp/DJ MEDIA/VIDEO/1980's/Red Flag - Russian Radio.mp4
RVTR098782,Radiohead,Karma Police,0,no,yes,no,yes,no,,/Users/bobhopp/DJ MEDIA/VIDEO/1990's/Radiohead - Karma Police.mp4
RVTR196107,Kid Blue,Louise Goffin,0,no,no,no,yes,no,,/Users/bobhopp/DJ MEDIA/VIDEO/1970's/Kid Blue - Louise Goffin.mp4
RVTR328062,Luke Bryan,Down To One,0,no,no,yes,yes,yes,,/Users/bobhopp/DJ MEDIA/VIDEO/COUNTRY/FILL/Luke Bryan - Down To One.mp4
RVTR388600,The Beatles,Penny Lane,0,no,yes,yes,yes,yes,,/Users/bobhopp/DJ MEDIA/VIDEO/1960's/The Beatles - Penny Lane.mp4
RVTR358103,Pee Wee Herman,Tequila,0,no,no,no,yes,no,,/Users/bobhopp/DJ MEDIA/VIDEO/1990's/Pee Wee Herman - Tequila.mp4
RVTR228462,Dorothy,Gun In My Hand,0,no,no,no,yes,yes,,/Users/bobhopp/DJ MEDIA/VIDEO/2010's/Dorothy - Gun In My Hand.mp4
RVTR020130,Ocean Alley,Confidence,0,no,no,no,yes,yes,,/Users/bobhopp/DJ MEDIA/VIDEO/2010's/Ocean Alley - Confidence.mp4
RVTR635959,Raelynn,God Made Girls,0,no,no,yes,yes,yes,,/Users/bobhopp/DJ MEDIA/VIDEO/COUNTRY/FILL/Raelynn - God Made Girls.mp4
RVTR010623,Nik Kershaw,The Riddle,0,no,yes,no,yes,no,,/Users/bobhopp/DJ MEDIA/VIDEO/1980's/Nik Kershaw - The Riddle.mp4
RVTR874327,Mötley Crüe,Don t Go Away Mad,0,no,no,no,yes,no,,/Users/bobhopp/DJ MEDIA/VIDEO/1990's/Mötley Crüe - Don t Go Away Mad.mp4
RVTR625357,Atlantic Starr,Always,0,no,yes,yes,yes,yes,review,/Users/bobhopp/DJ MEDIA/VIDEO/1980's/Atlantic Starr - Always.mp4
RVTR761976,Lou Reed,No Money Down,0,no,yes,no,yes,yes,,/Users/bobhopp/DJ MEDIA/VIDEO/1980's/Lou Reed - No Money Down.mp4
RVTR940778,Terror Squad,Lean Back,0,no,yes,yes,yes,yes,,/Users/bobhopp/DJ MEDIA/VIDEO/2000's/Terror Squad - Lean Back.mp4
RVTR603102,Iggy Pop,Lust For Life,0,no,yes,no,yes,yes,,/Users/bobhopp/DJ MEDIA/VIDEO/1970's/Iggy Pop - Lust For Life.mp4
RVTR127731,John Lennon,Mind Games,0,no,yes,yes,yes,yes,,/Users/bobhopp/DJ MEDIA/VIDEO/1970's/John Lennon - Mind Games.mp4
RVTR919044,Ciara f./Ludacris,Ride,0,no,no,no,yes,no,,/Users/bobhopp/DJ MEDIA/VIDEO/2010's/Ciara f._Ludacris - Ride.mp4
RVTR868963,Mary J. Blige,Mr. Wrong,0,no,yes,yes,yes,yes,,/Users/bobhopp/DJ MEDIA/VIDEO/2010's/Mary J. Blige - Mr. Wrong.mp4
RVTR084819,Janis Ian,At Seventeen,0,yes,yes,yes,yes,yes,cards_ready,/Users/bobhopp/DJ MEDIA/VIDEO/1970's/Janis Ian - At Seventeen.mp4
RVTR330484,J. Cole,Foldin' Clothes,0,no,no,no,yes,no,,/Users/bobhopp/DJ MEDIA/VIDEO/2010's/J. Cole - Foldin' Clothes.mp4
RVTR217782,Mixi,I Miss Those Days,0,no,no,no,yes,no,,/Users/bobhopp/DJ MEDIA/VIDEO/TECHNO/Mixi - I Miss Those Days.mp4
RVTR925047,Selena,Dreaming Of You,0,no,yes,yes,yes,yes,,/Users/bobhopp/DJ MEDIA/VIDEO/1990's/Selena - Dreaming Of You.mp4
RVTR350566,Clutch,Electric Worry,0,no,no,no,yes,yes,,/Users/bobhopp/DJ MEDIA/VIDEO/2000's/Clutch - Electric Worry.mp4
RVTR154360,Jonas Brothers,Sucker,0,no,yes,yes,yes,yes,,/Users/bobhopp/DJ MEDIA/VIDEO/2000's/Jonas Brothers - Sucker.mp4
RVTR047496,ABBA,Summer Night City,0,no,no,no,yes,yes,review,/Users/bobhopp/DJ MEDIA/VIDEO/1970's/ABBA - Summer Night City.mp4
RVTR825850,Danger Danger,Bang Bang,0,no,yes,yes,yes,yes,,/Users/bobhopp/DJ MEDIA/VIDEO/1990's/Danger Danger - Bang Bang.mp4
RVTR466247,Wycleff,Sweetest Girl,0,no,no,no,yes,no,,/Users/bobhopp/DJ MEDIA/VIDEO/2000's/Wycleff - Sweetest Girl.mp4
RVTR508606,Nicki Minaj,Stupid Hoe,0,no,no,yes,yes,yes,,/Users/bobhopp/DJ MEDIA/VIDEO/2010's/Nicki Minaj - Stupid Hoe.mp4
RVTR579341,New Edition,Candy Girl,0,no,no,yes,yes,yes,,/Users/bobhopp/DJ MEDIA/VIDEO/1980's/New Edition - Candy Girl.mp4
RVTR165509,Adele,Someone Like You,0,no,yes,yes,yes,yes,review,/Users/bobhopp/DJ MEDIA/VIDEO/2010's/Adele - Someone Like You.mp4
RVTR583000,George Michael,Amazing,0,no,no,no,yes,no,,/Users/bobhopp/DJ MEDIA/VIDEO/TECHNO/George Michael - Amazing.mp4
RVTR655712,Britney Spears,Circus,0,no,yes,yes,yes,yes,,/Users/bobhopp/DJ MEDIA/VIDEO/2000's/Britney Spears - Circus.mp4
RVTR753376,Colbie Caillat,Realize,0,no,yes,yes,yes,yes,,/Users/bobhopp/DJ MEDIA/VIDEO/2000's/Colbie Caillat - Realize.mp4
RVTR108370,Ariana Grande,Into You,0,no,yes,yes,yes,yes,review,/Users/bobhopp/DJ MEDIA/VIDEO/2010's/Ariana Grande - Into You.mp4
RVTR902607,Johnny Cash,Wanted Man,0,no,yes,no,yes,no,,/Users/bobhopp/DJ MEDIA/VIDEO/COUNTRY/FILL/Johnny Cash - Wanted Man.mp4
RVTR830086,Taylor Swift,Our Song,0,no,no,yes,yes,yes,,/Users/bobhopp/DJ MEDIA/VIDEO/2000's/Taylor Swift - Our Song.mp4
RVTR666430,Mann f./50 Cent,Buzzin',0,no,no,no,yes,no,,/Users/bobhopp/DJ MEDIA/VIDEO/2010's/Mann f._50 Cent - Buzzin'.mp4
RVTR865846,Sam Smith,Stay With Me,0,no,yes,yes,yes,yes,,/Users/bobhopp/DJ MEDIA/VIDEO/2010's/Sam Smith - Stay With Me.mp4
RVTR943008,Bryan Adams,Run To You,0,no,yes,yes,yes,yes,,/Users/bobhopp/DJ MEDIA/VIDEO/1980's/Bryan Adams - Run To You.mp4
RVTR674983,Take That,Back For Good,0,no,yes,yes,yes,yes,,/Users/bobhopp/DJ MEDIA/VIDEO/1990's/Take That - Back For Good.mp4
RVTR143094,Peter Allen,I Go To Rio,0,no,no,no,yes,no,,/Users/bobhopp/DJ MEDIA/VIDEO/1970's/Peter Allen - I Go To Rio.mp4
RVTR035184,Rupert Hine,The Set Up,0,no,no,no,yes,no,,/Users/bobhopp/DJ MEDIA/VIDEO/1980's/Rupert Hine - The Set Up.mp4
RVTR677967,Ricky Martin,She Bangs,0,no,yes,yes,yes,yes,,/Users/bobhopp/DJ MEDIA/VIDEO/2000's/Ricky Martin - She Bangs.mp4
RVTR662178,Carly Pearce,Next Girl,0,no,no,yes,yes,yes,,/Users/bobhopp/DJ MEDIA/VIDEO/COUNTRY/FILL/Carly Pearce - Next Girl.mp4
RVTR529687,Dixie Chicks,Landslide,0,no,yes,yes,yes,yes,,/Users/bobhopp/DJ MEDIA/VIDEO/COUNTRY/FILL/Dixie Chicks - Landslide.mp4
RVTR269071,Maroon 5,Love Somebody,0,no,yes,yes,yes,yes,,/Users/bobhopp/DJ MEDIA/VIDEO/2010's/Maroon 5 - Love Somebody.mp4
RVTR133983,Olivia Rodrigo,Deja Vu,0,no,no,yes,yes,yes,,/Users/bobhopp/DJ MEDIA/VIDEO/2020's/Olivia Rodrigo - Deja Vu.mp4
RVTR199046,Valencia,Space Between,0,no,no,no,yes,no,,/Users/bobhopp/DJ MEDIA/VIDEO/TECHNO/Valencia - Space Between.mp4
RVTR568229,Jim Capaldi,Love Hurts,0,yes,yes,yes,yes,yes,cards_ready,/Users/bobhopp/DJ MEDIA/VIDEO/1970's/Jim Capaldi - Love Hurts.mp4
RVTR468460,Olive,You're Not Alone,0,no,no,yes,yes,yes,,/Users/bobhopp/DJ MEDIA/VIDEO/1990's/Olive - You're Not Alone.mp4
RVTR336544,Shawn Mullins,Lullaby,0,no,yes,yes,yes,yes,,/Users/bobhopp/DJ MEDIA/VIDEO/1990's/Shawn Mullins - Lullaby.mp4
RVTR300627,DMX,How's It Goin' Down,0,no,no,yes,yes,yes,,/Users/bobhopp/DJ MEDIA/VIDEO/2010's/DMX - How's It Goin' Down.mp4
RVTR622529,James Taylor,Handy Man,0,no,yes,yes,yes,yes,,/Users/bobhopp/DJ MEDIA/VIDEO/1970's/James Taylor - Handy Man.mp4
RVTR875948,Britny Fox,Girlschool,0,no,yes,no,yes,no,,/Users/bobhopp/DJ MEDIA/VIDEO/1980's/Britny Fox - Girlschool.mp4
RVTR022537,Santana,Into The Night,0,no,yes,yes,yes,yes,,/Users/bobhopp/DJ MEDIA/VIDEO/2000's/Santana - Into The Night.mp4
RVTR324524,Grouplove,Tongue Tied,0,no,yes,yes,yes,yes,,/Users/bobhopp/DJ MEDIA/VIDEO/2010's/Grouplove - Tongue Tied.mp4
RVTR916293,Niall Horan,Slow Hands,0,no,yes,yes,yes,yes,,/Users/bobhopp/DJ MEDIA/VIDEO/2010's/Niall Horan - Slow Hands.mp4
RVTR701379,Wolfmother,Love Train,0,no,no,no,yes,no,,/Users/bobhopp/DJ MEDIA/VIDEO/TECHNO/Wolfmother - Love Train.mp4
RVTR585160,C,Things We Do For Love,0,no,no,no,yes,no,,/Users/bobhopp/DJ MEDIA/VIDEO/1980's/C - Things We Do For Love.mp4
RVTR530475,Krokus,Ballroom Blitz,0,no,yes,no,yes,no,,/Users/bobhopp/DJ MEDIA/VIDEO/1980's/Krokus - Ballroom Blitz.mp4
RVTR851589,Bonnie Raitt,Sugar Man,0,no,no,no,yes,no,,/Users/bobhopp/DJ MEDIA/VIDEO/1970's/Bonnie Raitt - Sugar Man.mp4
RVTR536056,Hinder,Lips Of An Angel,0,no,yes,yes,yes,yes,,/Users/bobhopp/DJ MEDIA/VIDEO/2000's/Hinder - Lips Of An Angel.mp4
RVTR281114,Taylor Swift,Fearless,0,no,yes,yes,yes,yes,,/Users/bobhopp/DJ MEDIA/VIDEO/2000's/Taylor Swift - Fearless.mp4
RVTR105786,Small Faces,Sha La La La,0,no,no,no,yes,no,,/Users/bobhopp/DJ MEDIA/VIDEO/1960's/Small Faces - Sha La La La.mp4
RVTR665344,Journey,After The Fall,0,no,yes,yes,yes,yes,,/Users/bobhopp/DJ MEDIA/VIDEO/1980's/Journey - After The Fall.mp4
RVTR752348,Styx,The Best Of Times,0,no,yes,yes,yes,yes,,/Users/bobhopp/DJ MEDIA/VIDEO/1980's/Styx - The Best Of Times.mp4
RVTR305958,Timbalamd,The Way I Are,0,no,no,no,yes,no,,/Users/bobhopp/DJ MEDIA/VIDEO/2000's/Timbalamd - The Way I Are.mp4
RVTR297545,Rihanna,Kiss It Better,0,no,yes,yes,yes,yes,,/Users/bobhopp/DJ MEDIA/VIDEO/2010's/Rihanna - Kiss It Better.mp4
RVTR425604,Chelley,Took the Night,0,no,no,no,yes,no,,/Users/bobhopp/DJ MEDIA/VIDEO/TECHNO/Chelley - Took the Night.mp4
RVTR279862,Taylor Swift,Bad Blood,0,no,yes,yes,yes,yes,,/Users/bobhopp/DJ MEDIA/VIDEO/2010's/Taylor Swift - Bad Blood.MP4
RVTR387477,Fischerspooner,Emerge,0,no,no,no,yes,no,,/Users/bobhopp/DJ MEDIA/VIDEO/TECHNO/Fischerspooner - Emerge.mp4
RVTR941081,Linus Loves,Stand Back,0,no,no,no,yes,no,,/Users/bobhopp/DJ MEDIA/VIDEO/TECHNO/Linus Loves - Stand Back.mp4
RVTR342149,Teddybears,Cobrastyle,0,no,no,no,yes,no,,/Users/bobhopp/DJ MEDIA/VIDEO/TECHNO/Teddybears - Cobrastyle.mp4
RVTR827848,Lionel Ritchie,You Are,0,no,no,no,yes,no,,/Users/bobhopp/DJ MEDIA/VIDEO/1980's/Lionel Ritchie - You Are.mp4
RVTR794678,Primal Scream,Jailbird,0,no,no,no,yes,yes,,/Users/bobhopp/DJ MEDIA/VIDEO/1990's/Primal Scream - Jailbird.mp4
RVTR978535,Army Of Anyone,Goodbye,0,no,no,no,yes,no,review,/Users/bobhopp/DJ MEDIA/VIDEO/TECHNO/Army Of Anyone - Goodbye.mp4
RVTR121375,The Other Ones,Holiday,0,no,no,yes,yes,yes,,/Users/bobhopp/DJ MEDIA/VIDEO/2010's/The Other Ones - Holiday.mp4
RVTR065590,Europe,Superstitious,0,no,yes,yes,yes,yes,,/Users/bobhopp/DJ MEDIA/VIDEO/1980's/Europe - Superstitious.mp4
RVTR131184,Ted Nugent,Wango Tango,0,no,yes,yes,yes,yes,,/Users/bobhopp/DJ MEDIA/VIDEO/1980's/Ted Nugent - Wango Tango.mp4
RVTR091389,Loudness,Crazy Nights,0,no,no,no,yes,no,,/Users/bobhopp/DJ MEDIA/VIDEO/TECHNO/Loudness - Crazy Nights.mp4
RVTR377121,Lee Ritenour,Is It You,0,no,no,yes,yes,yes,,/Users/bobhopp/DJ MEDIA/VIDEO/1980's/lee ritenour - is it you.mp4
RVTR224559,Pentatonix,Hallelujah,0,no,yes,yes,yes,yes,,/Users/bobhopp/DJ MEDIA/VIDEO/2010's/Pentatonix - Hallelujah.mp4
RVTR155058,Kenny Chesney,I Go Back,0,no,yes,yes,yes,yes,,/Users/bobhopp/DJ MEDIA/VIDEO/COUNTRY/FILL/Kenny Chesney - I Go Back.mp4
RVTR569780,The Offspring,Hit That,0,no,yes,yes,yes,yes,,/Users/bobhopp/DJ MEDIA/VIDEO/2000's/The Offspring - Hit That.mp4
RVTR987715,Kungs,Never Going Home,0,no,no,no,yes,no,,/Users/bobhopp/DJ MEDIA/VIDEO/2020's/Kungs - Never Going Home.mp4
RVTR766173,Diana Ross,Upside Down,0,no,yes,yes,yes,yes,,/Users/bobhopp/DJ MEDIA/VIDEO/1980's/Diana Ross - Upside Down.mp4
RVTR294821,Duran Duran,Notorious,0,no,yes,yes,yes,yes,,/Users/bobhopp/DJ MEDIA/VIDEO/1980's/Duran Duran - Notorious.mp4
RVTR492410,Commodores,Brickhouse,0,no,no,no,yes,no,,/Users/bobhopp/DJ MEDIA/VIDEO/1990's/Commodores - Brickhouse.mp4
RVTR585911,Atmosphere,Guarantees,0,no,no,no,yes,yes,review,/Users/bobhopp/DJ MEDIA/VIDEO/2000's/Atmosphere - Guarantees.mp4
RVTR493091,Alice Cooper,You And Me,0,no,yes,yes,yes,yes,review,/Users/bobhopp/DJ MEDIA/VIDEO/1970's/Alice Cooper - You And Me.mp4
RVTR701938,Peter Tosh,Legalize It,0,yes,yes,no,yes,no,cards_ready,/Users/bobhopp/DJ MEDIA/VIDEO/1970's/Peter Tosh - Legalize It.mp4
RVTR058521,Dio,Rainbow In The Dark,0,no,no,no,yes,no,,/Users/bobhopp/DJ MEDIA/VIDEO/1980's/Dio - Rainbow In The Dark.mp4
RVTR041621,Lil Nas X,Old Town Road,0,no,no,yes,yes,yes,,/Users/bobhopp/DJ MEDIA/VIDEO/2010's/Lil Nas X - Old Town Road.mp4
RVTR407358,Ramones,Rockaway Beach,0,no,no,yes,yes,yes,,/Users/bobhopp/DJ MEDIA/VIDEO/1970's/Ramones - Rockaway Beach.mp4
RVTR437965,Who,You Better You Bet,0,no,no,yes,yes,yes,,/Users/bobhopp/DJ MEDIA/VIDEO/1980's/Who - You Better You Bet.mp4
RVTR943053,ESPN,Presents Jock Jam,0,no,no,no,yes,no,,/Users/bobhopp/DJ MEDIA/VIDEO/1990's/ESPN - Presents Jock Jam.mp4
RVTR595525,Nas,The World Is Yours,0,no,yes,no,yes,no,,/Users/bobhopp/DJ MEDIA/VIDEO/1990's/Nas - The World Is Yours.mp4
RVTR567430,Jane Wiedlin,Rush Hour,0,no,yes,yes,yes,yes,,/Users/bobhopp/DJ MEDIA/VIDEO/1980's/Jane Wiedlin - Rush Hour.mp4
RVTR468343,Cabin Crew,Star To Fall,0,no,no,no,yes,no,,/Users/bobhopp/DJ MEDIA/VIDEO/TECHNO/Cabin Crew - Star To Fall.mp4
RVTR934450,Over It,Siren On The 101,0,no,no,no,yes,no,,/Users/bobhopp/DJ MEDIA/VIDEO/TECHNO/Over It - Siren On The 101.mp4
RVTR002311,Crowbar,All I Had I Gave,0,no,no,no,yes,yes,,/Users/bobhopp/DJ MEDIA/VIDEO/1990's/Crowbar - All I Had I Gave.mp4
RVTR608211,Perfect Circle,3 Libras,0,no,no,no,yes,no,,/Users/bobhopp/DJ MEDIA/VIDEO/2000's/Perfect Circle - 3 Libras.mp4
RVTR252649,Hoobastank,Remember Me,0,no,yes,no,yes,no,,/Users/bobhopp/DJ MEDIA/VIDEO/TECHNO/Hoobastank - Remember Me.mp4
RVTR392656,Carole King,So Far Away,0,no,no,yes,yes,yes,,/Users/bobhopp/DJ MEDIA/VIDEO/1970's/Carole King - So Far Away.mp4
RVTR345198,Don Omar,Sexy Robotica,0,no,yes,no,yes,no,,/Users/bobhopp/DJ MEDIA/VIDEO/2000's/Don Omar - Sexy Robotica.mp4
RVTR120121,John Mayer,Free Fallin',0,no,no,yes,yes,yes,,/Users/bobhopp/DJ MEDIA/VIDEO/2000's/John Mayer - Free Fallin'.mp4
RVTR414471,Wale & Lady Gaga,Chillin,0,no,no,no,yes,no,,/Users/bobhopp/DJ MEDIA/VIDEO/2000's/Wale & Lady Gaga - Chillin.mp4
RVTR002336,Mason,Perfect Exceeder,0,no,no,no,yes,no,,/Users/bobhopp/DJ MEDIA/VIDEO/TECHNO/Mason - Perfect Exceeder.mp4
RVTR882176,Soundgarden,Outshined,0,no,yes,no,yes,yes,,/Users/bobhopp/DJ MEDIA/VIDEO/1990's/Soundgarden - Outshined.mp4
RVTR509545,Danielle Bradbery,Sway,0,no,yes,no,yes,yes,,/Users/bobhopp/DJ MEDIA/VIDEO/2010's/Danielle Bradbery - Sway.mp4
RVTR206980,Fastball,Out Of My Head,0,no,yes,yes,yes,yes,,/Users/bobhopp/DJ MEDIA/VIDEO/1990's/Fastball - Out Of My Head.mp4
RVTR787669,Staind,It's Been Awhile,0,no,no,yes,yes,yes,,/Users/bobhopp/DJ MEDIA/VIDEO/2000's/Staind - It's Been Awhile.mp4
RVTR793406,Axel Thesleff,Bad Karma,0,no,no,no,yes,yes,review,/Users/bobhopp/DJ MEDIA/VIDEO/2010's/Axel Thesleff - Bad Karma.mp4
RVTR792144,Imagine Dragons,Demons,0,no,yes,yes,yes,yes,,/Users/bobhopp/DJ MEDIA/VIDEO/2010's/Imagine Dragons - Demons.mp4
RVTR383967,Maroon 5,One More Night,0,no,yes,yes,yes,yes,,/Users/bobhopp/DJ MEDIA/VIDEO/2010's/Maroon 5 - One More Night.mp4
RVTR450386,Pitbull F.Lil' Jon,Toma,0,no,no,no,yes,no,,/Users/bobhopp/DJ MEDIA/VIDEO/TECHNO/Pitbull F.Lil' Jon - Toma.mp4
RVTR428728,Richard Marx,Satisfied,0,no,yes,yes,yes,yes,,/Users/bobhopp/DJ MEDIA/VIDEO/1980's/Richard Marx - Satisfied.mp4
RVTR585959,David Bowie,Rebel Rebel,0,no,yes,yes,yes,yes,,/Users/bobhopp/DJ MEDIA/VIDEO/1980's/David Bowie - Rebel Rebel.mp4
RVTR464340,Metro Station,Shake It,0,no,yes,yes,yes,yes,,/Users/bobhopp/DJ MEDIA/VIDEO/2000's/Metro Station - Shake It.mp4
RVTR347931,Ed Sheeran,Shape Of You,0,no,yes,yes,yes,yes,,/Users/bobhopp/DJ MEDIA/VIDEO/2010's/Ed Sheeran - Shape Of You.mp4
RVTR792792,Maren Morris,My Church,0,no,yes,yes,yes,yes,,/Users/bobhopp/DJ MEDIA/VIDEO/2010's/Maren Morris - My Church.mp4
RVTR105441,Pitbull,Wild Wild Love,0,no,yes,yes,yes,yes,,/Users/bobhopp/DJ MEDIA/VIDEO/2010's/Pitbull - Wild Wild Love.MP4
RVTR550843,Brett Eldredge,Don't Ya,0,no,yes,yes,yes,yes,,/Users/bobhopp/DJ MEDIA/VIDEO/2010's/Brett Eldredge - Don't Ya.mp4
RVTR385808,Fall Out Boy,Centuries,0,no,yes,yes,yes,yes,,/Users/bobhopp/DJ MEDIA/VIDEO/2010's/Fall Out Boy - Centuries.mp4
RVTR436541,Kreayshawn,Gucci Gucci,0,no,no,yes,yes,yes,,/Users/bobhopp/DJ MEDIA/VIDEO/2010's/Kreayshawn - Gucci Gucci.mp4
RVTR420865,Brooks & Dunn,Neon Moon,0,no,yes,no,yes,no,,/Users/bobhopp/DJ MEDIA/VIDEO/1990's/Brooks & Dunn - Neon Moon.mp4
RVTR580567,Damn Yankees,Come Again,0,no,yes,yes,yes,yes,,/Users/bobhopp/DJ MEDIA/VIDEO/1990's/Damn Yankees - Come Again.mp4
RVTR848500,Lady GaGa,Born This Way,0,no,yes,yes,yes,yes,,/Users/bobhopp/DJ MEDIA/VIDEO/2010's/Lady GaGa - Born This Way.mp4
RVTR217058,Alphaville,Big In Japan,0,no,yes,yes,yes,yes,review,/Users/bobhopp/DJ MEDIA/VIDEO/1980's/Alphaville - Big In Japan.mp4
RVTR157297,Smiths,How Soon Is Now,0,no,no,no,yes,no,,/Users/bobhopp/DJ MEDIA/VIDEO/1980's/Smiths - How Soon Is Now.mp4
RVTR854134,Jason Derulo,In My Head,0,no,yes,yes,yes,yes,,/Users/bobhopp/DJ MEDIA/VIDEO/2010's/Jason Derulo - In My Head.mp4
RVTR576643,Thomas Rhett,Half Of Me,0,no,no,yes,yes,yes,,/Users/bobhopp/DJ MEDIA/VIDEO/2020's/Thomas Rhett - Half Of Me.mp4
RVTR868050,Jack Johnson,Breakdown,0,no,no,no,yes,no,,/Users/bobhopp/DJ MEDIA/VIDEO/TECHNO/Jack Johnson - Breakdown.mp4
RVTR194525,Mad'House,Like A Prayer,0,no,no,no,yes,no,,/Users/bobhopp/DJ MEDIA/VIDEO/TECHNO/Mad'House - Like A Prayer.mp4
RVTR051070,Al Jarreau,So Long Girl,0,no,yes,no,yes,no,review,/Users/bobhopp/DJ MEDIA/VIDEO/1970's/Al Jarreau - So Long Girl.mp4
RVTR688551,Buckcherry,Everything,0,no,yes,no,yes,no,,/Users/bobhopp/DJ MEDIA/VIDEO/2000's/Buckcherry - Everything.mp4
RVTR000524,Huey,"Pop, Lock & Drop It",0,no,no,yes,yes,yes,,"/Users/bobhopp/DJ MEDIA/VIDEO/2000's/Huey - Pop, Lock & Drop It.mp4"
RVTR880101,Lil Nas X,Sun Goes Down,0,no,no,yes,yes,yes,,/Users/bobhopp/DJ MEDIA/VIDEO/2020's/Lil Nas X - Sun Goes Down.mp4
RVTR943743,Brian McKnight,Anytime,0,no,yes,no,yes,no,,/Users/bobhopp/DJ MEDIA/VIDEO/1990's/Brian McKnight - Anytime.mp4
RVTR403709,Barry Manilow,Even Now,0,no,yes,yes,yes,yes,review,/Users/bobhopp/DJ MEDIA/VIDEO/1970's/Barry Manilow - Even Now.mp4
RVTR874065,Phoebe Snow,Poetry Man,0,yes,yes,yes,yes,yes,cards_ready,/Users/bobhopp/DJ MEDIA/VIDEO/1970's/Phoebe Snow - Poetry Man.mp4
RVTR435028,Walker Hayes,Y'all Life,0,no,no,no,yes,no,,/Users/bobhopp/DJ MEDIA/VIDEO/1990's/Walker Hayes - Y'all Life.mp4
RVTR704854,Bon Jovi,Have A Nice Day,0,no,yes,yes,yes,yes,,/Users/bobhopp/DJ MEDIA/VIDEO/2000's/Bon Jovi - Have A Nice Day.mp4
RVTR833336,Rob Zombie,Feel So Numb,0,no,no,no,yes,no,,/Users/bobhopp/DJ MEDIA/VIDEO/2000's/Rob Zombie - Feel So Numb.mp4
RVTR910020,Lifehouse,Halfway Gone,0,no,yes,yes,yes,yes,,/Users/bobhopp/DJ MEDIA/VIDEO/2010's/Lifehouse - Halfway Gone.mp4
RVTR259501,Barry Manilow,Daybreak,0,no,yes,yes,yes,yes,review,/Users/bobhopp/DJ MEDIA/VIDEO/1970's/Barry Manilow - Daybreak.mp4
RVTR284607,John Legend,Love Me Now,0,no,yes,yes,yes,yes,,/Users/bobhopp/DJ MEDIA/VIDEO/2010's/John Legend - Love Me Now.mp4
RVTR554941,Yung Joc,It's Goin Down,0,no,no,no,yes,no,,/Users/bobhopp/DJ MEDIA/VIDEO/2000's/Yung Joc - It's Goin Down.mp4
RVTR746158,Mike Oldfield,To France,0,no,no,no,yes,no,,/Users/bobhopp/DJ MEDIA/VIDEO/TECHNO/Mike Oldfield - To France.mp4
RVTR870639,Jennifer Lopez,I'm Real,0,no,yes,yes,yes,yes,,/Users/bobhopp/DJ MEDIA/VIDEO/2000's/Jennifer Lopez - I'm Real.mp4
RVTR190126,Neil Diamond,Forgotten,0,no,yes,no,yes,no,,/Users/bobhopp/DJ MEDIA/VIDEO/2000's/Neil Diamond - Forgotten.mp4
RVTR095065,T-Pain,Reverse Cowgirl,0,no,no,yes,yes,yes,,/Users/bobhopp/DJ MEDIA/VIDEO/2010's/T-Pain - Reverse Cowgirl.mp4
RVTR410747,The Band,The Last Waltz,0,no,no,no,yes,no,,/Users/bobhopp/DJ MEDIA/VIDEO/1960's/The Band - The Last Waltz.mp4
RVTR438813,Pet Shop Boys,Suburbia,0,no,yes,yes,yes,yes,,/Users/bobhopp/DJ MEDIA/VIDEO/1980's/Pet Shop Boys - Suburbia.mp4
RVTR428295,Modest Mouse,Dashboard,0,no,no,yes,yes,yes,,/Users/bobhopp/DJ MEDIA/VIDEO/2000's/Modest Mouse - Dashboard.mp4
RVTR473136,Linkin Park,Iridescent,0,no,no,yes,yes,yes,,/Users/bobhopp/DJ MEDIA/VIDEO/2010's/Linkin Park - Iridescent.mp4
RVTR735741,Snoop Dogg,I Wanna Rock,0,no,yes,yes,yes,yes,,/Users/bobhopp/DJ MEDIA/VIDEO/2010's/Snoop Dogg - I Wanna Rock.mp4
RVTR016582,Full Intention,America,0,no,no,no,yes,no,,/Users/bobhopp/DJ MEDIA/VIDEO/TECHNO/Full Intention - America.mp4
RVTR582085,Lana Del Rey,West Coast,0,no,yes,yes,yes,yes,,/Users/bobhopp/DJ MEDIA/VIDEO/2010's/Lana Del Rey - West Coast.MP4
RVTR404176,Ozzy,Suicide Solution,0,no,no,no,yes,no,,/Users/bobhopp/DJ MEDIA/VIDEO/1980's/Ozzy - Suicide Solution.mp4
RVTR431993,Pavement,Cut Your Hair,0,no,no,no,yes,no,,/Users/bobhopp/DJ MEDIA/VIDEO/1990's/Pavement - Cut Your Hair.mp4
RVTR189052,Madonna,Die Another Day,0,no,no,yes,yes,yes,,/Users/bobhopp/DJ MEDIA/VIDEO/2000's/Madonna - Die Another Day.mp4
RVTR408085,OK Go,Here It Goes Again,0,no,yes,yes,yes,yes,,/Users/bobhopp/DJ MEDIA/VIDEO/2000's/OK Go - Here It Goes Again.mp4
RVTR923031,Bobby Helms,Jingle Bell,0,no,no,yes,yes,yes,,/Users/bobhopp/DJ MEDIA/VIDEO/2010's/Bobby Helms - Jingle Bell.mp4
RVTR212543,Fifth Harmony,Worth It,0,no,yes,yes,yes,yes,,/Users/bobhopp/DJ MEDIA/VIDEO/2010's/Fifth Harmony - Worth It.mp4
RVTR176910,Rise Against,Satellite,0,no,yes,no,yes,no,,/Users/bobhopp/DJ MEDIA/VIDEO/2010's/Rise Against - Satellite.mp4
RVTR582971,Erin Kinsey,Just Drive,0,no,no,no,yes,yes,,/Users/bobhopp/DJ MEDIA/VIDEO/2020's/Erin Kinsey - Just Drive.mp4
RVTR771068,Go West,Don't Look Down,0,no,no,yes,yes,yes,,/Users/bobhopp/DJ MEDIA/VIDEO/1980's/Go West - Don't Look Down.mp4
RVTR150235,Rockabilly,I'm So Tired,0,no,no,no,yes,no,,/Users/bobhopp/DJ MEDIA/VIDEO/1950's/Rockabilly - I'm So Tired.mp4
RVTR453700,Tom Jones,Detroit City,0,no,yes,yes,yes,no,,/Users/bobhopp/DJ MEDIA/VIDEO/1960's/Tom Jones - Detroit City.mp4
RVTR349467,Breathe,Hands To Heaven,0,no,yes,yes,yes,yes,,/Users/bobhopp/DJ MEDIA/VIDEO/1980's/Breathe - Hands To Heaven.mp4
RVTR227252,Foreigner,Say You Will,0,no,yes,yes,yes,yes,,/Users/bobhopp/DJ MEDIA/VIDEO/1980's/Foreigner - Say You Will.mp4
RVTR553073,Stevie Nicks,Nightbird,0,no,yes,yes,yes,yes,,/Users/bobhopp/DJ MEDIA/VIDEO/1980's/Stevie Nicks - Nightbird.mp4
RVTR772224,Slipknot,Dead Memories,0,no,no,no,yes,no,,/Users/bobhopp/DJ MEDIA/VIDEO/TECHNO/Slipknot - Dead Memories.mp4
RVTR273110,Europe,Open Your Heart,0,no,yes,no,yes,no,,/Users/bobhopp/DJ MEDIA/VIDEO/1980's/Europe - Open Your Heart.mp4
RVTR774040,Genesis,No Reply At All,0,no,yes,yes,yes,yes,,/Users/bobhopp/DJ MEDIA/VIDEO/1980's/Genesis - No Reply At All.mp4
RVTR068172,Madonna,Who's That Girl,0,no,no,yes,yes,yes,,/Users/bobhopp/DJ MEDIA/VIDEO/1980's/Madonna - Who's That Girl.mp4
RVTR613007,Skillet,Awake And Alive,0,no,yes,yes,yes,yes,,/Users/bobhopp/DJ MEDIA/VIDEO/2000's/Skillet - Awake And Alive.mp4
RVTR943418,Jace Everett,Bad Things,0,no,no,no,yes,yes,,/Users/bobhopp/DJ MEDIA/VIDEO/2000's/Jace Everett - Bad Things.mp4
RVTR286700,"Selena Gomez, Camilo",999,0,no,no,no,yes,no,,"/Users/bobhopp/DJ MEDIA/VIDEO/2020's/Selena Gomez, Camilo - 999.mp4"
RVTR989930,D.H.T. f.Edmee,I Go Crazy,0,no,no,no,yes,no,,/Users/bobhopp/DJ MEDIA/VIDEO/TECHNO/D.H.T. f.Edmee - I Go Crazy.mp4
RVTR608824,Vj Ernst,Shadowdancing,0,no,no,no,yes,no,,/Users/bobhopp/DJ MEDIA/VIDEO/TECHNO/Vj Ernst - Shadowdancing.mp4
RVTR831663,Maybe This Time,Cabaret,0,no,no,no,yes,yes,,/Users/bobhopp/DJ MEDIA/VIDEO/1970's/Maybe This Time - Cabaret.mp4
RVTR269539,Lana Del Rey,Born To Die,0,no,yes,no,yes,no,,/Users/bobhopp/DJ MEDIA/VIDEO/2010's/Lana Del Rey - Born To Die.mp4
RVTR588073,"10,000 Maniacs",Trouble Me,0,no,yes,yes,yes,yes,review,"/Users/bobhopp/DJ MEDIA/VIDEO/1980's/10,000 Maniacs - Trouble Me.mp4"
RVTR617098,Rod Stewart,Love Touch,0,no,no,yes,yes,yes,,/Users/bobhopp/DJ MEDIA/VIDEO/1980's/Rod Stewart - Love Touch.mp4
RVTR102559,King,Alone Without You,0,no,no,no,yes,no,,/Users/bobhopp/DJ MEDIA/VIDEO/1980's/King - Alone Without You.mp4
RVTR763854,Stevie Nicks,Talk To Me,0,no,yes,yes,yes,yes,,/Users/bobhopp/DJ MEDIA/VIDEO/1980's/Stevie Nicks - Talk To Me.mp4
RVTR977670,Ultravox,The Thin Wall,0,no,yes,no,yes,no,,/Users/bobhopp/DJ MEDIA/VIDEO/1980's/Ultravox - The Thin Wall.mp4
RVTR060797,Usher,You Make Me Wanna,0,no,no,yes,yes,yes,,/Users/bobhopp/DJ MEDIA/VIDEO/1990's/Usher - You Make Me Wanna.mp4
RVTR989967,Baby Bash f./E-40,Go Girl,0,no,no,no,yes,no,review,/Users/bobhopp/DJ MEDIA/VIDEO/2000's/Baby Bash f._E-40 - Go Girl.mp4
RVTR611275,Sam Hunt,Hard To Forget,0,no,no,yes,yes,yes,,/Users/bobhopp/DJ MEDIA/VIDEO/COUNTRY/FILL/Sam Hunt - Hard To Forget.mp4
RVTR706864,Tim Finn,Not Even Close,0,no,no,no,yes,no,,/Users/bobhopp/DJ MEDIA/VIDEO/1980's/Tim Finn - Not Even Close.mp4
RVTR240983,Semisonic,Secret Smile,0,no,no,no,yes,no,,/Users/bobhopp/DJ MEDIA/VIDEO/1990's/Semisonic - Secret Smile.mp4
RVTR225399,The Highwomen,The Chain,0,no,no,no,yes,no,,/Users/bobhopp/DJ MEDIA/VIDEO/1970's/The Highwomen - The Chain.mp4
RVTR874373,Mary J Blige With U2,One,0,no,no,no,yes,no,,/Users/bobhopp/DJ MEDIA/VIDEO/2000's/Mary J Blige With U2 - One.mp4
RVTR814540,Taking Back Sunday,Liar,0,no,no,no,yes,no,,/Users/bobhopp/DJ MEDIA/VIDEO/TECHNO/Taking Back Sunday - Liar.mp4
RVTR272267,Suzi Quatro,Can The Can,0,no,no,yes,yes,yes,,/Users/bobhopp/DJ MEDIA/VIDEO/1970's/Suzi Quatro - Can The Can.mp4
RVTR406960,Pat Benatar,Fire And Ice,0,no,yes,yes,yes,yes,,/Users/bobhopp/DJ MEDIA/VIDEO/1980's/Pat Benatar - Fire And Ice.mp4
RVTR842045,Michelle Branch,Breathe,0,no,yes,yes,yes,yes,,/Users/bobhopp/DJ MEDIA/VIDEO/2000's/Michelle Branch - Breathe.mp4
RVTR880183,Lmfao,I'm In Miami Trick,0,no,yes,yes,yes,yes,,/Users/bobhopp/DJ MEDIA/VIDEO/2000's/Lmfao - I'm In Miami Trick.mp4
RVTR278079,Dennis Lloyd,Nevermind,0,no,no,yes,yes,yes,,/Users/bobhopp/DJ MEDIA/VIDEO/2010's/Dennis Lloyd - Nevermind.mp4
RVTR542429,James Arthur,September,0,no,no,no,yes,no,,/Users/bobhopp/DJ MEDIA/VIDEO/2020's/James Arthur - September.mp4
RVTR645058,Stryper,Calling On You,0,no,yes,no,yes,no,,/Users/bobhopp/DJ MEDIA/VIDEO/TECHNO/Stryper - Calling On You.mp4
RVTR650189,Madness,It Must Be Love,0,no,no,yes,yes,yes,,/Users/bobhopp/DJ MEDIA/VIDEO/1980's/Madness - It Must Be Love.mp4
RVTR558354,Rihanna,Wait Your Turn,0,no,yes,no,yes,no,,/Users/bobhopp/DJ MEDIA/VIDEO/2000's/Rihanna - Wait Your Turn.mp4
RVTR595344,Olivia Rodrigo,Vampire,0,no,no,yes,yes,yes,,/Users/bobhopp/DJ MEDIA/VIDEO/2020's/Olivia Rodrigo - Vampire.mp4
RVTR226568,Johnny Horton,Comanche,0,no,no,no,yes,no,,/Users/bobhopp/DJ MEDIA/VIDEO/COUNTRY/FILL/Johnny Horton - Comanche.mp4
RVTR648494,Madina Lake,Here I Stand,0,no,no,no,yes,no,,/Users/bobhopp/DJ MEDIA/VIDEO/TECHNO/Madina Lake - Here I Stand.mp4
RVTR191793,Black Eyed Peas,Hey Mama,0,no,yes,yes,yes,no,review,/Users/bobhopp/DJ MEDIA/VIDEO/2000's/Black Eyed Peas - Hey Mama.mp4
RVTR338115,Classified,Up All Night,0,no,no,no,yes,yes,,/Users/bobhopp/DJ MEDIA/VIDEO/2000's/Classified - Up All Night.mp4
RVTR977088,Ray LaMontagne,Trouble,0,no,yes,no,yes,no,,/Users/bobhopp/DJ MEDIA/VIDEO/2000's/Ray LaMontagne - Trouble.mp4
RVTR733181,Charlie Puth,Attention,0,no,yes,yes,yes,yes,,/Users/bobhopp/DJ MEDIA/VIDEO/2010's/Charlie Puth - Attention.mp4
RVTR480446,Ava Max,EveryTime I Cry,0,no,no,no,yes,no,review,/Users/bobhopp/DJ MEDIA/VIDEO/2020's/Ava Max - EveryTime I Cry.mp4
RVTR824295,The Beatles,Hey Bulldog,0,no,yes,no,yes,no,,/Users/bobhopp/DJ MEDIA/VIDEO/1960's/The Beatles - Hey Bulldog.mp4
RVTR062984,Alicia Keys,Superwoman,0,no,yes,yes,yes,yes,review,/Users/bobhopp/DJ MEDIA/VIDEO/2000's/Alicia Keys - Superwoman.mp4
RVTR242606,Lil Jon,Snap Yo Fingers,0,no,no,yes,yes,yes,,/Users/bobhopp/DJ MEDIA/VIDEO/2000's/Lil Jon - Snap Yo Fingers.mp4
RVTR204801,Kane Brown,Worship You,0,no,no,no,yes,no,,/Users/bobhopp/DJ MEDIA/VIDEO/COUNTRY/FILL/Kane Brown - Worship You.mp4
RVTR439170,Toby Keith,Trailerhood,0,no,yes,yes,yes,yes,,/Users/bobhopp/DJ MEDIA/VIDEO/COUNTRY/FILL/Toby Keith - Trailerhood.mp4
RVTR682168,"Static Lullaby, A",Toxic,0,no,no,no,yes,no,,"/Users/bobhopp/DJ MEDIA/VIDEO/TECHNO/Static Lullaby, A - Toxic.mp4"
RVTR220486,Elton John,Electricity,0,no,no,no,yes,yes,,/Users/bobhopp/DJ MEDIA/VIDEO/2000's/Elton John - Electricity.mp4
RVTR013284,Taylor Swift,Enchanted,0,no,yes,yes,yes,yes,,/Users/bobhopp/DJ MEDIA/VIDEO/2010's/Taylor Swift - Enchanted.mp4
RVTR738030,James Brown,The Payback,0,no,no,yes,yes,yes,,/Users/bobhopp/DJ MEDIA/VIDEO/1970's/James Brown - The Payback.mp4
RVTR333563,The Chainsmokers,Roses,0,no,no,yes,yes,yes,,/Users/bobhopp/DJ MEDIA/VIDEO/2010's/The Chainsmokers - Roses.mp4
RVTR091408,Brad Paisley,River Bank,0,no,yes,yes,yes,yes,,/Users/bobhopp/DJ MEDIA/VIDEO/COUNTRY/FILL/Brad Paisley - River Bank.mp4
RVTR968172,Deftones,Back To School,0,no,no,no,yes,no,,/Users/bobhopp/DJ MEDIA/VIDEO/TECHNO/Deftones - Back To School.mp4
RVTR090483,The Beatles,Nowhere Man,0,no,yes,yes,yes,yes,,/Users/bobhopp/DJ MEDIA/VIDEO/1960's/The Beatles - Nowhere Man.mp4
RVTR917794,Planet P Project,Why Me,0,no,no,no,yes,no,,/Users/bobhopp/DJ MEDIA/VIDEO/1980's/Planet P Project - Why Me.mp4
RVTR643397,X Ambassadors,Unsteady,0,no,yes,yes,yes,yes,,/Users/bobhopp/DJ MEDIA/VIDEO/2010's/X Ambassadors - Unsteady.mp4
RVTR467608,Selena Gomez,Naturally,0,no,no,yes,yes,yes,,/Users/bobhopp/DJ MEDIA/VIDEO/2010's/Selena Gomez - Naturally.mp4
RVTR497867,Taylor Swift,This Love,0,no,no,yes,yes,yes,,/Users/bobhopp/DJ MEDIA/VIDEO/2010's/Taylor Swift - This Love.mp4
RVTR696802,Ghost Town D.J.'s,My Boo,0,no,no,no,yes,no,,/Users/bobhopp/DJ MEDIA/VIDEO/TECHNO/Ghost Town D.J.'s - My Boo.mp4
RVTR055842,Junior Jack,Stupidisco,0,no,no,no,yes,no,,/Users/bobhopp/DJ MEDIA/VIDEO/TECHNO/Junior Jack - Stupidisco.mp4
RVTR523628,Lisa Scott Lee,Electric,0,no,no,no,yes,no,,/Users/bobhopp/DJ MEDIA/VIDEO/TECHNO/Lisa Scott Lee - Electric.mp4
RVTR720315,Small Faces,Tin Soldier,0,no,yes,yes,yes,yes,,/Users/bobhopp/DJ MEDIA/VIDEO/1960's/Small Faces - Tin Soldier.mp4
RVTR037905,The Beatles,Revolution,0,no,yes,yes,yes,yes,,/Users/bobhopp/DJ MEDIA/VIDEO/1960's/The Beatles - Revolution.mp4
RVTR920228,Skid Row,I Remember You,0,no,yes,yes,yes,yes,,/Users/bobhopp/DJ MEDIA/VIDEO/1990's/Skid Row - I Remember You.mp4
RVTR689141,Sean Kingston,Face Drop,0,no,yes,yes,yes,yes,,/Users/bobhopp/DJ MEDIA/VIDEO/2000's/Sean Kingston - Face Drop.mp4
RVTR602731,Bruno Mars,It Will Rain,0,no,no,yes,yes,yes,,/Users/bobhopp/DJ MEDIA/VIDEO/2010's/Bruno Mars - It Will Rain.mp4
RVTR822648,Rihanna & Jay Z,Umbrella,0,no,no,no,yes,no,,/Users/bobhopp/DJ MEDIA/VIDEO/2000's/Rihanna & Jay Z - Umbrella.mp4
RVTR386899,Madonna,Love Profusion,0,no,yes,no,yes,no,,/Users/bobhopp/DJ MEDIA/VIDEO/TECHNO/Madonna - Love Profusion.mp4
RVTR057910,Remble feat. B.A.,Audible,0,no,no,no,yes,no,,/Users/bobhopp/DJ MEDIA/VIDEO/2020's/Remble feat. B.A. - Audible.mp4
RVTR453996,Carla Thomas,Comfort Me,0,yes,yes,no,yes,yes,cards_ready,/Users/bobhopp/DJ MEDIA/VIDEO/1960's/Carla Thomas - Comfort Me.mp4
RVTR786906,First Choice,Love Thang,0,no,yes,no,yes,no,,/Users/bobhopp/DJ MEDIA/VIDEO/1970's/First Choice - Love Thang.mp4
RVTR501726,Demi Lovato,Skyscraper,0,no,no,yes,yes,yes,,/Users/bobhopp/DJ MEDIA/VIDEO/2010's/Demi Lovato - Skyscraper.mp4
RVTR658643,Lennon,Where Do I Fit In,0,no,no,no,yes,no,,/Users/bobhopp/DJ MEDIA/VIDEO/TECHNO/Lennon - Where Do I Fit In.mp4
RVTR652355,Terror Fabulous,Action,0,no,no,yes,yes,yes,,/Users/bobhopp/DJ MEDIA/VIDEO/1990's/Terror Fabulous - Action.mp4
RVTR013992,Bobby Brackins f./Dev,A1,0,no,no,no,yes,no,,/Users/bobhopp/DJ MEDIA/VIDEO/2010's/Bobby Brackins f._Dev - A1.mp4
RVTR797873,New Found Glory,Kiss Me,0,no,yes,no,yes,no,,/Users/bobhopp/DJ MEDIA/VIDEO/TECHNO/New Found Glory - Kiss Me.mp4
RVTR827627,Goo Goo Dolls,Come To Me,0,no,yes,no,yes,no,,/Users/bobhopp/DJ MEDIA/VIDEO/1990's/Goo Goo Dolls - Come To Me.mp4
RVTR385654,Nicki Minaj,Did It On 'Em,0,no,no,no,yes,yes,,/Users/bobhopp/DJ MEDIA/VIDEO/2010's/Nicki Minaj - Did It On 'Em.mp4
RVTR827368,Greg Kihn Band,Happy Man,0,no,no,yes,yes,yes,,/Users/bobhopp/DJ MEDIA/VIDEO/1980's/Greg Kihn Band - Happy Man.mp4
RVTR799778,Major Lazer,Bubble Butt,0,no,no,yes,yes,yes,,/Users/bobhopp/DJ MEDIA/VIDEO/2010's/Major Lazer - Bubble Butt.mp4
RVTR418607,Pussycat Dolls,Megamix,0,no,no,no,yes,no,,/Users/bobhopp/DJ MEDIA/VIDEO/TECHNO/Pussycat Dolls - Megamix.mp4
RVTR907563,The Animals,It's My Life,0,yes,no,yes,yes,yes,cards_ready,/Users/bobhopp/DJ MEDIA/VIDEO/1960's/The Animals - It's My Life.mp4
RVTR730159,Kiss,Christine Sixteen,0,no,yes,yes,yes,yes,,/Users/bobhopp/DJ MEDIA/VIDEO/1980's/Kiss - Christine Sixteen.mp4
RVTR393456,Bad Meets Evil,Fast Lane,0,no,yes,yes,yes,yes,review,/Users/bobhopp/DJ MEDIA/VIDEO/2010's/Bad Meets Evil - Fast Lane.mp4
RVTR138368,Clara Morgane,Sexy Girl,0,no,no,no,yes,no,,/Users/bobhopp/DJ MEDIA/VIDEO/TECHNO/Clara Morgane - Sexy Girl.mp4
RVTR330264,The Beatles,Day Tripper,0,yes,yes,yes,yes,yes,cards_ready,/Users/bobhopp/DJ MEDIA/VIDEO/1960's/The Beatles - Day Tripper.mp4
RVTR153245,Andy Grammer,Fresh Eyes,0,no,yes,yes,yes,yes,review,/Users/bobhopp/DJ MEDIA/VIDEO/2010's/Andy Grammer - Fresh Eyes.mp4
RVTR490782,Lana Del Rey,Video Games,0,no,yes,yes,yes,yes,,/Users/bobhopp/DJ MEDIA/VIDEO/2010's/Lana Del Rey - Video Games.MP4
RVTR875287,Sofi Tucker,Best Friend,0,no,no,no,yes,no,,/Users/bobhopp/DJ MEDIA/VIDEO/2010's/Sofi Tucker - Best Friend.mp4
RVTR826467,Kenny Chesney,Get Along,0,no,yes,yes,yes,yes,,/Users/bobhopp/DJ MEDIA/VIDEO/COUNTRY/FILL/Kenny Chesney - Get Along.mp4
RVTR587643,Bee Gees,Too Much Heaven,0,no,yes,yes,yes,yes,review,/Users/bobhopp/DJ MEDIA/VIDEO/1970's/Bee Gees - Too Much Heaven.mp4
RVTR815512,Spinal Tap,Glastonbury,0,no,no,no,yes,no,,/Users/bobhopp/DJ MEDIA/VIDEO/1990's/Spinal Tap - Glastonbury.mp4
RVTR128243,Jesse Mccartney,Leavin',0,no,yes,yes,yes,yes,,/Users/bobhopp/DJ MEDIA/VIDEO/2000's/Jesse Mccartney - Leavin'.mp4
RVTR080066,Exposé,What You Don't Know,0,no,no,no,yes,yes,,/Users/bobhopp/DJ MEDIA/VIDEO/1980's/Exposé - What You Don't Know.mp4
RVTR670103,Exposé,When I Looked At Him,0,no,no,no,yes,yes,,/Users/bobhopp/DJ MEDIA/VIDEO/1980's/Exposé - When I Looked At Him.mp4
RVTR408901,Sade,The Sweetest Taboo,0,no,yes,yes,yes,yes,,/Users/bobhopp/DJ MEDIA/VIDEO/1980's/Sade - The Sweetest Taboo.mp4
RVTR892481,Bon Jovi,Misunderstood,0,no,yes,no,yes,no,,/Users/bobhopp/DJ MEDIA/VIDEO/2000's/Bon Jovi - Misunderstood.mp4
RVTR309109,Coldplay,Speed Of Sound,0,no,yes,yes,yes,yes,,/Users/bobhopp/DJ MEDIA/VIDEO/2000's/Coldplay - Speed Of Sound.mp4
RVTR111616,Katy Perry,Swish Swish,0,no,yes,yes,yes,yes,,/Users/bobhopp/DJ MEDIA/VIDEO/2010's/Katy Perry - Swish Swish.mp4
RVTR498086,Zac Brown Band,Same Boat,0,no,no,yes,yes,yes,,/Users/bobhopp/DJ MEDIA/VIDEO/2020's/Zac Brown Band - Same Boat.mp4
RVTR210822,Phil Collins,No Way Out,0,no,no,no,yes,no,,/Users/bobhopp/DJ MEDIA/VIDEO/TECHNO/Phil Collins - No Way Out.mp4
RVTR300948,Bon Jovi,Say It Isn't So,0,no,no,no,yes,no,,/Users/bobhopp/DJ MEDIA/VIDEO/2000's/Bon Jovi - Say It Isn't So.mp4
RVTR217140,Saosin,You're Not Alone,0,no,no,no,yes,no,,/Users/bobhopp/DJ MEDIA/VIDEO/TECHNO/Saosin - You're Not Alone.mp4
RVTR550787,Apollonia 6,Sex Shooter,0,no,yes,yes,yes,yes,review,/Users/bobhopp/DJ MEDIA/VIDEO/1980's/Apollonia 6 - Sex Shooter.mp4
RVTR014292,No Mercy,Please Don't Go,0,no,no,yes,yes,yes,,/Users/bobhopp/DJ MEDIA/VIDEO/1990's/No Mercy - Please Don't Go.mp4
RVTR636774,Trey Songz,I Need A Girl,0,no,yes,yes,yes,yes,,/Users/bobhopp/DJ MEDIA/VIDEO/2000's/Trey Songz - I Need A Girl.mp4
RVTR393337,Myles Smith,Stargazing,0,no,no,yes,yes,yes,,/Users/bobhopp/DJ MEDIA/VIDEO/2020's/Myles Smith - Stargazing.mp4
RVTR767934,Madness,One Step Beyond,0,no,yes,no,yes,yes,,/Users/bobhopp/DJ MEDIA/VIDEO/1970's/Madness - One Step Beyond.mp4
RVTR440159,Barry Manilow,Born Free,0,no,no,no,yes,no,review,/Users/bobhopp/DJ MEDIA/VIDEO/1980's/Barry Manilow - Born Free.mp4
RVTR950188,Mr. Mister,Broken Wings,0,no,yes,yes,yes,yes,,/Users/bobhopp/DJ MEDIA/VIDEO/1980's/Mr. Mister - Broken Wings.mp4
RVTR156795,Mims,This Is Why I'm Hot,0,no,no,yes,yes,yes,,/Users/bobhopp/DJ MEDIA/VIDEO/2000's/Mims - This Is Why I'm Hot.mp4
RVTR564902,Deer Tick,The Real Thing,0,no,no,no,yes,yes,,/Users/bobhopp/DJ MEDIA/VIDEO/2020's/Deer Tick - The Real Thing.mp4
RVTR451671,Joe Nichols,Sunny and 75,0,no,yes,yes,yes,yes,,/Users/bobhopp/DJ MEDIA/VIDEO/COUNTRY/FILL/Joe Nichols - Sunny and 75.mp4
RVTR010101,Sublime With Rome,Panic,0,no,no,no,yes,no,,/Users/bobhopp/DJ MEDIA/VIDEO/1990's/Sublime With Rome - Panic.mp4
RVTR563439,LMFAO,Party Rock Anthem,0,yes,yes,yes,yes,yes,published,/Users/bobhopp/DJ MEDIA/VIDEO/2010's/LMFAO - Party Rock Anthem.mp4
RVTR305360,Luke Bryan,Drunk On You,0,no,yes,yes,yes,yes,,/Users/bobhopp/DJ MEDIA/VIDEO/2010's/Luke Bryan - Drunk On You.mp4
RVTR920392,The Script,Superheroes,0,no,yes,yes,yes,yes,,/Users/bobhopp/DJ MEDIA/VIDEO/2010's/The Script - Superheroes.mp4
RVTR714206,GoldFord,Ride the Storm,0,no,no,no,yes,yes,,/Users/bobhopp/DJ MEDIA/VIDEO/2020's/GoldFord - Ride the Storm.mp4
RVTR733406,Billy Idol,Catch My Fall,0,no,yes,yes,yes,yes,review,/Users/bobhopp/DJ MEDIA/VIDEO/1980's/Billy Idol - Catch My Fall.mp4
RVTR783289,Van Halen,When It's Love,0,no,yes,yes,yes,yes,,/Users/bobhopp/DJ MEDIA/VIDEO/1980's/Van Halen - When It's Love.mp4
RVTR377324,Michael Gray,Borderline,0,no,no,no,yes,no,,/Users/bobhopp/DJ MEDIA/VIDEO/TECHNO/Michael Gray - Borderline.mp4
RVTR314890,Keith Carradine,I'm Easy,0,no,yes,yes,yes,yes,,/Users/bobhopp/DJ MEDIA/VIDEO/1970's/Keith Carradine - I'm Easy.mp4
RVTR156632,Carbon Leaf,Learn To Fly,0,no,no,no,yes,no,,/Users/bobhopp/DJ MEDIA/VIDEO/TECHNO/Carbon Leaf - Learn To Fly.mp4
RVTR456403,George Michael,Flawless,0,no,no,no,yes,no,,/Users/bobhopp/DJ MEDIA/VIDEO/TECHNO/George Michael - Flawless.mp4
RVTR704537,The Seekers,Georgy Girl,0,no,no,yes,yes,yes,,/Users/bobhopp/DJ MEDIA/VIDEO/1960's/The Seekers - Georgy Girl.mp4
RVTR752146,Ambrosia,How Much I Feel,0,no,yes,yes,yes,yes,review,/Users/bobhopp/DJ MEDIA/VIDEO/1970's/Ambrosia - How Much I Feel.mp4
RVTR937621,David Bowie,Life On Mars,0,no,no,no,yes,no,,/Users/bobhopp/DJ MEDIA/VIDEO/1970's/David Bowie - Life On Mars.mp4
RVTR219338,Whitney Houston,Exhale,0,no,no,yes,yes,yes,,/Users/bobhopp/DJ MEDIA/VIDEO/1990's/Whitney Houston - Exhale.mp4
RVTR824265,Evanescence,Good Enough,0,no,no,no,yes,no,,/Users/bobhopp/DJ MEDIA/VIDEO/TECHNO/Evanescence - Good Enough.mp4
RVTR842909,Houzecrushers,Touch Me,0,no,no,no,yes,no,,/Users/bobhopp/DJ MEDIA/VIDEO/TECHNO/Houzecrushers - Touch Me.mp4
RVTR625168,Tesla,Modern Day Cowboy,0,no,yes,no,yes,no,,/Users/bobhopp/DJ MEDIA/VIDEO/TECHNO/Tesla - Modern Day Cowboy.mp4
RVTR839896,Pink,I Don't Believe You,0,no,no,no,yes,no,,/Users/bobhopp/DJ MEDIA/VIDEO/2000's/Pink - I Don't Believe You.mp4
RVTR435771,LMFAO,Sexy And I Know It,0,no,yes,yes,yes,yes,,/Users/bobhopp/DJ MEDIA/VIDEO/2010's/LMFAO - Sexy And I Know It.mp4
RVTR412447,BTS,Permission to Dance,0,no,no,yes,yes,yes,,/Users/bobhopp/DJ MEDIA/VIDEO/2020's/BTS - Permission to Dance.mp4
RVTR855357,The Diamonds,The Stroll,0,no,no,no,yes,no,,/Users/bobhopp/DJ MEDIA/VIDEO/1950's/The Diamonds - The Stroll.mp4
RVTR291693,Dusty Springfield,Lost,0,no,yes,no,yes,no,,/Users/bobhopp/DJ MEDIA/VIDEO/1970's/Dusty Springfield - Lost.mp4
RVTR004049,Iron Maiden,The Trooper,0,no,no,no,yes,no,,/Users/bobhopp/DJ MEDIA/VIDEO/1980's/Iron Maiden - The Trooper.mp4
RVTR042565,Level 42,Lessons In Love,0,no,yes,yes,yes,yes,,/Users/bobhopp/DJ MEDIA/VIDEO/1980's/Level 42 - Lessons In Love.mp4
RVTR855100,Madonna,Open Your Heart,0,no,yes,yes,yes,yes,,/Users/bobhopp/DJ MEDIA/VIDEO/1980's/Madonna - Open Your Heart.mp4
RVTR391394,Kevin Lyttle,Turn Me On,0,no,yes,yes,yes,yes,,/Users/bobhopp/DJ MEDIA/VIDEO/2000's/Kevin Lyttle - Turn Me On.mp4
RVTR781713,The Cars,Dangerous Type,0,no,yes,no,yes,no,,/Users/bobhopp/DJ MEDIA/VIDEO/1970's/The Cars - Dangerous Type.mp4
RVTR509838,Big Time Rush,Worldwide,0,no,yes,no,yes,no,review,/Users/bobhopp/DJ MEDIA/VIDEO/2010's/Big Time Rush - Worldwide.mp4
RVTR781460,Kenny Chesney,Come Over,0,no,yes,yes,yes,yes,,/Users/bobhopp/DJ MEDIA/VIDEO/COUNTRY/FILL/Kenny Chesney - Come Over.mp4
RVTR613559,Elvis Presley,Hard Luck,0,yes,yes,no,yes,yes,cards_ready,/Users/bobhopp/DJ MEDIA/VIDEO/1960's/Elvis Presley - Hard Luck.mp4
RVTR104973,Aerosmith,What it Takes,0,no,yes,yes,yes,yes,review,/Users/bobhopp/DJ MEDIA/VIDEO/1990's/Aerosmith - What it Takes.mp4
RVTR352783,ABBA,"Money, Money, Money",0,no,yes,yes,yes,yes,review,"/Users/bobhopp/DJ MEDIA/VIDEO/1970's/ABBA - Money, Money, Money.mp4"
RVTR863630,2 Unlimited,Tribal Dance,0,no,yes,no,yes,no,review,/Users/bobhopp/DJ MEDIA/VIDEO/1990's/2 Unlimited - Tribal Dance.mp4
RVTR134062,Iggy Pop,Real Wild Child,0,no,no,no,yes,no,,/Users/bobhopp/DJ MEDIA/VIDEO/1980's/Iggy Pop - Real Wild Child.mp4
RVTR997392,Mariah Carey,Dreamlover,0,no,yes,yes,yes,yes,,/Users/bobhopp/DJ MEDIA/VIDEO/1990's/Mariah Carey - Dreamlover.mp4
RVTR626919,Wheatus,Teenage Dirtbag,0,no,no,no,yes,no,,/Users/bobhopp/DJ MEDIA/VIDEO/2000's/Wheatus - Teenage Dirtbag.mp4
RVTR942724,Imagine Dragons,Bad Liar,0,no,yes,yes,yes,yes,,/Users/bobhopp/DJ MEDIA/VIDEO/2010's/Imagine Dragons - Bad Liar.mp4
RVTR668109,Donna Summer,Last Dance,0,no,yes,yes,yes,yes,,/Users/bobhopp/DJ MEDIA/VIDEO/1970's/Donna Summer - Last Dance .mp4
RVTR948306,Air Supply,Lost In Love,0,no,yes,yes,yes,yes,review,/Users/bobhopp/DJ MEDIA/VIDEO/1980's/Air Supply - Lost In Love.mp4
RVTR676573,Underworld,Born Slippy,0,no,no,no,yes,no,,/Users/bobhopp/DJ MEDIA/VIDEO/TECHNO/Underworld - Born Slippy.mp4
RVTR736908,Creed,Don't Stop Dancing,0,no,no,no,yes,no,,/Users/bobhopp/DJ MEDIA/VIDEO/2000's/Creed - Don't Stop Dancing.mp4
RVTR562688,Destiny's Child,Emotion,0,no,yes,yes,yes,yes,,/Users/bobhopp/DJ MEDIA/VIDEO/2000's/Destiny's Child - Emotion.mp4
RVTR817150,Audioslave,Revelations,0,no,yes,no,yes,no,review,/Users/bobhopp/DJ MEDIA/VIDEO/TECHNO/Audioslave - Revelations.mp4
RVTR935317,Fastball,You're An Ocean,0,no,no,no,yes,no,,/Users/bobhopp/DJ MEDIA/VIDEO/TECHNO/Fastball - You're An Ocean.mp4
RVTR224563,Andy Gibb,Shadow Dancing,0,no,yes,yes,yes,yes,review,/Users/bobhopp/DJ MEDIA/VIDEO/1980's/Andy Gibb - Shadow Dancing.mp4
RVTR009355,Belinda Carlisle,La Luna,0,no,no,no,yes,no,review,/Users/bobhopp/DJ MEDIA/VIDEO/1980's/Belinda Carlisle - La Luna.mp4
RVTR342415,Enrique Iglesias,Escape,0,no,yes,yes,yes,yes,,/Users/bobhopp/DJ MEDIA/VIDEO/2000's/Enrique Iglesias - Escape.mp4
RVTR087364,Rise Against,Give It All,0,no,yes,no,yes,no,,/Users/bobhopp/DJ MEDIA/VIDEO/2000's/Rise Against - Give It All.mp4
RVTR850604,"Stefani, Gwen",Wind It Up,0,no,no,no,yes,no,,"/Users/bobhopp/DJ MEDIA/VIDEO/TECHNO/Stefani, Gwen - Wind It Up.mp4"
RVTR487922,Adam Lambert,If I Had You,0,no,yes,yes,yes,yes,review,/Users/bobhopp/DJ MEDIA/VIDEO/2010's/Adam Lambert - If I Had You.mp4
RVTR494675,The Knickerbockers,Lies,0,no,no,yes,yes,yes,,/Users/bobhopp/DJ MEDIA/VIDEO/1960's/The Knickerbockers - Lies.mp4
RVTR641950,No Mercy,Where Do You Go,0,no,no,yes,yes,yes,,/Users/bobhopp/DJ MEDIA/VIDEO/1990's/No Mercy - Where Do You Go.mp4
RVTR801995,Dua Lipa,Don't Start Now,0,no,no,yes,yes,yes,,/Users/bobhopp/DJ MEDIA/VIDEO/2010's/Dua Lipa - Don't Start Now.mp4
RVTR331946,Lumidee F.Pitbull,Crazy,0,no,no,no,yes,no,,/Users/bobhopp/DJ MEDIA/VIDEO/TECHNO/Lumidee F.Pitbull - Crazy.mp4
RVTR188883,Merril Bainbridge,Mouth,0,no,yes,yes,yes,yes,,/Users/bobhopp/DJ MEDIA/VIDEO/1990's/Merril Bainbridge - Mouth.mp4
RVTR656942,Foo Fighters,All My Life,0,no,yes,yes,yes,yes,,/Users/bobhopp/DJ MEDIA/VIDEO/2000's/Foo Fighters - All My Life.mp4
RVTR048631,Imagine Dragons,Natural,0,no,yes,yes,yes,yes,,/Users/bobhopp/DJ MEDIA/VIDEO/2010's/Imagine Dragons - Natural.mp4
RVTR646701,Faron Young,Hello Walls,0,no,no,yes,yes,yes,,/Users/bobhopp/DJ MEDIA/VIDEO/COUNTRY/FILL/Faron Young - Hello Walls.mp4
RVTR610033,Little Big Town,Tornado,0,no,yes,yes,yes,yes,,/Users/bobhopp/DJ MEDIA/VIDEO/COUNTRY/FILL/Little Big Town - Tornado.mp4
RVTR162523,Ja Rule & Ashley Joi,Body,0,no,no,no,yes,no,,/Users/bobhopp/DJ MEDIA/VIDEO/TECHNO/Ja Rule & Ashley Joi - Body.mp4
RVTR027135,Glenn Miller,In the Mood,0,no,no,no,yes,no,,/Users/bobhopp/DJ MEDIA/VIDEO/1950's/Glenn Miller - In the Mood.mp4
RVTR295893,Tommy Roe,Heather Honey,0,no,yes,yes,yes,yes,,/Users/bobhopp/DJ MEDIA/VIDEO/1960's/Tommy Roe - Heather Honey.mp4
RVTR452318,Adam Ant,Prince Charming,0,no,no,no,yes,no,review,/Users/bobhopp/DJ MEDIA/VIDEO/1980's/Adam Ant - Prince Charming.mp4
RVTR636937,Yellowcard,Ocean Avenue,0,no,yes,yes,yes,yes,,/Users/bobhopp/DJ MEDIA/VIDEO/2000's/Yellowcard - Ocean Avenue.mp4
RVTR623853,Fall Out Boy,I Don't Care,0,no,no,yes,yes,yes,,/Users/bobhopp/DJ MEDIA/VIDEO/2000's/Fall Out Boy - I Don't Care.mp4
RVTR608776,The Yardbirds,Stroll On,0,no,no,no,yes,no,,/Users/bobhopp/DJ MEDIA/VIDEO/1960's/The Yardbirds - Stroll On.mp4
RVTR037263,The Specials,Ghost Town,0,no,no,no,yes,no,,/Users/bobhopp/DJ MEDIA/VIDEO/1980's/The Specials - Ghost Town.mp4
RVTR338188,Busta Rhymes,Turn It Up,0,no,yes,no,yes,yes,,/Users/bobhopp/DJ MEDIA/VIDEO/1990's/Busta Rhymes - Turn It Up.mp4
RVTR710317,Chris Janson,Fix A Drink,0,no,yes,yes,yes,yes,,/Users/bobhopp/DJ MEDIA/VIDEO/2010's/Chris Janson - Fix A Drink.mp4
RVTR473567,Blake Lewis,Break Anotha,0,no,yes,no,yes,no,review,/Users/bobhopp/DJ MEDIA/VIDEO/2000's/Blake Lewis - Break Anotha.mp4
RVTR449987,Blake Shelton,Some Beach,0,no,yes,yes,yes,yes,review,/Users/bobhopp/DJ MEDIA/VIDEO/2000's/Blake Shelton - Some Beach.mp4
RVTR320838,Fall Out Boy,"Dance, Dance",0,no,yes,yes,yes,yes,,"/Users/bobhopp/DJ MEDIA/VIDEO/2000's/Fall Out Boy - Dance, Dance.mp4"
RVTR103063,Beyonce f./J. Cole,Party,0,no,no,no,yes,no,review,/Users/bobhopp/DJ MEDIA/VIDEO/2010's/Beyonce f._J. Cole - Party.mp4
RVTR380740,Gloriana,Can't Shake You,0,no,yes,yes,yes,yes,,/Users/bobhopp/DJ MEDIA/VIDEO/2010's/Gloriana - Can't Shake You.mp4
RVTR246965,Friends Again,Sunkissed,0,no,no,no,yes,yes,,/Users/bobhopp/DJ MEDIA/VIDEO/1980's/Friends Again - Sunkissed.mp4
RVTR201474,Pitbull Feat. Ke$ha,Timber,0,no,no,no,yes,no,,/Users/bobhopp/DJ MEDIA/VIDEO/2010's/Pitbull - Timber Ft. Ke$Ha .mp4
RVTR270356,Steve Earle,Guitar Town,0,no,no,no,yes,no,,/Users/bobhopp/DJ MEDIA/VIDEO/COUNTRY/FILL/Steve Earle - Guitar Town.mp4
RVTR764020,Jenny Morris,You I Know,0,no,no,no,yes,no,,/Users/bobhopp/DJ MEDIA/VIDEO/1980's/Jenny Morris - You I Know.mp4
RVTR671475,Rod Stewart,Lost in You,0,no,yes,yes,yes,yes,,/Users/bobhopp/DJ MEDIA/VIDEO/1980's/Rod Stewart - Lost in You.mp4
RVTR129691,Fiona Apple,Shadowboxer,0,no,yes,no,yes,yes,,/Users/bobhopp/DJ MEDIA/VIDEO/1990's/Fiona Apple - Shadowboxer.mp4
RVTR596841,Anastacia,I'm Outta Love,0,no,no,yes,yes,yes,review,/Users/bobhopp/DJ MEDIA/VIDEO/2000's/Anastacia - I'm Outta Love.mp4
RVTR560036,Angel City,Love Me Right,0,no,no,yes,yes,yes,review,/Users/bobhopp/DJ MEDIA/VIDEO/2000's/Angel City - Love Me Right.mp4
RVTR758252,Jake Owen,Hot Truck Beer,0,no,no,no,yes,no,,/Users/bobhopp/DJ MEDIA/VIDEO/2010's/Jake Owen - Hot Truck Beer.mp4
RVTR078766,Jon Bellion,All Time Low,0,no,yes,yes,yes,yes,,/Users/bobhopp/DJ MEDIA/VIDEO/2010's/Jon Bellion - All Time Low.mp4
RVTR741334,Soul For Real,Candy Rain,0,no,yes,yes,yes,yes,,/Users/bobhopp/DJ MEDIA/VIDEO/1990's/Soul For Real - Candy Rain.mp4
RVTR946732,Tal Bachman,She's So High,0,no,no,yes,yes,yes,,/Users/bobhopp/DJ MEDIA/VIDEO/1990's/Tal Bachman - She's So High.mp4
RVTR263701,Rise Against,Hero Of War,0,no,yes,no,yes,yes,,/Users/bobhopp/DJ MEDIA/VIDEO/2000's/Rise Against - Hero Of War.mp4
RVTR871692,Lee Brice,Drinking Class,0,no,yes,yes,yes,yes,,/Users/bobhopp/DJ MEDIA/VIDEO/COUNTRY/FILL/Lee Brice - Drinking Class.mp4
RVTR005359,Bad Company,Saving Grace,0,no,no,no,yes,yes,review,/Users/bobhopp/DJ MEDIA/VIDEO/1970's/Bad Company - Saving Grace.mp4
RVTR690934,Madonna,Papa Dont Preach,0,no,no,no,yes,no,,/Users/bobhopp/DJ MEDIA/VIDEO/1980's/Madonna - Papa Dont Preach.mp4
RVTR256485,Sex Pistols,No Feelings,0,no,no,no,yes,yes,,/Users/bobhopp/DJ MEDIA/VIDEO/1980's/Sex Pistols - No Feelings.mp4
RVTR664483,Plies F.Akon,Hypnotized,0,no,no,no,yes,no,,/Users/bobhopp/DJ MEDIA/VIDEO/2000's/Plies F.Akon - Hypnotized.mp4
RVTR860078,Hozier,Take Me To Church,0,no,yes,yes,yes,yes,,/Users/bobhopp/DJ MEDIA/VIDEO/2010's/Hozier - Take Me To Church.mp4
RVTR771450,Justin Bieber,Boyfriend,0,no,yes,yes,yes,yes,,/Users/bobhopp/DJ MEDIA/VIDEO/2010's/Justin Bieber - Boyfriend.mp4
RVTR459425,Roy Head,Treat Her Right,0,yes,no,no,yes,yes,cards_ready,/Users/bobhopp/DJ MEDIA/VIDEO/1960's/Roy Head - Treat Her Right.mp4
RVTR222468,Stephen Bishop,On And On,0,no,yes,yes,yes,yes,,/Users/bobhopp/DJ MEDIA/VIDEO/1970's/Stephen Bishop - On And On.mp4
RVTR522576,Mickey Avalon,Jane Fonda,0,no,no,no,yes,no,,/Users/bobhopp/DJ MEDIA/VIDEO/TECHNO/Mickey Avalon - Jane Fonda.mp4
RVTR536601,Porn Kings,Up To No Good,0,no,no,no,yes,no,,/Users/bobhopp/DJ MEDIA/VIDEO/TECHNO/Porn Kings - Up To No Good.mp4
RVTR360104,Shawn Mendes,In My Blood,0,no,yes,yes,yes,yes,,/Users/bobhopp/DJ MEDIA/VIDEO/2010's/Shawn Mendes - In My Blood.mp4
RVTR433011,Dustin Lynch,Party Mode,0,no,no,no,yes,yes,,/Users/bobhopp/DJ MEDIA/VIDEO/2020's/Dustin Lynch - Party Mode.mp4
RVTR839318,Morgan Wallen,You Proof,0,no,no,yes,yes,yes,,/Users/bobhopp/DJ MEDIA/VIDEO/2020's/Morgan Wallen - You Proof.mp4
RVTR855229,Michael Gray,The Weekend,0,no,no,no,yes,no,,/Users/bobhopp/DJ MEDIA/VIDEO/TECHNO/Michael Gray - The Weekend.mp4
RVTR767575,U2 ft. Mary J. Blige,One,0,no,no,no,yes,no,,/Users/bobhopp/DJ MEDIA/VIDEO/2000's/U2 feat. Mary J. Blige - One.mp4
RVTR854293,SOJA,Everything Changes,0,no,no,no,yes,yes,,/Users/bobhopp/DJ MEDIA/VIDEO/2010's/SOJA - Everything Changes.mp4
RVTR388920,Greg Holden,The Lost Boy,0,no,no,no,yes,yes,,/Users/bobhopp/DJ MEDIA/VIDEO/2010's/Greg Holden - The Lost Boy.mp4
RVTR077480,The Beatles,For You Blue,0,no,yes,no,yes,no,,/Users/bobhopp/DJ MEDIA/VIDEO/1980's/The Beatles - For You Blue.mp4
RVTR310992,Village People,Macho Man,0,no,yes,yes,yes,yes,,/Users/bobhopp/DJ MEDIA/VIDEO/1980's/Village People - Macho Man.mp4
RVTR817284,Post Malone,Motley Crew,0,no,no,yes,yes,yes,,/Users/bobhopp/DJ MEDIA/VIDEO/2020's/Post Malone - Motley Crew.mp4
RVTR583146,Michael Murphy,Wildfire,0,no,no,no,yes,no,,/Users/bobhopp/DJ MEDIA/VIDEO/1970's/Michael Murphy - Wildfire.mp4
RVTR896009,Janet Jackson,Megamix '04,0,no,no,no,yes,no,,/Users/bobhopp/DJ MEDIA/VIDEO/2000's/Janet Jackson - Megamix '04.mp4
RVTR098582,John Denver,Annie's Song,0,no,yes,yes,yes,yes,,/Users/bobhopp/DJ MEDIA/VIDEO/COUNTRY/FILL/John Denver - Annie's Song.mp4
RVTR287904,Wayne Newton,The Letter,0,no,no,no,yes,no,,/Users/bobhopp/DJ MEDIA/VIDEO/1960's/Wayne Newton - The Letter.mp4
RVTR207830,Bowling For Soup,Almost,0,no,yes,yes,yes,yes,,/Users/bobhopp/DJ MEDIA/VIDEO/2000's/Bowling For Soup - Almost.mp4
RVTR475823,Framing Hanley,Lollipop,0,no,yes,yes,yes,yes,,/Users/bobhopp/DJ MEDIA/VIDEO/2000's/Framing Hanley - Lollipop.mp4
RVTR617515,Dan & Shay,Glad You Exist,0,no,no,no,yes,no,,/Users/bobhopp/DJ MEDIA/VIDEO/COUNTRY/FILL/Dan & Shay - Glad You Exist.mp4
RVTR156069,Genesis,Turn It On Again,0,no,no,yes,yes,yes,,/Users/bobhopp/DJ MEDIA/VIDEO/1980's/Genesis - Turn It On Again.mp4
RVTR129818,Hall And Oates,One On One,0,no,no,no,yes,no,,/Users/bobhopp/DJ MEDIA/VIDEO/1980's/Hall And Oates - One On One.mp4
RVTR940972,Massive Attack,Teardrop,0,no,no,no,yes,yes,,/Users/bobhopp/DJ MEDIA/VIDEO/1990's/Massive Attack - Teardrop.mp4
RVTR327535,Ne-Yo,Beautiful Monster,0,no,yes,yes,yes,yes,,/Users/bobhopp/DJ MEDIA/VIDEO/2010's/Ne-Yo - Beautiful Monster.mp4
RVTR951624,Herbie Hancock,Chameleon,0,yes,yes,yes,yes,yes,cards_ready,/Users/bobhopp/DJ MEDIA/VIDEO/1970's/Herbie Hancock - Chameleon.mp4
RVTR571182,Meat Loaf,Bat Out of Hell,0,no,yes,no,yes,no,,/Users/bobhopp/DJ MEDIA/VIDEO/1970's/Meat Loaf - Bat Out of Hell.mp4
RVTR373817,My Chemical Romance,Sing,0,no,yes,yes,yes,yes,,/Users/bobhopp/DJ MEDIA/VIDEO/2010's/My Chemical Romance - Sing.mp4
RVTR459413,Zedd Ft. Foxes,Clarity,0,no,no,no,yes,no,,/Users/bobhopp/DJ MEDIA/VIDEO/2010's/Zedd feat. Foxes - Clarity.mp4
RVTR306458,Eric Church,Springsteen,0,no,yes,yes,yes,yes,,/Users/bobhopp/DJ MEDIA/VIDEO/COUNTRY/FILL/Eric Church - Springsteen.mp4
RVTR093927,Sugar Ray,Every Morning,0,no,yes,yes,yes,yes,,/Users/bobhopp/DJ MEDIA/VIDEO/1990's/Sugar Ray - Every Morning.mp4
RVTR618913,Nina Simone,Feeling Good,0,yes,yes,no,yes,no,cards_ready,/Users/bobhopp/DJ MEDIA/VIDEO/1960's/Nina Simone - Feeling Good.mp4
RVTR520186,Foreigner,Double Vision,0,no,yes,yes,yes,yes,,/Users/bobhopp/DJ MEDIA/VIDEO/1970's/Foreigner - Double Vision.mp4
RVTR270925,System Of A Down,Aerials,0,no,no,yes,yes,yes,,/Users/bobhopp/DJ MEDIA/VIDEO/2000's/System Of A Down - Aerials.mp4
RVTR311477,Tom Petty,You Got Lucky,0,no,no,no,yes,no,,/Users/bobhopp/DJ MEDIA/VIDEO/1980's/Tom Petty - You Got Lucky.mp4
RVTR327340,Kid Rock,American Bad Ass,0,no,yes,no,yes,no,,/Users/bobhopp/DJ MEDIA/VIDEO/2000's/Kid Rock - American Bad Ass.mp4
RVTR343341,Little Big Town,Pontoon,0,no,yes,yes,yes,yes,,/Users/bobhopp/DJ MEDIA/VIDEO/2010's/Little Big Town - Pontoon.mp4
RVTR534550,Genesis,Invisible Touch,0,no,yes,yes,yes,yes,,/Users/bobhopp/DJ MEDIA/VIDEO/1980's/Genesis - Invisible Touch.mp4
RVTR557817,Jefferson Starship,Sara,0,no,no,no,yes,no,,/Users/bobhopp/DJ MEDIA/VIDEO/1980's/Jefferson Starship - Sara.mp4
RVTR063630,Ben Dickey,Picture Cards,0,no,no,no,yes,no,review,/Users/bobhopp/DJ MEDIA/VIDEO/2010's/Ben Dickey - Picture Cards.mp4
RVTR674414,Toby Keith,American Ride,0,no,yes,yes,yes,yes,,/Users/bobhopp/DJ MEDIA/VIDEO/COUNTRY/FILL/Toby Keith - American Ride.mp4
RVTR269806,C.C. Catch,Soul Survivor,0,no,no,no,yes,no,,/Users/bobhopp/DJ MEDIA/VIDEO/1980's/C.C. Catch - Soul Survivor.mp4
RVTR830659,Robbie Nevil,C'est La Vie,0,no,no,yes,yes,yes,,/Users/bobhopp/DJ MEDIA/VIDEO/1980's/Robbie Nevil - C'est La Vie.mp4
RVTR010867,Beastie Boys,Body Movin',0,no,no,no,yes,no,review,/Users/bobhopp/DJ MEDIA/VIDEO/1990's/Beastie Boys - Body Movin'.mp4
RVTR105372,Nate Smith,World on Fire,0,no,no,yes,yes,yes,,/Users/bobhopp/DJ MEDIA/VIDEO/2000's/Nate Smith - World on Fire.mp4
RVTR104244,98 Degrees,Because Of You,0,no,no,yes,yes,yes,review,/Users/bobhopp/DJ MEDIA/VIDEO/1990's/98 Degrees - Because Of You.mp4
RVTR220468,Alice in Chains,Nutshell,0,no,yes,no,yes,no,review,/Users/bobhopp/DJ MEDIA/VIDEO/1990's/Alice in Chains - Nutshell.mp4
RVTR762479,Mötley Crüe,Shout At The Devil,0,no,no,no,yes,no,,/Users/bobhopp/DJ MEDIA/VIDEO/1990's/Mötley Crüe - Shout At The Devil.mp4
RVTR989856,Aloe Blacc,I Need A Dollar,0,no,no,no,yes,yes,review,/Users/bobhopp/DJ MEDIA/VIDEO/2010's/Aloe Blacc - I Need A Dollar.mp4
RVTR160373,Britney Spears,Criminal,0,no,no,yes,yes,yes,,/Users/bobhopp/DJ MEDIA/VIDEO/2010's/Britney Spears - Criminal.mp4
RVTR279581,Tinman,Eighteen Strings,0,no,no,no,yes,no,,/Users/bobhopp/DJ MEDIA/VIDEO/TECHNO/Tinman - Eighteen Strings.mp4
RVTR762996,Janet Jackson,I Want You,0,no,yes,yes,yes,yes,,/Users/bobhopp/DJ MEDIA/VIDEO/2000's/Janet Jackson - I Want You.mp4
RVTR069770,Auli'i Cravalho,How Far I,0,no,no,yes,yes,yes,review,/Users/bobhopp/DJ MEDIA/VIDEO/2010's/Auli'i Cravalho - How Far I.mp4
RVTR241155,Chris Cagle,Chicks Dig It,0,no,yes,yes,yes,yes,,/Users/bobhopp/DJ MEDIA/VIDEO/COUNTRY/FILL/Chris Cagle - Chicks Dig It.mp4
RVTR948802,Ph.D,I Won't Let You Down,0,no,no,no,yes,no,,/Users/bobhopp/DJ MEDIA/VIDEO/1980's/Ph.D - I Won't Let You Down.mp4
RVTR231811,When In Rome,The Promise,0,no,yes,yes,yes,yes,,/Users/bobhopp/DJ MEDIA/VIDEO/1980's/When In Rome - The Promise.mp4
RVTR793139,James Taylor,Copperline,0,no,yes,no,yes,no,,/Users/bobhopp/DJ MEDIA/VIDEO/1990's/James Taylor - Copperline.mp4
RVTR789609,Justin Bieber,Mistletoe,0,no,yes,yes,yes,yes,,/Users/bobhopp/DJ MEDIA/VIDEO/2010's/Justin Bieber - Mistletoe.mp4
RVTR247989,Paul Van Dyk,For An Angel,0,no,no,no,yes,no,,/Users/bobhopp/DJ MEDIA/VIDEO/TECHNO/Paul Van Dyk - For An Angel.mp4
RVTR917297,DJ Dean,Protect Your Ass,0,no,no,no,yes,no,,/Users/bobhopp/DJ MEDIA/VIDEO/TECHNO/DJ Dean - Protect Your Ass.mp4
RVTR753815,Joe Cocker,Cry Me A River,0,no,yes,yes,yes,yes,,/Users/bobhopp/DJ MEDIA/VIDEO/1970's/Joe Cocker - Cry Me A River.mp4
RVTR327744,Public Enemy,911 Is A Joke,0,no,no,no,yes,yes,,/Users/bobhopp/DJ MEDIA/VIDEO/1990's/Public Enemy - 911 Is A Joke.mp4
RVTR858061,Pharrell Williams,Happy,0,no,no,yes,yes,yes,,/Users/bobhopp/DJ MEDIA/VIDEO/2010's/Pharrell Williams - Happy.mp4
RVTR661784,Tiësto & Karol G,Don't Be Shy,0,no,no,no,yes,no,,/Users/bobhopp/DJ MEDIA/VIDEO/2020's/Tiësto & Karol G - Don't Be Shy.mp4
RVTR214259,Dierks Bentley,Sideways,0,no,yes,yes,yes,yes,,/Users/bobhopp/DJ MEDIA/VIDEO/COUNTRY/FILL/Dierks Bentley - Sideways.mp4
RVTR185234,The Beatles,Another Girl,0,yes,yes,no,yes,no,cards_ready,/Users/bobhopp/DJ MEDIA/VIDEO/1960's/The Beatles - Another Girl.mp4
RVTR293364,Badfinger,No Matter What,0,no,yes,yes,yes,yes,review,/Users/bobhopp/DJ MEDIA/VIDEO/1970's/Badfinger - No Matter What.mp4
RVTR767120,The Bangles,In Your Room,0,no,yes,yes,yes,yes,,/Users/bobhopp/DJ MEDIA/VIDEO/1980's/The Bangles - In Your Room.mp4
RVTR785459,Whitesnake,Slow An' Easy,0,no,no,no,yes,no,,/Users/bobhopp/DJ MEDIA/VIDEO/1980's/Whitesnake - Slow An' Easy.mp4
RVTR670045,Lita Ford,Shot Of Poison,0,no,yes,yes,yes,yes,,/Users/bobhopp/DJ MEDIA/VIDEO/1990's/Lita Ford - Shot Of Poison.mp4
RVTR508792,Trixter,One In A Million,0,no,yes,yes,yes,yes,,/Users/bobhopp/DJ MEDIA/VIDEO/1990's/Trixter - One In A Million.mp4
RVTR268551,Foo Fighters,Best Of You,0,no,yes,yes,yes,yes,,/Users/bobhopp/DJ MEDIA/VIDEO/2000's/Foo Fighters - Best Of You.mp4
RVTR971192,Demi Lovato,Heart Attack,0,no,yes,yes,yes,yes,,/Users/bobhopp/DJ MEDIA/VIDEO/2010's/Demi Lovato - Heart Attack.mp4
RVTR962810,Jason Derulo,Ridin' Solo,0,no,yes,yes,yes,yes,,/Users/bobhopp/DJ MEDIA/VIDEO/2010's/Jason Derulo - Ridin' Solo.mp4
RVTR315962,The Cowsills,Indian Lake,0,no,yes,yes,yes,yes,,/Users/bobhopp/DJ MEDIA/VIDEO/1960's/The Cowsills - Indian Lake.mp4
RVTR210804,Brooke White,Radio Radio,0,no,yes,no,yes,no,,/Users/bobhopp/DJ MEDIA/VIDEO/TECHNO/Brooke White - Radio Radio.mp4
RVTR994710,Rush,Closer To The Heart,0,no,yes,yes,yes,yes,,/Users/bobhopp/DJ MEDIA/VIDEO/1970's/Rush - Closer To The Heart.mp4
RVTR922717,Bertie Higgins,Key Largo,0,no,yes,yes,yes,yes,review,/Users/bobhopp/DJ MEDIA/VIDEO/1980's/Bertie Higgins - Key Largo.mp4
RVTR028454,Lou Gramm,True Blue Love,0,no,yes,yes,yes,yes,,/Users/bobhopp/DJ MEDIA/VIDEO/1980's/Lou Gramm - True Blue Love.mp4
RVTR429819,Billie Eilish,Lost Cause,0,no,no,yes,yes,yes,review,/Users/bobhopp/DJ MEDIA/VIDEO/2020's/Billie Eilish - Lost Cause.mp4
RVTR450976,Pussycat Dolls,Don't Cha,0,no,no,no,yes,no,,/Users/bobhopp/DJ MEDIA/VIDEO/TECHNO/Pussycat Dolls - Don't Cha.mp4
RVTR212236,Robbie Dupree,Steal Away,0,no,yes,yes,yes,yes,,/Users/bobhopp/DJ MEDIA/VIDEO/1980's/Robbie Dupree - Steal Away.mp4
RVTR228734,Various Artists,80's Mix,0,no,no,no,yes,no,,/Users/bobhopp/DJ MEDIA/VIDEO/1980's/Various Artists - 80's Mix.mp4
RVTR265383,Amber,This Is Your Night,0,no,no,yes,yes,yes,review,/Users/bobhopp/DJ MEDIA/VIDEO/1990's/Amber - This Is Your Night.mp4
RVTR894967,Three 6 Mafia,Lolli Lolli,0,no,no,yes,yes,yes,,/Users/bobhopp/DJ MEDIA/VIDEO/2000's/Three 6 Mafia - Lolli Lolli.mp4
RVTR190052,Blake Shelton,Neon Light,0,no,yes,yes,yes,yes,review,/Users/bobhopp/DJ MEDIA/VIDEO/2010's/Blake Shelton - Neon Light.mp4
RVTR619519,Natalie La Rose,Somebody,0,no,no,yes,yes,yes,,/Users/bobhopp/DJ MEDIA/VIDEO/2010's/Natalie La Rose - Somebody.MP4
RVTR296975,Eric Paslay,Friday Night,0,no,yes,yes,yes,yes,,/Users/bobhopp/DJ MEDIA/VIDEO/COUNTRY/FILL/Eric Paslay - Friday Night.mp4
RVTR986755,Dave Matthews Band,Crush,0,no,yes,yes,yes,yes,,/Users/bobhopp/DJ MEDIA/VIDEO/1990's/Dave Matthews Band - Crush.mp4
RVTR606308,Keri Hilson,Turnin Me On,0,no,no,yes,yes,yes,,/Users/bobhopp/DJ MEDIA/VIDEO/2000's/Keri Hilson - Turnin Me On.mp4
RVTR079303,Taylor Swift,Sparks Fly,0,no,yes,yes,yes,yes,,/Users/bobhopp/DJ MEDIA/VIDEO/2010's/Taylor Swift - Sparks Fly.mp4
RVTR351766,Gangstagrass,All For One,0,no,no,no,yes,no,,/Users/bobhopp/DJ MEDIA/VIDEO/COUNTRY/FILL/Gangstagrass - All For One.MP4
RVTR411580,The Judds,Mama He's Crazy,0,no,no,no,yes,no,,/Users/bobhopp/DJ MEDIA/VIDEO/COUNTRY/FILL/The Judds - Mama He's Crazy.mp4
RVTR168294,Cinderella,Nobody's Fool,0,no,no,yes,yes,yes,,/Users/bobhopp/DJ MEDIA/VIDEO/1980's/Cinderella - Nobody's Fool.mp4
RVTR413211,Roger Hodgson,Had A Dream,0,no,yes,yes,yes,yes,,/Users/bobhopp/DJ MEDIA/VIDEO/1980's/Roger Hodgson - Had A Dream.mp4
RVTR796580,Kenny Chesney,Wild Child,0,no,yes,yes,yes,yes,,/Users/bobhopp/DJ MEDIA/VIDEO/COUNTRY/FILL/Kenny Chesney - Wild Child.MP4
RVTR339269,LeAnn Rimes,How Do I Live,0,no,no,yes,yes,yes,,/Users/bobhopp/DJ MEDIA/VIDEO/COUNTRY/FILL/LeAnn Rimes - How Do I Live.mp4
RVTR311294,Eric Clapton,Forever Man,0,no,yes,yes,yes,yes,,/Users/bobhopp/DJ MEDIA/VIDEO/1980's/Eric Clapton - Forever Man.mp4
RVTR435130,Joe Jackson,Steppin' Out,0,no,yes,yes,yes,yes,,/Users/bobhopp/DJ MEDIA/VIDEO/1980's/Joe Jackson - Steppin' Out.mp4
RVTR582968,Kim Wilde,Kids in America,0,no,yes,yes,yes,yes,,/Users/bobhopp/DJ MEDIA/VIDEO/1980's/Kim Wilde - Kids in America.mp4
RVTR578807,Baby Bash & T Pain,Cyclone,0,no,no,no,yes,no,review,/Users/bobhopp/DJ MEDIA/VIDEO/2000's/Baby Bash & T Pain - Cyclone.mp4
RVTR099174,G Eazy & Kehlani,Good Life,0,no,no,no,yes,no,,/Users/bobhopp/DJ MEDIA/VIDEO/2010's/G Eazy & Kehlani - Good Life.mp4
RVTR860729,JayZ and Kanye West,Otis,0,no,no,no,yes,yes,,/Users/bobhopp/DJ MEDIA/VIDEO/2010's/JayZ and Kanye West - Otis.mp4
RVTR192128,Donny Osmond,Puppy Love,0,no,yes,yes,yes,yes,,/Users/bobhopp/DJ MEDIA/VIDEO/1970's/Donny Osmond - Puppy Love.mp4
RVTR617419,Elvis Crespo,Suavemente,0,no,yes,yes,yes,yes,,/Users/bobhopp/DJ MEDIA/VIDEO/1990's/Elvis Crespo - Suavemente.mp4
RVTR571756,Miranda Lambert,Bluebird,0,no,no,yes,yes,yes,,/Users/bobhopp/DJ MEDIA/VIDEO/COUNTRY/FILL/Miranda Lambert - Bluebird.mp4
RVTR467715,The Who,Pictures Of Lily,0,no,yes,yes,yes,no,,/Users/bobhopp/DJ MEDIA/VIDEO/1960's/The Who - Pictures Of Lily.mp4
RVTR299101,Auburn With Iyaz,La La La,0,no,no,no,yes,no,review,/Users/bobhopp/DJ MEDIA/VIDEO/2010's/Auburn With Iyaz - La La La.mp4
RVTR096085,Katy Perry ,Teenage Dream ,0,no,yes,yes,yes,yes,,/Users/bobhopp/DJ MEDIA/VIDEO/2010's/Katy Perry - Teenage Dream.mp4
RVTR026157,Carole King,It's Too Late,0,no,no,yes,yes,yes,,/Users/bobhopp/DJ MEDIA/VIDEO/1970's/Carole King - It's Too Late.mp4
RVTR473268,Alice Cooper,Hey Stoopid,0,no,yes,yes,yes,yes,review,/Users/bobhopp/DJ MEDIA/VIDEO/1990's/Alice Cooper - Hey Stoopid.mp4
RVTR785512,Jay Sean &  Lil Wayne,Down,0,no,no,no,yes,no,,/Users/bobhopp/DJ MEDIA/VIDEO/2000's/Jay Sean &  Lil Wayne - Down.mp4
RVTR517949,Luke Combs,Lovin' On You,0,no,no,yes,yes,yes,,/Users/bobhopp/DJ MEDIA/VIDEO/COUNTRY/FILL/Luke Combs - Lovin' on You .mp4
RVTR957832,Merle Haggard,Branded Man,0,no,no,no,yes,no,,/Users/bobhopp/DJ MEDIA/VIDEO/COUNTRY/FILL/Merle Haggard - Branded Man.mp4
RVTR241840,Thomas Wesley,Heartless,0,no,no,no,yes,no,,/Users/bobhopp/DJ MEDIA/VIDEO/2010's/Thomas Wesley - Heartless.mp4
RVTR741932,Vikki Carr,It Must Be Him,0,no,yes,yes,yes,no,,/Users/bobhopp/DJ MEDIA/VIDEO/1960's/Vikki Carr - It Must Be Him.mp4
RVTR888003,Rod Stewart,Infatuation,0,no,yes,yes,yes,yes,,/Users/bobhopp/DJ MEDIA/VIDEO/1980's/Rod Stewart - Infatuation.mp4
RVTR425386,The Cure,Pictures Of You,0,no,yes,yes,yes,yes,,/Users/bobhopp/DJ MEDIA/VIDEO/1990's/The Cure - Pictures Of You.mp4
RVTR279305,Tori Amos,Cornflake Girl,0,no,yes,no,yes,yes,,/Users/bobhopp/DJ MEDIA/VIDEO/1990's/Tori Amos - Cornflake Girl.mp4
RVTR120327,Maroon 5,Don't Wanna Know,0,no,no,yes,yes,yes,,/Users/bobhopp/DJ MEDIA/VIDEO/2010's/Maroon 5 - Don't Wanna Know.mp4
RVTR893518,Zac Brown Band,Homegrown,0,no,yes,yes,yes,yes,,/Users/bobhopp/DJ MEDIA/VIDEO/COUNTRY/FILL/Zac Brown Band - Homegrown.mp4
RVTR598732,Hurricane Chris,A Bay Bay,0,no,no,yes,yes,yes,,/Users/bobhopp/DJ MEDIA/VIDEO/2000's/Hurricane Chris - A Bay Bay.mp4
RVTR670573,Jason Derulo,Whatcha Say,0,no,yes,yes,yes,yes,,/Users/bobhopp/DJ MEDIA/VIDEO/2000's/Jason Derulo - Whatcha Say.mp4
RVTR766217,Kraftwerk,Tour de France,0,no,no,no,yes,no,,/Users/bobhopp/DJ MEDIA/VIDEO/2000's/Kraftwerk - Tour de France.mp4
RVTR665648,Crash Kings,Mountain Man,0,no,no,no,yes,no,,/Users/bobhopp/DJ MEDIA/VIDEO/2000's/Crash Kings - Mountain Man.mp4
RVTR560800,Coldplay,Lovers In Japan,0,no,no,no,yes,no,,/Users/bobhopp/DJ MEDIA/VIDEO/TECHNO/Coldplay - Lovers In Japan.mp4
RVTR137562,Kiss,Calling Doctor Love,0,no,no,no,yes,no,,/Users/bobhopp/DJ MEDIA/VIDEO/1980's/Kiss - Calling Doctor Love.mp4
RVTR024449,Craig Mack,Flava in Ya Ear,0,no,no,yes,yes,yes,,/Users/bobhopp/DJ MEDIA/VIDEO/1990's/Craig Mack - Flava in Ya Ear.mp4
RVTR053234,Train,Angel In Blue Jeans,0,no,yes,yes,yes,yes,,/Users/bobhopp/DJ MEDIA/VIDEO/2010's/Train - Angel In Blue Jeans.mp4
RVTR845024,Josh Turner,Time Is Love,0,no,yes,yes,yes,yes,,/Users/bobhopp/DJ MEDIA/VIDEO/COUNTRY/FILL/Josh Turner - Time Is Love.mp4
RVTR204490,Diana Ross,I'm Coming Out,0,no,yes,yes,yes,yes,,/Users/bobhopp/DJ MEDIA/VIDEO/1980's/Diana Ross - I'm Coming Out.mp4
RVTR443344,Ganja Baby,Michael Franti,0,no,no,no,yes,yes,,/Users/bobhopp/DJ MEDIA/VIDEO/2000's/Ganja Baby - Michael Franti.mp4
RVTR070074,Melanie Fiona,It Kills Me,0,no,no,yes,yes,yes,,/Users/bobhopp/DJ MEDIA/VIDEO/2010's/Melanie Fiona - It Kills Me.mp4
RVTR199060,Fun Factory,Close To You,0,no,no,yes,yes,yes,,/Users/bobhopp/DJ MEDIA/VIDEO/1990's/Fun Factory - Close To You.mp4
RVTR536500,Good Charlotte,The River,0,no,yes,yes,yes,yes,,/Users/bobhopp/DJ MEDIA/VIDEO/2000's/Good Charlotte - The River.mp4
RVTR348814,The Beatles,Free As A Bird,0,no,yes,yes,yes,yes,,/Users/bobhopp/DJ MEDIA/VIDEO/1970's/The Beatles - Free As A Bird.mp4
RVTR954778,Herbie Hancock,Autodrive,0,no,yes,no,yes,no,,/Users/bobhopp/DJ MEDIA/VIDEO/1980's/Herbie Hancock - Autodrive.mp4
RVTR940773,Joni Mitchell,California,0,no,yes,no,yes,no,,/Users/bobhopp/DJ MEDIA/VIDEO/1970's/Joni Mitchell - California.mp4
RVTR484020,Rainbow,Street Of Dreams,0,no,yes,yes,yes,yes,,/Users/bobhopp/DJ MEDIA/VIDEO/1980's/Rainbow - Street Of Dreams.mp4
RVTR992217,War,The World Is a Ghetto,0,no,yes,yes,yes,yes,,/Users/bobhopp/DJ MEDIA/VIDEO/1970's/War - The World Is a Ghetto.mp4
RVTR202804,China Crisis,Arizona Sky,0,no,no,no,yes,no,,/Users/bobhopp/DJ MEDIA/VIDEO/1980's/China Crisis - Arizona Sky.mp4
RVTR126671,Madonna,Deeper And Deeper,0,no,yes,yes,yes,yes,,/Users/bobhopp/DJ MEDIA/VIDEO/1990's/Madonna - Deeper And Deeper.mp4
RVTR888741,Jason Mraz,You And I Both,0,no,yes,no,yes,no,,/Users/bobhopp/DJ MEDIA/VIDEO/TECHNO/Jason Mraz - You And I Both.mp4
RVTR161115,Garth Brooks,Baton Rouge,0,no,no,no,yes,yes,,/Users/bobhopp/DJ MEDIA/VIDEO/1990's/Garth Brooks - Baton Rouge.mp4
RVTR643284,Beastie Boys,Off The Grid,0,no,yes,no,yes,no,review,/Users/bobhopp/DJ MEDIA/VIDEO/2000's/Beastie Boys - Off The Grid.mp4
RVTR322390,Eric Carmen,All By Myself,0,no,yes,yes,yes,yes,,/Users/bobhopp/DJ MEDIA/VIDEO/1970's/Eric Carmen - All By Myself.mp4
RVTR405228,Little Feat,Spanish Moon,0,no,no,no,yes,yes,,/Users/bobhopp/DJ MEDIA/VIDEO/1970's/Little Feat - Spanish Moon.mp4
RVTR881223,Depeche Mode,Strangelove,0,no,yes,yes,yes,yes,,/Users/bobhopp/DJ MEDIA/VIDEO/1980's/Depeche Mode - Strangelove.mp4
RVTR785533,Killers,Somebody Told Me,0,no,yes,yes,yes,yes,,/Users/bobhopp/DJ MEDIA/VIDEO/2000's/Killers - Somebody Told Me.mp4
RVTR942689,John Newman,Love Me Again,0,no,yes,yes,yes,yes,,/Users/bobhopp/DJ MEDIA/VIDEO/2010's/John Newman - Love Me Again.mp4
RVTR239659,Solange,Sandcastle Disco,0,no,no,no,yes,no,,/Users/bobhopp/DJ MEDIA/VIDEO/TECHNO/Solange - Sandcastle Disco.mp4
RVTR180966,The Chicks,Long Time Gone,0,no,no,no,yes,no,,/Users/bobhopp/DJ MEDIA/VIDEO/2000's/The Chicks - Long Time Gone.mp4
RVTR029735,Rainbow,Can't Happen Here,0,no,no,no,yes,no,,/Users/bobhopp/DJ MEDIA/VIDEO/1980's/Rainbow - Can't Happen Here.mp4
RVTR223160,Britney Spears,Stronger,0,no,yes,yes,yes,yes,,/Users/bobhopp/DJ MEDIA/VIDEO/2000's/Britney Spears - Stronger.mp4
RVTR442605,Snow Patrol,Chasing Cars,0,no,yes,yes,yes,yes,,/Users/bobhopp/DJ MEDIA/VIDEO/2000's/Snow Patrol - Chasing Cars.mp4
RVTR445372,Robin Thicke,Sex Therapy,0,no,yes,yes,yes,yes,,/Users/bobhopp/DJ MEDIA/VIDEO/2010's/Robin Thicke - Sex Therapy.mp4
RVTR003649,Las Ketchup,Ketchup Song,0,no,no,no,yes,no,,/Users/bobhopp/DJ MEDIA/VIDEO/TECHNO/Las Ketchup - Ketchup Song.mp4
RVTR638161,Sasha Dith,Russian Girls,0,no,no,no,yes,no,,/Users/bobhopp/DJ MEDIA/VIDEO/TECHNO/Sasha Dith - Russian Girls.mp4
RVTR609756,JP Cooper,September Song,0,no,no,no,yes,no,,/Users/bobhopp/DJ MEDIA/VIDEO/2010's/JP Cooper - September Song.mp4
RVTR515621,Tyler Farr,Redneck Crazy,0,no,yes,yes,yes,yes,,/Users/bobhopp/DJ MEDIA/VIDEO/2010's/Tyler Farr - Redneck Crazy.mp4
RVTR034895,The Weeknd,Take My Breath,0,no,no,yes,yes,yes,,/Users/bobhopp/DJ MEDIA/VIDEO/2020's/The Weeknd - Take My Breath.mp4
RVTR444888,Carrie Underwood,Undo It,0,no,yes,yes,yes,yes,,/Users/bobhopp/DJ MEDIA/VIDEO/COUNTRY/FILL/Carrie Underwood - Undo It.mp4
RVTR264475,Phil Collins,Take Me Home,0,no,yes,yes,yes,yes,,/Users/bobhopp/DJ MEDIA/VIDEO/1980's/Phil Collins - Take Me Home.mp4
RVTR269122,Sean Paul,Gimme The Light,0,no,yes,yes,yes,yes,,/Users/bobhopp/DJ MEDIA/VIDEO/2000's/Sean Paul - Gimme The Light.mp4
RVTR125063,Chase Rice,Ready Set Roll,0,no,yes,yes,yes,yes,,/Users/bobhopp/DJ MEDIA/VIDEO/2010's/Chase Rice - Ready Set Roll.MP4
RVTR177214,Selena Gomez,Come & Get It,0,no,yes,yes,yes,yes,,/Users/bobhopp/DJ MEDIA/VIDEO/2010's/Selena Gomez - Come & Get It.mp4
RVTR578735,Marie Osmond,Paper Roses,0,no,yes,yes,yes,yes,,/Users/bobhopp/DJ MEDIA/VIDEO/1970's/Marie Osmond - Paper Roses.mp4
RVTR622129,Michael Buble,Everything,0,no,no,yes,yes,yes,,/Users/bobhopp/DJ MEDIA/VIDEO/2000's/Michael Buble - Everything.MP4
RVTR130218,Heart,Stairway to Heaven,0,no,no,no,yes,no,,/Users/bobhopp/DJ MEDIA/VIDEO/2010's/Heart - Stairway to Heaven.mp4
RVTR343323,Parmalee,Close Your Eyes,0,no,no,yes,yes,yes,,/Users/bobhopp/DJ MEDIA/VIDEO/2010's/Parmalee - Close Your Eyes.mp4
RVTR839373,Chubb Rock,Treat Em Right,0,no,no,no,yes,no,,/Users/bobhopp/DJ MEDIA/VIDEO/1980's/Chubb Rock - Treat Em Right.mp4
RVTR572117,Laura Branigan,Solitaire,0,no,yes,yes,yes,yes,,/Users/bobhopp/DJ MEDIA/VIDEO/1980's/Laura Branigan - Solitaire.mp4
RVTR004361,Mulan,True to Your Heart,0,no,no,no,yes,yes,,/Users/bobhopp/DJ MEDIA/VIDEO/1990's/Mulan - True to Your Heart.mp4
RVTR450941,Alan Jackson,Country Boy,0,no,yes,yes,yes,yes,review,/Users/bobhopp/DJ MEDIA/VIDEO/COUNTRY/FILL/Alan Jackson - Country Boy.mp4
RVTR022479,Margaret Urlich,Escaping,0,no,no,no,yes,no,,/Users/bobhopp/DJ MEDIA/VIDEO/1980's/Margaret Urlich - Escaping.mp4
RVTR557318,Wiz Khalifa,See You Again,0,no,no,yes,yes,yes,,/Users/bobhopp/DJ MEDIA/VIDEO/2010's/Wiz Khalifa - See You Again.MP4
RVTR072042,Eddie Floyd,Knock On Wood,0,no,no,yes,yes,yes,,/Users/bobhopp/DJ MEDIA/VIDEO/1960's/Eddie Floyd - Knock On Wood.mp4
RVTR557693,Vandenberg,Burning Heart,0,no,yes,yes,yes,yes,,/Users/bobhopp/DJ MEDIA/VIDEO/1980's/Vandenberg - Burning Heart.mp4
RVTR113895,Trace Adkins,Then They Do,0,no,yes,yes,yes,yes,,/Users/bobhopp/DJ MEDIA/VIDEO/COUNTRY/FILL/Trace Adkins - Then They Do.mp4
RVTR296391,Young Love,Find A New Way,0,no,no,no,yes,no,,/Users/bobhopp/DJ MEDIA/VIDEO/TECHNO/Young Love - Find A New Way.mp4
RVTR475541,The Call,Let The Day Begin,0,no,yes,yes,yes,yes,,/Users/bobhopp/DJ MEDIA/VIDEO/1980's/The Call - Let The Day Begin.mp4
RVTR534594,Velvet Revolver,Slither,0,no,no,yes,yes,yes,,/Users/bobhopp/DJ MEDIA/VIDEO/2000's/Velvet Revolver - Slither.mp4
RVTR798195,John Lee Hooker,Boom Boom,0,no,no,yes,yes,yes,,/Users/bobhopp/DJ MEDIA/VIDEO/1960's/John Lee Hooker - Boom Boom.mp4
RVTR328071,Mötley Crüe,Kickstart My Heart,0,no,no,no,yes,no,,/Users/bobhopp/DJ MEDIA/VIDEO/1990's/Mötley Crüe - Kickstart My Heart.mp4
RVTR097173,Pink Floyd,Pulse Concert,0,no,no,no,yes,no,,/Users/bobhopp/DJ MEDIA/VIDEO/1990's/Pink Floyd - Pulse Concert.mp4
RVTR310934,Robin Beck,The First Time,0,no,no,no,yes,no,,/Users/bobhopp/DJ MEDIA/VIDEO/TECHNO/Robin Beck - The First Time.mp4
RVTR715143,Janis Joplin,One Good Man,0,no,yes,no,yes,no,,/Users/bobhopp/DJ MEDIA/VIDEO/1960's/Janis Joplin - One Good Man.mp4
RVTR747218,Audioslave,Original Fire,0,no,yes,yes,yes,yes,review,/Users/bobhopp/DJ MEDIA/VIDEO/2000's/Audioslave - Original Fire.mp4
RVTR730819,Clay Walker,Country Side,0,no,no,no,yes,no,,/Users/bobhopp/DJ MEDIA/VIDEO/COUNTRY/FILL/Clay Walker - Country Side.mp4
RVTR278810,Rozalla,Everybody's Free,0,no,no,yes,yes,yes,,/Users/bobhopp/DJ MEDIA/VIDEO/1990's/Rozalla - Everybody's Free.mp4
RVTR215376,Asher Roth,I Love College,0,no,yes,yes,yes,yes,review,/Users/bobhopp/DJ MEDIA/VIDEO/2000's/Asher Roth - I Love College.mp4
RVTR720430,Avril Lavigne,Girlfriend,0,no,yes,yes,yes,yes,review,/Users/bobhopp/DJ MEDIA/VIDEO/2000's/Avril Lavigne - Girlfriend.mp4
RVTR489795,Billie Eilish,Your Power,0,no,no,yes,yes,yes,review,/Users/bobhopp/DJ MEDIA/VIDEO/2020's/Billie Eilish - Your Power.mp4
RVTR425061,Doris Troy,Just One Look,0,no,no,yes,yes,yes,,/Users/bobhopp/DJ MEDIA/VIDEO/1960's/Doris Troy - Just One Look.mp4
RVTR468262,Sting,Message In A Bottle,0,no,yes,no,yes,no,,/Users/bobhopp/DJ MEDIA/VIDEO/1980's/Sting - Message In A Bottle.mp4
RVTR863109,Cole Swindell,Chillin' It,0,no,no,yes,yes,yes,,/Users/bobhopp/DJ MEDIA/VIDEO/2010's/Cole Swindell - Chillin' It.mp4
RVTR423118,SonReal,Everywhere We Go,0,no,no,no,yes,no,,/Users/bobhopp/DJ MEDIA/VIDEO/2010's/SonReal - Everywhere We Go.mp4
RVTR876729,Christina Milian,Am To Pm,0,no,no,yes,yes,yes,,/Users/bobhopp/DJ MEDIA/VIDEO/2000's/Christina Milian - Am To Pm.mp4
RVTR691063,Creed,With Arms Wide Open,0,no,yes,yes,yes,yes,,/Users/bobhopp/DJ MEDIA/VIDEO/2000's/Creed - With Arms Wide Open.mp4
RVTR429130,Los Lonely Boys,Diamonds,0,no,yes,no,yes,no,,/Users/bobhopp/DJ MEDIA/VIDEO/TECHNO/Los Lonely Boys - Diamonds.mp4
RVTR972840,Blake Shelton,Drink On It,0,no,yes,yes,yes,yes,review,/Users/bobhopp/DJ MEDIA/VIDEO/COUNTRY/FILL/Blake Shelton - Drink On It.mp4
RVTR267256,Jules And Raoul,Progress,0,no,no,no,yes,no,,/Users/bobhopp/DJ MEDIA/VIDEO/TECHNO/Jules And Raoul - Progress.mp4
RVTR947034,Andy Williams,Moon River,0,no,yes,no,yes,no,review,/Users/bobhopp/DJ MEDIA/VIDEO/1960's/Andy Williams - Moon River.mp4
RVTR740598,Metallica,The Unforgiven,0,no,yes,yes,yes,yes,,/Users/bobhopp/DJ MEDIA/VIDEO/1990's/Metallica - The Unforgiven.mp4
RVTR617184,J. Cole,For Whom The Bells,0,no,no,no,yes,no,,/Users/bobhopp/DJ MEDIA/VIDEO/2010's/J. Cole - For Whom The Bells.mp4
RVTR019415,Travie McCoy,Billionaire,0,no,yes,yes,yes,yes,,/Users/bobhopp/DJ MEDIA/VIDEO/2010's/Travie McCoy - Billionaire.mp4
RVTR608023,2 Live Crew,Move Somethin,0,no,no,no,yes,no,review,/Users/bobhopp/DJ MEDIA/VIDEO/1980's/2 Live Crew - Move Somethin.mp4
RVTR850303,David Lee Roth,Goin Crazy,0,no,no,no,yes,no,,/Users/bobhopp/DJ MEDIA/VIDEO/1980's/David Lee Roth - Goin Crazy.mp4
RVTR097514,Chris Brown,She Ain't You,0,no,no,yes,yes,yes,,/Users/bobhopp/DJ MEDIA/VIDEO/2010's/Chris Brown - She Ain't You.mp4
RVTR644205,Tim McGraw,Southern Girl,0,no,yes,yes,yes,yes,,/Users/bobhopp/DJ MEDIA/VIDEO/COUNTRY/FILL/Tim McGraw - Southern Girl.mp4
RVTR107132,Joe Tex,The Love You Save,0,no,no,yes,yes,yes,,/Users/bobhopp/DJ MEDIA/VIDEO/1960's/Joe Tex - The Love You Save.mp4
RVTR994879,Cyndi Lauper,True Colors,0,no,yes,yes,yes,yes,,/Users/bobhopp/DJ MEDIA/VIDEO/1980's/Cyndi Lauper - True Colors.mp4
RVTR260704,Kanye West,Love Lockdown,0,no,yes,yes,yes,yes,,/Users/bobhopp/DJ MEDIA/VIDEO/2000's/Kanye West - Love Lockdown.mp4
RVTR934423,Switchfoot,Meant To Live,0,no,yes,yes,yes,yes,,/Users/bobhopp/DJ MEDIA/VIDEO/2000's/Switchfoot - Meant To Live.mp4
RVTR588959,Nancy Sinatra,Sugar Town,0,no,yes,yes,yes,yes,,/Users/bobhopp/DJ MEDIA/VIDEO/1960's/Nancy Sinatra - Sugar Town.mp4
RVTR974919,The Pointer Sisters,Fire,0,no,yes,yes,yes,yes,,/Users/bobhopp/DJ MEDIA/VIDEO/1970's/The Pointer Sisters - Fire.mp4
RVTR192585,50 Cent f./Ne-Yo,Baby By Me,0,no,no,no,yes,no,review,/Users/bobhopp/DJ MEDIA/VIDEO/2000's/50 Cent f._Ne-Yo - Baby By Me.mp4
RVTR954641,The Weeknd,Six Feet Under,0,no,yes,yes,yes,yes,,/Users/bobhopp/DJ MEDIA/VIDEO/2010's/The Weeknd - Six Feet Under.mp4
RVTR030655,Little Feat,Dixie Chicken,0,no,no,no,yes,no,,/Users/bobhopp/DJ MEDIA/VIDEO/1970's/Little Feat - Dixie Chicken.mp4
RVTR679992,Cliff Richard,Devil Woman,0,no,yes,yes,yes,yes,,/Users/bobhopp/DJ MEDIA/VIDEO/1970's/Cliff Richard - Devil Woman.mp4
RVTR053883,Duran Duran,Save A Prayer,0,no,yes,yes,yes,yes,,/Users/bobhopp/DJ MEDIA/VIDEO/1980's/Duran Duran - Save A Prayer.mp4
RVTR384404,Love And Rockets,So Alive,0,no,yes,yes,yes,yes,,/Users/bobhopp/DJ MEDIA/VIDEO/1980's/Love And Rockets - So Alive.mp4
RVTR360340,Tim McGraw,My Best Friend,0,no,yes,yes,yes,yes,,/Users/bobhopp/DJ MEDIA/VIDEO/1990's/Tim McGraw - My Best Friend.mp4
RVTR492678,Frankie J,More Than Words,0,no,no,yes,yes,yes,,/Users/bobhopp/DJ MEDIA/VIDEO/2000's/Frankie J - More Than Words.mp4
RVTR646374,Korn,Twisted Transistor,0,no,yes,yes,yes,yes,,/Users/bobhopp/DJ MEDIA/VIDEO/2000's/Korn - Twisted Transistor.mp4
RVTR479871,The Black Keys,Lonely Boy,0,no,yes,yes,yes,yes,,/Users/bobhopp/DJ MEDIA/VIDEO/2010's/The Black Keys - Lonely Boy.mp4
RVTR595023,The Weeknd,Party Monster,0,no,yes,yes,yes,yes,,/Users/bobhopp/DJ MEDIA/VIDEO/2010's/The Weeknd - Party Monster.mp4
RVTR784563,Boyz II Men,On Bended Knee,0,no,yes,yes,yes,yes,,/Users/bobhopp/DJ MEDIA/VIDEO/1990's/Boyz II Men - On Bended Knee.mp4
RVTR137493,Brian Kelley,Beach Cowboy,0,no,no,no,yes,no,,/Users/bobhopp/DJ MEDIA/VIDEO/2020's/Brian Kelley - Beach Cowboy.mp4
RVTR988638,Janet Jackson,All For You,0,no,no,no,yes,no,,/Users/bobhopp/DJ MEDIA/VIDEO/TECHNO/Janet Jackson - All For You.mp4
RVTR616700,Johnny Cash,Sixteen Tons,0,no,no,no,yes,no,,/Users/bobhopp/DJ MEDIA/VIDEO/1980's/Johnny Cash - Sixteen Tons.mp4
RVTR817560,The Who,Love Reign O'er Me,0,no,no,yes,yes,no,,/Users/bobhopp/DJ MEDIA/VIDEO/1980's/The Who - Love Reign O'er Me.mp4
RVTR158562,Phantogram, When I'm Small,0,no,no,no,yes,yes,,/Users/bobhopp/DJ MEDIA/VIDEO/2000's/Phantogram - When I'm Small.mp4
RVTR377647,Snoop Dogg f./T-Pain,Boom,0,no,no,no,yes,no,,/Users/bobhopp/DJ MEDIA/VIDEO/2010's/Snoop Dogg f._T-Pain - Boom.mp4
RVTR763108,All Saints,Lady Marmalade,0,no,yes,no,yes,no,review,/Users/bobhopp/DJ MEDIA/VIDEO/TECHNO/All Saints - Lady Marmalade.mp4
RVTR671392,LL Cool J,One Shot At Love,0,no,no,no,yes,no,,/Users/bobhopp/DJ MEDIA/VIDEO/1980's/LL Cool J - One Shot At Love.mp4
RVTR297383,Ace Of Base,Beautiful Life,0,no,no,yes,yes,yes,review,/Users/bobhopp/DJ MEDIA/VIDEO/1990's/Ace Of Base - Beautiful Life.mp4
RVTR892037,Funky Green Dogs,Fired Up,0,no,no,yes,yes,yes,,/Users/bobhopp/DJ MEDIA/VIDEO/1990's/Funky Green Dogs - Fired Up.mp4
RVTR494490,The Outfield,Closer To Me,0,no,no,yes,yes,yes,,/Users/bobhopp/DJ MEDIA/VIDEO/1990's/The Outfield - Closer To Me.mp4
RVTR340005,Maroon 5,She Will Be Loved,0,no,yes,yes,yes,yes,,/Users/bobhopp/DJ MEDIA/VIDEO/2000's/Maroon 5 - She Will Be Loved.mp4
RVTR287747,Florida Georgia Line,Dirt,0,no,yes,yes,yes,yes,,/Users/bobhopp/DJ MEDIA/VIDEO/2010's/Florida Georgia Line - Dirt.MP4
RVTR552975,Janet Jackson,Rock With U,0,no,no,no,yes,no,,/Users/bobhopp/DJ MEDIA/VIDEO/TECHNO/Janet Jackson - Rock With U.mp4
RVTR853535,Shakespear's Sister,Stay,0,no,yes,yes,yes,yes,,/Users/bobhopp/DJ MEDIA/VIDEO/1990's/Shakespear's Sister - Stay.mp4
RVTR898508,Patsy Cline,She's Got You,0,no,no,yes,yes,yes,,/Users/bobhopp/DJ MEDIA/VIDEO/1960's/Patsy Cline - She's Got You.mp4
RVTR362946,The Seeds,Pushin Too Hard,0,no,no,no,yes,no,,/Users/bobhopp/DJ MEDIA/VIDEO/1960's/The Seeds - Pushin Too Hard.mp4
RVTR079944,Maria Taylor,A Good Start,0,no,no,no,yes,no,,/Users/bobhopp/DJ MEDIA/VIDEO/TECHNO/Maria Taylor - A Good Start.mp4
RVTR875331,Public Image Limited,Rise,0,no,no,no,yes,no,,/Users/bobhopp/DJ MEDIA/VIDEO/TECHNO/Public Image Limited - Rise.mp4
RVTR268166,Tv On The Radio,Golden Age,0,no,no,no,yes,no,,/Users/bobhopp/DJ MEDIA/VIDEO/TECHNO/Tv On The Radio - Golden Age.mp4
RVTR391027,Jade,Every Day Of The Week,0,no,yes,yes,yes,yes,,/Users/bobhopp/DJ MEDIA/VIDEO/1990's/Jade - Every Day Of The Week.mp4
RVTR209438,Goo Goo Dolls,Better Days,0,no,yes,yes,yes,yes,,/Users/bobhopp/DJ MEDIA/VIDEO/2000's/Goo Goo Dolls - Better Days.mp4
RVTR427807,Britney Spears,I Wanna Go,0,no,yes,yes,yes,yes,,/Users/bobhopp/DJ MEDIA/VIDEO/2010's/Britney Spears - I Wanna Go.mp4
RVTR441639,Bette Midler,Stay With Me,0,no,yes,no,yes,no,review,/Users/bobhopp/DJ MEDIA/VIDEO/1970's/Bette Midler - Stay With Me.mp4
RVTR074093,Chris Rea,The Road To Hell,0,no,no,no,yes,no,,/Users/bobhopp/DJ MEDIA/VIDEO/1980's/Chris Rea - The Road To Hell.mp4
RVTR937304,Ricky Skaggs,Country Boy,0,no,no,no,yes,yes,,/Users/bobhopp/DJ MEDIA/VIDEO/1980's/Ricky Skaggs - Country Boy.mp4
RVTR314834,Foo Fighters,Learn To Fly,0,no,yes,yes,yes,yes,,/Users/bobhopp/DJ MEDIA/VIDEO/2000's/Foo Fighters - Learn To Fly.mp4
RVTR058571,Kevin Rudolff,Let It Rock,0,no,no,no,yes,no,,/Users/bobhopp/DJ MEDIA/VIDEO/2000's/Kevin Rudolff - Let It Rock.mp4
RVTR099948,Kenny Chesney,Don't Blink,0,no,yes,yes,yes,yes,,/Users/bobhopp/DJ MEDIA/VIDEO/COUNTRY/FILL/Kenny Chesney - Don't Blink.mp4
RVTR712977,Prodigy,Smack My Bitch Up,0,no,yes,yes,yes,no,,/Users/bobhopp/DJ MEDIA/VIDEO/1990's/Prodigy - Smack My Bitch Up.mp4
RVTR027714,The Isley Brothers,Shout,0,no,no,yes,yes,yes,,/Users/bobhopp/DJ MEDIA/VIDEO/1950's/The Isley Brothers - Shout.mp4
RVTR586261,Kix,Don't Close Your Eyes,0,no,yes,yes,yes,yes,,/Users/bobhopp/DJ MEDIA/VIDEO/1980's/Kix - Don't Close Your Eyes.mp4
RVTR065791,Shanice,I Love Your Smile,0,no,yes,yes,yes,yes,,/Users/bobhopp/DJ MEDIA/VIDEO/1990's/Shanice - I Love Your Smile.mp4
RVTR404038,Leona Lewis,Bleeding Love,0,no,yes,yes,yes,yes,,/Users/bobhopp/DJ MEDIA/VIDEO/2000's/Leona Lewis - Bleeding Love.mp4
RVTR892582,Angels & Airwaves,Anxiety,0,no,no,no,yes,no,review,/Users/bobhopp/DJ MEDIA/VIDEO/2000's/Angels & Airwaves - Anxiety.mp4
RVTR580768,Ariana Savalas,No Diggity,0,no,no,no,yes,yes,review,/Users/bobhopp/DJ MEDIA/VIDEO/2010's/Ariana Savalas - No Diggity.mp4
RVTR193495,Miley Cyrus,We Can't Stop,0,no,no,yes,yes,yes,,/Users/bobhopp/DJ MEDIA/VIDEO/2010's/Miley Cyrus - We Can't Stop.mp4
RVTR825291,The Beatles,Babys In Black,0,no,no,no,yes,no,,/Users/bobhopp/DJ MEDIA/VIDEO/1960's/The Beatles - Babys In Black.mp4
RVTR860471,Flo & Eddie,Happy Together,0,no,no,no,yes,yes,draft,/Users/bobhopp/DJ MEDIA/VIDEO/1970's/Flo & Eddie - Happy Together.mp4
RVTR150782,The Jackson 5,I'll Be There,0,no,yes,yes,yes,no,,/Users/bobhopp/DJ MEDIA/VIDEO/1970's/The Jackson 5 - I'll Be There.mp4
RVTR733413,Kiss,Sure Know Something,0,no,yes,yes,yes,yes,,/Users/bobhopp/DJ MEDIA/VIDEO/1980's/Kiss - Sure Know Something.mp4
RVTR737047,Peter Murphy,Cuts You Up,0,no,yes,yes,yes,yes,,/Users/bobhopp/DJ MEDIA/VIDEO/1980's/Peter Murphy - Cuts You Up.mp4
RVTR076488,ZZ Top,I Need You Tonight,0,no,yes,no,yes,yes,,/Users/bobhopp/DJ MEDIA/VIDEO/1980's/ZZ Top - I Need You Tonight.mp4
RVTR080577,The Beatles,Come Together,0,no,no,yes,yes,yes,,/Users/bobhopp/DJ MEDIA/VIDEO/1960's/The Beatles - Come Together.mp4
RVTR811247,The Beatles,She Loves You,0,no,yes,yes,yes,yes,,/Users/bobhopp/DJ MEDIA/VIDEO/1960's/The Beatles - She Loves You.mp4
RVTR528576,Billy Vera,At This Moment,0,no,no,yes,yes,yes,review,/Users/bobhopp/DJ MEDIA/VIDEO/1980's/Billy Vera - At This Moment.mp4
RVTR510604,Set 'Em Up Joe,Vern Gosdin,0,no,no,no,yes,no,,/Users/bobhopp/DJ MEDIA/VIDEO/1980's/Set 'Em Up Joe - Vern Gosdin.mp4
RVTR791064,Tim McGraw,It's Your Love,0,no,yes,yes,yes,yes,,/Users/bobhopp/DJ MEDIA/VIDEO/1990's/Tim McGraw - It's Your Love.mp4
RVTR040946,Scorpions,I Can't Explain,0,no,no,no,yes,no,,/Users/bobhopp/DJ MEDIA/VIDEO/TECHNO/Scorpions - I Can't Explain.mp4
RVTR930261,Rainbow,Catch The Rainbow,0,no,no,no,yes,yes,,/Users/bobhopp/DJ MEDIA/VIDEO/1970's/Rainbow - Catch The Rainbow.mp4
RVTR218184,The Wanton Bishops, Oh Wee,0,no,no,no,yes,no,,/Users/bobhopp/DJ MEDIA/VIDEO/2010's/The Wanton Bishops - Oh Wee.mp4
RVTR477268,Florida Georgia Line,Stay,0,no,yes,yes,yes,yes,,/Users/bobhopp/DJ MEDIA/VIDEO/COUNTRY/FILL/Florida Georgia Line - Stay.mp4
RVTR654346,Jason Aldean,Amarillo Sky,0,no,yes,yes,yes,yes,,/Users/bobhopp/DJ MEDIA/VIDEO/COUNTRY/FILL/Jason Aldean - Amarillo Sky.mp4
RVTR219455,Narcotic Thrust,I Like It,0,no,no,no,yes,no,,/Users/bobhopp/DJ MEDIA/VIDEO/TECHNO/Narcotic Thrust - I Like It.mp4
RVTR800991,David Bowie,Day In Day Out,0,no,no,no,yes,yes,,/Users/bobhopp/DJ MEDIA/VIDEO/1980's/David Bowie - Day In Day Out.mp4
RVTR558436,Desireless,Voyage Voyage,0,no,no,no,yes,no,,/Users/bobhopp/DJ MEDIA/VIDEO/1980's/Desireless - Voyage Voyage.mp4
RVTR404129,Brian McKnight,Back At One,0,no,yes,yes,yes,yes,,/Users/bobhopp/DJ MEDIA/VIDEO/1990's/Brian McKnight - Back At One.mp4
RVTR225732,Lady Gaga,Million Reasons,0,no,yes,yes,yes,yes,,/Users/bobhopp/DJ MEDIA/VIDEO/2010's/Lady Gaga - Million Reasons.mp4
RVTR398135,Zara Larsson,I Would Like,0,no,yes,no,yes,no,,/Users/bobhopp/DJ MEDIA/VIDEO/2010's/Zara Larsson - I Would Like.mp4
RVTR090530,Kings Of Leon,Radioactive,0,no,yes,yes,yes,yes,,/Users/bobhopp/DJ MEDIA/VIDEO/2010's/Kings Of Leon - Radioactive.mp4
RVTR090255,Clay Walker,You Look Good,0,no,no,no,yes,no,,/Users/bobhopp/DJ MEDIA/VIDEO/COUNTRY/FILL/Clay Walker - You Look Good.mp4
RVTR546993,Small Faces,Itchycoo Park,0,no,yes,yes,yes,yes,,/Users/bobhopp/DJ MEDIA/VIDEO/1960's/Small Faces - Itchycoo Park.mp4
RVTR953106,Alanis Morissette,Ironic,0,no,yes,yes,yes,yes,review,/Users/bobhopp/DJ MEDIA/VIDEO/1990's/Alanis Morissette - Ironic.mp4
RVTR895869,Janet Jackson,Son Of A Gun,0,no,no,no,yes,no,,/Users/bobhopp/DJ MEDIA/VIDEO/2000's/Janet Jackson - Son Of A Gun.mp4
RVTR514274,The Gaslight Anthem,Drive,0,no,no,no,yes,no,,/Users/bobhopp/DJ MEDIA/VIDEO/2000's/The Gaslight Anthem - Drive.mp4
RVTR353854,Chris Janson,Buy Me A Boat,0,no,yes,yes,yes,yes,,/Users/bobhopp/DJ MEDIA/VIDEO/2010's/Chris Janson - Buy Me A Boat.mp4
RVTR856573,The Black Keys,Your Touch,0,no,yes,no,yes,no,,/Users/bobhopp/DJ MEDIA/VIDEO/2010's/The Black Keys - Your Touch.mp4
RVTR434037,Scotty Mccreery,You Time,0,no,no,yes,yes,yes,,/Users/bobhopp/DJ MEDIA/VIDEO/COUNTRY/FILL/Scotty Mccreery - You Time.mp4
RVTR371285,Patty Smyth,Never Enough,0,no,yes,yes,yes,yes,,/Users/bobhopp/DJ MEDIA/VIDEO/1980's/Patty Smyth - Never Enough.mp4
RVTR712339,Ryan Adams,Answering Bell,0,no,no,no,yes,yes,,/Users/bobhopp/DJ MEDIA/VIDEO/2000's/Ryan Adams - Answering Bell.mp4
RVTR919197,Stone Sour,Through Glass,0,no,yes,yes,yes,yes,,/Users/bobhopp/DJ MEDIA/VIDEO/2000's/Stone Sour - Through Glass.mp4
RVTR873744,Tim Mcgraw,My Little Girl,0,no,yes,yes,yes,yes,,/Users/bobhopp/DJ MEDIA/VIDEO/2000's/Tim Mcgraw - My Little Girl.mp4
RVTR508887,Franz Ferdinand,Walk Away,0,no,yes,no,yes,no,,/Users/bobhopp/DJ MEDIA/VIDEO/TECHNO/Franz Ferdinand - Walk Away.mp4
RVTR819065,The Hollies,Just One Look,0,no,yes,yes,yes,yes,,/Users/bobhopp/DJ MEDIA/VIDEO/1960's/The Hollies - Just One Look.mp4
RVTR346094,Adam Ant,Stand And Deliver,0,no,no,no,yes,no,review,/Users/bobhopp/DJ MEDIA/VIDEO/1980's/Adam Ant - Stand And Deliver.mp4
RVTR403567,Heart,Who Will You Run To,0,no,yes,yes,yes,yes,,/Users/bobhopp/DJ MEDIA/VIDEO/1980's/Heart - Who Will You Run To.mp4
RVTR614623,Damn Yankees,Coming Of Age,0,no,yes,yes,yes,yes,,/Users/bobhopp/DJ MEDIA/VIDEO/1990's/Damn Yankees - Coming Of Age.mp4
RVTR668128,Rae Sremmurd,No Flex Zone,0,no,yes,yes,yes,yes,,/Users/bobhopp/DJ MEDIA/VIDEO/2010's/Rae Sremmurd - No Flex Zone.mp4
RVTR219291,The Ataris,Boys Of Summer,0,no,no,no,yes,no,,/Users/bobhopp/DJ MEDIA/VIDEO/2000's/The Ataris - Boys Of Summer.mp4
RVTR949405,Rachel Platten,Fight Song,0,no,yes,yes,yes,yes,,/Users/bobhopp/DJ MEDIA/VIDEO/2010's/Rachel Platten - Fight Song.mp4
RVTR124169,Lee Ritenour,Mr Briefcase,0,no,no,no,yes,no,,/Users/bobhopp/DJ MEDIA/VIDEO/1980's/Lee Ritenour - Mr Briefcase.mp4
RVTR058557,Smashing Pumpkins,Disarm,0,no,no,no,yes,no,,/Users/bobhopp/DJ MEDIA/VIDEO/TECHNO/Smashing Pumpkins - Disarm.mp4
RVTR407725,Joan Jett,Concert Footage,0,no,no,no,yes,no,,/Users/bobhopp/DJ MEDIA/VIDEO/1980's/Joan Jett - Concert Footage.mp4
RVTR925789,Collage,I'll Be Loving You,0,no,no,yes,yes,yes,,/Users/bobhopp/DJ MEDIA/VIDEO/1990's/Collage - I'll Be Loving You.mp4
RVTR985626,T.I. Ft. Lil Wayne,Wit Me,0,no,no,no,yes,no,,/Users/bobhopp/DJ MEDIA/VIDEO/2010's/T.I. feat. Lil Wayne - Wit Me.mp4
RVTR920407,The Police,Synchronicity,0,no,yes,yes,yes,yes,,/Users/bobhopp/DJ MEDIA/VIDEO/1980's/The Police - Synchronicity.mp4
RVTR337861,Kenny Chesney,Pirate Flag,0,no,yes,yes,yes,yes,,/Users/bobhopp/DJ MEDIA/VIDEO/COUNTRY/FILL/Kenny Chesney - Pirate Flag.mp4
RVTR375320,Lady Antebellum,Downtown,0,no,yes,yes,yes,yes,,/Users/bobhopp/DJ MEDIA/VIDEO/COUNTRY/FILL/Lady Antebellum - Downtown.mp4
RVTR112083,Toby Keith,Made In America,0,no,yes,yes,yes,yes,,/Users/bobhopp/DJ MEDIA/VIDEO/COUNTRY/FILL/Toby Keith - Made In America.mp4
RVTR880058,Aerosmith,Hole In My Soul,0,no,yes,yes,yes,yes,review,/Users/bobhopp/DJ MEDIA/VIDEO/1990's/Aerosmith - Hole In My Soul.mp4
RVTR635717,Oingo Boingo,Private Life,0,no,yes,no,yes,no,,/Users/bobhopp/DJ MEDIA/VIDEO/1980's/Oingo Boingo - Private Life.mp4
RVTR237907,Miley Cyrus,Can't Be Tamed,0,no,no,yes,yes,yes,,/Users/bobhopp/DJ MEDIA/VIDEO/2010's/Miley Cyrus - Can't Be Tamed.mp4
RVTR553850,Sean Paul,She Doesn't Mind,0,no,no,yes,yes,yes,,/Users/bobhopp/DJ MEDIA/VIDEO/2010's/Sean Paul - She Doesn't Mind.mp4
RVTR601535,Ke$ha  ,Your Love Is My Drug,0,no,yes,yes,yes,yes,,/Users/bobhopp/DJ MEDIA/VIDEO/2010's/Ke$ha - Your Love Is My Drug.mp4
RVTR347792,Rolling Stones,Shattered,0,no,yes,yes,yes,no,,/Users/bobhopp/DJ MEDIA/VIDEO/1970's/Rolling Stones - Shattered.mp4
RVTR694491,Soul Makossa,Manu Dibango,0,no,no,no,yes,yes,,/Users/bobhopp/DJ MEDIA/VIDEO/1970's/Soul Makossa - Manu Dibango.mp4
RVTR843811,Bryan Ferry,Slave To Love,0,no,yes,no,yes,no,,/Users/bobhopp/DJ MEDIA/VIDEO/1980's/Bryan Ferry - Slave To Love.mp4
RVTR843523,Ashland Craft,I Smoke Weed,0,no,no,no,yes,yes,review,/Users/bobhopp/DJ MEDIA/VIDEO/2020's/Ashland Craft - I Smoke Weed.mp4
RVTR503147,Sweet,Love Is Like Oxygen,0,no,no,yes,yes,yes,,/Users/bobhopp/DJ MEDIA/VIDEO/1970's/Sweet - Love Is Like Oxygen.mp4
RVTR510166,Breathe Carolina,Blackout,0,no,no,yes,yes,yes,,/Users/bobhopp/DJ MEDIA/VIDEO/2010's/Breathe Carolina - Blackout.mp4
RVTR119895,Lindsey Stirling,Artemis,0,no,no,no,yes,yes,,/Users/bobhopp/DJ MEDIA/VIDEO/2010's/Lindsey Stirling - Artemis.mp4
RVTR030307,Rihanna,Russian Roulette,0,no,yes,yes,yes,yes,,/Users/bobhopp/DJ MEDIA/VIDEO/2000's/Rihanna - Russian Roulette.mp4
RVTR854940,Genesis,Anything She Does,0,no,yes,no,yes,yes,,/Users/bobhopp/DJ MEDIA/VIDEO/1980's/Genesis - Anything She Does.mp4
RVTR337089,Pat Benatar,Precious Time,0,no,yes,no,yes,yes,,/Users/bobhopp/DJ MEDIA/VIDEO/1980's/Pat Benatar - Precious Time.mp4
RVTR827254,Weezer,Perfect Situation,0,no,yes,yes,yes,yes,,/Users/bobhopp/DJ MEDIA/VIDEO/2000's/Weezer - Perfect Situation.mp4
RVTR539799,Pop Evil,Monster You Made,0,no,no,no,yes,no,,/Users/bobhopp/DJ MEDIA/VIDEO/2010's/Pop Evil - Monster You Made.mp4
RVTR790059,Tyler Childers,All Your'n,0,no,no,no,yes,no,,/Users/bobhopp/DJ MEDIA/VIDEO/2010's/Tyler Childers - All Your'n.mp4
RVTR466311,VINAI x Le Pedre,I Was Made,0,no,no,no,yes,no,,/Users/bobhopp/DJ MEDIA/VIDEO/2020's/VINAI x Le Pedre - I Was Made.mp4
RVTR345887,Gloria Estefan,Here We Are,0,no,yes,yes,yes,yes,,/Users/bobhopp/DJ MEDIA/VIDEO/1980's/Gloria Estefan - Here We Are.mp4
RVTR525657,Sheryl Crow,All I Wanna Do,0,no,yes,yes,yes,yes,,/Users/bobhopp/DJ MEDIA/VIDEO/1990's/Sheryl Crow - All I Wanna Do.mp4
RVTR291507,Kenny Chesney,Summertime,0,no,yes,yes,yes,yes,,/Users/bobhopp/DJ MEDIA/VIDEO/2000's/Kenny Chesney - Summertime.MP4
RVTR956282,Hunter Hayes,I Want Crazy,0,no,no,yes,yes,yes,,/Users/bobhopp/DJ MEDIA/VIDEO/2010's/Hunter Hayes - I Want Crazy.mp4
RVTR934795,Lukas Graham,Love Someone,0,no,yes,yes,yes,yes,,/Users/bobhopp/DJ MEDIA/VIDEO/2010's/Lukas Graham - Love Someone.mp4
RVTR020357,Marsha Ambrosius,Far Away,0,no,yes,yes,yes,yes,,/Users/bobhopp/DJ MEDIA/VIDEO/2010's/Marsha Ambrosius - Far Away.mp4
RVTR829180,Dropping Daylight,Tell Me,0,no,no,no,yes,no,,/Users/bobhopp/DJ MEDIA/VIDEO/TECHNO/Dropping Daylight - Tell Me.mp4
RVTR903956,Jason Mraz,I Won't Give Up,0,no,no,yes,yes,yes,,/Users/bobhopp/DJ MEDIA/VIDEO/2010's/Jason Mraz - I Won't Give Up.mp4
RVTR994652,Sugarland,Stuck Like Glue,0,no,yes,yes,yes,yes,,/Users/bobhopp/DJ MEDIA/VIDEO/COUNTRY/FILL/Sugarland - Stuck Like Glue.mp4
RVTR620566,Survivor,I Can't Hold Back,0,no,yes,yes,yes,yes,,/Users/bobhopp/DJ MEDIA/VIDEO/1980's/Survivor - I Can't Hold Back.mp4
RVTR935402,Jonas Brothers,Burnin' Up,0,no,yes,yes,yes,yes,,/Users/bobhopp/DJ MEDIA/VIDEO/2000's/Jonas Brothers - Burnin' Up.mp4
RVTR179860,Jomanda,Got A Love For You,0,no,no,yes,yes,yes,,/Users/bobhopp/DJ MEDIA/VIDEO/1990's/Jomanda - Got A Love For You.mp4
RVTR623340,Danity Kane & Diddy,Damaged,0,no,no,no,yes,no,,/Users/bobhopp/DJ MEDIA/VIDEO/2000's/Danity Kane & Diddy - Damaged.mp4
RVTR798629,Toby Keith,I Love This Bar,0,no,yes,yes,yes,yes,,/Users/bobhopp/DJ MEDIA/VIDEO/2000's/Toby Keith - I Love This Bar.mp4
RVTR109168,The Beatles,Martha My Dear,0,no,yes,no,yes,no,,/Users/bobhopp/DJ MEDIA/VIDEO/1960's/The Beatles - Martha My Dear.mp4
RVTR149668,Cheryl Lynn,Got To Be Real,0,no,yes,yes,yes,yes,,/Users/bobhopp/DJ MEDIA/VIDEO/1970's/Cheryl Lynn - Got To Be Real.mp4
RVTR776592,Natalie Merchant,Carnival,0,no,yes,yes,yes,yes,,/Users/bobhopp/DJ MEDIA/VIDEO/1990's/Natalie Merchant - Carnival.mp4
RVTR762517,Tevin Campbell,Can We Talk,0,no,yes,yes,yes,yes,,/Users/bobhopp/DJ MEDIA/VIDEO/1990's/Tevin Campbell - Can We Talk.mp4
RVTR809497,Michael Buble,Feeling Good,0,no,no,no,yes,no,,/Users/bobhopp/DJ MEDIA/VIDEO/TECHNO/Michael Buble - Feeling Good.mp4
RVTR465197,Madonna,Express Yourself,0,no,yes,yes,yes,yes,,/Users/bobhopp/DJ MEDIA/VIDEO/1980's/Madonna - Express Yourself.mp4
RVTR487780,K.D. Lang,Constant Craving,0,no,yes,yes,yes,yes,,/Users/bobhopp/DJ MEDIA/VIDEO/1990's/K.D. Lang - Constant Craving.mp4
RVTR154282,Metallica,Until It Sleeps,0,no,no,yes,yes,yes,,/Users/bobhopp/DJ MEDIA/VIDEO/1990's/Metallica - Until It Sleeps.mp4
RVTR455907,Kip Moore,Hey Pretty Girl,0,no,yes,yes,yes,yes,,/Users/bobhopp/DJ MEDIA/VIDEO/COUNTRY/FILL/Kip Moore - Hey Pretty Girl.mp4
RVTR420026,Van Halen,Full Concert 1983,0,no,no,no,yes,no,,/Users/bobhopp/DJ MEDIA/VIDEO/1980's/Van Halen - Full Concert 1983.mp4
RVTR247040,Outkast,Dracula's Wedding,0,no,no,no,yes,yes,,/Users/bobhopp/DJ MEDIA/VIDEO/2000's/Outkast - Dracula's Wedding.mp4
RVTR015394,Panic! At The Disco,Lying Is The Most Fun A Girl Can Have Without Taking Off Her Clothes,0,no,no,no,yes,no,,/Users/bobhopp/DJ MEDIA/VIDEO/TECHNO/Panic! At The Disco - Lying Is The Most Fun A Girl Can Have Without Taking Off Her Clothes.mp4
RVTR528296,Survivor,Eye Of The Tiger,0,no,yes,yes,yes,yes,,/Users/bobhopp/DJ MEDIA/VIDEO/1980's/Survivor - Eye Of The Tiger.mp4
RVTR058840,World Party,Ship of Fools,0,no,no,yes,yes,yes,,/Users/bobhopp/DJ MEDIA/VIDEO/1980's/World Party - Ship of Fools.mp4
RVTR400503,Peter Wolf,Come As You Are,0,no,no,yes,yes,yes,,/Users/bobhopp/DJ MEDIA/VIDEO/1980's/Peter Wolf - Come As You Are.mp4
RVTR343232,Brownstone,If You Love Me,0,no,yes,yes,yes,yes,,/Users/bobhopp/DJ MEDIA/VIDEO/1990's/Brownstone - If You Love Me.mp4
RVTR135906,Britney Spears,Everytime,0,no,yes,yes,yes,yes,,/Users/bobhopp/DJ MEDIA/VIDEO/2000's/Britney Spears - Everytime.mp4
RVTR079192,Willow Smith,Whip My Hair,0,no,no,no,yes,no,,/Users/bobhopp/DJ MEDIA/VIDEO/2010's/Willow Smith - Whip My Hair.mp4
RVTR524418,John Lennon,Instant Karma,0,no,no,no,yes,no,,/Users/bobhopp/DJ MEDIA/VIDEO/1970's/John Lennon - Instant Karma.mp4
RVTR438768,Katy Perry,I Kissed A Girl,0,no,yes,yes,yes,yes,,/Users/bobhopp/DJ MEDIA/VIDEO/2000's/Katy Perry - I Kissed A Girl.mp4
RVTR262413,The Beatles,From Me To You,0,no,yes,yes,yes,yes,,/Users/bobhopp/DJ MEDIA/VIDEO/1960's/The Beatles - From Me To You.mp4
RVTR541128,Poison,Mama's Fallen Angel,0,no,no,no,yes,no,,/Users/bobhopp/DJ MEDIA/VIDEO/1980's/Poison - Mama's Fallen Angel.mp4
RVTR427038,The Pogues,Dirty Old Town,0,no,no,no,yes,yes,,/Users/bobhopp/DJ MEDIA/VIDEO/1980's/The Pogues - Dirty Old Town.mp4
RVTR334046,Run DMC,Down With The King,0,no,no,no,yes,no,,/Users/bobhopp/DJ MEDIA/VIDEO/1990's/Run DMC - Down With The King.mp4
RVTR745147,Taylor Swift,All Too Well,0,no,yes,yes,yes,yes,,/Users/bobhopp/DJ MEDIA/VIDEO/2010's/Taylor Swift - All Too Well.mp4
RVTR203636,The Dartells,Hot Pastrami,0,no,no,yes,yes,yes,,/Users/bobhopp/DJ MEDIA/VIDEO/1960's/The Dartells - Hot Pastrami.mp4
RVTR215390,The Who,I Can See For Miles,0,no,yes,yes,yes,yes,,/Users/bobhopp/DJ MEDIA/VIDEO/1960's/The Who - I Can See For Miles.mp4
RVTR557269,Orianthi,According To You,0,no,yes,yes,yes,yes,,/Users/bobhopp/DJ MEDIA/VIDEO/2010's/Orianthi - According To You.mp4
RVTR778674,Pink,Blow Me One Last Kiss,0,no,no,no,yes,no,,/Users/bobhopp/DJ MEDIA/VIDEO/2010's/Pink - Blow Me One Last Kiss.mp4
RVTR204875,Kool & The Gang,Open Sesame,0,no,no,no,yes,no,,/Users/bobhopp/DJ MEDIA/VIDEO/1980's/Kool & The Gang - Open Sesame.mp4
RVTR660334,Roxy Music,More Than This,0,no,yes,no,yes,no,,/Users/bobhopp/DJ MEDIA/VIDEO/1980's/Roxy Music - More Than This.mp4
RVTR284543,Mary J. Blige,No More Drama,0,no,yes,yes,yes,yes,,/Users/bobhopp/DJ MEDIA/VIDEO/2000's/Mary J. Blige - No More Drama.mp4
RVTR297053,Sugababes,Push The Button,0,no,no,no,yes,no,,/Users/bobhopp/DJ MEDIA/VIDEO/2000's/Sugababes - Push The Button.mp4
RVTR740808,Lil Jon Ft. Tyga,Bend Ova,0,no,no,no,yes,no,,/Users/bobhopp/DJ MEDIA/VIDEO/2010's/Lil Jon feat. Tyga - Bend Ova.MP4
RVTR949484,Miranda Cosgrove,Kissin U,0,no,yes,yes,yes,yes,,/Users/bobhopp/DJ MEDIA/VIDEO/2010's/Miranda Cosgrove - Kissin U.mp4
RVTR386767,Culture Beat,Got To Get It,0,no,no,no,yes,no,,/Users/bobhopp/DJ MEDIA/VIDEO/TECHNO/Culture Beat - Got To Get It.mp4
RVTR531352,Carl Perkins,Glad All Over,0,no,no,no,yes,no,,/Users/bobhopp/DJ MEDIA/VIDEO/1950's/Carl Perkins - Glad All Over.mp4
RVTR201576,Jefferson Airplane,Martha,0,no,yes,no,yes,no,,/Users/bobhopp/DJ MEDIA/VIDEO/1960's/Jefferson Airplane - Martha.mp4
RVTR774840,5 Seconds Of Summer,Easier,0,no,no,yes,yes,yes,review,/Users/bobhopp/DJ MEDIA/VIDEO/2010's/5 Seconds Of Summer - Easier.mp4
RVTR664059,Evanescence,What You Want,0,no,yes,yes,yes,yes,,/Users/bobhopp/DJ MEDIA/VIDEO/2010's/Evanescence - What You Want.mp4
RVTR323525,Miley Cyrus,Wrecking Ball,0,no,yes,yes,yes,yes,,/Users/bobhopp/DJ MEDIA/VIDEO/2010's/Miley Cyrus - Wrecking Ball.mp4
RVTR843278,One Direction,Drag Me Down,0,no,yes,yes,yes,yes,,/Users/bobhopp/DJ MEDIA/VIDEO/2010's/One Direction - Drag Me Down.mp4
RVTR067836,Almost Monday,Cool Enough,0,no,no,no,yes,no,review,/Users/bobhopp/DJ MEDIA/VIDEO/2020's/Almost Monday - Cool Enough.mp4
RVTR115878,Nate Smith,Whiskey On You,0,no,no,yes,yes,yes,,/Users/bobhopp/DJ MEDIA/VIDEO/2020's/Nate Smith - Whiskey On You.mp4
RVTR024768,Arcade Fire,Ready To Start,0,no,yes,no,yes,no,review,/Users/bobhopp/DJ MEDIA/VIDEO/2010's/Arcade Fire - Ready To Start.mp4
RVTR993775,Deftones,Hole In The Earth,0,no,no,no,yes,no,,/Users/bobhopp/DJ MEDIA/VIDEO/TECHNO/Deftones - Hole In The Earth.mp4
RVTR012748,Limahl,Never Ending Story,0,no,yes,no,yes,no,,/Users/bobhopp/DJ MEDIA/VIDEO/1980's/Limahl - Never Ending Story.mp4
RVTR819481,Veruca Salt,Volcano Girls,0,no,no,no,yes,no,,/Users/bobhopp/DJ MEDIA/VIDEO/1990's/Veruca Salt - Volcano Girls.mp4
RVTR382875,Britney Spears,Gimme More,0,no,yes,yes,yes,yes,,/Users/bobhopp/DJ MEDIA/VIDEO/2000's/Britney Spears - Gimme More.mp4
RVTR621381,Michael Jackson,This Is It,0,no,yes,no,yes,no,,/Users/bobhopp/DJ MEDIA/VIDEO/2000's/Michael Jackson - This Is It.mp4
RVTR554621,Drake f./Lil Wayne,Miss Me,0,no,no,no,yes,no,,/Users/bobhopp/DJ MEDIA/VIDEO/2010's/Drake f._Lil Wayne - Miss Me.mp4
RVTR833722,Janet Jackson,Made For Now,0,no,no,no,yes,yes,,/Users/bobhopp/DJ MEDIA/VIDEO/2010's/Janet Jackson - Made For Now.mp4
RVTR377579,Fleetwood Mac,Over My Head,0,no,yes,yes,yes,yes,,/Users/bobhopp/DJ MEDIA/VIDEO/1970's/Fleetwood Mac - Over My Head.mp4
RVTR268386,Erasure,Take A Chance On Me,0,no,yes,no,yes,no,,/Users/bobhopp/DJ MEDIA/VIDEO/1990's/Erasure - Take A Chance On Me.mp4
RVTR779051,Hannah Ellis,Wine Country,0,no,no,no,yes,no,,/Users/bobhopp/DJ MEDIA/VIDEO/2010's/Hannah Ellis - Wine Country.mp4
RVTR961740,Clay Walker,Rock The Radio,0,no,no,no,yes,no,,/Users/bobhopp/DJ MEDIA/VIDEO/COUNTRY/FILL/Clay Walker - Rock The Radio.mp4
RVTR316585,Luke Bryan,Roller Coaster,0,no,yes,yes,yes,yes,,/Users/bobhopp/DJ MEDIA/VIDEO/COUNTRY/FILL/Luke Bryan - Roller Coaster.MP4
RVTR081362,Frank Sinatra,Summer Wind,0,no,yes,yes,yes,yes,,/Users/bobhopp/DJ MEDIA/VIDEO/1960's/Frank Sinatra - Summer Wind.mp4
RVTR757845,Berlin,Take My Breath Away,0,no,no,yes,yes,yes,review,/Users/bobhopp/DJ MEDIA/VIDEO/1980's/Berlin - Take My Breath Away.mp4
RVTR848003,Blackstreet,Don't Leave Me,0,no,no,no,yes,no,review,/Users/bobhopp/DJ MEDIA/VIDEO/TECHNO/Blackstreet - Don't Leave Me.mp4
RVTR511876,Wayne Fontana,Game of Love,0,yes,no,yes,yes,yes,cards_ready,/Users/bobhopp/DJ MEDIA/VIDEO/1960's/Wayne Fontana - Game of Love.mp4
RVTR332686,Bad Company,Ready for Love,0,no,yes,no,yes,yes,review,/Users/bobhopp/DJ MEDIA/VIDEO/1970's/Bad Company - Ready for Love.mp4
RVTR285043,Expose,Point Of No Return,0,no,no,yes,yes,yes,,/Users/bobhopp/DJ MEDIA/VIDEO/1980's/Expose - Point Of No Return.mp4
RVTR453323,"Tate McRae, Khalid",Working,0,no,no,no,yes,no,,"/Users/bobhopp/DJ MEDIA/VIDEO/2020's/Tate McRae, Khalid - Working.mp4"
RVTR445922,Fountains Of Wayne,Saliva,0,no,no,no,yes,no,,/Users/bobhopp/DJ MEDIA/VIDEO/TECHNO/Fountains Of Wayne - Saliva.mp4
RVTR270125,Bryan Adams,It's Only Love,0,no,no,no,yes,no,,/Users/bobhopp/DJ MEDIA/VIDEO/1980's/Bryan Adams - It's Only Love.mp4
RVTR730507,Larkin Poe,Preachin' Blues,0,no,no,no,yes,yes,,/Users/bobhopp/DJ MEDIA/VIDEO/2010's/Larkin Poe - Preachin' Blues.mp4
RVTR913747,Gwen Stefani,Early Winter,0,no,yes,no,yes,no,,/Users/bobhopp/DJ MEDIA/VIDEO/TECHNO/Gwen Stefani - Early Winter.mp4
RVTR882636,Rise Against,Ready To Fall,0,no,yes,no,yes,no,,/Users/bobhopp/DJ MEDIA/VIDEO/TECHNO/Rise Against - Ready To Fall.mp4
RVTR904344,Ricky Nelson,Garden Party,0,no,no,no,yes,yes,,/Users/bobhopp/DJ MEDIA/VIDEO/1970's/Ricky Nelson - Garden Party.mp4
RVTR358317,Enrique Iglesias,Bailamos,0,no,no,yes,yes,yes,,/Users/bobhopp/DJ MEDIA/VIDEO/1990's/Enrique Iglesias - Bailamos.mp4
RVTR757409,Lady GaGa,The Edge Of Glory,0,no,no,yes,yes,yes,,/Users/bobhopp/DJ MEDIA/VIDEO/2010's/Lady GaGa - The Edge Of Glory.mp4
RVTR300514,Marty Robbins,Devil Woman,0,no,no,yes,yes,yes,,/Users/bobhopp/DJ MEDIA/VIDEO/COUNTRY/FILL/Marty Robbins - Devil Woman.mp4
RVTR622838,Chad & Jeremy,A Summer Song,0,no,no,no,yes,no,,/Users/bobhopp/DJ MEDIA/VIDEO/1960's/Chad & Jeremy - A Summer Song.mp4
RVTR678082,We're So Close,Carly Simon,0,no,no,no,yes,no,,/Users/bobhopp/DJ MEDIA/VIDEO/1970's/We're So Close - Carly Simon.mp4
RVTR187996,John Summit & Hayla,Shiver,0,no,no,no,yes,yes,,/Users/bobhopp/DJ MEDIA/VIDEO/2020's/John Summit & Hayla - Shiver.mp4
RVTR120281,Dallas Smith,Tippin Point,0,no,no,no,yes,no,,/Users/bobhopp/DJ MEDIA/VIDEO/COUNTRY/FILL/Dallas Smith - Tippin Point.mp4
RVTR952100,Queen,We Are The Champions,0,no,yes,yes,yes,no,,/Users/bobhopp/DJ MEDIA/VIDEO/1980's/Queen - We Are The Champions.mp4
RVTR347108,Patrick Sweany,Them Shoes,0,no,no,no,yes,yes,,/Users/bobhopp/DJ MEDIA/VIDEO/2000's/Patrick Sweany - Them Shoes.mp4
RVTR356873,Dierks Bentley,Beers On Me,0,no,no,no,yes,no,,/Users/bobhopp/DJ MEDIA/VIDEO/2020's/Dierks Bentley - Beers On Me.mp4
RVTR735791,Fastway,Say What You Will,0,no,no,no,yes,no,,/Users/bobhopp/DJ MEDIA/VIDEO/TECHNO/Fastway - Say What You Will.mp4
RVTR820630,Dominique,Debbie Reynolds,0,no,no,no,yes,no,,/Users/bobhopp/DJ MEDIA/VIDEO/1960's/Dominique - Debbie Reynolds.mp4
RVTR151127,Dokken,Breaking The Chains,0,no,yes,no,yes,no,,/Users/bobhopp/DJ MEDIA/VIDEO/1980's/Dokken - Breaking The Chains.mp4
RVTR086519,Five For Fighting,100 Years,0,no,yes,yes,yes,yes,,/Users/bobhopp/DJ MEDIA/VIDEO/2000's/Five For Fighting - 100 Years.mp4
RVTR145042,Avenged Sevenfold,Dear God,0,no,yes,no,yes,no,review,/Users/bobhopp/DJ MEDIA/VIDEO/2010's/Avenged Sevenfold - Dear God.mp4
RVTR712251,Carma,Unforgivable Sinner,0,no,no,no,yes,no,,/Users/bobhopp/DJ MEDIA/VIDEO/TECHNO/Carma - Unforgivable Sinner.mp4
RVTR236609,Foreigner,Dirty White Boy,0,no,yes,yes,yes,yes,,/Users/bobhopp/DJ MEDIA/VIDEO/1970's/Foreigner - Dirty White Boy.mp4
RVTR113080,Lynyrd Skynyrd,I Need You,0,no,yes,no,yes,yes,,/Users/bobhopp/DJ MEDIA/VIDEO/1970's/Lynyrd Skynyrd - I Need You.mp4
RVTR420565,Trixter,Give It To Me Good,0,no,yes,yes,yes,yes,,/Users/bobhopp/DJ MEDIA/VIDEO/1990's/Trixter - Give It To Me Good.mp4
RVTR344050,Britney Spears,Piece Of Me,0,no,yes,yes,yes,yes,,/Users/bobhopp/DJ MEDIA/VIDEO/2000's/Britney Spears - Piece Of Me.mp4
RVTR699973,Jake Owen,On The Boat Again,0,no,no,no,yes,no,,/Users/bobhopp/DJ MEDIA/VIDEO/2010's/Jake Owen - On The Boat Again.mp4
RVTR476557,Dave Matthews Band,I Did It,0,no,yes,yes,yes,yes,,/Users/bobhopp/DJ MEDIA/VIDEO/2000's/Dave Matthews Band - I Did It.mp4
RVTR327029,Jordin Sparks,Battlefield,0,no,yes,yes,yes,yes,,/Users/bobhopp/DJ MEDIA/VIDEO/2000's/Jordin Sparks - Battlefield.mp4
RVTR291606,Justin Moore,Point At You,0,no,yes,yes,yes,yes,,/Users/bobhopp/DJ MEDIA/VIDEO/2010's/Justin Moore - Point At You.mp4
RVTR837735,Lana Del Rey,Shades Of Cool,0,no,yes,yes,yes,yes,,/Users/bobhopp/DJ MEDIA/VIDEO/2010's/Lana Del Rey - Shades Of Cool.MP4
RVTR280366,Wale Ft. Tiara Thomas,Bad,0,no,no,no,yes,no,,/Users/bobhopp/DJ MEDIA/VIDEO/2010's/Wale feat. Tiara Thomas - Bad.mp4
RVTR112994,Faith Evans,Love Like This,0,no,yes,yes,yes,yes,,/Users/bobhopp/DJ MEDIA/VIDEO/1990's/Faith Evans - Love Like This.mp4
RVTR819294,Lemonheads,Into Your Arms,0,no,yes,yes,yes,no,,/Users/bobhopp/DJ MEDIA/VIDEO/1990's/Lemonheads - Into Your Arms.mp4
RVTR340845,Nicki Minaj f./Rihanna,Fly,0,no,no,no,yes,no,,/Users/bobhopp/DJ MEDIA/VIDEO/2010's/Nicki Minaj f._Rihanna - Fly.mp4
RVTR649534,Ashley Tisdale,Crank It Up,0,no,no,no,yes,no,review,/Users/bobhopp/DJ MEDIA/VIDEO/2000's/Ashley Tisdale - Crank It Up.mp4
RVTR174652,Mariah Carey,Touch My Body,0,no,yes,yes,yes,yes,,/Users/bobhopp/DJ MEDIA/VIDEO/2000's/Mariah Carey - Touch My Body.mp4
RVTR822155,Camila Cabello,Don't Go Yet,0,no,no,yes,yes,yes,,/Users/bobhopp/DJ MEDIA/VIDEO/2020's/Camila Cabello - Don't Go Yet.mp4
RVTR601764,Owl City,Vanilla Twilight,0,no,no,yes,yes,yes,,/Users/bobhopp/DJ MEDIA/VIDEO/2010's/Owl City - Vanilla Twilight.mp4
RVTR491040,Village People,In The Navy,0,no,yes,yes,yes,yes,,/Users/bobhopp/DJ MEDIA/VIDEO/1980's/Village People - In The Navy.mp4
RVTR173918,Leona Lewis,Better In Time,0,no,yes,yes,yes,yes,,/Users/bobhopp/DJ MEDIA/VIDEO/2000's/Leona Lewis - Better In Time.mp4
RVTR992384,Old Dominion,Make It Sweet,0,no,no,yes,yes,yes,,/Users/bobhopp/DJ MEDIA/VIDEO/2010's/Old Dominion - Make It Sweet.mp4
RVTR775452,Kenny Chesney,Here And Now,0,no,no,yes,yes,yes,,/Users/bobhopp/DJ MEDIA/VIDEO/COUNTRY/FILL/Kenny Chesney - Here And Now.mp4
RVTR049594,Midnight Oil,Blue Sky Mine,0,no,yes,yes,yes,yes,,/Users/bobhopp/DJ MEDIA/VIDEO/1990's/Midnight Oil - Blue Sky Mine.mp4
RVTR529423,Benny Benassi,Hit My Heart,0,no,no,no,yes,no,review,/Users/bobhopp/DJ MEDIA/VIDEO/2000's/Benny Benassi - Hit My Heart.mp4
RVTR815994,Susan Maughan,Bobby's Girl,0,no,no,no,yes,no,,/Users/bobhopp/DJ MEDIA/VIDEO/1960's/Susan Maughan - Bobby's Girl.mp4
RVTR742201,Steve Perry,Foolish Heart,0,no,yes,yes,yes,yes,,/Users/bobhopp/DJ MEDIA/VIDEO/1980's/Steve Perry - Foolish Heart.mp4
RVTR154409,Cody Johnson,'Til You Can't,0,no,no,yes,yes,yes,,/Users/bobhopp/DJ MEDIA/VIDEO/1990's/Cody Johnson - Til You Can't.mp4
RVTR840790,Lee Brice,One of Them Girls,0,no,no,yes,yes,yes,,/Users/bobhopp/DJ MEDIA/VIDEO/2020's/Lee Brice - One of Them Girls.mp4
RVTR467650,The Beach Boys,I Get Around,0,no,yes,yes,yes,yes,,/Users/bobhopp/DJ MEDIA/VIDEO/1970's/The Beach Boys - I Get Around.mp4
RVTR699185,System Of A Down,Chop Suey,0,no,no,yes,yes,yes,,/Users/bobhopp/DJ MEDIA/VIDEO/2000's/System Of A Down - Chop Suey.mp4
RVTR944582,Kasey Chambers,The Captain,0,no,no,no,yes,no,,/Users/bobhopp/DJ MEDIA/VIDEO/COUNTRY/FILL/Kasey Chambers - The Captain.mp4
RVTR807298,Edgar Winter,Frankenstein,0,no,yes,no,yes,no,,/Users/bobhopp/DJ MEDIA/VIDEO/1970's/Edgar Winter - Frankenstein.mp4
RVTR182811,Sammy Hagar,I Can't Drive 55,0,no,yes,yes,yes,yes,,/Users/bobhopp/DJ MEDIA/VIDEO/1980's/Sammy Hagar - I Can't Drive 55.mp4
RVTR245668,Eminem,Sing For The Moment,0,no,yes,yes,yes,yes,,/Users/bobhopp/DJ MEDIA/VIDEO/2000's/Eminem - Sing For The Moment.mp4
RVTR528468,Puddle Of Mudd,She Hates Me,0,no,yes,yes,yes,yes,,/Users/bobhopp/DJ MEDIA/VIDEO/2000's/Puddle Of Mudd - She Hates Me.mp4
RVTR273794,Dierks Bentley,"Woman, Amen",0,no,yes,yes,yes,yes,,"/Users/bobhopp/DJ MEDIA/VIDEO/COUNTRY/FILL/Dierks Bentley - Woman, Amen.mp4"
RVTR602578,Air Supply,All Out Of Love,0,no,yes,yes,yes,yes,review,/Users/bobhopp/DJ MEDIA/VIDEO/1980's/Air Supply - All Out Of Love.mp4
RVTR984794,Fiona,Where The Cowboys Go,0,no,yes,no,yes,yes,,/Users/bobhopp/DJ MEDIA/VIDEO/1980's/Fiona - Where The Cowboys Go.mp4
RVTR379581,"Sigala, Rita Ora",You For Me,0,no,no,no,yes,no,,"/Users/bobhopp/DJ MEDIA/VIDEO/2020's/Sigala, Rita Ora - You For Me.mp4"
RVTR497685,Petula Clark,I Know a Place,0,yes,no,yes,yes,yes,cards_ready,/Users/bobhopp/DJ MEDIA/VIDEO/1960's/Petula Clark - I Know a Place.mp4
RVTR069605,Billie Myers,Kiss The Rain,0,no,yes,yes,yes,yes,review,/Users/bobhopp/DJ MEDIA/VIDEO/1990's/Billie Myers - Kiss The Rain.mp4
RVTR146530,Tamar Braxton,Love And War,0,no,yes,yes,yes,yes,,/Users/bobhopp/DJ MEDIA/VIDEO/2010's/Tamar Braxton - Love And War.mp4
RVTR678568,Nelly Furtado,On The Radio,0,no,no,no,yes,no,,/Users/bobhopp/DJ MEDIA/VIDEO/TECHNO/Nelly Furtado - On The Radio.mp4
RVTR801072,Alice In Chains,I Stay Away,0,no,yes,no,yes,no,review,/Users/bobhopp/DJ MEDIA/VIDEO/1990's/Alice In Chains - I Stay Away.mp4
RVTR086464,Midnight Star,Freak-A-Zoid,0,no,yes,yes,yes,yes,,/Users/bobhopp/DJ MEDIA/VIDEO/1980's/Midnight Star - Freak-A-Zoid.mp4
RVTR646834,John Mayer,Last Train Home,0,no,no,no,yes,no,,/Users/bobhopp/DJ MEDIA/VIDEO/2020's/John Mayer - Last Train Home.mp4
RVTR113929,Roxy Music,Out Of The Blue,0,yes,yes,no,yes,no,cards_ready,/Users/bobhopp/DJ MEDIA/VIDEO/1970's/Roxy Music - Out Of The Blue.mp4
RVTR870998,Squeeze,Black Coffee In Bed,0,no,yes,no,yes,yes,,/Users/bobhopp/DJ MEDIA/VIDEO/1980's/Squeeze - Black Coffee In Bed.mp4
RVTR064159,U2,"Stay (Faraway, So Close!)",0,no,yes,yes,yes,yes,,"/Users/bobhopp/DJ MEDIA/VIDEO/1990's/U2 - Stay (Faraway, So Close!).mp4"
RVTR816180,Jimmy Eat World,Sweetness,0,no,no,yes,yes,yes,,/Users/bobhopp/DJ MEDIA/VIDEO/2000's/Jimmy Eat World - Sweetness.mp4
RVTR874208,Norah Jones,Don't Know Why,0,no,yes,yes,yes,yes,,/Users/bobhopp/DJ MEDIA/VIDEO/2000's/Norah Jones - Don't Know Why.mp4
RVTR055034,Jason Derulo,Jiggle Jiggle,0,no,no,no,yes,yes,,/Users/bobhopp/DJ MEDIA/VIDEO/2020's/Jason Derulo - Jiggle Jiggle.mp4
RVTR621034,Little Big Town,Better Man,0,no,yes,yes,yes,yes,,/Users/bobhopp/DJ MEDIA/VIDEO/COUNTRY/FILL/Little Big Town - Better Man.mp4
RVTR679354,Jamie Foxx & T Pain,Blame It,0,no,no,no,yes,no,,/Users/bobhopp/DJ MEDIA/VIDEO/2000's/Jamie Foxx & T Pain - Blame It.mp4
RVTR620723,The Beatles,Some Other Guy,0,yes,no,no,yes,no,cards_ready,/Users/bobhopp/DJ MEDIA/VIDEO/1960's/The Beatles - Some Other Guy.mp4
RVTR753628,Stephen Carey,On The Water,0,no,no,no,yes,no,,/Users/bobhopp/DJ MEDIA/VIDEO/1980's/Stephen Carey - On The Water.mp4
RVTR433917,Bon Jovi,Never Say Goodbye,0,no,yes,no,yes,no,,/Users/bobhopp/DJ MEDIA/VIDEO/1990's/Bon Jovi - Never Say Goodbye.mp4
RVTR512623,Pitbull,I Know You Want Me,0,no,no,yes,yes,yes,,/Users/bobhopp/DJ MEDIA/VIDEO/2000's/Pitbull - I Know You Want Me.mp4
RVTR907208,Rihanna F.Young Jeezy,Hard,0,no,no,no,yes,no,,/Users/bobhopp/DJ MEDIA/VIDEO/2000's/Rihanna F.Young Jeezy - Hard.mp4
RVTR270432,Aron Chupa,I'm an Albatraoz,0,no,no,no,yes,yes,review,/Users/bobhopp/DJ MEDIA/VIDEO/2010's/Aron Chupa - I'm an Albatraoz.mp4
RVTR151283,CAAMP,Going to the Country,0,no,no,no,yes,no,,/Users/bobhopp/DJ MEDIA/VIDEO/2010's/CAAMP - Going to the Country.mp4
RVTR263577,Jason Aldean,She's Country,0,no,no,yes,yes,yes,,/Users/bobhopp/DJ MEDIA/VIDEO/2010's/Jason Aldean - She's Country.mp4
RVTR736044,Marc Anthony,Vivir Mi Vida,0,no,yes,yes,yes,yes,,/Users/bobhopp/DJ MEDIA/VIDEO/2010's/Marc Anthony - Vivir Mi Vida.mp4
RVTR871732,Maroon 5,Give A Little More,0,no,yes,yes,yes,yes,,/Users/bobhopp/DJ MEDIA/VIDEO/2010's/Maroon 5 - Give A Little More.mp4
RVTR139107,Onerepublic,Love Runs Out,0,no,no,yes,yes,yes,,/Users/bobhopp/DJ MEDIA/VIDEO/2010's/Onerepublic - Love Runs Out.mp4
RVTR621933,Kenny Chesney,Knowing You,0,no,no,yes,yes,yes,,/Users/bobhopp/DJ MEDIA/VIDEO/COUNTRY/FILL/Kenny Chesney - Knowing You.mp4
RVTR770665,Pat Benatar,Painted Desert,0,no,yes,no,yes,no,,/Users/bobhopp/DJ MEDIA/VIDEO/TECHNO/Pat Benatar - Painted Desert.mp4
RVTR333123,Clint Black,When I Said I Do,0,no,no,yes,yes,yes,,/Users/bobhopp/DJ MEDIA/VIDEO/COUNTRY/FILL/Clint Black - When I Said I Do.mp4
RVTR776286,Pat Benatar,Sex As A Weapon,0,no,yes,yes,yes,yes,,/Users/bobhopp/DJ MEDIA/VIDEO/1980's/Pat Benatar - Sex As A Weapon.mp4
RVTR653495,Crystal Waters,What I Need,0,no,yes,yes,yes,yes,,/Users/bobhopp/DJ MEDIA/VIDEO/1990's/Crystal Waters - What I Need.mp4
RVTR246535,Shiny Toy Guns,Ghost Town,0,no,yes,no,yes,no,,/Users/bobhopp/DJ MEDIA/VIDEO/2010's/Shiny Toy Guns - Ghost Town.mp4
RVTR444174,The Weeknd,Blinding Lights,0,no,no,yes,yes,yes,,/Users/bobhopp/DJ MEDIA/VIDEO/2020's/The Weeknd - Blinding Lights.mp4
RVTR853893,Unknown,The Trumpty Dance,0,no,no,no,yes,yes,,/Users/bobhopp/DJ MEDIA/VIDEO/2020's/Unknown - The Trumpty Dance.mp4
RVTR316754,Jason Aldean,Got What i Got,0,no,no,yes,yes,yes,,/Users/bobhopp/DJ MEDIA/VIDEO/COUNTRY/FILL/Jason Aldean - Got What i Got.mp4
RVTR933067,Chevelle,Well Enough Alone,0,no,yes,no,yes,no,,/Users/bobhopp/DJ MEDIA/VIDEO/TECHNO/Chevelle - Well Enough Alone.mp4
RVTR976688,Kenny Nolan,I Like Dreamin',0,no,no,yes,yes,yes,,/Users/bobhopp/DJ MEDIA/VIDEO/1970's/Kenny Nolan - I Like Dreamin'.mp4
RVTR933029,Shannon,Let The Music Play,0,no,yes,yes,yes,yes,,/Users/bobhopp/DJ MEDIA/VIDEO/1980's/Shannon - Let The Music Play.mp4
RVTR072726,Brooks & Dunn,How Long Gone,0,no,yes,no,yes,no,,/Users/bobhopp/DJ MEDIA/VIDEO/COUNTRY/FILL/Brooks & Dunn - How Long Gone.mp4
RVTR151296,Church,Under The Milky Way,0,no,yes,yes,yes,yes,,/Users/bobhopp/DJ MEDIA/VIDEO/1980's/Church - Under The Milky Way.mp4
RVTR037207,The Eagles,New York Minute,0,no,no,no,yes,no,,/Users/bobhopp/DJ MEDIA/VIDEO/1990's/The Eagles - New York Minute.mp4
RVTR254955,Toni Braxton,Breathe Again,0,no,yes,yes,yes,yes,,/Users/bobhopp/DJ MEDIA/VIDEO/1990's/Toni Braxton - Breathe Again.mp4
RVTR612603,Ariana Grande,"Thank U, Next",0,no,no,yes,yes,yes,review,"/Users/bobhopp/DJ MEDIA/VIDEO/2010's/Ariana Grande - Thank U, Next.mp4"
RVTR341576,Pussycat Dolls,Bottle Pop,0,no,no,no,yes,no,,/Users/bobhopp/DJ MEDIA/VIDEO/TECHNO/Pussycat Dolls - Bottle Pop.mp4
RVTR173495,Johnny Rivers,Summer Rain,0,no,yes,yes,yes,yes,,/Users/bobhopp/DJ MEDIA/VIDEO/1960's/Johnny Rivers - Summer Rain.mp4
RVTR647533,Louis Armstrong,Cool Yule,0,no,no,no,yes,no,,/Users/bobhopp/DJ MEDIA/VIDEO/1950's/Louis Armstrong - Cool Yule.mp4
RVTR936294,Bound For The Floor,Local H,0,no,no,no,yes,yes,,/Users/bobhopp/DJ MEDIA/VIDEO/1990's/Bound For The Floor - Local H.mp4
RVTR362513,Sheryl Crow,Strong Enough,0,no,yes,yes,yes,yes,,/Users/bobhopp/DJ MEDIA/VIDEO/1990's/Sheryl Crow - Strong Enough.mp4
RVTR685159,Soundgarden,Black Hole Sun,0,no,yes,no,yes,no,,/Users/bobhopp/DJ MEDIA/VIDEO/1990's/Soundgarden - Black Hole Sun.mp4
RVTR476028,Calvin Harris,By Your Side,0,no,no,no,yes,no,,/Users/bobhopp/DJ MEDIA/VIDEO/2020's/Calvin Harris - By Your Side.mp4
RVTR987291,MAX & Ali Gatie,Butterflies,0,no,no,no,yes,no,,/Users/bobhopp/DJ MEDIA/VIDEO/2020's/MAX & Ali Gatie - Butterflies.mp4
RVTR195188,3OH!3 f./Ke$ha,My First Kiss,0,no,no,no,yes,no,review,/Users/bobhopp/DJ MEDIA/VIDEO/2010's/3OH!3 f._Ke$ha - My First Kiss.mp4
RVTR470672,Swing Out Sister,Breakout,0,no,yes,yes,yes,yes,,/Users/bobhopp/DJ MEDIA/VIDEO/1980's/Swing Out Sister - Breakout.mp4
RVTR811396,Scotty Mccreery,Feelin' It,0,no,no,yes,yes,yes,,/Users/bobhopp/DJ MEDIA/VIDEO/2010's/Scotty Mccreery - Feelin' It.mp4
RVTR936069,Minnie Riperton,Lovin You,0,yes,no,no,yes,no,cards_ready,/Users/bobhopp/DJ MEDIA/VIDEO/1970's/Minnie Riperton - Lovin You.mp4
RVTR815566,Harry Styles,Sledgehammer,0,no,no,no,yes,no,,/Users/bobhopp/DJ MEDIA/VIDEO/1980's/Harry Styles - Sledgehammer.mp4
RVTR919585,Britney Spears,Work B**Ch,0,no,no,yes,yes,yes,,/Users/bobhopp/DJ MEDIA/VIDEO/2010's/Britney Spears - Work B__Ch.mp4
RVTR664010,"James Brown, 2Pac",Unchained,0,no,no,no,yes,yes,,"/Users/bobhopp/DJ MEDIA/VIDEO/2010's/James Brown, 2Pac - Unchained.mp4"
RVTR896116,Taio Cruz ,Break Your Heart,0,no,yes,yes,yes,yes,,/Users/bobhopp/DJ MEDIA/VIDEO/2010's/Taio Cruz - Break Your Heart.mp4
RVTR662124,Marty Robbins,El Paso City,0,no,no,no,yes,no,,/Users/bobhopp/DJ MEDIA/VIDEO/COUNTRY/FILL/Marty Robbins - El Paso City.mp4
RVTR095444,Mick Jagger,Primitive Cool,0,no,yes,no,yes,no,,/Users/bobhopp/DJ MEDIA/VIDEO/1980's/Mick Jagger - Primitive Cool.mp4
RVTR713636,Pink,Get The Party Started,0,no,no,no,yes,no,,/Users/bobhopp/DJ MEDIA/VIDEO/2000's/Pink - Get The Party Started.mp4
RVTR526311,Stevie Nicks,Rooms On Fire,0,no,yes,yes,yes,yes,,/Users/bobhopp/DJ MEDIA/VIDEO/1980's/Stevie Nicks - Rooms On Fire.mp4
RVTR182874,Papa Roach,She Loves Me Not,0,no,yes,yes,yes,yes,,/Users/bobhopp/DJ MEDIA/VIDEO/2000's/Papa Roach - She Loves Me Not.mp4
RVTR801743,Liam Payne,Strip That Down,0,no,no,yes,yes,yes,,/Users/bobhopp/DJ MEDIA/VIDEO/2010's/Liam Payne - Strip That Down.mp4
RVTR630573,Sparta,Taking Back Control,0,no,no,no,yes,no,,/Users/bobhopp/DJ MEDIA/VIDEO/TECHNO/Sparta - Taking Back Control.mp4
RVTR332526,Howlin' Wolf,Killing Floor,0,yes,no,no,yes,no,cards_ready,/Users/bobhopp/DJ MEDIA/VIDEO/1960's/Howlin' Wolf - Killing Floor.mp4
RVTR570497,Van Morrison,Madame George,0,no,no,no,yes,yes,,/Users/bobhopp/DJ MEDIA/VIDEO/1960's/Van Morrison - Madame George.mp4
RVTR967579,Dokken,Burning Like A Flame,0,no,yes,yes,yes,yes,,/Users/bobhopp/DJ MEDIA/VIDEO/1980's/Dokken - Burning Like A Flame.mp4
RVTR077079,Taylor Swift,Cruel Summer,0,no,no,yes,yes,yes,,/Users/bobhopp/DJ MEDIA/VIDEO/2010's/Taylor Swift - Cruel Summer.mp4
RVTR508452,Blake Shelton,Minimum Wage,0,no,no,yes,yes,yes,review,/Users/bobhopp/DJ MEDIA/VIDEO/COUNTRY/FILL/Blake Shelton - Minimum Wage.mp4
RVTR793317,Jessie James,I Look So Good,0,no,no,no,yes,no,,/Users/bobhopp/DJ MEDIA/VIDEO/TECHNO/Jessie James - I Look So Good.mp4
RVTR375863,Mariah Carey,Make It Happen,0,no,yes,yes,yes,yes,,/Users/bobhopp/DJ MEDIA/VIDEO/1990's/Mariah Carey - Make It Happen.mp4
RVTR386319,London Bus Stop,Bang A Gong,0,no,no,no,yes,no,,/Users/bobhopp/DJ MEDIA/VIDEO/TECHNO/London Bus Stop - Bang A Gong.mp4
RVTR237271,Status Quo,In The Army Now,0,no,no,no,yes,no,,/Users/bobhopp/DJ MEDIA/VIDEO/TECHNO/Status Quo - In The Army Now.mp4
RVTR482345,Culture Club,It's A Miracle,0,no,no,yes,yes,yes,,/Users/bobhopp/DJ MEDIA/VIDEO/1980's/Culture Club - It's A Miracle.mp4
RVTR984532,Eddie & The Cruisers,Bar Jam,0,no,no,no,yes,yes,,/Users/bobhopp/DJ MEDIA/VIDEO/1980's/Eddie & The Cruisers - Bar Jam.mp4
RVTR046627,Diamond Rio,Beautiful Mess,0,no,yes,yes,yes,yes,,/Users/bobhopp/DJ MEDIA/VIDEO/2000's/Diamond Rio - Beautiful Mess.mp4
RVTR546473,Migos,Handsome And Wealthy,0,no,no,no,yes,no,,/Users/bobhopp/DJ MEDIA/VIDEO/2010's/Migos - Handsome And Wealthy.mp4
RVTR692557,R. Kelly,When A Woman Loves,0,no,yes,yes,yes,yes,,/Users/bobhopp/DJ MEDIA/VIDEO/2010's/R. Kelly - When A Woman Loves.mp4
RVTR210724,Steven Tyler,Feels So Good,0,no,no,no,yes,no,,/Users/bobhopp/DJ MEDIA/VIDEO/2010's/Steven Tyler - Feels So Good.mp4
RVTR491167,Camouflage,Love Is A Shield,0,no,no,no,yes,no,,/Users/bobhopp/DJ MEDIA/VIDEO/1980's/Camouflage - Love Is A Shield.mp4
RVTR658374,Motley Crue,Sick Love Song,0,no,no,no,yes,no,,/Users/bobhopp/DJ MEDIA/VIDEO/TECHNO/Motley Crue - Sick Love Song.mp4
RVTR874604,We Five,You Were On My Mind,0,yes,yes,yes,yes,yes,cards_ready,/Users/bobhopp/DJ MEDIA/VIDEO/1960's/We Five - You Were On My Mind.mp4
RVTR401472,Aerosmith,I Wanna Know Why,0,no,yes,no,yes,yes,review,/Users/bobhopp/DJ MEDIA/VIDEO/1970's/Aerosmith - I Wanna Know Why.mp4
RVTR719890,Nelly Furtado,Say It Right,0,no,yes,yes,yes,yes,,/Users/bobhopp/DJ MEDIA/VIDEO/2000's/Nelly Furtado - Say It Right.mp4
RVTR468186,Nickelback,Figured You Out,0,no,yes,yes,yes,yes,,/Users/bobhopp/DJ MEDIA/VIDEO/2000's/Nickelback - Figured You Out.mp4
RVTR184978,Ariana Grande,One Last Time,0,no,yes,yes,yes,yes,review,/Users/bobhopp/DJ MEDIA/VIDEO/2010's/Ariana Grande - One Last Time.mp4
RVTR231525,The Beach Boys,"Fun, Fun, Fun",0,no,yes,yes,yes,yes,,"/Users/bobhopp/DJ MEDIA/VIDEO/1960's/The Beach Boys - Fun, Fun, Fun.mp4"
RVTR707408,Tom Jones,It's Not Unusual,0,yes,yes,yes,yes,yes,cards_ready,/Users/bobhopp/DJ MEDIA/VIDEO/1960's/Tom Jones - It's not Unusual.mp4
RVTR372256,Grim Reaper,See You In Hell,0,no,no,no,yes,yes,,/Users/bobhopp/DJ MEDIA/VIDEO/1980's/Grim Reaper - See You In Hell.mp4
RVTR259473,Sabrina Carpenter,Manchild,0,no,no,yes,yes,yes,,/Users/bobhopp/DJ MEDIA/VIDEO/2020's/Sabrina Carpenter - Manchild.mp4
RVTR528074,Jake Owen,Eight Second Ride,0,no,yes,yes,yes,yes,,/Users/bobhopp/DJ MEDIA/VIDEO/2000's/Jake Owen - Eight Second Ride.mp4
RVTR675615,Sam Hunt,Leave The Night On,0,no,yes,yes,yes,yes,,/Users/bobhopp/DJ MEDIA/VIDEO/2010's/Sam Hunt - Leave The Night On.MP4
RVTR731667,Luscious Jackson,Naked Eye,0,no,yes,yes,yes,yes,,/Users/bobhopp/DJ MEDIA/VIDEO/1990's/Luscious Jackson - Naked Eye.mp4
RVTR065654,The Swon Brothers,Later On,0,no,yes,yes,yes,yes,,/Users/bobhopp/DJ MEDIA/VIDEO/2010's/The Swon Brothers - Later On.mp4
RVTR715629,Jordan Davis,Almost Maybes,0,no,no,yes,yes,yes,,/Users/bobhopp/DJ MEDIA/VIDEO/COUNTRY/FILL/Jordan Davis - Almost Maybes.mp4
RVTR333274,My Favorite Highway,Say So,0,no,no,no,yes,no,,/Users/bobhopp/DJ MEDIA/VIDEO/TECHNO/My Favorite Highway - Say So.mp4
RVTR594585,Jim Stafford,Wildwood Weed,0,no,yes,yes,yes,yes,,/Users/bobhopp/DJ MEDIA/VIDEO/1970's/Jim Stafford - Wildwood Weed.mp4
RVTR232140,Tom Petty,I Won't Back Down,0,no,no,yes,yes,yes,,/Users/bobhopp/DJ MEDIA/VIDEO/1980's/Tom Petty - I Won't Back Down.mp4
RVTR870966,Linkin Park,Lying From You,0,no,yes,yes,yes,yes,,/Users/bobhopp/DJ MEDIA/VIDEO/2000's/Linkin Park - Lying From You.mp4
RVTR442172,Kirko Bangz,Drank In My Cup,0,no,yes,yes,yes,yes,,/Users/bobhopp/DJ MEDIA/VIDEO/2010's/Kirko Bangz - Drank In My Cup.mp4
RVTR017453,Great White,Save Your Love,0,no,yes,yes,yes,yes,,/Users/bobhopp/DJ MEDIA/VIDEO/1980's/Great White - Save Your Love.mp4
RVTR917092,Incubus,Wish You Were Here,0,no,yes,yes,yes,yes,,/Users/bobhopp/DJ MEDIA/VIDEO/2000's/Incubus - Wish You Were Here.mp4
RVTR026694,Henry Mancini,Pink Panther,0,no,no,no,yes,no,,/Users/bobhopp/DJ MEDIA/VIDEO/1950's/Henry Mancini - Pink Panther.mp4
RVTR305141,Dolly Parton,Rockin' Years,0,no,no,no,yes,yes,,/Users/bobhopp/DJ MEDIA/VIDEO/1990's/Dolly Parton - Rockin' Years.mp4
RVTR411715,Mike Posner,Please Don't Go,0,no,no,yes,yes,yes,,/Users/bobhopp/DJ MEDIA/VIDEO/2010's/Mike Posner - Please Don't Go.mp4
RVTR493087,No More Kings,Sweep The Leg,0,no,no,no,yes,no,,/Users/bobhopp/DJ MEDIA/VIDEO/TECHNO/No More Kings - Sweep The Leg.mp4
RVTR489060,Billie Eilish,Bury A Friend,0,no,no,yes,yes,yes,review,/Users/bobhopp/DJ MEDIA/VIDEO/2010's/Billie Eilish - Bury A Friend.mp4
RVTR783176,Toby Keith,Drunk Americans,0,no,yes,no,yes,no,,/Users/bobhopp/DJ MEDIA/VIDEO/COUNTRY/FILL/Toby Keith - Drunk Americans.mp4
RVTR135716,Loverboy,Hot Girls In Love,0,no,yes,yes,yes,yes,,/Users/bobhopp/DJ MEDIA/VIDEO/1980's/Loverboy - Hot Girls In Love.mp4
RVTR773526,Marc Anthony,I Need To Know,0,no,yes,yes,yes,yes,,/Users/bobhopp/DJ MEDIA/VIDEO/1990's/Marc Anthony - I Need To Know.mp4
RVTR649732,Justin Timberlake,Mirrors,0,no,yes,yes,yes,yes,,/Users/bobhopp/DJ MEDIA/VIDEO/2010's/Justin Timberlake - Mirrors.mp4
RVTR072178,Kernkraft 400,Zombie Nation,0,no,no,no,yes,no,,/Users/bobhopp/DJ MEDIA/VIDEO/TECHNO/Kernkraft 400 - Zombie Nation.mp4
RVTR597944,Lita Ford,Playin' With Fire,0,no,no,no,yes,no,,/Users/bobhopp/DJ MEDIA/VIDEO/TECHNO/Lita Ford - Playin' With Fire.mp4
RVTR125249,Dan Hartman,Instant Replay,0,no,yes,yes,yes,yes,,/Users/bobhopp/DJ MEDIA/VIDEO/1980's/Dan Hartman - Instant Replay.mp4
RVTR561989,The The,Angels Of Deception,0,no,no,no,yes,no,,/Users/bobhopp/DJ MEDIA/VIDEO/1980's/The The - Angels Of Deception.mp4
RVTR284492,Rihanna,California King Bed,0,no,yes,yes,yes,yes,,/Users/bobhopp/DJ MEDIA/VIDEO/2010's/Rihanna - California King Bed.mp4
RVTR942931,Luke Combs,Better Together,0,no,no,yes,yes,yes,,/Users/bobhopp/DJ MEDIA/VIDEO/COUNTRY/FILL/Luke Combs - Better Together.mp4
RVTR348440,Rupert Hine,Misplaced Love,0,no,no,no,yes,no,,/Users/bobhopp/DJ MEDIA/VIDEO/1980's/Rupert Hine - Misplaced Love.mp4
RVTR559617,Real McCoy,Automatic Lover,0,no,yes,yes,yes,yes,,/Users/bobhopp/DJ MEDIA/VIDEO/1990's/Real McCoy - Automatic Lover.mp4
RVTR162885,Rob Zombie,Living Dead Girl,0,no,no,no,yes,no,,/Users/bobhopp/DJ MEDIA/VIDEO/1990's/Rob Zombie - Living Dead Girl.mp4
RVTR808794,Tag Team,Whoomp There It Is,0,no,yes,yes,yes,no,,/Users/bobhopp/DJ MEDIA/VIDEO/1990's/Tag Team - Whoomp There It Is.mp4
RVTR577454,Brad Paisley,Perfect Storm,0,no,yes,yes,yes,yes,,/Users/bobhopp/DJ MEDIA/VIDEO/COUNTRY/FILL/Brad Paisley - Perfect Storm.mp4
RVTR722779,Collective Soul,Hollywood,0,no,no,no,yes,no,,/Users/bobhopp/DJ MEDIA/VIDEO/TECHNO/Collective Soul - Hollywood.mp4
RVTR252027,The Music Machine,Talk Talk,0,no,yes,yes,yes,yes,,/Users/bobhopp/DJ MEDIA/VIDEO/1960's/The Music Machine - Talk Talk.mp4
RVTR611014,Billy Joel,You May Be Right,0,no,yes,yes,yes,yes,review,/Users/bobhopp/DJ MEDIA/VIDEO/1980's/Billy Joel - You May Be Right.mp4
RVTR179527,Imagine Dragons,Stand By Me,0,no,no,no,yes,no,,/Users/bobhopp/DJ MEDIA/VIDEO/2010's/Imagine Dragons - Stand By Me.MP4
RVTR570097,Luke Combs,Beautiful Crazy,0,no,no,yes,yes,yes,,/Users/bobhopp/DJ MEDIA/VIDEO/2020's/Luke Combs - Beautiful Crazy.mp4
RVTR690653,5 Seconds Of Summer,Amnesia,0,no,yes,yes,yes,yes,review,/Users/bobhopp/DJ MEDIA/VIDEO/2010's/5 Seconds Of Summer - Amnesia.MP4
RVTR471745,David Ball,Thinkin' Problem,0,no,no,yes,yes,yes,,/Users/bobhopp/DJ MEDIA/VIDEO/COUNTRY/FILL/David Ball - Thinkin' Problem.mp4
RVTR887013,Ambrosia,Biggest Part Of Me,0,no,yes,yes,yes,yes,review,/Users/bobhopp/DJ MEDIA/VIDEO/1980's/Ambrosia - Biggest Part Of Me.mp4
RVTR075707,Nicki Minaj,Pound The Alarm,0,no,no,yes,yes,yes,,/Users/bobhopp/DJ MEDIA/VIDEO/2010's/Nicki Minaj - Pound The Alarm.mp4
RVTR827658,Bobby Pickett,Monster Mash,0,no,no,no,yes,no,,/Users/bobhopp/DJ MEDIA/VIDEO/1960's/Bobby Pickett - Monster Mash.mp4
RVTR367899,Steve Forbert,Romeo's Tune,0,no,yes,yes,yes,yes,,/Users/bobhopp/DJ MEDIA/VIDEO/1970's/Steve Forbert - Romeo's Tune.mp4
RVTR551349,The Beach Boys,Surfin' U.S.A.,0,yes,yes,yes,yes,yes,cards_ready,/Users/bobhopp/DJ MEDIA/VIDEO/1960's/The Beach Boys - Surfin' U.S.A.mp4
RVTR062534,Bruce Springsteen,Cover Me,0,no,yes,yes,yes,yes,,/Users/bobhopp/DJ MEDIA/VIDEO/1980's/Bruce Springsteen - Cover Me.mp4
RVTR054470,Tina Turner,Private Dancer,0,no,yes,yes,yes,yes,,/Users/bobhopp/DJ MEDIA/VIDEO/1980's/Tina Turner - Private Dancer.mp4
RVTR996201,Bulletboys,Smooth Up In Ya,0,no,yes,no,yes,no,,/Users/bobhopp/DJ MEDIA/VIDEO/1980's/Bulletboys - Smooth Up In Ya.mp4
RVTR681868,Pointer Sisters,Automatic,0,no,yes,yes,yes,yes,,/Users/bobhopp/DJ MEDIA/VIDEO/1980's/Pointer Sisters - Automatic.mp4
RVTR899715,Josh Gracin,Nothin' To Lose,0,no,no,yes,yes,yes,,/Users/bobhopp/DJ MEDIA/VIDEO/COUNTRY/FILL/Josh Gracin - Nothin' To Lose.mp4
RVTR726361,Dead Milkmen,Punk Rock Girl,0,no,no,no,yes,no,,/Users/bobhopp/DJ MEDIA/VIDEO/1980's/Dead Milkmen - Punk Rock Girl.mp4
RVTR873867,DeBarge,Rhythm Of The Night,0,no,yes,yes,yes,yes,,/Users/bobhopp/DJ MEDIA/VIDEO/1980's/DeBarge - Rhythm Of The Night.mp4
RVTR885241,Five,When The Lights Go Out,0,no,no,yes,yes,yes,,/Users/bobhopp/DJ MEDIA/VIDEO/1990's/Five - When The Lights Go Out.mp4
RVTR497074,Phish,Mercenary Territory,0,no,no,no,yes,no,,/Users/bobhopp/DJ MEDIA/VIDEO/2000's/Phish - Mercenary Territory.mp4
RVTR741698,Ariana Grande,God is a woman,0,no,yes,yes,yes,yes,review,/Users/bobhopp/DJ MEDIA/VIDEO/2010's/Ariana Grande - God is a woman.mp4
RVTR821373,Blue October,Into The Ocean,0,no,no,yes,yes,yes,review,/Users/bobhopp/DJ MEDIA/VIDEO/2000's/Blue October - Into The Ocean.mp4
RVTR522739,Too Short,Blow The Whistle,0,no,no,no,yes,no,,/Users/bobhopp/DJ MEDIA/VIDEO/2000's/Too Short - Blow The Whistle.mp4
RVTR522633,Rihanna,Where Have You Been,0,no,yes,yes,yes,yes,,/Users/bobhopp/DJ MEDIA/VIDEO/2010's/Rihanna - Where Have You Been.mp4
RVTR336873,Roscoe Dash,Good Good Night,0,no,yes,yes,yes,yes,,/Users/bobhopp/DJ MEDIA/VIDEO/2010's/Roscoe Dash - Good Good Night.mp4
RVTR871726,Joey Negro,Make A Move On Me,0,no,no,no,yes,no,,/Users/bobhopp/DJ MEDIA/VIDEO/TECHNO/Joey Negro - Make A Move On Me.mp4
RVTR369893,Bob Lind,Elusive Butterfly,0,yes,no,yes,yes,yes,cards_ready,/Users/bobhopp/DJ MEDIA/VIDEO/1960's/Bob Lind - Elusive Butterfly.mp4
RVTR644262,Jan Hammer,Crockett s Theme,0,no,no,no,yes,no,,/Users/bobhopp/DJ MEDIA/VIDEO/1980's/Jan Hammer - Crockett s Theme.mp4
RVTR349540,Christina Aguilera,Fighter,0,no,yes,yes,yes,yes,,/Users/bobhopp/DJ MEDIA/VIDEO/2000's/Christina Aguilera - Fighter.mp4
RVTR139501,Imagine Dragons,Follow You,0,no,no,yes,yes,yes,,/Users/bobhopp/DJ MEDIA/VIDEO/2020's/Imagine Dragons - Follow You.mp4
RVTR978606,Gabby Barrett,The Good Ones,0,no,no,yes,yes,yes,,/Users/bobhopp/DJ MEDIA/VIDEO/COUNTRY/FILL/Gabby Barrett - The Good Ones.mp4
RVTR726583,Rihanna Ft. Mikky Ekko,Stay,0,no,no,no,yes,no,,/Users/bobhopp/DJ MEDIA/VIDEO/2010's/Rihanna Ft. Mikky Ekko - Stay.mp4
RVTR313204,Eric Clapton,Blue Eyes Blue,0,no,yes,no,yes,yes,draft,/Users/bobhopp/DJ MEDIA/VIDEO/1970's/Eric Clapton - Blue Eyes Blue.mp4
RVTR311125,Garbage,I Think I'm Paranoid,0,no,no,no,yes,no,,/Users/bobhopp/DJ MEDIA/VIDEO/1990's/Garbage - I Think I'm Paranoid.mp4
RVTR648878,Juvenile,Back That Thang Up,0,no,no,yes,yes,yes,,/Users/bobhopp/DJ MEDIA/VIDEO/1990's/Juvenile - Back That Thang Up.mp4
RVTR863174,Shakira,"Whenever, Wherever",0,no,yes,yes,yes,yes,,"/Users/bobhopp/DJ MEDIA/VIDEO/2000's/Shakira - Whenever, Wherever.mp4"
RVTR137825,Utah Saints,Something Good,0,no,yes,yes,yes,yes,,/Users/bobhopp/DJ MEDIA/VIDEO/2000's/Utah Saints - Something Good.mp4
RVTR261955,Sonny and Cher,Baby Don't Go,0,yes,no,no,yes,no,cards_ready,/Users/bobhopp/DJ MEDIA/VIDEO/1960's/Sonny and Cher - Baby Don't Go.mp4
RVTR108454,Tom Tom Club,Genius Of Love,0,no,yes,yes,yes,yes,,/Users/bobhopp/DJ MEDIA/VIDEO/1980's/Tom Tom Club - Genius Of Love.mp4
RVTR334075,The Zombies,She's Not There,0,no,no,yes,yes,yes,,/Users/bobhopp/DJ MEDIA/VIDEO/1960's/The Zombies - She's Not There.mp4
RVTR012175,System Of A Down,Hypnotize,0,no,yes,yes,yes,yes,,/Users/bobhopp/DJ MEDIA/VIDEO/2000's/System Of A Down - Hypnotize.mp4
RVTR129253,Avril Lavigne,What The Hell,0,no,no,yes,yes,yes,review,/Users/bobhopp/DJ MEDIA/VIDEO/2010's/Avril Lavigne - What The Hell.mp4
RVTR655462,The Little Dippers,Forever,0,no,no,yes,yes,no,,/Users/bobhopp/DJ MEDIA/VIDEO/1960's/The Little Dippers - Forever.mp4
RVTR421805,Bronski Beat,Smalltown Boy,0,no,yes,yes,yes,yes,,/Users/bobhopp/DJ MEDIA/VIDEO/1980's/Bronski Beat - Smalltown Boy.mp4
RVTR323311,Shenandoah,Two Dozen Roses,0,no,no,no,yes,no,,/Users/bobhopp/DJ MEDIA/VIDEO/1980's/Shenandoah - Two Dozen Roses.mp4
RVTR682374,Folk Implosion,Natural One,0,no,no,yes,yes,yes,,/Users/bobhopp/DJ MEDIA/VIDEO/1990's/Folk Implosion - Natural One.mp4
RVTR627937,Duran Duran,A View To a Kill,0,no,yes,yes,yes,yes,,/Users/bobhopp/DJ MEDIA/VIDEO/1980's/Duran Duran - A View To a Kill.mp4
RVTR311685,PJ Harvey,Down By The Water,0,no,no,no,yes,yes,,/Users/bobhopp/DJ MEDIA/VIDEO/1990's/PJ Harvey - Down By The Water.mp4
RVTR064121,"White Tie Affair, The",Candle,0,no,no,no,yes,no,,"/Users/bobhopp/DJ MEDIA/VIDEO/2000's/White Tie Affair, The - Candle.mp4"
RVTR170581,Holly Valance,State Of Mind,0,no,no,no,yes,no,,/Users/bobhopp/DJ MEDIA/VIDEO/TECHNO/Holly Valance - State Of Mind.mp4
RVTR549717,Krista,Temporary Insanity,0,no,no,no,yes,no,,/Users/bobhopp/DJ MEDIA/VIDEO/TECHNO/Krista - Temporary Insanity.mp4
RVTR777165,The Cure,Why Can't I Be You?,0,no,no,yes,yes,yes,,/Users/bobhopp/DJ MEDIA/VIDEO/1980's/The Cure - Why Can't I Be You_.mp4
RVTR346930,Sara Bareilles,I Choose You,0,no,yes,yes,yes,yes,,/Users/bobhopp/DJ MEDIA/VIDEO/2010's/Sara Bareilles - I Choose You.MP4
RVTR854546,The Heavy,Short Change Hero,0,no,no,no,yes,yes,,/Users/bobhopp/DJ MEDIA/VIDEO/2000's/The Heavy - Short Change Hero.mp4
RVTR514598,The Gentrys,Keep on Dancing,0,no,yes,yes,yes,yes,,/Users/bobhopp/DJ MEDIA/VIDEO/1960's/The Gentrys - Keep on Dancing.mp4
RVTR385712,The Hollies,Stop Stop Stop,0,no,no,yes,yes,yes,,/Users/bobhopp/DJ MEDIA/VIDEO/1960's/The Hollies - Stop Stop Stop.mp4
RVTR584214,Reel 2 Real,I Like To Move It,0,no,no,yes,yes,yes,,/Users/bobhopp/DJ MEDIA/VIDEO/1990's/Reel 2 Real - I Like To Move It.mp4
RVTR061347,Dave Mason,We Just Disagree,0,no,yes,yes,yes,yes,,/Users/bobhopp/DJ MEDIA/VIDEO/1970's/Dave Mason - We Just Disagree.mp4
RVTR521127,Duran Duran,Ordinary World,0,no,yes,yes,yes,yes,,/Users/bobhopp/DJ MEDIA/VIDEO/1990's/Duran Duran - Ordinary World.mp4
RVTR450639,New Boyz F.Ray J,Tie Me Down,0,no,no,no,yes,no,,/Users/bobhopp/DJ MEDIA/VIDEO/2010's/New Boyz F.Ray J - Tie Me Down.mp4
RVTR194443,Madonna,Beautiful Stranger,0,no,no,yes,yes,yes,,/Users/bobhopp/DJ MEDIA/VIDEO/1990's/Madonna - Beautiful Stranger.mp4
RVTR644478,Augustana,Steal Your Heart,0,no,yes,no,yes,no,review,/Users/bobhopp/DJ MEDIA/VIDEO/2000's/Augustana - Steal Your Heart.mp4
RVTR116420,Kane Brown,One Mississippi,0,no,no,yes,yes,yes,,/Users/bobhopp/DJ MEDIA/VIDEO/2020's/Kane Brown - One Mississippi.mp4
RVTR549839,Thomas Rhett,Country Again,0,no,no,yes,yes,yes,,/Users/bobhopp/DJ MEDIA/VIDEO/COUNTRY/FILL/Thomas Rhett - Country Again.mp4
RVTR970765,Public Enemy,Can't Truss It,0,no,yes,yes,yes,yes,,/Users/bobhopp/DJ MEDIA/VIDEO/1990's/Public Enemy - Can't Truss It.mp4
RVTR256223,Sarah McLachlan,Possession,0,no,yes,yes,yes,yes,,/Users/bobhopp/DJ MEDIA/VIDEO/1990's/Sarah McLachlan - Possession.mp4
RVTR236149,Mariah Carey,Vision Of Love,0,no,yes,yes,yes,yes,,/Users/bobhopp/DJ MEDIA/VIDEO/1990's/Mariah Carey - Vision Of Love.mp4
RVTR198359,Vixen,Edge Of A Broken Heart,0,no,yes,yes,yes,yes,,/Users/bobhopp/DJ MEDIA/VIDEO/1980's/Vixen - Edge Of A Broken Heart.mp4
RVTR745951,Alexandra Stan,Mr. Saxobeat,0,no,no,yes,yes,yes,review,/Users/bobhopp/DJ MEDIA/VIDEO/2010's/Alexandra Stan - Mr. Saxobeat.mp4
RVTR210672,Queensryche,Jet City Woman,0,no,no,no,yes,no,,/Users/bobhopp/DJ MEDIA/VIDEO/TECHNO/Queensryche - Jet City Woman.mp4
RVTR033178,Corey Hart,Never Surrender,0,no,yes,yes,yes,yes,,/Users/bobhopp/DJ MEDIA/VIDEO/1980's/Corey Hart - Never Surrender.mp4
RVTR150050,Rihanna F.Slash,Rockstar 101,0,no,no,no,yes,no,,/Users/bobhopp/DJ MEDIA/VIDEO/2000's/Rihanna F.Slash - Rockstar 101.mp4
RVTR123740,Neon Trees,Everybody Talks,0,no,no,yes,yes,yes,,/Users/bobhopp/DJ MEDIA/VIDEO/2010's/Neon Trees - Everybody Talks.mp4
RVTR659361,Christina Milian,Dip It Low,0,no,yes,yes,yes,yes,,/Users/bobhopp/DJ MEDIA/VIDEO/TECHNO/Christina Milian - Dip It Low.mp4
RVTR849928,Pistol Annies,Hell On Heels,0,no,yes,yes,yes,yes,,/Users/bobhopp/DJ MEDIA/VIDEO/2010's/Pistol Annies - Hell On Heels.mp4
RVTR903117,Luther Vandross,Superstar,0,no,no,yes,yes,yes,,/Users/bobhopp/DJ MEDIA/VIDEO/1980's/Luther Vandross - Superstar.mp4
RVTR848099,Bob Dylan,Tangled Up In Blue,0,no,yes,yes,yes,yes,draft,/Users/bobhopp/DJ MEDIA/VIDEO/1970's/Bob Dylan - Tangled Up In Blue.mp4
RVTR006254,Jason Derulo,The Other Side,0,no,yes,yes,yes,yes,,/Users/bobhopp/DJ MEDIA/VIDEO/2010's/Jason Derulo - The Other Side.mp4
RVTR577520,The Call,The Walls Came Down,0,no,no,yes,yes,yes,,/Users/bobhopp/DJ MEDIA/VIDEO/1980's/The Call - The Walls Came Down.mp4
RVTR627615,DJ Jazzy Jeff & The Fresh Prince,Brand New Funk,0,no,no,no,yes,no,,/Users/bobhopp/DJ MEDIA/VIDEO/1980's/DJ Jazzy Jeff & The Fresh Prince - Brand New Funk.mp4
RVTR739987,Phil Collins,One More Night,0,no,yes,yes,yes,yes,,/Users/bobhopp/DJ MEDIA/VIDEO/1980's/Phil Collins - One More Night.mp4
RVTR032746,Angels & Airwaves,Adventure,0,no,no,no,yes,no,review,/Users/bobhopp/DJ MEDIA/VIDEO/2000's/Angels & Airwaves - Adventure.mp4
RVTR239275,Dj Felli Fel,Get Buck In Here,0,no,no,yes,yes,yes,,/Users/bobhopp/DJ MEDIA/VIDEO/2000's/Dj Felli Fel - Get Buck In Here.mp4
RVTR425330,Ella Fitzgerald,Summertime,0,no,no,no,yes,no,,/Users/bobhopp/DJ MEDIA/VIDEO/1960's/Ella Fitzgerald - Summertime.mp4
RVTR445716,Highway 101,Who's Lonely Now,0,no,no,no,yes,yes,,/Users/bobhopp/DJ MEDIA/VIDEO/2000's/Highway 101 - Who's Lonely Now.mp4
RVTR926342,Pitbull F.Akon,Shut It Down,0,no,no,no,yes,no,,/Users/bobhopp/DJ MEDIA/VIDEO/2000's/Pitbull F.Akon - Shut It Down.mp4
RVTR750254,Florida Georgia Line,Cruise,0,no,yes,yes,yes,yes,,/Users/bobhopp/DJ MEDIA/VIDEO/2010's/Florida Georgia Line - Cruise.mp4
RVTR186096,Offspring,Come Out And Play,0,no,yes,no,yes,no,,/Users/bobhopp/DJ MEDIA/VIDEO/1990's/Offspring - Come Out And Play.mp4
RVTR000174,Leon Russell,A Song For You,0,no,yes,no,yes,no,,/Users/bobhopp/DJ MEDIA/VIDEO/1970's/Leon Russell - A Song For You.mp4
RVTR923779,Art District,Back In The Day,0,no,no,no,yes,yes,review,/Users/bobhopp/DJ MEDIA/VIDEO/2010's/Art District - Back In The Day.mp4
RVTR904288,Helene Rask,Modelling Video,0,no,no,no,yes,no,,/Users/bobhopp/DJ MEDIA/VIDEO/2010's/Helene Rask - Modelling Video.mp4
RVTR395810,Lady Antebellum,Just A Kiss,0,no,yes,yes,yes,yes,,/Users/bobhopp/DJ MEDIA/VIDEO/COUNTRY/FILL/Lady Antebellum - Just A Kiss.mp4
RVTR836709,The Waterboys,The Big Music,0,no,no,no,yes,no,,/Users/bobhopp/DJ MEDIA/VIDEO/1980's/The Waterboys - The Big Music.mp4
RVTR181942,In the Woods Somewhere,Dark,0,no,no,no,yes,yes,,/Users/bobhopp/DJ MEDIA/VIDEO/2000's/In the Woods Somewhere - Dark.mp4
RVTR127026,Redferrin,Jack and Diet Coke,0,no,no,no,yes,yes,,/Users/bobhopp/DJ MEDIA/VIDEO/2020's/Redferrin - Jack and Diet Coke.mp4
RVTR444688,The Contours,Do You Love Me,0,no,no,yes,yes,yes,,/Users/bobhopp/DJ MEDIA/VIDEO/1960's/The Contours - Do You Love Me.mp4
RVTR901714,Cinderella,Somebody Save Me,0,no,yes,yes,yes,yes,,/Users/bobhopp/DJ MEDIA/VIDEO/1980's/Cinderella - Somebody Save Me.mp4
RVTR623720,The Eagles,Learn To Be Still,0,no,no,no,yes,no,,/Users/bobhopp/DJ MEDIA/VIDEO/1990's/The Eagles - Learn To Be Still.mp4
RVTR660144,Stick Figure,Burn The Right,0,no,no,no,yes,yes,,/Users/bobhopp/DJ MEDIA/VIDEO/2010's/Stick Figure - Burn The Right.mp4
RVTR353714,Bob Sinclar,Rock This Party,0,no,no,no,yes,no,,/Users/bobhopp/DJ MEDIA/VIDEO/TECHNO/Bob Sinclar - Rock This Party.mp4
RVTR740400,Bobby Darin,Queen Of The Hop,0,no,no,yes,yes,yes,,/Users/bobhopp/DJ MEDIA/VIDEO/1950's/Bobby Darin - Queen Of The Hop.mp4
RVTR468719,Little Steven,Bitter Fruit,0,no,yes,no,yes,no,,/Users/bobhopp/DJ MEDIA/VIDEO/1980's/Little Steven - Bitter Fruit.mp4
RVTR802102,Coolio,It's All The Way Live,0,no,no,yes,yes,yes,,/Users/bobhopp/DJ MEDIA/VIDEO/1990's/Coolio - It's All The Way Live.mp4
RVTR345659,Jay Z,Can't Knock The Hustle,0,no,no,no,yes,no,,/Users/bobhopp/DJ MEDIA/VIDEO/1990's/Jay Z - Can't Knock The Hustle.mp4
RVTR456101,Lil Wayne f./Rick Ross,John,0,no,no,no,yes,no,,/Users/bobhopp/DJ MEDIA/VIDEO/2010's/Lil Wayne f._Rick Ross - John.mp4
RVTR212473,We The Kings,Heaven Can Wait,0,no,yes,no,yes,no,,/Users/bobhopp/DJ MEDIA/VIDEO/TECHNO/We The Kings - Heaven Can Wait.mp4
RVTR542826,Neneh Cherry,Buffalo Stance,0,no,no,yes,yes,yes,,/Users/bobhopp/DJ MEDIA/VIDEO/1980's/Neneh Cherry - Buffalo Stance.mp4
RVTR806779,Slaughter,Fly To The Angels,0,no,yes,yes,yes,yes,,/Users/bobhopp/DJ MEDIA/VIDEO/1990's/Slaughter - Fly To The Angels.mp4
RVTR432663,Drake Ft. 21 Savage,Sneakin,0,no,no,no,yes,no,,/Users/bobhopp/DJ MEDIA/VIDEO/2010's/Drake feat. 21 Savage - Sneakin.mp4
RVTR786085,Twenty One Pilots,Heathens,0,no,no,yes,yes,yes,,/Users/bobhopp/DJ MEDIA/VIDEO/2010's/Twenty One Pilots - Heathens.mp4
RVTR209193,Jason Aldean,Blame it on You,0,no,no,yes,yes,yes,,/Users/bobhopp/DJ MEDIA/VIDEO/COUNTRY/FILL/Jason Aldean - Blame it on You.mp4
RVTR855736,"Almost, The",Say This Sooner,0,no,no,no,yes,no,review,"/Users/bobhopp/DJ MEDIA/VIDEO/TECHNO/Almost, The - Say This Sooner.mp4"
RVTR954040,Run DMC,Christmas In Hollis,0,no,no,no,yes,yes,,/Users/bobhopp/DJ MEDIA/VIDEO/1980's/Run DMC - Christmas In Hollis.mp4
RVTR973144,Linkin Park,One Step Closer,0,no,no,yes,yes,yes,,/Users/bobhopp/DJ MEDIA/VIDEO/2000's/Linkin Park - One Step Closer.mp4
RVTR593330,Neil Diamond,Something Blue,0,no,yes,no,yes,no,,/Users/bobhopp/DJ MEDIA/VIDEO/2010's/Neil Diamond - Something Blue.mp4
RVTR631453,Howard Jones,Life In One Day,0,no,yes,yes,yes,yes,,/Users/bobhopp/DJ MEDIA/VIDEO/1980's/Howard Jones - Life In One Day.mp4
RVTR389675,Sheryl Crow,Soak Up The Sun,0,no,yes,yes,yes,yes,,/Users/bobhopp/DJ MEDIA/VIDEO/2000's/Sheryl Crow - Soak Up The Sun.mp4
RVTR912352,The Pointer Sisters,Dare Me,0,no,yes,yes,yes,yes,,/Users/bobhopp/DJ MEDIA/VIDEO/1980's/The Pointer Sisters - Dare Me.mp4
RVTR943983,Jordan Davis,Take It From Me,0,no,yes,yes,yes,yes,,/Users/bobhopp/DJ MEDIA/VIDEO/2010's/Jordan Davis - Take It From Me.mp4
RVTR319232,The Weeknd,Can't Feel My Face,0,no,no,yes,yes,yes,,/Users/bobhopp/DJ MEDIA/VIDEO/2010's/The Weeknd - Can't Feel My Face.mp4
RVTR451883,Britny Fox,Long Way To Love,0,no,yes,yes,yes,yes,,/Users/bobhopp/DJ MEDIA/VIDEO/1980's/Britny Fox - Long Way To Love.mp4
RVTR425542,Firehouse,Don't Treat Me Bad,0,no,no,yes,yes,yes,,/Users/bobhopp/DJ MEDIA/VIDEO/1990's/Firehouse - Don't Treat Me Bad.mp4
RVTR481434,T.I. & Rihanna,Live Your Life,0,no,no,no,yes,no,,/Users/bobhopp/DJ MEDIA/VIDEO/2000's/T.I. & Rihanna - Live Your Life.mp4
RVTR124760,Kenny Chesney,American Kids,0,no,yes,yes,yes,yes,,/Users/bobhopp/DJ MEDIA/VIDEO/COUNTRY/FILL/Kenny Chesney - American Kids.mp4
RVTR438294,Jethro Tull,Thick As A Brick,0,no,yes,no,yes,yes,,/Users/bobhopp/DJ MEDIA/VIDEO/1970's/Jethro Tull - Thick As A Brick.mp4
RVTR974044,No Doubt,Simple Kind Of Life,0,no,yes,yes,yes,yes,,/Users/bobhopp/DJ MEDIA/VIDEO/2000's/No Doubt - Simple Kind Of Life.mp4
RVTR948418,Train,50 Ways To Say Goodbye,0,no,yes,yes,yes,yes,,/Users/bobhopp/DJ MEDIA/VIDEO/2010's/Train - 50 Ways To Say Goodbye.mp4
RVTR913796,New Kids On The Block,Single,0,no,yes,no,yes,no,,/Users/bobhopp/DJ MEDIA/VIDEO/TECHNO/New Kids On The Block - Single.mp4
RVTR017627,Janet Jackson,Miss You Much,0,no,yes,yes,yes,yes,,/Users/bobhopp/DJ MEDIA/VIDEO/1980's/Janet Jackson - Miss You Much.mp4
RVTR645019,Keith Urban,Long Hot Summer,0,no,yes,yes,yes,yes,,/Users/bobhopp/DJ MEDIA/VIDEO/2010's/Keith Urban - Long Hot Summer.mp4
RVTR649939,The Beatles,Twist and Shout,0,no,yes,yes,yes,yes,,/Users/bobhopp/DJ MEDIA/VIDEO/1960's/The Beatles - Twist and Shout.mp4
RVTR590569,Bruce Springsteen,Rosalita,0,no,no,no,yes,yes,,/Users/bobhopp/DJ MEDIA/VIDEO/1970's/Bruce Springsteen - Rosalita.mp4
RVTR847653,Johnny Logan,I'm Not in Love,0,no,no,no,yes,no,,/Users/bobhopp/DJ MEDIA/VIDEO/1980's/Johnny Logan - I'm Not in Love.mp4
RVTR646664,Metallica,The Unforgiven Ii,0,no,yes,yes,yes,yes,,/Users/bobhopp/DJ MEDIA/VIDEO/1990's/Metallica - The Unforgiven Ii.mp4
RVTR107185,Rob Zombie,Never Gonna Stop,0,no,no,no,yes,yes,,/Users/bobhopp/DJ MEDIA/VIDEO/2000's/Rob Zombie - Never Gonna Stop.mp4
RVTR428453,Aretha Franklin,Rock Steady,0,no,yes,yes,yes,yes,review,/Users/bobhopp/DJ MEDIA/VIDEO/1970's/Aretha Franklin - Rock Steady.mp4
RVTR065415,Slick Rick,Children's Story,0,no,no,no,yes,no,,/Users/bobhopp/DJ MEDIA/VIDEO/1980's/Slick Rick - Children's Story.mp4
RVTR192468,Blake Shelton,God's Country,0,no,no,yes,yes,yes,review,/Users/bobhopp/DJ MEDIA/VIDEO/2000's/Blake Shelton - God's Country.mp4
RVTR100390,Ryan Bingham,Bread And Water,0,no,no,no,yes,yes,,/Users/bobhopp/DJ MEDIA/VIDEO/2000's/Ryan Bingham - Bread And Water.mp4
RVTR796024,Thomas Rhett,Die A Happy Man,0,no,yes,yes,yes,yes,,/Users/bobhopp/DJ MEDIA/VIDEO/2010's/Thomas Rhett - Die A Happy Man.mp4
RVTR018990,Billy Joel,Travelin' Prayer,0,no,yes,yes,yes,yes,review,/Users/bobhopp/DJ MEDIA/VIDEO/1970's/Billy Joel - Travelin' Prayer.mp4
RVTR774669,Kym Sims,Too Blind To See It,0,no,no,yes,yes,yes,,/Users/bobhopp/DJ MEDIA/VIDEO/1990's/Kym Sims - Too Blind To See It.mp4
RVTR573439,Train,"Save Me, San Francisco",0,no,yes,yes,yes,yes,,"/Users/bobhopp/DJ MEDIA/VIDEO/2010's/Train - Save Me, San Francisco.mp4"
RVTR791567,Molly Hatchet,Satisfied Man,0,no,yes,yes,yes,yes,,/Users/bobhopp/DJ MEDIA/VIDEO/1980's/Molly Hatchet - Satisfied Man.mp4
RVTR329511,ZZ Top,Gimme All Your Lovin,0,no,yes,yes,yes,yes,,/Users/bobhopp/DJ MEDIA/VIDEO/1980's/ZZ Top - Gimme All Your Lovin.mp4
RVTR202706,Nonpoint,In The Air Tonight,0,no,no,no,yes,yes,,/Users/bobhopp/DJ MEDIA/VIDEO/2000's/Nonpoint - In The Air Tonight.mp4
RVTR592429,Evanescence,Bring Me To Life,0,no,yes,yes,yes,yes,,/Users/bobhopp/DJ MEDIA/VIDEO/2000's/Evanescence - Bring Me To Life.mp4
RVTR430603,Tremeloes,Silence Is Golden,0,no,no,yes,yes,yes,,/Users/bobhopp/DJ MEDIA/VIDEO/1960's/Tremeloes - Silence Is Golden.mp4
RVTR158037,The Call,Scene Beyond Dreams,0,no,no,no,yes,no,,/Users/bobhopp/DJ MEDIA/VIDEO/1980's/The Call - Scene Beyond Dreams.mp4
RVTR014403,Jerrod Niemann,"Lover, Lover",0,no,yes,yes,yes,yes,,"/Users/bobhopp/DJ MEDIA/VIDEO/2010's/Jerrod Niemann - Lover, Lover.mp4"
RVTR384827,The Guess Who,Share The Land,0,no,yes,yes,yes,yes,,/Users/bobhopp/DJ MEDIA/VIDEO/1970's/The Guess Who - Share The Land.mp4
RVTR998107,Kelly Clarkson,Already Gone,0,no,yes,yes,yes,yes,,/Users/bobhopp/DJ MEDIA/VIDEO/2000's/Kelly Clarkson - Already Gone.mp4
RVTR824508,Elvis Presley,In The Ghetto,0,no,yes,yes,yes,yes,,/Users/bobhopp/DJ MEDIA/VIDEO/1960's/Elvis Presley - In The Ghetto.mp4
RVTR609530,Adele,Water Under the Bridge,0,no,yes,yes,yes,yes,review,/Users/bobhopp/DJ MEDIA/VIDEO/2010's/Adele - Water Under the Bridge.mp4
RVTR663285,Jason Aldean,Burnin' It Down,0,no,no,yes,yes,yes,,/Users/bobhopp/DJ MEDIA/VIDEO/2010's/Jason Aldean - Burnin' It Down.MP4
RVTR892389,Clay Walker,Loving You Then,0,no,no,no,yes,no,,/Users/bobhopp/DJ MEDIA/VIDEO/COUNTRY/FILL/Clay Walker - Loving You Then.mp4
RVTR846653,Bryan Adams,You Belong To Me,0,no,yes,no,yes,yes,,/Users/bobhopp/DJ MEDIA/VIDEO/1980's/Bryan Adams - You Belong To Me.mp4
RVTR245597,Pointer Sisters,He's So Shy,0,no,yes,yes,yes,no,,/Users/bobhopp/DJ MEDIA/VIDEO/1980's/Pointer Sisters - He's So Shy.mp4
RVTR809213,John Legend,Ordinary People,0,no,yes,yes,yes,yes,,/Users/bobhopp/DJ MEDIA/VIDEO/2000's/John Legend - Ordinary People.mp4
RVTR430462,Yellowcard,Light Up The Sky,0,no,yes,no,yes,no,,/Users/bobhopp/DJ MEDIA/VIDEO/TECHNO/Yellowcard - Light Up The Sky.mp4
RVTR734950,Barry Manilow,It's A Miracle,0,no,yes,yes,yes,yes,draft,/Users/bobhopp/DJ MEDIA/VIDEO/1970's/Barry Manilow - It's A Miracle.mp4
RVTR883938,Britney Spears,Do Somethin',0,no,no,yes,yes,yes,,/Users/bobhopp/DJ MEDIA/VIDEO/2000's/Britney Spears - Do Somethin'.mp4
RVTR703449,Zac Brown Band,Jump Right In,0,no,yes,yes,yes,yes,,/Users/bobhopp/DJ MEDIA/VIDEO/COUNTRY/FILL/Zac Brown Band - Jump Right In.mp4
RVTR313485,Livin' Joy,Don't Stop Movin',0,no,no,yes,yes,yes,,/Users/bobhopp/DJ MEDIA/VIDEO/1990's/Livin' Joy - Don't Stop Movin'.mp4
RVTR589588,Ying Yang Twins,Salt Shaker,0,no,yes,yes,yes,yes,,/Users/bobhopp/DJ MEDIA/VIDEO/2000's/Ying Yang Twins - Salt Shaker.mp4
RVTR309454,Jeremih f./50 Cent,Down On Me,0,no,no,no,yes,no,,/Users/bobhopp/DJ MEDIA/VIDEO/2010's/Jeremih f._50 Cent - Down On Me.mp4
RVTR831808,The Outfield,Say It Isn't So,0,no,no,no,yes,no,,/Users/bobhopp/DJ MEDIA/VIDEO/1980's/The Outfield - Say It Isn't So.mp4
RVTR174158,The Who,Don't Let Go The Coat,0,no,no,yes,yes,yes,,/Users/bobhopp/DJ MEDIA/VIDEO/1980's/The Who - Don't Let Go The Coat.mp4
RVTR970761,Disturbed,Land Of Confusion,0,no,no,no,yes,no,,/Users/bobhopp/DJ MEDIA/VIDEO/2000's/Disturbed - Land Of Confusion.mp4
RVTR858321,Daddy Yankee & Snow,Con Calma,0,no,no,no,yes,no,,/Users/bobhopp/DJ MEDIA/VIDEO/2010's/Daddy Yankee & Snow - Con Calma.mp4
RVTR771084,Paul McCartney,Come On To Me,0,no,yes,no,yes,yes,,/Users/bobhopp/DJ MEDIA/VIDEO/2020's/Paul McCartney - Come On To Me.mp4
RVTR002635,Supafly Inc,Moving Too Fast,0,no,no,no,yes,no,,/Users/bobhopp/DJ MEDIA/VIDEO/TECHNO/Supafly Inc - Moving Too Fast.mp4
RVTR201938,Cyndi Lauper,Change Of Heart,0,no,yes,yes,yes,yes,,/Users/bobhopp/DJ MEDIA/VIDEO/1980's/Cyndi Lauper - Change Of Heart.mp4
RVTR384862,Dire Straits,Tunnel Of Love,0,no,yes,no,yes,yes,,/Users/bobhopp/DJ MEDIA/VIDEO/1980's/Dire Straits - Tunnel Of Love.mp4
RVTR493126,Uncle Kracker,Yeah Yeah Yeah,0,no,no,no,yes,no,,/Users/bobhopp/DJ MEDIA/VIDEO/TECHNO/Uncle Kracker - Yeah Yeah Yeah.mp4
RVTR758214,Moon Unit Zappa,Valley Girl,0,no,no,no,yes,no,,/Users/bobhopp/DJ MEDIA/VIDEO/1980's/Moon Unit Zappa - Valley Girl.mp4
RVTR068756,Ultravox,Reap The Wild Wind,0,no,yes,yes,yes,no,,/Users/bobhopp/DJ MEDIA/VIDEO/1980's/Ultravox - Reap The Wild Wind.mp4
RVTR339048,Mike Love,Permanent Holiday,0,no,no,no,yes,no,,/Users/bobhopp/DJ MEDIA/VIDEO/2010's/Mike Love - Permanent Holiday.mp4
RVTR222644,The Mindbenders,Game Of Love,0,yes,no,no,yes,no,cards_ready,/Users/bobhopp/DJ MEDIA/VIDEO/1960's/The Mindbenders - Game Of Love.mp4
RVTR533762,The Yardbirds,For Your Love,0,yes,yes,yes,yes,yes,cards_ready,/Users/bobhopp/DJ MEDIA/VIDEO/1960's/The Yardbirds - For Your Love.mp4
RVTR699666,Sylvester,Dance (Disco Heat),0,no,yes,yes,yes,yes,,/Users/bobhopp/DJ MEDIA/VIDEO/1970's/Sylvester - Dance (Disco Heat).mp4
RVTR160942,White Zombie,Black Sunshine,0,no,no,no,yes,yes,,/Users/bobhopp/DJ MEDIA/VIDEO/1990's/White Zombie - Black Sunshine.mp4
RVTR516288,Evanescence,Sweet Sacrifice,0,no,yes,no,yes,no,,/Users/bobhopp/DJ MEDIA/VIDEO/TECHNO/Evanescence - Sweet Sacrifice.mp4
RVTR072699,Heatwave,Always And Forever,0,no,yes,yes,yes,yes,,/Users/bobhopp/DJ MEDIA/VIDEO/1970's/Heatwave - Always And Forever.mp4
RVTR834943,Miley Cyrus,Angels Like You,0,no,no,no,yes,no,,/Users/bobhopp/DJ MEDIA/VIDEO/2020's/Miley Cyrus - Angels Like You.mp4
RVTR014477,Ho I Am With You,Chris Young,0,no,no,no,yes,no,,/Users/bobhopp/DJ MEDIA/VIDEO/COUNTRY/FILL/Ho I Am With You - Chris Young.mp4
RVTR432766,Mariah Carey,I Still Believe,0,no,no,yes,yes,yes,,/Users/bobhopp/DJ MEDIA/VIDEO/1990's/Mariah Carey - I Still Believe.mp4
RVTR828616,Imagine Dragons,Radioactive,0,no,yes,yes,yes,yes,,/Users/bobhopp/DJ MEDIA/VIDEO/2010's/Imagine Dragons - Radioactive.mp4
RVTR496962,Shaun Cassidy,Da Doo Ron Ron,0,no,yes,yes,yes,no,,/Users/bobhopp/DJ MEDIA/VIDEO/1970's/Shaun Cassidy - Da Doo Ron Ron.mp4
RVTR560599,Scorpions,Still Loving You,0,no,yes,yes,yes,yes,,/Users/bobhopp/DJ MEDIA/VIDEO/1980's/Scorpions - Still Loving You.mp4
RVTR182706,Smashing Pumpkins,Ava Adore,0,no,yes,yes,yes,no,,/Users/bobhopp/DJ MEDIA/VIDEO/1990's/Smashing Pumpkins - Ava Adore.mp4
RVTR129246,Chevelle,Send The Pain Below,0,no,yes,yes,yes,yes,,/Users/bobhopp/DJ MEDIA/VIDEO/2000's/Chevelle - Send The Pain Below.mp4
RVTR563959,Gary Clark Jr.,Bright Lights,0,no,no,no,yes,yes,,/Users/bobhopp/DJ MEDIA/VIDEO/2010's/Gary Clark Jr. - Bright Lights.mp4
RVTR815923,Sixx A.M.,Life Is Beautiful B,0,no,no,no,yes,no,,/Users/bobhopp/DJ MEDIA/VIDEO/TECHNO/Sixx A.M. - Life Is Beautiful B.mp4
RVTR720335,Roy Orbison,California Blue,0,no,yes,no,yes,yes,,/Users/bobhopp/DJ MEDIA/VIDEO/1980's/Roy Orbison - California Blue.mp4
RVTR525771,Shalamar,A Night To Remember,0,no,yes,yes,yes,yes,,/Users/bobhopp/DJ MEDIA/VIDEO/1980's/Shalamar - A Night To Remember.mp4
RVTR110735,Crystal Waters,Gypsy Woman,0,no,no,yes,yes,yes,,/Users/bobhopp/DJ MEDIA/VIDEO/1990's/Crystal Waters - Gypsy Woman.mp4
RVTR729564,Gorillaz,On Melancholy Hill,0,no,yes,no,yes,no,,/Users/bobhopp/DJ MEDIA/VIDEO/2010's/Gorillaz - On Melancholy Hill.mp4
RVTR903888,All Envy Aside,Burning Again,0,no,no,no,yes,no,review,/Users/bobhopp/DJ MEDIA/VIDEO/TECHNO/All Envy Aside - Burning Again.mp4
RVTR825550,Bee Gees,Love You Inside Out,0,no,yes,yes,yes,yes,review,/Users/bobhopp/DJ MEDIA/VIDEO/1970's/Bee Gees - Love You Inside Out.mp4
RVTR446977,Dan & Shay,From The Ground Up,0,no,no,no,yes,no,,/Users/bobhopp/DJ MEDIA/VIDEO/2010's/Dan & Shay - From The Ground Up.mp4
RVTR322673,Filmore,Somewhere With Beer,0,no,no,no,yes,yes,,/Users/bobhopp/DJ MEDIA/VIDEO/2020's/Filmore - Somewhere With Beer.mp4
RVTR581986,Lupe Fiasco,The Show Goes On,0,no,yes,yes,yes,yes,,/Users/bobhopp/DJ MEDIA/VIDEO/2010's/Lupe Fiasco - The Show Goes On.mp4
RVTR594479,Steely Dan,Midnight Cruiser,0,no,no,no,yes,yes,,/Users/bobhopp/DJ MEDIA/VIDEO/1980's/Steely Dan - Midnight Cruiser.mp4
RVTR314553,Christina Aguilera,Candyman,0,no,yes,yes,yes,yes,,/Users/bobhopp/DJ MEDIA/VIDEO/2000's/Christina Aguilera - Candyman.mp4
RVTR185764,Clay Walker,What's it to You,0,no,yes,yes,yes,yes,,/Users/bobhopp/DJ MEDIA/VIDEO/COUNTRY/FILL/Clay Walker - What's it to You.mp4
RVTR630259,Kristian Bush,Trailer Hitch,0,no,no,no,yes,no,,/Users/bobhopp/DJ MEDIA/VIDEO/COUNTRY/FILL/Kristian Bush - Trailer Hitch.mp4
RVTR652016,Iron Maiden,Run To The Hills,0,no,no,no,yes,no,,/Users/bobhopp/DJ MEDIA/VIDEO/1980's/Iron Maiden - Run To The Hills.mp4
RVTR408862,Nik Kershaw,Wouldn't Be Good,0,no,no,no,yes,no,,/Users/bobhopp/DJ MEDIA/VIDEO/COUNTRY/FILL/Nik Kershaw - Wouldn't Be Good.mp4
RVTR098195,Paul Carrack,One Good Reason,0,no,yes,yes,yes,yes,,/Users/bobhopp/DJ MEDIA/VIDEO/1980's/Paul Carrack - One Good Reason.mp4
RVTR218713,JD McPherson,Head Over Heels,0,no,no,no,yes,yes,,/Users/bobhopp/DJ MEDIA/VIDEO/2010's/JD McPherson - Head Over Heels.mp4
RVTR049915,Katy Perry,This Is How We Do,0,no,yes,yes,yes,yes,,/Users/bobhopp/DJ MEDIA/VIDEO/2010's/Katy Perry - This Is How We Do.MP4
RVTR290881,Crystal Gayle,Cry Me A River,0,no,yes,no,yes,no,,/Users/bobhopp/DJ MEDIA/VIDEO/1970's/Crystal Gayle - Cry Me A River.mp4
RVTR880846,Joan Armatrading,Me Myself I,0,no,yes,no,yes,no,,/Users/bobhopp/DJ MEDIA/VIDEO/1980's/Joan Armatrading - Me Myself I.mp4
RVTR879018,Robin Thicke,Lost Without U,0,no,yes,yes,yes,yes,,/Users/bobhopp/DJ MEDIA/VIDEO/2000's/Robin Thicke - Lost Without U.mp4
RVTR329856,Switchfoot,Dare You To Move,0,no,yes,yes,yes,yes,,/Users/bobhopp/DJ MEDIA/VIDEO/2000's/Switchfoot - Dare You To Move.mp4
RVTR866806,MacKenzie Porter,These Days,0,no,no,no,yes,yes,,/Users/bobhopp/DJ MEDIA/VIDEO/2010's/MacKenzie Porter - These Days.mp4
RVTR204489,Dvsn & Ty Dolla $ign,Memories,0,no,no,no,yes,no,,/Users/bobhopp/DJ MEDIA/VIDEO/2020's/Dvsn & Ty Dolla $ign - Memories.mp4
RVTR102584,Luke Hemmings,Starting Line,0,no,no,no,yes,no,,/Users/bobhopp/DJ MEDIA/VIDEO/2020's/Luke Hemmings - Starting Line.mp4
RVTR672147,Etta James,I'm Sorry For You,0,no,no,no,yes,no,,/Users/bobhopp/DJ MEDIA/VIDEO/1960's/Etta James - I'm Sorry For You.mp4
RVTR581142,Al Green,Tired Of Being Alone,0,no,yes,yes,yes,yes,review,/Users/bobhopp/DJ MEDIA/VIDEO/1970's/Al Green - Tired Of Being Alone.mp4
RVTR032315,Survivor,The Search Is Over,0,no,yes,yes,yes,yes,,/Users/bobhopp/DJ MEDIA/VIDEO/1980's/Survivor - The Search Is Over.mp4
RVTR091604,Beyonce,Dangerously In Love,0,no,yes,yes,yes,yes,review,/Users/bobhopp/DJ MEDIA/VIDEO/2000's/Beyonce - Dangerously In Love.mp4
RVTR339780,Lifehouse,Whatever It Takes,0,no,yes,yes,yes,yes,,/Users/bobhopp/DJ MEDIA/VIDEO/2000's/Lifehouse - Whatever It Takes.mp4
RVTR860496,Peter And Gordon,Lady Godiva,0,no,yes,yes,yes,yes,,/Users/bobhopp/DJ MEDIA/VIDEO/1960's/Peter And Gordon - Lady Godiva.mp4
RVTR167315,Kate Bush,Wuthering Heights,0,no,no,no,yes,no,,/Users/bobhopp/DJ MEDIA/VIDEO/1970's/Kate Bush - Wuthering Heights.mp4
RVTR578064,Lionel Richie,Say You Say Me,0,no,yes,yes,yes,no,,/Users/bobhopp/DJ MEDIA/VIDEO/1980's/Lionel Richie - Say You Say Me.mp4
RVTR098355,Louis Tomlinson,Back to You,0,no,no,yes,yes,yes,,/Users/bobhopp/DJ MEDIA/VIDEO/2010's/Louis Tomlinson - Back to You.mp4
RVTR850003,Nina Sky f.Jabba,Move Ya Body,0,no,no,no,yes,no,,/Users/bobhopp/DJ MEDIA/VIDEO/TECHNO/Nina Sky f.Jabba - Move Ya Body.mp4
RVTR566674,Brandy,Sittin' Up In My Room,0,no,no,yes,yes,yes,,/Users/bobhopp/DJ MEDIA/VIDEO/1990's/Brandy - Sittin' Up In My Room.mp4
RVTR247485,Eric Clapton,Tears In Heaven,0,yes,yes,yes,yes,yes,review,/Users/bobhopp/DJ MEDIA/VIDEO/1990's/Eric Clapton - Tears In Heaven.mp4
RVTR785416,Grim Reaper,Rock You To Hell,0,no,no,no,yes,yes,,/Users/bobhopp/DJ MEDIA/VIDEO/1980's/Grim Reaper - Rock You To Hell.mp4
RVTR104796,Laura Branigan,The Lucky One,0,no,yes,yes,yes,yes,,/Users/bobhopp/DJ MEDIA/VIDEO/1980's/Laura Branigan - The Lucky One.mp4
RVTR085179,Britney Spears,Break The Ice,0,no,yes,yes,yes,yes,,/Users/bobhopp/DJ MEDIA/VIDEO/2000's/Britney Spears - Break The Ice.mp4
RVTR498335,Jim Capaldi,Livin On the Edge,0,no,no,no,yes,no,,/Users/bobhopp/DJ MEDIA/VIDEO/1980's/Jim Capaldi - Livin On the Edge.mp4
RVTR731786,"Kane Brown, Blackbear",Memory,0,no,no,no,yes,no,,"/Users/bobhopp/DJ MEDIA/VIDEO/2020's/Kane Brown, Blackbear - Memory.mp4"
RVTR765965,Level 42,Something About You,0,no,yes,yes,yes,yes,,/Users/bobhopp/DJ MEDIA/VIDEO/1980's/Level 42 - Something About You.mp4
RVTR835849,Twilight 22,Electric Kingdom,0,no,no,yes,yes,yes,,/Users/bobhopp/DJ MEDIA/VIDEO/1980's/Twilight 22 - Electric Kingdom.mp4
RVTR926784,Texas Tornados,Adios Mexico,0,no,no,no,yes,yes,,/Users/bobhopp/DJ MEDIA/VIDEO/1990's/Texas Tornados - Adios Mexico.mp4
RVTR919916,Chamillionaire,Good Morning,0,no,no,yes,yes,yes,,/Users/bobhopp/DJ MEDIA/VIDEO/2000's/Chamillionaire - Good Morning.mp4
RVTR244703,The Band Perry,If I Die Young,0,no,yes,yes,yes,yes,,/Users/bobhopp/DJ MEDIA/VIDEO/COUNTRY/FILL/The Band Perry - If I Die Young.mp4
RVTR804587,Mickey Mouse Club,Alma Mater,0,no,no,no,yes,no,,/Users/bobhopp/DJ MEDIA/VIDEO/1950's/Mickey Mouse Club - Alma Mater.mp4
RVTR683317,Baha Men,Who Let The Dogs Out,0,no,yes,yes,yes,yes,review,/Users/bobhopp/DJ MEDIA/VIDEO/2000's/Baha Men - Who Let The Dogs Out.mp4
RVTR112946,Coldplay,A Sky Full Of Stars,0,no,yes,yes,yes,yes,,/Users/bobhopp/DJ MEDIA/VIDEO/2010's/Coldplay - A Sky Full Of Stars.mp4
RVTR287960,Ted Nugent,Cat Scratch Fever,0,no,yes,yes,yes,yes,,/Users/bobhopp/DJ MEDIA/VIDEO/1970's/Ted Nugent - Cat Scratch Fever.mp4
RVTR621975,Richard Marx,Take This Heart,0,no,yes,yes,yes,yes,,/Users/bobhopp/DJ MEDIA/VIDEO/1990's/Richard Marx - Take This Heart.mp4
RVTR585401,Crazy Frog,The Hamster Dance,0,no,no,no,yes,no,,/Users/bobhopp/DJ MEDIA/VIDEO/2000's/Crazy Frog - The Hamster Dance.mp4
RVTR591617,Movies Dance Scenes,Macarena,0,no,no,no,yes,no,,/Users/bobhopp/DJ MEDIA/VIDEO/2010's/Movies Dance Scenes - Macarena.mp4
RVTR006778,Tyga Ft. Young Thug,Hookah,0,no,no,no,yes,no,,/Users/bobhopp/DJ MEDIA/VIDEO/2010's/Tyga feat. Young Thug - Hookah.MP4
RVTR412045,Chappell Roan,"Good Luck, Babe",0,no,no,yes,yes,yes,,"/Users/bobhopp/DJ MEDIA/VIDEO/2020's/Chappell Roan - Good Luck, Babe.mp4"
RVTR313231,Corrs,When The Stars Go Blue,0,no,no,no,yes,no,,/Users/bobhopp/DJ MEDIA/VIDEO/TECHNO/Corrs - When The Stars Go Blue.mp4
RVTR353989,Enur And Natasja,Calabria 2007,0,no,no,no,yes,no,,/Users/bobhopp/DJ MEDIA/VIDEO/TECHNO/Enur And Natasja - Calabria 2007.mp4
RVTR885216,George Michael,Father Figure,0,no,yes,yes,yes,yes,,/Users/bobhopp/DJ MEDIA/VIDEO/1980's/George Michael - Father Figure.mp4
RVTR847648,Lisa Loeb, Stay (I Missed You),0,no,no,yes,yes,yes,,/Users/bobhopp/DJ MEDIA/VIDEO/1990's/Lisa Loeb - Stay (I Missed You).mp4
RVTR590835,Jason Mraz,Curbside Prophet,0,no,yes,no,yes,yes,,/Users/bobhopp/DJ MEDIA/VIDEO/2000's/Jason Mraz - Curbside Prophet.mp4
RVTR445033,Nine Inch Nails,Survivalism,0,no,yes,yes,yes,yes,,/Users/bobhopp/DJ MEDIA/VIDEO/2000's/Nine Inch Nails - Survivalism.mp4
RVTR242410,Babylon A.D.,Bang Go The Bells,0,no,no,no,yes,no,review,/Users/bobhopp/DJ MEDIA/VIDEO/1980's/Babylon A.D. - Bang Go The Bells.mp4
RVTR471989,Culture Club,I'll Tumble 4 Ya,0,no,no,yes,yes,yes,,/Users/bobhopp/DJ MEDIA/VIDEO/1980's/Culture Club - I'll Tumble 4 Ya.mp4
RVTR499114,Lissie,Nothing Else Matters,0,no,no,no,yes,no,,/Users/bobhopp/DJ MEDIA/VIDEO/2010's/Lissie - Nothing Else Matters.mp4
RVTR566305,Paramore,The Only Exception,0,no,yes,yes,yes,yes,,/Users/bobhopp/DJ MEDIA/VIDEO/2010's/Paramore - The Only Exception.mp4
RVTR776396,After The Fire,Der Kommissar,0,no,no,yes,yes,yes,review,/Users/bobhopp/DJ MEDIA/VIDEO/1980's/After The Fire - Der Kommissar.mp4
RVTR672355,More Than I Can Say,Leo Sayer,0,no,no,no,yes,no,,/Users/bobhopp/DJ MEDIA/VIDEO/1980's/More Than I Can Say - Leo Sayer.mp4
RVTR497022,Rascal Flatts,Summer Nights,0,no,yes,yes,yes,yes,,/Users/bobhopp/DJ MEDIA/VIDEO/2000's/Rascal Flatts - Summer Nights.mp4
RVTR251783,Jordan Knight,Give It To You,0,no,yes,yes,yes,yes,,/Users/bobhopp/DJ MEDIA/VIDEO/1990's/Jordan Knight - Give It To You.mp4
RVTR622951,Radiohead,Fake Plastic Trees,0,no,yes,no,yes,yes,,/Users/bobhopp/DJ MEDIA/VIDEO/1990's/Radiohead - Fake Plastic Trees.mp4
RVTR910888,Paul Simon,Slip Slidin' Away,0,no,no,yes,yes,yes,,/Users/bobhopp/DJ MEDIA/VIDEO/1980's/Paul Simon - Slip Slidin' Away.mp4
RVTR524334,Filter,Gimme All Your Lovin',0,no,no,no,yes,no,,/Users/bobhopp/DJ MEDIA/VIDEO/1990's/Filter - Gimme All Your Lovin'.mp4
RVTR254865,Blotto,I Wanna Be A Lifeguard,0,no,no,no,yes,no,review,/Users/bobhopp/DJ MEDIA/VIDEO/1970's/Blotto - I Wanna Be A Lifeguard.mp4
RVTR556540,Malcolm McLaren,Buffalo Gals,0,no,no,no,yes,yes,,/Users/bobhopp/DJ MEDIA/VIDEO/1980's/Malcolm McLaren - Buffalo Gals.mp4
RVTR555913,Ingrid Andress,Waste of Lime,0,no,no,no,yes,yes,,/Users/bobhopp/DJ MEDIA/VIDEO/2020's/Ingrid Andress - Waste of Lime.mp4
RVTR862303,Yung Gravy,Betty (Get Money),0,no,no,yes,yes,yes,,/Users/bobhopp/DJ MEDIA/VIDEO/2020's/Yung Gravy - Betty (Get Money).mp4
RVTR577391,Jeff Beck,Hi Ho Silver Lining,0,no,no,no,yes,no,,/Users/bobhopp/DJ MEDIA/VIDEO/1960's/Jeff Beck - Hi Ho Silver Lining.mp4
RVTR489741,Spencer Davis Group,I'm a Man,0,no,yes,yes,yes,no,,/Users/bobhopp/DJ MEDIA/VIDEO/1960's/Spencer Davis Group - I'm a Man.mp4
RVTR726038,Kenny Chesney,Beer In Mexico,0,no,yes,yes,yes,yes,,/Users/bobhopp/DJ MEDIA/VIDEO/COUNTRY/FILL/Kenny Chesney - Beer In Mexico.mp4
RVTR664188,Humble Pie,30 Days In The Hole,0,no,yes,no,yes,no,,/Users/bobhopp/DJ MEDIA/VIDEO/1970's/Humble Pie - 30 Days In The Hole.mp4
RVTR391706,Rupert Hine,Surface Tension,0,no,no,no,yes,no,,/Users/bobhopp/DJ MEDIA/VIDEO/1980's/Rupert Hine - Surface Tension.mp4
RVTR025132,Peter Gabriel,Kiss That Frog,0,no,yes,no,yes,yes,,/Users/bobhopp/DJ MEDIA/VIDEO/1990's/Peter Gabriel - Kiss That Frog.mp4
RVTR225137,Nickelback,Gotta Be Somebody,0,no,yes,yes,yes,yes,,/Users/bobhopp/DJ MEDIA/VIDEO/2000's/Nickelback - Gotta Be Somebody.mp4
RVTR938262,Bryce Vine,Miss You A Little,0,no,no,no,yes,no,,/Users/bobhopp/DJ MEDIA/VIDEO/2020's/Bryce Vine - Miss You A Little.mp4
RVTR743410,Mike Furber,You re Back Again,0,no,no,no,yes,no,,/Users/bobhopp/DJ MEDIA/VIDEO/1960's/Mike Furber - You re Back Again.mp4
RVTR017291,Natasha Bedingfield,Strip Me,0,no,yes,yes,yes,yes,,/Users/bobhopp/DJ MEDIA/VIDEO/2010's/Natasha Bedingfield - Strip Me.mp4
RVTR351676,David Bowie,Sound And Vision,0,no,yes,yes,yes,yes,,/Users/bobhopp/DJ MEDIA/VIDEO/1970's/David Bowie - Sound And Vision.mp4
RVTR303257,Ed Sheeran,Castle On The Hill,0,no,yes,yes,yes,yes,,/Users/bobhopp/DJ MEDIA/VIDEO/2010's/Ed Sheeran - Castle On The Hill.mp4
RVTR690943,Flo Rida f./Akon,Who Dat Girl,0,no,no,no,yes,no,,/Users/bobhopp/DJ MEDIA/VIDEO/2010's/Flo Rida f._Akon - Who Dat Girl.mp4
RVTR216097,Depeche Mode,Behind the Wheel,0,no,yes,no,yes,no,,/Users/bobhopp/DJ MEDIA/VIDEO/1980's/Depeche Mode - Behind the Wheel.mp4
RVTR792249,Stevie Nicks,If Anyone Falls,0,no,yes,yes,yes,yes,,/Users/bobhopp/DJ MEDIA/VIDEO/1980's/Stevie Nicks - If Anyone Falls.mp4
RVTR253848,Spectrum,How You Satisfy Me,0,no,no,no,yes,yes,,/Users/bobhopp/DJ MEDIA/VIDEO/1990's/Spectrum - How You Satisfy Me.mp4
RVTR628119,Norah Jones,Tennessee Waltz,0,no,no,no,yes,yes,,/Users/bobhopp/DJ MEDIA/VIDEO/2000's/Norah Jones - Tennessee Waltz.mp4
RVTR737964,The J. Geils Band,Love Stinks,0,no,yes,yes,yes,yes,,/Users/bobhopp/DJ MEDIA/VIDEO/1980's/The J. Geils Band - Love Stinks.mp4
RVTR963111,Miley Cyrus,Edge of Midnight,0,no,no,no,yes,no,,/Users/bobhopp/DJ MEDIA/VIDEO/2020's/Miley Cyrus - Edge of Midnight.mp4
RVTR805253,Split Enz,Message To My Girl,0,no,yes,no,yes,no,,/Users/bobhopp/DJ MEDIA/VIDEO/1980's/Split Enz - Message To My Girl.mp4
RVTR452317,Justin Bieber,Love Yourself,0,no,yes,yes,yes,yes,,/Users/bobhopp/DJ MEDIA/VIDEO/2010's/Justin Bieber - Love Yourself.mp4
RVTR717528,Kidd G,Summer In A Small Town,0,no,no,no,yes,yes,,/Users/bobhopp/DJ MEDIA/VIDEO/2010's/Kidd G - Summer In A Small Town.mp4
RVTR747677,Pretenders,I'll Stand By You,0,no,no,yes,yes,yes,,/Users/bobhopp/DJ MEDIA/VIDEO/1990's/Pretenders - I'll Stand By You.mp4
RVTR141936,Celine Dion,I Drove All Night,0,no,no,yes,yes,yes,,/Users/bobhopp/DJ MEDIA/VIDEO/2000's/Celine Dion - I Drove All Night.mp4
RVTR510168,Montgomery Gentry,Hell Yeah,0,no,yes,yes,yes,yes,,/Users/bobhopp/DJ MEDIA/VIDEO/2000's/Montgomery Gentry - Hell Yeah.mp4
RVTR324678,Poison,We're An American Band,0,no,no,no,yes,no,,/Users/bobhopp/DJ MEDIA/VIDEO/TECHNO/Poison - We're An American Band.mp4
RVTR918036,Musique vs. U2,New Year's Dub,0,no,no,no,yes,no,,/Users/bobhopp/DJ MEDIA/VIDEO/TECHNO/Musique vs. U2 - New Year's Dub.mp4
RVTR340784,The Replacements,Achin' To Be,0,no,no,no,yes,yes,,/Users/bobhopp/DJ MEDIA/VIDEO/1980's/The Replacements - Achin' To Be.mp4
RVTR878607,LL Cool J,Around The Way Girl,0,no,yes,yes,yes,yes,,/Users/bobhopp/DJ MEDIA/VIDEO/1990's/LL Cool J - Around The Way Girl.mp4
RVTR103077,Tim Mcgraw,How I'll Always Be,0,no,no,yes,yes,yes,,/Users/bobhopp/DJ MEDIA/VIDEO/2010's/Tim Mcgraw - How I'll Always Be.mp4
RVTR646792,Jessica Simpson,A Little Bit,0,no,yes,no,yes,no,,/Users/bobhopp/DJ MEDIA/VIDEO/TECHNO/Jessica Simpson - A Little Bit.mp4
RVTR029111,Pet Shop Boys,Domino Dancing,0,no,yes,yes,yes,yes,,/Users/bobhopp/DJ MEDIA/VIDEO/1980's/Pet Shop Boys - Domino Dancing.mp4
RVTR487180,Alanis Morissette,Thank You,0,no,yes,no,yes,no,review,/Users/bobhopp/DJ MEDIA/VIDEO/1990's/Alanis Morissette - Thank You.mp4
RVTR044793,Timbaland,Morning After Dark,0,no,no,yes,yes,yes,,/Users/bobhopp/DJ MEDIA/VIDEO/2000's/Timbaland - Morning After Dark.mp4
RVTR510985,Valentino Khan,Deep Down Low,0,no,no,no,yes,no,,/Users/bobhopp/DJ MEDIA/VIDEO/2010's/Valentino Khan - Deep Down Low.mp4
RVTR476763,Major Boys,Friday Night Kids,0,no,no,no,yes,no,,/Users/bobhopp/DJ MEDIA/VIDEO/TECHNO/Major Boys - Friday Night Kids.mp4
RVTR449503,Joni Mitchell,Both Sides Now,0,no,yes,no,yes,yes,,/Users/bobhopp/DJ MEDIA/VIDEO/1970's/Joni Mitchell - Both Sides Now.mp4
RVTR439867,Selena Gomez,Hands To Myself,0,no,yes,yes,yes,yes,,/Users/bobhopp/DJ MEDIA/VIDEO/2010's/Selena Gomez - Hands To Myself.mp4
RVTR052202,JJ Grey & Mofro,Brighter Days,0,no,no,no,yes,yes,,/Users/bobhopp/DJ MEDIA/VIDEO/2000's/JJ Grey & Mofro - Brighter Days.mp4
RVTR645004,Little Big Town,Day Drinking,0,no,yes,yes,yes,yes,,/Users/bobhopp/DJ MEDIA/VIDEO/2010's/Little Big Town - Day Drinking.mp4
RVTR962749,Public Enemy,Fight The Power,0,no,no,no,yes,yes,,/Users/bobhopp/DJ MEDIA/VIDEO/1980's/Public Enemy - Fight The Power.mp4
RVTR694061,Black Eyed Peas,Boom Boom Pow,0,no,yes,yes,yes,no,review,/Users/bobhopp/DJ MEDIA/VIDEO/2000's/Black Eyed Peas - Boom Boom Pow.mp4
RVTR420039,Disturbed ,Another Way To Die,0,no,yes,yes,yes,yes,,/Users/bobhopp/DJ MEDIA/VIDEO/2010's/Disturbed - Another Way To Die.mp4
RVTR345519,Janet Jackson,Together Again,0,no,no,no,yes,no,,/Users/bobhopp/DJ MEDIA/VIDEO/TECHNO/Janet Jackson - Together Again.mp4
RVTR859207,Ph.D,Little Susie's On The Up,0,no,no,no,yes,no,,/Users/bobhopp/DJ MEDIA/VIDEO/1980's/Ph.D - Little Susie's On The Up.mp4
RVTR686612,Snowy White,Bird Of Paradise,0,no,no,no,yes,no,,/Users/bobhopp/DJ MEDIA/VIDEO/1980's/Snowy White - Bird Of Paradise.mp4
RVTR404196,Lady Antebellum,Need You Now,0,no,yes,yes,yes,yes,,/Users/bobhopp/DJ MEDIA/VIDEO/2010's/Lady Antebellum - Need You Now.mp4
RVTR568978,Justin Moore,Til My Last Day,0,no,no,yes,yes,yes,,/Users/bobhopp/DJ MEDIA/VIDEO/COUNTRY/FILL/Justin Moore - Til My Last Day.mp4
RVTR351300,Ashlee Simpson,Outta My Head,0,no,no,no,yes,no,review,/Users/bobhopp/DJ MEDIA/VIDEO/TECHNO/Ashlee Simpson - Outta My Head.mp4
RVTR874852,Soda Club,Take My Breath Away,0,no,no,no,yes,no,,/Users/bobhopp/DJ MEDIA/VIDEO/TECHNO/Soda Club - Take My Breath Away.mp4
RVTR983427,Vanessa Williams,Breathless,0,no,yes,no,yes,no,,/Users/bobhopp/DJ MEDIA/VIDEO/TECHNO/Vanessa Williams - Breathless.mp4
RVTR974485,Scritti Politti,Perfect Way,0,no,yes,yes,yes,yes,,/Users/bobhopp/DJ MEDIA/VIDEO/1980's/Scritti Politti - Perfect Way.mp4
RVTR331775,Paul Cauthen, Holy Ghost Fire,0,no,no,no,yes,no,,/Users/bobhopp/DJ MEDIA/VIDEO/2010's/Paul Cauthen - Holy Ghost Fire.mp4
RVTR825163,Modest Mouse,Missed The Boat,0,no,no,no,yes,no,,/Users/bobhopp/DJ MEDIA/VIDEO/TECHNO/Modest Mouse - Missed The Boat.mp4
RVTR751390,The Stone Foxes,I'm a King Bee,0,no,no,no,yes,yes,,/Users/bobhopp/DJ MEDIA/VIDEO/2010's/The Stone Foxes - I'm a King Bee.mp4
RVTR671039,Miranda Lambert,Tequila Does,0,no,no,no,yes,yes,,/Users/bobhopp/DJ MEDIA/VIDEO/2010's/Miranda Lambert - Tequila Does.mp4
RVTR678103,Miley Cyrus,Used To Be Young,0,no,no,yes,yes,yes,,/Users/bobhopp/DJ MEDIA/VIDEO/2020's/Miley Cyrus - Used To Be Young.mp4
RVTR593695,Juice Newton,Queen Of Hearts,0,no,yes,yes,yes,yes,,/Users/bobhopp/DJ MEDIA/VIDEO/1980's/Juice Newton - Queen Of Hearts.mp4
RVTR162473,Gucci Mane F.Usher,Spotlight,0,no,no,no,yes,no,,/Users/bobhopp/DJ MEDIA/VIDEO/2000's/Gucci Mane F.Usher - Spotlight.mp4
RVTR974253,Global DeeJays,What A Feeling,0,no,no,no,yes,no,,/Users/bobhopp/DJ MEDIA/VIDEO/TECHNO/Global DeeJays - What A Feeling.mp4
RVTR882542,Dana Fuchs,I'd Rather Go Blind,0,no,no,no,yes,no,,/Users/bobhopp/DJ MEDIA/VIDEO/1960's/Dana Fuchs - I'd Rather Go Blind.mp4
RVTR191910,Leona Lewis,Hotel California,0,no,no,no,yes,no,,/Users/bobhopp/DJ MEDIA/VIDEO/2000's/Leona Lewis - Hotel California.mp4
RVTR688897,Maroon 5,Goodnight Goodnight,0,no,yes,no,yes,no,,/Users/bobhopp/DJ MEDIA/VIDEO/TECHNO/Maroon 5 - Goodnight Goodnight.mp4
RVTR853627,Richard Marx,Keep Coming Back,0,no,yes,yes,yes,yes,,/Users/bobhopp/DJ MEDIA/VIDEO/1990's/Richard Marx - Keep Coming Back.mp4
RVTR092500,Shawn Colvin,Sunny Came Home,0,no,yes,yes,yes,yes,,/Users/bobhopp/DJ MEDIA/VIDEO/1990's/Shawn Colvin - Sunny Came Home.mp4
RVTR329198,Jessica Simpson,Come On Over,0,no,yes,yes,yes,yes,,/Users/bobhopp/DJ MEDIA/VIDEO/2000's/Jessica Simpson - Come On Over.mp4
RVTR069033,Blake Shelton,God Gave Me You,0,no,yes,yes,yes,yes,review,/Users/bobhopp/DJ MEDIA/VIDEO/COUNTRY/FILL/Blake Shelton - God Gave Me You.mp4
RVTR464439,Bon Jovi,Lay Your Hands On Me,0,no,yes,yes,yes,yes,,/Users/bobhopp/DJ MEDIA/VIDEO/1980's/Bon Jovi - Lay Your Hands On Me.mp4
RVTR612478,Luke Combs,Forever After All,0,no,no,yes,yes,yes,,/Users/bobhopp/DJ MEDIA/VIDEO/COUNTRY/FILL/Luke Combs - Forever After All .mp4
RVTR833368,Elvis Costello,Shipbuilding,0,no,yes,no,yes,no,,/Users/bobhopp/DJ MEDIA/VIDEO/1980's/Elvis Costello - Shipbuilding.mp4
RVTR644132,Madonna,The Power Of Good Bye,0,no,yes,yes,yes,no,,/Users/bobhopp/DJ MEDIA/VIDEO/1990's/Madonna - The Power Of Good Bye.mp4
RVTR631319,Conkarah (feat. Shaggy),Banana,0,no,no,no,yes,yes,,/Users/bobhopp/DJ MEDIA/VIDEO/2020's/Conkarah (feat. Shaggy) - Banana.mp4
RVTR211605,Le Click,Tonight Is The Night,0,no,no,yes,yes,yes,,/Users/bobhopp/DJ MEDIA/VIDEO/1990's/Le Click - Tonight Is The Night.mp4
RVTR966758,Madonna,Thunderpuss Megamix,0,no,no,no,yes,no,,/Users/bobhopp/DJ MEDIA/VIDEO/2000's/Madonna - Thunderpuss Megamix.mp4
RVTR555942,Sam Hunt,Body Like A Back Road,0,no,no,yes,yes,yes,,/Users/bobhopp/DJ MEDIA/VIDEO/2020's/Sam Hunt - Body Like A Back Road.mp4
RVTR228461,Kellie Pickler,Red High Heels,0,no,yes,yes,yes,yes,,/Users/bobhopp/DJ MEDIA/VIDEO/2000's/Kellie Pickler - Red High Heels.mp4
RVTR704972,Shakira Ft. Maluma,Chantaje,0,no,no,no,yes,no,,/Users/bobhopp/DJ MEDIA/VIDEO/2010's/Shakira feat. Maluma - Chantaje.mp4
RVTR996951,Britney Spears,I'm A Slave 4 U,0,no,yes,yes,yes,yes,,/Users/bobhopp/DJ MEDIA/VIDEO/2000's/Britney Spears - I'm A Slave 4 U.mp4
RVTR592699,David Guetta f./Sia,Titanium,0,no,no,no,yes,no,,/Users/bobhopp/DJ MEDIA/VIDEO/2010's/David Guetta f._Sia - Titanium.mp4
RVTR844618,Tumbling Dice,Linda Ronstadt,0,no,no,no,yes,yes,,/Users/bobhopp/DJ MEDIA/VIDEO/1970's/Tumbling Dice - Linda Ronstadt.mp4
RVTR517201,Sean Kingston,Take You There,0,no,yes,yes,yes,yes,,/Users/bobhopp/DJ MEDIA/VIDEO/2000's/Sean Kingston - Take You There.mp4
RVTR069405,"10,000 Maniacs",Like the Weather,0,no,yes,yes,yes,yes,review,"/Users/bobhopp/DJ MEDIA/VIDEO/1980's/10,000 Maniacs - Like the Weather.mp4"
RVTR288575,Luther Vandross,Here And Now,0,no,yes,yes,yes,yes,,/Users/bobhopp/DJ MEDIA/VIDEO/1990's/Luther Vandross - Here And Now.mp4
RVTR389198,Pitbull,Don't Stop The Party,0,no,no,yes,yes,yes,,/Users/bobhopp/DJ MEDIA/VIDEO/2010's/Pitbull - Don't Stop The Party.mp4
RVTR563813,Tommy Shaw,Fooling Yourself,0,no,no,no,yes,no,,/Users/bobhopp/DJ MEDIA/VIDEO/1970's/Tommy Shaw - Fooling Yourself.mp4
RVTR831641,Colt Ford feat. Jake Owen,Back,0,no,no,no,yes,yes,,/Users/bobhopp/DJ MEDIA/VIDEO/1980's/Colt Ford feat. Jake Owen - Back.mp4
RVTR594717,Technotronic,Pump Up The Jam,0,no,no,yes,yes,yes,,/Users/bobhopp/DJ MEDIA/VIDEO/1980's/Technotronic - Pump Up The Jam.mp4
RVTR374738,Hank Williams,I Saw The Light,0,no,no,no,yes,yes,,/Users/bobhopp/DJ MEDIA/VIDEO/1980's/Hank Williams - I Saw The Light.mp4
RVTR187946,James Blunt,You're Beautiful,0,no,yes,yes,yes,yes,,/Users/bobhopp/DJ MEDIA/VIDEO/2000's/James Blunt - You're Beautiful.mp4
RVTR185199,"Academy Is..., The",About A Girl,0,no,no,no,yes,no,review,"/Users/bobhopp/DJ MEDIA/VIDEO/TECHNO/Academy Is..., The - About A Girl.mp4"
RVTR308238,Camila Cabello,Million To One,0,no,no,no,yes,no,,/Users/bobhopp/DJ MEDIA/VIDEO/2020's/Camila Cabello - Million To One.mp4
RVTR821656,Wale feat. Chris Brown,Angles,0,no,no,no,yes,no,,/Users/bobhopp/DJ MEDIA/VIDEO/2020's/Wale feat. Chris Brown - Angles.mp4
RVTR585991,Carly Simon,My New Boyfriend,0,no,yes,no,yes,no,,/Users/bobhopp/DJ MEDIA/VIDEO/1980's/Carly Simon - My New Boyfriend.mp4
RVTR193842,Panic! At The Disco,High Hopes,0,no,yes,yes,yes,yes,,/Users/bobhopp/DJ MEDIA/VIDEO/2010's/Panic! At The Disco - High Hopes.mp4
RVTR688044,James Brown,Prisoner of Love,0,no,yes,no,yes,no,,/Users/bobhopp/DJ MEDIA/VIDEO/1960's/James Brown - Prisoner of Love.mp4
RVTR418424,Aerosmith,Lightning Strikes,0,no,yes,no,yes,yes,review,/Users/bobhopp/DJ MEDIA/VIDEO/1980's/Aerosmith - Lightning Strikes.mp4
RVTR279746,Metallica,The Memory Remains,0,no,yes,yes,yes,yes,,/Users/bobhopp/DJ MEDIA/VIDEO/1990's/Metallica - The Memory Remains.mp4
RVTR114211,Peabo Bryson,Whole New World,0,no,no,no,yes,no,,/Users/bobhopp/DJ MEDIA/VIDEO/1990's/Peabo Bryson - Whole New World.mp4
RVTR447060,Paul Carrack,Don't Shed a Tear,0,no,yes,yes,yes,yes,,/Users/bobhopp/DJ MEDIA/VIDEO/1980's/Paul Carrack - Don't Shed a Tear.mp4
RVTR507325,Sean Kingston,There's Nothin,0,no,yes,yes,yes,yes,,/Users/bobhopp/DJ MEDIA/VIDEO/2000's/Sean Kingston - There's Nothin.mp4
RVTR697707,Jason Aldean,Dirt Road Anthem,0,no,yes,yes,yes,yes,,/Users/bobhopp/DJ MEDIA/VIDEO/2010's/Jason Aldean - Dirt Road Anthem.mp4
RVTR893923,Maggie Lindemann,Pretty Girl,0,no,no,no,yes,no,,/Users/bobhopp/DJ MEDIA/VIDEO/2010's/Maggie Lindemann - Pretty Girl.mp4
RVTR869571,Sundance Head,Darlin' Don't Go,0,no,no,yes,yes,yes,,/Users/bobhopp/DJ MEDIA/VIDEO/2010's/Sundance Head - Darlin' Don't Go.mp4
RVTR739799,David Nail,Whatever She's Got,0,no,no,yes,yes,yes,,/Users/bobhopp/DJ MEDIA/VIDEO/COUNTRY/FILL/David Nail - Whatever She's Got.mp4
RVTR792720,Aretha Franklin,A Deeper Love,0,no,no,yes,yes,yes,review,/Users/bobhopp/DJ MEDIA/VIDEO/TECHNO/Aretha Franklin - A Deeper Love.mp4
RVTR705933,Andrew Gold,Go Back Home Again,0,no,yes,no,yes,no,review,/Users/bobhopp/DJ MEDIA/VIDEO/1970's/Andrew Gold - Go Back Home Again.mp4
RVTR415214,Bon Jovi,All About Lovin' You,0,no,no,no,yes,no,,/Users/bobhopp/DJ MEDIA/VIDEO/2000's/Bon Jovi - All About Lovin' You.mp4
RVTR660106,T Pain & Yung Joc,Buy U A Drank,0,no,no,no,yes,no,,/Users/bobhopp/DJ MEDIA/VIDEO/2000's/T Pain & Yung Joc - Buy U A Drank.mp4
RVTR010313,Green Day,American Idiot Live,0,no,no,no,yes,no,,/Users/bobhopp/DJ MEDIA/VIDEO/2000's/Green Day - American Idiot Live.mp4
RVTR500044,Carrie Underwood,Southbound,0,no,yes,yes,yes,yes,,/Users/bobhopp/DJ MEDIA/VIDEO/2010's/Carrie Underwood - Southbound.mp4
RVTR640928,Miranda Lambert,Somethin' Bad,0,no,no,no,yes,yes,,/Users/bobhopp/DJ MEDIA/VIDEO/2010's/Miranda Lambert - Somethin' Bad.mp4
RVTR305750,Jay And The Americans,Cara Mia,0,yes,no,no,yes,no,cards_ready,/Users/bobhopp/DJ MEDIA/VIDEO/1960's/Jay And The Americans - Cara Mia.mp4
RVTR231779,Peggy March,I Will Follow Him,0,no,no,no,yes,no,,/Users/bobhopp/DJ MEDIA/VIDEO/1960's/Peggy March - I Will Follow Him.mp4
RVTR765716,Ellen Foley,Boys In The Attic,0,no,no,no,yes,no,,/Users/bobhopp/DJ MEDIA/VIDEO/1980's/Ellen Foley - Boys In The Attic.mp4
RVTR720679,Money Mark,Pick Up The Pieces,0,no,no,no,yes,no,,/Users/bobhopp/DJ MEDIA/VIDEO/TECHNO/Money Mark - Pick Up The Pieces.mp4
RVTR185267,Psychedelic Furs,Love My Way,0,no,yes,yes,yes,yes,,/Users/bobhopp/DJ MEDIA/VIDEO/1980's/Psychedelic Furs - Love My Way.mp4
RVTR277396,Ting Tings,That's Not My Name,0,no,no,no,yes,no,,/Users/bobhopp/DJ MEDIA/VIDEO/2000's/Ting Tings - That's Not My Name.mp4
RVTR702044,Kenny Chesney,Out Last Night,0,no,yes,yes,yes,yes,,/Users/bobhopp/DJ MEDIA/VIDEO/COUNTRY/FILL/Kenny Chesney - Out Last Night.mp4
RVTR734914,New Kids On The Block,Tonight,0,no,yes,yes,yes,yes,,/Users/bobhopp/DJ MEDIA/VIDEO/1990's/New Kids On The Block - Tonight.mp4
RVTR302716,Alice In Chains,Check My Brain,0,no,yes,yes,yes,yes,review,/Users/bobhopp/DJ MEDIA/VIDEO/2000's/Alice In Chains - Check My Brain.mp4
RVTR010856,Brad Paisley,Mud On The Tires,0,no,yes,yes,yes,yes,,/Users/bobhopp/DJ MEDIA/VIDEO/2000's/Brad Paisley - Mud On The Tires.mp4
RVTR613167,Norah Jones,Come Away With Me,0,no,yes,no,yes,no,,/Users/bobhopp/DJ MEDIA/VIDEO/2000's/Norah Jones - Come Away With Me.mp4
RVTR955596,ABBA,I Still Have Faith In You,0,no,no,no,yes,yes,review,/Users/bobhopp/DJ MEDIA/VIDEO/2020's/ABBA - I Still Have Faith In You.mp4
RVTR420918,Killswitch Engage,Holy Diver,0,no,no,no,yes,no,,/Users/bobhopp/DJ MEDIA/VIDEO/TECHNO/Killswitch Engage - Holy Diver.mp4
RVTR292797,Hank Williams,Cold Cold Heart,0,no,no,no,yes,yes,,/Users/bobhopp/DJ MEDIA/VIDEO/1950's/Hank Williams - Cold Cold Heart.mp4
RVTR259395,Fall Out Boy,Thnks Fr Th Mmrs,0,no,yes,yes,yes,yes,,/Users/bobhopp/DJ MEDIA/VIDEO/2000's/Fall Out Boy - Thnks Fr Th Mmrs.mp4
RVTR778787,Scott McKenzie,San Francisco,0,no,yes,yes,yes,yes,,/Users/bobhopp/DJ MEDIA/VIDEO/1960's/Scott McKenzie - San Francisco.mp4
RVTR141268,C.C. Catch,Cause You Are Young,0,no,no,no,yes,no,,/Users/bobhopp/DJ MEDIA/VIDEO/1980's/C.C. Catch - Cause You Are Young.mp4
RVTR787640,Alanis Morissette,Uninvited,0,no,no,no,yes,no,review,/Users/bobhopp/DJ MEDIA/VIDEO/1990's/Alanis Morissette - Uninvited.mp4
RVTR887050,George Strait,Check Yes Or No,0,no,yes,no,yes,no,,/Users/bobhopp/DJ MEDIA/VIDEO/1990's/George Strait - Check Yes Or No.mp4
RVTR861642,Keri Hilson,Pretty Girl Rock,0,no,yes,yes,yes,yes,,/Users/bobhopp/DJ MEDIA/VIDEO/2010's/Keri Hilson - Pretty Girl Rock.mp4
RVTR939331,Jam & Spoon,Right In The Night,0,no,no,no,yes,no,,/Users/bobhopp/DJ MEDIA/VIDEO/TECHNO/Jam & Spoon - Right In The Night.mp4
RVTR671889,Thrice,Image Of The Invisible,0,no,no,no,yes,no,,/Users/bobhopp/DJ MEDIA/VIDEO/TECHNO/Thrice - Image Of The Invisible.mp4
RVTR111776,Afrika Bambaattaa,Planet Rock,0,no,no,no,yes,no,review,/Users/bobhopp/DJ MEDIA/VIDEO/1980's/Afrika Bambaattaa - Planet Rock.mp4
RVTR196370,Bryan Adams,Please Forgive Me,0,no,no,yes,yes,yes,,/Users/bobhopp/DJ MEDIA/VIDEO/1990's/Bryan Adams - Please Forgive Me.mp4
RVTR557658,Jack Johnson,Better Together,0,no,yes,no,yes,no,,/Users/bobhopp/DJ MEDIA/VIDEO/2000's/Jack Johnson - Better Together.mp4
RVTR893618,The Grass Roots,Heaven Knows,0,no,no,yes,yes,yes,,/Users/bobhopp/DJ MEDIA/VIDEO/1960's/The Grass Roots - Heaven Knows.mp4
RVTR860850,B Rock & The Bizz,My Baby Daddy,0,no,no,no,yes,no,review,/Users/bobhopp/DJ MEDIA/VIDEO/1990's/B Rock & The Bizz - My Baby Daddy.mp4
RVTR026379,Brooklyn Bounce,Club Bizarre,0,no,no,no,yes,no,,/Users/bobhopp/DJ MEDIA/VIDEO/2000's/Brooklyn Bounce - Club Bizarre.mp4
RVTR547483,Florida Georgia Line,Sun Daze,0,no,yes,yes,yes,yes,,/Users/bobhopp/DJ MEDIA/VIDEO/COUNTRY/FILL/Florida Georgia Line - Sun Daze.MP4
RVTR635006,Barry Manilow,Life Will Go On,0,no,yes,no,yes,no,review,/Users/bobhopp/DJ MEDIA/VIDEO/1980's/Barry Manilow - Life Will Go On.mp4
RVTR102699,Colbie Caillat,Fallin For You,0,no,no,no,yes,no,,/Users/bobhopp/DJ MEDIA/VIDEO/2000's/Colbie Caillat - Fallin For You.mp4
RVTR992021,Deana Carter,Strawberry Wine,0,no,no,yes,yes,yes,,/Users/bobhopp/DJ MEDIA/VIDEO/COUNTRY/FILL/Deana Carter - Strawberry Wine.mp4
RVTR599729,R.L. Burnside,Let My Baby Ride,0,yes,no,no,yes,no,cards_ready,/Users/bobhopp/DJ MEDIA/VIDEO/1960's/R.L. Burnside - Let My Baby Ride.mp4
RVTR465449,Bruce Springsteen,I'm On Fire,0,no,no,yes,yes,yes,,/Users/bobhopp/DJ MEDIA/VIDEO/1980's/Bruce Springsteen - I'm On Fire.mp4
RVTR729277,Gloria Gaynor,I Will Survive,0,no,yes,yes,yes,yes,,/Users/bobhopp/DJ MEDIA/VIDEO/1980's/Gloria Gaynor - I Will Survive.mp4
RVTR751372,Flo Rida F.Timbaland,Elevator,0,no,no,no,yes,no,,/Users/bobhopp/DJ MEDIA/VIDEO/2000's/Flo Rida F.Timbaland - Elevator.mp4
RVTR745903,Modern Talking,Brother Louie,0,no,no,no,yes,no,,/Users/bobhopp/DJ MEDIA/VIDEO/TECHNO/Modern Talking - Brother Louie.mp4
RVTR892801,Eric Clapton,My Father's Eyes,0,no,no,no,yes,yes,,/Users/bobhopp/DJ MEDIA/VIDEO/1990's/Eric Clapton - My Father's Eyes.mp4
RVTR816144,Rixton,Me And My Broken Heart,0,no,yes,yes,yes,yes,,/Users/bobhopp/DJ MEDIA/VIDEO/2010's/Rixton - Me And My Broken Heart.mp4
RVTR863496,Luke Bryan,All My Friends Say,0,no,yes,yes,yes,yes,,/Users/bobhopp/DJ MEDIA/VIDEO/COUNTRY/FILL/Luke Bryan - All My Friends Say.mp4
RVTR046208,Pretenders,Middle Of The Road,0,no,yes,yes,yes,yes,,/Users/bobhopp/DJ MEDIA/VIDEO/1980's/Pretenders - Middle Of The Road.mp4
RVTR662904,BlackHawk,Goodbye Says It All,0,no,yes,no,yes,no,review,/Users/bobhopp/DJ MEDIA/VIDEO/1990's/BlackHawk - Goodbye Says It All.mp4
RVTR972323,Taylor Swift,The Story Of Us,0,no,yes,yes,yes,yes,,/Users/bobhopp/DJ MEDIA/VIDEO/2010's/Taylor Swift - The Story Of Us.mp4
RVTR849550,Alice In Chains,Your Decision,0,no,yes,no,yes,no,review,/Users/bobhopp/DJ MEDIA/VIDEO/1990's/Alice In Chains - Your Decision.mp4
RVTR340823,Ringo Starr,Back Off Boogaloo,0,no,yes,yes,yes,yes,,/Users/bobhopp/DJ MEDIA/VIDEO/1970's/Ringo Starr - Back Off Boogaloo.mp4
RVTR482853,Beyoncé feat. Jay Z,Drunk In Love,0,no,no,no,yes,no,review,/Users/bobhopp/DJ MEDIA/VIDEO/2010's/Beyoncé feat. Jay Z - Drunk In Love.mp4
RVTR162962,The Beatles,Til There Was You,0,no,no,no,yes,no,,/Users/bobhopp/DJ MEDIA/VIDEO/1960's/The Beatles - Til There Was You.mp4
RVTR845564,James Brown,Living In America,0,no,yes,yes,yes,yes,,/Users/bobhopp/DJ MEDIA/VIDEO/1980's/James Brown - Living In America.mp4
RVTR226995,Vanessa Carlton,Ordinary Day,0,no,yes,yes,yes,yes,,/Users/bobhopp/DJ MEDIA/VIDEO/2000's/Vanessa Carlton - Ordinary Day.mp4
RVTR499868,Calum Scott,Dancing On My Own,0,no,yes,yes,yes,yes,,/Users/bobhopp/DJ MEDIA/VIDEO/2010's/Calum Scott - Dancing On My Own.mp4
RVTR823178,Good Charlotte,Little Things,0,no,yes,no,yes,no,,/Users/bobhopp/DJ MEDIA/VIDEO/TECHNO/Good Charlotte - Little Things.mp4
RVTR071232,Uniting Nations,Out Of Touch,0,no,no,no,yes,no,,/Users/bobhopp/DJ MEDIA/VIDEO/TECHNO/Uniting Nations - Out Of Touch.mp4
RVTR568590,Phil Collins,Against All Odds,0,no,yes,yes,yes,yes,,/Users/bobhopp/DJ MEDIA/VIDEO/1980's/Phil Collins - Against All Odds.mp4
RVTR753403,A Perfect Circle,The Outsider,0,no,no,yes,yes,yes,review,/Users/bobhopp/DJ MEDIA/VIDEO/2000's/A Perfect Circle - The Outsider.mp4
RVTR303103,Lifehouse,Hanging By A Moment,0,no,yes,yes,yes,yes,,/Users/bobhopp/DJ MEDIA/VIDEO/2000's/Lifehouse - Hanging By A Moment.mp4
RVTR830469,Christina Aguilera,Your Body,0,no,yes,yes,yes,yes,,/Users/bobhopp/DJ MEDIA/VIDEO/2010's/Christina Aguilera - Your Body.mp4
RVTR910220,Tinashe Ft. Schoolboy Q,2 On,0,no,no,no,yes,no,,/Users/bobhopp/DJ MEDIA/VIDEO/2010's/Tinashe feat. Schoolboy Q - 2 On.MP4
RVTR458624,Gretchen Wilson,All Jacked Up,0,no,yes,yes,yes,yes,,/Users/bobhopp/DJ MEDIA/VIDEO/COUNTRY/FILL/Gretchen Wilson - All Jacked Up.mp4
RVTR682122,Cypress Hill,Hand on the Pump,0,no,yes,no,yes,no,,/Users/bobhopp/DJ MEDIA/VIDEO/1990's/Cypress Hill - Hand on the Pump.mp4
RVTR027457,The Vogues,Five O'Clock World,0,no,no,yes,yes,yes,,/Users/bobhopp/DJ MEDIA/VIDEO/1960's/The Vogues - Five O'Clock World.mp4
RVTR445629,Debbie Gibson,Shake Your Love,0,no,yes,yes,yes,yes,,/Users/bobhopp/DJ MEDIA/VIDEO/1980's/Debbie Gibson - Shake Your Love.mp4
RVTR871673,Jennifer Lopez,Let's Get Loud,0,no,no,no,yes,no,,/Users/bobhopp/DJ MEDIA/VIDEO/1990's/Jennifer Lopez - Let's Get Loud.mp4
RVTR333370,Iggy Azalea,Iam The Stripclub,0,no,no,no,yes,no,,/Users/bobhopp/DJ MEDIA/VIDEO/2020's/Iggy Azalea - Iam The Stripclub.mp4
RVTR899138,Randy And The Rainbows,Denise,0,no,no,no,yes,no,,/Users/bobhopp/DJ MEDIA/VIDEO/1960's/Randy And The Rainbows - Denise.MP4
RVTR173206,Trisha Yearwood,How Do I Live,0,no,no,yes,yes,yes,,/Users/bobhopp/DJ MEDIA/VIDEO/COUNTRY/FILL/Trisha Yearwood - How Do I Live.mp4
RVTR033483,Talking Heads,Road To Nowhere,0,no,yes,no,yes,no,,/Users/bobhopp/DJ MEDIA/VIDEO/1980's/Talking Heads - Road To Nowhere.mp4
RVTR844717,Christina Aguilera,Beautiful,0,no,yes,yes,yes,yes,,/Users/bobhopp/DJ MEDIA/VIDEO/2000's/Christina Aguilera - Beautiful.mp4
RVTR937487,Chuck Berry,You Can't Catch Me,0,no,no,no,yes,no,,/Users/bobhopp/DJ MEDIA/VIDEO/1950's/Chuck Berry - You Can't Catch Me.mp4
RVTR802960,Jody Watley,Don't You Want Me,0,no,yes,yes,yes,yes,,/Users/bobhopp/DJ MEDIA/VIDEO/1980's/Jody Watley - Don't You Want Me.mp4
RVTR258420,Tielman Brothers,Rollin Rock,0,no,no,no,yes,no,,/Users/bobhopp/DJ MEDIA/VIDEO/1960's/Tielman Brothers - Rollin Rock.mp4
RVTR388826,Blue Swede,Hooked On A Feeling,0,no,yes,yes,yes,yes,review,/Users/bobhopp/DJ MEDIA/VIDEO/1970's/Blue Swede - Hooked On A Feeling.mp4
RVTR001420,Honeymoon Suite,New Girl Now,0,no,yes,yes,yes,yes,,/Users/bobhopp/DJ MEDIA/VIDEO/1980's/Honeymoon Suite - New Girl Now.mp4
RVTR360222,Mariah Carey,Through The Rain,0,no,yes,yes,yes,yes,,/Users/bobhopp/DJ MEDIA/VIDEO/2000's/Mariah Carey - Through The Rain.mp4
RVTR983353,Martin Solveig,Rocking Music,0,no,no,no,yes,no,,/Users/bobhopp/DJ MEDIA/VIDEO/TECHNO/Martin Solveig - Rocking Music.mp4
RVTR618798,Taylor Swift,Back To December,0,no,yes,yes,yes,yes,,/Users/bobhopp/DJ MEDIA/VIDEO/2010's/Taylor Swift - Back To December.mp4
RVTR148254,Zac Brown Band,The Foundation,0,no,no,no,yes,no,,/Users/bobhopp/DJ MEDIA/VIDEO/COUNTRY/FILL/Zac Brown Band - The Foundation.mp4
RVTR479456,The Script,For The First Time,0,no,no,yes,yes,yes,,/Users/bobhopp/DJ MEDIA/VIDEO/2010's/The Script - For The First Time.mp4
RVTR359950,Rick Astley,Together Forever,0,no,yes,yes,yes,yes,,/Users/bobhopp/DJ MEDIA/VIDEO/1980's/Rick Astley - Together Forever.mp4
RVTR464580,Shakira f./Dizzee Rascal,Loca,0,no,no,no,yes,no,,/Users/bobhopp/DJ MEDIA/VIDEO/2010's/Shakira f._Dizzee Rascal - Loca.mp4
RVTR410280,Teeflii Ft. 2 Chainz,24 Hours,0,no,no,no,yes,no,,/Users/bobhopp/DJ MEDIA/VIDEO/2010's/Teeflii feat. 2 Chainz - 24 Hours.mp4
RVTR665354,The Who,Won't Get Fooled Again,0,no,yes,yes,yes,yes,,/Users/bobhopp/DJ MEDIA/VIDEO/1970's/The Who - Won't Get Fooled Again.mp4
RVTR036296,Foreigner,That Was Yesterday,0,no,yes,yes,yes,yes,,/Users/bobhopp/DJ MEDIA/VIDEO/1980's/Foreigner - That Was Yesterday.mp4
RVTR678271,Peter Wolf,I Need You Tonight,0,no,yes,yes,yes,yes,,/Users/bobhopp/DJ MEDIA/VIDEO/1980's/Peter Wolf - I Need You Tonight.mp4
RVTR502384,Chris Brown & T Pain,Kiss Kiss,0,no,no,no,yes,no,,/Users/bobhopp/DJ MEDIA/VIDEO/2000's/Chris Brown & T Pain - Kiss Kiss.mp4
RVTR255222,The Youngbloods,Get Together,0,no,yes,yes,yes,yes,,/Users/bobhopp/DJ MEDIA/VIDEO/1960's/The Youngbloods - Get Together.mp4
RVTR183864,China Crisis,Best Kept Secret,0,no,no,no,yes,no,,/Users/bobhopp/DJ MEDIA/VIDEO/1980's/China Crisis - Best Kept Secret.mp4
RVTR250691,Gin Blossoms,Follow You Down,0,no,no,yes,yes,yes,,/Users/bobhopp/DJ MEDIA/VIDEO/1990's/Gin Blossoms - Follow You Down.mp4
RVTR338107,Jack Johnson,Times like these,0,no,yes,no,yes,yes,,/Users/bobhopp/DJ MEDIA/VIDEO/2000's/Jack Johnson - Times like these.mp4
RVTR469495,Rihanna,Cheers (Drink To That),0,no,yes,yes,yes,yes,,/Users/bobhopp/DJ MEDIA/VIDEO/2010's/Rihanna - Cheers (Drink To That).mp4
RVTR470357,The Seekers,Morningtown Ride,0,no,yes,yes,yes,yes,,/Users/bobhopp/DJ MEDIA/VIDEO/1960's/The Seekers - Morningtown Ride.mp4
RVTR984409,Sam Smith,I'm Not The Only One,0,no,no,yes,yes,yes,,/Users/bobhopp/DJ MEDIA/VIDEO/2010's/Sam Smith - I'm Not The Only One.mp4
RVTR395205,The Cult,Love Removal Machine,0,no,yes,no,yes,yes,,/Users/bobhopp/DJ MEDIA/VIDEO/1980's/The Cult - Love Removal Machine.mp4
RVTR254786,UB40,Can't Help Falling In Love,0,no,no,yes,yes,yes,,/Users/bobhopp/DJ MEDIA/VIDEO/1990's/UB40 - Can't Help Falling In Love.mp4
RVTR037890,Jennifer Lopez,Ain't It Funny,0,no,yes,yes,yes,yes,,/Users/bobhopp/DJ MEDIA/VIDEO/2000's/Jennifer Lopez - Ain't It Funny.mp4
RVTR914040,David Soul,Don't Give Up On Us,0,no,yes,yes,yes,yes,,/Users/bobhopp/DJ MEDIA/VIDEO/1970's/David Soul - Don't Give Up On Us.mp4
RVTR619544,Jerry Reed,Eastbound and Down,0,no,no,no,yes,yes,,/Users/bobhopp/DJ MEDIA/VIDEO/1970's/Jerry Reed - Eastbound and Down.mp4
RVTR479015,Roy Clark,Roy's Guitar Boogie,0,no,no,no,yes,no,,/Users/bobhopp/DJ MEDIA/VIDEO/1970's/Roy Clark - Roy's Guitar Boogie.mp4
RVTR254307,"Doja Cat, The Weeknd",You Right,0,no,no,no,yes,no,,"/Users/bobhopp/DJ MEDIA/VIDEO/2020's/Doja Cat, The Weeknd - You Right.mp4"
RVTR693484,Nicki Minaj,Super Freaky Girl,0,no,no,yes,yes,yes,,/Users/bobhopp/DJ MEDIA/VIDEO/2020's/Nicki Minaj - Super Freaky Girl.mp4
RVTR948719,Liza Minnelli,Maybe This Time,0,no,no,no,yes,no,,/Users/bobhopp/DJ MEDIA/VIDEO/1960's/Liza Minnelli - Maybe This Time.mp4
RVTR280422,The Left Banke,Walk Away Renee,0,no,no,yes,yes,yes,,/Users/bobhopp/DJ MEDIA/VIDEO/1960's/The Left Banke - Walk Away Renee.mp4
RVTR881345,The Mills Brothers,Cab Driver,0,no,no,yes,yes,yes,,/Users/bobhopp/DJ MEDIA/VIDEO/1960's/The Mills Brothers - Cab Driver.mp4
RVTR777146,Cliff Richard,A Little In Love,0,no,yes,yes,yes,yes,,/Users/bobhopp/DJ MEDIA/VIDEO/1980's/Cliff Richard - A Little In Love.mp4
RVTR071965,Naked Eyes,Promises Promises,0,no,yes,yes,yes,no,,/Users/bobhopp/DJ MEDIA/VIDEO/1980's/Naked Eyes - Promises Promises.mp4
RVTR747527,Taylor Dayne,Prove Your Love,0,no,yes,yes,yes,yes,,/Users/bobhopp/DJ MEDIA/VIDEO/1980's/Taylor Dayne - Prove Your Love.mp4
RVTR595707,Alabama Shakes,You Ain't Alone,0,no,no,no,yes,yes,review,/Users/bobhopp/DJ MEDIA/VIDEO/2010's/Alabama Shakes - You Ain't Alone.mp4
RVTR312764,Brad Paisley,Beat This Summer,0,no,yes,yes,yes,yes,,/Users/bobhopp/DJ MEDIA/VIDEO/COUNTRY/FILL/Brad Paisley - Beat This Summer.mp4
RVTR288868,Parker Mccollum,Pretty Heart,0,no,no,yes,yes,yes,,/Users/bobhopp/DJ MEDIA/VIDEO/COUNTRY/FILL/Parker Mccollum - Pretty Heart.mp4
RVTR512281,Russell Dickerson,Home Sweet,0,no,no,yes,yes,yes,,/Users/bobhopp/DJ MEDIA/VIDEO/COUNTRY/FILL/Russell Dickerson - Home Sweet.mp4
RVTR843759,Arlo Guthrie,Motorcycle Song,0,no,no,no,yes,no,review,/Users/bobhopp/DJ MEDIA/VIDEO/1960's/Arlo Guthrie - Motorcycle Song.mp4
RVTR584722,Tom Johnston,Savannah Nights,0,no,yes,yes,yes,yes,,/Users/bobhopp/DJ MEDIA/VIDEO/1970's/Tom Johnston - Savannah Nights.mp4
RVTR052526,Mötley Crüe,Smokin In The Boys Room,0,no,no,no,yes,no,,/Users/bobhopp/DJ MEDIA/VIDEO/1980's/Mötley Crüe - Smokin In The Boys Room.mp4
RVTR026470,Quarterflash,Take Me To Heart,0,no,yes,yes,yes,yes,,/Users/bobhopp/DJ MEDIA/VIDEO/1980's/Quarterflash - Take Me To Heart.mp4
RVTR209354,Roxette,Listen To Your Heart,0,no,no,yes,yes,yes,,/Users/bobhopp/DJ MEDIA/VIDEO/1980's/Roxette - Listen To Your Heart.mp4
RVTR148006,The Lost Trailers,Holler Back,0,no,yes,yes,yes,yes,,/Users/bobhopp/DJ MEDIA/VIDEO/COUNTRY/FILL/The Lost Trailers - Holler Back.mp4
RVTR045295,Beyonce,Best Thing I Never Had,0,no,no,yes,yes,yes,review,/Users/bobhopp/DJ MEDIA/VIDEO/2010's/Beyonce - Best Thing I Never Had.mp4
RVTR313371,The Doors,Riders on the Storm,0,no,yes,yes,yes,yes,,/Users/bobhopp/DJ MEDIA/VIDEO/1970's/The Doors - Riders on the Storm.mp4
RVTR591835,Saigon Kick,Love Is On The Way,0,no,yes,yes,yes,yes,,/Users/bobhopp/DJ MEDIA/VIDEO/1990's/Saigon Kick - Love Is On The Way.mp4
RVTR924809,Godsmack,Straight Out Of Line,0,no,yes,yes,yes,yes,,/Users/bobhopp/DJ MEDIA/VIDEO/2000's/Godsmack - Straight Out Of Line.mp4
RVTR858667,Thomas Rhett,Star Of The Show,0,no,no,yes,yes,yes,,/Users/bobhopp/DJ MEDIA/VIDEO/2010's/Thomas Rhett - Star Of The Show.mp4
RVTR108463,We The Kings,Secret Valentine,0,no,yes,no,yes,no,,/Users/bobhopp/DJ MEDIA/VIDEO/TECHNO/We The Kings - Secret Valentine.mp4
RVTR481762,Michael Bublé,Haven't Met You Yet,0,no,no,no,yes,no,,/Users/bobhopp/DJ MEDIA/VIDEO/2010's/Michael Bublé - Haven't Met You Yet.mp4
RVTR401373,The Beatles,We Can Work it Out,0,no,yes,yes,yes,yes,,/Users/bobhopp/DJ MEDIA/VIDEO/1960's/The Beatles - We Can Work it Out.mp4
RVTR888071,Rod Stewart,I Was Only Joking,0,no,yes,yes,yes,yes,,/Users/bobhopp/DJ MEDIA/VIDEO/1970's/Rod Stewart - I Was Only Joking.mp4
RVTR195978,3 Doors Down,Here Without You,0,no,yes,yes,yes,yes,review,/Users/bobhopp/DJ MEDIA/VIDEO/2000's/3 Doors Down - Here Without You.mp4
RVTR926164,Winger,Headed For A Heartbreak,0,no,yes,yes,yes,yes,,/Users/bobhopp/DJ MEDIA/VIDEO/1980's/Winger - Headed For A Heartbreak.mp4
RVTR036694,Kelly Clarkson,Because Of You,0,no,yes,yes,yes,yes,,/Users/bobhopp/DJ MEDIA/VIDEO/2000's/Kelly Clarkson - Because Of You.mp4
RVTR721149,Drake,Started From The Bottom,0,no,yes,yes,yes,yes,,/Users/bobhopp/DJ MEDIA/VIDEO/2010's/Drake - Started From The Bottom.mp4
RVTR497694,The Eagles,Heart Of The Matter,0,no,no,no,yes,no,,/Users/bobhopp/DJ MEDIA/VIDEO/1990's/The Eagles - Heart Of The Matter.mp4
RVTR297776,Jon Pardi,Tequila Little Time,0,no,no,yes,yes,yes,,/Users/bobhopp/DJ MEDIA/VIDEO/2010's/Jon Pardi - Tequila Little Time.mp4
RVTR665955,Secondhand Serenade,Your Call,0,no,yes,no,yes,no,,/Users/bobhopp/DJ MEDIA/VIDEO/TECHNO/Secondhand Serenade - Your Call.mp4
RVTR789481,Sunblock Feat Sandy,Baby Baby,0,no,no,no,yes,no,,/Users/bobhopp/DJ MEDIA/VIDEO/TECHNO/Sunblock feat. Sandy - Baby Baby.mp4
RVTR933650,Elton John,Bennie And The Jets,0,no,no,yes,yes,yes,,/Users/bobhopp/DJ MEDIA/VIDEO/1980's/Elton John - Bennie And The Jets.mp4
RVTR511831,Stone Temple Pilots,Vasoline,0,no,yes,no,yes,no,,/Users/bobhopp/DJ MEDIA/VIDEO/1990's/Stone Temple Pilots - Vasoline.mp4
RVTR002617,Neil Sedaka,Rhythm Of The Rain,0,no,no,no,yes,no,,/Users/bobhopp/DJ MEDIA/VIDEO/1980's/Neil Sedaka - Rhythm Of The Rain.mp4
RVTR219538,Tori Amos,Professional Widow,0,no,no,no,yes,no,,/Users/bobhopp/DJ MEDIA/VIDEO/TECHNO/Tori Amos - Professional Widow.mp4
RVTR252059,Sheryl Crow,Leaving Las Vegas,0,no,yes,yes,yes,yes,,/Users/bobhopp/DJ MEDIA/VIDEO/1990's/Sheryl Crow - Leaving Las Vegas.mp4
RVTR469241,John Mayer,Heartbreak Warfare,0,no,yes,yes,yes,yes,,/Users/bobhopp/DJ MEDIA/VIDEO/2010's/John Mayer - Heartbreak Warfare.mp4
RVTR818229,Lady Antebellum,You Look Good,0,no,yes,yes,yes,yes,,/Users/bobhopp/DJ MEDIA/VIDEO/2010's/Lady Antebellum - You Look Good.mp4
RVTR841256,The Rolling Stones,Mess It Up,0,no,no,no,yes,no,,/Users/bobhopp/DJ MEDIA/VIDEO/2020's/The Rolling Stones - Mess It Up.mp4
RVTR447663,The Black Keys,Thickfreakness,0,no,no,no,yes,yes,,/Users/bobhopp/DJ MEDIA/VIDEO/2000's/The Black Keys - Thickfreakness.mp4
RVTR198436,Nekromantix,Horny In A Hearse,0,no,no,no,yes,no,,/Users/bobhopp/DJ MEDIA/VIDEO/2000's/Nekromantix - Horny In A Hearse.mp4
RVTR804868,Kelly Clarkson,People Like Us,0,no,no,yes,yes,yes,,/Users/bobhopp/DJ MEDIA/VIDEO/2010's/Kelly Clarkson - People Like Us.mp4
RVTR799713,The Kinks,A Well Respected Man,0,yes,yes,yes,yes,yes,cards_ready,/Users/bobhopp/DJ MEDIA/VIDEO/1960's/The Kinks - A Well Respected Man.mp4
RVTR905724,Blake Shelton,The More I Drink,0,no,yes,no,yes,no,review,/Users/bobhopp/DJ MEDIA/VIDEO/COUNTRY/FILL/Blake Shelton - The More I Drink.mp4
RVTR705287,Keith Urban,Somebody Like You,0,no,yes,yes,yes,yes,,/Users/bobhopp/DJ MEDIA/VIDEO/COUNTRY/FILL/Keith Urban - Somebody Like You.mp4
RVTR159806,Enuff Z'Nuff,Fly High Michelle,0,no,yes,yes,yes,yes,,/Users/bobhopp/DJ MEDIA/VIDEO/1980's/Enuff Z'Nuff - Fly High Michelle.mp4
RVTR058914,Eric Weissberg,Dueling Banjos,0,no,no,no,yes,no,,/Users/bobhopp/DJ MEDIA/VIDEO/1970's/Eric Weissberg - Dueling Banjos.mp4
RVTR963381,The Motels,Cries And Whispers,0,no,yes,no,yes,no,,/Users/bobhopp/DJ MEDIA/VIDEO/1980's/The Motels - Cries And Whispers.mp4
RVTR499141,Ella Fitzgerald,Mack The Knife,0,no,no,yes,yes,yes,,/Users/bobhopp/DJ MEDIA/VIDEO/1950's/Ella Fitzgerald - Mack The Knife.mp4
RVTR522542,George Bensen,This Masquerade,0,no,no,no,yes,no,,/Users/bobhopp/DJ MEDIA/VIDEO/1970's/George Bensen - This Masquerade.mp4
RVTR607787,Living In A Box,Living In A Box,0,no,yes,yes,yes,yes,,/Users/bobhopp/DJ MEDIA/VIDEO/1980's/Living In A Box - Living In A Box.mp4
RVTR605404,Depeche Mode,People Are People,0,no,no,yes,yes,yes,,/Users/bobhopp/DJ MEDIA/VIDEO/1980's/Depeche Mode - People Are People.mp4
RVTR157396,Barry Manilow,We ll Meet Again,0,no,no,no,yes,no,review,/Users/bobhopp/DJ MEDIA/VIDEO/1970's/Barry Manilow - We ll Meet Again.mp4
RVTR000816,Ray Charles,Georgia On My Mind,0,no,no,yes,yes,yes,,/Users/bobhopp/DJ MEDIA/VIDEO/1970's/Ray Charles - Georgia On My Mind.mp4
RVTR223770,Hi Tack,Say Say Say Waiting 4 U,0,no,no,no,yes,no,,/Users/bobhopp/DJ MEDIA/VIDEO/TECHNO/Hi Tack - Say Say Say Waiting 4 U.mp4
RVTR748746,Boogie Pimps,Somebody To Love,0,no,no,no,yes,no,,/Users/bobhopp/DJ MEDIA/VIDEO/2000's/Boogie Pimps - Somebody To Love.mp4
RVTR442057,Ciara F.Petey Pablo,My Goodies,0,no,no,no,yes,no,,/Users/bobhopp/DJ MEDIA/VIDEO/2000's/Ciara F.Petey Pablo - My Goodies.mp4
RVTR381491,Kid Cudi,Pursuit Of Happiness,0,no,no,yes,yes,yes,,/Users/bobhopp/DJ MEDIA/VIDEO/2000's/Kid Cudi - Pursuit Of Happiness.mp4
RVTR907240,Pussycat Dolls,When I Grow Up,0,no,yes,yes,yes,no,,/Users/bobhopp/DJ MEDIA/VIDEO/2000's/Pussycat Dolls - When I Grow Up.mp4
RVTR962360,Elle King,I Told You I Was Mean,0,no,yes,no,yes,yes,,/Users/bobhopp/DJ MEDIA/VIDEO/2010's/Elle King - I Told You I Was Mean.mp4
RVTR660000,Merle Haggard,Send Me Back Home,0,no,no,no,yes,no,,/Users/bobhopp/DJ MEDIA/VIDEO/COUNTRY/FILL/Merle Haggard - Send Me Back Home.mp4
RVTR674520,Ringo Starr,It Don't Come Easy,0,no,yes,yes,yes,yes,,/Users/bobhopp/DJ MEDIA/VIDEO/1970's/Ringo Starr - It Don't Come Easy.mp4
RVTR385266,Toni Braxton,Unbreak My Heart,0,no,no,no,yes,no,,/Users/bobhopp/DJ MEDIA/VIDEO/1990's/Toni Braxton - Unbreak My Heart.mp4
RVTR647878,Baby Bash F.Frankie J,Suga Suga,0,no,no,no,yes,no,review,/Users/bobhopp/DJ MEDIA/VIDEO/2000's/Baby Bash F.Frankie J - Suga Suga.mp4
RVTR921434,Steppenwolf,Magic Carpet Ride,0,no,yes,yes,yes,yes,,/Users/bobhopp/DJ MEDIA/VIDEO/1960's/Steppenwolf - Magic Carpet Ride.mp4
RVTR703676,The Seekers,A World Of Our Own,0,no,yes,yes,yes,yes,,/Users/bobhopp/DJ MEDIA/VIDEO/1960's/The Seekers - A World Of Our Own.mp4
RVTR516600,Flo Rida & Will.I.Am,In The Ayer,0,no,no,no,yes,no,,/Users/bobhopp/DJ MEDIA/VIDEO/2000's/Flo Rida & Will.I.Am - In The Ayer.mp4
RVTR656834,Cyndi Lauper,I Drove All Night,0,no,yes,yes,yes,yes,,/Users/bobhopp/DJ MEDIA/VIDEO/1980's/Cyndi Lauper - I Drove All Night.mp4
RVTR790585,David Essex,You're In My Heart,0,no,no,no,yes,no,,/Users/bobhopp/DJ MEDIA/VIDEO/1980's/David Essex - You're In My Heart.mp4
RVTR713578,Gregory Abbott,Shake You Down,0,no,yes,yes,yes,yes,,/Users/bobhopp/DJ MEDIA/VIDEO/1980's/Gregory Abbott - Shake You Down.mp4
RVTR875008,Lana Del Rey,Gods and Monsters,0,no,no,no,yes,no,,/Users/bobhopp/DJ MEDIA/VIDEO/2010's/Lana Del Rey - Gods and Monsters.mp4
RVTR533524,Todd Rundgren,Bang On The Drum,0,no,no,no,yes,no,,/Users/bobhopp/DJ MEDIA/VIDEO/1980's/Todd Rundgren - Bang On The Drum.mp4
RVTR523644,Simple Minds,Let There Be Love,0,no,yes,no,yes,no,,/Users/bobhopp/DJ MEDIA/VIDEO/1990's/Simple Minds - Let There Be Love.mp4
RVTR541899,Kelly Clarkson,Mr. Know It All,0,no,yes,yes,yes,yes,,/Users/bobhopp/DJ MEDIA/VIDEO/2010's/Kelly Clarkson - Mr. Know It All.mp4
RVTR018725,Shawn Mendes,Treat You Better,0,no,yes,yes,yes,yes,,/Users/bobhopp/DJ MEDIA/VIDEO/2010's/Shawn Mendes - Treat You Better.mp4
RVTR403400,Masterblaster,Hypnotic Tango,0,no,no,no,yes,no,,/Users/bobhopp/DJ MEDIA/VIDEO/TECHNO/Masterblaster - Hypnotic Tango.mp4
RVTR003894,Dire Straits,Brothers In Arms,0,no,yes,no,yes,no,,/Users/bobhopp/DJ MEDIA/VIDEO/1980's/Dire Straits - Brothers In Arms.mp4
RVTR217725,Usher f./Nicki Minaj,Lil Freak,0,no,no,no,yes,no,,/Users/bobhopp/DJ MEDIA/VIDEO/2010's/Usher f._Nicki Minaj - Lil Freak.mp4
RVTR485678,Whitney Houston,So Emotional,0,no,yes,yes,yes,yes,,/Users/bobhopp/DJ MEDIA/VIDEO/1980's/Whitney Houston - So Emotional.mp4
RVTR861079,Faster Pussycat,House Of Pain,0,no,yes,yes,yes,yes,,/Users/bobhopp/DJ MEDIA/VIDEO/1990's/Faster Pussycat - House Of Pain.mp4
RVTR989106,Jason Aldean,Big Green Tractor,0,no,yes,yes,yes,yes,,/Users/bobhopp/DJ MEDIA/VIDEO/2000's/Jason Aldean - Big Green Tractor.mp4
RVTR075309,Andy Grammer,Keep Your Head Up,0,no,yes,yes,yes,yes,review,/Users/bobhopp/DJ MEDIA/VIDEO/2010's/Andy Grammer - Keep Your Head Up.mp4
RVTR701888,Big Time Rush,The City Is Ours,0,no,no,no,yes,no,review,/Users/bobhopp/DJ MEDIA/VIDEO/2010's/Big Time Rush - The City Is Ours.mp4
RVTR600561,Hank Williams Iii,Gutter Town,0,no,no,no,yes,no,,/Users/bobhopp/DJ MEDIA/VIDEO/COUNTRY/FILL/Hank Williams Iii - Gutter Town.mp4
RVTR818838,Joe Jackson,Breaking Us In Two,0,no,yes,yes,yes,yes,,/Users/bobhopp/DJ MEDIA/VIDEO/1980's/Joe Jackson - Breaking Us In Two.mp4
RVTR080777,T.I. f./Chris Brown,Get Back Up,0,no,no,no,yes,no,,/Users/bobhopp/DJ MEDIA/VIDEO/2010's/T.I. f._Chris Brown - Get Back Up.mp4
RVTR886050,Sandra,In The Heat Of The Night,0,no,no,no,yes,no,,/Users/bobhopp/DJ MEDIA/VIDEO/TECHNO/Sandra - In The Heat Of The Night.mp4
RVTR010196,Captain & Tennille,Shop Around,0,no,no,no,yes,no,,/Users/bobhopp/DJ MEDIA/VIDEO/1970's/Captain & Tennille - Shop Around.mp4
RVTR207815,Robert Palmer,She Makes My Day,0,no,yes,no,yes,no,,/Users/bobhopp/DJ MEDIA/VIDEO/1980's/Robert Palmer - She Makes My Day.mp4
RVTR439301,Duran Duran,Union Of The Snake,0,no,yes,yes,yes,yes,,/Users/bobhopp/DJ MEDIA/VIDEO/1980's/Duran Duran - Union Of The Snake.mp4
RVTR554629,New Boyz f./Iyaz,Break My Bank,0,no,no,no,yes,no,,/Users/bobhopp/DJ MEDIA/VIDEO/2010's/New Boyz f._Iyaz - Break My Bank.mp4
RVTR881069,Miranda Lambert,Settling Down,0,no,no,yes,yes,yes,,/Users/bobhopp/DJ MEDIA/VIDEO/COUNTRY/FILL/Miranda Lambert - Settling Down.mp4
RVTR680786,Hank Williams,Hey Good Lookin',0,no,no,no,yes,no,,/Users/bobhopp/DJ MEDIA/VIDEO/1950's/Hank Williams - Hey Good Lookin'.mp4
RVTR559463,Eurythmics,Love Is a Stranger,0,no,yes,yes,yes,yes,,/Users/bobhopp/DJ MEDIA/VIDEO/1980's/Eurythmics - Love Is a Stranger.mp4
RVTR498546,Rainbow,Since You've Been Gone,0,no,no,no,yes,yes,,/Users/bobhopp/DJ MEDIA/VIDEO/1980's/Rainbow - Since You've Been Gone.mp4
RVTR661278,Benson Boone,Beautiful Things,0,no,no,yes,yes,yes,review,/Users/bobhopp/DJ MEDIA/VIDEO/2020's/Benson Boone - Beautiful Things.mp4
RVTR508706,Three Dog Night,Easy To Be Hard,0,no,yes,yes,yes,yes,,/Users/bobhopp/DJ MEDIA/VIDEO/1960's/Three Dog Night - Easy To Be Hard.mp4
RVTR009702,Florida Georgia Line,Long Live,0,no,no,yes,yes,yes,,/Users/bobhopp/DJ MEDIA/VIDEO/2010's/Florida Georgia Line - Long Live.mp4
RVTR723945,Simple Minds,Alive And Kicking,0,no,yes,no,yes,no,,/Users/bobhopp/DJ MEDIA/VIDEO/1980's/Simple Minds - Alive And Kicking.mp4
RVTR504335,Gnarls Barkley,Gone Daddy Gone,0,no,yes,no,yes,no,,/Users/bobhopp/DJ MEDIA/VIDEO/TECHNO/Gnarls Barkley - Gone Daddy Gone.mp4
RVTR588713,Blondie,Die Young Stay Pretty,0,no,yes,no,yes,no,review,/Users/bobhopp/DJ MEDIA/VIDEO/1970's/Blondie - Die Young Stay Pretty.mp4
RVTR365060,Robin Gibb,Boys Do Fall In Love,0,no,no,yes,yes,yes,,/Users/bobhopp/DJ MEDIA/VIDEO/1980's/Robin Gibb - Boys Do Fall In Love.mp4
RVTR601072,Gretchen Wilson,Redneck Woman,0,no,yes,yes,yes,yes,,/Users/bobhopp/DJ MEDIA/VIDEO/2000's/Gretchen Wilson - Redneck Woman.mp4
RVTR512330,Bruno Mars,When I Was Your Man,0,no,yes,yes,yes,yes,,/Users/bobhopp/DJ MEDIA/VIDEO/2010's/Bruno Mars - When I Was Your Man.mp4
RVTR646459,Kanye West f./Pusha T,Runaway,0,no,no,no,yes,no,,/Users/bobhopp/DJ MEDIA/VIDEO/2010's/Kanye West f._Pusha T - Runaway.mp4
RVTR804603,Plain White T's,Rhythm Of Love,0,no,yes,yes,yes,yes,,/Users/bobhopp/DJ MEDIA/VIDEO/2010's/Plain White T's - Rhythm Of Love.mp4
RVTR269982,Zebrahead,Playmate Of The Year,0,no,no,no,yes,no,,/Users/bobhopp/DJ MEDIA/VIDEO/TECHNO/Zebrahead - Playmate Of The Year.mp4
RVTR462112,Johnny Horton,North to Alaska,0,no,no,yes,yes,yes,,/Users/bobhopp/DJ MEDIA/VIDEO/1950's/Johnny Horton - North to Alaska.mp4
RVTR561095,Carpenters,Hurting Each Other,0,no,yes,yes,yes,yes,,/Users/bobhopp/DJ MEDIA/VIDEO/1970's/Carpenters - Hurting Each Other.mp4
RVTR506642,Mark Chesnutt,Too Cold At Home,0,no,yes,no,yes,yes,,/Users/bobhopp/DJ MEDIA/VIDEO/1990's/Mark Chesnutt - Too Cold At Home.mp4
RVTR321242,Young Jeezy & R. Kelly,Go Getta,0,no,no,no,yes,no,,/Users/bobhopp/DJ MEDIA/VIDEO/2000's/Young Jeezy & R. Kelly - Go Getta.mp4
RVTR691994,Bruce Springsteen,Born To Run,0,no,yes,yes,yes,yes,draft,/Users/bobhopp/DJ MEDIA/VIDEO/1970's/Bruce Springsteen - Born To Run.mp4
RVTR107660,Talking Heads,Slippery People,0,no,yes,no,yes,yes,,/Users/bobhopp/DJ MEDIA/VIDEO/1980's/Talking Heads - Slippery People.mp4
RVTR772164,Peter Cetera,The Glory Of Love,0,no,no,no,yes,no,,/Users/bobhopp/DJ MEDIA/VIDEO/1980's/Peter Cetera - The Glory Of Love.mp4
RVTR387881,Paula Cole,I Don't Want To Wait,0,no,no,yes,yes,yes,,/Users/bobhopp/DJ MEDIA/VIDEO/1990's/Paula Cole - I Don't Want To Wait.mp4
RVTR598684,Destiny's Child,Lose My Breath,0,no,yes,yes,yes,yes,,/Users/bobhopp/DJ MEDIA/VIDEO/2000's/Destiny's Child - Lose My Breath.mp4
RVTR511675,The Searchers,Needles And Pins,0,no,yes,yes,yes,yes,,/Users/bobhopp/DJ MEDIA/VIDEO/1960's/The Searchers - Needles And Pins.mp4
RVTR445942,The Eagles,I Can't Tell You Why,0,no,yes,yes,yes,yes,,/Users/bobhopp/DJ MEDIA/VIDEO/1970's/The Eagles - I Can't Tell You Why.mp4
RVTR835838,George Michael,I Want Your Sex,0,no,no,yes,yes,yes,,/Users/bobhopp/DJ MEDIA/VIDEO/1980's/George Michael - I Want Your Sex.mp4
RVTR920595,Spinal Tap,The Majesty Of Rock,0,no,no,no,yes,yes,,/Users/bobhopp/DJ MEDIA/VIDEO/1990's/Spinal Tap - The Majesty Of Rock.mp4
RVTR401523,Dwayne Johnson,You're Welcome,0,no,no,yes,yes,yes,,/Users/bobhopp/DJ MEDIA/VIDEO/2010's/Dwayne Johnson - You're Welcome.mp4
RVTR530800,Chuck Berry,Memphis Tennessee,0,no,no,no,yes,no,,/Users/bobhopp/DJ MEDIA/VIDEO/1950's/Chuck Berry - Memphis Tennessee.mp4
RVTR228082,The Who,We're Not Gonna Take It,0,no,no,no,yes,no,,/Users/bobhopp/DJ MEDIA/VIDEO/1960's/The Who - We're Not Gonna Take It.mp4
RVTR506011,Live Aid,The Whistlestop Tour,0,no,no,no,yes,no,,/Users/bobhopp/DJ MEDIA/VIDEO/1980's/Live Aid - The Whistlestop Tour.mp4
RVTR129922,The Pointer Sisters,Slow Hand,0,no,yes,yes,yes,yes,,/Users/bobhopp/DJ MEDIA/VIDEO/1980's/The Pointer Sisters - Slow Hand.mp4
RVTR813997,Corona,The Rhythm of the Night,0,no,no,yes,yes,yes,,/Users/bobhopp/DJ MEDIA/VIDEO/1990's/Corona - The Rhythm of the Night.mp4
RVTR578817,Europe,Let the Good Times Rock,0,no,yes,no,yes,no,,/Users/bobhopp/DJ MEDIA/VIDEO/1980's/Europe - Let the Good Times Rock.mp4
RVTR023516,3rd Bass,Triple Stage Darkness,0,no,yes,no,yes,yes,review,/Users/bobhopp/DJ MEDIA/VIDEO/1990's/3rd Bass - Triple Stage Darkness.mp4
RVTR898144,Britney Spears,Overprotected,0,no,yes,yes,yes,yes,,/Users/bobhopp/DJ MEDIA/VIDEO/2000's/Britney Spears - Overprotected.mp4
RVTR968383,Morgan Wallen,Sand In My Boots,0,no,no,yes,yes,yes,,/Users/bobhopp/DJ MEDIA/VIDEO/COUNTRY/FILL/Morgan Wallen - Sand In My Boots.mp4
RVTR640647,Chris Brown,I Can Transform Ya,0,no,yes,yes,yes,yes,,/Users/bobhopp/DJ MEDIA/VIDEO/2000's/Chris Brown - I Can Transform Ya.mp4
RVTR519757,Sam Smith,Too Good At Goodbyes,0,no,yes,yes,yes,yes,,/Users/bobhopp/DJ MEDIA/VIDEO/2010's/Sam Smith - Too Good At Goodbyes.mp4
RVTR454650,Anne Marie & Little Mix,Kiss My,0,no,no,no,yes,no,review,/Users/bobhopp/DJ MEDIA/VIDEO/2020's/Anne Marie & Little Mix - Kiss My.mp4
RVTR990757,Jon Secada,Do You Believe In Us,0,no,yes,yes,yes,yes,,/Users/bobhopp/DJ MEDIA/VIDEO/1990's/Jon Secada - Do You Believe In Us.mp4
RVTR961379,Three Days Grace,Just Like You,0,no,yes,yes,yes,yes,,/Users/bobhopp/DJ MEDIA/VIDEO/2000's/Three Days Grace - Just Like You.mp4
RVTR253820,Kelly Rowland,Kisses Down Low,0,no,yes,yes,yes,yes,,/Users/bobhopp/DJ MEDIA/VIDEO/2010's/Kelly Rowland - Kisses Down Low.mp4
RVTR347109,Ian Van Dahl,Castles In The Sky,0,no,no,yes,yes,yes,,/Users/bobhopp/DJ MEDIA/VIDEO/TECHNO/Ian Van Dahl - Castles In The Sky.mp4
RVTR958976,Wonderland Avenue,White Horse,0,no,no,no,yes,no,,/Users/bobhopp/DJ MEDIA/VIDEO/TECHNO/Wonderland Avenue - White Horse.mp4
RVTR116635,Bruce Springsteen,Point Blank,0,no,yes,no,yes,no,,/Users/bobhopp/DJ MEDIA/VIDEO/1980's/Bruce Springsteen - Point Blank.mp4
RVTR766884,Bob Carlisle,Butterfly Kisses,0,no,no,no,yes,no,review,/Users/bobhopp/DJ MEDIA/VIDEO/1990's/Bob Carlisle - Butterfly Kisses.mp4
RVTR642980,Foo Fighters,Back In Black Live,0,no,no,no,yes,no,,/Users/bobhopp/DJ MEDIA/VIDEO/2000's/Foo Fighters - Back In Black Live.mp4
RVTR395258,Jefferson Starship,No Way Out,0,no,yes,yes,yes,yes,,/Users/bobhopp/DJ MEDIA/VIDEO/1980's/Jefferson Starship - No Way Out.mp4
RVTR451038,Beyonce &  Lady Gaga,Video Phone,0,no,no,no,yes,no,review,/Users/bobhopp/DJ MEDIA/VIDEO/2000's/Beyonce &  Lady Gaga - Video Phone.mp4
RVTR869551,Peter And Gordon,I Go to Pieces,0,no,no,yes,yes,yes,,/Users/bobhopp/DJ MEDIA/VIDEO/1960's/Peter And Gordon - I Go to Pieces.mp4
RVTR262898,Big Audio Dynamite,James Brown,0,no,no,no,yes,no,review,/Users/bobhopp/DJ MEDIA/VIDEO/1980's/Big Audio Dynamite - James Brown.mp4
RVTR308706,Kate Bush,Running Up That Hill,0,no,yes,yes,yes,yes,,/Users/bobhopp/DJ MEDIA/VIDEO/1980's/Kate Bush - Running Up That Hill.mp4
RVTR417247,Luke Bryan,Rain Is A Good Thing,0,no,yes,yes,yes,yes,,/Users/bobhopp/DJ MEDIA/VIDEO/COUNTRY/FILL/Luke Bryan - Rain Is A Good Thing.mp4
RVTR188277,"Crystal Method, The",Busy Child,0,no,no,no,yes,no,,"/Users/bobhopp/DJ MEDIA/VIDEO/TECHNO/Crystal Method, The - Busy Child.mp4"
RVTR045718,Deep Purple,Perfect Strangers,0,no,yes,no,yes,no,,/Users/bobhopp/DJ MEDIA/VIDEO/1980's/Deep Purple - Perfect Strangers.mp4
RVTR899849,All Time Low,I Feel Like Dancin',0,no,no,no,yes,no,review,/Users/bobhopp/DJ MEDIA/VIDEO/2000's/All Time Low - I Feel Like Dancin'.mp4
RVTR788981,J. Cole Ft. Miguel,Power Trip,0,no,no,no,yes,no,,/Users/bobhopp/DJ MEDIA/VIDEO/2010's/J. Cole feat. Miguel - Power Trip.mp4
RVTR493146,Miley Cyrus,When I Look At You,0,no,yes,yes,yes,yes,,/Users/bobhopp/DJ MEDIA/VIDEO/2010's/Miley Cyrus - When I Look At You.mp4
RVTR893939,The Black Crowes,Seeing Things,0,no,yes,no,yes,yes,,/Users/bobhopp/DJ MEDIA/VIDEO/1990's/The Black Crowes - Seeing Things.mp4
RVTR883079,Jon Pardi,Heartache Medication,0,no,no,yes,yes,yes,,/Users/bobhopp/DJ MEDIA/VIDEO/COUNTRY/FILL/Jon Pardi - Heartache Medication.mp4
RVTR220597,Herman's Hermits,No Milk Today,0,no,no,yes,yes,yes,,/Users/bobhopp/DJ MEDIA/VIDEO/1960's/Herman's Hermits - No Milk Today.mp4
RVTR973394,"10,000 Maniacs",These Are The Days,0,no,no,no,yes,no,review,"/Users/bobhopp/DJ MEDIA/VIDEO/1990's/10,000 Maniacs - These Are The Days.mp4"
RVTR915423,Lenny Kravitz,Black Velveteen,0,no,yes,no,yes,no,,/Users/bobhopp/DJ MEDIA/VIDEO/2000's/Lenny Kravitz - Black Velveteen.mp4
RVTR312077,Counting Crows,A Long December,0,no,yes,no,yes,no,,/Users/bobhopp/DJ MEDIA/VIDEO/2000's/Counting Crows - A Long December.mp4
RVTR848378,Paradiso Girls,Patron Tequila,0,no,no,no,yes,no,,/Users/bobhopp/DJ MEDIA/VIDEO/2000's/Paradiso Girls - Patron Tequila.mp4
RVTR891485,Blake Shelton,A Guy With A Girl,0,no,yes,yes,yes,yes,review,/Users/bobhopp/DJ MEDIA/VIDEO/2010's/Blake Shelton - A Guy With A Girl.mp4
RVTR347730,Josh Zuckerman,Another Reason,0,no,no,no,yes,no,,/Users/bobhopp/DJ MEDIA/VIDEO/TECHNO/Josh Zuckerman - Another Reason.mp4
RVTR987470,Bob Marley,Positive Vibration,0,no,no,no,yes,yes,,/Users/bobhopp/DJ MEDIA/VIDEO/1970's/Bob Marley - Positive Vibration.mp4
RVTR572545,George Michael,Jesus To A Child,0,no,no,yes,yes,yes,,/Users/bobhopp/DJ MEDIA/VIDEO/1990's/George Michael - Jesus To A Child.mp4
RVTR774949,Justin Bieber,Never Let You Go,0,no,yes,yes,yes,yes,,/Users/bobhopp/DJ MEDIA/VIDEO/2010's/Justin Bieber - Never Let You Go.mp4
RVTR522758,Adventures,Another Silent Day,0,no,no,no,yes,no,review,/Users/bobhopp/DJ MEDIA/VIDEO/1980's/Adventures - Another Silent Day.mp4
RVTR426213,Celine Dion,My Heart Will Go On,0,no,no,yes,yes,yes,,/Users/bobhopp/DJ MEDIA/VIDEO/1990's/Celine Dion - My Heart Will Go On.mp4
RVTR881967,One Direction,Story Of My Life,0,no,yes,yes,yes,yes,,/Users/bobhopp/DJ MEDIA/VIDEO/2010's/One Direction - Story Of My Life.mp4
RVTR785536,Taio Cruz f./Flo Rida,Hangover,0,no,no,no,yes,no,,/Users/bobhopp/DJ MEDIA/VIDEO/2010's/Taio Cruz f._Flo Rida - Hangover.mp4
RVTR698010,Tiesto F.Cc Sheffield,Escape Me,0,no,no,no,yes,no,,/Users/bobhopp/DJ MEDIA/VIDEO/TECHNO/Tiesto F.Cc Sheffield - Escape Me.mp4
RVTR633021,Dashboard Confessional,Stolen,0,no,yes,yes,yes,yes,,/Users/bobhopp/DJ MEDIA/VIDEO/2000's/Dashboard Confessional - Stolen.mp4
RVTR792353,Shania Twain,Today Is Your Day,0,no,yes,yes,yes,yes,,/Users/bobhopp/DJ MEDIA/VIDEO/COUNTRY/FILL/Shania Twain - Today Is Your Day.mp4
RVTR261580,Kylie Minogue,Spinning Around,0,no,no,no,yes,no,,/Users/bobhopp/DJ MEDIA/VIDEO/TECHNO/Kylie Minogue - Spinning Around.mp4
RVTR720485,The Jackson 5, The Love You Save,0,no,no,no,yes,no,,/Users/bobhopp/DJ MEDIA/VIDEO/1970's/The Jackson 5 - The Love You Save.mp4
RVTR348550,Stone Temple Pilots,Sour Girl,0,no,yes,yes,yes,yes,,/Users/bobhopp/DJ MEDIA/VIDEO/1990's/Stone Temple Pilots - Sour Girl.mp4
RVTR885484,Linkin Park,Somewhere I Belong,0,no,yes,yes,yes,yes,,/Users/bobhopp/DJ MEDIA/VIDEO/2000's/Linkin Park - Somewhere I Belong.mp4
RVTR714365,Crispian St. Peters,Pied Piper,0,no,no,no,yes,no,,/Users/bobhopp/DJ MEDIA/VIDEO/1960's/Crispian St. Peters - Pied Piper.mp4
RVTR793369,Jerry Lee Lewis,Chantilly Lace,0,no,yes,yes,yes,yes,,/Users/bobhopp/DJ MEDIA/VIDEO/1970's/Jerry Lee Lewis - Chantilly Lace.mp4
RVTR465513,Jody Watley,Some Kind Of Lover,0,no,yes,yes,yes,yes,,/Users/bobhopp/DJ MEDIA/VIDEO/1980's/Jody Watley - Some Kind Of Lover.mp4
RVTR272024,Oliver,Good Morning Starshine,0,no,no,yes,yes,yes,,/Users/bobhopp/DJ MEDIA/VIDEO/1960's/Oliver - Good Morning Starshine.mp4
RVTR819681,Mick Jagger,Just Another Night,0,no,yes,yes,yes,yes,,/Users/bobhopp/DJ MEDIA/VIDEO/1980's/Mick Jagger - Just Another Night.mp4
RVTR134258,Butch Walker,The Weight Of Her,0,no,no,no,yes,no,,"/Users/bobhopp/DJ MEDIA/VIDEO/2000's/Butch Walker - Weight Of Her, The.mp4"
RVTR515904,David Bowie,Boys Keep Swinging,0,no,yes,no,yes,no,,/Users/bobhopp/DJ MEDIA/VIDEO/1970's/David Bowie - Boys Keep Swinging.mp4
RVTR463659,Barbra Streisand,Woman In Love,0,no,yes,yes,yes,yes,review,/Users/bobhopp/DJ MEDIA/VIDEO/1990's/Barbra Streisand - Woman In Love.mp4
RVTR289647,Britney Spears,If You Seek Amy,0,no,no,no,yes,no,,/Users/bobhopp/DJ MEDIA/VIDEO/2000's/Britney Spears - If You Seek Amy.mp4
RVTR627520,Lil Huddy,America's Sweetheart,0,no,no,no,yes,no,,/Users/bobhopp/DJ MEDIA/VIDEO/2020's/Lil Huddy - America's Sweetheart.mp4
RVTR439443,Carrie Underwood,See You Again,0,no,yes,yes,yes,yes,,/Users/bobhopp/DJ MEDIA/VIDEO/COUNTRY/FILL/Carrie Underwood - See You Again.mp4
RVTR289986,REO Speedwagon,Don't Let Him Go,0,no,no,yes,yes,yes,,/Users/bobhopp/DJ MEDIA/VIDEO/1980's/REO Speedwagon - Don't Let Him Go.mp4
RVTR874045,Jeremih,Birthday Sex Radio Mix,0,no,no,no,yes,no,,/Users/bobhopp/DJ MEDIA/VIDEO/2000's/Jeremih - Birthday Sex Radio Mix.mp4
RVTR291936,Disturbed,The Sound Of Silence,0,no,yes,yes,yes,yes,,/Users/bobhopp/DJ MEDIA/VIDEO/2010's/Disturbed - The Sound Of Silence.mp4
RVTR650659,Elvis Presley,That's All Right,0,no,no,no,yes,no,,/Users/bobhopp/DJ MEDIA/VIDEO/1950's/Elvis Presley - That's All Right.mp4
RVTR380586,The Velvet Underground,Heroin,0,no,no,no,yes,no,,/Users/bobhopp/DJ MEDIA/VIDEO/1960's/The Velvet Underground - Heroin.mp4
RVTR490973,Jane's Addiction,Mountain Song,0,no,yes,no,yes,yes,,/Users/bobhopp/DJ MEDIA/VIDEO/1980's/Jane's Addiction - Mountain Song.mp4
RVTR150795,BlackHawk,Every Once In a While,0,no,yes,no,yes,no,review,/Users/bobhopp/DJ MEDIA/VIDEO/1990's/BlackHawk - Every Once In a While.mp4
RVTR186819,Clay Walker,Before She Was Mama,0,no,no,no,yes,no,,/Users/bobhopp/DJ MEDIA/VIDEO/COUNTRY/FILL/Clay Walker - Before She Was Mama.mp4
RVTR156370,Young Rascals,How Can I Be Sure,0,no,no,no,yes,no,,/Users/bobhopp/DJ MEDIA/VIDEO/1960's/Young Rascals - How Can I Be Sure.mp4
RVTR624194,Ke$Ha Ft. Will.I.Am,Crazy Kids,0,no,no,no,yes,no,,/Users/bobhopp/DJ MEDIA/VIDEO/2010's/Ke$Ha feat. Will.I.Am - Crazy Kids.mp4
RVTR562718,Alana Springsteen,Zero Trucks,0,no,no,no,yes,yes,review,/Users/bobhopp/DJ MEDIA/VIDEO/2020's/Alana Springsteen - Zero Trucks.mp4
RVTR451997,Chris Cornell,You Know My Name,0,no,yes,yes,yes,yes,,/Users/bobhopp/DJ MEDIA/VIDEO/TECHNO/Chris Cornell - You Know My Name.mp4
RVTR085014,Van Halen,Can't Stop Lovin' You,0,no,yes,yes,yes,yes,,/Users/bobhopp/DJ MEDIA/VIDEO/1990's/Van Halen - Can't Stop Lovin' You.mp4
RVTR572263,White Stripes,Ball And Biscuit,0,no,no,no,yes,no,,/Users/bobhopp/DJ MEDIA/VIDEO/2000's/White Stripes - Ball And Biscuit.mp4
RVTR312580,The Animals,Inside Looking Out,0,no,yes,no,yes,no,,/Users/bobhopp/DJ MEDIA/VIDEO/1960's/The Animals - Inside Looking Out.mp4
RVTR572986,Faster Pussycat,Bathroom Wall,0,no,yes,no,yes,no,,/Users/bobhopp/DJ MEDIA/VIDEO/1980's/Faster Pussycat - Bathroom Wall.mp4
RVTR961169,Darius Rucker,Homegrown Honey,0,no,yes,yes,yes,yes,,/Users/bobhopp/DJ MEDIA/VIDEO/COUNTRY/FILL/Darius Rucker - Homegrown Honey.mp4
RVTR177022,Barry Manilow,Let Freedom Ring,0,no,no,no,yes,no,review,/Users/bobhopp/DJ MEDIA/VIDEO/1990's/Barry Manilow - Let Freedom Ring.mp4
RVTR731987,Scatterbrain,Don't Call Me Dude,0,no,no,no,yes,yes,,/Users/bobhopp/DJ MEDIA/VIDEO/1990's/Scatterbrain - Don't Call Me Dude.mp4
RVTR888935,The Eagles,Girl From Yesterday,0,no,no,no,yes,no,,/Users/bobhopp/DJ MEDIA/VIDEO/1990's/The Eagles - Girl From Yesterday.mp4
RVTR840228,Justin Bieber f./Ludacris,Baby,0,no,no,no,yes,no,,/Users/bobhopp/DJ MEDIA/VIDEO/2010's/Justin Bieber f._Ludacris - Baby.mp4
RVTR893621,Rise Against,Help Is On The Way,0,no,yes,yes,yes,yes,,/Users/bobhopp/DJ MEDIA/VIDEO/2010's/Rise Against - Help Is On The Way.mp4
RVTR143287,Tim McGraw,Something Like That,0,no,yes,yes,yes,yes,,/Users/bobhopp/DJ MEDIA/VIDEO/1990's/Tim McGraw - Something Like That.mp4
RVTR069435,The Rolling Stones,Out Of Time,0,no,yes,yes,yes,yes,,/Users/bobhopp/DJ MEDIA/VIDEO/1960's/The Rolling Stones - Out Of Time.mp4
RVTR153685,Nickelback,Never Gonna Be Alone,0,no,yes,yes,yes,yes,,/Users/bobhopp/DJ MEDIA/VIDEO/2010's/Nickelback - Never Gonna Be Alone.mp4
RVTR399698,Rihanna f./Drake,What's My Name,0,no,no,no,yes,no,,/Users/bobhopp/DJ MEDIA/VIDEO/2010's/Rihanna f._Drake - What's My Name.mp4
RVTR624168,Omarion F.Gucci Mane,I Get It In,0,no,no,no,yes,no,,/Users/bobhopp/DJ MEDIA/VIDEO/2000's/Omarion F.Gucci Mane - I Get It In.mp4
RVTR755286,Rascal Flatts,Life Is A Highway,0,no,yes,yes,yes,yes,,/Users/bobhopp/DJ MEDIA/VIDEO/2000's/Rascal Flatts - Life Is A Highway.mp4
RVTR684074,Enrique Iglesias,Ring My Bells,0,no,yes,no,yes,no,,/Users/bobhopp/DJ MEDIA/VIDEO/2010's/Enrique Iglesias - Ring My Bells.mp4
RVTR759570,Pointer Sisters,I'm So Excited,0,no,yes,yes,yes,no,,/Users/bobhopp/DJ MEDIA/VIDEO/1980's/Pointer Sisters - I'm So Excited.mp4
RVTR586550,Harry Styles,Sign of the Times,0,no,yes,yes,yes,yes,,/Users/bobhopp/DJ MEDIA/VIDEO/2010's/Harry Styles - Sign of the Times.mp4
RVTR640394,Romeo Santos f./Usher,Promise,0,no,no,no,yes,no,,/Users/bobhopp/DJ MEDIA/VIDEO/2010's/Romeo Santos f._Usher - Promise.mp4
RVTR192079,The Beatles,I'm A Loser And Boys,0,no,no,no,yes,no,,/Users/bobhopp/DJ MEDIA/VIDEO/1960's/The Beatles - I'm A Loser And Boys.mp4
RVTR005020,Elton John LIVE REMASTERED,Take Me To The Pilot,0,no,no,no,yes,no,,/Users/bobhopp/DJ MEDIA/VIDEO/2010's/Elton John - Take Me To The Pilot.mp4
RVTR665181,Lady Antebellum,American Honey,0,no,yes,yes,yes,yes,,/Users/bobhopp/DJ MEDIA/VIDEO/COUNTRY/FILL/Lady Antebellum - American Honey.mp4
RVTR889605,Cat Stevens,Morning Has Broken,0,no,yes,yes,yes,yes,,/Users/bobhopp/DJ MEDIA/VIDEO/1970's/Cat Stevens - Morning Has Broken.mp4
RVTR914687,Alicia Keys,Teenage Love Affair,0,no,yes,yes,yes,yes,review,/Users/bobhopp/DJ MEDIA/VIDEO/2000's/Alicia Keys - Teenage Love Affair.mp4
RVTR595313,Justin Timberlake,Suit and Tie,0,no,no,no,yes,no,,/Users/bobhopp/DJ MEDIA/VIDEO/2010's/Justin Timberlake - Suit and Tie.mp4
RVTR683852,Spandau Ballet,I'll Fly For You,0,no,no,no,yes,no,,/Users/bobhopp/DJ MEDIA/VIDEO/TECHNO/Spandau Ballet - I'll Fly For You.mp4
RVTR613277,Dan Fogelberg,Leader of the Band,0,no,no,yes,yes,yes,,/Users/bobhopp/DJ MEDIA/VIDEO/1980's/Dan Fogelberg - Leader of the Band.mp4
RVTR481751,Nik Kershaw,Wouldn't It Be Good,0,no,yes,yes,yes,no,,/Users/bobhopp/DJ MEDIA/VIDEO/1980's/Nik Kershaw - Wouldn't It Be Good.mp4
RVTR707716,Ozzy Osbourne,Bark At The Moon,0,no,yes,no,yes,no,,/Users/bobhopp/DJ MEDIA/VIDEO/1980's/Ozzy Osbourne - Bark At The Moon.mp4
RVTR027354,Beyoncé Ft. Nicki Minaj,Flawless,0,no,no,no,yes,no,review,/Users/bobhopp/DJ MEDIA/VIDEO/2010's/Beyoncé feat. Nicki Minaj - Flawless.MP4
RVTR403992,The Rolling Stones,Start Me Up,0,no,yes,yes,yes,yes,,/Users/bobhopp/DJ MEDIA/VIDEO/1980's/The Rolling Stones - Start Me Up.mp4
RVTR607899,Britney Spears,My Prerogative,0,no,yes,no,yes,no,,/Users/bobhopp/DJ MEDIA/VIDEO/2000's/Britney Spears - My Prerogative.mp4
RVTR888891,Mandy Moore,I Wanna Be With You,0,no,yes,yes,yes,yes,,/Users/bobhopp/DJ MEDIA/VIDEO/2000's/Mandy Moore - I Wanna Be With You.mp4
RVTR823091,Tito & Tarantula,Dust And Ashes,0,no,no,no,yes,yes,,/Users/bobhopp/DJ MEDIA/VIDEO/2000's/Tito & Tarantula - Dust And Ashes.mp4
RVTR246947,Chicago,You're The Inspiration,0,no,yes,yes,yes,yes,,/Users/bobhopp/DJ MEDIA/VIDEO/1980's/Chicago - You're The Inspiration.mp4
RVTR444594,Trey Songz f./Fabolous,Say Aah,0,no,no,no,yes,no,,/Users/bobhopp/DJ MEDIA/VIDEO/2010's/Trey Songz f._Fabolous - Say Aah.mp4
RVTR339118,The Wonder Stuff,Circle Square,0,no,no,no,yes,yes,,/Users/bobhopp/DJ MEDIA/VIDEO/2000's/The Wonder Stuff - Circle Square.mp4
RVTR074886,Future Ft. Drake,Used To This,0,no,no,no,yes,no,,/Users/bobhopp/DJ MEDIA/VIDEO/2010's/Future feat. Drake - Used To This.mp4
RVTR548834,Spice Girls,Say You'll Be There,0,no,yes,yes,yes,yes,,/Users/bobhopp/DJ MEDIA/VIDEO/1990's/Spice Girls - Say You'll Be There.mp4
RVTR450695,Brett Young,Sleep Without You,0,no,yes,yes,yes,yes,,/Users/bobhopp/DJ MEDIA/VIDEO/2010's/Brett Young - Sleep Without You.mp4
RVTR404502,Syndicate of Sound,Little Girl,0,no,yes,yes,yes,yes,,/Users/bobhopp/DJ MEDIA/VIDEO/1960's/Syndicate of Sound - Little Girl.mp4
RVTR036865,Elton John,Funeral For A Friend,0,no,no,no,yes,no,,/Users/bobhopp/DJ MEDIA/VIDEO/1970's/Elton John - Funeral For A Friend.mp4
RVTR255820,Clint Black,Good Run Of Bad Luck,0,no,no,no,yes,no,,/Users/bobhopp/DJ MEDIA/VIDEO/COUNTRY/FILL/Clint Black - Good Run Of Bad Luck.mp4
RVTR659793,George Harrison,When We Was Fab,0,no,yes,yes,yes,yes,,/Users/bobhopp/DJ MEDIA/VIDEO/1980's/George Harrison - When We Was Fab.mp4
RVTR875572,Paul McCartney,Ebony And Ivory,0,no,yes,no,yes,no,,/Users/bobhopp/DJ MEDIA/VIDEO/1980's/Paul McCartney - Ebony And Ivory.mp4
RVTR111782,Tome Browne,Funkin' for Jamaica,0,no,no,no,yes,yes,,/Users/bobhopp/DJ MEDIA/VIDEO/1980's/Tome Browne - Funkin' for Jamaica.mp4
RVTR105000,Linkin Park,Breaking The Habbit,0,no,no,no,yes,no,,/Users/bobhopp/DJ MEDIA/VIDEO/2000's/Linkin Park - Breaking The Habbit.mp4
RVTR479862,Miranda Cosgrove,Dancing Crazy,0,no,no,yes,yes,yes,,/Users/bobhopp/DJ MEDIA/VIDEO/2010's/Miranda Cosgrove - Dancing Crazy.mp4
RVTR284180,Kelsea Ballerini,If You Go Down,0,no,no,no,yes,yes,,/Users/bobhopp/DJ MEDIA/VIDEO/2020's/Kelsea Ballerini - If You Go Down.mp4
RVTR876878,Clay Walker,Texas to Tennessee,0,no,no,no,yes,no,,/Users/bobhopp/DJ MEDIA/VIDEO/COUNTRY/FILL/Clay Walker - Texas to Tennessee.mp4
RVTR461504,Johnny Rivers,Secret Agent Man,0,no,no,yes,yes,yes,,/Users/bobhopp/DJ MEDIA/VIDEO/1960's/Johnny Rivers - Secret Agent Man.mp4
RVTR318681,Grateful Dead,Shakedown Street,0,no,yes,no,yes,no,,/Users/bobhopp/DJ MEDIA/VIDEO/1970's/Grateful Dead - Shakedown Street.mp4
RVTR977138,Kim Wilde,You Keep Me Hangin' On,0,no,no,yes,yes,yes,,/Users/bobhopp/DJ MEDIA/VIDEO/1980's/Kim Wilde - You Keep Me Hangin' On.mp4
RVTR580163,Flight Facilities,Clair De Lune,0,no,no,no,yes,no,,/Users/bobhopp/DJ MEDIA/VIDEO/2000's/Flight Facilities - Clair De Lune.mp4
RVTR849891,Three Days Grace,Never Too Late,0,no,yes,yes,yes,yes,,/Users/bobhopp/DJ MEDIA/VIDEO/2000's/Three Days Grace - Never Too Late.mp4
RVTR949569,Eagle Eye Williamson,Black Gold,0,no,no,no,yes,yes,,/Users/bobhopp/DJ MEDIA/VIDEO/2010's/Eagle Eye Williamson - Black Gold.mp4
RVTR955761,Shawn Mendes,If I Can't Have You,0,no,no,yes,yes,yes,,/Users/bobhopp/DJ MEDIA/VIDEO/2010's/Shawn Mendes - If I Can't Have You.mp4
RVTR724139,The Band,Willy And The Hand Jive,0,no,no,no,yes,no,,/Users/bobhopp/DJ MEDIA/VIDEO/1950's/The Band - Willy And The Hand Jive.mp4
RVTR406060,The Honeycombs,Have I The Right,0,no,yes,yes,yes,yes,,/Users/bobhopp/DJ MEDIA/VIDEO/1960's/The Honeycombs - Have I The Right.mp4
RVTR145653,Geri Halliwell,It's Raining Men,0,no,no,no,yes,no,,/Users/bobhopp/DJ MEDIA/VIDEO/TECHNO/Geri Halliwell - It's Raining Men.mp4
RVTR211892,Taking Back Sunday,Sink Into Me,0,no,yes,no,yes,no,,/Users/bobhopp/DJ MEDIA/VIDEO/TECHNO/Taking Back Sunday - Sink Into Me.mp4
RVTR025899,Herman's Hermits,Listen People,0,no,no,yes,yes,yes,,/Users/bobhopp/DJ MEDIA/VIDEO/1960's/Herman's Hermits - Listen People.mp4
RVTR685095,Linkin Park,Waiting For The End,0,no,yes,yes,yes,yes,,/Users/bobhopp/DJ MEDIA/VIDEO/2010's/Linkin Park - Waiting For The End.mp4
RVTR096090,Willow Smith,21st Century Girl,0,no,no,no,yes,no,,/Users/bobhopp/DJ MEDIA/VIDEO/2010's/Willow Smith - 21st Century Girl.mp4
RVTR835266,Velvet Revolver,Fall To Pieces,0,no,yes,yes,yes,yes,,/Users/bobhopp/DJ MEDIA/VIDEO/2000's/Velvet Revolver - Fall To Pieces.mp4
RVTR962684,Justin Timberlake,I'm Lovin' It,0,no,no,no,yes,no,,/Users/bobhopp/DJ MEDIA/VIDEO/TECHNO/Justin Timberlake - I'm Lovin' It.mp4
RVTR798600,Big Sean f./Chris Brown,My Last,0,no,no,no,yes,no,review,/Users/bobhopp/DJ MEDIA/VIDEO/2010's/Big Sean f._Chris Brown - My Last.mp4
RVTR250874,Dierks Bentley,Drunk On A Plane,0,no,yes,yes,yes,yes,,/Users/bobhopp/DJ MEDIA/VIDEO/2010's/Dierks Bentley - Drunk On A Plane.mp4
RVTR863761,Corey Hart,Sunglasses At Night,0,no,yes,yes,yes,yes,,/Users/bobhopp/DJ MEDIA/VIDEO/1980's/Corey Hart - Sunglasses At Night.mp4
RVTR541171,Ozzy Ozbourne,Shot In The Dark,0,no,no,no,yes,no,,/Users/bobhopp/DJ MEDIA/VIDEO/1980's/Ozzy Ozbourne - Shot In The Dark.mp4
RVTR513663,Cage The Elephant,Cold Cold Cold,0,no,yes,no,yes,no,,/Users/bobhopp/DJ MEDIA/VIDEO/2010's/Cage The Elephant - Cold Cold Cold.mp4
RVTR187820,Lil Wayne Ft. Drake,Believe Me,0,no,no,no,yes,no,,/Users/bobhopp/DJ MEDIA/VIDEO/2010's/Lil Wayne feat. Drake - Believe Me.mp4
RVTR206616,Various Artists,Woodstock 1969,0,no,no,no,yes,no,,/Users/bobhopp/DJ MEDIA/VIDEO/1960's/Various Artists - Woodstock 1969.mp4
RVTR462010,Depeche Mode,A Question of Lust,0,no,yes,no,yes,no,,/Users/bobhopp/DJ MEDIA/VIDEO/1980's/Depeche Mode - A Question of Lust.mp4
RVTR569683,Richard Marx,Don't Mean Nothing,0,no,yes,yes,yes,yes,,/Users/bobhopp/DJ MEDIA/VIDEO/1980's/Richard Marx - Don't Mean Nothing.mp4
RVTR977173,Stevie Ray Vaughan,Little Wing,0,no,no,no,yes,yes,,/Users/bobhopp/DJ MEDIA/VIDEO/1980's/Stevie Ray Vaughan - Little Wing.mp4
RVTR538877,38 Special,Back Where You Belong,0,no,no,no,yes,no,review,/Users/bobhopp/DJ MEDIA/VIDEO/1980's/38 Special - Back Where You Belong.mp4
RVTR956380,Cascada,Evacuate the Dancefloor,0,no,yes,yes,yes,yes,,/Users/bobhopp/DJ MEDIA/VIDEO/2000's/Cascada - Evacuate the Dancefloor.mp4
RVTR723102,Outasight,Tonight Is The Night,0,no,no,yes,yes,yes,,/Users/bobhopp/DJ MEDIA/VIDEO/2010's/Outasight - Tonight Is The Night.mp4
RVTR334675,Allman Brothers Band,Soulshine 2007,0,no,no,no,yes,no,review,/Users/bobhopp/DJ MEDIA/VIDEO/1990's/Allman Brothers Band - Soulshine.mp4
RVTR335285,Cowboy Junkies,Misguided Angel,0,no,no,no,yes,no,,/Users/bobhopp/DJ MEDIA/VIDEO/1980's/Cowboy Junkies - Misguided Angel.mp4
RVTR917184,Machinations,My Heart s On Fire,0,no,no,no,yes,no,,/Users/bobhopp/DJ MEDIA/VIDEO/1980's/Machinations - My Heart s On Fire.mp4
RVTR387166,Secondhand Serenade,Vulnerable,0,no,yes,yes,yes,yes,,/Users/bobhopp/DJ MEDIA/VIDEO/2000's/Secondhand Serenade - Vulnerable.mp4
RVTR687990,Canned Heat,Let's Work Together,0,no,no,yes,yes,yes,,/Users/bobhopp/DJ MEDIA/VIDEO/1960's/Canned Heat - Let's Work Together.mp4
RVTR419179,Grateful Dead,Terrapin Station,0,no,yes,no,yes,no,,/Users/bobhopp/DJ MEDIA/VIDEO/1970's/Grateful Dead - Terrapin Station.MP4
RVTR596052,Bruno Mars,Locked Out Of Heaven,0,no,yes,yes,yes,yes,,/Users/bobhopp/DJ MEDIA/VIDEO/2010's/Bruno Mars - Locked Out Of Heaven.mp4
RVTR842086,Sam Hunt,Water Under The Bridge,0,no,no,no,yes,no,,/Users/bobhopp/DJ MEDIA/VIDEO/2020's/Sam Hunt - Water Under The Bridge.mp4
RVTR901755,Steve Winwood,The Finer Things,0,no,yes,yes,yes,yes,,/Users/bobhopp/DJ MEDIA/VIDEO/1980's/Steve Winwood - The Finer Things.mp4
RVTR361767,Sunset Strippers,Fallin Stars,0,no,no,no,yes,no,,/Users/bobhopp/DJ MEDIA/VIDEO/TECHNO/Sunset Strippers - Fallin Stars.mp4
RVTR259649,Dr.  John ,Right Place Wrong Time,0,no,yes,yes,yes,yes,,/Users/bobhopp/DJ MEDIA/VIDEO/1970's/Dr.  John - Right Place Wrong Time.mp4
RVTR418732,Destiny's Child,Jumpin' Jumpin',0,no,yes,yes,yes,yes,,/Users/bobhopp/DJ MEDIA/VIDEO/2000's/Destiny's Child - Jumpin' Jumpin'.mp4
RVTR677219,Ramones,Rock N Roll High School,0,no,no,no,yes,no,,/Users/bobhopp/DJ MEDIA/VIDEO/1980's/Ramones - Rock N Roll High School.mp4
RVTR064709,Florida Georgia Line,Round Here,0,no,yes,yes,yes,yes,,/Users/bobhopp/DJ MEDIA/VIDEO/COUNTRY/FILL/Florida Georgia Line - Round Here.mp4
RVTR951983,Ministry,Every Day Is Hallween,0,no,no,no,yes,yes,,/Users/bobhopp/DJ MEDIA/VIDEO/1980's/Ministry - Every Day Is Hallween.mp4
RVTR660904,Crystal Gayle,I'll Get Over You,0,no,no,yes,yes,yes,draft,/Users/bobhopp/DJ MEDIA/VIDEO/1970's/Crystal Gayle - I'll Get Over You.mp4
RVTR633554,Celia Cruz,La Vida Es Un Crnaval,0,no,no,no,yes,no,,/Users/bobhopp/DJ MEDIA/VIDEO/1990's/Celia Cruz - La Vida Es Un Crnaval.mp4
RVTR174907,Billie Eilish,Happier Than Ever,0,no,no,yes,yes,yes,review,/Users/bobhopp/DJ MEDIA/VIDEO/2020's/Billie Eilish - Happier Than Ever.mp4
RVTR961781,Joel Corry x MNEK,Head And Heart,0,no,no,no,yes,no,,/Users/bobhopp/DJ MEDIA/VIDEO/2020's/Joel Corry x MNEK - Head And Heart.mp4
RVTR926517,Rob Thomas,Give Me The Meltdown,0,no,yes,no,yes,no,,/Users/bobhopp/DJ MEDIA/VIDEO/TECHNO/Rob Thomas - Give Me The Meltdown.mp4
RVTR782858,The Outsiders,Time Won't Let Me,0,no,no,yes,yes,yes,,/Users/bobhopp/DJ MEDIA/VIDEO/1960's/The Outsiders - Time Won't Let Me.mp4
RVTR267952,Nina Simone,Touching And Caring,0,no,no,no,yes,yes,,/Users/bobhopp/DJ MEDIA/VIDEO/1980's/Nina Simone - Touching And Caring.mp4
RVTR434029,Sara Bareilles,King Of Anything,0,no,yes,yes,yes,yes,,/Users/bobhopp/DJ MEDIA/VIDEO/2010's/Sara Bareilles - King Of Anything.mp4
RVTR560818,Zac Brown Band,Out in the Middle,0,no,no,yes,yes,yes,,/Users/bobhopp/DJ MEDIA/VIDEO/2020's/Zac Brown Band - Out in the Middle.mp4
RVTR384255,Debbie Gibson,Lost In Your Eyes,0,no,yes,yes,yes,yes,,/Users/bobhopp/DJ MEDIA/VIDEO/1980's/Debbie Gibson - Lost In Your Eyes.mp4
RVTR122741,Mariah Carey,We Belong Together,0,no,yes,yes,yes,yes,,/Users/bobhopp/DJ MEDIA/VIDEO/2000's/Mariah Carey - We Belong Together.mp4
RVTR829883,Grace Jones,Slave To The Rhythm,0,no,yes,no,yes,no,,/Users/bobhopp/DJ MEDIA/VIDEO/1980's/Grace Jones - Slave To The Rhythm.mp4
RVTR299289,21 Savage & Metro Boomin,No Heart,0,no,no,no,yes,no,review,/Users/bobhopp/DJ MEDIA/VIDEO/2010's/21 Savage & Metro Boomin - No Heart.mp4
RVTR100398,Fast Life Yungstaz,Swag Surfin,0,no,no,no,yes,no,,/Users/bobhopp/DJ MEDIA/VIDEO/TECHNO/Fast Life Yungstaz - Swag Surfin.mp4
RVTR038080,Black Eyed Peas,That's The Joint,0,no,no,no,yes,no,review,/Users/bobhopp/DJ MEDIA/VIDEO/2000's/Black Eyed Peas - That's The Joint.mp4
RVTR795571,Johnny Cash,The Chicken in Black,0,no,no,no,yes,no,,/Users/bobhopp/DJ MEDIA/VIDEO/1980's/Johnny Cash - The Chicken in Black.mp4
RVTR944045,Priscilla Block,Off The Deep End,0,no,no,no,yes,yes,,/Users/bobhopp/DJ MEDIA/VIDEO/2010's/Priscilla Block - Off The Deep End.mp4
RVTR986961,Lita Ford,Close My Eyes Forever,0,no,yes,yes,yes,yes,,/Users/bobhopp/DJ MEDIA/VIDEO/1980's/Lita Ford - Close My Eyes Forever.mp4
RVTR176191,Snow Patrol,Crack The Shutters,0,no,yes,no,yes,no,,/Users/bobhopp/DJ MEDIA/VIDEO/TECHNO/Snow Patrol - Crack The Shutters.mp4
RVTR806879,Johnny Cash,City of New Orleans,0,no,no,no,yes,yes,,/Users/bobhopp/DJ MEDIA/VIDEO/1970's/Johnny Cash - City of New Orleans.mp4
RVTR688685,Brenda Russell,So Good So Right,0,no,yes,yes,yes,no,,/Users/bobhopp/DJ MEDIA/VIDEO/1980's/Brenda Russell - So Good So Right.mp4
RVTR214389,Elton John,Sartorial Eloquence,0,no,yes,no,yes,no,,/Users/bobhopp/DJ MEDIA/VIDEO/1980's/Elton John - Sartorial Eloquence.mp4
RVTR649647,Luther Vandross,Never Too Much,0,no,yes,yes,yes,yes,,/Users/bobhopp/DJ MEDIA/VIDEO/1980's/Luther Vandross - Never Too Much.mp4
RVTR430089,Tony Rich Project,Nobody Knows,0,no,yes,yes,yes,no,,/Users/bobhopp/DJ MEDIA/VIDEO/1990's/Tony Rich Project - Nobody Knows.mp4
RVTR521257,Ed Sheeran,Supermarket Flowers,0,no,no,yes,yes,yes,,/Users/bobhopp/DJ MEDIA/VIDEO/2010's/Ed Sheeran - Supermarket Flowers.mp4
RVTR868228,"Patti Page, Guy Mitchell",Detour,0,no,no,no,yes,no,,"/Users/bobhopp/DJ MEDIA/VIDEO/1950's/Patti Page, Guy Mitchell - Detour.mp4"
RVTR276702,The Beatles,All You Need Is Love,0,no,yes,yes,yes,yes,,/Users/bobhopp/DJ MEDIA/VIDEO/1960's/The Beatles - All You Need Is Love.mp4
RVTR037977,Brad Paisley,He Didn't Have To Be,0,no,no,yes,yes,yes,,/Users/bobhopp/DJ MEDIA/VIDEO/COUNTRY/FILL/Brad Paisley - He Didn't Have To Be.MP4
RVTR262138,Randy Houser,How Country Feels,0,no,yes,yes,yes,yes,,/Users/bobhopp/DJ MEDIA/VIDEO/COUNTRY/FILL/Randy Houser - How Country Feels.mp4
RVTR834251,Bobby Sherman,"Easy Come, Easy Go",0,no,yes,yes,yes,yes,,"/Users/bobhopp/DJ MEDIA/VIDEO/1970's/Bobby Sherman - Easy Come, Easy Go.mp4"
RVTR394989,"Easy Come, Easy Go",Bobby Sherman,0,no,no,no,yes,yes,,"/Users/bobhopp/DJ MEDIA/VIDEO/1970's/Easy Come, Easy Go - Bobby Sherman.mp4"
RVTR518621,Dan Fogelberg,Same Old Lang Syne,0,no,yes,yes,yes,yes,,/Users/bobhopp/DJ MEDIA/VIDEO/1980's/Dan Fogelberg - Same Old Lang Syne.mp4
RVTR988091,Savage Garden,I Knew I Loved You,0,no,yes,yes,yes,yes,,/Users/bobhopp/DJ MEDIA/VIDEO/2000's/Savage Garden - I Knew I Loved You.mp4
RVTR937814,Ryan Adams,Gimme Something Good,0,no,no,no,yes,yes,,/Users/bobhopp/DJ MEDIA/VIDEO/2010's/Ryan Adams - Gimme Something Good.mp4
RVTR145946,Bill Withers,Just The Two Of Us,0,no,no,no,yes,no,review,/Users/bobhopp/DJ MEDIA/VIDEO/1980's/Bill Withers - Just The Two Of Us.mp4
RVTR627565,Carly Simon,Coming Around Again,0,no,yes,yes,yes,yes,,/Users/bobhopp/DJ MEDIA/VIDEO/1980's/Carly Simon - Coming Around Again.mp4
RVTR784507,Hot Chocolate,Every 1's A Winner,0,no,no,yes,yes,yes,,/Users/bobhopp/DJ MEDIA/VIDEO/1980's/Hot Chocolate - Every 1's A Winner.mp4
RVTR184211,The O'Jays,For The Love Of Money,0,no,yes,yes,yes,yes,,/Users/bobhopp/DJ MEDIA/VIDEO/1970's/The O'Jays - For The Love Of Money.mp4
RVTR578363,Mary Hopkin,Those Were The Days,0,no,no,yes,yes,yes,,/Users/bobhopp/DJ MEDIA/VIDEO/1960's/Mary Hopkin - Those Were The Days.mp4
RVTR229049,Richard Marx,Right Here Waiting,0,no,yes,yes,yes,yes,,/Users/bobhopp/DJ MEDIA/VIDEO/1980's/Richard Marx - Right Here Waiting.mp4
RVTR620128,Jack Johnson ,You And Your Heart,0,no,yes,yes,yes,yes,,/Users/bobhopp/DJ MEDIA/VIDEO/2010's/Jack Johnson - You And Your Heart.mp4
RVTR774926,"Cinematics, The",Keep Forgetting,0,no,no,no,yes,no,,"/Users/bobhopp/DJ MEDIA/VIDEO/TECHNO/Cinematics, The - Keep Forgetting.mp4"
RVTR226826,Arthur Conley,Sweet Soul Music,0,no,yes,yes,yes,yes,review,/Users/bobhopp/DJ MEDIA/VIDEO/1960's/Arthur Conley - Sweet Soul Music.mp4
RVTR516100,Jennifer Rush,The Power Of Love,0,no,no,yes,yes,yes,,/Users/bobhopp/DJ MEDIA/VIDEO/1980's/Jennifer Rush - The Power Of Love.mp4
RVTR428093,Roberta Flack,Killing Me Softly,0,no,yes,yes,yes,yes,,/Users/bobhopp/DJ MEDIA/VIDEO/1970's/Roberta Flack - Killing Me Softly.mp4
RVTR773650,Rob Base & DJ EZ Rock,Joy And Pain,0,no,no,no,yes,no,,/Users/bobhopp/DJ MEDIA/VIDEO/1980's/Rob Base & DJ EZ Rock - Joy And Pain.mp4
RVTR897588,The Rolling Stones,Love In Vain,0,no,yes,no,yes,no,,/Users/bobhopp/DJ MEDIA/VIDEO/1960's/The Rolling Stones - Love In Vain.mp4
RVTR120585,Marcia Griffiths,Electric Slide,0,no,no,no,yes,no,,/Users/bobhopp/DJ MEDIA/VIDEO/1990's/Marcia Griffiths - Electric Slide.mp4
RVTR096056,Kris Allen,Live Like We're Dying,0,no,yes,yes,yes,yes,,/Users/bobhopp/DJ MEDIA/VIDEO/2010's/Kris Allen - Live Like We're Dying.mp4
RVTR152744,Brett Eldredge,Beat Of The Music,0,no,yes,yes,yes,yes,,/Users/bobhopp/DJ MEDIA/VIDEO/COUNTRY/FILL/Brett Eldredge - Beat Of The Music.mp4
RVTR639273,Clay Walker,i Don't Want to Know,0,no,no,no,yes,no,,/Users/bobhopp/DJ MEDIA/VIDEO/COUNTRY/FILL/Clay Walker - i Don't Want to Know.mp4
RVTR761969,Dierks Bentley,Am I The Only One,0,no,yes,yes,yes,yes,,/Users/bobhopp/DJ MEDIA/VIDEO/COUNTRY/FILL/Dierks Bentley - Am I The Only One.mp4
RVTR160492,Joe Cocker,Many Rivers To Cross,0,no,yes,no,yes,no,,/Users/bobhopp/DJ MEDIA/VIDEO/1990's/Joe Cocker - Many Rivers To Cross.mp4
RVTR594133,Christine and the Queens,Tilted,0,no,no,no,yes,no,,/Users/bobhopp/DJ MEDIA/VIDEO/2010's/Christine and the Queens - Tilted.mp4
RVTR265607,Ganymed,It Takes Me Higher Disco,0,no,no,no,yes,yes,,/Users/bobhopp/DJ MEDIA/VIDEO/1970's/Ganymed - It Takes Me Higher Disco.mp4
RVTR324493,Barry Manilow,Turn The Radio Up,0,no,yes,no,yes,no,review,/Users/bobhopp/DJ MEDIA/VIDEO/2000's/Barry Manilow - Turn The Radio Up.mp4
RVTR318792,Barry Manilow,I Write The Songs,0,no,yes,yes,yes,yes,draft,/Users/bobhopp/DJ MEDIA/VIDEO/1970's/Barry Manilow - I Write The Songs.mp4
RVTR656185,Saxon,747 Strangers In The Night,0,no,no,no,yes,no,,/Users/bobhopp/DJ MEDIA/VIDEO/1980's/Saxon - 747 Strangers In The Night.mp4
RVTR998084,Wham!,Wake Me Up Before You Go-Go,0,no,no,yes,yes,yes,,/Users/bobhopp/DJ MEDIA/VIDEO/1980's/Wham! - Wake Me Up Before You Go-Go.mp4
RVTR453618,Jack Johnson,Inaudible Melodies,0,no,yes,no,yes,yes,,/Users/bobhopp/DJ MEDIA/VIDEO/2000's/Jack Johnson - Inaudible Melodies.mp4
RVTR547455,Clay Walker,Need a Bar Sometimes,0,no,no,no,yes,no,,/Users/bobhopp/DJ MEDIA/VIDEO/COUNTRY/FILL/Clay Walker - Need a Bar Sometimes.mp4
RVTR389423,Every Avenue,Think Of You Later,0,no,no,no,yes,no,,/Users/bobhopp/DJ MEDIA/VIDEO/TECHNO/Every Avenue - Think Of You Later.mp4
RVTR668521,Wall Of Voodoo,Far Side Of Crazy,0,no,no,no,yes,no,,/Users/bobhopp/DJ MEDIA/VIDEO/TECHNO/Wall Of Voodoo - Far Side Of Crazy.mp4
RVTR571797,Carrie Underwood,Dirty Laundry,0,no,yes,yes,yes,yes,,/Users/bobhopp/DJ MEDIA/VIDEO/2010's/Carrie Underwood - Dirty Laundry.mp4
RVTR469635,Sounds Incorporated,Rinky Dink,0,yes,no,no,yes,no,cards_ready,/Users/bobhopp/DJ MEDIA/VIDEO/1960's/Sounds Incorporated - Rinky Dink.mp4
RVTR988713,Debby Boone,You LIght Up My Life,0,no,yes,yes,yes,yes,,/Users/bobhopp/DJ MEDIA/VIDEO/1970's/Debby Boone - You LIght Up My Life.mp4
RVTR404554,Onerepublic,All The Right Moves,0,no,yes,yes,yes,yes,,/Users/bobhopp/DJ MEDIA/VIDEO/2010's/Onerepublic - All The Right Moves.mp4
RVTR056651,"J Balvin, Willy William",Mi Gente,0,no,no,no,yes,no,,"/Users/bobhopp/DJ MEDIA/VIDEO/2010's/J Balvin, Willy William - Mi Gente.mp4"
RVTR677225,Rembrandts,I'll Be There For You,0,no,no,no,yes,yes,,/Users/bobhopp/DJ MEDIA/VIDEO/1990's/Rembrandts - I'll Be There For You.mp4
RVTR614656,Little Big Town,Bring It On Home,0,no,yes,yes,yes,yes,,/Users/bobhopp/DJ MEDIA/VIDEO/2010's/Little Big Town - Bring It On Home.mp4
RVTR727869,Nancy Wilson,For Once in My Life,0,no,yes,no,yes,no,,/Users/bobhopp/DJ MEDIA/VIDEO/1960's/Nancy Wilson - For Once in My Life.mp4
RVTR142847,The Beatles,Across The Universe,0,no,yes,no,yes,no,,/Users/bobhopp/DJ MEDIA/VIDEO/1960's/The Beatles - Across The Universe.mp4
RVTR148032,Van Halen,Runnin' With The Devil,0,yes,no,yes,yes,yes,review,/Users/bobhopp/DJ MEDIA/VIDEO/1970's/Van Halen - Runnin' With The Devil.mp4
RVTR341152,Martha Davis,Tell It To The Moon,0,no,yes,no,yes,no,,/Users/bobhopp/DJ MEDIA/VIDEO/1980's/Martha Davis - Tell It To The Moon.mp4
RVTR168717,Flaming Lips,She Don't Use Jelly,0,no,no,no,yes,no,,/Users/bobhopp/DJ MEDIA/VIDEO/1990's/Flaming Lips - She Don't Use Jelly.mp4
RVTR620713,Dave Matthews Band,Crash Into Me,0,no,yes,no,yes,no,,/Users/bobhopp/DJ MEDIA/VIDEO/2000's/Dave Matthews Band - Crash Into Me.mp4
RVTR998954,Bobby Womack,Across 110th Street,0,no,yes,yes,yes,yes,,/Users/bobhopp/DJ MEDIA/VIDEO/1970's/Bobby Womack - Across 110th Street.mp4
RVTR894502,Lindsey Buckingham,Holiday Road,0,no,yes,yes,yes,yes,,/Users/bobhopp/DJ MEDIA/VIDEO/1980's/Lindsey Buckingham - Holiday Road.mp4
RVTR254122,Rod Stewart,Tonight's The Night,0,no,yes,yes,yes,yes,,/Users/bobhopp/DJ MEDIA/VIDEO/1980's/Rod Stewart - Tonight's The Night.mp4
RVTR810701,Dave Clark Five,Everybody Knows,0,no,yes,yes,yes,no,,/Users/bobhopp/DJ MEDIA/VIDEO/1960's/Dave Clark Five - Everybody Knows.mp4
RVTR615978,John Prine,David Letterman Show,0,no,no,no,yes,no,,/Users/bobhopp/DJ MEDIA/VIDEO/1990's/John Prine - David Letterman Show.mp4
RVTR663569,Tracy Chapman,Give Me One Reason,0,no,yes,yes,yes,no,,/Users/bobhopp/DJ MEDIA/VIDEO/1990's/Tracy Chapman - Give Me One Reason.mp4
RVTR756303,The Beach Boys,Little Saint Nick,0,no,yes,yes,yes,yes,,/Users/bobhopp/DJ MEDIA/VIDEO/1960's/The Beach Boys - Little Saint Nick.mp4
RVTR618263,Carrie Underwood,Pink Champagne,0,no,no,no,yes,yes,,/Users/bobhopp/DJ MEDIA/VIDEO/2020's/Carrie Underwood - Pink Champagne.mp4
RVTR152644,Dixie Chicks,Cowboy Take Me Away,0,no,yes,yes,yes,yes,,/Users/bobhopp/DJ MEDIA/VIDEO/1990's/Dixie Chicks - Cowboy Take Me Away.mp4
RVTR510555,"Seaforth, Jordan Davis",Good Beer,0,no,no,no,yes,no,,"/Users/bobhopp/DJ MEDIA/VIDEO/2020's/Seaforth, Jordan Davis - Good Beer.mp4"
RVTR382389,Amazing Grace,Scottish Bagpipes,0,no,no,no,yes,no,review,/Users/bobhopp/DJ MEDIA/VIDEO/1970's/Amazing Grace - Scottish Bagpipes.mp4
RVTR917733,Arrested Development,Tennessee,0,yes,yes,yes,yes,yes,review,/Users/bobhopp/DJ MEDIA/VIDEO/1990's/Arrested Development - Tennessee.mp4
RVTR596597,The Rolling Stones,I'm a King Bee,0,no,no,no,yes,yes,,/Users/bobhopp/DJ MEDIA/VIDEO/2000's/The Rolling Stones - I'm a King Bee.mp4
RVTR794517,Big Data feat. Joywave,Dangerous ,0,no,no,no,yes,yes,review,/Users/bobhopp/DJ MEDIA/VIDEO/2010's/Big Data feat. Joywave - Dangerous.mp4
RVTR279049,Lana Del Rey,Young And Beautiful,0,no,no,yes,yes,yes,,/Users/bobhopp/DJ MEDIA/VIDEO/2010's/Lana Del Rey - Young And Beautiful.mp4
RVTR203505,The Ritchie Family,Life Is Music,0,no,yes,no,yes,yes,,/Users/bobhopp/DJ MEDIA/VIDEO/1970's/The Ritchie Family - Life Is Music.mp4
RVTR013949,Ric Ocasek,Something To Grab For,0,no,yes,yes,yes,yes,,/Users/bobhopp/DJ MEDIA/VIDEO/1980's/Ric Ocasek - Something To Grab For.mp4
RVTR801314,Dustin Lynch,Cowboys And Angels,0,no,yes,yes,yes,yes,,/Users/bobhopp/DJ MEDIA/VIDEO/COUNTRY/FILL/Dustin Lynch - Cowboys And Angels.mp4
RVTR563024,Sex Pistols,Holidays In The Sun,0,no,no,no,yes,yes,,/Users/bobhopp/DJ MEDIA/VIDEO/1970's/Sex Pistols - Holidays In The Sun.mp4
RVTR850810,Tyler Childers,White House Road,0,no,no,no,yes,yes,,/Users/bobhopp/DJ MEDIA/VIDEO/2010's/Tyler Childers - White House Road.mp4
RVTR647440,Kenny Rankin,Oh So Peaceful Here,0,no,no,no,yes,no,,/Users/bobhopp/DJ MEDIA/VIDEO/1960's/Kenny Rankin - Oh So Peaceful Here.mp4
RVTR398335,Gloria Estefan,Anything For You,0,no,yes,yes,yes,yes,,/Users/bobhopp/DJ MEDIA/VIDEO/1980's/Gloria Estefan - Anything For You.mp4
RVTR573578,Grateful Dead,Estimated Prophet,0,no,yes,no,yes,no,,/Users/bobhopp/DJ MEDIA/VIDEO/1980's/Grateful Dead - Estimated Prophet.mp4
RVTR745436,Taylor Swift,You Belong With Me,0,no,yes,yes,yes,yes,,/Users/bobhopp/DJ MEDIA/VIDEO/2000's/Taylor Swift - You Belong With Me.mp4
RVTR578189,Pat Benatar,Shadows Of The Night,0,no,yes,yes,yes,yes,,/Users/bobhopp/DJ MEDIA/VIDEO/1980's/Pat Benatar - Shadows Of The Night.mp4
RVTR659423,Childish Gambino,This Is America,0,no,no,yes,yes,yes,,/Users/bobhopp/DJ MEDIA/VIDEO/2010's/Childish Gambino - This Is America.mp4
RVTR998432,Anne Marie & Niall Horan,Our Song,0,no,no,no,yes,no,review,/Users/bobhopp/DJ MEDIA/VIDEO/2020's/Anne Marie & Niall Horan - Our Song.mp4
RVTR452268,Eric Church,Smoke A Little Smoke,0,no,yes,yes,yes,yes,,/Users/bobhopp/DJ MEDIA/VIDEO/2000's/Eric Church - Smoke A Little Smoke.mp4
RVTR237128,"Pitbull, Ne-Yo",Time Of Our Lives,0,no,no,no,yes,no,,"/Users/bobhopp/DJ MEDIA/VIDEO/2010's/Pitbull, Ne-Yo - Time Of Our Lives.mp4"
RVTR616071,Pat Benatar,Promises In The Dark,0,no,yes,yes,yes,yes,,/Users/bobhopp/DJ MEDIA/VIDEO/1980's/Pat Benatar - Promises In The Dark.mp4
RVTR856258,Stephanie Mills,Comfort Of A Man,0,no,yes,no,yes,yes,,/Users/bobhopp/DJ MEDIA/VIDEO/1980's/Stephanie Mills - Comfort Of A Man.mp4
RVTR962368,Nelly F.Tim Mcgraw,Over And Over,0,no,no,no,yes,no,,/Users/bobhopp/DJ MEDIA/VIDEO/2000's/Nelly F.Tim Mcgraw - Over And Over.mp4
RVTR728010,The Fortunes,Here It Comes Again,0,yes,no,yes,yes,yes,cards_ready,/Users/bobhopp/DJ MEDIA/VIDEO/1960's/The Fortunes - Here It Comes Again.mp4
RVTR650080,Supertramp,Breakfast In America,0,no,yes,yes,yes,yes,,/Users/bobhopp/DJ MEDIA/VIDEO/1970's/Supertramp - Breakfast In America.mp4
RVTR117703,Little Shop Of Horrors,Skid Row,0,no,no,no,yes,no,,/Users/bobhopp/DJ MEDIA/VIDEO/1980's/Little Shop Of Horrors - Skid Row.mp4
RVTR255931,The Tremeloes,Here Comes My Baby,0,yes,yes,yes,yes,no,review,/Users/bobhopp/DJ MEDIA/VIDEO/1960's/The Tremeloes - Here Comes My Baby.mp4
RVTR200193,The Gaslight Anthem,The '59 Sound,0,no,no,no,yes,no,,/Users/bobhopp/DJ MEDIA/VIDEO/2000's/The Gaslight Anthem - The '59 Sound.mp4
RVTR220700,Boyz Ii Men,I'll Make Love To You,0,no,yes,yes,yes,yes,,/Users/bobhopp/DJ MEDIA/VIDEO/1990's/Boyz Ii Men - I'll Make Love To You.mp4
RVTR321097,SWV f.Michael Jackson,Right Here,0,no,no,no,yes,no,,/Users/bobhopp/DJ MEDIA/VIDEO/2000's/SWV f.Michael Jackson - Right Here.mp4
RVTR968509,Bobaflex,Bury Me with my Guns On,0,no,no,no,yes,yes,,/Users/bobhopp/DJ MEDIA/VIDEO/2010's/Bobaflex - Bury Me with my Guns On.mp4
RVTR714456,Eminem feat. Rihanna,The Monster,0,no,no,no,yes,no,,/Users/bobhopp/DJ MEDIA/VIDEO/2010's/Eminem feat. Rihanna - The Monster.mp4
RVTR181172,Rascal Flatts,The Day Before You,0,no,yes,no,yes,no,,/Users/bobhopp/DJ MEDIA/VIDEO/COUNTRY/FILL/Rascal Flatts - The Day Before You.mp4
RVTR404324,R.L. Burnside,Rollin and Tumblin,0,yes,no,no,yes,no,cards_ready,/Users/bobhopp/DJ MEDIA/VIDEO/1960's/R.L. Burnside - Rollin and Tumblin.mp4
RVTR282224,Foreigner,"Blue Morning, Blue Day",0,no,yes,yes,yes,yes,,"/Users/bobhopp/DJ MEDIA/VIDEO/1970's/Foreigner - Blue Morning, Blue Day.mp4"
RVTR132630,John Cougar,Like A Rolling Stone ,0,no,no,no,yes,no,,/Users/bobhopp/DJ MEDIA/VIDEO/1960's/John Cougar - Like A Rolling Stone.mp4
RVTR402785,Echo And The Bunnymen,The Cutter,0,no,no,no,yes,yes,,/Users/bobhopp/DJ MEDIA/VIDEO/1980's/Echo And The Bunnymen - The Cutter.mp4
RVTR390041,Nine Inch Nails,March Of The Pigs,0,no,no,yes,yes,yes,,/Users/bobhopp/DJ MEDIA/VIDEO/1990's/Nine Inch Nails - March Of The Pigs.mp4
RVTR479735,Bad Company,Rock 'n' Roll Fantasy,0,no,yes,yes,yes,yes,review,/Users/bobhopp/DJ MEDIA/VIDEO/1970's/Bad Company - Rock 'n' Roll Fantasy.mp4
RVTR855310,Billy Currington,We Are Tonight,0,no,yes,yes,yes,yes,review,/Users/bobhopp/DJ MEDIA/VIDEO/2010's/Billy Currington - We Are Tonight.mp4
RVTR632397,Kip Moore,Somethin' Bout A Truck,0,no,no,no,yes,no,,/Users/bobhopp/DJ MEDIA/VIDEO/COUNTRY/FILL/Kip Moore - Somethin' Bout A Truck.mp4
RVTR511682,Steve Miller Band,True Fine Love,0,no,no,no,yes,yes,,/Users/bobhopp/DJ MEDIA/VIDEO/1970's/Steve Miller Band - True Fine Love.mp4
RVTR309082,Keith Sweat,Dont Stop Your Love,0,no,no,no,yes,no,,/Users/bobhopp/DJ MEDIA/VIDEO/1980's/Keith Sweat - Dont Stop Your Love.mp4
RVTR613368,Whodini,Freaks Come Out At Night,0,no,yes,no,yes,no,,/Users/bobhopp/DJ MEDIA/VIDEO/1980's/Whodini - Freaks Come Out At Night.mp4
RVTR038393,Everything But The Girl,Missing,0,no,yes,yes,yes,yes,,/Users/bobhopp/DJ MEDIA/VIDEO/1990's/Everything But The Girl - Missing.mp4
RVTR975295,Sixpence None The Richer,Kiss Me,0,no,yes,yes,yes,yes,,/Users/bobhopp/DJ MEDIA/VIDEO/1990's/Sixpence None The Richer - Kiss Me.mp4
RVTR265493,Bruce Springsteen,Secret Garden,0,no,no,yes,yes,yes,,/Users/bobhopp/DJ MEDIA/VIDEO/1990's/Bruce Springsteen - Secret Garden.mp4
RVTR348225,Miranda Lambert,If I Was a Cowboy,0,no,no,yes,yes,yes,,/Users/bobhopp/DJ MEDIA/VIDEO/2020's/Miranda Lambert - If I Was a Cowboy.mp4
RVTR678473,Topic x Bebe Rexha,Chain My Heart,0,no,no,no,yes,no,,/Users/bobhopp/DJ MEDIA/VIDEO/2020's/Topic x Bebe Rexha - Chain My Heart.mp4
RVTR938153,Johnny Cash,Folsom Prison Blues,0,no,yes,yes,yes,yes,,/Users/bobhopp/DJ MEDIA/VIDEO/1960's/Johnny Cash - Folsom Prison Blues.mp4
RVTR149386,Blondie,Hanging On The Telephone,0,no,yes,no,yes,no,review,/Users/bobhopp/DJ MEDIA/VIDEO/1970's/Blondie - Hanging On The Telephone.mp4
RVTR349082,Katy Perry,The One That Got Away,0,no,yes,yes,yes,yes,,/Users/bobhopp/DJ MEDIA/VIDEO/2010's/Katy Perry - The One That Got Away.mp4
RVTR099985,Mariah Carey,Can't Take That Away,0,no,no,no,yes,no,,/Users/bobhopp/DJ MEDIA/VIDEO/TECHNO/Mariah Carey - Can't Take That Away.mp4
RVTR070662,Fat Boys & The Beach Boys,Wipeout,0,no,no,no,yes,no,,/Users/bobhopp/DJ MEDIA/VIDEO/1980's/Fat Boys & The Beach Boys - Wipeout.mp4
RVTR108932,Janet Jackson's,Lets Wait awhile,0,no,no,no,yes,yes,,/Users/bobhopp/DJ MEDIA/VIDEO/1980's/Janet Jackson's - Lets Wait awhile.mp4
RVTR256840,Michaels Hilly,Calling All Girls,0,no,no,no,yes,no,,/Users/bobhopp/DJ MEDIA/VIDEO/1980's/Michaels Hilly - Calling All Girls.mp4
RVTR346340,Gerry Rafferty,Bring It All Home,0,no,yes,no,yes,no,,/Users/bobhopp/DJ MEDIA/VIDEO/1980's/Gerry Rafferty - Bring It All Home.mp4
RVTR460263,White Lion,When The Children Cry,0,no,yes,yes,yes,yes,,/Users/bobhopp/DJ MEDIA/VIDEO/1980's/White Lion - When The Children Cry.mp4
RVTR794676,Disclosure Ft. Sam Smith,Latch,0,no,no,no,yes,no,,/Users/bobhopp/DJ MEDIA/VIDEO/2010's/Disclosure feat. Sam Smith - Latch.MP4
RVTR125803,Lizzo feat. Missy Elliott,Tempo,0,no,no,no,yes,yes,,/Users/bobhopp/DJ MEDIA/VIDEO/2010's/Lizzo feat. Missy Elliott - Tempo.mp4
RVTR432631,Selena Gomez & The Scene,Who Says,0,no,no,no,yes,no,,/Users/bobhopp/DJ MEDIA/VIDEO/2010's/Selena Gomez & The Scene - Who Says.mp4
RVTR571712,Purple Disco Machine,Bad Company,0,no,no,no,yes,yes,,/Users/bobhopp/DJ MEDIA/VIDEO/2020's/Purple Disco Machine - Bad Company.mp4
RVTR114158,Sonny and Cher,When You Say Love,0,no,no,no,yes,yes,,/Users/bobhopp/DJ MEDIA/VIDEO/1970's/Sonny and Cher - When You Say Love.mp4
RVTR046215,Annie Lennox,No More I Love Yous,0,no,no,no,yes,no,review,/Users/bobhopp/DJ MEDIA/VIDEO/1990's/Annie Lennox - No More I Love Yous.mp4
RVTR267143,Gloria Estefan,Everlasting Love,0,no,yes,yes,yes,yes,,/Users/bobhopp/DJ MEDIA/VIDEO/1990's/Gloria Estefan - Everlasting Love.mp4
RVTR490001,Rise Against,Nowhere Generation,0,no,no,no,yes,no,,/Users/bobhopp/DJ MEDIA/VIDEO/2020's/Rise Against - Nowhere Generation.mp4
RVTR054334,Queen Latifah,Come Into My House,0,no,yes,no,yes,yes,,/Users/bobhopp/DJ MEDIA/VIDEO/2000's/Queen Latifah - Come Into My House.mp4
RVTR530630,Fabolous Ft. Chris Brown,Ready,0,no,no,no,yes,no,,/Users/bobhopp/DJ MEDIA/VIDEO/2010's/Fabolous feat. Chris Brown - Ready.mp4
RVTR606602,Rufus and Chaka Khan,Ain't Nobody,0,no,no,yes,yes,yes,,/Users/bobhopp/DJ MEDIA/VIDEO/1980's/Rufus and Chaka Khan - Ain't Nobody.mp4
RVTR627617,Johnny Cash,I've Been Everywhere,0,no,no,no,yes,no,,/Users/bobhopp/DJ MEDIA/VIDEO/COUNTRY/FILL/Johnny Cash - I've Been Everywhere.mp4
RVTR846581,Captain & Tennille,Lonely Nights,0,no,no,no,yes,no,,/Users/bobhopp/DJ MEDIA/VIDEO/1970's/Captain & Tennille - Lonely Nights.mp4
RVTR409549,Whitney Houston,I'm Every Woman,0,no,no,yes,yes,yes,,/Users/bobhopp/DJ MEDIA/VIDEO/1990's/Whitney Houston - I'm Every Woman.mp4
RVTR886003,Krafty Kuts,Tell Me How You Feel,0,no,no,no,yes,no,,/Users/bobhopp/DJ MEDIA/VIDEO/TECHNO/Krafty Kuts - Tell Me How You Feel.mp4
RVTR212882,Henry Mancini,Baby Elephant Walk,0,no,yes,no,yes,no,,/Users/bobhopp/DJ MEDIA/VIDEO/1950's/Henry Mancini - Baby Elephant Walk.mp4
RVTR410729,Badfinger,Sweet Tuesday Morning,0,no,yes,no,yes,no,review,/Users/bobhopp/DJ MEDIA/VIDEO/1970's/Badfinger - Sweet Tuesday Morning.mp4
RVTR869306,Billy Thorpe,Children of the Sun,0,no,yes,yes,yes,yes,review,/Users/bobhopp/DJ MEDIA/VIDEO/1970's/Billy Thorpe - Children of the Sun.mp4
RVTR995416,The Beach Boys,California Feelin',0,no,no,no,yes,yes,,/Users/bobhopp/DJ MEDIA/VIDEO/2000's/The Beach Boys - California Feelin'.mp4
RVTR046843,Camila Cabello,Crying in the Club,0,no,no,yes,yes,yes,,/Users/bobhopp/DJ MEDIA/VIDEO/2010's/Camila Cabello - Crying in the Club.mp4
RVTR935186,Chemical Brothers,Let Forever Be,0,no,no,no,yes,no,,/Users/bobhopp/DJ MEDIA/VIDEO/1990's/Chemical Brothers - Let Forever Be.mp4
RVTR005764,Pretenders,Windows Of The World,0,no,no,no,yes,no,,/Users/bobhopp/DJ MEDIA/VIDEO/1980's/Pretenders - Windows Of The World.mp4
RVTR745492,Sheryl Crow,My Favorite Mistake,0,no,yes,yes,yes,yes,,/Users/bobhopp/DJ MEDIA/VIDEO/1990's/Sheryl Crow - My Favorite Mistake.mp4
RVTR240022,New Kids On The Block,Summertime,0,no,yes,yes,yes,yes,,/Users/bobhopp/DJ MEDIA/VIDEO/2000's/New Kids On The Block - Summertime.mp4
RVTR331300,Regreso al Futuro,Orquesta Gaos,0,no,no,no,yes,yes,,/Users/bobhopp/DJ MEDIA/VIDEO/2000's/Regreso al Futuro - Orquesta Gaos.mp4
RVTR036605,Revenge of the Nerds,Talent Show,0,no,no,no,yes,yes,,/Users/bobhopp/DJ MEDIA/VIDEO/2000's/Revenge of the Nerds - Talent Show.mp4
RVTR947224,The Cranberries,When You're Gone,0,no,no,yes,yes,yes,,/Users/bobhopp/DJ MEDIA/VIDEO/2010's/The Cranberries - When You're Gone.mp4
RVTR765183,Vengaboys,"Boom, Boom, Boom, Boom!!",0,no,yes,yes,yes,yes,,"/Users/bobhopp/DJ MEDIA/VIDEO/1990's/Vengaboys - Boom, Boom, Boom, Boom!!.mp4"
RVTR197150,Morgan Wallen,One Thing At A Time,0,no,no,yes,yes,yes,,/Users/bobhopp/DJ MEDIA/VIDEO/2020's/Morgan Wallen - One Thing At A Time.mp4
RVTR317594,Taio Cruz f./Ke$ha,Dirty Picture,0,no,no,no,yes,no,,/Users/bobhopp/DJ MEDIA/VIDEO/2010's/Taio Cruz f._Ke$ha - Dirty Picture.mp4
RVTR592432,T.I. Ft. Iggy Azalea,No Mediocre,0,no,no,no,yes,no,,/Users/bobhopp/DJ MEDIA/VIDEO/2010's/T.I. feat. Iggy Azalea - No Mediocre.MP4
RVTR926487,Young Jeezy f./Lil Wayne,Ballin',0,no,no,no,yes,no,,/Users/bobhopp/DJ MEDIA/VIDEO/2010's/Young Jeezy f._Lil Wayne - Ballin'.mp4
RVTR139324,Frank Sinatra,Legends in Concert,0,no,no,no,yes,no,,/Users/bobhopp/DJ MEDIA/VIDEO/1960's/Frank Sinatra - Legends in Concert.mp4
RVTR391740,Little River Band,The Night Owls,0,no,yes,yes,yes,yes,,/Users/bobhopp/DJ MEDIA/VIDEO/1980's/Little River Band - The Night Owls.mp4
RVTR137086,Janet Jackson,"Any Time, Any Place",0,no,no,yes,yes,yes,,"/Users/bobhopp/DJ MEDIA/VIDEO/1990's/Janet Jackson - Any Time, Any Place.mp4"
RVTR199812,Backstreet Boys,Larger Than Life,0,no,yes,yes,yes,yes,review,/Users/bobhopp/DJ MEDIA/VIDEO/1990's/Backstreet Boys - Larger Than Life.mp4
RVTR200790,Lil Jon f./LMFAO,Outta Your Mind,0,no,no,no,yes,no,,/Users/bobhopp/DJ MEDIA/VIDEO/2010's/Lil Jon f._LMFAO - Outta Your Mind.mp4
RVTR029939,T.I. f./Keri Hilson,Got Your Back,0,no,no,no,yes,no,,/Users/bobhopp/DJ MEDIA/VIDEO/2010's/T.I. f._Keri Hilson - Got Your Back.mp4
RVTR479814,Clay Walker,Cowboy Loves a Woman,0,no,no,no,yes,no,,/Users/bobhopp/DJ MEDIA/VIDEO/COUNTRY/FILL/Clay Walker - Cowboy Loves a Woman.mp4
RVTR676011,Gene Simmons,I'm The Firestarter,0,no,no,no,yes,no,,/Users/bobhopp/DJ MEDIA/VIDEO/TECHNO/Gene Simmons - I'm The Firestarter.mp4
RVTR472340,CeCe Peniston,We Got A Love Thang,0,no,yes,yes,yes,yes,,/Users/bobhopp/DJ MEDIA/VIDEO/1990's/CeCe Peniston - We Got A Love Thang.mp4
RVTR831633,Barry Manilow,Bring On Tomorrow,0,no,yes,no,yes,no,review,/Users/bobhopp/DJ MEDIA/VIDEO/2010's/Barry Manilow - Bring On Tomorrow.mp4
RVTR514461,Of Monsters And Men,Little Talks,0,no,yes,yes,yes,yes,,/Users/bobhopp/DJ MEDIA/VIDEO/2010's/Of Monsters And Men - Little Talks.mp4
RVTR412242,Gary Glitter,Rock and Roll Part 1,0,no,yes,no,yes,no,,/Users/bobhopp/DJ MEDIA/VIDEO/1970's/Gary Glitter - Rock and Roll Part 1.mp4
RVTR327397,Charles & Eddie,Would I Lie To You,0,no,no,no,yes,no,,/Users/bobhopp/DJ MEDIA/VIDEO/1990's/Charles & Eddie - Would I Lie To You.mp4
RVTR951403,REM,What's The Frequency Kenneth,0,no,no,no,yes,no,,/Users/bobhopp/DJ MEDIA/VIDEO/1990's/REM - What's The Frequency Kenneth.mp4
RVTR138893,Shakira,Underneath Your Clothes,0,no,yes,yes,yes,yes,,/Users/bobhopp/DJ MEDIA/VIDEO/2000's/Shakira - Underneath Your Clothes.mp4
RVTR886205,Tori Amos,Silent All These Years,0,no,yes,yes,yes,yes,,/Users/bobhopp/DJ MEDIA/VIDEO/1990's/Tori Amos - Silent All These Years.mp4
RVTR447739,Avril Lavigne,Wish You Were Here,0,no,no,yes,yes,yes,review,/Users/bobhopp/DJ MEDIA/VIDEO/2010's/Avril Lavigne - Wish You Were Here.mp4
RVTR269649,Pat Travers,Born Under A Bad Sign,0,no,yes,no,yes,yes,,/Users/bobhopp/DJ MEDIA/VIDEO/1980's/Pat Travers - Born Under A Bad Sign.mp4
RVTR063708,Bowling For Soup,I Melt With You,0,no,no,no,yes,yes,,/Users/bobhopp/DJ MEDIA/VIDEO/2000's/Bowling For Soup - I Melt With You.mp4
RVTR530565,Dani and Lizzy,Dancing in the Sky,0,no,no,no,yes,no,,/Users/bobhopp/DJ MEDIA/VIDEO/2010's/Dani and Lizzy - Dancing in the Sky.mp4
RVTR392037,The Rolling Stones,Ruby Tuesday,0,yes,yes,yes,yes,yes,review,/Users/bobhopp/DJ MEDIA/VIDEO/1960's/The Rolling Stones - Ruby Tuesday.mp4
RVTR182932,Go West,King of Wishful Thinking,0,no,no,yes,yes,yes,,/Users/bobhopp/DJ MEDIA/VIDEO/1990's/Go West - King of Wishful Thinking.mp4
RVTR621103,Quad City DJs,Cmon Ride The Train,0,no,no,no,yes,no,,/Users/bobhopp/DJ MEDIA/VIDEO/1990's/Quad City DJs - Cmon Ride The Train.mp4
RVTR740468,Nelly Furtado,Turn Off The Light,0,no,yes,yes,yes,yes,,/Users/bobhopp/DJ MEDIA/VIDEO/2000's/Nelly Furtado - Turn Off The Light.mp4
RVTR454714,Scotty Mccreery,See You Tonight,0,no,yes,yes,yes,yes,,/Users/bobhopp/DJ MEDIA/VIDEO/COUNTRY/FILL/Scotty Mccreery - See You Tonight.mp4
RVTR496060,Dolly Parton,You're the Only One,0,no,no,yes,yes,yes,,/Users/bobhopp/DJ MEDIA/VIDEO/1980's/Dolly Parton - You're the Only One.mp4
RVTR203869,Spice Girls,Let Love Lead The Way,0,no,yes,no,yes,no,,/Users/bobhopp/DJ MEDIA/VIDEO/2000's/Spice Girls - Let Love Lead The Way.mp4
RVTR362586,Commodores,Lady (You Bring Me Up),0,no,yes,yes,yes,yes,,/Users/bobhopp/DJ MEDIA/VIDEO/1980's/Commodores - Lady (You Bring Me Up).mp4
RVTR374660,Kenny Chesney,When I See This Bar,0,no,yes,yes,yes,yes,,/Users/bobhopp/DJ MEDIA/VIDEO/COUNTRY/FILL/Kenny Chesney - When I See This Bar.mp4
RVTR231863,Frank Sinatra,Come Fly With Me BW,0,no,no,no,yes,no,,/Users/bobhopp/DJ MEDIA/VIDEO/1950's/Frank Sinatra - Come Fly With Me BW.mp4
RVTR605726,Sophie B. Hawkins,As I Lay Me Down,0,no,yes,yes,yes,yes,,/Users/bobhopp/DJ MEDIA/VIDEO/1990's/Sophie B. Hawkins - As I Lay Me Down.mp4
RVTR352771,Flatt & Scruggs,Pearl Pearl Pearl,0,no,no,no,yes,no,,/Users/bobhopp/DJ MEDIA/VIDEO/1960's/Flatt & Scruggs - Pearl Pearl Pearl.mp4
RVTR525044,Dolly Parton,Coat Of Many Colors,0,no,yes,no,yes,yes,,/Users/bobhopp/DJ MEDIA/VIDEO/1970's/Dolly Parton - Coat Of Many Colors.mp4
RVTR465694,The Belle Stars,Sign Of The Times,0,no,yes,yes,yes,yes,,/Users/bobhopp/DJ MEDIA/VIDEO/1980's/The Belle Stars - Sign Of The Times.mp4
RVTR897213,Flo Rida feat. Wil I Am,In The Ayer,0,no,no,no,yes,no,,/Users/bobhopp/DJ MEDIA/VIDEO/2000's/Flo Rida feat. Wil I Am - In The Ayer.mp4
RVTR733411,Donny Osmond,Go Away Little Girl,0,no,yes,yes,yes,yes,,/Users/bobhopp/DJ MEDIA/VIDEO/1970's/Donny Osmond - Go Away Little Girl.mp4
RVTR470110,Highway 101,The Bed You Made for Me,0,no,no,no,yes,yes,,/Users/bobhopp/DJ MEDIA/VIDEO/1980's/Highway 101 - The Bed You Made for Me.mp4
RVTR539322,Annie Lennox,I Put A Spell On You,0,no,yes,yes,yes,yes,review,/Users/bobhopp/DJ MEDIA/VIDEO/2010's/Annie Lennox - I Put A Spell On You.mp4
RVTR226045,Bryan Adams,One Night Love Affair,0,no,yes,yes,yes,yes,,/Users/bobhopp/DJ MEDIA/VIDEO/1980's/Bryan Adams - One Night Love Affair.mp4
RVTR614672,Bryan Adams,This Side Of Paradise,0,no,yes,no,yes,no,,/Users/bobhopp/DJ MEDIA/VIDEO/2000's/Bryan Adams - This Side Of Paradise.mp4
RVTR421633,Falling In Reverse,Bad Girls Club,0,no,no,no,yes,yes,,/Users/bobhopp/DJ MEDIA/VIDEO/2010's/Falling In Reverse - Bad Girls Club.mp4
RVTR521309,Split Enz,History Never Repeats,0,no,yes,no,yes,no,,/Users/bobhopp/DJ MEDIA/VIDEO/1980's/Split Enz - History Never Repeats.mp4
RVTR140853,Bulletboys,For The Love Of Money,0,no,yes,yes,yes,yes,,/Users/bobhopp/DJ MEDIA/VIDEO/1980's/Bulletboys - For The Love Of Money.mp4
RVTR785864,Ben Harper,Diamonds On The Inside,0,no,no,no,yes,yes,review,/Users/bobhopp/DJ MEDIA/VIDEO/2000's/Ben Harper - Diamonds On The Inside.mp4
RVTR525405,Taking Back Sunday,Make Damn Sure,0,no,no,no,yes,no,,/Users/bobhopp/DJ MEDIA/VIDEO/2000's/Taking Back Sunday - Make Damn Sure.mp4
RVTR640932,Son of Dave,Shake Shake Your Hips,0,no,no,no,yes,yes,,/Users/bobhopp/DJ MEDIA/VIDEO/2010's/Son of Dave - Shake Shake Your Hips.mp4
RVTR930311,Lobo,Me And You And A Dog Named Boo,0,no,yes,yes,yes,yes,,/Users/bobhopp/DJ MEDIA/VIDEO/1970's/Lobo - Me And You And A Dog Named Boo.mp4
RVTR245521,Dave Matthews Band,So Much To Say,0,no,yes,no,yes,no,,/Users/bobhopp/DJ MEDIA/VIDEO/2000's/Dave Matthews Band - So Much To Say.mp4
RVTR201995,Amy Winehouse,Between The Cheats,0,no,yes,no,yes,yes,review,/Users/bobhopp/DJ MEDIA/VIDEO/2010's/Amy Winehouse - Between The Cheats.mp4
RVTR807809,Brett Eldredge,Wanna Be That Song,0,no,yes,yes,yes,yes,,/Users/bobhopp/DJ MEDIA/VIDEO/2010's/Brett Eldredge - Wanna Be That Song.mp4
RVTR212125,Timbaland f./Drake,Say Something,0,no,no,no,yes,no,,/Users/bobhopp/DJ MEDIA/VIDEO/2010's/Timbaland f._Drake - Say Something.mp4
RVTR633442,Savage Garden,Truly Madly Deeply,0,no,yes,yes,yes,yes,,/Users/bobhopp/DJ MEDIA/VIDEO/1990's/Savage Garden - Truly Madly Deeply.mp4
RVTR230698,Brantley Gilbert,More Than Miles,0,no,no,yes,yes,yes,,/Users/bobhopp/DJ MEDIA/VIDEO/COUNTRY/FILL/Brantley Gilbert - More Than Miles.mp4
RVTR716242,Teddy Pendergrass,Close The Door,0,no,yes,yes,yes,yes,,/Users/bobhopp/DJ MEDIA/VIDEO/1970's/Teddy Pendergrass - Close The Door.mp4
RVTR915946,"The Kid Laroi, Justin Bieber",Stay,0,no,no,no,yes,no,,"/Users/bobhopp/DJ MEDIA/VIDEO/2020's/The Kid Laroi, Justin Bieber - Stay.mp4"
RVTR110571,Mighty Dub Kats,Magic Carpet Ride,0,no,no,no,yes,no,,/Users/bobhopp/DJ MEDIA/VIDEO/1990's/Mighty Dub Kats - Magic Carpet Ride.mp4
RVTR225479,Brian Kelley,See You Next Summer,0,no,no,no,yes,no,,/Users/bobhopp/DJ MEDIA/VIDEO/2000's/Brian Kelley - See You Next Summer.mp4
RVTR138081,Engelbert Humperdinck,Release Me,0,yes,yes,no,yes,no,review,/Users/bobhopp/DJ MEDIA/VIDEO/1960's/Engelbert Humperdinck - Release Me.mp4
RVTR589087,Pharrell Williams,Come Get It Bae,0,no,no,yes,yes,yes,,/Users/bobhopp/DJ MEDIA/VIDEO/2010's/Pharrell Williams - Come Get It Bae.mp4
RVTR269231,Wale f./Miguel,Lotus Flower Bomb,0,no,no,no,yes,no,,/Users/bobhopp/DJ MEDIA/VIDEO/2010's/Wale f._Miguel - Lotus Flower Bomb.mp4
RVTR410290,Darius Rucker,Beers And Sunshine,0,no,no,yes,yes,yes,,/Users/bobhopp/DJ MEDIA/VIDEO/2020's/Darius Rucker - Beers And Sunshine.mp4
RVTR923302,Janet Jackson,When I Think Of You,0,no,yes,yes,yes,yes,,/Users/bobhopp/DJ MEDIA/VIDEO/1980's/Janet Jackson - When I Think Of You.mp4
RVTR795136,Jimmy Cliff,Many Rivers To Cross,0,no,no,no,yes,no,,/Users/bobhopp/DJ MEDIA/VIDEO/1960's/Jimmy Cliff - Many Rivers To Cross.mp4
RVTR459365,The Maine,Girls Do What They Want,0,no,no,no,yes,no,,/Users/bobhopp/DJ MEDIA/VIDEO/TECHNO/The Maine - Girls Do What They Want.mp4
RVTR511742,Stevie Wonder,For Once in My Life,0,no,yes,yes,yes,yes,,/Users/bobhopp/DJ MEDIA/VIDEO/1960's/Stevie Wonder - For Once in My Life.mp4
RVTR686113,The Beach Boys,Wouldn't It Be Nice,0,no,yes,yes,yes,yes,,/Users/bobhopp/DJ MEDIA/VIDEO/1960's/The Beach Boys - Wouldn't It Be Nice.mp4
RVTR339128,GTR,When The Heart Rules The Mind,0,no,no,yes,yes,yes,,/Users/bobhopp/DJ MEDIA/VIDEO/1980's/GTR - When The Heart Rules The Mind.mp4
RVTR432899,Rascal Flatts,Here Comes Good Bye,0,no,no,no,yes,no,,/Users/bobhopp/DJ MEDIA/VIDEO/2000's/Rascal Flatts - Here Comes Good Bye.mp4
RVTR977707,Ozzy Osbourne,I Don't Wanna Stop,0,no,no,yes,yes,yes,,/Users/bobhopp/DJ MEDIA/VIDEO/2000's/Ozzy Osbourne - I Don't Wanna Stop.mp4
RVTR730534,Adam Lambert,Whataya Want From Me,0,no,yes,yes,yes,yes,review,/Users/bobhopp/DJ MEDIA/VIDEO/2010's/Adam Lambert - Whataya Want From Me.mp4
RVTR989649,The Manhattans,Shining Star live,0,no,no,no,yes,no,,/Users/bobhopp/DJ MEDIA/VIDEO/1980's/The Manhattans - Shining Star live.mp4
RVTR701927,Phillip Phillips,"Gone, Gone, Gone",0,no,yes,yes,yes,yes,,"/Users/bobhopp/DJ MEDIA/VIDEO/2010's/Phillip Phillips - Gone, Gone, Gone.mp4"
RVTR797636,Maverick City Music,God Problems,0,no,no,no,yes,no,,/Users/bobhopp/DJ MEDIA/VIDEO/2020's/Maverick City Music - God Problems.mp4
RVTR529245,"Lady Gaga, Bradley Cooper",Shallow,0,no,no,no,yes,no,,"/Users/bobhopp/DJ MEDIA/VIDEO/2010's/Lady Gaga, Bradley Cooper - Shallow.mp4"
RVTR921815,The Belle Stars,World Domination,0,no,no,no,yes,no,,/Users/bobhopp/DJ MEDIA/VIDEO/1980's/The Belle Stars - World Domination.mp4
RVTR614358,Luke Bryan,Take My Drunk Ass Home,0,no,no,no,yes,yes,,/Users/bobhopp/DJ MEDIA/VIDEO/2000's/Luke Bryan - Take My Drunk Ass Home.mp4
RVTR381985,Kelly Marie,Feels Like I'm In Love,0,no,no,no,yes,yes,,/Users/bobhopp/DJ MEDIA/VIDEO/1980's/Kelly Marie - Feels Like I'm In Love.mp4
RVTR146468,St. Paul & The Broken Bones,Apollo,0,no,no,no,yes,no,,/Users/bobhopp/DJ MEDIA/VIDEO/2010's/St. Paul & The Broken Bones - Apollo.mp4
RVTR208112,Johnny Rivers,Memphis Tennessee,0,no,no,no,yes,no,,/Users/bobhopp/DJ MEDIA/VIDEO/1960's/Johnny Rivers - Memphis Tennessee.mp4
RVTR642987,Marianne Faithfull,As Tears Go By,0,yes,yes,yes,yes,yes,cards_ready,/Users/bobhopp/DJ MEDIA/VIDEO/1960's/Marianne Faithfull - As Tears Go By.mp4
RVTR837782,Krystal Keith,Daddy Dance With Me,0,no,no,no,yes,no,,/Users/bobhopp/DJ MEDIA/VIDEO/COUNTRY/FILL/Krystal Keith - Daddy Dance With Me.mp4
RVTR019457,The Five Americans,Western Union,0,no,yes,yes,yes,yes,,/Users/bobhopp/DJ MEDIA/VIDEO/1960's/The Five Americans - Western Union.mp4
RVTR349125,Billy Joel,Ballad Of Billy The Kid,0,no,no,no,yes,no,draft,/Users/bobhopp/DJ MEDIA/VIDEO/1970's/Billy Joel - Ballad Of Billy The Kid.mp4
RVTR920742,Jennifer Lopez,If You Had My Love,0,no,yes,yes,yes,yes,,/Users/bobhopp/DJ MEDIA/VIDEO/1990's/Jennifer Lopez - If You Had My Love.mp4
RVTR001756,Justin Timberlake,Not A Bad Thing,0,no,no,yes,yes,yes,,/Users/bobhopp/DJ MEDIA/VIDEO/2010's/Justin Timberlake - Not A Bad Thing.mp4
RVTR384396,Hozier,Too Sweet,0,no,no,yes,yes,yes,,/Users/bobhopp/DJ MEDIA/VIDEO/2020's/Hozier - Too Sweet (Official Video).mp4
RVTR803139,Clay Walker,Makes Me Want To Stay,0,no,no,no,yes,no,,/Users/bobhopp/DJ MEDIA/VIDEO/COUNTRY/FILL/Clay Walker - Makes Me Want To Stay.mp4
RVTR306193,Michael Jackson,You Are Not Alone,0,no,yes,yes,yes,yes,,/Users/bobhopp/DJ MEDIA/VIDEO/1990's/Michael Jackson - You Are Not Alone.mp4
RVTR754235,"Dj Khaled Ft. Nicki Minaj, Chris Brown, August Alsina, Jeremih, Future & Rick Ross",Do You Mind,0,no,no,no,yes,no,,"/Users/bobhopp/DJ MEDIA/VIDEO/2010's/Dj Khaled feat. Nicki Minaj, Chris Brown, August Alsina, Jeremih, Future & Rick Ross - Do You Mind.mp4"
RVTR091931,"Pink Spiders, The",Gimme Chemicals,0,no,no,no,yes,no,,"/Users/bobhopp/DJ MEDIA/VIDEO/TECHNO/Pink Spiders, The - Gimme Chemicals.mp4"
RVTR346460,Brian Owens,A Change is Gonna Come,0,no,no,no,yes,yes,,/Users/bobhopp/DJ MEDIA/VIDEO/2010's/Brian Owens - A Change is Gonna Come.mp4
RVTR072341,Christina Perri,A Thousand Years,0,no,no,yes,yes,yes,,/Users/bobhopp/DJ MEDIA/VIDEO/2010's/Christina Perri - A Thousand Years.mp4
RVTR506785,The Carpenters,Please Mr Postman,0,no,yes,yes,yes,no,,/Users/bobhopp/DJ MEDIA/VIDEO/1970's/The Carpenters - Please Mr Postman.mp4
RVTR892976,Melissa Manchester,Midnight Blue,0,yes,no,yes,yes,yes,cards_ready,/Users/bobhopp/DJ MEDIA/VIDEO/1970's/Melissa Manchester - Midnight Blue.mp4
RVTR062006,Simply Red,Holding Back The Years,0,no,no,yes,yes,yes,,/Users/bobhopp/DJ MEDIA/VIDEO/1980's/Simply Red - Holding Back The Years.mp4
RVTR593336,Shana Vanguarde,Gimme Gimme Gimme,0,no,no,no,yes,no,,/Users/bobhopp/DJ MEDIA/VIDEO/TECHNO/Shana Vanguarde - Gimme Gimme Gimme.mp4
RVTR809275,Jason And The Scorchers,White Lie,0,no,no,no,yes,no,,/Users/bobhopp/DJ MEDIA/VIDEO/1980's/Jason And The Scorchers - White Lie.mp4
RVTR097852,Alicia Keys,Doesn't Mean Anything,0,no,no,yes,yes,yes,review,/Users/bobhopp/DJ MEDIA/VIDEO/2000's/Alicia Keys - Doesn't Mean Anything.mp4
RVTR380034,Britney Spears,Chris Cox Megamix,0,no,no,no,yes,no,,/Users/bobhopp/DJ MEDIA/VIDEO/2000's/Britney Spears - Chris Cox Megamix.mp4
RVTR509229,Keith Urban,Blue Ain't Your Color,0,no,yes,yes,yes,yes,,/Users/bobhopp/DJ MEDIA/VIDEO/COUNTRY/FILL/Keith Urban - Blue Ain't Your Color.mp4
RVTR061656,Chad Gray and Violent Idols,Loser,0,no,no,no,yes,no,,/Users/bobhopp/DJ MEDIA/VIDEO/2020's/Chad Gray and Violent Idols - Loser.mp4
RVTR254790,Clay Walker,i Just Wanna Hold You,0,no,no,no,yes,no,,/Users/bobhopp/DJ MEDIA/VIDEO/COUNTRY/FILL/Clay Walker - i Just Wanna Hold You.mp4
RVTR611478,Restless Road,Sundown Somewhere,0,no,no,no,yes,yes,,/Users/bobhopp/DJ MEDIA/VIDEO/2020's/Restless Road - Sundown Somewhere.mp4
RVTR822567,Peace In The Valley,Willie Nelson,0,no,no,no,yes,no,,/Users/bobhopp/DJ MEDIA/VIDEO/COUNTRY/FILL/Peace In The Valley - Willie Nelson.mp4
RVTR959648,Chaka Khan,What Cha Gonna Do For Me,0,no,no,no,yes,no,,/Users/bobhopp/DJ MEDIA/VIDEO/1980's/Chaka Khan - What Cha Gonna Do For Me.mp4
RVTR451667,The Teskey Brothers,Crying Shame,0,no,no,no,yes,yes,,/Users/bobhopp/DJ MEDIA/VIDEO/2010's/The Teskey Brothers - Crying Shame.mp4
RVTR425984,Eric Church,The Outsiders Lyrics,0,no,no,no,yes,no,,/Users/bobhopp/DJ MEDIA/VIDEO/COUNTRY/FILL/Eric Church - The Outsiders Lyrics.mp4
RVTR402075,"Peter, Bjorn And John",Young Folks,0,no,no,no,yes,no,,"/Users/bobhopp/DJ MEDIA/VIDEO/TECHNO/Peter, Bjorn And John - Young Folks.mp4"
RVTR996449,Bad Company,Running With The Pack,0,no,no,no,yes,yes,review,/Users/bobhopp/DJ MEDIA/VIDEO/1970's/Bad Company - Running With The Pack.mp4
RVTR690136,Dolly Parton,Eagle When She Flies,0,no,yes,no,yes,yes,,/Users/bobhopp/DJ MEDIA/VIDEO/1990's/Dolly Parton - Eagle When She Flies.mp4
RVTR640915,Marilyn Manson,This Is Halloween,0,no,no,no,yes,yes,,/Users/bobhopp/DJ MEDIA/VIDEO/2000's/Marilyn Manson - This Is Halloween.mp4
RVTR408490,Nicki Minaj f./Drake,Moment 4 Life,0,no,no,no,yes,no,,/Users/bobhopp/DJ MEDIA/VIDEO/2010's/Nicki Minaj f._Drake - Moment 4 Life.mp4
RVTR781113,Matchbox Twenty,These Hard Times,0,no,yes,no,yes,no,,/Users/bobhopp/DJ MEDIA/VIDEO/TECHNO/Matchbox Twenty - These Hard Times.mp4
RVTR331734,The Moody Blues,Voices in the Sky,0,no,yes,no,yes,no,,/Users/bobhopp/DJ MEDIA/VIDEO/1960's/The Moody Blues - Voices in the Sky.mp4
RVTR824130,Bob Dylan,All Along The Watchtower,0,no,yes,no,yes,no,review,/Users/bobhopp/DJ MEDIA/VIDEO/2010's/Various - All Along The Watchtower.mp4
RVTR769895,Shania Twain,You're Still The One,0,no,yes,yes,yes,yes,,/Users/bobhopp/DJ MEDIA/VIDEO/1990's/Shania Twain - You're Still The One.mp4
RVTR141092,Alice Cooper,Billion Dollar Babys,0,no,no,no,yes,no,review,/Users/bobhopp/DJ MEDIA/VIDEO/1970's/Alice Cooper - Billion Dollar Babys.mp4
RVTR367937,Girls Of Fhm,Do You Think I M Sexy,0,no,no,no,yes,no,,/Users/bobhopp/DJ MEDIA/VIDEO/TECHNO/Girls Of Fhm - Do You Think I M Sexy.mp4
RVTR801266,Teddybears F.Iggy Pop,Punkrocker,0,no,no,no,yes,no,,/Users/bobhopp/DJ MEDIA/VIDEO/TECHNO/Teddybears F.Iggy Pop - Punkrocker.mp4
RVTR215420,Tasmin Archer,Sleeping Satellite,0,no,yes,yes,yes,yes,,/Users/bobhopp/DJ MEDIA/VIDEO/1990's/Tasmin Archer - Sleeping Satellite.mp4
RVTR672419,Elton John,Sad Songs (Say So Much),0,no,yes,yes,yes,yes,,/Users/bobhopp/DJ MEDIA/VIDEO/1980's/Elton John - Sad Songs (Say So Much).mp4
RVTR395455,Big Time Rush,If I Ruled The World,0,no,yes,no,yes,no,review,/Users/bobhopp/DJ MEDIA/VIDEO/2010's/Big Time Rush - If I Ruled The World.mp4
RVTR392059,Peter Paul Mary,Don't Think Twice,0,no,no,no,yes,yes,,/Users/bobhopp/DJ MEDIA/VIDEO/1960's/Peter Paul Mary - Don't Think Twice.mp4
RVTR797698,Roy Orbison,Black and White Night,0,no,no,no,yes,no,,/Users/bobhopp/DJ MEDIA/VIDEO/1980's/Roy Orbison - Black and White Night.mp4
RVTR782201,Kasey Chambers,Not Pretty Enough,0,no,no,no,yes,no,,/Users/bobhopp/DJ MEDIA/VIDEO/COUNTRY/FILL/Kasey Chambers - Not Pretty Enough.mp4
RVTR144324,Keith Urban,Making Memories Of Us,0,no,yes,yes,yes,yes,,/Users/bobhopp/DJ MEDIA/VIDEO/COUNTRY/FILL/Keith Urban - Making Memories Of Us.mp4
RVTR216638,Paul Young,Everytime You Go Away,0,no,no,yes,yes,yes,,/Users/bobhopp/DJ MEDIA/VIDEO/1980's/Paul Young - Everytime You Go Away.mp4
RVTR701166,David Guetta f./Kid Cudi,Memories,0,no,no,no,yes,no,,/Users/bobhopp/DJ MEDIA/VIDEO/2010's/David Guetta f._Kid Cudi - Memories.mp4
RVTR052335,"Automatic Automatic, The",Monster,0,no,no,no,yes,no,review,"/Users/bobhopp/DJ MEDIA/VIDEO/TECHNO/Automatic Automatic, The - Monster.mp4"
RVTR079105,Rex Smith,You Take My Breath Away,0,no,yes,yes,yes,yes,,/Users/bobhopp/DJ MEDIA/VIDEO/1970's/Rex Smith - You Take My Breath Away.mp4
RVTR136029,Carrie Underwood,Before He Cheats,0,no,yes,yes,yes,yes,,/Users/bobhopp/DJ MEDIA/VIDEO/2000's/Carrie Underwood - Before He Cheats.mp4
RVTR324933,Bebe Rexha,You Can't Stop The Girl,0,no,no,no,yes,no,review,/Users/bobhopp/DJ MEDIA/VIDEO/2010's/Bebe Rexha - You Can't Stop The Girl.mp4
RVTR454479,"Michael Kiwanuka, Tom Misch",Money,0,no,no,no,yes,yes,,"/Users/bobhopp/DJ MEDIA/VIDEO/2020's/Michael Kiwanuka, Tom Misch - Money.mp4"
RVTR526106,Little Feat,Fat Man In The Bathtub,0,no,no,no,yes,no,,/Users/bobhopp/DJ MEDIA/VIDEO/1970's/Little Feat - Fat Man In The Bathtub.mp4
RVTR372834,Luke Combs,When It Rains It Pours,0,no,yes,yes,yes,yes,,/Users/bobhopp/DJ MEDIA/VIDEO/2010's/Luke Combs - When It Rains It Pours.mp4
RVTR991079,The Yardbirds,Train Kept a Rollin,0,no,no,no,yes,no,,/Users/bobhopp/DJ MEDIA/VIDEO/1960's/The Yardbirds - Train Kept a Rollin.mp4
RVTR714852,Siouxsie & The Banshees,Halloween,0,no,no,no,yes,yes,,/Users/bobhopp/DJ MEDIA/VIDEO/1980's/Siouxsie & The Banshees - Halloween.mp4
RVTR259316,Stevie Nicks,Whole Lotta Trouble,0,no,yes,no,yes,yes,,/Users/bobhopp/DJ MEDIA/VIDEO/1980's/Stevie Nicks - Whole Lotta Trouble.mp4
RVTR196583,Jackson Brown,Tender Is The Night,0,no,no,no,yes,no,,/Users/bobhopp/DJ MEDIA/VIDEO/1980's/Jackson Brown - Tender Is The Night.mp4
RVTR052213,Eurythmics,There Must Be An Angel,0,no,no,yes,yes,yes,,/Users/bobhopp/DJ MEDIA/VIDEO/1980's/Eurythmics - There Must Be An Angel.mp4
RVTR559221,Public Enemy,Burn Hollywood Burn,0,no,no,no,yes,yes,,/Users/bobhopp/DJ MEDIA/VIDEO/1990's/Public Enemy - Burn Hollywood Burn.mp4
RVTR937475,Kelly Clarkson,A Moment Like This,0,no,no,yes,yes,yes,,/Users/bobhopp/DJ MEDIA/VIDEO/2000's/Kelly Clarkson - A Moment Like This.mp4
RVTR692225,Theory Of A Deadman,Bitch Came Back,0,no,yes,no,yes,no,,/Users/bobhopp/DJ MEDIA/VIDEO/2000's/Theory Of A Deadman - Bitch Came Back.mp4
RVTR153401,Theory Of A Deadman,All Or Nothing,0,no,yes,yes,yes,yes,,/Users/bobhopp/DJ MEDIA/VIDEO/2010's/Theory Of A Deadman - All Or Nothing.mp4
RVTR204137,Lee Brice,Memory I Don't Mess With,0,no,no,yes,yes,yes,,/Users/bobhopp/DJ MEDIA/VIDEO/COUNTRY/FILL/Lee Brice - Memory I Don't Mess With.mp4
RVTR203848,Sheryl Crow,If It Makes You Happy,0,no,yes,yes,yes,yes,,/Users/bobhopp/DJ MEDIA/VIDEO/1990's/Sheryl Crow - If It Makes You Happy.mp4
RVTR313463,Bob Dylan,Thunder On The Mountain,0,no,yes,no,yes,no,,/Users/bobhopp/DJ MEDIA/VIDEO/2000's/Bob Dylan - Thunder On The Mountain.mp4
RVTR749151,The Pretty Reckless,Heaven Knows,0,no,no,no,yes,yes,,/Users/bobhopp/DJ MEDIA/VIDEO/2010's/The Pretty Reckless - Heaven Knows.mp4
RVTR985511,Ready For The World,Love You Down,0,no,yes,yes,yes,yes,,/Users/bobhopp/DJ MEDIA/VIDEO/1980's/Ready For The World - Love You Down.mp4
RVTR355979,Ozzy Osbourne,Winter Wonderland,0,no,no,no,yes,yes,,/Users/bobhopp/DJ MEDIA/VIDEO/2000's/Ozzy Osbourne - Winter Wonderland.mp4
RVTR940148,Major Lazer & Dj Snake feat. Mø,Lean On,0,no,no,no,yes,no,,/Users/bobhopp/DJ MEDIA/VIDEO/2010's/Major Lazer & Dj Snake feat. Mø - Lean On.mp4
RVTR351656,Zac Brown Band,Goodbye In Her Eyes,0,no,yes,yes,yes,yes,,/Users/bobhopp/DJ MEDIA/VIDEO/COUNTRY/FILL/Zac Brown Band - Goodbye In Her Eyes.mp4
RVTR081658,My Bloody Valentine,Only Shallow,0,no,no,no,yes,no,,/Users/bobhopp/DJ MEDIA/VIDEO/1990's/My Bloody Valentine - Only Shallow.mp4
RVTR345334,Nickelback,When We Stand Together,0,no,yes,yes,yes,yes,,/Users/bobhopp/DJ MEDIA/VIDEO/2010's/Nickelback - When We Stand Together.mp4
RVTR472316,The Lightning Seeds, You Showed Me,0,no,no,no,yes,yes,,/Users/bobhopp/DJ MEDIA/VIDEO/1990's/The Lightning Seeds - You Showed Me.mp4
RVTR981951,Depeche Mode,Blasphemous Rumours,0,no,yes,no,yes,no,,/Users/bobhopp/DJ MEDIA/VIDEO/1980's/Depeche Mode - Blasphemous Rumours.mp4
RVTR152727,The Gaslight Anthem,High Lonesome,0,no,no,no,yes,no,,/Users/bobhopp/DJ MEDIA/VIDEO/2010's/The Gaslight Anthem - High Lonesome.mp4
RVTR003183,Johnny Gill,Rub You The Right Way,0,no,yes,yes,yes,yes,,/Users/bobhopp/DJ MEDIA/VIDEO/1990's/Johnny Gill - Rub You The Right Way.mp4
RVTR424982,Red Hot Chili Peppers,Scar Tissue,0,no,yes,yes,yes,yes,,/Users/bobhopp/DJ MEDIA/VIDEO/1990's/Red Hot Chili Peppers - Scar Tissue.mp4
RVTR434316,Phil Collins,You'll Be In My Heart,0,no,no,yes,yes,yes,,/Users/bobhopp/DJ MEDIA/VIDEO/1990's/Phil Collins - You'll Be In My Heart.mp4
RVTR637061,Neil Diamond,Pretty Amazing Grace,0,no,yes,no,yes,no,,/Users/bobhopp/DJ MEDIA/VIDEO/2000's/Neil Diamond - Pretty Amazing Grace.mp4
RVTR232939,Ariana Grande,No Tears Left To Cry,0,no,yes,yes,yes,yes,review,/Users/bobhopp/DJ MEDIA/VIDEO/2010's/Ariana Grande - No Tears Left To Cry.mp4
RVTR938063,Maddie & Tae,Girl In A Country Song,0,no,no,no,yes,no,,/Users/bobhopp/DJ MEDIA/VIDEO/2010's/Maddie & Tae - Girl In A Country Song.mp4
RVTR966662,David Allan Coe,Tennessee Whiskey,0,no,no,no,yes,no,,/Users/bobhopp/DJ MEDIA/VIDEO/COUNTRY/FILL/David Allan Coe - Tennessee Whiskey.mp4
RVTR719820,Lynard Skynard,Sweet Home Alabama,0,no,no,no,yes,no,,/Users/bobhopp/DJ MEDIA/VIDEO/1970's/Lynard Skynard - Sweet Home Alabama.mp4
RVTR712078,Michael Jackson,You Rock My World,0,no,yes,yes,yes,yes,,/Users/bobhopp/DJ MEDIA/VIDEO/2000's/Michael Jackson - You Rock My World.mp4
RVTR391317,Taylor Dayne,I'll Always Love You,0,no,no,yes,yes,yes,,/Users/bobhopp/DJ MEDIA/VIDEO/1980's/Taylor Dayne - I'll Always Love You.mp4
RVTR049189,Terence Trent D'Arby,Wishing Well,0,no,no,yes,yes,yes,,/Users/bobhopp/DJ MEDIA/VIDEO/1980's/Terence Trent D'Arby - Wishing Well.mp4
RVTR643082,Backstreet Boys,All I Have To Give,0,no,yes,yes,yes,yes,review,/Users/bobhopp/DJ MEDIA/VIDEO/1990's/Backstreet Boys - All I Have To Give.mp4
RVTR116371,Ariana Grande Ft. Zedd,Break Free,0,no,no,no,yes,no,review,/Users/bobhopp/DJ MEDIA/VIDEO/2010's/Ariana Grande feat. Zedd - Break Free.MP4
RVTR459650,Luke Bryan,Kiss Tomorrow Goodbye,0,no,yes,yes,yes,yes,,/Users/bobhopp/DJ MEDIA/VIDEO/COUNTRY/FILL/Luke Bryan - Kiss Tomorrow Goodbye.mp4
RVTR216853,Bob Dylan,Knockin On Heaven's Door,0,no,no,no,yes,no,,/Users/bobhopp/DJ MEDIA/VIDEO/1970's/Bob Dylan - Knockin On Heaven's Door.mp4
RVTR098188,Marshmello Ft. Bastille,Happier,0,no,no,no,yes,no,,/Users/bobhopp/DJ MEDIA/VIDEO/2010's/Marshmello feat. Bastille - Happier.mp4
RVTR560333,Hannah Montana,Hoedown Throwdown,0,no,no,no,yes,no,,/Users/bobhopp/DJ MEDIA/VIDEO/2000's/Hannah Montana - Hoedown Throwdown.mp4
RVTR027473,Christina Aguilera,Lady Marmalade,0,no,no,no,yes,no,,/Users/bobhopp/DJ MEDIA/VIDEO/2000's/Christina Aguilera - Lady Marmalade.mp4
RVTR686711,Shania Twain,I'm Gonna Getcha Good!,0,no,yes,yes,yes,yes,,/Users/bobhopp/DJ MEDIA/VIDEO/COUNTRY/FILL/Shania Twain - I'm Gonna Getcha Good!.mp4
RVTR255607,The Eagles,Love Will Keep Us Alive,0,no,yes,no,yes,no,,/Users/bobhopp/DJ MEDIA/VIDEO/1990's/The Eagles - Love Will Keep Us Alive.mp4
RVTR407558,Justin Timberlake,Like I Love You,0,no,yes,yes,yes,yes,,/Users/bobhopp/DJ MEDIA/VIDEO/2000's/Justin Timberlake - Like I Love You.mp4
RVTR378465,The Offspring,Original Prankster,0,no,yes,yes,yes,yes,,/Users/bobhopp/DJ MEDIA/VIDEO/2000's/The Offspring - Original Prankster.mp4
RVTR659106,Charm City Devils,Devil Is A Woman,0,no,no,no,yes,no,,/Users/bobhopp/DJ MEDIA/VIDEO/2010's/Charm City Devils - Devil Is A Woman.mp4
RVTR190172,Foster The People,Pumped Up Kicks,0,no,yes,yes,yes,yes,,/Users/bobhopp/DJ MEDIA/VIDEO/2010's/Foster The People - Pumped Up Kicks.mp4
RVTR044062,Jane Child,Don't Wanna Fall In Love,0,no,no,yes,yes,yes,,/Users/bobhopp/DJ MEDIA/VIDEO/1990's/Jane Child - Don't Wanna Fall In Love.mp4
RVTR818884,Maddie & Tae,Die From A Broken Heart,0,no,no,no,yes,no,,/Users/bobhopp/DJ MEDIA/VIDEO/COUNTRY/FILL/Maddie & Tae - Die From A Broken Heart.mp4
RVTR704203,REO Speedwagon,Keep on Loving You,0,no,yes,yes,yes,yes,,/Users/bobhopp/DJ MEDIA/VIDEO/1980's/REO Speedwagon - Keep on Loving You.mp4
RVTR897490,Melissa Etheridge,I'm The Only One,0,no,no,yes,yes,yes,,/Users/bobhopp/DJ MEDIA/VIDEO/1990's/Melissa Etheridge - I'm The Only One.mp4
RVTR008867,Ellie Goulding,Love Me Like You Do,0,no,yes,yes,yes,yes,,/Users/bobhopp/DJ MEDIA/VIDEO/2010's/Ellie Goulding - Love Me Like You Do.mp4
RVTR775543,Paul Young,Every Time You Go Away,0,no,yes,no,yes,no,,/Users/bobhopp/DJ MEDIA/VIDEO/1980's/Paul Young - Every Time You Go Away.mp4
RVTR444271,Jagged Edge F.Run,Let's Get Married,0,no,no,no,yes,no,,/Users/bobhopp/DJ MEDIA/VIDEO/2000's/Jagged Edge F.Run - Let's Get Married.mp4
RVTR784757,Information Society,Walking Away,0,no,yes,yes,yes,yes,,/Users/bobhopp/DJ MEDIA/VIDEO/1980's/Information Society - Walking Away.mp4
RVTR210130,The Wiseguys,Start The Commotion,0,no,yes,yes,yes,yes,,/Users/bobhopp/DJ MEDIA/VIDEO/2000's/The Wiseguys - Start The Commotion.mp4
RVTR805838,Luke Combs,Even Though I'm Leaving,0,no,no,yes,yes,yes,,/Users/bobhopp/DJ MEDIA/VIDEO/COUNTRY/FILL/Luke Combs - Even Though I'm Leaving.mp4
RVTR846418,Jake Owen,Barefoot Blue Jean Night,0,no,yes,yes,yes,yes,,/Users/bobhopp/DJ MEDIA/VIDEO/COUNTRY/FILL/Jake Owen - Barefoot Blue Jean Night.mp4
RVTR750130,Sugarland,Very Last Country Song,0,no,no,no,yes,no,,/Users/bobhopp/DJ MEDIA/VIDEO/COUNTRY/FILL/Sugarland - Very Last Country Song.mp4
RVTR523298,Nat King Cole,Bicyle Built For Two,0,no,no,no,yes,no,,/Users/bobhopp/DJ MEDIA/VIDEO/1960's/Nat King Cole - Bicyle Built For Two.mp4
RVTR639736,Pretty Poison,Catch Me I m Falling,0,no,no,no,yes,no,,/Users/bobhopp/DJ MEDIA/VIDEO/1980's/Pretty Poison - Catch Me I m Falling.mp4
RVTR994070,Red Hot Chili Peppers,Give It Away,0,yes,yes,yes,yes,yes,review,/Users/bobhopp/DJ MEDIA/VIDEO/1990's/Red Hot Chili Peppers - Give It Away.mp4
RVTR807606,John Legend F.Andre 3000,Green Light,0,no,no,no,yes,no,,/Users/bobhopp/DJ MEDIA/VIDEO/2000's/John Legend F.Andre 3000 - Green Light.mp4
RVTR965716,Pete Escovedo,Let's Stay Together,0,no,no,no,yes,no,,/Users/bobhopp/DJ MEDIA/VIDEO/2020's/Pete Escovedo - Let's Stay Together.mp4
RVTR335533,Tommy Richman,Million Dollar Baby,0,no,no,yes,yes,yes,,/Users/bobhopp/DJ MEDIA/VIDEO/2020's/Tommy Richman - Million Dollar Baby.mp4
RVTR916694,Richard Marx,Hold On To The Nights,0,no,yes,yes,yes,yes,,/Users/bobhopp/DJ MEDIA/VIDEO/1980's/Richard Marx - Hold On To The Nights.mp4
RVTR921733,Young Jeezy f./Plies,Lose My Mind,0,no,no,no,yes,no,,/Users/bobhopp/DJ MEDIA/VIDEO/2010's/Young Jeezy f._Plies - Lose My Mind.mp4
RVTR469182,Platinum Weird,Will You Be Around,0,no,no,no,yes,no,,/Users/bobhopp/DJ MEDIA/VIDEO/TECHNO/Platinum Weird - Will You Be Around.mp4
RVTR918270,Captian and Tennille,Muskrat Love,0,no,no,no,yes,no,,/Users/bobhopp/DJ MEDIA/VIDEO/1970's/Captian and Tennille - Muskrat Love.mp4
RVTR725193,Michael Jackson,Another Part of Me,0,no,yes,yes,yes,yes,,/Users/bobhopp/DJ MEDIA/VIDEO/1980's/Michael Jackson - Another Part of Me.mp4
RVTR394092,Snow Patrol,You're All That I Have,0,no,no,no,yes,no,,/Users/bobhopp/DJ MEDIA/VIDEO/2000's/Snow Patrol - You're All That I Have.mp4
RVTR536978,Florence & The Machine,Shake It Out,0,no,no,no,yes,no,,/Users/bobhopp/DJ MEDIA/VIDEO/2010's/Florence & The Machine - Shake It Out.mp4
RVTR800770,Luke Bryan,What She Wants Tonight,0,no,no,yes,yes,yes,,/Users/bobhopp/DJ MEDIA/VIDEO/COUNTRY/FILL/Luke Bryan - What She Wants Tonight.mp4
RVTR067791,The Rolling Stones,Play With Fire,0,yes,yes,yes,yes,yes,cards_ready,/Users/bobhopp/DJ MEDIA/VIDEO/1960's/The Rolling Stones - Play With Fire.mp4
RVTR494049,Donny Osmond,The Twelfth Of Never,0,no,yes,yes,yes,yes,,/Users/bobhopp/DJ MEDIA/VIDEO/1970's/Donny Osmond - The Twelfth Of Never.mp4
RVTR852286,Derek Sherinian,In The Summertime,0,no,no,no,yes,no,,/Users/bobhopp/DJ MEDIA/VIDEO/TECHNO/Derek Sherinian - In The Summertime.mp4
RVTR065601,Jennifer Lopez,J To The LO Megamix,0,no,no,no,yes,no,,/Users/bobhopp/DJ MEDIA/VIDEO/TECHNO/Jennifer Lopez - J To The LO Megamix.mp4
RVTR422806,Paul McCartney,Till There Was You,0,no,no,no,yes,no,,/Users/bobhopp/DJ MEDIA/VIDEO/1960's/Paul McCartney - Till There Was You.mp4
RVTR758546,Rita Ora,I Will Never Let You Down,0,no,no,yes,yes,yes,,/Users/bobhopp/DJ MEDIA/VIDEO/2010's/Rita Ora - I Will Never Let You Down.mp4
RVTR113807,Taio Cruz f./Kylie Minogue,Higher,0,no,no,no,yes,no,,/Users/bobhopp/DJ MEDIA/VIDEO/2010's/Taio Cruz f._Kylie Minogue - Higher.mp4
RVTR768881,The Weeknd Ft. Daft Punk,Starboy,0,no,no,no,yes,no,,/Users/bobhopp/DJ MEDIA/VIDEO/2010's/The Weeknd feat. Daft Punk - Starboy.mp4
RVTR604127,The Supremes, You Can't Hurry Love,0,no,no,yes,yes,yes,,/Users/bobhopp/DJ MEDIA/VIDEO/1960's/The Supremes - You Can't Hurry Love.mp4
RVTR161390,Chris Brown f./Kevin McCall,Strip,0,no,no,no,yes,no,,/Users/bobhopp/DJ MEDIA/VIDEO/2010's/Chris Brown f._Kevin McCall - Strip.mp4
RVTR284528,Kenny Rogers,Coward Of The County,0,no,no,yes,yes,yes,,/Users/bobhopp/DJ MEDIA/VIDEO/COUNTRY/FILL/Kenny Rogers - Coward Of The County.mp4
RVTR348823,Loleatta Holloway,Love Sensation,0,no,no,no,yes,no,,/Users/bobhopp/DJ MEDIA/VIDEO/TECHNO/Loleatta Holloway - Love Sensation.mp4
RVTR396325,Snow Patrol,Called Out In The Dark,0,no,yes,yes,yes,yes,,/Users/bobhopp/DJ MEDIA/VIDEO/2010's/Snow Patrol - Called Out In The Dark.mp4
RVTR196946,The Searchers,Sweets For My Sweet,0,no,yes,no,yes,no,,/Users/bobhopp/DJ MEDIA/VIDEO/1960's/The Searchers - Sweets For My Sweet.mp4
RVTR875560,The Weather Girls,It's Raining Men,0,no,no,yes,yes,yes,,/Users/bobhopp/DJ MEDIA/VIDEO/1980's/The Weather Girls - It's Raining Men.mp4
RVTR068794,Toby Keith,Should've Been A Cowboy,0,no,yes,yes,yes,yes,,/Users/bobhopp/DJ MEDIA/VIDEO/1990's/Toby Keith - Should've Been A Cowboy.mp4
RVTR185569,Metallica,The Day That Never Comes,0,no,yes,yes,yes,yes,,/Users/bobhopp/DJ MEDIA/VIDEO/2000's/Metallica - The Day That Never Comes.mp4
RVTR422470,Primus,Jerry Was A Race Car Driver,0,no,no,no,yes,yes,,/Users/bobhopp/DJ MEDIA/VIDEO/1990's/Primus - Jerry Was A Race Car Driver.mp4
RVTR623614,Thriving Ivory,Angels on the Moon,0,no,yes,yes,yes,yes,,/Users/bobhopp/DJ MEDIA/VIDEO/2000's/Thriving Ivory - Angels on the Moon.mp4
RVTR444314,Alan Walker x Imanbek,Sweet Dreams,0,no,no,no,yes,no,review,/Users/bobhopp/DJ MEDIA/VIDEO/2020's/Alan Walker x Imanbek - Sweet Dreams.mp4
RVTR112407,Basement Jaxx,Where's Your Head At,0,no,no,no,yes,no,review,/Users/bobhopp/DJ MEDIA/VIDEO/TECHNO/Basement Jaxx - Where's Your Head At.mp4
RVTR889120,Swingin Utters,All That I Can Give,0,no,no,no,yes,yes,,/Users/bobhopp/DJ MEDIA/VIDEO/2000's/Swingin Utters - All That I Can Give.mp4
RVTR961719,Snoop Dogg F.The-Dream,Gangsta Luv,0,no,no,no,yes,no,,/Users/bobhopp/DJ MEDIA/VIDEO/2000's/Snoop Dogg F.The-Dream - Gangsta Luv.mp4
RVTR024886,Paffendorf,Crazy Sexy Marvellous,0,no,no,no,yes,no,,/Users/bobhopp/DJ MEDIA/VIDEO/TECHNO/Paffendorf - Crazy Sexy Marvellous.mp4
RVTR618581,The Rolling Stones,Under My Thumb,0,no,yes,no,yes,no,,/Users/bobhopp/DJ MEDIA/VIDEO/1960's/The Rolling Stones - Under My Thumb.mp4
RVTR464333,Queen & David Bowie,Under Pressure,0,no,no,no,yes,no,,/Users/bobhopp/DJ MEDIA/VIDEO/1980's/Queen & David Bowie - Under Pressure.mp4
RVTR876210,Phil Collins,A Groovy Kind Of Love,0,no,yes,no,yes,no,,/Users/bobhopp/DJ MEDIA/VIDEO/1990's/Phil Collins - A Groovy Kind Of Love.mp4
RVTR330620,Dierks Bentley,What Was I Thinkin',0,no,no,yes,yes,yes,,/Users/bobhopp/DJ MEDIA/VIDEO/2000's/Dierks Bentley - What Was I Thinkin'.mp4
RVTR854612,Nelly F.Ashanti And Akon,Body On Me,0,no,no,no,yes,no,,/Users/bobhopp/DJ MEDIA/VIDEO/2000's/Nelly F.Ashanti And Akon - Body On Me.mp4
RVTR629672,Wild Choir,Safe In the Arms of Love,0,no,no,no,yes,no,,/Users/bobhopp/DJ MEDIA/VIDEO/1980's/Wild Choir - Safe In the Arms of Love.mp4
RVTR398368,Vinylshakerz,One Night In Bangkok,0,no,no,no,yes,no,,/Users/bobhopp/DJ MEDIA/VIDEO/TECHNO/Vinylshakerz - One Night In Bangkok.mp4
RVTR224684,Kylie Minogue,I Should Be So Lucky,0,no,yes,yes,yes,yes,,/Users/bobhopp/DJ MEDIA/VIDEO/1980's/Kylie Minogue - I Should Be So Lucky.mp4
RVTR065232,Trey Songz,Neighbors Know My Name,0,no,yes,yes,yes,yes,,/Users/bobhopp/DJ MEDIA/VIDEO/2010's/Trey Songz - Neighbors Know My Name.mp4
RVTR486377,The Carter Family,Wildwood Flower,0,no,no,no,yes,no,,/Users/bobhopp/DJ MEDIA/VIDEO/COUNTRY/FILL/The Carter Family - Wildwood Flower.mp4
RVTR755430,The American Breed,"Bend Me, Shape Me",0,no,yes,yes,yes,yes,,"/Users/bobhopp/DJ MEDIA/VIDEO/1960's/The American Breed - Bend Me, Shape Me.mp4"
RVTR874406,Meghan Trainor,All About That Bass,0,no,yes,yes,yes,yes,,/Users/bobhopp/DJ MEDIA/VIDEO/2010's/Meghan Trainor - All About That Bass.mp4
RVTR735985,Parker Mccollum,To Be Loved By You,0,no,no,yes,yes,yes,,/Users/bobhopp/DJ MEDIA/VIDEO/COUNTRY/FILL/Parker Mccollum - To Be Loved By You.mp4
RVTR710244,Barry Manilow,If We Only Have Love,0,no,no,no,yes,no,review,/Users/bobhopp/DJ MEDIA/VIDEO/1990's/Barry Manilow - If We Only Have Love.mp4
RVTR794354,Animation,Vintage Banned Cartoons,0,no,no,no,yes,no,review,/Users/bobhopp/DJ MEDIA/VIDEO/1950's/Animation - Vintage Banned Cartoons.mp4
RVTR773299,The Moody Blues,Had to fall in Love,0,no,yes,no,yes,no,,/Users/bobhopp/DJ MEDIA/VIDEO/1970's/The Moody Blues - Had to fall in Love.mp4
RVTR253266,Maroon 5,Won't Go Home Without You,0,no,no,yes,yes,yes,,/Users/bobhopp/DJ MEDIA/VIDEO/2000's/Maroon 5 - Won't Go Home Without You.mp4
RVTR025900,New Kids On The Block,Hangin' Tough,0,no,no,yes,yes,yes,,/Users/bobhopp/DJ MEDIA/VIDEO/1980's/New Kids On The Block - Hangin' Tough.mp4
RVTR605045,Will.I.Am & Nicki Minaj,Check It Out,0,no,no,no,yes,no,,/Users/bobhopp/DJ MEDIA/VIDEO/2010's/Will.I.Am & Nicki Minaj - Check It Out.mp4
RVTR120911,Eric Clapton,Eyesight To The Blind,0,no,no,no,yes,no,draft,/Users/bobhopp/DJ MEDIA/VIDEO/1970's/Eric Clapton - Eyesight To The Blind.mp4
RVTR377633,Patrick Swayze,She's Like the Wind,0,no,no,yes,yes,yes,,/Users/bobhopp/DJ MEDIA/VIDEO/1980's/Patrick Swayze - She's Like the Wind.mp4
RVTR754045,Jerry Harrison,Flying Under Radar,0,no,no,no,yes,yes,,/Users/bobhopp/DJ MEDIA/VIDEO/1990's/Jerry Harrison - Flying Under Radar.mp4
RVTR525982,Beyonce And Shakira,Beautiful Liar,0,no,no,no,yes,no,review,/Users/bobhopp/DJ MEDIA/VIDEO/2000's/Beyonce And Shakira - Beautiful Liar.mp4
RVTR786259,David Allen Coe,Long Haired Redneck,0,no,no,no,yes,no,,/Users/bobhopp/DJ MEDIA/VIDEO/2000's/David Allen Coe - Long Haired Redneck.mp4
RVTR832908,Maroon 5,Never Gonna Leave This Bed,0,no,yes,yes,yes,yes,,/Users/bobhopp/DJ MEDIA/VIDEO/2010's/Maroon 5 - Never Gonna Leave This Bed.mp4
RVTR908994,Terror Squad ft Dre,Take Me Home,0,no,no,no,yes,no,,/Users/bobhopp/DJ MEDIA/VIDEO/2000's/Terror Squad feat. Dre - Take Me Home.mp4
RVTR731567,Miguel f./ J. Cole,All I Want Is You,0,no,no,no,yes,no,,/Users/bobhopp/DJ MEDIA/VIDEO/2010's/Miguel f._ J. Cole - All I Want Is You.mp4
RVTR225255,The Gaslight Anthem,American Slang,0,no,no,no,yes,no,,/Users/bobhopp/DJ MEDIA/VIDEO/2010's/The Gaslight Anthem - American Slang.mp4
RVTR586266,Luis Fonsi ft. Daddy Yankee,Despacito,0,no,no,no,yes,no,,"/Users/bobhopp/DJ MEDIA/VIDEO/2010's/Luis Fonsi, Daddy Yankee - Despacito.mp4"
RVTR626786,Lady Antebellum,We Owned The Night,0,no,yes,yes,yes,yes,,/Users/bobhopp/DJ MEDIA/VIDEO/COUNTRY/FILL/Lady Antebellum - We Owned The Night.mp4
RVTR215568,Love and Rockets,Ball Of Confusion,0,no,no,no,yes,no,,/Users/bobhopp/DJ MEDIA/VIDEO/1980's/Love and Rockets - Ball Of Confusion.mp4
RVTR715195,Cinderella,Don't Know What You Got,0,no,no,yes,yes,yes,,/Users/bobhopp/DJ MEDIA/VIDEO/1980's/Cinderella - Don't Know What You Got.mp4
RVTR591633,Gym Class Heroes,Cupid's Chokehold,0,no,no,yes,yes,yes,,/Users/bobhopp/DJ MEDIA/VIDEO/2000's/Gym Class Heroes - Cupid's Chokehold.mp4
RVTR102770,Frankie Ballard,Sunshine & Whiskey,0,no,yes,yes,yes,yes,,/Users/bobhopp/DJ MEDIA/VIDEO/2010's/Frankie Ballard - Sunshine & Whiskey.mp4
RVTR872479,Matchbox Twenty,How Far We've Come,0,no,yes,yes,yes,yes,,/Users/bobhopp/DJ MEDIA/VIDEO/2000's/Matchbox Twenty - How Far We've Come.mp4
RVTR094373,Chris Rea,I Can Hear Your Heartbeat,0,no,yes,no,yes,no,,/Users/bobhopp/DJ MEDIA/VIDEO/1980's/Chris Rea - I Can Hear Your Heartbeat.mp4
RVTR412874,Masked Wolf,Astronaut In The Ocean,0,no,no,yes,yes,yes,,/Users/bobhopp/DJ MEDIA/VIDEO/2020's/Masked Wolf - Astronaut In The Ocean.mp4
RVTR733822,Tavares,A Penny For Your Thoughts,0,no,yes,yes,yes,yes,,/Users/bobhopp/DJ MEDIA/VIDEO/1980's/Tavares - A Penny For Your Thoughts.mp4
RVTR154591,Billy Currington,People Are Crazy,0,no,yes,yes,yes,yes,review,/Users/bobhopp/DJ MEDIA/VIDEO/COUNTRY/FILL/Billy Currington - People Are Crazy.mp4
RVTR199620,Dixie Chicks,Not Ready To Make Nice,0,no,no,yes,yes,yes,,/Users/bobhopp/DJ MEDIA/VIDEO/2000's/Dixie Chicks - Not Ready To Make Nice.mp4
RVTR913860,Nancy Sinatra,Some Velvet Morning,0,no,yes,yes,yes,yes,,/Users/bobhopp/DJ MEDIA/VIDEO/1960's/Nancy Sinatra - Some Velvet Morning.mp4
RVTR907253,Jon & Vangelis,I'll Find My Way Home,0,no,no,no,yes,no,,/Users/bobhopp/DJ MEDIA/VIDEO/1980's/Jon & Vangelis - I'll Find My Way Home.mp4
RVTR925749,Twista f./Chris Brown,Make A Movie,0,no,no,no,yes,no,,/Users/bobhopp/DJ MEDIA/VIDEO/2010's/Twista f._Chris Brown - Make A Movie.mp4
RVTR676196,The Temptations,Psychedelic Shack,0,no,yes,yes,yes,yes,,/Users/bobhopp/DJ MEDIA/VIDEO/1960's/The Temptations - Psychedelic Shack.mp4
RVTR825805,Carmen Electra,Everybody Get On Up,0,no,no,no,yes,yes,,/Users/bobhopp/DJ MEDIA/VIDEO/1990's/Carmen Electra - Everybody Get On Up.mp4
RVTR752892,Horseshoes & Hand Grenades,Whiskey,0,no,no,no,yes,no,,/Users/bobhopp/DJ MEDIA/VIDEO/2010's/Horseshoes & Hand Grenades - Whiskey.mp4
RVTR520421,Clay Walker,Once in a Lifetime Love,0,no,yes,no,yes,no,,/Users/bobhopp/DJ MEDIA/VIDEO/COUNTRY/FILL/Clay Walker - Once in a Lifetime Love.mp4
RVTR262002,The Searchers,Love Potion Number 9,0,no,no,no,yes,no,,/Users/bobhopp/DJ MEDIA/VIDEO/1960's/The Searchers - Love Potion Number 9.mp4
RVTR692562,"Shawn Mendes, Tainy",Summer Of Love,0,no,no,no,yes,no,,"/Users/bobhopp/DJ MEDIA/VIDEO/2020's/Shawn Mendes, Tainy - Summer Of Love.mp4"
RVTR919884,Everclear,I Will Buy You A New Life,0,no,yes,no,yes,no,,/Users/bobhopp/DJ MEDIA/VIDEO/TECHNO/Everclear - I Will Buy You A New Life.mp4
RVTR389225,Donna Summer,Love To Love You Baby,0,no,yes,yes,yes,yes,draft,/Users/bobhopp/DJ MEDIA/VIDEO/1970's/Donna Summer - Love To Love You Baby.mp4
RVTR946693,Shinedown,The Crow & The Butterfly,0,no,yes,yes,yes,yes,,/Users/bobhopp/DJ MEDIA/VIDEO/2010's/Shinedown - The Crow & The Butterfly.mp4
RVTR759715,Glenn Miller,Chattanooga Choo Choo,0,no,no,no,yes,no,,/Users/bobhopp/DJ MEDIA/VIDEO/1950's/Glenn Miller - Chattanooga Choo Choo.mp4
RVTR054869,Clean Bandit feat. Demi Lovato,Solo,0,no,no,no,yes,no,,/Users/bobhopp/DJ MEDIA/VIDEO/2010's/Clean Bandit feat. Demi Lovato - Solo.mp4
RVTR856570,Peter Noone,We Don t Need The Money,0,no,no,no,yes,no,,/Users/bobhopp/DJ MEDIA/VIDEO/1970's/Peter Noone - We Don t Need The Money.mp4
RVTR920611,Iron Maiden,The Number Of The Beast,0,no,no,no,yes,no,,/Users/bobhopp/DJ MEDIA/VIDEO/1980's/Iron Maiden - The Number Of The Beast.mp4
RVTR076493,"Zedd, Maren Morris, Grey",The Middle,0,no,no,no,yes,no,,"/Users/bobhopp/DJ MEDIA/VIDEO/2010's/Zedd, Maren Morris, Grey - The Middle.mp4"
RVTR312084,Paul McCartney & Rockestra,Lucille,0,no,no,no,yes,no,,/Users/bobhopp/DJ MEDIA/VIDEO/1980's/Paul McCartney & Rockestra - Lucille.mp4
RVTR181601,Rod Stewart,Have I Told You Lately,0,no,yes,yes,yes,yes,,/Users/bobhopp/DJ MEDIA/VIDEO/1990's/Rod Stewart - Have I Told You Lately.mp4
RVTR440650,Florence + the Machine,Seven Devils,0,no,yes,no,yes,yes,,/Users/bobhopp/DJ MEDIA/VIDEO/2010's/Florence + the Machine - Seven Devils.mp4
RVTR900280,"Nelly, Florida Georgia Line",Lil Bit,0,no,no,no,yes,no,,"/Users/bobhopp/DJ MEDIA/VIDEO/2020's/Nelly, Florida Georgia Line - Lil Bit.mp4"
RVTR864320,Deep Dish Feat. Stevie Nicks,Dreams,0,no,no,no,yes,no,,/Users/bobhopp/DJ MEDIA/VIDEO/2000's/Deep Dish feat. Stevie Nicks - Dreams.mp4
RVTR405488,Jason Derulo & Jawsh 685,Savage Love,0,no,no,no,yes,yes,,/Users/bobhopp/DJ MEDIA/VIDEO/2020's/Jason Derulo & Jawsh 685 - Savage Love.mp4
RVTR737148,"Jessie Murph, Jelly Roll",Wild Ones,0,no,no,no,yes,yes,,"/Users/bobhopp/DJ MEDIA/VIDEO/2020's/Jessie Murph, Jelly Roll - Wild Ones.mp4"
RVTR041807,"Kooks, The",She Moves In Her Own Way,0,no,no,no,yes,no,,"/Users/bobhopp/DJ MEDIA/VIDEO/TECHNO/Kooks, The - She Moves In Her Own Way.mp4"
RVTR694077,Old Dominion,Song For Another Time,0,no,yes,yes,yes,yes,,/Users/bobhopp/DJ MEDIA/VIDEO/2010's/Old Dominion - Song For Another Time.mp4
RVTR189191,Walter Murphy,A Fifth Of Beethoven,0,yes,no,yes,yes,yes,published,/Users/bobhopp/DJ MEDIA/VIDEO/1970's/Walter Murphy - A Fifth Of Beethoven.mp4
RVTR872320,Living in a Box,Blow the House Down,0,no,no,no,yes,no,,/Users/bobhopp/DJ MEDIA/VIDEO/1980's/Living in a Box - Blow the House Down.mp4
RVTR739857,Wu-Tang Clan,Can It Be All So Simple,0,no,yes,no,yes,no,,/Users/bobhopp/DJ MEDIA/VIDEO/1990's/Wu-Tang Clan - Can It Be All So Simple.mp4
RVTR128182,Till West And Dj Delicious,Same Man,0,no,no,no,yes,no,,/Users/bobhopp/DJ MEDIA/VIDEO/TECHNO/Till West And Dj Delicious - Same Man.mp4
RVTR439354,Jennifer Lopez,I'm Gonna Be Alright,0,no,no,yes,yes,yes,,/Users/bobhopp/DJ MEDIA/VIDEO/2000's/Jennifer Lopez - I'm Gonna Be Alright.mp4
RVTR463449,Yeah Yeah Yeahs,Date With The Night,0,no,no,no,yes,no,,/Users/bobhopp/DJ MEDIA/VIDEO/2000's/Yeah Yeah Yeahs - Date With The Night.mp4
RVTR228107,David Guetta f./Usher,Without You,0,no,no,no,yes,no,,/Users/bobhopp/DJ MEDIA/VIDEO/2010's/David Guetta f._Usher - Without You.mp4
RVTR304540,Oh Happy Day,Edwin Hawkins Singers,0,no,no,no,yes,no,,/Users/bobhopp/DJ MEDIA/VIDEO/1960's/Oh Happy Day - Edwin Hawkins Singers.mp4
RVTR802953,Big Country,Where The Rose Is Sown,0,no,yes,no,yes,no,review,/Users/bobhopp/DJ MEDIA/VIDEO/1980's/Big Country - Where The Rose Is Sown.mp4
RVTR137297,Iron Maiden,Can I Play With Madness,0,no,no,no,yes,no,,/Users/bobhopp/DJ MEDIA/VIDEO/1980's/Iron Maiden - Can I Play With Madness.mp4
RVTR629149,Spandau Ballet,Only When You Leave,0,no,yes,yes,yes,no,,/Users/bobhopp/DJ MEDIA/VIDEO/1980's/Spandau Ballet - Only When You Leave.mp4
RVTR377373,Sarah McLachlan,Building A Mystery,0,no,yes,yes,yes,yes,,/Users/bobhopp/DJ MEDIA/VIDEO/1990's/Sarah McLachlan - Building A Mystery.mp4
RVTR292763,Michael Bolton,How Can We Be Lovers,0,no,yes,yes,yes,yes,,/Users/bobhopp/DJ MEDIA/VIDEO/1990's/Michael Bolton - How Can We Be Lovers.mp4
RVTR638393,Shakin' Stevens,You Drive Me Crazy,0,no,no,no,yes,no,,/Users/bobhopp/DJ MEDIA/VIDEO/TECHNO/Shakin' Stevens - You Drive Me Crazy.mp4
RVTR856804,Justin Bieber,One Less Lonely Girl,0,no,yes,yes,yes,yes,,/Users/bobhopp/DJ MEDIA/VIDEO/2000's/Justin Bieber - One Less Lonely Girl.mp4
RVTR266920,Babyface,Every Time I Close My Eyes,0,no,yes,yes,yes,yes,review,/Users/bobhopp/DJ MEDIA/VIDEO/1990's/Babyface - Every Time I Close My Eyes.mp4
RVTR732394,Carly Rae Jepsen,Cut To The Feeling,0,no,no,no,yes,no,,/Users/bobhopp/DJ MEDIA/VIDEO/2010's/Carly Rae Jepsen - Cut To The Feeling.mp4
RVTR810121,Baby Bash & Sean Kingston,What Is It,0,no,no,no,yes,no,review,/Users/bobhopp/DJ MEDIA/VIDEO/2000's/Baby Bash & Sean Kingston - What Is It.mp4
RVTR865341,Mac Davis,Baby Dont Get Hooked On Me,0,no,no,no,yes,no,,/Users/bobhopp/DJ MEDIA/VIDEO/1970's/Mac Davis - Baby Dont Get Hooked On Me.mp4
RVTR799106,Asleep At The Wheel,Hot Rod Lincoln,0,no,no,no,yes,yes,review,/Users/bobhopp/DJ MEDIA/VIDEO/1980's/Asleep At The Wheel - Hot Rod Lincoln.mp4
RVTR344863,Barry Manilow,Dancin' In The Aisles,0,no,no,no,yes,no,review,/Users/bobhopp/DJ MEDIA/VIDEO/2000's/Barry Manilow - Dancin' In The Aisles.mp4
RVTR341483,Foreigner,With Heaven On Your Side,0,no,no,no,yes,yes,,/Users/bobhopp/DJ MEDIA/VIDEO/1970's/Foreigner - With Heaven On Your Side.mp4
RVTR008896,Electric Light Orchestra,Showdown,0,no,yes,yes,yes,yes,,/Users/bobhopp/DJ MEDIA/VIDEO/1970's/Electric Light Orchestra - Showdown.mp4
RVTR583184,Rod Stewart,She Won't Dance With Me,0,no,no,no,yes,no,,/Users/bobhopp/DJ MEDIA/VIDEO/1980's/Rod Stewart - She Won't Dance With Me.mp4
RVTR186099,Death Cab For Cutie,Grapevine Fires,0,no,yes,no,yes,no,,/Users/bobhopp/DJ MEDIA/VIDEO/2000's/Death Cab For Cutie - Grapevine Fires.mp4
RVTR617845,Toploader,Dancing in the Moonlight,0,no,no,no,yes,no,,/Users/bobhopp/DJ MEDIA/VIDEO/2000's/Toploader - Dancing in the Moonlight.mp4
RVTR090307,Candi Staton,Young Hearts Run Free,0,no,yes,yes,yes,yes,,/Users/bobhopp/DJ MEDIA/VIDEO/1970's/Candi Staton - Young Hearts Run Free.mp4
RVTR549615,Dannii Minogue,Put The Needle On It,0,no,no,no,yes,no,,/Users/bobhopp/DJ MEDIA/VIDEO/TECHNO/Dannii Minogue - Put The Needle On It.mp4
RVTR925777,Peter McCann,Do You Wanna Make Love,0,no,no,yes,yes,no,,/Users/bobhopp/DJ MEDIA/VIDEO/1970's/Peter McCann - Do You Wanna Make Love.mp4
RVTR484666,The Style Council,Shout To The Top,0,no,no,no,yes,yes,,/Users/bobhopp/DJ MEDIA/VIDEO/1980's/The Style Council - Shout To The Top.mp4
RVTR910762,Lisette Melendez,Together Forever,0,no,no,yes,yes,yes,,/Users/bobhopp/DJ MEDIA/VIDEO/1990's/Lisette Melendez - Together Forever.mp4
RVTR901992,Icona Pop feat. Charli XCX,I Love It,0,no,no,no,yes,no,,/Users/bobhopp/DJ MEDIA/VIDEO/2010's/Icona Pop feat. Charli XCX - I Love It.mp4
RVTR537974,Mobb Deep feat. Lil  Kim,Quiet Storm,0,no,no,no,yes,no,,/Users/bobhopp/DJ MEDIA/VIDEO/1990's/Mobb Deep feat. Lil  Kim - Quiet Storm.mp4
RVTR265626,Meghan Trainor,Dear Future Husband,0,no,yes,yes,yes,yes,,/Users/bobhopp/DJ MEDIA/VIDEO/2010's/Meghan Trainor - Dear Future Husband.mp4
RVTR535385,My Chemical Romance,Desolation Row,0,no,no,no,yes,no,,/Users/bobhopp/DJ MEDIA/VIDEO/TECHNO/My Chemical Romance - Desolation Row.mp4
RVTR788490,Miranda Lambert,Mama's Broken Heart,0,no,no,yes,yes,yes,,/Users/bobhopp/DJ MEDIA/VIDEO/COUNTRY/FILL/Miranda Lambert - Mama's Broken Heart.mp4
RVTR478189,Tom Jones,Green Green Grass of Home,0,yes,yes,yes,yes,no,review,/Users/bobhopp/DJ MEDIA/VIDEO/1960's/Tom Jones - Green Green Grass of Home.mp4
RVTR311847,Jefferson Starship,Winds Of Change,0,no,yes,yes,yes,yes,,/Users/bobhopp/DJ MEDIA/VIDEO/1980's/Jefferson Starship - Winds Of Change.mp4
RVTR584262,Loverboy,Lovin' Every Minute Of It,0,no,no,yes,yes,yes,,/Users/bobhopp/DJ MEDIA/VIDEO/1980's/Loverboy - Lovin' Every Minute Of It.mp4
RVTR224276,Gin Blossoms,Til I Hear It From You,0,no,no,no,yes,no,,/Users/bobhopp/DJ MEDIA/VIDEO/1990's/Gin Blossoms - Til I Hear It From You.mp4
RVTR930779,Shakira &  Lil Wayne,Give It Up To Me,0,no,no,no,yes,no,,/Users/bobhopp/DJ MEDIA/VIDEO/2000's/Shakira &  Lil Wayne - Give It Up To Me.mp4
RVTR702655,Bruce Springsteen,Born in the U.S.A,0,no,yes,yes,yes,yes,,/Users/bobhopp/DJ MEDIA/VIDEO/1980's/Bruce Springsteen - Born in the U.S.A.mp4
RVTR147975,Kelsea Ballerini,Hole In The Bottle,0,no,no,yes,yes,yes,,/Users/bobhopp/DJ MEDIA/VIDEO/2020's/Kelsea Ballerini - Hole In The Bottle.mp4
RVTR365990,R. Kelly,You Remind Me Of Something,0,no,yes,yes,yes,yes,,/Users/bobhopp/DJ MEDIA/VIDEO/1990's/R. Kelly - You Remind Me Of Something.mp4
RVTR948489,Katy Perry,Not the End of the World,0,no,no,no,yes,no,,/Users/bobhopp/DJ MEDIA/VIDEO/2020's/Katy Perry - Not the End of the World.mp4
RVTR071305,Chris Ledoux,Tougher Than The Rest,0,no,no,no,yes,no,,/Users/bobhopp/DJ MEDIA/VIDEO/COUNTRY/FILL/Chris Ledoux - Tougher Than The Rest.mp4
RVTR108215,Britney Spears,Till The World Ends,0,no,yes,yes,yes,yes,,/Users/bobhopp/DJ MEDIA/VIDEO/2010's/Britney Spears - Till The World Ends.mp4
RVTR837568,Barry Manilow,Looks Like We Made It,0,no,yes,yes,yes,yes,review,/Users/bobhopp/DJ MEDIA/VIDEO/1970's/Barry Manilow - Looks Like We Made It.mp4
RVTR223817,New York Dolls,Personality Crisis,0,no,no,no,yes,no,,/Users/bobhopp/DJ MEDIA/VIDEO/1970's/New York Dolls - Personality Crisis.mp4
RVTR069234,"Regard, Troye Sivan, Tate McRae",You,0,no,no,no,yes,no,,"/Users/bobhopp/DJ MEDIA/VIDEO/2020's/Regard, Troye Sivan, Tate McRae - You.mp4"
RVTR066291,Kardinal Offishall & Akon,Dangerous,0,no,no,no,yes,no,,/Users/bobhopp/DJ MEDIA/VIDEO/2000's/Kardinal Offishall & Akon - Dangerous.mp4
RVTR264111,Dierks Bentley,Somewhere On A Beach,0,no,yes,yes,yes,yes,,/Users/bobhopp/DJ MEDIA/VIDEO/2010's/Dierks Bentley - Somewhere On A Beach.mp4
RVTR137769,Dolly Parton,Why'd You Come In Here,0,no,no,no,yes,yes,,/Users/bobhopp/DJ MEDIA/VIDEO/1980's/Dolly Parton - Why'd You Come In Here.mp4
RVTR809976,Boyz II Men,4 Seasons Of Loneliness,0,no,yes,yes,yes,yes,,/Users/bobhopp/DJ MEDIA/VIDEO/1990's/Boyz II Men - 4 Seasons Of Loneliness.mp4
RVTR829741,Travis Tritt,Where Corn Don't Grow,0,no,no,no,yes,no,,/Users/bobhopp/DJ MEDIA/VIDEO/1990's/Travis Tritt - Where Corn Don't Grow.mp4
RVTR338109,Mariah Carey Ft. Miguel,Beautiful,0,no,no,no,yes,no,,/Users/bobhopp/DJ MEDIA/VIDEO/2010's/Mariah Carey feat. Miguel - Beautiful.mp4
RVTR050945,Khruangbin & Leon Bridges,Texas Sun,0,no,no,no,yes,yes,,/Users/bobhopp/DJ MEDIA/VIDEO/2020's/Khruangbin & Leon Bridges - Texas Sun.mp4
RVTR949732,Ronnie Milsap,Stranger In My House,0,no,yes,yes,yes,yes,,/Users/bobhopp/DJ MEDIA/VIDEO/COUNTRY/FILL/Ronnie Milsap - Stranger In My House.mp4
RVTR772849,Billie Ray Martin,Your Loving Arms,0,no,no,yes,yes,yes,review,/Users/bobhopp/DJ MEDIA/VIDEO/1990's/Billie Ray Martin - Your Loving Arms.mp4
RVTR938046,A Perfect Circle,Weak And Powerless,0,no,yes,yes,yes,yes,review,/Users/bobhopp/DJ MEDIA/VIDEO/2000's/A Perfect Circle - Weak And Powerless.mp4
RVTR540176,Brett Young,In Case You Didn't Know,0,no,yes,yes,yes,yes,,/Users/bobhopp/DJ MEDIA/VIDEO/2010's/Brett Young - In Case You Didn't Know.mp4
RVTR358202,Lil' Jon feat. Pitbull,Floor On Fire,0,no,no,no,yes,yes,,/Users/bobhopp/DJ MEDIA/VIDEO/2000's/Lil' Jon feat. Pitbull - Floor On Fire.mp4
RVTR967770,Joan Armatrading,What Do Boys Dream,0,no,yes,no,yes,no,,/Users/bobhopp/DJ MEDIA/VIDEO/1980's/Joan Armatrading - What Do Boys Dream.mp4
RVTR614356,Chevelle,Vitamin R Leading Us Along,0,no,yes,yes,yes,yes,,/Users/bobhopp/DJ MEDIA/VIDEO/2000's/Chevelle - Vitamin R Leading Us Along.mp4
RVTR476168,Puff Daddy,Can't Nobody Hold Me Down,0,no,no,yes,yes,yes,,/Users/bobhopp/DJ MEDIA/VIDEO/1990's/Puff Daddy - Can't Nobody Hold Me Down.mp4
RVTR875361,Depeche Mode,Never Let Me Down Again,0,no,yes,yes,yes,yes,,/Users/bobhopp/DJ MEDIA/VIDEO/1980's/Depeche Mode - Never Let Me Down Again.mp4
RVTR993183,Empire Of The Sun,Walking On A Dream,0,no,yes,yes,yes,yes,,/Users/bobhopp/DJ MEDIA/VIDEO/2000's/Empire Of The Sun - Walking On A Dream.mp4
RVTR015816,The Pretty Reckless,Follow Me Down,0,no,no,no,yes,no,,/Users/bobhopp/DJ MEDIA/VIDEO/2010's/The Pretty Reckless - Follow Me Down.mp4
RVTR054439,DJ Snake & Selena Gomez,Selfish Love,0,no,no,no,yes,no,,/Users/bobhopp/DJ MEDIA/VIDEO/2020's/DJ Snake & Selena Gomez - Selfish Love.mp4
RVTR993947,Gloria Estefan,Don't Wanna Lose You,0,no,no,yes,yes,yes,,/Users/bobhopp/DJ MEDIA/VIDEO/1990's/Gloria Estefan - Don't Wanna Lose You.mp4
RVTR959121,Josh Turner,Why Don't We Just Dance,0,no,yes,yes,yes,yes,,/Users/bobhopp/DJ MEDIA/VIDEO/COUNTRY/FILL/Josh Turner - Why Don't We Just Dance.MP4
RVTR686302,Seven Spanish Angels,Willie Nelson,0,no,no,no,yes,yes,,/Users/bobhopp/DJ MEDIA/VIDEO/1980's/Seven Spanish Angels - Willie Nelson.mp4
RVTR013190,Clay Walker,I'd Love to be Your Last,0,no,no,no,yes,no,,/Users/bobhopp/DJ MEDIA/VIDEO/COUNTRY/FILL/Clay Walker - I'd Love to be Your Last.mp4
RVTR400105,Willie Nelson,Seven Spanish Angels,0,no,yes,no,yes,no,,/Users/bobhopp/DJ MEDIA/VIDEO/COUNTRY/FILL/Willie Nelson - Seven Spanish Angels.mp4
RVTR629042,Pink Floyd,The Wizard of Pink Floyd,0,no,no,no,yes,yes,,/Users/bobhopp/DJ MEDIA/VIDEO/1970's/Pink Floyd - The Wizard of Pink Floyd.mp4
RVTR009031,Sting,If I Ever Lose My Faith In You,0,no,yes,yes,yes,yes,,/Users/bobhopp/DJ MEDIA/VIDEO/1990's/Sting - If I Ever Lose My Faith In You.mp4
RVTR447265,Baby Cham & Alicia Keys,Ghetto Story,0,no,no,no,yes,no,review,/Users/bobhopp/DJ MEDIA/VIDEO/TECHNO/Baby Cham & Alicia Keys - Ghetto Story.mp4
RVTR204872,Richard Marx,Endless Summer Nights,0,no,yes,yes,yes,yes,,/Users/bobhopp/DJ MEDIA/VIDEO/1980's/Richard Marx - Endless Summer Nights.mp4
RVTR527135,Backstreet Boys,Quit Playing Games,0,no,yes,yes,yes,yes,review,/Users/bobhopp/DJ MEDIA/VIDEO/1990's/Backstreet Boys - Quit Playing Games.mp4
RVTR122959,Michael Jackson,She's Out of My Life,0,no,yes,yes,yes,yes,,/Users/bobhopp/DJ MEDIA/VIDEO/1990's/Michael Jackson - She's Out of My Life.mp4
RVTR497841,Johnny Hates Jazz,Shattered Dreams,0,no,yes,yes,yes,yes,,/Users/bobhopp/DJ MEDIA/VIDEO/1980's/Johnny Hates Jazz - Shattered Dreams.mp4
RVTR308728,The English Beat,Too Nice to Talk To,0,no,no,no,yes,no,,/Users/bobhopp/DJ MEDIA/VIDEO/1980's/The English Beat - Too Nice to Talk To.mp4
RVTR394846,David Lee Murphy,Dust On The Bottle,0,no,yes,no,yes,no,,/Users/bobhopp/DJ MEDIA/VIDEO/1990's/David Lee Murphy - Dust On The Bottle.mp4
RVTR566933,The Reverend Horton Heat,Loaded Gun,0,no,no,no,yes,yes,,/Users/bobhopp/DJ MEDIA/VIDEO/2010's/The Reverend Horton Heat - Loaded Gun.mp4
RVTR474149,Leonard Cohen,Everybody Knows Live,0,no,no,no,yes,yes,,/Users/bobhopp/DJ MEDIA/VIDEO/1980's/Leonard Cohen - Everybody Knows Live.mp4
RVTR194713,Terence Trent D'arby,Sign Your Name,0,no,no,yes,yes,yes,,/Users/bobhopp/DJ MEDIA/VIDEO/1980's/Terence Trent D'arby - Sign Your Name.mp4
RVTR403394,The Dubliners,Seven Drunken Nights,0,no,no,no,yes,no,,/Users/bobhopp/DJ MEDIA/VIDEO/1960's/The Dubliners - Seven Drunken Nights.mp4
RVTR569691,Atlanta Rhythm Section,So Into You,0,no,no,no,yes,no,review,/Users/bobhopp/DJ MEDIA/VIDEO/1970's/Atlanta Rhythm Section - So Into You.mp4
RVTR631759,The Eagles,Pretty Maids All In A Row,0,no,no,no,yes,no,,/Users/bobhopp/DJ MEDIA/VIDEO/1970's/The Eagles - Pretty Maids All In A Row.mp4
RVTR033682,Bryan Adams,Straight From The Heart,0,no,yes,yes,yes,yes,,/Users/bobhopp/DJ MEDIA/VIDEO/1980's/Bryan Adams - Straight From The Heart.mp4
RVTR102910,Lifelike And Kris Menace,Discopolis,0,no,no,no,yes,no,,/Users/bobhopp/DJ MEDIA/VIDEO/TECHNO/Lifelike And Kris Menace - Discopolis.mp4
RVTR771571,Yellowcard,"For You, And Your Denial",0,no,yes,yes,yes,yes,,"/Users/bobhopp/DJ MEDIA/VIDEO/2010's/Yellowcard - For You, And Your Denial.mp4"
RVTR051749,Echo & The Bunnymen,The Killing Moon,0,no,no,no,yes,yes,,/Users/bobhopp/DJ MEDIA/VIDEO/1980's/Echo & The Bunnymen - The Killing Moon.mp4
RVTR605507,Wyclef Jean,We Trying To Stay Alive,0,no,no,yes,yes,yes,,/Users/bobhopp/DJ MEDIA/VIDEO/1990's/Wyclef Jean - We Trying To Stay Alive.mp4
RVTR812567,Dante Thomas F.Pras,Miss California,0,no,no,no,yes,no,,/Users/bobhopp/DJ MEDIA/VIDEO/2000's/Dante Thomas F.Pras - Miss California.mp4
RVTR049633,Stone Temple Pilots,Sex Type Thing,0,no,yes,no,yes,no,,/Users/bobhopp/DJ MEDIA/VIDEO/1990's/Stone Temple Pilots - Sex Type Thing.mp4
RVTR863574,Johnny Cash,Five Feet Hgh and Rising,0,no,no,no,yes,no,,/Users/bobhopp/DJ MEDIA/VIDEO/1950's/Johnny Cash - Five Feet Hgh and Rising.mp4
RVTR064050,Diana Ross & The Supremes,Love Child,0,no,no,no,yes,no,,/Users/bobhopp/DJ MEDIA/VIDEO/1960's/Diana Ross & The Supremes - Love Child.mp4
RVTR359451,The Saturdays,Just Can't Get Enough,0,no,no,no,yes,no,,/Users/bobhopp/DJ MEDIA/VIDEO/2000's/The Saturdays - Just Can't Get Enough.mp4
RVTR823223,Bodyrockers,I Like The Way You Move,0,no,no,no,yes,no,,/Users/bobhopp/DJ MEDIA/VIDEO/2000's/Bodyrockers - I Like The Way You Move.mp4
RVTR848648,"Cardi B, Bad Bunny & J Balvin",I Like It,0,no,no,no,yes,no,,"/Users/bobhopp/DJ MEDIA/VIDEO/2010's/Cardi B, Bad Bunny & J Balvin - I Like It.mp4"
RVTR850739,Shania Twain,Forever And For Always,0,no,yes,yes,yes,yes,,/Users/bobhopp/DJ MEDIA/VIDEO/COUNTRY/FILL/Shania Twain - Forever And For Always.mp4
RVTR445491,Parmalee & Blanco Brown,Just The Way,0,no,no,no,yes,no,,/Users/bobhopp/DJ MEDIA/VIDEO/COUNTRY/FILL/Parmalee & Blanco Brown - Just The Way.mp4
RVTR516519,Merle Haggard,The Bottle Let Me Down,0,no,no,no,yes,no,,/Users/bobhopp/DJ MEDIA/VIDEO/COUNTRY/FILL/Merle Haggard - The Bottle Let Me Down.mp4
RVTR601256,Barry Manilow,Please Don t Be Scared,0,no,yes,no,yes,no,review,/Users/bobhopp/DJ MEDIA/VIDEO/1980's/Barry Manilow - Please Don t Be Scared.mp4
RVTR320105,Jennifer Lopez,Jenny From The Block,0,no,yes,yes,yes,yes,,/Users/bobhopp/DJ MEDIA/VIDEO/2000's/Jennifer Lopez - Jenny From The Block.mp4
RVTR978584,Brooklyn Bounce,Get Ready To Bounce,0,no,no,yes,yes,yes,,/Users/bobhopp/DJ MEDIA/VIDEO/1990's/Brooklyn Bounce - Get Ready To Bounce.mp4
RVTR121572,Stars On 54,If You Could Read My Mind,0,no,no,no,yes,no,,/Users/bobhopp/DJ MEDIA/VIDEO/1990's/Stars On 54 - If You Could Read My Mind.mp4
RVTR787463,The Flaming Lips,She Don't Use Jelly,0,no,no,yes,yes,yes,,/Users/bobhopp/DJ MEDIA/VIDEO/2010's/The Flaming Lips - She Don't Use Jelly.mp4
RVTR147620,Clay Walker,Anything To Do With You,0,no,no,no,yes,no,,/Users/bobhopp/DJ MEDIA/VIDEO/COUNTRY/FILL/Clay Walker - Anything To Do With You.mp4
RVTR927764,Ghost of Paul Revere,This Is The End,0,no,no,no,yes,yes,,/Users/bobhopp/DJ MEDIA/VIDEO/2010's/Ghost of Paul Revere - This Is The End.mp4
RVTR347329,R. City Ft. Adam Levine,Locked Away,0,no,no,no,yes,no,,/Users/bobhopp/DJ MEDIA/VIDEO/2010's/R. City feat. Adam Levine - Locked Away.mp4
RVTR948340,Rosanne Cash,Tennessee Flat Top Box,0,no,yes,no,yes,no,,/Users/bobhopp/DJ MEDIA/VIDEO/COUNTRY/FILL/Rosanne Cash - Tennessee Flat Top Box.mp4
RVTR754329,Old Dominion,I Was On A Boat That Day,0,no,no,yes,yes,yes,,/Users/bobhopp/DJ MEDIA/VIDEO/COUNTRY/FILL/Old Dominion - I Was On A Boat That Day.mp4
RVTR496936,The Beatles,I Saw Her Standing There,0,no,yes,yes,yes,yes,,/Users/bobhopp/DJ MEDIA/VIDEO/1960's/The Beatles - I Saw Her Standing There.mp4
RVTR264163,Melissa Etheridge,Come To My Window,0,no,yes,yes,yes,yes,,/Users/bobhopp/DJ MEDIA/VIDEO/1990's/Melissa Etheridge - Come To My Window.mp4
RVTR864825,Sean Paul,I'm Still In Love With You,0,no,yes,yes,yes,yes,,/Users/bobhopp/DJ MEDIA/VIDEO/2000's/Sean Paul - I'm Still In Love With You.mp4
RVTR094504,Love and Rockets,No New Tale To Tell,0,no,no,no,yes,yes,,/Users/bobhopp/DJ MEDIA/VIDEO/1980's/Love and Rockets - No New Tale To Tell.mp4
RVTR653126,Janet Jackson,Doesn't Really Matter,0,no,no,no,yes,no,,/Users/bobhopp/DJ MEDIA/VIDEO/TECHNO/Janet Jackson - Doesn't Really Matter.mp4
RVTR870024,Ester Dean &  Chris Brown,Drop It Low,0,no,no,no,yes,no,,/Users/bobhopp/DJ MEDIA/VIDEO/2000's/Ester Dean &  Chris Brown - Drop It Low.mp4
RVTR534043,Scotty McCreery,I Love You This Big,0,no,yes,yes,yes,yes,,/Users/bobhopp/DJ MEDIA/VIDEO/2010's/Scotty McCreery - I Love You This Big.mp4
RVTR030336,Joshua Kadison,Beautiful In My Eyes,0,no,yes,yes,yes,yes,,/Users/bobhopp/DJ MEDIA/VIDEO/1990's/Joshua Kadison - Beautiful In My Eyes.mp4
RVTR344067,Falling In Reverse,Voices In My Head,0,no,no,no,yes,no,,/Users/bobhopp/DJ MEDIA/VIDEO/2020's/Falling In Reverse - Voices In My Head.mp4
RVTR687620,Clay Walker,She Won't be Lonely Long,0,no,no,yes,yes,yes,,/Users/bobhopp/DJ MEDIA/VIDEO/COUNTRY/FILL/Clay Walker - She Won't be Lonely Long.mp4
RVTR773013,Platinum Blonde,Situation Critical,0,no,no,no,yes,yes,,/Users/bobhopp/DJ MEDIA/VIDEO/1980's/Platinum Blonde - Situation Critical.mp4
RVTR069892,The Eagles,Help Me Through The Night,0,no,no,no,yes,no,,/Users/bobhopp/DJ MEDIA/VIDEO/1990's/The Eagles - Help Me Through The Night.mp4
RVTR838500,Men Without Hats,Pop Goes The World,0,no,no,no,yes,yes,,/Users/bobhopp/DJ MEDIA/VIDEO/1980's/Men Without Hats - Pop Goes The World.mp4
RVTR444708,Simple Minds,All The Things She Said,0,no,yes,yes,yes,yes,,/Users/bobhopp/DJ MEDIA/VIDEO/1980's/Simple Minds - All The Things She Said.mp4
RVTR288654,"Lil Nas X, Jack Harlow",Industry Baby,0,no,no,no,yes,no,,"/Users/bobhopp/DJ MEDIA/VIDEO/2020's/Lil Nas X, Jack Harlow - Industry Baby.mp4"
RVTR279609,Loverboy,Queen Of The Broken Hearts,0,no,yes,yes,yes,yes,,/Users/bobhopp/DJ MEDIA/VIDEO/1980's/Loverboy - Queen Of The Broken Hearts.mp4
RVTR154346,Queens Of The Stone Age,No One Knows,0,no,yes,yes,yes,yes,,/Users/bobhopp/DJ MEDIA/VIDEO/2000's/Queens Of The Stone Age - No One Knows.mp4
RVTR868781,Mr. Hudson And Kanye West,Supernova,0,no,no,no,yes,no,,/Users/bobhopp/DJ MEDIA/VIDEO/TECHNO/Mr. Hudson And Kanye West - Supernova.mp4
RVTR654799,Luke Combs,Beer Never Broke My Heart,0,no,no,yes,yes,yes,,/Users/bobhopp/DJ MEDIA/VIDEO/2010's/Luke Combs - Beer Never Broke My Heart.mp4
RVTR831590,Sergio Mendes & Brasil 66,Mas que nada,0,no,no,no,yes,no,,/Users/bobhopp/DJ MEDIA/VIDEO/1960's/Sergio Mendes & Brasil 66 - Mas que nada.mp4
RVTR047312,Big Time Rush,Til I Forget About You,0,no,yes,no,yes,no,review,/Users/bobhopp/DJ MEDIA/VIDEO/2010's/Big Time Rush - Til I Forget About You.mp4
RVTR059094,Jay Sean f./Lil Wayne,Hit The Lights,0,no,no,no,yes,no,,/Users/bobhopp/DJ MEDIA/VIDEO/2010's/Jay Sean f._Lil Wayne - Hit The Lights.mp4
RVTR424854,Three Days Grace,Animal I Have Become,0,no,yes,yes,yes,yes,,/Users/bobhopp/DJ MEDIA/VIDEO/2000's/Three Days Grace - Animal I Have Become.mp4
RVTR354616,Son of Dave,How To Make a Voodoo Doll,0,no,no,no,yes,no,,/Users/bobhopp/DJ MEDIA/VIDEO/2000's/Son of Dave - How To Make a Voodoo Doll.mp4
RVTR847432,Norma Tanega,Walkin' My Cat Named Dog,0,no,no,yes,yes,yes,,/Users/bobhopp/DJ MEDIA/VIDEO/1960's/Norma Tanega - Walkin' My Cat Named Dog.mp4
RVTR156205,Spencer Davis Group,Keep on Running,0,yes,no,no,yes,no,cards_ready,/Users/bobhopp/DJ MEDIA/VIDEO/1960's/Spencer Davis Group - Keep on Running.mp4
RVTR089882,Journey,I'll Be Alright Without You,0,no,yes,yes,yes,yes,,/Users/bobhopp/DJ MEDIA/VIDEO/1980's/Journey - I'll Be Alright Without You.mp4
RVTR022327,Bonnie Raitt,I Can't Make You Love Me,0,no,yes,yes,yes,yes,,/Users/bobhopp/DJ MEDIA/VIDEO/COUNTRY/FILL/Bonnie Raitt - I Can't Make You Love Me.mp4
RVTR514678,Christina Aguilera,Genie In A Bottle,0,no,yes,yes,yes,yes,,/Users/bobhopp/DJ MEDIA/VIDEO/1990's/Christina Aguilera - Genie In A Bottle.mp4
RVTR473552,Madonna,What It Feels Like For A Girl,0,no,yes,yes,yes,yes,,/Users/bobhopp/DJ MEDIA/VIDEO/2000's/Madonna - What It Feels Like For A Girl.mp4
RVTR003974,Thin Lizzy,The Boys Are Back In Town,0,no,yes,yes,yes,yes,,/Users/bobhopp/DJ MEDIA/VIDEO/1970's/Thin Lizzy - The Boys Are Back In Town.mp4
RVTR981237,Steve Winwood,Can't Find My Way Home,0,no,no,no,yes,no,,/Users/bobhopp/DJ MEDIA/VIDEO/1960's/Steve Winwood - Can't Find My Way Home.mp4
RVTR013960,Taylor Dayne,Love Will Lead You Back,0,no,yes,yes,yes,yes,,/Users/bobhopp/DJ MEDIA/VIDEO/1990's/Taylor Dayne - Love Will Lead You Back.mp4
RVTR411825,"Delaney, Bonnie & Friends",Coming Home,0,no,no,no,yes,yes,,"/Users/bobhopp/DJ MEDIA/VIDEO/1960's/Delaney, Bonnie & Friends - Coming Home.mp4"
RVTR612823,"Pussycat Dolls, The",I Hate This Part,0,no,no,no,yes,no,,"/Users/bobhopp/DJ MEDIA/VIDEO/2000's/Pussycat Dolls, The - I Hate This Part.mp4"
RVTR129910,Colbie Caillat,Brighter Than The Sun,0,no,yes,yes,yes,yes,,/Users/bobhopp/DJ MEDIA/VIDEO/2010's/Colbie Caillat - Brighter Than The Sun.mp4
RVTR254586,Johnny Paycheck,The Outlaw s Prayer,0,no,no,no,yes,no,,/Users/bobhopp/DJ MEDIA/VIDEO/COUNTRY/FILL/Johnny Paycheck - The Outlaw s Prayer.mp4
RVTR855443,Angels & Airwaves,Everything's Magic,0,no,no,no,yes,no,review,/Users/bobhopp/DJ MEDIA/VIDEO/TECHNO/Angels & Airwaves - Everything's Magic.mp4
RVTR950506,The Drifters,Twistin The Night Away,0,no,no,no,yes,no,,/Users/bobhopp/DJ MEDIA/VIDEO/1960's/The Drifters - Twistin The Night Away.mp4
RVTR409519,Feargal Sharkey,Someone To Somebody,0,no,yes,no,yes,no,,/Users/bobhopp/DJ MEDIA/VIDEO/1980's/Feargal Sharkey - Someone To Somebody.mp4
RVTR230321,Nelly f./T-Pain & Akon,Move That Body,0,no,no,no,yes,no,,/Users/bobhopp/DJ MEDIA/VIDEO/2010's/Nelly f._T-Pain & Akon - Move That Body.mp4
RVTR089876,Dan & Shay,i Should Probably go to Bed,0,no,no,no,yes,no,,/Users/bobhopp/DJ MEDIA/VIDEO/COUNTRY/FILL/Dan & Shay - i Should Probably go to Bed.mp4
RVTR739269,Richard Marx,Too Late To Say Goodbye,0,no,yes,yes,yes,yes,,/Users/bobhopp/DJ MEDIA/VIDEO/1980's/Richard Marx - Too Late To Say Goodbye.mp4
RVTR651810,T.I. & Justin Timberlake,Dead And Gone,0,no,no,no,yes,no,,/Users/bobhopp/DJ MEDIA/VIDEO/2000's/T.I. & Justin Timberlake - Dead And Gone.mp4
RVTR388098,Shakira,Can't Remember To Forget You,0,no,no,yes,yes,yes,,/Users/bobhopp/DJ MEDIA/VIDEO/2010's/Shakira - Can't Remember To Forget You.mp4
RVTR190130,The Hollies,Look Through Any Window,0,yes,yes,yes,yes,yes,cards_ready,/Users/bobhopp/DJ MEDIA/VIDEO/1960's/The Hollies - Look Through Any Window.mp4
RVTR828188,The Moody Blues,Your Wildest Dreams,0,no,yes,yes,yes,yes,,/Users/bobhopp/DJ MEDIA/VIDEO/1980's/The Moody Blues - Your Wildest Dreams.mp4
RVTR202747,The Ross Sisters,Solid Potato Salad,0,no,no,no,yes,no,,/Users/bobhopp/DJ MEDIA/VIDEO/1950's/The Ross Sisters - Solid Potato Salad.mp4
RVTR068991,The Beatles,Your Mother Should Know,0,no,yes,no,yes,no,,/Users/bobhopp/DJ MEDIA/VIDEO/1960's/The Beatles - Your Mother Should Know.mp4
RVTR815056,The Rolling Stones,Midnight Rambler,0,no,yes,no,yes,no,,/Users/bobhopp/DJ MEDIA/VIDEO/1970's/The Rolling Stones - Midnight Rambler.mp4
RVTR593043,The Temptations,The Way You Do The Things You Do,0,yes,yes,yes,yes,yes,cards_ready,"/Users/bobhopp/DJ MEDIA/VIDEO/1960's/(PBS VERSION) The Temptations - The Way You Do The Things You Do _ Live, It's What's Happening Baby!.mp4"
RVTR931441,Nicki Minaj,The Night Is Still Young,0,no,no,yes,yes,yes,,/Users/bobhopp/DJ MEDIA/VIDEO/2010's/Nicki Minaj - The Night Is Still Young.MP4
RVTR037252,Kelsea Ballerini,Half Of My Hometown,0,no,no,yes,yes,yes,,/Users/bobhopp/DJ MEDIA/VIDEO/COUNTRY/FILL/Kelsea Ballerini - Half Of My Hometown.mp4
RVTR559974,Counting Crows,Accidentally In Love,0,no,no,yes,yes,yes,,/Users/bobhopp/DJ MEDIA/VIDEO/2000's/Counting Crows - Accidentally In Love.mp4
RVTR077998,Phil Collins,Another Day In Paradise,0,no,yes,yes,yes,yes,,/Users/bobhopp/DJ MEDIA/VIDEO/1980's/Phil Collins - Another Day In Paradise.mp4
RVTR144750,Daddy Yankee,Gasolina,0,no,yes,yes,yes,yes,,/Users/bobhopp/DJ MEDIA/VIDEO/2000's/Daddy Yankee - Gasolina (Video Oficial).mp4
RVTR212149,Percy Sledge,When A Man Loves A Woman,0,no,yes,yes,yes,yes,,/Users/bobhopp/DJ MEDIA/VIDEO/1960's/Percy Sledge - When A Man Loves A Woman.mp4
RVTR318993,Marc Almond & Bronski Beat,I Feel Love,0,no,no,no,yes,no,,/Users/bobhopp/DJ MEDIA/VIDEO/1980's/Marc Almond & Bronski Beat - I Feel Love.mp4
RVTR504583,Tanita Tikaram,Twist In My Sobriety,0,no,no,no,yes,no,,/Users/bobhopp/DJ MEDIA/VIDEO/1980's/Tanita Tikaram - Twist In My Sobriety.mp4
RVTR148402,The Rolling Stones,It's All Over Now,0,no,yes,yes,yes,yes,,/Users/bobhopp/DJ MEDIA/VIDEO/1960's/The Rolling Stones - It's All Over Now.mp4
RVTR225025,George Benson,Turn Your Love Around,0,no,yes,yes,yes,yes,,/Users/bobhopp/DJ MEDIA/VIDEO/1980's/George Benson - Turn Your Love Around.mp4
RVTR284462,John Mayer,Your Body Is a Wonderland,0,no,yes,yes,yes,yes,,/Users/bobhopp/DJ MEDIA/VIDEO/2000's/John Mayer - Your Body Is A Wonderland.mp4
RVTR193063,Rihanna Ft. Future,Loveeeeeee Song,0,no,no,no,yes,no,,/Users/bobhopp/DJ MEDIA/VIDEO/2010's/Rihanna feat. Future - Loveeeeeee Song.mp4
RVTR550834,T.I. Ft. Young Thug,About The Money,0,no,no,no,yes,no,,/Users/bobhopp/DJ MEDIA/VIDEO/2010's/T.I. feat. Young Thug - About The Money.MP4
RVTR049491,Digital Underground,Doowutchyalike,0,no,no,no,yes,no,,/Users/bobhopp/DJ MEDIA/VIDEO/1980's/Digital Underground - Doowutchyalike.mp4
RVTR184474,James Brown,Papa's Got A Brand New Bag,0,no,no,no,yes,yes,,/Users/bobhopp/DJ MEDIA/VIDEO/1990's/James Brown - Papa's Got A Brand New Bag.mp4
RVTR429677,Katy Perry,Last Friday Night (T.G.I.F.),0,no,yes,yes,yes,yes,,/Users/bobhopp/DJ MEDIA/VIDEO/2010's/Katy Perry - Last Friday Night T.G.I.F..mp4
RVTR697499,Nina Nesbitt,The Moments I'm Missing,0,no,no,no,yes,no,,/Users/bobhopp/DJ MEDIA/VIDEO/2010's/Nina Nesbitt - The Moments I'm Missing.mp4
RVTR762831,Backstreet Boys,We've Got It Goin' On,0,no,no,yes,yes,yes,review,/Users/bobhopp/DJ MEDIA/VIDEO/1990's/Backstreet Boys - We've Got It Goin' On.mp4
RVTR732265,The Camouflage,The Great Commandment,0,no,yes,yes,yes,no,,/Users/bobhopp/DJ MEDIA/VIDEO/1980's/The Camouflage - The Great Commandment.mp4
RVTR457005,David Banner & Chris Brown,Get Like Me,0,no,no,no,yes,no,,/Users/bobhopp/DJ MEDIA/VIDEO/2000's/David Banner & Chris Brown - Get Like Me.mp4
RVTR747061,Shakira f./Lil Wayne,Give It Up To Me,0,no,no,no,yes,no,,/Users/bobhopp/DJ MEDIA/VIDEO/2010's/Shakira f._Lil Wayne - Give It Up To Me.mp4
RVTR386561,The Jacksons,Even Though You're Gone,0,no,no,no,yes,yes,,/Users/bobhopp/DJ MEDIA/VIDEO/1970's/The Jacksons - Even Though You're Gone.mp4
RVTR233290,Toni Childs,Walk and Talk Like Angels,0,no,yes,no,yes,no,,/Users/bobhopp/DJ MEDIA/VIDEO/1980's/Toni Childs - Walk and Talk Like Angels.mp4
RVTR616786,Gavin Rossdale,Love Remains The Same,0,no,yes,yes,yes,yes,,/Users/bobhopp/DJ MEDIA/VIDEO/2000's/Gavin Rossdale - Love Remains The Same.mp4
RVTR704957,Upchurch & Clay Walker,A Little While,0,no,no,no,yes,no,,/Users/bobhopp/DJ MEDIA/VIDEO/COUNTRY/FILL/Upchurch & Clay Walker - A Little While.mp4
RVTR342099,Dusty Springfield,Wishin' And Hopin',0,no,yes,yes,yes,yes,,/Users/bobhopp/DJ MEDIA/VIDEO/1960's/Dusty Springfield - Wishin' And Hopin'.mp4
RVTR154236,Lisa Stansfield,All Around the World,0,no,yes,yes,yes,yes,,/Users/bobhopp/DJ MEDIA/VIDEO/1990's/Lisa Stansfield - All Around the World.mp4
RVTR733532,REO Speedwagon,Roll With The Changes,0,no,yes,yes,yes,no,,/Users/bobhopp/DJ MEDIA/VIDEO/1980's/REO Speedwagon - Roll With The Changes.mp4
RVTR876516,The Communards,Never Can Say Goodbye,0,no,yes,yes,yes,yes,,/Users/bobhopp/DJ MEDIA/VIDEO/1980's/The Communards - Never Can Say Goodbye.mp4
RVTR289150,The Psychedelic Furs,Heartbreak Beat,0,no,yes,yes,yes,no,,/Users/bobhopp/DJ MEDIA/VIDEO/1980's/The Psychedelic Furs - Heartbreak Beat.mp4
RVTR207310,Lil Wayne Ft. Drake & Future,Love Me,0,no,no,no,yes,no,,/Users/bobhopp/DJ MEDIA/VIDEO/2010's/Lil Wayne feat. Drake & Future - Love Me.mp4
RVTR260529,Sia Ft. Kendrick Lamar,The Greatest,0,no,no,no,yes,no,,/Users/bobhopp/DJ MEDIA/VIDEO/2010's/Sia feat. Kendrick Lamar - The Greatest.mp4
RVTR611684,The Chainsmokers Ft. Halsey,Closer,0,no,no,no,yes,no,,/Users/bobhopp/DJ MEDIA/VIDEO/2010's/The Chainsmokers feat. Halsey - Closer.mp4
RVTR004413,The Ohio Players,Love Rollercoaster,0,yes,yes,yes,yes,no,cards_ready,/Users/bobhopp/DJ MEDIA/VIDEO/1970's/The Ohio Players - Love Rollercoaster.mp4
RVTR404088,The Buggles,Living In The Plastic Age,0,no,no,no,yes,no,,/Users/bobhopp/DJ MEDIA/VIDEO/1980's/The Buggles - Living In The Plastic Age.mp4
RVTR909219,Alessia Cara,Scars To Your Beautiful,0,no,yes,yes,yes,yes,review,/Users/bobhopp/DJ MEDIA/VIDEO/2010's/Alessia Cara - Scars To Your Beautiful.mp4
RVTR222736,"Lady Gaga, Bruno Mars",Die With A Smile,0,no,no,no,yes,no,,"/Users/bobhopp/DJ MEDIA/VIDEO/2020's/Lady Gaga, Bruno Mars - Die With A Smile.mp4"
RVTR451411,Blondie Vs. The Doors,Rapture Riders,0,no,no,no,yes,no,review,/Users/bobhopp/DJ MEDIA/VIDEO/TECHNO/Blondie Vs. The Doors - Rapture Riders.mp4
RVTR438873,Monica,Before You Walk Out Of My Life,0,no,no,yes,yes,yes,,/Users/bobhopp/DJ MEDIA/VIDEO/1990's/Monica - Before You Walk Out Of My Life.mp4
RVTR260612,Pitbull f./Marc Anthony,Rain Over Me,0,no,no,no,yes,no,,/Users/bobhopp/DJ MEDIA/VIDEO/2010's/Pitbull f._Marc Anthony - Rain Over Me.mp4
RVTR427104,Lenny Kravitz,If I Could Fall In Love,0,no,yes,no,yes,no,,/Users/bobhopp/DJ MEDIA/VIDEO/TECHNO/Lenny Kravitz - If I Could Fall In Love.mp4
RVTR822548,Van McCoy & Pan's People,Do the Hustle,0,no,no,no,yes,no,review,/Users/bobhopp/DJ MEDIA/VIDEO/1970's/Van McCoy & Pan's People - Do the Hustle.mp4
RVTR021024,Dream Academy,Life In A Northern Town,0,no,yes,yes,yes,no,,/Users/bobhopp/DJ MEDIA/VIDEO/1980's/Dream Academy - Life In A Northern Town.mp4
RVTR552621,The Rolling Stones,Jumpin Jack Flash,0,no,no,no,yes,no,,/Users/bobhopp/DJ MEDIA/VIDEO/1960's/The Rolling Stones - Jumpin Jack Flash.mp4
RVTR538506,Paul Oakenfold,Starry Eyed Surprise,0,no,no,no,yes,no,,/Users/bobhopp/DJ MEDIA/VIDEO/TECHNO/Paul Oakenfold - Starry Eyed Surprise.mp4
RVTR812999,Frank Sinatra,Strangers In The Night,0,no,yes,yes,yes,yes,,/Users/bobhopp/DJ MEDIA/VIDEO/1960's/Frank Sinatra - Strangers In The Night.mp4
RVTR176377,Bee Gees,New York Mining Disaster 1941,0,no,no,yes,yes,yes,review,/Users/bobhopp/DJ MEDIA/VIDEO/1970's/Bee Gees - New York Mining Disaster 1941.mp4
RVTR980181,Queen,These Are The Days Of Our Lives,0,no,yes,no,yes,no,,/Users/bobhopp/DJ MEDIA/VIDEO/1990's/Queen - These Are The Days Of Our Lives.mp4
RVTR110908,The Guess Who, Takin' Care Of Business,0,yes,no,no,yes,no,cards_ready,/Users/bobhopp/DJ MEDIA/VIDEO/1970's/The Guess Who - Takin' Care Of Business.mp4
RVTR792810,Barry White,Practice What You Preach,0,no,yes,yes,yes,yes,review,/Users/bobhopp/DJ MEDIA/VIDEO/1990's/Barry White - Practice What You Preach.mp4
RVTR292454,Tim McGraw feat Faith Hill,I Need You,0,no,no,no,yes,no,,/Users/bobhopp/DJ MEDIA/VIDEO/COUNTRY/FILL/Tim McGraw feat. Faith Hill - I Need You.mp4
RVTR620004,Gloria Estefan,Coming Out Of The Dark,0,no,yes,yes,yes,yes,,/Users/bobhopp/DJ MEDIA/VIDEO/1990's/Gloria Estefan - Coming Out Of The Dark.mp4
RVTR773216,The Psychedelic Furs,Until She Comes,0,no,no,no,yes,no,,/Users/bobhopp/DJ MEDIA/VIDEO/1990's/The Psychedelic Furs - Until She Comes.mp4
RVTR578711,Narcotic Thrust,When The Dawn Breaks,0,no,no,no,yes,no,,/Users/bobhopp/DJ MEDIA/VIDEO/TECHNO/Narcotic Thrust - When The Dawn Breaks.mp4
RVTR540602,Ariana Grande Ft. Mac Miller,The Way,0,no,no,no,yes,no,review,/Users/bobhopp/DJ MEDIA/VIDEO/2010's/Ariana Grande feat. Mac Miller - The Way.mp4
RVTR368019,Jane's Addiction,Been Caught Stealing,0,no,yes,no,yes,no,,/Users/bobhopp/DJ MEDIA/VIDEO/2000's/Jane's Addiction - Been Caught Stealing.mp4
RVTR774450,Keith Urban,Little Bit Of Everything,0,no,no,yes,yes,yes,,/Users/bobhopp/DJ MEDIA/VIDEO/COUNTRY/FILL/Keith Urban - Little Bit Of Everything.mp4
RVTR573426,Sandie Shaw & The Smiths,Hand In Glove,0,no,no,no,yes,yes,,/Users/bobhopp/DJ MEDIA/VIDEO/1980's/Sandie Shaw & The Smiths - Hand In Glove.mp4
RVTR637958,Ray Stevens,Everything Is Beautiful,0,no,yes,yes,yes,yes,,/Users/bobhopp/DJ MEDIA/VIDEO/1970's/Ray Stevens - Everything Is Beautiful.mp4
RVTR867791,Kenny Chesney,Living In Fast Forward,0,no,yes,yes,yes,yes,,/Users/bobhopp/DJ MEDIA/VIDEO/COUNTRY/FILL/Kenny Chesney - Living In Fast Forward.mp4
RVTR699724,ZZ Top,Beer Drinkers and Hellraisers,0,no,no,no,yes,yes,,/Users/bobhopp/DJ MEDIA/VIDEO/1990's/ZZ Top - Beer Drinkers and Hellraisers.mp4
RVTR630584,Ozzy Osbourne,Let Me Hear You Scream,0,no,yes,no,yes,no,,/Users/bobhopp/DJ MEDIA/VIDEO/2010's/Ozzy Osbourne - Let Me Hear You Scream.mp4
RVTR645354,The Rolling Stones,Around and Around,0,no,yes,no,yes,no,,/Users/bobhopp/DJ MEDIA/VIDEO/1960's/The Rolling Stones - Around and Around.mp4
RVTR519738,Firehouse,When I Look Into Your Eyes,0,no,yes,yes,yes,yes,,/Users/bobhopp/DJ MEDIA/VIDEO/1990's/Firehouse - When I Look Into Your Eyes.mp4
RVTR126793,Barry Manilow,Copacabana,0,no,yes,yes,yes,yes,review,/Users/bobhopp/DJ MEDIA/VIDEO/1970's/Barry Manilow - Copacabana (At the Copa).mp4
RVTR380493,Samantha Fox,I Only Wanna Be With You,0,no,yes,yes,yes,yes,,/Users/bobhopp/DJ MEDIA/VIDEO/1980's/Samantha Fox - I Only Wanna Be With You.mp4
RVTR800886,B.G. The Prince Of Rap,This Beat Is Hot,0,no,no,yes,yes,yes,review,/Users/bobhopp/DJ MEDIA/VIDEO/1990's/B.G. The Prince Of Rap - This Beat Is Hot.mp4
RVTR424406,Ed Sheeran & Justin Bieber,I Don't Care,0,no,no,no,yes,no,,/Users/bobhopp/DJ MEDIA/VIDEO/2010's/Ed Sheeran & Justin Bieber - I Don't Care.mp4
RVTR073983,Christina Aguilera,Ain't No Other Man,0,no,no,yes,yes,yes,,/Users/bobhopp/DJ MEDIA/VIDEO/2000's/Christina Aguilera - Ain't No Other Man.mp4
RVTR641833,Echo and the Bunnymen,Lips Like Sugar,0,no,no,no,yes,no,,/Users/bobhopp/DJ MEDIA/VIDEO/1980's/Echo and the Bunnymen - Lips Like Sugar.mp4
RVTR813970,Ski Mask The Slump God,Faucet Failure,0,no,no,yes,yes,yes,,/Users/bobhopp/DJ MEDIA/VIDEO/2010's/Ski Mask The Slump God - Faucet Failure.mp4
RVTR838605,LeAnn Rimes,Can't Fight The Moonlight,0,no,yes,yes,yes,yes,,/Users/bobhopp/DJ MEDIA/VIDEO/COUNTRY/FILL/LeAnn Rimes - Can't Fight The Moonlight.mp4
RVTR669314,Bryan Adams,Do I Have To Say The Words,0,no,yes,yes,yes,yes,,/Users/bobhopp/DJ MEDIA/VIDEO/1990's/Bryan Adams - Do I Have To Say The Words.mp4
RVTR777947,Billy Ocean,When The Going Gets Tough,0,no,yes,yes,yes,yes,review,/Users/bobhopp/DJ MEDIA/VIDEO/1980's/Billy Ocean - When The Going Gets Tough.mp4
RVTR323509,Janet Jackson,The Pleasure Principle,0,no,yes,yes,yes,yes,,/Users/bobhopp/DJ MEDIA/VIDEO/1980's/Janet Jackson - The Pleasure Principle.mp4
RVTR067073,Brooks & Dunn,Play Something Country,0,no,yes,no,yes,no,,/Users/bobhopp/DJ MEDIA/VIDEO/2000's/Brooks & Dunn - Play Something Country.mp4
RVTR439547,The Mindbenders,A Groovy Kind Of Love,0,no,no,yes,yes,yes,,/Users/bobhopp/DJ MEDIA/VIDEO/1960's/The Mindbenders - A Groovy Kind Of Love.mp4
RVTR223760,Bone Thugs-N-Harmony,1st Of Tha Month,0,no,yes,yes,yes,yes,,/Users/bobhopp/DJ MEDIA/VIDEO/1990's/Bone Thugs-N-Harmony - 1st Of Tha Month.mp4
RVTR420718,Melissa Etheridge,I Want To Come Over,0,no,yes,yes,yes,yes,,/Users/bobhopp/DJ MEDIA/VIDEO/1990's/Melissa Etheridge - I Want To Come Over.mp4
RVTR962154,Chemical Brothers,Block Rockin' Beats,0,no,no,no,yes,no,,/Users/bobhopp/DJ MEDIA/VIDEO/1990's/Chemical Brothers - Block Rockin' Beats.mp4
RVTR452117,Paul McCartney,No More Lonely Nights,0,no,yes,yes,yes,yes,,/Users/bobhopp/DJ MEDIA/VIDEO/1980's/Paul McCartney - No More Lonely Nights.mp4
RVTR137494,Robbie Robertson,Showdown At Big Sky,0,no,no,no,yes,no,,/Users/bobhopp/DJ MEDIA/VIDEO/1980's/Robbie Robertson - Showdown At Big Sky.mp4
RVTR735025,Taylor Swift,Look What You Made Me Do,0,no,yes,yes,yes,yes,,/Users/bobhopp/DJ MEDIA/VIDEO/2010's/Taylor Swift - Look What You Made Me Do.mp4
RVTR305111,Siouxsie And The Banshees,Shadowtime,0,no,no,no,yes,yes,,/Users/bobhopp/DJ MEDIA/VIDEO/1990's/Siouxsie And The Banshees - Shadowtime.mp4
RVTR877826,Lady Gaga,Always Remember Us This Way,0,no,no,yes,yes,yes,,/Users/bobhopp/DJ MEDIA/VIDEO/2010's/Lady Gaga - Always Remember Us This Way.mp4
RVTR641433,Huey Lewis And The News,Jacob s Ladder,0,no,no,no,yes,no,,/Users/bobhopp/DJ MEDIA/VIDEO/1980's/Huey Lewis And The News - Jacob s Ladder.mp4
RVTR519442,Transvision Vamp,If Looks Could Kill,0,no,no,no,yes,no,,/Users/bobhopp/DJ MEDIA/VIDEO/1990's/Transvision Vamp - If Looks Could Kill.mp4
RVTR260600,Trey Songz f./Nicki Minaj,Bottoms Up,0,no,no,no,yes,no,,/Users/bobhopp/DJ MEDIA/VIDEO/2010's/Trey Songz f._Nicki Minaj - Bottoms Up.mp4
RVTR432715,Taylor Swift,I Knew You Were Trouble,0,no,no,yes,yes,yes,,/Users/bobhopp/DJ MEDIA/VIDEO/2010's/Taylor Swift - I Knew You Were Trouble.mp4
RVTR639694,The Mamas and The Papas,Twelve Thirty,0,no,no,no,yes,no,,/Users/bobhopp/DJ MEDIA/VIDEO/1960's/The Mamas and The Papas - Twelve Thirty.mp4
RVTR106394,Pentangle,Will The Circle Be Unbroken,0,no,no,no,yes,no,,/Users/bobhopp/DJ MEDIA/VIDEO/1970's/Pentangle - Will The Circle Be Unbroken.mp4
RVTR906587,Frankie Goes To Hollywood,Two Tribes,0,no,no,yes,yes,yes,,/Users/bobhopp/DJ MEDIA/VIDEO/1980's/Frankie Goes To Hollywood - Two Tribes.mp4
RVTR305557,Garth Brooks,If Tomorrow Never Comes,0,no,yes,no,yes,no,,/Users/bobhopp/DJ MEDIA/VIDEO/COUNTRY/FILL/Garth Brooks - If Tomorrow Never Comes.mp4
RVTR281025,Jon Pardi,Heartache On The Dance Floor,0,no,yes,yes,yes,yes,,/Users/bobhopp/DJ MEDIA/VIDEO/2010's/Jon Pardi - Heartache On The Dance Floor.mp4
RVTR774199,Mariah Carey,I'll Be Lovin' U Long Time,0,no,no,yes,yes,yes,,/Users/bobhopp/DJ MEDIA/VIDEO/2000's/Mariah Carey - I'll Be Lovin' U Long Time.mp4
RVTR061133,Sean Paul f./Alexis Jordan,Got 2 Luv U,0,no,no,no,yes,no,,/Users/bobhopp/DJ MEDIA/VIDEO/2010's/Sean Paul f._Alexis Jordan - Got 2 Luv U.mp4
RVTR565510,Nick Cave & The Bad Seeds,Red Right Hand,0,no,no,no,yes,yes,,/Users/bobhopp/DJ MEDIA/VIDEO/1990's/Nick Cave & The Bad Seeds - Red Right Hand.mp4
RVTR766463,They Might Be Giants,Don t Let s Start,0,no,no,no,yes,no,,/Users/bobhopp/DJ MEDIA/VIDEO/1980's/They Might Be Giants - Don t Let s Start.mp4
RVTR424521,John Denver,Sunshine On My Shoulders,0,no,no,yes,yes,yes,,/Users/bobhopp/DJ MEDIA/VIDEO/1990's/John Denver - Sunshine On My Shoulders.mp4
RVTR969928,Blackout All Stars,I Like It Like That,0,no,no,no,yes,no,review,/Users/bobhopp/DJ MEDIA/VIDEO/TECHNO/Blackout All Stars - I Like It Like That.mp4
RVTR834853,Tina Turner,Are You Breaking My Heart,0,no,no,no,yes,no,,/Users/bobhopp/DJ MEDIA/VIDEO/1980's/Tina Turner - Are You Breaking My Heart.mp4
RVTR235232,Peter Gabriel & Kate Bush,Don't Give Up,0,no,no,no,yes,no,,/Users/bobhopp/DJ MEDIA/VIDEO/1980's/Peter Gabriel & Kate Bush - Don't Give Up.mp4
RVTR509347,Usher F.Young Jeezy,Love In This Club,0,no,no,no,yes,no,,/Users/bobhopp/DJ MEDIA/VIDEO/2000's/Usher F.Young Jeezy - Love In This Club.mp4
RVTR629116,Dire Straits,Private Investigations,0,no,yes,no,yes,no,,/Users/bobhopp/DJ MEDIA/VIDEO/1980's/Dire Straits - Private Investigations.mp4
RVTR838234,The Dave Clark Five,Catch Us If You Can,0,yes,yes,yes,yes,yes,cards_ready,/Users/bobhopp/DJ MEDIA/VIDEO/1960's/The Dave Clark Five - Catch Us If You Can.mp4
RVTR972959,"Red Jumpsuit Apparatus, The",Face Down,0,no,no,no,yes,no,,"/Users/bobhopp/DJ MEDIA/VIDEO/2000's/Red Jumpsuit Apparatus, The - Face Down.mp4"
RVTR999101,Keri Hilson feat. Lil Wayne,Turn Me On,0,no,no,no,yes,no,,/Users/bobhopp/DJ MEDIA/VIDEO/2000's/Keri Hilson feat. Lil Wayne - Turn Me On.mp4
RVTR725703,Bad Meets Evil f./Bruno Mars,Lighters,0,no,no,no,yes,no,review,/Users/bobhopp/DJ MEDIA/VIDEO/2010's/Bad Meets Evil f._Bruno Mars - Lighters.mp4
RVTR862926,Olly Murs Ft. Flo Rida,Troublemaker,0,no,no,no,yes,no,,/Users/bobhopp/DJ MEDIA/VIDEO/2010's/Olly Murs feat. Flo Rida - Troublemaker.mp4
RVTR330036,Dennis Edwards,Don't Look Any Further,0,no,no,yes,yes,yes,,/Users/bobhopp/DJ MEDIA/VIDEO/1980's/Dennis Edwards - Don't Look Any Further.mp4
RVTR217402,Enrique Iglesias f./Pitbull,I Like It,0,no,no,no,yes,no,,/Users/bobhopp/DJ MEDIA/VIDEO/2010's/Enrique Iglesias f._Pitbull - I Like It.mp4
RVTR782072,Queens Of The Stone Age,Little Sister,0,no,yes,yes,yes,yes,,/Users/bobhopp/DJ MEDIA/VIDEO/2000's/Queens Of The Stone Age - Little Sister.mp4
RVTR039304,Boz Scaggs,Look What You've Done to Me,0,no,yes,yes,yes,yes,,/Users/bobhopp/DJ MEDIA/VIDEO/1980's/Boz Scaggs - Look What You've Done to Me.MP4
RVTR585543,Jack Johnson,Sitting Waiting Wishing,0,no,yes,yes,yes,yes,,/Users/bobhopp/DJ MEDIA/VIDEO/2000's/Jack Johnson - Sitting Waiting Wishing.MP4
RVTR518944,Santana F.Alex Band,Why Don't You And I,0,no,no,no,yes,no,,/Users/bobhopp/DJ MEDIA/VIDEO/2000's/Santana F.Alex Band - Why Don't You And I.mp4
RVTR832907,Dean Martin,Everybody Loves Somebody,0,no,yes,yes,yes,yes,,/Users/bobhopp/DJ MEDIA/VIDEO/1960's/Dean Martin - Everybody Loves Somebody.mp4
RVTR743265,Peaches & Herb,Shake Your Groove Thing,0,no,no,no,yes,no,,/Users/bobhopp/DJ MEDIA/VIDEO/1980's/Peaches & Herb - Shake Your Groove Thing.mp4
RVTR090283,The Psychedelic Furs,The Ghost in You,0,no,yes,yes,yes,no,,/Users/bobhopp/DJ MEDIA/VIDEO/1980's/The Psychedelic Furs - The Ghost in You.mp4
RVTR971796,Big Time Rush f./Snoop Dogg,Boyfriend,0,no,no,no,yes,no,review,/Users/bobhopp/DJ MEDIA/VIDEO/2010's/Big Time Rush f._Snoop Dogg - Boyfriend.mp4
RVTR397714,Mindy Mccready,Guys Do It All The Time,0,no,yes,yes,yes,yes,,/Users/bobhopp/DJ MEDIA/VIDEO/1990's/Mindy Mccready - Guys Do It All The Time.mp4
RVTR397647,Bob Dylan,Most Likely You Go Your Way,0,no,no,no,yes,no,,/Users/bobhopp/DJ MEDIA/VIDEO/1960's/Bob Dylan - Most Likely You Go Your Way.mp4
RVTR182295,Dave Matthews Band,What Would You Say,0,no,yes,no,yes,no,,/Users/bobhopp/DJ MEDIA/VIDEO/2000's/Dave Matthews Band - What Would You Say.mp4
RVTR422131,The Velvet Underground,Venus In Furs,0,no,no,no,yes,no,,/Users/bobhopp/DJ MEDIA/VIDEO/1960's/The Velvet Underground - Venus In Furs.mp4
RVTR712841,Deborah Cox,Things Just Ain't The Same,0,no,no,yes,yes,yes,,/Users/bobhopp/DJ MEDIA/VIDEO/1990's/Deborah Cox - Things Just Ain't The Same.mp4
RVTR808116,Run DMC vs Jason Nevins,It's Like That,0,no,no,no,yes,no,,/Users/bobhopp/DJ MEDIA/VIDEO/TECHNO/Run DMC vs Jason Nevins - It's Like That.mp4
RVTR034094,Nitty Gritty Dirt Band,Forever Young,0,no,no,no,yes,yes,,/Users/bobhopp/DJ MEDIA/VIDEO/COUNTRY/FILL/Nitty Gritty Dirt Band - Forever Young.mp4
RVTR608385,Peter And Gordon,A World Without Love,0,no,no,yes,yes,yes,,/Users/bobhopp/DJ MEDIA/VIDEO/1960's/Peter And Gordon - A World Without Love.mp4
RVTR385376,Mariah Carey,Anytime You Need A Friend,0,no,yes,yes,yes,yes,,/Users/bobhopp/DJ MEDIA/VIDEO/1990's/Mariah Carey - Anytime You Need A Friend.mp4
RVTR384073,Dolly Parton,Love Is Like a Butterfly,0,no,yes,no,yes,yes,,/Users/bobhopp/DJ MEDIA/VIDEO/1970's/Dolly Parton - Love Is Like a Butterfly.mp4
RVTR466316,Carrie Underwood,Jesus Take The Wheel,0,no,yes,yes,yes,no,,/Users/bobhopp/DJ MEDIA/VIDEO/COUNTRY/FILL/Carrie Underwood - Jesus Take The Wheel.mp4
RVTR178544,Rooney,When Did Your Heart Go Missing,0,no,no,no,yes,no,,/Users/bobhopp/DJ MEDIA/VIDEO/TECHNO/Rooney - When Did Your Heart Go Missing.mp4
RVTR006533,George Michael,Papa Was A Rollin Stone,0,no,no,no,yes,no,,/Users/bobhopp/DJ MEDIA/VIDEO/1990's/George Michael - Papa Was A Rollin Stone.mp4
RVTR546195,Randy Houser,Runnin' Outta Moonlight,0,no,no,yes,yes,yes,,/Users/bobhopp/DJ MEDIA/VIDEO/COUNTRY/FILL/Randy Houser - Runnin' Outta Moonlight.mp4
RVTR786418,Soul System,It's Gonna Be A Lovely Day,0,no,no,no,yes,no,,/Users/bobhopp/DJ MEDIA/VIDEO/TECHNO/Soul System - It's Gonna Be A Lovely Day.mp4
RVTR095889,Willie Nelson And Bob Dylan,Hard Times,0,no,no,no,yes,no,,/Users/bobhopp/DJ MEDIA/VIDEO/COUNTRY/FILL/Willie Nelson And Bob Dylan - Hard Times.mp4
RVTR354973,Queens Of The Stone Age,Burn The Witch,0,no,yes,no,yes,no,,/Users/bobhopp/DJ MEDIA/VIDEO/TECHNO/Queens Of The Stone Age - Burn The Witch.mp4
RVTR097340,Whitney Houston,My Love Is Your Love,0,no,yes,yes,yes,yes,,/Users/bobhopp/DJ MEDIA/VIDEO/1990's/Whitney Houston - My Love Is Your Love.mp4
RVTR638337,Alan Jackson,Chasin' That Neon Rainbow,0,no,no,no,yes,no,review,/Users/bobhopp/DJ MEDIA/VIDEO/COUNTRY/FILL/Alan Jackson - Chasin' That Neon Rainbow.mp4
RVTR336680,The Grass Roots,Midnight Confessions,0,no,yes,yes,yes,yes,,/Users/bobhopp/DJ MEDIA/VIDEO/1960's/The Grass Roots - Midnight Confessions.mp4
RVTR947741,Whitney Houston,Star Spangled Banner,0,no,no,no,yes,no,,/Users/bobhopp/DJ MEDIA/VIDEO/2000's/Whitney Houston - Star Spangled Banner.mp4
RVTR771475,Vhs Or Beta,Can't Believe A Single Word,0,no,no,no,yes,no,,/Users/bobhopp/DJ MEDIA/VIDEO/TECHNO/Vhs Or Beta - Can't Believe A Single Word.mp4
RVTR545469,"Sinclar, Bob f.Cutee B",Sound Of Freedom,0,no,no,no,yes,no,,"/Users/bobhopp/DJ MEDIA/VIDEO/TECHNO/Sinclar, Bob f.Cutee B - Sound Of Freedom.mp4"
RVTR406728,The Blues Brothers,The Jailhouse Rock,0,no,no,no,yes,no,,/Users/bobhopp/DJ MEDIA/VIDEO/1980's/The Blues Brothers - The Jailhouse Rock.mp4
RVTR115196,George Thorogood,House of Blue Lights,0,no,no,no,yes,no,,/Users/bobhopp/DJ MEDIA/VIDEO/1980's/George Thorogood - House of Blue Lights.mp4
RVTR524649,Huey Lewis And The News,Heart And Soul,0,no,no,no,yes,no,,/Users/bobhopp/DJ MEDIA/VIDEO/1980's/Huey Lewis And The News - Heart And Soul.mp4
RVTR164061,Donna Lewis,I Love You Always Forever,0,no,yes,yes,yes,yes,,/Users/bobhopp/DJ MEDIA/VIDEO/1990's/Donna Lewis - I Love You Always Forever.mp4
RVTR249596,Janet Jackson,That's The Way Love Goes,0,no,yes,yes,yes,yes,,/Users/bobhopp/DJ MEDIA/VIDEO/1990's/Janet Jackson - That's The Way Love Goes.mp4
RVTR570069,Swinging Blue Jeans,Hippy Hippy Shake,0,no,yes,yes,yes,no,,/Users/bobhopp/DJ MEDIA/VIDEO/1950's/Swinging Blue Jeans - Hippy Hippy Shake.mp4
RVTR194370,Paul Revere & The Raiders,All About Her,0,no,no,no,yes,no,,/Users/bobhopp/DJ MEDIA/VIDEO/1960's/Paul Revere & The Raiders - All About Her.mp4
RVTR977737,Tina Turner,We Don't Need Another Hero,0,no,yes,yes,yes,yes,,/Users/bobhopp/DJ MEDIA/VIDEO/1980's/Tina Turner - We Don't Need Another Hero.mp4
RVTR459603,Russell Dickerson,Every Little Thing,0,no,yes,yes,yes,yes,,/Users/bobhopp/DJ MEDIA/VIDEO/2010's/Russell Dickerson - Every Little Thing.mp4
RVTR773259,Lani Hall and Herb Alpert,Come What May,0,no,no,no,yes,no,,/Users/bobhopp/DJ MEDIA/VIDEO/1980's/Lani Hall and Herb Alpert - Come What May.mp4
RVTR233703,The Rolling Stones,Get Off of My Cloud,0,yes,yes,yes,yes,yes,cards_ready,/Users/bobhopp/DJ MEDIA/VIDEO/1960's/The Rolling Stones - Get Off of My Cloud.mp4
RVTR129031,Bruce Springsteen,Brilliant Disguise,0,no,yes,yes,yes,yes,,/Users/bobhopp/DJ MEDIA/VIDEO/1980's/Bruce Springsteen - Brilliant Disguise.mp4
RVTR573052,Jennifer Lopez,Love Don't Cost A Thing,0,no,yes,yes,yes,yes,,/Users/bobhopp/DJ MEDIA/VIDEO/2000's/Jennifer Lopez - Love Don't Cost A Thing.mp4
RVTR733940,The Music Explosion,Little Bit O Soul,0,no,no,no,yes,no,review,/Users/bobhopp/DJ MEDIA/VIDEO/1960's/The Music Explosion - Little Bit O Soul.mp4
RVTR346954,Backstreet Boys,As Long As You Love Me,0,no,yes,no,yes,no,review,/Users/bobhopp/DJ MEDIA/VIDEO/1990's/Backstreet Boys - As Long As You Love Me.mp4
RVTR961157,Los Del Rio,Macarena (Bayside Boys Mix),0,yes,no,yes,yes,yes,published,/Users/bobhopp/DJ MEDIA/VIDEO/1990's/Los Del Rio - Macarena (Bayside Boys Mix).mp4
RVTR944311,Trace Adkins,Ladies Love Country Boys,0,no,yes,yes,yes,yes,,/Users/bobhopp/DJ MEDIA/VIDEO/COUNTRY/FILL/Trace Adkins - Ladies Love Country Boys.mp4
RVTR519584,Night Ranger,When You Close Your Eyes,0,no,yes,yes,yes,yes,,/Users/bobhopp/DJ MEDIA/VIDEO/1980's/Night Ranger - When You Close Your Eyes.mp4
RVTR988261,Brothers Osborne,I'm Not For Everyone,0,no,no,no,yes,no,,/Users/bobhopp/DJ MEDIA/VIDEO/1990's/Brothers Osborne - I'm Not For Everyone.mp4
RVTR725805,Red Hot Chili Peppers,Californication,0,no,yes,yes,yes,yes,,/Users/bobhopp/DJ MEDIA/VIDEO/2000's/Red Hot Chili Peppers - Californication.mp4
RVTR167454,The Monkees,Last Train To Clarksville,0,no,yes,yes,yes,yes,,/Users/bobhopp/DJ MEDIA/VIDEO/1960's/The Monkees - Last Train To Clarksville.mp4
RVTR168507,Feargal Sharkey,Listen To Your Father,0,no,no,no,yes,no,,/Users/bobhopp/DJ MEDIA/VIDEO/1980's/Feargal Sharkey - Listen To Your Father.mp4
RVTR534821,Barry Manilow,Somewhere Down The Road,0,no,yes,yes,yes,yes,review,/Users/bobhopp/DJ MEDIA/VIDEO/1980's/Barry Manilow - Somewhere Down The Road.mp4
RVTR040040,Cherry Poppin' Daddies,Zoot Suit Riot,0,no,no,no,yes,no,,/Users/bobhopp/DJ MEDIA/VIDEO/1990's/Cherry Poppin' Daddies - Zoot Suit Riot.mp4
RVTR251341,Timbaland & Nelly Furtado,Give It To Me,0,no,no,no,yes,no,,/Users/bobhopp/DJ MEDIA/VIDEO/2000's/Timbaland & Nelly Furtado - Give It To Me.mp4
RVTR931281,"Kelsea Ballerini, Lany",i Quit Drinking,0,no,no,no,yes,no,,"/Users/bobhopp/DJ MEDIA/VIDEO/COUNTRY/FILL/Kelsea Ballerini, Lany - i Quit Drinking.mp4"
RVTR425073,Lauryn Hill,Everything Is Everything,0,no,no,yes,yes,yes,,/Users/bobhopp/DJ MEDIA/VIDEO/1990's/Lauryn Hill - Everything Is Everything.mp4
RVTR614305,Florida Georgia Line,Get Your Shine On,0,no,yes,yes,yes,yes,,/Users/bobhopp/DJ MEDIA/VIDEO/COUNTRY/FILL/Florida Georgia Line - Get Your Shine On.mp4
RVTR449535,The Johnny Mann Singers,Up Up And Away,0,no,yes,yes,yes,no,,/Users/bobhopp/DJ MEDIA/VIDEO/1960's/The Johnny Mann Singers - Up Up And Away.mp4
RVTR175886,Donavon Frankenreiter,It Don't Matter,0,no,no,no,yes,yes,,/Users/bobhopp/DJ MEDIA/VIDEO/2000's/Donavon Frankenreiter - It Don't Matter.mp4
RVTR484051,Jerrod Niemann,Drink To That All Night,0,no,yes,yes,yes,yes,,/Users/bobhopp/DJ MEDIA/VIDEO/COUNTRY/FILL/Jerrod Niemann - Drink To That All Night.mp4
RVTR778315,The Hullabaloos,I'm Gonna Love You Too,0,no,no,no,yes,no,,/Users/bobhopp/DJ MEDIA/VIDEO/1950's/The Hullabaloos - I'm Gonna Love You Too.mp4
RVTR597220,Eminem f./Rihanna,Love The Way You Lie,0,no,no,no,yes,no,,/Users/bobhopp/DJ MEDIA/VIDEO/2010's/Eminem f._Rihanna - Love The Way You Lie.mp4
RVTR753813,Art Garfunkel,I Only Have Eyes For You,0,no,yes,yes,yes,yes,draft,/Users/bobhopp/DJ MEDIA/VIDEO/1970's/Art Garfunkel - I Only Have Eyes For You.mp4
RVTR351127,Phil Collins,I Wish It Would Rain Down,0,no,yes,yes,yes,yes,,/Users/bobhopp/DJ MEDIA/VIDEO/1990's/Phil Collins - I Wish It Would Rain Down.mp4
RVTR486229,The Beatles,I Should Have Known Better,0,no,no,yes,yes,yes,,/Users/bobhopp/DJ MEDIA/VIDEO/1960's/The Beatles - I Should Have Known Better.mp4
RVTR800314,Stone Temple Pilots,Between The Lines,0,no,no,no,yes,no,,/Users/bobhopp/DJ MEDIA/VIDEO/2010's/Stone Temple Pilots - Between The Lines.mp4
RVTR821748,Brantley Gilbert,Kick It In The Sticks,0,no,yes,no,yes,no,,/Users/bobhopp/DJ MEDIA/VIDEO/COUNTRY/FILL/Brantley Gilbert - Kick It In The Sticks.mp4
RVTR098827,Village People,5 O'clock In The Morning,0,no,no,no,yes,no,,/Users/bobhopp/DJ MEDIA/VIDEO/TECHNO/Village People - 5 O'clock In The Morning.mp4
RVTR079649,Rick Springfield,What Kind Of Fool Am I,0,no,yes,yes,yes,yes,,/Users/bobhopp/DJ MEDIA/VIDEO/1980's/Rick Springfield - What Kind Of Fool Am I.mp4
RVTR426420,Herman's Hermits,There's A Kind Of Hush,0,no,yes,yes,yes,yes,,/Users/bobhopp/DJ MEDIA/VIDEO/1960's/Herman's Hermits - There's A Kind Of Hush.mp4
RVTR496495,Nicki Minaj Ft. Lil Wayne,High School,0,no,no,no,yes,no,,/Users/bobhopp/DJ MEDIA/VIDEO/2010's/Nicki Minaj feat. Lil Wayne - High School.mp4
RVTR758682,Puff Daddy,It's All About The Benjamins,0,no,no,no,yes,no,,/Users/bobhopp/DJ MEDIA/VIDEO/TECHNO/Puff Daddy - It's All About The Benjamins.mp4
RVTR980860,Culture Club,Church Of The Poison Mind,0,no,yes,yes,yes,yes,,/Users/bobhopp/DJ MEDIA/VIDEO/1980's/Culture Club - Church Of The Poison Mind.mp4
RVTR766580,Russell Dickerson,Beauty and the Beach,0,no,no,no,yes,no,,/Users/bobhopp/DJ MEDIA/VIDEO/2020's/Russell Dickerson - Beauty and the Beach.mp4
RVTR723800,Janet Jackson,Someone To Call My Lover,0,no,no,no,yes,no,,/Users/bobhopp/DJ MEDIA/VIDEO/TECHNO/Janet Jackson - Someone To Call My Lover.mp4
RVTR869885,Whitney Houston,I'm Your Baby Tonight,0,no,yes,yes,yes,yes,,/Users/bobhopp/DJ MEDIA/VIDEO/1990's/Whitney Houston - I'm Your Baby Tonight.mp4
RVTR247512,Florida Georgia Line,I Love My Country,0,no,no,yes,yes,yes,,/Users/bobhopp/DJ MEDIA/VIDEO/COUNTRY/FILL/Florida Georgia Line - I Love My Country.mp4
RVTR356297,George Benson & Carlos Santana,Breezin',0,no,no,no,yes,no,,/Users/bobhopp/DJ MEDIA/VIDEO/1970's/George Benson & Carlos Santana - Breezin'.mp4
RVTR141942,Ciara Justin Timberlake,Love Sex Magic,0,no,no,no,yes,no,,/Users/bobhopp/DJ MEDIA/VIDEO/2000's/Ciara Justin Timberlake - Love Sex Magic.mp4
RVTR317151,Primus,Those Damn Two Collar Tweekers,0,no,no,no,yes,yes,,/Users/bobhopp/DJ MEDIA/VIDEO/2000's/Primus - Those Damn Two Collar Tweekers.mp4
RVTR609182,Rockpile w Robert Plant,Little Sister,0,no,no,no,yes,no,,/Users/bobhopp/DJ MEDIA/VIDEO/1980's/Rockpile w Robert Plant - Little Sister.mp4
RVTR518918,New Boyz f./The Cataracs & Dev,Back Seat,0,no,no,no,yes,no,,/Users/bobhopp/DJ MEDIA/VIDEO/2010's/New Boyz f._The Cataracs & Dev - Back Seat.mp4
RVTR564501,Jason Aldean,Tonight Looks Good On You,0,no,no,yes,yes,yes,,/Users/bobhopp/DJ MEDIA/VIDEO/2010's/Jason Aldean - Tonight Looks Good On You.mp4
RVTR082700,Sister Rosetta Tharpe,Up Above My Head,0,no,no,no,yes,no,,/Users/bobhopp/DJ MEDIA/VIDEO/1950's/Sister Rosetta Tharpe - Up Above My Head.mp4
RVTR494480,Mariah Carey & Boyz II Men,One Sweet Day,0,no,no,no,yes,no,,/Users/bobhopp/DJ MEDIA/VIDEO/1990's/Mariah Carey & Boyz II Men - One Sweet Day.mp4
RVTR801000,Tim Mcgraw,Where The Green Grass Grows,0,no,yes,yes,yes,yes,,/Users/bobhopp/DJ MEDIA/VIDEO/COUNTRY/FILL/Tim Mcgraw - Where The Green Grass Grows.mp4
RVTR394746,Christina Aguilera,Not Myself Tonight,0,no,no,yes,yes,yes,,/Users/bobhopp/DJ MEDIA/VIDEO/2010's/Christina Aguilera - Not Myself Tonight.mp4
RVTR880750,Mariah Carey,Bringin' On The Heartbreak,0,no,no,no,yes,no,,/Users/bobhopp/DJ MEDIA/VIDEO/TECHNO/Mariah Carey - Bringin' On The Heartbreak.mp4
RVTR049738,Paris Avenue Feat Robin One,I Want You,0,no,no,no,yes,no,,/Users/bobhopp/DJ MEDIA/VIDEO/TECHNO/Paris Avenue feat. Robin One - I Want You.mp4
RVTR140055,Conway Twitty,I'd Love to Lay You Down,0,no,no,no,yes,yes,,/Users/bobhopp/DJ MEDIA/VIDEO/1980's/Conway Twitty - I'd Love to Lay You Down.mp4
RVTR120956,John Denver & Plácido Domingo,Perhaps Love,0,no,no,no,yes,no,,/Users/bobhopp/DJ MEDIA/VIDEO/1980's/John Denver & Plácido Domingo - Perhaps Love.mp4
RVTR220679,Heart,All I Wanna Do Is Make Love To You,0,no,yes,yes,yes,yes,,/Users/bobhopp/DJ MEDIA/VIDEO/1990's/Heart - All I Wanna Do Is Make Love To You.mp4
RVTR142400,Sheryl Crow,Everyday Is A Winding Road,0,no,yes,yes,yes,yes,,/Users/bobhopp/DJ MEDIA/VIDEO/1990's/Sheryl Crow - Everyday Is A Winding Road.mp4
RVTR732262,Red Hot Chili Peppers,Dark Necessities,0,no,yes,yes,yes,yes,,/Users/bobhopp/DJ MEDIA/VIDEO/2010's/Red Hot Chili Peppers - Dark Necessities.mp4
RVTR889361,Lainey Wilson,Things A Man Oughta Know,0,no,no,yes,yes,yes,,/Users/bobhopp/DJ MEDIA/VIDEO/COUNTRY/FILL/Lainey Wilson - Things A Man Oughta Know.mp4
RVTR592603,Chaka Demus & Pliers,I'll Be Missing You,0,no,no,no,yes,no,,/Users/bobhopp/DJ MEDIA/VIDEO/1990's/Chaka Demus & Pliers - I'll Be Missing You.mp4
RVTR232034,Missy Elliott F.Ludacris,Gossip Folks,0,no,no,no,yes,no,,/Users/bobhopp/DJ MEDIA/VIDEO/2000's/Missy Elliott F.Ludacris - Gossip Folks.mp4
RVTR112143,Frankie Lymon,Little Bitty Pretty One,0,no,no,yes,yes,yes,,/Users/bobhopp/DJ MEDIA/VIDEO/1950's/Frankie Lymon - Little Bitty Pretty One.mp4
RVTR512744,T-Pain  ft. Chris Brown,Best Love Song,0,no,no,no,yes,no,,/Users/bobhopp/DJ MEDIA/VIDEO/2010's/T-Pain feat. Chris Brown - Best Love Song.mp4
RVTR009623,Post Malone Ft. Justin Bieber,Deja Vu,0,no,no,no,yes,no,,/Users/bobhopp/DJ MEDIA/VIDEO/2010's/Post Malone feat. Justin Bieber - Deja Vu.mp4
RVTR596382,Waylon Jennings,I've Always Been Crazy,0,no,no,no,yes,no,,/Users/bobhopp/DJ MEDIA/VIDEO/COUNTRY/FILL/Waylon Jennings - I've Always Been Crazy.mp4
RVTR704022,Clay Walker,She Likes it in The Morning,0,no,yes,no,yes,no,,/Users/bobhopp/DJ MEDIA/VIDEO/COUNTRY/FILL/Clay Walker - She Likes it in The Morning.mp4
RVTR391757,Tom Petty And The Heartbreakers,Rebels,0,no,yes,yes,yes,no,,/Users/bobhopp/DJ MEDIA/VIDEO/1980's/Tom Petty And The Heartbreakers - Rebels.mp4
RVTR150987,Kelly Rowland f./Lil Wayne,Motivation,0,no,no,no,yes,no,,/Users/bobhopp/DJ MEDIA/VIDEO/2010's/Kelly Rowland f._Lil Wayne - Motivation.mp4
RVTR552146,Thomas Rhett,What's Your Country Song,0,no,no,yes,yes,yes,,/Users/bobhopp/DJ MEDIA/VIDEO/COUNTRY/FILL/Thomas Rhett - What's Your Country Song.mp4
RVTR672494,Rich Homie Quan Ft. Problem,Walk Thru,0,no,no,no,yes,no,,/Users/bobhopp/DJ MEDIA/VIDEO/2010's/Rich Homie Quan feat. Problem - Walk Thru.mp4
RVTR497284,Bronski Beat and Marc Almond,I Feel Love,0,no,no,no,yes,no,,/Users/bobhopp/DJ MEDIA/VIDEO/1980's/Bronski Beat and Marc Almond - I Feel Love.mp4
RVTR602337,"Bedingfield, Daniel",Gotta Get Thru This,0,no,no,no,yes,no,review,"/Users/bobhopp/DJ MEDIA/VIDEO/TECHNO/Bedingfield, Daniel - Gotta Get Thru This.mp4"
RVTR248827,The Beatles,You're Gonna Lose That Girl,0,yes,no,no,yes,no,cards_ready,/Users/bobhopp/DJ MEDIA/VIDEO/1960's/The Beatles - You're Gonna Lose That Girl.mp4
RVTR008323,Kendrick Lamar,"Bitch, Don't Kill My Vibe",0,no,no,yes,yes,yes,,"/Users/bobhopp/DJ MEDIA/VIDEO/2010's/Kendrick Lamar - Bitch, Don't Kill My Vibe.mp4"
RVTR071032,Coldplay,Every Teardrop Is A Waterfall,0,no,no,yes,yes,yes,,/Users/bobhopp/DJ MEDIA/VIDEO/2010's/Coldplay - Every Teardrop Is A Waterfall.mp4
RVTR955632,Taio Cruz f./Ludacris,Break Your Heart,0,no,no,no,yes,no,,/Users/bobhopp/DJ MEDIA/VIDEO/2010's/Taio Cruz f._Ludacris - Break Your Heart.mp4
RVTR496132,REO Speedwagon,Can't Fight This Feeling,0,no,no,yes,yes,no,,/Users/bobhopp/DJ MEDIA/VIDEO/1980's/REO Speedwagon - Can't Fight This Feeling.mp4
RVTR437849,Frank Sinatra,The Way You Look Tonight,0,no,yes,no,yes,no,,/Users/bobhopp/DJ MEDIA/VIDEO/1960's/Frank Sinatra - The Way You Look Tonight.mp4
RVTR480675,DJ Jazzy Jeff & The Fresh Prince,Beatbox,0,no,no,no,yes,yes,,/Users/bobhopp/DJ MEDIA/VIDEO/1980's/DJ Jazzy Jeff & The Fresh Prince - Beatbox.mp4
RVTR833391,One Direction,What Makes You Beautiful,0,no,yes,yes,yes,yes,,/Users/bobhopp/DJ MEDIA/VIDEO/2010's/One Direction - What Makes You Beautiful.mp4
RVTR844613,Brenda Lee,Rockin' Around The Christmas,0,yes,yes,yes,yes,yes,published,/Users/bobhopp/DJ MEDIA/VIDEO/2010's/Brenda Lee - Rockin' Around The Christmas.mp4
RVTR966212,James Otto,Just Got Started Lovin' You,0,no,no,yes,yes,yes,,/Users/bobhopp/DJ MEDIA/VIDEO/COUNTRY/FILL/James Otto - Just Got Started Lovin' You.mp4
RVTR251167,Amy with Vince Gill Grant,House Of Love,0,no,no,no,yes,no,review,/Users/bobhopp/DJ MEDIA/VIDEO/1990's/Amy with Vince Gill Grant - House Of Love.mp4
RVTR703453,David Guetta Ft. Ne-Yo & Akon,Play Hard,0,no,no,no,yes,no,,/Users/bobhopp/DJ MEDIA/VIDEO/2010's/David Guetta feat. Ne-Yo & Akon - Play Hard.mp4
RVTR182415,Billy J. Kramer And The Dakotas,Bad To Me,0,no,no,no,yes,no,review,/Users/bobhopp/DJ MEDIA/VIDEO/1960's/Billy J. Kramer And The Dakotas - Bad To Me.mp4
RVTR654152,George Baker Selection,Little Green Bag,0,no,no,yes,yes,yes,,/Users/bobhopp/DJ MEDIA/VIDEO/1970's/George Baker Selection - Little Green Bag.mp4
RVTR884337,Tavares,Heaven Must Be Missing An Angel,0,no,no,yes,yes,yes,,/Users/bobhopp/DJ MEDIA/VIDEO/1970's/Tavares - Heaven Must Be Missing An Angel.mp4
RVTR227132,The Beach Boys,The Man With All The Toys,0,no,yes,no,yes,yes,,/Users/bobhopp/DJ MEDIA/VIDEO/1960's/The Beach Boys - The Man With All The Toys.mp4
RVTR883953,Sixpence None The Richer,There She Goes,0,no,yes,yes,yes,yes,,/Users/bobhopp/DJ MEDIA/VIDEO/1990's/Sixpence None The Richer - There She Goes.mp4
RVTR843273,Spinners,Could It Be I'm Falling In Love,0,no,yes,yes,yes,no,,/Users/bobhopp/DJ MEDIA/VIDEO/1970's/Spinners - Could It Be I'm Falling In Love.mp4
RVTR161404,Gloria Estefan,Can't Stay Away From You,0,no,no,yes,yes,yes,,/Users/bobhopp/DJ MEDIA/VIDEO/1980's/Gloria Estefan - Can't Stay Away From You.mp4
RVTR714211,Stephen Stills & Etta James,Rock Me Baby,0,no,no,no,yes,yes,,/Users/bobhopp/DJ MEDIA/VIDEO/2000's/Stephen Stills & Etta James - Rock Me Baby.mp4
RVTR430065,The Jaynetts,"Sally, Go 'Round The Roses",0,no,no,yes,yes,yes,,"/Users/bobhopp/DJ MEDIA/VIDEO/1960's/The Jaynetts - Sally, Go 'Round The Roses.mp4"
RVTR835541,Stardust,Music Sounds Better With You,0,no,no,yes,yes,yes,,/Users/bobhopp/DJ MEDIA/VIDEO/1990's/Stardust - Music Sounds Better With You.mp4
RVTR262747,Rod Stewart,Some Guys Have All The Luck,0,no,yes,yes,yes,yes,,/Users/bobhopp/DJ MEDIA/VIDEO/1980's/Rod Stewart - Some Guys Have All The Luck.mp4
RVTR621621,Daniel Bedingfield,If You're Not The One,0,no,no,yes,yes,yes,,/Users/bobhopp/DJ MEDIA/VIDEO/2000's/Daniel Bedingfield - If You're Not The One.mp4
RVTR181102,Rod Stewart,Have You Ever Seen The Rain,0,no,yes,no,yes,yes,,/Users/bobhopp/DJ MEDIA/VIDEO/2000's/Rod Stewart - Have You Ever Seen The Rain.mp4
RVTR715174,The Rolling Stones,Rock And A Hard Place,0,no,yes,yes,yes,yes,,/Users/bobhopp/DJ MEDIA/VIDEO/1980's/The Rolling Stones - Rock And A Hard Place.mp4
RVTR730582,Blessid Union Of Souls,Let Me Be The One,0,no,yes,yes,yes,yes,review,/Users/bobhopp/DJ MEDIA/VIDEO/1990's/Blessid Union Of Souls - Let Me Be The One.mp4
RVTR937847,The Gaslight Anthem,Great Expectations,0,no,no,no,yes,no,,/Users/bobhopp/DJ MEDIA/VIDEO/2000's/The Gaslight Anthem - Great Expectations.mp4
RVTR057934,Will.I.Am Ft. Justin Bieber,thatPOWER,0,no,no,no,yes,no,,/Users/bobhopp/DJ MEDIA/VIDEO/2010's/Will.I.Am feat. Justin Bieber - thatPOWER.mp4
RVTR718432,Jennifer Warnes,Right Time Of The Night,0,no,yes,yes,yes,yes,,/Users/bobhopp/DJ MEDIA/VIDEO/1970's/Jennifer Warnes - Right Time Of The Night.mp4
RVTR634127,Tedeschi Trucks Band,Midnight in Harlem,0,no,no,no,yes,yes,,/Users/bobhopp/DJ MEDIA/VIDEO/2010's/Tedeschi Trucks Band - Midnight in Harlem.mp4
RVTR242950,Kendrick Lamar,Not Like Us,0,no,no,yes,yes,yes,,/Users/bobhopp/DJ MEDIA/VIDEO/2020's/Kendrick Lamar - Not Like Us (Music Video).mp4
RVTR042935,The Yardbirds,Over Under Sideways Down,0,no,no,yes,yes,yes,,/Users/bobhopp/DJ MEDIA/VIDEO/1960's/The Yardbirds - Over Under Sideways Down.mp4
RVTR502306,Elvis Presley,Cant Help Falling In Love,0,no,no,no,yes,no,,/Users/bobhopp/DJ MEDIA/VIDEO/1970's/Elvis Presley - Cant Help Falling In Love.mp4
RVTR399287,Chase Rice,Drinkin' Beer Talkin' God Amen,0,no,no,yes,yes,yes,,/Users/bobhopp/DJ MEDIA/VIDEO/2020's/Chase Rice - Drinkin' Beer Talkin' God Amen.mp4
RVTR732919,Sam Hunt,Breaking Up Was Easy In The 90'S,0,no,no,yes,yes,yes,,/Users/bobhopp/DJ MEDIA/VIDEO/COUNTRY/FILL/Sam Hunt - Breaking Up Was Easy In The 90'S.mp4
RVTR422185,The Black Eyed Peas,Don't Stop The Party,0,no,yes,yes,yes,yes,,/Users/bobhopp/DJ MEDIA/VIDEO/2010's/The Black Eyed Peas - Don't Stop The Party.mp4
RVTR418737,Freddie And The Dreamers,Funny Over You,0,no,no,no,yes,no,,/Users/bobhopp/DJ MEDIA/VIDEO/1960's/Freddie And The Dreamers - Funny Over You.mp4
RVTR974779,Diggy Simmons f./Jeremih,Do It Like You,0,no,no,no,yes,no,,/Users/bobhopp/DJ MEDIA/VIDEO/2010's/Diggy Simmons f._Jeremih - Do It Like You.mp4
RVTR824580,"Yung Bleu, Chris Brown & 2 Chainz",Baddest,0,no,no,no,yes,no,,"/Users/bobhopp/DJ MEDIA/VIDEO/2020's/Yung Bleu, Chris Brown & 2 Chainz - Baddest.mp4"
RVTR567412,Justin Timberlake,Until The End Of Time,0,no,yes,no,yes,no,,/Users/bobhopp/DJ MEDIA/VIDEO/TECHNO/Justin Timberlake - Until The End Of Time.mp4
RVTR768172,"Hello Muddah, Hello Fadduh",Allan Sherman 1963,0,no,no,no,yes,yes,,"/Users/bobhopp/DJ MEDIA/VIDEO/1960's/Allan Sherman - Hello Muddah, Hello Fadduh.mp4"
RVTR995236,Vanessa Williams,Save The Best For Last,0,no,yes,yes,yes,yes,,/Users/bobhopp/DJ MEDIA/VIDEO/1990's/Vanessa Williams - Save The Best For Last.mp4
RVTR054827,Playing Foor Change,Riders on the Storm,0,no,no,no,yes,no,,/Users/bobhopp/DJ MEDIA/VIDEO/2020's/Playing Foor Change - Riders on the Storm.mp4
RVTR019934,Smash Mouth,Can't Get Enough Of You Baby,0,no,no,no,yes,no,,/Users/bobhopp/DJ MEDIA/VIDEO/TECHNO/Smash Mouth - Can't Get Enough Of You Baby.mp4
RVTR117325,Bruno Mars,Just The Way You Are,0,no,yes,yes,yes,yes,,/Users/bobhopp/DJ MEDIA/VIDEO/2010's/Bruno Mars - Just The Way You Are Amazing.mp4
RVTR929803,April Wine,Comin Right Down On Top Of Me,0,no,no,no,yes,yes,review,/Users/bobhopp/DJ MEDIA/VIDEO/1970's/April Wine - Comin Right Down On Top Of Me.mp4
RVTR497447,Arlo Guthrie,Alice's Restaurant,0,no,no,no,yes,no,review,/Users/bobhopp/DJ MEDIA/VIDEO/1960's/Alice's Restaurant Massacre Illustrated.mp4
RVTR638461,Jagged Edge F.&Nelly,Where's The Party At,0,no,no,no,yes,no,,/Users/bobhopp/DJ MEDIA/VIDEO/2000's/Jagged Edge F.&Nelly - Where's The Party At.mp4
RVTR995053,Red Hot Chili Peppers,Monarchy Of Roses,0,no,yes,no,yes,no,,/Users/bobhopp/DJ MEDIA/VIDEO/2010's/Red Hot Chili Peppers - Monarchy Of Roses.mp4
RVTR929783,Green Day,Wake Me Up When September Ends,0,no,yes,yes,yes,yes,,/Users/bobhopp/DJ MEDIA/VIDEO/2000's/Green Day - Wake Me Up When September Ends.mp4
RVTR671276,Mariah Carey,I Want To Know What Love Is,0,no,no,yes,yes,yes,,/Users/bobhopp/DJ MEDIA/VIDEO/2000's/Mariah Carey - I Want To Know What Love Is.mp4
RVTR426666,Luke Bryan,I Dont Want This Night To End,0,no,no,no,yes,no,,/Users/bobhopp/DJ MEDIA/VIDEO/COUNTRY/FILL/Luke Bryan - I Dont Want This Night To End.mp4
RVTR224716,"Crosby, Stills & Nash",Helplessly Hoping,0,no,no,no,yes,no,,"/Users/bobhopp/DJ MEDIA/VIDEO/1960's/Crosby, Stills & Nash - Helplessly Hoping.mp4"
RVTR072122,Diana Ross & The Supremes,Chain Reaction,0,no,no,no,yes,yes,,/Users/bobhopp/DJ MEDIA/VIDEO/1980's/Diana Ross & The Supremes - Chain Reaction.mp4
RVTR173515,Nicole Scherzinger F.50 Cent,Right There,0,no,no,no,yes,no,,/Users/bobhopp/DJ MEDIA/VIDEO/2000's/Nicole Scherzinger F.50 Cent - Right There.mp4
RVTR935401,Maroon 5 Ft. Kendrick Lamar,Don't Wanna,0,no,no,no,yes,no,,/Users/bobhopp/DJ MEDIA/VIDEO/2010's/Maroon 5 feat. Kendrick Lamar - Don't Wanna.mp4
RVTR236001,Kanye West (Feat. Jamie Foxx),Gold Digger,0,no,no,no,yes,no,,/Users/bobhopp/DJ MEDIA/VIDEO/2000's/Kanye West (Feat. Jamie Foxx) - Gold Digger.mp4
RVTR009337,Mark Ronson feat. Amy Winehouse,Valerie,0,no,no,no,yes,no,,/Users/bobhopp/DJ MEDIA/VIDEO/2000's/Mark Ronson feat. Amy Winehouse - Valerie.mp4
RVTR454779,Florida Georgia Line,This Is How We Roll,0,no,no,yes,yes,yes,,/Users/bobhopp/DJ MEDIA/VIDEO/2010's/Florida Georgia Line - This Is How We Roll.MP4
RVTR704754,Kenny Chesney,Setting The World On Fire,0,no,yes,yes,yes,yes,,/Users/bobhopp/DJ MEDIA/VIDEO/COUNTRY/FILL/Kenny Chesney - Setting The World On Fire.mp4
RVTR695361,Christina Aguilera,Keeps Gettin' Better,0,no,no,yes,yes,yes,,/Users/bobhopp/DJ MEDIA/VIDEO/2000's/Christina Aguilera - Keeps Gettin' Better.mp4
RVTR817112,Thomas Dolby,She Blinded Me With Science,0,no,yes,yes,yes,yes,,/Users/bobhopp/DJ MEDIA/VIDEO/1980's/Thomas Dolby - She Blinded Me With Science.mp4
RVTR290514,Sylvester,You Make Me Feel (Mighty Real),0,no,yes,yes,yes,yes,,/Users/bobhopp/DJ MEDIA/VIDEO/1970's/Sylvester - You Make Me Feel (Mighty Real).mp4
RVTR723684,Kenny Chesney,Never Wanted Nothin' More,0,no,no,no,yes,no,,/Users/bobhopp/DJ MEDIA/VIDEO/COUNTRY/FILL/Kenny Chesney - Never Wanted Nothin' More.mp4
RVTR327425,Thunderclap Newman,Something In The Air,0,no,yes,yes,yes,yes,,/Users/bobhopp/DJ MEDIA/VIDEO/1960's/Thunderclap Newman - Something In The Air.mp4
RVTR088284,Ace Hood Ft. Future & Rick Ross,Bugatti,0,no,no,no,yes,no,review,/Users/bobhopp/DJ MEDIA/VIDEO/2010's/Ace Hood feat. Future & Rick Ross - Bugatti.mp4
RVTR155060,Birdman F.Lil Wayne & Drake,Money To Blow,0,no,no,no,yes,no,review,/Users/bobhopp/DJ MEDIA/VIDEO/2010's/Birdman F.Lil Wayne & Drake - Money To Blow.mp4
RVTR820159,Tom Petty,Don't Come Around Here No More,0,no,no,no,yes,no,,/Users/bobhopp/DJ MEDIA/VIDEO/1980's/Tom Petty - Don't Come Around Here No More.mp4
RVTR684686,Deborah Cox,Nobody's Supposed To Be Here,0,no,no,yes,yes,yes,,/Users/bobhopp/DJ MEDIA/VIDEO/1990's/Deborah Cox - Nobody's Supposed To Be Here.mp4
RVTR997861,Ian Hunter,All of the Good Ones Are Taken,0,no,yes,no,yes,no,,/Users/bobhopp/DJ MEDIA/VIDEO/1980's/Ian Hunter - All of the Good Ones Are Taken.mp4
RVTR717960,The Black Eyed Peas,Just Can't Get Enough,0,no,no,yes,yes,yes,,/Users/bobhopp/DJ MEDIA/VIDEO/2010's/The Black Eyed Peas - Just Can't Get Enough.mp4
RVTR863661,Quaker City Night Hawks,Suit in the Back,0,no,no,no,yes,yes,,/Users/bobhopp/DJ MEDIA/VIDEO/2010's/Quaker City Night Hawks - Suit in the Back.mp4
RVTR393642,The Kempters,The Orange Blossom Special,0,no,no,no,yes,no,,/Users/bobhopp/DJ MEDIA/VIDEO/COUNTRY/FILL/The Kempters - The Orange Blossom Special.mp4
RVTR666819,Rock and Roll Hoochie Koo,Rick Derringer,0,no,no,no,yes,no,,/Users/bobhopp/DJ MEDIA/VIDEO/1970's/Rock and Roll Hoochie Koo - Rick Derringer.mp4
RVTR665246,Bo Diddley,Can't Judge A Book By The Cover,0,no,no,no,yes,no,review,/Users/bobhopp/DJ MEDIA/VIDEO/1960's/Bo Diddley - Can't Judge A Book By The Cover.mp4
RVTR844405,Travis Tritt,It's a Great Day to Be Alive,0,no,yes,yes,yes,yes,,/Users/bobhopp/DJ MEDIA/VIDEO/2010's/Travis Tritt - It's a Great Day to Be Alive.mp4
RVTR391720,Herman's Hermits,Something Is Happening,0,no,no,no,yes,no,,/Users/bobhopp/DJ MEDIA/VIDEO/1960's/Herman's Hermits - Something Is Happening.mp4
RVTR302915,Tommy Dorsey & His Orchestra,Well Git It,0,no,no,no,yes,no,,/Users/bobhopp/DJ MEDIA/VIDEO/1950's/Tommy Dorsey & His Orchestra - Well Git It.mp4
RVTR844306,Steve Winwood,Back In The High Life Again,0,no,yes,yes,yes,yes,,/Users/bobhopp/DJ MEDIA/VIDEO/1980's/Steve Winwood - Back In The High Life Again.mp4
RVTR418625,Lupe Fiasco f./Trey Songz,Out Of My Head,0,no,no,no,yes,no,,/Users/bobhopp/DJ MEDIA/VIDEO/2010's/Lupe Fiasco f._Trey Songz - Out Of My Head.mp4
RVTR786329,Luke Bryan,I Don't Want This Night To End,0,no,no,yes,yes,yes,,/Users/bobhopp/DJ MEDIA/VIDEO/COUNTRY/FILL/Luke Bryan - I Don't Want This Night To End.mp4
RVTR190956,Judy Garland,Battle Hymn Of The Republic,0,no,no,no,yes,no,,/Users/bobhopp/DJ MEDIA/VIDEO/1960's/Judy Garland - Battle Hymn Of The Republic.mp4
RVTR624900,Wilson Pickett,Land Of A Thousand Dances,0,no,no,no,yes,no,,/Users/bobhopp/DJ MEDIA/VIDEO/1960's/Wilson Pickett - Land of a Thousand Dances.mp4
RVTR162876,Bob Sinclair F.Gary Pine,Love Generation,0,no,no,no,yes,no,,/Users/bobhopp/DJ MEDIA/VIDEO/TECHNO/Bob Sinclair F.Gary Pine - Love Generation.mp4
RVTR134456,Silkie,You've Got To Hide Your Love Away,0,no,no,no,yes,no,,/Users/bobhopp/DJ MEDIA/VIDEO/1960's/Silkie - You've Got To Hide Your Love Away.mp4
RVTR941532,Ed Sheeran,Perfect,0,no,yes,yes,yes,yes,,/Users/bobhopp/DJ MEDIA/VIDEO/2010's/Ed Sheeran - Perfect (Official Music Video).mp4
RVTR160669,Celine Dion,It's All Coming Back To Me Now,0,no,yes,yes,yes,yes,,/Users/bobhopp/DJ MEDIA/VIDEO/1990's/Celine Dion - It's All Coming Back To Me Now.mp4
RVTR107703,JAY-Z feat. Justin Timberlake,Holy Grail,0,no,no,no,yes,yes,,/Users/bobhopp/DJ MEDIA/VIDEO/2010's/JAY-Z feat. Justin Timberlake - Holy Grail.mp4
RVTR286056,Lone Justice And Maria Mckee,I Found Love,0,no,no,no,yes,no,,/Users/bobhopp/DJ MEDIA/VIDEO/1980's/Lone Justice And Maria Mckee - I Found Love.mp4
RVTR607957,The Mamas and The Papas,Straight Shooter,0,no,no,no,yes,yes,,/Users/bobhopp/DJ MEDIA/VIDEO/1960's/The Mamas and The Papas - Straight Shooter.mp4
RVTR325067,En Vogue,Giving Him Something He Can Feel,0,no,yes,yes,yes,yes,,/Users/bobhopp/DJ MEDIA/VIDEO/1990's/En Vogue - Giving Him Something He Can Feel.mp4
RVTR118833,Sting,If You Love Somebody Set Them Free,0,no,yes,yes,yes,yes,,/Users/bobhopp/DJ MEDIA/VIDEO/1980's/Sting - If You Love Somebody Set Them Free.mp4
RVTR145525,Black Eyed Peas,Don't Phunk With My Heart,0,no,no,no,yes,no,review,/Users/bobhopp/DJ MEDIA/VIDEO/2000's/Black Eyed Peas - Don't Phunk With My Heart.mp4
RVTR005586,Bob Geldof,The Great Song Of Indifference,0,no,no,no,yes,no,,/Users/bobhopp/DJ MEDIA/VIDEO/1990's/Bob Geldof - The Great Song Of Indifference.mp4
RVTR987205,Avril Lavigne,Here's To Never Growing Up,0,no,no,yes,yes,yes,review,/Users/bobhopp/DJ MEDIA/VIDEO/2010's/Avril Lavigne - Here's To Never Growing Up.mp4
RVTR425770,Jennifer Lopez f./Lil Wayne,I'm Into You,0,no,no,no,yes,no,,/Users/bobhopp/DJ MEDIA/VIDEO/2010's/Jennifer Lopez f._Lil Wayne - I'm Into You.mp4
RVTR131932,Glass Animals,Space Ghost Coast To Coast,0,no,no,no,yes,yes,,/Users/bobhopp/DJ MEDIA/VIDEO/2020's/Glass Animals - Space Ghost Coast To Coast.mp4
RVTR972768,The Dave Clark Five,You Got What It Takes,0,no,yes,yes,yes,yes,,/Users/bobhopp/DJ MEDIA/VIDEO/1960's/The Dave Clark Five - You Got What It Takes.mp4
RVTR928475,Samantha Fox,Nothing's Gonna Stop Me Now,0,no,yes,yes,yes,yes,,/Users/bobhopp/DJ MEDIA/VIDEO/1980's/Samantha Fox - Nothing's Gonna Stop Me Now.mp4
RVTR315240,Rocky Horror Picture Show,The Time Warp,0,yes,no,no,yes,yes,cards_ready,/Users/bobhopp/DJ MEDIA/VIDEO/1970's/Rocky Horror Picture Show - The Time Warp.mp4
RVTR991843,Ariana Grande Ft. Nicki Minaj,Side To Side,0,no,no,no,yes,no,review,/Users/bobhopp/DJ MEDIA/VIDEO/2010's/Ariana Grande Ft. Nicki Minaj - Side To Side.mp4
RVTR804593,Tinie Tempah f./Wiz Khalifa,Till I'm Gone,0,no,no,no,yes,no,,/Users/bobhopp/DJ MEDIA/VIDEO/2010's/Tinie Tempah f._Wiz Khalifa - Till I'm Gone.mp4
RVTR498260,Aliotta Haynes Jeremiah,Lake Shore Drive,0,no,no,no,yes,no,review,/Users/bobhopp/DJ MEDIA/VIDEO/1970's/Aliotta Haynes Jeremiah - Lake Shore Drive.mp4
RVTR793753,JJ feat. LEON RUSSELL AFTER MIDNIGHT,CALE,0,no,no,no,yes,yes,,/Users/bobhopp/DJ MEDIA/VIDEO/1970's/JJ Cale feat. Leon Russell - After Midnight.mp4
RVTR977827,Olivia Newton-John,Deeper Than The Night,0,no,yes,yes,yes,yes,,/Users/bobhopp/DJ MEDIA/VIDEO/1970's/Olivia Newton-John - Deeper Than The Night.mp4
RVTR653855,Alicia Keys,Empire State Of Mind (Part II),0,no,no,yes,yes,yes,review,/Users/bobhopp/DJ MEDIA/VIDEO/2010's/Alicia Keys - Empire State Of Mind (Part II).mp4
RVTR699913,Post Malone Ft. Quavo,Congratulations,0,no,no,no,yes,no,,/Users/bobhopp/DJ MEDIA/VIDEO/2010's/Post Malone feat. Quavo - Congratulations.mp4
RVTR818025,Mary Chapin Carpenter,Passionate Kisses,0,no,yes,yes,yes,yes,,/Users/bobhopp/DJ MEDIA/VIDEO/COUNTRY/FILL/Mary Chapin Carpenter - Passionate Kisses.mp4
RVTR780972,Clean Bandit feat. Zara Larsson,Symphony,0,no,no,no,yes,no,,/Users/bobhopp/DJ MEDIA/VIDEO/2010's/Clean Bandit feat. Zara Larsson - Symphony.mp4
RVTR749012,Sergio Mendes & Brasil '66,The Look of Love,0,no,no,no,yes,no,,/Users/bobhopp/DJ MEDIA/VIDEO/1960's/Sergio Mendes & Brasil '66 - The Look of Love.mp4
RVTR980728,The Smiths,That Joke isn t Funny Anymore,0,no,no,no,yes,no,,/Users/bobhopp/DJ MEDIA/VIDEO/1980's/The Smiths - That Joke isn t Funny Anymore.mp4
RVTR716472,Elton John,Someone Saved My Life Tonight,0,no,yes,yes,yes,yes,,/Users/bobhopp/DJ MEDIA/VIDEO/1970's/Elton John - Someone Saved My Life Tonight.mp4
RVTR567366,Robin Schulz feat. Francesco Yates,Sugar,0,no,no,no,yes,no,,/Users/bobhopp/DJ MEDIA/VIDEO/2010's/Robin Schulz feat. Francesco Yates - Sugar.mp4
RVTR950327,Relient K,Must Have Done Something Right,0,no,yes,no,yes,no,,/Users/bobhopp/DJ MEDIA/VIDEO/TECHNO/Relient K - Must Have Done Something Right.mp4
RVTR411062,Panic! At The Disco,The Ballad Of Mona Lisa,0,no,yes,yes,yes,yes,,/Users/bobhopp/DJ MEDIA/VIDEO/2010's/Panic! At The Disco - The Ballad Of Mona Lisa.mp4
RVTR914534,Partynextdoor Ft. Drake,Come And See Me,0,no,no,no,yes,no,,/Users/bobhopp/DJ MEDIA/VIDEO/2010's/Partynextdoor feat. Drake - Come And See Me.mp4
RVTR395860,Rob $Tone Ft. J. Davi$ & Spooks,Chill Bill,0,no,no,no,yes,no,,/Users/bobhopp/DJ MEDIA/VIDEO/2010's/Rob $Tone feat. J. Davi$ & Spooks - Chill Bill.mp4
RVTR920659,Long John Baldry,Let The Heartaches Begin,0,no,no,yes,yes,no,,/Users/bobhopp/DJ MEDIA/VIDEO/1960's/Long John Baldry - Let The Heartaches Begin.mp4
RVTR622899,"Emerson, Lake And Palmer",Peter Gunn Theme,0,no,no,no,yes,no,,"/Users/bobhopp/DJ MEDIA/VIDEO/1970's/Emerson, Lake And Palmer - Peter Gunn Theme.mp4"
RVTR425942,Edward Maya f./Vika Jiqulina,Stereo Love,0,no,no,no,yes,no,,/Users/bobhopp/DJ MEDIA/VIDEO/2010's/Edward Maya f._Vika Jiqulina - Stereo Love.mp4
RVTR602003,Book Of Love,Pretty Boys And Pretty Girl,0,no,yes,yes,yes,yes,,/Users/bobhopp/DJ MEDIA/VIDEO/1980's/Book Of Love - Pretty Boys And Pretty Girl.mp4
RVTR750762,Rick Springfield,Don't Talk To Strangers,0,no,yes,yes,yes,yes,,/Users/bobhopp/DJ MEDIA/VIDEO/1980's/Rick Springfield - Don't Talk To Strangers.mp4
RVTR101533,"Crosby, Stills & Nash",Teach Your Children,0,no,no,no,yes,no,,"/Users/bobhopp/DJ MEDIA/VIDEO/1980's/Crosby, Stills & Nash - Teach Your Children.mp4"
RVTR018301,Jocelyn Enriquez,A Little Bit Of Ecstasy,0,no,yes,yes,yes,yes,,/Users/bobhopp/DJ MEDIA/VIDEO/1990's/Jocelyn Enriquez - A Little Bit Of Ecstasy.mp4
RVTR077394,Cole Swindell,She Had Me At Heads Carolina,0,no,no,yes,yes,yes,,/Users/bobhopp/DJ MEDIA/VIDEO/COUNTRY/FILL/Cole Swindell - She Had Me At Heads Carolina.mp4
RVTR265892,Screamin Jay Hawkins,I Put A Spell On You,0,no,no,no,yes,no,,/Users/bobhopp/DJ MEDIA/VIDEO/1950's/Screamin Jay Hawkins - I Put A Spell On You.mp4
RVTR692349,Southern Culture On The Skids,Camel Walk,0,no,no,no,yes,no,,/Users/bobhopp/DJ MEDIA/VIDEO/1990's/Southern Culture On The Skids - Camel Walk.mp4
RVTR049145,Jagged Edge feat. Nelly,Where the Party At,0,no,no,no,yes,no,,/Users/bobhopp/DJ MEDIA/VIDEO/2000's/Jagged Edge feat. Nelly - Where the Party At.mp4
RVTR186068,Afrojack f./Eva Simons,Take Over Control,0,no,no,no,yes,no,review,/Users/bobhopp/DJ MEDIA/VIDEO/2010's/Afrojack f._Eva Simons - Take Over Control.mp4
RVTR471037,Grand Funk Railroad,We're An American Band,0,no,no,no,yes,no,,/Users/bobhopp/DJ MEDIA/VIDEO/1970's/Grand Funk Railroad - We're An American Band.mp4
RVTR791620,Jay Z and Alicia Keys,Empire State of Mind,0,no,no,no,yes,no,,/Users/bobhopp/DJ MEDIA/VIDEO/2010's/Jay Z and Alicia Keys - Empire State of Mind.mp4
RVTR664841,Eric Burdon & The Animals,When I Was Young,0,no,no,no,yes,no,,/Users/bobhopp/DJ MEDIA/VIDEO/1960's/Eric Burdon & The Animals - When I Was Young.mp4
RVTR468909,Elvis Costello,Everyday I Write The Book,0,no,yes,no,yes,no,,/Users/bobhopp/DJ MEDIA/VIDEO/1980's/Elvis Costello - Everyday I Write The Book.mp4
RVTR927574,Lennon & Ono w The Plastic Ono Band,Mother,0,no,no,no,yes,yes,,/Users/bobhopp/DJ MEDIA/VIDEO/1980's/Lennon & Ono w The Plastic Ono Band - Mother.mp4
RVTR306272,Mike + The Mechanics,All I Need Is A Miracle,0,no,no,yes,yes,yes,,/Users/bobhopp/DJ MEDIA/VIDEO/1980's/Mike + The Mechanics - All I Need Is A Miracle.mp4
RVTR614981,Jessica Simpson,I Wanna Love You Forever,0,no,yes,yes,yes,yes,,/Users/bobhopp/DJ MEDIA/VIDEO/1990's/Jessica Simpson - I Wanna Love You Forever.mp4
RVTR212580,Camille Jones Vs Fedde Le Grand,The Creeps,0,no,no,no,yes,no,,/Users/bobhopp/DJ MEDIA/VIDEO/TECHNO/Camille Jones Vs Fedde Le Grand - The Creeps.mp4
RVTR795375,The Beatles,Lucy In The Sky With Diamonds,0,no,yes,no,yes,no,,/Users/bobhopp/DJ MEDIA/VIDEO/1960's/The Beatles - Lucy In The Sky With Diamonds.mp4
RVTR403598,Eric Carmen,Never Gonna Fall In Love Again,0,no,yes,yes,yes,yes,draft,/Users/bobhopp/DJ MEDIA/VIDEO/1970's/Eric Carmen - Never Gonna Fall In Love Again.mp4
RVTR699821,"Tammy Wynette, George Jones",Golden Rings,0,no,no,no,yes,yes,,"/Users/bobhopp/DJ MEDIA/VIDEO/1970's/Tammy Wynette, George Jones - Golden Rings.mp4"
RVTR188197,Dj Snake Ft. Justin Bieber,Let Me Love You,0,no,no,no,yes,no,,/Users/bobhopp/DJ MEDIA/VIDEO/2010's/Dj Snake Ft. Justin Bieber - Let Me Love You.mp4
RVTR752900,Midland feat. Jon Pardi,Longneck Way To Go,0,no,no,no,yes,no,,/Users/bobhopp/DJ MEDIA/VIDEO/2020's/Midland feat. Jon Pardi - Longneck Way To Go.mp4
RVTR786358,Creedence Clearwater Revival,Green River,0,no,yes,yes,yes,yes,,/Users/bobhopp/DJ MEDIA/VIDEO/1960's/Creedence Clearwater Revival - Green River.mp4
RVTR287486,Orchestral Manoeuvres In The Dark,Secret,0,no,yes,yes,yes,yes,,/Users/bobhopp/DJ MEDIA/VIDEO/1980's/Orchestral Manoeuvres In The Dark - Secret.mp4
RVTR072547,Andy Gibb,I Just Wanna Be Your Everything,0,no,no,no,yes,no,review,/Users/bobhopp/DJ MEDIA/VIDEO/1970's/Andy Gibb - I Just Wanna Be Your Everything.mp4
RVTR430398,Zedd feat. Hayley Williams,Stay The Night,0,no,no,no,yes,no,,/Users/bobhopp/DJ MEDIA/VIDEO/2010's/Zedd feat. Hayley Williams - Stay The Night.mp4
RVTR601214,The Weeknd & Ariana Grande,Save Your Tears,0,no,no,no,yes,no,,/Users/bobhopp/DJ MEDIA/VIDEO/2020's/The Weeknd & Ariana Grande - Save Your Tears.mp4
RVTR774940,Nancy Sinatra & Lee Hazlewood,Summer Wine,0,no,no,no,yes,yes,,/Users/bobhopp/DJ MEDIA/VIDEO/1960's/Nancy Sinatra & Lee Hazlewood - Summer Wine.mp4
RVTR642064,Kylie Minogue,Can't Get You Out Of My Head,0,no,no,yes,yes,yes,,/Users/bobhopp/DJ MEDIA/VIDEO/2000's/Kylie Minogue - Can't Get You Out Of My Head.mp4
RVTR288905,George Strait,Carrying Your Love With Me,0,no,yes,no,yes,no,,/Users/bobhopp/DJ MEDIA/VIDEO/1990's/George Strait - Carrying Your Love With Me.mp4
RVTR663467,Neal McCoy,Billy's Got His Beer Goggles On,0,no,yes,yes,yes,yes,,/Users/bobhopp/DJ MEDIA/VIDEO/2000's/Neal McCoy - Billy's Got His Beer Goggles On.mp4
RVTR720532,Jennifer Lopez ft. Pitbull,On The Floor,0,no,no,no,yes,no,,/Users/bobhopp/DJ MEDIA/VIDEO/2010's/Jennifer Lopez feat. Pitbull - On The Floor.mp4
RVTR082306,Anita Baker,Giving You The Best That I Got,0,no,yes,yes,yes,yes,review,/Users/bobhopp/DJ MEDIA/VIDEO/1980's/Anita Baker - Giving You The Best That I Got.mp4
RVTR378847,Gary Puckett And The Union Gap,Young Girl,0,no,yes,no,yes,no,,/Users/bobhopp/DJ MEDIA/VIDEO/1960's/Gary Puckett And The Union Gap - Young Girl.mp4
RVTR648892,Mariah Carey f./Nicki Minaj,Up Out My Face,0,no,no,no,yes,no,,/Users/bobhopp/DJ MEDIA/VIDEO/2010's/Mariah Carey f._Nicki Minaj - Up Out My Face.mp4
RVTR714366,The Weeknd Ft. Daft Punk,I Feel It Coming,0,no,no,no,yes,no,,/Users/bobhopp/DJ MEDIA/VIDEO/2010's/The Weeknd feat. Daft Punk - I Feel It Coming.mp4
RVTR376050,Steve Aoki & Louis Tomlinson,Just Hold On,0,no,no,no,yes,no,,/Users/bobhopp/DJ MEDIA/VIDEO/2010's/Steve Aoki & Louis Tomlinson - Just Hold On.mp4
RVTR290988,Herman's Hermits,Just A Little Bit Better,0,yes,yes,yes,yes,yes,cards_ready,/Users/bobhopp/DJ MEDIA/VIDEO/1960's/Herman's Hermits - Just A Little Bit Better.mp4
RVTR171228,The Cramps,Bikini Girls With Machine Guns,0,no,no,no,yes,yes,,/Users/bobhopp/DJ MEDIA/VIDEO/1980's/The Cramps - Bikini Girls With Machine Guns.mp4
RVTR755329,Haley Reinhart,Don't Know How To Love You,0,no,no,no,yes,yes,,/Users/bobhopp/DJ MEDIA/VIDEO/2010's/Haley Reinhart - Don't Know How To Love You.mp4
RVTR941024,Hilary And Haylie Duff,Our Lips Are Sealed,0,no,no,no,yes,no,,/Users/bobhopp/DJ MEDIA/VIDEO/TECHNO/Hilary And Haylie Duff - Our Lips Are Sealed.mp4
RVTR348002,Timbaland f./Justin Timberlake,Carry Out,0,no,no,no,yes,no,,/Users/bobhopp/DJ MEDIA/VIDEO/2010's/Timbaland f._Justin Timberlake - Carry Out.mp4
RVTR154079,Jason Castro,Let's Just Fall In Love Again,0,no,no,no,yes,no,,/Users/bobhopp/DJ MEDIA/VIDEO/TECHNO/Jason Castro - Let's Just Fall In Love Again.mp4
RVTR719088,Urge Overkill,"Girl, You'll Be A Woman Soon",0,no,no,yes,yes,yes,,"/Users/bobhopp/DJ MEDIA/VIDEO/1990's/Urge Overkill - Girl, You'll Be A Woman Soon.mp4"
RVTR136111,Clay Walker,Catching Up With An Ol' Memory,0,no,no,no,yes,no,,/Users/bobhopp/DJ MEDIA/VIDEO/COUNTRY/FILL/Clay Walker - Catching Up With An Ol' Memory.mp4
RVTR041305,Keith Whitley,When You Say Nothing at All,0,no,no,no,yes,no,,/Users/bobhopp/DJ MEDIA/VIDEO/1980's/When You Say Nothing at All - Keith Whitley.mp4
RVTR173110,Michael Jackson (This Is It),Black or White,0,no,no,no,yes,no,,/Users/bobhopp/DJ MEDIA/VIDEO/1990's/Michael Jackson (This Is It) - Black or White.mp4
RVTR388625,Norah Jones feat Dolly Parton,Creepin' in,0,no,no,no,yes,no,,/Users/bobhopp/DJ MEDIA/VIDEO/COUNTRY/FILL/Norah Jones feat. Dolly Parton - Creepin' in.mp4
RVTR974491,Russell Dickerson,Love You Like I Used To,0,no,no,yes,yes,yes,,/Users/bobhopp/DJ MEDIA/VIDEO/COUNTRY/FILL/Russell Dickerson - Love You Like I Used To.mp4
RVTR783210,The Rolling Stones,Living In A Ghost Town,0,no,no,no,yes,yes,,/Users/bobhopp/DJ MEDIA/VIDEO/2020's/The Rolling Stones - Living In A Ghost Town.mp4
RVTR313902,Orchestra Version,What a Wonderful World,0,no,no,no,yes,yes,,/Users/bobhopp/DJ MEDIA/VIDEO/2010's/Orchestra Version - What a Wonderful World.mp4
RVTR903296,"Ellie Goulding, Diplo, Swae Lee",Close To Me,0,no,no,no,yes,no,,"/Users/bobhopp/DJ MEDIA/VIDEO/2010's/Ellie Goulding, Diplo, Swae Lee - Close To Me.mp4"
RVTR585091,Nicole Scherzinger,Don't Hold Your Breath,0,no,no,yes,yes,yes,,/Users/bobhopp/DJ MEDIA/VIDEO/2010's/Nicole Scherzinger - Don't Hold Your Breath.mp4
RVTR012993,Reeve Carney f./Bono & The Edge,Rise Above 1,0,no,no,no,yes,no,,/Users/bobhopp/DJ MEDIA/VIDEO/2010's/Reeve Carney f._Bono & The Edge - Rise Above 1.mp4
RVTR078488,Judy Garland and Johnny Mercer,Friendship,0,no,no,no,yes,no,,/Users/bobhopp/DJ MEDIA/VIDEO/1950's/Judy Garland and Johnny Mercer - Friendship.mp4
RVTR578059,Night Ranger,You Can Still Rock In America,0,no,yes,yes,yes,yes,,/Users/bobhopp/DJ MEDIA/VIDEO/1980's/Night Ranger - You Can Still Rock In America.mp4
RVTR568043,T-Pain f./Wiz Khalifa & Lily Allen,5 O'Clock,0,no,no,no,yes,no,,/Users/bobhopp/DJ MEDIA/VIDEO/2010's/T-Pain f._Wiz Khalifa & Lily Allen - 5 O'Clock.mp4
RVTR517133,Johnny Paycheck,Take This Job And Shove It,0,no,yes,no,yes,no,,/Users/bobhopp/DJ MEDIA/VIDEO/1970's/Johnny Paycheck - Take This Job And Shove It.mp4
RVTR159022,Every Mother's Son,Come On Down To My Boat,0,no,no,no,yes,no,,/Users/bobhopp/DJ MEDIA/VIDEO/1960's/Every Mother's Son - Come On Down To My Boat.mp4
RVTR298378,Diana Ross & The Supremes,Come See About Me,0,no,no,no,yes,no,,/Users/bobhopp/DJ MEDIA/VIDEO/1960's/Diana Ross & The Supremes - Come See About Me.mp4
RVTR265821,The Lonely Island f./Nicki Minaj,The Creep,0,no,no,no,yes,no,,/Users/bobhopp/DJ MEDIA/VIDEO/2010's/The Lonely Island f._Nicki Minaj - The Creep.mp4
RVTR422296,Daniel Hoppe Feat Paul King,Love And Pride,0,no,no,no,yes,no,,/Users/bobhopp/DJ MEDIA/VIDEO/TECHNO/Daniel Hoppe feat. Paul King - Love And Pride.mp4
RVTR353879,Samantha Fox,Naughty Girls (Need Love Too),0,no,no,yes,yes,yes,,/Users/bobhopp/DJ MEDIA/VIDEO/1980's/Samantha Fox - Naughty Girls (Need Love Too).mp4
RVTR078470,The Doobie Brothers,Jesus Is Just Alright,0,no,yes,yes,yes,yes,,/Users/bobhopp/DJ MEDIA/VIDEO/1970's/The Doobie Brothers - Jesus Is Just Alright.mp4
RVTR710279,Paula Abdul,Dance Like There's No Tomorrow,0,no,no,yes,yes,yes,,/Users/bobhopp/DJ MEDIA/VIDEO/2000's/Paula Abdul - Dance Like There's No Tomorrow.mp4
RVTR788746,Nat King Cole,An Evening With Nat King Cole,0,no,no,no,yes,no,,/Users/bobhopp/DJ MEDIA/VIDEO/1960's/Nat King Cole - An Evening With Nat King Cole.mp4
RVTR811875,Siouxsie And The Banshees,Kiss Them For Me,0,no,no,no,yes,no,,/Users/bobhopp/DJ MEDIA/VIDEO/1990's/Siouxsie And The Banshees - Kiss Them For Me.mp4
RVTR720081,Ricky Skaggs,Crying My Heart Out Over You,0,no,no,no,yes,yes,,/Users/bobhopp/DJ MEDIA/VIDEO/1980's/Ricky Skaggs - Crying My Heart Out Over You.mp4
RVTR059257,John Mayer,Waiting For The World To Change,0,no,no,no,yes,no,,/Users/bobhopp/DJ MEDIA/VIDEO/2000's/John Mayer - Waiting For The World To Change.mp4
RVTR285957,The Chainsmokers Ft. Daya,Don't Let Me Down,0,no,no,no,yes,no,,/Users/bobhopp/DJ MEDIA/VIDEO/2010's/The Chainsmokers Ft. Daya - Don't Let Me Down.mp4
RVTR172989,The Beatles,You've Got Hide Your Love Away,0,yes,no,no,yes,no,cards_ready,/Users/bobhopp/DJ MEDIA/VIDEO/1960's/The Beatles - You've Got Hide Your Love Away.mp4
RVTR506165,Phyllis Hyman,Don t Wanna Change the World,0,no,no,no,yes,no,,/Users/bobhopp/DJ MEDIA/VIDEO/1990's/Phyllis Hyman - Don t Wanna Change the World.mp4
RVTR326911,Schoolboy Q Ft. Bj The Chicago Kid,Studio,0,no,no,no,yes,no,,/Users/bobhopp/DJ MEDIA/VIDEO/2010's/Schoolboy Q feat. Bj The Chicago Kid - Studio.MP4
RVTR884058,Lefty Frizzell,I Love You A Thousand Ways,0,no,no,no,yes,no,,/Users/bobhopp/DJ MEDIA/VIDEO/COUNTRY/FILL/Lefty Frizzell - I Love You A Thousand Ways.mp4
RVTR761247,The Beach Boys,California Dreamin',0,no,no,yes,yes,yes,,/Users/bobhopp/DJ MEDIA/VIDEO/1980's/The Beach Boys - California Dreamin' (Nudity).mp4
RVTR791544,Cole Swindell,Hope You Get Lonely Tonight,0,no,yes,yes,yes,yes,,/Users/bobhopp/DJ MEDIA/VIDEO/2010's/Cole Swindell - Hope You Get Lonely Tonight.mp4
RVTR562805,Rae Sremmurd Ft. Gucci Mane,Black Beatles,0,no,no,no,yes,no,,/Users/bobhopp/DJ MEDIA/VIDEO/2010's/Rae Sremmurd feat. Gucci Mane - Black Beatles.mp4
RVTR164560,U2,I'll Go Crazy If I Don't Go Crazy Tonight,0,no,no,no,yes,no,,/Users/bobhopp/DJ MEDIA/VIDEO/TECHNO/U2 - I'll Go Crazy If I Don't Go Crazy Tonight.mp4
RVTR812988,Hailee Steinfeld & Grey Ft. Zedd,Starving,0,no,no,no,yes,no,,/Users/bobhopp/DJ MEDIA/VIDEO/2010's/Hailee Steinfeld & Grey feat. Zedd - Starving.mp4
RVTR352397,Yolanda Be Cool & DCUP,We Speak No Americano,0,no,no,no,yes,no,,/Users/bobhopp/DJ MEDIA/VIDEO/2010's/Yolanda Be Cool & DCUP - We Speak No Americano.mp4
RVTR312099,"Pipettes, The",Your Kisses Are Wasted On Me,0,no,no,no,yes,no,,"/Users/bobhopp/DJ MEDIA/VIDEO/TECHNO/Pipettes, The - Your Kisses Are Wasted On Me.mp4"
RVTR468376,O Brother Where Art Thou,Sleep Little Baby,0,no,no,no,yes,no,,/Users/bobhopp/DJ MEDIA/VIDEO/2000's/O Brother Where Art Thou - Sleep Little Baby.mp4
RVTR673927,We The Kings f./Demi Lovato,We'll Be A Dream,0,no,no,no,yes,no,,/Users/bobhopp/DJ MEDIA/VIDEO/2010's/We The Kings f._Demi Lovato - We'll Be A Dream.mp4
RVTR566972,Armin Van Buuren f./Nadia Ali,Feels So Good,0,no,no,no,yes,no,review,/Users/bobhopp/DJ MEDIA/VIDEO/2010's/Armin Van Buuren f._Nadia Ali - Feels So Good.mp4
RVTR960962,Martha Wash & Jocelyn Brown,Keep On Jumpin',0,no,no,no,yes,no,,/Users/bobhopp/DJ MEDIA/VIDEO/TECHNO/Martha Wash & Jocelyn Brown - Keep On Jumpin'.mp4
RVTR645870,Horseshoes & Hand Grenades,Short But Sweet,0,no,no,no,yes,no,,/Users/bobhopp/DJ MEDIA/VIDEO/2010's/Horseshoes & Hand Grenades - Short But Sweet.mp4
RVTR815790,Katy Perry f./Snoop Dogg,California Gurls,0,no,no,no,yes,no,,/Users/bobhopp/DJ MEDIA/VIDEO/2010's/Katy Perry f._Snoop Dogg - California Gurls.mp4
RVTR446160,Velvet Revolver,She Builds Quick Machines,0,no,yes,no,yes,no,,/Users/bobhopp/DJ MEDIA/VIDEO/TECHNO/Velvet Revolver - She Builds Quick Machines.mp4
RVTR185152,Stevie Nicks,Stop Draggin' My Heart Around,0,no,yes,yes,yes,yes,,/Users/bobhopp/DJ MEDIA/VIDEO/1980's/Stevie Nicks - Stop Draggin' My Heart Around.mp4
RVTR661013,The Beach Boys,That's Why God Made The Radio,0,no,no,no,yes,yes,,/Users/bobhopp/DJ MEDIA/VIDEO/1990's/The Beach Boys - That's Why God Made The Radio.mp4
RVTR841490,Starship,Tomorrow Doesn't Matter Tonight,0,no,no,yes,yes,yes,,/Users/bobhopp/DJ MEDIA/VIDEO/2000's/Starship - Tomorrow Doesn't Matter Tonight.mp4
RVTR571417,Sam Smith & Normani,Dancing With A Stranger,0,no,no,no,yes,no,,/Users/bobhopp/DJ MEDIA/VIDEO/2010's/Sam Smith & Normani - Dancing With A Stranger.mp4
RVTR540593,Liza Minnelli,The Music That Makes Me Dance,0,yes,no,no,yes,no,cards_ready,/Users/bobhopp/DJ MEDIA/VIDEO/1960's/Liza Minnelli - The Music That Makes Me Dance.mp4
RVTR803491,The Chainsmokers,Something Just Like This,0,no,yes,yes,yes,yes,,/Users/bobhopp/DJ MEDIA/VIDEO/2010's/The Chainsmokers - Something Just Like This.mp4
RVTR706407,Donna Summer,This Time I Know It's For Real,0,no,no,yes,yes,yes,,/Users/bobhopp/DJ MEDIA/VIDEO/1980's/Donna Summer - This Time I Know It's For Real.mp4
RVTR632585,Nine Inch Nails,The Day The World Went Away,0,no,yes,yes,yes,yes,,/Users/bobhopp/DJ MEDIA/VIDEO/1990's/Nine Inch Nails - The Day The World Went Away.mp4
RVTR820631,Michael Jackson Duet With Akon,Hold My Hand,0,no,no,no,yes,no,,/Users/bobhopp/DJ MEDIA/VIDEO/2010's/Michael Jackson Duet With Akon - Hold My Hand.mp4
RVTR376665,Spanky And Our Gang,Like To Get To Know You,0,no,yes,yes,yes,yes,,/Users/bobhopp/DJ MEDIA/VIDEO/1960's/Spanky And Our Gang - Like To Get To Know You.mp4
RVTR299365,Kate Bush,The Man with the Child in His Eyes,0,no,yes,yes,yes,yes,,/Users/bobhopp/DJ MEDIA/VIDEO/1970's/Kate Bush - The Man with the Child in His Eyes.mp4
RVTR383880,B.B King. & Eric Clapton,Riding With The King,0,no,no,no,yes,no,review,/Users/bobhopp/DJ MEDIA/VIDEO/TECHNO/B.B King. & Eric Clapton - Riding With The King.mp4
RVTR362017,Bruce Springsteen,Streets Of Philadelphia,0,no,no,yes,yes,yes,,/Users/bobhopp/DJ MEDIA/VIDEO/1990's/Bruce Springsteen - Streets Of Philadelphia.mp4
RVTR235109,Chris Stapleton,You Should Probably Leave,0,no,no,yes,yes,yes,,/Users/bobhopp/DJ MEDIA/VIDEO/COUNTRY/FILL/Chris Stapleton - You Should Probably Leave.mp4
RVTR806384,Michael Jackson,P.Y.T. (Pretty Young Thing),0,no,yes,yes,yes,yes,,/Users/bobhopp/DJ MEDIA/VIDEO/1980's/Michael Jackson - P.Y.T. (Pretty Young Thing).mp4
RVTR550115,Danielle Bradbery,Stop Draggin' Your Boots,0,no,no,no,yes,no,,/Users/bobhopp/DJ MEDIA/VIDEO/2020's/Danielle Bradbery - Stop Draggin' Your Boots.mp4
RVTR100193,The Kinks,All Of The Day And All Of The Night,0,yes,no,no,yes,no,cards_ready,/Users/bobhopp/DJ MEDIA/VIDEO/1960's/The Kinks - All Of The Day And All Of The Night.mp4
RVTR853085,The Lovin' Spoonful,Do You Believe In Magic,0,yes,yes,yes,yes,yes,cards_ready,/Users/bobhopp/DJ MEDIA/VIDEO/1960's/The Lovin' Spoonful - Do You Believe In Magic.mp4
RVTR712786,The Soggy Bottom Boys,In The Jailhouse Now,0,no,no,no,yes,no,,/Users/bobhopp/DJ MEDIA/VIDEO/COUNTRY/FILL/The Soggy Bottom Boys - In The Jailhouse Now.MP4
RVTR631547,Martin Garrix & Dua Lipa,Scared To Be Lonely,0,no,no,no,yes,no,,/Users/bobhopp/DJ MEDIA/VIDEO/2010's/Martin Garrix & Dua Lipa - Scared To Be Lonely.mp4
RVTR307545,Leona Lewis,First Time Ever I Saw Your Face,0,no,no,no,yes,no,,/Users/bobhopp/DJ MEDIA/VIDEO/2000's/Leona Lewis - First Time Ever I Saw Your Face.mp4
RVTR457725,"Bruno Mars, Anderson Paak, Silk Sonic",Skate,0,no,no,no,yes,no,,"/Users/bobhopp/DJ MEDIA/VIDEO/2020's/Bruno Mars, Anderson Paak, Silk Sonic - Skate.mp4"
RVTR674869,Midnight Star,No Parking On The Dance Floor,0,no,no,yes,yes,no,,/Users/bobhopp/DJ MEDIA/VIDEO/1980's/Midnight Star - No Parking On The Dance Floor.mp4
RVTR690845,Napoleon XIV,They're Coming To Take Me Away,0,no,no,yes,yes,yes,,/Users/bobhopp/DJ MEDIA/VIDEO/1960's/Napoleon XIV - They're Coming To Take Me Away.mp4
RVTR996462,Under The Influence Of Giants,In The Clouds,0,no,no,no,yes,no,,/Users/bobhopp/DJ MEDIA/VIDEO/TECHNO/Under The Influence Of Giants - In The Clouds.mp4
RVTR417465,Miguel Ft. Kendrick Lamar,How Many Drinks,0,no,no,no,yes,no,,/Users/bobhopp/DJ MEDIA/VIDEO/2010's/Miguel feat. Kendrick Lamar - How Many Drinks.mp4
RVTR213220,"Houston F.Chingy, Nate Dogg & I-20",I Like That,0,no,no,no,yes,no,,"/Users/bobhopp/DJ MEDIA/VIDEO/2000's/Houston F.Chingy, Nate Dogg & I-20 - I Like That.mp4"
RVTR669007,Far East Movement f./Ryan Tedder,Rocketeer,0,no,no,no,yes,no,,/Users/bobhopp/DJ MEDIA/VIDEO/2010's/Far East Movement f._Ryan Tedder - Rocketeer.mp4
RVTR654810,Bonnie Tyler,Faster Than the Speed of Night,0,no,yes,no,yes,yes,,/Users/bobhopp/DJ MEDIA/VIDEO/1980's/Bonnie Tyler - Faster Than the Speed of Night.mp4
RVTR360611,Pitbull f./Chris Brown,International Love,0,no,no,no,yes,no,,/Users/bobhopp/DJ MEDIA/VIDEO/2010's/Pitbull f._Chris Brown - International Love.mp4
RVTR777250,Selena Gomez & The Scene,A Year Without Rain,0,no,no,no,yes,no,,/Users/bobhopp/DJ MEDIA/VIDEO/2010's/Selena Gomez & The Scene - A Year Without Rain.mp4
RVTR402381,Lumidee F.Tony Sunshine,She's Like The Wind,0,no,no,no,yes,no,,/Users/bobhopp/DJ MEDIA/VIDEO/2000's/Lumidee F.Tony Sunshine - She's Like The Wind.mp4
RVTR190027,"Red Jumpsuit Apparatus, The",False Pretense,0,no,no,no,yes,no,,"/Users/bobhopp/DJ MEDIA/VIDEO/TECHNO/Red Jumpsuit Apparatus, The - False Pretense.mp4"
RVTR075873,Kenny Chesney,She Thinks My Tractor's Sexy,0,no,no,yes,yes,yes,,/Users/bobhopp/DJ MEDIA/VIDEO/1990's/Kenny Chesney - She Thinks My Tractor's Sexy.mp4
RVTR531748,Trailer Trash Tracys,You Wish You Were Red,0,no,no,no,yes,yes,,/Users/bobhopp/DJ MEDIA/VIDEO/2000's/Trailer Trash Tracys - You Wish You Were Red.mp4
RVTR052812,Shawn Mendes,There's Nothing Holdin' Me Back,0,no,no,yes,yes,yes,,/Users/bobhopp/DJ MEDIA/VIDEO/2010's/Shawn Mendes - There's Nothing Holdin' Me Back.mp4
RVTR061977,Mississippi Fred McDowell,Shake 'Em On Down,0,no,no,no,yes,yes,,/Users/bobhopp/DJ MEDIA/VIDEO/1960's/Mississippi Fred McDowell - Shake 'Em On Down.mp4
RVTR027103,Flo Rida Feat. David Guetta,Club Can't Handle Me,0,no,no,no,yes,no,,/Users/bobhopp/DJ MEDIA/VIDEO/2010's/Flo Rida And David Guetta - Club Cant Handle Me.mp4
RVTR395533,Old Dominion,No Such Thing As A Broken Heart,0,no,yes,yes,yes,yes,,/Users/bobhopp/DJ MEDIA/VIDEO/COUNTRY/FILL/Old Dominion - No Such Thing As A Broken Heart.mp4
RVTR863619,Robin Gibb,Another Lonely Night In New York,0,no,no,no,yes,no,,/Users/bobhopp/DJ MEDIA/VIDEO/1980's/Robin Gibb - Another Lonely Night In New York.mp4
RVTR471028,Machine Gun Kelly & Camila Cabello,Bad Things,0,no,no,no,yes,no,,/Users/bobhopp/DJ MEDIA/VIDEO/2010's/Machine Gun Kelly & Camila Cabello - Bad Things.mp4
RVTR934069,"Phantom, Rocker and Slick",Men Without Shame,0,no,no,no,yes,no,,"/Users/bobhopp/DJ MEDIA/VIDEO/1980's/Phantom, Rocker and Slick - Men Without Shame.mp4"
RVTR851729,Florence & The Machine,What The Water Gave Me,0,no,no,no,yes,no,,/Users/bobhopp/DJ MEDIA/VIDEO/2010's/Florence & The Machine - What The Water Gave Me.mp4
RVTR580436,The Beatles,Everybodys Trying To Be My Baby,0,no,no,no,yes,no,,/Users/bobhopp/DJ MEDIA/VIDEO/1960's/The Beatles - Everybodys Trying To Be My Baby.mp4
RVTR731281,Whitney Houston,Saving All My Love For You,0,no,yes,yes,yes,yes,,/Users/bobhopp/DJ MEDIA/VIDEO/1980's/Whitney Houston - Saving All My Love For You.mp4
RVTR352041,Mike Posner f./Lil Wayne,Bow Chicka Wow Wow,0,no,no,no,yes,no,,/Users/bobhopp/DJ MEDIA/VIDEO/2010's/Mike Posner f._Lil Wayne - Bow Chicka Wow Wow.mp4
RVTR779756,Sabrina Carpenter,Espresso,0,no,no,yes,yes,yes,,/Users/bobhopp/DJ MEDIA/VIDEO/2020's/Sabrina Carpenter - Espresso (Official Video).mp4
RVTR469900,Jerry Lee Lewis,Whole Lotta Shakin' Goin' On ,0,no,no,no,yes,no,,/Users/bobhopp/DJ MEDIA/VIDEO/1950's/Jerry Lee Lewis - Whole Lotta Shakin' Goin' On.mp4
RVTR786846,Jerrod Niemann,Only God Could Love You More,0,no,yes,no,yes,no,,/Users/bobhopp/DJ MEDIA/VIDEO/COUNTRY/FILL/Jerrod Niemann - Only God Could Love You More.mp4
RVTR501687,Across the Universe,Happiness is a Warm Gun,0,no,no,no,yes,no,review,/Users/bobhopp/DJ MEDIA/VIDEO/2000's/Across the Universe - Happiness is a Warm Gun.mp4
RVTR820768,Sean Kingston f./Justin Bieber,Eenie Meenie,0,no,no,no,yes,no,,/Users/bobhopp/DJ MEDIA/VIDEO/2010's/Sean Kingston f._Justin Bieber - Eenie Meenie.mp4
RVTR049286,Tim Deluxe Feat  Sam Obernik,It Just Wont Do,0,no,no,no,yes,no,,/Users/bobhopp/DJ MEDIA/VIDEO/TECHNO/Tim Deluxe feat. Sam Obernik - It Just Wont Do.mp4
RVTR265997,Gloria Estefan and Miami Sound Machine,Conga,0,no,no,no,yes,no,,/Users/bobhopp/DJ MEDIA/VIDEO/1980's/Gloria Estefan and Miami Sound Machine - Conga.mp4
RVTR883964,Electric Light Orchestra,All Over The World,0,no,yes,yes,yes,yes,,/Users/bobhopp/DJ MEDIA/VIDEO/1970's/Electric Light Orchestra - All Over The World.mp4
RVTR213445,The Darkness,I Believe In A Thing Called Love,0,no,no,no,yes,yes,,/Users/bobhopp/DJ MEDIA/VIDEO/2000's/The Darkness - I Believe In A Thing Called Love.mp4
RVTR622173,"Jessie J, Ariana Grande, Nicki Minaj",Bang Bang,0,no,no,no,yes,no,,"/Users/bobhopp/DJ MEDIA/VIDEO/2010's/Jessie J, Ariana Grande, Nicki Minaj - Bang Bang.mp4"
RVTR188333,Herman's Hermits,Can't You Hear My Heartbeat,0,yes,no,yes,yes,yes,cards_ready,/Users/bobhopp/DJ MEDIA/VIDEO/1960's/Herman's Hermits - Can't You Hear My Heartbeat.mp4
RVTR686892,Tom Petty And The Heartbreakers,The Waiting,0,no,yes,yes,yes,no,,/Users/bobhopp/DJ MEDIA/VIDEO/1980's/Tom Petty And The Heartbreakers - The Waiting.mp4
RVTR365473,Fedde Le Grand,Put Your Hands Up For Detroit,0,no,no,no,yes,no,,/Users/bobhopp/DJ MEDIA/VIDEO/TECHNO/Fedde Le Grand - Put Your Hands Up For Detroit.mp4
RVTR180167,Miley Cyrus,Midnight Sky in the Live Lounge,0,no,no,no,yes,yes,,/Users/bobhopp/DJ MEDIA/VIDEO/2020's/Miley Cyrus - Midnight Sky in the Live Lounge.mp4
RVTR516963,David Guetta Feat Jd Davis,The World Is Mine,0,no,no,no,yes,no,,/Users/bobhopp/DJ MEDIA/VIDEO/TECHNO/David Guetta feat. Jd Davis - The World Is Mine.mp4
RVTR043084,Kenny Wayne Shepherd Band,Never Lookin' Back,0,no,no,no,yes,yes,,/Users/bobhopp/DJ MEDIA/VIDEO/2010's/Kenny Wayne Shepherd Band - Never Lookin' Back.mp4
RVTR912184,Randy VanWarmer,Just When I Needed You Most,0,no,yes,yes,yes,yes,,/Users/bobhopp/DJ MEDIA/VIDEO/1970's/Randy VanWarmer - Just When I Needed You Most.mp4
RVTR963282,Martha Reeves & The Vandellas,Nowhere to Run,0,yes,no,no,yes,yes,cards_ready,/Users/bobhopp/DJ MEDIA/VIDEO/1960's/Martha Reeves & The Vandellas - Nowhere to Run.mp4
RVTR650856,Barry Manilow,When The Good Times Come Again,0,no,yes,no,yes,no,review,/Users/bobhopp/DJ MEDIA/VIDEO/1980's/Barry Manilow - When The Good Times Come Again.mp4
RVTR785942,D-Mob featuring Cathy Dennis,C'Mon And Get My Love,0,no,no,no,yes,no,,/Users/bobhopp/DJ MEDIA/VIDEO/1980's/D-Mob feat. Cathy Dennis - C'Mon And Get My Love.mp4
RVTR796650,Billy J. Kramer And The Dakotas,From A Window,0,no,no,no,yes,no,review,/Users/bobhopp/DJ MEDIA/VIDEO/1960's/Billy J. Kramer And The Dakotas - From A Window.mp4
RVTR148633,Marvin Gaye,I Heard It Through The Grapevine,0,no,yes,yes,yes,yes,,/Users/bobhopp/DJ MEDIA/VIDEO/1960's/Marvin Gaye - I Heard It Through The Grapevine.mp4
RVTR797906,"TLC, Salt-N-Pepa & En Vogue",No Scrubs And More,0,no,no,no,yes,no,,"/Users/bobhopp/DJ MEDIA/VIDEO/1990's/TLC, Salt-N-Pepa & En Vogue - No Scrubs And More.mp4"
RVTR564563,Air Supply,Making Love Out Of Nothing At All,0,no,yes,yes,yes,yes,review,/Users/bobhopp/DJ MEDIA/VIDEO/1980's/Air Supply - Making Love Out Of Nothing At All.mp4
RVTR165592,Martin Garrix & Bebe Rexha,In The Name Of Love,0,no,no,no,yes,no,,/Users/bobhopp/DJ MEDIA/VIDEO/2010's/Martin Garrix & Bebe Rexha - In The Name Of Love.mp4
RVTR769744,Mike Douglas,The Men In My Little Girl's Life,0,no,no,yes,yes,yes,,/Users/bobhopp/DJ MEDIA/VIDEO/1960's/Mike Douglas - The Men In My Little Girl's Life.mp4
RVTR218681,Stephanie Mills,(You're Puttin') A Rush On Me,0,no,no,yes,yes,yes,,/Users/bobhopp/DJ MEDIA/VIDEO/1980's/Stephanie Mills - A Rush On Me (You're Puttin').mp4
RVTR435761,Waka Flocka Flame f./Roscoe Dash & Wale,No Hands,0,no,no,no,yes,no,,/Users/bobhopp/DJ MEDIA/VIDEO/2010's/Waka Flocka Flame F.Roscoe Dash  Wale - No Hands.mp4
RVTR198391,Public Enemy,Black Steel In The Hour Of Chaos,0,no,no,no,yes,yes,,/Users/bobhopp/DJ MEDIA/VIDEO/1980's/Public Enemy - Black Steel In The Hour Of Chaos.mp4
RVTR946035,Asher Roth,G.R.I.N.D. (Get Ready It's A New Day),0,no,no,yes,yes,yes,review,/Users/bobhopp/DJ MEDIA/VIDEO/2010's/Asher Roth - G.R.I.N.D. (Get Ready It's A New Day).mp4
RVTR786433,The Foundations,Baby Now That I've Found You,0,no,no,no,yes,no,,/Users/bobhopp/DJ MEDIA/VIDEO/1960's/The Foundations - Baby Now That I've Found You.mp4
RVTR167356,Three Days Grace,I Hate Everything About You,0,no,yes,no,yes,no,,/Users/bobhopp/DJ MEDIA/VIDEO/2000's/Three Days Grace - I Hate Everything About You.mp4
RVTR714571,Simon & Garfunkel,Bridge over Troubled Water,0,no,no,no,yes,yes,,/Users/bobhopp/DJ MEDIA/VIDEO/1970's/Simon & Garfunkel - Bridge over Troubled Water.mp4
RVTR250378,The White Stripes,Under Nova Scotian Lights,0,no,no,no,yes,yes,,/Users/bobhopp/DJ MEDIA/VIDEO/2010's/The White Stripes - Under Nova Scotian Lights.mp4
RVTR165466,Jive Bunny & The Mastermixers,Swing The Mood,0,no,no,no,yes,no,,/Users/bobhopp/DJ MEDIA/VIDEO/1980's/Jive Bunny & The Mastermixers - Swing The Mood.mp4
RVTR824279,Gotye f./Kimbra,Somebody That I Used To Know,0,no,no,no,yes,no,,/Users/bobhopp/DJ MEDIA/VIDEO/2010's/Gotye f._Kimbra - Somebody That I Used To Know.mp4
RVTR366683,Cyndi Lauper,Money Changes Everything,0,no,yes,yes,yes,yes,,/Users/bobhopp/DJ MEDIA/VIDEO/1980's/Cyndi Lauper - Money Changes Everything (Live).mp4
RVTR600142,The Gaslight Anthem,The Patient Ferris Wheel,0,no,no,no,yes,no,,/Users/bobhopp/DJ MEDIA/VIDEO/2000's/The Gaslight Anthem - The Patient Ferris Wheel.mp4
RVTR585045,Cab Calloway & Nicholas Brothers,Jumpin' Jive,0,no,no,no,yes,yes,,/Users/bobhopp/DJ MEDIA/VIDEO/2000's/Cab Calloway & Nicholas Brothers - Jumpin' Jive.mp4
RVTR940063,Duran Duran,Is There Something I Should Know,0,no,yes,yes,yes,yes,,/Users/bobhopp/DJ MEDIA/VIDEO/1980's/Duran Duran - Is There Something I Should Know.mp4
RVTR333349,Axwell Feat Steve Edwards,Watch The Sunrise,0,no,no,no,yes,no,review,/Users/bobhopp/DJ MEDIA/VIDEO/TECHNO/Axwell feat. Steve Edwards - Watch The Sunrise.mp4
RVTR525913,Thompson Square,Are You Gonna Kiss Me Or Not,0,no,yes,yes,yes,yes,,/Users/bobhopp/DJ MEDIA/VIDEO/COUNTRY/FILL/Thompson Square - Are You Gonna Kiss Me Or Not.mp4
RVTR336819,"Diane Warren, Rita Ora, Sofía Reyes, Reik",Seaside,0,no,no,no,yes,no,,"/Users/bobhopp/DJ MEDIA/VIDEO/2020's/Diane Warren, Rita Ora, Sofía Reyes, Reik - Seaside.mp4"
RVTR566017,Dr. Dre f./Eminem & Skylar Grey,I Need A Doctor,0,no,no,no,yes,no,,/Users/bobhopp/DJ MEDIA/VIDEO/2010's/Dr. Dre f._Eminem & Skylar Grey - I Need A Doctor.mp4
RVTR680726,Barry Manilow,Tryin' To Get The Feeling Again,0,no,yes,yes,yes,yes,draft,/Users/bobhopp/DJ MEDIA/VIDEO/1970's/Barry Manilow - Tryin' To Get The Feeling Again.mp4
RVTR812305,Timbaland f./Katy Perry,If We Ever Meet Again,0,no,no,no,yes,no,,/Users/bobhopp/DJ MEDIA/VIDEO/2010's/Timbaland f._Katy Perry - If We Ever Meet Again.mp4
RVTR853409,The New Vaudeville Band,Winchester Cathedral,0,no,no,yes,yes,yes,,/Users/bobhopp/DJ MEDIA/VIDEO/1960's/The New Vaudeville Band - Winchester Cathedral.mp4
RVTR121495,"Jennifer Lopez, Rauw Alejandro",Cambia el Paso,0,no,no,no,yes,no,,"/Users/bobhopp/DJ MEDIA/VIDEO/2020's/Jennifer Lopez, Rauw Alejandro - Cambia el Paso.mp4"
RVTR742416,Dusty Springfield,I Only Want To Be With You,0,no,yes,yes,yes,yes,,/Users/bobhopp/DJ MEDIA/VIDEO/1960's/Dusty Springfield - I Only Want To Be With You.mp4
RVTR268801,Madeline The Person feat. Adam Melchor,August,0,no,no,no,yes,no,,/Users/bobhopp/DJ MEDIA/VIDEO/2020's/Madeline The Person feat. Adam Melchor - August.mp4
RVTR383333,John Mellencamp,Aint Even Done With the Night,0,no,no,no,yes,no,,/Users/bobhopp/DJ MEDIA/VIDEO/1980's/John Mellencamp - Aint Even Done With the Night.mp4
RVTR507468,Stevie Ray Vaughan & Double Trouble,Cold Shot,0,no,no,no,yes,yes,,/Users/bobhopp/DJ MEDIA/VIDEO/1980's/Stevie Ray Vaughan & Double Trouble - Cold Shot.mp4
RVTR803690,Robert Randolph & The Family Band,Thrill Of It,0,no,no,no,yes,no,,/Users/bobhopp/DJ MEDIA/VIDEO/TECHNO/Robert Randolph & The Family Band - Thrill Of It.mp4
RVTR996051,Demi Lovato Ft. Cher Lloyd,Really Don't Care,0,no,no,no,yes,no,,/Users/bobhopp/DJ MEDIA/VIDEO/2010's/Demi Lovato feat. Cher Lloyd - Really Don't Care.MP4
RVTR002007,The Cowsills,"The Rain, The Park & Other Things",0,yes,no,yes,yes,yes,review,"/Users/bobhopp/DJ MEDIA/VIDEO/1960's/The Cowsills - The Rain, The Park & Other Things.mp4"
RVTR020992,Sophie Ellis-Bextor,Murder On The Dancefloor,0,no,no,yes,yes,yes,,/Users/bobhopp/DJ MEDIA/VIDEO/2000's/Sophie Ellis-Bextor - Murder On The Dancefloor.mp4
RVTR394061,Panic! At The Disco,I Write Sins Not Tragedies,0,no,yes,yes,yes,yes,,/Users/bobhopp/DJ MEDIA/VIDEO/2000's/Panic! At The Disco - I Write Sins Not Tragedies.mp4
RVTR788424,Santa Esmeralda,Don't Let Me Be Misunderstood,0,no,no,no,yes,no,,/Users/bobhopp/DJ MEDIA/VIDEO/1970's/Santa Esmeralda - Don't Let Me Be Misunderstood.mp4
RVTR041774,Gillian Welch,Didn't Leave Nobody But The Baby,0,no,no,no,yes,no,,/Users/bobhopp/DJ MEDIA/VIDEO/COUNTRY/FILL/Gillian Welch - Didn't Leave Nobody But The Baby.mp4
RVTR380706,Gladys Knightl,I've Got to Use My Imagination,0,no,no,no,yes,yes,review,/Users/bobhopp/DJ MEDIA/VIDEO/1970's/Gladys Knightl - I've Got to Use My Imagination.mp4
RVTR901929,Kenny Chesney,"No Shoes, No Shirt, No Problems",0,no,yes,yes,yes,yes,,"/Users/bobhopp/DJ MEDIA/VIDEO/2000's/Kenny Chesney - No Shoes, No Shirt, No Problems.mp4"
RVTR855851,Barry White,Can't Get Enough Of Your Love Babe,0,no,no,yes,yes,yes,review,/Users/bobhopp/DJ MEDIA/VIDEO/1970's/Barry White - Can't Get Enough Of Your Love Babe.mp4
RVTR170810,Britney Spears F.Madonna,Me Against The Music,0,no,no,no,yes,no,,/Users/bobhopp/DJ MEDIA/VIDEO/2000's/Britney Spears F.Madonna - Me Against The Music.mp4
RVTR824794,Elton John,Sorry Seems To Be The Hardest Word,0,no,yes,yes,yes,yes,,/Users/bobhopp/DJ MEDIA/VIDEO/1970's/Elton John - Sorry Seems To Be The Hardest Word.mp4
RVTR061210,Rick Astley,It Would Take a Strong Strong Man,0,no,yes,yes,yes,yes,,/Users/bobhopp/DJ MEDIA/VIDEO/1980's/Rick Astley - It Would Take a Strong Strong Man.mp4
RVTR459851,Barry Manilow,Everything s Gonna Be All Right,0,no,no,no,yes,no,review,/Users/bobhopp/DJ MEDIA/VIDEO/1990's/Barry Manilow - Everything s Gonna Be All Right.mp4
RVTR704950,Lester Flatt and Earl Scruggs,Salty Dog Blues,0,no,no,no,yes,no,,/Users/bobhopp/DJ MEDIA/VIDEO/1960's/Lester Flatt and Earl Scruggs - Salty Dog Blues.mp4
RVTR671284,Miley Cyrus,Look What They've Done To My Song,0,no,no,no,yes,yes,,/Users/bobhopp/DJ MEDIA/VIDEO/2010's/Miley Cyrus - Look What They've Done To My Song.mp4
RVTR103163,Zay Hilfigerrr & Zayion Mccall,Juju On That Be,0,no,no,no,yes,no,,/Users/bobhopp/DJ MEDIA/VIDEO/2010's/Zay Hilfigerrr & Zayion Mccall - Juju On That Be.mp4
RVTR566371,Warren Zevon,Nighttime in the Switching Yard,0,no,yes,no,yes,yes,,/Users/bobhopp/DJ MEDIA/VIDEO/1970's/Warren Zevon - Nighttime in the Switching Yard.mp4
RVTR894956,Darrell Scott,You'll Never Leave Harlan Alive,0,no,no,no,yes,no,,/Users/bobhopp/DJ MEDIA/VIDEO/1990's/Darrell Scott - You'll Never Leave Harlan Alive.mp4
RVTR389168,Jay Sean f./Sean Paul & Lil Jon,Do You Remember,0,no,no,no,yes,no,,/Users/bobhopp/DJ MEDIA/VIDEO/2010's/Jay Sean f._Sean Paul & Lil Jon - Do You Remember.mp4
RVTR874378,Chappell Roan,Hot To Go!,0,no,no,yes,yes,yes,,/Users/bobhopp/DJ MEDIA/VIDEO/2020's/Chappell Roan - HOT TO GO! (Official Music Video).mp4
RVTR521455,Smokey Robinson,Something Something You Got,0,no,no,no,yes,yes,,/Users/bobhopp/DJ MEDIA/VIDEO/1990's/Smokey Robinson - Something Something You Got.mp4
RVTR846030,Walk Of The Earth,Somebody That I Used To Know,0,no,no,no,yes,yes,,/Users/bobhopp/DJ MEDIA/VIDEO/1990's/Walk Of The Earth - Somebody That I Used To Know.mp4
RVTR891387,Elvis Costello And The Imposters,Stella Hurt,0,no,no,no,yes,no,,/Users/bobhopp/DJ MEDIA/VIDEO/2000's/Elvis Costello And The Imposters - Stella Hurt.mp4
RVTR028182,Rodney Crowell,I Couldn't Leave You If I Tried,0,no,no,no,yes,yes,,/Users/bobhopp/DJ MEDIA/VIDEO/2000's/Rodney Crowell - I Couldn't Leave You If I Tried.mp4
RVTR964453,Martha And The Vandellas,Dancing In The Street,0,no,no,no,yes,no,,/Users/bobhopp/DJ MEDIA/VIDEO/1960's/Martha And The Vandellas - Dancing In The Street.mp4
RVTR657618,Major Lazer Ft. Justin Bieber & Mo,Cold Water,0,no,no,no,yes,no,,/Users/bobhopp/DJ MEDIA/VIDEO/2010's/Major Lazer feat. Justin Bieber & Mo - Cold Water.mp4
RVTR192789,Crystal Gayle,Don't It Make My Brown Eyes Blue,0,no,yes,yes,yes,yes,,/Users/bobhopp/DJ MEDIA/VIDEO/1970's/Crystal Gayle - Don't It Make My Brown Eyes Blue.mp4
RVTR851467,The Chainsmokers Ft. Phoebe Ryan,All We Know,0,no,no,no,yes,no,,/Users/bobhopp/DJ MEDIA/VIDEO/2010's/The Chainsmokers feat. Phoebe Ryan - All We Know.mp4
RVTR532102,"Carly Pearce, Lee Brice",I Hope You're Happy Now,0,no,no,no,yes,no,,"/Users/bobhopp/DJ MEDIA/VIDEO/COUNTRY/FILL/Carly Pearce, Lee Brice - I Hope You're Happy Now.mp4"
RVTR627603,The Veterans,There Ain't No Age For Rock N Roll,0,no,no,no,yes,no,,/Users/bobhopp/DJ MEDIA/VIDEO/1980's/The Veterans - There Ain't No Age For Rock N Roll.mp4
RVTR516202,Bryan Adams,Have You Really Ever Loved A Woman,0,no,no,no,yes,no,,/Users/bobhopp/DJ MEDIA/VIDEO/1990's/Bryan Adams - Have You Really Ever Loved A Woman.mp4
RVTR994288,Peter Cetera And Amy Grant,The Next Time I Fall,0,no,no,no,yes,no,,/Users/bobhopp/DJ MEDIA/VIDEO/1980's/Peter Cetera And Amy Grant - The Next Time I Fall.mp4
RVTR315748,Billy Currington,Pretty Good At Drinkin' Beer,0,no,no,yes,yes,yes,review,/Users/bobhopp/DJ MEDIA/VIDEO/COUNTRY/FILL/Billy Currington - Pretty Good At Drinkin' Beer.mp4
RVTR117969,The Beach Boys,Heroes and Villains Music Video,0,no,no,no,yes,yes,,/Users/bobhopp/DJ MEDIA/VIDEO/1960's/The Beach Boys - Heroes and Villains Music Video.mp4
RVTR661171,Olivia Newton-John,Have You Never Been Mellow,0,yes,yes,yes,yes,yes,cards_ready,/Users/bobhopp/DJ MEDIA/VIDEO/1970's/Olivia Newton-John - Have You Never Been Mellow.mp4
RVTR775261,Olivia Newton-John,Take Me Home Country Roads,0,no,yes,no,yes,no,,/Users/bobhopp/DJ MEDIA/VIDEO/COUNTRY/FILL/Olivia Newton-John - Take Me Home Country Roads.mp4
RVTR648648,Clean Bandit Ft. Sean Paul & Anne-Marie,Rockabye,0,no,no,no,yes,no,,/Users/bobhopp/DJ MEDIA/VIDEO/2010's/Clean Bandit Ft. Sean Paul & Anne-Marie - Rockabye.mp4
RVTR423588,"Robin Thicke feat. T.I., Pharrell",Blurred Lines,0,no,no,no,yes,no,,"/Users/bobhopp/DJ MEDIA/VIDEO/2010's/Robin Thicke feat. T.I., Pharrell - Blurred Lines.mp4"
RVTR913133,Gary Numan (Tubeway Army),Are Friends Electric,0,no,no,no,yes,no,,/Users/bobhopp/DJ MEDIA/VIDEO/1970's/Gary Numan (Tubeway Army) - Are Friends Electric.mp4
RVTR118069,Technotronic,Get Up! (before The Night Is Over),0,no,no,yes,yes,yes,,/Users/bobhopp/DJ MEDIA/VIDEO/1990's/Technotronic - Get Up! (before The Night Is Over).mp4
RVTR082460,R.L. Burnside,See My Jumper Hanging On the Line,0,no,no,no,yes,no,,/Users/bobhopp/DJ MEDIA/VIDEO/1970's/R.L. Burnside - See My Jumper Hanging On the Line.mp4
RVTR149419,Merle Haggard,Today I Started Loving You Again,0,no,yes,no,yes,no,,/Users/bobhopp/DJ MEDIA/VIDEO/COUNTRY/FILL/Merle Haggard - Today I Started Loving You Again.mp4
RVTR252449,Dustin Lynch feat. Chris Lane,Tequila On A Boat,0,no,no,no,yes,yes,,/Users/bobhopp/DJ MEDIA/VIDEO/2020's/Dustin Lynch feat. Chris Lane - Tequila On A Boat.mp4
RVTR490405,Robert Palmer,Sneakin Sally Through The Alley,0,yes,no,no,yes,no,cards_ready,/Users/bobhopp/DJ MEDIA/VIDEO/1970's/Robert Palmer - Sneakin Sally Through The Alley.mp4
RVTR285593,The Velvet Underground,I'm Waiting For The Man,0,no,no,no,yes,no,,/Users/bobhopp/DJ MEDIA/VIDEO/1960's/The Velvet Underground - I'm Waiting For The Man.mp4
RVTR406689,The Everly Brothers,Bird Dog Till I Kissed You,0,no,no,no,yes,no,,/Users/bobhopp/DJ MEDIA/VIDEO/1950's/The Everly Brothers - Bird Dog Till I Kissed You.mp4
RVTR431391,Chris Brown f./Benny Benassi,Beautiful People,0,no,no,no,yes,no,,/Users/bobhopp/DJ MEDIA/VIDEO/2010's/Chris Brown f._Benny Benassi - Beautiful People.mp4
RVTR228250,The Strypes,You Can't Judge A Book By The Cover,0,no,no,no,yes,yes,,/Users/bobhopp/DJ MEDIA/VIDEO/2010's/The Strypes - You Can't Judge A Book By The Cover.mp4
RVTR100796,Britney Spears,Don't Let Me Be The Last To Know,0,no,no,no,yes,no,,/Users/bobhopp/DJ MEDIA/VIDEO/2000's/Britney Spears - Don't Let Me Be The Last To Know.mp4
RVTR909492,Paul McCartney & Carl Perkins,Lend Me Your Comb,0,no,no,no,yes,no,,/Users/bobhopp/DJ MEDIA/VIDEO/1960's/Paul McCartney & Carl Perkins - Lend Me Your Comb.mp4
RVTR214314,Steve Goodman,You Never Even Call Me By My Name,0,no,no,no,yes,yes,,/Users/bobhopp/DJ MEDIA/VIDEO/1970's/Steve Goodman - You Never Even Call Me By My Name.mp4
RVTR365043,Avicii And Sebastien Drums,My Feelings For You,0,no,no,no,yes,no,review,/Users/bobhopp/DJ MEDIA/VIDEO/2010's/Avicii And Sebastien Drums - My Feelings For You.mp4
RVTR140353,James Ingram and Michael McDonald,Yah Mo B There,0,no,no,no,yes,no,,/Users/bobhopp/DJ MEDIA/VIDEO/1980's/James Ingram and Michael McDonald - Yah Mo B There.mp4
RVTR622933,Orchestral Manoeuvres In The Dark,If You Leave,0,no,yes,yes,yes,yes,,/Users/bobhopp/DJ MEDIA/VIDEO/1980's/Orchestral Manoeuvres In The Dark - If You Leave.mp4
RVTR422675,Billy Currington,Must Be Doin' Somethin' Right,0,no,no,yes,yes,yes,review,/Users/bobhopp/DJ MEDIA/VIDEO/COUNTRY/FILL/Billy Currington - Must Be Doin' Somethin' Right.mp4
RVTR028416,Calvin Harris & Disciples,How Deep Is Your Love,0,no,no,no,yes,no,,/Users/bobhopp/DJ MEDIA/VIDEO/2010's/Calvin Harris & Disciples - How Deep Is Your Love.mp4
RVTR739006,Carl Perkins Eric Clapton Johnny Cash,Matchbox,0,no,no,no,yes,no,,/Users/bobhopp/DJ MEDIA/VIDEO/1980's/Carl Perkins Eric Clapton Johnny Cash - Matchbox.mp4
RVTR099737,The Marshall Tucker Band,Heard It In A Love Song,0,no,yes,yes,yes,no,,/Users/bobhopp/DJ MEDIA/VIDEO/1970's/The Marshall Tucker Band - Heard It In A Love Song.mp4
RVTR979166,Phil Collins,Against All Odds,0,no,yes,no,yes,no,,/Users/bobhopp/DJ MEDIA/VIDEO/1980's/00.54.54.000-Phil Collins - Against All Odds (London).mp4
RVTR807302,Nessa Barrett,i hope ur miserable until ur dead,0,no,no,yes,yes,yes,,/Users/bobhopp/DJ MEDIA/VIDEO/2020's/Nessa Barrett - i hope ur miserable until ur dead.mp4
RVTR007747,Syretta & Billy Preston,With You I'm Born Again,0,no,no,no,yes,no,,/Users/bobhopp/DJ MEDIA/VIDEO/1980's/Syretta & Billy Preston - With You I'm Born Again.mp4
RVTR639778,Christina Aguilera F.Lil' Kim,Can't Hold Us Down,0,no,no,no,yes,no,,/Users/bobhopp/DJ MEDIA/VIDEO/2000's/Christina Aguilera F.Lil' Kim - Can't Hold Us Down.mp4
RVTR649627,Thin Lizzy,Johnny The Fox Meets Jimmy The Weed,0,no,yes,no,yes,yes,,/Users/bobhopp/DJ MEDIA/VIDEO/1970's/Thin Lizzy - Johnny The Fox Meets Jimmy The Weed.mp4
RVTR164311,Platinum Girls Feat  Vanessa,Ignite My Fantasy,0,no,no,no,yes,no,,/Users/bobhopp/DJ MEDIA/VIDEO/TECHNO/Platinum Girls feat. Vanessa - Ignite My Fantasy.mp4
RVTR785745,Four Tops,Baby I Need Your Loving,0,no,yes,yes,yes,yes,,/Users/bobhopp/DJ MEDIA/VIDEO/1960's/Four Tops - Baby I Need Your Loving  HQ 0815007 (1966).mp4
RVTR066538,Blood Sweat & Tears,You've Made Me So Very Happy,0,no,no,no,yes,no,review,/Users/bobhopp/DJ MEDIA/VIDEO/1960's/Blood Sweat & Tears - You've Made Me So Very Happy.mp4
RVTR517220,Tom Petty And The Heartbreakers,Change Of Heart,0,no,yes,yes,yes,yes,,/Users/bobhopp/DJ MEDIA/VIDEO/1980's/Tom Petty And The Heartbreakers - Change Of Heart.mp4
RVTR766816,The Mighty Mighty Bosstones,Someday I Suppose,0,no,no,no,yes,yes,,/Users/bobhopp/DJ MEDIA/VIDEO/1990's/The Mighty Mighty Bosstones - Someday I Suppose.mp4
RVTR814108,Danzel Vs. Dj F.R.A.N.K.,My Arms Keep Missing You,0,no,no,no,yes,no,,/Users/bobhopp/DJ MEDIA/VIDEO/TECHNO/Danzel Vs. Dj F.R.A.N.K. - My Arms Keep Missing You.mp4
RVTR540875,Butthole Surfers,Who Was In My Room Last Night,0,no,no,no,yes,yes,,/Users/bobhopp/DJ MEDIA/VIDEO/1990's/Butthole Surfers - Who Was In My Room Last Night.mp4
RVTR943114,Russell Dickerson feat. Jake Scott,She Likes It,0,no,no,no,yes,no,,/Users/bobhopp/DJ MEDIA/VIDEO/2020's/Russell Dickerson feat. Jake Scott - She Likes It.mp4
RVTR731861,Fall Out Boy,"This Ain't A Scene, It's An Arms Race",0,no,yes,yes,yes,yes,,"/Users/bobhopp/DJ MEDIA/VIDEO/2000's/Fall Out Boy - This Ain't A Scene, It's An Arms Race.mp4"
RVTR999254,The Rolling Stones,(I Can't Get No) Satisfaction,0,yes,yes,yes,yes,yes,cards_ready,/Users/bobhopp/DJ MEDIA/VIDEO/1960's/The Rolling Stones - Satisfaction (I Can't Get No).mp4
RVTR457295,"Jimmie Allen, Brad Paisley",Freedom Was a Highway,0,no,no,no,yes,no,,"/Users/bobhopp/DJ MEDIA/VIDEO/COUNTRY/FILL/Jimmie Allen, Brad Paisley - Freedom Was a Highway.mp4"
RVTR179515,The Gaslight Anthem,Even Cowgirls Get the Blues,0,no,no,no,yes,no,,/Users/bobhopp/DJ MEDIA/VIDEO/2000's/The Gaslight Anthem - Even Cowgirls Get the Blues.mp4
RVTR283735,Toad The Wet Sprocket,Something's Always Wrong,0,no,no,yes,yes,yes,,/Users/bobhopp/DJ MEDIA/VIDEO/1990's/Toad The Wet Sprocket - Something's Always Wrong.mp4
RVTR193928,Blake Shelton feat. Gwen Stefani,Happy Anywhere,0,no,no,no,yes,no,review,/Users/bobhopp/DJ MEDIA/VIDEO/COUNTRY/FILL/Blake Shelton feat. Gwen Stefani - Happy Anywhere.mp4
RVTR637780,Baby Bash f./Slim Thug & Stooie Bros,Swanananana,0,no,no,no,yes,no,review,/Users/bobhopp/DJ MEDIA/VIDEO/2000's/Baby Bash f._Slim Thug & Stooie Bros - Swanananana.mp4
RVTR846063,Carrie Underwood and Randy Travis,I Told You So,0,no,no,no,yes,no,,/Users/bobhopp/DJ MEDIA/VIDEO/COUNTRY/FILL/Carrie Underwood and Randy Travis - I Told You So.mp4
RVTR546175,The White Stripes,The Hardest Button To Button,0,no,yes,no,yes,yes,,/Users/bobhopp/DJ MEDIA/VIDEO/2000's/The White Stripes - The Hardest Button To Button.mp4
RVTR134058,Kelly Clarkson,Stronger (What Doesn't Kill You),0,no,yes,yes,yes,yes,,/Users/bobhopp/DJ MEDIA/VIDEO/2010's/Kelly Clarkson - Stronger (What Doesn't Kill You).mp4
RVTR700477,Stephanie Mills,What Cha Gonna Do with My Lovin',0,no,yes,yes,yes,yes,,/Users/bobhopp/DJ MEDIA/VIDEO/1970's/Stephanie Mills - What Cha Gonna Do with My Lovin'.mp4
RVTR057748,Ariana Grande Ft. Iggy Azalea & Big Sean,Problem,0,no,no,no,yes,no,review,/Users/bobhopp/DJ MEDIA/VIDEO/2010's/Ariana Grande feat. Iggy Azalea & Big Sean - Problem.MP4
RVTR329332,Gin Wigmore,Written In The Water Die Regardless,0,no,no,no,yes,yes,,/Users/bobhopp/DJ MEDIA/VIDEO/2010's/Gin Wigmore - Written In The Water Die Regardless.mp4
RVTR167533,Creedence Clearwater Revival,Down On The Corner,0,no,no,yes,yes,yes,,/Users/bobhopp/DJ MEDIA/VIDEO/1960's/Creedence Clearwater Revival - Down On The Corner.mp4
RVTR807569,Elton John,I Don't Wanna Go On With You Like That,0,no,yes,yes,yes,yes,,/Users/bobhopp/DJ MEDIA/VIDEO/1980's/Elton John - I Don't Wanna Go On With You Like That.mp4
RVTR603729,Jessica Simpson,These Boots Are Made For Walkin',0,no,no,yes,yes,yes,,/Users/bobhopp/DJ MEDIA/VIDEO/2000's/Jessica Simpson - These Boots Are Made For Walkin'.mp4
RVTR527034,Clean Bandit feat. Sean Paul & Anne-Marie,Rockabye,0,no,no,no,yes,no,,/Users/bobhopp/DJ MEDIA/VIDEO/2010's/Clean Bandit feat. Sean Paul & Anne-Marie - Rockabye.mp4
RVTR662987,Lisa Lisa And Cult Jam,I Wonder If I Take You Home,0,no,no,yes,yes,yes,,/Users/bobhopp/DJ MEDIA/VIDEO/1980's/Lisa Lisa And Cult Jam - I Wonder If I Take You Home.mp4
RVTR736765,The Grass Roots,Where Were You When I Needed You,0,no,yes,yes,yes,yes,,/Users/bobhopp/DJ MEDIA/VIDEO/1960's/The Grass Roots - Where Were You When I Needed You.mp4
RVTR567888,William DeVaughn,Be Thankful For What You've Got,0,no,no,no,yes,no,,/Users/bobhopp/DJ MEDIA/VIDEO/1970's/William DeVaughn - Be Thankful For What You've Got.mp4
RVTR195412,John Lennon,Whatever Gets You Through The Night,0,yes,no,no,yes,no,cards_ready,/Users/bobhopp/DJ MEDIA/VIDEO/1970's/John Lennon - Whatever Gets You Through The Night.mp4
RVTR299817,Roberta Flack,The First Time Ever I Saw Your Face,0,no,yes,yes,yes,yes,,/Users/bobhopp/DJ MEDIA/VIDEO/1970's/Roberta Flack - The First Time Ever I Saw Your Face.mp4
RVTR706295,Foster The People,Don't Stop (Color On The Walls),0,no,yes,yes,yes,yes,,/Users/bobhopp/DJ MEDIA/VIDEO/2010's/Foster The People - Don't Stop (Color On The Walls).mp4
RVTR900982,Kanye West f./Rihanna & Kid Cudi,All Of The Lights,0,no,no,no,yes,no,,/Users/bobhopp/DJ MEDIA/VIDEO/2010's/Kanye West f._Rihanna & Kid Cudi - All Of The Lights.mp4
RVTR388220,Dj Esco Ft. Future & Lil Uzi Vert,Too Much Sauce,0,no,no,no,yes,no,,/Users/bobhopp/DJ MEDIA/VIDEO/2010's/Dj Esco feat. Future & Lil Uzi Vert - Too Much Sauce.mp4
RVTR884225,Selena Gomez & The Scene,Love You Like A Love Song,0,no,no,no,yes,no,,/Users/bobhopp/DJ MEDIA/VIDEO/2010's/Selena Gomez & The Scene - Love You Like A Love Song.mp4
RVTR765031,New Kids On The Block,You Got It (The Right Stuff),0,no,yes,yes,yes,yes,,/Users/bobhopp/DJ MEDIA/VIDEO/1980's/New Kids On The Block - You Got It (The Right Stuff).mp4
RVTR351874,B.J. Thomas,Another Somebody Done Somebody Wrong,0,no,no,no,yes,no,draft,/Users/bobhopp/DJ MEDIA/VIDEO/1970's/B.J. Thomas - Another Somebody Done Somebody Wrong.mp4
RVTR452285,Stephanie Mills,Never Knew Love Like This Before,0,no,yes,yes,yes,yes,,/Users/bobhopp/DJ MEDIA/VIDEO/1980's/Stephanie Mills - Never Knew Love Like This Before.mp4
RVTR134474,Toots And The Maytals,I've Got Dreams To Remember,0,no,no,no,yes,no,,/Users/bobhopp/DJ MEDIA/VIDEO/1960's/Toots And The Maytals - I've Got Dreams To Remember.mp4
RVTR901141,"DJ Khaled f./Drake, Lil Wayne & Rick Ross",I'm On One,0,no,no,no,yes,no,,"/Users/bobhopp/DJ MEDIA/VIDEO/2010's/DJ Khaled f._Drake, Lil Wayne & Rick Ross - I'm On One.mp4"
RVTR494470,Red Hot Chili Peppers,True Men Don t Kill Coyotes,0,no,yes,no,yes,no,,/Users/bobhopp/DJ MEDIA/VIDEO/2000's/Red Hot Chili Peppers - True Men Don t Kill Coyotes.mp4
RVTR590937,Bruce Springsteen & The E Street Band,Backstreets,0,no,no,no,yes,yes,,/Users/bobhopp/DJ MEDIA/VIDEO/1970's/Bruce Springsteen & The E Street Band - Backstreets.mp4
RVTR935688,Jackie DeShannon,What The World Needs Now Is Love,0,yes,no,yes,yes,yes,cards_ready,/Users/bobhopp/DJ MEDIA/VIDEO/1960's/Jackie DeShannon - What The World Needs Now Is Love.mp4
RVTR710776,Tinie Tempah f./Eric Turner,Written In The Stars,0,no,no,no,yes,no,,/Users/bobhopp/DJ MEDIA/VIDEO/2010's/Tinie Tempah f._Eric Turner - Written In The Stars.mp4
RVTR644844,John Cafferty & The Beaver Brown Band,Tender Years,0,no,no,no,yes,yes,,/Users/bobhopp/DJ MEDIA/VIDEO/1980's/John Cafferty & The Beaver Brown Band - Tender Years.mp4
RVTR661277,Breaking Benjamin,Give Me A Sign (Forever And Ever),0,no,no,yes,yes,yes,,/Users/bobhopp/DJ MEDIA/VIDEO/2010's/Breaking Benjamin - Give Me A Sign (Forever And Ever).mp4
RVTR358344,Soulja Boy Tell 'Em & Sammie,Kiss Me Thru The Phone,0,no,no,no,yes,no,,/Users/bobhopp/DJ MEDIA/VIDEO/2000's/Soulja Boy Tell 'Em & Sammie - Kiss Me Thru The Phone.mp4
RVTR551611,Counting Crows F.Vanessa Carlton,Big Yellow Taxi,0,no,no,no,yes,no,,/Users/bobhopp/DJ MEDIA/VIDEO/2000's/Counting Crows F.Vanessa Carlton - Big Yellow Taxi.mp4
RVTR073878,Hank Williams Jr & Jessi Colter,Good Hearted Woman,0,no,no,no,yes,no,,/Users/bobhopp/DJ MEDIA/VIDEO/COUNTRY/FILL/Hank Williams Jr & Jessi Colter - Good Hearted Woman.mp4
RVTR542790,Kenny Chesney Ft. P!Nk,Setting The World On Fire,0,no,no,no,yes,no,,/Users/bobhopp/DJ MEDIA/VIDEO/COUNTRY/FILL/Kenny Chesney feat. P!Nk - Setting The World On Fire.mp4
RVTR395985,Elton John,Funeral for a Friend Love Lies Bleeding,0,no,no,no,yes,no,,/Users/bobhopp/DJ MEDIA/VIDEO/1970's/Elton John - Funeral for a Friend Love Lies Bleeding.mp4
RVTR935601,Pitbull Ft. Christina Aguilera,Feel This Moment,0,no,no,no,yes,no,,/Users/bobhopp/DJ MEDIA/VIDEO/2010's/Pitbull feat. Christina Aguilera - Feel This Moment.mp4
RVTR369910,Mary Chapin Carpenter,Down At The Twist And Shout,0,no,yes,no,yes,no,,/Users/bobhopp/DJ MEDIA/VIDEO/1990's/Mary Chapin Carpenter - Down At The Twist And Shout.mp4
RVTR008969,Robin Lane and The Chartbusters,I Don't Wanna Know,0,no,no,no,yes,no,,/Users/bobhopp/DJ MEDIA/VIDEO/1980's/Robin Lane and The Chartbusters - I Don't Wanna Know.mp4
RVTR487726,Toby Keith,I'll Never Smoke Weed With Willie Again,0,no,no,no,yes,no,,/Users/bobhopp/DJ MEDIA/VIDEO/COUNTRY/FILL/Toby Keith - I'll Never Smoke Weed With Willie Again.mp4
RVTR454529,The Rolling Stones,Let's Spend The Night Together,0,no,yes,yes,yes,yes,,/Users/bobhopp/DJ MEDIA/VIDEO/1960's/The Rolling Stones - Let's Spend The Night Together.mp4
RVTR564898,The Beatles,Australia Concert,0,yes,no,no,yes,no,cards_ready,/Users/bobhopp/DJ MEDIA/VIDEO/1960's/The Beatles - Australia Concert (film w great audio!).mp4
RVTR071667,Iggy Azalea Ft. Rita Ora,Black Widow,0,no,no,no,yes,no,,/Users/bobhopp/DJ MEDIA/VIDEO/2010's/Iggy Azalea Ft. Rita Ora - Black Widow [Music Video].MP4
RVTR121227,Israel IZ Kamakawiwoʻole,Somewhere over the Rainbow,0,no,no,no,yes,no,,/Users/bobhopp/DJ MEDIA/VIDEO/1990's/Israel IZ Kamakawiwoʻole - Somewhere over the Rainbow.mp4
RVTR170079,Death Cab For Cutie,I Will Follow You Into The Dark,0,no,yes,no,yes,no,,/Users/bobhopp/DJ MEDIA/VIDEO/2000's/Death Cab For Cutie - I Will Follow You Into The Dark.mp4
RVTR248682,Black Rebel Motercycle Club,Beat The Devils Tattoo,0,no,no,no,yes,yes,review,/Users/bobhopp/DJ MEDIA/VIDEO/2010's/Black Rebel Motercycle Club - Beat The Devils Tattoo.mp4
RVTR502430,Enrique Iglesias f./Usher & Lil Wayne,Dirty Dancer,0,no,no,no,yes,no,,/Users/bobhopp/DJ MEDIA/VIDEO/2010's/Enrique Iglesias f._Usher & Lil Wayne - Dirty Dancer.mp4
RVTR396512,Gary Lewis And The Playboys,Save Your Heart For Me,0,yes,yes,yes,yes,yes,cards_ready,/Users/bobhopp/DJ MEDIA/VIDEO/1960's/Gary Lewis And The Playboys - Save Your Heart For Me.mp4
RVTR245040,Aretha Franklin & Ray Charles,It Takes Two To Tango,0,no,no,no,yes,no,review,/Users/bobhopp/DJ MEDIA/VIDEO/1970's/Aretha Franklin & Ray Charles - It Takes Two To Tango.mp4
RVTR275124,John Michael Montgomery,I Love The Way You Love Me,0,no,yes,yes,yes,yes,,/Users/bobhopp/DJ MEDIA/VIDEO/COUNTRY/FILL/John Michael Montgomery - I Love The Way You Love Me.mp4
RVTR392722,Lou Rawls,You'll Never Find Another Love Like Mine,0,no,yes,yes,yes,yes,,/Users/bobhopp/DJ MEDIA/VIDEO/1970's/Lou Rawls - You'll Never Find Another Love Like Mine.mp4
RVTR655219,Tom Petty And The Heartbreakers,Here Comes My Girl,0,no,yes,yes,yes,yes,,/Users/bobhopp/DJ MEDIA/VIDEO/1970's/Tom Petty And The Heartbreakers - Here Comes My Girl.mp4
RVTR475086,Cab Calloway and the Nicholas Brothers,Jumpin Jive,0,no,no,no,yes,no,,/Users/bobhopp/DJ MEDIA/VIDEO/1950's/Cab Calloway and the Nicholas Brothers - Jumpin Jive.mp4
RVTR870111,Bonnie Tyler And Shakin' Stevens,A Rockin' Good Way,0,no,no,no,yes,no,,/Users/bobhopp/DJ MEDIA/VIDEO/1980's/Bonnie Tyler And Shakin' Stevens - A Rockin' Good Way.mp4
RVTR885907,The Rolling Stones,I Just Want To Make Love To You,0,no,yes,no,yes,no,,/Users/bobhopp/DJ MEDIA/VIDEO/1960's/The Rolling Stones - I Just Want To Make Love To You.mp4
RVTR856619,Jason Aldean & Carrie Underwood,If I Didn't Love You,0,no,no,no,yes,no,,/Users/bobhopp/DJ MEDIA/VIDEO/COUNTRY/FILL/Jason Aldean & Carrie Underwood - If I Didn't Love You.mp4
RVTR208060,Madonna & Justin Timberlake And Timbaland,4 Minutes,0,no,no,no,yes,no,,/Users/bobhopp/DJ MEDIA/VIDEO/2000's/Madonna & Justin Timberlake And Timbaland - 4 Minutes.mp4
RVTR584203,Chappell Roan,Pink Pony Club,0,no,no,yes,yes,yes,,/Users/bobhopp/DJ MEDIA/VIDEO/2020's/Chappell Roan - Pink Pony Club (Official Music Video).mp4
RVTR519901,Whitney Houston & George Michael,If I Told You That,0,no,no,no,yes,no,,/Users/bobhopp/DJ MEDIA/VIDEO/TECHNO/Whitney Houston & George Michael - If I Told You That.mp4
RVTR730128,Mighty Mighty Bosstones,The Impression That I Get,0,no,no,no,yes,no,,/Users/bobhopp/DJ MEDIA/VIDEO/1990's/Mighty Mighty Bosstones - The Impression That I Get.mp4
RVTR274504,New Boyz f./Chris Brown,Better With The Lights Off,0,no,no,no,yes,no,,/Users/bobhopp/DJ MEDIA/VIDEO/2010's/New Boyz f._Chris Brown - Better With The Lights Off.mp4
RVTR609428,Yazz And The Plastic Population,The Only Way Is Up,0,no,no,yes,yes,yes,,/Users/bobhopp/DJ MEDIA/VIDEO/1980's/Yazz And The Plastic Population - The Only Way Is Up.mp4
RVTR878956,Electric Light Orchestra,Can't Get it Out Of My Head,0,no,yes,yes,yes,yes,draft,/Users/bobhopp/DJ MEDIA/VIDEO/1970's/Electric Light Orchestra - Can't Get it Out Of My Head.mp4
RVTR272360,Kylie Minogue And Jason Donovan,Especially For You,0,no,no,no,yes,no,,/Users/bobhopp/DJ MEDIA/VIDEO/1980's/Kylie Minogue And Jason Donovan - Especially For You.mp4
RVTR833665,Lil' Jon feat. Pitbull & Machel Montano,Floor On Fire,0,no,no,no,yes,yes,,/Users/bobhopp/DJ MEDIA/VIDEO/2000's/Lil' Jon feat. Pitbull & Machel Montano - Floor On Fire.mp4
RVTR046332,Kyle Clark feat. Troy Cartwright,Bad Day To Be A Beer,0,no,no,no,yes,no,,/Users/bobhopp/DJ MEDIA/VIDEO/2020's/Kyle Clark feat. Troy Cartwright - Bad Day To Be A Beer.mp4
RVTR467434,Macklemore & Ryan Lewis Ft. Mary Lambert,Same Love,0,no,no,no,yes,no,,/Users/bobhopp/DJ MEDIA/VIDEO/2010's/Macklemore & Ryan Lewis feat. Mary Lambert - Same Love.mp4
RVTR657412,David Guetta f./Taio Cruz & Ludacris,Little Bad Girl,0,no,no,no,yes,no,,/Users/bobhopp/DJ MEDIA/VIDEO/2010's/David Guetta f._Taio Cruz & Ludacris - Little Bad Girl.mp4
RVTR095454,Billy Ocean,Caribbean Queen (No More Love On The Run),0,no,yes,yes,yes,yes,review,/Users/bobhopp/DJ MEDIA/VIDEO/1980's/Billy Ocean - Caribbean Queen (No More Love On The Run).mp4
RVTR394274,Dusty Springfield,You Don't Have To Say You Love Me,0,no,no,yes,yes,yes,,/Users/bobhopp/DJ MEDIA/VIDEO/1960's/Dusty Springfield - You Don't Have To Say You Love Me.mp4
RVTR909256,Ziggy Marley And The Melody Makers,Tomorrow People,0,no,yes,yes,yes,yes,,/Users/bobhopp/DJ MEDIA/VIDEO/1980's/Ziggy Marley And The Melody Makers - Tomorrow People.mp4
RVTR685354,Ray Price And Faron Young,Funny How Time Slips Away,0,no,no,no,yes,no,,/Users/bobhopp/DJ MEDIA/VIDEO/COUNTRY/FILL/Ray Price And Faron Young - Funny How Time Slips Away.mp4
RVTR537082,The Monkees,Pleasant Valley Sunday,0,no,yes,yes,yes,no,,/Users/bobhopp/DJ MEDIA/VIDEO/1960's/NEW   Pleasant Valley Sunday - The Monkees  Summer 1967.mp4
RVTR697762,Sean Kingston Ft. Chris Brown & Wiz Khalifa,Beat It,0,no,no,no,yes,no,,/Users/bobhopp/DJ MEDIA/VIDEO/2010's/Sean Kingston feat. Chris Brown & Wiz Khalifa - Beat It.mp4
RVTR510127,Honorebel F.Pitbull And Jump Smokers,Now You See It,0,no,no,no,yes,no,,/Users/bobhopp/DJ MEDIA/VIDEO/TECHNO/Honorebel F.Pitbull And Jump Smokers - Now You See It.mp4
RVTR359234,Busta Rhymes,Put Your Hands Where My Eyes Could See,0,no,yes,no,yes,no,,/Users/bobhopp/DJ MEDIA/VIDEO/TECHNO/Busta Rhymes - Put Your Hands Where My Eyes Could See.mp4
RVTR387376,Clean Bandit Ft. Jess Glynne,Rather Be,0,no,no,no,yes,no,,/Users/bobhopp/DJ MEDIA/VIDEO/2010's/Clean Bandit Ft. Jess Glynne - Rather Be [Music Video].MP4
RVTR976204,"Dj Khaled Ft. Rihanna, Bryson Tiller",Wild Thoughts,0,no,no,no,yes,no,,"/Users/bobhopp/DJ MEDIA/VIDEO/2010's/Dj Khaled feat. Rihanna, Bryson Tiller - Wild Thoughts.mp4"
RVTR379446,Gary Lewis And The Playboys,Everybody Loves A Clown,0,yes,yes,yes,yes,yes,cards_ready,/Users/bobhopp/DJ MEDIA/VIDEO/1960's/Gary Lewis And The Playboys - Everybody Loves A Clown.mp4
RVTR761880,The Supremes,Baby Love,0,no,yes,yes,yes,yes,,/Users/bobhopp/DJ MEDIA/VIDEO/1960's/The Supremes - Baby Love - _Top Of The Pops_ Show (1964).mp4
RVTR548454,Willie Nelson And Merle Haggard,It's All Going To Pot,0,no,no,no,yes,no,,/Users/bobhopp/DJ MEDIA/VIDEO/COUNTRY/FILL/Willie Nelson And Merle Haggard - It's All Going To Pot.mp4
RVTR879045,Tom Petty And The Heartbreakers,Don't Do Me Like That,0,no,yes,yes,yes,yes,,/Users/bobhopp/DJ MEDIA/VIDEO/1980's/Tom Petty And The Heartbreakers - Don't Do Me Like That.mp4
RVTR577031,Merle Haggard,Are The Good Times Really Over For Good,0,no,no,no,yes,no,,/Users/bobhopp/DJ MEDIA/VIDEO/COUNTRY/FILL/Merle Haggard - Are The Good Times Really Over For Good.mp4
RVTR227670,Judy Garland,Have Yourself A Merry Little Christmas,0,no,no,no,yes,no,,/Users/bobhopp/DJ MEDIA/VIDEO/1950's/Judy Garland - Have Yourself A Merry Little Christmas.mp4
RVTR643788,Charlie Puth feat. Selena Gomez,We Don't Talk Anymore,0,no,no,no,yes,no,,/Users/bobhopp/DJ MEDIA/VIDEO/2010's/Charlie Puth feat. Selena Gomez - We Don't Talk Anymore.mp4
RVTR652120,Taylor Swift,We Are Never Ever Getting Back Together,0,no,yes,yes,yes,yes,,/Users/bobhopp/DJ MEDIA/VIDEO/2010's/Taylor Swift - We Are Never Ever Getting Back Together.mp4
RVTR514385,Marshmello x Jonas Brothers,Leave Before You Love Me,0,no,no,yes,yes,yes,,/Users/bobhopp/DJ MEDIA/VIDEO/2020's/Marshmello x Jonas Brothers - Leave Before You Love Me.mp4
RVTR480800,Michael Bolton,How Am I Supposed to Live Without You,0,no,yes,yes,yes,yes,,/Users/bobhopp/DJ MEDIA/VIDEO/1980's/Michael Bolton - How Am I Supposed to Live Without You.mp4
RVTR249139,Rich Gang Ft. Young Thug & Rich Homie Quan,Lifestyle,0,no,no,no,yes,no,,/Users/bobhopp/DJ MEDIA/VIDEO/2010's/Rich Gang feat. Young Thug & Rich Homie Quan - Lifestyle.MP4
RVTR263086,Ariana Grande,"Break Up With Your Girlfriend, I'm Bored",0,no,no,yes,yes,yes,review,"/Users/bobhopp/DJ MEDIA/VIDEO/2010's/Ariana Grande - Break Up With Your Girlfriend, I'm Bored.mp4"
RVTR921677,"Break And Repair Method, The",You Won't Be Able To Be Sad,0,no,no,no,yes,no,,"/Users/bobhopp/DJ MEDIA/VIDEO/TECHNO/Break And Repair Method, The - You Won't Be Able To Be Sad.mp4"
RVTR610933,Madonna f./Nicki Minaj & M.I.A.,Gimme Me All Your Luvin',0,no,no,no,yes,no,,/Users/bobhopp/DJ MEDIA/VIDEO/2010's/Madonna f._Nicki Minaj & M.I.A. - Gimme Me All Your Luvin'.mp4
RVTR758825,Glenn Medeiros,Nothing's Gonna Change My Love For You,0,no,yes,yes,yes,yes,,/Users/bobhopp/DJ MEDIA/VIDEO/1980's/Glenn Medeiros - Nothing's Gonna Change My Love For You.mp4
RVTR852331,Chris Brown f./Busta Rhymes & Lil Wayne,Look At Me Now,0,no,no,no,yes,no,,/Users/bobhopp/DJ MEDIA/VIDEO/2010's/Chris Brown f._Busta Rhymes & Lil Wayne - Look At Me Now.mp4
RVTR240851,Neil Diamond,Brother Love's Traveling Salvation Show,0,no,no,no,yes,no,,/Users/bobhopp/DJ MEDIA/VIDEO/1980's/Neil Diamond - Brother Love's Traveling Salvation Show.mp4
RVTR080609,Prince,Pussy control VH1 Fashion and Music Awards 1995,0,no,no,no,yes,yes,,/Users/bobhopp/DJ MEDIA/VIDEO/1990's/Prince - Pussy control VH1 Fashion and Music Awards 1995.mp4
RVTR080613,Dua Lipa feat. DaBaby,Levitating,0,no,no,no,yes,no,,/Users/bobhopp/DJ MEDIA/VIDEO/2020's/Dua Lipa feat. DaBaby - Levitating (Official Music Video).mp4
RVTR248568,Judy Garland and Johnny Mercer.,Taking A Chance On Love,0,no,no,no,yes,no,,/Users/bobhopp/DJ MEDIA/VIDEO/1950's/Judy Garland and Johnny Mercer. - Taking A Chance On Love.mp4
RVTR439787,Dropkick Murphys and Bruce Springstien,A Rose Tattoo,0,no,no,no,yes,no,,/Users/bobhopp/DJ MEDIA/VIDEO/2010's/Dropkick Murphys and Bruce Springstien - A Rose Tattoo.mp4
RVTR902472,Bryan Adams,The Only Thing That Looks Good On Me Is You,0,no,yes,yes,yes,yes,,/Users/bobhopp/DJ MEDIA/VIDEO/1990's/Bryan Adams - The Only Thing That Looks Good On Me Is You.mp4
RVTR341778,"Dolly Parton with Billy Ray Cyrus, Tanya Tucker",Romeo,0,no,no,no,yes,yes,,"/Users/bobhopp/DJ MEDIA/VIDEO/COUNTRY/FILL/Dolly Parton with Billy Ray Cyrus, Tanya Tucker - Romeo.mp4"
RVTR059420,Young Thug & Travis Scott Ft. Quavo,Pick Up The Phone,0,no,no,no,yes,no,,/Users/bobhopp/DJ MEDIA/VIDEO/2010's/Young Thug & Travis Scott feat. Quavo - Pick Up The Phone.mp4
RVTR292741,Afrika Bambaataa & The Soulsonic Force,Renegades of Funk,0,no,no,no,yes,yes,review,/Users/bobhopp/DJ MEDIA/VIDEO/1980's/Afrika Bambaataa & The Soulsonic Force - Renegades of Funk.mp4
RVTR429949,Boys Like Girls f./Taylor Swift,Two Is Better Than One,0,no,no,no,yes,no,,/Users/bobhopp/DJ MEDIA/VIDEO/2010's/Boys Like Girls f._Taylor Swift - Two Is Better Than One.mp4
RVTR686981,Alex Gaudino Feat Crystal Waters,Destination Calabria,0,no,no,no,yes,no,review,/Users/bobhopp/DJ MEDIA/VIDEO/TECHNO/Alex Gaudino feat. Crystal Waters - Destination Calabria.mp4
RVTR187192,Glenn Campbell,Wichita Lineman,0,no,no,no,yes,no,review,/Users/bobhopp/DJ MEDIA/VIDEO/1960's/Glenn Campbell - Wichita Lineman.mp4
RVTR660602,Johnny Rivers,Memphis Tennesee,0,no,no,no,yes,no,review,/Volumes/DJ  MAIN/DJ MEDIA/VIDEO/1960's/Johnny Rivers - Memphis Tennesee.mp4
RVTR749029,Chubby Checkers,Let's Twist Again,0,no,no,no,yes,no,review,/Users/bobhopp/DJ MEDIA/VIDEO/1960's/Chubby Checkers - Let's Twist Again.mp4
RVTR255602,Mamas and The Papas,California Dreamin,0,no,no,no,yes,no,review,/Users/bobhopp/DJ MEDIA/VIDEO/1960's/Mamas and The Papas - California Dreamin.mp4
RVTR747496,Chubby Checker & California Jubilee,Let's Twist Again,0,no,no,no,yes,no,draft,/Users/bobhopp/DJ MEDIA/VIDEO/1960's/Chubby Checker & California Jubilee - Let's Twist Again.mp4