VirtualDJ file path,Artist,Title,proposed RVTR,candidate count,disposition,exact evidence,safe-to-auto-assign
/Users/bobhopp/DJ MEDIA/VIDEO/2010's/Kenny Wayne Shepherd - You Can't Judge A Book By The Cover.mp4,Kenny Wayne Shepherd,You Can't Judge A Book By The Cover,RVTR977454,1,DISTINCT RECORDING,Recording/version wording may identify a different recording.,false
/Users/bobhopp/DJ MEDIA/VIDEO/1950's/Johnny Cash - I Walk the Line (Man in Black Live in Denmark).mp4,Johnny Cash,I Walk the Line,RVTR164626,1,HUMAN REVIEW REQUIRED,"Existing simulation selected one candidate (RVTR164626), but no safe disposition signal.",false
"/Users/bobhopp/DJ MEDIA/VIDEO/COUNTRY/FILL/The Only Way I Know - Jason Aldean,Eric Church, Luke Bryan.mp4",The Only Way I Know,"Jason Aldean,Eric Church, Luke Bryan",RVTR982337,1,SAFE TITLE NOISE,Existing simulation selected one canonical candidate (RVTR982337); deterministic filename/tag noise.,true
/Users/bobhopp/DJ MEDIA/VIDEO/2010's/Willie Nelson & Paula Nelson - Have You Ever Seen the Rain.mp4,Willie Nelson & Paula Nelson,Have You Ever Seen the Rain,RVTR098455,1,HUMAN REVIEW REQUIRED,"Existing simulation selected one candidate (RVTR098455), but no safe disposition signal.",false
/Users/bobhopp/DJ MEDIA/VIDEO/1980's/Stevie Ray Vaughan & Double Trouble - The House Is Rockin'.mp4,Stevie Ray Vaughan & Double Trouble,The House Is Rockin',RVTR261490,1,SAFE TITLE NOISE,Existing simulation selected one canonical candidate (RVTR261490); deterministic filename/tag noise.,true
/Users/bobhopp/DJ MEDIA/VIDEO/2020's/Colin Benders & Cato van Dijck – I Feel Love - Matthijs Gaat Door.mp4,Colin Benders & Cato van Dijck,I Feel Love,RVTR362540,1,HUMAN REVIEW REQUIRED,"Existing simulation selected one candidate (RVTR362540), but no safe disposition signal.",false
/Users/bobhopp/DJ MEDIA/VIDEO/1960's/Sina feat. Jadyn Rylee & Charlotte Zone - Scarborough Fair.mp4,Sina feat Jadyn Rylee & Charlotte Zone,Scarborough Fair,RVTR407319,1,HUMAN REVIEW REQUIRED,"Existing simulation selected one candidate (RVTR407319), but no safe disposition signal.",false
/Users/bobhopp/DJ MEDIA/VIDEO/1960's/The Happenings - I Got Rhythm  - 1967 Smothers Bros. Show (2).mp4,The Happenings,I Got Got Rhythm,RVTR729350,1,HUMAN REVIEW REQUIRED,"Existing simulation selected one candidate (RVTR729350), but no safe disposition signal.",false
"/Users/bobhopp/DJ MEDIA/VIDEO/2010's/Pitbull f._Ne-Yo, Afrojack, and Nayer - Give Me Everything.mp4","Pitbull f./Ne-Yo, Afrojack, and Nayer",Give Me Everything,RVTR155925,1,HUMAN REVIEW REQUIRED,"Existing simulation selected one candidate (RVTR155925), but no safe disposition signal.",false
/Users/bobhopp/DJ MEDIA/VIDEO/TECHNO/DJ Russ Harris f.DJ Keri & Bam Bam Buddha - Drums In The Club.mp4,DJ Russ Harris f.DJ Keri & Bam Bam Buddha,Drums In The Club,RVTR328510,1,HUMAN REVIEW REQUIRED,"Existing simulation selected one candidate (RVTR328510), but no safe disposition signal.",false
/Users/bobhopp/DJ MEDIA/VIDEO/1970's/KC & The Sunshine Band - Get Down Tonight (Tom Moulton Mix).mp4,KC & The Sunshine Band,Get Down Tonight (Tom Moulton Mix),RVTR643247,1,SAFE TITLE NOISE,Existing simulation selected one canonical candidate (RVTR643247); deterministic filename/tag noise.,true
/Users/bobhopp/DJ MEDIA/VIDEO/2000's/Eric Clapton and Lenny Kravitz - All Along the Watchtower.mp4,Eric Clapton and Lenny Kravitz,All Along the Watchtower,RVTR820531,1,HUMAN REVIEW REQUIRED,"Existing simulation selected one candidate (RVTR820531), but no safe disposition signal.",false
"/Users/bobhopp/DJ MEDIA/VIDEO/1960's/The Supremes, Smokey Robinson - Someday We'll Be Together.mp4","The Supremes, Smokey Robinson",Someday We'll Be Together,RVTR453977,1,SAFE TITLE NOISE,Existing simulation selected one canonical candidate (RVTR453977); deterministic filename/tag noise.,true
/Users/bobhopp/DJ MEDIA/VIDEO/2010's/Lil Jon feat. Kool-Aid Man - All I Really Want For Christmas.mp4,Lil Jon featuring Kool-Aid Man,All I Really Want For Christmas,RVTR908525,1,HUMAN REVIEW REQUIRED,"Existing simulation selected one candidate (RVTR908525), but no safe disposition signal.",false
/Users/bobhopp/DJ MEDIA/VIDEO/2010's/Shakira f._Dizzee Rascal - Loca (Freemasons Mixshow Edit_).mp4,Shakira f./Dizzee Rascal,Loca (Freemasons Mixshow Edit*),RVTR464580,1,SAFE TITLE NOISE,Existing simulation selected one canonical candidate (RVTR464580); deterministic filename/tag noise.,true
/Users/bobhopp/DJ MEDIA/VIDEO/1970's/Marilyn McCoo - Up Up & Away Last Night I Didn t Get to Sleep.mp4,Marilyn McCoo,Up Up & Away Last Night I Didn t Get to Sleep,RVTR753044,1,SAFE TITLE NOISE,Existing simulation selected one canonical candidate (RVTR753044); deterministic filename/tag noise.,true
/Users/bobhopp/DJ MEDIA/VIDEO/1970's/Johnny Rivers - Rockin Pneumonia And The Boogie Woogie Flu.mp4,Johnny Rivers,Rockin Pneumonia And The Boogie Woogie Flu,RVTR904646,1,HUMAN REVIEW REQUIRED,"Existing simulation selected one candidate (RVTR904646), but no safe disposition signal.",false
/Users/bobhopp/DJ MEDIA/VIDEO/1960's/Tommy Boyce & Bobby Hart - I Wonder What She's Doing Tonight.mp4,Tommy Boyce & Bobby Hart,I Wonder What She's Doing Tonight,RVTR893598,1,SAFE TITLE NOISE,Existing simulation selected one canonical candidate (RVTR893598); deterministic filename/tag noise.,true
"/Users/bobhopp/DJ MEDIA/VIDEO/1980's/Are There Any More Real Cowboys - Willie Nelson, Neil Young.mp4",Are There Any More Real Cowboys,"Willie Nelson, Neil Young",RVTR151888,1,SAFE TITLE NOISE,Existing simulation selected one canonical candidate (RVTR151888); deterministic filename/tag noise.,true
"/Users/bobhopp/DJ MEDIA/VIDEO/TECHNO/Lil' Romeo, Nick Cannon & 3Lw - Parents Just Don't Understand.mp4","Lil' Romeo, Nick Cannon & 3Lw",Parents Just Don't Understand,RVTR556852,1,SAFE TITLE NOISE,Existing simulation selected one canonical candidate (RVTR556852); deterministic filename/tag noise.,true
/Users/bobhopp/DJ MEDIA/VIDEO/1980's/Gloria Jones Vs. Fine Young Cannibals - Tainted _ Good Thing.mp4,Gloria Jones Vs. Fine Young Cannibals,Tainted / Good Thing,RVTR442872,1,HUMAN REVIEW REQUIRED,"Existing simulation selected one candidate (RVTR442872), but no safe disposition signal.",false
/Users/bobhopp/DJ MEDIA/VIDEO/2010's/Rihanna And Kanye West And Paul Mccartney - Fourfiveseconds.MP4,Rihanna And Kanye West And Paul Mccartney,Fourfiveseconds,RVTR618103,1,HUMAN REVIEW REQUIRED,"Existing simulation selected one candidate (RVTR618103), but no safe disposition signal.",false
/Users/bobhopp/DJ MEDIA/VIDEO/1970's/Edison Lighthouse - Love Grows Where My Rosemary Grows (BW).mp4,Edison Lighthouse,Love Grows Where My Rosemary Grows (BW),RVTR152919,1,SAFE TITLE NOISE,Existing simulation selected one canonical candidate (RVTR152919); deterministic filename/tag noise.,true
/Users/bobhopp/DJ MEDIA/VIDEO/1980's/00.08.25.000-Ultravox - Dancing With Tears In My Eyes (London).mp4,Ultravox,Dancing With Tears In My Eyes,RVTR221120,1,HUMAN REVIEW REQUIRED,"Existing simulation selected one candidate (RVTR221120), but no safe disposition signal.",false
/Users/bobhopp/DJ MEDIA/VIDEO/1980's/Albert King and Stevie Ray Vaughan - Born Under A Bad Sign (HD).mp4,Albert King and Stevie Ray Vaughan,Born Under A Bad Sign,RVTR484472,1,HUMAN REVIEW REQUIRED,"Existing simulation selected one candidate (RVTR484472), but no safe disposition signal.",false
/Users/bobhopp/DJ MEDIA/VIDEO/1980's/The Blues Brothers - Everybody Needs Somebody To Love (Clip).mp4,The Blues Brothers,Everybody Needs Somebody To Love (Clip),RVTR760960,1,SAFE TITLE NOISE,Existing simulation selected one canonical candidate (RVTR760960); deterministic filename/tag noise.,true
/Users/bobhopp/DJ MEDIA/VIDEO/2020's/Primitive Radio Gods - Standing Outside a Broken Phone Booth.mp4,Primitive Radio Gods,Standing Outside a Broken Phone Booth,RVTR814896,1,HUMAN REVIEW REQUIRED,"Existing simulation selected one candidate (RVTR814896), but no safe disposition signal.",false
"/Users/bobhopp/DJ MEDIA/VIDEO/1990's/Dave Navarro, Taylor Hawkins - Man in The Box (Alice in Chains).mp4","Dave Navarro, Taylor Hawkins",Man in The Box,RVTR585835,1,HUMAN REVIEW REQUIRED,"Existing simulation selected one candidate (RVTR585835), but no safe disposition signal.",false
/Users/bobhopp/DJ MEDIA/VIDEO/1990's/Patty Smyth w_Don Henley - Sometimes Love Just Ain't Enough.mp4,Patty Smyth w:Don Henley,Sometimes Love Just Ain't Enough,RVTR645504,1,SAFE TITLE NOISE,Existing simulation selected one canonical candidate (RVTR645504); deterministic filename/tag noise.,true
/Users/bobhopp/DJ MEDIA/VIDEO/1990's/C+C Music Factory - Gonna Make You Sweat (Everybody Dance Now).mp4,C+C Music Factory,Gonna Make You Sweat (Everybody Dance Now),RVTR704771,1,SAFE TITLE NOISE,Existing simulation selected one canonical candidate (RVTR704771); deterministic filename/tag noise.,true
/Users/bobhopp/DJ MEDIA/VIDEO/1960's/Tommy Boyce and Bobby Hart - I Wonder What She s Doing Tonight.mp4,Tommy Boyce and Bobby Hart,I Wonder What She s Doing Tonight,RVTR414408,1,HUMAN REVIEW REQUIRED,"Existing simulation selected one candidate (RVTR414408), but no safe disposition signal.",false
/Users/bobhopp/DJ MEDIA/VIDEO/1970's/Loggins & Messina - Your Mama Dont Dance.mp4,Loggins & Messina ,Your Mama Dont Dance,RVTR815940,1,HUMAN REVIEW REQUIRED,"Existing simulation selected one candidate (RVTR815940), but no safe disposition signal.",false
/Users/bobhopp/DJ MEDIA/VIDEO/1960's/Freddie And The Dreamers - If You Gotta Make A Fool Of Somebody.mp4,Freddie And The Dreamers,If You Gotta Make A Fool Of Somebody,RVTR505653,1,HUMAN REVIEW REQUIRED,"Existing simulation selected one candidate (RVTR505653), but no safe disposition signal.",false
/Users/bobhopp/DJ MEDIA/VIDEO/1960's/Mitch Ryder & The Detroit Wheels - Jenny Take A Ride _ C C Rider.mp4,Mitch Ryder & The Detroit Wheels,Jenny Take A Ride : C C Rider,RVTR360336,1,SAFE TITLE NOISE,Existing simulation selected one canonical candidate (RVTR360336); deterministic filename/tag noise.,true
/Users/bobhopp/DJ MEDIA/VIDEO/1990's/Primitive Radio Gods - Standing Outside An Broken Phonebooth.mp4,Fighting Like Apes,Standing Outside An Broken Phonebooth,RVTR390260,1,HUMAN REVIEW REQUIRED,"Existing simulation selected one candidate (RVTR390260), but no safe disposition signal.",false
/Users/bobhopp/DJ MEDIA/VIDEO/1960's/Sly & the Family Stone - Thank You (Falettinme Be Mice Elf Agin).mp4,Sly & the Family Stone,Thank You (Falettinme Be Mice Elf Agin),RVTR494521,1,SAFE TITLE NOISE,Existing simulation selected one canonical candidate (RVTR494521); deterministic filename/tag noise.,true
"/Users/bobhopp/DJ MEDIA/VIDEO/1970's/Rod Stewart, Keith Richards & Faces - Twisting Thee Night Away.mp4","Rod Stewart, Keith Richards & Faces",Twisting Thee Night Away,RVTR993053,1,HUMAN REVIEW REQUIRED,"Existing simulation selected one candidate (RVTR993053), but no safe disposition signal.",false
/Users/bobhopp/DJ MEDIA/VIDEO/1970's/Creedence Clearwater Revival - Run through the Jungle Suzie Q.mp4,Creedence Clearwater Revival,Run through the Jungle Suzie Q,RVTR470063,1,HUMAN REVIEW REQUIRED,"Existing simulation selected one candidate (RVTR470063), but no safe disposition signal.",false
/Users/bobhopp/DJ MEDIA/VIDEO/1970's/Kris Kristofferson & Johnny Cash - Sunday Morning Coming Down.mp4,Kris Kristofferson & Johnny Cash,Sunday Morning Coming Down,RVTR436861,1,HUMAN REVIEW REQUIRED,"Existing simulation selected one candidate (RVTR436861), but no safe disposition signal.",false
/Users/bobhopp/DJ MEDIA/VIDEO/1960's/Roy Orbison and Elvis Presley - Pretty Woman_Polk Salad Annie.mp4,Roy Orbison and Elvis Presley,Pretty Woman:Polk Salad Annie,RVTR349146,1,SAFE TITLE NOISE,Existing simulation selected one canonical candidate (RVTR349146); deterministic filename/tag noise.,true
"/Users/bobhopp/DJ MEDIA/VIDEO/1990's/Adam Clayton & Larry Mullen, Jr. - Theme From Mission Impossible.mp4","Adam Clayton & Larry Mullen, Jr.",Theme From Mission Impossible,RVTR751338,1,HUMAN REVIEW REQUIRED,"Existing simulation selected one candidate (RVTR751338), but no safe disposition signal.",false
/Users/bobhopp/DJ MEDIA/VIDEO/2010's/Armin Van Buuren f._Sophie Ellis Bextor - Not Giving Up On Love.mp4,Armin Van Buuren f./Sophie Ellis Bextor,Not Giving Up On Love,RVTR682417,1,HUMAN REVIEW REQUIRED,"Existing simulation selected one candidate (RVTR682417), but no safe disposition signal.",false
/Users/bobhopp/DJ MEDIA/VIDEO/2010's/Big Sean f._Kanye West & Roscoe Dash - Marvin Gaye and Chardonnay.mp4,Big Sean f./Kanye West & Roscoe Dash,Marvin Gaye and Chardonnay,RVTR082309,1,HUMAN REVIEW REQUIRED,"Existing simulation selected one candidate (RVTR082309), but no safe disposition signal.",false
/Users/bobhopp/DJ MEDIA/VIDEO/1960's/Ella Fitzgerald feat. Louis Armstrong - Dream A Little Dream Of Me.mp4,Ella Fitzgerald ft Louis Armstrong,Dream A Little Dream Of Me,RVTR511403,1,HUMAN REVIEW REQUIRED,"Existing simulation selected one candidate (RVTR511403), but no safe disposition signal.",false
"/Users/bobhopp/DJ MEDIA/VIDEO/2000's/Rod Stewart, Keith Richards & Faces - Sweet Little Rock and Roller.mp4","Rod Stewart, Keith Richards & Faces",Sweet Little Rock and Roller,RVTR797086,1,HUMAN REVIEW REQUIRED,"Existing simulation selected one candidate (RVTR797086), but no safe disposition signal.",false
"/Users/bobhopp/DJ MEDIA/VIDEO/1970's/Carole King - I Feel the Earth Move (BBC In Concert, February 10, 1971).mp4",Carole King,I Feel the Earth Move,RVTR386466,1,HUMAN REVIEW REQUIRED,"Existing simulation selected one candidate (RVTR386466), but no safe disposition signal.",false
/Users/bobhopp/DJ MEDIA/VIDEO/2010's/Three 6 Mafia vs DJ Tiesto With Sean Kingston And Flo Rida - Feel It.mp4,Three 6 Mafia vs DJ Tiesto With Sean Kingston And Flo Rida,Feel It,RVTR977026,1,HUMAN REVIEW REQUIRED,"Existing simulation selected one candidate (RVTR977026), but no safe disposition signal.",false
/Users/bobhopp/DJ MEDIA/VIDEO/1970's/Willie Nelson - Mammas Don't Let Your Babies Grow Up To Be Cowboys.mp4,Willie Nelson,Mammas Don't Let Your Babies Grow Up To Be Cowboys,RVTR694635,1,SAFE TITLE NOISE,Existing simulation selected one canonical candidate (RVTR694635); deterministic filename/tag noise.,true
/Users/bobhopp/DJ MEDIA/VIDEO/1980's/Public Enemy - Night Of The Living Baseheads (Official Music Video).mp4,Public Enemy,Night Of The Living Baseheads,RVTR980698,1,HUMAN REVIEW REQUIRED,"Existing simulation selected one candidate (RVTR980698), but no safe disposition signal.",false
/Users/bobhopp/DJ MEDIA/VIDEO/1990's/Pras Michel feat. Ol’ Dirty Bastard & Introducing Mya - Ghetto Supastar.mp4,Pras Michel feat. Ol’ Dirty Bastard & Introducing Mya,Ghetto Supastar,RVTR636446,1,HUMAN REVIEW REQUIRED,"Existing simulation selected one candidate (RVTR636446), but no safe disposition signal.",false
"/Users/bobhopp/DJ MEDIA/VIDEO/1980's/George Thorogood And Destroyers - One Bourbon, One Scotch, One Beer.mp4",George Thorogood And Destroyers,"One Bourbon, One Scotch, One Beer",RVTR896235,1,SAFE TITLE NOISE,Existing simulation selected one canonical candidate (RVTR896235); deterministic filename/tag noise.,true
"/Users/bobhopp/DJ MEDIA/VIDEO/1990's/MC Serch feat. Nas, Chubb Rock & Red Hot Lover Tone - Back To The Grill.mp4","MC Serch feat. Nas, Chubb Rock & Red Hot Lover Tone",Back To The Grill,RVTR396215,1,HUMAN REVIEW REQUIRED,"Existing simulation selected one candidate (RVTR396215), but no safe disposition signal.",false
"/Users/bobhopp/DJ MEDIA/VIDEO/TECHNO/Cobra Starship - Send My Love To The Dancefloor, I'll See You In Hell.mp4",Cobra Starship,"Send My Love To The Dancefloor, I'll See You In Hell",RVTR532451,1,SAFE TITLE NOISE,Existing simulation selected one canonical candidate (RVTR532451); deterministic filename/tag noise.,true
/Users/bobhopp/DJ MEDIA/VIDEO/1990's/311 - Down.mp4,311,Down,RVTR521876,1,HUMAN REVIEW REQUIRED,"Existing simulation selected one candidate (RVTR521876), but no safe disposition signal.",false
"/Users/bobhopp/DJ MEDIA/VIDEO/1980's/Neil Diamond w_Glen Campbell, Linda Ronstadt - Celebration Of America.mp4","Neil Diamond w:Glen Campbell, Linda Ronstadt",Celebration Of America,RVTR532617,1,HUMAN REVIEW REQUIRED,"Existing simulation selected one candidate (RVTR532617), but no safe disposition signal.",false
"/Users/bobhopp/DJ MEDIA/VIDEO/2020's/Ashley McBryde, Caylee Hammack, Pillbox Patti - Brenda Put Your Bra On.mp4","Ashley McBryde, Caylee Hammack, Pillbox Patti",Brenda Put Your Bra On,RVTR734691,1,HUMAN REVIEW REQUIRED,"Existing simulation selected one candidate (RVTR734691), but no safe disposition signal.",false
/Users/bobhopp/DJ MEDIA/VIDEO/2000's/311 - Amber.mp4,311,Amber,RVTR305267,1,HUMAN REVIEW REQUIRED,"Existing simulation selected one candidate (RVTR305267), but no safe disposition signal.",false
/Users/bobhopp/DJ MEDIA/VIDEO/1990's/U2 - Lemon.mp4,U2,Lemon,RVTR124355,1,HUMAN REVIEW REQUIRED,"Existing simulation selected one candidate (RVTR124355), but no safe disposition signal.",false
/Users/bobhopp/DJ MEDIA/VIDEO/2000's/Beyoncé - Ego.mp4,Beyoncé,Ego,RVTR979817,1,HUMAN REVIEW REQUIRED,"Existing simulation selected one candidate (RVTR979817), but no safe disposition signal.",false
/Users/bobhopp/DJ MEDIA/VIDEO/1970's/Seals and Crofts - We May Never Pass This Way Again_Summer Breeze (1973).mp4,Seals and Crofts,We May Never Pass This Way Again:Summer Breeze (1973),RVTR676601,1,SAFE TITLE NOISE,Existing simulation selected one canonical candidate (RVTR676601); deterministic filename/tag noise.,true
/Users/bobhopp/DJ MEDIA/VIDEO/TECHNO/U2 - Gloria.mp4,U2,Gloria,RVTR017009,1,HUMAN REVIEW REQUIRED,"Existing simulation selected one candidate (RVTR017009), but no safe disposition signal.",false
/Users/bobhopp/DJ MEDIA/VIDEO/2000's/Beyoncé - Halo.mp4,Beyoncé,Halo,RVTR058567,1,HUMAN REVIEW REQUIRED,"Existing simulation selected one candidate (RVTR058567), but no safe disposition signal.",false
/Users/bobhopp/DJ MEDIA/VIDEO/1960's/Cream - NSU.mp4,Cream,NSU,RVTR144560,1,HUMAN REVIEW REQUIRED,"Existing simulation selected one candidate (RVTR144560), but no safe disposition signal.",false
/Users/bobhopp/DJ MEDIA/VIDEO/TECHNO/U2 - Walk On.mp4,U2,Walk On,RVTR671457,1,HUMAN REVIEW REQUIRED,"Existing simulation selected one candidate (RVTR671457), but no safe disposition signal.",false
"/Users/bobhopp/DJ MEDIA/VIDEO/1990's/Pete Rock & CL Smooth - They Reminisce Over You (Official Video, T.R.O.Y.).mp4",Pete Rock & CL Smooth,Pete Rock & CL Smooth - They Reminisce Over You (T.R.O.Y.) (Official Video),RVTR112602,1,SAFE TITLE NOISE,Existing simulation selected one canonical candidate (RVTR112602); deterministic filename/tag noise.,true
/Users/bobhopp/DJ MEDIA/VIDEO/1980's/EU - Da Butt.mp4,EU,Da Butt,RVTR460413,1,HUMAN REVIEW REQUIRED,"Existing simulation selected one candidate (RVTR460413), but no safe disposition signal.",false
"/Users/bobhopp/DJ MEDIA/VIDEO/2010's/DJ Khaled f._T-Pain, Ludacris, Rick Ross, Snoop Dogg - All I Do Is Win.mp4n.mp4","DJ Khaled f./T-Pain, Ludacris, Rick Ross, Snoop Dogg",All I Do Is Win,RVTR926086,1,HUMAN REVIEW REQUIRED,"Existing simulation selected one candidate (RVTR926086), but no safe disposition signal.",false
/Users/bobhopp/DJ MEDIA/VIDEO/2000's/Modjo - Lady.mp4,Modjo,Lady,RVTR506219,1,HUMAN REVIEW REQUIRED,"Existing simulation selected one candidate (RVTR506219), but no safe disposition signal.",false
/Users/bobhopp/DJ MEDIA/VIDEO/1990's/TOOL - Enema.mp4,Tool,Enema,RVTR542871,1,HUMAN REVIEW REQUIRED,"Existing simulation selected one candidate (RVTR542871), but no safe disposition signal.",false
/Users/bobhopp/DJ MEDIA/VIDEO/2020's/Flex - Cupid.mp4,Flex,Cupid,RVTR385522,1,HUMAN REVIEW REQUIRED,"Existing simulation selected one candidate (RVTR385522), but no safe disposition signal.",false
/Users/bobhopp/DJ MEDIA/VIDEO/2000's/Pink - Sober.mp4,Pink,Sober,RVTR789860,1,HUMAN REVIEW REQUIRED,"Existing simulation selected one candidate (RVTR789860), but no safe disposition signal.",false
/Users/bobhopp/DJ MEDIA/VIDEO/2000's/Tool - Sober.mp4,Tool,Sober,RVTR637814,1,HUMAN REVIEW REQUIRED,"Existing simulation selected one candidate (RVTR637814), but no safe disposition signal.",false
/Users/bobhopp/DJ MEDIA/VIDEO/1990's/Blur - Song 2.mp4,Blur,Song 2,RVTR297738,1,HUMAN REVIEW REQUIRED,"Existing simulation selected one candidate (RVTR297738), but no safe disposition signal.",false
/Users/bobhopp/DJ MEDIA/VIDEO/2020's/Carrie Underwood & Joan Jett - Various Joan Jett Songs CMA Collaboration.mp4,Carrie Underwood & Joan Jett ,Various Joan Jett Songs CMA Collaboration,RVTR284563,1,HUMAN REVIEW REQUIRED,"Existing simulation selected one candidate (RVTR284563), but no safe disposition signal.",false
/Users/bobhopp/DJ MEDIA/VIDEO/1970's/Lynyrd Skynyrd - Gimme Three Steps - Live At The Florida Theatre  2015.mp45.mp4,Lynyrd Skynyrd,Gimme Three Steps,RVTR118957,1,HUMAN REVIEW REQUIRED,"Existing simulation selected one candidate (RVTR118957), but no safe disposition signal.",false
/Users/bobhopp/DJ MEDIA/VIDEO/2000's/Beck - Nausea.mp4,Beck,Nausea,RVTR939105,1,HUMAN REVIEW REQUIRED,"Existing simulation selected one candidate (RVTR939105), but no safe disposition signal.",false
/Users/bobhopp/DJ MEDIA/VIDEO/1970's/Dusic - Brick.mp4,Dusic,Brick,RVTR639322,1,HUMAN REVIEW REQUIRED,"Existing simulation selected one candidate (RVTR639322), but no safe disposition signal.",false
/Users/bobhopp/DJ MEDIA/VIDEO/TECHNO/Shakira - One.mp4,Shakira,One,RVTR609622,1,HUMAN REVIEW REQUIRED,"Existing simulation selected one candidate (RVTR609622), but no safe disposition signal.",false
/Users/bobhopp/DJ MEDIA/VIDEO/2020's/Shy Carter feat. Cole Swindell and David Lee Murphy - Beer With My Friends.mp4,Shy Carter feat. Cole Swindell and David Lee Murphy,Beer With My Friends,RVTR283607,1,HUMAN REVIEW REQUIRED,"Existing simulation selected one candidate (RVTR283607), but no safe disposition signal.",false
/Users/bobhopp/DJ MEDIA/VIDEO/TECHNO/Mew - Special.mp4,Mew,Special,RVTR204740,1,HUMAN REVIEW REQUIRED,"Existing simulation selected one candidate (RVTR204740), but no safe disposition signal.",false
/Users/bobhopp/DJ MEDIA/VIDEO/2000's/XX - VCR.MP4R.MP4,XX,VCR,RVTR083054,1,HUMAN REVIEW REQUIRED,"Existing simulation selected one candidate (RVTR083054), but no safe disposition signal.",false
/Users/bobhopp/DJ MEDIA/VIDEO/2000's/Shaggy - Hope.mp4,Shaggy,Hope,RVTR849979,1,HUMAN REVIEW REQUIRED,"Existing simulation selected one candidate (RVTR849979), but no safe disposition signal.",false
/Users/bobhopp/DJ MEDIA/VIDEO/2020's/KSI - Holiday.mp4,KSI,Holiday,RVTR434005,1,HUMAN REVIEW REQUIRED,"Existing simulation selected one candidate (RVTR434005), but no safe disposition signal.",false
/Users/bobhopp/DJ MEDIA/VIDEO/1970's/Sina - Mother.mp4,Sina,Mother,RVTR659861,1,HUMAN REVIEW REQUIRED,"Existing simulation selected one candidate (RVTR659861), but no safe disposition signal.",false
/Users/bobhopp/DJ MEDIA/VIDEO/1990's/U2 - Numb.mp4b.mp4,U2,Numb,RVTR424790,1,HUMAN REVIEW REQUIRED,"Existing simulation selected one candidate (RVTR424790), but no safe disposition signal.",false
/Users/bobhopp/DJ MEDIA/VIDEO/1990's/Hole - Violet.mp4,Hole,Violet,RVTR366472,1,HUMAN REVIEW REQUIRED,"Existing simulation selected one candidate (RVTR366472), but no safe disposition signal.",false
/Users/bobhopp/DJ MEDIA/VIDEO/TECHNO/Tosca - Honey.mp4,Tosca,Honey,RVTR581462,1,HUMAN REVIEW REQUIRED,"Existing simulation selected one candidate (RVTR581462), but no safe disposition signal.",false
/Users/bobhopp/DJ MEDIA/VIDEO/TECHNO/iiO - Rapture.mp4,iiO,Rapture,RVTR092059,1,HUMAN REVIEW REQUIRED,"Existing simulation selected one candidate (RVTR092059), but no safe disposition signal.",false
/Users/bobhopp/DJ MEDIA/VIDEO/TECHNO/Jay Z - I Know.mp4,Jay Z,I Know,RVTR911161,1,HUMAN REVIEW REQUIRED,"Existing simulation selected one candidate (RVTR911161), but no safe disposition signal.",false
/Users/bobhopp/DJ MEDIA/VIDEO/1990's/Live - I Alone.mp4,Live,I Alone,RVTR921842,1,HUMAN REVIEW REQUIRED,"Existing simulation selected one candidate (RVTR921842), but no safe disposition signal.",false
/Users/bobhopp/DJ MEDIA/VIDEO/1980's/Freeez - I.O.U.mp4,Freeez,I.O.U.,RVTR420076,1,SAFE TITLE NOISE,Existing simulation selected one canonical candidate (RVTR420076); deterministic filename/tag noise.,true
/Users/bobhopp/DJ MEDIA/VIDEO/2000's/Replay - Iyaz.mp4,Replay,Iyaz,RVTR588377,1,HUMAN REVIEW REQUIRED,"Existing simulation selected one candidate (RVTR588377), but no safe disposition signal.",false
/Users/bobhopp/DJ MEDIA/VIDEO/1980's/Trio - Da Da Da.mp4,Trio,Da Da Da,RVTR316910,1,HUMAN REVIEW REQUIRED,"Existing simulation selected one candidate (RVTR316910), but no safe disposition signal.",false
"/Users/bobhopp/DJ MEDIA/VIDEO/1990's/Coolio - 1,2,3,4.mp4",Coolio,"1,2,3,4",RVTR558887,1,SAFE TITLE NOISE,Existing simulation selected one canonical candidate (RVTR558887); deterministic filename/tag noise.,true
/Users/bobhopp/DJ MEDIA/VIDEO/1980's/Pil - The Body.mp4,Pil,The Body,RVTR329934,1,HUMAN REVIEW REQUIRED,"Existing simulation selected one candidate (RVTR329934), but no safe disposition signal.",false
/Users/bobhopp/DJ MEDIA/VIDEO/2010's/Beyoncé - Hold Up.mp4,Beyoncé,Hold Up,RVTR039805,1,HUMAN REVIEW REQUIRED,"Existing simulation selected one candidate (RVTR039805), but no safe disposition signal.",false
"/Users/bobhopp/DJ MEDIA/VIDEO/2020's/Vulfpeck - It Gets Funkier But Everytime It Gets Funkier, It Gets Funkier.mp4",Vulfpeck,"It Gets Funkier But Everytime It Gets Funkier, It Gets Funkier",RVTR064875,1,SAFE TITLE NOISE,Existing simulation selected one canonical candidate (RVTR064875); deterministic filename/tag noise.,true
/Users/bobhopp/DJ MEDIA/VIDEO/TECHNO/Akon - Bananza.mp4,Akon,Bananza,RVTR844053,1,HUMAN REVIEW REQUIRED,"Existing simulation selected one candidate (RVTR844053), but no safe disposition signal.",false
/Users/bobhopp/DJ MEDIA/VIDEO/2000's/Pink - So What.mp4,Pink,So What,RVTR552054,1,HUMAN REVIEW REQUIRED,"Existing simulation selected one candidate (RVTR552054), but no safe disposition signal.",false
/Users/bobhopp/DJ MEDIA/VIDEO/1990's/Prince - Cream.mp4,Prince,Cream,RVTR519197,1,HUMAN REVIEW REQUIRED,"Existing simulation selected one candidate (RVTR519197), but no safe disposition signal.",false
/Users/bobhopp/DJ MEDIA/VIDEO/2010's/Phish - Alaska.mp4,Phish,Alaska,RVTR955398,1,HUMAN REVIEW REQUIRED,"Existing simulation selected one candidate (RVTR955398), but no safe disposition signal.",false
/Users/bobhopp/DJ MEDIA/VIDEO/1990's/Fugees - Vocab.mp4,Fugees,Vocab,RVTR082295,1,HUMAN REVIEW REQUIRED,"Existing simulation selected one candidate (RVTR082295), but no safe disposition signal.",false
/Users/bobhopp/DJ MEDIA/VIDEO/1990's/Air - Sexy Boy.mp4,Air,Sexy Boy,RVTR736137,1,HUMAN REVIEW REQUIRED,"Existing simulation selected one candidate (RVTR736137), but no safe disposition signal.",false
/Users/bobhopp/DJ MEDIA/VIDEO/2010's/Cam Cole - Mama.mp4,Cam Cole,Mama,RVTR788314,1,HUMAN REVIEW REQUIRED,"Existing simulation selected one candidate (RVTR788314), but no safe disposition signal.",false
/Users/bobhopp/DJ MEDIA/VIDEO/TECHNO/Fancy - Bolero.mp4,Fancy,Bolero,RVTR009565,1,HUMAN REVIEW REQUIRED,"Existing simulation selected one candidate (RVTR009565), but no safe disposition signal.",false
/Users/bobhopp/DJ MEDIA/VIDEO/2000's/Mr. Big - Shine.mp4,Mr. Big,Shine,RVTR326804,1,HUMAN REVIEW REQUIRED,"Existing simulation selected one candidate (RVTR326804), but no safe disposition signal.",false
/Users/bobhopp/DJ MEDIA/VIDEO/1980's/00.16.53.000-Ultravox - Vienna (London).mp4,Ultravox,Vienna,RVTR474524,1,HUMAN REVIEW REQUIRED,"Existing simulation selected one candidate (RVTR474524), but no safe disposition signal.",false
/Users/bobhopp/DJ MEDIA/VIDEO/2000's/Amber - Sexual.mp4,Amber,Sexual,RVTR057298,1,HUMAN REVIEW REQUIRED,"Existing simulation selected one candidate (RVTR057298), but no safe disposition signal.",false
/Users/bobhopp/DJ MEDIA/VIDEO/2000's/Anna Järvinen - Äppelöga.mp4,Anna Järvinen,Äppelöga,RVTR000686,0,NO CANONICAL CANDIDATE,No canonical candidate selected by the existing simulation.,false
/Users/bobhopp/DJ MEDIA/VIDEO/TECHNO/Madonna - Jump.mp4,Madonna,Jump,RVTR364565,1,HUMAN REVIEW REQUIRED,"Existing simulation selected one candidate (RVTR364565), but no safe disposition signal.",false
/Users/bobhopp/DJ MEDIA/VIDEO/1990's/AC_DC - Big Gun.mp4,AC/DC,Big Gun,RVTR926839,1,HUMAN REVIEW REQUIRED,"Existing simulation selected one candidate (RVTR926839), but no safe disposition signal.",false
/Users/bobhopp/DJ MEDIA/VIDEO/1970's/AC_DC - Ride On.mp4,AC/DC,Ride On,RVTR506104,1,HUMAN REVIEW REQUIRED,"Existing simulation selected one candidate (RVTR506104), but no safe disposition signal.",false
/Users/bobhopp/DJ MEDIA/VIDEO/1980's/The Cult - Edie.mp4,The Cult,Edie,RVTR596415,1,HUMAN REVIEW REQUIRED,"Existing simulation selected one candidate (RVTR596415), but no safe disposition signal.",false
/Users/bobhopp/DJ MEDIA/VIDEO/2010's/Bazzi - Myself.mp4,Bazzi,Myself,RVTR247953,1,HUMAN REVIEW REQUIRED,"Existing simulation selected one candidate (RVTR247953), but no safe disposition signal.",false
/Users/bobhopp/DJ MEDIA/VIDEO/TECHNO/OMD - Enola Gay.mp4,OMD,Enola Gay,RVTR826599,1,HUMAN REVIEW REQUIRED,"Existing simulation selected one candidate (RVTR826599), but no safe disposition signal.",false
/Users/bobhopp/DJ MEDIA/VIDEO/2010's/Cake - War Pigs.mp4,Cake,War Pigs,RVTR446934,1,HUMAN REVIEW REQUIRED,"Existing simulation selected one candidate (RVTR446934), but no safe disposition signal.",false
/Users/bobhopp/DJ MEDIA/VIDEO/1980's/KISS - Cold Gin.mp4,Kiss,Cold Gin,RVTR220181,1,HUMAN REVIEW REQUIRED,"Existing simulation selected one candidate (RVTR220181), but no safe disposition signal.",false
/Users/bobhopp/DJ MEDIA/VIDEO/2000's/Korn - Word Up!.mp4,Korn,Word Up!,RVTR580046,1,SAFE TITLE NOISE,Existing simulation selected one canonical candidate (RVTR580046); deterministic filename/tag noise.,true
/Users/bobhopp/DJ MEDIA/VIDEO/2000's/Eiffel 65 - Blue.mp4,Eiffel 65,Blue (Da Ba Dee),RVTR490377,1,SAFE TITLE NOISE,Existing simulation selected one canonical candidate (RVTR490377); deterministic filename/tag noise.,true
/Users/bobhopp/DJ MEDIA/VIDEO/1980's/Monte Video And The Cassettes - Shoop Shoop Diddy Wop Cumma Cumma Wang Dang.mp4,Monte Video And The Cassettes,Shoop Shoop Diddy Wop Cumma Cumma Wang Dang,RVTR613429,1,HUMAN REVIEW REQUIRED,"Existing simulation selected one candidate (RVTR613429), but no safe disposition signal.",false
/Users/bobhopp/DJ MEDIA/VIDEO/2010's/BTS - MIic Drop.mp4,BTS,MIic Drop,RVTR438195,1,HUMAN REVIEW REQUIRED,"Existing simulation selected one candidate (RVTR438195), but no safe disposition signal.",false
/Users/bobhopp/DJ MEDIA/VIDEO/2020's/Goose - Arcadia.mp4,Goose,Arcadia,RVTR733177,1,HUMAN REVIEW REQUIRED,"Existing simulation selected one candidate (RVTR733177), but no safe disposition signal.",false
/Users/bobhopp/DJ MEDIA/VIDEO/2020's/Maroon 5 - Lost.mp4,Maroon 5,Lost,RVTR869838,1,HUMAN REVIEW REQUIRED,"Existing simulation selected one candidate (RVTR869838), but no safe disposition signal.",false
/Users/bobhopp/DJ MEDIA/VIDEO/2000's/Shaggy - Banana.mp4,Shaggy,Banana,RVTR290800,1,HUMAN REVIEW REQUIRED,"Existing simulation selected one candidate (RVTR290800), but no safe disposition signal.",false
/Users/bobhopp/DJ MEDIA/VIDEO/1980's/ABBA - One Of Us.mp4,ABBA,One Of Us,RVTR246789,1,HUMAN REVIEW REQUIRED,"Existing simulation selected one candidate (RVTR246789), but no safe disposition signal.",false
/Users/bobhopp/DJ MEDIA/VIDEO/2010's/Muse - Dig Down.mp4,Muse,Dig Down,RVTR151271,1,HUMAN REVIEW REQUIRED,"Existing simulation selected one candidate (RVTR151271), but no safe disposition signal.",false
/Users/bobhopp/DJ MEDIA/VIDEO/2000's/No Doubt - Cool.mp4,No Doubt,Cool,RVTR385973,1,HUMAN REVIEW REQUIRED,"Existing simulation selected one candidate (RVTR385973), but no safe disposition signal.",false
/Users/bobhopp/DJ MEDIA/VIDEO/1970's/Blondie - Denis.mp4,Blondie,Denis,RVTR602625,1,HUMAN REVIEW REQUIRED,"Existing simulation selected one candidate (RVTR602625), but no safe disposition signal.",false
/Users/bobhopp/DJ MEDIA/VIDEO/1990's/Suggs - Cecilia.mp4,Suggs,Cecilia,RVTR879500,1,HUMAN REVIEW REQUIRED,"Existing simulation selected one candidate (RVTR879500), but no safe disposition signal.",false
"/Users/bobhopp/DJ MEDIA/VIDEO/1990's/Wilco - She's A Jar (1999-04-21 Irving Plaza, New York, NY) [Best Live Version!].mp4",Wilco,She's A Jar,RVTR424994,1,SAFE TITLE NOISE,Existing simulation selected one canonical candidate (RVTR424994); deterministic filename/tag noise.,true
/Users/bobhopp/DJ MEDIA/VIDEO/2000's/Cupid - Cu-Step.mp4,Cupid,Cu-Step,RVTR835056,1,HUMAN REVIEW REQUIRED,"Existing simulation selected one candidate (RVTR835056), but no safe disposition signal.",false
/Users/bobhopp/DJ MEDIA/VIDEO/1990's/Sugar Ray - Fly.mp4,Sugar Ray,Fly,RVTR585356,1,HUMAN REVIEW REQUIRED,"Existing simulation selected one candidate (RVTR585356), but no safe disposition signal.",false
/Users/bobhopp/DJ MEDIA/VIDEO/1990's/US3 - Cantaloop.mp4,US3,Cantaloop,RVTR559690,1,HUMAN REVIEW REQUIRED,"Existing simulation selected one candidate (RVTR559690), but no safe disposition signal.",false
/Users/bobhopp/DJ MEDIA/VIDEO/TECHNO/Creed - Bullets.mp4,Creed,Bullets,RVTR183314,1,HUMAN REVIEW REQUIRED,"Existing simulation selected one candidate (RVTR183314), but no safe disposition signal.",false
/Users/bobhopp/DJ MEDIA/VIDEO/1990's/98 Degrees - I Do.mp4,98 Degrees,I Do,RVTR738710,1,HUMAN REVIEW REQUIRED,"Existing simulation selected one candidate (RVTR738710), but no safe disposition signal.",false
/Users/bobhopp/DJ MEDIA/VIDEO/TECHNO/Jaicko - Oh Yeah.mp4,Jaicko,Oh Yeah,RVTR755885,1,HUMAN REVIEW REQUIRED,"Existing simulation selected one candidate (RVTR755885), but no safe disposition signal.",false
/Users/bobhopp/DJ MEDIA/VIDEO/1970's/Ozzy - Iron Man.mp4,Ozzy,Iron Man,RVTR271578,1,HUMAN REVIEW REQUIRED,"Existing simulation selected one candidate (RVTR271578), but no safe disposition signal.",false
/Users/bobhopp/DJ MEDIA/VIDEO/1970's/Chanel - My Life.mp4,Chanel,My Life,RVTR264107,1,HUMAN REVIEW REQUIRED,"Existing simulation selected one candidate (RVTR264107), but no safe disposition signal.",false
/Users/bobhopp/DJ MEDIA/VIDEO/1990's/Ween - Ocean Man.mp4,Ween,Ocean Man,RVTR365840,1,HUMAN REVIEW REQUIRED,"Existing simulation selected one candidate (RVTR365840), but no safe disposition signal.",false
/Users/bobhopp/DJ MEDIA/VIDEO/2000's/Amerie - Why R U.mp4,Amerie,Why R U,RVTR579894,1,HUMAN REVIEW REQUIRED,"Existing simulation selected one candidate (RVTR579894), but no safe disposition signal.",false
/Users/bobhopp/DJ MEDIA/VIDEO/TECHNO/Moby - Bodyrock.mp4,Moby,Bodyrock,RVTR245964,1,HUMAN REVIEW REQUIRED,"Existing simulation selected one candidate (RVTR245964), but no safe disposition signal.",false
/Users/bobhopp/DJ MEDIA/VIDEO/1990's/Sponge - Plowed.mp4,Sponge,Plowed,RVTR734901,1,HUMAN REVIEW REQUIRED,"Existing simulation selected one candidate (RVTR734901), but no safe disposition signal.",false
/Users/bobhopp/DJ MEDIA/VIDEO/2000's/Rihanna - Te Amo.mp4,Rihanna,Te Amo,RVTR639798,1,HUMAN REVIEW REQUIRED,"Existing simulation selected one candidate (RVTR639798), but no safe disposition signal.",false
/Users/bobhopp/DJ MEDIA/VIDEO/2000's/Pink - Funhouse.mp4,Pink,Funhouse,RVTR686123,1,HUMAN REVIEW REQUIRED,"Existing simulation selected one candidate (RVTR686123), but no safe disposition signal.",false
/Users/bobhopp/DJ MEDIA/VIDEO/TECHNO/Korn - Politics.mp4,Korn,Politics,RVTR502789,1,HUMAN REVIEW REQUIRED,"Existing simulation selected one candidate (RVTR502789), but no safe disposition signal.",false
/Users/bobhopp/DJ MEDIA/VIDEO/TECHNO/Travis - Closer.mp4,Travis,Closer,RVTR530240,1,HUMAN REVIEW REQUIRED,"Existing simulation selected one candidate (RVTR530240), but no safe disposition signal.",false
/Users/bobhopp/DJ MEDIA/VIDEO/1980's/Yazoo - Don't Go.mp4,Yazoo,Don't Go,RVTR605833,1,SAFE TITLE NOISE,Existing simulation selected one canonical candidate (RVTR605833); deterministic filename/tag noise.,true
/Users/bobhopp/DJ MEDIA/VIDEO/2000's/Lily Allen - LDN.mp4,Lily Allen,LDN,RVTR878953,1,HUMAN REVIEW REQUIRED,"Existing simulation selected one candidate (RVTR878953), but no safe disposition signal.",false
/Users/bobhopp/DJ MEDIA/VIDEO/2010's/CAAMP - Vagabond.mp4,CAAMP,Vagabond,RVTR459798,1,HUMAN REVIEW REQUIRED,"Existing simulation selected one candidate (RVTR459798), but no safe disposition signal.",false
/Users/bobhopp/DJ MEDIA/VIDEO/1980's/Dio - Holy Diver.mp4,Dio,Holy Diver,RVTR972759,1,HUMAN REVIEW REQUIRED,"Existing simulation selected one candidate (RVTR972759), but no safe disposition signal.",false
/Users/bobhopp/DJ MEDIA/VIDEO/1980's/Devo - Peek A Boo.mp4,Devo,Peek A Boo,RVTR195395,1,HUMAN REVIEW REQUIRED,"Existing simulation selected one candidate (RVTR195395), but no safe disposition signal.",false
/Users/bobhopp/DJ MEDIA/VIDEO/2010's/Tove Lo - Habits.MP4,Tove Lo,Habits,RVTR972059,1,HUMAN REVIEW REQUIRED,"Existing simulation selected one candidate (RVTR972059), but no safe disposition signal.",false
/Users/bobhopp/DJ MEDIA/VIDEO/2020's/Goose - So Ready.mp4,Goose,So Ready,RVTR016840,1,HUMAN REVIEW REQUIRED,"Existing simulation selected one candidate (RVTR016840), but no safe disposition signal.",false
/Users/bobhopp/DJ MEDIA/VIDEO/1950's/Chords - Sh-Boom.mp4,Chords,Sh-Boom,RVTR454830,1,HUMAN REVIEW REQUIRED,"Existing simulation selected one candidate (RVTR454830), but no safe disposition signal.",false
/Users/bobhopp/DJ MEDIA/VIDEO/2010's/Lp - Lost On You.mp4,Lp,Lost On You,RVTR635014,1,HUMAN REVIEW REQUIRED,"Existing simulation selected one candidate (RVTR635014), but no safe disposition signal.",false
/Users/bobhopp/DJ MEDIA/VIDEO/1980's/Fixx - Red Skies.mp4,Fixx,Red Skies,RVTR438106,1,HUMAN REVIEW REQUIRED,"Existing simulation selected one candidate (RVTR438106), but no safe disposition signal.",false
/Users/bobhopp/DJ MEDIA/VIDEO/1970's/Too Late - Shoes.mp4,Too Late,Shoes,RVTR645967,1,HUMAN REVIEW REQUIRED,"Existing simulation selected one candidate (RVTR645967), but no safe disposition signal.",false
/Users/bobhopp/DJ MEDIA/VIDEO/2000's/Akon - Right Now.mp4,Akon,Right Now,RVTR446795,1,HUMAN REVIEW REQUIRED,"Existing simulation selected one candidate (RVTR446795), but no safe disposition signal.",false
/Users/bobhopp/DJ MEDIA/VIDEO/2010's/Meg Myers - Numb.mp4,Meg Myers,Numb,RVTR349007,1,HUMAN REVIEW REQUIRED,"Existing simulation selected one candidate (RVTR349007), but no safe disposition signal.",false
/Users/bobhopp/DJ MEDIA/VIDEO/1970's/T Rex - Get It On.mp4,T Rex,Get It On,RVTR163128,1,HUMAN REVIEW REQUIRED,"Existing simulation selected one candidate (RVTR163128), but no safe disposition signal.",false
/Users/bobhopp/DJ MEDIA/VIDEO/2010's/Staind - Falling.mp4,Staind,Falling,RVTR987072,1,HUMAN REVIEW REQUIRED,"Existing simulation selected one candidate (RVTR987072), but no safe disposition signal.",false
"/Users/bobhopp/DJ MEDIA/VIDEO/TECHNO/Lady Gaga - Eh, Eh.mp4",Lady Gaga,"Eh, Eh",RVTR098929,1,SAFE TITLE NOISE,Existing simulation selected one canonical candidate (RVTR098929); deterministic filename/tag noise.,true
/Users/bobhopp/DJ MEDIA/VIDEO/TECHNO/Ultravox - Hymn.mp4,Ultravox,Hymn,RVTR093883,1,HUMAN REVIEW REQUIRED,"Existing simulation selected one candidate (RVTR093883), but no safe disposition signal.",false
/Users/bobhopp/DJ MEDIA/VIDEO/2020's/Hardy - Sold Out.mp4,Hardy,Sold Out,RVTR507119,1,HUMAN REVIEW REQUIRED,"Existing simulation selected one candidate (RVTR507119), but no safe disposition signal.",false
/Users/bobhopp/DJ MEDIA/VIDEO/1970's/Rush - The Trees.mp4,Rush,The Trees,RVTR098944,1,HUMAN REVIEW REQUIRED,"Existing simulation selected one candidate (RVTR098944), but no safe disposition signal.",false
/Users/bobhopp/DJ MEDIA/VIDEO/2010's/Tiësto - Red Lights.MP4,Tiësto,Red Lights,RVTR190290,1,HUMAN REVIEW REQUIRED,"Existing simulation selected one candidate (RVTR190290), but no safe disposition signal.",false
/Users/bobhopp/DJ MEDIA/VIDEO/1990's/Pearl Jam - Black.mp4,Pearl Jam,Black,RVTR882044,1,HUMAN REVIEW REQUIRED,"Existing simulation selected one candidate (RVTR882044), but no safe disposition signal.",false
/Users/bobhopp/DJ MEDIA/VIDEO/1990's/311 - All Mixed Up.mp4,311,All Mixed Up,RVTR094210,1,HUMAN REVIEW REQUIRED,"Existing simulation selected one candidate (RVTR094210), but no safe disposition signal.",false
/Users/bobhopp/DJ MEDIA/VIDEO/2010's/Chet Faker - Gold.mp4,Chet Faker,Gold,RVTR294176,1,HUMAN REVIEW REQUIRED,"Existing simulation selected one candidate (RVTR294176), but no safe disposition signal.",false
/Users/bobhopp/DJ MEDIA/VIDEO/2000's/Pink - U + Ur Hand.mp4,Pink,U + Ur Hand,RVTR602126,1,HUMAN REVIEW REQUIRED,"Existing simulation selected one candidate (RVTR602126), but no safe disposition signal.",false
/Users/bobhopp/DJ MEDIA/VIDEO/TECHNO/Tupac - Dear Mama.mp4,Tupac,Dear Mama,RVTR217226,1,HUMAN REVIEW REQUIRED,"Existing simulation selected one candidate (RVTR217226), but no safe disposition signal.",false
/Users/bobhopp/DJ MEDIA/VIDEO/2010's/Ferg - Plain Jane.mp4,Ferg,Plain Jane,RVTR553536,1,HUMAN REVIEW REQUIRED,"Existing simulation selected one candidate (RVTR553536), but no safe disposition signal.",false
/Users/bobhopp/DJ MEDIA/VIDEO/2010's/Beyoncé - Formation.mp4,Beyoncé,Formation,RVTR083209,1,HUMAN REVIEW REQUIRED,"Existing simulation selected one candidate (RVTR083209), but no safe disposition signal.",false
/Users/bobhopp/DJ MEDIA/VIDEO/1990's/Pearl Jam - Alive.mp4,Pearl Jam,Alive,RVTR205306,1,HUMAN REVIEW REQUIRED,"Existing simulation selected one candidate (RVTR205306), but no safe disposition signal.",false
/Users/bobhopp/DJ MEDIA/VIDEO/1990's/Garth Brooks - Callin’ Baton Rouge.mp4,Garth Brooks,Callin’ Baton Rouge,RVTR161115,1,SAFE TITLE NOISE,Existing simulation selected one canonical candidate (RVTR161115); deterministic filename/tag noise.,true
/Users/bobhopp/DJ MEDIA/VIDEO/2010's/Beyoncé - Partition.MP4,Beyoncé,Partition,RVTR506120,1,HUMAN REVIEW REQUIRED,"Existing simulation selected one candidate (RVTR506120), but no safe disposition signal.",false
/Users/bobhopp/DJ MEDIA/VIDEO/1960's/Donovan - Colors.mp4,Donovan,Colors,RVTR878383,1,HUMAN REVIEW REQUIRED,"Existing simulation selected one candidate (RVTR878383), but no safe disposition signal.",false
/Users/bobhopp/DJ MEDIA/VIDEO/2010's/Halsey - Control.mp4,Halsey,Control,RVTR112925,1,HUMAN REVIEW REQUIRED,"Existing simulation selected one candidate (RVTR112925), but no safe disposition signal.",false
/Users/bobhopp/DJ MEDIA/VIDEO/1990's/Sub Urban - Freak.mp4,Sub Urban,Freak,RVTR441372,1,HUMAN REVIEW REQUIRED,"Existing simulation selected one candidate (RVTR441372), but no safe disposition signal.",false
/Users/bobhopp/DJ MEDIA/VIDEO/1990's/The B-52's - Debbie.mp4,The B-52's,Debbie,RVTR058615,1,HUMAN REVIEW REQUIRED,"Existing simulation selected one candidate (RVTR058615), but no safe disposition signal.",false
/Users/bobhopp/DJ MEDIA/VIDEO/TECHNO/Jon Secada - Stop.mp4,Jon Secada,Stop,RVTR788498,1,HUMAN REVIEW REQUIRED,"Existing simulation selected one candidate (RVTR788498), but no safe disposition signal.",false
/Users/bobhopp/DJ MEDIA/VIDEO/1970's/AC_DC - Jailbreak.mp4,AC/DC,Jailbreak,RVTR437645,1,HUMAN REVIEW REQUIRED,"Existing simulation selected one candidate (RVTR437645), but no safe disposition signal.",false
/Users/bobhopp/DJ MEDIA/VIDEO/2000's/Staind - Zoe Jane.mp4,Staind,Zoe Jane,RVTR388333,1,HUMAN REVIEW REQUIRED,"Existing simulation selected one candidate (RVTR388333), but no safe disposition signal.",false
/Users/bobhopp/DJ MEDIA/VIDEO/1990's/Prince - Gett Off.mp4,Prince,Gett Off,RVTR606716,1,HUMAN REVIEW REQUIRED,"Existing simulation selected one candidate (RVTR606716), but no safe disposition signal.",false
/Users/bobhopp/DJ MEDIA/VIDEO/1970's/ABBA - Estoy Soñando.mp4,ABBA,Estoy Soñando,RVTR906091,0,NO CANONICAL CANDIDATE,No canonical candidate selected by the existing simulation.,false
/Users/bobhopp/DJ MEDIA/VIDEO/1980's/Mötley Crüe - Wild Side.mp4,Mötley Crüe,Wild Side,RVTR305748,1,HUMAN REVIEW REQUIRED,"Existing simulation selected one candidate (RVTR305748), but no safe disposition signal.",false
/Users/bobhopp/DJ MEDIA/VIDEO/1980's/Rick James - Glow.mp4,Rick James,Glow,RVTR205855,1,HUMAN REVIEW REQUIRED,"Existing simulation selected one candidate (RVTR205855), but no safe disposition signal.",false
/Users/bobhopp/DJ MEDIA/VIDEO/1970's/Rush - The Garden.mp4,Rush,The Garden,RVTR975748,1,HUMAN REVIEW REQUIRED,"Existing simulation selected one candidate (RVTR975748), but no safe disposition signal.",false
/Users/bobhopp/DJ MEDIA/VIDEO/2020's/Lorde - Mood Ring.mp4,Lorde,Mood Ring,RVTR253131,1,HUMAN REVIEW REQUIRED,"Existing simulation selected one candidate (RVTR253131), but no safe disposition signal.",false
/Users/bobhopp/DJ MEDIA/VIDEO/2010's/Elwood - Sundown.mp4,Elwood,Sundown,RVTR884330,1,HUMAN REVIEW REQUIRED,"Existing simulation selected one candidate (RVTR884330), but no safe disposition signal.",false
/Users/bobhopp/DJ MEDIA/VIDEO/1990's/OMC - How Bizarre.mp4,OMC,How Bizarre,RVTR360338,1,HUMAN REVIEW REQUIRED,"Existing simulation selected one candidate (RVTR360338), but no safe disposition signal.",false
/Users/bobhopp/DJ MEDIA/VIDEO/1970's/Pink Floyd - Time.mp4,Pink Floyd,Time,RVTR126241,1,HUMAN REVIEW REQUIRED,"Existing simulation selected one candidate (RVTR126241), but no safe disposition signal.",false
/Users/bobhopp/DJ MEDIA/VIDEO/2000's/Korn - Evolution.mp4,Korn,Evolution,RVTR557773,1,HUMAN REVIEW REQUIRED,"Existing simulation selected one candidate (RVTR557773), but no safe disposition signal.",false
/Users/bobhopp/DJ MEDIA/VIDEO/TECHNO/Sevendust - Ugly.mp4,Sevendust,Ugly,RVTR458236,1,HUMAN REVIEW REQUIRED,"Existing simulation selected one candidate (RVTR458236), but no safe disposition signal.",false
/Users/bobhopp/DJ MEDIA/VIDEO/2020's/A Wall - Loverboy.mp4,A Wall,Loverboy,RVTR212645,1,HUMAN REVIEW REQUIRED,"Existing simulation selected one candidate (RVTR212645), but no safe disposition signal.",false
/Users/bobhopp/DJ MEDIA/VIDEO/2010's/Ofenbach - Be Mine.mp4,Ofenbach,Be Mine,RVTR876269,1,HUMAN REVIEW REQUIRED,"Existing simulation selected one candidate (RVTR876269), but no safe disposition signal.",false
/Users/bobhopp/DJ MEDIA/VIDEO/1960's/Chicago - I'm a Man.mp4,Chicago,I'm a Man,RVTR927157,1,SAFE TITLE NOISE,Existing simulation selected one canonical candidate (RVTR927157); deterministic filename/tag noise.,true
/Users/bobhopp/DJ MEDIA/VIDEO/2020's/Noga Erez - Views.mp4,Noga Erez,Views,RVTR887661,1,HUMAN REVIEW REQUIRED,"Existing simulation selected one candidate (RVTR887661), but no safe disposition signal.",false
/Users/bobhopp/DJ MEDIA/VIDEO/1990's/Cher - Love Hurts.mp4,Cher,Love Hurts,RVTR512510,1,HUMAN REVIEW REQUIRED,"Existing simulation selected one candidate (RVTR512510), but no safe disposition signal.",false
/Users/bobhopp/DJ MEDIA/VIDEO/COUNTRY/FILL/Roy Clark On Fiddle & Jimmie Henley 12 yrs Old On Banjo - Orange Blossom Special.mp4,Roy Clark On Fiddle & Jimmie Henley 12 yrs Old On Banjo,Orange Blossom Special,RVTR905190,1,HUMAN REVIEW REQUIRED,"Existing simulation selected one candidate (RVTR905190), but no safe disposition signal.",false
/Users/bobhopp/DJ MEDIA/VIDEO/TECHNO/Savage - Only You.mp4,Savage,Only You,RVTR340358,1,HUMAN REVIEW REQUIRED,"Existing simulation selected one candidate (RVTR340358), but no safe disposition signal.",false
/Users/bobhopp/DJ MEDIA/VIDEO/2000's/Dj Otzi - Hey Baby.mp4,Dj Otzi,Hey Baby,RVTR577407,1,HUMAN REVIEW REQUIRED,"Existing simulation selected one candidate (RVTR577407), but no safe disposition signal.",false
/Users/bobhopp/DJ MEDIA/VIDEO/1980's/Tim Scott - Swear.mp4,Tim Scott,Swear,RVTR213828,1,HUMAN REVIEW REQUIRED,"Existing simulation selected one candidate (RVTR213828), but no safe disposition signal.",false
/Users/bobhopp/DJ MEDIA/VIDEO/1990's/Enigma - Mea Culpa.mp4,Enigma,Mea Culpa,RVTR178559,1,HUMAN REVIEW REQUIRED,"Existing simulation selected one candidate (RVTR178559), but no safe disposition signal.",false
/Users/bobhopp/DJ MEDIA/VIDEO/1990's/Prodigy - Breathe.mp4,Prodigy,Breathe,RVTR966676,1,HUMAN REVIEW REQUIRED,"Existing simulation selected one candidate (RVTR966676), but no safe disposition signal.",false
/Users/bobhopp/DJ MEDIA/VIDEO/1970's/Cruel You - Shoes.mp4,Cruel You,Shoes,RVTR921151,1,HUMAN REVIEW REQUIRED,"Existing simulation selected one candidate (RVTR921151), but no safe disposition signal.",false
/Users/bobhopp/DJ MEDIA/VIDEO/1970's/Lynyrd Skynyrd - Gimme Three Steps - Live At The Florida Theatre  2015.mp4,Lynyrd Skynyrd,Gimme Three Steps,RVTR118957,1,HUMAN REVIEW REQUIRED,"Existing simulation selected one candidate (RVTR118957), but no safe disposition signal.",false
/Users/bobhopp/DJ MEDIA/VIDEO/TECHNO/Lit - Over My Head.mp4,Lit,Over My Head,RVTR584446,1,HUMAN REVIEW REQUIRED,"Existing simulation selected one candidate (RVTR584446), but no safe disposition signal.",false
/Users/bobhopp/DJ MEDIA/VIDEO/2000's/Mystikal - Danger.mp4,Mystikal,Danger,RVTR149166,1,HUMAN REVIEW REQUIRED,"Existing simulation selected one candidate (RVTR149166), but no safe disposition signal.",false
/Users/bobhopp/DJ MEDIA/VIDEO/1980's/Book Of Love - Boy.mp4,Book Of Love,Boy,RVTR067027,1,HUMAN REVIEW REQUIRED,"Existing simulation selected one candidate (RVTR067027), but no safe disposition signal.",false
/Users/bobhopp/DJ MEDIA/VIDEO/2000's/Agnes - Release Me.mp4,Agnes,Release Me,RVTR096206,1,HUMAN REVIEW REQUIRED,"Existing simulation selected one candidate (RVTR096206), but no safe disposition signal.",false
/Users/bobhopp/DJ MEDIA/VIDEO/2000's/Staind - Epiphany.mp4,Staind,Epiphany,RVTR145116,1,HUMAN REVIEW REQUIRED,"Existing simulation selected one candidate (RVTR145116), but no safe disposition signal.",false
/Users/bobhopp/DJ MEDIA/VIDEO/1990's/Pearl Jam - Oceans.mp4,Pearl Jam,Oceans,RVTR237860,1,HUMAN REVIEW REQUIRED,"Existing simulation selected one candidate (RVTR237860), but no safe disposition signal.",false
/Users/bobhopp/DJ MEDIA/VIDEO/2010's/HUGO - 99 Problems.mp4,HUGO,99 Problems,RVTR808056,1,HUMAN REVIEW REQUIRED,"Existing simulation selected one candidate (RVTR808056), but no safe disposition signal.",false
/Users/bobhopp/DJ MEDIA/VIDEO/1980's/Devo - Girl U Want.mp4,Devo,Girl U Want,RVTR986424,1,HUMAN REVIEW REQUIRED,"Existing simulation selected one candidate (RVTR986424), but no safe disposition signal.",false
/Users/bobhopp/DJ MEDIA/VIDEO/2020's/Yungblud - Linger.mp4,Yungblud,Linger,RVTR552216,1,HUMAN REVIEW REQUIRED,"Existing simulation selected one candidate (RVTR552216), but no safe disposition signal.",false
/Users/bobhopp/DJ MEDIA/VIDEO/1990's/Sonia Dada - Lover.mp4,Sonia Dada,Lover,RVTR606992,1,HUMAN REVIEW REQUIRED,"Existing simulation selected one candidate (RVTR606992), but no safe disposition signal.",false
/Users/bobhopp/DJ MEDIA/VIDEO/1970's/Genesis - Ripples.mp4,Genesis,Ripples,RVTR129966,1,HUMAN REVIEW REQUIRED,"Existing simulation selected one candidate (RVTR129966), but no safe disposition signal.",false
/Users/bobhopp/DJ MEDIA/VIDEO/2020's/OneRepublic - Run.mp4,OneRepublic,Run,RVTR277638,1,HUMAN REVIEW REQUIRED,"Existing simulation selected one candidate (RVTR277638), but no safe disposition signal.",false
/Users/bobhopp/DJ MEDIA/VIDEO/1960's/Cream - I feel free.mp4,Cream,I feel free,RVTR279832,1,HUMAN REVIEW REQUIRED,"Existing simulation selected one candidate (RVTR279832), but no safe disposition signal.",false
/Users/bobhopp/DJ MEDIA/VIDEO/2010's/Lil Tecca - Ransom.mp4,Lil Tecca,Ransom,RVTR879533,1,HUMAN REVIEW REQUIRED,"Existing simulation selected one candidate (RVTR879533), but no safe disposition signal.",false
/Users/bobhopp/DJ MEDIA/VIDEO/2010's/Beyoncé - Love On Top.mp4,Beyoncé,Love On Top,RVTR840915,1,HUMAN REVIEW REQUIRED,"Existing simulation selected one candidate (RVTR840915), but no safe disposition signal.",false
/Users/bobhopp/DJ MEDIA/VIDEO/2010's/Staind - Not Again.mp4,Staind,Not Again,RVTR611723,1,HUMAN REVIEW REQUIRED,"Existing simulation selected one candidate (RVTR611723), but no safe disposition signal.",false
/Users/bobhopp/DJ MEDIA/VIDEO/2010's/Tesla - I Love You.mp4,Tesla,I Love You,RVTR264243,1,HUMAN REVIEW REQUIRED,"Existing simulation selected one candidate (RVTR264243), but no safe disposition signal.",false
/Users/bobhopp/DJ MEDIA/VIDEO/1990's/Candlebox - Change.mp4,Candlebox,Change,RVTR753293,1,HUMAN REVIEW REQUIRED,"Existing simulation selected one candidate (RVTR753293), but no safe disposition signal.",false
/Users/bobhopp/DJ MEDIA/VIDEO/1990's/Wilco - She's A Jar.mp4,Wilco,She's A Jar,RVTR424994,1,SAFE TITLE NOISE,Existing simulation selected one canonical candidate (RVTR424994); deterministic filename/tag noise.,true
/Users/bobhopp/DJ MEDIA/VIDEO/2010's/TroyBoi - Do You_.mp4,TroyBoi,Do You?,RVTR797604,1,SAFE TITLE NOISE,Existing simulation selected one canonical candidate (RVTR797604); deterministic filename/tag noise.,true
/Users/bobhopp/DJ MEDIA/VIDEO/1990's/Pearl Jam - Jeremy.mp4,Pearl Jam,Jeremy,RVTR065340,1,HUMAN REVIEW REQUIRED,"Existing simulation selected one candidate (RVTR065340), but no safe disposition signal.",false
/Users/bobhopp/DJ MEDIA/VIDEO/1980's/Kix - Blow My Fuse.mp4,Kix,Blow My Fuse,RVTR258445,1,HUMAN REVIEW REQUIRED,"Existing simulation selected one candidate (RVTR258445), but no safe disposition signal.",false
/Users/bobhopp/DJ MEDIA/VIDEO/TECHNO/Tamperer - Feel It.mp4,Tamperer,Feel It,RVTR370540,1,HUMAN REVIEW REQUIRED,"Existing simulation selected one candidate (RVTR370540), but no safe disposition signal.",false
/Users/bobhopp/DJ MEDIA/VIDEO/1990's/Fastball - The Way.mp4,Fastball,The Way,RVTR761595,1,HUMAN REVIEW REQUIRED,"Existing simulation selected one candidate (RVTR761595), but no safe disposition signal.",false
/Users/bobhopp/DJ MEDIA/VIDEO/2010's/Earl - Tongue Tied.mp4,Earl,Tongue Tied,RVTR088178,1,HUMAN REVIEW REQUIRED,"Existing simulation selected one candidate (RVTR088178), but no safe disposition signal.",false
/Users/bobhopp/DJ MEDIA/VIDEO/1980's/Dokken - Walk Away.mp4,Dokken,Walk Away,RVTR052460,1,HUMAN REVIEW REQUIRED,"Existing simulation selected one candidate (RVTR052460), but no safe disposition signal.",false
/Users/bobhopp/DJ MEDIA/VIDEO/1970's/Joe Walsh - Funk 49.mp4,Joe Walsh,Funk 49,RVTR412783,1,HUMAN REVIEW REQUIRED,"Existing simulation selected one candidate (RVTR412783), but no safe disposition signal.",false
/Users/bobhopp/DJ MEDIA/VIDEO/1980's/Ozzy - Mr Crowley.mp4,Ozzy,Mr Crowley,RVTR591702,1,HUMAN REVIEW REQUIRED,"Existing simulation selected one candidate (RVTR591702), but no safe disposition signal.",false
/Users/bobhopp/DJ MEDIA/VIDEO/2010's/Lana Del Rey - Cola.mp4,Lana Del Rey,Cola,RVTR849270,1,HUMAN REVIEW REQUIRED,"Existing simulation selected one candidate (RVTR849270), but no safe disposition signal.",false
/Users/bobhopp/DJ MEDIA/VIDEO/1970's/Styx - Madame Blue.mp4,Styx,Madame Blue,RVTR155809,1,HUMAN REVIEW REQUIRED,"Existing simulation selected one candidate (RVTR155809), but no safe disposition signal.",false
/Users/bobhopp/DJ MEDIA/VIDEO/2010's/Lana Del Rey - Ride.mp4,Lana Del Rey,Ride,RVTR391513,1,HUMAN REVIEW REQUIRED,"Existing simulation selected one candidate (RVTR391513), but no safe disposition signal.",false
/Users/bobhopp/DJ MEDIA/VIDEO/2010's/Meg Myers - Desire.mp4,Meg Myers,Desire,RVTR207784,1,HUMAN REVIEW REQUIRED,"Existing simulation selected one candidate (RVTR207784), but no safe disposition signal.",false
/Users/bobhopp/DJ MEDIA/VIDEO/1980's/Ultravox - Vienna.mp4,Ultravox,Vienna,RVTR474524,1,HUMAN REVIEW REQUIRED,"Existing simulation selected one candidate (RVTR474524), but no safe disposition signal.",false
/Users/bobhopp/DJ MEDIA/VIDEO/2000's/Mr C - Cha Cha Slide.mp4,Mr C,Cha Cha Slide,RVTR797143,1,HUMAN REVIEW REQUIRED,"Existing simulation selected one candidate (RVTR797143), but no safe disposition signal.",false
/Users/bobhopp/DJ MEDIA/VIDEO/1970's/T-Rex - Bang-A-Gong.mp4,T-Rex,Bang-A-Gong,RVTR473287,1,HUMAN REVIEW REQUIRED,"Existing simulation selected one candidate (RVTR473287), but no safe disposition signal.",false
/Users/bobhopp/DJ MEDIA/VIDEO/1960's/Cream - I Feel Free .mp4,Cream,I Feel Free,RVTR279832,1,HUMAN REVIEW REQUIRED,"Existing simulation selected one candidate (RVTR279832), but no safe disposition signal.",false
/Users/bobhopp/DJ MEDIA/VIDEO/1990's/Ween - Voodoo Lady.mp4,Ween,Voodoo Lady,RVTR021208,1,HUMAN REVIEW REQUIRED,"Existing simulation selected one candidate (RVTR021208), but no safe disposition signal.",false
/Users/bobhopp/DJ MEDIA/VIDEO/2000's/Nelly - Number One.mp4,Nelly,Number One,RVTR376128,1,HUMAN REVIEW REQUIRED,"Existing simulation selected one candidate (RVTR376128), but no safe disposition signal.",false
/Users/bobhopp/DJ MEDIA/VIDEO/TECHNO/P.O.D. - Lights Out.mp4,P.O.D.,Lights Out,RVTR989372,1,HUMAN REVIEW REQUIRED,"Existing simulation selected one candidate (RVTR989372), but no safe disposition signal.",false
/Users/bobhopp/DJ MEDIA/VIDEO/TECHNO/Staxx Of Joy - Joy.mp4,Staxx Of Joy,Joy,RVTR463846,1,HUMAN REVIEW REQUIRED,"Existing simulation selected one candidate (RVTR463846), but no safe disposition signal.",false
/Users/bobhopp/DJ MEDIA/VIDEO/1980's/Yazoo - Situation.mp4,Yazoo,Situation,RVTR838692,1,HUMAN REVIEW REQUIRED,"Existing simulation selected one candidate (RVTR838692), but no safe disposition signal.",false
/Users/bobhopp/DJ MEDIA/VIDEO/TECHNO/Dido - Here With Me.mp4,Dido,Here With Me,RVTR556093,1,HUMAN REVIEW REQUIRED,"Existing simulation selected one candidate (RVTR556093), but no safe disposition signal.",false
/Users/bobhopp/DJ MEDIA/VIDEO/1990's/Daft Punk - Da Funk.mp4,Daft Punk,Da Funk,RVTR706202,1,HUMAN REVIEW REQUIRED,"Existing simulation selected one candidate (RVTR706202), but no safe disposition signal.",false
/Users/bobhopp/DJ MEDIA/VIDEO/1990's/Cher - Dove L'amore.mp4,Cher,Dove L'amore,RVTR122291,1,SAFE TITLE NOISE,Existing simulation selected one canonical candidate (RVTR122291); deterministic filename/tag noise.,true
/Users/bobhopp/DJ MEDIA/VIDEO/2000's/Black Caviar - Coco.mp4,Black Caviar,Coco,RVTR201002,1,HUMAN REVIEW REQUIRED,"Existing simulation selected one candidate (RVTR201002), but no safe disposition signal.",false
/Users/bobhopp/DJ MEDIA/VIDEO/2010's/Saint Motel - Move.mp4,Saint Motel,Move,RVTR755139,1,HUMAN REVIEW REQUIRED,"Existing simulation selected one candidate (RVTR755139), but no safe disposition signal.",false
/Users/bobhopp/DJ MEDIA/VIDEO/1970's/Link Wray - Rumble.mp4,Link Wray,Rumble,RVTR945741,1,HUMAN REVIEW REQUIRED,"Existing simulation selected one candidate (RVTR945741), but no safe disposition signal.",false
/Users/bobhopp/DJ MEDIA/VIDEO/COUNTRY/FILL/Johnny Cash - Hurt.mp4,Johnny Cash,Hurt,RVTR951558,1,HUMAN REVIEW REQUIRED,"Existing simulation selected one candidate (RVTR951558), but no safe disposition signal.",false
/Users/bobhopp/DJ MEDIA/VIDEO/1980's/Europe - Tomorrow.mp4,Europe,Tomorrow,RVTR442834,1,HUMAN REVIEW REQUIRED,"Existing simulation selected one candidate (RVTR442834), but no safe disposition signal.",false
/Users/bobhopp/DJ MEDIA/VIDEO/1980's/Bronsky Beat - Why.mp4,Bronsky Beat,Why,RVTR484815,1,HUMAN REVIEW REQUIRED,"Existing simulation selected one candidate (RVTR484815), but no safe disposition signal.",false
/Users/bobhopp/DJ MEDIA/VIDEO/2010's/Earl - Tongue Tied .mp4,Earl,Tongue Tied,RVTR088178,1,HUMAN REVIEW REQUIRED,"Existing simulation selected one candidate (RVTR088178), but no safe disposition signal.",false
/Users/bobhopp/DJ MEDIA/VIDEO/2010's/Sneakout - Play It.mp4,Sneakout,Play It,RVTR818704,1,HUMAN REVIEW REQUIRED,"Existing simulation selected one candidate (RVTR818704), but no safe disposition signal.",false
/Users/bobhopp/DJ MEDIA/VIDEO/1990's/Bodeans - Fade Away.mp4,Bodeans,Fade Away,RVTR799242,1,HUMAN REVIEW REQUIRED,"Existing simulation selected one candidate (RVTR799242), but no safe disposition signal.",false
/Users/bobhopp/DJ MEDIA/VIDEO/2010's/Little Mix - Touch.mp4,Little Mix,Touch,RVTR473384,1,HUMAN REVIEW REQUIRED,"Existing simulation selected one candidate (RVTR473384), but no safe disposition signal.",false
/Users/bobhopp/DJ MEDIA/VIDEO/TECHNO/Staind - All I Want.mp4,Staind,All I Want,RVTR705515,1,HUMAN REVIEW REQUIRED,"Existing simulation selected one candidate (RVTR705515), but no safe disposition signal.",false
/Users/bobhopp/DJ MEDIA/VIDEO/1970's/The Doors - The End.mp4,The Doors,The End,RVTR396641,1,HUMAN REVIEW REQUIRED,"Existing simulation selected one candidate (RVTR396641), but no safe disposition signal.",false
/Users/bobhopp/DJ MEDIA/VIDEO/1990's/Cake - The Distance.mp4,Cake,The Distance,RVTR254133,1,HUMAN REVIEW REQUIRED,"Existing simulation selected one candidate (RVTR254133), but no safe disposition signal.",false
"/Users/bobhopp/DJ MEDIA/VIDEO/2000's/Prince, Tom Petty, Jeff Lynne and Steve Winwood - While My Guitar Gently Weeps.mp4","Prince, Tom Petty, Jeff Lynne and Steve Winwood",While My Guitar Gently Weeps,RVTR434539,1,HUMAN REVIEW REQUIRED,"Existing simulation selected one candidate (RVTR434539), but no safe disposition signal.",false
/Users/bobhopp/DJ MEDIA/VIDEO/2000's/Korn - Got The Life.mp4,Korn,Got The Life,RVTR645107,1,HUMAN REVIEW REQUIRED,"Existing simulation selected one candidate (RVTR645107), but no safe disposition signal.",false
/Users/bobhopp/DJ MEDIA/VIDEO/TECHNO/FKW - Seize The Day.mp4,FKW,Seize The Day,RVTR150094,1,HUMAN REVIEW REQUIRED,"Existing simulation selected one candidate (RVTR150094), but no safe disposition signal.",false
/Users/bobhopp/DJ MEDIA/VIDEO/1990's/Sublime - Santeria.mp4,Sublime,Santeria,RVTR061021,1,HUMAN REVIEW REQUIRED,"Existing simulation selected one candidate (RVTR061021), but no safe disposition signal.",false
/Users/bobhopp/DJ MEDIA/VIDEO/2010's/Little Mix - Power.mp4,Little Mix,Power,RVTR941121,1,HUMAN REVIEW REQUIRED,"Existing simulation selected one candidate (RVTR941121), but no safe disposition signal.",false
/Users/bobhopp/DJ MEDIA/VIDEO/2010's/Reignwolf - Keeper.mp4,Reignwolf,Keeper,RVTR348644,1,HUMAN REVIEW REQUIRED,"Existing simulation selected one candidate (RVTR348644), but no safe disposition signal.",false
/Users/bobhopp/DJ MEDIA/VIDEO/2020's/Klypso - Low Rider.mp4,Klypso,Low Rider,RVTR421323,1,HUMAN REVIEW REQUIRED,"Existing simulation selected one candidate (RVTR421323), but no safe disposition signal.",false
/Users/bobhopp/DJ MEDIA/VIDEO/1990's/R. Kelly - Down Low.mp4,R. Kelly,Down Low,RVTR573722,1,HUMAN REVIEW REQUIRED,"Existing simulation selected one candidate (RVTR573722), but no safe disposition signal.",false
/Users/bobhopp/DJ MEDIA/VIDEO/2010's/MXMS - Gravedigger.mp4,MXMS,Gravedigger,RVTR802406,1,HUMAN REVIEW REQUIRED,"Existing simulation selected one candidate (RVTR802406), but no safe disposition signal.",false
/Users/bobhopp/DJ MEDIA/VIDEO/2000's/Two Sisters Polka.mp4,The Chardon Polka Band,Two Sisters Polka,RVTR936629,1,HUMAN REVIEW REQUIRED,"Existing simulation selected one candidate (RVTR936629), but no safe disposition signal.",false
/Users/bobhopp/DJ MEDIA/VIDEO/2010's/The Vamps - Cecilia.mp4,The Vamps,Oh Cecilia,RVTR702989,1,HUMAN REVIEW REQUIRED,"Existing simulation selected one candidate (RVTR702989), but no safe disposition signal.",false
/Users/bobhopp/DJ MEDIA/VIDEO/TECHNO/Pop Evil - 100 In A 55.mp4,Pop Evil,100 In A 55,RVTR014861,1,HUMAN REVIEW REQUIRED,"Existing simulation selected one candidate (RVTR014861), but no safe disposition signal.",false
/Users/bobhopp/DJ MEDIA/VIDEO/1980's/AC_DC - Hells Bells.mp4,AC/DC,Hells Bells,RVTR086604,1,HUMAN REVIEW REQUIRED,"Existing simulation selected one candidate (RVTR086604), but no safe disposition signal.",false
/Users/bobhopp/DJ MEDIA/VIDEO/2000's/Mya - Case Of The Ex.mp4,Mya,Case Of The Ex,RVTR864620,1,HUMAN REVIEW REQUIRED,"Existing simulation selected one candidate (RVTR864620), but no safe disposition signal.",false
/Users/bobhopp/DJ MEDIA/VIDEO/TECHNO/Awesome 3 - Don't Go.mp4,Awesome 3,Don't Go,RVTR383649,1,SAFE TITLE NOISE,Existing simulation selected one canonical candidate (RVTR383649); deterministic filename/tag noise.,true
/Users/bobhopp/DJ MEDIA/VIDEO/COUNTRY/FILL/Toby Keith - Me Too.mp4,Toby Keith,Me Too,RVTR751445,1,HUMAN REVIEW REQUIRED,"Existing simulation selected one candidate (RVTR751445), but no safe disposition signal.",false
/Users/bobhopp/DJ MEDIA/VIDEO/1980's/Def Leppard - Woman.mp4,Def Leppard,Woman,RVTR783709,1,HUMAN REVIEW REQUIRED,"Existing simulation selected one candidate (RVTR783709), but no safe disposition signal.",false
/Users/bobhopp/DJ MEDIA/VIDEO/TECHNO/Pepper - Give It Up.mp4,Pepper,Give It Up,RVTR302825,1,HUMAN REVIEW REQUIRED,"Existing simulation selected one candidate (RVTR302825), but no safe disposition signal.",false
/Users/bobhopp/DJ MEDIA/VIDEO/2010's/Tei Shi - Basically.mp4,Tei Shi,Basically,RVTR272272,1,HUMAN REVIEW REQUIRED,"Existing simulation selected one candidate (RVTR272272), but no safe disposition signal.",false
/Users/bobhopp/DJ MEDIA/VIDEO/1980's/Robin Gibb - Juliet.mp4,Robin Gibb,Juliet,RVTR394852,1,HUMAN REVIEW REQUIRED,"Existing simulation selected one candidate (RVTR394852), but no safe disposition signal.",false
/Users/bobhopp/DJ MEDIA/VIDEO/TECHNO/AZ Yet - Last Night.mp4,AZ Yet,Last Night,RVTR292225,1,HUMAN REVIEW REQUIRED,"Existing simulation selected one candidate (RVTR292225), but no safe disposition signal.",false
/Users/bobhopp/DJ MEDIA/VIDEO/1960's/Batman - The Batusi.mp4,Batman,The Batusi,RVTR706899,1,HUMAN REVIEW REQUIRED,"Existing simulation selected one candidate (RVTR706899), but no safe disposition signal.",false
/Users/bobhopp/DJ MEDIA/VIDEO/1990's/Tom Waits - Hold On.mp4,Tom Waits,Hold On,RVTR052451,1,HUMAN REVIEW REQUIRED,"Existing simulation selected one candidate (RVTR052451), but no safe disposition signal.",false
/Users/bobhopp/DJ MEDIA/VIDEO/1970's/Mocedades - Eres Tu.mp4,Mocedades,Eres Tu,RVTR365819,1,HUMAN REVIEW REQUIRED,"Existing simulation selected one candidate (RVTR365819), but no safe disposition signal.",false
/Users/bobhopp/DJ MEDIA/VIDEO/2010's/The HU - Wolf Totem.mp4,The HU,Wolf Totem,RVTR131251,1,HUMAN REVIEW REQUIRED,"Existing simulation selected one candidate (RVTR131251), but no safe disposition signal.",false
/Users/bobhopp/DJ MEDIA/VIDEO/2020's/The HU - Wolf Totem.mp4,The HU,Wolf Totem,RVTR131251,1,HUMAN REVIEW REQUIRED,"Existing simulation selected one candidate (RVTR131251), but no safe disposition signal.",false
/Users/bobhopp/DJ MEDIA/VIDEO/TECHNO/Soda Club - Someday.mp4,Soda Club,Someday,RVTR372422,1,HUMAN REVIEW REQUIRED,"Existing simulation selected one candidate (RVTR372422), but no safe disposition signal.",false
/Users/bobhopp/DJ MEDIA/VIDEO/1980's/Beach Boys - Kokomo.mp4,Beach Boys,Kokomo,RVTR624060,1,HUMAN REVIEW REQUIRED,"Existing simulation selected one candidate (RVTR624060), but no safe disposition signal.",false
/Users/bobhopp/DJ MEDIA/VIDEO/2020's/Khalid - New Normal.mp4,Khalid,New Normal,RVTR775432,1,HUMAN REVIEW REQUIRED,"Existing simulation selected one candidate (RVTR775432), but no safe disposition signal.",false
/Users/bobhopp/DJ MEDIA/VIDEO/2000's/Jeremih - Imma Star.mp4,Jeremih,Imma Star,RVTR304427,1,HUMAN REVIEW REQUIRED,"Existing simulation selected one candidate (RVTR304427), but no safe disposition signal.",false
/Users/bobhopp/DJ MEDIA/VIDEO/2000's/Lady Gaga - Monster.mp4,Lady Gaga,Monster,RVTR316821,1,HUMAN REVIEW REQUIRED,"Existing simulation selected one candidate (RVTR316821), but no safe disposition signal.",false
/Users/bobhopp/DJ MEDIA/VIDEO/TECHNO/Danzel - Pump It Up.mp4,Danzel,Pump It Up,RVTR155088,1,HUMAN REVIEW REQUIRED,"Existing simulation selected one candidate (RVTR155088), but no safe disposition signal.",false
/Users/bobhopp/DJ MEDIA/VIDEO/1980's/Zapp - Doo Wa Ditty.mp4,Zapp,Doo Wa Ditty,RVTR749424,1,HUMAN REVIEW REQUIRED,"Existing simulation selected one candidate (RVTR749424), but no safe disposition signal.",false
/Users/bobhopp/DJ MEDIA/VIDEO/1990's/Phish - Bathtub Gin.mp4,Phish,Bathtub Gin,RVTR965809,1,HUMAN REVIEW REQUIRED,"Existing simulation selected one candidate (RVTR965809), but no safe disposition signal.",false
/Users/bobhopp/DJ MEDIA/VIDEO/2020's/Bakar - The Mission.mp4,Bakar,The Mission,RVTR380964,1,HUMAN REVIEW REQUIRED,"Existing simulation selected one candidate (RVTR380964), but no safe disposition signal.",false
/Users/bobhopp/DJ MEDIA/VIDEO/2000's/Trick Daddy - Sugar.mp4,Trick Daddy,Sugar,RVTR972028,1,HUMAN REVIEW REQUIRED,"Existing simulation selected one candidate (RVTR972028), but no safe disposition signal.",false
/Users/bobhopp/DJ MEDIA/VIDEO/1990's/Christians - Words.mp4,Christians,Words,RVTR553038,1,HUMAN REVIEW REQUIRED,"Existing simulation selected one candidate (RVTR553038), but no safe disposition signal.",false
/Users/bobhopp/DJ MEDIA/VIDEO/2020's/LP - When We're High.mp4,LP,When We're High,RVTR258785,1,SAFE TITLE NOISE,Existing simulation selected one canonical candidate (RVTR258785); deterministic filename/tag noise.,true
/Users/bobhopp/DJ MEDIA/VIDEO/1980's/Prince - Sexuality.mp4,Prince,Sexuality,RVTR964315,1,HUMAN REVIEW REQUIRED,"Existing simulation selected one candidate (RVTR964315), but no safe disposition signal.",false
/Users/bobhopp/DJ MEDIA/VIDEO/TECHNO/Wolfmother - Woman.mp4,Wolfmother,Woman,RVTR280754,1,HUMAN REVIEW REQUIRED,"Existing simulation selected one candidate (RVTR280754), but no safe disposition signal.",false
/Users/bobhopp/DJ MEDIA/VIDEO/1990's/Oasis - Supersonic.mp4,Oasis,Supersonic,RVTR302190,1,HUMAN REVIEW REQUIRED,"Existing simulation selected one candidate (RVTR302190), but no safe disposition signal.",false
/Users/bobhopp/DJ MEDIA/VIDEO/1990's/Limp Bizkit - Faith.mp4,Limp Bizkit,Faith,RVTR623206,1,HUMAN REVIEW REQUIRED,"Existing simulation selected one candidate (RVTR623206), but no safe disposition signal.",false
/Users/bobhopp/DJ MEDIA/VIDEO/1970's/B.T. Express - Do It.mp4,B.T. Express,Do It,RVTR299102,1,HUMAN REVIEW REQUIRED,"Existing simulation selected one candidate (RVTR299102), but no safe disposition signal.",false
/Users/bobhopp/DJ MEDIA/VIDEO/1970's/Boney M. - Rasputin.mp4,Boney M.,Rasputin,RVTR645972,1,HUMAN REVIEW REQUIRED,"Existing simulation selected one candidate (RVTR645972), but no safe disposition signal.",false
/Users/bobhopp/DJ MEDIA/VIDEO/1990's/Warren G - Regulate.mp4,Warren G,Regulate,RVTR038046,1,HUMAN REVIEW REQUIRED,"Existing simulation selected one candidate (RVTR038046), but no safe disposition signal.",false
/Users/bobhopp/DJ MEDIA/VIDEO/2000's/Beyoncé - Sweet Dreams.mp4,Beyoncé,Sweet Dreams,RVTR904611,1,HUMAN REVIEW REQUIRED,"Existing simulation selected one candidate (RVTR904611), but no safe disposition signal.",false
/Users/bobhopp/DJ MEDIA/VIDEO/2000's/Pitbull - Get Ready.mp4,Pitbull,Get Ready,RVTR132321,1,HUMAN REVIEW REQUIRED,"Existing simulation selected one candidate (RVTR132321), but no safe disposition signal.",false
/Users/bobhopp/DJ MEDIA/VIDEO/1980's/Dokken - The Hunter.mp4,Dokken,The Hunter,RVTR630673,1,HUMAN REVIEW REQUIRED,"Existing simulation selected one candidate (RVTR630673), but no safe disposition signal.",false
/Users/bobhopp/DJ MEDIA/VIDEO/TECHNO/Anberlin - Godspeed.mp4,Anberlin,Godspeed,RVTR311544,1,HUMAN REVIEW REQUIRED,"Existing simulation selected one candidate (RVTR311544), but no safe disposition signal.",false
/Users/bobhopp/DJ MEDIA/VIDEO/TECHNO/Kerli - Love Is Dead.mp4,Kerli,Love Is Dead,RVTR753238,1,HUMAN REVIEW REQUIRED,"Existing simulation selected one candidate (RVTR753238), but no safe disposition signal.",false
/Users/bobhopp/DJ MEDIA/VIDEO/1990's/Robyn - Do You Know.mp4,Robyn,Do You Know,RVTR260044,1,HUMAN REVIEW REQUIRED,"Existing simulation selected one candidate (RVTR260044), but no safe disposition signal.",false
/Users/bobhopp/DJ MEDIA/VIDEO/1990's/Ween - Freedom of '76.mp4,Ween,Freedom of '76,RVTR115788,1,SAFE TITLE NOISE,Existing simulation selected one canonical candidate (RVTR115788); deterministic filename/tag noise.,true
/Users/bobhopp/DJ MEDIA/VIDEO/2010's/Pop Evil - Trenches.mp4,Pop Evil,Trenches,RVTR765132,1,HUMAN REVIEW REQUIRED,"Existing simulation selected one candidate (RVTR765132), but no safe disposition signal.",false
/Users/bobhopp/DJ MEDIA/VIDEO/1960's/Yardbirds - Blow Up.mp4,Yardbirds,Blow Up,RVTR767917,1,HUMAN REVIEW REQUIRED,"Existing simulation selected one candidate (RVTR767917), but no safe disposition signal.",false
/Users/bobhopp/DJ MEDIA/VIDEO/1980's/AC_DC - Who Made Who.mp4,AC/DC,Who Made Who,RVTR378025,1,HUMAN REVIEW REQUIRED,"Existing simulation selected one candidate (RVTR378025), but no safe disposition signal.",false
/Users/bobhopp/DJ MEDIA/VIDEO/1980's/Pink Floyd - Mother.mp4,Pink Floyd,Mother,RVTR699224,1,HUMAN REVIEW REQUIRED,"Existing simulation selected one candidate (RVTR699224), but no safe disposition signal.",false
/Users/bobhopp/DJ MEDIA/VIDEO/2010's/T-Pain - Booty Wurk.mp4,T-Pain,Booty Wurk,RVTR978715,1,HUMAN REVIEW REQUIRED,"Existing simulation selected one candidate (RVTR978715), but no safe disposition signal.",false
/Users/bobhopp/DJ MEDIA/VIDEO/2000's/Shakira - Objection.mp4,Shakira,Objection,RVTR300282,1,HUMAN REVIEW REQUIRED,"Existing simulation selected one candidate (RVTR300282), but no safe disposition signal.",false
/Users/bobhopp/DJ MEDIA/VIDEO/1990's/Sublime - Pawn Shop.mp4,Sublime,Pawn Shop,RVTR501720,1,HUMAN REVIEW REQUIRED,"Existing simulation selected one candidate (RVTR501720), but no safe disposition signal.",false
/Users/bobhopp/DJ MEDIA/VIDEO/2010's/Adele - Send My Love.mp4,Adele,Send My Love,RVTR089704,1,HUMAN REVIEW REQUIRED,"Existing simulation selected one candidate (RVTR089704), but no safe disposition signal.",false
/Users/bobhopp/DJ MEDIA/VIDEO/1970's/The Faces - Ooh La La.mp4,The Faces,Ooh La La,RVTR404234,1,HUMAN REVIEW REQUIRED,"Existing simulation selected one candidate (RVTR404234), but no safe disposition signal.",false
/Users/bobhopp/DJ MEDIA/VIDEO/1990's/Tori Amos - Crucify.mp4,Tori Amos,Crucify,RVTR487478,1,HUMAN REVIEW REQUIRED,"Existing simulation selected one candidate (RVTR487478), but no safe disposition signal.",false
/Users/bobhopp/DJ MEDIA/VIDEO/2020's/NLE Choppa - Mmm Hmm.mp4,NLE Choppa,Mmm Hmm,RVTR928954,1,HUMAN REVIEW REQUIRED,"Existing simulation selected one candidate (RVTR928954), but no safe disposition signal.",false
/Users/bobhopp/DJ MEDIA/VIDEO/2010's/K.Flay - Make Me Fade.mp4,K.Flay,Make Me Fade,RVTR215868,1,HUMAN REVIEW REQUIRED,"Existing simulation selected one candidate (RVTR215868), but no safe disposition signal.",false
"/Users/bobhopp/DJ MEDIA/VIDEO/2020's/MilkNBones - Miss You, The Happiest Days of Our Lives, Another Brick in The Wall.mp4",MilkNBones,"Miss You, The Happiest Days of Our Lives, Another Brick in The Wall",RVTR245781,1,SAFE TITLE NOISE,Existing simulation selected one canonical candidate (RVTR245781); deterministic filename/tag noise.,true
/Users/bobhopp/DJ MEDIA/VIDEO/1960's/Sam & Dave - Soul Man.mp4,Sam & Dave,Soul Man,RVTR283688,1,HUMAN REVIEW REQUIRED,"Existing simulation selected one candidate (RVTR283688), but no safe disposition signal.",false
/Users/bobhopp/DJ MEDIA/VIDEO/1980's/Mötley Crüe - Dr. Feelgood.mp4,Mötley Crüe,Dr. Feelgood,RVTR442671,1,SAFE TITLE NOISE,Existing simulation selected one canonical candidate (RVTR442671); deterministic filename/tag noise.,true
/Users/bobhopp/DJ MEDIA/VIDEO/1990's/Kid Rock - Bawitdaba.mp4,Kid Rock,Bawitdaba,RVTR664641,1,HUMAN REVIEW REQUIRED,"Existing simulation selected one candidate (RVTR664641), but no safe disposition signal.",false
/Users/bobhopp/DJ MEDIA/VIDEO/1990's/Shaggy - Boombastic.mp4,Shaggy,Boombastic,RVTR992917,1,HUMAN REVIEW REQUIRED,"Existing simulation selected one candidate (RVTR992917), but no safe disposition signal.",false
/Users/bobhopp/DJ MEDIA/VIDEO/1980's/Tom Petty - Refugee.mp4,Tom Petty,Refugee,RVTR887642,1,HUMAN REVIEW REQUIRED,"Existing simulation selected one candidate (RVTR887642), but no safe disposition signal.",false
/Users/bobhopp/DJ MEDIA/VIDEO/2010's/Adele - Rumor Has It.mp4,Adele,Rumor Has It,RVTR185559,1,HUMAN REVIEW REQUIRED,"Existing simulation selected one candidate (RVTR185559), but no safe disposition signal.",false
/Users/bobhopp/DJ MEDIA/VIDEO/2010's/K.Flay - High Enough.mp4,K.Flay,High Enough,RVTR547728,1,HUMAN REVIEW REQUIRED,"Existing simulation selected one candidate (RVTR547728), but no safe disposition signal.",false
/Users/bobhopp/DJ MEDIA/VIDEO/1990's/Bel Biv Devoe - Do Me.mp4,Bel Biv Devoe,Do Me,RVTR044417,1,HUMAN REVIEW REQUIRED,"Existing simulation selected one candidate (RVTR044417), but no safe disposition signal.",false
/Users/bobhopp/DJ MEDIA/VIDEO/1990's/GZA - Liquid Swords.mp4,GZA,Liquid Swords,RVTR982291,1,HUMAN REVIEW REQUIRED,"Existing simulation selected one candidate (RVTR982291), but no safe disposition signal.",false
/Users/bobhopp/DJ MEDIA/VIDEO/2000's/Pink - Stupid Girls.mp4,Pink,Stupid Girls,RVTR358029,1,HUMAN REVIEW REQUIRED,"Existing simulation selected one candidate (RVTR358029), but no safe disposition signal.",false
/Users/bobhopp/DJ MEDIA/VIDEO/2010's/Sinkane - Telephone.mp4,Sinkane,Telephone,RVTR704736,1,HUMAN REVIEW REQUIRED,"Existing simulation selected one candidate (RVTR704736), but no safe disposition signal.",false
/Users/bobhopp/DJ MEDIA/VIDEO/TECHNO/Seether - Breakdown.mp4,Seether,Breakdown,RVTR726744,1,HUMAN REVIEW REQUIRED,"Existing simulation selected one candidate (RVTR726744), but no safe disposition signal.",false
/Users/bobhopp/DJ MEDIA/VIDEO/2010's/21 Pilots - Heathens.mp4,21 Pilots,Heathens,RVTR696966,1,HUMAN REVIEW REQUIRED,"Existing simulation selected one candidate (RVTR696966), but no safe disposition signal.",false
/Users/bobhopp/DJ MEDIA/VIDEO/1990's/Diana King - Shy Guy.mp4,Diana King,Shy Guy,RVTR244761,1,HUMAN REVIEW REQUIRED,"Existing simulation selected one candidate (RVTR244761), but no safe disposition signal.",false
/Users/bobhopp/DJ MEDIA/VIDEO/1990's/Sublime - Wrong Way.mp4,Sublime,Wrong Way,RVTR601835,1,HUMAN REVIEW REQUIRED,"Existing simulation selected one candidate (RVTR601835), but no safe disposition signal.",false
/Users/bobhopp/DJ MEDIA/VIDEO/1990's/Tupac - I Get Around.mp4,Tupac,I Get Around,RVTR283059,1,HUMAN REVIEW REQUIRED,"Existing simulation selected one candidate (RVTR283059), but no safe disposition signal.",false
/Users/bobhopp/DJ MEDIA/VIDEO/2000's/No Doubt - Rich Girl.mp4,No Doubt,Rich Girl,RVTR353922,1,HUMAN REVIEW REQUIRED,"Existing simulation selected one candidate (RVTR353922), but no safe disposition signal.",false
/Users/bobhopp/DJ MEDIA/VIDEO/1970's/Dolly Parton - Down.mp4,Dolly Parton,Down,RVTR084586,1,HUMAN REVIEW REQUIRED,"Existing simulation selected one candidate (RVTR084586), but no safe disposition signal.",false
/Users/bobhopp/DJ MEDIA/VIDEO/1980's/Art of Noise - Close.mp4,Art of Noise,Close,RVTR554312,1,HUMAN REVIEW REQUIRED,"Existing simulation selected one candidate (RVTR554312), but no safe disposition signal.",false
/Users/bobhopp/DJ MEDIA/VIDEO/1980's/Inner City - Big Fun.mp4,Inner City,Big Fun,RVTR106679,1,HUMAN REVIEW REQUIRED,"Existing simulation selected one candidate (RVTR106679), but no safe disposition signal.",false
/Users/bobhopp/DJ MEDIA/VIDEO/1990's/Godhead - Nitzer Ebb.mp4,Godhead,Nitzer Ebb,RVTR275442,1,HUMAN REVIEW REQUIRED,"Existing simulation selected one candidate (RVTR275442), but no safe disposition signal.",false
/Users/bobhopp/DJ MEDIA/VIDEO/1990's/T-Spoon - Delicious.mp4,T-Spoon,Delicious,RVTR467646,1,HUMAN REVIEW REQUIRED,"Existing simulation selected one candidate (RVTR467646), but no safe disposition signal.",false
/Users/bobhopp/DJ MEDIA/VIDEO/2020's/Aiyana - Lee Bedroom.mp4,Aiyana,Lee Bedroom,RVTR565839,1,HUMAN REVIEW REQUIRED,"Existing simulation selected one candidate (RVTR565839), but no safe disposition signal.",false
/Users/bobhopp/DJ MEDIA/VIDEO/2020's/Cannons - Hurricane.mp4,Cannons,Hurricane,RVTR777961,1,HUMAN REVIEW REQUIRED,"Existing simulation selected one candidate (RVTR777961), but no safe disposition signal.",false
/Users/bobhopp/DJ MEDIA/VIDEO/1990's/Black Flag - King's X.mp4,King's X,Black Flag,RVTR903114,1,HUMAN REVIEW REQUIRED,"Existing simulation selected one candidate (RVTR903114), but no safe disposition signal.",false
/Users/bobhopp/DJ MEDIA/VIDEO/1990's/King's X - Black Flag.mp4,King's X,Black Flag,RVTR903114,1,HUMAN REVIEW REQUIRED,"Existing simulation selected one candidate (RVTR903114), but no safe disposition signal.",false
/Users/bobhopp/DJ MEDIA/VIDEO/1990's/Pixies - Alec Eiffel.mp4,Pixies,Alec Eiffel,RVTR428590,1,HUMAN REVIEW REQUIRED,"Existing simulation selected one candidate (RVTR428590), but no safe disposition signal.",false
/Users/bobhopp/DJ MEDIA/VIDEO/2020's/Aurora - Cure For Me.mp4,Aurora,Cure For Me,RVTR669298,1,HUMAN REVIEW REQUIRED,"Existing simulation selected one candidate (RVTR669298), but no safe disposition signal.",false
/Users/bobhopp/DJ MEDIA/VIDEO/1970's/Kiss - Black Diamond.mp4,Kiss,Black Diamond,RVTR546320,1,HUMAN REVIEW REQUIRED,"Existing simulation selected one candidate (RVTR546320), but no safe disposition signal.",false
/Users/bobhopp/DJ MEDIA/VIDEO/1970's/Queen - Bicycle Race.mp4,Queen,Bicycle Race,RVTR138903,1,HUMAN REVIEW REQUIRED,"Existing simulation selected one candidate (RVTR138903), but no safe disposition signal.",false
"/Users/bobhopp/DJ MEDIA/VIDEO/TECHNO/DJ Jean - Launch, The.mp4",DJ Jean,"Launch, The",RVTR978553,1,SAFE TITLE NOISE,Existing simulation selected one canonical candidate (RVTR978553); deterministic filename/tag noise.,true
/Users/bobhopp/DJ MEDIA/VIDEO/1990's/Everclear - Am Radio.mp4,Everclear,Am Radio,RVTR129716,1,HUMAN REVIEW REQUIRED,"Existing simulation selected one candidate (RVTR129716), but no safe disposition signal.",false
/Users/bobhopp/DJ MEDIA/VIDEO/TECHNO/Saving Abel - 18 Days.mp4,Saving Abel,18 Days,RVTR297615,1,HUMAN REVIEW REQUIRED,"Existing simulation selected one candidate (RVTR297615), but no safe disposition signal.",false
/Users/bobhopp/DJ MEDIA/VIDEO/TECHNO/Madonna - Everybody.mp4,Madonna,Everybody,RVTR678675,1,HUMAN REVIEW REQUIRED,"Existing simulation selected one candidate (RVTR678675), but no safe disposition signal.",false
/Users/bobhopp/DJ MEDIA/VIDEO/1990's/Sublime - What I Got.mp4,Sublime,What I Got,RVTR793170,1,HUMAN REVIEW REQUIRED,"Existing simulation selected one candidate (RVTR793170), but no safe disposition signal.",false
/Users/bobhopp/DJ MEDIA/VIDEO/1980's/Scorpions - The Zoo.mp4,Scorpions,The Zoo,RVTR159288,1,HUMAN REVIEW REQUIRED,"Existing simulation selected one candidate (RVTR159288), but no safe disposition signal.",false
/Users/bobhopp/DJ MEDIA/VIDEO/1990's/Midland - Mr. Lonely.mp4,Midland,Mr. Lonely,RVTR991350,1,SAFE TITLE NOISE,Existing simulation selected one canonical candidate (RVTR991350); deterministic filename/tag noise.,true
/Users/bobhopp/DJ MEDIA/VIDEO/2000's/Hauser - Wicked Game.mp4,Hauser,Wicked Game,RVTR095097,1,HUMAN REVIEW REQUIRED,"Existing simulation selected one candidate (RVTR095097), but no safe disposition signal.",false
/Users/bobhopp/DJ MEDIA/VIDEO/TECHNO/Goldfrapp - Number 1.mp4,Goldfrapp,Number 1,RVTR056789,1,HUMAN REVIEW REQUIRED,"Existing simulation selected one candidate (RVTR056789), but no safe disposition signal.",false
/Users/bobhopp/DJ MEDIA/VIDEO/2000's/The Roots - The Seed.mp4,The Roots,The Seed,RVTR180625,1,HUMAN REVIEW REQUIRED,"Existing simulation selected one candidate (RVTR180625), but no safe disposition signal.",false
"/Users/bobhopp/DJ MEDIA/VIDEO/TECHNO/Killers, The - Bones.mp4","Killers, The",Bones,RVTR349736,1,HUMAN REVIEW REQUIRED,"Existing simulation selected one candidate (RVTR349736), but no safe disposition signal.",false
/Users/bobhopp/DJ MEDIA/VIDEO/1960's/The Shadows - Apache.mp4,The Shadows,Apache,RVTR436495,1,HUMAN REVIEW REQUIRED,"Existing simulation selected one candidate (RVTR436495), but no safe disposition signal.",false
/Users/bobhopp/DJ MEDIA/VIDEO/1970's/Blondie - X Offender.mp4,Blondie,X Offender,RVTR633569,1,HUMAN REVIEW REQUIRED,"Existing simulation selected one candidate (RVTR633569), but no safe disposition signal.",false
"/Users/bobhopp/DJ MEDIA/VIDEO/1990's/Dawn Penn - No, No No.mp4",Dawn Penn,"No, No No",RVTR749386,1,SAFE TITLE NOISE,Existing simulation selected one canonical candidate (RVTR749386); deterministic filename/tag noise.,true
/Users/bobhopp/DJ MEDIA/VIDEO/1980's/Ferry Aid - Let It Be.mp4,Ferry Aid,Let It Be,RVTR310567,1,HUMAN REVIEW REQUIRED,"Existing simulation selected one candidate (RVTR310567), but no safe disposition signal.",false
/Users/bobhopp/DJ MEDIA/VIDEO/TECHNO/Madonna - Hollywood.mp4,Madonna,Hollywood,RVTR223122,1,HUMAN REVIEW REQUIRED,"Existing simulation selected one candidate (RVTR223122), but no safe disposition signal.",false
/Users/bobhopp/DJ MEDIA/VIDEO/2000's/Depeche Mode - Wrong.mp4,Depeche Mode,Wrong,RVTR704017,1,HUMAN REVIEW REQUIRED,"Existing simulation selected one candidate (RVTR704017), but no safe disposition signal.",false
/Users/bobhopp/DJ MEDIA/VIDEO/2000's/Hello Goodbye - Here.mp4,Hello Goodbye,Here,RVTR668602,1,HUMAN REVIEW REQUIRED,"Existing simulation selected one candidate (RVTR668602), but no safe disposition signal.",false
/Users/bobhopp/DJ MEDIA/VIDEO/2000's/Beyoncé - Crazy In Love.mp4,Beyoncé,Crazy In Love,RVTR429676,1,HUMAN REVIEW REQUIRED,"Existing simulation selected one candidate (RVTR429676), but no safe disposition signal.",false
/Users/bobhopp/DJ MEDIA/VIDEO/1980's/Lene Lovich - Angels.mp4,Lene Lovich,Angels,RVTR548204,1,HUMAN REVIEW REQUIRED,"Existing simulation selected one candidate (RVTR548204), but no safe disposition signal.",false
/Users/bobhopp/DJ MEDIA/VIDEO/1970's/David Bowie - Heroes.mp4,David Bowie,Heroes,RVTR358811,1,HUMAN REVIEW REQUIRED,"Existing simulation selected one candidate (RVTR358811), but no safe disposition signal.",false
/Users/bobhopp/DJ MEDIA/VIDEO/1980's/David Bowie - Heroes.mp4,David Bowie,Heroes,RVTR358811,1,HUMAN REVIEW REQUIRED,"Existing simulation selected one candidate (RVTR358811), but no safe disposition signal.",false
/Users/bobhopp/DJ MEDIA/VIDEO/1990's/OAR - About Mr Brown.mp4,OAR,About Mr Brown,RVTR132286,1,HUMAN REVIEW REQUIRED,"Existing simulation selected one candidate (RVTR132286), but no safe disposition signal.",false
/Users/bobhopp/DJ MEDIA/VIDEO/2010's/Anna Kendrick - Cups.mp4,Anna Kendrick,Cups,RVTR351049,1,HUMAN REVIEW REQUIRED,"Existing simulation selected one candidate (RVTR351049), but no safe disposition signal.",false
/Users/bobhopp/DJ MEDIA/VIDEO/1980's/Erasure - Oh L'Amour.mp4,Erasure,Oh L'Amour,RVTR592026,1,SAFE TITLE NOISE,Existing simulation selected one canonical candidate (RVTR592026); deterministic filename/tag noise.,true
/Users/bobhopp/DJ MEDIA/VIDEO/1980's/Fancy - Chinese Eyes.mp4,Fancy,Chinese Eyes,RVTR232247,1,HUMAN REVIEW REQUIRED,"Existing simulation selected one candidate (RVTR232247), but no safe disposition signal.",false
/Users/bobhopp/DJ MEDIA/VIDEO/2010's/Cat Clyde - Mama Said.mp4,Cat Clyde,Mama Said,RVTR707416,1,HUMAN REVIEW REQUIRED,"Existing simulation selected one candidate (RVTR707416), but no safe disposition signal.",false
/Users/bobhopp/DJ MEDIA/VIDEO/TECHNO/French Affair - Sexy.mp4,French Affair,Sexy,RVTR242808,1,HUMAN REVIEW REQUIRED,"Existing simulation selected one candidate (RVTR242808), but no safe disposition signal.",false
/Users/bobhopp/DJ MEDIA/VIDEO/1990's/Rob Zombie - Dragula.mp4,Rob Zombie,Dragula,RVTR454081,1,HUMAN REVIEW REQUIRED,"Existing simulation selected one candidate (RVTR454081), but no safe disposition signal.",false
/Users/bobhopp/DJ MEDIA/VIDEO/TECHNO/Powerman 5000 - Relax.mp4,Powerman 5000,Relax,RVTR817292,1,HUMAN REVIEW REQUIRED,"Existing simulation selected one candidate (RVTR817292), but no safe disposition signal.",false
/Users/bobhopp/DJ MEDIA/VIDEO/1990's/Lou Bega - Mambo No. 5.mp4,Lou Bega,Mambo No. 5,RVTR923612,1,SAFE TITLE NOISE,Existing simulation selected one canonical candidate (RVTR923612); deterministic filename/tag noise.,true
/Users/bobhopp/DJ MEDIA/VIDEO/1960's/Cream - Strange Brew.mp4,Cream,Strange Brew,RVTR745918,1,HUMAN REVIEW REQUIRED,"Existing simulation selected one candidate (RVTR745918), but no safe disposition signal.",false
/Users/bobhopp/DJ MEDIA/VIDEO/1990's/Taj Mahal - Queen Bee.mp4,Taj Mahal,Queen Bee,RVTR439653,1,HUMAN REVIEW REQUIRED,"Existing simulation selected one candidate (RVTR439653), but no safe disposition signal.",false
/Users/bobhopp/DJ MEDIA/VIDEO/1980's/Dokken - Heaven Sent.mp4,Dokken,Heaven Sent,RVTR468945,1,HUMAN REVIEW REQUIRED,"Existing simulation selected one candidate (RVTR468945), but no safe disposition signal.",false
/Users/bobhopp/DJ MEDIA/VIDEO/1980's/Erasure - Sometimes.mp4,Erasure,Sometimes,RVTR041182,1,HUMAN REVIEW REQUIRED,"Existing simulation selected one candidate (RVTR041182), but no safe disposition signal.",false
/Users/bobhopp/DJ MEDIA/VIDEO/2010's/Tei Shi - Bassically.mp4,Tei Shi,Bassically,RVTR228396,1,HUMAN REVIEW REQUIRED,"Existing simulation selected one candidate (RVTR228396), but no safe disposition signal.",false
/Users/bobhopp/DJ MEDIA/VIDEO/1980's/Mötley Crüe - Without You.mp4,Mötley Crüe,Without You,RVTR902526,1,HUMAN REVIEW REQUIRED,"Existing simulation selected one candidate (RVTR902526), but no safe disposition signal.",false
/Users/bobhopp/DJ MEDIA/VIDEO/1980's/Chilliwack - My Girl.mp4,Chilliwack,My Girl,RVTR125092,1,HUMAN REVIEW REQUIRED,"Existing simulation selected one candidate (RVTR125092), but no safe disposition signal.",false
/Users/bobhopp/DJ MEDIA/VIDEO/1980's/R.E.M. - Orange Crush.mp4,R.E.M.,Orange Crush,RVTR933086,1,HUMAN REVIEW REQUIRED,"Existing simulation selected one candidate (RVTR933086), but no safe disposition signal.",false
/Users/bobhopp/DJ MEDIA/VIDEO/2010's/The Struts - Royals.mp4,The Struts,Royals,RVTR099415,1,HUMAN REVIEW REQUIRED,"Existing simulation selected one candidate (RVTR099415), but no safe disposition signal.",false
/Users/bobhopp/DJ MEDIA/VIDEO/COUNTRY/FILL/Clay Walker - Napkin.mp4,Clay Walker,Napkin,RVTR083151,1,HUMAN REVIEW REQUIRED,"Existing simulation selected one candidate (RVTR083151), but no safe disposition signal.",false
/Users/bobhopp/DJ MEDIA/VIDEO/TECHNO/UB40 - Kingston Town.mp4,UB40,Kingston Town,RVTR845754,1,HUMAN REVIEW REQUIRED,"Existing simulation selected one candidate (RVTR845754), but no safe disposition signal.",false
/Users/bobhopp/DJ MEDIA/VIDEO/2020's/Beyoncé - Texas Hold 'em.mp4,Beyoncé,Texas Hold 'em,RVTR913603,1,SAFE TITLE NOISE,Existing simulation selected one canonical candidate (RVTR913603); deterministic filename/tag noise.,true
/Users/bobhopp/DJ MEDIA/VIDEO/1990's/Inner Circle - Sweat.mp4,Inner Circle,Sweat,RVTR588817,1,HUMAN REVIEW REQUIRED,"Existing simulation selected one candidate (RVTR588817), but no safe disposition signal.",false
/Users/bobhopp/DJ MEDIA/VIDEO/1990's/Pearl Jam - Evenflow.mp4,Pearl Jam,Evenflow,RVTR684761,1,HUMAN REVIEW REQUIRED,"Existing simulation selected one candidate (RVTR684761), but no safe disposition signal.",false
/Users/bobhopp/DJ MEDIA/VIDEO/2010's/Emeli Sandé - Next To Me.mp4,Emeli Sandé,Next To Me,RVTR514666,1,HUMAN REVIEW REQUIRED,"Existing simulation selected one candidate (RVTR514666), but no safe disposition signal.",false
/Users/bobhopp/DJ MEDIA/VIDEO/2000's/Shaggy - Freaky Girl.mp4,Shaggy,Freaky Girl,RVTR390345,1,HUMAN REVIEW REQUIRED,"Existing simulation selected one candidate (RVTR390345), but no safe disposition signal.",false
/Users/bobhopp/DJ MEDIA/VIDEO/TECHNO/Kaiser Chiefs - Ruby.mp4,Kaiser Chiefs,Ruby,RVTR751909,1,HUMAN REVIEW REQUIRED,"Existing simulation selected one candidate (RVTR751909), but no safe disposition signal.",false
/Users/bobhopp/DJ MEDIA/VIDEO/1980's/The Cult - Lil' Devil.mp4,The Cult,Lil' Devil,RVTR556998,1,SAFE TITLE NOISE,Existing simulation selected one canonical candidate (RVTR556998); deterministic filename/tag noise.,true
/Users/bobhopp/DJ MEDIA/VIDEO/1990's/Quail - What You Got.mp4,Quail,What You Got,RVTR386276,1,HUMAN REVIEW REQUIRED,"Existing simulation selected one candidate (RVTR386276), but no safe disposition signal.",false
/Users/bobhopp/DJ MEDIA/VIDEO/2010's/Doja Cat - Go To Town.mp4,Doja Cat,Go To Town,RVTR000337,1,HUMAN REVIEW REQUIRED,"Existing simulation selected one candidate (RVTR000337), but no safe disposition signal.",false
/Users/bobhopp/DJ MEDIA/VIDEO/1970's/Jim Croce - Operator.mp4,Jim Croce,Operator,RVTR517125,1,HUMAN REVIEW REQUIRED,"Existing simulation selected one candidate (RVTR517125), but no safe disposition signal.",false
/Users/bobhopp/DJ MEDIA/VIDEO/1970's/Santana - Samba Pa Ti.mp4,Santana,Samba Pa Ti,RVTR037101,1,HUMAN REVIEW REQUIRED,"Existing simulation selected one candidate (RVTR037101), but no safe disposition signal.",false
/Users/bobhopp/DJ MEDIA/VIDEO/2010's/Rita Ora - Your Song.mp4,Rita Ora,Your Song,RVTR445612,1,HUMAN REVIEW REQUIRED,"Existing simulation selected one candidate (RVTR445612), but no safe disposition signal.",false
/Users/bobhopp/DJ MEDIA/VIDEO/1990's/RuPaul - Supermodel.mp4,RuPaul,Supermodel,RVTR093546,1,HUMAN REVIEW REQUIRED,"Existing simulation selected one candidate (RVTR093546), but no safe disposition signal.",false
/Users/bobhopp/DJ MEDIA/VIDEO/TECHNO/Junior Jack - E Samba.mp4,Junior Jack,E Samba,RVTR805019,1,HUMAN REVIEW REQUIRED,"Existing simulation selected one candidate (RVTR805019), but no safe disposition signal.",false
/Users/bobhopp/DJ MEDIA/VIDEO/1960's/The Beatles - Misery.mp4,The Beatles,Misery,RVTR531406,1,HUMAN REVIEW REQUIRED,"Existing simulation selected one candidate (RVTR531406), but no safe disposition signal.",false
/Users/bobhopp/DJ MEDIA/VIDEO/2000's/Disturbed - Stupify.mp4,Disturbed,Stupify,RVTR890628,1,HUMAN REVIEW REQUIRED,"Existing simulation selected one candidate (RVTR890628), but no safe disposition signal.",false
/Users/bobhopp/DJ MEDIA/VIDEO/2000's/Green Day - Longview.mp4,Green Day,Longview,RVTR035800,1,HUMAN REVIEW REQUIRED,"Existing simulation selected one candidate (RVTR035800), but no safe disposition signal.",false
/Users/bobhopp/DJ MEDIA/VIDEO/1980's/Public Enemy - Night Of The Living Baseheads (Dope Version) (Official Music Video).mp4,Public Enemy,Night Of The Living Baseheads,RVTR980698,1,HUMAN REVIEW REQUIRED,"Existing simulation selected one candidate (RVTR980698), but no safe disposition signal.",false
/Users/bobhopp/DJ MEDIA/VIDEO/TECHNO/Spice Girls - Holler.mp4,Spice Girls,Holler,RVTR618720,1,HUMAN REVIEW REQUIRED,"Existing simulation selected one candidate (RVTR618720), but no safe disposition signal.",false
/Users/bobhopp/DJ MEDIA/VIDEO/1980's/Exposé - Seasons Change.mp4,Exposé,Seasons Change,RVTR813261,1,HUMAN REVIEW REQUIRED,"Existing simulation selected one candidate (RVTR813261), but no safe disposition signal.",false
/Users/bobhopp/DJ MEDIA/VIDEO/2010's/YC f._Future - Racks.mp4,YC f./Future,Racks,RVTR866851,1,HUMAN REVIEW REQUIRED,"Existing simulation selected one candidate (RVTR866851), but no safe disposition signal.",false
/Users/bobhopp/DJ MEDIA/VIDEO/2000's/Goldfrapp - Ooh La La.mp4,Goldfrapp,Ooh La La,RVTR941279,1,HUMAN REVIEW REQUIRED,"Existing simulation selected one candidate (RVTR941279), but no safe disposition signal.",false
/Users/bobhopp/DJ MEDIA/VIDEO/TECHNO/Goldfrapp - Ooh La La.mp4,Goldfrapp,Ooh La La,RVTR941279,1,HUMAN REVIEW REQUIRED,"Existing simulation selected one candidate (RVTR941279), but no safe disposition signal.",false
/Users/bobhopp/DJ MEDIA/VIDEO/1980's/RUN DMC - Sucker MC's.mp4,RUN DMC,Sucker MC's,RVTR124228,1,SAFE TITLE NOISE,Existing simulation selected one canonical candidate (RVTR124228); deterministic filename/tag noise.,true
/Users/bobhopp/DJ MEDIA/VIDEO/1960's/Bo Diddley - On Stage.mp4,Bo Diddley,On Stage,RVTR833149,1,HUMAN REVIEW REQUIRED,"Existing simulation selected one candidate (RVTR833149), but no safe disposition signal.",false
/Users/bobhopp/DJ MEDIA/VIDEO/TECHNO/Red - Breathe Into Me.mp4,Red,Breathe Into Me,RVTR113744,1,HUMAN REVIEW REQUIRED,"Existing simulation selected one candidate (RVTR113744), but no safe disposition signal.",false
/Users/bobhopp/DJ MEDIA/VIDEO/1980's/Exposé - Come Go with Me.mp4,Exposé,Come Go with Me,RVTR318971,1,HUMAN REVIEW REQUIRED,"Existing simulation selected one candidate (RVTR318971), but no safe disposition signal.",false
/Users/bobhopp/DJ MEDIA/VIDEO/1980's/Prince - Purple Rain.mp4,Prince,Purple Rain,RVTR821014,1,HUMAN REVIEW REQUIRED,"Existing simulation selected one candidate (RVTR821014), but no safe disposition signal.",false
/Users/bobhopp/DJ MEDIA/VIDEO/2000's/Big Unk - Walk It Out.mp4,Big Unk,Walk It Out,RVTR942388,1,HUMAN REVIEW REQUIRED,"Existing simulation selected one candidate (RVTR942388), but no safe disposition signal.",false
/Users/bobhopp/DJ MEDIA/VIDEO/2000's/Foo Fighters - Big Me.mp4,Foo Fighters,Big Me,RVTR991676,1,HUMAN REVIEW REQUIRED,"Existing simulation selected one candidate (RVTR991676), but no safe disposition signal.",false
/Users/bobhopp/DJ MEDIA/VIDEO/1990's/Beck - New Pollution.mp4,Beck,New Pollution,RVTR462251,1,HUMAN REVIEW REQUIRED,"Existing simulation selected one candidate (RVTR462251), but no safe disposition signal.",false
/Users/bobhopp/DJ MEDIA/VIDEO/1990's/The Black Keys - LoHi.mp4,The Black Keys,LoHi,RVTR444013,1,HUMAN REVIEW REQUIRED,"Existing simulation selected one candidate (RVTR444013), but no safe disposition signal.",false
/Users/bobhopp/DJ MEDIA/VIDEO/TECHNO/The Alarm - Rescue Me.mp4,The Alarm,Rescue Me,RVTR331292,1,HUMAN REVIEW REQUIRED,"Existing simulation selected one candidate (RVTR331292), but no safe disposition signal.",false
/Users/bobhopp/DJ MEDIA/VIDEO/TECHNO/Tom Waits - Lie To Me.mp4,Tom Waits,Lie To Me,RVTR445218,1,HUMAN REVIEW REQUIRED,"Existing simulation selected one candidate (RVTR445218), but no safe disposition signal.",false
/Users/bobhopp/DJ MEDIA/VIDEO/2000's/Angel City - Sunrise.mp4,Angel City,Sunrise,RVTR598691,1,HUMAN REVIEW REQUIRED,"Existing simulation selected one candidate (RVTR598691), but no safe disposition signal.",false
/Users/bobhopp/DJ MEDIA/VIDEO/TECHNO/Brainbug - Nightmare.mp4,Brainbug,Nightmare,RVTR546420,1,HUMAN REVIEW REQUIRED,"Existing simulation selected one candidate (RVTR546420), but no safe disposition signal.",false
/Users/bobhopp/DJ MEDIA/VIDEO/1980's/Kiss - I Love It Loud.mp4,Kiss,I Love It Loud,RVTR898031,1,HUMAN REVIEW REQUIRED,"Existing simulation selected one candidate (RVTR898031), but no safe disposition signal.",false
/Users/bobhopp/DJ MEDIA/VIDEO/TECHNO/Green Day - St. Jimmy.mp4,Green Day,St. Jimmy,RVTR168235,1,SAFE TITLE NOISE,Existing simulation selected one canonical candidate (RVTR168235); deterministic filename/tag noise.,true
/Users/bobhopp/DJ MEDIA/VIDEO/1980's/Shriekback - Nemesis.mp4,Shriekback,Nemesis,RVTR884204,1,HUMAN REVIEW REQUIRED,"Existing simulation selected one candidate (RVTR884204), but no safe disposition signal.",false
/Users/bobhopp/DJ MEDIA/VIDEO/1990's/Ozzy - No More Tears.mp4,Ozzy,No More Tears,RVTR974588,1,HUMAN REVIEW REQUIRED,"Existing simulation selected one candidate (RVTR974588), but no safe disposition signal.",false
/Users/bobhopp/DJ MEDIA/VIDEO/TECHNO/Hard Fi - Hard To Beat.mp4,Hard Fi,Hard To Beat,RVTR813853,1,HUMAN REVIEW REQUIRED,"Existing simulation selected one candidate (RVTR813853), but no safe disposition signal.",false
/Users/bobhopp/DJ MEDIA/VIDEO/1980's/Clash - Train In Vain.mp4,The Clash,Train In Vain,RVTR960963,1,HUMAN REVIEW REQUIRED,"Existing simulation selected one candidate (RVTR960963), but no safe disposition signal.",false
/Users/bobhopp/DJ MEDIA/VIDEO/1990's/Dolly Parton - Shine.mp4,Dolly Parton,Shine,RVTR461569,1,HUMAN REVIEW REQUIRED,"Existing simulation selected one candidate (RVTR461569), but no safe disposition signal.",false
/Users/bobhopp/DJ MEDIA/VIDEO/TECHNO/Incubus - Make A Move.mp4,Incubus,Make A Move,RVTR629400,1,HUMAN REVIEW REQUIRED,"Existing simulation selected one candidate (RVTR629400), but no safe disposition signal.",false
/Users/bobhopp/DJ MEDIA/VIDEO/1980's/Cinderella - Shake Me.mp4,Cinderella,Shake Me,RVTR207941,1,HUMAN REVIEW REQUIRED,"Existing simulation selected one candidate (RVTR207941), but no safe disposition signal.",false
/Users/bobhopp/DJ MEDIA/VIDEO/1980's/The Flirts - Passion.mp4,The Flirts,Passion,RVTR324261,1,HUMAN REVIEW REQUIRED,"Existing simulation selected one candidate (RVTR324261), but no safe disposition signal.",false
/Users/bobhopp/DJ MEDIA/VIDEO/1990's/Cajmere - Percolator.mp4,Cajmere,Percolator,RVTR915200,1,HUMAN REVIEW REQUIRED,"Existing simulation selected one candidate (RVTR915200), but no safe disposition signal.",false
/Users/bobhopp/DJ MEDIA/VIDEO/1990's/Cardigans - Lovefool.mp4,Cardigans,Lovefool,RVTR968712,1,HUMAN REVIEW REQUIRED,"Existing simulation selected one candidate (RVTR968712), but no safe disposition signal.",false
/Users/bobhopp/DJ MEDIA/VIDEO/2000's/Weezer - Buddy Holly.mp4,Weezer,Buddy Holly,RVTR460316,1,HUMAN REVIEW REQUIRED,"Existing simulation selected one candidate (RVTR460316), but no safe disposition signal.",false
/Users/bobhopp/DJ MEDIA/VIDEO/1990's/GWAR - Jack The World.mp4,GWAR,Jack The World,RVTR205110,1,HUMAN REVIEW REQUIRED,"Existing simulation selected one candidate (RVTR205110), but no safe disposition signal.",false
/Users/bobhopp/DJ MEDIA/VIDEO/2010's/Lorde - The Love Club.mp4,Lorde,The Love Club,RVTR064589,1,HUMAN REVIEW REQUIRED,"Existing simulation selected one candidate (RVTR064589), but no safe disposition signal.",false
/Users/bobhopp/DJ MEDIA/VIDEO/2020's/Mabel - Let Them Know.mp4,Mabel,Let Them Know,RVTR406698,1,HUMAN REVIEW REQUIRED,"Existing simulation selected one candidate (RVTR406698), but no safe disposition signal.",false
/Users/bobhopp/DJ MEDIA/VIDEO/1970's/Etta James - W-O-M-A-N.mp4,Etta James,W-O-M-A-N,RVTR003103,1,HUMAN REVIEW REQUIRED,"Existing simulation selected one candidate (RVTR003103), but no safe disposition signal.",false
/Users/bobhopp/DJ MEDIA/VIDEO/1980's/The Band - Evangeline.mp4,The Band,Evangeline,RVTR697948,1,HUMAN REVIEW REQUIRED,"Existing simulation selected one candidate (RVTR697948), but no safe disposition signal.",false
/Users/bobhopp/DJ MEDIA/VIDEO/2010's/Major Lazer - Lean On.mp4,Major Lazer,Lean On,RVTR940148,1,HUMAN REVIEW REQUIRED,"Existing simulation selected one candidate (RVTR940148), but no safe disposition signal.",false
/Users/bobhopp/DJ MEDIA/VIDEO/2000's/Angel City - Touch Me.mp4,Angel City,Touch Me,RVTR087696,1,HUMAN REVIEW REQUIRED,"Existing simulation selected one candidate (RVTR087696), but no safe disposition signal.",false
/Users/bobhopp/DJ MEDIA/VIDEO/1980's/Cure - Boys Don't Cry.mp4,Cure,Boys Don't Cry,RVTR314375,1,SAFE TITLE NOISE,Existing simulation selected one canonical candidate (RVTR314375); deterministic filename/tag noise.,true
/Users/bobhopp/DJ MEDIA/VIDEO/1980's/Barry Manilow - Stay.mp4,Barry Manilow,Stay,RVTR725447,1,HUMAN REVIEW REQUIRED,"Existing simulation selected one candidate (RVTR725447), but no safe disposition signal.",false
/Users/bobhopp/DJ MEDIA/VIDEO/TECHNO/Hoobastank - My Turn.mp4,Hoobastank,My Turn,RVTR522822,1,HUMAN REVIEW REQUIRED,"Existing simulation selected one candidate (RVTR522822), but no safe disposition signal.",false
/Users/bobhopp/DJ MEDIA/VIDEO/1960's/Don Ho - Tiny Bubbles.mp4,Don Ho,Tiny Bubbles,RVTR311302,1,HUMAN REVIEW REQUIRED,"Existing simulation selected one candidate (RVTR311302), but no safe disposition signal.",false
/Users/bobhopp/DJ MEDIA/VIDEO/2000's/Dei Hamo - We Gon Ride.mp4,Dei Hamo,We Gon Ride,RVTR090150,1,HUMAN REVIEW REQUIRED,"Existing simulation selected one candidate (RVTR090150), but no safe disposition signal.",false
/Users/bobhopp/DJ MEDIA/VIDEO/TECHNO/Boogie Pimps - Sunny.mp4,Boogie Pimps,Sunny,RVTR236240,1,HUMAN REVIEW REQUIRED,"Existing simulation selected one candidate (RVTR236240), but no safe disposition signal.",false
/Users/bobhopp/DJ MEDIA/VIDEO/TECHNO/Missy Elliott - Rain.mp4,Missy Elliott,Rain,RVTR277308,1,HUMAN REVIEW REQUIRED,"Existing simulation selected one candidate (RVTR277308), but no safe disposition signal.",false
/Users/bobhopp/DJ MEDIA/VIDEO/TECHNO/Default - Count On Me.mp4,Default,Count On Me,RVTR604407,1,HUMAN REVIEW REQUIRED,"Existing simulation selected one candidate (RVTR604407), but no safe disposition signal.",false
/Users/bobhopp/DJ MEDIA/VIDEO/1990's/Blind Melon - Galaxie.mp4,Blind Melon,Galaxie,RVTR484352,1,HUMAN REVIEW REQUIRED,"Existing simulation selected one candidate (RVTR484352), but no safe disposition signal.",false
/Volumes/DJ  MAIN/DJ MEDIA/VIDEO/COUNTRY/John Denver - Calypso.mp4,John Denver,Calypso,RVTR589746,1,HUMAN REVIEW REQUIRED,"Existing simulation selected one candidate (RVTR589746), but no safe disposition signal.",false
/Users/bobhopp/DJ MEDIA/VIDEO/1960's/Chicago - I'm A Man 1969.mp4,Chicago,I'm A Man,RVTR927157,1,SAFE TITLE NOISE,Existing simulation selected one canonical candidate (RVTR927157); deterministic filename/tag noise.,true
/Users/bobhopp/DJ MEDIA/VIDEO/TECHNO/Freemasons - Watchin.mp4,Freemasons,Watchin,RVTR192448,1,HUMAN REVIEW REQUIRED,"Existing simulation selected one candidate (RVTR192448), but no safe disposition signal.",false
/Users/bobhopp/DJ MEDIA/VIDEO/TECHNO/Hard Fi - Cash Machine.mp4,Hard Fi,Cash Machine,RVTR367258,1,HUMAN REVIEW REQUIRED,"Existing simulation selected one candidate (RVTR367258), but no safe disposition signal.",false
/Users/bobhopp/DJ MEDIA/VIDEO/2000's/AC_DC - Witch's Spell.mp4,AC/DC,Witch's Spell,RVTR434834,1,SAFE TITLE NOISE,Existing simulation selected one canonical candidate (RVTR434834); deterministic filename/tag noise.,true
/Users/bobhopp/DJ MEDIA/VIDEO/TECHNO/Fugees - Ready Or Not.mp4,Fugees,Ready Or Not,RVTR109641,1,HUMAN REVIEW REQUIRED,"Existing simulation selected one candidate (RVTR109641), but no safe disposition signal.",false
/Users/bobhopp/DJ MEDIA/VIDEO/2000's/Sade - King Of Sorrow.mp4,Sade,King Of Sorrow,RVTR070422,1,HUMAN REVIEW REQUIRED,"Existing simulation selected one candidate (RVTR070422), but no safe disposition signal.",false
/Users/bobhopp/DJ MEDIA/VIDEO/1970's/Bill Withers - Use Me.mp4,Bill Withers,Use Me,RVTR847140,1,HUMAN REVIEW REQUIRED,"Existing simulation selected one candidate (RVTR847140), but no safe disposition signal.",false
/Users/bobhopp/DJ MEDIA/VIDEO/1980's/Nena - 99 Red Balloons.mp4,Nena,99 Red Balloons,RVTR942885,1,HUMAN REVIEW REQUIRED,"Existing simulation selected one candidate (RVTR942885), but no safe disposition signal.",false
/Users/bobhopp/DJ MEDIA/VIDEO/1990's/Genesis - Tell Me Why.mp4,Genesis,Tell Me Why,RVTR274859,1,HUMAN REVIEW REQUIRED,"Existing simulation selected one candidate (RVTR274859), but no safe disposition signal.",false
/Users/bobhopp/DJ MEDIA/VIDEO/2000's/Beyonce - Space Bound.mp4,Beyonce,Space Bound,RVTR454421,1,HUMAN REVIEW REQUIRED,"Existing simulation selected one candidate (RVTR454421), but no safe disposition signal.",false
/Users/bobhopp/DJ MEDIA/VIDEO/1970's/Sweet - Little Wllly.mp4,Sweet,Little Wllly,RVTR907184,1,HUMAN REVIEW REQUIRED,"Existing simulation selected one candidate (RVTR907184), but no safe disposition signal.",false
/Users/bobhopp/DJ MEDIA/VIDEO/1980's/Guy - Spend The Night.mp4,Guy,Spend The Night,RVTR105852,1,HUMAN REVIEW REQUIRED,"Existing simulation selected one candidate (RVTR105852), but no safe disposition signal.",false
/Users/bobhopp/DJ MEDIA/VIDEO/1980's/Her Strut - Bob Seger.mp4,Her Strut,Bob Seger,RVTR757840,1,HUMAN REVIEW REQUIRED,"Existing simulation selected one candidate (RVTR757840), but no safe disposition signal.",false
/Users/bobhopp/DJ MEDIA/VIDEO/TECHNO/Chickenfoot - Oh Yeah.mp4,Chickenfoot,Oh Yeah,RVTR660076,1,HUMAN REVIEW REQUIRED,"Existing simulation selected one candidate (RVTR660076), but no safe disposition signal.",false
/Users/bobhopp/DJ MEDIA/VIDEO/TECHNO/Queensryche - Empire.mp4,Queensryche,Empire,RVTR540161,1,HUMAN REVIEW REQUIRED,"Existing simulation selected one candidate (RVTR540161), but no safe disposition signal.",false
/Users/bobhopp/DJ MEDIA/VIDEO/1980's/Lene Lovich - New Toy.mp4,Lene Lovich,New Toy,RVTR657683,1,HUMAN REVIEW REQUIRED,"Existing simulation selected one candidate (RVTR657683), but no safe disposition signal.",false
/Users/bobhopp/DJ MEDIA/VIDEO/2010's/Leon Bridges - Beyond.mp4,Leon Bridges,Beyond,RVTR624466,1,HUMAN REVIEW REQUIRED,"Existing simulation selected one candidate (RVTR624466), but no safe disposition signal.",false
/Users/bobhopp/DJ MEDIA/VIDEO/2020's/Walker Hayes - U Gurl.mp4,Walker Hayes,U Gurl,RVTR172679,1,HUMAN REVIEW REQUIRED,"Existing simulation selected one candidate (RVTR172679), but no safe disposition signal.",false
/Users/bobhopp/DJ MEDIA/VIDEO/1970's/The Who - Baba O'Reily.mp4,The Who,Baba O'Reily,RVTR189919,1,SAFE TITLE NOISE,Existing simulation selected one canonical candidate (RVTR189919); deterministic filename/tag noise.,true
/Users/bobhopp/DJ MEDIA/VIDEO/1970's/The Who - Baba O'riley.mp4,The Who,Baba O'riley,RVTR560804,1,SAFE TITLE NOISE,Existing simulation selected one canonical candidate (RVTR560804); deterministic filename/tag noise.,true
/Users/bobhopp/DJ MEDIA/VIDEO/1960's/Malaguena - Roy Clark.mp4,Malaguena,Roy Clark,RVTR262197,1,HUMAN REVIEW REQUIRED,"Existing simulation selected one candidate (RVTR262197), but no safe disposition signal.",false
/Users/bobhopp/DJ MEDIA/VIDEO/1990's/Bodeans - Good Things.mp4,Bodeans,Good Things,RVTR959017,1,HUMAN REVIEW REQUIRED,"Existing simulation selected one candidate (RVTR959017), but no safe disposition signal.",false
/Users/bobhopp/DJ MEDIA/VIDEO/1970's/Payback - James Brown.mp4,Payback,James Brown,RVTR309779,1,HUMAN REVIEW REQUIRED,"Existing simulation selected one candidate (RVTR309779), but no safe disposition signal.",false
/Users/bobhopp/DJ MEDIA/VIDEO/1970's/The Doors - L.A. Woman.mp4,The Doors,L.A. Woman,RVTR710386,1,SAFE TITLE NOISE,Existing simulation selected one canonical candidate (RVTR710386); deterministic filename/tag noise.,true
/Users/bobhopp/DJ MEDIA/VIDEO/TECHNO/DJ Otzi - Do Wah Diddy.mp4,DJ Otzi,Do Wah Diddy,RVTR440350,1,HUMAN REVIEW REQUIRED,"Existing simulation selected one candidate (RVTR440350), but no safe disposition signal.",false
/Users/bobhopp/DJ MEDIA/VIDEO/1980's/Run DMC - King Of Rock.mp4,Run DMC,King Of Rock,RVTR546089,1,HUMAN REVIEW REQUIRED,"Existing simulation selected one candidate (RVTR546089), but no safe disposition signal.",false
/Users/bobhopp/DJ MEDIA/VIDEO/2000's/Primus - Frizzle Fry.mp4,Primus,Frizzle Fry,RVTR302683,1,HUMAN REVIEW REQUIRED,"Existing simulation selected one candidate (RVTR302683), but no safe disposition signal.",false
/Users/bobhopp/DJ MEDIA/VIDEO/1950's/Jeff Beck - Sleep Walk.mp4,Jeff Beck,Sleep Walk,RVTR926953,1,HUMAN REVIEW REQUIRED,"Existing simulation selected one candidate (RVTR926953), but no safe disposition signal.",false
/Users/bobhopp/DJ MEDIA/VIDEO/1990's/Jewel - Foolish Games.mp4,Jewel,Foolish Games,RVTR544598,1,HUMAN REVIEW REQUIRED,"Existing simulation selected one candidate (RVTR544598), but no safe disposition signal.",false
/Users/bobhopp/DJ MEDIA/VIDEO/2000's/U2 - Stuck In A Moment.mp4,U2,Stuck In A Moment,RVTR254207,1,HUMAN REVIEW REQUIRED,"Existing simulation selected one candidate (RVTR254207), but no safe disposition signal.",false
/Users/bobhopp/DJ MEDIA/VIDEO/TECHNO/Kinky - Mexican Radio.mp4,Kinky,Mexican Radio,RVTR852875,1,HUMAN REVIEW REQUIRED,"Existing simulation selected one candidate (RVTR852875), but no safe disposition signal.",false
/Users/bobhopp/DJ MEDIA/VIDEO/1960's/The Monkees - Valerie.mp4,The Monkees,Valerie,RVTR968725,1,HUMAN REVIEW REQUIRED,"Existing simulation selected one candidate (RVTR968725), but no safe disposition signal.",false
/Users/bobhopp/DJ MEDIA/VIDEO/1980's/Ry Cooder - Get Rythm.mp4,Ry Cooder,Get Rythm,RVTR811349,1,HUMAN REVIEW REQUIRED,"Existing simulation selected one candidate (RVTR811349), but no safe disposition signal.",false
/Users/bobhopp/DJ MEDIA/VIDEO/1960's/Jelly Roll - The Lost.mp4,Jelly Roll,The Lost,RVTR719538,1,HUMAN REVIEW REQUIRED,"Existing simulation selected one candidate (RVTR719538), but no safe disposition signal.",false
/Users/bobhopp/DJ MEDIA/VIDEO/1980's/Joe Cocker - How It Is.mp4,Joe Cocker,How It Is,RVTR277462,1,HUMAN REVIEW REQUIRED,"Existing simulation selected one candidate (RVTR277462), but no safe disposition signal.",false
/Users/bobhopp/DJ MEDIA/VIDEO/TECHNO/Scooter - Suavemente.mp4,Scooter,Suavemente,RVTR313110,1,HUMAN REVIEW REQUIRED,"Existing simulation selected one candidate (RVTR313110), but no safe disposition signal.",false
/Users/bobhopp/DJ MEDIA/VIDEO/1990's/3rd Bass - The Gas Face.mp4,3rd Bass,The Gas Face,RVTR248826,1,HUMAN REVIEW REQUIRED,"Existing simulation selected one candidate (RVTR248826), but no safe disposition signal.",false
/Users/bobhopp/DJ MEDIA/VIDEO/2010's/Beyonce - Work It Out.mp4,Beyonce,Work It Out,RVTR397182,1,HUMAN REVIEW REQUIRED,"Existing simulation selected one candidate (RVTR397182), but no safe disposition signal.",false
/Users/bobhopp/DJ MEDIA/VIDEO/2010's/Joywave - It's A Trip!.mp4,Joywave,It's A Trip!,RVTR160551,1,SAFE TITLE NOISE,Existing simulation selected one canonical candidate (RVTR160551); deterministic filename/tag noise.,true
/Users/bobhopp/DJ MEDIA/VIDEO/1990's/Denis Leary - Asshole.mp4,Denis Leary,Asshole,RVTR939332,1,HUMAN REVIEW REQUIRED,"Existing simulation selected one candidate (RVTR939332), but no safe disposition signal.",false
/Users/bobhopp/DJ MEDIA/VIDEO/2000's/Captain Jack - Iko Iko.mp4,Captain Jack,Iko Iko,RVTR606435,1,HUMAN REVIEW REQUIRED,"Existing simulation selected one candidate (RVTR606435), but no safe disposition signal.",false
/Users/bobhopp/DJ MEDIA/VIDEO/2000's/Primus - Lacquer Head.mp4,Primus,Lacquer Head,RVTR998016,1,HUMAN REVIEW REQUIRED,"Existing simulation selected one candidate (RVTR998016), but no safe disposition signal.",false
/Users/bobhopp/DJ MEDIA/VIDEO/COUNTRY/FILL/Jonny Lang - Lie To Me.mp4,Jonny Lang,Lie To Me,RVTR999120,1,HUMAN REVIEW REQUIRED,"Existing simulation selected one candidate (RVTR999120), but no safe disposition signal.",false
/Users/bobhopp/DJ MEDIA/VIDEO/2020's/Brooke Eden - No Shade.mp4,Brooke Eden,No Shade,RVTR346838,1,HUMAN REVIEW REQUIRED,"Existing simulation selected one candidate (RVTR346838), but no safe disposition signal.",false
/Users/bobhopp/DJ MEDIA/VIDEO/1960's/The Darlings - Dooley.mp4,The Darlings,Dooley,RVTR196131,1,HUMAN REVIEW REQUIRED,"Existing simulation selected one candidate (RVTR196131), but no safe disposition signal.",false
/Users/bobhopp/DJ MEDIA/VIDEO/TECHNO/Studio B - I See Girls.mp4,Studio B,I See Girls,RVTR095672,1,HUMAN REVIEW REQUIRED,"Existing simulation selected one candidate (RVTR095672), but no safe disposition signal.",false
/Users/bobhopp/DJ MEDIA/VIDEO/1960's/The Animals - CC Rider.mp4,The Animals,CC Rider,RVTR315199,1,HUMAN REVIEW REQUIRED,"Existing simulation selected one candidate (RVTR315199), but no safe disposition signal.",false
/Users/bobhopp/DJ MEDIA/VIDEO/TECHNO/Everclear - Rock Star.mp4,Everclear,Rock Star,RVTR741858,1,HUMAN REVIEW REQUIRED,"Existing simulation selected one candidate (RVTR741858), but no safe disposition signal.",false
/Users/bobhopp/DJ MEDIA/VIDEO/1970's/Cliff Richard - Apache.mp4,Cliff Richard,Apache,RVTR583161,1,HUMAN REVIEW REQUIRED,"Existing simulation selected one candidate (RVTR583161), but no safe disposition signal.",false
/Users/bobhopp/DJ MEDIA/VIDEO/1970's/Rick Dees - Disco Duck.mp4,Rick Dees,Disco Duck,RVTR649436,1,HUMAN REVIEW REQUIRED,"Existing simulation selected one candidate (RVTR649436), but no safe disposition signal.",false
/Users/bobhopp/DJ MEDIA/VIDEO/1980's/Pat Benatar - Anxiety.mp4,Pat Benatar,Anxiety,RVTR096302,1,HUMAN REVIEW REQUIRED,"Existing simulation selected one candidate (RVTR096302), but no safe disposition signal.",false
/Users/bobhopp/DJ MEDIA/VIDEO/1970's/The Cars - Double Life.mp4,The Cars,Double Life,RVTR064161,1,HUMAN REVIEW REQUIRED,"Existing simulation selected one candidate (RVTR064161), but no safe disposition signal.",false
/Users/bobhopp/DJ MEDIA/VIDEO/1990's/Collective Soul - Gel.mp4,Collective Soul,Gel,RVTR971542,1,HUMAN REVIEW REQUIRED,"Existing simulation selected one candidate (RVTR971542), but no safe disposition signal.",false
/Users/bobhopp/DJ MEDIA/VIDEO/2020's/Jessie J - I Want Love.mp4,Jessie J,I Want Love,RVTR478140,1,HUMAN REVIEW REQUIRED,"Existing simulation selected one candidate (RVTR478140), but no safe disposition signal.",false
/Users/bobhopp/DJ MEDIA/VIDEO/1970's/Blondie - In The Flesh.mp4,Blondie,In The Flesh,RVTR490332,1,HUMAN REVIEW REQUIRED,"Existing simulation selected one candidate (RVTR490332), but no safe disposition signal.",false
/Users/bobhopp/DJ MEDIA/VIDEO/TECHNO/Gazebo - I Like Chopin.mp4,Gazebo,I Like Chopin,RVTR940364,1,HUMAN REVIEW REQUIRED,"Existing simulation selected one candidate (RVTR940364), but no safe disposition signal.",false
/Users/bobhopp/DJ MEDIA/VIDEO/2010's/Katy Perry - Bon Appétit.mp4,Katy Perry,Bon Appétit,RVTR739812,1,HUMAN REVIEW REQUIRED,"Existing simulation selected one candidate (RVTR632199), but no safe disposition signal.",false
/Users/bobhopp/DJ MEDIA/VIDEO/COUNTRY/FILL/Kasey Chambers - Pony.mp4,Kasey Chambers,Pony,RVTR706826,1,HUMAN REVIEW REQUIRED,"Existing simulation selected one candidate (RVTR706826), but no safe disposition signal.",false
/Users/bobhopp/DJ MEDIA/VIDEO/TECHNO/Jonezetta - Get Ready.mp4,Jonezetta,Get Ready,RVTR892872,1,HUMAN REVIEW REQUIRED,"Existing simulation selected one candidate (RVTR892872), but no safe disposition signal.",false
/Users/bobhopp/DJ MEDIA/VIDEO/1970's/CJ and Co - Devil's Gun.mp4,CJ and Co,Devil's Gun,RVTR849337,1,SAFE TITLE NOISE,Existing simulation selected one canonical candidate (RVTR849337); deterministic filename/tag noise.,true
/Users/bobhopp/DJ MEDIA/VIDEO/2000's/King Crimson - Heroes.mp4,King Crimson,Heroes,RVTR034576,1,HUMAN REVIEW REQUIRED,"Existing simulation selected one candidate (RVTR034576), but no safe disposition signal.",false
/Users/bobhopp/DJ MEDIA/VIDEO/2020's/Ida Mae - Little Liars.mp4,Ida Mae,Little Liars,RVTR729781,1,HUMAN REVIEW REQUIRED,"Existing simulation selected one candidate (RVTR729781), but no safe disposition signal.",false
/Users/bobhopp/DJ MEDIA/VIDEO/TECHNO/Cartel - Say Anything.mp4,Cartel,Say Anything,RVTR626020,1,HUMAN REVIEW REQUIRED,"Existing simulation selected one candidate (RVTR626020), but no safe disposition signal.",false
/Users/bobhopp/DJ MEDIA/VIDEO/TECHNO/Jeremy Camp - Tonight.mp4,Jeremy Camp,Tonight,RVTR497924,1,HUMAN REVIEW REQUIRED,"Existing simulation selected one candidate (RVTR497924), but no safe disposition signal.",false
/Volumes/DJ  MAIN/DJ MEDIA/VIDEO/1970's/Up In Smoke - Low Rider.m4v,Up In Smoke,Low Rider,RVTR721660,1,HUMAN REVIEW REQUIRED,"Existing simulation selected one candidate (RVTR721660), but no safe disposition signal.",false
/Volumes/DJ  MAIN/DJ MEDIA/VIDEO/1990's/The Band - Atlantic City.mp4,The Band,Atlantic City,RVTR025347,1,HUMAN REVIEW REQUIRED,"Existing simulation selected one candidate (RVTR025347), but no safe disposition signal.",false
/Users/bobhopp/DJ MEDIA/VIDEO/1990's/No Doubt - Don't Speak.mp4,No Doubt,Don't Speak,RVTR380874,1,SAFE TITLE NOISE,Existing simulation selected one canonical candidate (RVTR380874); deterministic filename/tag noise.,true
/Users/bobhopp/DJ MEDIA/VIDEO/2010's/The Weeknd - Earned It.mp4,The Weeknd,Earned It,RVTR082601,1,HUMAN REVIEW REQUIRED,"Existing simulation selected one candidate (RVTR082601), but no safe disposition signal.",false
/Users/bobhopp/DJ MEDIA/VIDEO/TECHNO/Letoya - She Ain't Got.mp4,Letoya,She Ain't Got,RVTR579511,1,SAFE TITLE NOISE,Existing simulation selected one canonical candidate (RVTR579511); deterministic filename/tag noise.,true
/Users/bobhopp/DJ MEDIA/VIDEO/2010's/Tash Sultana - Jungle.mp4,Tash Sultana,Jungle,RVTR423047,1,HUMAN REVIEW REQUIRED,"Existing simulation selected one candidate (RVTR423047), but no safe disposition signal.",false
/Users/bobhopp/DJ MEDIA/VIDEO/2020's/Liam Payne - Sunshine.mp4,Liam Payne,Sunshine,RVTR809069,1,HUMAN REVIEW REQUIRED,"Existing simulation selected one candidate (RVTR809069), but no safe disposition signal.",false
/Users/bobhopp/DJ MEDIA/VIDEO/1970's/John Denver - Calypso.mp4,John Denver,Calypso,RVTR589746,1,HUMAN REVIEW REQUIRED,"Existing simulation selected one candidate (RVTR589746), but no safe disposition signal.",false
/Users/bobhopp/DJ MEDIA/VIDEO/1980's/Junkyard - Simple Man.mp4,Junkyard,Simple Man,RVTR910282,1,HUMAN REVIEW REQUIRED,"Existing simulation selected one candidate (RVTR910282), but no safe disposition signal.",false
/Users/bobhopp/DJ MEDIA/VIDEO/1990's/Cracker - Get Off This.mp4,Cracker,Get Off This,RVTR509750,1,HUMAN REVIEW REQUIRED,"Existing simulation selected one candidate (RVTR509750), but no safe disposition signal.",false
/Users/bobhopp/DJ MEDIA/VIDEO/1990's/Pearl Jam - Better Man.mp4,Pearl Jam,Better Man,RVTR328642,1,HUMAN REVIEW REQUIRED,"Existing simulation selected one candidate (RVTR328642), but no safe disposition signal.",false
/Users/bobhopp/DJ MEDIA/VIDEO/2000's/Rise Against - Savior.mp4,Rise Against,Savior,RVTR340952,1,HUMAN REVIEW REQUIRED,"Existing simulation selected one candidate (RVTR340952), but no safe disposition signal.",false
/Users/bobhopp/DJ MEDIA/VIDEO/TECHNO/Deep Dish - Flashdance.mp4,Deep Dish,Flashdance,RVTR667078,1,HUMAN REVIEW REQUIRED,"Existing simulation selected one candidate (RVTR667078), but no safe disposition signal.",false
/Users/bobhopp/DJ MEDIA/VIDEO/TECHNO/M.I.A. - Bucky Done Gun.mp4,M.I.A.,Bucky Done Gun,RVTR035661,1,HUMAN REVIEW REQUIRED,"Existing simulation selected one candidate (RVTR035661), but no safe disposition signal.",false
/Users/bobhopp/DJ MEDIA/VIDEO/TECHNO/Ofra Haza - Im Nin' Alu.mp4,Ofra Haza,Im Nin' Alu,RVTR757465,1,SAFE TITLE NOISE,Existing simulation selected one canonical candidate (RVTR757465); deterministic filename/tag noise.,true
/Users/bobhopp/DJ MEDIA/VIDEO/1980's/Godley And Creme - Cry.mp4,Godley And Creme,Cry,RVTR528607,1,HUMAN REVIEW REQUIRED,"Existing simulation selected one candidate (RVTR528607), but no safe disposition signal.",false
/Users/bobhopp/DJ MEDIA/VIDEO/2000's/Blake Lewis - Sad Song.mp4,Blake Lewis,Sad Song,RVTR551987,1,HUMAN REVIEW REQUIRED,"Existing simulation selected one candidate (RVTR551987), but no safe disposition signal.",false
/Users/bobhopp/DJ MEDIA/VIDEO/2010's/Free Energy - Bang Pop.mp4,Free Energy,Bang Pop,RVTR834680,1,HUMAN REVIEW REQUIRED,"Existing simulation selected one candidate (RVTR834680), but no safe disposition signal.",false
/Users/bobhopp/DJ MEDIA/VIDEO/TECHNO/Fancy - Flames Of Love.mp4,Fancy,Flames Of Love,RVTR527359,1,HUMAN REVIEW REQUIRED,"Existing simulation selected one candidate (RVTR527359), but no safe disposition signal.",false
/Users/bobhopp/DJ MEDIA/VIDEO/TECHNO/LMFAO - Shooting Star.mp4,LMFAO,Shooting Star,RVTR809091,1,HUMAN REVIEW REQUIRED,"Existing simulation selected one candidate (RVTR809091), but no safe disposition signal.",false
/Users/bobhopp/DJ MEDIA/VIDEO/2020's/Katy Perry - Electric.mp4,Katy Perry,Electric,RVTR711959,1,HUMAN REVIEW REQUIRED,"Existing simulation selected one candidate (RVTR711959), but no safe disposition signal.",false
/Users/bobhopp/DJ MEDIA/VIDEO/TECHNO/Myself Beyonce - Me & I.mp4,Myself Beyonce,Me & I,RVTR601582,0,NO CANONICAL CANDIDATE,No canonical candidate selected by the existing simulation.,false
/Users/bobhopp/DJ MEDIA/VIDEO/1970's/Lou Reed - Perfect Day.mp4,Lou Reed,Perfect Day,RVTR404394,1,HUMAN REVIEW REQUIRED,"Existing simulation selected one candidate (RVTR404394), but no safe disposition signal.",false
/Users/bobhopp/DJ MEDIA/VIDEO/1980's/Judas Priest - United.mp4,Judas Priest,United,RVTR149909,1,HUMAN REVIEW REQUIRED,"Existing simulation selected one candidate (RVTR149909), but no safe disposition signal.",false
/Users/bobhopp/DJ MEDIA/VIDEO/2000's/Aaron Carter - Iko Iko.mp4,Aaron Carter,Iko Iko,RVTR997192,1,HUMAN REVIEW REQUIRED,"Existing simulation selected one candidate (RVTR997192), but no safe disposition signal.",false
/Users/bobhopp/DJ MEDIA/VIDEO/2000's/Lifehouse - Breathing.mp4,Lifehouse,Breathing,RVTR688161,1,HUMAN REVIEW REQUIRED,"Existing simulation selected one candidate (RVTR688161), but no safe disposition signal.",false
/Users/bobhopp/DJ MEDIA/VIDEO/1980's/Nirvana - About A Girl.mp4,Nirvana,About A Girl,RVTR541064,1,HUMAN REVIEW REQUIRED,"Existing simulation selected one candidate (RVTR541064), but no safe disposition signal.",false
/Users/bobhopp/DJ MEDIA/VIDEO/1980's/Spinal Tap - Hell Hole.mp4,Spinal Tap,Hell Hole,RVTR480819,1,HUMAN REVIEW REQUIRED,"Existing simulation selected one candidate (RVTR480819), but no safe disposition signal.",false
/Users/bobhopp/DJ MEDIA/VIDEO/2020's/Meute - Anti Loudness.mp4,Meute,Anti Loudness,RVTR284461,1,HUMAN REVIEW REQUIRED,"Existing simulation selected one candidate (RVTR284461), but no safe disposition signal.",false
/Users/bobhopp/DJ MEDIA/VIDEO/1970's/Elton John - Curtains.mp4,Elton John,Curtains,RVTR373938,1,HUMAN REVIEW REQUIRED,"Existing simulation selected one candidate (RVTR373938), but no safe disposition signal.",false
/Users/bobhopp/DJ MEDIA/VIDEO/1980's/Dokken - It's Not Love.mp4,Dokken,It's Not Love,RVTR416695,1,SAFE TITLE NOISE,Existing simulation selected one canonical candidate (RVTR416695); deterministic filename/tag noise.,true
/Users/bobhopp/DJ MEDIA/VIDEO/1980's/Pat Benatar - One Love.mp4,Pat Benatar,One Love,RVTR460296,1,HUMAN REVIEW REQUIRED,"Existing simulation selected one candidate (RVTR460296), but no safe disposition signal.",false
/Users/bobhopp/DJ MEDIA/VIDEO/1980's/Gap Band - Party Train.mp4,Gap Band,Party Train,RVTR156968,1,HUMAN REVIEW REQUIRED,"Existing simulation selected one candidate (RVTR156968), but no safe disposition signal.",false
/Users/bobhopp/DJ MEDIA/VIDEO/1980's/Exposé - Let Me Be The One.mp4,Exposé,Let Me Be The One,RVTR756921,1,HUMAN REVIEW REQUIRED,"Existing simulation selected one candidate (RVTR756921), but no safe disposition signal.",false
/Users/bobhopp/DJ MEDIA/VIDEO/2000's/Van Morrison - Gloria.mp4,Van Morrison,Gloria,RVTR112334,1,HUMAN REVIEW REQUIRED,"Existing simulation selected one candidate (RVTR112334), but no safe disposition signal.",false
/Users/bobhopp/DJ MEDIA/VIDEO/TECHNO/Evanescence - Lithium.mp4,Evanescence,Lithium,RVTR750687,1,HUMAN REVIEW REQUIRED,"Existing simulation selected one candidate (RVTR750687), but no safe disposition signal.",false
/Users/bobhopp/DJ MEDIA/VIDEO/1980's/Dokken - Into The Fire.mp4,Dokken,Into The Fire,RVTR947976,1,HUMAN REVIEW REQUIRED,"Existing simulation selected one candidate (RVTR947976), but no safe disposition signal.",false
/Users/bobhopp/DJ MEDIA/VIDEO/TECHNO/Kerli - Walking On Air.mp4,Kerli,Walking On Air,RVTR051357,1,HUMAN REVIEW REQUIRED,"Existing simulation selected one candidate (RVTR051357), but no safe disposition signal.",false
/Users/bobhopp/DJ MEDIA/VIDEO/1980's/Triumph - Say Goodbye.mp4,Triumph,Say Goodbye,RVTR388119,1,HUMAN REVIEW REQUIRED,"Existing simulation selected one candidate (RVTR388119), but no safe disposition signal.",false
/Users/bobhopp/DJ MEDIA/VIDEO/TECHNO/Megadeth - Peace Sells.mp4,Megadeth,Peace Sells,RVTR335833,1,HUMAN REVIEW REQUIRED,"Existing simulation selected one candidate (RVTR335833), but no safe disposition signal.",false
/Users/bobhopp/DJ MEDIA/VIDEO/2000's/P!Nk - You Make Me Sick.mp4,Pink,You Make Me Sick,RVTR536032,1,HUMAN REVIEW REQUIRED,"Existing simulation selected one candidate (RVTR536032), but no safe disposition signal.",false
/Users/bobhopp/DJ MEDIA/VIDEO/1950's/Glenn Miller - At Last.mp4,Glenn Miller,At Last,RVTR292864,1,HUMAN REVIEW REQUIRED,"Existing simulation selected one candidate (RVTR292864), but no safe disposition signal.",false
/Users/bobhopp/DJ MEDIA/VIDEO/2010's/Cat Clyde - Like a Wave.mp4,Cat Clyde,Like a Wave,RVTR093762,1,HUMAN REVIEW REQUIRED,"Existing simulation selected one candidate (RVTR093762), but no safe disposition signal.",false
/Users/bobhopp/DJ MEDIA/VIDEO/1960's/The Beatles - This Boy.mp4,The Beatles,This Boy,RVTR262263,1,HUMAN REVIEW REQUIRED,"Existing simulation selected one candidate (RVTR262263), but no safe disposition signal.",false
/Users/bobhopp/DJ MEDIA/VIDEO/2000's/Todd Snider - Beer Run.mp4,Todd Snider,Beer Run,RVTR537621,1,HUMAN REVIEW REQUIRED,"Existing simulation selected one candidate (RVTR537621), but no safe disposition signal.",false
/Users/bobhopp/DJ MEDIA/VIDEO/1990's/Bush - Everything Zen.mp4,Bush,Everything Zen,RVTR104736,1,HUMAN REVIEW REQUIRED,"Existing simulation selected one candidate (RVTR104736), but no safe disposition signal.",false
/Users/bobhopp/DJ MEDIA/VIDEO/COUNTRY/FILL/Clay Walker - One More.mp4,Clay Walker,One More,RVTR621788,1,HUMAN REVIEW REQUIRED,"Existing simulation selected one candidate (RVTR621788), but no safe disposition signal.",false
/Users/bobhopp/DJ MEDIA/VIDEO/1970's/The Eagles - Desparado.mp4,The Eagles,Desparado,RVTR347860,1,HUMAN REVIEW REQUIRED,"Existing simulation selected one candidate (RVTR347860), but no safe disposition signal.",false
/Users/bobhopp/DJ MEDIA/VIDEO/1980's/Cyndi Lauper - Iko Iko.mp4,Cyndi Lauper,Iko Iko,RVTR401216,1,HUMAN REVIEW REQUIRED,"Existing simulation selected one candidate (RVTR401216), but no safe disposition signal.",false
/Users/bobhopp/DJ MEDIA/VIDEO/1990's/ONYX - Judgment Night.mp4,ONYX,Judgment Night,RVTR255794,1,HUMAN REVIEW REQUIRED,"Existing simulation selected one candidate (RVTR255794), but no safe disposition signal.",false
/Users/bobhopp/DJ MEDIA/VIDEO/1980's/Gloria Estefan - Samba.mp4,Gloria Estefan,Samba,RVTR326290,1,HUMAN REVIEW REQUIRED,"Existing simulation selected one candidate (RVTR326290), but no safe disposition signal.",false
/Users/bobhopp/DJ MEDIA/VIDEO/2000's/Britney Spears - Boys.mp4,Britney Spears,Boys,RVTR095301,1,HUMAN REVIEW REQUIRED,"Existing simulation selected one candidate (RVTR095301), but no safe disposition signal.",false
/Users/bobhopp/DJ MEDIA/VIDEO/1960's/Tracy - The Cuff Links.mp4,Tracy,The Cuff Links,RVTR445894,1,HUMAN REVIEW REQUIRED,"Existing simulation selected one candidate (RVTR445894), but no safe disposition signal.",false
/Users/bobhopp/DJ MEDIA/VIDEO/1970's/Harry Gross - Shannon.mp4,Harry Gross,Shannon,RVTR637508,1,HUMAN REVIEW REQUIRED,"Existing simulation selected one candidate (RVTR637508), but no safe disposition signal.",false
/Users/bobhopp/DJ MEDIA/VIDEO/1990's/The Grid - Swamp Thing.mp4,The Grid,Swamp Thing,RVTR313252,1,HUMAN REVIEW REQUIRED,"Existing simulation selected one candidate (RVTR313252), but no safe disposition signal.",false
/Users/bobhopp/DJ MEDIA/VIDEO/1990's/ATC - Around The World.mp4,ATC,Around The World,RVTR117768,1,HUMAN REVIEW REQUIRED,"Existing simulation selected one candidate (RVTR117768), but no safe disposition signal.",false
/Users/bobhopp/DJ MEDIA/VIDEO/2020's/OneRepublic - Someday.mp4,OneRepublic,Someday,RVTR073430,1,HUMAN REVIEW REQUIRED,"Existing simulation selected one candidate (RVTR073430), but no safe disposition signal.",false
/Users/bobhopp/DJ MEDIA/VIDEO/1960's/The Exciters - Tell Em.mp4,The Exciters,Tell Em,RVTR923331,1,HUMAN REVIEW REQUIRED,"Existing simulation selected one candidate (RVTR923331), but no safe disposition signal.",false
/Users/bobhopp/DJ MEDIA/VIDEO/1970's/AC_DC - Touch Too Much.mp4,AC/DC,Touch Too Much,RVTR890317,1,HUMAN REVIEW REQUIRED,"Existing simulation selected one candidate (RVTR890317), but no safe disposition signal.",false
/Users/bobhopp/DJ MEDIA/VIDEO/1990's/Mike Love - Do It Again.mp4,Mike Love,Do It Again,RVTR058052,1,HUMAN REVIEW REQUIRED,"Existing simulation selected one candidate (RVTR058052), but no safe disposition signal.",false
/Users/bobhopp/DJ MEDIA/VIDEO/TECHNO/Brooke Hogan - Falling.mp4,Brooke Hogan,Falling,RVTR926757,1,HUMAN REVIEW REQUIRED,"Existing simulation selected one candidate (RVTR926757), but no safe disposition signal.",false
/Users/bobhopp/DJ MEDIA/VIDEO/2000's/Korn - Freak On A Leash.mp4,Korn,Freak On A Leash,RVTR329904,1,HUMAN REVIEW REQUIRED,"Existing simulation selected one candidate (RVTR329904), but no safe disposition signal.",false
/Users/bobhopp/DJ MEDIA/VIDEO/1980's/Clash - London Calling.mp4,The Clash,London Calling,RVTR687986,1,HUMAN REVIEW REQUIRED,"Existing simulation selected one candidate (RVTR687986), but no safe disposition signal.",false
/Users/bobhopp/DJ MEDIA/VIDEO/1980's/Loverboy - Lucky Ones.mp4,Loverboy,Lucky Ones,RVTR976858,1,HUMAN REVIEW REQUIRED,"Existing simulation selected one candidate (RVTR976858), but no safe disposition signal.",false
/Users/bobhopp/DJ MEDIA/VIDEO/1990's/Dispatch - The General.mp4,Dispatch,The General,RVTR527061,1,HUMAN REVIEW REQUIRED,"Existing simulation selected one candidate (RVTR527061), but no safe disposition signal.",false
/Users/bobhopp/DJ MEDIA/VIDEO/2020's/Flo Rida - What A Night.mp4,Flo Rida,What A Night,RVTR752210,1,HUMAN REVIEW REQUIRED,"Existing simulation selected one candidate (RVTR752210), but no safe disposition signal.",false
/Users/bobhopp/DJ MEDIA/VIDEO/2000's/Given Up - Linkin Park.mp4,Given Up,Linkin Park,RVTR035717,1,HUMAN REVIEW REQUIRED,"Existing simulation selected one candidate (RVTR035717), but no safe disposition signal.",false
/Users/bobhopp/DJ MEDIA/VIDEO/2000's/Robbie Williams - Feel.mp4,Robbie Williams,Feel,RVTR282466,1,HUMAN REVIEW REQUIRED,"Existing simulation selected one candidate (RVTR282466), but no safe disposition signal.",false
/Users/bobhopp/DJ MEDIA/VIDEO/2020's/Calum Scott - Biblical.mp4,Calum Scott,Biblical,RVTR490421,1,HUMAN REVIEW REQUIRED,"Existing simulation selected one candidate (RVTR490421), but no safe disposition signal.",false
/Users/bobhopp/DJ MEDIA/VIDEO/1970's/The Police - So Lonely.mp4,The Police,So Lonely,RVTR060518,1,HUMAN REVIEW REQUIRED,"Existing simulation selected one candidate (RVTR060518), but no safe disposition signal.",false
/Users/bobhopp/DJ MEDIA/VIDEO/TECHNO/Disturbed - Just Stop.mp4,Disturbed,Just Stop,RVTR216376,1,HUMAN REVIEW REQUIRED,"Existing simulation selected one candidate (RVTR216376), but no safe disposition signal.",false
/Users/bobhopp/DJ MEDIA/VIDEO/1980's/Black - Wonderful Life.mp4,Black,Wonderful Life,RVTR127768,1,HUMAN REVIEW REQUIRED,"Existing simulation selected one candidate (RVTR127768), but no safe disposition signal.",false
/Users/bobhopp/DJ MEDIA/VIDEO/1990's/69 Boyz - Tootsie Roll.mp4,69 Boyz,Tootsie Roll,RVTR792432,1,HUMAN REVIEW REQUIRED,"Existing simulation selected one candidate (RVTR792432), but no safe disposition signal.",false
/Users/bobhopp/DJ MEDIA/VIDEO/1990's/Jay Z - Hard Knock Life.mp4,Jay Z,Hard Knock Life,RVTR868182,1,HUMAN REVIEW REQUIRED,"Existing simulation selected one candidate (RVTR868182), but no safe disposition signal.",false
/Users/bobhopp/DJ MEDIA/VIDEO/1990's/R.E.M. - Nightswimming.mp4,R.E.M.,Nightswimming,RVTR707891,1,HUMAN REVIEW REQUIRED,"Existing simulation selected one candidate (RVTR707891), but no safe disposition signal.",false
/Users/bobhopp/DJ MEDIA/VIDEO/1970's/Grateful Dead - Ripple.mp4,Grateful Dead,Ripple,RVTR201643,1,HUMAN REVIEW REQUIRED,"Existing simulation selected one candidate (RVTR201643), but no safe disposition signal.",false
/Users/bobhopp/DJ MEDIA/VIDEO/TECHNO/Foo Fighters - My Hero.mp4,Foo Fighters,My Hero,RVTR196546,1,HUMAN REVIEW REQUIRED,"Existing simulation selected one candidate (RVTR196546), but no safe disposition signal.",false
/Users/bobhopp/DJ MEDIA/VIDEO/1980's/Morrissey - Suedehead.mp4,Morrissey,Suedehead,RVTR280642,1,HUMAN REVIEW REQUIRED,"Existing simulation selected one candidate (RVTR280642), but no safe disposition signal.",false
/Users/bobhopp/DJ MEDIA/VIDEO/2010's/Vulfpeck - Back Pocket.mp4,Vulfpeck,Back Pocket,RVTR851645,1,HUMAN REVIEW REQUIRED,"Existing simulation selected one candidate (RVTR851645), but no safe disposition signal.",false
/Users/bobhopp/DJ MEDIA/VIDEO/2020's/Remi Wolf - Cinderella.mp4,Remi Wolf,Cinderella,RVTR784013,1,HUMAN REVIEW REQUIRED,"Existing simulation selected one candidate (RVTR784013), but no safe disposition signal.",false
/Users/bobhopp/DJ MEDIA/VIDEO/1990's/J Lo - Ain't That Funny.mp4,J Lo,Ain't That Funny,RVTR135205,1,SAFE TITLE NOISE,Existing simulation selected one canonical candidate (RVTR135205); deterministic filename/tag noise.,true
/Users/bobhopp/DJ MEDIA/VIDEO/2000's/MGMT - Time to Pretend.mp4,MGMT,Time to Pretend,RVTR573878,1,HUMAN REVIEW REQUIRED,"Existing simulation selected one candidate (RVTR573878), but no safe disposition signal.",false
/Users/bobhopp/DJ MEDIA/VIDEO/1960's/The Jackson 5 - Who’s Lovin’ You.mp4,The Jackson 5,Who’s Lovin’ You,RVTR804892,1,SAFE TITLE NOISE,Existing simulation selected one canonical candidate (RVTR804892); deterministic filename/tag noise.,true
/Users/bobhopp/DJ MEDIA/VIDEO/1970's/The Who - Sister Disco.mp4,The Who,Sister Disco,RVTR396597,1,HUMAN REVIEW REQUIRED,"Existing simulation selected one candidate (RVTR396597), but no safe disposition signal.",false
/Users/bobhopp/DJ MEDIA/VIDEO/1980's/Heart - City's Burning.mp4,Heart,City's Burning,RVTR145316,1,SAFE TITLE NOISE,Existing simulation selected one canonical candidate (RVTR145316); deterministic filename/tag noise.,true
/Users/bobhopp/DJ MEDIA/VIDEO/2000's/Shaggy - Hey Sexy Lady.mp4,Shaggy,Hey Sexy Lady,RVTR235693,1,HUMAN REVIEW REQUIRED,"Existing simulation selected one candidate (RVTR235693), but no safe disposition signal.",false
/Users/bobhopp/DJ MEDIA/VIDEO/2010's/Anne Marie - Ciao Adios.mp4,Anne Marie,Ciao Adios,RVTR381988,1,HUMAN REVIEW REQUIRED,"Existing simulation selected one candidate (RVTR381988), but no safe disposition signal.",false
/Users/bobhopp/DJ MEDIA/VIDEO/2010's/Lana Del Ray - American.MP4,Lana Del Ray,American,RVTR571653,1,HUMAN REVIEW REQUIRED,"Existing simulation selected one candidate (RVTR571653), but no safe disposition signal.",false
/Users/bobhopp/DJ MEDIA/VIDEO/TECHNO/Pussycat Dolls - Sway.mp4,Pussycat Dolls,Sway,RVTR229316,1,HUMAN REVIEW REQUIRED,"Existing simulation selected one candidate (RVTR229316), but no safe disposition signal.",false
/Users/bobhopp/DJ MEDIA/VIDEO/1970's/Bootcamp - I'm a Victim.mp4,Bootcamp,I'm a Victim,RVTR013798,1,SAFE TITLE NOISE,Existing simulation selected one canonical candidate (RVTR013798); deterministic filename/tag noise.,true
/Users/bobhopp/DJ MEDIA/VIDEO/1980's/Lionel Ritchie - Hello.mp4,Lionel Ritchie,Hello,RVTR095546,1,HUMAN REVIEW REQUIRED,"Existing simulation selected one candidate (RVTR095546), but no safe disposition signal.",false
/Users/bobhopp/DJ MEDIA/VIDEO/1990's/Haley Reinhart - Creep.mp4,Haley Reinhart,Creep,RVTR734542,1,HUMAN REVIEW REQUIRED,"Existing simulation selected one candidate (RVTR734542), but no safe disposition signal.",false
/Users/bobhopp/DJ MEDIA/VIDEO/1960's/Bo Diddley - Bo Diddley.mp4,Bo Diddley,Bo Diddley,RVTR921993,1,HUMAN REVIEW REQUIRED,"Existing simulation selected one candidate (RVTR921993), but no safe disposition signal.",false
/Users/bobhopp/DJ MEDIA/VIDEO/1970's/The Cars - Bye Bye Love.mp4,The Cars,Bye Bye Love,RVTR888512,1,HUMAN REVIEW REQUIRED,"Existing simulation selected one candidate (RVTR888512), but no safe disposition signal.",false
/Users/bobhopp/DJ MEDIA/VIDEO/TECHNO/Kate Voegele - 99 Times.mp4,Kate Voegele,99 Times,RVTR280559,1,HUMAN REVIEW REQUIRED,"Existing simulation selected one candidate (RVTR280559), but no safe disposition signal.",false
/Users/bobhopp/DJ MEDIA/VIDEO/1980's/Kate Bush - The Big Sky.mp4,Kate Bush,The Big Sky,RVTR729270,1,HUMAN REVIEW REQUIRED,"Existing simulation selected one candidate (RVTR729270), but no safe disposition signal.",false
/Users/bobhopp/DJ MEDIA/VIDEO/1980's/Rush - Spirit of Radio.mp4,Rush,Spirit of Radio,RVTR764049,1,HUMAN REVIEW REQUIRED,"Existing simulation selected one candidate (RVTR764049), but no safe disposition signal.",false
/Users/bobhopp/DJ MEDIA/VIDEO/TECHNO/Simple Plan - Save You.mp4,Simple Plan,Save You,RVTR163162,1,HUMAN REVIEW REQUIRED,"Existing simulation selected one candidate (RVTR163162), but no safe disposition signal.",false
/Users/bobhopp/DJ MEDIA/VIDEO/1990's/M People - Movin' On Up.mp4,M People,Movin' On Up,RVTR105382,1,SAFE TITLE NOISE,Existing simulation selected one canonical candidate (RVTR105382); deterministic filename/tag noise.,true
/Users/bobhopp/DJ MEDIA/VIDEO/2000's/Atmosphere - Sunshine.mp4,Atmosphere,Sunshine,RVTR581435,1,HUMAN REVIEW REQUIRED,"Existing simulation selected one candidate (RVTR581435), but no safe disposition signal.",false
/Users/bobhopp/DJ MEDIA/VIDEO/2000's/Green Day - Basket Case.mp4,Green Day,Basket Case,RVTR175492,1,HUMAN REVIEW REQUIRED,"Existing simulation selected one candidate (RVTR175492), but no safe disposition signal.",false
/Users/bobhopp/DJ MEDIA/VIDEO/2010's/Big & Rich - Look At You.mp4,Big & Rich,Look At You,RVTR503544,1,HUMAN REVIEW REQUIRED,"Existing simulation selected one candidate (RVTR503544), but no safe disposition signal.",false
/Users/bobhopp/DJ MEDIA/VIDEO/2010's/Michael Bublé - Hollywood.mp4,Michael Bublé,Hollywood,RVTR150404,1,HUMAN REVIEW REQUIRED,"Existing simulation selected one candidate (RVTR150404), but no safe disposition signal.",false
/Users/bobhopp/DJ MEDIA/VIDEO/TECHNO/Nalin & Kane - Beachball.mp4,Nalin & Kane,Beachball,RVTR896618,1,HUMAN REVIEW REQUIRED,"Existing simulation selected one candidate (RVTR896618), but no safe disposition signal.",false
/Users/bobhopp/DJ MEDIA/VIDEO/TECHNO/Safri Duo - Samb Adagio.mp4,Safri Duo,Samb Adagio,RVTR112840,1,HUMAN REVIEW REQUIRED,"Existing simulation selected one candidate (RVTR112840), but no safe disposition signal.",false
/Users/bobhopp/DJ MEDIA/VIDEO/TECHNO/Sash! - Encore Une Fois.mp4,Sash!,Encore Une Fois,RVTR471486,1,HUMAN REVIEW REQUIRED,"Existing simulation selected one candidate (RVTR471486), but no safe disposition signal.",false
/Users/bobhopp/DJ MEDIA/VIDEO/2010's/Dirty Heads - Vacation.mp4,Dirty Heads,Vacation,RVTR330901,1,HUMAN REVIEW REQUIRED,"Existing simulation selected one candidate (RVTR330901), but no safe disposition signal.",false
/Users/bobhopp/DJ MEDIA/VIDEO/TECHNO/Shape UK - Lola's Theme.mp4,Shape UK,Lola's Theme,RVTR335164,1,SAFE TITLE NOISE,Existing simulation selected one canonical candidate (RVTR335164); deterministic filename/tag noise.,true
/Users/bobhopp/DJ MEDIA/VIDEO/1980's/Neil Young - Wonderin'.mp4,Neil Young,Wonderin',RVTR513635,1,SAFE TITLE NOISE,Existing simulation selected one canonical candidate (RVTR513635); deterministic filename/tag noise.,true
/Users/bobhopp/DJ MEDIA/VIDEO/TECHNO/Secondhand Serenade - Your Call.mp4,Secondhand Serenade,Your Call,RVTR665955,1,HUMAN REVIEW REQUIRED,"Existing simulation selected one candidate (RVTR665955), but no safe disposition signal.",false
/Users/bobhopp/DJ MEDIA/VIDEO/2010's/Cedric Gervais - Molly.mp4,Cedric Gervais,Molly,RVTR749534,1,HUMAN REVIEW REQUIRED,"Existing simulation selected one candidate (RVTR749534), but no safe disposition signal.",false
/Users/bobhopp/DJ MEDIA/VIDEO/2000's/Pink - You Make Me Sick.mp4,Pink,You Make Me Sick,RVTR536032,1,HUMAN REVIEW REQUIRED,"Existing simulation selected one candidate (RVTR536032), but no safe disposition signal.",false
/Users/bobhopp/DJ MEDIA/VIDEO/TECHNO/Rui Da Silva - Touch Me.mp4,Rui Da Silva,Touch Me,RVTR447871,1,HUMAN REVIEW REQUIRED,"Existing simulation selected one candidate (RVTR447871), but no safe disposition signal.",false
/Users/bobhopp/DJ MEDIA/VIDEO/2010's/Metal Cover - Let It Go.mp4,Metal Cover,Let It Go,RVTR274263,1,HUMAN REVIEW REQUIRED,"Existing simulation selected one candidate (RVTR274263), but no safe disposition signal.",false
/Users/bobhopp/DJ MEDIA/VIDEO/1990's/Joan Jett - Love Hurts.mp4,Joan Jett,Love Hurts,RVTR587281,1,HUMAN REVIEW REQUIRED,"Existing simulation selected one candidate (RVTR587281), but no safe disposition signal.",false
/Users/bobhopp/DJ MEDIA/VIDEO/1990's/Vanilla Ice - Ninja Rap.mp4,Vanilla Ice,Ninja Rap,RVTR192867,1,HUMAN REVIEW REQUIRED,"Existing simulation selected one candidate (RVTR192867), but no safe disposition signal.",false
/Users/bobhopp/DJ MEDIA/VIDEO/TECHNO/Jennifer Lopez - Alive.mp4,Jennifer Lopez,Alive,RVTR061184,1,HUMAN REVIEW REQUIRED,"Existing simulation selected one candidate (RVTR061184), but no safe disposition signal.",false
/Users/bobhopp/DJ MEDIA/VIDEO/1960's/Georgie Fame - Get Away.mp4,Georgie Fame,Get Away,RVTR118072,1,HUMAN REVIEW REQUIRED,"Existing simulation selected one candidate (RVTR118072), but no safe disposition signal.",false
/Users/bobhopp/DJ MEDIA/VIDEO/1970's/Brandy - Looking Glass.mp4,Brandy,Looking Glass,RVTR042782,1,HUMAN REVIEW REQUIRED,"Existing simulation selected one candidate (RVTR042782), but no safe disposition signal.",false
/Users/bobhopp/DJ MEDIA/VIDEO/1970's/Looking Glass - Brandy.mp4,Looking Glass,Brandy,RVTR200805,1,HUMAN REVIEW REQUIRED,"Existing simulation selected one candidate (RVTR200805), but no safe disposition signal.",false
/Users/bobhopp/DJ MEDIA/VIDEO/2010's/Gavin Degraw - Sweeter.mp4,Gavin Degraw,Sweeter,RVTR354100,1,HUMAN REVIEW REQUIRED,"Existing simulation selected one candidate (RVTR354100), but no safe disposition signal.",false
/Users/bobhopp/DJ MEDIA/VIDEO/2000's/Pink - Just Like A Pill.mp4,Pink,Just Like A Pill,RVTR977315,1,HUMAN REVIEW REQUIRED,"Existing simulation selected one candidate (RVTR977315), but no safe disposition signal.",false
/Users/bobhopp/DJ MEDIA/VIDEO/TECHNO/Janet Jackson - Go Deep.mp4,Janet Jackson,Go Deep,RVTR091538,1,HUMAN REVIEW REQUIRED,"Existing simulation selected one candidate (RVTR091538), but no safe disposition signal.",false
/Users/bobhopp/DJ MEDIA/VIDEO/1990's/Matchbox Twenty - 3 A.M.mp4,Matchbox Twenty,3 A.M,RVTR920387,1,SAFE TITLE NOISE,Existing simulation selected one canonical candidate (RVTR920387); deterministic filename/tag noise.,true
/Users/bobhopp/DJ MEDIA/VIDEO/TECHNO/Janet Jackson - Someone To Call My Lover.mp4,Janet Jackson,Someone To Call My Lover,RVTR723800,1,HUMAN REVIEW REQUIRED,"Existing simulation selected one candidate (RVTR723800), but no safe disposition signal.",false
/Users/bobhopp/DJ MEDIA/VIDEO/1970's/Blondie - Picture This.mp4,Blondie,Picture This,RVTR290672,1,HUMAN REVIEW REQUIRED,"Existing simulation selected one candidate (RVTR290672), but no safe disposition signal.",false
/Users/bobhopp/DJ MEDIA/VIDEO/1980's/Thinkman - The Formula.mp4,Thinkman,The Formula,RVTR423027,1,HUMAN REVIEW REQUIRED,"Existing simulation selected one candidate (RVTR423027), but no safe disposition signal.",false
/Users/bobhopp/DJ MEDIA/VIDEO/1990's/Inner Circle - Bad Boys.mp4,Inner Circle,Bad Boys,RVTR632893,1,HUMAN REVIEW REQUIRED,"Existing simulation selected one candidate (RVTR632893), but no safe disposition signal.",false
/Users/bobhopp/DJ MEDIA/VIDEO/2010's/Ne-Yo - Let Me Love You.mp4,Ne-Yo,Let Me Love You,RVTR890847,1,HUMAN REVIEW REQUIRED,"Existing simulation selected one candidate (RVTR890847), but no safe disposition signal.",false
/Users/bobhopp/DJ MEDIA/VIDEO/1980's/Baltimora - Tarzan Boy.mp4,Baltimora,Tarzan Boy,RVTR980991,1,HUMAN REVIEW REQUIRED,"Existing simulation selected one candidate (RVTR980991), but no safe disposition signal.",false
/Users/bobhopp/DJ MEDIA/VIDEO/1980's/Ol' 55 - Two Faces Have I.mp4,Ol' 55,Two Faces Have I,RVTR924710,1,HUMAN REVIEW REQUIRED,"Existing simulation selected one candidate (RVTR924710), but no safe disposition signal.",false
/Users/bobhopp/DJ MEDIA/VIDEO/1990's/Madonna - I'll Remember.mp4,Madonna,I'll Remember,RVTR671711,1,SAFE TITLE NOISE,Existing simulation selected one canonical candidate (RVTR671711); deterministic filename/tag noise.,true
/Users/bobhopp/DJ MEDIA/VIDEO/2000's/Rob Zombie - Foxy Foxy.mp4,Rob Zombie,Foxy Foxy,RVTR534626,1,HUMAN REVIEW REQUIRED,"Existing simulation selected one candidate (RVTR534626), but no safe disposition signal.",false
/Users/bobhopp/DJ MEDIA/VIDEO/2020's/Sierra Ferrell - Years.mp4,Sierra Ferrell,Years,RVTR559566,1,HUMAN REVIEW REQUIRED,"Existing simulation selected one candidate (RVTR559566), but no safe disposition signal.",false
/Users/bobhopp/DJ MEDIA/VIDEO/1980's/The Specials - Rat Race.mp4,The Specials,Rat Race,RVTR184676,1,HUMAN REVIEW REQUIRED,"Existing simulation selected one candidate (RVTR184676), but no safe disposition signal.",false
/Users/bobhopp/DJ MEDIA/VIDEO/2010's/Redlight King - Old Man.mp4,Redlight King,Old Man,RVTR452291,1,HUMAN REVIEW REQUIRED,"Existing simulation selected one candidate (RVTR452291), but no safe disposition signal.",false
/Users/bobhopp/DJ MEDIA/VIDEO/1980's/The Beatles - Two Of Us.mp4,The Beatles,Two Of Us,RVTR039281,1,HUMAN REVIEW REQUIRED,"Existing simulation selected one candidate (RVTR039281), but no safe disposition signal.",false
/Users/bobhopp/DJ MEDIA/VIDEO/1990's/John Prine - Lake Marie.mp4,John Prine,Lake Marie,RVTR124058,1,HUMAN REVIEW REQUIRED,"Existing simulation selected one candidate (RVTR124058), but no safe disposition signal.",false
/Users/bobhopp/DJ MEDIA/VIDEO/TECHNO/Stranglers - Skin Deep.mp4,Stranglers,Skin Deep,RVTR332130,1,HUMAN REVIEW REQUIRED,"Existing simulation selected one candidate (RVTR332130), but no safe disposition signal.",false
/Users/bobhopp/DJ MEDIA/VIDEO/1990's/No Doubt - Excuse Me Mr.mp4,No Doubt,Excuse Me Mr,RVTR646247,1,HUMAN REVIEW REQUIRED,"Existing simulation selected one candidate (RVTR646247), but no safe disposition signal.",false
/Users/bobhopp/DJ MEDIA/VIDEO/2020's/Shakira - Don't Wait Up.mp4,Shakira,Don't Wait Up,RVTR746459,1,SAFE TITLE NOISE,Existing simulation selected one canonical candidate (RVTR746459); deterministic filename/tag noise.,true
/Users/bobhopp/DJ MEDIA/VIDEO/TECHNO/Klaxons - Golden Skans.mp4,Klaxons,Golden Skans,RVTR236244,1,HUMAN REVIEW REQUIRED,"Existing simulation selected one candidate (RVTR236244), but no safe disposition signal.",false
/Users/bobhopp/DJ MEDIA/VIDEO/1970's/Van Morrison - Caravan.mp4,Van Morrison,Caravan,RVTR980531,1,HUMAN REVIEW REQUIRED,"Existing simulation selected one candidate (RVTR980531), but no safe disposition signal.",false
/Users/bobhopp/DJ MEDIA/VIDEO/1980's/Kiss - New York Groove.mp4,Kiss,New York Groove,RVTR601012,1,HUMAN REVIEW REQUIRED,"Existing simulation selected one candidate (RVTR601012), but no safe disposition signal.",false
/Users/bobhopp/DJ MEDIA/VIDEO/1990's/Double Dee - Found Love.mp4,Double Dee,Found Love,RVTR388772,1,HUMAN REVIEW REQUIRED,"Existing simulation selected one candidate (RVTR388772), but no safe disposition signal.",false
/Users/bobhopp/DJ MEDIA/VIDEO/1990's/Monica - For You I Will.mp4,Monica,For You I Will,RVTR962213,1,HUMAN REVIEW REQUIRED,"Existing simulation selected one candidate (RVTR962213), but no safe disposition signal.",false
/Users/bobhopp/DJ MEDIA/VIDEO/2010's/Lmfao F.Lil Jon - Shots.mp4,LMFAO f./Lil Jon,Shots,RVTR272555,1,HUMAN REVIEW REQUIRED,"Existing simulation selected one candidate (RVTR272555), but no safe disposition signal.",false
/Users/bobhopp/DJ MEDIA/VIDEO/TECHNO/JS 16 - Stomp To My Beat.mp4,JS 16,Stomp To My Beat,RVTR462395,1,HUMAN REVIEW REQUIRED,"Existing simulation selected one candidate (RVTR462395), but no safe disposition signal.",false
/Users/bobhopp/DJ MEDIA/VIDEO/1970's/Grease - Summer Nights.mp4,Grease,Summer Nights,RVTR448161,1,HUMAN REVIEW REQUIRED,"Existing simulation selected one candidate (RVTR448161), but no safe disposition signal.",false
/Users/bobhopp/DJ MEDIA/VIDEO/2000's/Ben Folds - Tiny Dancer.mp4,Ben Folds,Tiny Dancer,RVTR751541,1,HUMAN REVIEW REQUIRED,"Existing simulation selected one candidate (RVTR751541), but no safe disposition signal.",false
/Users/bobhopp/DJ MEDIA/VIDEO/TECHNO/George Michael - Freeek.mp4,George Michael,Freeek,RVTR610155,1,HUMAN REVIEW REQUIRED,"Existing simulation selected one candidate (RVTR610155), but no safe disposition signal.",false
/Users/bobhopp/DJ MEDIA/VIDEO/1960's/The Beatles - Blackbird.mp4,The Beatles,Blackbird,RVTR705026,1,HUMAN REVIEW REQUIRED,"Existing simulation selected one candidate (RVTR705026), but no safe disposition signal.",false
/Users/bobhopp/DJ MEDIA/VIDEO/COUNTRY/FILL/Sugarland - Just Might.mp4,Sugarland,Just Might,RVTR214530,1,HUMAN REVIEW REQUIRED,"Existing simulation selected one candidate (RVTR214530), but no safe disposition signal.",false
/Users/bobhopp/DJ MEDIA/VIDEO/1970's/Lene Lovich - Bird Song.mp4,Lene Lovich,Bird Song,RVTR141939,1,HUMAN REVIEW REQUIRED,"Existing simulation selected one candidate (RVTR141939), but no safe disposition signal.",false
/Users/bobhopp/DJ MEDIA/VIDEO/1990's/Seal - Fly Like An Eagle.mp4,Seal,Fly Like An Eagle,RVTR292308,1,HUMAN REVIEW REQUIRED,"Existing simulation selected one candidate (RVTR292308), but no safe disposition signal.",false
/Users/bobhopp/DJ MEDIA/VIDEO/2000's/Ozzy - Gets Me Through.mp4,Ozzy,Gets Me Through,RVTR422026,1,HUMAN REVIEW REQUIRED,"Existing simulation selected one candidate (RVTR422026), but no safe disposition signal.",false
/Users/bobhopp/DJ MEDIA/VIDEO/COUNTRY/FILL/Clay Walker - That's Us.mp4,Clay Walker,That's Us,RVTR251371,1,SAFE TITLE NOISE,Existing simulation selected one canonical candidate (RVTR251371); deterministic filename/tag noise.,true
/Users/bobhopp/DJ MEDIA/VIDEO/1970's/Up In Smoke - Low Rider.mp4,Up In Smoke,Low Rider,RVTR721660,1,HUMAN REVIEW REQUIRED,"Existing simulation selected one candidate (RVTR721660), but no safe disposition signal.",false
/Users/bobhopp/DJ MEDIA/VIDEO/TECHNO/Faithless - We Come One.mp4,Faithless,We Come One,RVTR017401,1,HUMAN REVIEW REQUIRED,"Existing simulation selected one candidate (RVTR017401), but no safe disposition signal.",false
/Users/bobhopp/DJ MEDIA/VIDEO/2000's/Dmx - Ain't No Sunshine.mp4,Dmx,Ain't No Sunshine,RVTR462106,1,SAFE TITLE NOISE,Existing simulation selected one canonical candidate (RVTR462106); deterministic filename/tag noise.,true
/Users/bobhopp/DJ MEDIA/VIDEO/TECHNO/Don Diablo - Easy Lover.mp4,Don Diablo,Easy Lover,RVTR097307,1,HUMAN REVIEW REQUIRED,"Existing simulation selected one candidate (RVTR097307), but no safe disposition signal.",false
/Users/bobhopp/DJ MEDIA/VIDEO/1970's/Runaways - Cherry Bomb.mp4,Runaways,Cherry Bomb,RVTR678706,1,HUMAN REVIEW REQUIRED,"Existing simulation selected one candidate (RVTR678706), but no safe disposition signal.",false
/Users/bobhopp/DJ MEDIA/VIDEO/1990's/Pavement - Gold Soundz.mp4,Pavement,Gold Soundz,RVTR197031,1,HUMAN REVIEW REQUIRED,"Existing simulation selected one candidate (RVTR197031), but no safe disposition signal.",false
/Users/bobhopp/DJ MEDIA/VIDEO/1990's/Primus - My Name Is Mud.mp4,Primus,My Name Is Mud,RVTR227281,1,HUMAN REVIEW REQUIRED,"Existing simulation selected one candidate (RVTR227281), but no safe disposition signal.",false
/Users/bobhopp/DJ MEDIA/VIDEO/2010's/Alessia Cara - How Far I.mp4,Alessia Cara,How Far I,RVTR496887,1,HUMAN REVIEW REQUIRED,"Existing simulation selected one candidate (RVTR496887), but no safe disposition signal.",false
/Users/bobhopp/DJ MEDIA/VIDEO/2010's/Juzzie Smith - Jamming.mp4,Juzzie Smith,Jamming,RVTR166135,1,HUMAN REVIEW REQUIRED,"Existing simulation selected one candidate (RVTR166135), but no safe disposition signal.",false
/Users/bobhopp/DJ MEDIA/VIDEO/2010's/Ryan Bingham - The Poet.mp4,Ryan Bingham,The Poet,RVTR445250,1,HUMAN REVIEW REQUIRED,"Existing simulation selected one candidate (RVTR445250), but no safe disposition signal.",false
/Users/bobhopp/DJ MEDIA/VIDEO/2020's/Erica Banks - Toot That.mp4,Erica Banks,Toot That,RVTR975816,1,HUMAN REVIEW REQUIRED,"Existing simulation selected one candidate (RVTR975816), but no safe disposition signal.",false
/Users/bobhopp/DJ MEDIA/VIDEO/1970's/Jethro Tull - Aqualung.mp4,Jethro Tull,Aqualung,RVTR622721,1,HUMAN REVIEW REQUIRED,"Existing simulation selected one candidate (RVTR622721), but no safe disposition signal.",false
/Users/bobhopp/DJ MEDIA/VIDEO/TECHNO/Duncan Sheik - On A High.mp4,Duncan Sheik,On A High,RVTR732499,1,HUMAN REVIEW REQUIRED,"Existing simulation selected one candidate (RVTR732499), but no safe disposition signal.",false
/Users/bobhopp/DJ MEDIA/VIDEO/1980's/Joan Jett - Cherry bomb.mp4,Joan Jett,Cherry bomb,RVTR475335,1,HUMAN REVIEW REQUIRED,"Existing simulation selected one candidate (RVTR475335), but no safe disposition signal.",false
/Users/bobhopp/DJ MEDIA/VIDEO/1980's/Stomp - God's Property.mp4,Stomp,God's Property,RVTR509137,1,SAFE TITLE NOISE,Existing simulation selected one canonical candidate (RVTR509137); deterministic filename/tag noise.,true
/Users/bobhopp/DJ MEDIA/VIDEO/1990's/Willie Jones - Lil Vibe.mp4,Willie Jones,Lil Vibe,RVTR094707,1,HUMAN REVIEW REQUIRED,"Existing simulation selected one candidate (RVTR094707), but no safe disposition signal.",false
/Users/bobhopp/DJ MEDIA/VIDEO/2000's/Miley Cyrus - Black Dog.mp4,Miley Cyrus,Black Dog,RVTR387117,1,HUMAN REVIEW REQUIRED,"Existing simulation selected one candidate (RVTR387117), but no safe disposition signal.",false
/Users/bobhopp/DJ MEDIA/VIDEO/2020's/Vulfmon - I Can't Party.mp4,Vulfmon,I Can't Party,RVTR028968,1,SAFE TITLE NOISE,Existing simulation selected one canonical candidate (RVTR028968); deterministic filename/tag noise.,true
/Users/bobhopp/DJ MEDIA/VIDEO/1990's/K Ci & Jo Jo - All My Life.mp4,K Ci & Jo Jo,All My Life,RVTR423851,1,HUMAN REVIEW REQUIRED,"Existing simulation selected one candidate (RVTR423851), but no safe disposition signal.",false
/Users/bobhopp/DJ MEDIA/VIDEO/2020's/Pink - All I Know So Far.mp4,Pink,All I Know So Far,RVTR540616,1,HUMAN REVIEW REQUIRED,"Existing simulation selected one candidate (RVTR540616), but no safe disposition signal.",false
/Users/bobhopp/DJ MEDIA/VIDEO/1980's/Samantha Fox - Touch Me.mp4,Samantha Fox,Touch Me,RVTR580293,1,HUMAN REVIEW REQUIRED,"Existing simulation selected one candidate (RVTR580293), but no safe disposition signal.",false
/Users/bobhopp/DJ MEDIA/VIDEO/1990's/Cathy Dennis - Touch Me.mp4,Cathy Dennis,Touch Me,RVTR010203,1,HUMAN REVIEW REQUIRED,"Existing simulation selected one candidate (RVTR010203), but no safe disposition signal.",false
/Users/bobhopp/DJ MEDIA/VIDEO/1990's/Godhead - Eleanor Rigby.mp4,Godhead,Eleanor Rigby,RVTR255065,1,HUMAN REVIEW REQUIRED,"Existing simulation selected one candidate (RVTR255065), but no safe disposition signal.",false
/Users/bobhopp/DJ MEDIA/VIDEO/2000's/Big & Rich - Save A Horse.mp4,Big & Rich,Save A Horse,RVTR163173,1,HUMAN REVIEW REQUIRED,"Existing simulation selected one candidate (RVTR163173), but no safe disposition signal.",false
/Users/bobhopp/DJ MEDIA/VIDEO/2020's/Black Eyed Peas - Hit It.mp4,Black Eyed Peas,Hit It,RVTR295846,1,HUMAN REVIEW REQUIRED,"Existing simulation selected one candidate (RVTR295846), but no safe disposition signal.",false
/Users/bobhopp/DJ MEDIA/VIDEO/1990's/Gotthard - Sister Moon.mp4,Gotthard,Sister Moon,RVTR081662,1,HUMAN REVIEW REQUIRED,"Existing simulation selected one candidate (RVTR081662), but no safe disposition signal.",false
/Users/bobhopp/DJ MEDIA/VIDEO/TECHNO/Melanie C - I Want Candy.mp4,Melanie C,I Want Candy,RVTR909565,1,HUMAN REVIEW REQUIRED,"Existing simulation selected one candidate (RVTR909565), but no safe disposition signal.",false
"/Users/bobhopp/DJ MEDIA/VIDEO/1990's/Bucketheads - Bomb!, The.mp4",Bucketheads,"Bomb!, The",RVTR475312,1,SAFE TITLE NOISE,Existing simulation selected one canonical candidate (RVTR475312); deterministic filename/tag noise.,true
/Users/bobhopp/DJ MEDIA/VIDEO/2000's/Duffy - Stepping Stone.mp4,Duffy,Stepping Stone,RVTR969689,1,HUMAN REVIEW REQUIRED,"Existing simulation selected one candidate (RVTR969689), but no safe disposition signal.",false
/Users/bobhopp/DJ MEDIA/VIDEO/1970's/Nazareth - Miss Misery.mp4,Nazareth,Miss Misery,RVTR133233,1,HUMAN REVIEW REQUIRED,"Existing simulation selected one candidate (RVTR133233), but no safe disposition signal.",false
/Users/bobhopp/DJ MEDIA/VIDEO/TECHNO/Papa Roach - To Be Loved.mp4,Papa Roach,To Be Loved,RVTR829980,1,HUMAN REVIEW REQUIRED,"Existing simulation selected one candidate (RVTR829980), but no safe disposition signal.",false
/Users/bobhopp/DJ MEDIA/VIDEO/1990's/Britney Spears - Crazy.mp4,Britney Spears,Crazy,RVTR920920,1,HUMAN REVIEW REQUIRED,"Existing simulation selected one candidate (RVTR920920), but no safe disposition signal.",false
/Users/bobhopp/DJ MEDIA/VIDEO/1970's/Boney M. - Gotta Go Home.mp4,Boney M.,Gotta Go Home,RVTR299332,1,HUMAN REVIEW REQUIRED,"Existing simulation selected one candidate (RVTR299332), but no safe disposition signal.",false
/Users/bobhopp/DJ MEDIA/VIDEO/TECHNO/Black Box - Ride On Time.mp4,Black Box,Ride On Time,RVTR103181,1,HUMAN REVIEW REQUIRED,"Existing simulation selected one candidate (RVTR103181), but no safe disposition signal.",false
/Users/bobhopp/DJ MEDIA/VIDEO/TECHNO/Metro Station - Kelsey.mp4,Metro Station,Kelsey,RVTR123079,1,HUMAN REVIEW REQUIRED,"Existing simulation selected one candidate (RVTR123079), but no safe disposition signal.",false
/Users/bobhopp/DJ MEDIA/VIDEO/1980's/Mötley Crüe - Home Sweet Home.mp4,Mötley Crüe,Home Sweet Home,RVTR057587,1,HUMAN REVIEW REQUIRED,"Existing simulation selected one candidate (RVTR057587), but no safe disposition signal.",false
/Users/bobhopp/DJ MEDIA/VIDEO/1990's/The Grind - Swamp Thing.mp4,The Grind,Swamp Thing,RVTR000499,1,HUMAN REVIEW REQUIRED,"Existing simulation selected one candidate (RVTR000499), but no safe disposition signal.",false
/Users/bobhopp/DJ MEDIA/VIDEO/2000's/Mötley Crüe - Home Sweet Home.mp4,Mötley Crüe,Home Sweet Home,RVTR057587,1,HUMAN REVIEW REQUIRED,"Existing simulation selected one candidate (RVTR057587), but no safe disposition signal.",false
/Users/bobhopp/DJ MEDIA/VIDEO/1970's/Ann Margaret - Shot Gun.mp4,Ann Margaret,Shot Gun,RVTR476808,1,HUMAN REVIEW REQUIRED,"Existing simulation selected one candidate (RVTR476808), but no safe disposition signal.",false
/Users/bobhopp/DJ MEDIA/VIDEO/2000's/Soulja Boy - Crank That.mp4,Soulja Boy,Crank That,RVTR772341,1,HUMAN REVIEW REQUIRED,"Existing simulation selected one candidate (RVTR772341), but no safe disposition signal.",false
/Users/bobhopp/DJ MEDIA/VIDEO/TECHNO/Melinda Watts - So Good.mp4,Melinda Watts,So Good,RVTR694653,1,HUMAN REVIEW REQUIRED,"Existing simulation selected one candidate (RVTR694653), but no safe disposition signal.",false
/Users/bobhopp/DJ MEDIA/VIDEO/2000's/Beyonce - Single Ladies.mp4,Beyonce,Single Ladies,RVTR470218,1,HUMAN REVIEW REQUIRED,"Existing simulation selected one candidate (RVTR470218), but no safe disposition signal.",false
/Users/bobhopp/DJ MEDIA/VIDEO/COUNTRY/FILL/Toby Keith - Old School.mp4,Toby Keith,Old School,RVTR217204,1,HUMAN REVIEW REQUIRED,"Existing simulation selected one candidate (RVTR217204), but no safe disposition signal.",false
/Users/bobhopp/DJ MEDIA/VIDEO/1990's/Marion - Sleep The Word.mp4,Marion,Sleep The Word,RVTR565322,1,HUMAN REVIEW REQUIRED,"Existing simulation selected one candidate (RVTR565322), but no safe disposition signal.",false
/Users/bobhopp/DJ MEDIA/VIDEO/1960's/The Beatles - In My Life.mp4,The Beatles,In My Life,RVTR915481,1,HUMAN REVIEW REQUIRED,"Existing simulation selected one candidate (RVTR915481), but no safe disposition signal.",false
/Users/bobhopp/DJ MEDIA/VIDEO/1970's/KISS - I Still Love You.mp4,Kiss,I Still Love You,RVTR622211,1,HUMAN REVIEW REQUIRED,"Existing simulation selected one candidate (RVTR622211), but no safe disposition signal.",false
/Users/bobhopp/DJ MEDIA/VIDEO/1990's/Jackyl - The Lumberjack.mp4,Jackyl,The Lumberjack,RVTR062900,1,HUMAN REVIEW REQUIRED,"Existing simulation selected one candidate (RVTR062900), but no safe disposition signal.",false
/Users/bobhopp/DJ MEDIA/VIDEO/TECHNO/Saigon Kick - All I Want.mp4,Saigon Kick,All I Want,RVTR343734,1,HUMAN REVIEW REQUIRED,"Existing simulation selected one candidate (RVTR343734), but no safe disposition signal.",false
/Users/bobhopp/DJ MEDIA/VIDEO/TECHNO/Switchfoot - Awakening.mp4,Switchfoot,Awakening,RVTR060109,1,HUMAN REVIEW REQUIRED,"Existing simulation selected one candidate (RVTR060109), but no safe disposition signal.",false
/Users/bobhopp/DJ MEDIA/VIDEO/1990's/Beastie Boys - Sabotage.mp4,Beastie Boys,Sabotage,RVTR491253,1,HUMAN REVIEW REQUIRED,"Existing simulation selected one candidate (RVTR491253), but no safe disposition signal.",false
/Users/bobhopp/DJ MEDIA/VIDEO/2010's/Chase Matthew - Pull Up.mp4,Chase Matthew,Pull Up,RVTR274491,1,HUMAN REVIEW REQUIRED,"Existing simulation selected one candidate (RVTR274491), but no safe disposition signal.",false
/Users/bobhopp/DJ MEDIA/VIDEO/1970's/Squeeze - Cool For Cats.mp4,Squeeze,Cool For Cats,RVTR968845,1,HUMAN REVIEW REQUIRED,"Existing simulation selected one candidate (RVTR968845), but no safe disposition signal.",false
/Users/bobhopp/DJ MEDIA/VIDEO/1990's/Matchbox Twenty - Push.mp4,Matchbox Twenty,Push,RVTR773680,1,HUMAN REVIEW REQUIRED,"Existing simulation selected one candidate (RVTR773680), but no safe disposition signal.",false
/Users/bobhopp/DJ MEDIA/VIDEO/1990's/Offspring - Pretty Fly.mp4,Offspring,Pretty Fly,RVTR208944,1,HUMAN REVIEW REQUIRED,"Existing simulation selected one candidate (RVTR208944), but no safe disposition signal.",false
/Users/bobhopp/DJ MEDIA/VIDEO/TECHNO/Geri Halliwell - Desire.mp4,Geri Halliwell,Desire,RVTR914449,1,HUMAN REVIEW REQUIRED,"Existing simulation selected one candidate (RVTR914449), but no safe disposition signal.",false
/Users/bobhopp/DJ MEDIA/VIDEO/2020's/Billy Talent - End Of Me.mp4,Billy Talent,End Of Me,RVTR619691,1,HUMAN REVIEW REQUIRED,"Existing simulation selected one candidate (RVTR619691), but no safe disposition signal.",false
/Users/bobhopp/DJ MEDIA/VIDEO/2020's/End Of Me - Billy Talent.mp4,Billy Talent,End Of Me,RVTR619691,1,HUMAN REVIEW REQUIRED,"Existing simulation selected one candidate (RVTR619691), but no safe disposition signal.",false
/Users/bobhopp/DJ MEDIA/VIDEO/1960's/The Beatles - I Need You.mp4,The Beatles,I Need You,RVTR644201,1,HUMAN REVIEW REQUIRED,"Existing simulation selected one candidate (RVTR644201), but no safe disposition signal.",false
/Users/bobhopp/DJ MEDIA/VIDEO/1970's/The Eagles - In The City.mp4,The Eagles,In The City,RVTR607079,1,HUMAN REVIEW REQUIRED,"Existing simulation selected one candidate (RVTR607079), but no safe disposition signal.",false
"/Users/bobhopp/DJ MEDIA/VIDEO/1980's/Prince - Baby, I'm A Star.mp4",Prince,"Baby, I'm A Star",RVTR853201,1,SAFE TITLE NOISE,Existing simulation selected one canonical candidate (RVTR853201); deterministic filename/tag noise.,true
/Users/bobhopp/DJ MEDIA/VIDEO/TECHNO/Stryper - Shining Star.mp4,Stryper,Shining Star,RVTR508935,1,HUMAN REVIEW REQUIRED,"Existing simulation selected one candidate (RVTR508935), but no safe disposition signal.",false
/Users/bobhopp/DJ MEDIA/VIDEO/1960's/Jimi Hendrix - If 6 Was 9.mp4,Jimi Hendrix,If 6 Was 9,RVTR836497,1,HUMAN REVIEW REQUIRED,"Existing simulation selected one candidate (RVTR836497), but no safe disposition signal.",false
/Users/bobhopp/DJ MEDIA/VIDEO/2000's/Bloc Party - The Prayer.mp4,Bloc Party,The Prayer,RVTR320465,1,HUMAN REVIEW REQUIRED,"Existing simulation selected one candidate (RVTR320465), but no safe disposition signal.",false
/Users/bobhopp/DJ MEDIA/VIDEO/1970's/Tomorrow Night - Shoes.mp4,Tomorrow Night,Shoes,RVTR742251,1,HUMAN REVIEW REQUIRED,"Existing simulation selected one candidate (RVTR742251), but no safe disposition signal.",false
/Users/bobhopp/DJ MEDIA/VIDEO/1990's/Ween - Even If You Don't.mp4,Ween,Even If You Don't,RVTR139537,1,SAFE TITLE NOISE,Existing simulation selected one canonical candidate (RVTR139537); deterministic filename/tag noise.,true
/Users/bobhopp/DJ MEDIA/VIDEO/2020's/Madison Beer - Reckless.mp4,Madison Beer,Reckless,RVTR843147,1,HUMAN REVIEW REQUIRED,"Existing simulation selected one candidate (RVTR843147), but no safe disposition signal.",false
/Users/bobhopp/DJ MEDIA/VIDEO/1980's/Stars On 45 - Stars On 45.mp4,Stars On 45,Stars On 45,RVTR676680,1,HUMAN REVIEW REQUIRED,"Existing simulation selected one candidate (RVTR676680), but no safe disposition signal.",false
/Users/bobhopp/DJ MEDIA/VIDEO/1990's/CCCP - American Soviets.mp4,CCCP,American Soviets,RVTR410813,1,HUMAN REVIEW REQUIRED,"Existing simulation selected one candidate (RVTR410813), but no safe disposition signal.",false
/Users/bobhopp/DJ MEDIA/VIDEO/1990's/3rd Bass - Problem Child.mp4,3rd Bass,Problem Child,RVTR455389,1,HUMAN REVIEW REQUIRED,"Existing simulation selected one candidate (RVTR455389), but no safe disposition signal.",false
/Users/bobhopp/DJ MEDIA/VIDEO/1980's/Cliff Richard - Dreamin'.mp4,Cliff Richard,Dreamin',RVTR257260,1,SAFE TITLE NOISE,Existing simulation selected one canonical candidate (RVTR257260); deterministic filename/tag noise.,true
"/Users/bobhopp/DJ MEDIA/VIDEO/2010's/Pedro Capó, Farruko - Calma.mp4","Pedro Capó, Farruko",Calma,RVTR006857,1,HUMAN REVIEW REQUIRED,"Existing simulation selected one candidate (RVTR006857), but no safe disposition signal.",false
/Users/bobhopp/DJ MEDIA/VIDEO/1980's/AC_DC - Shoot To Thrill.mp4,AC/DC,Shoot To Thrill,RVTR958326,1,HUMAN REVIEW REQUIRED,"Existing simulation selected one candidate (RVTR958326), but no safe disposition signal.",false
/Users/bobhopp/DJ MEDIA/VIDEO/1980's/Bob Sinclair - Together.mp4,Bob Sinclair,Together,RVTR438266,1,HUMAN REVIEW REQUIRED,"Existing simulation selected one candidate (RVTR438266), but no safe disposition signal.",false
/Users/bobhopp/DJ MEDIA/VIDEO/1990's/Tupac - How Do U Want It.mp4,Tupac,How Do U Want It,RVTR990536,1,HUMAN REVIEW REQUIRED,"Existing simulation selected one candidate (RVTR990536), but no safe disposition signal.",false
/Users/bobhopp/DJ MEDIA/VIDEO/2020's/Paul Cauthen - Hometeam.mp4,Paul Cauthen,Hometeam,RVTR799972,1,HUMAN REVIEW REQUIRED,"Existing simulation selected one candidate (RVTR799972), but no safe disposition signal.",false
"/Users/bobhopp/DJ MEDIA/VIDEO/TECHNO/You Found Me - Fray, The.mp4",You Found Me,"Fray, The",RVTR397061,1,SAFE TITLE NOISE,Existing simulation selected one canonical candidate (RVTR397061); deterministic filename/tag noise.,true
/Users/bobhopp/DJ MEDIA/VIDEO/1990's/Tupac - California Love.mp4,Tupac,California Love,RVTR625679,1,HUMAN REVIEW REQUIRED,"Existing simulation selected one candidate (RVTR625679), but no safe disposition signal.",false
/Users/bobhopp/DJ MEDIA/VIDEO/2010's/Die Antwoord - Ugly Boy.mp4,Die Antwoord,Ugly Boy,RVTR982456,1,HUMAN REVIEW REQUIRED,"Existing simulation selected one candidate (RVTR982456), but no safe disposition signal.",false
/Users/bobhopp/DJ MEDIA/VIDEO/1990's/Busta Rhymes - Woo-Hah!!.mp4,Busta Rhymes,Woo-Hah!!,RVTR395502,1,SAFE TITLE NOISE,Existing simulation selected one canonical candidate (RVTR395502); deterministic filename/tag noise.,true
/Volumes/DJ  MAIN/DJ MEDIA/VIDEO/1960's/Sina feat. Jadyn Rylee & Charlotte Zone - Scarborough Fair.mp4,Sina feat Jadyn Rylee & Charlotte Zone,Scarborough Fair,RVTR407319,1,HUMAN REVIEW REQUIRED,"Existing simulation selected one candidate (RVTR407319), but no safe disposition signal.",false
/Users/bobhopp/DJ MEDIA/VIDEO/2000's/Daft Punk - Technologic.mp4,Daft Punk,Technologic,RVTR273347,1,HUMAN REVIEW REQUIRED,"Existing simulation selected one candidate (RVTR273347), but no safe disposition signal.",false
/Users/bobhopp/DJ MEDIA/VIDEO/1960's/Dave Brubeck - Take Five.mp4,Dave Brubeck,Take Five,RVTR191953,1,HUMAN REVIEW REQUIRED,"Existing simulation selected one candidate (RVTR191953), but no safe disposition signal.",false
/Users/bobhopp/DJ MEDIA/VIDEO/TECHNO/Wolfmother - Dimension.mp4,Wolfmother,Dimension,RVTR770343,1,HUMAN REVIEW REQUIRED,"Existing simulation selected one candidate (RVTR770343), but no safe disposition signal.",false
/Users/bobhopp/DJ MEDIA/VIDEO/2000's/Green Day - Good Ridance.mp4,Green Day,Good Ridance,RVTR859354,1,HUMAN REVIEW REQUIRED,"Existing simulation selected one candidate (RVTR859354), but no safe disposition signal.",false
/Users/bobhopp/DJ MEDIA/VIDEO/COUNTRY/FILL/Merle Haggard - Big City.mp4,Merle Haggard,Big City,RVTR140071,1,HUMAN REVIEW REQUIRED,"Existing simulation selected one candidate (RVTR140071), but no safe disposition signal.",false
/Users/bobhopp/DJ MEDIA/VIDEO/TECHNO/Ok Go - Do What You Want.mp4,Ok Go,Do What You Want,RVTR828209,1,HUMAN REVIEW REQUIRED,"Existing simulation selected one candidate (RVTR828209), but no safe disposition signal.",false
/Users/bobhopp/DJ MEDIA/VIDEO/2000's/Bon Jovi - Make A Memory.mp4,Bon Jovi,Make A Memory,RVTR310632,1,HUMAN REVIEW REQUIRED,"Existing simulation selected one candidate (RVTR310632), but no safe disposition signal.",false
/Users/bobhopp/DJ MEDIA/VIDEO/2000's/Pink - Raise Your Glass.mp4,Pink,Raise Your Glass,RVTR587723,1,HUMAN REVIEW REQUIRED,"Existing simulation selected one candidate (RVTR587723), but no safe disposition signal.",false
/Users/bobhopp/DJ MEDIA/VIDEO/1960's/The Ronettes - You Baby.mp4,The Ronettes,You Baby,RVTR818242,1,HUMAN REVIEW REQUIRED,"Existing simulation selected one candidate (RVTR818242), but no safe disposition signal.",false
/Users/bobhopp/DJ MEDIA/VIDEO/1970's/Roxy Music - Angel Eyes.mp4,Roxy Music,Angel Eyes,RVTR183879,1,HUMAN REVIEW REQUIRED,"Existing simulation selected one candidate (RVTR183879), but no safe disposition signal.",false
/Users/bobhopp/DJ MEDIA/VIDEO/1990's/Lou Reed - Foot Of Pride.mp4,Lou Reed,Foot Of Pride,RVTR378590,1,HUMAN REVIEW REQUIRED,"Existing simulation selected one candidate (RVTR378590), but no safe disposition signal.",false
/Users/bobhopp/DJ MEDIA/VIDEO/1990's/Weezer - Say It Ain't So.mp4,Weezer,Say It Ain't So,RVTR452576,1,SAFE TITLE NOISE,Existing simulation selected one canonical candidate (RVTR452576); deterministic filename/tag noise.,true
/Users/bobhopp/DJ MEDIA/VIDEO/2000's/Paula Deanda - Walk Away.mp4,Paula Deanda,Walk Away,RVTR233019,1,HUMAN REVIEW REQUIRED,"Existing simulation selected one candidate (RVTR233019), but no safe disposition signal.",false
/Users/bobhopp/DJ MEDIA/VIDEO/1980's/Dokken - Just Got Lucky.mp4,Dokken,Just Got Lucky,RVTR654352,1,HUMAN REVIEW REQUIRED,"Existing simulation selected one candidate (RVTR654352), but no safe disposition signal.",false
/Users/bobhopp/DJ MEDIA/VIDEO/TECHNO/Milk Inc. - Tainted Love.mp4,Milk Inc.,Tainted Love,RVTR200442,1,HUMAN REVIEW REQUIRED,"Existing simulation selected one candidate (RVTR200442), but no safe disposition signal.",false
/Users/bobhopp/DJ MEDIA/VIDEO/1960's/The Doors - Love Street.mp4,The Doors,Love Street,RVTR335840,1,HUMAN REVIEW REQUIRED,"Existing simulation selected one candidate (RVTR335840), but no safe disposition signal.",false
/Users/bobhopp/DJ MEDIA/VIDEO/1980's/Mick Jagger - Hard Woman.mp4,Mick Jagger,Hard Woman,RVTR731058,1,HUMAN REVIEW REQUIRED,"Existing simulation selected one candidate (RVTR731058), but no safe disposition signal.",false
/Users/bobhopp/DJ MEDIA/VIDEO/COUNTRY/FILL/Clay Walker - Easy Goin'.mp4,Clay Walker,Easy Goin',RVTR785515,1,SAFE TITLE NOISE,Existing simulation selected one canonical candidate (RVTR785515); deterministic filename/tag noise.,true
/Users/bobhopp/DJ MEDIA/VIDEO/2000's/All Time Low - Time-Bomb.mp4,All Time Low,Time-Bomb,RVTR608306,1,HUMAN REVIEW REQUIRED,"Existing simulation selected one candidate (RVTR608306), but no safe disposition signal.",false
/Users/bobhopp/DJ MEDIA/VIDEO/TECHNO/U2 - Window In The Skies.mp4,U2,Window In The Skies,RVTR852413,1,HUMAN REVIEW REQUIRED,"Existing simulation selected one candidate (RVTR852413), but no safe disposition signal.",false
/Users/bobhopp/DJ MEDIA/VIDEO/1970's/Pink Floyd - Us And Them.mp4,Pink Floyd,Us And Them,RVTR535059,1,HUMAN REVIEW REQUIRED,"Existing simulation selected one candidate (RVTR535059), but no safe disposition signal.",false
/Users/bobhopp/DJ MEDIA/VIDEO/2010's/Kongos - Take It From Me.mp4,Kongos,Take It From Me,RVTR816707,1,HUMAN REVIEW REQUIRED,"Existing simulation selected one candidate (RVTR816707), but no safe disposition signal.",false
/Users/bobhopp/DJ MEDIA/VIDEO/TECHNO/Kate Nash - Foundations.mp4,Kate Nash,Foundations,RVTR927138,1,HUMAN REVIEW REQUIRED,"Existing simulation selected one candidate (RVTR927138), but no safe disposition signal.",false
/Users/bobhopp/DJ MEDIA/VIDEO/1980's/Tom Petty - The Waiting.mp4,Tom Petty,The Waiting,RVTR715516,1,HUMAN REVIEW REQUIRED,"Existing simulation selected one candidate (RVTR715516), but no safe disposition signal.",false
/Users/bobhopp/DJ MEDIA/VIDEO/1990's/Offspring - Self Esteem.mp4,Offspring,Self Esteem,RVTR417691,1,HUMAN REVIEW REQUIRED,"Existing simulation selected one candidate (RVTR417691), but no safe disposition signal.",false
/Users/bobhopp/DJ MEDIA/VIDEO/1970's/Wings - Mull of Kintyre.mp4,Wings,Mull of Kintyre,RVTR048889,1,HUMAN REVIEW REQUIRED,"Existing simulation selected one candidate (RVTR048889), but no safe disposition signal.",false
/Users/bobhopp/DJ MEDIA/VIDEO/2000's/Michael Feanti - Say Hey.mp4,Michael Feanti,Say Hey,RVTR265410,1,HUMAN REVIEW REQUIRED,"Existing simulation selected one candidate (RVTR265410), but no safe disposition signal.",false
/Users/bobhopp/DJ MEDIA/VIDEO/TECHNO/Sandra - Maria Magdalena.mp4,Sandra,Maria Magdalena,RVTR229085,1,HUMAN REVIEW REQUIRED,"Existing simulation selected one candidate (RVTR229085), but no safe disposition signal.",false
/Users/bobhopp/DJ MEDIA/VIDEO/TECHNO/Tommy Lee - Hold Me Down.mp4,Tommy Lee,Hold Me Down,RVTR498329,1,HUMAN REVIEW REQUIRED,"Existing simulation selected one candidate (RVTR498329), but no safe disposition signal.",false
/Users/bobhopp/DJ MEDIA/VIDEO/1980's/Dokken - Dream Warriors.mp4,Dokken,Dream Warriors,RVTR550138,1,HUMAN REVIEW REQUIRED,"Existing simulation selected one candidate (RVTR550138), but no safe disposition signal.",false
/Users/bobhopp/DJ MEDIA/VIDEO/1990's/Clutch - Binge and Purge.mp4,Clutch,Binge and Purge,RVTR357937,1,HUMAN REVIEW REQUIRED,"Existing simulation selected one candidate (RVTR357937), but no safe disposition signal.",false
/Users/bobhopp/DJ MEDIA/VIDEO/2010's/Daisy Gray - Wicked Game.mp4,Daisy Gray,Wicked Game,RVTR150953,1,HUMAN REVIEW REQUIRED,"Existing simulation selected one candidate (RVTR150953), but no safe disposition signal.",false
/Users/bobhopp/DJ MEDIA/VIDEO/1990's/The Band - Atlantic City.mp4,The Band,Atlantic City,RVTR025347,1,HUMAN REVIEW REQUIRED,"Existing simulation selected one candidate (RVTR025347), but no safe disposition signal.",false
/Users/bobhopp/DJ MEDIA/VIDEO/2010's/Charlotte Adigéry - Paténipat.mp4,Charlotte Adigéry,Paténipat,RVTR625435,0,NO CANONICAL CANDIDATE,No canonical candidate selected by the existing simulation.,false
/Users/bobhopp/DJ MEDIA/VIDEO/TECHNO/Mary J Blige - Stay Down.mp4,Mary J Blige,Stay Down,RVTR844600,1,HUMAN REVIEW REQUIRED,"Existing simulation selected one candidate (RVTR844600), but no safe disposition signal.",false
/Users/bobhopp/DJ MEDIA/VIDEO/TECHNO/Janet Jackson - Feedback.mp4,Janet Jackson,Feedback,RVTR005614,1,HUMAN REVIEW REQUIRED,"Existing simulation selected one candidate (RVTR005614), but no safe disposition signal.",false
/Users/bobhopp/DJ MEDIA/VIDEO/1970's/Edgar Winter - Free Ride.mp4,Edgar Winter,Free Ride,RVTR271305,1,HUMAN REVIEW REQUIRED,"Existing simulation selected one candidate (RVTR271305), but no safe disposition signal.",false
/Users/bobhopp/DJ MEDIA/VIDEO/1980's/Journey - Stone In Love.mp4,Journey,Stone In Love,RVTR961605,1,HUMAN REVIEW REQUIRED,"Existing simulation selected one candidate (RVTR961605), but no safe disposition signal.",false
/Users/bobhopp/DJ MEDIA/VIDEO/1990's/Foo Fighters - Everlong.mp4,Foo Fighters,Everlong,RVTR225385,1,HUMAN REVIEW REQUIRED,"Existing simulation selected one candidate (RVTR225385), but no safe disposition signal.",false
/Users/bobhopp/DJ MEDIA/VIDEO/1990's/Garth Brooks - The Dance.mp4,Garth Brooks,The Dance.,RVTR697799,1,SAFE TITLE NOISE,Existing simulation selected one canonical candidate (RVTR697799); deterministic filename/tag noise.,true
/Users/bobhopp/DJ MEDIA/VIDEO/1970's/Iggy Pop - Five Foot One.mp4,Iggy Pop,Five Foot One,RVTR816341,1,HUMAN REVIEW REQUIRED,"Existing simulation selected one candidate (RVTR816341), but no safe disposition signal.",false
/Users/bobhopp/DJ MEDIA/VIDEO/2020's/Demi Lovato - Melon Cake.mp4,Demi Lovato,Melon Cake,RVTR310151,1,HUMAN REVIEW REQUIRED,"Existing simulation selected one candidate (RVTR310151), but no safe disposition signal.",false
/Users/bobhopp/DJ MEDIA/VIDEO/TECHNO/Drowning Pool - Step Up.mp4,Drowning Pool,Step Up,RVTR921474,1,HUMAN REVIEW REQUIRED,"Existing simulation selected one candidate (RVTR921474), but no safe disposition signal.",false
/Users/bobhopp/DJ MEDIA/VIDEO/1970's/Hall & Oates - Sara Smile.mp4,Hall & Oates,Sara Smile,RVTR666227,1,HUMAN REVIEW REQUIRED,"Existing simulation selected one candidate (RVTR666227), but no safe disposition signal.",false
/Users/bobhopp/DJ MEDIA/VIDEO/1980's/Tubes - Talk To Ya Later.mp4,Tubes,Talk To Ya Later,RVTR145270,1,HUMAN REVIEW REQUIRED,"Existing simulation selected one candidate (RVTR145270), but no safe disposition signal.",false
/Users/bobhopp/DJ MEDIA/VIDEO/2000's/Shaggy - Dance And Shout.mp4,Shaggy,Dance And Shout,RVTR611990,1,HUMAN REVIEW REQUIRED,"Existing simulation selected one candidate (RVTR611990), but no safe disposition signal.",false
/Users/bobhopp/DJ MEDIA/VIDEO/TECHNO/Janet Jackson - All Nite.mp4,Janet Jackson,All Nite,RVTR476684,1,HUMAN REVIEW REQUIRED,"Existing simulation selected one candidate (RVTR476684), but no safe disposition signal.",false
/Users/bobhopp/DJ MEDIA/VIDEO/1980's/Nick Kamen - Nobody Else.mp4,Nick Kamen,Nobody Else,RVTR432307,1,HUMAN REVIEW REQUIRED,"Existing simulation selected one candidate (RVTR432307), but no safe disposition signal.",false
/Users/bobhopp/DJ MEDIA/VIDEO/2000's/Amy Winehouse - Valerie.mp4,Amy Winehouse,Valerie,RVTR574313,1,HUMAN REVIEW REQUIRED,"Existing simulation selected one candidate (RVTR574313), but no safe disposition signal.",false
/Users/bobhopp/DJ MEDIA/VIDEO/1990's/Rob Zombie - Superbeast.mp4,Rob Zombie,Superbeast,RVTR334629,1,HUMAN REVIEW REQUIRED,"Existing simulation selected one candidate (RVTR334629), but no safe disposition signal.",false
/Users/bobhopp/DJ MEDIA/VIDEO/2000's/Nickelback - Never Again.mp4,Nickelback,Never Again,RVTR033421,1,HUMAN REVIEW REQUIRED,"Existing simulation selected one candidate (RVTR033421), but no safe disposition signal.",false
/Users/bobhopp/DJ MEDIA/VIDEO/2010's/Usher f._Will.I.Am - OMG.mp4,Usher f./Will.I.Am,OMG,RVTR853661,1,HUMAN REVIEW REQUIRED,"Existing simulation selected one candidate (RVTR853661), but no safe disposition signal.",false
/Users/bobhopp/DJ MEDIA/VIDEO/1970's/The Eagles - Wasted Time.mp4,The Eagles,Wasted Time,RVTR423026,1,HUMAN REVIEW REQUIRED,"Existing simulation selected one candidate (RVTR423026), but no safe disposition signal.",false
/Users/bobhopp/DJ MEDIA/VIDEO/1980's/Dangerous Toys - Scared.mp4,Dangerous Toys,Scared,RVTR335516,1,HUMAN REVIEW REQUIRED,"Existing simulation selected one candidate (RVTR335516), but no safe disposition signal.",false
/Users/bobhopp/DJ MEDIA/VIDEO/1980's/Red Flag - Russian Radio.mp4,Red Flag,Russian Radio,RVTR491583,1,HUMAN REVIEW REQUIRED,"Existing simulation selected one candidate (RVTR491583), but no safe disposition signal.",false
/Users/bobhopp/DJ MEDIA/VIDEO/1990's/Bodeans - Closer To Free.mp4,Bodeans,Closer To Free,RVTR945572,1,HUMAN REVIEW REQUIRED,"Existing simulation selected one candidate (RVTR945572), but no safe disposition signal.",false
/Users/bobhopp/DJ MEDIA/VIDEO/1990's/Radiohead - Karma Police.mp4,Radiohead,Karma Police,RVTR098782,1,HUMAN REVIEW REQUIRED,"Existing simulation selected one candidate (RVTR098782), but no safe disposition signal.",false
/Users/bobhopp/DJ MEDIA/VIDEO/1970's/Kid Blue - Louise Goffin.mp4,Kid Blue,Louise Goffin,RVTR196107,1,HUMAN REVIEW REQUIRED,"Existing simulation selected one candidate (RVTR196107), but no safe disposition signal.",false
/Users/bobhopp/DJ MEDIA/VIDEO/1990's/Pee Wee Herman - Tequila.mp4,Pee Wee Herman,Tequila,RVTR358103,1,HUMAN REVIEW REQUIRED,"Existing simulation selected one candidate (RVTR358103), but no safe disposition signal.",false
/Users/bobhopp/DJ MEDIA/VIDEO/2010's/Dorothy - Gun In My Hand.mp4,Dorothy,Gun In My Hand,RVTR228462,1,HUMAN REVIEW REQUIRED,"Existing simulation selected one candidate (RVTR228462), but no safe disposition signal.",false
/Users/bobhopp/DJ MEDIA/VIDEO/2010's/K Flay - Blood In The Cut.mp4,K Flay,Blood In The Cut,RVTR541306,1,HUMAN REVIEW REQUIRED,"Existing simulation selected one candidate (RVTR541306), but no safe disposition signal.",false
/Users/bobhopp/DJ MEDIA/VIDEO/2010's/Ocean Alley - Confidence.mp4,Ocean Alley,Confidence,RVTR020130,1,HUMAN REVIEW REQUIRED,"Existing simulation selected one candidate (RVTR020130), but no safe disposition signal.",false
/Users/bobhopp/DJ MEDIA/VIDEO/1960's/Dion DiMucci - Drip Drop.mp4,Dion DiMucci,Drip Drop,RVTR643758,1,HUMAN REVIEW REQUIRED,"Existing simulation selected one candidate (RVTR643758), but no safe disposition signal.",false
/Users/bobhopp/DJ MEDIA/VIDEO/1970's/Doors - Roadhouse Blues.mp4,Doors,Roadhouse Blues,RVTR997971,1,HUMAN REVIEW REQUIRED,"Existing simulation selected one candidate (RVTR997971), but no safe disposition signal.",false
/Users/bobhopp/DJ MEDIA/VIDEO/1970's/Led Zeppelin - Ramble On.mp4,Led Zeppelin,Ramble On,RVTR232780,1,HUMAN REVIEW REQUIRED,"Existing simulation selected one candidate (RVTR232780), but no safe disposition signal.",false
/Users/bobhopp/DJ MEDIA/VIDEO/1990's/Mötley Crüe - Don t Go Away Mad.mp4,Mötley Crüe,Don t Go Away Mad,RVTR874327,1,HUMAN REVIEW REQUIRED,"Existing simulation selected one candidate (RVTR874327), but no safe disposition signal.",false
/Users/bobhopp/DJ MEDIA/VIDEO/COUNTRY/FILL/Nik Kershaw - The Riddle.mp4,Nik Kershaw,The Riddle,RVTR010623,1,HUMAN REVIEW REQUIRED,"Existing simulation selected one candidate (RVTR010623), but no safe disposition signal.",false
/Users/bobhopp/DJ MEDIA/VIDEO/1980's/Lou Reed - No Money Down.mp4,Lou Reed,No Money Down,RVTR761976,1,HUMAN REVIEW REQUIRED,"Existing simulation selected one candidate (RVTR761976), but no safe disposition signal.",false
/Users/bobhopp/DJ MEDIA/VIDEO/1970's/Iggy Pop - Lust For Life.mp4,Iggy Pop,Lust For Life,RVTR603102,1,HUMAN REVIEW REQUIRED,"Existing simulation selected one candidate (RVTR603102), but no safe disposition signal.",false
/Users/bobhopp/DJ MEDIA/VIDEO/2010's/Ciara f._Ludacris - Ride.mp4,Ciara f./Ludacris,Ride,RVTR919044,1,HUMAN REVIEW REQUIRED,"Existing simulation selected one candidate (RVTR919044), but no safe disposition signal.",false
/Users/bobhopp/DJ MEDIA/VIDEO/1980's/Greg Khin - Breakup Song.mp4,Greg Khin,Breakup Song (Aoustic),RVTR432876,1,SAFE TITLE NOISE,Existing simulation selected one canonical candidate (RVTR432876); deterministic filename/tag noise.,true
/Users/bobhopp/DJ MEDIA/VIDEO/TECHNO/Mixi - I Miss Those Days.mp4,Mixi,I Miss Those Days,RVTR217782,1,HUMAN REVIEW REQUIRED,"Existing simulation selected one candidate (RVTR217782), but no safe disposition signal.",false
/Users/bobhopp/DJ MEDIA/VIDEO/2000's/Clutch - Electric Worry.mp4,Clutch,Electric Worry,RVTR350566,1,HUMAN REVIEW REQUIRED,"Existing simulation selected one candidate (RVTR350566), but no safe disposition signal.",false
/Users/bobhopp/DJ MEDIA/VIDEO/1970's/ABBA - Summer Night City.mp4,ABBA,Summer Night City,RVTR047496,1,HUMAN REVIEW REQUIRED,"Existing simulation selected one candidate (RVTR047496), but no safe disposition signal.",false
/Users/bobhopp/DJ MEDIA/VIDEO/1990's/Notorious B.I.G. - Juicy.mp4,Notorious B.I.G.,Juicy,RVTR100673,1,HUMAN REVIEW REQUIRED,"Existing simulation selected one candidate (RVTR100673), but no safe disposition signal.",false
/Users/bobhopp/DJ MEDIA/VIDEO/2000's/Wycleff - Sweetest Girl.mp4,Wycleff,Sweetest Girl,RVTR466247,1,HUMAN REVIEW REQUIRED,"Existing simulation selected one candidate (RVTR466247), but no safe disposition signal.",false
/Users/bobhopp/DJ MEDIA/VIDEO/2010's/Kongos - I'm Only Joking.mp4,Kongos,I'm Only Joking,RVTR340312,1,SAFE TITLE NOISE,Existing simulation selected one canonical candidate (RVTR340312); deterministic filename/tag noise.,true
/Users/bobhopp/DJ MEDIA/VIDEO/TECHNO/George Michael - Amazing.mp4,George Michael,Amazing,RVTR583000,1,HUMAN REVIEW REQUIRED,"Existing simulation selected one candidate (RVTR583000), but no safe disposition signal.",false
/Users/bobhopp/DJ MEDIA/VIDEO/COUNTRY/FILL/Johnny Cash - Wanted Man.mp4,Johnny Cash,Wanted Man,RVTR902607,1,HUMAN REVIEW REQUIRED,"Existing simulation selected one candidate (RVTR902607), but no safe disposition signal.",false
/Users/bobhopp/DJ MEDIA/VIDEO/1980's/Rainbow - All Night Long.mp4,Rainbow,All Night Long,RVTR819571,1,HUMAN REVIEW REQUIRED,"Existing simulation selected one candidate (RVTR819571), but no safe disposition signal.",false
/Users/bobhopp/DJ MEDIA/VIDEO/1990's/Alice in Chains - Would_.mp4,Alice in Chains,Would?,RVTR240496,1,SAFE TITLE NOISE,Existing simulation selected one canonical candidate (RVTR240496); deterministic filename/tag noise.,true
/Users/bobhopp/DJ MEDIA/VIDEO/1990's/Leavin Trunk - Taj Mahal.mp4,Leavin Trunk,Taj Mahal,RVTR924196,1,HUMAN REVIEW REQUIRED,"Existing simulation selected one candidate (RVTR924196), but no safe disposition signal.",false
/Users/bobhopp/DJ MEDIA/VIDEO/2010's/AJR - Let The Games Begin.mp4,AJR,Let The Games Begin,RVTR628388,1,HUMAN REVIEW REQUIRED,"Existing simulation selected one candidate (RVTR628388), but no safe disposition signal.",false
/Users/bobhopp/DJ MEDIA/VIDEO/2010's/Mann f._50 Cent - Buzzin'.mp4,Mann f./50 Cent,Buzzin',RVTR666430,1,SAFE TITLE NOISE,Existing simulation selected one canonical candidate (RVTR666430); deterministic filename/tag noise.,true
/Users/bobhopp/DJ MEDIA/VIDEO/1980's/Coldcut - People Hold On.mp4,Coldcut,People Hold On,RVTR139536,1,HUMAN REVIEW REQUIRED,"Existing simulation selected one candidate (RVTR139536), but no safe disposition signal.",false
/Users/bobhopp/DJ MEDIA/VIDEO/1980's/Judas Priest - Locked In.mp4,Judas Priest,Locked In,RVTR574421,1,HUMAN REVIEW REQUIRED,"Existing simulation selected one candidate (RVTR574421), but no safe disposition signal.",false
/Users/bobhopp/DJ MEDIA/VIDEO/1970's/Peter Allen - I Go To Rio.mp4,Peter Allen,I Go To Rio,RVTR143094,1,HUMAN REVIEW REQUIRED,"Existing simulation selected one candidate (RVTR143094), but no safe disposition signal.",false
/Users/bobhopp/DJ MEDIA/VIDEO/1980's/Rupert Hine - The Set Up.mp4,Rupert Hine,The Set Up,RVTR035184,1,HUMAN REVIEW REQUIRED,"Existing simulation selected one candidate (RVTR035184), but no safe disposition signal.",false
/Users/bobhopp/DJ MEDIA/VIDEO/TECHNO/Valencia - Space Between.mp4,Valencia,Space Between,RVTR199046,1,HUMAN REVIEW REQUIRED,"Existing simulation selected one candidate (RVTR199046), but no safe disposition signal.",false
/Users/bobhopp/DJ MEDIA/VIDEO/2000's/Gin Wigmore - Don't Stop.mp4,Gin Wigmore,Don't Stop,RVTR503361,1,SAFE TITLE NOISE,Existing simulation selected one canonical candidate (RVTR503361); deterministic filename/tag noise.,true
/Users/bobhopp/DJ MEDIA/VIDEO/1980's/Britny Fox - Girlschool.mp4,Britny Fox,Girlschool,RVTR875948,1,HUMAN REVIEW REQUIRED,"Existing simulation selected one candidate (RVTR875948), but no safe disposition signal.",false
/Users/bobhopp/DJ MEDIA/VIDEO/TECHNO/Wolfmother - Love Train.mp4,Wolfmother,Love Train,RVTR701379,1,HUMAN REVIEW REQUIRED,"Existing simulation selected one candidate (RVTR701379), but no safe disposition signal.",false
/Users/bobhopp/DJ MEDIA/VIDEO/1970's/Ringo Starr - No No Song.mp4,Ringo Starr,No No Song,RVTR532557,1,HUMAN REVIEW REQUIRED,"Existing simulation selected one candidate (RVTR532557), but no safe disposition signal.",false
/Users/bobhopp/DJ MEDIA/VIDEO/1980's/Krokus - Ballroom Blitz.mp4,Krokus,Ballroom Blitz,RVTR530475,1,HUMAN REVIEW REQUIRED,"Existing simulation selected one candidate (RVTR530475), but no safe disposition signal.",false
/Users/bobhopp/DJ MEDIA/VIDEO/1970's/AC_DC - Let There Be Rock.mp4,AC/DC,Let There Be Rock,RVTR867164,1,HUMAN REVIEW REQUIRED,"Existing simulation selected one candidate (RVTR867164), but no safe disposition signal.",false
/Users/bobhopp/DJ MEDIA/VIDEO/1970's/Bonnie Raitt - Sugar Man.mp4,Bonnie Raitt,Sugar Man,RVTR851589,1,HUMAN REVIEW REQUIRED,"Existing simulation selected one candidate (RVTR851589), but no safe disposition signal.",false
/Users/bobhopp/DJ MEDIA/VIDEO/1960's/Small Faces - Sha La La La.mp4,Small Faces,Sha La La La,RVTR105786,1,HUMAN REVIEW REQUIRED,"Existing simulation selected one candidate (RVTR105786), but no safe disposition signal.",false
/Users/bobhopp/DJ MEDIA/VIDEO/1970's/Queen - We Will Rock You.mp4,Queen,We Will Rock You,RVTR331933,1,HUMAN REVIEW REQUIRED,"Existing simulation selected one candidate (RVTR331933), but no safe disposition signal.",false
/Users/bobhopp/DJ MEDIA/VIDEO/1980's/Queen - We Will Rock You.mp4,Queen,We Will Rock You,RVTR331933,1,HUMAN REVIEW REQUIRED,"Existing simulation selected one candidate (RVTR331933), but no safe disposition signal.",false
/Users/bobhopp/DJ MEDIA/VIDEO/2000's/Timbalamd - The Way I Are.mp4,Timbalamd,The Way I Are,RVTR305958,1,HUMAN REVIEW REQUIRED,"Existing simulation selected one candidate (RVTR305958), but no safe disposition signal.",false
/Users/bobhopp/DJ MEDIA/VIDEO/TECHNO/Chelley - Took the Night.mp4,Chelley,Took the Night,RVTR425604,1,HUMAN REVIEW REQUIRED,"Existing simulation selected one candidate (RVTR425604), but no safe disposition signal.",false
/Users/bobhopp/DJ MEDIA/VIDEO/TECHNO/Fischerspooner - Emerge.mp4,Fischerspooner,Emerge,RVTR387477,1,HUMAN REVIEW REQUIRED,"Existing simulation selected one candidate (RVTR387477), but no safe disposition signal.",false
/Users/bobhopp/DJ MEDIA/VIDEO/TECHNO/Linus Loves - Stand Back.mp4,Linus Loves,Stand Back,RVTR941081,1,HUMAN REVIEW REQUIRED,"Existing simulation selected one candidate (RVTR941081), but no safe disposition signal.",false
/Users/bobhopp/DJ MEDIA/VIDEO/TECHNO/Teddybears - Cobrastyle.mp4,Teddybears,Cobrastyle,RVTR342149,1,HUMAN REVIEW REQUIRED,"Existing simulation selected one candidate (RVTR342149), but no safe disposition signal.",false
/Users/bobhopp/DJ MEDIA/VIDEO/1970's/Rod Stewart - Maggie May.mp4,Rod Stewart,Maggie May,RVTR609878,1,HUMAN REVIEW REQUIRED,"Existing simulation selected one candidate (RVTR609878), but no safe disposition signal.",false
/Users/bobhopp/DJ MEDIA/VIDEO/1980's/Lionel Ritchie - You Are.mp4,Lionel Ritchie,You Are,RVTR827848,1,HUMAN REVIEW REQUIRED,"Existing simulation selected one candidate (RVTR827848), but no safe disposition signal.",false
/Users/bobhopp/DJ MEDIA/VIDEO/1990's/Primal Scream - Jailbird.mp4,Primal Scream,Jailbird,RVTR794678,1,HUMAN REVIEW REQUIRED,"Existing simulation selected one candidate (RVTR794678), but no safe disposition signal.",false
/Users/bobhopp/DJ MEDIA/VIDEO/TECHNO/Army Of Anyone - Goodbye.mp4,Army Of Anyone,Goodbye,RVTR978535,1,HUMAN REVIEW REQUIRED,"Existing simulation selected one candidate (RVTR978535), but no safe disposition signal.",false
/Users/bobhopp/DJ MEDIA/VIDEO/TECHNO/Loudness - Crazy Nights.mp4,Loudness,Crazy Nights,RVTR091389,1,HUMAN REVIEW REQUIRED,"Existing simulation selected one candidate (RVTR091389), but no safe disposition signal.",false
/Users/bobhopp/DJ MEDIA/VIDEO/1970's/The B-52's - Planet Claire.mp4,The B-52's,Planet Claire,RVTR503511,1,HUMAN REVIEW REQUIRED,"Existing simulation selected one candidate (RVTR503511), but no safe disposition signal.",false
/Users/bobhopp/DJ MEDIA/VIDEO/1980's/Journey - Separate Ways.mp4,Journey,Separate Ways,RVTR727450,1,HUMAN REVIEW REQUIRED,"Existing simulation selected one candidate (RVTR727450), but no safe disposition signal.",false
/Users/bobhopp/DJ MEDIA/VIDEO/1980's/Pat Benatar - Invincible.mp4,Pat Benatar,Invincible,RVTR558426,1,HUMAN REVIEW REQUIRED,"Existing simulation selected one candidate (RVTR558426), but no safe disposition signal.",false
/Users/bobhopp/DJ MEDIA/VIDEO/2020's/Kungs - Never Going Home.mp4,Kungs,Never Going Home,RVTR987715,1,HUMAN REVIEW REQUIRED,"Existing simulation selected one candidate (RVTR987715), but no safe disposition signal.",false
/Users/bobhopp/DJ MEDIA/VIDEO/1960's/James Brown - I Feel Good.mp4,James Brown,I Feel Good,RVTR047543,1,HUMAN REVIEW REQUIRED,"Existing simulation selected one candidate (RVTR047543), but no safe disposition signal.",false
/Users/bobhopp/DJ MEDIA/VIDEO/1980's/Sam Kinison - Wild Thing.mp4,Sam Kinison,Wild Thing,RVTR809459,1,HUMAN REVIEW REQUIRED,"Existing simulation selected one candidate (RVTR809459), but no safe disposition signal.",false
/Users/bobhopp/DJ MEDIA/VIDEO/2010's/Duran Duran - Evil Woman.mp4,Duran Duran,Evil Woman,RVTR855965,1,HUMAN REVIEW REQUIRED,"Existing simulation selected one candidate (RVTR855965), but no safe disposition signal.",false
/Users/bobhopp/DJ MEDIA/VIDEO/1990's/Everclear - Santa Monica.mp4,Everclear,Santa Monica,RVTR840133,1,HUMAN REVIEW REQUIRED,"Existing simulation selected one candidate (RVTR840133), but no safe disposition signal.",false
/Users/bobhopp/DJ MEDIA/VIDEO/2000's/Atmosphere - Guarantees.mp4,Atmosphere,Guarantees,RVTR585911,1,HUMAN REVIEW REQUIRED,"Existing simulation selected one candidate (RVTR585911), but no safe disposition signal.",false
/Users/bobhopp/DJ MEDIA/VIDEO/1970's/Iggy Pop - The Passenger.mp4,Iggy Pop,The Passenger,RVTR371141,1,HUMAN REVIEW REQUIRED,"Existing simulation selected one candidate (RVTR371141), but no safe disposition signal.",false
/Users/bobhopp/DJ MEDIA/VIDEO/1970's/Peter Tosh - Legalize It.mp4,Peter Tosh,Legalize It,RVTR701938,1,HUMAN REVIEW REQUIRED,"Existing simulation selected one candidate (RVTR701938), but no safe disposition signal.",false
/Users/bobhopp/DJ MEDIA/VIDEO/1980's/Dio - Rainbow In The Dark.mp4,Dio,Rainbow In The Dark,RVTR058521,1,HUMAN REVIEW REQUIRED,"Existing simulation selected one candidate (RVTR058521), but no safe disposition signal.",false
/Users/bobhopp/DJ MEDIA/VIDEO/1970's/The Doors - Back Door Man.mp4,The Doors, Back Door Man,RVTR820094,1,HUMAN REVIEW REQUIRED,"Existing simulation selected one candidate (RVTR820094), but no safe disposition signal.",false
/Users/bobhopp/DJ MEDIA/VIDEO/1990's/ESPN - Presents Jock Jam.mp4,ESPN,Presents Jock Jam,RVTR503368,1,HUMAN REVIEW REQUIRED,"Existing simulation selected one candidate (RVTR503368), but no safe disposition signal.",false
/Users/bobhopp/DJ MEDIA/VIDEO/1990's/Nas - The World Is Yours.mp4,Nas,The World Is Yours,RVTR595525,1,HUMAN REVIEW REQUIRED,"Existing simulation selected one candidate (RVTR595525), but no safe disposition signal.",false
/Users/bobhopp/DJ MEDIA/VIDEO/2010's/Eminem - Rhyme or Reason.mp4,Eminem,Rhyme or Reason,RVTR043896,1,HUMAN REVIEW REQUIRED,"Existing simulation selected one candidate (RVTR043896), but no safe disposition signal.",false
/Users/bobhopp/DJ MEDIA/VIDEO/2020's/Son of Dave - Black Betty.mp4,Son of Dave,Black Betty,RVTR224774,1,HUMAN REVIEW REQUIRED,"Existing simulation selected one candidate (RVTR224774), but no safe disposition signal.",false
/Users/bobhopp/DJ MEDIA/VIDEO/TECHNO/Cabin Crew - Star To Fall.mp4,Cabin Crew,Star To Fall,RVTR468343,1,HUMAN REVIEW REQUIRED,"Existing simulation selected one candidate (RVTR468343), but no safe disposition signal.",false
/Users/bobhopp/DJ MEDIA/VIDEO/TECHNO/Over It - Siren On The 101.mp4,Over It,Siren On The 101,RVTR934450,1,HUMAN REVIEW REQUIRED,"Existing simulation selected one candidate (RVTR934450), but no safe disposition signal.",false
/Users/bobhopp/DJ MEDIA/VIDEO/1980's/Alabama - Mountain Music.mp4,Alabama,Mountain Music,RVTR554537,1,HUMAN REVIEW REQUIRED,"Existing simulation selected one candidate (RVTR554537), but no safe disposition signal.",false
/Users/bobhopp/DJ MEDIA/VIDEO/1990's/Crowbar - All I Had I Gave.mp4,Crowbar,All I Had I Gave,RVTR002311,1,HUMAN REVIEW REQUIRED,"Existing simulation selected one candidate (RVTR002311), but no safe disposition signal.",false
/Users/bobhopp/DJ MEDIA/VIDEO/2000's/Perfect Circle - 3 Libras.mp4,Perfect Circle,3 Libras,RVTR608211,1,HUMAN REVIEW REQUIRED,"Existing simulation selected one candidate (RVTR608211), but no safe disposition signal.",false
/Users/bobhopp/DJ MEDIA/VIDEO/TECHNO/Hoobastank - Remember Me.mp4,Hoobastank,Remember Me,RVTR252649,1,HUMAN REVIEW REQUIRED,"Existing simulation selected one candidate (RVTR252649), but no safe disposition signal.",false
/Users/bobhopp/DJ MEDIA/VIDEO/1970's/Carole King - So Far Away.mp4,Carole King,So Far Away,RVTR584454,1,HUMAN REVIEW REQUIRED,"Existing simulation selected one candidate (RVTR584454), but no safe disposition signal.",false
/Users/bobhopp/DJ MEDIA/VIDEO/2000's/Don Omar - Sexy Robotica.mp4,Don Omar,Sexy Robotica,RVTR345198,1,HUMAN REVIEW REQUIRED,"Existing simulation selected one candidate (RVTR345198), but no safe disposition signal.",false
/Users/bobhopp/DJ MEDIA/VIDEO/2010's/Spiderbait - Black Betty.mp4,Spiderbait,Black Betty,RVTR675306,1,HUMAN REVIEW REQUIRED,"Existing simulation selected one candidate (RVTR675306), but no safe disposition signal.",false
/Users/bobhopp/DJ MEDIA/VIDEO/TECHNO/Mason - Perfect Exceeder.mp4,Mason,Perfect Exceeder,RVTR002336,1,HUMAN REVIEW REQUIRED,"Existing simulation selected one candidate (RVTR002336), but no safe disposition signal.",false
/Users/bobhopp/DJ MEDIA/VIDEO/1990's/Soundgarden - Outshined.mp4,Soundgarden,Outshined,RVTR882176,1,HUMAN REVIEW REQUIRED,"Existing simulation selected one candidate (RVTR882176), but no safe disposition signal.",false
/Users/bobhopp/DJ MEDIA/VIDEO/2010's/Danielle Bradbery - Sway.mp4,Danielle Bradbery,Sway,RVTR509545,1,HUMAN REVIEW REQUIRED,"Existing simulation selected one candidate (RVTR509545), but no safe disposition signal.",false
/Users/bobhopp/DJ MEDIA/VIDEO/2000's/Dixie Chicks - Truth No 2.mp4,Dixie Chicks,Truth No 2,RVTR810904,1,HUMAN REVIEW REQUIRED,"Existing simulation selected one candidate (RVTR810904), but no safe disposition signal.",false
/Users/bobhopp/DJ MEDIA/VIDEO/2010's/Axel Thesleff - Bad Karma.mp4,Axel Thesleff,Bad Karma,RVTR793406,1,HUMAN REVIEW REQUIRED,"Existing simulation selected one candidate (RVTR793406), but no safe disposition signal.",false
/Users/bobhopp/DJ MEDIA/VIDEO/1970's/Don McLean - American Pie.mp4,Don McLean,American Pie,RVTR891825,1,HUMAN REVIEW REQUIRED,"Existing simulation selected one candidate (RVTR891825), but no safe disposition signal.",false
/Users/bobhopp/DJ MEDIA/VIDEO/1970's/Led Zeppelin - Thank You.mp4,Led Zeppelin,Thank You,RVTR896359,1,HUMAN REVIEW REQUIRED,"Existing simulation selected one candidate (RVTR896359), but no safe disposition signal.",false
/Users/bobhopp/DJ MEDIA/VIDEO/1970's/Bob Seger - Turn The Page.mp4,Bob Seger,Turn The Page,RVTR848706,1,HUMAN REVIEW REQUIRED,"Existing simulation selected one candidate (RVTR848706), but no safe disposition signal.",false
/Users/bobhopp/DJ MEDIA/VIDEO/2020's/Jewel - Whole Lotta Love.mp4,Jewel,Whole Lotta Love ,RVTR436308,1,HUMAN REVIEW REQUIRED,"Existing simulation selected one candidate (RVTR436308), but no safe disposition signal.",false
/Users/bobhopp/DJ MEDIA/VIDEO/TECHNO/Pitbull F.Lil' Jon - Toma.mp4,Pitbull F.Lil' Jon,Toma,RVTR450386,1,HUMAN REVIEW REQUIRED,"Existing simulation selected one candidate (RVTR450386), but no safe disposition signal.",false
/Users/bobhopp/DJ MEDIA/VIDEO/1970's/AC_DC - Girls Got Rhythm.mp4,AC/DC,Girls Got Rhythm,RVTR050338,1,HUMAN REVIEW REQUIRED,"Existing simulation selected one candidate (RVTR050338), but no safe disposition signal.",false
/Users/bobhopp/DJ MEDIA/VIDEO/1980's/Special Ed - I Got It Made.mp4,Special Ed,I Got It Made,RVTR477693,1,HUMAN REVIEW REQUIRED,"Existing simulation selected one candidate (RVTR477693), but no safe disposition signal.",false
/Users/bobhopp/DJ MEDIA/VIDEO/1990's/Will Smith - Men In Black.mp4,Will Smith,Men In Black,RVTR671876,1,HUMAN REVIEW REQUIRED,"Existing simulation selected one candidate (RVTR671876), but no safe disposition signal.",false
/Users/bobhopp/DJ MEDIA/VIDEO/1970's/Van Halen - Jamie's Cryin.mp4,Van Halen,Jamie's Cryin,RVTR419308,1,SAFE TITLE NOISE,Existing simulation selected one canonical candidate (RVTR419308); deterministic filename/tag noise.,true
/Users/bobhopp/DJ MEDIA/VIDEO/1990's/Michael Jackson - Ghosts.mp4,Michael Jackson,Ghosts,RVTR292882,1,HUMAN REVIEW REQUIRED,"Existing simulation selected one candidate (RVTR292882), but no safe disposition signal.",false
/Users/bobhopp/DJ MEDIA/VIDEO/2010's/Sofi Tucker - Purple Hat.mp4,Sofi Tucker,Purple Hat,RVTR494829,1,HUMAN REVIEW REQUIRED,"Existing simulation selected one candidate (RVTR494829), but no safe disposition signal.",false
/Users/bobhopp/DJ MEDIA/VIDEO/1970's/Neil Diamond - Soolaimon.mp4,Neil Diamond,Soolaimon,RVTR202434,1,HUMAN REVIEW REQUIRED,"Existing simulation selected one candidate (RVTR202434), but no safe disposition signal.",false
/Users/bobhopp/DJ MEDIA/VIDEO/1980's/Smiths - How Soon Is Now.mp4,Smiths,How Soon Is Now,RVTR157297,1,HUMAN REVIEW REQUIRED,"Existing simulation selected one candidate (RVTR157297), but no safe disposition signal.",false
/Users/bobhopp/DJ MEDIA/VIDEO/TECHNO/Jack Johnson - Breakdown.mp4,Jack Johnson,Breakdown,RVTR868050,1,HUMAN REVIEW REQUIRED,"Existing simulation selected one candidate (RVTR868050), but no safe disposition signal.",false
/Users/bobhopp/DJ MEDIA/VIDEO/1960's/Death Proof - Chick Habit.mp4,Death Proof,Chick Habit,RVTR676117,1,HUMAN REVIEW REQUIRED,"Existing simulation selected one candidate (RVTR676117), but no safe disposition signal.",false
/Users/bobhopp/DJ MEDIA/VIDEO/1980's/ABBA - Gimme! Gimme! Gimme!.mp4,ABBA,Gimme! Gimme! Gimme!,RVTR862238,1,SAFE TITLE NOISE,Existing simulation selected one canonical candidate (RVTR862238); deterministic filename/tag noise.,true
/Users/bobhopp/DJ MEDIA/VIDEO/1980's/Phil Collins - Drum Solo.mp4,Phil Collins,Drum Solo,RVTR736555,1,HUMAN REVIEW REQUIRED,"Existing simulation selected one candidate (RVTR736555), but no safe disposition signal.",false
/Users/bobhopp/DJ MEDIA/VIDEO/2010's/Son Of Dave - Shake A Bone.mp4,Son Of Dave,Shake A Bone,RVTR076820,1,HUMAN REVIEW REQUIRED,"Existing simulation selected one candidate (RVTR076820), but no safe disposition signal.",false
/Users/bobhopp/DJ MEDIA/VIDEO/TECHNO/Mad'House - Like A Prayer.mp4,Mad'House,Like A Prayer,RVTR194525,1,HUMAN REVIEW REQUIRED,"Existing simulation selected one candidate (RVTR194525), but no safe disposition signal.",false
/Users/bobhopp/DJ MEDIA/VIDEO/1970's/Al Jarreau - So Long Girl.mp4,Al Jarreau,So Long Girl,RVTR051070,1,HUMAN REVIEW REQUIRED,"Existing simulation selected one candidate (RVTR051070), but no safe disposition signal.",false
/Users/bobhopp/DJ MEDIA/VIDEO/1970's/Fleetwood Mac - Rhiannon.mp4,Fleetwood Mac,Rhiannon,RVTR215144,1,HUMAN REVIEW REQUIRED,"Existing simulation selected one candidate (RVTR215144), but no safe disposition signal.",false
/Users/bobhopp/DJ MEDIA/VIDEO/1980's/Van Halen - Pretty Woman.mp4,Van Halen,Pretty Woman,RVTR506579,1,HUMAN REVIEW REQUIRED,"Existing simulation selected one candidate (RVTR506579), but no safe disposition signal.",false
/Users/bobhopp/DJ MEDIA/VIDEO/2000's/Buckcherry - Everything.mp4,Buckcherry,Everything,RVTR688551,1,HUMAN REVIEW REQUIRED,"Existing simulation selected one candidate (RVTR688551), but no safe disposition signal.",false
/Users/bobhopp/DJ MEDIA/VIDEO/1980's/The Call - I Don t Wanna.mp4,The Call,I Don t Wanna,RVTR103373,1,HUMAN REVIEW REQUIRED,"Existing simulation selected one candidate (RVTR103373), but no safe disposition signal.",false
/Users/bobhopp/DJ MEDIA/VIDEO/1970's/Bill Withers - Lean On Me.mp4,Bill Withers,Lean On Me,RVTR113468,1,HUMAN REVIEW REQUIRED,"Existing simulation selected one candidate (RVTR113468), but no safe disposition signal.",false
/Users/bobhopp/DJ MEDIA/VIDEO/1980's/The Belle Stars - Iko Iko.mp4,The Belle Stars,Iko Iko,RVTR566480,1,HUMAN REVIEW REQUIRED,"Existing simulation selected one candidate (RVTR566480), but no safe disposition signal.",false
/Users/bobhopp/DJ MEDIA/VIDEO/1990's/Brian McKnight - Anytime.mp4,Brian McKnight,Anytime,RVTR943743,1,HUMAN REVIEW REQUIRED,"Existing simulation selected one candidate (RVTR943743), but no safe disposition signal.",false
/Users/bobhopp/DJ MEDIA/VIDEO/1990's/Walker Hayes - Y'all Life.mp4,Walker Hayes,Y'all Life,RVTR435028,1,SAFE TITLE NOISE,Existing simulation selected one canonical candidate (RVTR435028); deterministic filename/tag noise.,true
/Users/bobhopp/DJ MEDIA/VIDEO/2000's/Rob Zombie - Feel So Numb.mp4,Rob Zombie,Feel So Numb,RVTR833336,1,HUMAN REVIEW REQUIRED,"Existing simulation selected one candidate (RVTR833336), but no safe disposition signal.",false
/Users/bobhopp/DJ MEDIA/VIDEO/1960's/Nancy Sinatra - Bang Bang.mp4,Nancy Sinatra,Bang Bang,RVTR676442,1,HUMAN REVIEW REQUIRED,"Existing simulation selected one candidate (RVTR676442), but no safe disposition signal.",false
/Users/bobhopp/DJ MEDIA/VIDEO/TECHNO/Mike Oldfield - To France.mp4,Mike Oldfield,To France,RVTR746158,1,HUMAN REVIEW REQUIRED,"Existing simulation selected one candidate (RVTR746158), but no safe disposition signal.",false
/Users/bobhopp/DJ MEDIA/VIDEO/1970's/Bad Company - Bad Company.mp4,Bad Company,Bad Company,RVTR336525,1,HUMAN REVIEW REQUIRED,"Existing simulation selected one candidate (RVTR336525), but no safe disposition signal.",false
"/Users/bobhopp/DJ MEDIA/VIDEO/1990's/Mo Thugs ""Ghetto Cowboy"".mp4",Mo Thugs,Ghetto Cowboy,RVTR102401,1,HUMAN REVIEW REQUIRED,"Existing simulation selected one candidate (RVTR102401), but no safe disposition signal.",false
/Users/bobhopp/DJ MEDIA/VIDEO/2000's/Neil Diamond - Forgotten.mp4,Neil Diamond,Forgotten,RVTR190126,1,HUMAN REVIEW REQUIRED,"Existing simulation selected one candidate (RVTR190126), but no safe disposition signal.",false
/Users/bobhopp/DJ MEDIA/VIDEO/1960's/The Band - The Last Waltz.mp4,The Band,The Last Waltz,RVTR410747,1,HUMAN REVIEW REQUIRED,"Existing simulation selected one candidate (RVTR410747), but no safe disposition signal.",false
/Users/bobhopp/DJ MEDIA/VIDEO/1980's/Hall And Oates - Maneater.mp4,Daryl Hall & John Oates,Maneater,RVTR637113,1,HUMAN REVIEW REQUIRED,"Existing simulation selected one candidate (RVTR637113), but no safe disposition signal.",false
/Users/bobhopp/DJ MEDIA/VIDEO/1990's/Live - Lightning Crashes.mp4,Live,Lightning Crashes,RVTR776505,1,HUMAN REVIEW REQUIRED,"Existing simulation selected one candidate (RVTR776505), but no safe disposition signal.",false
/Users/bobhopp/DJ MEDIA/VIDEO/COUNTRY/FILL/Chet Atkins - Mr. Sandman.mp4,Chet Atkins,Mr. Sandman,RVTR401981,1,SAFE TITLE NOISE,Existing simulation selected one canonical candidate (RVTR401981); deterministic filename/tag noise.,true
/Users/bobhopp/DJ MEDIA/VIDEO/TECHNO/Full Intention - America.mp4,Full Intention,America,RVTR016582,1,HUMAN REVIEW REQUIRED,"Existing simulation selected one candidate (RVTR016582), but no safe disposition signal.",false
/Users/bobhopp/DJ MEDIA/VIDEO/1970's/Fleetwood Mac - The Chain.mp4,Fleetwood Mac,The Chain,RVTR494308,1,HUMAN REVIEW REQUIRED,"Existing simulation selected one candidate (RVTR494308), but no safe disposition signal.",false
/Users/bobhopp/DJ MEDIA/VIDEO/1980's/Boney M. - Kalimba Da Luna.mp4,Boney M.,Kalimba Da Luna,RVTR345304,1,HUMAN REVIEW REQUIRED,"Existing simulation selected one candidate (RVTR345304), but no safe disposition signal.",false
/Users/bobhopp/DJ MEDIA/VIDEO/1980's/Nik Kershaw - The Riddle.mp4,Nik Kershaw,The Riddle,RVTR010623,1,HUMAN REVIEW REQUIRED,"Existing simulation selected one candidate (RVTR010623), but no safe disposition signal.",false
/Users/bobhopp/DJ MEDIA/VIDEO/1950's/Eddy Arnold - Cattle Call.mp4,Eddy Arnold,Cattle Call,RVTR628171,1,HUMAN REVIEW REQUIRED,"Existing simulation selected one candidate (RVTR628171), but no safe disposition signal.",false
/Users/bobhopp/DJ MEDIA/VIDEO/1970's/Styx - Fooling Yourself.mp4,Styx,Fooling Yourself,RVTR933114,1,HUMAN REVIEW REQUIRED,"Existing simulation selected one candidate (RVTR933114), but no safe disposition signal.",false
/Users/bobhopp/DJ MEDIA/VIDEO/1980's/Ozzy - Suicide Solution.mp4,Ozzy,Suicide Solution,RVTR404176,1,HUMAN REVIEW REQUIRED,"Existing simulation selected one candidate (RVTR404176), but no safe disposition signal.",false
/Users/bobhopp/DJ MEDIA/VIDEO/1990's/Pavement - Cut Your Hair.mp4,Pavement,Cut Your Hair,RVTR431993,1,HUMAN REVIEW REQUIRED,"Existing simulation selected one candidate (RVTR431993), but no safe disposition signal.",false
/Users/bobhopp/DJ MEDIA/VIDEO/1970's/Mungo Jerry - Mighty Man.mp4,Mungo Jerry,Mighty Man,RVTR434898,1,HUMAN REVIEW REQUIRED,"Existing simulation selected one candidate (RVTR434898), but no safe disposition signal.",false
/Users/bobhopp/DJ MEDIA/VIDEO/1980's/George Thorogood - Bad To The Bone.mp4,George Thorogood,Bad To The Bone,RVTR309708,1,HUMAN REVIEW REQUIRED,"Existing simulation selected one candidate (RVTR309708), but no safe disposition signal.",false
/Users/bobhopp/DJ MEDIA/VIDEO/1980's/The Cramps - Goo Goo Muck.mp4,The Cramps,Goo Goo Muck,RVTR259323,1,HUMAN REVIEW REQUIRED,"Existing simulation selected one candidate (RVTR259323), but no safe disposition signal.",false
/Users/bobhopp/DJ MEDIA/VIDEO/2010's/Rise Against - Satellite.mp4,Rise Against,Satellite,RVTR176910,1,HUMAN REVIEW REQUIRED,"Existing simulation selected one candidate (RVTR176910), but no safe disposition signal.",false
/Users/bobhopp/DJ MEDIA/VIDEO/2020's/Erin Kinsey - Just Drive.mp4,Erin Kinsey,Just Drive,RVTR582971,1,HUMAN REVIEW REQUIRED,"Existing simulation selected one candidate (RVTR582971), but no safe disposition signal.",false
/Users/bobhopp/DJ MEDIA/VIDEO/1980's/Go West - Don't Look Down.mp4,Go West,Don't Look Down,RVTR297354,1,SAFE TITLE NOISE,Existing simulation selected one canonical candidate (RVTR297354); deterministic filename/tag noise.,true
/Users/bobhopp/DJ MEDIA/VIDEO/1980's/The Motels - Last Summer.mp4,The Motels,Last Summer,RVTR532312,1,HUMAN REVIEW REQUIRED,"Existing simulation selected one candidate (RVTR532312), but no safe disposition signal.",false
/Users/bobhopp/DJ MEDIA/VIDEO/1990's/Wu Tang Clan - Gravel Pit.mp4,Wu Tang Clan,Gravel Pit,RVTR167911,1,HUMAN REVIEW REQUIRED,"Existing simulation selected one candidate (RVTR167911), but no safe disposition signal.",false
/Users/bobhopp/DJ MEDIA/VIDEO/1950's/Rockabilly - I'm So Tired.mp4,Rockabilly,I'm So Tired,RVTR150235,1,SAFE TITLE NOISE,Existing simulation selected one canonical candidate (RVTR150235); deterministic filename/tag noise.,true
/Users/bobhopp/DJ MEDIA/VIDEO/1970's/Kinks - Celluloid Heroes.mp4,The Kinks,Celluloid Heroes,RVTR913855,1,HUMAN REVIEW REQUIRED,"Existing simulation selected one candidate (RVTR913855), but no safe disposition signal.",false
/Users/bobhopp/DJ MEDIA/VIDEO/TECHNO/Slipknot - Dead Memories.mp4,Slipknot,Dead Memories,RVTR772224,1,HUMAN REVIEW REQUIRED,"Existing simulation selected one candidate (RVTR772224), but no safe disposition signal.",false
/Users/bobhopp/DJ MEDIA/VIDEO/1980's/Europe - Open Your Heart.mp4,Europe,Open Your Heart,RVTR273110,1,HUMAN REVIEW REQUIRED,"Existing simulation selected one candidate (RVTR273110), but no safe disposition signal.",false
/Users/bobhopp/DJ MEDIA/VIDEO/1990's/Mo Thugs - Ghetto Cowboy.mp4,Mo Thugs,Ghetto Cowboy,RVTR102401,1,HUMAN REVIEW REQUIRED,"Existing simulation selected one candidate (RVTR102401), but no safe disposition signal.",false
/Users/bobhopp/DJ MEDIA/VIDEO/2000's/Slipknot - Psychosocial.mp4,Slipknot,Psychosocial,RVTR426905,1,HUMAN REVIEW REQUIRED,"Existing simulation selected one candidate (RVTR426905), but no safe disposition signal.",false
/Users/bobhopp/DJ MEDIA/VIDEO/2000's/Jace Everett - Bad Things.mp4,Jace Everett,Bad Things,RVTR943418,1,HUMAN REVIEW REQUIRED,"Existing simulation selected one candidate (RVTR943418), but no safe disposition signal.",false
"/Users/bobhopp/DJ MEDIA/VIDEO/2020's/Selena Gomez, Camilo - 999.mp4","Selena Gomez, Camilo",999,RVTR286700,1,HUMAN REVIEW REQUIRED,"Existing simulation selected one candidate (RVTR286700), but no safe disposition signal.",false
/Users/bobhopp/DJ MEDIA/VIDEO/TECHNO/D.H.T. f.Edmee - I Go Crazy.mp4,D.H.T. f.Edmee,I Go Crazy,RVTR989930,1,HUMAN REVIEW REQUIRED,"Existing simulation selected one candidate (RVTR989930), but no safe disposition signal.",false
/Users/bobhopp/DJ MEDIA/VIDEO/TECHNO/Vj Ernst - Shadowdancing.mp4,Vj Ernst,Shadowdancing,RVTR608824,1,HUMAN REVIEW REQUIRED,"Existing simulation selected one candidate (RVTR608824), but no safe disposition signal.",false
/Users/bobhopp/DJ MEDIA/VIDEO/1970's/Maybe This Time - Cabaret.mp4,Maybe This Time,Cabaret,RVTR831663,1,HUMAN REVIEW REQUIRED,"Existing simulation selected one candidate (RVTR831663), but no safe disposition signal.",false
/Users/bobhopp/DJ MEDIA/VIDEO/2010's/Lana Del Rey - Born To Die.mp4,Lana Del Rey,Born To Die,RVTR269539,1,HUMAN REVIEW REQUIRED,"Existing simulation selected one candidate (RVTR269539), but no safe disposition signal.",false
/Users/bobhopp/DJ MEDIA/VIDEO/TECHNO/Safri Duo - Played-A-Live.mp4,Safri Duo,Played-A-Live,RVTR721748,1,SAME SONG — ALTERNATE MEDIA,Existing simulation selected one canonical candidate (RVTR721748); alternate-media wording.,true
/Users/bobhopp/DJ MEDIA/VIDEO/1980's/Blues Brothers - Rawhide.mp4,Blues Brothers,Rawhide,RVTR665930,1,HUMAN REVIEW REQUIRED,"Existing simulation selected one candidate (RVTR665930), but no safe disposition signal.",false
/Users/bobhopp/DJ MEDIA/VIDEO/1980's/Rod Stewart - Love Touch.mp4,Rod Stewart,Love Touch,RVTR349925,1,HUMAN REVIEW REQUIRED,"Existing simulation selected one candidate (RVTR349925), but no safe disposition signal.",false
/Users/bobhopp/DJ MEDIA/VIDEO/1990's/Semisonic - Closing Time.mp4,Semisonic,Closing Time,RVTR870440,1,HUMAN REVIEW REQUIRED,"Existing simulation selected one candidate (RVTR870440), but no safe disposition signal.",false
/Users/bobhopp/DJ MEDIA/VIDEO/1980's/King - Alone Without You.mp4,King,Alone Without You,RVTR102559,1,HUMAN REVIEW REQUIRED,"Existing simulation selected one candidate (RVTR102559), but no safe disposition signal.",false
/Users/bobhopp/DJ MEDIA/VIDEO/1980's/Powerstation - Get It On.mp4,Powerstation,Get It On,RVTR697839,1,HUMAN REVIEW REQUIRED,"Existing simulation selected one candidate (RVTR697839), but no safe disposition signal.",false
/Users/bobhopp/DJ MEDIA/VIDEO/1980's/Ultravox - The Thin Wall.mp4,Ultravox,The Thin Wall,RVTR977670,1,HUMAN REVIEW REQUIRED,"Existing simulation selected one candidate (RVTR977670), but no safe disposition signal.",false
/Users/bobhopp/DJ MEDIA/VIDEO/2000's/Baby Bash f._E-40 - Go Girl.mp4,Baby Bash f./E-40,Go Girl,RVTR989967,1,HUMAN REVIEW REQUIRED,"Existing simulation selected one candidate (RVTR989967), but no safe disposition signal.",false
/Users/bobhopp/DJ MEDIA/VIDEO/1980's/Tim Finn - Not Even Close.mp4,Tim Finn,Not Even Close,RVTR706864,1,HUMAN REVIEW REQUIRED,"Existing simulation selected one candidate (RVTR706864), but no safe disposition signal.",false
/Users/bobhopp/DJ MEDIA/VIDEO/1990's/Semisonic - Secret Smile.mp4,Semisonic,Secret Smile,RVTR240983,1,HUMAN REVIEW REQUIRED,"Existing simulation selected one candidate (RVTR240983), but no safe disposition signal.",false
/Users/bobhopp/DJ MEDIA/VIDEO/1970's/The Highwomen - The Chain.mp4,The Highwomen,The Chain,RVTR225399,1,HUMAN REVIEW REQUIRED,"Existing simulation selected one candidate (RVTR225399), but no safe disposition signal.",false
/Users/bobhopp/DJ MEDIA/VIDEO/2000's/Mary J Blige With U2 - One.mp4,Mary J Blige With U2,One,RVTR874373,1,HUMAN REVIEW REQUIRED,"Existing simulation selected one candidate (RVTR874373), but no safe disposition signal.",false
/Users/bobhopp/DJ MEDIA/VIDEO/TECHNO/Taking Back Sunday - Liar.mp4,Taking Back Sunday,Liar,RVTR814540,1,HUMAN REVIEW REQUIRED,"Existing simulation selected one candidate (RVTR814540), but no safe disposition signal.",false
/Users/bobhopp/DJ MEDIA/VIDEO/2010's/T.Shirt - You Sexy Thing.mp4,T.Shirt,You Sexy Thing,RVTR633940,1,HUMAN REVIEW REQUIRED,"Existing simulation selected one candidate (RVTR633940), but no safe disposition signal.",false
/Users/bobhopp/DJ MEDIA/VIDEO/1970's/Ramones - Blitzkrieg Bop.mp4,Ramones,Blitzkrieg Bop,RVTR008554,1,HUMAN REVIEW REQUIRED,"Existing simulation selected one candidate (RVTR008554), but no safe disposition signal.",false
/Users/bobhopp/DJ MEDIA/VIDEO/2020's/James Arthur - September.mp4,James Arthur,September,RVTR542429,1,HUMAN REVIEW REQUIRED,"Existing simulation selected one candidate (RVTR542429), but no safe disposition signal.",false
/Users/bobhopp/DJ MEDIA/VIDEO/TECHNO/Stryper - Calling On You.mp4,Stryper,Calling On You,RVTR645058,1,HUMAN REVIEW REQUIRED,"Existing simulation selected one candidate (RVTR645058), but no safe disposition signal.",false
/Users/bobhopp/DJ MEDIA/VIDEO/2000's/Rihanna - Wait Your Turn.mp4,Rihanna,Wait Your Turn,RVTR558354,1,HUMAN REVIEW REQUIRED,"Existing simulation selected one candidate (RVTR558354), but no safe disposition signal.",false
/Users/bobhopp/DJ MEDIA/VIDEO/COUNTRY/FILL/Johnny Horton - Comanche.mp4,Johnny Horton,Comanche,RVTR226568,1,HUMAN REVIEW REQUIRED,"Existing simulation selected one candidate (RVTR226568), but no safe disposition signal.",false
/Users/bobhopp/DJ MEDIA/VIDEO/TECHNO/Madina Lake - Here I Stand.mp4,Madina Lake,Here I Stand,RVTR648494,1,HUMAN REVIEW REQUIRED,"Existing simulation selected one candidate (RVTR648494), but no safe disposition signal.",false
/Users/bobhopp/DJ MEDIA/VIDEO/2000's/Classified - Up All Night.mp4,Classified,Up All Night,RVTR338115,1,HUMAN REVIEW REQUIRED,"Existing simulation selected one candidate (RVTR338115), but no safe disposition signal.",false
/Users/bobhopp/DJ MEDIA/VIDEO/2000's/Coldplay - The Scientist.mp4,Coldplay,The Scientist,RVTR903925,1,HUMAN REVIEW REQUIRED,"Existing simulation selected one candidate (RVTR903925), but no safe disposition signal.",false
/Users/bobhopp/DJ MEDIA/VIDEO/2000's/Ray LaMontagne - Trouble.mp4,Ray LaMontagne,Trouble,RVTR977088,1,HUMAN REVIEW REQUIRED,"Existing simulation selected one candidate (RVTR977088), but no safe disposition signal.",false
/Users/bobhopp/DJ MEDIA/VIDEO/2020's/Ava Max - EveryTime I Cry.mp4,Ava Max,EveryTime I Cry,RVTR480446,1,HUMAN REVIEW REQUIRED,"Existing simulation selected one candidate (RVTR480446), but no safe disposition signal.",false
/Users/bobhopp/DJ MEDIA/VIDEO/1960's/The Beatles - Hey Bulldog.mp4,The Beatles,Hey Bulldog,RVTR824295,1,HUMAN REVIEW REQUIRED,"Existing simulation selected one candidate (RVTR824295), but no safe disposition signal.",false
/Users/bobhopp/DJ MEDIA/VIDEO/1990's/Pearl Jam - Daughter Live.mp4,Pearl Jam,Daughter Live,RVTR068518,1,SAME SONG — ALTERNATE MEDIA,Existing simulation selected one canonical candidate (RVTR068518); alternate-media wording.,true
/Users/bobhopp/DJ MEDIA/VIDEO/COUNTRY/FILL/Kane Brown - Worship You.mp4,Kane Brown,Worship You,RVTR204801,1,HUMAN REVIEW REQUIRED,"Existing simulation selected one candidate (RVTR204801), but no safe disposition signal.",false
"/Users/bobhopp/DJ MEDIA/VIDEO/TECHNO/Static Lullaby, A - Toxic.mp4","Static Lullaby, A",Toxic,RVTR682168,1,HUMAN REVIEW REQUIRED,"Existing simulation selected one candidate (RVTR682168), but no safe disposition signal.",false
/Users/bobhopp/DJ MEDIA/VIDEO/2000's/Elton John - Electricity.mp4,Elton John,Electricity,RVTR220486,1,HUMAN REVIEW REQUIRED,"Existing simulation selected one candidate (RVTR220486), but no safe disposition signal.",false
/Users/bobhopp/DJ MEDIA/VIDEO/2020's/Sticky Fingers - Cyclone.mp4,Sticky Fingers,Cyclone,RVTR590099,1,HUMAN REVIEW REQUIRED,"Existing simulation selected one candidate (RVTR590099), but no safe disposition signal.",false
/Users/bobhopp/DJ MEDIA/VIDEO/TECHNO/Deftones - Back To School.mp4,Deftones,Back To School,RVTR968172,1,HUMAN REVIEW REQUIRED,"Existing simulation selected one candidate (RVTR968172), but no safe disposition signal.",false
/Users/bobhopp/DJ MEDIA/VIDEO/1980's/Planet P Project - Why Me.mp4,Planet P Project,Why Me,RVTR917794,1,HUMAN REVIEW REQUIRED,"Existing simulation selected one candidate (RVTR917794), but no safe disposition signal.",false
/Users/bobhopp/DJ MEDIA/VIDEO/2010's/Robyn - Dancing On My Own.mp4,Robyn,Dancing On My Own,RVTR829993,1,HUMAN REVIEW REQUIRED,"Existing simulation selected one candidate (RVTR829993), but no safe disposition signal.",false
/Volumes/DJ  MAIN/DJ MEDIA/VIDEO/2020's/8-Noga Erez - VIEWS (feat. Reo Cragun & ROUSSO) (Official Video).mp4,Noga Erez,Views,RVTR887661,1,HUMAN REVIEW REQUIRED,"Existing simulation selected one candidate (RVTR887661), but no safe disposition signal.",false
/Users/bobhopp/DJ MEDIA/VIDEO/2010's/Taylor Swift - This Love.mp4,Taylor Swift,This Love,RVTR492633,1,HUMAN REVIEW REQUIRED,"Existing simulation selected one candidate (RVTR492633), but no safe disposition signal.",false
/Users/bobhopp/DJ MEDIA/VIDEO/TECHNO/Junior Jack - Stupidisco.mp4,Junior Jack,Stupidisco,RVTR055842,1,HUMAN REVIEW REQUIRED,"Existing simulation selected one candidate (RVTR055842), but no safe disposition signal.",false
/Users/bobhopp/DJ MEDIA/VIDEO/TECHNO/Lisa Scott Lee - Electric.mp4,Lisa Scott Lee,Electric,RVTR523628,1,HUMAN REVIEW REQUIRED,"Existing simulation selected one candidate (RVTR523628), but no safe disposition signal.",false
/Users/bobhopp/DJ MEDIA/VIDEO/1990's/Alice In Chains - Rooster.mp4,Alice In Chains,Rooster,RVTR137443,1,HUMAN REVIEW REQUIRED,"Existing simulation selected one candidate (RVTR137443), but no safe disposition signal.",false
/Users/bobhopp/DJ MEDIA/VIDEO/TECHNO/Madonna - Love Profusion.mp4,Madonna,Love Profusion,RVTR386899,1,HUMAN REVIEW REQUIRED,"Existing simulation selected one candidate (RVTR386899), but no safe disposition signal.",false
/Users/bobhopp/DJ MEDIA/VIDEO/2020's/Remble feat. B.A. - Audible.mp4,Remble feat. B.A.,Audible,RVTR057910,1,HUMAN REVIEW REQUIRED,"Existing simulation selected one candidate (RVTR057910), but no safe disposition signal.",false
/Users/bobhopp/DJ MEDIA/VIDEO/1960's/Carla Thomas - Comfort Me.mp4,Carla Thomas,Comfort Me,RVTR453996,1,HUMAN REVIEW REQUIRED,"Existing simulation selected one candidate (RVTR453996), but no safe disposition signal.",false
/Users/bobhopp/DJ MEDIA/VIDEO/1970's/Billy Strings - Fearless.mp4,Billy Strings,Fearless,RVTR811534,1,HUMAN REVIEW REQUIRED,"Existing simulation selected one candidate (RVTR811534), but no safe disposition signal.",false
/Users/bobhopp/DJ MEDIA/VIDEO/1970's/First Choice - Love Thang.mp4,First Choice,Love Thang,RVTR786906,1,HUMAN REVIEW REQUIRED,"Existing simulation selected one candidate (RVTR786906), but no safe disposition signal.",false
/Users/bobhopp/DJ MEDIA/VIDEO/1980's/Europe - Final Countdown.mp4,Europe,Final Countdown,RVTR054216,1,HUMAN REVIEW REQUIRED,"Existing simulation selected one candidate (RVTR054216), but no safe disposition signal.",false
/Users/bobhopp/DJ MEDIA/VIDEO/TECHNO/Lennon - Where Do I Fit In.mp4,Lennon,Where Do I Fit In,RVTR658643,1,HUMAN REVIEW REQUIRED,"Existing simulation selected one candidate (RVTR658643), but no safe disposition signal.",false
/Users/bobhopp/DJ MEDIA/VIDEO/1950's/Duane Eddy - Rebel Rouser.mp4,Duane Eddy,Rebel Rouser,RVTR893728,1,HUMAN REVIEW REQUIRED,"Existing simulation selected one candidate (RVTR893728), but no safe disposition signal.",false
/Users/bobhopp/DJ MEDIA/VIDEO/2000's/Britney Spears - Someday.mp4,Britney Spears,Someday,RVTR082436,1,HUMAN REVIEW REQUIRED,"Existing simulation selected one candidate (RVTR082436), but no safe disposition signal.",false
/Users/bobhopp/DJ MEDIA/VIDEO/2000's/Captain Jack - Centerfold.mp4,Captain Jack,Centerfold,RVTR818453,1,HUMAN REVIEW REQUIRED,"Existing simulation selected one candidate (RVTR818453), but no safe disposition signal.",false
/Users/bobhopp/DJ MEDIA/VIDEO/TECHNO/New Found Glory - Kiss Me.mp4,New Found Glory,Kiss Me,RVTR797873,1,HUMAN REVIEW REQUIRED,"Existing simulation selected one candidate (RVTR797873), but no safe disposition signal.",false
/Users/bobhopp/DJ MEDIA/VIDEO/1990's/Goo Goo Dolls - Come To Me.mp4,Goo Goo Dolls,Come To Me,RVTR827627,1,HUMAN REVIEW REQUIRED,"Existing simulation selected one candidate (RVTR827627), but no safe disposition signal.",false
/Users/bobhopp/DJ MEDIA/VIDEO/TECHNO/Pussycat Dolls - Megamix.mp4,Pussycat Dolls,Megamix,RVTR418607,1,HUMAN REVIEW REQUIRED,"Existing simulation selected one candidate (RVTR418607), but no safe disposition signal.",false
/Users/bobhopp/DJ MEDIA/VIDEO/TECHNO/Clara Morgane - Sexy Girl.mp4,Clara Morgane,Sexy Girl,RVTR138368,1,HUMAN REVIEW REQUIRED,"Existing simulation selected one candidate (RVTR138368), but no safe disposition signal.",false
/Users/bobhopp/DJ MEDIA/VIDEO/1990's/T Spoon - Sex On The Beach.mp4,T Spoon,Sex On The Beach,RVTR605797,1,HUMAN REVIEW REQUIRED,"Existing simulation selected one candidate (RVTR605797), but no safe disposition signal.",false
/Users/bobhopp/DJ MEDIA/VIDEO/2010's/Sofi Tucker - Best Friend.mp4,Sofi Tucker,Best Friend,RVTR875287,1,HUMAN REVIEW REQUIRED,"Existing simulation selected one candidate (RVTR875287), but no safe disposition signal.",false
/Users/bobhopp/DJ MEDIA/VIDEO/TECHNO/Nickelback - Leader Of Man.mp4,Nickelback,Leader Of Man,RVTR154345,1,HUMAN REVIEW REQUIRED,"Existing simulation selected one candidate (RVTR154345), but no safe disposition signal.",false
/Users/bobhopp/DJ MEDIA/VIDEO/1980's/Exposé - What You Don't Know.mp4,Exposé,What You Don't Know,RVTR080066,1,SAFE TITLE NOISE,Existing simulation selected one canonical candidate (RVTR080066); deterministic filename/tag noise.,true
/Users/bobhopp/DJ MEDIA/VIDEO/1980's/Exposé - When I Looked At Him.mp4,Exposé,When I Looked At Him,RVTR670103,1,HUMAN REVIEW REQUIRED,"Existing simulation selected one candidate (RVTR670103), but no safe disposition signal.",false
/Users/bobhopp/DJ MEDIA/VIDEO/1980's/Glass Tiger - Diamond Sun.mp4,Glass Tiger,Diamond Sun,RVTR004094,1,HUMAN REVIEW REQUIRED,"Existing simulation selected one candidate (RVTR004094), but no safe disposition signal.",false
/Users/bobhopp/DJ MEDIA/VIDEO/2000's/Bon Jovi - Misunderstood.mp4,Bon Jovi,Misunderstood,RVTR892481,1,HUMAN REVIEW REQUIRED,"Existing simulation selected one candidate (RVTR892481), but no safe disposition signal.",false
/Users/bobhopp/DJ MEDIA/VIDEO/TECHNO/Phil Collins - No Way Out.mp4,Phil Collins,No Way Out,RVTR210822,1,HUMAN REVIEW REQUIRED,"Existing simulation selected one candidate (RVTR210822), but no safe disposition signal.",false
/Users/bobhopp/DJ MEDIA/VIDEO/2000's/Bon Jovi - Say It Isn't So.mp4,Bon Jovi,Say It Isn't So,RVTR300948,1,SAFE TITLE NOISE,Existing simulation selected one canonical candidate (RVTR300948); deterministic filename/tag noise.,true
/Users/bobhopp/DJ MEDIA/VIDEO/TECHNO/Saosin - You're Not Alone.mp4,Saosin,You're Not Alone,RVTR217140,1,SAFE TITLE NOISE,Existing simulation selected one canonical candidate (RVTR217140); deterministic filename/tag noise.,true
/Users/bobhopp/DJ MEDIA/VIDEO/1980's/Power Station - Get It On.mp4,Power Station,Get It On,RVTR697839,1,HUMAN REVIEW REQUIRED,"Existing simulation selected one candidate (RVTR697839), but no safe disposition signal.",false
/Users/bobhopp/DJ MEDIA/VIDEO/1970's/Madness - One Step Beyond.mp4,Madness,One Step Beyond,RVTR767934,1,HUMAN REVIEW REQUIRED,"Existing simulation selected one candidate (RVTR767934), but no safe disposition signal.",false
/Users/bobhopp/DJ MEDIA/VIDEO/1980's/Barry Manilow - Born Free.mp4,Barry Manilow,Born Free,RVTR440159,1,HUMAN REVIEW REQUIRED,"Existing simulation selected one candidate (RVTR440159), but no safe disposition signal.",false
/Users/bobhopp/DJ MEDIA/VIDEO/2020's/Deer Tick - The Real Thing.mp4,Deer Tick,The Real Thing,RVTR564902,1,HUMAN REVIEW REQUIRED,"Existing simulation selected one candidate (RVTR564902), but no safe disposition signal.",false
/Users/bobhopp/DJ MEDIA/VIDEO/1950's/Chuck Berry - School Days.mp4,Chuck Berry,School Days,RVTR881934,1,HUMAN REVIEW REQUIRED,"Existing simulation selected one candidate (RVTR881934), but no safe disposition signal.",false
/Users/bobhopp/DJ MEDIA/VIDEO/1980's/Madonna - Into The Groove.mp4,Madonna,Into The Groove,RVTR607324,1,HUMAN REVIEW REQUIRED,"Existing simulation selected one candidate (RVTR607324), but no safe disposition signal.",false
/Users/bobhopp/DJ MEDIA/VIDEO/1990's/Sublime With Rome - Panic.mp4,Sublime With Rome,Panic,RVTR010101,1,HUMAN REVIEW REQUIRED,"Existing simulation selected one candidate (RVTR010101), but no safe disposition signal.",false
/Users/bobhopp/DJ MEDIA/VIDEO/2020's/GoldFord - Ride the Storm.mp4,GoldFord,Ride the Storm,RVTR714206,1,HUMAN REVIEW REQUIRED,"Existing simulation selected one candidate (RVTR714206), but no safe disposition signal.",false
/Users/bobhopp/DJ MEDIA/VIDEO/1990's/Limp Bizkit - Break Stuff.mp4,Limp Bizkit,Break Stuff,RVTR147881,1,HUMAN REVIEW REQUIRED,"Existing simulation selected one candidate (RVTR147881), but no safe disposition signal.",false
/Users/bobhopp/DJ MEDIA/VIDEO/TECHNO/Michael Gray - Borderline.mp4,Michael Gray,Borderline,RVTR377324,1,HUMAN REVIEW REQUIRED,"Existing simulation selected one candidate (RVTR377324), but no safe disposition signal.",false
/Users/bobhopp/DJ MEDIA/VIDEO/TECHNO/Carbon Leaf - Learn To Fly.mp4,Carbon Leaf,Learn To Fly,RVTR156632,1,HUMAN REVIEW REQUIRED,"Existing simulation selected one candidate (RVTR156632), but no safe disposition signal.",false
/Users/bobhopp/DJ MEDIA/VIDEO/TECHNO/George Michael - Flawless.mp4,George Michael,Flawless,RVTR456403,1,HUMAN REVIEW REQUIRED,"Existing simulation selected one candidate (RVTR456403), but no safe disposition signal.",false
/Users/bobhopp/DJ MEDIA/VIDEO/1970's/David Bowie - Life On Mars.mp4,David Bowie,Life On Mars,RVTR937621,1,HUMAN REVIEW REQUIRED,"Existing simulation selected one candidate (RVTR937621), but no safe disposition signal.",false
/Users/bobhopp/DJ MEDIA/VIDEO/2000's/A Goofy Movie - Eye to Eye.mp4,A Goofy Movie,Eye to Eye,RVTR617604,1,HUMAN REVIEW REQUIRED,"Existing simulation selected one candidate (RVTR617604), but no safe disposition signal.",false
/Users/bobhopp/DJ MEDIA/VIDEO/1980's/Bonnie Raitt - Thing Called Love.mp4,Bonnie Raitt,Thing Called Love,RVTR116476,1,HUMAN REVIEW REQUIRED,"Existing simulation selected one candidate (RVTR116476), but no safe disposition signal.",false
/Users/bobhopp/DJ MEDIA/VIDEO/1990's/Scatterbrain - Don't Call Me Dude.mp4,Scatterbrain,Don't Call Me Dude,RVTR731987,1,SAFE TITLE NOISE,Existing simulation selected one canonical candidate (RVTR731987); deterministic filename/tag noise.,true
/Users/bobhopp/DJ MEDIA/VIDEO/1980's/Quiet Riot - Metal Health.mp4,Quiet Riot,Metal Health,RVTR778760,1,HUMAN REVIEW REQUIRED,"Existing simulation selected one candidate (RVTR778760), but no safe disposition signal.",false
/Users/bobhopp/DJ MEDIA/VIDEO/1990's/Whitney Houston - Exhale.mp4,Whitney Houston,Exhale,RVTR897215,1,HUMAN REVIEW REQUIRED,"Existing simulation selected one candidate (RVTR897215), but no safe disposition signal.",false
/Users/bobhopp/DJ MEDIA/VIDEO/2020's/Vulfmon - Little Thunder.mp4,Vulfmon,Little Thunder,RVTR730738,1,HUMAN REVIEW REQUIRED,"Existing simulation selected one candidate (RVTR730738), but no safe disposition signal.",false
/Users/bobhopp/DJ MEDIA/VIDEO/TECHNO/Evanescence - Good Enough.mp4,Evanescence,Good Enough,RVTR824265,1,HUMAN REVIEW REQUIRED,"Existing simulation selected one candidate (RVTR824265), but no safe disposition signal.",false
/Users/bobhopp/DJ MEDIA/VIDEO/TECHNO/Houzecrushers - Touch Me.mp4,Houzecrushers,Touch Me,RVTR842909,1,HUMAN REVIEW REQUIRED,"Existing simulation selected one candidate (RVTR842909), but no safe disposition signal.",false
/Users/bobhopp/DJ MEDIA/VIDEO/TECHNO/Tesla - Modern Day Cowboy.mp4,Tesla,Modern Day Cowboy,RVTR625168,1,HUMAN REVIEW REQUIRED,"Existing simulation selected one candidate (RVTR625168), but no safe disposition signal.",false
/Users/bobhopp/DJ MEDIA/VIDEO/1960's/James Brown - Night Train.mp4,James Brown,Night Train,RVTR230652,1,HUMAN REVIEW REQUIRED,"Existing simulation selected one candidate (RVTR230652), but no safe disposition signal.",false
/Users/bobhopp/DJ MEDIA/VIDEO/1970's/Chicago - Colour My World.mp4,Chicago,Colour My World,RVTR166154,1,HUMAN REVIEW REQUIRED,"Existing simulation selected one candidate (RVTR166154), but no safe disposition signal.",false
/Users/bobhopp/DJ MEDIA/VIDEO/1990's/Megadeth - A Tout Le Monde.mp4,Megadeth,A Tout Le Monde,RVTR918866,1,HUMAN REVIEW REQUIRED,"Existing simulation selected one candidate (RVTR918866), but no safe disposition signal.",false
/Users/bobhopp/DJ MEDIA/VIDEO/1990's/Salt-N-Pepa - Independent.mp4,Salt-N-Pepa,Independent,RVTR058267,1,HUMAN REVIEW REQUIRED,"Existing simulation selected one candidate (RVTR058267), but no safe disposition signal.",false
/Users/bobhopp/DJ MEDIA/VIDEO/2000's/Pink - I Don't Believe You.mp4,Pink,I Don't Believe You,RVTR839896,1,SAFE TITLE NOISE,Existing simulation selected one canonical candidate (RVTR839896); deterministic filename/tag noise.,true
/Users/bobhopp/DJ MEDIA/VIDEO/1950's/The Diamonds - The Stroll.mp4,The Diamonds,The Stroll,RVTR983831,1,HUMAN REVIEW REQUIRED,"Existing simulation selected one candidate (RVTR983831), but no safe disposition signal.",false
/Users/bobhopp/DJ MEDIA/VIDEO/1980's/Elton John - Empty Garden.mp4,Elton John,Empty Garden,RVTR993562,1,HUMAN REVIEW REQUIRED,"Existing simulation selected one candidate (RVTR993562), but no safe disposition signal.",false
/Users/bobhopp/DJ MEDIA/VIDEO/1970's/Dusty Springfield - Lost.mp4,Dusty Springfield,Lost,RVTR291693,1,HUMAN REVIEW REQUIRED,"Existing simulation selected one candidate (RVTR291693), but no safe disposition signal.",false
/Users/bobhopp/DJ MEDIA/VIDEO/1980's/Accept - Balls to the Wall.mp4,Accept,Balls to the Wall,RVTR358812,1,HUMAN REVIEW REQUIRED,"Existing simulation selected one candidate (RVTR358812), but no safe disposition signal.",false
/Users/bobhopp/DJ MEDIA/VIDEO/1980's/Iron Maiden - The Trooper.mp4,Iron Maiden,The Trooper,RVTR004049,1,HUMAN REVIEW REQUIRED,"Existing simulation selected one candidate (RVTR004049), but no safe disposition signal.",false
/Users/bobhopp/DJ MEDIA/VIDEO/1990's/L.A. Guns - Ballad Of Jayne.mp4,L.A. Guns,Ballad Of Jayne,RVTR382238,1,HUMAN REVIEW REQUIRED,"Existing simulation selected one candidate (RVTR382238), but no safe disposition signal.",false
/Users/bobhopp/DJ MEDIA/VIDEO/1970's/The Cars - Dangerous Type.mp4,The Cars,Dangerous Type,RVTR781713,1,HUMAN REVIEW REQUIRED,"Existing simulation selected one candidate (RVTR781713), but no safe disposition signal.",false
/Users/bobhopp/DJ MEDIA/VIDEO/2010's/Big Time Rush - Worldwide.mp4,Big Time Rush,Worldwide,RVTR509838,1,HUMAN REVIEW REQUIRED,"Existing simulation selected one candidate (RVTR509838), but no safe disposition signal.",false
/Users/bobhopp/DJ MEDIA/VIDEO/1960's/Elvis Presley - Hard Luck.mp4,Elvis Presley,Hard Luck,RVTR613559,1,HUMAN REVIEW REQUIRED,"Existing simulation selected one candidate (RVTR613559), but no safe disposition signal.",false
/Users/bobhopp/DJ MEDIA/VIDEO/1970's/Bob Dylan - Forever Young.mp4,Bob Dylan,Forever Young,RVTR155301,1,HUMAN REVIEW REQUIRED,"Existing simulation selected one candidate (RVTR155301), but no safe disposition signal.",false
/Users/bobhopp/DJ MEDIA/VIDEO/1990's/2 Unlimited - Tribal Dance.mp4,2 Unlimited,Tribal Dance,RVTR863630,1,HUMAN REVIEW REQUIRED,"Existing simulation selected one candidate (RVTR863630), but no safe disposition signal.",false
/Users/bobhopp/DJ MEDIA/VIDEO/1980's/Iggy Pop - Real Wild Child.mp4,Iggy Pop,Real Wild Child,RVTR134062,1,HUMAN REVIEW REQUIRED,"Existing simulation selected one candidate (RVTR134062), but no safe disposition signal.",false
/Users/bobhopp/DJ MEDIA/VIDEO/2000's/Wheatus - Teenage Dirtbag.mp4,Wheatus,Teenage Dirtbag,RVTR626919,1,HUMAN REVIEW REQUIRED,"Existing simulation selected one candidate (RVTR626919), but no safe disposition signal.",false
/Users/bobhopp/DJ MEDIA/VIDEO/1950's/Coasters - Down In Mexico.mp4,Coasters,Down In Mexico,RVTR734755,1,HUMAN REVIEW REQUIRED,"Existing simulation selected one candidate (RVTR734755), but no safe disposition signal.",false
/Users/bobhopp/DJ MEDIA/VIDEO/1980's/U2 - Sunday Bloody Sunday.mp4,U2,Sunday Bloody Sunday,RVTR436580,1,HUMAN REVIEW REQUIRED,"Existing simulation selected one candidate (RVTR436580), but no safe disposition signal.",false
/Users/bobhopp/DJ MEDIA/VIDEO/TECHNO/Underworld - Born Slippy.mp4,Underworld,Born Slippy,RVTR676573,1,HUMAN REVIEW REQUIRED,"Existing simulation selected one candidate (RVTR676573), but no safe disposition signal.",false
/Users/bobhopp/DJ MEDIA/VIDEO/2000's/Creed - Don't Stop Dancing.mp4,Creed,Don't Stop Dancing,RVTR736908,1,SAFE TITLE NOISE,Existing simulation selected one canonical candidate (RVTR736908); deterministic filename/tag noise.,true
/Users/bobhopp/DJ MEDIA/VIDEO/TECHNO/Audioslave - Revelations.mp4,Audioslave,Revelations,RVTR817150,1,HUMAN REVIEW REQUIRED,"Existing simulation selected one candidate (RVTR817150), but no safe disposition signal.",false
/Users/bobhopp/DJ MEDIA/VIDEO/TECHNO/Fastball - You're An Ocean.mp4,Fastball,You're An Ocean,RVTR935317,1,SAFE TITLE NOISE,Existing simulation selected one canonical candidate (RVTR935317); deterministic filename/tag noise.,true
/Users/bobhopp/DJ MEDIA/VIDEO/1980's/Belinda Carlisle - La Luna.mp4,Belinda Carlisle,La Luna,RVTR009355,1,HUMAN REVIEW REQUIRED,"Existing simulation selected one candidate (RVTR009355), but no safe disposition signal.",false
/Users/bobhopp/DJ MEDIA/VIDEO/1980's/Phil Collins - Easy Lover.mp4,Phil Collins,Easy Lover,RVTR777466,1,HUMAN REVIEW REQUIRED,"Existing simulation selected one candidate (RVTR777466), but no safe disposition signal.",false
/Users/bobhopp/DJ MEDIA/VIDEO/2000's/Rise Against - Give It All.mp4,Rise Against,Give It All,RVTR087364,1,HUMAN REVIEW REQUIRED,"Existing simulation selected one candidate (RVTR087364), but no safe disposition signal.",false
"/Users/bobhopp/DJ MEDIA/VIDEO/TECHNO/Stefani, Gwen - Wind It Up.mp4","Stefani, Gwen",Wind It Up,RVTR850604,1,HUMAN REVIEW REQUIRED,"Existing simulation selected one candidate (RVTR850604), but no safe disposition signal.",false
/Users/bobhopp/DJ MEDIA/VIDEO/1980's/MTV - Retro MTV Intro.mp4,MTV,Retro MTV Intro,RVTR435698,1,HUMAN REVIEW REQUIRED,"Existing simulation selected one candidate (RVTR435698), but no safe disposition signal.",false
/Users/bobhopp/DJ MEDIA/VIDEO/1970's/Traffic - Dear Mr. Fantasy.mp4,Traffic,Dear Mr. Fantasy,RVTR685969,1,SAFE TITLE NOISE,Existing simulation selected one canonical candidate (RVTR685969); deterministic filename/tag noise.,true
/Users/bobhopp/DJ MEDIA/VIDEO/TECHNO/Lumidee F.Pitbull - Crazy.mp4,Lumidee F.Pitbull,Crazy,RVTR331946,1,HUMAN REVIEW REQUIRED,"Existing simulation selected one candidate (RVTR331946), but no safe disposition signal.",false
/Users/bobhopp/DJ MEDIA/VIDEO/TECHNO/Ja Rule & Ashley Joi - Body.mp4,Ja Rule & Ashley Joi,Body,RVTR162523,1,HUMAN REVIEW REQUIRED,"Existing simulation selected one candidate (RVTR162523), but no safe disposition signal.",false
/Users/bobhopp/DJ MEDIA/VIDEO/1950's/Glenn Miller - In the Mood.mp4,Glenn Miller,In the Mood,RVTR027135,1,HUMAN REVIEW REQUIRED,"Existing simulation selected one candidate (RVTR027135), but no safe disposition signal.",false
/Users/bobhopp/DJ MEDIA/VIDEO/1980's/Adam Ant - Prince Charming.mp4,Adam Ant,Prince Charming,RVTR452318,1,HUMAN REVIEW REQUIRED,"Existing simulation selected one candidate (RVTR452318), but no safe disposition signal.",false
/Users/bobhopp/DJ MEDIA/VIDEO/1960's/The Yardbirds - Stroll On.mp4,The Yardbirds,Stroll On,RVTR608776,1,HUMAN REVIEW REQUIRED,"Existing simulation selected one candidate (RVTR608776), but no safe disposition signal.",false
/Users/bobhopp/DJ MEDIA/VIDEO/1970's/Bill Withers - Lovely Day.mp4,Bill Withers,Lovely Day,RVTR092270,1,HUMAN REVIEW REQUIRED,"Existing simulation selected one candidate (RVTR092270), but no safe disposition signal.",false
/Users/bobhopp/DJ MEDIA/VIDEO/1980's/The Specials - Ghost Town.mp4,The Specials,Ghost Town,RVTR037263,1,HUMAN REVIEW REQUIRED,"Existing simulation selected one candidate (RVTR037263), but no safe disposition signal.",false
/Users/bobhopp/DJ MEDIA/VIDEO/1990's/Busta Rhymes - Turn It Up.mp4,Busta Rhymes,Turn It Up,RVTR338188,1,HUMAN REVIEW REQUIRED,"Existing simulation selected one candidate (RVTR338188), but no safe disposition signal.",false
"/Users/bobhopp/DJ MEDIA/VIDEO/1970's/Paul McCartney - Hi, Hi, Hi.mp4",Paul McCartney,"Hi, Hi, Hi",RVTR339552,1,SAFE TITLE NOISE,Existing simulation selected one canonical candidate (RVTR339552); deterministic filename/tag noise.,true
/Users/bobhopp/DJ MEDIA/VIDEO/2000's/Blake Lewis - Break Anotha.mp4,Blake Lewis,Break Anotha,RVTR473567,1,HUMAN REVIEW REQUIRED,"Existing simulation selected one candidate (RVTR473567), but no safe disposition signal.",false
/Users/bobhopp/DJ MEDIA/VIDEO/2010's/Beyonce f._J. Cole - Party.mp4,Beyonce f./J. Cole,Party,RVTR103063,1,HUMAN REVIEW REQUIRED,"Existing simulation selected one candidate (RVTR103063), but no safe disposition signal.",false
/Users/bobhopp/DJ MEDIA/VIDEO/2010's/Daft Punk - Instant Crush.mp4,Daft Punk,Instant Crush,RVTR961531,1,HUMAN REVIEW REQUIRED,"Existing simulation selected one candidate (RVTR961531), but no safe disposition signal.",false
/Users/bobhopp/DJ MEDIA/VIDEO/1960's/Muddy Waters - Bye Bye Blues_‏.mp4,Muddy Waters,Bye Bye Blues?‏,RVTR690709,1,SAFE TITLE NOISE,Existing simulation selected one canonical candidate (RVTR690709); deterministic filename/tag noise.,true
/Users/bobhopp/Library/CloudStorage/Dropbox/VIDEO/1990's/Lila McCann  - Down Came A Blackbird.mp4,Lila McCann,Down Came A Blackbird,RVTR123703,1,HUMAN REVIEW REQUIRED,"Existing simulation selected one candidate (RVTR123703), but no safe disposition signal.",false
/Users/bobhopp/DJ MEDIA/VIDEO/1980's/Friends Again - Sunkissed.mp4,Friends Again,Sunkissed,RVTR246965,1,HUMAN REVIEW REQUIRED,"Existing simulation selected one candidate (RVTR246965), but no safe disposition signal.",false
/Users/bobhopp/DJ MEDIA/VIDEO/COUNTRY/FILL/Steve Earle - Guitar Town.mp4,Steve Earle,Guitar Town,RVTR270356,1,HUMAN REVIEW REQUIRED,"Existing simulation selected one candidate (RVTR270356), but no safe disposition signal.",false
/Users/bobhopp/DJ MEDIA/VIDEO/1980's/Jenny Morris - You I Know.mp4,Jenny Morris,You I Know,RVTR764020,1,HUMAN REVIEW REQUIRED,"Existing simulation selected one candidate (RVTR764020), but no safe disposition signal.",false
/Users/bobhopp/DJ MEDIA/VIDEO/1990's/Fiona Apple - Shadowboxer.mp4,Fiona Apple,Shadowboxer,RVTR129691,1,HUMAN REVIEW REQUIRED,"Existing simulation selected one candidate (RVTR129691), but no safe disposition signal.",false
/Users/bobhopp/DJ MEDIA/VIDEO/2000's/Hulk Hogan - Real American.mp4,Hulk Hogan,Real American,RVTR174708,1,HUMAN REVIEW REQUIRED,"Existing simulation selected one candidate (RVTR174708), but no safe disposition signal.",false
/Users/bobhopp/DJ MEDIA/VIDEO/1990's/P.M. Dawn - Norwegian Wood.mp4,P.M. Dawn,Norwegian Wood,RVTR736862,1,HUMAN REVIEW REQUIRED,"Existing simulation selected one candidate (RVTR736862), but no safe disposition signal.",false
/Users/bobhopp/DJ MEDIA/VIDEO/2000's/Angel City - Love Me Right.mp4,Angel City,Love Me Right,RVTR250500,1,HUMAN REVIEW REQUIRED,"Existing simulation selected one candidate (RVTR250500), but no safe disposition signal.",false
/Users/bobhopp/DJ MEDIA/VIDEO/2010's/Jake Owen - Hot Truck Beer.mp4,Jake Owen,Hot Truck Beer,RVTR758252,1,HUMAN REVIEW REQUIRED,"Existing simulation selected one candidate (RVTR758252), but no safe disposition signal.",false
/Users/bobhopp/DJ MEDIA/VIDEO/1960's/The Animals - Tobacco Road.mp4,The Animals,Tobacco Road,RVTR604835,1,HUMAN REVIEW REQUIRED,"Existing simulation selected one candidate (RVTR604835), but no safe disposition signal.",false
/Users/bobhopp/DJ MEDIA/VIDEO/2000's/Rise Against - Hero Of War.mp4,Rise Against,Hero Of War,RVTR263701,1,HUMAN REVIEW REQUIRED,"Existing simulation selected one candidate (RVTR263701), but no safe disposition signal.",false
/Users/bobhopp/DJ MEDIA/VIDEO/2010's/The Black Keys - Next Girl.mp4,The Black Keys,Next Girl,RVTR528714,1,HUMAN REVIEW REQUIRED,"Existing simulation selected one candidate (RVTR528714), but no safe disposition signal.",false
/Users/bobhopp/DJ MEDIA/VIDEO/1970's/Bad Company - Saving Grace.mp4,Bad Company,Saving Grace,RVTR005359,1,HUMAN REVIEW REQUIRED,"Existing simulation selected one candidate (RVTR005359), but no safe disposition signal.",false
/Users/bobhopp/DJ MEDIA/VIDEO/1980's/Sex Pistols - No Feelings.mp4,Sex Pistols,No Feelings,RVTR256485,1,HUMAN REVIEW REQUIRED,"Existing simulation selected one candidate (RVTR256485), but no safe disposition signal.",false
/Users/bobhopp/DJ MEDIA/VIDEO/2000's/Plies F.Akon - Hypnotized.mp4,Plies F.Akon,Hypnotized,RVTR664483,1,HUMAN REVIEW REQUIRED,"Existing simulation selected one candidate (RVTR664483), but no safe disposition signal.",false
/Users/bobhopp/DJ MEDIA/VIDEO/1960's/Roy Head - Treat Her Right.mp4,Roy Head,Treat Her Right,RVTR459425,1,HUMAN REVIEW REQUIRED,"Existing simulation selected one candidate (RVTR459425), but no safe disposition signal.",false
/Users/bobhopp/DJ MEDIA/VIDEO/TECHNO/Mickey Avalon - Jane Fonda.mp4,Mickey Avalon,Jane Fonda,RVTR522576,1,HUMAN REVIEW REQUIRED,"Existing simulation selected one candidate (RVTR522576), but no safe disposition signal.",false
/Users/bobhopp/DJ MEDIA/VIDEO/TECHNO/Porn Kings - Up To No Good.mp4,Porn Kings,Up To No Good,RVTR536601,1,HUMAN REVIEW REQUIRED,"Existing simulation selected one candidate (RVTR536601), but no safe disposition signal.",false
/Users/bobhopp/DJ MEDIA/VIDEO/2020's/Dustin Lynch - Party Mode.mp4,Dustin Lynch,Party Mode,RVTR433011,1,HUMAN REVIEW REQUIRED,"Existing simulation selected one candidate (RVTR433011), but no safe disposition signal.",false
/Users/bobhopp/DJ MEDIA/VIDEO/TECHNO/Michael Gray - The Weekend.mp4,Michael Gray,The Weekend,RVTR855229,1,HUMAN REVIEW REQUIRED,"Existing simulation selected one candidate (RVTR855229), but no safe disposition signal.",false
/Users/bobhopp/DJ MEDIA/VIDEO/2000's/U2 feat. Mary J. Blige - One.mp4,U2 ft. Mary J. Blige,One,RVTR767575,1,HUMAN REVIEW REQUIRED,"Existing simulation selected one candidate (RVTR767575), but no safe disposition signal.",false
/Users/bobhopp/DJ MEDIA/VIDEO/2010's/SOJA - Everything Changes.mp4,SOJA,Everything Changes,RVTR854293,1,HUMAN REVIEW REQUIRED,"Existing simulation selected one candidate (RVTR854293), but no safe disposition signal.",false
/Users/bobhopp/DJ MEDIA/VIDEO/2010's/Greg Holden - The Lost Boy.mp4,Greg Holden,The Lost Boy,RVTR388920,1,HUMAN REVIEW REQUIRED,"Existing simulation selected one candidate (RVTR388920), but no safe disposition signal.",false
/Users/bobhopp/DJ MEDIA/VIDEO/TECHNO/Reel Big Fish - Party Down.mp4,Reel Big Fish,Party Down,RVTR312100,1,HUMAN REVIEW REQUIRED,"Existing simulation selected one candidate (RVTR312100), but no safe disposition signal.",false
/Users/bobhopp/DJ MEDIA/VIDEO/1980's/The Beatles - For You Blue.mp4,The Beatles,For You Blue,RVTR077480,1,HUMAN REVIEW REQUIRED,"Existing simulation selected one candidate (RVTR077480), but no safe disposition signal.",false
/Users/bobhopp/DJ MEDIA/VIDEO/1970's/Michael Murphy - Wildfire.mp4,Michael Murphy,Wildfire,RVTR583146,1,HUMAN REVIEW REQUIRED,"Existing simulation selected one candidate (RVTR583146), but no safe disposition signal.",false
/Users/bobhopp/DJ MEDIA/VIDEO/2000's/Janet Jackson - Megamix '04.mp4,Janet Jackson,Megamix '04,RVTR896009,1,SAFE TITLE NOISE,Existing simulation selected one canonical candidate (RVTR896009); deterministic filename/tag noise.,true
/Users/bobhopp/DJ MEDIA/VIDEO/2010's/Cher Lloyd - Want You Back.mp4,Cher Lloyd,Want You Back,RVTR891718,1,HUMAN REVIEW REQUIRED,"Existing simulation selected one candidate (RVTR891718), but no safe disposition signal.",false
/Users/bobhopp/DJ MEDIA/VIDEO/1980's/A Flock Of Seagulls - I Ran.mp4,A Flock Of Seagulls,I Ran,RVTR240224,1,HUMAN REVIEW REQUIRED,"Existing simulation selected one candidate (RVTR240224), but no safe disposition signal.",false
/Users/bobhopp/DJ MEDIA/VIDEO/1960's/Let's Dance - Chris Montez.mp4,Let's Dance,Chris Montez,RVTR681475,1,HUMAN REVIEW REQUIRED,"Existing simulation selected one candidate (RVTR681475), but no safe disposition signal.",false
/Users/bobhopp/DJ MEDIA/VIDEO/1960's/Wayne Newton - The Letter.mp4,Wayne Newton,The Letter,RVTR287904,1,HUMAN REVIEW REQUIRED,"Existing simulation selected one candidate (RVTR287904), but no safe disposition signal.",false
/Users/bobhopp/DJ MEDIA/VIDEO/1990's/Neil Young - Harvest Moon.mp4,Neil Young,Harvest Moon,RVTR751508,1,HUMAN REVIEW REQUIRED,"Existing simulation selected one candidate (RVTR751508), but no safe disposition signal.",false
/Users/bobhopp/DJ MEDIA/VIDEO/1960's/Them - Baby Please Don t Go.mp4,Them,Baby Please Don t Go,RVTR965909,1,HUMAN REVIEW REQUIRED,"Existing simulation selected one candidate (RVTR965909), but no safe disposition signal.",false
/Users/bobhopp/DJ MEDIA/VIDEO/1980's/Hall And Oates - One On One.mp4,Hall And Oates,One On One,RVTR129818,1,HUMAN REVIEW REQUIRED,"Existing simulation selected one candidate (RVTR129818), but no safe disposition signal.",false
/Users/bobhopp/DJ MEDIA/VIDEO/1990's/Massive Attack - Teardrop.mp4,Massive Attack,Teardrop,RVTR940972,1,HUMAN REVIEW REQUIRED,"Existing simulation selected one candidate (RVTR940972), but no safe disposition signal.",false
/Users/bobhopp/DJ MEDIA/VIDEO/1970's/Meat Loaf - Bat Out of Hell.mp4,Meat Loaf,Bat Out of Hell,RVTR741125,1,HUMAN REVIEW REQUIRED,"Existing simulation selected one candidate (RVTR741125), but no safe disposition signal.",false
/Users/bobhopp/DJ MEDIA/VIDEO/1960's/Nina Simone - Feeling Good.mp4,Nina Simone,Feeling Good,RVTR618913,1,HUMAN REVIEW REQUIRED,"Existing simulation selected one candidate (RVTR618913), but no safe disposition signal.",false
/Users/bobhopp/DJ MEDIA/VIDEO/1970's/Four Tops - Ain't No Woman.mp4,Four Tops,Ain't No Woman,RVTR690933,1,SAFE TITLE NOISE,Existing simulation selected one canonical candidate (RVTR690933); deterministic filename/tag noise.,true
/Users/bobhopp/DJ MEDIA/VIDEO/1980's/Tom Petty - You Got Lucky.mp4,Tom Petty,You Got Lucky,RVTR311477,1,HUMAN REVIEW REQUIRED,"Existing simulation selected one candidate (RVTR311477), but no safe disposition signal.",false
/Users/bobhopp/DJ MEDIA/VIDEO/1990's/Sinead O Connor - Mandinka.mp4,Sinead O Connor,Mandinka,RVTR612461,1,HUMAN REVIEW REQUIRED,"Existing simulation selected one candidate (RVTR612461), but no safe disposition signal.",false
/Users/bobhopp/DJ MEDIA/VIDEO/2000's/Kid Rock - American Bad Ass.mp4,Kid Rock,American Bad Ass,RVTR327340,1,HUMAN REVIEW REQUIRED,"Existing simulation selected one candidate (RVTR327340), but no safe disposition signal.",false
/Users/bobhopp/DJ MEDIA/VIDEO/1960's/The Four Seasons - Sherry.mp4,The Four Seasons,Sherry,RVTR096159,1,HUMAN REVIEW REQUIRED,"Existing simulation selected one candidate (RVTR096159), but no safe disposition signal.",false
/Users/bobhopp/DJ MEDIA/VIDEO/1980's/Jefferson Starship - Sara.mp4,Jefferson Starship,Sara,RVTR557817,1,HUMAN REVIEW REQUIRED,"Existing simulation selected one candidate (RVTR557817), but no safe disposition signal.",false
/Users/bobhopp/DJ MEDIA/VIDEO/2010's/Ben Dickey - Picture Cards.mp4,Ben Dickey,Picture Cards,RVTR063630,1,HUMAN REVIEW REQUIRED,"Existing simulation selected one candidate (RVTR063630), but no safe disposition signal.",false
/Users/bobhopp/DJ MEDIA/VIDEO/1980's/C.C. Catch - Soul Survivor.mp4,C.C. Catch,Soul Survivor,RVTR269806,1,HUMAN REVIEW REQUIRED,"Existing simulation selected one candidate (RVTR269806), but no safe disposition signal.",false
/Users/bobhopp/DJ MEDIA/VIDEO/1990's/Beastie Boys - Body Movin'.mp4,Beastie Boys,Body Movin',RVTR010867,1,SAFE TITLE NOISE,Existing simulation selected one canonical candidate (RVTR010867); deterministic filename/tag noise.,true
/Users/bobhopp/DJ MEDIA/VIDEO/1990's/Alice in Chains - Nutshell.mp4,Alice in Chains,Nutshell,RVTR220468,1,HUMAN REVIEW REQUIRED,"Existing simulation selected one candidate (RVTR220468), but no safe disposition signal.",false
/Users/bobhopp/DJ MEDIA/VIDEO/1990's/Mötley Crüe - Shout At The Devil.mp4,Mötley Crüe,Shout At The Devil,RVTR762479,1,HUMAN REVIEW REQUIRED,"Existing simulation selected one candidate (RVTR762479), but no safe disposition signal.",false
/Users/bobhopp/DJ MEDIA/VIDEO/2010's/Aloe Blacc - I Need A Dollar.mp4,Aloe Blacc,I Need A Dollar,RVTR989856,1,HUMAN REVIEW REQUIRED,"Existing simulation selected one candidate (RVTR989856), but no safe disposition signal.",false
/Users/bobhopp/DJ MEDIA/VIDEO/TECHNO/Tinman - Eighteen Strings.mp4,Tinman,Eighteen Strings,RVTR279581,1,HUMAN REVIEW REQUIRED,"Existing simulation selected one candidate (RVTR279581), but no safe disposition signal.",false
/Users/bobhopp/DJ MEDIA/VIDEO/1980's/The Beatles - I Dig A Pony.mp4,The Beatles,I Dig A Pony,RVTR461125,1,HUMAN REVIEW REQUIRED,"Existing simulation selected one candidate (RVTR461125), but no safe disposition signal.",false
/Users/bobhopp/DJ MEDIA/VIDEO/2010's/Auli'i Cravalho - How Far I.mp4,Auli'i Cravalho,How Far I,RVTR845206,1,HUMAN REVIEW REQUIRED,"Existing simulation selected one candidate (RVTR845206), but no safe disposition signal.",false
"/Users/bobhopp/DJ MEDIA/VIDEO/TECHNO/U2 - Saints Are Coming, The.mp4",U2,"Saints Are Coming, The",RVTR960231,1,SAFE TITLE NOISE,Existing simulation selected one canonical candidate (RVTR960231); deterministic filename/tag noise.,true
/Users/bobhopp/DJ MEDIA/VIDEO/1970's/Rory Gallagher - Hands Off.mp4,Rory Gallagher,Hands Off,RVTR483858,1,HUMAN REVIEW REQUIRED,"Existing simulation selected one candidate (RVTR483858), but no safe disposition signal.",false
/Users/bobhopp/DJ MEDIA/VIDEO/1980's/Ph.D - I Won't Let You Down.mp4,Ph.D,I Won't Let You Down,RVTR948802,1,SAFE TITLE NOISE,Existing simulation selected one canonical candidate (RVTR948802); deterministic filename/tag noise.,true
/Users/bobhopp/DJ MEDIA/VIDEO/1980's/Red Rider - Lunatic Fringe.mp4,Red Rider,Lunatic Fringe,RVTR644016,1,HUMAN REVIEW REQUIRED,"Existing simulation selected one candidate (RVTR644016), but no safe disposition signal.",false
/Users/bobhopp/DJ MEDIA/VIDEO/1990's/James Taylor - Copperline.mp4,James Taylor,Copperline,RVTR793139,1,HUMAN REVIEW REQUIRED,"Existing simulation selected one candidate (RVTR793139), but no safe disposition signal.",false
/Users/bobhopp/DJ MEDIA/VIDEO/2010's/Middle Class Rut - New Low.mp4,Middle Class Rut,New Low,RVTR201058,1,HUMAN REVIEW REQUIRED,"Existing simulation selected one candidate (RVTR201058), but no safe disposition signal.",false
/Users/bobhopp/DJ MEDIA/VIDEO/TECHNO/Paul Van Dyk - For An Angel.mp4,Paul Van Dyk,For An Angel,RVTR247989,1,HUMAN REVIEW REQUIRED,"Existing simulation selected one candidate (RVTR247989), but no safe disposition signal.",false
/Users/bobhopp/DJ MEDIA/VIDEO/1980's/Haircut 100 - Love Plus One.mp4,Haircut 100,Love Plus One,RVTR620363,1,HUMAN REVIEW REQUIRED,"Existing simulation selected one candidate (RVTR620363), but no safe disposition signal.",false
/Users/bobhopp/DJ MEDIA/VIDEO/TECHNO/DJ Dean - Protect Your Ass.mp4,DJ Dean,Protect Your Ass,RVTR917297,1,HUMAN REVIEW REQUIRED,"Existing simulation selected one candidate (RVTR917297), but no safe disposition signal.",false
/Users/bobhopp/DJ MEDIA/VIDEO/1990's/Mary J.Blige - Not Gon' Cry.mp4,Mary J.Blige,Not Gon' Cry,RVTR408677,1,SAFE TITLE NOISE,Existing simulation selected one canonical candidate (RVTR408677); deterministic filename/tag noise.,true
/Users/bobhopp/DJ MEDIA/VIDEO/1990's/Public Enemy - 911 Is A Joke.mp4,Public Enemy,911 Is A Joke,RVTR327744,1,HUMAN REVIEW REQUIRED,"Existing simulation selected one candidate (RVTR327744), but no safe disposition signal.",false
/Users/bobhopp/DJ MEDIA/VIDEO/2020's/Tiësto & Karol G - Don't Be Shy.mp4,Tiësto & Karol G,Don't Be Shy,RVTR661784,1,SAFE TITLE NOISE,Existing simulation selected one canonical candidate (RVTR661784); deterministic filename/tag noise.,true
/Users/bobhopp/DJ MEDIA/VIDEO/1970's/Joni Mitchell - Woodstock.mp4,Joni Mitchell,Woodstock,RVTR509717,1,HUMAN REVIEW REQUIRED,"Existing simulation selected one candidate (RVTR509717), but no safe disposition signal.",false
/Users/bobhopp/DJ MEDIA/VIDEO/2000's/Jack Johnson - Bubble Toes.mp4,Jack Johnson,Bubble Toes,RVTR326774,1,HUMAN REVIEW REQUIRED,"Existing simulation selected one candidate (RVTR326774), but no safe disposition signal.",false
/Users/bobhopp/DJ MEDIA/VIDEO/1960's/The Beatles - Another Girl.mp4,The Beatles,Another Girl,RVTR185234,1,HUMAN REVIEW REQUIRED,"Existing simulation selected one candidate (RVTR185234), but no safe disposition signal.",false
/Users/bobhopp/DJ MEDIA/VIDEO/1980's/Whitesnake - Slow An' Easy.mp4,Whitesnake,Slow An' Easy,RVTR785459,1,SAFE TITLE NOISE,Existing simulation selected one canonical candidate (RVTR785459); deterministic filename/tag noise.,true
/Users/bobhopp/DJ MEDIA/VIDEO/2010's/Joe Walsh - I Like Big Tits.mp4,Joe Walsh,I Like Big Tits,RVTR507981,1,HUMAN REVIEW REQUIRED,"Existing simulation selected one candidate (RVTR507981), but no safe disposition signal.",false
/Users/bobhopp/DJ MEDIA/VIDEO/TECHNO/Brooke White - Radio Radio.mp4,Brooke White,Radio Radio,RVTR210804,1,HUMAN REVIEW REQUIRED,"Existing simulation selected one candidate (RVTR210804), but no safe disposition signal.",false
/Volumes/DJ  MAIN/DJ MEDIA/VIDEO/1990's/16-Cypress Hill - I Ain't Goin' Out Like That (Official HD Video).mp4,Cypress Hill,I Ain't Goin' Out Like That,RVTR866443,1,SAFE TITLE NOISE,Existing simulation selected one canonical candidate (RVTR866443); deterministic filename/tag noise.,true
/Users/bobhopp/DJ MEDIA/VIDEO/1980's/Amy Grant - It's Not A Song.mp4,Amy Grant,It's Not A Song,RVTR661742,1,SAFE TITLE NOISE,Existing simulation selected one canonical candidate (RVTR661742); deterministic filename/tag noise.,true
/Users/bobhopp/DJ MEDIA/VIDEO/2000's/Three 6 Mafia - Lolli Lolli.mp4,Three 6 Mafia,Lolli Lolli,RVTR351402,1,HUMAN REVIEW REQUIRED,"Existing simulation selected one candidate (RVTR351402), but no safe disposition signal.",false
/Users/bobhopp/DJ MEDIA/VIDEO/1960's/Bobbie Gentry - Niki Hoeky.mp4,Bobbie Gentry,Niki Hoeky,RVTR564256,1,HUMAN REVIEW REQUIRED,"Existing simulation selected one candidate (RVTR564256), but no safe disposition signal.",false
/Users/bobhopp/DJ MEDIA/VIDEO/COUNTRY/FILL/Gangstagrass - All For One.MP4,Gangstagrass,All For One,RVTR351766,1,HUMAN REVIEW REQUIRED,"Existing simulation selected one candidate (RVTR351766), but no safe disposition signal.",false
/Users/bobhopp/DJ MEDIA/VIDEO/COUNTRY/FILL/The Judds - Mama He's Crazy.mp4,The Judds,Mama He's Crazy,RVTR411580,1,SAFE TITLE NOISE,Existing simulation selected one canonical candidate (RVTR411580); deterministic filename/tag noise.,true
/Users/bobhopp/DJ MEDIA/VIDEO/1980's/Roger Hodgson - Had A Dream.mp4,Roger Hodgson,Had A Dream,RVTR617682,1,HUMAN REVIEW REQUIRED,"Existing simulation selected one candidate (RVTR617682), but no safe disposition signal.",false
/Users/bobhopp/DJ MEDIA/VIDEO/1970's/Lawrence - Guy I Used To Be.mp4,Lawrence,Guy I Used To Be,RVTR966704,1,HUMAN REVIEW REQUIRED,"Existing simulation selected one candidate (RVTR966704), but no safe disposition signal.",false
/Users/bobhopp/DJ MEDIA/VIDEO/1990's/Ween - Buenos Tardes Amigo.mp4,Ween,Buenos Tardes Amigo,RVTR051713,1,HUMAN REVIEW REQUIRED,"Existing simulation selected one candidate (RVTR051713), but no safe disposition signal.",false
/Users/bobhopp/DJ MEDIA/VIDEO/2010's/JayZ and Kanye West - Otis.mp4,JayZ and Kanye West,Otis,RVTR860729,1,HUMAN REVIEW REQUIRED,"Existing simulation selected one candidate (RVTR860729), but no safe disposition signal.",false
"/Users/bobhopp/DJ MEDIA/VIDEO/2000's/Stella Soleil - Kiss, Kiss.mp4",Stella Soleil,"Kiss, Kiss",RVTR014433,1,SAFE TITLE NOISE,Existing simulation selected one canonical candidate (RVTR014433); deterministic filename/tag noise.,true
/Users/bobhopp/DJ MEDIA/VIDEO/1970's/Carole King - It's Too Late.mp4,Carole King,It's Too Late,RVTR875568,1,SAFE TITLE NOISE,Existing simulation selected one canonical candidate (RVTR875568); deterministic filename/tag noise.,true
/Users/bobhopp/DJ MEDIA/VIDEO/1980's/Carole King - It's Too Late.mp4,Carole King,It's Too Late,RVTR875568,1,SAFE TITLE NOISE,Existing simulation selected one canonical candidate (RVTR875568); deterministic filename/tag noise.,true
/Users/bobhopp/DJ MEDIA/VIDEO/1980's/Devo - Working in Coalmine.mp4,Devo,Working in Coalmine,RVTR821857,1,HUMAN REVIEW REQUIRED,"Existing simulation selected one candidate (RVTR821857), but no safe disposition signal.",false
/Users/bobhopp/DJ MEDIA/VIDEO/1990's/Nirvana - Heart-Shaped Box.mp4,Nirvana,Heart-Shaped Box,RVTR981697,1,HUMAN REVIEW REQUIRED,"Existing simulation selected one candidate (RVTR981697), but no safe disposition signal.",false
/Users/bobhopp/DJ MEDIA/VIDEO/1980's/Clarence Carter - Strokin'.mp4,Clarence Carter,Strokin',RVTR302541,1,SAFE TITLE NOISE,Existing simulation selected one canonical candidate (RVTR302541); deterministic filename/tag noise.,true
/Users/bobhopp/DJ MEDIA/VIDEO/1980's/The Fools - Psycho Chicken.mp4,The Fools,Psycho Chicken,RVTR573011,1,HUMAN REVIEW REQUIRED,"Existing simulation selected one candidate (RVTR573011), but no safe disposition signal.",false
/Users/bobhopp/DJ MEDIA/VIDEO/1990's/Erasure - Love To Hate You.mp4,Erasure,Love To Hate You,RVTR979074,1,HUMAN REVIEW REQUIRED,"Existing simulation selected one candidate (RVTR979074), but no safe disposition signal.",false
/Users/bobhopp/DJ MEDIA/VIDEO/COUNTRY/FILL/Merle Haggard - Branded Man.mp4,Merle Haggard,Branded Man,RVTR957832,1,HUMAN REVIEW REQUIRED,"Existing simulation selected one candidate (RVTR957832), but no safe disposition signal.",false
/Users/bobhopp/DJ MEDIA/VIDEO/1950's/Big Band - Rhapsody in Blue.mp4,Big Band,Rhapsody in Blue,RVTR023620,1,HUMAN REVIEW REQUIRED,"Existing simulation selected one candidate (RVTR023620), but no safe disposition signal.",false
/Users/bobhopp/DJ MEDIA/VIDEO/2010's/Thomas Wesley - Heartless.mp4,Thomas Wesley,Heartless,RVTR241840,1,HUMAN REVIEW REQUIRED,"Existing simulation selected one candidate (RVTR241840), but no safe disposition signal.",false
/Users/bobhopp/DJ MEDIA/VIDEO/1980's/Joan Jett - Bad Reputation.mp4,Joan Jett,Bad Reputation,RVTR183850,1,HUMAN REVIEW REQUIRED,"Existing simulation selected one candidate (RVTR183850), but no safe disposition signal.",false
/Users/bobhopp/DJ MEDIA/VIDEO/1990's/Tori Amos - Cornflake Girl.mp4,Tori Amos,Cornflake Girl,RVTR279305,1,HUMAN REVIEW REQUIRED,"Existing simulation selected one candidate (RVTR279305), but no safe disposition signal.",false
/Volumes/DJ  MAIN/DJ MEDIA/VIDEO/1960's/6-irma thomas - anyone who knows what love is (will understand).mp4,Irma Thomas,Anyone Who Knows What Love Is,RVTR592233,1,HUMAN REVIEW REQUIRED,"Existing simulation selected one candidate (RVTR592233), but no safe disposition signal.",false
/Users/bobhopp/DJ MEDIA/VIDEO/1990's/Smashing Pumpkins - Today.mp4,Smashing Pumpkins,Today,RVTR662101,1,HUMAN REVIEW REQUIRED,"Existing simulation selected one candidate (RVTR662101), but no safe disposition signal.",false
/Users/bobhopp/DJ MEDIA/VIDEO/1970's/Billy Swan - Don't Be Cruel.mp4,Billy Swan,Don't Be Cruel,RVTR284378,1,SAFE TITLE NOISE,Existing simulation selected one canonical candidate (RVTR284378); deterministic filename/tag noise.,true
/Users/bobhopp/DJ MEDIA/VIDEO/2000's/Kraftwerk - Tour de France.mp4,Kraftwerk,Tour de France,RVTR766217,1,HUMAN REVIEW REQUIRED,"Existing simulation selected one candidate (RVTR766217), but no safe disposition signal.",false
"/Users/bobhopp/DJ MEDIA/VIDEO/TECHNO/Relient K - Best Thing, The.mp4",Relient K,"Best Thing, The",RVTR400705,1,SAFE TITLE NOISE,Existing simulation selected one canonical candidate (RVTR400705); deterministic filename/tag noise.,true
/Users/bobhopp/DJ MEDIA/VIDEO/2000's/Crash Kings - Mountain Man.mp4,Crash Kings,Mountain Man,RVTR665648,1,HUMAN REVIEW REQUIRED,"Existing simulation selected one candidate (RVTR665648), but no safe disposition signal.",false
/Users/bobhopp/DJ MEDIA/VIDEO/TECHNO/Coldplay - Lovers In Japan.mp4,Coldplay,Lovers In Japan,RVTR560800,1,HUMAN REVIEW REQUIRED,"Existing simulation selected one candidate (RVTR560800), but no safe disposition signal.",false
/Users/bobhopp/DJ MEDIA/VIDEO/1980's/Cyndi Lauper - The Goonies.mp4,Cyndi Lauper,The Goonies,RVTR821629,1,HUMAN REVIEW REQUIRED,"Existing simulation selected one candidate (RVTR821629), but no safe disposition signal.",false
/Users/bobhopp/DJ MEDIA/VIDEO/1980's/Kiss - Calling Doctor Love.mp4,Kiss,Calling Doctor Love,RVTR137562,1,HUMAN REVIEW REQUIRED,"Existing simulation selected one candidate (RVTR137562), but no safe disposition signal.",false
/Users/bobhopp/DJ MEDIA/VIDEO/1980's/Pat Benetar - Heartbreaker.mp4,Pat Benetar,Heartbreaker,RVTR601503,1,HUMAN REVIEW REQUIRED,"Existing simulation selected one candidate (RVTR601503), but no safe disposition signal.",false
/Users/bobhopp/DJ MEDIA/VIDEO/2000's/Ganja Baby - Michael Franti.mp4,Ganja Baby,Michael Franti,RVTR443344,1,HUMAN REVIEW REQUIRED,"Existing simulation selected one candidate (RVTR443344), but no safe disposition signal.",false
/Users/bobhopp/DJ MEDIA/VIDEO/2000's/Queen - Fat Bottomed Girls.mp4,Queen,Fat Bottomed Girls,RVTR623864,1,HUMAN REVIEW REQUIRED,"Existing simulation selected one candidate (RVTR623864), but no safe disposition signal.",false
/Users/bobhopp/DJ MEDIA/VIDEO/1950's/Jule Styne - Hellzapoppin.mp4,Jule Styne,Hellzapoppin,RVTR884649,1,HUMAN REVIEW REQUIRED,"Existing simulation selected one candidate (RVTR884649), but no safe disposition signal.",false
/Users/bobhopp/DJ MEDIA/VIDEO/1970's/Santana - Samba Pa Ti (Live).mp4,Santana,Samba Pa Ti (Live),RVTR037101,1,SAFE TITLE NOISE,Existing simulation selected one canonical candidate (RVTR037101); deterministic filename/tag noise.,true
/Users/bobhopp/DJ MEDIA/VIDEO/1980's/Herbie Hancock - Autodrive.mp4,Herbie Hancock,Autodrive,RVTR954778,1,HUMAN REVIEW REQUIRED,"Existing simulation selected one candidate (RVTR954778), but no safe disposition signal.",false
/Users/bobhopp/DJ MEDIA/VIDEO/1970's/Joni Mitchell - California.mp4,Joni Mitchell,California,RVTR940773,1,HUMAN REVIEW REQUIRED,"Existing simulation selected one candidate (RVTR940773), but no safe disposition signal.",false
/Users/bobhopp/DJ MEDIA/VIDEO/1990's/Billy Idol - Cradle Of Love.mp4,Billy Idol,Cradle Of Love,RVTR554601,1,HUMAN REVIEW REQUIRED,"Existing simulation selected one candidate (RVTR554601), but no safe disposition signal.",false
/Users/bobhopp/DJ MEDIA/VIDEO/1950's/Bill Haley - Lets Rip It Up.mp4,Bill Haley,Lets Rip It Up,RVTR367218,1,HUMAN REVIEW REQUIRED,"Existing simulation selected one candidate (RVTR367218), but no safe disposition signal.",false
/Users/bobhopp/DJ MEDIA/VIDEO/1980's/Cyndi Lauper - Girls Just Want To Have Fun.mp4,Cyndi Lauper,Girls Just Wanna Have Fun,RVTR040451,1,HUMAN REVIEW REQUIRED,"Existing simulation selected one candidate (RVTR040451), but no safe disposition signal.",false
/Users/bobhopp/DJ MEDIA/VIDEO/1980's/China Crisis - Arizona Sky.mp4,China Crisis,Arizona Sky,RVTR202804,1,HUMAN REVIEW REQUIRED,"Existing simulation selected one candidate (RVTR202804), but no safe disposition signal.",false
/Users/bobhopp/DJ MEDIA/VIDEO/TECHNO/Jason Mraz - You And I Both.mp4,Jason Mraz,You And I Both,RVTR888741,1,HUMAN REVIEW REQUIRED,"Existing simulation selected one candidate (RVTR888741), but no safe disposition signal.",false
/Users/bobhopp/DJ MEDIA/VIDEO/1990's/Garth Brooks - Baton Rouge.mp4,Garth Brooks,Baton Rouge,RVTR161115,1,HUMAN REVIEW REQUIRED,"Existing simulation selected one candidate (RVTR161115), but no safe disposition signal.",false
/Users/bobhopp/DJ MEDIA/VIDEO/1990's/Gin Blossoms - Alison Road.mp4,Gin Blossoms,Alison Road,RVTR039508,1,HUMAN REVIEW REQUIRED,"Existing simulation selected one candidate (RVTR039508), but no safe disposition signal.",false
/Volumes/DJ  MAIN/DJ MEDIA/VIDEO/2020's/4-Billy Talent - End Of Me feat. Rivers Cuomo (Official Music Video).mp4,Billy Talent,End Of Me,RVTR619691,1,HUMAN REVIEW REQUIRED,"Existing simulation selected one candidate (RVTR619691), but no safe disposition signal.",false
/Users/bobhopp/DJ MEDIA/VIDEO/1990's/Wyclef Jean - Guantanamera.mp4,Wyclef Jean,Guantanamera,RVTR917489,1,HUMAN REVIEW REQUIRED,"Existing simulation selected one candidate (RVTR917489), but no safe disposition signal.",false
/Users/bobhopp/DJ MEDIA/VIDEO/2000's/Beastie Boys - Off The Grid.mp4,Beastie Boys,Off The Grid,RVTR643284,1,HUMAN REVIEW REQUIRED,"Existing simulation selected one candidate (RVTR643284), but no safe disposition signal.",false
/Users/bobhopp/DJ MEDIA/VIDEO/1970's/Little Feat - Spanish Moon.mp4,Little Feat,Spanish Moon,RVTR405228,1,HUMAN REVIEW REQUIRED,"Existing simulation selected one candidate (RVTR405228), but no safe disposition signal.",false
/Users/bobhopp/DJ MEDIA/VIDEO/1990's/Tonic - If You Could Only See.mp4,Tonic,If You Could Only See,RVTR618771,1,HUMAN REVIEW REQUIRED,"Existing simulation selected one candidate (RVTR618771), but no safe disposition signal.",false
/Users/bobhopp/DJ MEDIA/VIDEO/TECHNO/Solange - Sandcastle Disco.mp4,Solange,Sandcastle Disco,RVTR239659,1,HUMAN REVIEW REQUIRED,"Existing simulation selected one candidate (RVTR239659), but no safe disposition signal.",false
"/Users/bobhopp/DJ MEDIA/VIDEO/1980's/Neil Young - Hey Hey, My My.mp4",Neil Young,"Hey Hey, My My",RVTR869724,1,SAFE TITLE NOISE,Existing simulation selected one canonical candidate (RVTR869724); deterministic filename/tag noise.,true
/Users/bobhopp/DJ MEDIA/VIDEO/1990's/Rod Stewart - Stay With Me.mp4,Rod Stewart,Stay With Me,RVTR651664,1,HUMAN REVIEW REQUIRED,"Existing simulation selected one candidate (RVTR651664), but no safe disposition signal.",false
/Users/bobhopp/DJ MEDIA/VIDEO/2000's/AC_DC - Rock`N`Roll Train.mp4,AC/DC,Rock`N`Roll Train,RVTR272946,1,HUMAN REVIEW REQUIRED,"Existing simulation selected one candidate (RVTR272946), but no safe disposition signal.",false
/Users/bobhopp/DJ MEDIA/VIDEO/2000's/The Chicks - Long Time Gone.mp4,The Chicks,Long Time Gone,RVTR180966,1,HUMAN REVIEW REQUIRED,"Existing simulation selected one candidate (RVTR180966), but no safe disposition signal.",false
/Users/bobhopp/DJ MEDIA/VIDEO/1980's/R.E.M. - Pretty Persuasion.mp4,R.E.M.,Pretty Persuasion,RVTR615906,1,HUMAN REVIEW REQUIRED,"Existing simulation selected one candidate (RVTR615906), but no safe disposition signal.",false
/Users/bobhopp/DJ MEDIA/VIDEO/1980's/Rainbow - Can't Happen Here.mp4,Rainbow,Can't Happen Here,RVTR029735,1,SAFE TITLE NOISE,Existing simulation selected one canonical candidate (RVTR029735); deterministic filename/tag noise.,true
/Users/bobhopp/DJ MEDIA/VIDEO/TECHNO/Las Ketchup - Ketchup Song.mp4,Las Ketchup,Ketchup Song,RVTR003649,1,HUMAN REVIEW REQUIRED,"Existing simulation selected one candidate (RVTR003649), but no safe disposition signal.",false
/Users/bobhopp/DJ MEDIA/VIDEO/TECHNO/Sasha Dith - Russian Girls.mp4,Sasha Dith,Russian Girls,RVTR638161,1,HUMAN REVIEW REQUIRED,"Existing simulation selected one candidate (RVTR638161), but no safe disposition signal.",false
/Users/bobhopp/DJ MEDIA/VIDEO/1970's/Deep Purple - Child In Time.mp4,Deep Purple,Child In Time,RVTR681613,1,HUMAN REVIEW REQUIRED,"Existing simulation selected one candidate (RVTR681613), but no safe disposition signal.",false
/Users/bobhopp/DJ MEDIA/VIDEO/1990's/3rd Bass - Brooklyn-Queens.mp4,3rd Bass,Brooklyn-Queens,RVTR974122,1,HUMAN REVIEW REQUIRED,"Existing simulation selected one candidate (RVTR974122), but no safe disposition signal.",false
/Users/bobhopp/DJ MEDIA/VIDEO/2010's/JP Cooper - September Song.mp4,JP Cooper,September Song,RVTR609756,1,HUMAN REVIEW REQUIRED,"Existing simulation selected one candidate (RVTR609756), but no safe disposition signal.",false
/Users/bobhopp/DJ MEDIA/VIDEO/1990's/Counting Crows - Mr. Jones.mp4,Counting Crows,Mr. Jones,RVTR520264,1,SAFE TITLE NOISE,Existing simulation selected one canonical candidate (RVTR520264); deterministic filename/tag noise.,true
/Users/bobhopp/DJ MEDIA/VIDEO/2010's/Heart - Stairway to Heaven.mp4,Heart,Stairway to Heaven,RVTR130218,1,HUMAN REVIEW REQUIRED,"Existing simulation selected one candidate (RVTR130218), but no safe disposition signal.",false
/Users/bobhopp/DJ MEDIA/VIDEO/1980's/Laid Back - Sunshine Reggae.mp4,Laid Back,Sunshine Reggae,RVTR144942,1,HUMAN REVIEW REQUIRED,"Existing simulation selected one candidate (RVTR144942), but no safe disposition signal.",false
/Users/bobhopp/DJ MEDIA/VIDEO/1990's/Mulan - True to Your Heart.mp4,Mulan,True to Your Heart,RVTR004361,1,HUMAN REVIEW REQUIRED,"Existing simulation selected one candidate (RVTR004361), but no safe disposition signal.",false
/Users/bobhopp/DJ MEDIA/VIDEO/1980's/Margaret Urlich - Escaping.mp4,Margaret Urlich,Escaping,RVTR022479,1,HUMAN REVIEW REQUIRED,"Existing simulation selected one candidate (RVTR022479), but no safe disposition signal.",false
/Users/bobhopp/DJ MEDIA/VIDEO/1990's/Oasis - Champagne Supernova.mp4,Oasis,Champagne Supernova,RVTR448805,1,HUMAN REVIEW REQUIRED,"Existing simulation selected one candidate (RVTR448805), but no safe disposition signal.",false
/Users/bobhopp/DJ MEDIA/VIDEO/1990's/O.A.R. - Crazy Game Of Poker.mp4,O.A.R.,Crazy Game Of Poker,RVTR654541,1,HUMAN REVIEW REQUIRED,"Existing simulation selected one candidate (RVTR654541), but no safe disposition signal.",false
/Users/bobhopp/DJ MEDIA/VIDEO/TECHNO/Young Love - Find A New Way.mp4,Young Love,Find A New Way,RVTR296391,1,HUMAN REVIEW REQUIRED,"Existing simulation selected one candidate (RVTR296391), but no safe disposition signal.",false
/Users/bobhopp/DJ MEDIA/VIDEO/1990's/Dinosaur Jr - Feel The Pain.mp4,Dinosaur Jr,Feel The Pain,RVTR899875,1,HUMAN REVIEW REQUIRED,"Existing simulation selected one candidate (RVTR899875), but no safe disposition signal.",false
/Users/bobhopp/DJ MEDIA/VIDEO/1990's/Mötley Crüe - Kickstart My Heart.mp4,Mötley Crüe,Kickstart My Heart,RVTR328071,1,HUMAN REVIEW REQUIRED,"Existing simulation selected one candidate (RVTR328071), but no safe disposition signal.",false
/Users/bobhopp/DJ MEDIA/VIDEO/1990's/Pink Floyd - Pulse Concert.mp4,Pink Floyd,Pulse Concert,RVTR097173,1,SAME SONG — ALTERNATE MEDIA,Existing simulation selected one canonical candidate (RVTR097173); alternate-media wording.,true
/Users/bobhopp/DJ MEDIA/VIDEO/TECHNO/Robin Beck - The First Time.mp4,Robin Beck,The First Time,RVTR051928,1,HUMAN REVIEW REQUIRED,"Existing simulation selected one candidate (RVTR051928), but no safe disposition signal.",false
/Users/bobhopp/DJ MEDIA/VIDEO/1960's/Janis Joplin - One Good Man.mp4,Janis Joplin,One Good Man,RVTR715143,1,HUMAN REVIEW REQUIRED,"Existing simulation selected one candidate (RVTR715143), but no safe disposition signal.",false
/Users/bobhopp/DJ MEDIA/VIDEO/1970's/Jethro Tull - Aqualung (HD).mp4,Jethro Tull,Aqualung (HD),RVTR622721,1,SAFE TITLE NOISE,Existing simulation selected one canonical candidate (RVTR622721); deterministic filename/tag noise.,true
/Users/bobhopp/DJ MEDIA/VIDEO/1970's/Journey - Feeling That Way.mp4,Journey,Feeling That Way,RVTR399845,1,HUMAN REVIEW REQUIRED,"Existing simulation selected one candidate (RVTR399845), but no safe disposition signal.",false
/Users/bobhopp/DJ MEDIA/VIDEO/COUNTRY/FILL/Clay Walker - Country Side.mp4,Clay Walker,Country Side,RVTR730819,1,HUMAN REVIEW REQUIRED,"Existing simulation selected one candidate (RVTR730819), but no safe disposition signal.",false
/Users/bobhopp/Library/CloudStorage/Dropbox/VIDEO/1980's/Crosby Stills Nash - Southern Cross.mp4,Crosby Stills Nash,Southern Cross,RVTR699213,1,HUMAN REVIEW REQUIRED,"Existing simulation selected one candidate (RVTR699213), but no safe disposition signal.",false
/Users/bobhopp/DJ MEDIA/VIDEO/1970's/Silicon Teens - Let's Dance.mp4,Silicon Teens,Let's Dance,RVTR457772,1,SAFE TITLE NOISE,Existing simulation selected one canonical candidate (RVTR457772); deterministic filename/tag noise.,true
/Users/bobhopp/DJ MEDIA/VIDEO/1990's/Rozalla - Everybody's Free.mp4,Rozalla,Everybody's Free,RVTR606510,1,SAFE TITLE NOISE,Existing simulation selected one canonical candidate (RVTR606510); deterministic filename/tag noise.,true
/Users/bobhopp/DJ MEDIA/VIDEO/2010's/Ellie Goulding - Your Song.MP4,Ellie Goulding,Your Song,RVTR754136,1,HUMAN REVIEW REQUIRED,"Existing simulation selected one candidate (RVTR754136), but no safe disposition signal.",false
/Users/bobhopp/DJ MEDIA/VIDEO/2010's/SonReal - Everywhere We Go.mp4,SonReal,Everywhere We Go,RVTR423118,1,HUMAN REVIEW REQUIRED,"Existing simulation selected one candidate (RVTR423118), but no safe disposition signal.",false
/Users/bobhopp/DJ MEDIA/VIDEO/TECHNO/Los Lonely Boys - Diamonds.mp4,Los Lonely Boys,Diamonds,RVTR429130,1,HUMAN REVIEW REQUIRED,"Existing simulation selected one candidate (RVTR429130), but no safe disposition signal.",false
/Users/bobhopp/DJ MEDIA/VIDEO/TECHNO/Jules And Raoul - Progress.mp4,Jules And Raoul,Progress,RVTR267256,1,HUMAN REVIEW REQUIRED,"Existing simulation selected one candidate (RVTR267256), but no safe disposition signal.",false
/Users/bobhopp/DJ MEDIA/VIDEO/1960's/Andy Williams - Moon River.mp4,Andy Williams,Moon River,RVTR947034,1,HUMAN REVIEW REQUIRED,"Existing simulation selected one candidate (RVTR947034), but no safe disposition signal.",false
/Users/bobhopp/DJ MEDIA/VIDEO/1960's/Cat Stevens - Matthew & Son.mp4,Cat Stevens,Matthew & Son,RVTR500124,1,SAFE TITLE NOISE,Existing simulation selected one canonical candidate (RVTR500124); deterministic filename/tag noise.,true
/Users/bobhopp/DJ MEDIA/VIDEO/1980's/Pat Benatar - I Need A Lover.mp4,Pat Benatar,I Need A Lover,RVTR421420,1,HUMAN REVIEW REQUIRED,"Existing simulation selected one candidate (RVTR421420), but no safe disposition signal.",false
/Users/bobhopp/DJ MEDIA/VIDEO/1980's/2 Live Crew - Move Somethin.mp4,2 Live Crew,Move Somethin,RVTR608023,1,HUMAN REVIEW REQUIRED,"Existing simulation selected one candidate (RVTR608023), but no safe disposition signal.",false
/Users/bobhopp/DJ MEDIA/VIDEO/1980's/Tears For Fears - Mad World.mp4,Tears For Fears,Mad World,RVTR618424,1,HUMAN REVIEW REQUIRED,"Existing simulation selected one candidate (RVTR618424), but no safe disposition signal.",false
"/Users/bobhopp/DJ MEDIA/VIDEO/2000's/Cure - End Of The World, The.mp4",Cure,"End Of The World, The",RVTR267358,1,SAFE TITLE NOISE,Existing simulation selected one canonical candidate (RVTR267358); deterministic filename/tag noise.,true
/Users/bobhopp/DJ MEDIA/VIDEO/1960's/Joe Tex - The Love You Save.mp4,Joe Tex,The Love You Save,RVTR460887,1,HUMAN REVIEW REQUIRED,"Existing simulation selected one candidate (RVTR460887), but no safe disposition signal.",false
/Users/bobhopp/DJ MEDIA/VIDEO/1980's/Alabama - Dixieland Delight.mp4,Alabama,Dixieland Delight,RVTR895357,1,HUMAN REVIEW REQUIRED,"Existing simulation selected one candidate (RVTR895357), but no safe disposition signal.",false
/Users/bobhopp/DJ MEDIA/VIDEO/1960's/The Beatles - Dear Prudence.mp4,The Beatles,Dear Prudence,RVTR391678,1,HUMAN REVIEW REQUIRED,"Existing simulation selected one candidate (RVTR391678), but no safe disposition signal.",false
/Users/bobhopp/DJ MEDIA/VIDEO/1970's/Stretch - Why Did You Do It.mp4,Stretch,Why Did You Do It,RVTR703464,1,HUMAN REVIEW REQUIRED,"Existing simulation selected one candidate (RVTR703464), but no safe disposition signal.",false
/Users/bobhopp/DJ MEDIA/VIDEO/1970's/The Runaways - School Days.mp4,The Runaways,School Days,RVTR090973,1,HUMAN REVIEW REQUIRED,"Existing simulation selected one candidate (RVTR090973), but no safe disposition signal.",false
/Users/bobhopp/DJ MEDIA/VIDEO/1980's/Gap Band - Burn Rubber On Me.mp4,Gap Band,Burn Rubber On Me,RVTR805275,1,HUMAN REVIEW REQUIRED,"Existing simulation selected one candidate (RVTR805275), but no safe disposition signal.",false
/Users/bobhopp/DJ MEDIA/VIDEO/2000's/50 Cent f._Ne-Yo - Baby By Me.mp4,50 Cent f./Ne-Yo,Baby By Me,RVTR192585,1,HUMAN REVIEW REQUIRED,"Existing simulation selected one candidate (RVTR192585), but no safe disposition signal.",false
/Users/bobhopp/DJ MEDIA/VIDEO/2020's/The Rolling Stones - Angry.mp4,The Rolling Stones,Angry,RVTR184168,1,HUMAN REVIEW REQUIRED,"Existing simulation selected one candidate (RVTR184168), but no safe disposition signal.",false
/Users/bobhopp/DJ MEDIA/VIDEO/1970's/Little Feat - Dixie Chicken.mp4,Little Feat,Dixie Chicken,RVTR030655,1,HUMAN REVIEW REQUIRED,"Existing simulation selected one candidate (RVTR030655), but no safe disposition signal.",false
/Users/bobhopp/DJ MEDIA/VIDEO/1980's/Salt-N-Pepa - Twist & Shout.mp4,Salt-N-Pepa,Twist & Shout,RVTR627588,1,SAFE TITLE NOISE,Existing simulation selected one canonical candidate (RVTR412665); deterministic filename/tag noise.,true
/Users/bobhopp/DJ MEDIA/VIDEO/2020's/Brian Kelley - Beach Cowboy.mp4,Brian Kelley,Beach Cowboy,RVTR137493,1,HUMAN REVIEW REQUIRED,"Existing simulation selected one candidate (RVTR137493), but no safe disposition signal.",false
/Users/bobhopp/DJ MEDIA/VIDEO/TECHNO/Janet Jackson - All For You.mp4,Janet Jackson,All For You,RVTR988638,1,HUMAN REVIEW REQUIRED,"Existing simulation selected one candidate (RVTR988638), but no safe disposition signal.",false
/Users/bobhopp/DJ MEDIA/VIDEO/1980's/Johnny Cash - Sixteen Tons.mp4,Johnny Cash,Sixteen Tons,RVTR616700,1,HUMAN REVIEW REQUIRED,"Existing simulation selected one candidate (RVTR616700), but no safe disposition signal.",false
/Users/bobhopp/DJ MEDIA/VIDEO/2000's/Phantogram - When I'm Small.mp4,Phantogram, When I'm Small,RVTR158562,1,SAFE TITLE NOISE,Existing simulation selected one canonical candidate (RVTR158562); deterministic filename/tag noise.,true
/Users/bobhopp/DJ MEDIA/VIDEO/2010's/Snoop Dogg f._T-Pain - Boom.mp4,Snoop Dogg f./T-Pain,Boom,RVTR377647,1,HUMAN REVIEW REQUIRED,"Existing simulation selected one candidate (RVTR377647), but no safe disposition signal.",false
/Users/bobhopp/DJ MEDIA/VIDEO/TECHNO/All Saints - Lady Marmalade.mp4,All Saints,Lady Marmalade,RVTR763108,1,HUMAN REVIEW REQUIRED,"Existing simulation selected one candidate (RVTR763108), but no safe disposition signal.",false
/Users/bobhopp/DJ MEDIA/VIDEO/1980's/Duran Duran - Girls On Film.mp4,Duran Duran,Girls On Film,RVTR061870,1,HUMAN REVIEW REQUIRED,"Existing simulation selected one candidate (RVTR061870), but no safe disposition signal.",false
/Users/bobhopp/DJ MEDIA/VIDEO/1980's/LL Cool J - One Shot At Love.mp4,LL Cool J,One Shot At Love,RVTR671392,1,HUMAN REVIEW REQUIRED,"Existing simulation selected one candidate (RVTR671392), but no safe disposition signal.",false
/Users/bobhopp/DJ MEDIA/VIDEO/2010's/Greta Van Fleet - You’re The One.mp4,Greta Van Fleet,You’re The One,RVTR824863,1,SAFE TITLE NOISE,Existing simulation selected one canonical candidate (RVTR824863); deterministic filename/tag noise.,true
/Users/bobhopp/DJ MEDIA/VIDEO/1970's/Rex Smith - Saturday Night.mp4,Rex Smith,Saturday Night,RVTR817516,1,HUMAN REVIEW REQUIRED,"Existing simulation selected one candidate (RVTR817516), but no safe disposition signal.",false
/Users/bobhopp/DJ MEDIA/VIDEO/TECHNO/Janet Jackson - Rock With U.mp4,Janet Jackson,Rock With U,RVTR552975,1,HUMAN REVIEW REQUIRED,"Existing simulation selected one candidate (RVTR552975), but no safe disposition signal.",false
/Users/bobhopp/DJ MEDIA/VIDEO/2000's/Baha Men - Move It Like This.MP4,Baha Men,Move It Like This,RVTR938357,1,HUMAN REVIEW REQUIRED,"Existing simulation selected one candidate (RVTR938357), but no safe disposition signal.",false
/Users/bobhopp/DJ MEDIA/VIDEO/TECHNO/Maria Taylor - A Good Start.mp4,Maria Taylor,A Good Start,RVTR079944,1,HUMAN REVIEW REQUIRED,"Existing simulation selected one candidate (RVTR079944), but no safe disposition signal.",false
/Users/bobhopp/DJ MEDIA/VIDEO/TECHNO/Public Image Limited - Rise.mp4,Public Image Limited,Rise,RVTR875331,1,HUMAN REVIEW REQUIRED,"Existing simulation selected one candidate (RVTR875331), but no safe disposition signal.",false
/Users/bobhopp/DJ MEDIA/VIDEO/TECHNO/Tv On The Radio - Golden Age.mp4,Tv On The Radio,Golden Age,RVTR268166,1,HUMAN REVIEW REQUIRED,"Existing simulation selected one candidate (RVTR268166), but no safe disposition signal.",false
"/Users/bobhopp/DJ MEDIA/VIDEO/TECHNO/Scooter - Logical Song, The.mp4",Scooter,"Logical Song, The",RVTR166979,1,SAFE TITLE NOISE,Existing simulation selected one canonical candidate (RVTR166979); deterministic filename/tag noise.,true
/Users/bobhopp/DJ MEDIA/VIDEO/1980's/Bob Marley - Sun Is Shining.mp4,Bob Marley,Sun Is Shining,RVTR663348,1,HUMAN REVIEW REQUIRED,"Existing simulation selected one candidate (RVTR663348), but no safe disposition signal.",false
/Users/bobhopp/DJ MEDIA/VIDEO/1970's/Bette Midler - Stay With Me.mp4,Bette Midler,Stay With Me,RVTR441639,1,HUMAN REVIEW REQUIRED,"Existing simulation selected one candidate (RVTR441639), but no safe disposition signal.",false
/Users/bobhopp/DJ MEDIA/VIDEO/1980's/Chris Rea - The Road To Hell.mp4,Chris Rea,The Road To Hell,RVTR074093,1,HUMAN REVIEW REQUIRED,"Existing simulation selected one candidate (RVTR074093), but no safe disposition signal.",false
/Users/bobhopp/DJ MEDIA/VIDEO/1980's/Ricky Skaggs - Country Boy.mp4,Ricky Skaggs,Country Boy,RVTR937304,1,HUMAN REVIEW REQUIRED,"Existing simulation selected one candidate (RVTR937304), but no safe disposition signal.",false
/Users/bobhopp/DJ MEDIA/VIDEO/1980's/The Road to Hell - Chris Rea.mp4,Chris Rea,The Road to Hell,RVTR074093,1,HUMAN REVIEW REQUIRED,"Existing simulation selected one candidate (RVTR074093), but no safe disposition signal.",false
/Users/bobhopp/DJ MEDIA/VIDEO/2000's/Kevin Rudolff - Let It Rock.mp4,Kevin Rudolff,Let It Rock,RVTR058571,1,HUMAN REVIEW REQUIRED,"Existing simulation selected one candidate (RVTR058571), but no safe disposition signal.",false
/Users/bobhopp/DJ MEDIA/VIDEO/1950's/The Isley Brothers - Shout.mp4,The Isley Brothers,Shout,RVTR582987,1,HUMAN REVIEW REQUIRED,"Existing simulation selected one candidate (RVTR582987), but no safe disposition signal.",false
/Users/bobhopp/DJ MEDIA/VIDEO/1960's/Pink Floyd - See Emily Play.mp4,Pink Floyd,See Emily Play,RVTR330874,1,HUMAN REVIEW REQUIRED,"Existing simulation selected one candidate (RVTR330874), but no safe disposition signal.",false
/Users/bobhopp/DJ MEDIA/VIDEO/1980's/Sukiyaki - A Taste Of Honey.mp4,Sukiyaki,A Taste Of Honey,RVTR911531,1,HUMAN REVIEW REQUIRED,"Existing simulation selected one candidate (RVTR911531), but no safe disposition signal.",false
/Users/bobhopp/DJ MEDIA/VIDEO/2000's/Angels & Airwaves - Anxiety.mp4,Angels & Airwaves,Anxiety,RVTR892582,1,HUMAN REVIEW REQUIRED,"Existing simulation selected one candidate (RVTR892582), but no safe disposition signal.",false
/Users/bobhopp/DJ MEDIA/VIDEO/1980's/Bananarama - I Heard A Rumor.mp4,Bananarama,I Heard A Rumor,RVTR469498,1,HUMAN REVIEW REQUIRED,"Existing simulation selected one candidate (RVTR469498), but no safe disposition signal.",false
/Users/bobhopp/DJ MEDIA/VIDEO/2010's/Ariana Savalas - No Diggity.mp4,Ariana Savalas,No Diggity,RVTR580768,1,HUMAN REVIEW REQUIRED,"Existing simulation selected one candidate (RVTR580768), but no safe disposition signal.",false
/Users/bobhopp/DJ MEDIA/VIDEO/1960's/The Beatles - Babys In Black.mp4,The Beatles,Babys In Black,RVTR825291,1,HUMAN REVIEW REQUIRED,"Existing simulation selected one candidate (RVTR825291), but no safe disposition signal.",false
/Users/bobhopp/DJ MEDIA/VIDEO/1970's/Flo & Eddie - Happy Together.mp4,Flo & Eddie,Happy Together,RVTR860471,1,HUMAN REVIEW REQUIRED,"Existing simulation selected one candidate (RVTR860471), but no safe disposition signal.",false
/Users/bobhopp/DJ MEDIA/VIDEO/1980's/ZZ Top - I Need You Tonight.mp4,ZZ Top,I Need You Tonight,RVTR076488,1,HUMAN REVIEW REQUIRED,"Existing simulation selected one candidate (RVTR076488), but no safe disposition signal.",false
/Users/bobhopp/DJ MEDIA/VIDEO/2010's/Tove Lo - Habits (Stay High).mp4,Tove Lo,Habits (Stay High),RVTR972059,1,SAFE TITLE NOISE,Existing simulation selected one canonical candidate (RVTR972059); deterministic filename/tag noise.,true
/Users/bobhopp/DJ MEDIA/VIDEO/1960's/The Beatles - Come Together.mp4,The Beatles,Come Together,RVTR752206,1,HUMAN REVIEW REQUIRED,"Existing simulation selected one candidate (RVTR752206), but no safe disposition signal.",false
/Users/bobhopp/DJ MEDIA/VIDEO/1970's/The Clash - I Fought the Law.mp4,The Clash,I Fought the Law,RVTR870600,1,HUMAN REVIEW REQUIRED,"Existing simulation selected one candidate (RVTR870600), but no safe disposition signal.",false
/Users/bobhopp/DJ MEDIA/VIDEO/1980's/George Clinton - Atomic Dog.mp4,George Clinton,Atomic Dog,RVTR059377,1,HUMAN REVIEW REQUIRED,"Existing simulation selected one candidate (RVTR059377), but no safe disposition signal.",false
/Users/bobhopp/DJ MEDIA/VIDEO/1980's/Set 'Em Up Joe - Vern Gosdin.mp4,Set 'Em Up Joe,Vern Gosdin,RVTR510604,1,HUMAN REVIEW REQUIRED,"Existing simulation selected one candidate (RVTR510604), but no safe disposition signal.",false
"/Users/bobhopp/DJ MEDIA/VIDEO/1990's/Ozzy - Mama, I'm Coming Home.mp4",Ozzy,"Mama, I'm Coming Home",RVTR155152,1,SAFE TITLE NOISE,Existing simulation selected one canonical candidate (RVTR155152); deterministic filename/tag noise.,true
/Users/bobhopp/DJ MEDIA/VIDEO/TECHNO/Scorpions - I Can't Explain.mp4,Scorpions,I Can't Explain,RVTR040946,1,SAFE TITLE NOISE,Existing simulation selected one canonical candidate (RVTR040946); deterministic filename/tag noise.,true
/Users/bobhopp/DJ MEDIA/VIDEO/1970's/Rainbow - Catch The Rainbow.mp4,Rainbow,Catch The Rainbow,RVTR930261,1,HUMAN REVIEW REQUIRED,"Existing simulation selected one candidate (RVTR930261), but no safe disposition signal.",false
/Users/bobhopp/DJ MEDIA/VIDEO/2010's/The Wanton Bishops - Oh Wee.mp4,The Wanton Bishops, Oh Wee,RVTR218184,1,HUMAN REVIEW REQUIRED,"Existing simulation selected one candidate (RVTR218184), but no safe disposition signal.",false
/Users/bobhopp/DJ MEDIA/VIDEO/TECHNO/Karaja - She Moves  - La La La.mp4,Karaja,She Moves  - La La La,RVTR995204,1,HUMAN REVIEW REQUIRED,"Existing simulation selected one candidate (RVTR995204), but no safe disposition signal.",false
/Users/bobhopp/DJ MEDIA/VIDEO/TECHNO/Narcotic Thrust - I Like It.mp4,Narcotic Thrust,I Like It,RVTR219455,1,HUMAN REVIEW REQUIRED,"Existing simulation selected one candidate (RVTR219455), but no safe disposition signal.",false
/Users/bobhopp/DJ MEDIA/VIDEO/1980's/Desireless - Voyage Voyage.mp4,Desireless,Voyage Voyage,RVTR558436,1,HUMAN REVIEW REQUIRED,"Existing simulation selected one candidate (RVTR558436), but no safe disposition signal.",false
/Users/bobhopp/DJ MEDIA/VIDEO/2010's/Zara Larsson - I Would Like.mp4,Zara Larsson,I Would Like,RVTR398135,1,HUMAN REVIEW REQUIRED,"Existing simulation selected one candidate (RVTR398135), but no safe disposition signal.",false
/Users/bobhopp/DJ MEDIA/VIDEO/1970's/Peter Rivera - Tobacco Road.mp4,Peter Rivera,Tobacco Road,RVTR027693,1,HUMAN REVIEW REQUIRED,"Existing simulation selected one candidate (RVTR027693), but no safe disposition signal.",false
/Users/bobhopp/DJ MEDIA/VIDEO/COUNTRY/FILL/Clay Walker - You Look Good.mp4,Clay Walker,You Look Good,RVTR090255,1,HUMAN REVIEW REQUIRED,"Existing simulation selected one candidate (RVTR090255), but no safe disposition signal.",false
/Users/bobhopp/DJ MEDIA/VIDEO/1970's/Chick A Boom - Daddy Dewdrop.mp4,Chick A Boom,Daddy Dewdrop,RVTR907515,1,HUMAN REVIEW REQUIRED,"Existing simulation selected one candidate (RVTR907515), but no safe disposition signal.",false
/Users/bobhopp/DJ MEDIA/VIDEO/1980's/The Pointer Sisters - Jump.mp4,The Pointer Sisters,Jump,RVTR528333,1,HUMAN REVIEW REQUIRED,"Existing simulation selected one candidate (RVTR528333), but no safe disposition signal.",false
/Users/bobhopp/DJ MEDIA/VIDEO/2000's/Janet Jackson - Son Of A Gun.mp4,Janet Jackson,Son Of A Gun,RVTR895869,1,HUMAN REVIEW REQUIRED,"Existing simulation selected one candidate (RVTR895869), but no safe disposition signal.",false
/Users/bobhopp/DJ MEDIA/VIDEO/2000's/The Gaslight Anthem - Drive.mp4,The Gaslight Anthem,Drive,RVTR514274,1,HUMAN REVIEW REQUIRED,"Existing simulation selected one candidate (RVTR514274), but no safe disposition signal.",false
/Users/bobhopp/DJ MEDIA/VIDEO/2010's/The Black Keys - Your Touch.mp4,The Black Keys,Your Touch,RVTR856573,1,HUMAN REVIEW REQUIRED,"Existing simulation selected one candidate (RVTR856573), but no safe disposition signal.",false
/Users/bobhopp/DJ MEDIA/VIDEO/1960's/Louis Prima - Just A Gigolo.mp4,Louis Prima,Just A Gigolo,RVTR917672,1,HUMAN REVIEW REQUIRED,"Existing simulation selected one candidate (RVTR917672), but no safe disposition signal.",false
/Users/bobhopp/DJ MEDIA/VIDEO/1990's/Coolio - Gangsta's Paradise.mp4,Coolio,Gangsta's Paradise,RVTR553883,1,SAFE TITLE NOISE,Existing simulation selected one canonical candidate (RVTR553883); deterministic filename/tag noise.,true
/Users/bobhopp/DJ MEDIA/VIDEO/2000's/Ryan Adams - Answering Bell.mp4,Ryan Adams,Answering Bell,RVTR712339,1,HUMAN REVIEW REQUIRED,"Existing simulation selected one candidate (RVTR712339), but no safe disposition signal.",false
/Users/bobhopp/DJ MEDIA/VIDEO/TECHNO/Franz Ferdinand - Walk Away.mp4,Franz Ferdinand,Walk Away,RVTR508887,1,HUMAN REVIEW REQUIRED,"Existing simulation selected one candidate (RVTR508887), but no safe disposition signal.",false
/Users/bobhopp/DJ MEDIA/VIDEO/1980's/Adam Ant - Stand And Deliver.mp4,Adam Ant,Stand And Deliver,RVTR346094,1,HUMAN REVIEW REQUIRED,"Existing simulation selected one candidate (RVTR346094), but no safe disposition signal.",false
/Users/bobhopp/DJ MEDIA/VIDEO/2000's/Sarah Bareilles - Love Song.mp4,Sarah Bareilles,Love Song,RVTR666229,1,HUMAN REVIEW REQUIRED,"Existing simulation selected one candidate (RVTR666229), but no safe disposition signal.",false
/Users/bobhopp/DJ MEDIA/VIDEO/2000's/Slightly Stoopid - Officer.mp4,Slightly Stoopid,Officer,RVTR340571,1,HUMAN REVIEW REQUIRED,"Existing simulation selected one candidate (RVTR340571), but no safe disposition signal.",false
/Users/bobhopp/DJ MEDIA/VIDEO/2000's/The Ataris - Boys Of Summer.mp4,The Ataris,Boys Of Summer,RVTR611721,1,HUMAN REVIEW REQUIRED,"Existing simulation selected one candidate (RVTR611721), but no safe disposition signal.",false
/Users/bobhopp/DJ MEDIA/VIDEO/1980's/Lee Ritenour - Mr Briefcase.mp4,Lee Ritenour,Mr Briefcase,RVTR124169,1,HUMAN REVIEW REQUIRED,"Existing simulation selected one candidate (RVTR124169), but no safe disposition signal.",false
/Users/bobhopp/DJ MEDIA/VIDEO/TECHNO/Smashing Pumpkins - Disarm.mp4,Smashing Pumpkins,Disarm,RVTR058557,1,HUMAN REVIEW REQUIRED,"Existing simulation selected one candidate (RVTR058557), but no safe disposition signal.",false
/Users/bobhopp/DJ MEDIA/VIDEO/1980's/Joan Jett - Concert Footage.mp4,Joan Jett,Concert Footage,RVTR407725,1,SAME SONG — ALTERNATE MEDIA,Existing simulation selected one canonical candidate (RVTR407725); alternate-media wording.,true
/Users/bobhopp/DJ MEDIA/VIDEO/2010's/T.I. feat. Lil Wayne - Wit Me.mp4,T.I. Ft. Lil Wayne,Wit Me,RVTR985626,1,HUMAN REVIEW REQUIRED,"Existing simulation selected one candidate (RVTR985626), but no safe disposition signal.",false
/Users/bobhopp/DJ MEDIA/VIDEO/1980's/The Police - Synchronicity.mp4,The Police,Synchronicity,RVTR920407,1,HUMAN REVIEW REQUIRED,"Existing simulation selected one candidate (RVTR920407), but no safe disposition signal.",false
/Users/bobhopp/DJ MEDIA/VIDEO/1970's/Ramones - I Wanna Be Sedated.mp4,Ramones,I Wanna Be Sedated,RVTR995442,1,HUMAN REVIEW REQUIRED,"Existing simulation selected one candidate (RVTR995442), but no safe disposition signal.",false
/Users/bobhopp/DJ MEDIA/VIDEO/1960's/Small Faces - The Universal.mp4,Small Faces,The Universal,RVTR100282,1,HUMAN REVIEW REQUIRED,"Existing simulation selected one candidate (RVTR100282), but no safe disposition signal.",false
/Users/bobhopp/DJ MEDIA/VIDEO/1980's/Eric B. & Rakim - Paid In Full.mp4,Eric B. & Rakim,Paid In Full,RVTR307231,1,HUMAN REVIEW REQUIRED,"Existing simulation selected one candidate (RVTR307231), but no safe disposition signal.",false
/Users/bobhopp/DJ MEDIA/VIDEO/1980's/Oingo Boingo - Private Life.mp4,Oingo Boingo,Private Life,RVTR635717,1,HUMAN REVIEW REQUIRED,"Existing simulation selected one candidate (RVTR635717), but no safe disposition signal.",false
/Volumes/DJ  MAIN/DJ MEDIA/VIDEO/1970's/21-Don Henley “Please Come Home for Christmas” Live on the Stern Show (2015).mp4,Don Henley, Please Come Home for Christmas,RVTR301842,1,HUMAN REVIEW REQUIRED,"Existing simulation selected one candidate (RVTR301842), but no safe disposition signal.",false
/Users/bobhopp/DJ MEDIA/VIDEO/1960's/The Beatles - I Wanna Hold Your Hand.mp4,The Beatles,I Wanna Hold Your Hand,RVTR559565,1,HUMAN REVIEW REQUIRED,"Existing simulation selected one candidate (RVTR559565), but no safe disposition signal.",false
/Users/bobhopp/DJ MEDIA/VIDEO/1970's/Sha Na Na - Born To Hand Jive.mp4,Sha Na Na,Born To Hand Jive,RVTR627172,1,HUMAN REVIEW REQUIRED,"Existing simulation selected one candidate (RVTR627172), but no safe disposition signal.",false
/Users/bobhopp/DJ MEDIA/VIDEO/1970's/Soul Makossa - Manu Dibango.mp4,Soul Makossa,Manu Dibango,RVTR694491,1,HUMAN REVIEW REQUIRED,"Existing simulation selected one candidate (RVTR694491), but no safe disposition signal.",false
/Users/bobhopp/DJ MEDIA/VIDEO/1980's/Bryan Ferry - Slave To Love.mp4,Bryan Ferry,Slave To Love,RVTR843811,1,HUMAN REVIEW REQUIRED,"Existing simulation selected one candidate (RVTR843811), but no safe disposition signal.",false
/Users/bobhopp/DJ MEDIA/VIDEO/1980's/The Time - Ice Cream Castles.mp4,The Time,Ice Cream Castles,RVTR536180,1,HUMAN REVIEW REQUIRED,"Existing simulation selected one candidate (RVTR536180), but no safe disposition signal.",false
/Users/bobhopp/DJ MEDIA/VIDEO/2020's/Ashland Craft - I Smoke Weed.mp4,Ashland Craft,I Smoke Weed,RVTR843523,1,HUMAN REVIEW REQUIRED,"Existing simulation selected one candidate (RVTR843523), but no safe disposition signal.",false
/Users/bobhopp/DJ MEDIA/VIDEO/2010's/Lindsey Stirling - Artemis.mp4,Lindsey Stirling,Artemis,RVTR119895,1,HUMAN REVIEW REQUIRED,"Existing simulation selected one candidate (RVTR119895), but no safe disposition signal.",false
"/Users/bobhopp/DJ MEDIA/VIDEO/1950's/Don Gibson - Oh, Lonesome Me.mp4",Don Gibson,"Oh, Lonesome Me",RVTR807774,1,SAFE TITLE NOISE,Existing simulation selected one canonical candidate (RVTR807774); deterministic filename/tag noise.,true
/Users/bobhopp/DJ MEDIA/VIDEO/1960's/Joe Cocker - Feelin' Alright.mp4,Joe Cocker,Feelin' Alright,RVTR514818,1,SAFE TITLE NOISE,Existing simulation selected one canonical candidate (RVTR514818); deterministic filename/tag noise.,true
/Users/bobhopp/DJ MEDIA/VIDEO/2000's/Prince - Crimson and Clover.mp4,Prince,Crimson and Clover,RVTR562050,1,HUMAN REVIEW REQUIRED,"Existing simulation selected one candidate (RVTR562050), but no safe disposition signal.",false
/Users/bobhopp/DJ MEDIA/VIDEO/1980's/Genesis - Anything She Does.mp4,Genesis,Anything She Does,RVTR854940,1,HUMAN REVIEW REQUIRED,"Existing simulation selected one candidate (RVTR854940), but no safe disposition signal.",false
/Users/bobhopp/DJ MEDIA/VIDEO/1980's/Pat Benatar - Precious Time.mp4,Pat Benatar,Precious Time,RVTR337089,1,HUMAN REVIEW REQUIRED,"Existing simulation selected one candidate (RVTR337089), but no safe disposition signal.",false
/Users/bobhopp/DJ MEDIA/VIDEO/2010's/Pop Evil - Monster You Made.mp4,Pop Evil,Monster You Made,RVTR539799,1,HUMAN REVIEW REQUIRED,"Existing simulation selected one candidate (RVTR539799), but no safe disposition signal.",false
/Users/bobhopp/DJ MEDIA/VIDEO/2010's/Tyler Childers - All Your'n.mp4,Tyler Childers,All Your'n,RVTR790059,1,SAFE TITLE NOISE,Existing simulation selected one canonical candidate (RVTR790059); deterministic filename/tag noise.,true
/Users/bobhopp/DJ MEDIA/VIDEO/2020's/VINAI x Le Pedre - I Was Made.mp4,VINAI x Le Pedre,I Was Made,RVTR466311,1,HUMAN REVIEW REQUIRED,"Existing simulation selected one candidate (RVTR466311), but no safe disposition signal.",false
/Users/bobhopp/DJ MEDIA/VIDEO/1960's/Tainted Love - Gloria Jones.mp4,Tainted Love,Gloria Jones,RVTR780359,1,HUMAN REVIEW REQUIRED,"Existing simulation selected one candidate (RVTR780359), but no safe disposition signal.",false
/Users/bobhopp/DJ MEDIA/VIDEO/TECHNO/Dropping Daylight - Tell Me.mp4,Dropping Daylight,Tell Me,RVTR829180,1,HUMAN REVIEW REQUIRED,"Existing simulation selected one candidate (RVTR829180), but no safe disposition signal.",false
/Users/bobhopp/DJ MEDIA/VIDEO/2020's/Gorillaz - Momentary Bliss.mp4,Gorillaz,Momentary Bliss,RVTR417176,1,HUMAN REVIEW REQUIRED,"Existing simulation selected one candidate (RVTR417176), but no safe disposition signal.",false
/Users/bobhopp/DJ MEDIA/VIDEO/1970's/The Doors - L.A. Woman 1971 HQ.mp4,The Doors,L.A. Woman 1971 HQ,RVTR710386,1,SAFE TITLE NOISE,Existing simulation selected one canonical candidate (RVTR710386); deterministic filename/tag noise.,true
/Users/bobhopp/DJ MEDIA/VIDEO/2010's/Pink - Just Give Me A Reason.mp4,Pink,Just Give Me A Reason,RVTR058877,1,HUMAN REVIEW REQUIRED,"Existing simulation selected one candidate (RVTR058877), but no safe disposition signal.",false
/Users/bobhopp/DJ MEDIA/VIDEO/1980's/00.44.35.000-Run DMC - King Of Rock (Philadelphia).mp4,Run DMC,King Of Rock,RVTR546089,1,HUMAN REVIEW REQUIRED,"Existing simulation selected one candidate (RVTR546089), but no safe disposition signal.",false
/Users/bobhopp/DJ MEDIA/VIDEO/1960's/John Lennon - Come Together.mp4,John Lennon,Come Together,RVTR491737,1,HUMAN REVIEW REQUIRED,"Existing simulation selected one candidate (RVTR491737), but no safe disposition signal.",false
/Users/bobhopp/DJ MEDIA/VIDEO/1960's/The Beatles - Martha My Dear.mp4,The Beatles,Martha My Dear,RVTR109168,1,HUMAN REVIEW REQUIRED,"Existing simulation selected one candidate (RVTR109168), but no safe disposition signal.",false
/Users/bobhopp/DJ MEDIA/VIDEO/1990's/Notorious B.I.G. - Big Poppa.mp4,Notorious B.I.G.,Big Poppa,RVTR586796,1,HUMAN REVIEW REQUIRED,"Existing simulation selected one candidate (RVTR586796), but no safe disposition signal.",false
/Users/bobhopp/DJ MEDIA/VIDEO/TECHNO/Michael Buble - Feeling Good.mp4,Michael Buble,Feeling Good,RVTR809497,1,HUMAN REVIEW REQUIRED,"Existing simulation selected one candidate (RVTR809497), but no safe disposition signal.",false
/Users/bobhopp/DJ MEDIA/VIDEO/1970's/The Carpenters - Superstar.mp4,The Carpenters,Superstar,RVTR827006,1,HUMAN REVIEW REQUIRED,"Existing simulation selected one candidate (RVTR827006), but no safe disposition signal.",false
/Users/bobhopp/DJ MEDIA/VIDEO/1990's/Monster Magnet - Space Lord.mp4,Monster Magnet,Space Lord,RVTR090280,1,HUMAN REVIEW REQUIRED,"Existing simulation selected one candidate (RVTR090280), but no safe disposition signal.",false
/Users/bobhopp/DJ MEDIA/VIDEO/1960's/The Continentals - Unknown.mp4,The Continentals,Unknown,RVTR375179,1,HUMAN REVIEW REQUIRED,"Existing simulation selected one candidate (RVTR375179), but no safe disposition signal.",false
/Users/bobhopp/DJ MEDIA/VIDEO/1970's/Bad Company - Shooting Star.mp4,Bad Company,Shooting Star,RVTR022621,1,HUMAN REVIEW REQUIRED,"Existing simulation selected one candidate (RVTR022621), but no safe disposition signal.",false
/Users/bobhopp/DJ MEDIA/VIDEO/2000's/Outkast - Dracula's Wedding.mp4,Outkast,Dracula's Wedding,RVTR247040,1,SAFE TITLE NOISE,Existing simulation selected one canonical candidate (RVTR247040); deterministic filename/tag noise.,true
/Users/bobhopp/DJ MEDIA/VIDEO/TECHNO/Panic! At The Disco - Lying Is The Most Fun A Girl Can Have Without Taking Off Her Clothes.mp4,Panic! At The Disco,Lying Is The Most Fun A Girl Can Have Without Taking Off Her Clothes,RVTR037476,1,HUMAN REVIEW REQUIRED,"Existing simulation selected one candidate (RVTR037476), but no safe disposition signal.",false
/Users/bobhopp/DJ MEDIA/VIDEO/1960's/Manfred Mann - Mighty Quinn.mp4,Manfred Mann,Mighty Quinn,RVTR291292,1,HUMAN REVIEW REQUIRED,"Existing simulation selected one candidate (RVTR291292), but no safe disposition signal.",false
/Users/bobhopp/DJ MEDIA/VIDEO/1970's/Elton John - Pinball Wizard.mp4,Elton John,Pinball Wizard,RVTR317492,1,HUMAN REVIEW REQUIRED,"Existing simulation selected one candidate (RVTR317492), but no safe disposition signal.",false
/Users/bobhopp/DJ MEDIA/VIDEO/1980's/World Party - Ship of Fools.mp4,World Party,Ship of Fools,RVTR689951,1,HUMAN REVIEW REQUIRED,"Existing simulation selected one candidate (RVTR689951), but no safe disposition signal.",false
/Users/bobhopp/DJ MEDIA/VIDEO/2020's/Tommy Newport - Holy Water.mp4,Tommy Newport,Holy Water,RVTR157047,1,HUMAN REVIEW REQUIRED,"Existing simulation selected one candidate (RVTR157047), but no safe disposition signal.",false
/Users/bobhopp/DJ MEDIA/VIDEO/2010's/Willow Smith - Whip My Hair.mp4,Willow Smith,Whip My Hair,RVTR079192,1,HUMAN REVIEW REQUIRED,"Existing simulation selected one candidate (RVTR079192), but no safe disposition signal.",false
/Users/bobhopp/DJ MEDIA/VIDEO/1970's/John Lennon - Instant Karma.mp4,John Lennon,Instant Karma,RVTR524418,1,HUMAN REVIEW REQUIRED,"Existing simulation selected one candidate (RVTR524418), but no safe disposition signal.",false
/Users/bobhopp/DJ MEDIA/VIDEO/1980's/Peter Schilling - Major Tom.mp4,Peter Schilling,Major Tom,RVTR085445,1,HUMAN REVIEW REQUIRED,"Existing simulation selected one candidate (RVTR085445), but no safe disposition signal.",false
/Users/bobhopp/DJ MEDIA/VIDEO/1960's/The Beatles - Come Together .mp4,The Beatles,Come Together,RVTR752206,1,HUMAN REVIEW REQUIRED,"Existing simulation selected one candidate (RVTR752206), but no safe disposition signal.",false
/Volumes/DJ  MAIN/DJ MEDIA/VIDEO/1990's/58-Trisha Yearwood - She's In Love With The Boy (Official Music Video).mp4,Trisha Yearwood,She's In Love With The Boy,RVTR428109,1,SAFE TITLE NOISE,Existing simulation selected one canonical candidate (RVTR428109); deterministic filename/tag noise.,true
/Users/bobhopp/DJ MEDIA/VIDEO/1990's/Rob Zombie - Thunder Kiss 65.mp4,Rob Zombie,Thunder Kiss 65,RVTR084475,1,HUMAN REVIEW REQUIRED,"Existing simulation selected one candidate (RVTR084475), but no safe disposition signal.",false
/Users/bobhopp/DJ MEDIA/VIDEO/1990's/The Beloved - Sweet Harmony.mp4,The Beloved,Sweet Harmony,RVTR831639,1,HUMAN REVIEW REQUIRED,"Existing simulation selected one candidate (RVTR831639), but no safe disposition signal.",false
/Users/bobhopp/DJ MEDIA/VIDEO/2010's/Pink - Blow Me One Last Kiss.mp4,Pink,Blow Me One Last Kiss,RVTR778674,1,HUMAN REVIEW REQUIRED,"Existing simulation selected one candidate (RVTR778674), but no safe disposition signal.",false
/Users/bobhopp/DJ MEDIA/VIDEO/TECHNO/Goldfinger - 99 Red Balloons.mp4,Goldfinger,99 Red Balloons,RVTR811685,1,HUMAN REVIEW REQUIRED,"Existing simulation selected one candidate (RVTR811685), but no safe disposition signal.",false
/Users/bobhopp/DJ MEDIA/VIDEO/1980's/Roxy Music - More Than This.mp4,Roxy Music,More Than This,RVTR660334,1,HUMAN REVIEW REQUIRED,"Existing simulation selected one candidate (RVTR660334), but no safe disposition signal.",false
/Users/bobhopp/DJ MEDIA/VIDEO/1990's/Boyz II Men - End Of The Road.mp4,Boyz II Men,End Of The Road,RVTR898595,1,HUMAN REVIEW REQUIRED,"Existing simulation selected one candidate (RVTR898595), but no safe disposition signal.",false
/Users/bobhopp/DJ MEDIA/VIDEO/2000's/Sugababes - Push The Button.mp4,Sugababes,Push The Button,RVTR297053,1,HUMAN REVIEW REQUIRED,"Existing simulation selected one candidate (RVTR297053), but no safe disposition signal.",false
/Users/bobhopp/DJ MEDIA/VIDEO/TECHNO/Culture Beat - Got To Get It.mp4,Culture Beat,Got To Get It,RVTR386767,1,HUMAN REVIEW REQUIRED,"Existing simulation selected one candidate (RVTR386767), but no safe disposition signal.",false
/Users/bobhopp/DJ MEDIA/VIDEO/1950's/Carl Perkins - Glad All Over.mp4,Carl Perkins,Glad All Over,RVTR531352,1,HUMAN REVIEW REQUIRED,"Existing simulation selected one candidate (RVTR531352), but no safe disposition signal.",false
/Users/bobhopp/DJ MEDIA/VIDEO/1960's/Jefferson Airplane - Martha.mp4,Jefferson Airplane,Martha,RVTR201576,1,HUMAN REVIEW REQUIRED,"Existing simulation selected one candidate (RVTR201576), but no safe disposition signal.",false
/Users/bobhopp/DJ MEDIA/VIDEO/2010's/Chris Stapleton - Fire Away.mp4,Chris Stapleton,Fire Away,RVTR677838,1,HUMAN REVIEW REQUIRED,"Existing simulation selected one candidate (RVTR677838), but no safe disposition signal.",false
/Users/bobhopp/DJ MEDIA/VIDEO/2020's/Almost Monday - Cool Enough.mp4,Almost Monday,Cool Enough,RVTR067836,1,HUMAN REVIEW REQUIRED,"Existing simulation selected one candidate (RVTR067836), but no safe disposition signal.",false
/Users/bobhopp/DJ MEDIA/VIDEO/2010's/Arcade Fire - Ready To Start.mp4,Arcade Fire,Ready To Start,RVTR024768,1,HUMAN REVIEW REQUIRED,"Existing simulation selected one candidate (RVTR024768), but no safe disposition signal.",false
/Users/bobhopp/DJ MEDIA/VIDEO/TECHNO/Deftones - Hole In The Earth.mp4,Deftones,Hole In The Earth,RVTR993775,1,HUMAN REVIEW REQUIRED,"Existing simulation selected one candidate (RVTR993775), but no safe disposition signal.",false
/Users/bobhopp/DJ MEDIA/VIDEO/1980's/Limahl - Never Ending Story.mp4,Limahl,Never Ending Story,RVTR998655,1,HUMAN REVIEW REQUIRED,"Existing simulation selected one candidate (RVTR998655), but no safe disposition signal.",false
/Users/bobhopp/DJ MEDIA/VIDEO/1990's/Veruca Salt - Volcano Girls.mp4,Veruca Salt,Volcano Girls,RVTR819481,1,HUMAN REVIEW REQUIRED,"Existing simulation selected one candidate (RVTR819481), but no safe disposition signal.",false
/Users/bobhopp/DJ MEDIA/VIDEO/2000's/Michael Jackson - This Is It.mp4,Michael Jackson,This Is It,RVTR621381,1,HUMAN REVIEW REQUIRED,"Existing simulation selected one candidate (RVTR621381), but no safe disposition signal.",false
/Users/bobhopp/DJ MEDIA/VIDEO/2010's/Drake f._Lil Wayne - Miss Me.mp4,Drake f./Lil Wayne,Miss Me,RVTR554621,1,HUMAN REVIEW REQUIRED,"Existing simulation selected one candidate (RVTR554621), but no safe disposition signal.",false
/Users/bobhopp/DJ MEDIA/VIDEO/2010's/Janet Jackson - Made For Now.mp4,Janet Jackson,Made For Now,RVTR833722,1,HUMAN REVIEW REQUIRED,"Existing simulation selected one candidate (RVTR833722), but no safe disposition signal.",false
/Users/bobhopp/DJ MEDIA/VIDEO/1950's/Percy Faith - A Summer Place.mp4,Percy Faith,A Summer Place,RVTR338256,1,HUMAN REVIEW REQUIRED,"Existing simulation selected one candidate (RVTR338256), but no safe disposition signal.",false
/Users/bobhopp/DJ MEDIA/VIDEO/1990's/Erasure - Take A Chance On Me.mp4,Erasure,Take A Chance On Me,RVTR268386,1,HUMAN REVIEW REQUIRED,"Existing simulation selected one candidate (RVTR268386), but no safe disposition signal.",false
/Users/bobhopp/DJ MEDIA/VIDEO/2010's/Hannah Ellis - Wine Country.mp4,Hannah Ellis,Wine Country,RVTR779051,1,HUMAN REVIEW REQUIRED,"Existing simulation selected one candidate (RVTR779051), but no safe disposition signal.",false
/Users/bobhopp/DJ MEDIA/VIDEO/COUNTRY/FILL/Clay Walker - Rock The Radio.mp4,Clay Walker,Rock The Radio,RVTR961740,1,HUMAN REVIEW REQUIRED,"Existing simulation selected one candidate (RVTR961740), but no safe disposition signal.",false
/Users/bobhopp/DJ MEDIA/VIDEO/1980's/Berlin - Take My Breath Away.mp4,Berlin,Take My Breath Away,RVTR986780,1,HUMAN REVIEW REQUIRED,"Existing simulation selected one candidate (RVTR986780), but no safe disposition signal.",false
/Users/bobhopp/DJ MEDIA/VIDEO/TECHNO/Blackstreet - Don't Leave Me.mp4,Blackstreet,Don't Leave Me,RVTR848003,1,SAFE TITLE NOISE,Existing simulation selected one canonical candidate (RVTR848003); deterministic filename/tag noise.,true
/Users/bobhopp/DJ MEDIA/VIDEO/1970's/Bad Company - Ready for Love.mp4,Bad Company,Ready for Love,RVTR332686,1,HUMAN REVIEW REQUIRED,"Existing simulation selected one candidate (RVTR332686), but no safe disposition signal.",false
"/Users/bobhopp/DJ MEDIA/VIDEO/2020's/Tate McRae, Khalid - Working.mp4","Tate McRae, Khalid",Working,RVTR453323,1,HUMAN REVIEW REQUIRED,"Existing simulation selected one candidate (RVTR453323), but no safe disposition signal.",false
/Users/bobhopp/DJ MEDIA/VIDEO/TECHNO/Fountains Of Wayne - Saliva.mp4,Fountains Of Wayne,Saliva,RVTR445922,1,HUMAN REVIEW REQUIRED,"Existing simulation selected one candidate (RVTR445922), but no safe disposition signal.",false
/Users/bobhopp/DJ MEDIA/VIDEO/2010's/Larkin Poe - Preachin' Blues.mp4,Larkin Poe,Preachin' Blues,RVTR730507,1,SAFE TITLE NOISE,Existing simulation selected one canonical candidate (RVTR730507); deterministic filename/tag noise.,true
/Users/bobhopp/DJ MEDIA/VIDEO/TECHNO/Gwen Stefani - Early Winter.mp4,Gwen Stefani,Early Winter,RVTR913747,1,HUMAN REVIEW REQUIRED,"Existing simulation selected one candidate (RVTR913747), but no safe disposition signal.",false
/Users/bobhopp/DJ MEDIA/VIDEO/TECHNO/Rise Against - Ready To Fall.mp4,Rise Against,Ready To Fall,RVTR882636,1,HUMAN REVIEW REQUIRED,"Existing simulation selected one candidate (RVTR882636), but no safe disposition signal.",false
/Users/bobhopp/DJ MEDIA/VIDEO/1970's/Ricky Nelson - Garden Party.mp4,Ricky Nelson,Garden Party,RVTR904344,1,HUMAN REVIEW REQUIRED,"Existing simulation selected one candidate (RVTR904344), but no safe disposition signal.",false
/Users/bobhopp/DJ MEDIA/VIDEO/1980's/Cowboy Junkies - Sweet Jane.mp4,Cowboy Junkies,Sweet Jane,RVTR895924,1,HUMAN REVIEW REQUIRED,"Existing simulation selected one candidate (RVTR895924), but no safe disposition signal.",false
/Users/bobhopp/DJ MEDIA/VIDEO/1990's/SNAP! - Mary Had A Little Boy.mp4,SNAP!,Mary Had A Little Boy,RVTR635298,1,HUMAN REVIEW REQUIRED,"Existing simulation selected one candidate (RVTR635298), but no safe disposition signal.",false
/Users/bobhopp/DJ MEDIA/VIDEO/1970's/Elton John - Sixty Years On.mp4,Elton John,Sixty Years On,RVTR511621,1,HUMAN REVIEW REQUIRED,"Existing simulation selected one candidate (RVTR511621), but no safe disposition signal.",false
/Users/bobhopp/DJ MEDIA/VIDEO/1970's/We're So Close - Carly Simon.mp4,We're So Close,Carly Simon,RVTR678082,1,HUMAN REVIEW REQUIRED,"Existing simulation selected one candidate (RVTR678082), but no safe disposition signal.",false
/Users/bobhopp/DJ MEDIA/VIDEO/2020's/John Summit & Hayla - Shiver.mp4,John Summit & Hayla,Shiver,RVTR187996,1,HUMAN REVIEW REQUIRED,"Existing simulation selected one candidate (RVTR187996), but no safe disposition signal.",false
/Users/bobhopp/DJ MEDIA/VIDEO/COUNTRY/FILL/Dallas Smith - Tippin Point.mp4,Dallas Smith,Tippin Point,RVTR120281,1,HUMAN REVIEW REQUIRED,"Existing simulation selected one candidate (RVTR120281), but no safe disposition signal.",false
/Users/bobhopp/DJ MEDIA/VIDEO/2000's/Patrick Sweany - Them Shoes.mp4,Patrick Sweany,Them Shoes,RVTR347108,1,HUMAN REVIEW REQUIRED,"Existing simulation selected one candidate (RVTR347108), but no safe disposition signal.",false
/Users/bobhopp/DJ MEDIA/VIDEO/TECHNO/Fastway - Say What You Will.mp4,Fastway,Say What You Will,RVTR735791,1,HUMAN REVIEW REQUIRED,"Existing simulation selected one candidate (RVTR735791), but no safe disposition signal.",false
/Users/bobhopp/DJ MEDIA/VIDEO/1960's/Dominique - Debbie Reynolds.mp4,Dominique,Debbie Reynolds,RVTR820630,1,HUMAN REVIEW REQUIRED,"Existing simulation selected one candidate (RVTR820630), but no safe disposition signal.",false
/Users/bobhopp/DJ MEDIA/VIDEO/1980's/Dokken - Breaking The Chains.mp4,Dokken,Breaking The Chains,RVTR151127,1,HUMAN REVIEW REQUIRED,"Existing simulation selected one candidate (RVTR151127), but no safe disposition signal.",false
/Users/bobhopp/DJ MEDIA/VIDEO/1990's/Notorious B.I.G. - Get Money.mp4,Notorious B.I.G.,Get Money,RVTR118136,1,HUMAN REVIEW REQUIRED,"Existing simulation selected one candidate (RVTR118136), but no safe disposition signal.",false
/Users/bobhopp/DJ MEDIA/VIDEO/2010's/Avenged Sevenfold - Dear God.mp4,Avenged Sevenfold,Dear God,RVTR145042,1,HUMAN REVIEW REQUIRED,"Existing simulation selected one candidate (RVTR145042), but no safe disposition signal.",false
/Users/bobhopp/DJ MEDIA/VIDEO/1990's/Common - I Used to Love H.E.R.mp4,Common,I Used to Love H.E.R,RVTR610320,1,SAFE TITLE NOISE,Existing simulation selected one canonical candidate (RVTR610320); deterministic filename/tag noise.,true
/Users/bobhopp/DJ MEDIA/VIDEO/TECHNO/Carma - Unforgivable Sinner.mp4,Carma,Unforgivable Sinner,RVTR712251,1,HUMAN REVIEW REQUIRED,"Existing simulation selected one candidate (RVTR712251), but no safe disposition signal.",false
/Users/bobhopp/DJ MEDIA/VIDEO/1970's/Lynyrd Skynyrd - I Need You.mp4,Lynyrd Skynyrd,I Need You,RVTR113080,1,HUMAN REVIEW REQUIRED,"Existing simulation selected one candidate (RVTR113080), but no safe disposition signal.",false
/Users/bobhopp/DJ MEDIA/VIDEO/2010's/Jake Owen - On The Boat Again.mp4,Jake Owen,On The Boat Again,RVTR699973,1,HUMAN REVIEW REQUIRED,"Existing simulation selected one candidate (RVTR699973), but no safe disposition signal.",false
/Users/bobhopp/DJ MEDIA/VIDEO/1990's/Stone Temple Pilots - Creep.mp4,Stone Temple Pilots,Creep,RVTR186179,1,HUMAN REVIEW REQUIRED,"Existing simulation selected one candidate (RVTR186179), but no safe disposition signal.",false
/Users/bobhopp/DJ MEDIA/VIDEO/2010's/Nicki Minaj f._Rihanna - Fly.mp4,Nicki Minaj f./Rihanna,Fly,RVTR340845,1,HUMAN REVIEW REQUIRED,"Existing simulation selected one candidate (RVTR340845), but no safe disposition signal.",false
/Users/bobhopp/DJ MEDIA/VIDEO/2000's/Ashley Tisdale - Crank It Up.mp4,Ashley Tisdale,Crank It Up,RVTR649534,1,HUMAN REVIEW REQUIRED,"Existing simulation selected one candidate (RVTR649534), but no safe disposition signal.",false
/Users/bobhopp/DJ MEDIA/VIDEO/1980's/The Highwaymen - Highwayman.mp4,The Highwaymen,Highwayman,RVTR527331,1,HUMAN REVIEW REQUIRED,"Existing simulation selected one candidate (RVTR527331), but no safe disposition signal.",false
/Users/bobhopp/DJ MEDIA/VIDEO/2000's/Benny Benassi - Hit My Heart.mp4,Benny Benassi,Hit My Heart,RVTR529423,1,HUMAN REVIEW REQUIRED,"Existing simulation selected one candidate (RVTR529423), but no safe disposition signal.",false
/Users/bobhopp/DJ MEDIA/VIDEO/1960's/Susan Maughan - Bobby's Girl.mp4,Susan Maughan,Bobby's Girl,RVTR815994,1,SAFE TITLE NOISE,Existing simulation selected one canonical candidate (RVTR815994); deterministic filename/tag noise.,true
/Users/bobhopp/DJ MEDIA/VIDEO/1980's/Joe Walsh - Life Of illusion.mp4,Joe Walsh,Life Of illusion,RVTR877835,1,HUMAN REVIEW REQUIRED,"Existing simulation selected one candidate (RVTR877835), but no safe disposition signal.",false
/Users/bobhopp/DJ MEDIA/VIDEO/2000's/Counting Crows - Round Here.mp4,Counting Crows,Round Here,RVTR167216,1,HUMAN REVIEW REQUIRED,"Existing simulation selected one candidate (RVTR167216), but no safe disposition signal.",false
/Users/bobhopp/DJ MEDIA/VIDEO/COUNTRY/FILL/Kasey Chambers - The Captain.mp4,Kasey Chambers,The Captain,RVTR944582,1,HUMAN REVIEW REQUIRED,"Existing simulation selected one candidate (RVTR944582), but no safe disposition signal.",false
/Users/bobhopp/DJ MEDIA/VIDEO/1970's/Edgar Winter - Frankenstein.mp4,Edgar Winter,Frankenstein,RVTR807298,1,HUMAN REVIEW REQUIRED,"Existing simulation selected one candidate (RVTR807298), but no safe disposition signal.",false
/Users/bobhopp/DJ MEDIA/VIDEO/1980's/Fiona - Where The Cowboys Go.mp4,Fiona,Where The Cowboys Go,RVTR984794,1,HUMAN REVIEW REQUIRED,"Existing simulation selected one candidate (RVTR984794), but no safe disposition signal.",false
"/Users/bobhopp/DJ MEDIA/VIDEO/2020's/Sigala, Rita Ora - You For Me.mp4","Sigala, Rita Ora",You For Me,RVTR379581,1,HUMAN REVIEW REQUIRED,"Existing simulation selected one candidate (RVTR379581), but no safe disposition signal.",false
/Users/bobhopp/DJ MEDIA/VIDEO/2020's/Justin Wellington - Iko Iko.mp4,Justin Wellington,Iko Iko,RVTR780386,1,HUMAN REVIEW REQUIRED,"Existing simulation selected one candidate (RVTR780386), but no safe disposition signal.",false
/Users/bobhopp/DJ MEDIA/VIDEO/TECHNO/Nelly Furtado - On The Radio.mp4,Nelly Furtado,On The Radio,RVTR678568,1,HUMAN REVIEW REQUIRED,"Existing simulation selected one candidate (RVTR678568), but no safe disposition signal.",false
/Users/bobhopp/DJ MEDIA/VIDEO/1970's/Eric Clapton - Cocaine (Live).mp4,Eric Clapton,Cocaine (Live),RVTR266048,1,SAFE TITLE NOISE,Existing simulation selected one canonical candidate (RVTR266048); deterministic filename/tag noise.,true
/Users/bobhopp/DJ MEDIA/VIDEO/1990's/Alice In Chains - I Stay Away.mp4,Alice In Chains,I Stay Away,RVTR801072,1,HUMAN REVIEW REQUIRED,"Existing simulation selected one candidate (RVTR801072), but no safe disposition signal.",false
/Users/bobhopp/DJ MEDIA/VIDEO/2000's/Bubba Sparxx - Ms. New Booty.mp4,Bubba Sparxx,Ms. New Booty,RVTR304154,1,SAFE TITLE NOISE,Existing simulation selected one canonical candidate (RVTR304154); deterministic filename/tag noise.,true
/Users/bobhopp/DJ MEDIA/VIDEO/2020's/John Mayer - Last Train Home.mp4,John Mayer,Last Train Home,RVTR646834,1,HUMAN REVIEW REQUIRED,"Existing simulation selected one candidate (RVTR646834), but no safe disposition signal.",false
/Users/bobhopp/DJ MEDIA/VIDEO/1970's/Paul McCartney - Maybe I’m Amazed.mp4,Paul McCartney,Maybe I’m Amazed,RVTR649753,1,SAFE TITLE NOISE,Existing simulation selected one canonical candidate (RVTR649753); deterministic filename/tag noise.,true
/Users/bobhopp/DJ MEDIA/VIDEO/1970's/Roxy Music - Out Of The Blue.mp4,Roxy Music,Out Of The Blue,RVTR113929,1,HUMAN REVIEW REQUIRED,"Existing simulation selected one candidate (RVTR113929), but no safe disposition signal.",false
/Users/bobhopp/DJ MEDIA/VIDEO/1980's/Squeeze - Black Coffee In Bed.mp4,Squeeze,Black Coffee In Bed,RVTR870998,1,HUMAN REVIEW REQUIRED,"Existing simulation selected one candidate (RVTR870998), but no safe disposition signal.",false
/Users/bobhopp/DJ MEDIA/VIDEO/2000's/Shaggy - Strength Of A Woman.mp4,Shaggy,Strength Of A Woman,RVTR539376,1,HUMAN REVIEW REQUIRED,"Existing simulation selected one candidate (RVTR539376), but no safe disposition signal.",false
/Users/bobhopp/DJ MEDIA/VIDEO/2020's/Jason Derulo - Jiggle Jiggle.mp4,Jason Derulo,Jiggle Jiggle,RVTR055034,1,HUMAN REVIEW REQUIRED,"Existing simulation selected one candidate (RVTR055034), but no safe disposition signal.",false
/Users/bobhopp/DJ MEDIA/VIDEO/1980's/The Motels - Whose Problem_.mp4,The Motels,Whose Problem?,RVTR030079,1,SAFE TITLE NOISE,Existing simulation selected one canonical candidate (RVTR030079); deterministic filename/tag noise.,true
/Users/bobhopp/DJ MEDIA/VIDEO/1960's/The Beatles - Some Other Guy.mp4,The Beatles,Some Other Guy,RVTR620723,1,HUMAN REVIEW REQUIRED,"Existing simulation selected one candidate (RVTR620723), but no safe disposition signal.",false
/Volumes/DJ  MAIN/DJ MEDIA/VIDEO/2010's/2-Sneakout - Play It.mp4,Sneakout,Play It,RVTR818704,1,HUMAN REVIEW REQUIRED,"Existing simulation selected one candidate (RVTR818704), but no safe disposition signal.",false
/Users/bobhopp/DJ MEDIA/VIDEO/1980's/Stephen Carey - On The Water.mp4,Stephen Carey,On The Water,RVTR753628,1,HUMAN REVIEW REQUIRED,"Existing simulation selected one candidate (RVTR753628), but no safe disposition signal.",false
/Users/bobhopp/DJ MEDIA/VIDEO/2010's/Jessie J f._B.o.B. - Price Tag.mp4,Jessie J f./B.o.B.,Price Tag,RVTR776093,1,HUMAN REVIEW REQUIRED,"Existing simulation selected one candidate (RVTR776093), but no safe disposition signal.",false
/Users/bobhopp/DJ MEDIA/VIDEO/1990's/Bon Jovi - Never Say Goodbye.mp4,Bon Jovi,Never Say Goodbye,RVTR433917,1,HUMAN REVIEW REQUIRED,"Existing simulation selected one candidate (RVTR433917), but no safe disposition signal.",false
/Users/bobhopp/DJ MEDIA/VIDEO/1990's/K Ci & JoJo - Tell Me It's Real.mp4,K Ci & JoJo,Tell Me It's Real,RVTR655852,1,SAFE TITLE NOISE,Existing simulation selected one canonical candidate (RVTR655852); deterministic filename/tag noise.,true
/Users/bobhopp/DJ MEDIA/VIDEO/2000's/Pitbull - I Know You Want Me.mp4,Pitbull,I Know You Want Me,RVTR526908,1,HUMAN REVIEW REQUIRED,"Existing simulation selected one candidate (RVTR526908), but no safe disposition signal.",false
/Users/bobhopp/DJ MEDIA/VIDEO/2000's/Rihanna F.Young Jeezy - Hard.mp4,Rihanna F.Young Jeezy,Hard,RVTR907208,1,HUMAN REVIEW REQUIRED,"Existing simulation selected one candidate (RVTR907208), but no safe disposition signal.",false
/Users/bobhopp/DJ MEDIA/VIDEO/2010's/Aron Chupa - I'm an Albatraoz.mp4,Aron Chupa,I'm an Albatraoz,RVTR270432,1,SAFE TITLE NOISE,Existing simulation selected one canonical candidate (RVTR270432); deterministic filename/tag noise.,true
/Users/bobhopp/DJ MEDIA/VIDEO/2020's/BoDeans - Ballad of Jenny Rae.mp4,BoDeans,Ballad of Jenny Rae,RVTR720556,1,HUMAN REVIEW REQUIRED,"Existing simulation selected one candidate (RVTR720556), but no safe disposition signal.",false
/Users/bobhopp/DJ MEDIA/VIDEO/1980's/Bob Marley - Buffalo Soldier.mp4,Bob Marley,Buffalo Soldier,RVTR525821,1,HUMAN REVIEW REQUIRED,"Existing simulation selected one candidate (RVTR525821), but no safe disposition signal.",false
/Users/bobhopp/DJ MEDIA/VIDEO/2010's/CAAMP - Going to the Country.mp4,CAAMP,Going to the Country,RVTR151283,1,HUMAN REVIEW REQUIRED,"Existing simulation selected one candidate (RVTR151283), but no safe disposition signal.",false
/Users/bobhopp/DJ MEDIA/VIDEO/TECHNO/Pat Benatar - Painted Desert.mp4,Pat Benatar,Painted Desert,RVTR770665,1,HUMAN REVIEW REQUIRED,"Existing simulation selected one candidate (RVTR770665), but no safe disposition signal.",false
/Users/bobhopp/DJ MEDIA/VIDEO/1970's/Alvin Lee & Co - Ride My Train.mp4,Alvin Lee & Co,Ride My Train,RVTR169708,1,HUMAN REVIEW REQUIRED,"Existing simulation selected one candidate (RVTR169708), but no safe disposition signal.",false
/Users/bobhopp/DJ MEDIA/VIDEO/1970's/The Kinks - Waterloo Sunset.mp4,The Kinks,Waterloo Sunset,RVTR379830,1,HUMAN REVIEW REQUIRED,"Existing simulation selected one candidate (RVTR379830), but no safe disposition signal.",false
/Users/bobhopp/DJ MEDIA/VIDEO/2010's/Shiny Toy Guns - Ghost Town.mp4,Shiny Toy Guns,Ghost Town,RVTR246535,1,HUMAN REVIEW REQUIRED,"Existing simulation selected one candidate (RVTR246535), but no safe disposition signal.",false
/Users/bobhopp/DJ MEDIA/VIDEO/2020's/Unknown - The Trumpty Dance.mp4,Unknown,The Trumpty Dance,RVTR853893,1,HUMAN REVIEW REQUIRED,"Existing simulation selected one candidate (RVTR853893), but no safe disposition signal.",false
/Users/bobhopp/DJ MEDIA/VIDEO/TECHNO/Chevelle - Well Enough Alone.mp4,Chevelle,Well Enough Alone,RVTR933067,1,HUMAN REVIEW REQUIRED,"Existing simulation selected one candidate (RVTR933067), but no safe disposition signal.",false
/Users/bobhopp/DJ MEDIA/VIDEO/1960's/Janis Joplin - Ball and Chain.mp4,Janis Joplin,Ball and Chain,RVTR780650,1,HUMAN REVIEW REQUIRED,"Existing simulation selected one candidate (RVTR780650), but no safe disposition signal.",false
/Users/bobhopp/DJ MEDIA/VIDEO/1960's/Wanda Jackson - Mean Mean Man.mp4,Wanda Jackson,Mean Mean Man,RVTR323222,1,HUMAN REVIEW REQUIRED,"Existing simulation selected one candidate (RVTR323222), but no safe disposition signal.",false
/Users/bobhopp/DJ MEDIA/VIDEO/1970's/T Rex - Bang A Gong (Get It On).mp4,T Rex,Bang A Gong (Get It On),RVTR473287,1,SAFE TITLE NOISE,Existing simulation selected one canonical candidate (RVTR473287); deterministic filename/tag noise.,true
/Users/bobhopp/DJ MEDIA/VIDEO/1980's/Peter Gabriel - In Your Eyes.mp4,Peter Gabriel,In Your Eyes,RVTR932459,1,HUMAN REVIEW REQUIRED,"Existing simulation selected one candidate (RVTR932459), but no safe disposition signal.",false
/Users/bobhopp/DJ MEDIA/VIDEO/COUNTRY/FILL/Brooks & Dunn - How Long Gone.mp4,Brooks & Dunn,How Long Gone,RVTR072726,1,HUMAN REVIEW REQUIRED,"Existing simulation selected one candidate (RVTR072726), but no safe disposition signal.",false
"/Users/bobhopp/DJ MEDIA/VIDEO/1970's/Bob Marley - No Woman, No Cry.mp4",Bob Marley,"No Woman, No Cry",RVTR331419,1,SAFE TITLE NOISE,Existing simulation selected one canonical candidate (RVTR331419); deterministic filename/tag noise.,true
/Users/bobhopp/DJ MEDIA/VIDEO/1990's/The Eagles - New York Minute.mp4,The Eagles,New York Minute,RVTR037207,1,HUMAN REVIEW REQUIRED,"Existing simulation selected one candidate (RVTR037207), but no safe disposition signal.",false
/Users/bobhopp/DJ MEDIA/VIDEO/TECHNO/Pussycat Dolls - Bottle Pop.mp4,Pussycat Dolls,Bottle Pop,RVTR341576,1,HUMAN REVIEW REQUIRED,"Existing simulation selected one candidate (RVTR341576), but no safe disposition signal.",false
/Users/bobhopp/DJ MEDIA/VIDEO/1950's/Louis Armstrong - Cool Yule.mp4,Louis Armstrong,Cool Yule,RVTR647533,1,HUMAN REVIEW REQUIRED,"Existing simulation selected one candidate (RVTR647533), but no safe disposition signal.",false
/Users/bobhopp/DJ MEDIA/VIDEO/1990's/Bound For The Floor - Local H.mp4,Bound For The Floor,Local H,RVTR936294,1,HUMAN REVIEW REQUIRED,"Existing simulation selected one candidate (RVTR936294), but no safe disposition signal.",false
/Users/bobhopp/DJ MEDIA/VIDEO/1990's/Soundgarden - Black Hole Sun.mp4,Soundgarden,Black Hole Sun,RVTR685159,1,HUMAN REVIEW REQUIRED,"Existing simulation selected one candidate (RVTR685159), but no safe disposition signal.",false
/Users/bobhopp/DJ MEDIA/VIDEO/2000's/Red Hot Chili Peppers - Snow.mp4,Red Hot Chili Peppers,Snow,RVTR830217,1,HUMAN REVIEW REQUIRED,"Existing simulation selected one candidate (RVTR830217), but no safe disposition signal.",false
/Users/bobhopp/DJ MEDIA/VIDEO/2000's/Superstar - Leonid & Friends.mp4,Superstar,Leonid & Friends,RVTR432424,0,NO CANONICAL CANDIDATE,No canonical candidate selected by the existing simulation.,false
/Users/bobhopp/DJ MEDIA/VIDEO/2020's/Calvin Harris - By Your Side.mp4,Calvin Harris,By Your Side,RVTR476028,1,HUMAN REVIEW REQUIRED,"Existing simulation selected one candidate (RVTR476028), but no safe disposition signal.",false
/Users/bobhopp/DJ MEDIA/VIDEO/2020's/MAX & Ali Gatie - Butterflies.mp4,MAX & Ali Gatie,Butterflies,RVTR987291,1,HUMAN REVIEW REQUIRED,"Existing simulation selected one candidate (RVTR987291), but no safe disposition signal.",false
/Users/bobhopp/DJ MEDIA/VIDEO/2010's/3OH!3 f._Ke$ha - My First Kiss.mp4,3OH!3 f./Ke$ha,My First Kiss,RVTR195188,1,HUMAN REVIEW REQUIRED,"Existing simulation selected one candidate (RVTR195188), but no safe disposition signal.",false
/Users/bobhopp/DJ MEDIA/VIDEO/1990's/Stone Temple Pilots - Plush.mp4,Stone Temple Pilots,Plush,RVTR838694,1,HUMAN REVIEW REQUIRED,"Existing simulation selected one candidate (RVTR838694), but no safe disposition signal.",false
/Users/bobhopp/DJ MEDIA/VIDEO/1980's/Harry Styles - Sledgehammer.mp4,Harry Styles,Sledgehammer,RVTR815566,1,HUMAN REVIEW REQUIRED,"Existing simulation selected one candidate (RVTR815566), but no safe disposition signal.",false
/Users/bobhopp/DJ MEDIA/VIDEO/1990's/Tori Amos - Raspberry Swirl.mp4,Tori Amos,Raspberry Swirl,RVTR578638,1,HUMAN REVIEW REQUIRED,"Existing simulation selected one candidate (RVTR578638), but no safe disposition signal.",false
"/Users/bobhopp/DJ MEDIA/VIDEO/2010's/James Brown, 2Pac - Unchained.mp4","James Brown, 2Pac",Unchained,RVTR664010,1,HUMAN REVIEW REQUIRED,"Existing simulation selected one candidate (RVTR664010), but no safe disposition signal.",false
/Users/bobhopp/DJ MEDIA/VIDEO/2020's/Miley Cyrus - Heart Of Glass.mp4,Miley Cyrus,Heart Of Glass,RVTR461279,1,HUMAN REVIEW REQUIRED,"Existing simulation selected one candidate (RVTR461279), but no safe disposition signal.",false
/Users/bobhopp/DJ MEDIA/VIDEO/1950's/The Crew Cuts - ShBoom (Live).mp4,The Crew Cuts,ShBoom (Live),RVTR990695,1,SAFE TITLE NOISE,Existing simulation selected one canonical candidate (RVTR990695); deterministic filename/tag noise.,true
/Users/bobhopp/DJ MEDIA/VIDEO/1980's/Mick Jagger - Primitive Cool.mp4,Mick Jagger,Primitive Cool,RVTR095444,1,HUMAN REVIEW REQUIRED,"Existing simulation selected one candidate (RVTR095444), but no safe disposition signal.",false
"/Users/bobhopp/DJ MEDIA/VIDEO/2000's/Eminem - Real Slim Shady, The.mp4",Eminem,"Real Slim Shady, The",RVTR514801,1,SAFE TITLE NOISE,Existing simulation selected one canonical candidate (RVTR514801); deterministic filename/tag noise.,true
/Users/bobhopp/DJ MEDIA/VIDEO/2000's/Pink - Get The Party Started.mp4,Pink,Get The Party Started,RVTR713636,1,HUMAN REVIEW REQUIRED,"Existing simulation selected one candidate (RVTR713636), but no safe disposition signal.",false
/Users/bobhopp/DJ MEDIA/VIDEO/1990's/Grateful Dead - Not Fade Away.mp4,Grateful Dead,Not Fade Away,RVTR993200,1,HUMAN REVIEW REQUIRED,"Existing simulation selected one candidate (RVTR993200), but no safe disposition signal.",false
/Users/bobhopp/DJ MEDIA/VIDEO/2010's/Santigold - Disparate Youth.mp4,Santigold,Disparate Youth,RVTR176309,1,HUMAN REVIEW REQUIRED,"Existing simulation selected one candidate (RVTR176309), but no safe disposition signal.",false
/Users/bobhopp/DJ MEDIA/VIDEO/TECHNO/Sparta - Taking Back Control.mp4,Sparta,Taking Back Control,RVTR630573,1,HUMAN REVIEW REQUIRED,"Existing simulation selected one candidate (RVTR630573), but no safe disposition signal.",false
/Users/bobhopp/DJ MEDIA/VIDEO/1960's/Howlin' Wolf - Killing Floor.mp4,Howlin' Wolf,Killing Floor,RVTR332526,1,HUMAN REVIEW REQUIRED,"Existing simulation selected one candidate (RVTR332526), but no safe disposition signal.",false
/Users/bobhopp/DJ MEDIA/VIDEO/1960's/Van Morrison - Madame George.mp4,Van Morrison,Madame George,RVTR570497,1,HUMAN REVIEW REQUIRED,"Existing simulation selected one candidate (RVTR570497), but no safe disposition signal.",false
/Users/bobhopp/DJ MEDIA/VIDEO/1970's/Lynyrd Skynyrd - Simple Man.mp4,Lynyrd Skynyrd,Simple Man,RVTR487932,1,HUMAN REVIEW REQUIRED,"Existing simulation selected one candidate (RVTR487932), but no safe disposition signal.",false
/Users/bobhopp/DJ MEDIA/VIDEO/1990's/3rd Bass - Steppin' To The A.M.mp4,3rd Bass,Steppin' To The A.M,RVTR532755,1,SAFE TITLE NOISE,Existing simulation selected one canonical candidate (RVTR532755); deterministic filename/tag noise.,true
/Users/bobhopp/DJ MEDIA/VIDEO/TECHNO/Jessie James - I Look So Good.mp4,Jessie James,I Look So Good,RVTR793317,1,HUMAN REVIEW REQUIRED,"Existing simulation selected one candidate (RVTR793317), but no safe disposition signal.",false
/Users/bobhopp/DJ MEDIA/VIDEO/2010's/Arctic Monkeys - Brianstorm.mp4,Arctic Monkeys,Brianstorm,RVTR648316,1,HUMAN REVIEW REQUIRED,"Existing simulation selected one candidate (RVTR648316), but no safe disposition signal.",false
/Users/bobhopp/DJ MEDIA/VIDEO/1960's/The Animals - Around & Around.mp4,The Animals,Around & Around,RVTR372300,1,SAFE TITLE NOISE,Existing simulation selected one canonical candidate (RVTR372300); deterministic filename/tag noise.,true
/Users/bobhopp/DJ MEDIA/VIDEO/TECHNO/London Bus Stop - Bang A Gong.mp4,London Bus Stop,Bang A Gong,RVTR386319,1,HUMAN REVIEW REQUIRED,"Existing simulation selected one candidate (RVTR386319), but no safe disposition signal.",false
/Users/bobhopp/DJ MEDIA/VIDEO/TECHNO/Status Quo - In The Army Now.mp4,Status Quo,In The Army Now,RVTR237271,1,HUMAN REVIEW REQUIRED,"Existing simulation selected one candidate (RVTR237271), but no safe disposition signal.",false
/Users/bobhopp/DJ MEDIA/VIDEO/1980's/Eddie & The Cruisers - Bar Jam.mp4,Eddie & The Cruisers,Bar Jam,RVTR984532,1,HUMAN REVIEW REQUIRED,"Existing simulation selected one candidate (RVTR984532), but no safe disposition signal.",false
/Users/bobhopp/DJ MEDIA/VIDEO/2010's/Migos - Handsome And Wealthy.mp4,Migos,Handsome And Wealthy,RVTR546473,1,HUMAN REVIEW REQUIRED,"Existing simulation selected one candidate (RVTR546473), but no safe disposition signal.",false
/Users/bobhopp/DJ MEDIA/VIDEO/2010's/Steven Tyler - Feels So Good.mp4,Steven Tyler,Feels So Good,RVTR500889,1,HUMAN REVIEW REQUIRED,"Existing simulation selected one candidate (RVTR500889), but no safe disposition signal.",false
/Users/bobhopp/DJ MEDIA/VIDEO/1980's/Camouflage - Love Is A Shield.mp4,Camouflage,Love Is A Shield,RVTR491167,1,HUMAN REVIEW REQUIRED,"Existing simulation selected one candidate (RVTR491167), but no safe disposition signal.",false
/Users/bobhopp/DJ MEDIA/VIDEO/TECHNO/Lisa Scott Lee - Too Far Gone.mp4,Lisa Scott Lee,Too Far Gone,RVTR365888,1,HUMAN REVIEW REQUIRED,"Existing simulation selected one candidate (RVTR365888), but no safe disposition signal.",false
/Users/bobhopp/DJ MEDIA/VIDEO/TECHNO/Motley Crue - Sick Love Song.mp4,Motley Crue,Sick Love Song,RVTR658374,1,HUMAN REVIEW REQUIRED,"Existing simulation selected one candidate (RVTR658374), but no safe disposition signal.",false
/Users/bobhopp/DJ MEDIA/VIDEO/1960's/Bob Dylan - Don't Think Twice.mp4,Bob Dylan,Don't Think Twice,RVTR279190,1,SAFE TITLE NOISE,Existing simulation selected one canonical candidate (RVTR279190); deterministic filename/tag noise.,true
/Users/bobhopp/DJ MEDIA/VIDEO/1970's/Aerosmith - I Wanna Know Why.mp4,Aerosmith,I Wanna Know Why,RVTR401472,1,HUMAN REVIEW REQUIRED,"Existing simulation selected one candidate (RVTR401472), but no safe disposition signal.",false
/Users/bobhopp/DJ MEDIA/VIDEO/1990's/Joan Jett - Celluloid Heroes.mp4,Joan Jett,Celluloid Heroes,RVTR962317,1,HUMAN REVIEW REQUIRED,"Existing simulation selected one candidate (RVTR962317), but no safe disposition signal.",false
/Users/bobhopp/DJ MEDIA/VIDEO/1970's/Kenny Loggins - Danny's Song.mp4,Kenny Loggins,Danny's Song,RVTR885377,1,SAFE TITLE NOISE,Existing simulation selected one canonical candidate (RVTR885377); deterministic filename/tag noise.,true
/Users/bobhopp/DJ MEDIA/VIDEO/1960's/The Beatles - Norwegian Wood.mp4,The Beatles,Norwegian Wood,RVTR563023,1,HUMAN REVIEW REQUIRED,"Existing simulation selected one candidate (RVTR563023), but no safe disposition signal.",false
/Users/bobhopp/DJ MEDIA/VIDEO/1970's/Lynyrd Skynyrd - That Smell.mp4,Lynyrd Skynyrd,That Smell,RVTR128181,1,HUMAN REVIEW REQUIRED,"Existing simulation selected one candidate (RVTR128181), but no safe disposition signal.",false
/Users/bobhopp/DJ MEDIA/VIDEO/1980's/Grim Reaper - See You In Hell.mp4,Grim Reaper,See You In Hell,RVTR372256,1,HUMAN REVIEW REQUIRED,"Existing simulation selected one candidate (RVTR372256), but no safe disposition signal.",false
/Users/bobhopp/DJ MEDIA/VIDEO/1980's/Joan Jett - Do Ya Wanna Touch.mp4,Joan Jett,Do Ya Wanna Touch,RVTR001896,1,HUMAN REVIEW REQUIRED,"Existing simulation selected one candidate (RVTR001896), but no safe disposition signal.",false
/Users/bobhopp/DJ MEDIA/VIDEO/1990's/Cornershop - Brimful of Asha.mp4,Cornershop,Brimful of Asha,RVTR109015,1,HUMAN REVIEW REQUIRED,"Existing simulation selected one candidate (RVTR109015), but no safe disposition signal.",false
/Users/bobhopp/DJ MEDIA/VIDEO/TECHNO/My Favorite Highway - Say So.mp4,My Favorite Highway,Say So,RVTR333274,1,HUMAN REVIEW REQUIRED,"Existing simulation selected one candidate (RVTR333274), but no safe disposition signal.",false
/Users/bobhopp/DJ MEDIA/VIDEO/1990's/Alan Jackson - Mercury Blues.mp4,Alan Jackson,Mercury Blues,RVTR124790,1,HUMAN REVIEW REQUIRED,"Existing simulation selected one candidate (RVTR124790), but no safe disposition signal.",false
/Users/bobhopp/DJ MEDIA/VIDEO/1950's/Henry Mancini - Pink Panther.mp4,Henry Mancini,Pink Panther,RVTR026694,1,HUMAN REVIEW REQUIRED,"Existing simulation selected one candidate (RVTR026694), but no safe disposition signal.",false
/Users/bobhopp/DJ MEDIA/VIDEO/1960's/Henry Mancini - Pink Panther.mp4,Henry Mancini,Pink Panther,RVTR026694,1,HUMAN REVIEW REQUIRED,"Existing simulation selected one candidate (RVTR026694), but no safe disposition signal.",false
/Users/bobhopp/DJ MEDIA/VIDEO/1990's/Dolly Parton - Rockin' Years.mp4,Dolly Parton,Rockin' Years,RVTR305141,1,SAFE TITLE NOISE,Existing simulation selected one canonical candidate (RVTR305141); deterministic filename/tag noise.,true
/Users/bobhopp/DJ MEDIA/VIDEO/TECHNO/No More Kings - Sweep The Leg.mp4,No More Kings,Sweep The Leg,RVTR493087,1,HUMAN REVIEW REQUIRED,"Existing simulation selected one candidate (RVTR493087), but no safe disposition signal.",false
/Users/bobhopp/DJ MEDIA/VIDEO/1970's/Johnny Rivers - Slow Dancin'.mp4,Johnny Rivers,Slow Dancin',RVTR377253,1,SAFE TITLE NOISE,Existing simulation selected one canonical candidate (RVTR377253); deterministic filename/tag noise.,true
"/Users/bobhopp/DJ MEDIA/VIDEO/TECHNO/Franz Ferdinand - Fallen, The.mp4",Franz Ferdinand,"Fallen, The",RVTR056617,1,SAFE TITLE NOISE,Existing simulation selected one canonical candidate (RVTR056617); deterministic filename/tag noise.,true
/Users/bobhopp/DJ MEDIA/VIDEO/TECHNO/Kernkraft 400 - Zombie Nation.mp4,Kernkraft 400,Zombie Nation,RVTR072178,1,HUMAN REVIEW REQUIRED,"Existing simulation selected one candidate (RVTR072178), but no safe disposition signal.",false
/Users/bobhopp/DJ MEDIA/VIDEO/TECHNO/Lita Ford - Playin' With Fire.mp4,Lita Ford,Playin' With Fire,RVTR597944,1,SAFE TITLE NOISE,Existing simulation selected one canonical candidate (RVTR597944); deterministic filename/tag noise.,true
/Users/bobhopp/DJ MEDIA/VIDEO/1980's/The The - Angels Of Deception.mp4,The The,Angels Of Deception,RVTR561989,1,HUMAN REVIEW REQUIRED,"Existing simulation selected one candidate (RVTR561989), but no safe disposition signal.",false
/Users/bobhopp/DJ MEDIA/VIDEO/1990's/A Tribe Called Quest - Can I Kick It.mp4,A Tribe Called Quest,Can I Kick It,RVTR531194,1,HUMAN REVIEW REQUIRED,"Existing simulation selected one candidate (RVTR531194), but no safe disposition signal.",false
/Users/bobhopp/DJ MEDIA/VIDEO/1980's/Rupert Hine - Misplaced Love.mp4,Rupert Hine,Misplaced Love,RVTR348440,1,HUMAN REVIEW REQUIRED,"Existing simulation selected one candidate (RVTR348440), but no safe disposition signal.",false
/Users/bobhopp/DJ MEDIA/VIDEO/1990's/Real McCoy - Automatic Lover.mp4,Real McCoy,Automatic Lover,RVTR398416,1,HUMAN REVIEW REQUIRED,"Existing simulation selected one candidate (RVTR398416), but no safe disposition signal.",false
/Users/bobhopp/DJ MEDIA/VIDEO/1990's/Rob Zombie - Living Dead Girl.mp4,Rob Zombie,Living Dead Girl,RVTR162885,1,HUMAN REVIEW REQUIRED,"Existing simulation selected one candidate (RVTR162885), but no safe disposition signal.",false
/Users/bobhopp/DJ MEDIA/VIDEO/2010's/My Chemical Romance - Na Na Na.mp4,My Chemical Romance,Na Na Na,RVTR140841,1,HUMAN REVIEW REQUIRED,"Existing simulation selected one candidate (RVTR140841), but no safe disposition signal.",false
/Users/bobhopp/DJ MEDIA/VIDEO/TECHNO/Collective Soul - Hollywood.mp4,Collective Soul,Hollywood,RVTR722779,1,HUMAN REVIEW REQUIRED,"Existing simulation selected one candidate (RVTR722779), but no safe disposition signal.",false
/Users/bobhopp/DJ MEDIA/VIDEO/2000's/Amy Winehouse - Back To Black.mp4,Amy Winehouse,Back To Black,RVTR731355,1,HUMAN REVIEW REQUIRED,"Existing simulation selected one candidate (RVTR731355), but no safe disposition signal.",false
/Users/bobhopp/DJ MEDIA/VIDEO/2010's/Imagine Dragons - Stand By Me.MP4,Imagine Dragons,Stand By Me,RVTR179527,1,HUMAN REVIEW REQUIRED,"Existing simulation selected one candidate (RVTR179527), but no safe disposition signal.",false
/Users/bobhopp/DJ MEDIA/VIDEO/1960's/Janis Joplin - Ball and Chain .mp4,Janis Joplin,Ball and Chain,RVTR780650,1,HUMAN REVIEW REQUIRED,"Existing simulation selected one candidate (RVTR780650), but no safe disposition signal.",false
/Users/bobhopp/DJ MEDIA/VIDEO/2010's/Tim Barry - Thing Of The Past.mp4,Tim Barry,Thing Of The Past,RVTR230968,1,HUMAN REVIEW REQUIRED,"Existing simulation selected one candidate (RVTR230968), but no safe disposition signal.",false
/Users/bobhopp/DJ MEDIA/VIDEO/1960's/Bobby Pickett - Monster Mash.mp4,Bobby Pickett,Monster Mash,RVTR827658,1,HUMAN REVIEW REQUIRED,"Existing simulation selected one candidate (RVTR827658), but no safe disposition signal.",false
/Users/bobhopp/DJ MEDIA/VIDEO/1980's/Pretenders - Brass In Pocket.mp4,Pretenders,Brass In Pocket,RVTR805659,1,HUMAN REVIEW REQUIRED,"Existing simulation selected one candidate (RVTR805659), but no safe disposition signal.",false
/Users/bobhopp/DJ MEDIA/VIDEO/1980's/Dead Milkmen - Punk Rock Girl.mp4,Dead Milkmen,Punk Rock Girl,RVTR726361,1,HUMAN REVIEW REQUIRED,"Existing simulation selected one candidate (RVTR726361), but no safe disposition signal.",false
/Users/bobhopp/DJ MEDIA/VIDEO/2000's/Phish - Mercenary Territory.mp4,Phish,Mercenary Territory,RVTR497074,1,HUMAN REVIEW REQUIRED,"Existing simulation selected one candidate (RVTR497074), but no safe disposition signal.",false
/Users/bobhopp/DJ MEDIA/VIDEO/2010's/Willie Nelson - Just Breathe.mp4,Willie Nelson,Just Breathe,RVTR121604,1,HUMAN REVIEW REQUIRED,"Existing simulation selected one candidate (RVTR121604), but no safe disposition signal.",false
/Users/bobhopp/DJ MEDIA/VIDEO/2000's/Too Short - Blow The Whistle.mp4,Too Short,Blow The Whistle,RVTR522739,1,HUMAN REVIEW REQUIRED,"Existing simulation selected one candidate (RVTR522739), but no safe disposition signal.",false
/Users/bobhopp/DJ MEDIA/VIDEO/TECHNO/Joey Negro - Make A Move On Me.mp4,Joey Negro,Make A Move On Me,RVTR871726,1,HUMAN REVIEW REQUIRED,"Existing simulation selected one candidate (RVTR871726), but no safe disposition signal.",false
/Users/bobhopp/DJ MEDIA/VIDEO/1980's/Jan Hammer - Crockett s Theme.mp4,Jan Hammer,Crockett s Theme,RVTR644262,1,HUMAN REVIEW REQUIRED,"Existing simulation selected one candidate (RVTR644262), but no safe disposition signal.",false
"/Users/bobhopp/DJ MEDIA/VIDEO/1990's/R. Kelly - Believe I Can Fly, I.mp4",R. Kelly,"Believe I Can Fly, I",RVTR772271,1,SAFE TITLE NOISE,Existing simulation selected one canonical candidate (RVTR772271); deterministic filename/tag noise.,true
/Users/bobhopp/DJ MEDIA/VIDEO/1970's/Steve Miller Band - Rockin Me.mp4,Steve Miller Band,Rockin Me,RVTR641128,1,HUMAN REVIEW REQUIRED,"Existing simulation selected one candidate (RVTR641128), but no safe disposition signal.",false
/Users/bobhopp/DJ MEDIA/VIDEO/1980's/ABBA - Lay All Your Love On Me.mp4,ABBA,Lay All Your Love On Me,RVTR171269,1,HUMAN REVIEW REQUIRED,"Existing simulation selected one candidate (RVTR171269), but no safe disposition signal.",false
/Users/bobhopp/DJ MEDIA/VIDEO/1990's/Dan Hartman - Relight My Fire.mp4,Dan Hartman,Relight My Fire,RVTR058920,1,HUMAN REVIEW REQUIRED,"Existing simulation selected one candidate (RVTR058920), but no safe disposition signal.",false
/Users/bobhopp/DJ MEDIA/VIDEO/1970's/Eric Clapton - Blue Eyes Blue.mp4,Eric Clapton,Blue Eyes Blue,RVTR313204,1,HUMAN REVIEW REQUIRED,"Existing simulation selected one candidate (RVTR313204), but no safe disposition signal.",false
/Users/bobhopp/DJ MEDIA/VIDEO/1970's/Spinners - Games People Play.mp4,Spinners,Games People Play,RVTR959252,1,HUMAN REVIEW REQUIRED,"Existing simulation selected one candidate (RVTR959252), but no safe disposition signal.",false
/Users/bobhopp/DJ MEDIA/VIDEO/1990's/The Toadies - Possum Kingdom.mp4,The Toadies,Possum Kingdom,RVTR142563,1,HUMAN REVIEW REQUIRED,"Existing simulation selected one candidate (RVTR142563), but no safe disposition signal.",false
/Users/bobhopp/DJ MEDIA/VIDEO/1950's/Patti Page - Tennessee Waltz.mp4,Patti Page,Tennessee Waltz,RVTR580019,1,HUMAN REVIEW REQUIRED,"Existing simulation selected one candidate (RVTR580019), but no safe disposition signal.",false
/Users/bobhopp/DJ MEDIA/VIDEO/1970's/Elton John - High Flying Bird.mp4,Elton John,High Flying Bird,RVTR443367,1,HUMAN REVIEW REQUIRED,"Existing simulation selected one candidate (RVTR443367), but no safe disposition signal.",false
/Users/bobhopp/DJ MEDIA/VIDEO/1990's/Garbage - I Think I'm Paranoid.mp4,Garbage,I Think I'm Paranoid,RVTR311125,1,SAFE TITLE NOISE,Existing simulation selected one canonical candidate (RVTR311125); deterministic filename/tag noise.,true
/Users/bobhopp/DJ MEDIA/VIDEO/1960's/Sonny and Cher - Baby Don't Go.mp4,Sonny and Cher,Baby Don't Go,RVTR261955,1,SAFE TITLE NOISE,Existing simulation selected one canonical candidate (RVTR261955); deterministic filename/tag noise.,true
/Users/bobhopp/DJ MEDIA/VIDEO/1990's/Bone Thugs N Harmony - Home.mp4,Bone Thugs N Harmony,Home,RVTR022462,1,HUMAN REVIEW REQUIRED,"Existing simulation selected one candidate (RVTR022462), but no safe disposition signal.",false
/Users/bobhopp/DJ MEDIA/VIDEO/1980's/The Cult - Sweet Soul Sister.mp4,The Cult,Sweet Soul Sister,RVTR272057,1,HUMAN REVIEW REQUIRED,"Existing simulation selected one candidate (RVTR272057), but no safe disposition signal.",false
/Users/bobhopp/DJ MEDIA/VIDEO/1990's/Snoop Doggy Dogg - Gin & Juice.mp4,Snoop Doggy Dogg,Gin & Juice,RVTR605162,1,SAFE TITLE NOISE,Existing simulation selected one canonical candidate (RVTR587117); deterministic filename/tag noise.,true
/Users/bobhopp/DJ MEDIA/VIDEO/1980's/Shenandoah - Two Dozen Roses.mp4,Shenandoah,Two Dozen Roses,RVTR323311,1,HUMAN REVIEW REQUIRED,"Existing simulation selected one candidate (RVTR323311), but no safe disposition signal.",false
/Users/bobhopp/DJ MEDIA/VIDEO/1990's/Folk Implosion - Natural One.mp4,Folk Implosion,Natural One,RVTR678991,1,HUMAN REVIEW REQUIRED,"Existing simulation selected one candidate (RVTR678991), but no safe disposition signal.",false
/Users/bobhopp/DJ MEDIA/VIDEO/1990's/PJ Harvey - Down By The Water.mp4,PJ Harvey,Down By The Water,RVTR311685,1,HUMAN REVIEW REQUIRED,"Existing simulation selected one candidate (RVTR311685), but no safe disposition signal.",false
"/Users/bobhopp/DJ MEDIA/VIDEO/2000's/White Tie Affair, The - Candle.mp4","White Tie Affair, The",Candle,RVTR064121,1,HUMAN REVIEW REQUIRED,"Existing simulation selected one candidate (RVTR064121), but no safe disposition signal.",false
/Users/bobhopp/DJ MEDIA/VIDEO/TECHNO/Holly Valance - State Of Mind.mp4,Holly Valance,State Of Mind,RVTR170581,1,HUMAN REVIEW REQUIRED,"Existing simulation selected one candidate (RVTR170581), but no safe disposition signal.",false
/Users/bobhopp/DJ MEDIA/VIDEO/TECHNO/Krista - Temporary Insanity.mp4,Krista,Temporary Insanity,RVTR549717,1,HUMAN REVIEW REQUIRED,"Existing simulation selected one candidate (RVTR549717), but no safe disposition signal.",false
/Volumes/DJ  MAIN/DJ MEDIA/VIDEO/1950's/Dean Martin - Thats Amore.mp4,Dean Martin,Thats Amore (DJ Cheers Video Edit),RVTR331261,1,SAFE TITLE NOISE,Existing simulation selected one canonical candidate (RVTR331261); deterministic filename/tag noise.,true
/Users/bobhopp/DJ MEDIA/VIDEO/1980's/U2 - Bad.mp4,U2,Bad,RVTR512905,1,HUMAN REVIEW REQUIRED,"Existing simulation selected one candidate (RVTR512905), but no safe disposition signal.",false
/Users/bobhopp/DJ MEDIA/VIDEO/2000's/The Heavy - Short Change Hero.mp4,The Heavy,Short Change Hero,RVTR854546,1,HUMAN REVIEW REQUIRED,"Existing simulation selected one candidate (RVTR854546), but no safe disposition signal.",false
/Users/bobhopp/DJ MEDIA/VIDEO/1980's/Michael Jackson - Say Say Say.mp4,Michael Jackson,Say Say Say,RVTR560742,1,HUMAN REVIEW REQUIRED,"Existing simulation selected one candidate (RVTR560742), but no safe disposition signal.",false
/Users/bobhopp/DJ MEDIA/VIDEO/1990's/Bryan Adams - Everything I Do.mp4,Bryan Adams,Everything I Do,RVTR543014,1,HUMAN REVIEW REQUIRED,"Existing simulation selected one candidate (RVTR543014), but no safe disposition signal.",false
/Users/bobhopp/DJ MEDIA/VIDEO/2000's/Johnny Cash - Personal Jesus.mp4,Johnny Cash,Personal Jesus,RVTR238243,1,HUMAN REVIEW REQUIRED,"Existing simulation selected one candidate (RVTR238243), but no safe disposition signal.",false
/Users/bobhopp/DJ MEDIA/VIDEO/2010's/New Boyz F.Ray J - Tie Me Down.mp4,New Boyz F.Ray J,Tie Me Down,RVTR450639,1,HUMAN REVIEW REQUIRED,"Existing simulation selected one candidate (RVTR450639), but no safe disposition signal.",false
/Users/bobhopp/DJ MEDIA/VIDEO/2000's/Augustana - Steal Your Heart.mp4,Augustana,Steal Your Heart,RVTR644478,1,HUMAN REVIEW REQUIRED,"Existing simulation selected one candidate (RVTR644478), but no safe disposition signal.",false
/Users/bobhopp/DJ MEDIA/VIDEO/COUNTRY/FILL/Johnny Cash - Does Elvis..LOL.MP4,Johnny Cash,Does Elvis..LOL,RVTR815496,1,SAFE TITLE NOISE,Existing simulation selected one canonical candidate (RVTR815496); deterministic filename/tag noise.,true
/Users/bobhopp/DJ MEDIA/VIDEO/1970's/Neil Diamond - I Am I Said (1971).mp4,Neil Diamond,I Am I Said (1971),RVTR380270,1,SAFE TITLE NOISE,Existing simulation selected one canonical candidate (RVTR380270); deterministic filename/tag noise.,true
/Users/bobhopp/DJ MEDIA/VIDEO/2010's/Indigo Girls - Share The Moon.MP4,Indigo Girls,Share The Moon,RVTR905102,1,HUMAN REVIEW REQUIRED,"Existing simulation selected one candidate (RVTR905102), but no safe disposition signal.",false
/Users/bobhopp/DJ MEDIA/VIDEO/2000's/Benny Benassi - Satisfaction.mp4,Benny Benassi,Satisfaction,RVTR444655,1,HUMAN REVIEW REQUIRED,"Existing simulation selected one candidate (RVTR444655), but no safe disposition signal.",false
/Users/bobhopp/DJ MEDIA/VIDEO/1990's/Primus - My Name Is Mud (Live).mp4,Primus,My Name Is Mud (Live),RVTR227281,1,SAFE TITLE NOISE,Existing simulation selected one canonical candidate (RVTR227281); deterministic filename/tag noise.,true
/Users/bobhopp/DJ MEDIA/VIDEO/TECHNO/Queensryche - Jet City Woman.mp4,Queensryche,Jet City Woman,RVTR210672,1,HUMAN REVIEW REQUIRED,"Existing simulation selected one candidate (RVTR210672), but no safe disposition signal.",false
/Users/bobhopp/DJ MEDIA/VIDEO/2000's/Green Day - Jesus Of Suburbia.mp4,Green Day,Jesus Of Suburbia,RVTR638031,1,HUMAN REVIEW REQUIRED,"Existing simulation selected one candidate (RVTR638031), but no safe disposition signal.",false
/Users/bobhopp/DJ MEDIA/VIDEO/2000's/Rihanna F.Slash - Rockstar 101.mp4,Rihanna F.Slash,Rockstar 101,RVTR150050,1,HUMAN REVIEW REQUIRED,"Existing simulation selected one candidate (RVTR150050), but no safe disposition signal.",false
"/Users/bobhopp/DJ MEDIA/VIDEO/1990's/Shania Twain - Honey, I'm Home.mp4",Shania Twain,"Honey, I'm Home",RVTR663912,1,SAFE TITLE NOISE,Existing simulation selected one canonical candidate (RVTR663912); deterministic filename/tag noise.,true
/Users/bobhopp/DJ MEDIA/VIDEO/1980's/Luther Vandross - Superstar.mp4,Luther Vandross,Superstar,RVTR819787,1,HUMAN REVIEW REQUIRED,"Existing simulation selected one candidate (RVTR819787), but no safe disposition signal.",false
/Users/bobhopp/DJ MEDIA/VIDEO/1980's/DJ Jazzy Jeff & The Fresh Prince - Brand New Funk.mp4,DJ Jazzy Jeff & The Fresh Prince,Brand New Funk,RVTR627615,1,HUMAN REVIEW REQUIRED,"Existing simulation selected one candidate (RVTR627615), but no safe disposition signal.",false
/Users/bobhopp/DJ MEDIA/VIDEO/1980's/Steve Earle - Copperhead Road.mp4,Steve Earle,Copperhead Road,RVTR889968,1,HUMAN REVIEW REQUIRED,"Existing simulation selected one candidate (RVTR889968), but no safe disposition signal.",false
/Users/bobhopp/DJ MEDIA/VIDEO/1960's/Ella Fitzgerald - Summertime.mp4,Ella Fitzgerald,Summertime,RVTR425330,1,HUMAN REVIEW REQUIRED,"Existing simulation selected one candidate (RVTR425330), but no safe disposition signal.",false
/Users/bobhopp/DJ MEDIA/VIDEO/2000's/Highway 101 - Who's Lonely Now.mp4,Highway 101,Who's Lonely Now,RVTR445716,1,SAFE TITLE NOISE,Existing simulation selected one canonical candidate (RVTR445716); deterministic filename/tag noise.,true
/Users/bobhopp/DJ MEDIA/VIDEO/2000's/Pitbull F.Akon - Shut It Down.mp4,Pitbull F.Akon,Shut It Down,RVTR926342,1,HUMAN REVIEW REQUIRED,"Existing simulation selected one candidate (RVTR926342), but no safe disposition signal.",false
/Users/bobhopp/DJ MEDIA/VIDEO/1960's/Donovan - Season Of The Witch.mp4,Donovan,Season Of The Witch,RVTR481270,1,HUMAN REVIEW REQUIRED,"Existing simulation selected one candidate (RVTR481270), but no safe disposition signal.",false
/Users/bobhopp/DJ MEDIA/VIDEO/1990's/Offspring - Come Out And Play.mp4,Offspring,Come Out And Play,RVTR186096,1,HUMAN REVIEW REQUIRED,"Existing simulation selected one candidate (RVTR186096), but no safe disposition signal.",false
/Users/bobhopp/DJ MEDIA/VIDEO/1970's/Leon Russell - A Song For You.mp4,Leon Russell,A Song For You,RVTR000174,1,HUMAN REVIEW REQUIRED,"Existing simulation selected one candidate (RVTR000174), but no safe disposition signal.",false
/Users/bobhopp/DJ MEDIA/VIDEO/2010's/Art District - Back In The Day.mp4,Art District,Back In The Day,RVTR923779,1,HUMAN REVIEW REQUIRED,"Existing simulation selected one candidate (RVTR923779), but no safe disposition signal.",false
/Users/bobhopp/DJ MEDIA/VIDEO/1980's/The Waterboys - The Big Music.mp4,The Waterboys,The Big Music,RVTR836709,1,HUMAN REVIEW REQUIRED,"Existing simulation selected one candidate (RVTR836709), but no safe disposition signal.",false
/Users/bobhopp/DJ MEDIA/VIDEO/2000's/In the Woods Somewhere - Dark.mp4,In the Woods Somewhere,Dark,RVTR181942,1,HUMAN REVIEW REQUIRED,"Existing simulation selected one candidate (RVTR181942), but no safe disposition signal.",false
/Users/bobhopp/DJ MEDIA/VIDEO/2020's/Redferrin - Jack and Diet Coke.mp4,Redferrin,Jack and Diet Coke,RVTR127026,1,HUMAN REVIEW REQUIRED,"Existing simulation selected one candidate (RVTR127026), but no safe disposition signal.",false
/Users/bobhopp/DJ MEDIA/VIDEO/1990's/The Eagles - Learn To Be Still.mp4,The Eagles,Learn To Be Still,RVTR623720,1,HUMAN REVIEW REQUIRED,"Existing simulation selected one candidate (RVTR623720), but no safe disposition signal.",false
/Users/bobhopp/DJ MEDIA/VIDEO/2010's/Stick Figure - Burn The Right.mp4,Stick Figure,Burn The Right,RVTR660144,1,HUMAN REVIEW REQUIRED,"Existing simulation selected one candidate (RVTR660144), but no safe disposition signal.",false
/Users/bobhopp/DJ MEDIA/VIDEO/TECHNO/Bob Sinclar - Rock This Party.mp4,Bob Sinclar,Rock This Party,RVTR353714,1,HUMAN REVIEW REQUIRED,"Existing simulation selected one candidate (RVTR353714), but no safe disposition signal.",false
/Users/bobhopp/DJ MEDIA/VIDEO/1980's/Little Steven - Bitter Fruit.mp4,Little Steven,Bitter Fruit,RVTR468719,1,HUMAN REVIEW REQUIRED,"Existing simulation selected one candidate (RVTR468719), but no safe disposition signal.",false
/Users/bobhopp/DJ MEDIA/VIDEO/2000's/Green Day - When I Come Around.mp4,Green Day,When I Come Around,RVTR301593,1,HUMAN REVIEW REQUIRED,"Existing simulation selected one candidate (RVTR301593), but no safe disposition signal.",false
/Users/bobhopp/DJ MEDIA/VIDEO/2010's/Lil Wayne f._Rick Ross - John.mp4,Lil Wayne f./Rick Ross,John,RVTR456101,1,HUMAN REVIEW REQUIRED,"Existing simulation selected one candidate (RVTR456101), but no safe disposition signal.",false
/Users/bobhopp/DJ MEDIA/VIDEO/TECHNO/We The Kings - Heaven Can Wait.mp4,We The Kings,Heaven Can Wait,RVTR212473,1,HUMAN REVIEW REQUIRED,"Existing simulation selected one candidate (RVTR212473), but no safe disposition signal.",false
/Users/bobhopp/DJ MEDIA/VIDEO/1960's/The Beatles - A Day In The Life.mp4,The Beatles,A Day In The Life,RVTR548101,1,HUMAN REVIEW REQUIRED,"Existing simulation selected one candidate (RVTR548101), but no safe disposition signal.",false
/Users/bobhopp/DJ MEDIA/VIDEO/2010's/Monarchs - Come On and Move Me.mp4,Monarchs,Come On and Move Me,RVTR450034,1,HUMAN REVIEW REQUIRED,"Existing simulation selected one candidate (RVTR450034), but no safe disposition signal.",false
"/Users/bobhopp/DJ MEDIA/VIDEO/TECHNO/Almost, The - Say This Sooner.mp4","Almost, The",Say This Sooner,RVTR855736,1,HUMAN REVIEW REQUIRED,"Existing simulation selected one candidate (RVTR855736), but no safe disposition signal.",false
/Users/bobhopp/DJ MEDIA/VIDEO/1950's/The Coasters - Down in Mexico.mp4,The Coasters,Down in Mexico,RVTR734755,1,HUMAN REVIEW REQUIRED,"Existing simulation selected one candidate (RVTR734755), but no safe disposition signal.",false
/Users/bobhopp/DJ MEDIA/VIDEO/1960's/Neil Diamond - Sweet Caroline.mp4,Neil Diamond,Sweet Caroline,RVTR380852,1,HUMAN REVIEW REQUIRED,"Existing simulation selected one candidate (RVTR380852), but no safe disposition signal.",false
/Users/bobhopp/DJ MEDIA/VIDEO/1980's/Run DMC - Christmas In Hollis.mp4,Run DMC,Christmas In Hollis,RVTR954040,1,HUMAN REVIEW REQUIRED,"Existing simulation selected one candidate (RVTR954040), but no safe disposition signal.",false
/Users/bobhopp/DJ MEDIA/VIDEO/1990's/Shania Twain - Any Man Of Mine.mp4,Shania Twain,Any Man Of Mine,RVTR848018,1,HUMAN REVIEW REQUIRED,"Existing simulation selected one candidate (RVTR848018), but no safe disposition signal.",false
/Users/bobhopp/DJ MEDIA/VIDEO/2010's/Neil Diamond - Something Blue.mp4,Neil Diamond,Something Blue,RVTR593330,1,HUMAN REVIEW REQUIRED,"Existing simulation selected one candidate (RVTR593330), but no safe disposition signal.",false
/Users/bobhopp/DJ MEDIA/VIDEO/1960's/The Who - The Kids Are Alright.mp4,The Who,The Kids Are Alright,RVTR189663,1,HUMAN REVIEW REQUIRED,"Existing simulation selected one candidate (RVTR189663), but no safe disposition signal.",false
/Users/bobhopp/DJ MEDIA/VIDEO/1970's/Jethro Tull - Thick As A Brick.mp4,Jethro Tull,Thick As A Brick,RVTR438294,1,HUMAN REVIEW REQUIRED,"Existing simulation selected one candidate (RVTR438294), but no safe disposition signal.",false
"/Users/bobhopp/DJ MEDIA/VIDEO/TECHNO/Bigelf - Money, It's Pure Evil.mp4",Bigelf,"Money, It's Pure Evil",RVTR684829,1,SAFE TITLE NOISE,Existing simulation selected one canonical candidate (RVTR684829); deterministic filename/tag noise.,true
/Users/bobhopp/DJ MEDIA/VIDEO/TECHNO/New Kids On The Block - Single.mp4,New Kids On The Block,Single,RVTR913796,1,HUMAN REVIEW REQUIRED,"Existing simulation selected one candidate (RVTR913796), but no safe disposition signal.",false
/Users/bobhopp/DJ MEDIA/VIDEO/1970's/Bruce Springsteen - Rosalita.mp4,Bruce Springsteen,Rosalita,RVTR590569,1,HUMAN REVIEW REQUIRED,"Existing simulation selected one candidate (RVTR590569), but no safe disposition signal.",false
/Users/bobhopp/DJ MEDIA/VIDEO/1980's/Johnny Logan - I'm Not in Love.mp4,Johnny Logan,I'm Not in Love,RVTR847653,1,SAFE TITLE NOISE,Existing simulation selected one canonical candidate (RVTR847653); deterministic filename/tag noise.,true
/Users/bobhopp/DJ MEDIA/VIDEO/2000's/Rob Zombie - Never Gonna Stop.mp4,Rob Zombie,Never Gonna Stop,RVTR107185,1,HUMAN REVIEW REQUIRED,"Existing simulation selected one candidate (RVTR107185), but no safe disposition signal.",false
/Users/bobhopp/DJ MEDIA/VIDEO/1980's/Slick Rick - Children's Story.mp4,Slick Rick,Children's Story,RVTR065415,1,SAFE TITLE NOISE,Existing simulation selected one canonical candidate (RVTR065415); deterministic filename/tag noise.,true
/Users/bobhopp/DJ MEDIA/VIDEO/1970's/The Eagles - In The City (Live).mp4,The Eagles,In The City (Live),RVTR607079,1,SAFE TITLE NOISE,Existing simulation selected one canonical candidate (RVTR607079); deterministic filename/tag noise.,true
/Users/bobhopp/DJ MEDIA/VIDEO/2000's/Ryan Bingham - Bread And Water.mp4,Ryan Bingham,Bread And Water,RVTR100390,1,HUMAN REVIEW REQUIRED,"Existing simulation selected one candidate (RVTR100390), but no safe disposition signal.",false
/Users/bobhopp/DJ MEDIA/VIDEO/1980's/Boy George - Everything I Own.mp4,Boy George,Everything I Own,RVTR189525,1,HUMAN REVIEW REQUIRED,"Existing simulation selected one candidate (RVTR189525), but no safe disposition signal.",false
/Users/bobhopp/DJ MEDIA/VIDEO/2020's/Tommy Newport - Movie Screen.mp4,Tommy Newport,Movie Screen,RVTR175550,1,HUMAN REVIEW REQUIRED,"Existing simulation selected one candidate (RVTR175550), but no safe disposition signal.",false
/Users/bobhopp/DJ MEDIA/VIDEO/1970's/The Spinners - Rubberband Man.mp4,The Spinners,Rubberband Man,RVTR815345,1,HUMAN REVIEW REQUIRED,"Existing simulation selected one candidate (RVTR815345), but no safe disposition signal.",false
/Users/bobhopp/DJ MEDIA/VIDEO/1980's/Paul Simon - Boy In The Bubble.mp4,Paul Simon,Boy In The Bubble,RVTR887540,1,HUMAN REVIEW REQUIRED,"Existing simulation selected one candidate (RVTR887540), but no safe disposition signal.",false
/Users/bobhopp/DJ MEDIA/VIDEO/1990's/Tom Tom Club - You Sexy Thing.mp4,Tom Tom Club,You Sexy Thing,RVTR336837,1,HUMAN REVIEW REQUIRED,"Existing simulation selected one candidate (RVTR336837), but no safe disposition signal.",false
/Users/bobhopp/DJ MEDIA/VIDEO/2000's/Nonpoint - In The Air Tonight.mp4,Nonpoint,In The Air Tonight,RVTR202706,1,HUMAN REVIEW REQUIRED,"Existing simulation selected one candidate (RVTR202706), but no safe disposition signal.",false
/Users/bobhopp/DJ MEDIA/VIDEO/2000's/The Civil Wars - Poison & Wine.mp4,The Civil Wars,Poison & Wine,RVTR342412,0,NO CANONICAL CANDIDATE,No canonical candidate selected by the existing simulation.,false
/Users/bobhopp/DJ MEDIA/VIDEO/1960's/Dave Clark Five - Bits & Pieces.mp4,Dave Clark Five,Bits & Pieces,RVTR429536,1,SAFE TITLE NOISE,Existing simulation selected one canonical candidate (RVTR351703); deterministic filename/tag noise.,true
/Users/bobhopp/DJ MEDIA/VIDEO/1980's/The Call - Scene Beyond Dreams.mp4,The Call,Scene Beyond Dreams,RVTR158037,1,HUMAN REVIEW REQUIRED,"Existing simulation selected one candidate (RVTR158037), but no safe disposition signal.",false
/Users/bobhopp/DJ MEDIA/VIDEO/2010's/Die Antwoord - I Fink U Freaky.mp4,Die Antwoord,I Fink U Freaky,RVTR111287,1,HUMAN REVIEW REQUIRED,"Existing simulation selected one candidate (RVTR111287), but no safe disposition signal.",false
/Users/bobhopp/DJ MEDIA/VIDEO/TECHNO/Beat Dominator - 1-2-3-4-5-6 Bass.mp4,Beat Dominator,1-2-3-4-5-6 Bass,RVTR620236,1,HUMAN REVIEW REQUIRED,"Existing simulation selected one candidate (RVTR620236), but no safe disposition signal.",false
"/Users/bobhopp/DJ MEDIA/VIDEO/2000's/Brian Fallon - The Blues, Mary.mp4",Brian Fallon,"The Blues, Mary",RVTR048891,1,SAFE TITLE NOISE,Existing simulation selected one canonical candidate (RVTR048891); deterministic filename/tag noise.,true
/Users/bobhopp/DJ MEDIA/VIDEO/COUNTRY/FILL/Clay Walker - Loving You Then.mp4,Clay Walker,Loving You Then,RVTR892389,1,HUMAN REVIEW REQUIRED,"Existing simulation selected one candidate (RVTR892389), but no safe disposition signal.",false
/Users/bobhopp/DJ MEDIA/VIDEO/1960's/The Hollies - A Taste Of Honey.mp4,The Hollies,A Taste Of Honey,RVTR390246,1,HUMAN REVIEW REQUIRED,"Existing simulation selected one candidate (RVTR390246), but no safe disposition signal.",false
/Users/bobhopp/DJ MEDIA/VIDEO/1980's/Bryan Adams - You Belong To Me.mp4,Bryan Adams,You Belong To Me,RVTR846653,1,HUMAN REVIEW REQUIRED,"Existing simulation selected one candidate (RVTR846653), but no safe disposition signal.",false
/Users/bobhopp/DJ MEDIA/VIDEO/TECHNO/Yellowcard - Light Up The Sky.mp4,Yellowcard,Light Up The Sky,RVTR430462,1,HUMAN REVIEW REQUIRED,"Existing simulation selected one candidate (RVTR430462), but no safe disposition signal.",false
/Users/bobhopp/DJ MEDIA/VIDEO/1960's/Everly Brothers - Love Hurts.mp4,Everly Brothers,Love Hurts,RVTR334122,1,HUMAN REVIEW REQUIRED,"Existing simulation selected one candidate (RVTR334122), but no safe disposition signal.",false
/Users/bobhopp/DJ MEDIA/VIDEO/1990's/Van Morrison - Days Like This.mp4,Van Morrison,Days Like This,RVTR418079,1,HUMAN REVIEW REQUIRED,"Existing simulation selected one candidate (RVTR418079), but no safe disposition signal.",false
/Users/bobhopp/DJ MEDIA/VIDEO/2000's/Silversun Pickups - Lazy Eye.mp4,Silversun Pickups,Lazy Eye,RVTR201186,1,HUMAN REVIEW REQUIRED,"Existing simulation selected one candidate (RVTR201186), but no safe disposition signal.",false
/Users/bobhopp/DJ MEDIA/VIDEO/2010's/Jeremih f._50 Cent - Down On Me.mp4,Jeremih f./50 Cent,Down On Me,RVTR309454,1,HUMAN REVIEW REQUIRED,"Existing simulation selected one candidate (RVTR309454), but no safe disposition signal.",false
/Users/bobhopp/DJ MEDIA/VIDEO/TECHNO/Silversun Pickups - Lazy Eye.mp4,Silversun Pickups,Lazy Eye,RVTR201186,1,HUMAN REVIEW REQUIRED,"Existing simulation selected one candidate (RVTR201186), but no safe disposition signal.",false
/Users/bobhopp/DJ MEDIA/VIDEO/1970's/Ike & Tina Turner - Proud Mary.mp4,Ike & Tina Turner,Proud Mary,RVTR926099,1,HUMAN REVIEW REQUIRED,"Existing simulation selected one candidate (RVTR926099), but no safe disposition signal.",false
/Users/bobhopp/DJ MEDIA/VIDEO/1980's/The Carpenters - Close To You.mp4,The Carpenters,Close To You,RVTR269433,1,HUMAN REVIEW REQUIRED,"Existing simulation selected one candidate (RVTR269433), but no safe disposition signal.",false
/Users/bobhopp/DJ MEDIA/VIDEO/1980's/The Outfield - Say It Isn't So.mp4,The Outfield,Say It Isn't So,RVTR831808,1,SAFE TITLE NOISE,Existing simulation selected one canonical candidate (RVTR831808); deterministic filename/tag noise.,true
/Users/bobhopp/DJ MEDIA/VIDEO/2000's/Disturbed - Land Of Confusion.mp4,Disturbed,Land Of Confusion,RVTR970761,1,HUMAN REVIEW REQUIRED,"Existing simulation selected one candidate (RVTR970761), but no safe disposition signal.",false
/Users/bobhopp/DJ MEDIA/VIDEO/2020's/Paul McCartney - Come On To Me.mp4,Paul McCartney,Come On To Me,RVTR771084,1,HUMAN REVIEW REQUIRED,"Existing simulation selected one candidate (RVTR771084), but no safe disposition signal.",false
/Users/bobhopp/DJ MEDIA/VIDEO/TECHNO/Supafly Inc - Moving Too Fast.mp4,Supafly Inc,Moving Too Fast,RVTR002635,1,HUMAN REVIEW REQUIRED,"Existing simulation selected one candidate (RVTR002635), but no safe disposition signal.",false
/Users/bobhopp/DJ MEDIA/VIDEO/1980's/Dire Straits - Tunnel Of Love.mp4,Dire Straits,Tunnel Of Love,RVTR384862,1,HUMAN REVIEW REQUIRED,"Existing simulation selected one candidate (RVTR384862), but no safe disposition signal.",false
/Users/bobhopp/DJ MEDIA/VIDEO/TECHNO/Uncle Kracker - Yeah Yeah Yeah.mp4,Uncle Kracker,Yeah Yeah Yeah,RVTR493126,1,HUMAN REVIEW REQUIRED,"Existing simulation selected one candidate (RVTR493126), but no safe disposition signal.",false
/Users/bobhopp/DJ MEDIA/VIDEO/1980's/Moon Unit Zappa - Valley Girl.mp4,Moon Unit Zappa,Valley Girl,RVTR758214,1,HUMAN REVIEW REQUIRED,"Existing simulation selected one candidate (RVTR758214), but no safe disposition signal.",false
/Users/bobhopp/DJ MEDIA/VIDEO/2000's/Mamma Mia - Gimme! Gimme! Gimme!.mp4,Mamma Mia,Gimme! Gimme! Gimme!,RVTR471324,1,SAFE TITLE NOISE,Existing simulation selected one canonical candidate (RVTR471324); deterministic filename/tag noise.,true
/Users/bobhopp/DJ MEDIA/VIDEO/2010's/Mike Love - Permanent Holiday.mp4,Mike Love,Permanent Holiday,RVTR339048,1,HUMAN REVIEW REQUIRED,"Existing simulation selected one candidate (RVTR339048), but no safe disposition signal.",false
/Users/bobhopp/DJ MEDIA/VIDEO/1960's/The Mindbenders - Game Of Love.mp4,The Mindbenders,Game Of Love,RVTR222644,1,HUMAN REVIEW REQUIRED,"Existing simulation selected one candidate (RVTR222644), but no safe disposition signal.",false
/Users/bobhopp/DJ MEDIA/VIDEO/1970's/Pink Floyd - One Of These Days.mp4,Pink Floyd,One Of These Days,RVTR133813,1,HUMAN REVIEW REQUIRED,"Existing simulation selected one candidate (RVTR133813), but no safe disposition signal.",false
/Users/bobhopp/DJ MEDIA/VIDEO/1980's/REM - It's The End Of The World.mp4,REM,It's The End Of The World,RVTR331253,1,SAFE TITLE NOISE,Existing simulation selected one canonical candidate (RVTR331253); deterministic filename/tag noise.,true
/Users/bobhopp/DJ MEDIA/VIDEO/1990's/White Zombie - Black Sunshine.mp4,White Zombie,Black Sunshine,RVTR160942,1,HUMAN REVIEW REQUIRED,"Existing simulation selected one candidate (RVTR160942), but no safe disposition signal.",false
/Users/bobhopp/DJ MEDIA/VIDEO/TECHNO/Evanescence - Sweet Sacrifice.mp4,Evanescence,Sweet Sacrifice,RVTR516288,1,HUMAN REVIEW REQUIRED,"Existing simulation selected one candidate (RVTR516288), but no safe disposition signal.",false
/Users/bobhopp/DJ MEDIA/VIDEO/2020's/Miley Cyrus - Angels Like You.mp4,Miley Cyrus,Angels Like You,RVTR834943,1,HUMAN REVIEW REQUIRED,"Existing simulation selected one candidate (RVTR834943), but no safe disposition signal.",false
/Users/bobhopp/DJ MEDIA/VIDEO/COUNTRY/FILL/Ho I Am With You - Chris Young.mp4,Ho I Am With You,Chris Young,RVTR014477,1,HUMAN REVIEW REQUIRED,"Existing simulation selected one candidate (RVTR014477), but no safe disposition signal.",false
/Users/bobhopp/DJ MEDIA/VIDEO/1960's/Donovan - Season Of The Witch .mp4,Donovan,Season Of The Witch,RVTR481270,1,HUMAN REVIEW REQUIRED,"Existing simulation selected one candidate (RVTR481270), but no safe disposition signal.",false
/Users/bobhopp/DJ MEDIA/VIDEO/1970's/David Bowie - Heroes (Live Aid).mp4,David Bowie,Heroes (Live Aid),RVTR358811,1,SAFE TITLE NOISE,Existing simulation selected one canonical candidate (RVTR358811); deterministic filename/tag noise.,true
/Users/bobhopp/DJ MEDIA/VIDEO/2000's/Le Tigre - Nanny Nanny Boo Boo.mp4,Le Tigre,Nanny Nanny Boo Boo,RVTR644562,1,HUMAN REVIEW REQUIRED,"Existing simulation selected one candidate (RVTR644562), but no safe disposition signal.",false
/Users/bobhopp/DJ MEDIA/VIDEO/2010's/Gary Clark Jr. - Bright Lights.mp4,Gary Clark Jr.,Bright Lights,RVTR563959,1,HUMAN REVIEW REQUIRED,"Existing simulation selected one candidate (RVTR563959), but no safe disposition signal.",false
/Users/bobhopp/DJ MEDIA/VIDEO/2020's/Twenty One Pilots - Saturday.mp4,Twenty One Pilots,Saturday,RVTR615830,1,HUMAN REVIEW REQUIRED,"Existing simulation selected one candidate (RVTR615830), but no safe disposition signal.",false
/Users/bobhopp/DJ MEDIA/VIDEO/TECHNO/Sixx A.M. - Life Is Beautiful B.mp4,Sixx A.M.,Life Is Beautiful B,RVTR815923,1,HUMAN REVIEW REQUIRED,"Existing simulation selected one candidate (RVTR815923), but no safe disposition signal.",false
/Users/bobhopp/DJ MEDIA/VIDEO/1980's/Roy Orbison - California Blue.mp4,Roy Orbison,California Blue,RVTR720335,1,HUMAN REVIEW REQUIRED,"Existing simulation selected one candidate (RVTR720335), but no safe disposition signal.",false
/Users/bobhopp/DJ MEDIA/VIDEO/1990's/Crystal Waters - Gypsy Woman.mp4,Crystal Waters,Gypsy Woman,RVTR042530,1,HUMAN REVIEW REQUIRED,"Existing simulation selected one candidate (RVTR042530), but no safe disposition signal.",false
/Users/bobhopp/DJ MEDIA/VIDEO/2010's/Gorillaz - On Melancholy Hill.mp4,Gorillaz,On Melancholy Hill,RVTR729564,1,HUMAN REVIEW REQUIRED,"Existing simulation selected one candidate (RVTR729564), but no safe disposition signal.",false
/Users/bobhopp/DJ MEDIA/VIDEO/TECHNO/All Envy Aside - Burning Again.mp4,All Envy Aside,Burning Again,RVTR903888,1,HUMAN REVIEW REQUIRED,"Existing simulation selected one candidate (RVTR903888), but no safe disposition signal.",false
/Users/bobhopp/DJ MEDIA/VIDEO/1990's/Dread Zeppelin - Heartbreaker.mp4,Dread Zeppelin,Heartbreaker,RVTR864474,1,HUMAN REVIEW REQUIRED,"Existing simulation selected one candidate (RVTR864474), but no safe disposition signal.",false
/Users/bobhopp/DJ MEDIA/VIDEO/1990's/John Anderson - Seminole Wind.mp4,John Anderson,Seminole Wind,RVTR322968,1,HUMAN REVIEW REQUIRED,"Existing simulation selected one candidate (RVTR322968), but no safe disposition signal.",false
/Users/bobhopp/DJ MEDIA/VIDEO/1990's/Operation Ivy - Sound System.mp4,Operation Ivy,Sound System,RVTR837189,1,HUMAN REVIEW REQUIRED,"Existing simulation selected one candidate (RVTR837189), but no safe disposition signal.",false
/Users/bobhopp/DJ MEDIA/VIDEO/2020's/Filmore - Somewhere With Beer.mp4,Filmore,Somewhere With Beer,RVTR322673,1,HUMAN REVIEW REQUIRED,"Existing simulation selected one candidate (RVTR322673), but no safe disposition signal.",false
/Users/bobhopp/DJ MEDIA/VIDEO/1990's/Little Ceasar - Chain Of Fools.mp4,Little Ceasar,Chain Of Fools,RVTR572955,1,HUMAN REVIEW REQUIRED,"Existing simulation selected one candidate (RVTR572955), but no safe disposition signal.",false
/Users/bobhopp/DJ MEDIA/VIDEO/2010's/Stick Figure - Angels Above Me.mp4,Stick Figure,Angels Above Me,RVTR938363,1,HUMAN REVIEW REQUIRED,"Existing simulation selected one candidate (RVTR938363), but no safe disposition signal.",false
/Users/bobhopp/DJ MEDIA/VIDEO/1980's/Lionel Richie - All Night Long.mp4,Lionel Richie,All Night Long,RVTR958090,1,HUMAN REVIEW REQUIRED,"Existing simulation selected one candidate (RVTR958090), but no safe disposition signal.",false
/Users/bobhopp/DJ MEDIA/VIDEO/1980's/Steely Dan - Midnight Cruiser.mp4,Steely Dan,Midnight Cruiser,RVTR594479,1,HUMAN REVIEW REQUIRED,"Existing simulation selected one candidate (RVTR594479), but no safe disposition signal.",false
/Users/bobhopp/DJ MEDIA/VIDEO/COUNTRY/FILL/Kristian Bush - Trailer Hitch.mp4,Kristian Bush,Trailer Hitch,RVTR630259,1,HUMAN REVIEW REQUIRED,"Existing simulation selected one candidate (RVTR630259), but no safe disposition signal.",false
/Users/bobhopp/DJ MEDIA/VIDEO/1980's/Iron Maiden - Run To The Hills.mp4,Iron Maiden,Run To The Hills,RVTR652016,1,HUMAN REVIEW REQUIRED,"Existing simulation selected one candidate (RVTR652016), but no safe disposition signal.",false
/Users/bobhopp/DJ MEDIA/VIDEO/COUNTRY/FILL/Nik Kershaw - Wouldn't Be Good.mp4,Nik Kershaw,Wouldn't Be Good,RVTR408862,1,SAFE TITLE NOISE,Existing simulation selected one canonical candidate (RVTR408862); deterministic filename/tag noise.,true
/Users/bobhopp/DJ MEDIA/VIDEO/1980's/Sammy Davis Jr - Mr. Bojangles.mp4,Sammy Davis Jr,Mr. Bojangles,RVTR871025,1,SAFE TITLE NOISE,Existing simulation selected one canonical candidate (RVTR871025); deterministic filename/tag noise.,true
/Users/bobhopp/DJ MEDIA/VIDEO/2010's/JD McPherson - Head Over Heels.mp4,JD McPherson,Head Over Heels,RVTR218713,1,HUMAN REVIEW REQUIRED,"Existing simulation selected one candidate (RVTR218713), but no safe disposition signal.",false
/Users/bobhopp/DJ MEDIA/VIDEO/1970's/Crystal Gayle - Cry Me A River.mp4,Crystal Gayle,Cry Me A River,RVTR675317,1,HUMAN REVIEW REQUIRED,"Existing simulation selected one candidate (RVTR675317), but no safe disposition signal.",false
/Users/bobhopp/DJ MEDIA/VIDEO/1980's/Joan Armatrading - Me Myself I.mp4,Joan Armatrading,Me Myself I,RVTR880846,1,HUMAN REVIEW REQUIRED,"Existing simulation selected one candidate (RVTR880846), but no safe disposition signal.",false
/Users/bobhopp/DJ MEDIA/VIDEO/2010's/MacKenzie Porter - These Days.mp4,MacKenzie Porter,These Days,RVTR866806,1,HUMAN REVIEW REQUIRED,"Existing simulation selected one candidate (RVTR866806), but no safe disposition signal.",false
/Users/bobhopp/DJ MEDIA/VIDEO/2020's/Dvsn & Ty Dolla $ign - Memories.mp4,Dvsn & Ty Dolla $ign,Memories,RVTR204489,1,HUMAN REVIEW REQUIRED,"Existing simulation selected one candidate (RVTR204489), but no safe disposition signal.",false
/Users/bobhopp/DJ MEDIA/VIDEO/2020's/Luke Hemmings - Starting Line.mp4,Luke Hemmings,Starting Line,RVTR102584,1,HUMAN REVIEW REQUIRED,"Existing simulation selected one candidate (RVTR102584), but no safe disposition signal.",false
/Users/bobhopp/DJ MEDIA/VIDEO/1960's/Etta James - I'm Sorry For You.mp4,Etta James,I'm Sorry For You,RVTR672147,1,SAFE TITLE NOISE,Existing simulation selected one canonical candidate (RVTR672147); deterministic filename/tag noise.,true
/Users/bobhopp/DJ MEDIA/VIDEO/1970's/Kate Bush - Wuthering Heights.mp4,Kate Bush,Wuthering Heights,RVTR167315,1,HUMAN REVIEW REQUIRED,"Existing simulation selected one candidate (RVTR167315), but no safe disposition signal.",false
/Users/bobhopp/DJ MEDIA/VIDEO/TECHNO/Nina Sky f.Jabba - Move Ya Body.mp4,Nina Sky f.Jabba,Move Ya Body,RVTR850003,1,HUMAN REVIEW REQUIRED,"Existing simulation selected one candidate (RVTR850003), but no safe disposition signal.",false
/Users/bobhopp/DJ MEDIA/VIDEO/1970's/Al Green - Take Me To The River.mp4,Al Green,Take Me To The River,RVTR172390,1,HUMAN REVIEW REQUIRED,"Existing simulation selected one candidate (RVTR172390), but no safe disposition signal.",false
/Users/bobhopp/DJ MEDIA/VIDEO/1990's/Brandy - Sittin' Up In My Room.mp4,Brandy,Sittin' Up In My Room,RVTR251774,1,SAFE TITLE NOISE,Existing simulation selected one canonical candidate (RVTR251774); deterministic filename/tag noise.,true
/Users/bobhopp/DJ MEDIA/VIDEO/1980's/Grim Reaper - Rock You To Hell.mp4,Grim Reaper,Rock You To Hell,RVTR785416,1,HUMAN REVIEW REQUIRED,"Existing simulation selected one candidate (RVTR785416), but no safe disposition signal.",false
/Users/bobhopp/DJ MEDIA/VIDEO/1980's/Judas Priest - Johnny B. Goode.mp4,Judas Priest,Johnny B. Goode,RVTR503944,1,SAFE TITLE NOISE,Existing simulation selected one canonical candidate (RVTR503944); deterministic filename/tag noise.,true
/Users/bobhopp/DJ MEDIA/VIDEO/1990's/Ween - Push Th' Little Daisies.mp4,Ween,Push Th' Little Daisies,RVTR068385,1,SAFE TITLE NOISE,Existing simulation selected one canonical candidate (RVTR068385); deterministic filename/tag noise.,true
/Users/bobhopp/DJ MEDIA/VIDEO/1980's/Jim Capaldi - Livin On the Edge.mp4,Jim Capaldi,Livin On the Edge,RVTR498335,1,HUMAN REVIEW REQUIRED,"Existing simulation selected one candidate (RVTR498335), but no safe disposition signal.",false
"/Users/bobhopp/DJ MEDIA/VIDEO/2020's/Kane Brown, Blackbear - Memory.mp4","Kane Brown, Blackbear",Memory,RVTR731786,1,HUMAN REVIEW REQUIRED,"Existing simulation selected one candidate (RVTR731786), but no safe disposition signal.",false
/Users/bobhopp/DJ MEDIA/VIDEO/1980's/Pink Floyd - Comfortably Numb.mp4,Pink Floyd,Comfortably Numb,RVTR508334,1,HUMAN REVIEW REQUIRED,"Existing simulation selected one candidate (RVTR508334), but no safe disposition signal.",false
/Users/bobhopp/DJ MEDIA/VIDEO/1990's/Texas Tornados - Adios Mexico.mp4,Texas Tornados,Adios Mexico,RVTR926784,1,HUMAN REVIEW REQUIRED,"Existing simulation selected one candidate (RVTR926784), but no safe disposition signal.",false
/Users/bobhopp/DJ MEDIA/VIDEO/1950's/Mickey Mouse Club - Alma Mater.mp4,Mickey Mouse Club,Alma Mater,RVTR804587,1,HUMAN REVIEW REQUIRED,"Existing simulation selected one candidate (RVTR804587), but no safe disposition signal.",false
/Users/bobhopp/DJ MEDIA/VIDEO/1970's/Elvis Presley - Don't Be Cruel.mp4,Elvis Presley,Don't Be Cruel,RVTR177780,1,SAFE TITLE NOISE,Existing simulation selected one canonical candidate (RVTR177780); deterministic filename/tag noise.,true
/Users/bobhopp/DJ MEDIA/VIDEO/1990's/Metallica - Whiskey In The Jar.mp4,Metallica,Whiskey In The Jar,RVTR675460,1,HUMAN REVIEW REQUIRED,"Existing simulation selected one candidate (RVTR675460), but no safe disposition signal.",false
/Users/bobhopp/DJ MEDIA/VIDEO/2000's/Beyonce - Empire State Of Mind.mp4,Beyonce,Empire State Of Mind,RVTR341813,1,HUMAN REVIEW REQUIRED,"Existing simulation selected one candidate (RVTR341813), but no safe disposition signal.",false
/Users/bobhopp/DJ MEDIA/VIDEO/1960's/Sonny and Cher - I Got You Babe.mp4,Sonny and Cher,I Got You Babe,RVTR097270,1,HUMAN REVIEW REQUIRED,"Existing simulation selected one candidate (RVTR097270), but no safe disposition signal.",false
/Users/bobhopp/DJ MEDIA/VIDEO/2000's/The Fratellis - Chelsea Dagger.mp4,The Fratellis,Chelsea Dagger,RVTR840745,1,HUMAN REVIEW REQUIRED,"Existing simulation selected one candidate (RVTR840745), but no safe disposition signal.",false
/Users/bobhopp/DJ MEDIA/VIDEO/2000's/Crazy Frog - The Hamster Dance.mp4,Crazy Frog,The Hamster Dance,RVTR585401,1,HUMAN REVIEW REQUIRED,"Existing simulation selected one candidate (RVTR585401), but no safe disposition signal.",false
/Users/bobhopp/DJ MEDIA/VIDEO/2010's/Movies Dance Scenes - Macarena.mp4,Movies Dance Scenes,Macarena,RVTR591617,1,HUMAN REVIEW REQUIRED,"Existing simulation selected one candidate (RVTR591617), but no safe disposition signal.",false
/Users/bobhopp/DJ MEDIA/VIDEO/2010's/Sammy Adams - All Night Longer.mp4,Sammy Adams,All Night Longer,RVTR846092,1,HUMAN REVIEW REQUIRED,"Existing simulation selected one candidate (RVTR846092), but no safe disposition signal.",false
/Users/bobhopp/DJ MEDIA/VIDEO/TECHNO/Corrs - When The Stars Go Blue.mp4,Corrs,When The Stars Go Blue,RVTR313231,1,HUMAN REVIEW REQUIRED,"Existing simulation selected one candidate (RVTR313231), but no safe disposition signal.",false
/Users/bobhopp/DJ MEDIA/VIDEO/1990's/Lisa Loeb - Stay (I Missed You).mp4,Lisa Loeb, Stay (I Missed You),RVTR636565,1,SAFE TITLE NOISE,Existing simulation selected one canonical candidate (RVTR636565); deterministic filename/tag noise.,true
/Users/bobhopp/DJ MEDIA/VIDEO/2000's/Jason Mraz - Curbside Prophet.mp4,Jason Mraz,Curbside Prophet,RVTR590835,1,HUMAN REVIEW REQUIRED,"Existing simulation selected one candidate (RVTR590835), but no safe disposition signal.",false
/Users/bobhopp/DJ MEDIA/VIDEO/TECHNO/Jason Mraz - Curbside Prophet.mp4,Jason Mraz,Curbside Prophet,RVTR590835,1,HUMAN REVIEW REQUIRED,"Existing simulation selected one candidate (RVTR590835), but no safe disposition signal.",false
/Users/bobhopp/DJ MEDIA/VIDEO/1980's/Babylon A.D. - Bang Go The Bells.mp4,Babylon A.D.,Bang Go The Bells,RVTR242410,1,HUMAN REVIEW REQUIRED,"Existing simulation selected one candidate (RVTR242410), but no safe disposition signal.",false
/Users/bobhopp/DJ MEDIA/VIDEO/2010's/Lissie - Nothing Else Matters.mp4,Lissie,Nothing Else Matters,RVTR499114,1,HUMAN REVIEW REQUIRED,"Existing simulation selected one candidate (RVTR499114), but no safe disposition signal.",false
/Users/bobhopp/DJ MEDIA/VIDEO/1960's/Bob Dylan - Visions Of Johanna.mp4,Bob Dylan,Visions Of Johanna,RVTR754151,1,HUMAN REVIEW REQUIRED,"Existing simulation selected one candidate (RVTR754151), but no safe disposition signal.",false
/Users/bobhopp/DJ MEDIA/VIDEO/1980's/More Than I Can Say - Leo Sayer.mp4,More Than I Can Say,Leo Sayer,RVTR672355,1,HUMAN REVIEW REQUIRED,"Existing simulation selected one candidate (RVTR672355), but no safe disposition signal.",false
/Users/bobhopp/DJ MEDIA/VIDEO/1990's/Radiohead - Fake Plastic Trees.mp4,Radiohead,Fake Plastic Trees,RVTR622951,1,HUMAN REVIEW REQUIRED,"Existing simulation selected one candidate (RVTR622951), but no safe disposition signal.",false
/Users/bobhopp/DJ MEDIA/VIDEO/1990's/Filter - Gimme All Your Lovin'.mp4,Filter,Gimme All Your Lovin',RVTR524334,1,SAFE TITLE NOISE,Existing simulation selected one canonical candidate (RVTR524334); deterministic filename/tag noise.,true
/Users/bobhopp/DJ MEDIA/VIDEO/1970's/Blotto - I Wanna Be A Lifeguard.mp4,Blotto,I Wanna Be A Lifeguard,RVTR254865,1,HUMAN REVIEW REQUIRED,"Existing simulation selected one candidate (RVTR254865), but no safe disposition signal.",false
/Users/bobhopp/DJ MEDIA/VIDEO/1980's/Malcolm McLaren - Buffalo Gals.mp4,Malcolm McLaren,Buffalo Gals,RVTR556540,1,HUMAN REVIEW REQUIRED,"Existing simulation selected one candidate (RVTR556540), but no safe disposition signal.",false
/Users/bobhopp/DJ MEDIA/VIDEO/2020's/Ingrid Andress - Waste of Lime.mp4,Ingrid Andress,Waste of Lime,RVTR555913,1,HUMAN REVIEW REQUIRED,"Existing simulation selected one candidate (RVTR555913), but no safe disposition signal.",false
/Users/bobhopp/DJ MEDIA/VIDEO/1960's/Jeff Beck - Hi Ho Silver Lining.mp4,Jeff Beck,Hi Ho Silver Lining,RVTR577391,1,HUMAN REVIEW REQUIRED,"Existing simulation selected one candidate (RVTR577391), but no safe disposition signal.",false
/Users/bobhopp/DJ MEDIA/VIDEO/1970's/Humble Pie - 30 Days In The Hole.mp4,Humble Pie,30 Days In The Hole,RVTR664188,1,HUMAN REVIEW REQUIRED,"Existing simulation selected one candidate (RVTR664188), but no safe disposition signal.",false
/Users/bobhopp/DJ MEDIA/VIDEO/1980's/Rupert Hine - Surface Tension.mp4,Rupert Hine,Surface Tension,RVTR391706,1,HUMAN REVIEW REQUIRED,"Existing simulation selected one candidate (RVTR391706), but no safe disposition signal.",false
/Users/bobhopp/DJ MEDIA/VIDEO/1990's/Peter Gabriel - Kiss That Frog.mp4,Peter Gabriel,Kiss That Frog,RVTR025132,1,HUMAN REVIEW REQUIRED,"Existing simulation selected one candidate (RVTR025132), but no safe disposition signal.",false
/Users/bobhopp/DJ MEDIA/VIDEO/2020's/Bryce Vine - Miss You A Little.mp4,Bryce Vine,Miss You A Little,RVTR938262,1,HUMAN REVIEW REQUIRED,"Existing simulation selected one candidate (RVTR938262), but no safe disposition signal.",false
/Users/bobhopp/DJ MEDIA/VIDEO/2000's/Brooklyn Bounce - Loud & Proud.mp4,Brooklyn Bounce,Loud & Proud,RVTR668193,1,SAFE TITLE NOISE,Existing simulation selected one canonical candidate (RVTR668193); deterministic filename/tag noise.,true
/Users/bobhopp/DJ MEDIA/VIDEO/1960's/Mike Furber - You re Back Again.mp4,Mike Furber,You re Back Again,RVTR743410,1,HUMAN REVIEW REQUIRED,"Existing simulation selected one candidate (RVTR743410), but no safe disposition signal.",false
/Users/bobhopp/DJ MEDIA/VIDEO/2010's/Flo Rida f._Akon - Who Dat Girl.mp4,Flo Rida f./Akon,Who Dat Girl,RVTR690943,1,HUMAN REVIEW REQUIRED,"Existing simulation selected one candidate (RVTR690943), but no safe disposition signal.",false
/Users/bobhopp/DJ MEDIA/VIDEO/1960's/Ray Charles - Hit The Road Jack.mp4,Ray Charles,Hit The Road Jack,RVTR510057,1,HUMAN REVIEW REQUIRED,"Existing simulation selected one candidate (RVTR510057), but no safe disposition signal.",false
/Users/bobhopp/DJ MEDIA/VIDEO/1990's/Spectrum - How You Satisfy Me.mp4,Spectrum,How You Satisfy Me,RVTR253848,1,HUMAN REVIEW REQUIRED,"Existing simulation selected one candidate (RVTR253848), but no safe disposition signal.",false
/Users/bobhopp/DJ MEDIA/VIDEO/2000's/Norah Jones - Tennessee Waltz.mp4,Norah Jones,Tennessee Waltz,RVTR628119,1,HUMAN REVIEW REQUIRED,"Existing simulation selected one candidate (RVTR628119), but no safe disposition signal.",false
/Users/bobhopp/DJ MEDIA/VIDEO/1980's/Daryl Hall & John Oates - Private Eyes.mp4,Daryl Hall & John Oates,Private Eyes,RVTR680010,1,HUMAN REVIEW REQUIRED,"Existing simulation selected one candidate (RVTR680010), but no safe disposition signal.",false
/Users/bobhopp/DJ MEDIA/VIDEO/2000's/Rise Against - Swing Life Away.mp4,Rise Against,Swing Life Away,RVTR550428,1,HUMAN REVIEW REQUIRED,"Existing simulation selected one candidate (RVTR550428), but no safe disposition signal.",false
/Users/bobhopp/DJ MEDIA/VIDEO/1980's/Split Enz - Message To My Girl.mp4,Split Enz,Message To My Girl,RVTR805253,1,HUMAN REVIEW REQUIRED,"Existing simulation selected one candidate (RVTR805253), but no safe disposition signal.",false
/Users/bobhopp/DJ MEDIA/VIDEO/2010's/Greta Van Fleet - Highway Tune.mp4,Greta Van Fleet,Highway Tune,RVTR535829,1,HUMAN REVIEW REQUIRED,"Existing simulation selected one candidate (RVTR535829), but no safe disposition signal.",false
/Users/bobhopp/DJ MEDIA/VIDEO/2010's/Kidd G - Summer In A Small Town.mp4,Kidd G,Summer In A Small Town,RVTR717528,1,HUMAN REVIEW REQUIRED,"Existing simulation selected one candidate (RVTR717528), but no safe disposition signal.",false
/Users/bobhopp/DJ MEDIA/VIDEO/1990's/Jimmy Buffet - Margaritaville.mp4,Jimmy Buffet,Margaritaville,RVTR615895,1,HUMAN REVIEW REQUIRED,"Existing simulation selected one candidate (RVTR615895), but no safe disposition signal.",false
/Users/bobhopp/DJ MEDIA/VIDEO/2010's/The Dead South - Broken Cowboy.mp4,The Dead South,Broken Cowboy,RVTR056198,1,HUMAN REVIEW REQUIRED,"Existing simulation selected one candidate (RVTR056198), but no safe disposition signal.",false
/Users/bobhopp/DJ MEDIA/VIDEO/TECHNO/Poison - We're An American Band.mp4,Poison,We're An American Band,RVTR324678,1,SAFE TITLE NOISE,Existing simulation selected one canonical candidate (RVTR324678); deterministic filename/tag noise.,true
/Users/bobhopp/DJ MEDIA/VIDEO/1960's/Jackie Wilson - Higher & Higher.mp4,Jackie Wilson,Higher & Higher,RVTR924922,1,SAFE TITLE NOISE,Existing simulation selected one canonical candidate (RVTR532991); deterministic filename/tag noise.,true
"/Users/bobhopp/DJ MEDIA/VIDEO/1990's/Ricky Martin - Cup Of Life, The.mp4",Ricky Martin,"Cup Of Life, The",RVTR431892,1,SAFE TITLE NOISE,Existing simulation selected one canonical candidate (RVTR431892); deterministic filename/tag noise.,true
/Users/bobhopp/DJ MEDIA/VIDEO/TECHNO/Musique vs. U2 - New Year's Dub.mp4,Musique vs. U2,New Year's Dub,RVTR918036,1,SAFE TITLE NOISE,Existing simulation selected one canonical candidate (RVTR918036); deterministic filename/tag noise.,true
/Users/bobhopp/DJ MEDIA/VIDEO/1970's/The Guess Who - American Woman.mp4,The Guess Who,American Woman,RVTR823512,1,HUMAN REVIEW REQUIRED,"Existing simulation selected one candidate (RVTR823512), but no safe disposition signal.",false
/Users/bobhopp/DJ MEDIA/VIDEO/1980's/The Replacements - Achin' To Be.mp4,The Replacements,Achin' To Be,RVTR340784,1,SAFE TITLE NOISE,Existing simulation selected one canonical candidate (RVTR340784); deterministic filename/tag noise.,true
/Users/bobhopp/DJ MEDIA/VIDEO/1960's/The Beatles - Octopus's Garden.mp4,The Beatles,Octopus's Garden,RVTR733261,1,SAFE TITLE NOISE,Existing simulation selected one canonical candidate (RVTR733261); deterministic filename/tag noise.,true
/Users/bobhopp/DJ MEDIA/VIDEO/1980's/Prince & The Revolution - Kiss.mp4,Prince & The Revolution,Kiss,RVTR634639,1,HUMAN REVIEW REQUIRED,"Existing simulation selected one candidate (RVTR634639), but no safe disposition signal.",false
/Users/bobhopp/DJ MEDIA/VIDEO/TECHNO/Jessica Simpson - A Little Bit.mp4,Jessica Simpson,A Little Bit,RVTR646792,1,HUMAN REVIEW REQUIRED,"Existing simulation selected one candidate (RVTR646792), but no safe disposition signal.",false
/Users/bobhopp/DJ MEDIA/VIDEO/1980's/Depeche Mode - Leave In Silence.mp4,Depeche Mode,Leave In Silence,RVTR797817,1,HUMAN REVIEW REQUIRED,"Existing simulation selected one candidate (RVTR797817), but no safe disposition signal.",false
/Users/bobhopp/DJ MEDIA/VIDEO/1990's/Alanis Morissette - Thank You.mp4,Alanis Morissette,Thank You,RVTR487180,1,HUMAN REVIEW REQUIRED,"Existing simulation selected one candidate (RVTR487180), but no safe disposition signal.",false
/Users/bobhopp/DJ MEDIA/VIDEO/2010's/Valentino Khan - Deep Down Low.mp4,Valentino Khan,Deep Down Low,RVTR510985,1,HUMAN REVIEW REQUIRED,"Existing simulation selected one candidate (RVTR510985), but no safe disposition signal.",false
/Users/bobhopp/DJ MEDIA/VIDEO/TECHNO/Major Boys - Friday Night Kids.mp4,Major Boys,Friday Night Kids,RVTR476763,1,HUMAN REVIEW REQUIRED,"Existing simulation selected one candidate (RVTR476763), but no safe disposition signal.",false
/Users/bobhopp/DJ MEDIA/VIDEO/1970's/Joni Mitchell - Both Sides Now.mp4,Joni Mitchell,Both Sides Now,RVTR449503,1,HUMAN REVIEW REQUIRED,"Existing simulation selected one candidate (RVTR449503), but no safe disposition signal.",false
/Users/bobhopp/DJ MEDIA/VIDEO/1980's/Eddy Grant - Gimme Hope Jo'anna.mp4,Eddy Grant,Gimme Hope Jo'anna,RVTR918617,1,SAFE TITLE NOISE,Existing simulation selected one canonical candidate (RVTR918617); deterministic filename/tag noise.,true
/Users/bobhopp/DJ MEDIA/VIDEO/1990's/Peter Andre - Mysterious Girl.mp4,Peter Andre,Mysterious Girl,RVTR610975,1,HUMAN REVIEW REQUIRED,"Existing simulation selected one candidate (RVTR610975), but no safe disposition signal.",false
/Users/bobhopp/DJ MEDIA/VIDEO/2000's/JJ Grey & Mofro - Brighter Days.mp4,JJ Grey & Mofro,Brighter Days,RVTR052202,1,HUMAN REVIEW REQUIRED,"Existing simulation selected one candidate (RVTR052202), but no safe disposition signal.",false
/Users/bobhopp/DJ MEDIA/VIDEO/2020's/Tokyo Goove Jyoshi - Funk No.1.mp4,Tokyo Goove Jyoshi,Funk No.1,RVTR504840,1,SAFE TITLE NOISE,Existing simulation selected one canonical candidate (RVTR504840); deterministic filename/tag noise.,true
/Users/bobhopp/DJ MEDIA/VIDEO/1970's/Robert Palmer - Pressure Drop.mp4,Robert Palmer,Pressure Drop,RVTR970101,1,HUMAN REVIEW REQUIRED,"Existing simulation selected one candidate (RVTR970101), but no safe disposition signal.",false
/Users/bobhopp/DJ MEDIA/VIDEO/1980's/Public Enemy - Fight The Power.mp4,Public Enemy,Fight The Power,RVTR962749,1,HUMAN REVIEW REQUIRED,"Existing simulation selected one candidate (RVTR962749), but no safe disposition signal.",false
/Users/bobhopp/DJ MEDIA/VIDEO/1970's/Mac Arthur Park - Donna Summer.mp4,Mac Arthur Park,Donna Summer,RVTR627767,1,HUMAN REVIEW REQUIRED,"Existing simulation selected one candidate (RVTR627767), but no safe disposition signal.",false
/Users/bobhopp/DJ MEDIA/VIDEO/1980's/Ph.D - Little Susie's On The Up.mp4,Ph.D,Little Susie's On The Up,RVTR859207,1,SAFE TITLE NOISE,Existing simulation selected one canonical candidate (RVTR859207); deterministic filename/tag noise.,true
/Users/bobhopp/DJ MEDIA/VIDEO/1980's/Snowy White - Bird Of Paradise.mp4,Snowy White,Bird Of Paradise,RVTR686612,1,HUMAN REVIEW REQUIRED,"Existing simulation selected one candidate (RVTR686612), but no safe disposition signal.",false
/Users/bobhopp/DJ MEDIA/VIDEO/TECHNO/Ashlee Simpson - Outta My Head.mp4,Ashlee Simpson,Outta My Head,RVTR351300,1,HUMAN REVIEW REQUIRED,"Existing simulation selected one candidate (RVTR351300), but no safe disposition signal.",false
/Users/bobhopp/DJ MEDIA/VIDEO/TECHNO/Soda Club - Take My Breath Away.mp4,Soda Club,Take My Breath Away,RVTR874852,1,HUMAN REVIEW REQUIRED,"Existing simulation selected one candidate (RVTR874852), but no safe disposition signal.",false
/Users/bobhopp/DJ MEDIA/VIDEO/TECHNO/Vanessa Williams - Breathless.mp4,Vanessa Williams,Breathless,RVTR983427,1,HUMAN REVIEW REQUIRED,"Existing simulation selected one candidate (RVTR983427), but no safe disposition signal.",false
/Users/bobhopp/DJ MEDIA/VIDEO/2010's/Paul Cauthen - Holy Ghost Fire.mp4,Paul Cauthen, Holy Ghost Fire,RVTR331775,1,HUMAN REVIEW REQUIRED,"Existing simulation selected one candidate (RVTR331775), but no safe disposition signal.",false
/Users/bobhopp/DJ MEDIA/VIDEO/TECHNO/Modest Mouse - Missed The Boat.mp4,Modest Mouse,Missed The Boat,RVTR825163,1,HUMAN REVIEW REQUIRED,"Existing simulation selected one candidate (RVTR825163), but no safe disposition signal.",false
/Users/bobhopp/DJ MEDIA/VIDEO/2010's/The Stone Foxes - I'm a King Bee.mp4,The Stone Foxes,I'm a King Bee,RVTR751390,1,SAFE TITLE NOISE,Existing simulation selected one canonical candidate (RVTR751390); deterministic filename/tag noise.,true
/Users/bobhopp/DJ MEDIA/VIDEO/1990's/Alice In Chains - Down in a Hole.mp4,Alice In Chains,Down in a Hole,RVTR209687,1,HUMAN REVIEW REQUIRED,"Existing simulation selected one candidate (RVTR209687), but no safe disposition signal.",false
/Users/bobhopp/DJ MEDIA/VIDEO/2010's/Miranda Lambert - Tequila Does.mp4,Miranda Lambert,Tequila Does,RVTR671039,1,HUMAN REVIEW REQUIRED,"Existing simulation selected one candidate (RVTR671039), but no safe disposition signal.",false
/Users/bobhopp/DJ MEDIA/VIDEO/1960's/Bob Seger - Ramblin Gamblin Man.mp4,Bob Seger,Ramblin Gamblin Man,RVTR685128,1,HUMAN REVIEW REQUIRED,"Existing simulation selected one candidate (RVTR685128), but no safe disposition signal.",false
/Users/bobhopp/DJ MEDIA/VIDEO/1980's/Whitney Houston - Higher Love.mp4,Whitney Houston,Higher Love,RVTR831495,1,HUMAN REVIEW REQUIRED,"Existing simulation selected one candidate (RVTR831495), but no safe disposition signal.",false
/Users/bobhopp/DJ MEDIA/VIDEO/2000's/Gucci Mane F.Usher - Spotlight.mp4,Gucci Mane F.Usher,Spotlight,RVTR162473,1,HUMAN REVIEW REQUIRED,"Existing simulation selected one candidate (RVTR162473), but no safe disposition signal.",false
/Users/bobhopp/DJ MEDIA/VIDEO/TECHNO/Global DeeJays - What A Feeling.mp4,Global DeeJays,What A Feeling,RVTR974253,1,HUMAN REVIEW REQUIRED,"Existing simulation selected one candidate (RVTR974253), but no safe disposition signal.",false
/Users/bobhopp/DJ MEDIA/VIDEO/1960's/Dana Fuchs - I'd Rather Go Blind.mp4,Dana Fuchs,I'd Rather Go Blind,RVTR882542,1,SAFE TITLE NOISE,Existing simulation selected one canonical candidate (RVTR882542); deterministic filename/tag noise.,true
/Users/bobhopp/DJ MEDIA/VIDEO/2000's/Leona Lewis - Hotel California.mp4,Leona Lewis,Hotel California,RVTR191910,1,HUMAN REVIEW REQUIRED,"Existing simulation selected one candidate (RVTR191910), but no safe disposition signal.",false
/Users/bobhopp/DJ MEDIA/VIDEO/TECHNO/Maroon 5 - Goodnight Goodnight.mp4,Maroon 5,Goodnight Goodnight,RVTR688897,1,HUMAN REVIEW REQUIRED,"Existing simulation selected one candidate (RVTR688897), but no safe disposition signal.",false
/Users/bobhopp/DJ MEDIA/VIDEO/1950's/Dean Martin - That's Amore (1956).mp4,Dean Martin,That's Amore (1956),RVTR331261,1,SAFE TITLE NOISE,Existing simulation selected one canonical candidate (RVTR331261); deterministic filename/tag noise.,true
/Users/bobhopp/DJ MEDIA/VIDEO/1960's/Etta James - I'd Rather Be Blind.mp4,Etta James,I'd Rather Be Blind,RVTR914888,1,SAFE TITLE NOISE,Existing simulation selected one canonical candidate (RVTR914888); deterministic filename/tag noise.,true
/Users/bobhopp/DJ MEDIA/VIDEO/1970's/Led Zeppelin - Boogie With Stu.mp4,Led Zeppelin,Boogie With Stu,RVTR992764,1,HUMAN REVIEW REQUIRED,"Existing simulation selected one candidate (RVTR992764), but no safe disposition signal.",false
/Users/bobhopp/DJ MEDIA/VIDEO/2000's/Dave Matthews Band - Satellite.MP4,Dave Matthews Band,Satellite,RVTR449500,1,HUMAN REVIEW REQUIRED,"Existing simulation selected one candidate (RVTR449500), but no safe disposition signal.",false
/Users/bobhopp/DJ MEDIA/VIDEO/1970's/Fanny - Last Night I Had A Dream.mp4,Fanny,Last Night I Had A Dream,RVTR276071,1,HUMAN REVIEW REQUIRED,"Existing simulation selected one candidate (RVTR276071), but no safe disposition signal.",false
/Users/bobhopp/DJ MEDIA/VIDEO/1980's/Dwight Yoakam - Honky Tonk Man.mp4,Dwight Yoakam,Honky Tonk Man,RVTR798789,1,HUMAN REVIEW REQUIRED,"Existing simulation selected one candidate (RVTR798789), but no safe disposition signal.",false
/Users/bobhopp/DJ MEDIA/VIDEO/1980's/Elvis Costello - Shipbuilding.mp4,Elvis Costello,Shipbuilding,RVTR833368,1,HUMAN REVIEW REQUIRED,"Existing simulation selected one candidate (RVTR833368), but no safe disposition signal.",false
"/Users/bobhopp/DJ MEDIA/VIDEO/2010's/Ke$ha f._3OH!3 - Blah, Blah, Blah_.mp4",Ke$ha f./3OH!3,"Blah, Blah, Blah*",RVTR029511,1,SAFE TITLE NOISE,Existing simulation selected one canonical candidate (RVTR029511); deterministic filename/tag noise.,true
/Users/bobhopp/DJ MEDIA/VIDEO/2020's/Conkarah (feat. Shaggy) - Banana.mp4,Conkarah (feat. Shaggy),Banana,RVTR631319,1,HUMAN REVIEW REQUIRED,"Existing simulation selected one candidate (RVTR631319), but no safe disposition signal.",false
/Users/bobhopp/DJ MEDIA/VIDEO/1980's/The Kinks - State of Confusion.mp4,The Kinks,State of Confusion,RVTR784161,1,HUMAN REVIEW REQUIRED,"Existing simulation selected one candidate (RVTR784161), but no safe disposition signal.",false
/Users/bobhopp/DJ MEDIA/VIDEO/1990's/The Lemonheads - Mrs. Robinson.mp4,The Lemonheads,Mrs. Robinson,RVTR059374,1,SAFE TITLE NOISE,Existing simulation selected one canonical candidate (RVTR059374); deterministic filename/tag noise.,true
/Users/bobhopp/DJ MEDIA/VIDEO/2000's/Black Eyed Peas - Let’s Get Retarded.mp4,Black Eyed Peas,Let’s Get Retarded,RVTR722281,1,SAFE TITLE NOISE,Existing simulation selected one canonical candidate (RVTR722281); deterministic filename/tag noise.,true
/Users/bobhopp/DJ MEDIA/VIDEO/2000's/Madonna - Thunderpuss Megamix.mp4,Madonna,Thunderpuss Megamix,RVTR966758,1,HUMAN REVIEW REQUIRED,"Existing simulation selected one candidate (RVTR966758), but no safe disposition signal.",false
/Users/bobhopp/DJ MEDIA/VIDEO/1980's/Alabama - Mountain Music (Live).mp4,Alabama,Mountain Music (Live),RVTR554537,1,SAFE TITLE NOISE,Existing simulation selected one canonical candidate (RVTR554537); deterministic filename/tag noise.,true
/Users/bobhopp/DJ MEDIA/VIDEO/1970's/Marvin Gaye - Got To Give It Up.mp4,Marvin Gaye,Got To Give It Up,RVTR588513,1,HUMAN REVIEW REQUIRED,"Existing simulation selected one candidate (RVTR588513), but no safe disposition signal.",false
/Users/bobhopp/DJ MEDIA/VIDEO/2010's/David Guetta f._Sia - Titanium.mp4,David Guetta f./Sia,Titanium,RVTR592699,1,HUMAN REVIEW REQUIRED,"Existing simulation selected one candidate (RVTR592699), but no safe disposition signal.",false
"/Users/bobhopp/DJ MEDIA/VIDEO/TECHNO/Sonique - Put A Spell On You, I.mp4",Sonique,"Put A Spell On You, I",RVTR564350,1,SAFE TITLE NOISE,Existing simulation selected one canonical candidate (RVTR564350); deterministic filename/tag noise.,true
/Users/bobhopp/DJ MEDIA/VIDEO/1970's/Tumbling Dice - Linda Ronstadt.mp4,Tumbling Dice,Linda Ronstadt,RVTR844618,1,HUMAN REVIEW REQUIRED,"Existing simulation selected one candidate (RVTR844618), but no safe disposition signal.",false
/Users/bobhopp/DJ MEDIA/VIDEO/1980's/Edelweiss - Bring Me Edelweiss.mp4,Edelweiss,Bring Me Edelweiss,RVTR857646,1,HUMAN REVIEW REQUIRED,"Existing simulation selected one candidate (RVTR857646), but no safe disposition signal.",false
/Users/bobhopp/DJ MEDIA/VIDEO/1980's/Oingo Boingo - Dead Man's Party.mp4,Oingo Boingo,Dead Man's Party,RVTR364700,1,SAFE TITLE NOISE,Existing simulation selected one canonical candidate (RVTR364700); deterministic filename/tag noise.,true
/Users/bobhopp/DJ MEDIA/VIDEO/1990's/Harvey Danger - Flagpole Sitta.mp4,Harvey Danger,Flagpole Sitta,RVTR031408,1,HUMAN REVIEW REQUIRED,"Existing simulation selected one candidate (RVTR031408), but no safe disposition signal.",false
/Volumes/DJ  MAIN/DJ MEDIA/VIDEO/1970's/ELO - Evil Woman.mp4,ELO,Evil Woman,RVTR494911,1,HUMAN REVIEW REQUIRED,"Existing simulation selected one candidate (RVTR494911), but no safe disposition signal.",false
/Users/bobhopp/DJ MEDIA/VIDEO/COUNTRY/FILL/Blake Shelton - Nobody But You.mp4,Blake Shelton,Nobody But You,RVTR103866,1,HUMAN REVIEW REQUIRED,"Existing simulation selected one candidate (RVTR103866), but no safe disposition signal.",false
/Users/bobhopp/DJ MEDIA/VIDEO/1970's/Stevie Nicks - Gold Dust Woman.MP4,Stevie Nicks,Gold Dust Woman,RVTR646143,1,HUMAN REVIEW REQUIRED,"Existing simulation selected one candidate (RVTR646143), but no safe disposition signal.",false
/Users/bobhopp/DJ MEDIA/VIDEO/1970's/Tommy Shaw - Fooling Yourself.mp4,Tommy Shaw,Fooling Yourself,RVTR563813,1,HUMAN REVIEW REQUIRED,"Existing simulation selected one candidate (RVTR563813), but no safe disposition signal.",false
/Users/bobhopp/DJ MEDIA/VIDEO/1980's/Colt Ford feat. Jake Owen - Back.mp4,Colt Ford feat. Jake Owen,Back,RVTR831641,1,HUMAN REVIEW REQUIRED,"Existing simulation selected one candidate (RVTR831641), but no safe disposition signal.",false
/Users/bobhopp/DJ MEDIA/VIDEO/1980's/Hank Williams - I Saw The Light.mp4,Hank Williams,I Saw The Light,RVTR374738,1,HUMAN REVIEW REQUIRED,"Existing simulation selected one candidate (RVTR374738), but no safe disposition signal.",false
"/Users/bobhopp/DJ MEDIA/VIDEO/TECHNO/Academy Is..., The - About A Girl.mp4","Academy Is..., The",About A Girl,RVTR185199,1,HUMAN REVIEW REQUIRED,"Existing simulation selected one candidate (RVTR185199), but no safe disposition signal.",false
/Users/bobhopp/DJ MEDIA/VIDEO/1970's/The Bee Gees - More Than A Woman.mp4,The Bee Gees,More Than A Woman,RVTR791052,1,HUMAN REVIEW REQUIRED,"Existing simulation selected one candidate (RVTR791052), but no safe disposition signal.",false
/Users/bobhopp/DJ MEDIA/VIDEO/2020's/Camila Cabello - Million To One.mp4,Camila Cabello,Million To One,RVTR308238,1,HUMAN REVIEW REQUIRED,"Existing simulation selected one candidate (RVTR308238), but no safe disposition signal.",false
/Users/bobhopp/DJ MEDIA/VIDEO/2020's/Wale feat. Chris Brown - Angles.mp4,Wale feat. Chris Brown,Angles,RVTR821656,1,HUMAN REVIEW REQUIRED,"Existing simulation selected one candidate (RVTR821656), but no safe disposition signal.",false
/Users/bobhopp/DJ MEDIA/VIDEO/1980's/Carly Simon - My New Boyfriend.mp4,Carly Simon,My New Boyfriend,RVTR585991,1,HUMAN REVIEW REQUIRED,"Existing simulation selected one candidate (RVTR585991), but no safe disposition signal.",false
/Users/bobhopp/DJ MEDIA/VIDEO/1970's/Rolling Stones - Far Away Eyes.mp4,Rolling Stones,Far Away Eyes,RVTR098324,1,HUMAN REVIEW REQUIRED,"Existing simulation selected one candidate (RVTR098324), but no safe disposition signal.",false
/Users/bobhopp/DJ MEDIA/VIDEO/1960's/James Brown - Prisoner of Love.mp4,James Brown,Prisoner of Love,RVTR688044,1,HUMAN REVIEW REQUIRED,"Existing simulation selected one candidate (RVTR688044), but no safe disposition signal.",false
/Users/bobhopp/DJ MEDIA/VIDEO/1980's/Aerosmith - Lightning Strikes.mp4,Aerosmith,Lightning Strikes,RVTR418424,1,HUMAN REVIEW REQUIRED,"Existing simulation selected one candidate (RVTR418424), but no safe disposition signal.",false
/Users/bobhopp/DJ MEDIA/VIDEO/1990's/Peabo Bryson - Whole New World.mp4,Peabo Bryson,Whole New World,RVTR114211,1,HUMAN REVIEW REQUIRED,"Existing simulation selected one candidate (RVTR114211), but no safe disposition signal.",false
/Users/bobhopp/DJ MEDIA/VIDEO/2000's/Kid Rock - Feel Like Makin' Love.mp4,Kid Rock,Feel Like Makin' Love,RVTR041069,1,SAFE TITLE NOISE,Existing simulation selected one canonical candidate (RVTR041069); deterministic filename/tag noise.,true
/Users/bobhopp/DJ MEDIA/VIDEO/1980's/The Cult - She Sells Sanctuary.mp4,The Cult,She Sells Sanctuary,RVTR366672,1,HUMAN REVIEW REQUIRED,"Existing simulation selected one candidate (RVTR366672), but no safe disposition signal.",false
/Users/bobhopp/DJ MEDIA/VIDEO/2010's/Maggie Lindemann - Pretty Girl.mp4,Maggie Lindemann,Pretty Girl,RVTR893923,1,HUMAN REVIEW REQUIRED,"Existing simulation selected one candidate (RVTR893923), but no safe disposition signal.",false
/Users/bobhopp/DJ MEDIA/VIDEO/TECHNO/Aretha Franklin - A Deeper Love.mp4,Aretha Franklin,A Deeper Love,RVTR024712,1,HUMAN REVIEW REQUIRED,"Existing simulation selected one candidate (RVTR024712), but no safe disposition signal.",false
/Users/bobhopp/DJ MEDIA/VIDEO/1970's/Andrew Gold - Go Back Home Again.mp4,Andrew Gold,Go Back Home Again,RVTR705933,1,HUMAN REVIEW REQUIRED,"Existing simulation selected one candidate (RVTR705933), but no safe disposition signal.",false
/Users/bobhopp/DJ MEDIA/VIDEO/1970's/Bootcamp - Hold On to the Night.mp4,Bootcamp,Hold On to the Night,RVTR326384,1,HUMAN REVIEW REQUIRED,"Existing simulation selected one candidate (RVTR326384), but no safe disposition signal.",false
/Users/bobhopp/DJ MEDIA/VIDEO/2000's/Bon Jovi - All About Lovin' You.mp4,Bon Jovi,All About Lovin' You,RVTR415214,1,SAFE TITLE NOISE,Existing simulation selected one canonical candidate (RVTR415214); deterministic filename/tag noise.,true
/Users/bobhopp/DJ MEDIA/VIDEO/2000's/T Pain & Yung Joc - Buy U A Drank.mp4,T Pain & Yung Joc,Buy U A Drank,RVTR660106,1,HUMAN REVIEW REQUIRED,"Existing simulation selected one candidate (RVTR660106), but no safe disposition signal.",false
/Users/bobhopp/DJ MEDIA/VIDEO/2010's/Miranda Lambert - Somethin' Bad.mp4,Miranda Lambert,Somethin' Bad,RVTR020581,1,SAFE TITLE NOISE,Existing simulation selected one canonical candidate (RVTR020581); deterministic filename/tag noise.,true
/Users/bobhopp/DJ MEDIA/VIDEO/1960's/Jay And The Americans - Cara Mia.mp4,Jay And The Americans,Cara Mia,RVTR305750,1,HUMAN REVIEW REQUIRED,"Existing simulation selected one candidate (RVTR305750), but no safe disposition signal.",false
/Users/bobhopp/DJ MEDIA/VIDEO/1960's/Peggy March - I Will Follow Him.mp4,Peggy March,I Will Follow Him,RVTR231779,1,HUMAN REVIEW REQUIRED,"Existing simulation selected one candidate (RVTR231779), but no safe disposition signal.",false
/Users/bobhopp/DJ MEDIA/VIDEO/1980's/Ellen Foley - Boys In The Attic.mp4,Ellen Foley,Boys In The Attic,RVTR765716,1,HUMAN REVIEW REQUIRED,"Existing simulation selected one candidate (RVTR765716), but no safe disposition signal.",false
/Users/bobhopp/DJ MEDIA/VIDEO/TECHNO/Money Mark - Pick Up The Pieces.mp4,Money Mark,Pick Up The Pieces,RVTR720679,1,HUMAN REVIEW REQUIRED,"Existing simulation selected one candidate (RVTR720679), but no safe disposition signal.",false
/Users/bobhopp/DJ MEDIA/VIDEO/2000's/Norah Jones - Come Away With Me.mp4,Norah Jones,Come Away With Me,RVTR613167,1,HUMAN REVIEW REQUIRED,"Existing simulation selected one candidate (RVTR613167), but no safe disposition signal.",false
/Users/bobhopp/DJ MEDIA/VIDEO/2020's/ABBA - I Still Have Faith In You.mp4,ABBA,I Still Have Faith In You,RVTR955596,1,HUMAN REVIEW REQUIRED,"Existing simulation selected one candidate (RVTR955596), but no safe disposition signal.",false
/Users/bobhopp/DJ MEDIA/VIDEO/TECHNO/Killswitch Engage - Holy Diver.mp4,Killswitch Engage,Holy Diver,RVTR420918,1,HUMAN REVIEW REQUIRED,"Existing simulation selected one candidate (RVTR420918), but no safe disposition signal.",false
/Users/bobhopp/DJ MEDIA/VIDEO/1950's/Hank Williams - Cold Cold Heart.mp4,Hank Williams,Cold Cold Heart,RVTR292797,1,HUMAN REVIEW REQUIRED,"Existing simulation selected one candidate (RVTR292797), but no safe disposition signal.",false
/Users/bobhopp/DJ MEDIA/VIDEO/1960's/Scott McKenzie - San Francisco.mp4,Scott McKenzie,San Francisco,RVTR587355,1,HUMAN REVIEW REQUIRED,"Existing simulation selected one candidate (RVTR587355), but no safe disposition signal.",false
/Users/bobhopp/DJ MEDIA/VIDEO/1980's/C.C. Catch - Cause You Are Young.mp4,C.C. Catch,Cause You Are Young,RVTR141268,1,HUMAN REVIEW REQUIRED,"Existing simulation selected one candidate (RVTR141268), but no safe disposition signal.",false
/Users/bobhopp/DJ MEDIA/VIDEO/1990's/Alanis Morissette - Uninvited.mp4,Alanis Morissette,Uninvited,RVTR787640,1,HUMAN REVIEW REQUIRED,"Existing simulation selected one candidate (RVTR787640), but no safe disposition signal.",false
/Users/bobhopp/DJ MEDIA/VIDEO/1990's/George Strait - Check Yes Or No.mp4,George Strait,Check Yes Or No,RVTR887050,1,HUMAN REVIEW REQUIRED,"Existing simulation selected one candidate (RVTR887050), but no safe disposition signal.",false
/Users/bobhopp/DJ MEDIA/VIDEO/2010's/Joan Jett - Season Of The Witch.mp4,Joan Jett,Season Of The Witch,RVTR120341,1,HUMAN REVIEW REQUIRED,"Existing simulation selected one candidate (RVTR120341), but no safe disposition signal.",false
/Users/bobhopp/DJ MEDIA/VIDEO/TECHNO/Jam & Spoon - Right In The Night.mp4,Jam & Spoon,Right In The Night,RVTR939331,1,HUMAN REVIEW REQUIRED,"Existing simulation selected one candidate (RVTR939331), but no safe disposition signal.",false
/Users/bobhopp/DJ MEDIA/VIDEO/TECHNO/Thrice - Image Of The Invisible.mp4,Thrice,Image Of The Invisible,RVTR671889,1,HUMAN REVIEW REQUIRED,"Existing simulation selected one candidate (RVTR671889), but no safe disposition signal.",false
/Users/bobhopp/DJ MEDIA/VIDEO/2010's/Cherub - Doses & Mimosas (Video).mp4,Cherub,Doses & Mimosas,RVTR919418,0,NO CANONICAL CANDIDATE,No canonical candidate selected by the existing simulation.,false
/Users/bobhopp/DJ MEDIA/VIDEO/1980's/Afrika Bambaattaa - Planet Rock.mp4,Afrika Bambaattaa,Planet Rock,RVTR111776,1,HUMAN REVIEW REQUIRED,"Existing simulation selected one candidate (RVTR111776), but no safe disposition signal.",false
/Users/bobhopp/DJ MEDIA/VIDEO/2000's/Brooklyn Bounce - Club Bizarre.mp4,Brooklyn Bounce,Club Bizarre,RVTR026379,1,HUMAN REVIEW REQUIRED,"Existing simulation selected one candidate (RVTR026379), but no safe disposition signal.",false
/Users/bobhopp/DJ MEDIA/VIDEO/1970's/Kenny Rogers - Just Dropped In.mp4,Kenny Rogers,Just Dropped In (Big Lebowski),RVTR505544,1,SAFE TITLE NOISE,Existing simulation selected one canonical candidate (RVTR505544); deterministic filename/tag noise.,true
/Users/bobhopp/DJ MEDIA/VIDEO/1970's/Leo Sayer - The Show Must Go On.mp4,Leo Sayer,The Show Must Go On,RVTR894930,1,HUMAN REVIEW REQUIRED,"Existing simulation selected one candidate (RVTR894930), but no safe disposition signal.",false
/Users/bobhopp/DJ MEDIA/VIDEO/1980's/Barry Manilow - Life Will Go On.mp4,Barry Manilow,Life Will Go On,RVTR635006,1,HUMAN REVIEW REQUIRED,"Existing simulation selected one candidate (RVTR635006), but no safe disposition signal.",false
/Users/bobhopp/DJ MEDIA/VIDEO/2020's/Khruangbin - Tiny Desk Concert.mp4,Khruangbin,Tiny Desk Concert,RVTR286330,1,SAME SONG — ALTERNATE MEDIA,Existing simulation selected one canonical candidate (RVTR286330); alternate-media wording.,true
/Volumes/DJ  MAIN/DJ MEDIA/VIDEO/1950's/Nowhere Boys - In Spite Of All The Danger (2009).m4v,Nowhere Boys,In Spite Of All The Danger,RVTR344079,1,HUMAN REVIEW REQUIRED,"Existing simulation selected one candidate (RVTR344079), but no safe disposition signal.",false
/Users/bobhopp/DJ MEDIA/VIDEO/1960's/R.L. Burnside - Let My Baby Ride.mp4,R.L. Burnside,Let My Baby Ride,RVTR599729,1,HUMAN REVIEW REQUIRED,"Existing simulation selected one candidate (RVTR599729), but no safe disposition signal.",false
"/Users/bobhopp/DJ MEDIA/VIDEO/1960's/Roy Orbison - Oh, Pretty Woman.mp4",Roy Orbison,"Oh, Pretty Woman",RVTR111752,1,SAFE TITLE NOISE,Existing simulation selected one canonical candidate (RVTR111752); deterministic filename/tag noise.,true
/Users/bobhopp/DJ MEDIA/VIDEO/2000's/Flo Rida F.Timbaland - Elevator.mp4,Flo Rida F.Timbaland,Elevator,RVTR751372,1,HUMAN REVIEW REQUIRED,"Existing simulation selected one candidate (RVTR751372), but no safe disposition signal.",false
/Users/bobhopp/DJ MEDIA/VIDEO/TECHNO/Modern Talking - Brother Louie.mp4,Modern Talking,Brother Louie,RVTR745903,1,HUMAN REVIEW REQUIRED,"Existing simulation selected one candidate (RVTR745903), but no safe disposition signal.",false
/Users/bobhopp/DJ MEDIA/VIDEO/1990's/Eric Clapton - My Father's Eyes.mp4,Eric Clapton,My Father's Eyes,RVTR892801,1,SAFE TITLE NOISE,Existing simulation selected one canonical candidate (RVTR892801); deterministic filename/tag noise.,true
/Users/bobhopp/DJ MEDIA/VIDEO/1970's/Paul McCartney - Let Me Roll It.mp4,Paul McCartney,Let Me Roll It,RVTR762823,1,HUMAN REVIEW REQUIRED,"Existing simulation selected one candidate (RVTR762823), but no safe disposition signal.",false
/Users/bobhopp/DJ MEDIA/VIDEO/1980's/The Clash - The Guns Of Brixton.mp4,The Clash,The Guns Of Brixton,RVTR954661,1,HUMAN REVIEW REQUIRED,"Existing simulation selected one candidate (RVTR954661), but no safe disposition signal.",false
/Users/bobhopp/DJ MEDIA/VIDEO/2020's/Hunter Root - Town Rat Heathen.mp4,Hunter Root,Town Rat Heathen,RVTR946280,1,HUMAN REVIEW REQUIRED,"Existing simulation selected one candidate (RVTR946280), but no safe disposition signal.",false
/Users/bobhopp/DJ MEDIA/VIDEO/1990's/BlackHawk - Goodbye Says It All.mp4,BlackHawk,Goodbye Says It All,RVTR662904,1,HUMAN REVIEW REQUIRED,"Existing simulation selected one candidate (RVTR662904), but no safe disposition signal.",false
/Users/bobhopp/DJ MEDIA/VIDEO/1990's/Alice In Chains - Your Decision.mp4,Alice In Chains,Your Decision,RVTR849550,1,HUMAN REVIEW REQUIRED,"Existing simulation selected one candidate (RVTR849550), but no safe disposition signal.",false
/Users/bobhopp/DJ MEDIA/VIDEO/1990's/Jamiroquai - Virtual Insanity.mp4,Jamiroquai,Virtual Insanity,RVTR243163,1,HUMAN REVIEW REQUIRED,"Existing simulation selected one candidate (RVTR243163), but no safe disposition signal.",false
/Users/bobhopp/DJ MEDIA/VIDEO/2010's/Beyoncé feat. Jay Z - Drunk In Love.mp4,Beyoncé feat. Jay Z,Drunk In Love,RVTR482853,1,HUMAN REVIEW REQUIRED,"Existing simulation selected one candidate (RVTR482853), but no safe disposition signal.",false
/Users/bobhopp/DJ MEDIA/VIDEO/1960's/The Beatles - Til There Was You.mp4,The Beatles,Til There Was You,RVTR162962,1,HUMAN REVIEW REQUIRED,"Existing simulation selected one candidate (RVTR162962), but no safe disposition signal.",false
/Users/bobhopp/DJ MEDIA/VIDEO/TECHNO/Good Charlotte - Little Things.mp4,Good Charlotte,Little Things,RVTR823178,1,HUMAN REVIEW REQUIRED,"Existing simulation selected one candidate (RVTR823178), but no safe disposition signal.",false
/Users/bobhopp/DJ MEDIA/VIDEO/TECHNO/Uniting Nations - Out Of Touch.mp4,Uniting Nations,Out Of Touch,RVTR071232,1,HUMAN REVIEW REQUIRED,"Existing simulation selected one candidate (RVTR071232), but no safe disposition signal.",false
/Users/bobhopp/DJ MEDIA/VIDEO/1980's/Phil Collins - Against All Odds.mp4,Phil Collins,Against All Odds,RVTR979166,1,HUMAN REVIEW REQUIRED,"Existing simulation selected one candidate (RVTR979166), but no safe disposition signal.",false
/Users/bobhopp/DJ MEDIA/VIDEO/2010's/Young Money f._Lloyd - Bedrock.mp4,Young Money f./Lloyd,Bedrock,RVTR373285,1,HUMAN REVIEW REQUIRED,"Existing simulation selected one candidate (RVTR373285), but no safe disposition signal.",false
/Users/bobhopp/DJ MEDIA/VIDEO/1990's/Edwyn Collins - A Girl Like You.mp4,Edwyn Collins,A Girl Like You,RVTR209108,1,HUMAN REVIEW REQUIRED,"Existing simulation selected one candidate (RVTR209108), but no safe disposition signal.",false
/Users/bobhopp/DJ MEDIA/VIDEO/1990's/Cypress Hill - Hand on the Pump.mp4,Cypress Hill,Hand on the Pump,RVTR682122,1,HUMAN REVIEW REQUIRED,"Existing simulation selected one candidate (RVTR682122), but no safe disposition signal.",false
/Users/bobhopp/DJ MEDIA/VIDEO/1990's/Jennifer Lopez - Let's Get Loud.mp4,Jennifer Lopez,Let's Get Loud,RVTR871673,1,SAFE TITLE NOISE,Existing simulation selected one canonical candidate (RVTR871673); deterministic filename/tag noise.,true
/Users/bobhopp/DJ MEDIA/VIDEO/2020's/Iggy Azalea - Iam The Stripclub.mp4,Iggy Azalea,Iam The Stripclub,RVTR333370,1,HUMAN REVIEW REQUIRED,"Existing simulation selected one candidate (RVTR333370), but no safe disposition signal.",false
/Users/bobhopp/DJ MEDIA/VIDEO/COUNTRY/FILL/Steve Earle - Even When I m Blue.mp4,Steve Earle,Even When I m Blue.,RVTR664806,1,SAFE TITLE NOISE,Existing simulation selected one canonical candidate (RVTR664806); deterministic filename/tag noise.,true
/Users/bobhopp/DJ MEDIA/VIDEO/1960's/Randy And The Rainbows - Denise.MP4,Randy And The Rainbows,Denise,RVTR899138,1,HUMAN REVIEW REQUIRED,"Existing simulation selected one candidate (RVTR899138), but no safe disposition signal.",false
/Users/bobhopp/DJ MEDIA/VIDEO/1980's/Talking Heads - Road To Nowhere.mp4,Talking Heads,Road To Nowhere,RVTR033483,1,HUMAN REVIEW REQUIRED,"Existing simulation selected one candidate (RVTR033483), but no safe disposition signal.",false
/Users/bobhopp/DJ MEDIA/VIDEO/1950's/Chuck Berry - You Can't Catch Me.mp4,Chuck Berry,You Can't Catch Me,RVTR937487,1,SAFE TITLE NOISE,Existing simulation selected one canonical candidate (RVTR937487); deterministic filename/tag noise.,true
/Users/bobhopp/DJ MEDIA/VIDEO/1960's/Tielman Brothers - Rollin Rock.mp4,Tielman Brothers,Rollin Rock,RVTR258420,1,HUMAN REVIEW REQUIRED,"Existing simulation selected one candidate (RVTR258420), but no safe disposition signal.",false
/Users/bobhopp/DJ MEDIA/VIDEO/1970's/Van Morrison - Into The Mystic.mp4,Van Morrison,Into The Mystic,RVTR152256,1,HUMAN REVIEW REQUIRED,"Existing simulation selected one candidate (RVTR152256), but no safe disposition signal.",false
/Users/bobhopp/DJ MEDIA/VIDEO/TECHNO/Martin Solveig - Rocking Music.mp4,Martin Solveig,Rocking Music,RVTR983353,1,HUMAN REVIEW REQUIRED,"Existing simulation selected one candidate (RVTR983353), but no safe disposition signal.",false
/Users/bobhopp/DJ MEDIA/VIDEO/2000's/Lola Young - Wish You Were Dead.mp4,Lola Young,Wish You Were Dead,RVTR145027,1,HUMAN REVIEW REQUIRED,"Existing simulation selected one candidate (RVTR145027), but no safe disposition signal.",false
/Users/bobhopp/DJ MEDIA/VIDEO/COUNTRY/FILL/Zac Brown Band - The Foundation.mp4,Zac Brown Band,The Foundation,RVTR148254,1,HUMAN REVIEW REQUIRED,"Existing simulation selected one candidate (RVTR148254), but no safe disposition signal.",false
/Users/bobhopp/DJ MEDIA/VIDEO/1980's/Judas Priest - Breaking The Law.mp4,Judas Priest,Breaking The Law,RVTR860976,1,HUMAN REVIEW REQUIRED,"Existing simulation selected one candidate (RVTR860976), but no safe disposition signal.",false
/Users/bobhopp/DJ MEDIA/VIDEO/1980's/Stevie Ray Vaughan - Crossfire.mp4,Stevie Ray Vaughan,Crossfire,RVTR624160,1,HUMAN REVIEW REQUIRED,"Existing simulation selected one candidate (RVTR624160), but no safe disposition signal.",false
/Users/bobhopp/DJ MEDIA/VIDEO/2010's/Shakira f._Dizzee Rascal - Loca.mp4,Shakira f./Dizzee Rascal,Loca,RVTR464580,1,HUMAN REVIEW REQUIRED,"Existing simulation selected one candidate (RVTR464580), but no safe disposition signal.",false
/Users/bobhopp/DJ MEDIA/VIDEO/1960's/Al Green - A Change Is Gonna Come.mp4,Al Green,A Change Is Gonna Come,RVTR648161,1,HUMAN REVIEW REQUIRED,"Existing simulation selected one candidate (RVTR648161), but no safe disposition signal.",false
/Users/bobhopp/DJ MEDIA/VIDEO/1960's/Sonny And Cher - I Got You Babe 2.mp4,Sonny And Cher,I Got You Babe 2,RVTR657646,1,HUMAN REVIEW REQUIRED,"Existing simulation selected one candidate (RVTR657646), but no safe disposition signal.",false
/Users/bobhopp/DJ MEDIA/VIDEO/1980's/China Crisis - Best Kept Secret.mp4,China Crisis,Best Kept Secret,RVTR183864,1,HUMAN REVIEW REQUIRED,"Existing simulation selected one candidate (RVTR183864), but no safe disposition signal.",false
/Users/bobhopp/DJ MEDIA/VIDEO/1990's/Gin Blossoms - Follow You Down.mp4,Gin Blossoms,Follow You Down,RVTR472691,1,HUMAN REVIEW REQUIRED,"Existing simulation selected one candidate (RVTR472691), but no safe disposition signal.",false
/Users/bobhopp/DJ MEDIA/VIDEO/2000's/Jack Johnson - Times like these.mp4,Jack Johnson,Times like these,RVTR338107,1,HUMAN REVIEW REQUIRED,"Existing simulation selected one candidate (RVTR338107), but no safe disposition signal.",false
/Users/bobhopp/DJ MEDIA/VIDEO/1960's/Peggy March - I Will Follow Him .mp4,Peggy March,I Will Follow Him,RVTR231779,1,HUMAN REVIEW REQUIRED,"Existing simulation selected one candidate (RVTR231779), but no safe disposition signal.",false
/Users/bobhopp/DJ MEDIA/VIDEO/1950's/Elvis Presley - Jailhouse Rock.mp4,Elvis Presley,Jailhouse Rock,RVTR951694,1,HUMAN REVIEW REQUIRED,"Existing simulation selected one candidate (RVTR951694), but no safe disposition signal.",false
/Users/bobhopp/DJ MEDIA/VIDEO/1980's/Art Of Noise - Close To The Edit.mp4,Art Of Noise,Close To The Edit,RVTR554312,1,HUMAN REVIEW REQUIRED,"Existing simulation selected one candidate (RVTR554312), but no safe disposition signal.",false
/Users/bobhopp/DJ MEDIA/VIDEO/1980's/The Cult - Love Removal Machine.mp4,The Cult,Love Removal Machine,RVTR395205,1,HUMAN REVIEW REQUIRED,"Existing simulation selected one candidate (RVTR395205), but no safe disposition signal.",false
/Users/bobhopp/DJ MEDIA/VIDEO/2000's/Gwen Steffni - The Sweet Escape.mp4,Gwen Steffni,The Sweet Escape,RVTR039774,1,HUMAN REVIEW REQUIRED,"Existing simulation selected one candidate (RVTR039774), but no safe disposition signal.",false
/Users/bobhopp/DJ MEDIA/VIDEO/1970's/Jerry Reed - Eastbound and Down.mp4,Jerry Reed,Eastbound and Down,RVTR344309,1,HUMAN REVIEW REQUIRED,"Existing simulation selected one candidate (RVTR344309), but no safe disposition signal.",false
/Users/bobhopp/DJ MEDIA/VIDEO/1970's/Roy Clark - Roy's Guitar Boogie.mp4,Roy Clark,Roy's Guitar Boogie,RVTR479015,1,SAFE TITLE NOISE,Existing simulation selected one canonical candidate (RVTR479015); deterministic filename/tag noise.,true
/Users/bobhopp/DJ MEDIA/VIDEO/2020's/Yungblud - I Was Made For Lovin’ You.mp4,Yungblud,I Was Made For Lovin’ You,RVTR809212,1,SAFE TITLE NOISE,Existing simulation selected one canonical candidate (RVTR809212); deterministic filename/tag noise.,true
/Users/bobhopp/DJ MEDIA/VIDEO/1960's/Liza Minnelli - Maybe This Time.mp4,Liza Minnelli,Maybe This Time,RVTR948719,1,HUMAN REVIEW REQUIRED,"Existing simulation selected one candidate (RVTR948719), but no safe disposition signal.",false
/Users/bobhopp/DJ MEDIA/VIDEO/2010's/Alabama Shakes - You Ain't Alone.mp4,Alabama Shakes,You Ain't Alone,RVTR595707,1,SAFE TITLE NOISE,Existing simulation selected one canonical candidate (RVTR595707); deterministic filename/tag noise.,true
/Users/bobhopp/DJ MEDIA/VIDEO/1950's/Carl Perkins - Blue Suede Shoes.mp4,Carl Perkins,Blue Suede Shoes,RVTR955267,1,HUMAN REVIEW REQUIRED,"Existing simulation selected one candidate (RVTR955267), but no safe disposition signal.",false
/Users/bobhopp/DJ MEDIA/VIDEO/1960's/Arlo Guthrie - Motorcycle Song.mp4,Arlo Guthrie,Motorcycle Song,RVTR843759,1,HUMAN REVIEW REQUIRED,"Existing simulation selected one candidate (RVTR843759), but no safe disposition signal.",false
/Users/bobhopp/DJ MEDIA/VIDEO/1990's/The Wonders - That Thing You Do.mp4,The Wonders,That Thing You Do,RVTR871761,1,HUMAN REVIEW REQUIRED,"Existing simulation selected one candidate (RVTR871761), but no safe disposition signal.",false
/Users/bobhopp/DJ MEDIA/VIDEO/1970's/Pink Floyd - Wish You Were Here.mp4,Pink Floyd,Wish You Were Here,RVTR730742,1,HUMAN REVIEW REQUIRED,"Existing simulation selected one candidate (RVTR730742), but no safe disposition signal.",false
/Users/bobhopp/DJ MEDIA/VIDEO/1980's/Echo & The Bunnymen - Seven Seas.mp4,Echo & The Bunnymen,Seven Seas,RVTR526467,1,HUMAN REVIEW REQUIRED,"Existing simulation selected one candidate (RVTR526467), but no safe disposition signal.",false
/Users/bobhopp/DJ MEDIA/VIDEO/2000's/Missy Elliott - Get Ur Freak On.mp4,Missy Elliott,Get Ur Freak On,RVTR423982,1,HUMAN REVIEW REQUIRED,"Existing simulation selected one candidate (RVTR423982), but no safe disposition signal.",false
/Users/bobhopp/DJ MEDIA/VIDEO/1980's/Mötley Crüe - Smokin In The Boys Room.mp4,Mötley Crüe,Smokin In The Boys Room,RVTR052526,1,HUMAN REVIEW REQUIRED,"Existing simulation selected one candidate (RVTR052526), but no safe disposition signal.",false
/Users/bobhopp/DJ MEDIA/VIDEO/1960's/The Beatles - Back In The U.S.S.R.mp4,The Beatles,Back In The U.S.S.R,RVTR729322,1,SAFE TITLE NOISE,Existing simulation selected one canonical candidate (RVTR729322); deterministic filename/tag noise.,true
/Users/bobhopp/DJ MEDIA/VIDEO/1950's/Bo Diddley - Please Mr. Engineer.mp4,Bo Diddley,Please Mr. Engineer,RVTR083367,1,SAFE TITLE NOISE,Existing simulation selected one canonical candidate (RVTR083367); deterministic filename/tag noise.,true
/Users/bobhopp/DJ MEDIA/VIDEO/2020's/Paul Cauthen - Country as F___.mp4,Paul Cauthen,Country as F***,RVTR480650,1,HUMAN REVIEW REQUIRED,"Existing simulation selected one candidate (RVTR480650), but no safe disposition signal.",false
/Users/bobhopp/DJ MEDIA/VIDEO/TECHNO/We The Kings - Secret Valentine.mp4,We The Kings,Secret Valentine,RVTR108463,1,HUMAN REVIEW REQUIRED,"Existing simulation selected one candidate (RVTR108463), but no safe disposition signal.",false
"/Users/bobhopp/DJ MEDIA/VIDEO/1970's/Bob Marley - Roots, Rock, Reggae.mp4",Bob Marley,"Roots, Rock, Reggae",RVTR382937,1,SAFE TITLE NOISE,Existing simulation selected one canonical candidate (RVTR382937); deterministic filename/tag noise.,true
/Users/bobhopp/DJ MEDIA/VIDEO/2010's/Michael Bublé - Haven't Met You Yet.mp4,Michael Bublé,Haven't Met You Yet,RVTR481762,1,SAFE TITLE NOISE,Existing simulation selected one canonical candidate (RVTR481762); deterministic filename/tag noise.,true
/Users/bobhopp/DJ MEDIA/VIDEO/1990's/Sister Act 2 - Ball of Confusion.mp4,Sister Act 2,Ball of Confusion,RVTR432519,1,HUMAN REVIEW REQUIRED,"Existing simulation selected one candidate (RVTR432519), but no safe disposition signal.",false
/Users/bobhopp/DJ MEDIA/VIDEO/1960's/R.L. Burnside - Its Bad You Know.mp4,R.L. Burnside,Its Bad You Know,RVTR758231,1,HUMAN REVIEW REQUIRED,"Existing simulation selected one candidate (RVTR758231), but no safe disposition signal.",false
/Users/bobhopp/DJ MEDIA/VIDEO/1970's/James Brown - The Payback-Part 1.mp4,James Brown,The Payback-Part 1,RVTR738030,1,HUMAN REVIEW REQUIRED,"Existing simulation selected one candidate (RVTR738030), but no safe disposition signal.",false
/Users/bobhopp/DJ MEDIA/VIDEO/1990's/The Eagles - Heart Of The Matter.mp4,The Eagles,Heart Of The Matter,RVTR497694,1,HUMAN REVIEW REQUIRED,"Existing simulation selected one candidate (RVTR497694), but no safe disposition signal.",false
/Users/bobhopp/DJ MEDIA/VIDEO/1980's/Eddy Grant - Do You Feel My Love.mp4,Eddy Grant,Do You Feel My Love,RVTR144930,1,HUMAN REVIEW REQUIRED,"Existing simulation selected one candidate (RVTR144930), but no safe disposition signal.",false
/Users/bobhopp/DJ MEDIA/VIDEO/TECHNO/Sunblock feat. Sandy - Baby Baby.mp4,Sunblock Feat Sandy,Baby Baby,RVTR789481,1,HUMAN REVIEW REQUIRED,"Existing simulation selected one candidate (RVTR789481), but no safe disposition signal.",false
/Users/bobhopp/DJ MEDIA/VIDEO/1990's/Stone Temple Pilots - Vasoline.mp4,Stone Temple Pilots,Vasoline,RVTR511831,1,HUMAN REVIEW REQUIRED,"Existing simulation selected one candidate (RVTR511831), but no safe disposition signal.",false
/Users/bobhopp/DJ MEDIA/VIDEO/1990's/Stroke 9 - Little Black Backpack.mp4,Stroke 9,Little Black Backpack,RVTR833206,1,HUMAN REVIEW REQUIRED,"Existing simulation selected one candidate (RVTR833206), but no safe disposition signal.",false
/Users/bobhopp/DJ MEDIA/VIDEO/2000's/Everlast - Folsom Prison Blues.mp4,Everlast,Folsom Prison Blues,RVTR071449,1,HUMAN REVIEW REQUIRED,"Existing simulation selected one candidate (RVTR071449), but no safe disposition signal.",false
/Users/bobhopp/DJ MEDIA/VIDEO/1980's/Neil Sedaka - Rhythm Of The Rain.mp4,Neil Sedaka,Rhythm Of The Rain,RVTR002617,1,HUMAN REVIEW REQUIRED,"Existing simulation selected one candidate (RVTR002617), but no safe disposition signal.",false
/Users/bobhopp/DJ MEDIA/VIDEO/TECHNO/Tori Amos - Professional Widow.mp4,Tori Amos,Professional Widow,RVTR219538,1,HUMAN REVIEW REQUIRED,"Existing simulation selected one candidate (RVTR219538), but no safe disposition signal.",false
/Users/bobhopp/DJ MEDIA/VIDEO/1970's/Thin Lizzy - Whiskey In The Jar.mp4,Thin Lizzy,Whiskey In The Jar,RVTR737532,1,HUMAN REVIEW REQUIRED,"Existing simulation selected one candidate (RVTR737532), but no safe disposition signal.",false
/Users/bobhopp/DJ MEDIA/VIDEO/2020's/The Rolling Stones - Mess It Up.mp4,The Rolling Stones,Mess It Up,RVTR841256,1,HUMAN REVIEW REQUIRED,"Existing simulation selected one candidate (RVTR841256), but no safe disposition signal.",false
/Users/bobhopp/DJ MEDIA/VIDEO/2000's/The Black Keys - Thickfreakness.mp4,The Black Keys,Thickfreakness,RVTR447663,1,HUMAN REVIEW REQUIRED,"Existing simulation selected one candidate (RVTR447663), but no safe disposition signal.",false
/Users/bobhopp/DJ MEDIA/VIDEO/2000's/Nekromantix - Horny In A Hearse.mp4,Nekromantix,Horny In A Hearse,RVTR198436,1,HUMAN REVIEW REQUIRED,"Existing simulation selected one candidate (RVTR198436), but no safe disposition signal.",false
/Users/bobhopp/DJ MEDIA/VIDEO/1980's/English Beat - Save It For Later.mp4,English Beat,Save It For Later,RVTR674106,1,HUMAN REVIEW REQUIRED,"Existing simulation selected one candidate (RVTR674106), but no safe disposition signal.",false
/Users/bobhopp/DJ MEDIA/VIDEO/1980's/Robert Palmer - Johnny and Mary.mp4,Robert Palmer,Johnny and Mary,RVTR908038,1,HUMAN REVIEW REQUIRED,"Existing simulation selected one candidate (RVTR908038), but no safe disposition signal.",false
"/Users/bobhopp/DJ MEDIA/VIDEO/2000's/Ciara F.Missy Elliott - 1, 2 Step.mp4",Ciara F.Missy Elliott,"1, 2 Step",RVTR343069,1,SAFE TITLE NOISE,Existing simulation selected one canonical candidate (RVTR343069); deterministic filename/tag noise.,true
/Users/bobhopp/DJ MEDIA/VIDEO/COUNTRY/FILL/Blake Shelton - The More I Drink.mp4,Blake Shelton,The More I Drink,RVTR905724,1,HUMAN REVIEW REQUIRED,"Existing simulation selected one candidate (RVTR905724), but no safe disposition signal.",false
/Users/bobhopp/DJ MEDIA/VIDEO/1960's/The Beatles - Here Comes The Sun.mp4,The Beatles,Here Comes The Sun,RVTR252293,1,HUMAN REVIEW REQUIRED,"Existing simulation selected one candidate (RVTR252293), but no safe disposition signal.",false
/Users/bobhopp/DJ MEDIA/VIDEO/1970's/Eric Weissberg - Dueling Banjos.mp4,Eric Weissberg,Dueling Banjos,RVTR058914,1,HUMAN REVIEW REQUIRED,"Existing simulation selected one candidate (RVTR058914), but no safe disposition signal.",false
/Users/bobhopp/DJ MEDIA/VIDEO/1980's/The Motels - Cries And Whispers.mp4,The Motels,Cries And Whispers,RVTR963381,1,HUMAN REVIEW REQUIRED,"Existing simulation selected one candidate (RVTR963381), but no safe disposition signal.",false
/Users/bobhopp/DJ MEDIA/VIDEO/1970's/George Bensen - This Masquerade.mp4,George Bensen,This Masquerade,RVTR522542,1,HUMAN REVIEW REQUIRED,"Existing simulation selected one candidate (RVTR522542), but no safe disposition signal.",false
/Users/bobhopp/DJ MEDIA/VIDEO/1970's/Barry Manilow - We ll Meet Again.mp4,Barry Manilow,We ll Meet Again,RVTR157396,1,HUMAN REVIEW REQUIRED,"Existing simulation selected one candidate (RVTR157396), but no safe disposition signal.",false
/Users/bobhopp/DJ MEDIA/VIDEO/1970's/Janis Joplin - Piece Of My Heart.mp4,Janis Joplin,Piece Of My Heart,RVTR054236,1,HUMAN REVIEW REQUIRED,"Existing simulation selected one candidate (RVTR054236), but no safe disposition signal.",false
/Users/bobhopp/DJ MEDIA/VIDEO/1980's/Eddie Money - Give Me Some Water.mp4,Eddie Money,Give Me Some Water,RVTR049101,1,HUMAN REVIEW REQUIRED,"Existing simulation selected one candidate (RVTR049101), but no safe disposition signal.",false
/Users/bobhopp/DJ MEDIA/VIDEO/TECHNO/Hi Tack - Say Say Say Waiting 4 U.mp4,Hi Tack,Say Say Say Waiting 4 U,RVTR223770,1,HUMAN REVIEW REQUIRED,"Existing simulation selected one candidate (RVTR223770), but no safe disposition signal.",false
/Users/bobhopp/DJ MEDIA/VIDEO/1970's/Indiana Wants me - R Dean Taylor.mp4,Indiana Wants me,R Dean Taylor,RVTR278872,1,HUMAN REVIEW REQUIRED,"Existing simulation selected one candidate (RVTR278872), but no safe disposition signal.",false
/Users/bobhopp/DJ MEDIA/VIDEO/2000's/Boogie Pimps - Somebody To Love.mp4,Boogie Pimps,Somebody To Love,RVTR748746,1,HUMAN REVIEW REQUIRED,"Existing simulation selected one candidate (RVTR748746), but no safe disposition signal.",false
/Users/bobhopp/DJ MEDIA/VIDEO/2000's/Ciara F.Petey Pablo - My Goodies.mp4,Ciara F.Petey Pablo,My Goodies,RVTR442057,1,HUMAN REVIEW REQUIRED,"Existing simulation selected one candidate (RVTR442057), but no safe disposition signal.",false
/Users/bobhopp/DJ MEDIA/VIDEO/2010's/Elle King - I Told You I Was Mean.mp4,Elle King,I Told You I Was Mean,RVTR962360,1,HUMAN REVIEW REQUIRED,"Existing simulation selected one candidate (RVTR962360), but no safe disposition signal.",false
/Users/bobhopp/DJ MEDIA/VIDEO/COUNTRY/FILL/Merle Haggard - Send Me Back Home.mp4,Merle Haggard,Send Me Back Home,RVTR660000,1,HUMAN REVIEW REQUIRED,"Existing simulation selected one candidate (RVTR660000), but no safe disposition signal.",false
/Users/bobhopp/DJ MEDIA/VIDEO/1970's/Jackson 5 - Going Back to Indiana.mp4,Jackson 5,Going Back to Indiana,RVTR366492,1,HUMAN REVIEW REQUIRED,"Existing simulation selected one candidate (RVTR366492), but no safe disposition signal.",false
"/Users/bobhopp/DJ MEDIA/VIDEO/1990's/Bush - Chemicals Between Us, The.mp4",Bush,"Chemicals Between Us, The",RVTR337826,1,SAFE TITLE NOISE,Existing simulation selected one canonical candidate (RVTR337826); deterministic filename/tag noise.,true
/Users/bobhopp/DJ MEDIA/VIDEO/2000's/Baby Bash F.Frankie J - Suga Suga.mp4,Baby Bash F.Frankie J,Suga Suga,RVTR647878,1,HUMAN REVIEW REQUIRED,"Existing simulation selected one candidate (RVTR647878), but no safe disposition signal.",false
/Users/bobhopp/DJ MEDIA/VIDEO/1980's/R.E.M. - It's The End Of The World.mp4,R.E.M.,It's The End Of The World,RVTR331253,1,SAFE TITLE NOISE,Existing simulation selected one canonical candidate (RVTR331253); deterministic filename/tag noise.,true
/Users/bobhopp/DJ MEDIA/VIDEO/1980's/David Essex - You're In My Heart.mp4,David Essex,You're In My Heart,RVTR790585,1,SAFE TITLE NOISE,Existing simulation selected one canonical candidate (RVTR790585); deterministic filename/tag noise.,true
/Users/bobhopp/DJ MEDIA/VIDEO/2010's/Lana Del Rey - Gods and Monsters.mp4,Lana Del Rey,Gods and Monsters,RVTR875008,1,HUMAN REVIEW REQUIRED,"Existing simulation selected one candidate (RVTR875008), but no safe disposition signal.",false
/Users/bobhopp/DJ MEDIA/VIDEO/2010's/The Band of Heathens - Hurricane.mp4,The Band of Heathens,Hurricane,RVTR423958,1,HUMAN REVIEW REQUIRED,"Existing simulation selected one candidate (RVTR423958), but no safe disposition signal.",false
/Users/bobhopp/DJ MEDIA/VIDEO/2010's/Billy Strings - Dust In A Baggie.mp4,Billy Strings,Dust In A Baggie,RVTR058142,1,HUMAN REVIEW REQUIRED,"Existing simulation selected one candidate (RVTR058142), but no safe disposition signal.",false
"/Users/bobhopp/DJ MEDIA/VIDEO/1960's/Sam and Dave - Hold On, I'm Coming.mp4",Sam and Dave,"Hold On, I'm Coming",RVTR297367,1,SAFE TITLE NOISE,Existing simulation selected one canonical candidate (RVTR297367); deterministic filename/tag noise.,true
"/Volumes/DJ  MAIN/DJ MEDIA/VIDEO/1990's/19-Wilco - She's A Jar (1999-04-21 Irving Plaza, New York, NY) [Best Live Version!].mp4",Wilco,She's A Jar,RVTR424994,1,SAFE TITLE NOISE,Existing simulation selected one canonical candidate (RVTR424994); deterministic filename/tag noise.,true
/Users/bobhopp/DJ MEDIA/VIDEO/1980's/Todd Rundgren - Bang On The Drum.mp4,Todd Rundgren,Bang On The Drum,RVTR533524,1,HUMAN REVIEW REQUIRED,"Existing simulation selected one candidate (RVTR533524), but no safe disposition signal.",false
/Users/bobhopp/DJ MEDIA/VIDEO/1990's/Simple Minds - Let There Be Love.mp4,Simple Minds,Let There Be Love,RVTR523644,1,HUMAN REVIEW REQUIRED,"Existing simulation selected one candidate (RVTR523644), but no safe disposition signal.",false
/Users/bobhopp/DJ MEDIA/VIDEO/1990's/Violent Femmes - American Music.mp4,Violent Femmes,American Music,RVTR219852,1,HUMAN REVIEW REQUIRED,"Existing simulation selected one candidate (RVTR219852), but no safe disposition signal.",false
/Users/bobhopp/DJ MEDIA/VIDEO/TECHNO/Masterblaster - Hypnotic Tango.mp4,Masterblaster,Hypnotic Tango,RVTR403400,1,HUMAN REVIEW REQUIRED,"Existing simulation selected one candidate (RVTR403400), but no safe disposition signal.",false
/Users/bobhopp/DJ MEDIA/VIDEO/1980's/Dire Straits - Brothers In Arms.mp4,Dire Straits,Brothers In Arms,RVTR003894,1,HUMAN REVIEW REQUIRED,"Existing simulation selected one candidate (RVTR003894), but no safe disposition signal.",false
/Users/bobhopp/DJ MEDIA/VIDEO/2010's/Usher f._Nicki Minaj - Lil Freak.mp4,Usher f./Nicki Minaj,Lil Freak,RVTR217725,1,HUMAN REVIEW REQUIRED,"Existing simulation selected one candidate (RVTR217725), but no safe disposition signal.",false
/Users/bobhopp/DJ MEDIA/VIDEO/1990's/Apache Indian - Boom Shack-A-Lack.mp4,Apache Indian,Boom Shack-A-Lack,RVTR066775,1,HUMAN REVIEW REQUIRED,"Existing simulation selected one candidate (RVTR066775), but no safe disposition signal.",false
/Users/bobhopp/DJ MEDIA/VIDEO/2010's/Big Time Rush - The City Is Ours.mp4,Big Time Rush,The City Is Ours,RVTR701888,1,HUMAN REVIEW REQUIRED,"Existing simulation selected one candidate (RVTR701888), but no safe disposition signal.",false
/Users/bobhopp/DJ MEDIA/VIDEO/COUNTRY/FILL/Hank Williams Iii - Gutter Town.mp4,Hank Williams Iii,Gutter Town,RVTR600561,1,HUMAN REVIEW REQUIRED,"Existing simulation selected one candidate (RVTR600561), but no safe disposition signal.",false
/Users/bobhopp/DJ MEDIA/VIDEO/1960's/Lulu - Loves Loves To Love Love.mp4,Lulu,Loves Loves To Love Love,RVTR328447,1,HUMAN REVIEW REQUIRED,"Existing simulation selected one candidate (RVTR328447), but no safe disposition signal.",false
/Users/bobhopp/DJ MEDIA/VIDEO/1970's/Middle Of The Road - Soley Soley.mp4,Middle Of The Road,Soley Soley,RVTR202655,1,HUMAN REVIEW REQUIRED,"Existing simulation selected one candidate (RVTR202655), but no safe disposition signal.",false
/Users/bobhopp/DJ MEDIA/VIDEO/2010's/T.I. f._Chris Brown - Get Back Up.mp4,T.I. f./Chris Brown,Get Back Up,RVTR080777,1,HUMAN REVIEW REQUIRED,"Existing simulation selected one candidate (RVTR080777), but no safe disposition signal.",false
/Users/bobhopp/DJ MEDIA/VIDEO/TECHNO/Sandra - In The Heat Of The Night.mp4,Sandra,In The Heat Of The Night,RVTR886050,1,HUMAN REVIEW REQUIRED,"Existing simulation selected one candidate (RVTR886050), but no safe disposition signal.",false
/Users/bobhopp/DJ MEDIA/VIDEO/1970's/Don McLean - American Pie (Lyics).mp4,Don McLean,American Pie (Lyics),RVTR891825,1,SAFE TITLE NOISE,Existing simulation selected one canonical candidate (RVTR891825); deterministic filename/tag noise.,true
/Users/bobhopp/DJ MEDIA/VIDEO/1980's/Robert Palmer - She Makes My Day.mp4,Robert Palmer,She Makes My Day,RVTR207815,1,HUMAN REVIEW REQUIRED,"Existing simulation selected one candidate (RVTR207815), but no safe disposition signal.",false
/Users/bobhopp/DJ MEDIA/VIDEO/2010's/New Boyz f._Iyaz - Break My Bank.mp4,New Boyz f./Iyaz,Break My Bank,RVTR554629,1,HUMAN REVIEW REQUIRED,"Existing simulation selected one candidate (RVTR554629), but no safe disposition signal.",false
/Users/bobhopp/DJ MEDIA/VIDEO/1950's/Hank Williams - Hey Good Lookin'.mp4,Hank Williams,Hey Good Lookin',RVTR680786,1,SAFE TITLE NOISE,Existing simulation selected one canonical candidate (RVTR680786); deterministic filename/tag noise.,true
/Users/bobhopp/DJ MEDIA/VIDEO/1980's/Rainbow - Since You've Been Gone.mp4,Rainbow,Since You've Been Gone,RVTR498546,1,SAFE TITLE NOISE,Existing simulation selected one canonical candidate (RVTR498546); deterministic filename/tag noise.,true
/Users/bobhopp/DJ MEDIA/VIDEO/1990's/Manowar - Return Of The Warlord.mp4,Manowar,Return Of The Warlord,RVTR791397,1,HUMAN REVIEW REQUIRED,"Existing simulation selected one candidate (RVTR791397), but no safe disposition signal.",false
/Users/bobhopp/DJ MEDIA/VIDEO/2020's/Sierra Ferrell - Dollar Bill Bar.mp4,Sierra Ferrell,Dollar Bill Bar,RVTR935527,1,HUMAN REVIEW REQUIRED,"Existing simulation selected one candidate (RVTR935527), but no safe disposition signal.",false
/Users/bobhopp/DJ MEDIA/VIDEO/1980's/Simple Minds - Alive And Kicking.mp4,Simple Minds,Alive And Kicking,RVTR723945,1,HUMAN REVIEW REQUIRED,"Existing simulation selected one candidate (RVTR723945), but no safe disposition signal.",false
/Users/bobhopp/DJ MEDIA/VIDEO/TECHNO/Gnarls Barkley - Gone Daddy Gone.mp4,Gnarls Barkley,Gone Daddy Gone,RVTR504335,1,HUMAN REVIEW REQUIRED,"Existing simulation selected one candidate (RVTR504335), but no safe disposition signal.",false
/Users/bobhopp/DJ MEDIA/VIDEO/1970's/Blondie - Die Young Stay Pretty.mp4,Blondie,Die Young Stay Pretty,RVTR588713,1,HUMAN REVIEW REQUIRED,"Existing simulation selected one candidate (RVTR588713), but no safe disposition signal.",false
/Users/bobhopp/DJ MEDIA/VIDEO/1970's/Disco Tex and his sex o lettes - Get Dancin' 1974 Top of the pops live recording and remastered.mp4,Disco Tex and His Sex O Lettes,Get Dancin' ,RVTR936563,1,SAFE TITLE NOISE,Existing simulation selected one canonical candidate (RVTR936563); deterministic filename/tag noise.,true
"/Users/bobhopp/DJ MEDIA/VIDEO/1990's/Tim McGraw - Like It, I Love It, I.mp4",Tim McGraw,"Like It, I Love It, I",RVTR094132,1,SAFE TITLE NOISE,Existing simulation selected one canonical candidate (RVTR094132); deterministic filename/tag noise.,true
/Users/bobhopp/DJ MEDIA/VIDEO/2010's/Kanye West f._Pusha T - Runaway.mp4,Kanye West f./Pusha T,Runaway,RVTR646459,1,HUMAN REVIEW REQUIRED,"Existing simulation selected one candidate (RVTR646459), but no safe disposition signal.",false
/Users/bobhopp/DJ MEDIA/VIDEO/TECHNO/Zebrahead - Playmate Of The Year.mp4,Zebrahead,Playmate Of The Year,RVTR269982,1,HUMAN REVIEW REQUIRED,"Existing simulation selected one candidate (RVTR269982), but no safe disposition signal.",false
/Users/bobhopp/DJ MEDIA/VIDEO/1990's/Mark Chesnutt - Too Cold At Home.mp4,Mark Chesnutt,Too Cold At Home,RVTR506642,1,HUMAN REVIEW REQUIRED,"Existing simulation selected one candidate (RVTR506642), but no safe disposition signal.",false
/Users/bobhopp/DJ MEDIA/VIDEO/1980's/Talking Heads - Slippery People.mp4,Talking Heads,Slippery People,RVTR107660,1,HUMAN REVIEW REQUIRED,"Existing simulation selected one candidate (RVTR107660), but no safe disposition signal.",false
/Users/bobhopp/DJ MEDIA/VIDEO/1980's/Peter Cetera - The Glory Of Love.mp4,Peter Cetera,The Glory Of Love,RVTR405273,1,HUMAN REVIEW REQUIRED,"Existing simulation selected one candidate (RVTR405273), but no safe disposition signal.",false
/Users/bobhopp/DJ MEDIA/VIDEO/1990's/Shaggy - In The Summertime  (1996).mp4,Shaggy,In The Summertime  (1996),RVTR718697,1,SAFE TITLE NOISE,Existing simulation selected one canonical candidate (RVTR718697); deterministic filename/tag noise.,true
/Users/bobhopp/DJ MEDIA/VIDEO/1980's/George Michael - I Want Your Sex.mp4,George Michael,I Want Your Sex,RVTR243346,1,HUMAN REVIEW REQUIRED,"Existing simulation selected one candidate (RVTR243346), but no safe disposition signal.",false
/Users/bobhopp/DJ MEDIA/VIDEO/1990's/Spinal Tap - The Majesty Of Rock.mp4,Spinal Tap,The Majesty Of Rock,RVTR920595,1,HUMAN REVIEW REQUIRED,"Existing simulation selected one candidate (RVTR920595), but no safe disposition signal.",false
/Users/bobhopp/DJ MEDIA/VIDEO/1950's/Chuck Berry - Memphis Tennessee.mp4,Chuck Berry,Memphis Tennessee,RVTR530800,1,HUMAN REVIEW REQUIRED,"Existing simulation selected one candidate (RVTR530800), but no safe disposition signal.",false
/Users/bobhopp/DJ MEDIA/VIDEO/1960's/The Who - We're Not Gonna Take It.mp4,The Who,We're Not Gonna Take It,RVTR228082,1,SAFE TITLE NOISE,Existing simulation selected one canonical candidate (RVTR228082); deterministic filename/tag noise.,true
"/Users/bobhopp/DJ MEDIA/VIDEO/1980's/Dangerous Toys - Teas'n, Pleas'n.mp4",Dangerous Toys,"Teas'n, Pleas'n",RVTR189254,1,SAFE TITLE NOISE,Existing simulation selected one canonical candidate (RVTR189254); deterministic filename/tag noise.,true
/Users/bobhopp/DJ MEDIA/VIDEO/1980's/Live Aid - The Whistlestop Tour.mp4,Live Aid,The Whistlestop Tour,RVTR506011,1,HUMAN REVIEW REQUIRED,"Existing simulation selected one candidate (RVTR506011), but no safe disposition signal.",false
/Users/bobhopp/DJ MEDIA/VIDEO/1990's/Susan Tedeschi - It Hurts So Bad.mp4,Susan Tedeschi,It Hurts So Bad,RVTR717736,1,HUMAN REVIEW REQUIRED,"Existing simulation selected one candidate (RVTR717736), but no safe disposition signal.",false
/Users/bobhopp/DJ MEDIA/VIDEO/1980's/Europe - Let the Good Times Rock.mp4,Europe,Let the Good Times Rock,RVTR578817,1,HUMAN REVIEW REQUIRED,"Existing simulation selected one candidate (RVTR578817), but no safe disposition signal.",false
/Users/bobhopp/DJ MEDIA/VIDEO/1990's/R.L. Burnside - It's Bad You Know.mp4,R.L. Burnside,It's Bad You Know,RVTR758231,1,SAFE TITLE NOISE,Existing simulation selected one canonical candidate (RVTR758231); deterministic filename/tag noise.,true
/Users/bobhopp/DJ MEDIA/VIDEO/1990's/3rd Bass - Triple Stage Darkness.mp4,3rd Bass,Triple Stage Darkness,RVTR023516,1,HUMAN REVIEW REQUIRED,"Existing simulation selected one candidate (RVTR023516), but no safe disposition signal.",false
/Users/bobhopp/DJ MEDIA/VIDEO/2020's/Anne Marie & Little Mix - Kiss My.mp4,Anne Marie & Little Mix,Kiss My,RVTR454650,1,HUMAN REVIEW REQUIRED,"Existing simulation selected one candidate (RVTR454650), but no safe disposition signal.",false
/Users/bobhopp/DJ MEDIA/VIDEO/1960's/Folsum Prison Blues - Roy Clark.mp4,Folsum Prison Blues,Roy Clark,RVTR673468,1,HUMAN REVIEW REQUIRED,"Existing simulation selected one candidate (RVTR673468), but no safe disposition signal.",false
/Users/bobhopp/DJ MEDIA/VIDEO/1970's/AC_DC - Its a Long Way to the Top.mp4,AC/DC,Its a Long Way to the Top,RVTR306382,1,HUMAN REVIEW REQUIRED,"Existing simulation selected one candidate (RVTR306382), but no safe disposition signal.",false
/Users/bobhopp/DJ MEDIA/VIDEO/2000's/The Heavy - How You Like Me Now_.mp4,The Heavy,How You Like Me Now?,RVTR780652,1,SAFE TITLE NOISE,Existing simulation selected one canonical candidate (RVTR780652); deterministic filename/tag noise.,true
"/Users/bobhopp/DJ MEDIA/VIDEO/2020's/Elton John, Dua Lipa - Cold Heart.mp4","Elton John, Dua Lipa",Cold Heart,RVTR872830,1,HUMAN REVIEW REQUIRED,"Existing simulation selected one candidate (RVTR872830), but no safe disposition signal.",false
/Users/bobhopp/DJ MEDIA/VIDEO/COUNTRY/FILL/Elle King - America's Sweetheart.mp4,Elle King,America's Sweetheart,RVTR374610,1,SAFE TITLE NOISE,Existing simulation selected one canonical candidate (RVTR374610); deterministic filename/tag noise.,true
/Users/bobhopp/DJ MEDIA/VIDEO/1990's/Commitments - Mustang Sally.mp4,Commitments,Mustang Sally,RVTR502660,1,HUMAN REVIEW REQUIRED,"Existing simulation selected one candidate (RVTR502660), but no safe disposition signal.",false
/Users/bobhopp/DJ MEDIA/VIDEO/TECHNO/Wonderland Avenue - White Horse.mp4,Wonderland Avenue,White Horse,RVTR958976,1,HUMAN REVIEW REQUIRED,"Existing simulation selected one candidate (RVTR958976), but no safe disposition signal.",false
/Users/bobhopp/DJ MEDIA/VIDEO/1980's/Bruce Springsteen - Point Blank.mp4,Bruce Springsteen,Point Blank,RVTR116635,1,HUMAN REVIEW REQUIRED,"Existing simulation selected one candidate (RVTR116635), but no safe disposition signal.",false
/Volumes/DJ  MAIN/DJ MEDIA/VIDEO/1980's/Daryl Hall and John Oates - You Make My Dreams.mp4,Daryl Hall & John Oates,You Make My Dreams,RVTR705730,1,HUMAN REVIEW REQUIRED,"Existing simulation selected one candidate (RVTR705730), but no safe disposition signal.",false
/Users/bobhopp/DJ MEDIA/VIDEO/1990's/Bob Carlisle - Butterfly Kisses.mp4,Bob Carlisle,Butterfly Kisses,RVTR766884,1,HUMAN REVIEW REQUIRED,"Existing simulation selected one candidate (RVTR766884), but no safe disposition signal.",false
/Users/bobhopp/DJ MEDIA/VIDEO/TECHNO/Kristine W. - Feel What You Want.mp4,Kristine W.,Feel What You Want,RVTR827711,1,HUMAN REVIEW REQUIRED,"Existing simulation selected one candidate (RVTR827711), but no safe disposition signal.",false
/Users/bobhopp/DJ MEDIA/VIDEO/1960's/Sister Rosetta Tharpe - Didn't It Rain.mp4,Sister Rosetta Tharpe,Didn't It Rain,RVTR357644,1,SAFE TITLE NOISE,Existing simulation selected one canonical candidate (RVTR357644); deterministic filename/tag noise.,true
/Users/bobhopp/DJ MEDIA/VIDEO/2000's/Prince - Crimson And Clover (2009).mp4,Prince,Crimson And Clover,RVTR562050,1,HUMAN REVIEW REQUIRED,"Existing simulation selected one candidate (RVTR562050), but no safe disposition signal.",false
/Users/bobhopp/DJ MEDIA/VIDEO/1980's/Big Audio Dynamite - James Brown.mp4,Big Audio Dynamite,James Brown,RVTR262898,1,HUMAN REVIEW REQUIRED,"Existing simulation selected one candidate (RVTR262898), but no safe disposition signal.",false
/Users/bobhopp/DJ MEDIA/VIDEO/1980's/Kate Bush - Running Up That Hill.mp4,Kate Bush,Running Up That Hill,RVTR609146,1,HUMAN REVIEW REQUIRED,"Existing simulation selected one candidate (RVTR609146), but no safe disposition signal.",false
"/Users/bobhopp/DJ MEDIA/VIDEO/TECHNO/Crystal Method, The - Busy Child.mp4","Crystal Method, The",Busy Child,RVTR188277,1,HUMAN REVIEW REQUIRED,"Existing simulation selected one candidate (RVTR188277), but no safe disposition signal.",false
/Users/bobhopp/DJ MEDIA/VIDEO/1980's/Deep Purple - Perfect Strangers.mp4,Deep Purple,Perfect Strangers,RVTR045718,1,HUMAN REVIEW REQUIRED,"Existing simulation selected one candidate (RVTR045718), but no safe disposition signal.",false
/Volumes/DJ  MAIN/DJ MEDIA/VIDEO/1990's/Bodeans - Fade Away.mp4,Bodeans,Fade Away,RVTR799242,1,HUMAN REVIEW REQUIRED,"Existing simulation selected one candidate (RVTR799242), but no safe disposition signal.",false
"/Users/bobhopp/DJ MEDIA/VIDEO/1990's/Faith Hill - Way You Love Me, The.mp4",Faith Hill,"Way You Love Me, The",RVTR715643,1,SAFE TITLE NOISE,Existing simulation selected one canonical candidate (RVTR715643); deterministic filename/tag noise.,true
/Users/bobhopp/DJ MEDIA/VIDEO/2000's/All Time Low - I Feel Like Dancin'.mp4,All Time Low,I Feel Like Dancin',RVTR899849,1,SAFE TITLE NOISE,Existing simulation selected one canonical candidate (RVTR899849); deterministic filename/tag noise.,true
/Users/bobhopp/DJ MEDIA/VIDEO/1970's/Judas Priest - Take on the World.mp4,Judas Priest,Take on the World,RVTR300085,1,HUMAN REVIEW REQUIRED,"Existing simulation selected one candidate (RVTR300085), but no safe disposition signal.",false
/Users/bobhopp/DJ MEDIA/VIDEO/1990's/The Black Crowes - Seeing Things.mp4,The Black Crowes,Seeing Things,RVTR893939,1,HUMAN REVIEW REQUIRED,"Existing simulation selected one candidate (RVTR893939), but no safe disposition signal.",false
/Users/bobhopp/DJ MEDIA/VIDEO/1980's/Rod Stewart - You're In My Heart.mp4,Rod Stewart,You're In My Heart,RVTR874360,1,SAFE TITLE NOISE,Existing simulation selected one canonical candidate (RVTR874360); deterministic filename/tag noise.,true
/Users/bobhopp/DJ MEDIA/VIDEO/2000's/Lenny Kravitz - Black Velveteen.mp4,Lenny Kravitz,Black Velveteen,RVTR915423,1,HUMAN REVIEW REQUIRED,"Existing simulation selected one candidate (RVTR915423), but no safe disposition signal.",false
/Users/bobhopp/DJ MEDIA/VIDEO/2000's/Counting Crows - A Long December.mp4,Counting Crows,A Long December,RVTR312077,1,HUMAN REVIEW REQUIRED,"Existing simulation selected one candidate (RVTR312077), but no safe disposition signal.",false
/Users/bobhopp/DJ MEDIA/VIDEO/2000's/Paradiso Girls - Patron Tequila.mp4,Paradiso Girls,Patron Tequila,RVTR848378,1,HUMAN REVIEW REQUIRED,"Existing simulation selected one candidate (RVTR848378), but no safe disposition signal.",false
/Users/bobhopp/DJ MEDIA/VIDEO/2010's/Beyonce - Why Don't You Love Me_.mp4,Beyonce,Why Don't You Love Me?,RVTR197703,1,SAFE TITLE NOISE,Existing simulation selected one canonical candidate (RVTR197703); deterministic filename/tag noise.,true
/Users/bobhopp/DJ MEDIA/VIDEO/TECHNO/Josh Zuckerman - Another Reason.mp4,Josh Zuckerman,Another Reason,RVTR347730,1,HUMAN REVIEW REQUIRED,"Existing simulation selected one candidate (RVTR347730), but no safe disposition signal.",false
/Users/bobhopp/DJ MEDIA/VIDEO/1960's/John Fogerty - Born On The Bayou.mp4,Sir Douglas Quintet,Born On The Bayou,RVTR090446,1,HUMAN REVIEW REQUIRED,"Existing simulation selected one candidate (RVTR090446), but no safe disposition signal.",false
/Users/bobhopp/DJ MEDIA/VIDEO/1970's/Bob Marley - Positive Vibration.mp4,Bob Marley,Positive Vibration,RVTR987470,1,HUMAN REVIEW REQUIRED,"Existing simulation selected one candidate (RVTR987470), but no safe disposition signal.",false
/Users/bobhopp/DJ MEDIA/VIDEO/2000's/Beyonce F.Slim Thug - Check On It.mp4,Beyonce F.Slim Thug,Check On It,RVTR502183,1,HUMAN REVIEW REQUIRED,"Existing simulation selected one candidate (RVTR502183), but no safe disposition signal.",false
/Users/bobhopp/DJ MEDIA/VIDEO/1970's/Bill Withers - Ain t No Sunshine.mp4,Bill Withers,Ain t No Sunshine,RVTR483118,1,HUMAN REVIEW REQUIRED,"Existing simulation selected one candidate (RVTR483118), but no safe disposition signal.",false
/Users/bobhopp/DJ MEDIA/VIDEO/1980's/Adventures - Another Silent Day.mp4,Adventures,Another Silent Day,RVTR522758,1,HUMAN REVIEW REQUIRED,"Existing simulation selected one candidate (RVTR522758), but no safe disposition signal.",false
/Users/bobhopp/DJ MEDIA/VIDEO/1980's/Stevie Nicks - Edge Of Seventeen.mp4,Stevie Nicks,Edge Of Seventeen,RVTR721592,1,HUMAN REVIEW REQUIRED,"Existing simulation selected one candidate (RVTR721592), but no safe disposition signal.",false
/Users/bobhopp/DJ MEDIA/VIDEO/1980's/Styx - Two Much Time On My Hands.mp4,Styx,Two Much Time On My Hands,RVTR245069,1,HUMAN REVIEW REQUIRED,"Existing simulation selected one candidate (RVTR245069), but no safe disposition signal.",false
/Users/bobhopp/DJ MEDIA/VIDEO/2000's/Coheed and Cambria - Welcome Home.mp4,Coheed and Cambria,Welcome Home,RVTR859793,1,HUMAN REVIEW REQUIRED,"Existing simulation selected one candidate (RVTR859793), but no safe disposition signal.",false
/Users/bobhopp/DJ MEDIA/VIDEO/2010's/Taio Cruz f._Flo Rida - Hangover.mp4,Taio Cruz f./Flo Rida,Hangover,RVTR785536,1,HUMAN REVIEW REQUIRED,"Existing simulation selected one candidate (RVTR785536), but no safe disposition signal.",false
/Users/bobhopp/DJ MEDIA/VIDEO/TECHNO/Tiesto F.Cc Sheffield - Escape Me.mp4,Tiesto F.Cc Sheffield,Escape Me,RVTR698010,1,HUMAN REVIEW REQUIRED,"Existing simulation selected one candidate (RVTR698010), but no safe disposition signal.",false
/Users/bobhopp/DJ MEDIA/VIDEO/2010's/D_troit - Roll With The Punches.mp4,D/troit,Roll With The Punches,RVTR362881,1,HUMAN REVIEW REQUIRED,"Existing simulation selected one candidate (RVTR362881), but no safe disposition signal.",false
/Users/bobhopp/DJ MEDIA/VIDEO/TECHNO/Kylie Minogue - Spinning Around.mp4,Kylie Minogue,Spinning Around,RVTR261580,1,HUMAN REVIEW REQUIRED,"Existing simulation selected one candidate (RVTR261580), but no safe disposition signal.",false
/Users/bobhopp/DJ MEDIA/VIDEO/1970's/The Jackson 5 - The Love You Save.mp4,The Jackson 5, The Love You Save,RVTR720485,1,HUMAN REVIEW REQUIRED,"Existing simulation selected one candidate (RVTR720485), but no safe disposition signal.",false
"/Users/bobhopp/DJ MEDIA/VIDEO/2000's/Aerosmith - Baby, Please Don't Go.mp4",Aerosmith,"Baby, Please Don't Go",RVTR133526,1,SAFE TITLE NOISE,Existing simulation selected one canonical candidate (RVTR133526); deterministic filename/tag noise.,true
/Users/bobhopp/DJ MEDIA/VIDEO/1990's/Nine Inch Nails - Head Like A Hole.mp4,Nine Inch Nails,Head Like A Hole,RVTR689342,1,HUMAN REVIEW REQUIRED,"Existing simulation selected one candidate (RVTR689342), but no safe disposition signal.",false
/Users/bobhopp/DJ MEDIA/VIDEO/2020's/Austin Williams - 90s Rap Mashup.mp4,Austin Williams,90s Rap Mashup,RVTR012820,1,HUMAN REVIEW REQUIRED,"Existing simulation selected one candidate (RVTR012820), but no safe disposition signal.",false
/Users/bobhopp/DJ MEDIA/VIDEO/1970's/Roger Hodgson - The Logical Song.mp4,Roger Hodgson,The Logical Song,RVTR797472,1,HUMAN REVIEW REQUIRED,"Existing simulation selected one candidate (RVTR797472), but no safe disposition signal.",false
/Users/bobhopp/DJ MEDIA/VIDEO/1980's/Billy Idol - Dancing With Myself.mp4,Billy Idol,Dancing With Myself,RVTR368720,1,HUMAN REVIEW REQUIRED,"Existing simulation selected one candidate (RVTR368720), but no safe disposition signal.",false
"/Users/bobhopp/DJ MEDIA/VIDEO/2000's/Butch Walker - Weight Of Her, The.mp4",Butch Walker,The Weight Of Her,RVTR134258,1,HUMAN REVIEW REQUIRED,"Existing simulation selected one candidate (RVTR134258), but no safe disposition signal.",false
/Users/bobhopp/DJ MEDIA/VIDEO/1970's/David Bowie - Boys Keep Swinging.mp4,David Bowie,Boys Keep Swinging,RVTR515904,1,HUMAN REVIEW REQUIRED,"Existing simulation selected one candidate (RVTR515904), but no safe disposition signal.",false
/Users/bobhopp/DJ MEDIA/VIDEO/1990's/Suzanne Vega - Blood Makes Noise.mp4,Suzanne Vega,Blood Makes Noise,RVTR118043,1,HUMAN REVIEW REQUIRED,"Existing simulation selected one candidate (RVTR118043), but no safe disposition signal.",false
/Users/bobhopp/DJ MEDIA/VIDEO/2000's/Britney Spears - If You Seek Amy.mp4,Britney Spears,If You Seek Amy,RVTR810006,1,HUMAN REVIEW REQUIRED,"Existing simulation selected one candidate (RVTR810006), but no safe disposition signal.",false
/Users/bobhopp/DJ MEDIA/VIDEO/1970's/Melanie Safka - Beautiful People.mp4,Melanie Safka,Beautiful People,RVTR868826,1,HUMAN REVIEW REQUIRED,"Existing simulation selected one candidate (RVTR868826), but no safe disposition signal.",false
/Users/bobhopp/DJ MEDIA/VIDEO/1980's/Prince - I Would Die 4 U (Live 1984).mp4,Prince,I Would Die 4 U (Live 1984),RVTR145972,1,SAFE TITLE NOISE,Existing simulation selected one canonical candidate (RVTR145972); deterministic filename/tag noise.,true
/Users/bobhopp/DJ MEDIA/VIDEO/2020's/Lil Huddy - America's Sweetheart.mp4,Lil Huddy,America's Sweetheart,RVTR627520,1,SAFE TITLE NOISE,Existing simulation selected one canonical candidate (RVTR627520); deterministic filename/tag noise.,true
/Users/bobhopp/Library/CloudStorage/Dropbox/VIDEO/1970's/AC_DC - Hells Bells.mp4,AC/DC,Hells Bells,RVTR086604,1,HUMAN REVIEW REQUIRED,"Existing simulation selected one candidate (RVTR086604), but no safe disposition signal.",false
/Users/bobhopp/DJ MEDIA/VIDEO/1950's/Elvis Presley - That's All Right.mp4,Elvis Presley,That's All Right,RVTR650659,1,SAFE TITLE NOISE,Existing simulation selected one canonical candidate (RVTR650659); deterministic filename/tag noise.,true
/Users/bobhopp/DJ MEDIA/VIDEO/1960's/The Velvet Underground - Heroin.mp4,The Velvet Underground,Heroin,RVTR380586,1,HUMAN REVIEW REQUIRED,"Existing simulation selected one candidate (RVTR380586), but no safe disposition signal.",false
/Users/bobhopp/DJ MEDIA/VIDEO/1980's/Jane's Addiction - Mountain Song.mp4,Jane's Addiction,Mountain Song,RVTR490973,1,HUMAN REVIEW REQUIRED,"Existing simulation selected one candidate (RVTR490973), but no safe disposition signal.",false
/Users/bobhopp/DJ MEDIA/VIDEO/1990's/BlackHawk - Every Once In a While.mp4,BlackHawk,Every Once In a While,RVTR150795,1,HUMAN REVIEW REQUIRED,"Existing simulation selected one candidate (RVTR150795), but no safe disposition signal.",false
/Users/bobhopp/DJ MEDIA/VIDEO/2000's/Kid Rock F.Sheryl Crow - Picture.mp4,Kid Rock F.Sheryl Crow,Picture,RVTR088885,1,HUMAN REVIEW REQUIRED,"Existing simulation selected one candidate (RVTR088885), but no safe disposition signal.",false
/Users/bobhopp/DJ MEDIA/VIDEO/COUNTRY/FILL/Clay Walker - Before She Was Mama.mp4,Clay Walker,Before She Was Mama,RVTR186819,1,HUMAN REVIEW REQUIRED,"Existing simulation selected one candidate (RVTR186819), but no safe disposition signal.",false
/Users/bobhopp/DJ MEDIA/VIDEO/2000's/Ween - Booze Me Up and Get Me High.mp4,Ween,Booze Me Up and Get Me High,RVTR120230,1,HUMAN REVIEW REQUIRED,"Existing simulation selected one candidate (RVTR120230), but no safe disposition signal.",false
/Users/bobhopp/DJ MEDIA/VIDEO/2020's/Alana Springsteen - Zero Trucks.mp4,Alana Springsteen,Zero Trucks,RVTR562718,1,HUMAN REVIEW REQUIRED,"Existing simulation selected one candidate (RVTR562718), but no safe disposition signal.",false
/Users/bobhopp/DJ MEDIA/VIDEO/1960's/Van Morrison - Just Like A Woman.mp4,Van Morrison,Just Like A Woman,RVTR874754,1,HUMAN REVIEW REQUIRED,"Existing simulation selected one candidate (RVTR874754), but no safe disposition signal.",false
/Users/bobhopp/DJ MEDIA/VIDEO/2000's/White Stripes - Ball And Biscuit.mp4,White Stripes,Ball And Biscuit,RVTR572263,1,HUMAN REVIEW REQUIRED,"Existing simulation selected one candidate (RVTR572263), but no safe disposition signal.",false
/Users/bobhopp/DJ MEDIA/VIDEO/1970's/Elvis Presley - Polk Salad Annie.mp4,Elvis Presley,Polk Salad Annie,RVTR889986,1,HUMAN REVIEW REQUIRED,"Existing simulation selected one candidate (RVTR889986), but no safe disposition signal.",false
/Users/bobhopp/DJ MEDIA/VIDEO/1980's/Faster Pussycat - Bathroom Wall.mp4,Faster Pussycat,Bathroom Wall,RVTR572986,1,HUMAN REVIEW REQUIRED,"Existing simulation selected one candidate (RVTR572986), but no safe disposition signal.",false
/Users/bobhopp/DJ MEDIA/VIDEO/1980's/Was (Not Was) - Walk The Dinosaur.mp4,Was (Not Was),Walk The Dinosaur,RVTR331887,1,HUMAN REVIEW REQUIRED,"Existing simulation selected one candidate (RVTR331887), but no safe disposition signal.",false
/Users/bobhopp/DJ MEDIA/VIDEO/2000's/Sugarland - Down In Mississippi.mp4,Sugarland,Down In Mississippi,RVTR129754,1,HUMAN REVIEW REQUIRED,"Existing simulation selected one candidate (RVTR129754), but no safe disposition signal.",false
/Users/bobhopp/DJ MEDIA/VIDEO/1990's/Barry Manilow - Let Freedom Ring.mp4,Barry Manilow,Let Freedom Ring,RVTR177022,1,HUMAN REVIEW REQUIRED,"Existing simulation selected one candidate (RVTR177022), but no safe disposition signal.",false
/Users/bobhopp/DJ MEDIA/VIDEO/1990's/The Eagles - Girl From Yesterday.mp4,The Eagles,Girl From Yesterday,RVTR888935,1,HUMAN REVIEW REQUIRED,"Existing simulation selected one candidate (RVTR888935), but no safe disposition signal.",false
/Users/bobhopp/DJ MEDIA/VIDEO/2010's/Justin Bieber f._Ludacris - Baby.mp4,Justin Bieber f./Ludacris,Baby,RVTR840228,1,HUMAN REVIEW REQUIRED,"Existing simulation selected one candidate (RVTR840228), but no safe disposition signal.",false
/Volumes/DJ  MAIN/DJ MEDIA/VIDEO/1960's/Batman - The Batusi.mp4,Batman,The Batusi,RVTR706899,1,HUMAN REVIEW REQUIRED,"Existing simulation selected one candidate (RVTR706899), but no safe disposition signal.",false
/Users/bobhopp/DJ MEDIA/VIDEO/2010's/Rihanna f._Drake - What's My Name.mp4,Rihanna f./Drake,What's My Name,RVTR399698,1,SAFE TITLE NOISE,Existing simulation selected one canonical candidate (RVTR399698); deterministic filename/tag noise.,true
/Users/bobhopp/DJ MEDIA/VIDEO/2000's/Los Lonely Boys - More Than Love.mp4,Los Lonely Boys,More Than Love,RVTR349500,1,HUMAN REVIEW REQUIRED,"Existing simulation selected one candidate (RVTR349500), but no safe disposition signal.",false
/Users/bobhopp/DJ MEDIA/VIDEO/2000's/Omarion F.Gucci Mane - I Get It In.mp4,Omarion F.Gucci Mane,I Get It In,RVTR624168,1,HUMAN REVIEW REQUIRED,"Existing simulation selected one candidate (RVTR624168), but no safe disposition signal.",false
/Users/bobhopp/DJ MEDIA/VIDEO/2010's/Enrique Iglesias - Ring My Bells.mp4,Enrique Iglesias,Ring My Bells,RVTR684074,1,HUMAN REVIEW REQUIRED,"Existing simulation selected one candidate (RVTR684074), but no safe disposition signal.",false
/Users/bobhopp/DJ MEDIA/VIDEO/1970's/Pretenders - Tattooed Love Boys.mp4,Pretenders,Tattooed Love Boys,RVTR743137,1,HUMAN REVIEW REQUIRED,"Existing simulation selected one candidate (RVTR743137), but no safe disposition signal.",false
/Users/bobhopp/DJ MEDIA/VIDEO/2010's/Romeo Santos f._Usher - Promise.mp4,Romeo Santos f./Usher,Promise,RVTR640394,1,HUMAN REVIEW REQUIRED,"Existing simulation selected one candidate (RVTR640394), but no safe disposition signal.",false
/Users/bobhopp/DJ MEDIA/VIDEO/1960's/The Beatles - I'm A Loser And Boys.mp4,The Beatles,I'm A Loser And Boys,RVTR192079,1,SAFE TITLE NOISE,Existing simulation selected one canonical candidate (RVTR192079); deterministic filename/tag noise.,true
/Users/bobhopp/DJ MEDIA/VIDEO/1990's/Van Morrison - Reminds Me Of You.mp4,Van Morrison,Reminds Me Of You,RVTR101083,1,HUMAN REVIEW REQUIRED,"Existing simulation selected one candidate (RVTR101083), but no safe disposition signal.",false
/Users/bobhopp/DJ MEDIA/VIDEO/2010's/Elton John - Take Me To The Pilot.mp4,Elton John LIVE REMASTERED,Take Me To The Pilot,RVTR005020,1,HUMAN REVIEW REQUIRED,"Existing simulation selected one candidate (RVTR005020), but no safe disposition signal.",false
/Users/bobhopp/DJ MEDIA/VIDEO/1980's/Olivia Newton John & ELO - Xanadu.mp4,Olivia Newton John & ELO,Xanadu,RVTR893205,1,HUMAN REVIEW REQUIRED,"Existing simulation selected one candidate (RVTR893205), but no safe disposition signal.",false
/Users/bobhopp/DJ MEDIA/VIDEO/1980's/Tom Jones and Art Of Noise - Kiss.mp4,Tom Jones and Art Of Noise,Kiss,RVTR632046,1,HUMAN REVIEW REQUIRED,"Existing simulation selected one candidate (RVTR632046), but no safe disposition signal.",false
/Users/bobhopp/DJ MEDIA/VIDEO/2010's/Justin Timberlake - Suit and Tie.mp4,Justin Timberlake,Suit and Tie,RVTR595313,1,HUMAN REVIEW REQUIRED,"Existing simulation selected one candidate (RVTR595313), but no safe disposition signal.",false
/Users/bobhopp/DJ MEDIA/VIDEO/TECHNO/Spandau Ballet - I'll Fly For You.mp4,Spandau Ballet,I'll Fly For You,RVTR683852,1,SAFE TITLE NOISE,Existing simulation selected one canonical candidate (RVTR683852); deterministic filename/tag noise.,true
/Users/bobhopp/DJ MEDIA/VIDEO/1970's/Lynyrd Skynyrd - Tuesday's Gone.mp4,Lynyrd Skynyrd,Tuesday's Gone,RVTR547603,1,SAFE TITLE NOISE,Existing simulation selected one canonical candidate (RVTR547603); deterministic filename/tag noise.,true
/Users/bobhopp/DJ MEDIA/VIDEO/1980's/Eric Carmen - Hungry Eyes (Clips).mp4,Eric Carmen,Hungry Eyes (Clips),RVTR729669,1,SAFE TITLE NOISE,Existing simulation selected one canonical candidate (RVTR729669); deterministic filename/tag noise.,true
/Volumes/DJ  MAIN/DJ MEDIA/VIDEO/1960's/The Shadows - Apache.mp4,The Shadows,Apache,RVTR436495,1,HUMAN REVIEW REQUIRED,"Existing simulation selected one candidate (RVTR436495), but no safe disposition signal.",false
/Users/bobhopp/DJ MEDIA/VIDEO/1980's/Ozzy Osbourne - Bark At The Moon.mp4,Ozzy Osbourne,Bark At The Moon,RVTR707716,1,HUMAN REVIEW REQUIRED,"Existing simulation selected one candidate (RVTR707716), but no safe disposition signal.",false
/Users/bobhopp/DJ MEDIA/VIDEO/2010's/Beyoncé feat. Nicki Minaj - Flawless.MP4,Beyoncé Ft. Nicki Minaj,Flawless,RVTR027354,1,HUMAN REVIEW REQUIRED,"Existing simulation selected one candidate (RVTR027354), but no safe disposition signal.",false
/Users/bobhopp/DJ MEDIA/VIDEO/1970's/Eddy Grant - Walking On Sunshine.mp4,Eddy Grant,Walking On Sunshine,RVTR533056,1,HUMAN REVIEW REQUIRED,"Existing simulation selected one candidate (RVTR533056), but no safe disposition signal.",false
/Users/bobhopp/DJ MEDIA/VIDEO/2000's/Britney Spears - My Prerogative.mp4,Britney Spears,My Prerogative,RVTR607899,1,HUMAN REVIEW REQUIRED,"Existing simulation selected one candidate (RVTR607899), but no safe disposition signal.",false
/Users/bobhopp/DJ MEDIA/VIDEO/2000's/Tito & Tarantula - Dust And Ashes.mp4,Tito & Tarantula,Dust And Ashes,RVTR823091,1,HUMAN REVIEW REQUIRED,"Existing simulation selected one candidate (RVTR823091), but no safe disposition signal.",false
/Users/bobhopp/DJ MEDIA/VIDEO/1970's/AC_DC - It's a Long Way to the Top.mp4,AC/DC,It's a Long Way to the Top,RVTR306382,1,SAFE TITLE NOISE,Existing simulation selected one canonical candidate (RVTR306382); deterministic filename/tag noise.,true
/Users/bobhopp/DJ MEDIA/VIDEO/2010's/Trey Songz f._Fabolous - Say Aah.mp4,Trey Songz f./Fabolous,Say Aah,RVTR444594,1,HUMAN REVIEW REQUIRED,"Existing simulation selected one candidate (RVTR444594), but no safe disposition signal.",false
"/Users/bobhopp/DJ MEDIA/VIDEO/1960's/Leonard Cohen - So Long, Marianne.mp4",Leonard Cohen,"So Long, Marianne",RVTR659846,1,SAFE TITLE NOISE,Existing simulation selected one canonical candidate (RVTR659846); deterministic filename/tag noise.,true
/Users/bobhopp/DJ MEDIA/VIDEO/1960's/Vanilla Fudge - Keep Me Hangin  On.mp4,Vanilla Fudge,Keep Me Hangin  On,RVTR359399,1,HUMAN REVIEW REQUIRED,"Existing simulation selected one candidate (RVTR359399), but no safe disposition signal.",false
/Users/bobhopp/DJ MEDIA/VIDEO/1970's/Barry Manilow - Bandstand Boogie.mp4,Barry Manilow,Bandstand Boogie,RVTR439114,1,HUMAN REVIEW REQUIRED,"Existing simulation selected one candidate (RVTR439114), but no safe disposition signal.",false
/Users/bobhopp/DJ MEDIA/VIDEO/2000's/The Wonder Stuff - Circle Square.mp4,The Wonder Stuff,Circle Square,RVTR339118,1,HUMAN REVIEW REQUIRED,"Existing simulation selected one candidate (RVTR339118), but no safe disposition signal.",false
/Users/bobhopp/DJ MEDIA/VIDEO/1970's/Bob Marley & The Wailers - Jammin'.mp4,Bob Marley,Jammin',RVTR959139,1,SAFE TITLE NOISE,Existing simulation selected one canonical candidate (RVTR959139); deterministic filename/tag noise.,true
/Users/bobhopp/DJ MEDIA/VIDEO/1970's/Elton John - Funeral For A Friend.mp4,Elton John,Funeral For A Friend,RVTR021447,1,HUMAN REVIEW REQUIRED,"Existing simulation selected one candidate (RVTR021447), but no safe disposition signal.",false
/Volumes/DJ  MAIN/DJ MEDIA/VIDEO/1980's/12-The Curly Shuffle.mp4,Jump In The Saddle,The Curly Shuffle,RVTR266142,1,HUMAN REVIEW REQUIRED,"Existing simulation selected one candidate (RVTR266142), but no safe disposition signal.",false
/Users/bobhopp/DJ MEDIA/VIDEO/1970's/Stevie Wonder - Isn't She Lovely.mp4,Stevie Wonder,Isn't She Lovely,RVTR899147,1,SAFE TITLE NOISE,Existing simulation selected one canonical candidate (RVTR899147); deterministic filename/tag noise.,true
/Users/bobhopp/DJ MEDIA/VIDEO/1990's/The Folk Implosion - Natural One.mp4,The Folk Implosion,Natural One,RVTR678991,1,HUMAN REVIEW REQUIRED,"Existing simulation selected one candidate (RVTR678991), but no safe disposition signal.",false
/Users/bobhopp/DJ MEDIA/VIDEO/COUNTRY/FILL/Clint Black - Good Run Of Bad Luck.mp4,Clint Black,Good Run Of Bad Luck,RVTR255820,1,HUMAN REVIEW REQUIRED,"Existing simulation selected one candidate (RVTR255820), but no safe disposition signal.",false
/Users/bobhopp/DJ MEDIA/VIDEO/1980's/Paul McCartney - Ebony And Ivory.mp4,Paul McCartney,Ebony And Ivory,RVTR875572,1,HUMAN REVIEW REQUIRED,"Existing simulation selected one candidate (RVTR875572), but no safe disposition signal.",false
/Users/bobhopp/DJ MEDIA/VIDEO/1980's/Tome Browne - Funkin' for Jamaica.mp4,Tome Browne,Funkin' for Jamaica,RVTR111782,1,SAFE TITLE NOISE,Existing simulation selected one canonical candidate (RVTR111782); deterministic filename/tag noise.,true
/Users/bobhopp/DJ MEDIA/VIDEO/2000's/Linkin Park - Breaking The Habbit.mp4,Linkin Park,Breaking The Habbit,RVTR105500,1,HUMAN REVIEW REQUIRED,"Existing simulation selected one candidate (RVTR105500), but no safe disposition signal.",false
/Users/bobhopp/DJ MEDIA/VIDEO/2020's/Kelsea Ballerini - If You Go Down.mp4,Kelsea Ballerini,If You Go Down,RVTR284180,1,HUMAN REVIEW REQUIRED,"Existing simulation selected one candidate (RVTR284180), but no safe disposition signal.",false
/Users/bobhopp/DJ MEDIA/VIDEO/COUNTRY/FILL/Clay Walker - Texas to Tennessee.mp4,Clay Walker,Texas to Tennessee,RVTR876878,1,HUMAN REVIEW REQUIRED,"Existing simulation selected one candidate (RVTR876878), but no safe disposition signal.",false
/Users/bobhopp/DJ MEDIA/VIDEO/TECHNO/Missy Elliott - Get Ur Freak On B.mp4,Missy Elliott,Get Ur Freak On B,RVTR423982,1,HUMAN REVIEW REQUIRED,"Existing simulation selected one candidate (RVTR423982), but no safe disposition signal.",false
/Users/bobhopp/DJ MEDIA/VIDEO/1950's/The Crew Cuts - Sh-Boom (Cry Baby).mp4,The Crew Cuts,Sh-Boom (Cry Baby),RVTR990695,1,SAFE TITLE NOISE,Existing simulation selected one canonical candidate (RVTR990695); deterministic filename/tag noise.,true
/Users/bobhopp/DJ MEDIA/VIDEO/1970's/Grateful Dead - Shakedown Street.mp4,Grateful Dead,Shakedown Street,RVTR318681,1,HUMAN REVIEW REQUIRED,"Existing simulation selected one candidate (RVTR318681), but no safe disposition signal.",false
/Users/bobhopp/DJ MEDIA/VIDEO/2000's/Flight Facilities - Clair De Lune.mp4,Flight Facilities,Clair De Lune,RVTR580163,1,HUMAN REVIEW REQUIRED,"Existing simulation selected one candidate (RVTR580163), but no safe disposition signal.",false
/Users/bobhopp/DJ MEDIA/VIDEO/2010's/Eagle Eye Williamson - Black Gold.mp4,Eagle Eye Williamson,Black Gold,RVTR949569,1,HUMAN REVIEW REQUIRED,"Existing simulation selected one candidate (RVTR949569), but no safe disposition signal.",false
/Users/bobhopp/DJ MEDIA/VIDEO/1950's/The Band - Willy And The Hand Jive.mp4,The Band,Willy And The Hand Jive,RVTR724139,1,HUMAN REVIEW REQUIRED,"Existing simulation selected one candidate (RVTR724139), but no safe disposition signal.",false
/Users/bobhopp/DJ MEDIA/VIDEO/TECHNO/Geri Halliwell - It's Raining Men.mp4,Geri Halliwell,It's Raining Men,RVTR145653,1,SAFE TITLE NOISE,Existing simulation selected one canonical candidate (RVTR145653); deterministic filename/tag noise.,true
/Users/bobhopp/DJ MEDIA/VIDEO/TECHNO/Taking Back Sunday - Sink Into Me.mp4,Taking Back Sunday,Sink Into Me,RVTR211892,1,HUMAN REVIEW REQUIRED,"Existing simulation selected one candidate (RVTR211892), but no safe disposition signal.",false
/Users/bobhopp/DJ MEDIA/VIDEO/1970's/Led Zepplin - Stairway To Heaven.mp4,Led Zepplin,Stairway To Heaven,RVTR231520,1,HUMAN REVIEW REQUIRED,"Existing simulation selected one candidate (RVTR231520), but no safe disposition signal.",false
/Users/bobhopp/DJ MEDIA/VIDEO/2000's/Joss Stone - I Put A Spell On You.mp4,Joss Stone,I Put A Spell On You,RVTR540480,1,HUMAN REVIEW REQUIRED,"Existing simulation selected one candidate (RVTR540480), but no safe disposition signal.",false
/Users/bobhopp/DJ MEDIA/VIDEO/2010's/Miley Cyrus - Wish You Were Here.mp4,Miley Cyrus,Wish You Were Here,RVTR338053,1,HUMAN REVIEW REQUIRED,"Existing simulation selected one candidate (RVTR338053), but no safe disposition signal.",false
/Users/bobhopp/DJ MEDIA/VIDEO/2010's/Willow Smith - 21st Century Girl.mp4,Willow Smith,21st Century Girl,RVTR096090,1,HUMAN REVIEW REQUIRED,"Existing simulation selected one candidate (RVTR096090), but no safe disposition signal.",false
/Volumes/DJ/DJ FILES/VIDEO/1970's/The Who - Baba O Riley.mp4,The Who,Baba O Riley,RVTR560804,1,HUMAN REVIEW REQUIRED,"Existing simulation selected one candidate (RVTR560804), but no safe disposition signal.",false
/Users/bobhopp/DJ MEDIA/VIDEO/TECHNO/Justin Timberlake - I'm Lovin' It.mp4,Justin Timberlake,I'm Lovin' It,RVTR962684,1,SAFE TITLE NOISE,Existing simulation selected one canonical candidate (RVTR962684); deterministic filename/tag noise.,true
/Users/bobhopp/DJ MEDIA/VIDEO/2010's/Big Sean f._Chris Brown - My Last.mp4,Big Sean f./Chris Brown,My Last,RVTR798600,1,HUMAN REVIEW REQUIRED,"Existing simulation selected one candidate (RVTR798600), but no safe disposition signal.",false
/Users/bobhopp/DJ MEDIA/VIDEO/1980's/Ozzy Ozbourne - Shot In The Dark.mp4,Ozzy Ozbourne,Shot In The Dark,RVTR541171,1,HUMAN REVIEW REQUIRED,"Existing simulation selected one candidate (RVTR541171), but no safe disposition signal.",false
/Users/bobhopp/DJ MEDIA/VIDEO/2010's/Cage The Elephant - Cold Cold Cold.mp4,Cage The Elephant,Cold Cold Cold,RVTR513663,1,HUMAN REVIEW REQUIRED,"Existing simulation selected one candidate (RVTR513663), but no safe disposition signal.",false
/Users/bobhopp/DJ MEDIA/VIDEO/1980's/Depeche Mode - A Question of Lust.mp4,Depeche Mode,A Question of Lust,RVTR462010,1,HUMAN REVIEW REQUIRED,"Existing simulation selected one candidate (RVTR462010), but no safe disposition signal.",false
/Users/bobhopp/DJ MEDIA/VIDEO/1980's/Stevie Ray Vaughan - Little Wing.mp4,Stevie Ray Vaughan,Little Wing,RVTR977173,1,HUMAN REVIEW REQUIRED,"Existing simulation selected one candidate (RVTR977173), but no safe disposition signal.",false
"/Users/bobhopp/DJ MEDIA/VIDEO/1990's/George Strait - Cross My Heart, I.mp4",George Strait,"Cross My Heart, I",RVTR928137,1,SAFE TITLE NOISE,Existing simulation selected one canonical candidate (RVTR928137); deterministic filename/tag noise.,true
/Users/bobhopp/DJ MEDIA/VIDEO/1970's/Roger Hodgson - Give A Little Bit.mp4,Roger Hodgson,Give A Little Bit,RVTR154413,1,HUMAN REVIEW REQUIRED,"Existing simulation selected one candidate (RVTR154413), but no safe disposition signal.",false
/Users/bobhopp/DJ MEDIA/VIDEO/1980's/38 Special - Back Where You Belong.mp4,38 Special,Back Where You Belong,RVTR538877,1,HUMAN REVIEW REQUIRED,"Existing simulation selected one candidate (RVTR538877), but no safe disposition signal.",false
/Users/bobhopp/DJ MEDIA/VIDEO/1990's/Color Me Badd - I Wanna Sex You Up.mp4,Color Me Badd,I Wanna Sex You Up,RVTR501839,1,HUMAN REVIEW REQUIRED,"Existing simulation selected one candidate (RVTR501839), but no safe disposition signal.",false
/Users/bobhopp/DJ MEDIA/VIDEO/1980's/Cowboy Junkies - Misguided Angel.mp4,Cowboy Junkies,Misguided Angel,RVTR335285,1,HUMAN REVIEW REQUIRED,"Existing simulation selected one candidate (RVTR335285), but no safe disposition signal.",false
/Users/bobhopp/DJ MEDIA/VIDEO/1980's/Machinations - My Heart s On Fire.mp4,Machinations,My Heart s On Fire,RVTR917184,1,HUMAN REVIEW REQUIRED,"Existing simulation selected one candidate (RVTR917184), but no safe disposition signal.",false
/Volumes/DJ  MAIN/DJ MEDIA/VIDEO/1970's/Looking Glass - Brandy.mp4,Looking Glass,Brandy,RVTR200805,1,HUMAN REVIEW REQUIRED,"Existing simulation selected one candidate (RVTR200805), but no safe disposition signal.",false
/Users/bobhopp/DJ MEDIA/VIDEO/1970's/Grateful Dead - Terrapin Station.MP4,Grateful Dead,Terrapin Station,RVTR419179,1,HUMAN REVIEW REQUIRED,"Existing simulation selected one candidate (RVTR419179), but no safe disposition signal.",false
/Users/bobhopp/DJ MEDIA/VIDEO/1980's/Cheri Cheri Lady - Modern Talking.mp4,Modern Talking,Cheri Cheri Lady,RVTR452294,1,HUMAN REVIEW REQUIRED,"Existing simulation selected one candidate (RVTR452294), but no safe disposition signal.",false
/Users/bobhopp/DJ MEDIA/VIDEO/2020's/Sam Hunt - Water Under The Bridge.mp4,Sam Hunt,Water Under The Bridge,RVTR842086,1,HUMAN REVIEW REQUIRED,"Existing simulation selected one candidate (RVTR842086), but no safe disposition signal.",false
/Users/bobhopp/DJ MEDIA/VIDEO/1980's/Mötley Crüe - Too Young to Fall in Love.mp4,Mötley Crüe,Too Young to Fall in Love,RVTR808416,1,HUMAN REVIEW REQUIRED,"Existing simulation selected one candidate (RVTR808416), but no safe disposition signal.",false
/Users/bobhopp/DJ MEDIA/VIDEO/TECHNO/Sunset Strippers - Fallin Stars.mp4,Sunset Strippers,Fallin Stars,RVTR361767,1,HUMAN REVIEW REQUIRED,"Existing simulation selected one candidate (RVTR361767), but no safe disposition signal.",false
/Users/bobhopp/DJ MEDIA/VIDEO/1970's/Cher - Gypsys Tramps And Thieves.mp4,Cher,Gypsys Tramps And Thieves,RVTR566653,1,HUMAN REVIEW REQUIRED,"Existing simulation selected one candidate (RVTR566653), but no safe disposition signal.",false
/Users/bobhopp/DJ MEDIA/VIDEO/1980's/Ramones - Rock N Roll High School.mp4,Ramones,Rock N Roll High School,RVTR677219,1,HUMAN REVIEW REQUIRED,"Existing simulation selected one candidate (RVTR677219), but no safe disposition signal.",false
/Users/bobhopp/DJ MEDIA/VIDEO/1980's/Ministry - Every Day Is Hallween.mp4,Ministry,Every Day Is Hallween,RVTR951983,1,HUMAN REVIEW REQUIRED,"Existing simulation selected one candidate (RVTR951983), but no safe disposition signal.",false
/Users/bobhopp/DJ MEDIA/VIDEO/1990's/Celia Cruz - La Vida Es Un Crnaval.mp4,Celia Cruz,La Vida Es Un Crnaval,RVTR633554,1,HUMAN REVIEW REQUIRED,"Existing simulation selected one candidate (RVTR633554), but no safe disposition signal.",false
/Users/bobhopp/DJ MEDIA/VIDEO/2010's/Lynyrd Skynyrd - Simple Man (2015).mp4,Lynyrd Skynyrd,Simple Man (2015),RVTR487932,1,SAFE TITLE NOISE,Existing simulation selected one canonical candidate (RVTR487932); deterministic filename/tag noise.,true
/Users/bobhopp/DJ MEDIA/VIDEO/TECHNO/Rob Thomas - Give Me The Meltdown.mp4,Rob Thomas,Give Me The Meltdown,RVTR926517,1,HUMAN REVIEW REQUIRED,"Existing simulation selected one candidate (RVTR926517), but no safe disposition signal.",false
/Users/bobhopp/DJ MEDIA/VIDEO/2000's/Lily Allen | LDN (Official Video).mp4,Lily Allen,LDN,RVTR878953,1,HUMAN REVIEW REQUIRED,"Existing simulation selected one candidate (RVTR878953), but no safe disposition signal.",false
/Users/bobhopp/DJ MEDIA/VIDEO/1980's/Nina Simone - Touching And Caring.mp4,Nina Simone,Touching And Caring,RVTR267952,1,HUMAN REVIEW REQUIRED,"Existing simulation selected one candidate (RVTR267952), but no safe disposition signal.",false
/Users/bobhopp/DJ MEDIA/VIDEO/1960's/Manfred Mann - Doo Wah Diddy.mp4,Manfred Mann,Doo Wah Diddy,RVTR955105,1,HUMAN REVIEW REQUIRED,"Existing simulation selected one candidate (RVTR955105), but no safe disposition signal.",false
/Users/bobhopp/DJ MEDIA/VIDEO/1980's/Grace Jones - Slave To The Rhythm.mp4,Grace Jones,Slave To The Rhythm,RVTR829883,1,HUMAN REVIEW REQUIRED,"Existing simulation selected one candidate (RVTR829883), but no safe disposition signal.",false
/Users/bobhopp/DJ MEDIA/VIDEO/TECHNO/Fast Life Yungstaz - Swag Surfin.mp4,Fast Life Yungstaz,Swag Surfin,RVTR100398,1,HUMAN REVIEW REQUIRED,"Existing simulation selected one candidate (RVTR100398), but no safe disposition signal.",false
/Users/bobhopp/DJ MEDIA/VIDEO/2000's/Black Eyed Peas - That's The Joint.mp4,Black Eyed Peas,That's The Joint,RVTR038080,1,SAFE TITLE NOISE,Existing simulation selected one canonical candidate (RVTR038080); deterministic filename/tag noise.,true
/Users/bobhopp/DJ MEDIA/VIDEO/1980's/Replacements - Bastards Of Young.mp4,Replacements,Bastards Of Young,RVTR955342,1,HUMAN REVIEW REQUIRED,"Existing simulation selected one candidate (RVTR955342), but no safe disposition signal.",false
/Users/bobhopp/DJ MEDIA/VIDEO/1980's/Johnny Cash - The Chicken in Black.mp4,Johnny Cash,The Chicken in Black,RVTR517849,1,HUMAN REVIEW REQUIRED,"Existing simulation selected one candidate (RVTR517849), but no safe disposition signal.",false
/Users/bobhopp/DJ MEDIA/VIDEO/2010's/Lana Del Rey - Season Of The Witch.mp4,Lana Del Rey,Season Of The Witch,RVTR120369,1,HUMAN REVIEW REQUIRED,"Existing simulation selected one candidate (RVTR120369), but no safe disposition signal.",false
/Users/bobhopp/DJ MEDIA/VIDEO/2010's/Priscilla Block - Off The Deep End.mp4,Priscilla Block,Off The Deep End,RVTR944045,1,HUMAN REVIEW REQUIRED,"Existing simulation selected one candidate (RVTR944045), but no safe disposition signal.",false
/Users/bobhopp/DJ MEDIA/VIDEO/2020's/Vulfpeck - Boogie on Reggae Woman.mp4,Vulfpeck,Boogie on Reggae Woman,RVTR606879,1,HUMAN REVIEW REQUIRED,"Existing simulation selected one candidate (RVTR606879), but no safe disposition signal.",false
/Users/bobhopp/DJ MEDIA/VIDEO/1980's/Jon Stewart - Lost Her In The Sun.mp4,Jon Stewart,Lost Her In The Sun,RVTR813088,1,HUMAN REVIEW REQUIRED,"Existing simulation selected one candidate (RVTR813088), but no safe disposition signal.",false
/Users/bobhopp/DJ MEDIA/VIDEO/TECHNO/Snow Patrol - Crack The Shutters.mp4,Snow Patrol,Crack The Shutters,RVTR176191,1,HUMAN REVIEW REQUIRED,"Existing simulation selected one candidate (RVTR176191), but no safe disposition signal.",false
/Users/bobhopp/DJ MEDIA/VIDEO/1970's/Johnny Cash - City of New Orleans.mp4,Johnny Cash,City of New Orleans,RVTR806879,1,HUMAN REVIEW REQUIRED,"Existing simulation selected one candidate (RVTR806879), but no safe disposition signal.",false
/Users/bobhopp/DJ MEDIA/VIDEO/2020's/Ladyva - Boogie Woogie Explosion.mp4,Ladyva,Boogie Woogie Explosion,RVTR754035,1,HUMAN REVIEW REQUIRED,"Existing simulation selected one candidate (RVTR754035), but no safe disposition signal.",false
/Users/bobhopp/DJ MEDIA/VIDEO/1980's/Elton John - Sartorial Eloquence.mp4,Elton John,Sartorial Eloquence,RVTR214389,1,HUMAN REVIEW REQUIRED,"Existing simulation selected one candidate (RVTR214389), but no safe disposition signal.",false
/Users/bobhopp/DJ MEDIA/VIDEO/2000's/My Chemical Romance - I'm Not Okay.mp4,My Chemical Romance,I'm Not Okay,RVTR927103,1,SAFE TITLE NOISE,Existing simulation selected one canonical candidate (RVTR927103); deterministic filename/tag noise.,true
/Users/bobhopp/DJ MEDIA/VIDEO/2000's/Scissor Sisters - Take Your Mama.mp4,Scissor Sisters,Take Your Mama,RVTR543568,1,HUMAN REVIEW REQUIRED,"Existing simulation selected one candidate (RVTR543568), but no safe disposition signal.",false
/Users/bobhopp/DJ MEDIA/VIDEO/1980's/KC & The Sunshine Band - Give It Up.mp4,KC & The Sunshine Band,Give It Up,RVTR157316,1,HUMAN REVIEW REQUIRED,"Existing simulation selected one candidate (RVTR157316), but no safe disposition signal.",false
/Users/bobhopp/DJ MEDIA/VIDEO/1990's/White Zombie - I'm Your Boogieman.mp4,White Zombie,I'm Your Boogieman,RVTR503727,1,SAFE TITLE NOISE,Existing simulation selected one canonical candidate (RVTR503727); deterministic filename/tag noise.,true
"/Users/bobhopp/DJ MEDIA/VIDEO/1950's/Patti Page, Guy Mitchell - Detour.mp4","Patti Page, Guy Mitchell",Detour,RVTR868228,1,HUMAN REVIEW REQUIRED,"Existing simulation selected one candidate (RVTR868228), but no safe disposition signal.",false
/Users/bobhopp/DJ MEDIA/VIDEO/1970's/Prince - Play That Funky Music - Hollywood Swinging - Fantastic Voyage.mp4,Prince,Play That Funky Music - Hollywood Swinging - Fantastic Voyage,RVTR648170,1,HUMAN REVIEW REQUIRED,"Existing simulation selected one candidate (RVTR648170), but no safe disposition signal.",false
/Users/bobhopp/DJ MEDIA/VIDEO/1990's/Cypress Hill - Hits From The Bong.mp4,Cypress Hill,Hits From The Bong,RVTR546785,1,HUMAN REVIEW REQUIRED,"Existing simulation selected one candidate (RVTR546785), but no safe disposition signal.",false
/Users/bobhopp/DJ MEDIA/VIDEO/1990's/Notorious B.I.G. - One More Chance.mp4,Notorious B.I.G.,One More Chance,RVTR812389,1,HUMAN REVIEW REQUIRED,"Existing simulation selected one candidate (RVTR812389), but no safe disposition signal.",false
"/Users/bobhopp/DJ MEDIA/VIDEO/1970's/Easy Come, Easy Go - Bobby Sherman.mp4","Easy Come, Easy Go",Bobby Sherman,RVTR394989,1,HUMAN REVIEW REQUIRED,"Existing simulation selected one candidate (RVTR394989), but no safe disposition signal.",false
/Users/bobhopp/DJ MEDIA/VIDEO/2010's/Ryan Adams - Gimme Something Good.mp4,Ryan Adams,Gimme Something Good,RVTR937814,1,HUMAN REVIEW REQUIRED,"Existing simulation selected one candidate (RVTR937814), but no safe disposition signal.",false
/Users/bobhopp/DJ MEDIA/VIDEO/1980's/Bill Withers - Just The Two Of Us.mp4,Bill Withers,Just The Two Of Us,RVTR145946,1,HUMAN REVIEW REQUIRED,"Existing simulation selected one candidate (RVTR145946), but no safe disposition signal.",false
/Users/bobhopp/DJ MEDIA/VIDEO/1990's/Insane Clown Posse - Hokus Pokus.mp4,Insane Clown Posse,Hokus Pokus,RVTR801138,1,HUMAN REVIEW REQUIRED,"Existing simulation selected one candidate (RVTR801138), but no safe disposition signal.",false
/Users/bobhopp/DJ MEDIA/VIDEO/1970's/Shaun Cassidy - That's Rock & Roll.mp4,Shaun Cassidy,That's Rock & Roll,RVTR067091,1,SAFE TITLE NOISE,Existing simulation selected one canonical candidate (RVTR528342); deterministic filename/tag noise.,true
/Users/bobhopp/DJ MEDIA/VIDEO/2010's/Tyler Childers - Whitehouse Road.mp4,Tyler Childers,Whitehouse Road,RVTR850810,1,HUMAN REVIEW REQUIRED,"Existing simulation selected one candidate (RVTR850810), but no safe disposition signal.",false
/Users/bobhopp/DJ MEDIA/VIDEO/1970's/Jim Stafford - Spiders And Snakes.mp4,Jim Stafford,Spiders And Snakes,RVTR220279,1,HUMAN REVIEW REQUIRED,"Existing simulation selected one candidate (RVTR220279), but no safe disposition signal.",false
"/Users/bobhopp/DJ MEDIA/VIDEO/TECHNO/Cinematics, The - Keep Forgetting.mp4","Cinematics, The",Keep Forgetting,RVTR774926,1,HUMAN REVIEW REQUIRED,"Existing simulation selected one candidate (RVTR774926), but no safe disposition signal.",false
/Users/bobhopp/DJ MEDIA/VIDEO/2020's/Micah Ray - Still Think About You.mp4,Micah Ray,Still Think About You,RVTR280568,1,HUMAN REVIEW REQUIRED,"Existing simulation selected one candidate (RVTR280568), but no safe disposition signal.",false
/Users/bobhopp/DJ MEDIA/VIDEO/1960's/Nina Simone - I Put A Spell On You.mp4,Nina Simone,I Put A Spell On You,RVTR047340,1,HUMAN REVIEW REQUIRED,"Existing simulation selected one candidate (RVTR047340), but no safe disposition signal.",false
/Users/bobhopp/DJ MEDIA/VIDEO/1970's/Forrest Gump - Sweet Home Alabama.mp4,Forrest Gump,Sweet Home Alabama,RVTR973913,1,HUMAN REVIEW REQUIRED,"Existing simulation selected one candidate (RVTR973913), but no safe disposition signal.",false
/Users/bobhopp/DJ MEDIA/VIDEO/1960's/The Rolling Stones - Love In Vain.mp4,The Rolling Stones,Love In Vain,RVTR897588,1,HUMAN REVIEW REQUIRED,"Existing simulation selected one candidate (RVTR897588), but no safe disposition signal.",false
/Users/bobhopp/DJ MEDIA/VIDEO/1970's/Nina Simone - Take Me To The Water.mp4,Nina Simone,Take Me To The Water,RVTR439631,1,HUMAN REVIEW REQUIRED,"Existing simulation selected one candidate (RVTR439631), but no safe disposition signal.",false
/Users/bobhopp/DJ MEDIA/VIDEO/1990's/Marcia Griffiths - Electric Slide.mp4,Marcia Griffiths,Electric Slide,RVTR120585,1,HUMAN REVIEW REQUIRED,"Existing simulation selected one candidate (RVTR120585), but no safe disposition signal.",false
/Users/bobhopp/DJ MEDIA/VIDEO/COUNTRY/FILL/Clay Walker - i Don't Want to Know.mp4,Clay Walker,i Don't Want to Know,RVTR639273,1,SAFE TITLE NOISE,Existing simulation selected one canonical candidate (RVTR639273); deterministic filename/tag noise.,true
/Users/bobhopp/DJ MEDIA/VIDEO/1960's/Blind Faith - Concert In Hyde Park.mp4,Blind Faith,Concert In Hyde Park,RVTR827738,1,SAME SONG — ALTERNATE MEDIA,Existing simulation selected one canonical candidate (RVTR827738); alternate-media wording.,true
/Users/bobhopp/DJ MEDIA/VIDEO/1990's/Joe Cocker - Many Rivers To Cross.mp4,Joe Cocker,Many Rivers To Cross,RVTR160492,1,HUMAN REVIEW REQUIRED,"Existing simulation selected one candidate (RVTR160492), but no safe disposition signal.",false
/Users/bobhopp/DJ MEDIA/VIDEO/2010's/Christine and the Queens - Tilted.mp4,Christine and the Queens,Tilted,RVTR594133,1,HUMAN REVIEW REQUIRED,"Existing simulation selected one candidate (RVTR594133), but no safe disposition signal.",false
/Users/bobhopp/DJ MEDIA/VIDEO/1970's/Ganymed - It Takes Me Higher Disco.mp4,Ganymed,It Takes Me Higher Disco,RVTR265607,1,HUMAN REVIEW REQUIRED,"Existing simulation selected one candidate (RVTR265607), but no safe disposition signal.",false
/Users/bobhopp/DJ MEDIA/VIDEO/2000's/Barry Manilow - Turn The Radio Up.mp4,Barry Manilow,Turn The Radio Up,RVTR324493,1,HUMAN REVIEW REQUIRED,"Existing simulation selected one candidate (RVTR324493), but no safe disposition signal.",false
/Users/bobhopp/DJ MEDIA/VIDEO/1980's/Saxon - 747 Strangers In The Night.mp4,Saxon,747 Strangers In The Night,RVTR656185,1,HUMAN REVIEW REQUIRED,"Existing simulation selected one candidate (RVTR656185), but no safe disposition signal.",false
/Users/bobhopp/DJ MEDIA/VIDEO/1960's/Hank Williams Jr. - Born To Boogie.mp4,Hank Williams Jr.,Born To Boogie,RVTR083216,1,HUMAN REVIEW REQUIRED,"Existing simulation selected one candidate (RVTR083216), but no safe disposition signal.",false
/Users/bobhopp/DJ MEDIA/VIDEO/2000's/Jack Johnson - Inaudible Melodies.mp4,Jack Johnson,Inaudible Melodies,RVTR453618,1,HUMAN REVIEW REQUIRED,"Existing simulation selected one candidate (RVTR453618), but no safe disposition signal.",false
/Users/bobhopp/DJ MEDIA/VIDEO/COUNTRY/FILL/Clay Walker - Need a Bar Sometimes.mp4,Clay Walker,Need a Bar Sometimes,RVTR547455,1,HUMAN REVIEW REQUIRED,"Existing simulation selected one candidate (RVTR547455), but no safe disposition signal.",false
/Users/bobhopp/DJ MEDIA/VIDEO/TECHNO/Every Avenue - Think Of You Later.mp4,Every Avenue,Think Of You Later,RVTR389423,1,HUMAN REVIEW REQUIRED,"Existing simulation selected one candidate (RVTR389423), but no safe disposition signal.",false
/Users/bobhopp/DJ MEDIA/VIDEO/TECHNO/Wall Of Voodoo - Far Side Of Crazy.mp4,Wall Of Voodoo,Far Side Of Crazy,RVTR668521,1,HUMAN REVIEW REQUIRED,"Existing simulation selected one candidate (RVTR668521), but no safe disposition signal.",false
/Users/bobhopp/DJ MEDIA/VIDEO/1980's/The Specials - Too Much Too Young.mp4,The Specials,Too Much Too Young,RVTR874930,1,HUMAN REVIEW REQUIRED,"Existing simulation selected one candidate (RVTR874930), but no safe disposition signal.",false
/Users/bobhopp/Library/CloudStorage/Dropbox/VIDEO/1990's/The Belle Stars - Iko Iko.mp4,The Belle Stars,Iko Iko,RVTR566480,1,HUMAN REVIEW REQUIRED,"Existing simulation selected one candidate (RVTR566480), but no safe disposition signal.",false
/Users/bobhopp/DJ MEDIA/VIDEO/2000's/Mary J Blige - Love At First Sight.mp4,Mary J Blige,Love At First Sight,RVTR993481,1,HUMAN REVIEW REQUIRED,"Existing simulation selected one candidate (RVTR993481), but no safe disposition signal.",false
/Users/bobhopp/DJ MEDIA/VIDEO/1960's/Sounds Incorporated - Rinky Dink.mp4,Sounds Incorporated,Rinky Dink,RVTR469635,1,HUMAN REVIEW REQUIRED,"Existing simulation selected one candidate (RVTR469635), but no safe disposition signal.",false
/Users/bobhopp/DJ MEDIA/VIDEO/1970's/REO Speedwagon - 157 Riverside Ave.mp4,REO Speedwagon,157 Riverside Ave.,RVTR334687,1,SAFE TITLE NOISE,Existing simulation selected one canonical candidate (RVTR334687); deterministic filename/tag noise.,true
"/Users/bobhopp/DJ MEDIA/VIDEO/1990's/Garth Brooks - Thunder Rolls, The.mp4",Garth Brooks,"Thunder Rolls, The",RVTR464944,1,SAFE TITLE NOISE,Existing simulation selected one canonical candidate (RVTR464944); deterministic filename/tag noise.,true
/Users/bobhopp/DJ MEDIA/VIDEO/2020's/Lawrence - Something In The Water.mp4,Lawrence,Something In The Water,RVTR576027,1,HUMAN REVIEW REQUIRED,"Existing simulation selected one candidate (RVTR576027), but no safe disposition signal.",false
/Users/bobhopp/DJ MEDIA/VIDEO/1960's/The T Bones - No Matter What Shape.mp4,The T Bones,No Matter What Shape,RVTR306709,1,HUMAN REVIEW REQUIRED,"Existing simulation selected one candidate (RVTR306709), but no safe disposition signal.",false
/Users/bobhopp/DJ MEDIA/VIDEO/1970's/David Cassidy - I Think I Love You.mp4,David Cassidy,I Think I Love You,RVTR692917,1,HUMAN REVIEW REQUIRED,"Existing simulation selected one candidate (RVTR692917), but no safe disposition signal.",false
/Users/bobhopp/DJ MEDIA/VIDEO/2000's/30 Seconds To Mars - Kings & Queens.mp4,30 Seconds To Mars,Kings & Queens,RVTR321893,0,NO CANONICAL CANDIDATE,No canonical candidate selected by the existing simulation.,false
/Users/bobhopp/DJ MEDIA/VIDEO/1970's/Sly & The Family Stone - Thank You.mp4,Sly & The Family Stone,Thank You,RVTR494521,1,HUMAN REVIEW REQUIRED,"Existing simulation selected one candidate (RVTR494521), but no safe disposition signal.",false
/Users/bobhopp/DJ MEDIA/VIDEO/1990's/Rembrandts - I'll Be There For You.mp4,Rembrandts,I'll Be There For You,RVTR677225,1,SAFE TITLE NOISE,Existing simulation selected one canonical candidate (RVTR677225); deterministic filename/tag noise.,true
/Users/bobhopp/DJ MEDIA/VIDEO/2020's/Sierra Ferrell - Don't Let Me Down.mp4,Sierra Ferrell,Don't Let Me Down,RVTR662129,1,SAFE TITLE NOISE,Existing simulation selected one canonical candidate (RVTR662129); deterministic filename/tag noise.,true
/Users/bobhopp/DJ MEDIA/VIDEO/1950's/Frank Sinatra - Fly Me To The Moon.mp4,Frank Sinatra,Fly Me To The Moon,RVTR192681,1,HUMAN REVIEW REQUIRED,"Existing simulation selected one candidate (RVTR192681), but no safe disposition signal.",false
/Users/bobhopp/DJ MEDIA/VIDEO/1960's/Nancy Wilson - For Once in My Life.mp4,Nancy Wilson,For Once in My Life,RVTR727869,1,HUMAN REVIEW REQUIRED,"Existing simulation selected one candidate (RVTR727869), but no safe disposition signal.",false
/Users/bobhopp/DJ MEDIA/VIDEO/1960's/The Beatles - Across The Universe.mp4,The Beatles,Across The Universe,RVTR142847,1,HUMAN REVIEW REQUIRED,"Existing simulation selected one candidate (RVTR142847), but no safe disposition signal.",false
/Users/bobhopp/DJ MEDIA/VIDEO/1970's/Louis Armstrong - Blueberry Hill.mp4,Louis Armstrong,Blueberry Hill,RVTR165832,1,HUMAN REVIEW REQUIRED,"Existing simulation selected one candidate (RVTR165832), but no safe disposition signal.",false
/Users/bobhopp/DJ MEDIA/VIDEO/1980's/Martha Davis - Tell It To The Moon.mp4,Martha Davis,Tell It To The Moon,RVTR341152,1,HUMAN REVIEW REQUIRED,"Existing simulation selected one candidate (RVTR341152), but no safe disposition signal.",false
/Users/bobhopp/DJ MEDIA/VIDEO/1990's/Lila McCann - Down Came A Blackbird.mp4,Lila McCann,Down Came A Blackbird,RVTR123703,1,HUMAN REVIEW REQUIRED,"Existing simulation selected one candidate (RVTR123703), but no safe disposition signal.",false
/Users/bobhopp/DJ MEDIA/VIDEO/2000's/Dave Matthews Band - Crash Into Me.mp4,Dave Matthews Band,Crash Into Me,RVTR620713,1,HUMAN REVIEW REQUIRED,"Existing simulation selected one candidate (RVTR620713), but no safe disposition signal.",false
/Users/bobhopp/DJ MEDIA/VIDEO/1980's/Stevie Ray Vaughan - Voodoo Child.mp4,Stevie Ray Vaughan,Voodoo Child ,RVTR188483,1,HUMAN REVIEW REQUIRED,"Existing simulation selected one candidate (RVTR188483), but no safe disposition signal.",false
/Users/bobhopp/DJ MEDIA/VIDEO/1970's/Steve Miller Band - Rockin Me (1976).mp4,Steve Miller Band,Rockin Me (1976),RVTR641128,1,SAFE TITLE NOISE,Existing simulation selected one canonical candidate (RVTR641128); deterministic filename/tag noise.,true
/Users/bobhopp/DJ MEDIA/VIDEO/1980's/Rod Stewart - Tonight's The Night.mp4,Rod Stewart,Tonight's The Night,RVTR748195,1,SAFE TITLE NOISE,Existing simulation selected one canonical candidate (RVTR748195); deterministic filename/tag noise.,true
/Users/bobhopp/DJ MEDIA/VIDEO/1970's/Daryl Hall & John Oates - Rich Girl.mp4,Daryl Hall & John Oates,Rich Girl,RVTR269789,1,HUMAN REVIEW REQUIRED,"Existing simulation selected one candidate (RVTR269789), but no safe disposition signal.",false
/Users/bobhopp/DJ MEDIA/VIDEO/1990's/John Prine - David Letterman Show.mp4,John Prine,David Letterman Show,RVTR615978,1,HUMAN REVIEW REQUIRED,"Existing simulation selected one candidate (RVTR615978), but no safe disposition signal.",false
/Users/bobhopp/DJ MEDIA/VIDEO/1970's/Elvis Presley - Always On My Mind.mp4,Elvis Presley,Always On My Mind,RVTR122053,1,HUMAN REVIEW REQUIRED,"Existing simulation selected one candidate (RVTR122053), but no safe disposition signal.",false
/Users/bobhopp/DJ MEDIA/VIDEO/2020's/Carrie Underwood - Pink Champagne.mp4,Carrie Underwood,Pink Champagne,RVTR618263,1,HUMAN REVIEW REQUIRED,"Existing simulation selected one candidate (RVTR618263), but no safe disposition signal.",false
/Users/bobhopp/DJ MEDIA/VIDEO/1970's/The Rolling Stones - Dead Flowers.mp4,The Rolling Stones,Dead Flowers,RVTR231695,1,HUMAN REVIEW REQUIRED,"Existing simulation selected one candidate (RVTR231695), but no safe disposition signal.",false
"/Users/bobhopp/DJ MEDIA/VIDEO/2020's/Seaforth, Jordan Davis - Good Beer.mp4","Seaforth, Jordan Davis",Good Beer,RVTR510555,1,HUMAN REVIEW REQUIRED,"Existing simulation selected one candidate (RVTR510555), but no safe disposition signal.",false
/Users/bobhopp/DJ MEDIA/VIDEO/1970's/Amazing Grace - Scottish Bagpipes.mp4,Amazing Grace,Scottish Bagpipes,RVTR382389,1,HUMAN REVIEW REQUIRED,"Existing simulation selected one candidate (RVTR382389), but no safe disposition signal.",false
/Users/bobhopp/DJ MEDIA/VIDEO/1980's/Robert Palmer - Looking For Clues.mp4,Robert Palmer,Looking For Clues,RVTR772853,1,HUMAN REVIEW REQUIRED,"Existing simulation selected one candidate (RVTR772853), but no safe disposition signal.",false
/Users/bobhopp/DJ MEDIA/VIDEO/2000's/The Rolling Stones - I'm a King Bee.mp4,The Rolling Stones,I'm a King Bee,RVTR596597,1,SAFE TITLE NOISE,Existing simulation selected one canonical candidate (RVTR596597); deterministic filename/tag noise.,true
/Users/bobhopp/DJ MEDIA/VIDEO/2010's/Big Data feat. Joywave - Dangerous.mp4,Big Data feat. Joywave,Dangerous ,RVTR794517,1,HUMAN REVIEW REQUIRED,"Existing simulation selected one candidate (RVTR794517), but no safe disposition signal.",false
"/Users/bobhopp/DJ MEDIA/VIDEO/TECHNO/Interpol - Heinrich Maneuver, The.mp4",Interpol,"Heinrich Maneuver, The",RVTR330896,1,SAFE TITLE NOISE,Existing simulation selected one canonical candidate (RVTR330896); deterministic filename/tag noise.,true
/Users/bobhopp/DJ MEDIA/VIDEO/1970's/The Ritchie Family - Life Is Music.mp4,The Ritchie Family,Life Is Music,RVTR203505,1,HUMAN REVIEW REQUIRED,"Existing simulation selected one candidate (RVTR203505), but no safe disposition signal.",false
/Users/bobhopp/DJ MEDIA/VIDEO/1980's/Dwight Yoakam - Guitars Cadillacs.mp4,Dwight Yoakam,Guitars Cadillacs,RVTR899332,1,HUMAN REVIEW REQUIRED,"Existing simulation selected one candidate (RVTR899332), but no safe disposition signal.",false
/Users/bobhopp/DJ MEDIA/VIDEO/1970's/Behind Closed Doors - Charlie Rich.mp4,Behind Closed Doors,Charlie Rich,RVTR849190,1,HUMAN REVIEW REQUIRED,"Existing simulation selected one candidate (RVTR849190), but no safe disposition signal.",false
/Users/bobhopp/DJ MEDIA/VIDEO/1970's/Sex Pistols - Holidays In The Sun.mp4,Sex Pistols,Holidays In The Sun,RVTR563024,1,HUMAN REVIEW REQUIRED,"Existing simulation selected one candidate (RVTR563024), but no safe disposition signal.",false
/Users/bobhopp/DJ MEDIA/VIDEO/2010's/Tyler Childers - White House Road.mp4,Tyler Childers,White House Road,RVTR850810,1,HUMAN REVIEW REQUIRED,"Existing simulation selected one candidate (RVTR850810), but no safe disposition signal.",false
/Users/bobhopp/DJ MEDIA/VIDEO/2020's/Paramore - Burning Down the House.mp4,Paramore,Burning Down the House,RVTR896402,1,HUMAN REVIEW REQUIRED,"Existing simulation selected one candidate (RVTR896402), but no safe disposition signal.",false
/Users/bobhopp/DJ MEDIA/VIDEO/1960's/Kenny Rankin - Oh So Peaceful Here.mp4,Kenny Rankin,Oh So Peaceful Here,RVTR647440,1,HUMAN REVIEW REQUIRED,"Existing simulation selected one candidate (RVTR647440), but no safe disposition signal.",false
/Users/bobhopp/DJ MEDIA/VIDEO/1980's/Stray Cat Strut - Stray Cats.mp4,Stray Cat Strut,Stray Cats,RVTR061219,1,HUMAN REVIEW REQUIRED,"Existing simulation selected one candidate (RVTR061219), but no safe disposition signal.",false
/Users/bobhopp/DJ MEDIA/VIDEO/1980's/Grateful Dead - Estimated Prophet.mp4,Grateful Dead,Estimated Prophet,RVTR573578,1,HUMAN REVIEW REQUIRED,"Existing simulation selected one candidate (RVTR573578), but no safe disposition signal.",false
"/Users/bobhopp/DJ MEDIA/VIDEO/1990's/Diana King - Say A Little Prayer, I.mp4",Diana King,"Say A Little Prayer, I",RVTR816757,1,SAFE TITLE NOISE,Existing simulation selected one canonical candidate (RVTR816757); deterministic filename/tag noise.,true
/Users/bobhopp/DJ MEDIA/VIDEO/1980's/Alica Bridges - Love The Nightlife.mp4,Alica Bridges,Love The Nightlife,RVTR422999,1,HUMAN REVIEW REQUIRED,"Existing simulation selected one candidate (RVTR422999), but no safe disposition signal.",false
/Users/bobhopp/DJ MEDIA/VIDEO/1990's/Dead Eye Dick - New Age Girl.mp4,Dead Eye Dick,New Age Girl,RVTR240096,1,HUMAN REVIEW REQUIRED,"Existing simulation selected one candidate (RVTR240096), but no safe disposition signal.",false
/Users/bobhopp/DJ MEDIA/VIDEO/2020's/Anne Marie & Niall Horan - Our Song.mp4,Anne Marie & Niall Horan,Our Song,RVTR998432,1,HUMAN REVIEW REQUIRED,"Existing simulation selected one candidate (RVTR998432), but no safe disposition signal.",false
/Users/bobhopp/DJ MEDIA/VIDEO/1960's/Melina Mercouri - Never On Sunday.mp4,Melina Mercouri,Never On Sunday,RVTR056728,1,HUMAN REVIEW REQUIRED,"Existing simulation selected one candidate (RVTR056728), but no safe disposition signal.",false
/Users/bobhopp/DJ MEDIA/VIDEO/1980's/Stephanie Mills - Comfort Of A Man.mp4,Stephanie Mills,Comfort Of A Man,RVTR856258,1,HUMAN REVIEW REQUIRED,"Existing simulation selected one candidate (RVTR856258), but no safe disposition signal.",false
/Users/bobhopp/DJ MEDIA/VIDEO/2000's/Nelly F.Tim Mcgraw - Over And Over.mp4,Nelly F.Tim Mcgraw,Over And Over,RVTR962368,1,HUMAN REVIEW REQUIRED,"Existing simulation selected one candidate (RVTR962368), but no safe disposition signal.",false
/Users/bobhopp/DJ MEDIA/VIDEO/1980's/Little Shop Of Horrors - Skid Row.mp4,Little Shop Of Horrors,Skid Row,RVTR117703,1,HUMAN REVIEW REQUIRED,"Existing simulation selected one candidate (RVTR117703), but no safe disposition signal.",false
/Users/bobhopp/DJ MEDIA/VIDEO/COUNTRY/FILL/Merle Haggard - If I Could Fly Away.mp4,Merle Haggard,If I Could Fly Away,RVTR743207,1,HUMAN REVIEW REQUIRED,"Existing simulation selected one candidate (RVTR743207), but no safe disposition signal.",false
/Users/bobhopp/DJ MEDIA/VIDEO/1970's/Carole King - I Feel the Earth Move.mp4,Carole King,I Feel the Earth Move (James Taylor),RVTR386466,1,SAFE TITLE NOISE,Existing simulation selected one canonical candidate (RVTR386466); deterministic filename/tag noise.,true
/Users/bobhopp/DJ MEDIA/VIDEO/2000's/The Gaslight Anthem - The '59 Sound.mp4,The Gaslight Anthem,The '59 Sound,RVTR200193,1,SAFE TITLE NOISE,Existing simulation selected one canonical candidate (RVTR200193); deterministic filename/tag noise.,true
/Users/bobhopp/DJ MEDIA/VIDEO/2000's/SWV f.Michael Jackson - Right Here.mp4,SWV f.Michael Jackson,Right Here,RVTR321097,1,HUMAN REVIEW REQUIRED,"Existing simulation selected one candidate (RVTR321097), but no safe disposition signal.",false
/Users/bobhopp/DJ MEDIA/VIDEO/2010's/Bobaflex - Bury Me with my Guns On.mp4,Bobaflex,Bury Me with my Guns On,RVTR968509,1,HUMAN REVIEW REQUIRED,"Existing simulation selected one candidate (RVTR968509), but no safe disposition signal.",false
/Users/bobhopp/DJ MEDIA/VIDEO/COUNTRY/FILL/Rascal Flatts - The Day Before You.mp4,Rascal Flatts,The Day Before You,RVTR181172,1,HUMAN REVIEW REQUIRED,"Existing simulation selected one candidate (RVTR181172), but no safe disposition signal.",false
/Users/bobhopp/DJ MEDIA/VIDEO/1960's/R.L. Burnside - Rollin and Tumblin.mp4,R.L. Burnside,Rollin and Tumblin,RVTR404324,1,HUMAN REVIEW REQUIRED,"Existing simulation selected one candidate (RVTR404324), but no safe disposition signal.",false
/Users/bobhopp/DJ MEDIA/VIDEO/1960's/John Cougar - Like A Rolling Stone.mp4,John Cougar,Like A Rolling Stone ,RVTR132630,1,HUMAN REVIEW REQUIRED,"Existing simulation selected one candidate (RVTR132630), but no safe disposition signal.",false
/Users/bobhopp/DJ MEDIA/VIDEO/1980's/Echo And The Bunnymen - The Cutter.mp4,Echo And The Bunnymen,The Cutter,RVTR402785,1,HUMAN REVIEW REQUIRED,"Existing simulation selected one candidate (RVTR402785), but no safe disposition signal.",false
/Users/bobhopp/DJ MEDIA/VIDEO/1980's/Taylor Dayne - Tell It To My Heart.mp4,Taylor Dayne,Tell It To My Heart,RVTR392721,1,HUMAN REVIEW REQUIRED,"Existing simulation selected one candidate (RVTR392721), but no safe disposition signal.",false
/Users/bobhopp/DJ MEDIA/VIDEO/1970's/Steve Miller Band - True Fine Love.mp4,Steve Miller Band,True Fine Love,RVTR511682,1,HUMAN REVIEW REQUIRED,"Existing simulation selected one candidate (RVTR511682), but no safe disposition signal.",false
/Users/bobhopp/DJ MEDIA/VIDEO/1980's/Whodini - Freaks Come Out At Night.mp4,Whodini,Freaks Come Out At Night,RVTR613368,1,HUMAN REVIEW REQUIRED,"Existing simulation selected one candidate (RVTR613368), but no safe disposition signal.",false
/Users/bobhopp/DJ MEDIA/VIDEO/2020's/Topic x Bebe Rexha - Chain My Heart.mp4,Topic x Bebe Rexha,Chain My Heart,RVTR678473,1,HUMAN REVIEW REQUIRED,"Existing simulation selected one candidate (RVTR678473), but no safe disposition signal.",false
/Users/bobhopp/DJ MEDIA/VIDEO/1970's/Blondie - Hanging On The Telephone.mp4,Blondie,Hanging On The Telephone,RVTR149386,1,HUMAN REVIEW REQUIRED,"Existing simulation selected one candidate (RVTR149386), but no safe disposition signal.",false
/Users/bobhopp/DJ MEDIA/VIDEO/TECHNO/Mariah Carey - Can't Take That Away.mp4,Mariah Carey,Can't Take That Away,RVTR099985,1,SAFE TITLE NOISE,Existing simulation selected one canonical candidate (RVTR099985); deterministic filename/tag noise.,true
/Users/bobhopp/DJ MEDIA/VIDEO/1980's/Janet Jackson's - Lets Wait awhile.mp4,Janet Jackson's,Lets Wait awhile,RVTR108932,1,HUMAN REVIEW REQUIRED,"Existing simulation selected one candidate (RVTR108932), but no safe disposition signal.",false
/Users/bobhopp/DJ MEDIA/VIDEO/1980's/Michaels Hilly - Calling All Girls.mp4,Michaels Hilly,Calling All Girls,RVTR256840,1,HUMAN REVIEW REQUIRED,"Existing simulation selected one candidate (RVTR256840), but no safe disposition signal.",false
/Users/bobhopp/DJ MEDIA/VIDEO/1960's/Jimi Hendrix - The Wind Cries Mary.mp4,Jimi Hendrix,The Wind Cries Mary,RVTR881284,1,HUMAN REVIEW REQUIRED,"Existing simulation selected one candidate (RVTR881284), but no safe disposition signal.",false
/Users/bobhopp/DJ MEDIA/VIDEO/1980's/Gerry Rafferty - Bring It All Home.mp4,Gerry Rafferty,Bring It All Home,RVTR346340,1,HUMAN REVIEW REQUIRED,"Existing simulation selected one candidate (RVTR346340), but no safe disposition signal.",false
/Users/bobhopp/DJ MEDIA/VIDEO/2010's/Lizzo feat. Missy Elliott - Tempo.mp4,Lizzo feat. Missy Elliott,Tempo,RVTR125803,1,HUMAN REVIEW REQUIRED,"Existing simulation selected one candidate (RVTR125803), but no safe disposition signal.",false
/Users/bobhopp/DJ MEDIA/VIDEO/2020's/Purple Disco Machine - Bad Company.mp4,Purple Disco Machine,Bad Company,RVTR571712,1,HUMAN REVIEW REQUIRED,"Existing simulation selected one candidate (RVTR571712), but no safe disposition signal.",false
/Users/bobhopp/DJ MEDIA/VIDEO/1970's/Sonny and Cher - When You Say Love.mp4,Sonny and Cher,When You Say Love,RVTR114158,1,HUMAN REVIEW REQUIRED,"Existing simulation selected one candidate (RVTR114158), but no safe disposition signal.",false
/Users/bobhopp/DJ MEDIA/VIDEO/2020's/Rise Against - Nowhere Generation.mp4,Rise Against,Nowhere Generation,RVTR490001,1,HUMAN REVIEW REQUIRED,"Existing simulation selected one candidate (RVTR490001), but no safe disposition signal.",false
/Users/bobhopp/DJ MEDIA/VIDEO/2000's/Queen Latifah - Come Into My House.mp4,Queen Latifah,Come Into My House,RVTR054334,1,HUMAN REVIEW REQUIRED,"Existing simulation selected one candidate (RVTR054334), but no safe disposition signal.",false
/Users/bobhopp/DJ MEDIA/VIDEO/2010's/The Marcus King Band - Rita is Gone.mp4,THE MARCUS KING BAND,"""Rita is Gone""",RVTR044922,1,HUMAN REVIEW REQUIRED,"Existing simulation selected one candidate (RVTR044922), but no safe disposition signal.",false
/Users/bobhopp/DJ MEDIA/VIDEO/COUNTRY/FILL/Johnny Cash - I've Been Everywhere.mp4,Johnny Cash,I've Been Everywhere,RVTR627617,1,SAFE TITLE NOISE,Existing simulation selected one canonical candidate (RVTR627617); deterministic filename/tag noise.,true
/Users/bobhopp/DJ MEDIA/VIDEO/1970's/Captain & Tennille - Lonely Nights.mp4,Captain & Tennille,Lonely Nights,RVTR846581,1,HUMAN REVIEW REQUIRED,"Existing simulation selected one candidate (RVTR846581), but no safe disposition signal.",false
/Users/bobhopp/DJ MEDIA/VIDEO/2000's/Dave Matthews Band - Ants Marching.mp4,Dave Matthews Band,Ants Marching,RVTR143225,1,HUMAN REVIEW REQUIRED,"Existing simulation selected one candidate (RVTR143225), but no safe disposition signal.",false
/Users/bobhopp/DJ MEDIA/VIDEO/1990's/Jimmy Cliff - I Can See Clearly Now.mp4,Jimmy Cliff,I Can See Clearly Now,RVTR026863,1,HUMAN REVIEW REQUIRED,"Existing simulation selected one candidate (RVTR026863), but no safe disposition signal.",false
/Users/bobhopp/DJ MEDIA/VIDEO/1990's/Whitney Houston - I'm Every Woman.mp4,Whitney Houston,I'm Every Woman,RVTR736990,1,SAFE TITLE NOISE,Existing simulation selected one canonical candidate (RVTR736990); deterministic filename/tag noise.,true
/Users/bobhopp/DJ MEDIA/VIDEO/TECHNO/Krafty Kuts - Tell Me How You Feel.mp4,Krafty Kuts,Tell Me How You Feel,RVTR886003,1,HUMAN REVIEW REQUIRED,"Existing simulation selected one candidate (RVTR886003), but no safe disposition signal.",false
/Users/bobhopp/DJ MEDIA/VIDEO/1950's/Henry Mancini - Baby Elephant Walk.mp4,Henry Mancini,Baby Elephant Walk,RVTR212882,1,HUMAN REVIEW REQUIRED,"Existing simulation selected one candidate (RVTR212882), but no safe disposition signal.",false
/Users/bobhopp/DJ MEDIA/VIDEO/1970's/Badfinger - Sweet Tuesday Morning.mp4,Badfinger,Sweet Tuesday Morning,RVTR410729,1,HUMAN REVIEW REQUIRED,"Existing simulation selected one candidate (RVTR410729), but no safe disposition signal.",false
/Users/bobhopp/DJ MEDIA/VIDEO/1960's/Osborne Brothers - Rocky Top (1967).mp4,Osborne Brothers,Rocky Top (1967),RVTR096964,1,SAFE TITLE NOISE,Existing simulation selected one canonical candidate (RVTR096964); deterministic filename/tag noise.,true
/Users/bobhopp/DJ MEDIA/VIDEO/1970's/Ike & Tina Turner - Take you higher.mp4,Ike & Tina Turner,I Want To Take You higher,RVTR980407,1,HUMAN REVIEW REQUIRED,"Existing simulation selected one candidate (RVTR980407), but no safe disposition signal.",false
/Users/bobhopp/DJ MEDIA/VIDEO/1990's/Chemical Brothers - Let Forever Be.mp4,Chemical Brothers,Let Forever Be,RVTR935186,1,HUMAN REVIEW REQUIRED,"Existing simulation selected one candidate (RVTR935186), but no safe disposition signal.",false
/Users/bobhopp/DJ MEDIA/VIDEO/1970's/Edgar Winter - Frankenstein (Live).mp4,Edgar Winter,Frankenstein,RVTR807298,1,HUMAN REVIEW REQUIRED,"Existing simulation selected one candidate (RVTR807298), but no safe disposition signal.",false
/Users/bobhopp/DJ MEDIA/VIDEO/1980's/Pretenders - Windows Of The World.mp4,Pretenders,Windows Of The World,RVTR005764,1,HUMAN REVIEW REQUIRED,"Existing simulation selected one candidate (RVTR005764), but no safe disposition signal.",false
/Users/bobhopp/DJ MEDIA/VIDEO/2000's/Regreso al Futuro - Orquesta Gaos.mp4,Regreso al Futuro,Orquesta Gaos,RVTR331300,1,HUMAN REVIEW REQUIRED,"Existing simulation selected one candidate (RVTR331300), but no safe disposition signal.",false
/Users/bobhopp/DJ MEDIA/VIDEO/2000's/Revenge of the Nerds - Talent Show.mp4,Revenge of the Nerds,Talent Show,RVTR036605,1,HUMAN REVIEW REQUIRED,"Existing simulation selected one candidate (RVTR036605), but no safe disposition signal.",false
/Users/bobhopp/DJ MEDIA/VIDEO/2010's/The Cranberries - When You're Gone.mp4,The Cranberries,When You're Gone,RVTR555553,1,SAFE TITLE NOISE,Existing simulation selected one canonical candidate (RVTR555553); deterministic filename/tag noise.,true
/Users/bobhopp/DJ MEDIA/VIDEO/1990's/O.A.R. - That Was A Crazy Game Of Poker.mp4,O.A.R.,That Was A Crazy Game Of Poker,RVTR654541,1,HUMAN REVIEW REQUIRED,"Existing simulation selected one candidate (RVTR654541), but no safe disposition signal.",false
/Users/bobhopp/DJ MEDIA/VIDEO/1970's/Grease - You're The One That I Want.mp4,Grease,You're The One That I Want,RVTR369590,1,SAFE TITLE NOISE,Existing simulation selected one canonical candidate (RVTR369590); deterministic filename/tag noise.,true
/Users/bobhopp/DJ MEDIA/VIDEO/2010's/T.I. feat. Iggy Azalea - No Mediocre.MP4,T.I. Ft. Iggy Azalea,No Mediocre,RVTR592432,1,HUMAN REVIEW REQUIRED,"Existing simulation selected one candidate (RVTR592432), but no safe disposition signal.",false
/Users/bobhopp/DJ MEDIA/VIDEO/2010's/Young Jeezy f._Lil Wayne - Ballin'.mp4,Young Jeezy f./Lil Wayne,Ballin',RVTR926487,1,SAFE TITLE NOISE,Existing simulation selected one canonical candidate (RVTR926487); deterministic filename/tag noise.,true
/Users/bobhopp/DJ MEDIA/VIDEO/1960's/Frank Sinatra - Legends in Concert.mp4,Frank Sinatra,Legends in Concert,RVTR139324,1,SAME SONG — ALTERNATE MEDIA,Existing simulation selected one canonical candidate (RVTR139324); alternate-media wording.,true
"/Users/bobhopp/DJ MEDIA/VIDEO/1990's/Janet Jackson - Any Time, Any Place.mp4",Janet Jackson,"Any Time, Any Place",RVTR321800,1,SAFE TITLE NOISE,Existing simulation selected one canonical candidate (RVTR321800); deterministic filename/tag noise.,true
/Users/bobhopp/DJ MEDIA/VIDEO/1970's/Zepparella - When The Levee Breaks.mp4,Zepparella,When The Levee Breaks,RVTR784601,1,HUMAN REVIEW REQUIRED,"Existing simulation selected one candidate (RVTR784601), but no safe disposition signal.",false
/Users/bobhopp/DJ MEDIA/VIDEO/1970's/Manfred Mann - Blinded by the Light.mp4,Manfred Mann,Blinded by the Light,RVTR999173,1,HUMAN REVIEW REQUIRED,"Existing simulation selected one candidate (RVTR999173), but no safe disposition signal.",false
/Users/bobhopp/DJ MEDIA/VIDEO/1970's/Jonathan King - Hooked On A Feeling.mp4,Jonathan King,Hooked On A Feeling,RVTR329513,1,HUMAN REVIEW REQUIRED,"Existing simulation selected one candidate (RVTR329513), but no safe disposition signal.",false
/Users/bobhopp/DJ MEDIA/VIDEO/2010's/Lil Jon f._LMFAO - Outta Your Mind.mp4,Lil Jon f./LMFAO,Outta Your Mind,RVTR200790,1,HUMAN REVIEW REQUIRED,"Existing simulation selected one candidate (RVTR200790), but no safe disposition signal.",false
/Users/bobhopp/DJ MEDIA/VIDEO/2010's/T.I. f._Keri Hilson - Got Your Back.mp4,T.I. f./Keri Hilson,Got Your Back,RVTR029939,1,HUMAN REVIEW REQUIRED,"Existing simulation selected one candidate (RVTR029939), but no safe disposition signal.",false
/Users/bobhopp/DJ MEDIA/VIDEO/COUNTRY/FILL/Clay Walker - Cowboy Loves a Woman.mp4,Clay Walker,Cowboy Loves a Woman,RVTR479814,1,HUMAN REVIEW REQUIRED,"Existing simulation selected one candidate (RVTR479814), but no safe disposition signal.",false
/Users/bobhopp/DJ MEDIA/VIDEO/TECHNO/Gene Simmons - I'm The Firestarter.mp4,Gene Simmons,I'm The Firestarter,RVTR676011,1,SAFE TITLE NOISE,Existing simulation selected one canonical candidate (RVTR676011); deterministic filename/tag noise.,true
/Users/bobhopp/DJ MEDIA/VIDEO/2010's/Barry Manilow - Bring On Tomorrow.mp4,Barry Manilow,Bring On Tomorrow,RVTR831633,1,HUMAN REVIEW REQUIRED,"Existing simulation selected one candidate (RVTR831633), but no safe disposition signal.",false
/Users/bobhopp/DJ MEDIA/VIDEO/1950's/Eddie Cochran - Twenty Flight Rock.mp4,Eddie Cochran,Twenty Flight Rock,RVTR354870,1,HUMAN REVIEW REQUIRED,"Existing simulation selected one candidate (RVTR354870), but no safe disposition signal.",false
/Users/bobhopp/DJ MEDIA/VIDEO/1970's/Daryl Hall & John Oates - She's Gone.mp4,Daryl Hall & John Oates,She's Gone,RVTR597363,1,SAFE TITLE NOISE,Existing simulation selected one canonical candidate (RVTR597363); deterministic filename/tag noise.,true
/Users/bobhopp/DJ MEDIA/VIDEO/1970's/Gary Glitter - Rock and Roll Part 1.mp4,Gary Glitter,Rock and Roll Part 1,RVTR844891,1,HUMAN REVIEW REQUIRED,"Existing simulation selected one candidate (RVTR844891), but no safe disposition signal.",false
/Users/bobhopp/DJ MEDIA/VIDEO/1960's/The Four Tops - I Can't Help Myself.mp4,The Four Tops,I Can't Help Myself,RVTR288743,1,SAFE TITLE NOISE,Existing simulation selected one canonical candidate (RVTR288743); deterministic filename/tag noise.,true
/Users/bobhopp/DJ MEDIA/VIDEO/1970's/Arlo Guthrie - City of New Orleans.mp4,Arlo Guthrie,City of New Orleans,RVTR808146,1,HUMAN REVIEW REQUIRED,"Existing simulation selected one candidate (RVTR808146), but no safe disposition signal.",false
/Users/bobhopp/DJ MEDIA/VIDEO/2000's/The Flaming Lips - Do You Realize_.mp4,The Flaming Lips,Do You Realize?,RVTR633758,1,SAFE TITLE NOISE,Existing simulation selected one canonical candidate (RVTR633758); deterministic filename/tag noise.,true
"/Users/bobhopp/DJ MEDIA/VIDEO/1980's/Dwight Yoakam - Guitars, Cadillacs.mp4",Dwight Yoakam,"Guitars, Cadillacs",RVTR899332,1,SAFE TITLE NOISE,Existing simulation selected one canonical candidate (RVTR899332); deterministic filename/tag noise.,true
/Users/bobhopp/DJ MEDIA/VIDEO/1980's/Pat Travers - Born Under A Bad Sign.mp4,Pat Travers,Born Under A Bad Sign,RVTR269649,1,HUMAN REVIEW REQUIRED,"Existing simulation selected one candidate (RVTR269649), but no safe disposition signal.",false
/Users/bobhopp/DJ MEDIA/VIDEO/2000's/Bowling For Soup - I Melt With You.mp4,Bowling For Soup,I Melt With You,RVTR063708,1,HUMAN REVIEW REQUIRED,"Existing simulation selected one candidate (RVTR063708), but no safe disposition signal.",false
/Users/bobhopp/DJ MEDIA/VIDEO/2010's/Dani and Lizzy - Dancing in the Sky.mp4,Dani and Lizzy,Dancing in the Sky,RVTR530565,1,HUMAN REVIEW REQUIRED,"Existing simulation selected one candidate (RVTR530565), but no safe disposition signal.",false
/Users/bobhopp/DJ MEDIA/VIDEO/1990's/Go West - King of Wishful Thinking.mp4,Go West,King of Wishful Thinking,RVTR598607,1,HUMAN REVIEW REQUIRED,"Existing simulation selected one candidate (RVTR598607), but no safe disposition signal.",false
/Users/bobhopp/DJ MEDIA/VIDEO/1990's/Quad City DJs - Cmon Ride The Train.mp4,Quad City DJs,Cmon Ride The Train,RVTR621103,1,HUMAN REVIEW REQUIRED,"Existing simulation selected one candidate (RVTR621103), but no safe disposition signal.",false
/Users/bobhopp/DJ MEDIA/VIDEO/1970's/Johnny Cash & June Carter - Jackson.mp4,Johnny Cash & June Carter,Jackson,RVTR714685,1,HUMAN REVIEW REQUIRED,"Existing simulation selected one candidate (RVTR714685), but no safe disposition signal.",false
/Users/bobhopp/DJ MEDIA/VIDEO/1970's/Gary Glitter - Baby Please Don't Go.mp4,Gary Glitter,Baby Please Don't Go,RVTR848978,1,SAFE TITLE NOISE,Existing simulation selected one canonical candidate (RVTR848978); deterministic filename/tag noise.,true
/Users/bobhopp/DJ MEDIA/VIDEO/2000's/Spice Girls - Let Love Lead The Way.mp4,Spice Girls,Let Love Lead The Way,RVTR203869,1,HUMAN REVIEW REQUIRED,"Existing simulation selected one candidate (RVTR203869), but no safe disposition signal.",false
/Users/bobhopp/DJ MEDIA/VIDEO/TECHNO/Alanis Morissette - Head Over Feet.mp4,Alanis Morissette,Head Over Feet,RVTR424995,1,HUMAN REVIEW REQUIRED,"Existing simulation selected one candidate (RVTR424995), but no safe disposition signal.",false
/Users/bobhopp/DJ MEDIA/VIDEO/1960's/Flatt & Scruggs - Pearl Pearl Pearl.mp4,Flatt & Scruggs,Pearl Pearl Pearl,RVTR352771,1,HUMAN REVIEW REQUIRED,"Existing simulation selected one candidate (RVTR352771), but no safe disposition signal.",false
/Users/bobhopp/DJ MEDIA/VIDEO/1970's/Dolly Parton - Coat Of Many Colors.mp4,Dolly Parton,Coat Of Many Colors,RVTR525044,1,HUMAN REVIEW REQUIRED,"Existing simulation selected one candidate (RVTR525044), but no safe disposition signal.",false
/Users/bobhopp/DJ MEDIA/VIDEO/1980's/Highway 101 - The Bed You Made for Me.mp4,Highway 101,The Bed You Made for Me,RVTR470110,1,HUMAN REVIEW REQUIRED,"Existing simulation selected one candidate (RVTR470110), but no safe disposition signal.",false
/Users/bobhopp/DJ MEDIA/VIDEO/COUNTRY/FILL/Kenny Chesney - Dust on the Bottle.mp4,Kenny Chesney,Dust on the Bottle,RVTR147585,1,HUMAN REVIEW REQUIRED,"Existing simulation selected one candidate (RVTR147585), but no safe disposition signal.",false
/Users/bobhopp/DJ MEDIA/VIDEO/2000's/Bryan Adams - This Side Of Paradise.mp4,Bryan Adams,This Side Of Paradise,RVTR614672,1,HUMAN REVIEW REQUIRED,"Existing simulation selected one candidate (RVTR614672), but no safe disposition signal.",false
/Users/bobhopp/DJ MEDIA/VIDEO/2010's/Falling In Reverse - Bad Girls Club.mp4,Falling In Reverse,Bad Girls Club,RVTR421633,1,HUMAN REVIEW REQUIRED,"Existing simulation selected one candidate (RVTR421633), but no safe disposition signal.",false
/Users/bobhopp/DJ MEDIA/VIDEO/1980's/Split Enz - History Never Repeats.mp4,Split Enz,History Never Repeats,RVTR521309,1,HUMAN REVIEW REQUIRED,"Existing simulation selected one candidate (RVTR521309), but no safe disposition signal.",false
/Users/bobhopp/DJ MEDIA/VIDEO/2000's/Ben Harper - Diamonds On The Inside.mp4,Ben Harper,Diamonds On The Inside,RVTR785864,1,HUMAN REVIEW REQUIRED,"Existing simulation selected one candidate (RVTR785864), but no safe disposition signal.",false
/Users/bobhopp/DJ MEDIA/VIDEO/2010's/Son of Dave - Shake Shake Your Hips.mp4,Son of Dave,Shake Shake Your Hips,RVTR640932,1,HUMAN REVIEW REQUIRED,"Existing simulation selected one candidate (RVTR640932), but no safe disposition signal.",false
/Users/bobhopp/DJ MEDIA/VIDEO/2000's/Dave Matthews Band - So Much To Say.mp4,Dave Matthews Band,So Much To Say,RVTR245521,1,HUMAN REVIEW REQUIRED,"Existing simulation selected one candidate (RVTR245521), but no safe disposition signal.",false
/Users/bobhopp/DJ MEDIA/VIDEO/2010's/Amy Winehouse - Between The Cheats.mp4,Amy Winehouse,Between The Cheats,RVTR201995,1,HUMAN REVIEW REQUIRED,"Existing simulation selected one candidate (RVTR201995), but no safe disposition signal.",false
/Users/bobhopp/DJ MEDIA/VIDEO/2010's/Brigitte Roke - Battle Of Evermore.mp4,Brigitte Roke,Battle Of Evermore,RVTR514672,1,HUMAN REVIEW REQUIRED,"Existing simulation selected one candidate (RVTR514672), but no safe disposition signal.",false
/Users/bobhopp/DJ MEDIA/VIDEO/2010's/Timbaland f._Drake - Say Something.mp4,Timbaland f./Drake,Say Something,RVTR212125,1,HUMAN REVIEW REQUIRED,"Existing simulation selected one candidate (RVTR212125), but no safe disposition signal.",false
/Users/bobhopp/DJ MEDIA/VIDEO/TECHNO/Michael Jackson - History Mega-Mix.mp4,Michael Jackson,History Mega-Mix,RVTR964488,1,HUMAN REVIEW REQUIRED,"Existing simulation selected one candidate (RVTR964488), but no safe disposition signal.",false
/Users/bobhopp/DJ MEDIA/VIDEO/1990's/Mighty Dub Kats - Magic Carpet Ride.mp4,Mighty Dub Kats,Magic Carpet Ride,RVTR110571,1,HUMAN REVIEW REQUIRED,"Existing simulation selected one candidate (RVTR110571), but no safe disposition signal.",false
/Users/bobhopp/DJ MEDIA/VIDEO/2000's/Brian Kelley - See You Next Summer.mp4,Brian Kelley,See You Next Summer,RVTR225479,1,HUMAN REVIEW REQUIRED,"Existing simulation selected one candidate (RVTR225479), but no safe disposition signal.",false
/Users/bobhopp/DJ MEDIA/VIDEO/1960's/Engelbert Humperdinck - Release Me.mp4,Engelbert Humperdinck,Release Me,RVTR138081,1,HUMAN REVIEW REQUIRED,"Existing simulation selected one candidate (RVTR138081), but no safe disposition signal.",false
/Users/bobhopp/DJ MEDIA/VIDEO/1990's/Primus - Wynona's Big Brown Beaver.mp4,Primus,Wynona's Big Brown Beaver,RVTR662096,1,SAFE TITLE NOISE,Existing simulation selected one canonical candidate (RVTR662096); deterministic filename/tag noise.,true
/Users/bobhopp/DJ MEDIA/VIDEO/2010's/Wale f._Miguel - Lotus Flower Bomb.mp4,Wale f./Miguel,Lotus Flower Bomb,RVTR269231,1,HUMAN REVIEW REQUIRED,"Existing simulation selected one candidate (RVTR269231), but no safe disposition signal.",false
/Users/bobhopp/DJ MEDIA/VIDEO/1960's/Jimmy Cliff - Many Rivers To Cross.mp4,Jimmy Cliff,Many Rivers To Cross,RVTR795136,1,HUMAN REVIEW REQUIRED,"Existing simulation selected one candidate (RVTR795136), but no safe disposition signal.",false
/Users/bobhopp/DJ MEDIA/VIDEO/TECHNO/The Maine - Girls Do What They Want.mp4,The Maine,Girls Do What They Want,RVTR459365,1,HUMAN REVIEW REQUIRED,"Existing simulation selected one candidate (RVTR459365), but no safe disposition signal.",false
/Users/bobhopp/DJ MEDIA/VIDEO/1970's/Harry Nilsson - Jump into the Fire.mp4,Harry Nilsson,Jump into the Fire,RVTR395621,1,HUMAN REVIEW REQUIRED,"Existing simulation selected one candidate (RVTR395621), but no safe disposition signal.",false
/Users/bobhopp/DJ MEDIA/VIDEO/1970's/Led Zeppelin - Hey Hey What Can I Do.mp4,Led Zeppelin,Hey Hey What Can I Do,RVTR227473,1,HUMAN REVIEW REQUIRED,"Existing simulation selected one candidate (RVTR227473), but no safe disposition signal.",false
/Users/bobhopp/DJ MEDIA/VIDEO/2020's/Maverick City Music - God Problems.mp4,Maverick City Music,God Problems,RVTR797636,1,HUMAN REVIEW REQUIRED,"Existing simulation selected one candidate (RVTR797636), but no safe disposition signal.",false
/Users/bobhopp/DJ MEDIA/VIDEO/1980's/The Belle Stars - World Domination.mp4,The Belle Stars,World Domination,RVTR921815,1,HUMAN REVIEW REQUIRED,"Existing simulation selected one candidate (RVTR921815), but no safe disposition signal.",false
/Users/bobhopp/DJ MEDIA/VIDEO/2000's/Luke Bryan - Take My Drunk Ass Home.mp4,Luke Bryan,Take My Drunk Ass Home,RVTR614358,1,HUMAN REVIEW REQUIRED,"Existing simulation selected one candidate (RVTR614358), but no safe disposition signal.",false
/Users/bobhopp/DJ MEDIA/VIDEO/2010's/Tyler Childers - Feathered Indians.mp4,Tyler Childers,Feathered Indians,RVTR840395,1,HUMAN REVIEW REQUIRED,"Existing simulation selected one candidate (RVTR840395), but no safe disposition signal.",false
/Users/bobhopp/DJ MEDIA/VIDEO/1980's/Kelly Marie - Feels Like I'm In Love.mp4,Kelly Marie,Feels Like I'm In Love,RVTR381985,1,SAFE TITLE NOISE,Existing simulation selected one canonical candidate (RVTR381985); deterministic filename/tag noise.,true
/Users/bobhopp/DJ MEDIA/VIDEO/1980's/The Police - Can't Stand Losing You.mp4,The Police,Can't Stand Losing You,RVTR202406,1,SAFE TITLE NOISE,Existing simulation selected one canonical candidate (RVTR202406); deterministic filename/tag noise.,true
/Users/bobhopp/DJ MEDIA/VIDEO/2010's/St. Paul & The Broken Bones - Apollo.mp4,St. Paul & The Broken Bones,Apollo,RVTR146468,1,HUMAN REVIEW REQUIRED,"Existing simulation selected one candidate (RVTR146468), but no safe disposition signal.",false
/Users/bobhopp/DJ MEDIA/VIDEO/COUNTRY/FILL/Krystal Keith - Daddy Dance With Me.mp4,Krystal Keith,Daddy Dance With Me,RVTR837782,1,HUMAN REVIEW REQUIRED,"Existing simulation selected one candidate (RVTR837782), but no safe disposition signal.",false
/Users/bobhopp/DJ MEDIA/VIDEO/1990's/Meat Loaf - I'd Do Anything For Love.mp4,Meat Loaf,I'd Do Anything For Love,RVTR604800,1,SAFE TITLE NOISE,Existing simulation selected one canonical candidate (RVTR604800); deterministic filename/tag noise.,true
/Users/bobhopp/Library/CloudStorage/Dropbox/VIDEO/1970's/Bob Marley - No Woman No Cry.mp4,Bob Marley,No Woman No Cry,RVTR331419,1,HUMAN REVIEW REQUIRED,"Existing simulation selected one candidate (RVTR331419), but no safe disposition signal.",false
/Users/bobhopp/DJ MEDIA/VIDEO/1970's/Billy Joel - Ballad Of Billy The Kid.mp4,Billy Joel,Ballad Of Billy The Kid,RVTR349125,1,HUMAN REVIEW REQUIRED,"Existing simulation selected one candidate (RVTR349125), but no safe disposition signal.",false
/Users/bobhopp/DJ MEDIA/VIDEO/COUNTRY/FILL/Clay Walker - Makes Me Want To Stay.mp4,Clay Walker,Makes Me Want To Stay,RVTR803139,1,HUMAN REVIEW REQUIRED,"Existing simulation selected one candidate (RVTR803139), but no safe disposition signal.",false
"/Users/bobhopp/DJ MEDIA/VIDEO/TECHNO/Pink Spiders, The - Gimme Chemicals.mp4","Pink Spiders, The",Gimme Chemicals,RVTR091931,1,HUMAN REVIEW REQUIRED,"Existing simulation selected one candidate (RVTR091931), but no safe disposition signal.",false
/Users/bobhopp/DJ MEDIA/VIDEO/2010's/Brian Owens - A Change is Gonna Come.mp4,Brian Owens,A Change is Gonna Come,RVTR346460,1,HUMAN REVIEW REQUIRED,"Existing simulation selected one candidate (RVTR346460), but no safe disposition signal.",false
/Users/bobhopp/DJ MEDIA/VIDEO/1980's/Ladysmith Black Mambazo - Homeless.mp4,Ladysmith Black Mambazo,Homeless,RVTR692870,1,HUMAN REVIEW REQUIRED,"Existing simulation selected one candidate (RVTR692870), but no safe disposition signal.",false
/Users/bobhopp/DJ MEDIA/VIDEO/1980's/Rupert Hine - Surface Tension (1981).mp4,Rupert Hine,Surface Tension (1981),RVTR391706,1,SAFE TITLE NOISE,Existing simulation selected one canonical candidate (RVTR391706); deterministic filename/tag noise.,true
/Users/bobhopp/DJ MEDIA/VIDEO/1990's/Stone Temple Pilots - Big Bang Baby.mp4,Stone Temple Pilots,Big Bang Baby,RVTR719025,1,HUMAN REVIEW REQUIRED,"Existing simulation selected one candidate (RVTR719025), but no safe disposition signal.",false
/Users/bobhopp/DJ MEDIA/VIDEO/1980's/Iron Maiden - 2 Minutes To Midnight.mp4,Iron Maiden,2 Minutes To Midnight,RVTR815588,1,HUMAN REVIEW REQUIRED,"Existing simulation selected one candidate (RVTR815588), but no safe disposition signal.",false
/Users/bobhopp/DJ MEDIA/VIDEO/TECHNO/Shana Vanguarde - Gimme Gimme Gimme.mp4,Shana Vanguarde,Gimme Gimme Gimme,RVTR593336,1,HUMAN REVIEW REQUIRED,"Existing simulation selected one candidate (RVTR593336), but no safe disposition signal.",false
/Users/bobhopp/DJ MEDIA/VIDEO/1980's/Jason And The Scorchers - White Lie.mp4,Jason And The Scorchers,White Lie,RVTR809275,1,HUMAN REVIEW REQUIRED,"Existing simulation selected one candidate (RVTR809275), but no safe disposition signal.",false
/Users/bobhopp/DJ MEDIA/VIDEO/1980's/John Anderson - Friends Of Mr Cairo.mp4,John Anderson,Friends Of Mr Cairo,RVTR431385,1,HUMAN REVIEW REQUIRED,"Existing simulation selected one candidate (RVTR431385), but no safe disposition signal.",false
/Users/bobhopp/DJ MEDIA/VIDEO/2000's/Britney Spears - Chris Cox Megamix.mp4,Britney Spears,Chris Cox Megamix,RVTR380034,1,HUMAN REVIEW REQUIRED,"Existing simulation selected one candidate (RVTR380034), but no safe disposition signal.",false
/Users/bobhopp/DJ MEDIA/VIDEO/2020's/Chad Gray and Violent Idols - Loser.mp4,Chad Gray and Violent Idols,Loser,RVTR061656,1,HUMAN REVIEW REQUIRED,"Existing simulation selected one candidate (RVTR061656), but no safe disposition signal.",false
/Users/bobhopp/DJ MEDIA/VIDEO/COUNTRY/FILL/Clay Walker - i Just Wanna Hold You.mp4,Clay Walker,i Just Wanna Hold You,RVTR254790,1,HUMAN REVIEW REQUIRED,"Existing simulation selected one candidate (RVTR254790), but no safe disposition signal.",false
/Users/bobhopp/DJ MEDIA/VIDEO/1970's/Rod Stewart - Do Ya Think I m Sexy_.mp4,Rod Stewart,Do Ya Think I m Sexy?,RVTR126612,1,SAFE TITLE NOISE,Existing simulation selected one canonical candidate (RVTR126612); deterministic filename/tag noise.,true
/Users/bobhopp/DJ MEDIA/VIDEO/2000's/Annie Lennox - Backwards_Forwards.mp4,Annie Lennox,Backwards/Forwards,RVTR503421,1,HUMAN REVIEW REQUIRED,"Existing simulation selected one candidate (RVTR503421), but no safe disposition signal.",false
/Users/bobhopp/DJ MEDIA/VIDEO/2020's/Restless Road - Sundown Somewhere.mp4,Restless Road,Sundown Somewhere,RVTR611478,1,HUMAN REVIEW REQUIRED,"Existing simulation selected one candidate (RVTR611478), but no safe disposition signal.",false
/Users/bobhopp/DJ MEDIA/VIDEO/COUNTRY/FILL/Peace In The Valley - Willie Nelson.mp4,Peace In The Valley,Willie Nelson,RVTR822567,1,HUMAN REVIEW REQUIRED,"Existing simulation selected one candidate (RVTR822567), but no safe disposition signal.",false
/Users/bobhopp/DJ MEDIA/VIDEO/2010's/The Teskey Brothers - Crying Shame.mp4,The Teskey Brothers,Crying Shame,RVTR451667,1,HUMAN REVIEW REQUIRED,"Existing simulation selected one candidate (RVTR451667), but no safe disposition signal.",false
/Users/bobhopp/DJ MEDIA/VIDEO/1990's/The Presidents of the USA - Peaches.mp4,The Presidents of the USA,Peaches,RVTR433646,1,HUMAN REVIEW REQUIRED,"Existing simulation selected one candidate (RVTR433646), but no safe disposition signal.",false
"/Users/bobhopp/DJ MEDIA/VIDEO/TECHNO/Peter, Bjorn And John - Young Folks.mp4","Peter, Bjorn And John",Young Folks,RVTR402075,1,HUMAN REVIEW REQUIRED,"Existing simulation selected one candidate (RVTR402075), but no safe disposition signal.",false
/Users/bobhopp/DJ MEDIA/VIDEO/1970's/Bad Company - Running With The Pack.mp4,Bad Company,Running With The Pack,RVTR996449,1,HUMAN REVIEW REQUIRED,"Existing simulation selected one candidate (RVTR996449), but no safe disposition signal.",false
/Users/bobhopp/DJ MEDIA/VIDEO/1990's/Dolly Parton - Eagle When She Flies.mp4,Dolly Parton,Eagle When She Flies,RVTR690136,1,HUMAN REVIEW REQUIRED,"Existing simulation selected one candidate (RVTR690136), but no safe disposition signal.",false
/Users/bobhopp/DJ MEDIA/VIDEO/2000's/Marilyn Manson - This Is Halloween.mp4,Marilyn Manson,This Is Halloween,RVTR640915,1,HUMAN REVIEW REQUIRED,"Existing simulation selected one candidate (RVTR640915), but no safe disposition signal.",false
/Users/bobhopp/DJ MEDIA/VIDEO/2010's/Nicki Minaj f._Drake - Moment 4 Life.mp4,Nicki Minaj f./Drake,Moment 4 Life,RVTR408490,1,HUMAN REVIEW REQUIRED,"Existing simulation selected one candidate (RVTR408490), but no safe disposition signal.",false
/Users/bobhopp/DJ MEDIA/VIDEO/TECHNO/Matchbox Twenty - These Hard Times.mp4,Matchbox Twenty,These Hard Times,RVTR781113,1,HUMAN REVIEW REQUIRED,"Existing simulation selected one candidate (RVTR781113), but no safe disposition signal.",false
/Users/bobhopp/DJ MEDIA/VIDEO/1960's/The Moody Blues - Voices in the Sky.mp4,The Moody Blues,Voices in the Sky,RVTR331734,1,HUMAN REVIEW REQUIRED,"Existing simulation selected one candidate (RVTR331734), but no safe disposition signal.",false
/Users/bobhopp/DJ MEDIA/VIDEO/2010's/Various - All Along The Watchtower.mp4,Bob Dylan,All Along The Watchtower,RVTR824130,1,HUMAN REVIEW REQUIRED,"Existing simulation selected one candidate (RVTR824130), but no safe disposition signal.",false
/Users/bobhopp/DJ MEDIA/VIDEO/1970's/Alice Cooper - Billion Dollar Babys.mp4,Alice Cooper,Billion Dollar Babys,RVTR850351,1,HUMAN REVIEW REQUIRED,"Existing simulation selected one candidate (RVTR850351), but no safe disposition signal.",false
/Users/bobhopp/DJ MEDIA/VIDEO/2000's/Disturbed - Down With The Sickness.mp4,Disturbed,Down With The Sickness,RVTR914595,1,HUMAN REVIEW REQUIRED,"Existing simulation selected one candidate (RVTR914595), but no safe disposition signal.",false
/Users/bobhopp/DJ MEDIA/VIDEO/2010's/Sticky Fingers - Murderous Nerves.mp4,Sticky Fingers,Murderous Nerves,RVTR393676,1,HUMAN REVIEW REQUIRED,"Existing simulation selected one candidate (RVTR393676), but no safe disposition signal.",false
/Users/bobhopp/DJ MEDIA/VIDEO/TECHNO/Girls Of Fhm - Do You Think I M Sexy.mp4,Girls Of Fhm,Do You Think I M Sexy,RVTR367937,1,HUMAN REVIEW REQUIRED,"Existing simulation selected one candidate (RVTR367937), but no safe disposition signal.",false
/Users/bobhopp/DJ MEDIA/VIDEO/TECHNO/Teddybears F.Iggy Pop - Punkrocker.mp4,Teddybears F.Iggy Pop,Punkrocker,RVTR801266,1,HUMAN REVIEW REQUIRED,"Existing simulation selected one candidate (RVTR801266), but no safe disposition signal.",false
/Users/bobhopp/DJ MEDIA/VIDEO/1960's/Mike Furber - You're Back Again (1966).mp4,Mike Furber,You're Back Again (1966),RVTR743410,1,SAFE TITLE NOISE,Existing simulation selected one canonical candidate (RVTR743410); deterministic filename/tag noise.,true
/Users/bobhopp/DJ MEDIA/VIDEO/1990's/Chris Stapleton - Get That Boy Back.mp4,Chris Stapleton,Get That Boy Back,RVTR145207,1,HUMAN REVIEW REQUIRED,"Existing simulation selected one candidate (RVTR145207), but no safe disposition signal.",false
/Users/bobhopp/DJ MEDIA/VIDEO/1980's/Elton John - Sad Songs (Say So Much).mp4,Elton John,Sad Songs (Say So Much),RVTR272661,1,SAFE TITLE NOISE,Existing simulation selected one canonical candidate (RVTR272661); deterministic filename/tag noise.,true
/Users/bobhopp/DJ MEDIA/VIDEO/2010's/Big Time Rush - If I Ruled The World.mp4,Big Time Rush,If I Ruled The World,RVTR395455,1,HUMAN REVIEW REQUIRED,"Existing simulation selected one candidate (RVTR395455), but no safe disposition signal.",false
/Users/bobhopp/DJ MEDIA/VIDEO/1960's/Peter Paul Mary - Don't Think Twice.mp4,Peter Paul Mary,Don't Think Twice,RVTR392059,1,SAFE TITLE NOISE,Existing simulation selected one canonical candidate (RVTR392059); deterministic filename/tag noise.,true
/Users/bobhopp/DJ MEDIA/VIDEO/1980's/Roy Orbison - Black and White Night.mp4,Roy Orbison,Black and White Night,RVTR797698,1,HUMAN REVIEW REQUIRED,"Existing simulation selected one candidate (RVTR797698), but no safe disposition signal.",false
/Users/bobhopp/DJ MEDIA/VIDEO/COUNTRY/FILL/Kasey Chambers - Not Pretty Enough.mp4,Kasey Chambers,Not Pretty Enough,RVTR782201,1,HUMAN REVIEW REQUIRED,"Existing simulation selected one candidate (RVTR782201), but no safe disposition signal.",false
/Users/bobhopp/DJ MEDIA/VIDEO/2010's/The Record Company - Off The Ground.mp4,The Record Company,Off The Ground,RVTR171060,1,HUMAN REVIEW REQUIRED,"Existing simulation selected one candidate (RVTR171060), but no safe disposition signal.",false
/Users/bobhopp/DJ MEDIA/VIDEO/2010's/David Guetta f._Kid Cudi - Memories.mp4,David Guetta f./Kid Cudi,Memories,RVTR701166,1,HUMAN REVIEW REQUIRED,"Existing simulation selected one candidate (RVTR701166), but no safe disposition signal.",false
"/Users/bobhopp/DJ MEDIA/VIDEO/TECHNO/Automatic Automatic, The - Monster.mp4","Automatic Automatic, The",Monster,RVTR052335,1,HUMAN REVIEW REQUIRED,"Existing simulation selected one candidate (RVTR052335), but no safe disposition signal.",false
/Users/bobhopp/DJ MEDIA/VIDEO/1990's/Garth Brooks Friends In Low Places.mp4,Garth Brooks,Friends In Low Places,RVTR777184,1,HUMAN REVIEW REQUIRED,"Existing simulation selected one candidate (RVTR777184), but no safe disposition signal.",false
/Users/bobhopp/DJ MEDIA/VIDEO/2010's/Bebe Rexha - You Can't Stop The Girl.mp4,Bebe Rexha,You Can't Stop The Girl,RVTR324933,1,SAFE TITLE NOISE,Existing simulation selected one canonical candidate (RVTR324933); deterministic filename/tag noise.,true
"/Users/bobhopp/DJ MEDIA/VIDEO/2020's/Michael Kiwanuka, Tom Misch - Money.mp4","Michael Kiwanuka, Tom Misch",Money,RVTR454479,1,HUMAN REVIEW REQUIRED,"Existing simulation selected one candidate (RVTR454479), but no safe disposition signal.",false
/Users/bobhopp/DJ MEDIA/VIDEO/1960's/James Brown - I Got You (I Feel Good).mp4,James Brown,I Got You (I Feel Good),RVTR654376,1,SAFE TITLE NOISE,Existing simulation selected one canonical candidate (RVTR654376); deterministic filename/tag noise.,true
/Users/bobhopp/DJ MEDIA/VIDEO/1970's/Little Feat - Fat Man In The Bathtub.mp4,Little Feat,Fat Man In The Bathtub,RVTR526106,1,HUMAN REVIEW REQUIRED,"Existing simulation selected one candidate (RVTR526106), but no safe disposition signal.",false
/Users/bobhopp/DJ MEDIA/VIDEO/1960's/The Yardbirds - Train Kept a Rollin.mp4,The Yardbirds,Train Kept a Rollin,RVTR991079,1,HUMAN REVIEW REQUIRED,"Existing simulation selected one candidate (RVTR991079), but no safe disposition signal.",false
/Users/bobhopp/DJ MEDIA/VIDEO/1980's/Siouxsie & The Banshees - Halloween.mp4,Siouxsie & The Banshees,Halloween,RVTR714852,1,HUMAN REVIEW REQUIRED,"Existing simulation selected one candidate (RVTR714852), but no safe disposition signal.",false
/Users/bobhopp/DJ MEDIA/VIDEO/1980's/Stevie Nicks - Whole Lotta Trouble.mp4,Stevie Nicks,Whole Lotta Trouble,RVTR259316,1,HUMAN REVIEW REQUIRED,"Existing simulation selected one candidate (RVTR259316), but no safe disposition signal.",false
/Users/bobhopp/DJ MEDIA/VIDEO/1950's/Elvis Presley - Peace In The Valley.mp4,Elvis Presley,Peace In The Valley,RVTR860741,1,HUMAN REVIEW REQUIRED,"Existing simulation selected one candidate (RVTR860741), but no safe disposition signal.",false
/Users/bobhopp/DJ MEDIA/VIDEO/1980's/Jackson Brown - Tender Is The Night.mp4,Jackson Brown,Tender Is The Night,RVTR196583,1,HUMAN REVIEW REQUIRED,"Existing simulation selected one candidate (RVTR196583), but no safe disposition signal.",false
/Users/bobhopp/DJ MEDIA/VIDEO/1980's/Transvision Vamp - Baby I Dont Care.mp4,Transvision Vamp,Baby I Dont Care,RVTR424848,1,HUMAN REVIEW REQUIRED,"Existing simulation selected one candidate (RVTR424848), but no safe disposition signal.",false
/Users/bobhopp/DJ MEDIA/VIDEO/1980's/Depeche Mode - Just Can't Get Enough.mp4,Depeche Mode,Just Can't Get Enough,RVTR378007,1,SAFE TITLE NOISE,Existing simulation selected one canonical candidate (RVTR378007); deterministic filename/tag noise.,true
/Users/bobhopp/DJ MEDIA/VIDEO/1980's/Men Without Hats - The Safety Dance.mp4,Men Without Hats,The Safety Dance,RVTR288832,1,HUMAN REVIEW REQUIRED,"Existing simulation selected one candidate (RVTR288832), but no safe disposition signal.",false
/Users/bobhopp/DJ MEDIA/VIDEO/1990's/Public Enemy - Burn Hollywood Burn.mp4,Public Enemy,Burn Hollywood Burn,RVTR559221,1,HUMAN REVIEW REQUIRED,"Existing simulation selected one candidate (RVTR559221), but no safe disposition signal.",false
/Users/bobhopp/DJ MEDIA/VIDEO/2000's/Theory Of A Deadman - Bitch Came Back.mp4,Theory Of A Deadman,Bitch Came Back,RVTR692225,1,HUMAN REVIEW REQUIRED,"Existing simulation selected one candidate (RVTR692225), but no safe disposition signal.",false
/Users/bobhopp/DJ MEDIA/VIDEO/1960's/The Animals - San Franciscan Nights.mp4,The Animals,San Franciscan Nights,RVTR816797,1,HUMAN REVIEW REQUIRED,"Existing simulation selected one candidate (RVTR816797), but no safe disposition signal.",false
"/Users/bobhopp/DJ MEDIA/VIDEO/2020's/Portugal. The Man - What, Me Worry_.mp4",Portugal. The Man,"What, Me Worry?",RVTR623825,1,SAFE TITLE NOISE,Existing simulation selected one canonical candidate (RVTR623825); deterministic filename/tag noise.,true
/Users/bobhopp/DJ MEDIA/VIDEO/2000's/Bob Dylan - Thunder On The Mountain.mp4,Bob Dylan,Thunder On The Mountain,RVTR313463,1,HUMAN REVIEW REQUIRED,"Existing simulation selected one candidate (RVTR313463), but no safe disposition signal.",false
/Users/bobhopp/DJ MEDIA/VIDEO/2000's/Flogging Molly - Drunken Lullabies.mp4,Flogging Molly,Drunken Lullabies,RVTR852621,1,HUMAN REVIEW REQUIRED,"Existing simulation selected one candidate (RVTR852621), but no safe disposition signal.",false
/Users/bobhopp/DJ MEDIA/VIDEO/2010's/The Pretty Reckless - Heaven Knows.mp4,The Pretty Reckless,Heaven Knows,RVTR749151,1,HUMAN REVIEW REQUIRED,"Existing simulation selected one candidate (RVTR749151), but no safe disposition signal.",false
/Users/bobhopp/DJ MEDIA/VIDEO/1970's/Aerosmith - The Train Kept A Rollin.mp4,Aerosmith,The Train Kept A Rollin,RVTR434004,1,HUMAN REVIEW REQUIRED,"Existing simulation selected one candidate (RVTR434004), but no safe disposition signal.",false
/Users/bobhopp/DJ MEDIA/VIDEO/2000's/Ozzy Osbourne - Winter Wonderland.mp4,Ozzy Osbourne,Winter Wonderland,RVTR355979,1,HUMAN REVIEW REQUIRED,"Existing simulation selected one candidate (RVTR355979), but no safe disposition signal.",false
/Users/bobhopp/DJ MEDIA/VIDEO/2010's/Major Lazer & Dj Snake feat. Mø - Lean On.mp4,Major Lazer & Dj Snake feat. Mø,Lean On,RVTR940148,1,HUMAN REVIEW REQUIRED,"Existing simulation selected one candidate (RVTR940148), but no safe disposition signal.",false
/Users/bobhopp/DJ MEDIA/VIDEO/1970's/Talking Heads - Life During Wartime.mp4,Talking Heads,Life During Wartime,RVTR279198,1,HUMAN REVIEW REQUIRED,"Existing simulation selected one candidate (RVTR279198), but no safe disposition signal.",false
/Users/bobhopp/DJ MEDIA/VIDEO/1980's/Talking Heads - Life During Wartime.mp4,Talking Heads,Life During Wartime,RVTR279198,1,HUMAN REVIEW REQUIRED,"Existing simulation selected one candidate (RVTR279198), but no safe disposition signal.",false
/Users/bobhopp/DJ MEDIA/VIDEO/1990's/My Bloody Valentine - Only Shallow.mp4,My Bloody Valentine,Only Shallow,RVTR081658,1,HUMAN REVIEW REQUIRED,"Existing simulation selected one candidate (RVTR081658), but no safe disposition signal.",false
/Users/bobhopp/DJ MEDIA/VIDEO/1990's/The Lightning Seeds - You Showed Me.mp4,The Lightning Seeds, You Showed Me,RVTR472316,1,HUMAN REVIEW REQUIRED,"Existing simulation selected one candidate (RVTR472316), but no safe disposition signal.",false
/Users/bobhopp/DJ MEDIA/VIDEO/1980's/Depeche Mode - Blasphemous Rumours.mp4,Depeche Mode,Blasphemous Rumours,RVTR981951,1,HUMAN REVIEW REQUIRED,"Existing simulation selected one candidate (RVTR981951), but no safe disposition signal.",false
/Users/bobhopp/DJ MEDIA/VIDEO/2000's/Madonna - Future Lovers -  Feel Love.mp4,Madonna,Future Lovers -  Feel Love,RVTR487694,1,HUMAN REVIEW REQUIRED,"Existing simulation selected one candidate (RVTR487694), but no safe disposition signal.",false
/Users/bobhopp/DJ MEDIA/VIDEO/2010's/The Gaslight Anthem - High Lonesome.mp4,The Gaslight Anthem,High Lonesome,RVTR152727,1,HUMAN REVIEW REQUIRED,"Existing simulation selected one candidate (RVTR152727), but no safe disposition signal.",false
/Users/bobhopp/DJ MEDIA/VIDEO/1970's/Van Morrison - Here Comes the Night.mp4,Van Morrison,Here Comes the Night,RVTR654983,1,HUMAN REVIEW REQUIRED,"Existing simulation selected one candidate (RVTR654983), but no safe disposition signal.",false
/Users/bobhopp/DJ MEDIA/VIDEO/2000's/Neil Diamond - Pretty Amazing Grace.mp4,Neil Diamond,Pretty Amazing Grace,RVTR637061,1,HUMAN REVIEW REQUIRED,"Existing simulation selected one candidate (RVTR637061), but no safe disposition signal.",false
/Users/bobhopp/DJ MEDIA/VIDEO/COUNTRY/FILL/David Allan Coe - Tennessee Whiskey.mp4,David Allan Coe,Tennessee Whiskey,RVTR966662,1,HUMAN REVIEW REQUIRED,"Existing simulation selected one candidate (RVTR966662), but no safe disposition signal.",false
/Users/bobhopp/DJ MEDIA/VIDEO/1970's/Lynard Skynard - Sweet Home Alabama.mp4,Lynard Skynard,Sweet Home Alabama,RVTR719820,1,HUMAN REVIEW REQUIRED,"Existing simulation selected one candidate (RVTR719820), but no safe disposition signal.",false
/Users/bobhopp/DJ MEDIA/VIDEO/1990's/John Cougar Mellencamp - Wild Night.mp4,John Cougar Mellencamp,Wild Night,RVTR582123,1,HUMAN REVIEW REQUIRED,"Existing simulation selected one candidate (RVTR582123), but no safe disposition signal.",false
"/Users/bobhopp/DJ MEDIA/VIDEO/TECHNO/Avril Lavigne - Best Damn Thing, The.mp4",Avril Lavigne,"Best Damn Thing, The",RVTR716345,1,SAFE TITLE NOISE,Existing simulation selected one canonical candidate (RVTR716345); deterministic filename/tag noise.,true
/Users/bobhopp/DJ MEDIA/VIDEO/2000's/Hannah Montana - Hoedown Throwdown.mp4,Hannah Montana,Hoedown Throwdown,RVTR560333,1,HUMAN REVIEW REQUIRED,"Existing simulation selected one candidate (RVTR560333), but no safe disposition signal.",false
/Users/bobhopp/DJ MEDIA/VIDEO/COUNTRY/FILL/Keith Urban - One Too Many With p!nk.mp4,Keith Urban,One Too Many With p!nk,RVTR884944,1,SAFE TITLE NOISE,Existing simulation selected one canonical candidate (RVTR884944); deterministic filename/tag noise.,true
/Users/bobhopp/DJ MEDIA/VIDEO/1990's/The Eagles - Love Will Keep Us Alive.mp4,The Eagles,Love Will Keep Us Alive,RVTR255607,1,HUMAN REVIEW REQUIRED,"Existing simulation selected one candidate (RVTR255607), but no safe disposition signal.",false
/Users/bobhopp/DJ MEDIA/VIDEO/2010's/Charm City Devils - Devil Is A Woman.mp4,Charm City Devils,Devil Is A Woman,RVTR659106,1,HUMAN REVIEW REQUIRED,"Existing simulation selected one candidate (RVTR659106), but no safe disposition signal.",false
/Users/bobhopp/DJ MEDIA/VIDEO/1970's/Elvis Presley - Never Been To Spain.mp4,Elvis Presley,Never Been To Spain,RVTR823862,1,HUMAN REVIEW REQUIRED,"Existing simulation selected one candidate (RVTR823862), but no safe disposition signal.",false
/Users/bobhopp/DJ MEDIA/VIDEO/1980's/Beastie Boys - Fight For Your Right.mp4,Beastie Boys,Fight For Your Right,RVTR423250,1,HUMAN REVIEW REQUIRED,"Existing simulation selected one candidate (RVTR423250), but no safe disposition signal.",false
/Users/bobhopp/DJ MEDIA/VIDEO/1980's/Violent Femmes - Blister In The Sun.mp4,Violent Femmes,Blister In The Sun,RVTR516592,1,HUMAN REVIEW REQUIRED,"Existing simulation selected one candidate (RVTR516592), but no safe disposition signal.",false
/Users/bobhopp/DJ MEDIA/VIDEO/1950's/Howlin Wolf - Smokestack Lightning.mp4,Howlin Wolf,Smokestack Lightning,RVTR396931,1,HUMAN REVIEW REQUIRED,"Existing simulation selected one candidate (RVTR396931), but no safe disposition signal.",false
/Users/bobhopp/DJ MEDIA/VIDEO/1980's/Stetsasonic - Talkin' All That Jazz.mp4,Stetsasonic,Talkin' All That Jazz,RVTR006940,1,SAFE TITLE NOISE,Existing simulation selected one canonical candidate (RVTR006940); deterministic filename/tag noise.,true
/Users/bobhopp/DJ MEDIA/VIDEO/2000's/Jagged Edge F.Run - Let's Get Married.mp4,Jagged Edge F.Run,Let's Get Married,RVTR444271,1,SAFE TITLE NOISE,Existing simulation selected one canonical candidate (RVTR444271); deterministic filename/tag noise.,true
"/Users/bobhopp/DJ MEDIA/VIDEO/1990's/Big Mountain - Baby, I Love Your Way.mp4",Big Mountain,"Baby, I Love Your Way",RVTR579908,1,SAFE TITLE NOISE,Existing simulation selected one canonical candidate (RVTR579908); deterministic filename/tag noise.,true
/Users/bobhopp/DJ MEDIA/VIDEO/COUNTRY/FILL/Sugarland - Very Last Country Song.mp4,Sugarland,Very Last Country Song,RVTR750130,1,HUMAN REVIEW REQUIRED,"Existing simulation selected one candidate (RVTR750130), but no safe disposition signal.",false
/Users/bobhopp/DJ MEDIA/VIDEO/2010's/Jay-Z f._Mr. Hudson - Young Forever.mp4,Jay-Z f./Mr. Hudson,Young Forever,RVTR863732,1,HUMAN REVIEW REQUIRED,"Existing simulation selected one candidate (RVTR863732), but no safe disposition signal.",false
/Users/bobhopp/DJ MEDIA/VIDEO/1960's/Nat King Cole - Bicyle Built For Two.mp4,Nat King Cole,Bicyle Built For Two,RVTR523298,1,HUMAN REVIEW REQUIRED,"Existing simulation selected one candidate (RVTR523298), but no safe disposition signal.",false
/Users/bobhopp/DJ MEDIA/VIDEO/1980's/Pretty Poison - Catch Me I m Falling.mp4,Pretty Poison,Catch Me I m Falling,RVTR639736,1,HUMAN REVIEW REQUIRED,"Existing simulation selected one candidate (RVTR639736), but no safe disposition signal.",false
/Users/bobhopp/DJ MEDIA/VIDEO/2000's/John Legend F.Andre 3000 - Green Light.mp4,John Legend F.Andre 3000,Green Light,RVTR807606,1,HUMAN REVIEW REQUIRED,"Existing simulation selected one candidate (RVTR807606), but no safe disposition signal.",false
/Users/bobhopp/DJ MEDIA/VIDEO/2020's/Pete Escovedo - Let's Stay Together.mp4,Pete Escovedo,Let's Stay Together,RVTR965716,1,SAFE TITLE NOISE,Existing simulation selected one canonical candidate (RVTR965716); deterministic filename/tag noise.,true
/Users/bobhopp/DJ MEDIA/VIDEO/1970's/Kiss - Rock And Roll All Night (Live).mp4,Kiss,Rock And Roll All Night (Live),RVTR912228,1,SAFE TITLE NOISE,Existing simulation selected one canonical candidate (RVTR912228); deterministic filename/tag noise.,true
/Users/bobhopp/DJ MEDIA/VIDEO/2010's/The Dirty Heads f. Rome - Lay Me Down.mp4,The Dirty Heads f. Rome,Lay Me Down,RVTR170380,1,HUMAN REVIEW REQUIRED,"Existing simulation selected one candidate (RVTR170380), but no safe disposition signal.",false
/Users/bobhopp/DJ MEDIA/VIDEO/2010's/Young Jeezy f._Plies - Lose My Mind.mp4,Young Jeezy f./Plies,Lose My Mind,RVTR921733,1,HUMAN REVIEW REQUIRED,"Existing simulation selected one candidate (RVTR921733), but no safe disposition signal.",false
/Users/bobhopp/DJ MEDIA/VIDEO/TECHNO/Platinum Weird - Will You Be Around.mp4,Platinum Weird,Will You Be Around,RVTR469182,1,HUMAN REVIEW REQUIRED,"Existing simulation selected one candidate (RVTR469182), but no safe disposition signal.",false
/Users/bobhopp/DJ MEDIA/VIDEO/1970's/Captian and Tennille - Muskrat Love.mp4,Captian and Tennille,Muskrat Love,RVTR918270,1,HUMAN REVIEW REQUIRED,"Existing simulation selected one candidate (RVTR918270), but no safe disposition signal.",false
/Users/bobhopp/DJ MEDIA/VIDEO/1970's/Michael Jackson - I Shot The Sheriff.mp4,Michael Jackson,I Shot The Sheriff,RVTR785881,1,HUMAN REVIEW REQUIRED,"Existing simulation selected one candidate (RVTR785881), but no safe disposition signal.",false
/Users/bobhopp/DJ MEDIA/VIDEO/2000's/Snow Patrol - You're All That I Have.mp4,Snow Patrol,You're All That I Have,RVTR394092,1,SAFE TITLE NOISE,Existing simulation selected one canonical candidate (RVTR394092); deterministic filename/tag noise.,true
/Users/bobhopp/DJ MEDIA/VIDEO/TECHNO/Derek Sherinian - In The Summertime.mp4,Derek Sherinian,In The Summertime,RVTR852286,1,HUMAN REVIEW REQUIRED,"Existing simulation selected one candidate (RVTR852286), but no safe disposition signal.",false
/Users/bobhopp/DJ MEDIA/VIDEO/TECHNO/Jennifer Lopez - J To The LO Megamix.mp4,Jennifer Lopez,J To The LO Megamix,RVTR065601,1,HUMAN REVIEW REQUIRED,"Existing simulation selected one candidate (RVTR065601), but no safe disposition signal.",false
/Users/bobhopp/DJ MEDIA/VIDEO/1960's/Paul McCartney - Till There Was You.mp4,Paul McCartney,Till There Was You,RVTR422806,1,HUMAN REVIEW REQUIRED,"Existing simulation selected one candidate (RVTR422806), but no safe disposition signal.",false
/Users/bobhopp/DJ MEDIA/VIDEO/1970's/Bobby Sherman - Julie Do You Love Me.mp4,Bobby Sherman,Julie Do You Love Me,RVTR050348,1,HUMAN REVIEW REQUIRED,"Existing simulation selected one candidate (RVTR050348), but no safe disposition signal.",false
/Users/bobhopp/DJ MEDIA/VIDEO/2010's/Hank Williams III - Ghost to a Ghost.mp4,Hank Williams III,Ghost to a Ghost,RVTR032663,1,HUMAN REVIEW REQUIRED,"Existing simulation selected one candidate (RVTR032663), but no safe disposition signal.",false
/Users/bobhopp/DJ MEDIA/VIDEO/2010's/Taio Cruz f._Kylie Minogue - Higher.mp4,Taio Cruz f./Kylie Minogue,Higher,RVTR113807,1,HUMAN REVIEW REQUIRED,"Existing simulation selected one candidate (RVTR113807), but no safe disposition signal.",false
/Users/bobhopp/DJ MEDIA/VIDEO/COUNTRY/FILL/Bellamy Brothers - Old Hippie (Live).mp4,Bellamy Brothers,Old Hippie (Live),RVTR137831,1,SAFE TITLE NOISE,Existing simulation selected one canonical candidate (RVTR137831); deterministic filename/tag noise.,true
/Users/bobhopp/DJ MEDIA/VIDEO/2000's/Insane Clown Posse - Juggalo Island.mp4,Insane Clown Posse,Juggalo Island,RVTR325297,1,HUMAN REVIEW REQUIRED,"Existing simulation selected one candidate (RVTR325297), but no safe disposition signal.",false
/Users/bobhopp/DJ MEDIA/VIDEO/2010's/Chris Brown f._Kevin McCall - Strip.mp4,Chris Brown f./Kevin McCall,Strip,RVTR161390,1,HUMAN REVIEW REQUIRED,"Existing simulation selected one candidate (RVTR161390), but no safe disposition signal.",false
/Users/bobhopp/DJ MEDIA/VIDEO/2010's/Morgan Wallen - Spin You Around (124).mp4,Morgan Wallen,Spin You Around (124),RVTR400172,1,SAFE TITLE NOISE,Existing simulation selected one canonical candidate (RVTR400172); deterministic filename/tag noise.,true
/Users/bobhopp/DJ MEDIA/VIDEO/TECHNO/Loleatta Holloway - Love Sensation.mp4,Loleatta Holloway,Love Sensation,RVTR348823,1,HUMAN REVIEW REQUIRED,"Existing simulation selected one candidate (RVTR348823), but no safe disposition signal.",false
/Users/bobhopp/DJ MEDIA/VIDEO/1970's/Bob Dylan and Friends - My Back Pages.mp4,Bob Dylan and Friends,My Back Pages,RVTR812093,1,HUMAN REVIEW REQUIRED,"Existing simulation selected one candidate (RVTR812093), but no safe disposition signal.",false
/Users/bobhopp/DJ MEDIA/VIDEO/2010's/Greta Van Fleet - Black Smoke Rising.mp4,Greta Van Fleet,Black Smoke Rising,RVTR692611,1,HUMAN REVIEW REQUIRED,"Existing simulation selected one candidate (RVTR692611), but no safe disposition signal.",false
/Users/bobhopp/DJ MEDIA/VIDEO/1960's/Eric Burdon & The Animals - C.C. Rider.mp4,Eric Burdon & The Animals,C.C. Rider,RVTR444526,1,SAFE TITLE NOISE,Existing simulation selected one canonical candidate (RVTR444526); deterministic filename/tag noise.,true
/Users/bobhopp/DJ MEDIA/VIDEO/1960's/The Searchers - Sweets For My Sweet.mp4,The Searchers,Sweets For My Sweet,RVTR196946,1,HUMAN REVIEW REQUIRED,"Existing simulation selected one candidate (RVTR196946), but no safe disposition signal.",false
/Users/bobhopp/DJ MEDIA/VIDEO/2000's/Reverend Horton Heat - Wiggle Stick.mp4,Reverend Horton Heat,Wiggle Stick,RVTR576926,1,HUMAN REVIEW REQUIRED,"Existing simulation selected one candidate (RVTR576926), but no safe disposition signal.",false
/Volumes/DJ  MAIN/DJ MEDIA/VIDEO/1960's/Lulu - Loves Loves To Love Love.mp4,Lulu,Loves Loves To Love Love,RVTR328447,1,HUMAN REVIEW REQUIRED,"Existing simulation selected one candidate (RVTR328447), but no safe disposition signal.",false
/Users/bobhopp/DJ MEDIA/VIDEO/1980's/The Psychedelic Furs - Dumb Waiters.mp4,The Psychedelic Furs,Dumb Waiters,RVTR878957,1,HUMAN REVIEW REQUIRED,"Existing simulation selected one candidate (RVTR878957), but no safe disposition signal.",false
/Users/bobhopp/DJ MEDIA/VIDEO/1990's/Primus - Jerry Was A Race Car Driver.mp4,Primus,Jerry Was A Race Car Driver,RVTR422470,1,HUMAN REVIEW REQUIRED,"Existing simulation selected one candidate (RVTR422470), but no safe disposition signal.",false
/Users/bobhopp/DJ MEDIA/VIDEO/2020's/Alan Walker x Imanbek - Sweet Dreams.mp4,Alan Walker x Imanbek,Sweet Dreams,RVTR444314,1,HUMAN REVIEW REQUIRED,"Existing simulation selected one candidate (RVTR444314), but no safe disposition signal.",false
/Users/bobhopp/DJ MEDIA/VIDEO/TECHNO/Basement Jaxx - Where's Your Head At.mp4,Basement Jaxx,Where's Your Head At,RVTR112407,1,SAFE TITLE NOISE,Existing simulation selected one canonical candidate (RVTR112407); deterministic filename/tag noise.,true
/Users/bobhopp/DJ MEDIA/VIDEO/2000's/Swingin Utters - All That I Can Give.mp4,Swingin Utters,All That I Can Give,RVTR889120,1,HUMAN REVIEW REQUIRED,"Existing simulation selected one candidate (RVTR889120), but no safe disposition signal.",false
/Volumes/DJ  MAIN/DJ MEDIA/VIDEO/1970's/Temptations - Ball Of Confusion.mp4,Temptations,Ball Of Confusion,RVTR194899,1,HUMAN REVIEW REQUIRED,"Existing simulation selected one candidate (RVTR194899), but no safe disposition signal.",false
/Users/bobhopp/DJ MEDIA/VIDEO/2000's/Snoop Dogg F.The-Dream - Gangsta Luv.mp4,Snoop Dogg F.The-Dream,Gangsta Luv,RVTR961719,1,HUMAN REVIEW REQUIRED,"Existing simulation selected one candidate (RVTR961719), but no safe disposition signal.",false
/Users/bobhopp/DJ MEDIA/VIDEO/TECHNO/Paffendorf - Crazy Sexy Marvellous.mp4,Paffendorf,Crazy Sexy Marvellous,RVTR024886,1,HUMAN REVIEW REQUIRED,"Existing simulation selected one candidate (RVTR024886), but no safe disposition signal.",false
/Users/bobhopp/DJ MEDIA/VIDEO/1960's/The Rolling Stones - Under My Thumb.mp4,The Rolling Stones,Under My Thumb,RVTR618581,1,HUMAN REVIEW REQUIRED,"Existing simulation selected one candidate (RVTR618581), but no safe disposition signal.",false
/Users/bobhopp/DJ MEDIA/VIDEO/1980's/Billy Squire - Everybody Wants You.mp4,Billy Squire,Everybody Wants You,RVTR734934,1,HUMAN REVIEW REQUIRED,"Existing simulation selected one candidate (RVTR734934), but no safe disposition signal.",false
/Users/bobhopp/DJ MEDIA/VIDEO/1990's/The Tractors - Baby Likes To Rock It.mp4,The Tractors,Baby Likes To Rock It,RVTR918632,1,HUMAN REVIEW REQUIRED,"Existing simulation selected one candidate (RVTR918632), but no safe disposition signal.",false
/Users/bobhopp/DJ MEDIA/VIDEO/2000's/Nelly F.Ashanti And Akon - Body On Me.mp4,Nelly F.Ashanti And Akon,Body On Me,RVTR854612,1,HUMAN REVIEW REQUIRED,"Existing simulation selected one candidate (RVTR854612), but no safe disposition signal.",false
/Users/bobhopp/DJ MEDIA/VIDEO/1980's/Wild Choir - Safe In the Arms of Love.mp4,Wild Choir,Safe In the Arms of Love,RVTR629672,1,HUMAN REVIEW REQUIRED,"Existing simulation selected one candidate (RVTR629672), but no safe disposition signal.",false
/Users/bobhopp/DJ MEDIA/VIDEO/TECHNO/Vinylshakerz - One Night In Bangkok.mp4,Vinylshakerz,One Night In Bangkok,RVTR398368,1,HUMAN REVIEW REQUIRED,"Existing simulation selected one candidate (RVTR398368), but no safe disposition signal.",false
/Users/bobhopp/DJ MEDIA/VIDEO/COUNTRY/FILL/The Carter Family - Wildwood Flower.mp4,The Carter Family,Wildwood Flower,RVTR486377,1,HUMAN REVIEW REQUIRED,"Existing simulation selected one candidate (RVTR486377), but no safe disposition signal.",false
/Users/bobhopp/DJ MEDIA/VIDEO/1970's/The Temptations - Ball Of Confusion.mp4,The Temptations,Ball Of Confusion,RVTR194899,1,HUMAN REVIEW REQUIRED,"Existing simulation selected one candidate (RVTR194899), but no safe disposition signal.",false
/Users/bobhopp/DJ MEDIA/VIDEO/1970's/Steve Miller Band - Fly Like An Eagle.mp4,Steve Miller Band,Fly Like An Eagle,RVTR775837,1,HUMAN REVIEW REQUIRED,"Existing simulation selected one candidate (RVTR775837), but no safe disposition signal.",false
/Users/bobhopp/DJ MEDIA/VIDEO/1990's/Barry Manilow - If We Only Have Love.mp4,Barry Manilow,If We Only Have Love,RVTR710244,1,HUMAN REVIEW REQUIRED,"Existing simulation selected one candidate (RVTR710244), but no safe disposition signal.",false
/Users/bobhopp/DJ MEDIA/VIDEO/1990's/Kenny Wayne Shepherd - Blue on Black.mp4,Kenny Wayne Shepherd,Blue on Black,RVTR995309,1,HUMAN REVIEW REQUIRED,"Existing simulation selected one candidate (RVTR995309), but no safe disposition signal.",false
/Users/bobhopp/DJ MEDIA/VIDEO/1950's/Animation - Vintage Banned Cartoons.mp4,Animation,Vintage Banned Cartoons,RVTR794354,1,HUMAN REVIEW REQUIRED,"Existing simulation selected one candidate (RVTR794354), but no safe disposition signal.",false
/Users/bobhopp/DJ MEDIA/VIDEO/1970's/The Specials - A Message To You Rudy.mp4,The Specials,A Message To You Rudy,RVTR511457,1,HUMAN REVIEW REQUIRED,"Existing simulation selected one candidate (RVTR511457), but no safe disposition signal.",false
/Users/bobhopp/DJ MEDIA/VIDEO/1970's/The Moody Blues - Had to fall in Love.mp4,The Moody Blues,Had to fall in Love,RVTR773299,1,HUMAN REVIEW REQUIRED,"Existing simulation selected one candidate (RVTR773299), but no safe disposition signal.",false
/Users/bobhopp/DJ MEDIA/VIDEO/1970's/Eric Clapton - Eyesight To The Blind.mp4,Eric Clapton,Eyesight To The Blind,RVTR120911,1,HUMAN REVIEW REQUIRED,"Existing simulation selected one candidate (RVTR120911), but no safe disposition signal.",false
/Users/bobhopp/DJ MEDIA/VIDEO/1990's/Jerry Harrison - Flying Under Radar.mp4,Jerry Harrison,Flying Under Radar,RVTR754045,1,HUMAN REVIEW REQUIRED,"Existing simulation selected one candidate (RVTR754045), but no safe disposition signal.",false
/Users/bobhopp/DJ MEDIA/VIDEO/2000's/Beyonce And Shakira - Beautiful Liar.mp4,Beyonce And Shakira,Beautiful Liar,RVTR525982,1,HUMAN REVIEW REQUIRED,"Existing simulation selected one candidate (RVTR525982), but no safe disposition signal.",false
/Users/bobhopp/DJ MEDIA/VIDEO/2000's/David Allen Coe - Long Haired Redneck.mp4,David Allen Coe,Long Haired Redneck,RVTR786259,1,HUMAN REVIEW REQUIRED,"Existing simulation selected one candidate (RVTR786259), but no safe disposition signal.",false
/Users/bobhopp/DJ MEDIA/VIDEO/1980's/38 Special - Wild-Eyed Southern Boys.mp4,38 Special,Wild-Eyed Southern Boys,RVTR146378,1,HUMAN REVIEW REQUIRED,"Existing simulation selected one candidate (RVTR146378), but no safe disposition signal.",false
/Users/bobhopp/DJ MEDIA/VIDEO/1980's/Pink Floyd - Comfortably Numb (Live).mp4,Pink Floyd,Comfortably Numb (Live),RVTR508334,1,SAFE TITLE NOISE,Existing simulation selected one canonical candidate (RVTR508334); deterministic filename/tag noise.,true
/Users/bobhopp/DJ MEDIA/VIDEO/1980's/Carl Carlton - She's A Bad Mamma Jamma.mp4,Carl Carlton,She's A Bad Mamma Jamma,RVTR093374,1,SAFE TITLE NOISE,Existing simulation selected one canonical candidate (RVTR093374); deterministic filename/tag noise.,true
/Users/bobhopp/DJ MEDIA/VIDEO/1980's/Lene Lovich - I Think We re Alone Now.mp4,Lene Lovich,I Think We re Alone Now,RVTR269012,1,HUMAN REVIEW REQUIRED,"Existing simulation selected one candidate (RVTR269012), but no safe disposition signal.",false
"/Users/bobhopp/DJ MEDIA/VIDEO/2000's/Elton John - The Red Piano, Las Vegas.mp4",Elton John,"The Red Piano, Las Vegas",RVTR015850,1,SAFE TITLE NOISE,Existing simulation selected one canonical candidate (RVTR015850); deterministic filename/tag noise.,true
/Users/bobhopp/DJ MEDIA/VIDEO/2010's/Miguel f._ J. Cole - All I Want Is You.mp4,Miguel f./ J. Cole,All I Want Is You,RVTR731567,1,HUMAN REVIEW REQUIRED,"Existing simulation selected one candidate (RVTR731567), but no safe disposition signal.",false
/Users/bobhopp/DJ MEDIA/VIDEO/2010's/The Gaslight Anthem - American Slang.mp4,The Gaslight Anthem,American Slang,RVTR225255,1,HUMAN REVIEW REQUIRED,"Existing simulation selected one candidate (RVTR225255), but no safe disposition signal.",false
/Users/bobhopp/DJ MEDIA/VIDEO/TECHNO/Rise Against - Prayer Of The Refugee.mp4,Rise Against,Prayer Of The Refugee,RVTR445247,1,HUMAN REVIEW REQUIRED,"Existing simulation selected one candidate (RVTR445247), but no safe disposition signal.",false
/Users/bobhopp/DJ MEDIA/VIDEO/1980's/Love and Rockets - Ball Of Confusion.mp4,Love and Rockets,Ball Of Confusion,RVTR215568,1,HUMAN REVIEW REQUIRED,"Existing simulation selected one candidate (RVTR215568), but no safe disposition signal.",false
/Users/bobhopp/DJ MEDIA/VIDEO/1980's/Cinderella - Don't Know What You Got.mp4,Cinderella,Don't Know What You Got,RVTR804961,1,SAFE TITLE NOISE,Existing simulation selected one canonical candidate (RVTR804961); deterministic filename/tag noise.,true
/Users/bobhopp/DJ MEDIA/VIDEO/2000's/Gym Class Heroes - Cupid's Chokehold.mp4,Gym Class Heroes,Cupid's Chokehold,RVTR777518,1,SAFE TITLE NOISE,Existing simulation selected one canonical candidate (RVTR777518); deterministic filename/tag noise.,true
"/Users/bobhopp/DJ MEDIA/VIDEO/2020's/Too $hort, Lil Duval - Big Sexy Thang.mp4","Too $hort, Lil Duval",Big Sexy Thang,RVTR469184,1,HUMAN REVIEW REQUIRED,"Existing simulation selected one candidate (RVTR469184), but no safe disposition signal.",false
/Users/bobhopp/DJ MEDIA/VIDEO/2010's/Old Crow Medicine Show - Wagon Wheel.mp4,Old Crow Medicine Show,Wagon Wheel,RVTR838016,1,HUMAN REVIEW REQUIRED,"Existing simulation selected one candidate (RVTR838016), but no safe disposition signal.",false
/Users/bobhopp/DJ MEDIA/VIDEO/1980's/Chris Rea - I Can Hear Your Heartbeat.mp4,Chris Rea,I Can Hear Your Heartbeat,RVTR094373,1,HUMAN REVIEW REQUIRED,"Existing simulation selected one candidate (RVTR094373), but no safe disposition signal.",false
/Users/bobhopp/DJ MEDIA/VIDEO/1970's/Outlaws - Green Grass And High Tides.mp4,Outlaws,Green Grass And High Tides,RVTR245483,1,HUMAN REVIEW REQUIRED,"Existing simulation selected one candidate (RVTR245483), but no safe disposition signal.",false
"/Users/bobhopp/DJ MEDIA/VIDEO/2000's/Fatboy Slim - Rockefeller Skank, The.mp4",Fatboy Slim,"Rockefeller Skank, The",RVTR603400,1,SAFE TITLE NOISE,Existing simulation selected one canonical candidate (RVTR603400); deterministic filename/tag noise.,true
/Users/bobhopp/DJ MEDIA/VIDEO/1980's/Jon & Vangelis - I'll Find My Way Home.mp4,Jon & Vangelis,I'll Find My Way Home,RVTR907253,1,SAFE TITLE NOISE,Existing simulation selected one canonical candidate (RVTR907253); deterministic filename/tag noise.,true
/Users/bobhopp/DJ MEDIA/VIDEO/2010's/Twista f._Chris Brown - Make A Movie.mp4,Twista f./Chris Brown,Make A Movie,RVTR925749,1,HUMAN REVIEW REQUIRED,"Existing simulation selected one candidate (RVTR925749), but no safe disposition signal.",false
/Volumes/DJ  MAIN/DJ MEDIA/VIDEO/1970's/Louis Armstrong - Blueberry Hill.mp4,Louis Armstrong,Blueberry Hill,RVTR165832,1,HUMAN REVIEW REQUIRED,"Existing simulation selected one candidate (RVTR165832), but no safe disposition signal.",false
/Users/bobhopp/DJ MEDIA/VIDEO/1990's/Carmen Electra - Everybody Get On Up.mp4,Carmen Electra,Everybody Get On Up,RVTR825805,1,HUMAN REVIEW REQUIRED,"Existing simulation selected one candidate (RVTR825805), but no safe disposition signal.",false
"/Volumes/DJ  MAIN/DJ MEDIA/VIDEO/2020's/32-Ashley McBryde, Caylee Hammack, Pillbox Patti - Brenda Put Your Bra On (Official Music Video).mp4","Ashley McBryde, Caylee Hammack, Pillbox Patti",Brenda Put Your Bra On,RVTR734691,1,HUMAN REVIEW REQUIRED,"Existing simulation selected one candidate (RVTR734691), but no safe disposition signal.",false
/Volumes/DJ  MAIN/DJ MEDIA/VIDEO/COUNTRY/59-Joe Tex - The Love You Save (1966).mp4,Joe Tex,The Love You Save,RVTR460887,1,HUMAN REVIEW REQUIRED,"Existing simulation selected one candidate (RVTR460887), but no safe disposition signal.",false
/Users/bobhopp/DJ MEDIA/VIDEO/2010's/Horseshoes & Hand Grenades - Whiskey.mp4,Horseshoes & Hand Grenades,Whiskey,RVTR752892,1,HUMAN REVIEW REQUIRED,"Existing simulation selected one candidate (RVTR752892), but no safe disposition signal.",false
/Users/bobhopp/DJ MEDIA/VIDEO/COUNTRY/FILL/Clay Walker - Once in a Lifetime Love.mp4,Clay Walker,Once in a Lifetime Love,RVTR520421,1,HUMAN REVIEW REQUIRED,"Existing simulation selected one candidate (RVTR520421), but no safe disposition signal.",false
/Users/bobhopp/DJ MEDIA/VIDEO/1960's/The Searchers - Love Potion Number 9.mp4,The Searchers,Love Potion Number 9,RVTR987889,1,HUMAN REVIEW REQUIRED,"Existing simulation selected one candidate (RVTR987889), but no safe disposition signal.",false
/Users/bobhopp/DJ MEDIA/VIDEO/TECHNO/Everclear - I Will Buy You A New Life.mp4,Everclear,I Will Buy You A New Life,RVTR919884,1,HUMAN REVIEW REQUIRED,"Existing simulation selected one candidate (RVTR919884), but no safe disposition signal.",false
/Users/bobhopp/DJ MEDIA/VIDEO/1950's/Glenn Miller - Chattanooga Choo Choo.mp4,Glenn Miller,Chattanooga Choo Choo,RVTR759715,1,HUMAN REVIEW REQUIRED,"Existing simulation selected one candidate (RVTR759715), but no safe disposition signal.",false
/Users/bobhopp/DJ MEDIA/VIDEO/1980's/The Charlie Daniels Band - Simple Man.mp4,The Charlie Daniels Band,Simple Man,RVTR865041,1,HUMAN REVIEW REQUIRED,"Existing simulation selected one candidate (RVTR865041), but no safe disposition signal.",false
/Users/bobhopp/DJ MEDIA/VIDEO/1970's/Peter Noone - We Don t Need The Money.mp4,Peter Noone,We Don t Need The Money,RVTR856570,1,HUMAN REVIEW REQUIRED,"Existing simulation selected one candidate (RVTR856570), but no safe disposition signal.",false
/Users/bobhopp/DJ MEDIA/VIDEO/1980's/Iron Maiden - The Number Of The Beast.mp4,Iron Maiden,The Number Of The Beast,RVTR920611,1,HUMAN REVIEW REQUIRED,"Existing simulation selected one candidate (RVTR920611), but no safe disposition signal.",false
/Users/bobhopp/DJ MEDIA/VIDEO/1980's/Paul McCartney & Rockestra - Lucille.mp4,Paul McCartney & Rockestra,Lucille,RVTR312084,1,HUMAN REVIEW REQUIRED,"Existing simulation selected one candidate (RVTR312084), but no safe disposition signal.",false
"/Users/bobhopp/DJ MEDIA/VIDEO/TECHNO/Soular - So, This Is The Way It Feels.mp4",Soular,"So, This Is The Way It Feels",RVTR540671,1,SAFE TITLE NOISE,Existing simulation selected one canonical candidate (RVTR540671); deterministic filename/tag noise.,true
/Users/bobhopp/DJ MEDIA/VIDEO/2000's/White Zombie - More Human Than Human.mp4,White Zombie,More Human Than Human,RVTR550274,1,HUMAN REVIEW REQUIRED,"Existing simulation selected one candidate (RVTR550274), but no safe disposition signal.",false
/Users/bobhopp/DJ MEDIA/VIDEO/2010's/Florence + the Machine - Seven Devils.mp4,Florence + the Machine,Seven Devils,RVTR440650,1,HUMAN REVIEW REQUIRED,"Existing simulation selected one candidate (RVTR440650), but no safe disposition signal.",false
/Volumes/DJ  MAIN/DJ MEDIA/VIDEO/1960's/The Four Tops - I Can't Help Myself .mp4,The Four Tops,I Can't Help Myself,RVTR288743,1,SAFE TITLE NOISE,Existing simulation selected one canonical candidate (RVTR288743); deterministic filename/tag noise.,true
/Users/bobhopp/DJ MEDIA/VIDEO/1970's/Parliment - Swing Low Sweet Chariot.mp4,Parliment,Swing Low Sweet Chariot,RVTR337657,1,HUMAN REVIEW REQUIRED,"Existing simulation selected one candidate (RVTR337657), but no safe disposition signal.",false
/Users/bobhopp/DJ MEDIA/VIDEO/2000's/Deep Dish feat. Stevie Nicks - Dreams.mp4,Deep Dish Feat. Stevie Nicks,Dreams,RVTR864320,1,HUMAN REVIEW REQUIRED,"Existing simulation selected one candidate (RVTR864320), but no safe disposition signal.",false
/Users/bobhopp/DJ MEDIA/VIDEO/2020's/Jason Derulo & Jawsh 685 - Savage Love.mp4,Jason Derulo & Jawsh 685,Savage Love,RVTR405488,1,HUMAN REVIEW REQUIRED,"Existing simulation selected one candidate (RVTR405488), but no safe disposition signal.",false
"/Users/bobhopp/DJ MEDIA/VIDEO/TECHNO/Kooks, The - She Moves In Her Own Way.mp4","Kooks, The",She Moves In Her Own Way,RVTR041807,1,HUMAN REVIEW REQUIRED,"Existing simulation selected one candidate (RVTR041807), but no safe disposition signal.",false
/Users/bobhopp/DJ MEDIA/VIDEO/2000's/The Devil Makes Three - Aces and Twos.mp4,The Devil Makes Three,Aces and Twos,RVTR918428,1,HUMAN REVIEW REQUIRED,"Existing simulation selected one candidate (RVTR918428), but no safe disposition signal.",false
/Users/bobhopp/DJ MEDIA/VIDEO/1970's/Electric Light Orchestra - Rockaria!.mp4,Electric Light Orchestra,Rockaria!,RVTR244284,1,SAFE TITLE NOISE,Existing simulation selected one canonical candidate (RVTR244284); deterministic filename/tag noise.,true
/Users/bobhopp/DJ MEDIA/VIDEO/1980's/Living in a Box - Blow the House Down.mp4,Living in a Box,Blow the House Down,RVTR872320,1,HUMAN REVIEW REQUIRED,"Existing simulation selected one candidate (RVTR872320), but no safe disposition signal.",false
/Users/bobhopp/DJ MEDIA/VIDEO/1990's/Wu-Tang Clan - Can It Be All So Simple.mp4,Wu-Tang Clan,Can It Be All So Simple,RVTR739857,1,HUMAN REVIEW REQUIRED,"Existing simulation selected one candidate (RVTR739857), but no safe disposition signal.",false
/Users/bobhopp/DJ MEDIA/VIDEO/TECHNO/Till West And Dj Delicious - Same Man.mp4,Till West And Dj Delicious,Same Man,RVTR128182,1,HUMAN REVIEW REQUIRED,"Existing simulation selected one candidate (RVTR128182), but no safe disposition signal.",false
/Users/bobhopp/DJ MEDIA/VIDEO/2000's/Yeah Yeah Yeahs - Date With The Night.mp4,Yeah Yeah Yeahs,Date With The Night,RVTR463449,1,HUMAN REVIEW REQUIRED,"Existing simulation selected one candidate (RVTR463449), but no safe disposition signal.",false
/Users/bobhopp/DJ MEDIA/VIDEO/2010's/David Guetta f._Usher - Without You.mp4,David Guetta f./Usher,Without You,RVTR228107,1,HUMAN REVIEW REQUIRED,"Existing simulation selected one candidate (RVTR228107), but no safe disposition signal.",false
/Users/bobhopp/DJ MEDIA/VIDEO/1960's/Oh Happy Day - Edwin Hawkins Singers.mp4,Oh Happy Day,Edwin Hawkins Singers,RVTR304540,1,HUMAN REVIEW REQUIRED,"Existing simulation selected one candidate (RVTR304540), but no safe disposition signal.",false
/Users/bobhopp/DJ MEDIA/VIDEO/1980's/Big Country - Where The Rose Is Sown.mp4,Big Country,Where The Rose Is Sown,RVTR802953,1,HUMAN REVIEW REQUIRED,"Existing simulation selected one candidate (RVTR802953), but no safe disposition signal.",false
/Users/bobhopp/DJ MEDIA/VIDEO/1980's/Hank Williams Jr. - Family Tradition.mp4,Hank Williams Jr.,Family Tradition,RVTR355103,1,HUMAN REVIEW REQUIRED,"Existing simulation selected one candidate (RVTR355103), but no safe disposition signal.",false
/Users/bobhopp/DJ MEDIA/VIDEO/1980's/Iron Maiden - Can I Play With Madness.mp4,Iron Maiden,Can I Play With Madness,RVTR137297,1,HUMAN REVIEW REQUIRED,"Existing simulation selected one candidate (RVTR137297), but no safe disposition signal.",false
"/Volumes/DJ  MAIN/DJ MEDIA/VIDEO/1970's/1-My Back Pages (Bob Dylan, Roger McGuinn, Tom Petty, Neil Young, Eric Clapton & George Harrison).mp4",Bob Dylan and Friends,My Back Pages,RVTR812093,1,HUMAN REVIEW REQUIRED,"Existing simulation selected one candidate (RVTR812093), but no safe disposition signal.",false
"/Users/bobhopp/DJ MEDIA/VIDEO/2000's/All Time Low - Dear Maria, Count Me In.mp4",All Time Low,"Dear Maria, Count Me In",RVTR206779,1,SAFE TITLE NOISE,Existing simulation selected one canonical candidate (RVTR206779); deterministic filename/tag noise.,true
/Users/bobhopp/DJ MEDIA/VIDEO/TECHNO/Shakin' Stevens - You Drive Me Crazy.mp4,Shakin' Stevens,You Drive Me Crazy,RVTR638393,1,HUMAN REVIEW REQUIRED,"Existing simulation selected one candidate (RVTR638393), but no safe disposition signal.",false
/Users/bobhopp/DJ MEDIA/VIDEO/1980's/Con Funk Shun - Got To Be Enough Funk.mp4,Con Funk Shun,Got To Be Enough Funk,RVTR359263,1,HUMAN REVIEW REQUIRED,"Existing simulation selected one candidate (RVTR359263), but no safe disposition signal.",false
/Users/bobhopp/DJ MEDIA/VIDEO/1960's/Jefferson Airplane - Uncle Sam Blues.mp4,Jefferson Airplane,Uncle Sam Blues,RVTR254809,1,HUMAN REVIEW REQUIRED,"Existing simulation selected one candidate (RVTR254809), but no safe disposition signal.",false
/Users/bobhopp/DJ MEDIA/VIDEO/2010's/Carly Rae Jepsen - Cut To The Feeling.mp4,Carly Rae Jepsen,Cut To The Feeling,RVTR732394,1,HUMAN REVIEW REQUIRED,"Existing simulation selected one candidate (RVTR732394), but no safe disposition signal.",false
/Users/bobhopp/DJ MEDIA/VIDEO/1990's/Jimmy Somerville - To Love Somebody.mp4,Jimmy Somerville,To Love Somebody,RVTR594327,1,HUMAN REVIEW REQUIRED,"Existing simulation selected one candidate (RVTR594327), but no safe disposition signal.",false
/Users/bobhopp/DJ MEDIA/VIDEO/1980's/Asleep At The Wheel - Hot Rod Lincoln.mp4,Asleep At The Wheel,Hot Rod Lincoln,RVTR799106,1,HUMAN REVIEW REQUIRED,"Existing simulation selected one candidate (RVTR799106), but no safe disposition signal.",false
/Users/bobhopp/DJ MEDIA/VIDEO/2000's/Barry Manilow - Dancin' In The Aisles.mp4,Barry Manilow,Dancin' In The Aisles,RVTR344863,1,SAFE TITLE NOISE,Existing simulation selected one canonical candidate (RVTR344863); deterministic filename/tag noise.,true
/Users/bobhopp/DJ MEDIA/VIDEO/1970's/Foreigner - With Heaven On Your Side.mp4,Foreigner,With Heaven On Your Side,RVTR341483,1,HUMAN REVIEW REQUIRED,"Existing simulation selected one candidate (RVTR341483), but no safe disposition signal.",false
/Users/bobhopp/DJ MEDIA/VIDEO/1980's/Yngwie J. Malmsteen - Heaven Tonight.mp4,Yngwie J. Malmsteen,Heaven Tonight,RVTR467171,1,HUMAN REVIEW REQUIRED,"Existing simulation selected one candidate (RVTR467171), but no safe disposition signal.",false
/Users/bobhopp/DJ MEDIA/VIDEO/1990's/Fleetwood Mac - In The Back of My Mind.mp4,Fleetwood Mac,In The Back of My Mind,RVTR657275,1,HUMAN REVIEW REQUIRED,"Existing simulation selected one candidate (RVTR657275), but no safe disposition signal.",false
/Users/bobhopp/DJ MEDIA/VIDEO/1980's/Grandmaster & Melle Mel - White Lines.mp4,Grandmaster & Melle Mel,White Lines,RVTR440200,1,HUMAN REVIEW REQUIRED,"Existing simulation selected one candidate (RVTR440200), but no safe disposition signal.",false
/Users/bobhopp/DJ MEDIA/VIDEO/1980's/Rod Stewart - She Won't Dance With Me.mp4,Rod Stewart,She Won't Dance With Me,RVTR583184,1,SAFE TITLE NOISE,Existing simulation selected one canonical candidate (RVTR583184); deterministic filename/tag noise.,true
/Users/bobhopp/DJ MEDIA/VIDEO/2000's/Death Cab For Cutie - Grapevine Fires.mp4,Death Cab For Cutie,Grapevine Fires,RVTR186099,1,HUMAN REVIEW REQUIRED,"Existing simulation selected one candidate (RVTR186099), but no safe disposition signal.",false
/Users/bobhopp/DJ MEDIA/VIDEO/2000's/Toploader - Dancing in the Moonlight.mp4,Toploader,Dancing in the Moonlight,RVTR617845,1,HUMAN REVIEW REQUIRED,"Existing simulation selected one candidate (RVTR617845), but no safe disposition signal.",false
/Users/bobhopp/DJ MEDIA/VIDEO/1960's/Van Morrison - Bring It On Home To Me.mp4,Van Morrison,Bring It On Home To Me,RVTR297854,1,HUMAN REVIEW REQUIRED,"Existing simulation selected one candidate (RVTR297854), but no safe disposition signal.",false
/Users/bobhopp/DJ MEDIA/VIDEO/TECHNO/Dannii Minogue - Put The Needle On It.mp4,Dannii Minogue,Put The Needle On It,RVTR549615,1,HUMAN REVIEW REQUIRED,"Existing simulation selected one candidate (RVTR549615), but no safe disposition signal.",false
"/Users/bobhopp/DJ MEDIA/VIDEO/1970's/Precious Wilson - Hold On, I m Coming.mp4",Precious Wilson,"Hold On, I m Coming",RVTR627348,1,SAFE TITLE NOISE,Existing simulation selected one canonical candidate (RVTR627348); deterministic filename/tag noise.,true
/Users/bobhopp/DJ MEDIA/VIDEO/1980's/The Style Council - Shout To The Top.mp4,The Style Council,Shout To The Top,RVTR484666,1,HUMAN REVIEW REQUIRED,"Existing simulation selected one candidate (RVTR484666), but no safe disposition signal.",false
/Users/bobhopp/DJ MEDIA/VIDEO/1970's/When Will I Be Loved - Linda Ronstadt.mp4,When Will I Be Loved,Linda Ronstadt,RVTR791852,1,HUMAN REVIEW REQUIRED,"Existing simulation selected one candidate (RVTR791852), but no safe disposition signal.",false
/Users/bobhopp/DJ MEDIA/VIDEO/1980's/Indeep - Last Night A DJ Saved My Life.mp4,Indeep,Last Night A DJ Saved My Life,RVTR930640,1,HUMAN REVIEW REQUIRED,"Existing simulation selected one candidate (RVTR930640), but no safe disposition signal.",false
/Users/bobhopp/DJ MEDIA/VIDEO/1990's/Alanis Morissette - You Oughta Know.mp4,Alanis Morissette,You Oughta Know,RVTR400388,1,HUMAN REVIEW REQUIRED,"Existing simulation selected one candidate (RVTR400388), but no safe disposition signal.",false
/Users/bobhopp/DJ MEDIA/VIDEO/1990's/Mobb Deep feat. Lil  Kim - Quiet Storm.mp4,Mobb Deep feat. Lil  Kim,Quiet Storm,RVTR537974,1,HUMAN REVIEW REQUIRED,"Existing simulation selected one candidate (RVTR537974), but no safe disposition signal.",false
/Users/bobhopp/DJ MEDIA/VIDEO/2020's/Snoop Dog - Last Dance with Mary Jane.mp4,Snoop Dog,Last Dance with Mary Jane,RVTR303317,1,HUMAN REVIEW REQUIRED,"Existing simulation selected one candidate (RVTR303317), but no safe disposition signal.",false
/Users/bobhopp/DJ MEDIA/VIDEO/TECHNO/My Chemical Romance - Desolation Row.mp4,My Chemical Romance,Desolation Row,RVTR535385,1,HUMAN REVIEW REQUIRED,"Existing simulation selected one candidate (RVTR535385), but no safe disposition signal.",false
/Users/bobhopp/DJ MEDIA/VIDEO/1960's/The Animals - The Story of Bo Diddley.mp4,The Animals,The Story of Bo Diddley,RVTR281794,1,HUMAN REVIEW REQUIRED,"Existing simulation selected one candidate (RVTR281794), but no safe disposition signal.",false
/Users/bobhopp/DJ MEDIA/VIDEO/1970's/Molly Hatchet - Dreams I'll Never See.mp4,Molly Hatchet,Dreams I'll Never See,RVTR581310,1,SAFE TITLE NOISE,Existing simulation selected one canonical candidate (RVTR581310); deterministic filename/tag noise.,true
/Users/bobhopp/DJ MEDIA/VIDEO/1980's/Tygers Of Pan Tang - Love Potion No.9.mp4,Tygers Of Pan Tang,Love Potion No.9,RVTR241240,1,SAFE TITLE NOISE,Existing simulation selected one canonical candidate (RVTR241240); deterministic filename/tag noise.,true
/Users/bobhopp/DJ MEDIA/VIDEO/1990's/Gin Blossoms - Til I Hear It From You.mp4,Gin Blossoms,Til I Hear It From You,RVTR224276,1,HUMAN REVIEW REQUIRED,"Existing simulation selected one candidate (RVTR224276), but no safe disposition signal.",false
/Users/bobhopp/DJ MEDIA/VIDEO/1970's/Grand Funk Railroad - The Locomotion.mp4,Grand Funk Railroad,The Locomotion,RVTR560241,1,HUMAN REVIEW REQUIRED,"Existing simulation selected one candidate (RVTR560241), but no safe disposition signal.",false
/Users/bobhopp/DJ MEDIA/VIDEO/2020's/Katy Perry - Not the End of the World.mp4,Katy Perry,Not the End of the World,RVTR948489,1,HUMAN REVIEW REQUIRED,"Existing simulation selected one candidate (RVTR948489), but no safe disposition signal.",false
/Users/bobhopp/DJ MEDIA/VIDEO/COUNTRY/FILL/Chris Ledoux - Tougher Than The Rest.mp4,Chris Ledoux,Tougher Than The Rest,RVTR071305,1,HUMAN REVIEW REQUIRED,"Existing simulation selected one candidate (RVTR071305), but no safe disposition signal.",false
/Users/bobhopp/DJ MEDIA/VIDEO/1960's/Jerry Granelli Trio - Linus and Lucy.mp4,Jerry Granelli Trio,Linus and Lucy,RVTR565370,1,HUMAN REVIEW REQUIRED,"Existing simulation selected one candidate (RVTR565370), but no safe disposition signal.",false
/Users/bobhopp/DJ MEDIA/VIDEO/2020's/Sina - Where the Streets Have No Name.mp4,Sina,Where the Streets Have No Name,RVTR680658,1,HUMAN REVIEW REQUIRED,"Existing simulation selected one candidate (RVTR680658), but no safe disposition signal.",false
/Users/bobhopp/DJ MEDIA/VIDEO/1970's/New York Dolls - Personality Crisis.mp4,New York Dolls,Personality Crisis,RVTR223817,1,HUMAN REVIEW REQUIRED,"Existing simulation selected one candidate (RVTR223817), but no safe disposition signal.",false
"/Users/bobhopp/DJ MEDIA/VIDEO/2020's/Regard, Troye Sivan, Tate McRae - You.mp4","Regard, Troye Sivan, Tate McRae",You,RVTR069234,1,HUMAN REVIEW REQUIRED,"Existing simulation selected one candidate (RVTR069234), but no safe disposition signal.",false
/Users/bobhopp/DJ MEDIA/VIDEO/1980's/Dolly Parton - Why'd You Come In Here.mp4,Dolly Parton,Why'd You Come In Here,RVTR137769,1,SAFE TITLE NOISE,Existing simulation selected one canonical candidate (RVTR137769); deterministic filename/tag noise.,true
/Users/bobhopp/DJ MEDIA/VIDEO/1980's/The Style Council - Walls Come Tumbling Down!.mp4,The Style Council,Walls Come Tumbling Down!,RVTR702720,1,SAFE TITLE NOISE,Existing simulation selected one canonical candidate (RVTR702720); deterministic filename/tag noise.,true
/Users/bobhopp/DJ MEDIA/VIDEO/1990's/Travis Tritt - Where Corn Don't Grow.mp4,Travis Tritt,Where Corn Don't Grow,RVTR829741,1,SAFE TITLE NOISE,Existing simulation selected one canonical candidate (RVTR829741); deterministic filename/tag noise.,true
/Users/bobhopp/DJ MEDIA/VIDEO/2020's/Khruangbin & Leon Bridges - Texas Sun.mp4,Khruangbin & Leon Bridges,Texas Sun,RVTR050945,1,HUMAN REVIEW REQUIRED,"Existing simulation selected one candidate (RVTR050945), but no safe disposition signal.",false
/Users/bobhopp/DJ MEDIA/VIDEO/1950's/Johnny Tremain - The Sons of Liberty.mp4,Johnny Tremain,The Sons of Liberty,RVTR111739,1,HUMAN REVIEW REQUIRED,"Existing simulation selected one candidate (RVTR111739), but no safe disposition signal.",false
/Users/bobhopp/DJ MEDIA/VIDEO/1990's/Justified And Ancient [All Bound For Mu Mu Land] - The KLF.mp4,Justified And Ancient [All Bound For Mu Mu Land],The KLF,RVTR400515,1,HUMAN REVIEW REQUIRED,"Existing simulation selected one candidate (RVTR400515), but no safe disposition signal.",false
"/Users/bobhopp/DJ MEDIA/VIDEO/1960's/The Archies (Ron Dante) - Sugar, Sugar.mp4",The Archies (Ron Dante),"Sugar, Sugar",RVTR087077,1,SAFE TITLE NOISE,Existing simulation selected one canonical candidate (RVTR087077); deterministic filename/tag noise.,true
/Users/bobhopp/DJ MEDIA/VIDEO/1990's/Daryl Hall & John Oates - Out Of Touch.mp4,Daryl Hall & John Oates,Out Of Touch,RVTR625971,1,HUMAN REVIEW REQUIRED,"Existing simulation selected one candidate (RVTR625971), but no safe disposition signal.",false
/Users/bobhopp/DJ MEDIA/VIDEO/2000's/Lil' Jon feat. Pitbull - Floor On Fire.mp4,Lil' Jon feat. Pitbull,Floor On Fire,RVTR358202,1,HUMAN REVIEW REQUIRED,"Existing simulation selected one candidate (RVTR358202), but no safe disposition signal.",false
/Users/bobhopp/DJ MEDIA/VIDEO/1980's/Joan Armatrading - What Do Boys Dream.mp4,Joan Armatrading,What Do Boys Dream,RVTR967770,1,HUMAN REVIEW REQUIRED,"Existing simulation selected one candidate (RVTR967770), but no safe disposition signal.",false
/Users/bobhopp/DJ MEDIA/VIDEO/1980's/John Cougar Mellencamp - Check It Out.mp4,John Cougar Mellencamp,Check It Out,RVTR879837,1,HUMAN REVIEW REQUIRED,"Existing simulation selected one candidate (RVTR879837), but no safe disposition signal.",false
/Users/bobhopp/DJ MEDIA/VIDEO/1980's/Neil Young - Rockin In The Free World.mp4,Neil Young,Rockin In The Free World,RVTR991850,1,HUMAN REVIEW REQUIRED,"Existing simulation selected one candidate (RVTR991850), but no safe disposition signal.",false
"/Users/bobhopp/DJ MEDIA/VIDEO/1980's/Randy Travis - Forever And Ever, Amen.mp4",Randy Travis,"Forever And Ever, Amen",RVTR540781,1,SAFE TITLE NOISE,Existing simulation selected one canonical candidate (RVTR540781); deterministic filename/tag noise.,true
/Users/bobhopp/DJ MEDIA/VIDEO/1970's/Neil Diamond - Sweet Caroline.mp4,Neil Diamond,Sweet Caroline,RVTR380852,1,HUMAN REVIEW REQUIRED,"Existing simulation selected one candidate (RVTR380852), but no safe disposition signal.",false
/Users/bobhopp/DJ MEDIA/VIDEO/2010's/The Pretty Reckless - Follow Me Down.mp4,The Pretty Reckless,Follow Me Down,RVTR015816,1,HUMAN REVIEW REQUIRED,"Existing simulation selected one candidate (RVTR015816), but no safe disposition signal.",false
/Users/bobhopp/DJ MEDIA/VIDEO/1960's/California Dreamin - Mamas & The Papas.mp4,California Dreamin,Mamas & The Papas,RVTR720633,0,NO CANONICAL CANDIDATE,No canonical candidate selected by the existing simulation.,false
/Users/bobhopp/DJ MEDIA/VIDEO/1970's/Tina Turner - I Wanna Take You Higher.mp4,Tina Turner,I Wanna Take You Higher,RVTR982003,1,HUMAN REVIEW REQUIRED,"Existing simulation selected one candidate (RVTR982003), but no safe disposition signal.",false
/Users/bobhopp/DJ MEDIA/VIDEO/2020's/DJ Snake & Selena Gomez - Selfish Love.mp4,DJ Snake & Selena Gomez,Selfish Love,RVTR054439,1,HUMAN REVIEW REQUIRED,"Existing simulation selected one candidate (RVTR054439), but no safe disposition signal.",false
/Users/bobhopp/DJ MEDIA/VIDEO/1980's/Seven Spanish Angels - Willie Nelson.mp4,Seven Spanish Angels,Willie Nelson,RVTR686302,1,HUMAN REVIEW REQUIRED,"Existing simulation selected one candidate (RVTR686302), but no safe disposition signal.",false
/Users/bobhopp/DJ MEDIA/VIDEO/1990's/Whitney Houston - Queen Of The Night.mp4,Whitney Houston,Queen Of The Night,RVTR698101,1,HUMAN REVIEW REQUIRED,"Existing simulation selected one candidate (RVTR698101), but no safe disposition signal.",false
/Users/bobhopp/DJ MEDIA/VIDEO/COUNTRY/FILL/Clay Walker - I'd Love to be Your Last.mp4,Clay Walker,I'd Love to be Your Last,RVTR013190,1,SAFE TITLE NOISE,Existing simulation selected one canonical candidate (RVTR013190); deterministic filename/tag noise.,true
/Users/bobhopp/DJ MEDIA/VIDEO/COUNTRY/FILL/Willie Nelson - Seven Spanish Angels.mp4,Willie Nelson,Seven Spanish Angels,RVTR400105,1,HUMAN REVIEW REQUIRED,"Existing simulation selected one candidate (RVTR400105), but no safe disposition signal.",false
/Users/bobhopp/DJ MEDIA/VIDEO/1970's/Partridge Family - I Think I Love You.mp4,Partridge Family,I Think I Love You,RVTR231094,1,HUMAN REVIEW REQUIRED,"Existing simulation selected one candidate (RVTR231094), but no safe disposition signal.",false
/Users/bobhopp/DJ MEDIA/VIDEO/1970's/Pink Floyd - The Wizard of Pink Floyd.mp4,Pink Floyd,The Wizard of Pink Floyd,RVTR629042,1,HUMAN REVIEW REQUIRED,"Existing simulation selected one candidate (RVTR629042), but no safe disposition signal.",false
/Users/bobhopp/DJ MEDIA/VIDEO/1960's/The Jimi Hendrix Experience - Hey Joe.mp4,The Jimi Hendrix Experience,Hey Joe,RVTR158343,1,HUMAN REVIEW REQUIRED,"Existing simulation selected one candidate (RVTR158343), but no safe disposition signal.",false
/Users/bobhopp/DJ MEDIA/VIDEO/TECHNO/Baby Cham & Alicia Keys - Ghetto Story.mp4,Baby Cham & Alicia Keys,Ghetto Story,RVTR447265,1,HUMAN REVIEW REQUIRED,"Existing simulation selected one candidate (RVTR447265), but no safe disposition signal.",false
/Users/bobhopp/DJ MEDIA/VIDEO/1990's/Backstreet Boys - Quit Playing Games.mp4,Backstreet Boys,Quit Playing Games,RVTR111576,1,HUMAN REVIEW REQUIRED,"Existing simulation selected one candidate (RVTR111576), but no safe disposition signal.",false
/Users/bobhopp/DJ MEDIA/VIDEO/1980's/The English Beat - Too Nice to Talk To.mp4,The English Beat,Too Nice to Talk To,RVTR308728,1,HUMAN REVIEW REQUIRED,"Existing simulation selected one candidate (RVTR308728), but no safe disposition signal.",false
/Users/bobhopp/DJ MEDIA/VIDEO/1990's/David Lee Murphy - Dust On The Bottle.mp4,David Lee Murphy,Dust On The Bottle,RVTR394846,1,HUMAN REVIEW REQUIRED,"Existing simulation selected one candidate (RVTR394846), but no safe disposition signal.",false
/Users/bobhopp/DJ MEDIA/VIDEO/2010's/The Reverend Horton Heat - Loaded Gun.mp4,The Reverend Horton Heat,Loaded Gun,RVTR566933,1,HUMAN REVIEW REQUIRED,"Existing simulation selected one candidate (RVTR566933), but no safe disposition signal.",false
/Users/bobhopp/DJ MEDIA/VIDEO/1980's/Bobby McFerrin - Don't Worry Be Happy.mp4,Bobby McFerrin,Don't Worry Be Happy,RVTR373085,1,SAFE TITLE NOISE,Existing simulation selected one canonical candidate (RVTR373085); deterministic filename/tag noise.,true
/Users/bobhopp/DJ MEDIA/VIDEO/1980's/Suzanne Vega - Tom's Diner (DNA Remix).mp4,Suzanne Vega,Tom's Diner (DNA Remix),RVTR629546,1,DISTINCT RECORDING,Recording/version wording may identify a different recording.,false
/Users/bobhopp/DJ MEDIA/VIDEO/1990's/Phish - Sneakin' Sally Thru The Alley.mp4,Phish,Sneakin' Sally Thru The Alley,RVTR984915,1,SAFE TITLE NOISE,Existing simulation selected one canonical candidate (RVTR984915); deterministic filename/tag noise.,true
/Users/bobhopp/DJ MEDIA/VIDEO/1960's/The Dubliners - Seven Drunken Nights.mp4,The Dubliners,Seven Drunken Nights,RVTR403394,1,HUMAN REVIEW REQUIRED,"Existing simulation selected one candidate (RVTR403394), but no safe disposition signal.",false
/Users/bobhopp/DJ MEDIA/VIDEO/1970's/David Loggins - Please Come To Boston.mp4,David Loggins,Please Come To Boston,RVTR200278,1,HUMAN REVIEW REQUIRED,"Existing simulation selected one candidate (RVTR200278), but no safe disposition signal.",false
/Users/bobhopp/DJ MEDIA/VIDEO/1970's/The Eagles - Pretty Maids All In A Row.mp4,The Eagles,Pretty Maids All In A Row,RVTR631759,1,HUMAN REVIEW REQUIRED,"Existing simulation selected one candidate (RVTR631759), but no safe disposition signal.",false
/Users/bobhopp/DJ MEDIA/VIDEO/1970's/Johnny Cash - Ghost Riders In The Sky.mp4,Johnny Cash,Ghost Riders In The Sky,RVTR060622,1,HUMAN REVIEW REQUIRED,"Existing simulation selected one candidate (RVTR060622), but no safe disposition signal.",false
"/Volumes/DJ  MAIN/DJ MEDIA/VIDEO/2020's/26-Goose - Arcadia - 21419 St. Louis, MO.mp4",Goose,Arcadia,RVTR733177,1,HUMAN REVIEW REQUIRED,"Existing simulation selected one candidate (RVTR733177), but no safe disposition signal.",false
/Users/bobhopp/DJ MEDIA/VIDEO/TECHNO/Lifelike And Kris Menace - Discopolis.mp4,Lifelike And Kris Menace,Discopolis,RVTR102910,1,HUMAN REVIEW REQUIRED,"Existing simulation selected one candidate (RVTR102910), but no safe disposition signal.",false
/Users/bobhopp/DJ MEDIA/VIDEO/1960's/The Band (Staple Singers) - The Weight.mp4,The Band (Staple Singers),The Weight,RVTR306490,1,HUMAN REVIEW REQUIRED,"Existing simulation selected one candidate (RVTR306490), but no safe disposition signal.",false
/Users/bobhopp/DJ MEDIA/VIDEO/1980's/Red Hot Chili Peppers - Higher Ground.mp4,Red Hot Chili Peppers,Higher Ground,RVTR788084,1,HUMAN REVIEW REQUIRED,"Existing simulation selected one candidate (RVTR788084), but no safe disposition signal.",false
/Users/bobhopp/DJ MEDIA/VIDEO/1960's/The Mamas and The Papas - Creque Alley.mp4,The Mamas and The Papas,Creque Alley,RVTR029999,1,HUMAN REVIEW REQUIRED,"Existing simulation selected one candidate (RVTR029999), but no safe disposition signal.",false
/Users/bobhopp/DJ MEDIA/VIDEO/1990's/Russell Dickerson - Down on the Beach.mp4,Russell Dickerson,Down on the Beach,RVTR437348,1,HUMAN REVIEW REQUIRED,"Existing simulation selected one candidate (RVTR437348), but no safe disposition signal.",false
/Users/bobhopp/DJ MEDIA/VIDEO/1980's/Echo & The Bunnymen - The Killing Moon.mp4,Echo & The Bunnymen,The Killing Moon,RVTR051749,1,HUMAN REVIEW REQUIRED,"Existing simulation selected one candidate (RVTR051749), but no safe disposition signal.",false
/Users/bobhopp/DJ MEDIA/VIDEO/2000's/Dante Thomas F.Pras - Miss California.mp4,Dante Thomas F.Pras,Miss California,RVTR812567,1,HUMAN REVIEW REQUIRED,"Existing simulation selected one candidate (RVTR812567), but no safe disposition signal.",false
/Users/bobhopp/DJ MEDIA/VIDEO/2010's/Ludacris f._Nicki Minaj - My Chick Bad.mp4,Ludacris f./Nicki Minaj,My Chick Bad,RVTR955420,1,HUMAN REVIEW REQUIRED,"Existing simulation selected one candidate (RVTR955420), but no safe disposition signal.",false
/Users/bobhopp/DJ MEDIA/VIDEO/1990's/Stone Temple Pilots - Sex Type Thing.mp4,Stone Temple Pilots,Sex Type Thing,RVTR049633,1,HUMAN REVIEW REQUIRED,"Existing simulation selected one candidate (RVTR049633), but no safe disposition signal.",false
/Users/bobhopp/DJ MEDIA/VIDEO/1950's/Johnny Cash - Five Feet Hgh and Rising.mp4,Johnny Cash,Five Feet Hgh and Rising,RVTR863574,1,HUMAN REVIEW REQUIRED,"Existing simulation selected one candidate (RVTR863574), but no safe disposition signal.",false
/Users/bobhopp/DJ MEDIA/VIDEO/1960's/Aretha Franklin - Say A Little Prayer.mp4,Aretha Franklin,Say A Little Prayer,RVTR893202,1,HUMAN REVIEW REQUIRED,"Existing simulation selected one candidate (RVTR893202), but no safe disposition signal.",false
/Users/bobhopp/DJ MEDIA/VIDEO/1980's/Gary Glitter - Rock And Roll Part Two.mp4,Gary Glitter,Rock And Roll Part Two,RVTR844891,1,HUMAN REVIEW REQUIRED,"Existing simulation selected one candidate (RVTR844891), but no safe disposition signal.",false
/Users/bobhopp/DJ MEDIA/VIDEO/1980's/Joe Cocker - You Can Leave Your Hat On.mp4,Joe Cocker,You Can Leave Your Hat On,RVTR533696,1,HUMAN REVIEW REQUIRED,"Existing simulation selected one candidate (RVTR533696), but no safe disposition signal.",false
/Users/bobhopp/DJ MEDIA/VIDEO/2000's/The Saturdays - Just Can't Get Enough.mp4,The Saturdays,Just Can't Get Enough,RVTR359451,1,SAFE TITLE NOISE,Existing simulation selected one canonical candidate (RVTR359451); deterministic filename/tag noise.,true
/Users/bobhopp/DJ MEDIA/VIDEO/2000's/Bodyrockers - I Like The Way You Move.mp4,Bodyrockers,I Like The Way You Move,RVTR012410,1,HUMAN REVIEW REQUIRED,"Existing simulation selected one candidate (RVTR012410), but no safe disposition signal.",false
/Users/bobhopp/DJ MEDIA/VIDEO/COUNTRY/FILL/Parmalee & Blanco Brown - Just The Way.mp4,Parmalee & Blanco Brown,Just The Way,RVTR445491,1,HUMAN REVIEW REQUIRED,"Existing simulation selected one candidate (RVTR445491), but no safe disposition signal.",false
/Users/bobhopp/DJ MEDIA/VIDEO/1970's/Allman Brothers Band - Midnight Rider.mp4,Allman Brothers Band,Midnight Rider,RVTR167497,1,HUMAN REVIEW REQUIRED,"Existing simulation selected one candidate (RVTR167497), but no safe disposition signal.",false
/Users/bobhopp/DJ MEDIA/VIDEO/2010's/Miley Cyrus - Man Of Constant Sorrow.mp4,Miley Cyrus,Man Of Constant Sorrow,RVTR080819,1,HUMAN REVIEW REQUIRED,"Existing simulation selected one candidate (RVTR080819), but no safe disposition signal.",false
/Users/bobhopp/DJ MEDIA/VIDEO/COUNTRY/FILL/Merle Haggard - The Bottle Let Me Down.mp4,Merle Haggard,The Bottle Let Me Down,RVTR516519,1,HUMAN REVIEW REQUIRED,"Existing simulation selected one candidate (RVTR516519), but no safe disposition signal.",false
"/Volumes/DJ  MAIN/DJ MEDIA/VIDEO/2020's/51-Miss You, The Happiest Days of Our Lives, Another Brick in The Wall - Stones + Pink Floyd (cover).mp4",MilkNBones,"Miss You, The Happiest Days of Our Lives, Another Brick in The Wall",RVTR245781,1,SAFE TITLE NOISE,Existing simulation selected one canonical candidate (RVTR245781); deterministic filename/tag noise.,true
/Volumes/DJ  MAIN/DJ MEDIA/VIDEO/1970's/31-The Runaways - School Days (1977) • TopPop.mp4,The Runaways,School Days,RVTR090973,1,HUMAN REVIEW REQUIRED,"Existing simulation selected one candidate (RVTR090973), but no safe disposition signal.",false
/Users/bobhopp/DJ MEDIA/VIDEO/1980's/3rd Bass - Product Of The Environment.mp4,3rd Bass,Product Of The Environment,RVTR903477,1,HUMAN REVIEW REQUIRED,"Existing simulation selected one candidate (RVTR903477), but no safe disposition signal.",false
/Users/bobhopp/DJ MEDIA/VIDEO/1980's/Barry Manilow - Please Don t Be Scared.mp4,Barry Manilow,Please Don t Be Scared,RVTR601256,1,HUMAN REVIEW REQUIRED,"Existing simulation selected one candidate (RVTR601256), but no safe disposition signal.",false
/Users/bobhopp/DJ MEDIA/VIDEO/1990's/Stars On 54 - If You Could Read My Mind.mp4,Stars On 54,If You Could Read My Mind,RVTR121572,1,HUMAN REVIEW REQUIRED,"Existing simulation selected one candidate (RVTR121572), but no safe disposition signal.",false
/Users/bobhopp/DJ MEDIA/VIDEO/COUNTRY/FILL/Clay Walker - Anything To Do With You.mp4,Clay Walker,Anything To Do With You,RVTR147620,1,HUMAN REVIEW REQUIRED,"Existing simulation selected one candidate (RVTR147620), but no safe disposition signal.",false
/Volumes/DJ  MAIN/DJ MEDIA/VIDEO/2020's/15-Trump vs Talking Heads - Swedemason.mp4,Trump vs Talking Heads,Once In A Lifetime,RVTR347225,1,HUMAN REVIEW REQUIRED,"Existing simulation selected one candidate (RVTR347225), but no safe disposition signal.",false
/Users/bobhopp/DJ MEDIA/VIDEO/1980's/Belinda Carlisle - Circles In The Sand.mp4,Belinda Carlisle,Circles In The Sand,RVTR038571,1,HUMAN REVIEW REQUIRED,"Existing simulation selected one candidate (RVTR038571), but no safe disposition signal.",false
/Users/bobhopp/DJ MEDIA/VIDEO/2010's/Ghost of Paul Revere - This Is The End.mp4,Ghost of Paul Revere,This Is The End,RVTR927764,1,HUMAN REVIEW REQUIRED,"Existing simulation selected one candidate (RVTR927764), but no safe disposition signal.",false
/Users/bobhopp/DJ MEDIA/VIDEO/2010's/Lake Street Dive - You Go Down Smooth.mp4,Lake Street Dive,You Go Down Smooth,RVTR458120,1,HUMAN REVIEW REQUIRED,"Existing simulation selected one candidate (RVTR458120), but no safe disposition signal.",false
/Users/bobhopp/DJ MEDIA/VIDEO/COUNTRY/FILL/Rosanne Cash - Tennessee Flat Top Box.mp4,Rosanne Cash,Tennessee Flat Top Box,RVTR948340,1,HUMAN REVIEW REQUIRED,"Existing simulation selected one candidate (RVTR948340), but no safe disposition signal.",false
/Users/bobhopp/DJ MEDIA/VIDEO/1970's/The Band - When I Paint My Masterpiece.mp4,The Band,When I Paint My Masterpiece,RVTR074972,1,HUMAN REVIEW REQUIRED,"Existing simulation selected one candidate (RVTR074972), but no safe disposition signal.",false
/Users/bobhopp/DJ MEDIA/VIDEO/1980's/Love and Rockets - No New Tale To Tell.mp4,Love and Rockets,No New Tale To Tell,RVTR094504,1,HUMAN REVIEW REQUIRED,"Existing simulation selected one candidate (RVTR094504), but no safe disposition signal.",false
/Users/bobhopp/DJ MEDIA/VIDEO/1990's/Alanis Morissette - Hand In My Pocket.mp4,Alanis Morissette,Hand In My Pocket,RVTR020223,1,HUMAN REVIEW REQUIRED,"Existing simulation selected one candidate (RVTR020223), but no safe disposition signal.",false
/Users/bobhopp/DJ MEDIA/VIDEO/TECHNO/Janet Jackson - Doesn't Really Matter.mp4,Janet Jackson,Doesn't Really Matter,RVTR653126,1,SAFE TITLE NOISE,Existing simulation selected one canonical candidate (RVTR653126); deterministic filename/tag noise.,true
/Users/bobhopp/DJ MEDIA/VIDEO/2020's/Falling In Reverse - Voices In My Head.mp4,Falling In Reverse,Voices In My Head,RVTR344067,1,HUMAN REVIEW REQUIRED,"Existing simulation selected one candidate (RVTR344067), but no safe disposition signal.",false
/Users/bobhopp/DJ MEDIA/VIDEO/1980's/Platinum Blonde - Situation Critical.mp4,Platinum Blonde,Situation Critical,RVTR773013,1,HUMAN REVIEW REQUIRED,"Existing simulation selected one candidate (RVTR773013), but no safe disposition signal.",false
/Users/bobhopp/DJ MEDIA/VIDEO/1990's/The Eagles - Help Me Through The Night.mp4,The Eagles,Help Me Through The Night,RVTR069892,1,HUMAN REVIEW REQUIRED,"Existing simulation selected one candidate (RVTR069892), but no safe disposition signal.",false
/Users/bobhopp/DJ MEDIA/VIDEO/1980's/Men Without Hats - Pop Goes The World.mp4,Men Without Hats,Pop Goes The World,RVTR838500,1,HUMAN REVIEW REQUIRED,"Existing simulation selected one candidate (RVTR838500), but no safe disposition signal.",false
/Users/bobhopp/DJ MEDIA/VIDEO/1990's/Chaka Demus & Pliers - Twist and Shout.mp4,Chaka Demus & Pliers,Twist and Shout,RVTR102445,1,HUMAN REVIEW REQUIRED,"Existing simulation selected one candidate (RVTR102445), but no safe disposition signal.",false
/Users/bobhopp/DJ MEDIA/VIDEO/2000's/Waylon Jennings - Never Been to Spain.mp4,Waylon Jennings,Never Been to Spain,RVTR655947,1,HUMAN REVIEW REQUIRED,"Existing simulation selected one candidate (RVTR655947), but no safe disposition signal.",false
/Users/bobhopp/DJ MEDIA/VIDEO/1980's/Red Hot Chili Peppers - Behind The Sun.mp4,Red Hot Chili Peppers,Behind The Sun,RVTR862493,1,HUMAN REVIEW REQUIRED,"Existing simulation selected one candidate (RVTR862493), but no safe disposition signal.",false
/Users/bobhopp/DJ MEDIA/VIDEO/TECHNO/Mr. Hudson And Kanye West - Supernova.mp4,Mr. Hudson And Kanye West,Supernova,RVTR868781,1,HUMAN REVIEW REQUIRED,"Existing simulation selected one candidate (RVTR868781), but no safe disposition signal.",false
/Users/bobhopp/DJ MEDIA/VIDEO/1980's/Robert Palmer - Bad Case Of Loving You.mp4,Robert Palmer,Bad Case Of Loving You,RVTR019972,1,HUMAN REVIEW REQUIRED,"Existing simulation selected one candidate (RVTR019972), but no safe disposition signal.",false
/Users/bobhopp/DJ MEDIA/VIDEO/1980's/The Undertones - It's Going to Happen!.mp4,The Undertones,It's Going to Happen!,RVTR785581,1,SAFE TITLE NOISE,Existing simulation selected one canonical candidate (RVTR785581); deterministic filename/tag noise.,true
/Users/bobhopp/DJ MEDIA/VIDEO/1990's/Blessid Union Of Souls - Hey Leonardo.mp4,Blessid Union Of Souls,Hey Leonardo,RVTR841048,1,HUMAN REVIEW REQUIRED,"Existing simulation selected one candidate (RVTR841048), but no safe disposition signal.",false
/Users/bobhopp/DJ MEDIA/VIDEO/2010's/Big Time Rush - Til I Forget About You.mp4,Big Time Rush,Til I Forget About You,RVTR047312,1,HUMAN REVIEW REQUIRED,"Existing simulation selected one candidate (RVTR047312), but no safe disposition signal.",false
/Users/bobhopp/DJ MEDIA/VIDEO/2010's/Jay Sean f._Lil Wayne - Hit The Lights.mp4,Jay Sean f./Lil Wayne,Hit The Lights,RVTR059094,1,HUMAN REVIEW REQUIRED,"Existing simulation selected one candidate (RVTR059094), but no safe disposition signal.",false
/Users/bobhopp/DJ MEDIA/VIDEO/1950's/Billie Davis - I Want You To Be My Baby.mp4,Billie Davis,I Want You To Be My Baby,RVTR059373,1,HUMAN REVIEW REQUIRED,"Existing simulation selected one candidate (RVTR059373), but no safe disposition signal.",false
/Users/bobhopp/DJ MEDIA/VIDEO/2000's/Son of Dave - How To Make a Voodoo Doll.mp4,Son of Dave,How To Make a Voodoo Doll,RVTR354616,1,HUMAN REVIEW REQUIRED,"Existing simulation selected one candidate (RVTR354616), but no safe disposition signal.",false
/Users/bobhopp/DJ MEDIA/VIDEO/1970's/Grand Funk Railroad - I'm Your Captain.mp4,Grand Funk Railroad,I'm Your Captain,RVTR553961,1,SAFE TITLE NOISE,Existing simulation selected one canonical candidate (RVTR553961); deterministic filename/tag noise.,true
/Users/bobhopp/DJ MEDIA/VIDEO/1970's/Spinners - Working My Way Back To You.mp4,Spinners,Working My Way Back To You,RVTR041286,1,HUMAN REVIEW REQUIRED,"Existing simulation selected one candidate (RVTR041286), but no safe disposition signal.",false
/Users/bobhopp/DJ MEDIA/VIDEO/1960's/Steve Winwood - Can't Find My Way Home.mp4,Steve Winwood,Can't Find My Way Home,RVTR981237,1,SAFE TITLE NOISE,Existing simulation selected one canonical candidate (RVTR981237); deterministic filename/tag noise.,true
/Users/bobhopp/DJ MEDIA/VIDEO/1970's/KC & The Sunshine Band - Please Don t Go.mp4,KC & The Sunshine Band,Please Don t Go,RVTR956491,1,HUMAN REVIEW REQUIRED,"Existing simulation selected one candidate (RVTR956491), but no safe disposition signal.",false
/Users/bobhopp/DJ MEDIA/VIDEO/TECHNO/Johnny Cash - God's Gonna Cut You Down.mp4,Johnny Cash,God's Gonna Cut You Down,RVTR212554,1,SAFE TITLE NOISE,Existing simulation selected one canonical candidate (RVTR212554); deterministic filename/tag noise.,true
/Users/bobhopp/DJ MEDIA/VIDEO/1980's/Jump In The Saddle - The Curly Shuffle.mp4,Jump In The Saddle,The Curly Shuffle,RVTR266142,1,HUMAN REVIEW REQUIRED,"Existing simulation selected one candidate (RVTR266142), but no safe disposition signal.",false
/Users/bobhopp/DJ MEDIA/VIDEO/1950's/Johnny Horton - Battle Of New Orleans.mp4,Johnny Horton,Battle Of New Orleans,RVTR752419,1,HUMAN REVIEW REQUIRED,"Existing simulation selected one candidate (RVTR752419), but no safe disposition signal.",false
/Users/bobhopp/DJ MEDIA/VIDEO/1980's/John Anderson and Colt Ford - Swingin'.mp4,John Anderson and Colt Ford,Swingin',RVTR301526,1,SAFE TITLE NOISE,Existing simulation selected one canonical candidate (RVTR301526); deterministic filename/tag noise.,true
"/Users/bobhopp/DJ MEDIA/VIDEO/1960's/Delaney, Bonnie & Friends - Coming Home.mp4","Delaney, Bonnie & Friends",Coming Home,RVTR411825,1,HUMAN REVIEW REQUIRED,"Existing simulation selected one candidate (RVTR411825), but no safe disposition signal.",false
/Users/bobhopp/DJ MEDIA/VIDEO/COUNTRY/FILL/Johnny Paycheck - The Outlaw s Prayer.mp4,Johnny Paycheck,The Outlaw s Prayer,RVTR254586,1,HUMAN REVIEW REQUIRED,"Existing simulation selected one candidate (RVTR254586), but no safe disposition signal.",false
/Users/bobhopp/DJ MEDIA/VIDEO/TECHNO/Angels & Airwaves - Everything's Magic.mp4,Angels & Airwaves,Everything's Magic,RVTR855443,1,SAFE TITLE NOISE,Existing simulation selected one canonical candidate (RVTR855443); deterministic filename/tag noise.,true
/Users/bobhopp/DJ MEDIA/VIDEO/1960's/The Drifters - Twistin The Night Away.mp4,The Drifters,Twistin The Night Away,RVTR950506,1,HUMAN REVIEW REQUIRED,"Existing simulation selected one candidate (RVTR950506), but no safe disposition signal.",false
/Users/bobhopp/DJ MEDIA/VIDEO/1980's/Feargal Sharkey - Someone To Somebody.mp4,Feargal Sharkey,Someone To Somebody,RVTR409519,1,HUMAN REVIEW REQUIRED,"Existing simulation selected one candidate (RVTR409519), but no safe disposition signal.",false
/Users/bobhopp/DJ MEDIA/VIDEO/1970's/Bob Marley & The Wailers - Is This Love.mp4,Bob Marley,Is This Love,RVTR784498,1,HUMAN REVIEW REQUIRED,"Existing simulation selected one candidate (RVTR784498), but no safe disposition signal.",false
/Users/bobhopp/DJ MEDIA/VIDEO/2010's/Nelly f._T-Pain & Akon - Move That Body.mp4,Nelly f./T-Pain & Akon,Move That Body,RVTR230321,1,HUMAN REVIEW REQUIRED,"Existing simulation selected one candidate (RVTR230321), but no safe disposition signal.",false
/Users/bobhopp/DJ MEDIA/VIDEO/1990's/Spice Girls - Who Do You Think You Are.mp4,Spice Girls,Who Do You Think You Are,RVTR463582,1,HUMAN REVIEW REQUIRED,"Existing simulation selected one candidate (RVTR463582), but no safe disposition signal.",false
/Users/bobhopp/DJ MEDIA/VIDEO/2000's/T.I. & Justin Timberlake - Dead And Gone.mp4,T.I. & Justin Timberlake,Dead And Gone,RVTR651810,1,HUMAN REVIEW REQUIRED,"Existing simulation selected one candidate (RVTR651810), but no safe disposition signal.",false
/Users/bobhopp/DJ MEDIA/VIDEO/2010's/JD McPherson - Let the Good Times Roll.mp4,JD McPherson,Let the Good Times Roll,RVTR563571,1,HUMAN REVIEW REQUIRED,"Existing simulation selected one candidate (RVTR563571), but no safe disposition signal.",false
/Users/bobhopp/DJ MEDIA/VIDEO/2000's/Christina Aguilera - Come On Over Baby.mp4,Christina Aguilera,Come On Over Baby,RVTR648329,1,HUMAN REVIEW REQUIRED,"Existing simulation selected one candidate (RVTR648329), but no safe disposition signal.",false
/Users/bobhopp/DJ MEDIA/VIDEO/1950's/The Ross Sisters - Solid Potato Salad.mp4,The Ross Sisters,Solid Potato Salad,RVTR202747,1,HUMAN REVIEW REQUIRED,"Existing simulation selected one candidate (RVTR202747), but no safe disposition signal.",false
/Users/bobhopp/DJ MEDIA/VIDEO/1960's/The Beatles - Your Mother Should Know.mp4,The Beatles,Your Mother Should Know,RVTR068991,1,HUMAN REVIEW REQUIRED,"Existing simulation selected one candidate (RVTR068991), but no safe disposition signal.",false
/Users/bobhopp/DJ MEDIA/VIDEO/1970's/B.T. Express ‎ - Do It (Til You're Satisfied).mp4,B.T. Express ‎,Do It (Til You're Satisfied),RVTR299102,1,SAFE TITLE NOISE,Existing simulation selected one canonical candidate (RVTR299102); deterministic filename/tag noise.,true
/Users/bobhopp/DJ MEDIA/VIDEO/1970's/The Rolling Stones - Midnight Rambler.mp4,The Rolling Stones,Midnight Rambler,RVTR815056,1,HUMAN REVIEW REQUIRED,"Existing simulation selected one candidate (RVTR815056), but no safe disposition signal.",false
/Users/bobhopp/DJ MEDIA/VIDEO/1970's/Bad Company - Shooting Star (Acoustic).mp4,Bad Company,Shooting Star,RVTR022621,1,HUMAN REVIEW REQUIRED,"Existing simulation selected one candidate (RVTR022621), but no safe disposition signal.",false
/Users/bobhopp/DJ MEDIA/VIDEO/1980's/Huey Lewis And The News - If This Is It.mp4,Huey Lewis And The News,If This Is It,RVTR109818,1,HUMAN REVIEW REQUIRED,"Existing simulation selected one candidate (RVTR109818), but no safe disposition signal.",false
/Users/bobhopp/DJ MEDIA/VIDEO/1980's/Marc Almond & Bronski Beat - I Feel Love.mp4,Marc Almond & Bronski Beat,I Feel Love,RVTR318993,1,HUMAN REVIEW REQUIRED,"Existing simulation selected one candidate (RVTR318993), but no safe disposition signal.",false
/Users/bobhopp/DJ MEDIA/VIDEO/1980's/Tanita Tikaram - Twist In My Sobriety.mp4,Tanita Tikaram,Twist In My Sobriety,RVTR504583,1,HUMAN REVIEW REQUIRED,"Existing simulation selected one candidate (RVTR504583), but no safe disposition signal.",false
/Users/bobhopp/DJ MEDIA/VIDEO/1990's/MC 900 feat. Jesus - If I Only Had A Brain.mp4,MC 900 Ft. Jesus,If I Only Had A Brain,RVTR462153,1,HUMAN REVIEW REQUIRED,"Existing simulation selected one candidate (RVTR462153), but no safe disposition signal.",false
/Users/bobhopp/DJ MEDIA/VIDEO/2010's/T.I. feat. Young Thug - About The Money.MP4,T.I. Ft. Young Thug,About The Money,RVTR550834,1,HUMAN REVIEW REQUIRED,"Existing simulation selected one candidate (RVTR550834), but no safe disposition signal.",false
/Users/bobhopp/DJ MEDIA/VIDEO/1970's/Average White Band - Pick Up The Pieces.mp4,Average White Band,Pick Up The Pieces,RVTR772071,1,HUMAN REVIEW REQUIRED,"Existing simulation selected one candidate (RVTR772071), but no safe disposition signal.",false
/Users/bobhopp/DJ MEDIA/VIDEO/1980's/Digital Underground - Doowutchyalike.mp4,Digital Underground,Doowutchyalike,RVTR049491,1,HUMAN REVIEW REQUIRED,"Existing simulation selected one candidate (RVTR049491), but no safe disposition signal.",false
/Users/bobhopp/DJ MEDIA/VIDEO/1970's/Ted Nugent - Stranglehold.mp4,Ted Nugent,Stranglehold,RVTR492663,1,HUMAN REVIEW REQUIRED,"Existing simulation selected one candidate (RVTR492663), but no safe disposition signal.",false
/Users/bobhopp/DJ MEDIA/VIDEO/1990's/James Brown - Papa's Got A Brand New Bag.mp4,James Brown,Papa's Got A Brand New Bag,RVTR184474,1,SAFE TITLE NOISE,Existing simulation selected one canonical candidate (RVTR184474); deterministic filename/tag noise.,true
/Users/bobhopp/DJ MEDIA/VIDEO/2010's/Nina Nesbitt - The Moments I'm Missing.mp4,Nina Nesbitt,The Moments I'm Missing,RVTR697499,1,SAFE TITLE NOISE,Existing simulation selected one canonical candidate (RVTR697499); deterministic filename/tag noise.,true
/Users/bobhopp/DJ MEDIA/VIDEO/1980's/John Cougar Mellencamp - Jack And Diane.mp4,John Cougar Mellencamp,Jack And Diane,RVTR957086,1,HUMAN REVIEW REQUIRED,"Existing simulation selected one candidate (RVTR957086), but no safe disposition signal.",false
/Users/bobhopp/DJ MEDIA/VIDEO/1960's/Sam the Sham the Pharaos - Wooly Bully.mp4,Sam the Sham the Pharaos,Wooly Bully,RVTR797299,1,HUMAN REVIEW REQUIRED,"Existing simulation selected one candidate (RVTR797299), but no safe disposition signal.",false
/Users/bobhopp/DJ MEDIA/VIDEO/1980's/Alan Jackson - You'll Always Be My Baby.mp4,Alan Jackson,You'll Always Be My Baby,RVTR064363,1,SAFE TITLE NOISE,Existing simulation selected one canonical candidate (RVTR064363); deterministic filename/tag noise.,true
/Users/bobhopp/DJ MEDIA/VIDEO/2010's/Gangstagrass - Long Hard Times To Come.mp4,Gangstagrass,Long Hard Times To Come,RVTR422332,1,HUMAN REVIEW REQUIRED,"Existing simulation selected one candidate (RVTR422332), but no safe disposition signal.",false
/Users/bobhopp/DJ MEDIA/VIDEO/2010's/Shakira f._Lil Wayne - Give It Up To Me.mp4,Shakira f./Lil Wayne,Give It Up To Me,RVTR747061,1,HUMAN REVIEW REQUIRED,"Existing simulation selected one candidate (RVTR747061), but no safe disposition signal.",false
/Users/bobhopp/DJ MEDIA/VIDEO/1970's/The Jacksons - Even Though You're Gone.mp4,The Jacksons,Even Though You're Gone,RVTR386561,1,SAFE TITLE NOISE,Existing simulation selected one canonical candidate (RVTR386561); deterministic filename/tag noise.,true
/Users/bobhopp/DJ MEDIA/VIDEO/1980's/Toni Childs - Walk and Talk Like Angels.mp4,Toni Childs,Walk and Talk Like Angels,RVTR233290,1,HUMAN REVIEW REQUIRED,"Existing simulation selected one candidate (RVTR233290), but no safe disposition signal.",false
/Users/bobhopp/DJ MEDIA/VIDEO/1990's/Cypress Hill - When The Ship Goes Down.mp4,Cypress Hill,When The Ship Goes Down,RVTR065515,1,HUMAN REVIEW REQUIRED,"Existing simulation selected one candidate (RVTR065515), but no safe disposition signal.",false
/Users/bobhopp/DJ MEDIA/VIDEO/COUNTRY/FILL/Upchurch & Clay Walker - A Little While.mp4,Upchurch & Clay Walker,A Little While,RVTR704957,1,HUMAN REVIEW REQUIRED,"Existing simulation selected one candidate (RVTR704957), but no safe disposition signal.",false
/Users/bobhopp/DJ MEDIA/VIDEO/1990's/Stevie Nicks - Edge of Seventeen (Live).mp4,Stevie Nicks,Edge of Seventeen (Live),RVTR721592,1,SAFE TITLE NOISE,Existing simulation selected one canonical candidate (RVTR721592); deterministic filename/tag noise.,true
/Users/bobhopp/DJ MEDIA/VIDEO/1970's/The Hollies - Long Cool Woman.mp4,The Hollies,Long Cool Woman,RVTR906591,1,HUMAN REVIEW REQUIRED,"Existing simulation selected one candidate (RVTR906591), but no safe disposition signal.",false
/Users/bobhopp/DJ MEDIA/VIDEO/2010's/Sia feat. Kendrick Lamar - The Greatest.mp4,Sia Ft. Kendrick Lamar,The Greatest,RVTR260529,1,HUMAN REVIEW REQUIRED,"Existing simulation selected one candidate (RVTR260529), but no safe disposition signal.",false
/Users/bobhopp/DJ MEDIA/VIDEO/1990's/The R&B All Stars - Take Me To The River.mp4,The R&B All Stars,Take Me To The River,RVTR051519,1,HUMAN REVIEW REQUIRED,"Existing simulation selected one candidate (RVTR051519), but no safe disposition signal.",false
/Users/bobhopp/DJ MEDIA/VIDEO/1970's/Jimmy Page - Since I've Been Loving You.mp4,Jimmy Page,Since I've Been Loving You,RVTR377182,1,SAFE TITLE NOISE,Existing simulation selected one canonical candidate (RVTR377182); deterministic filename/tag noise.,true
/Users/bobhopp/DJ MEDIA/VIDEO/2000's/Kitty Daisy & Lewis - Going Up Country.mp4,Kitty Daisy & Lewis,Going Up Country,RVTR973421,1,HUMAN REVIEW REQUIRED,"Existing simulation selected one candidate (RVTR973421), but no safe disposition signal.",false
/Users/bobhopp/DJ MEDIA/VIDEO/1960's/Slim Gaillard & His Trio - Dunkin' Bagel.mp4,Slim Gaillard & His Trio,Dunkin' Bagel,RVTR951959,1,SAFE TITLE NOISE,Existing simulation selected one canonical candidate (RVTR951959); deterministic filename/tag noise.,true
/Users/bobhopp/DJ MEDIA/VIDEO/1980's/The Buggles - Living In The Plastic Age.mp4,The Buggles,Living In The Plastic Age,RVTR404088,1,HUMAN REVIEW REQUIRED,"Existing simulation selected one candidate (RVTR404088), but no safe disposition signal.",false
/Users/bobhopp/DJ MEDIA/VIDEO/1990's/Joan Jett - Have You Ever Seen The Rain.mp4,Joan Jett,Have You Ever Seen The Rain,RVTR325631,1,HUMAN REVIEW REQUIRED,"Existing simulation selected one candidate (RVTR325631), but no safe disposition signal.",false
/Users/bobhopp/DJ MEDIA/VIDEO/TECHNO/Blondie Vs. The Doors - Rapture Riders.mp4,Blondie Vs. The Doors,Rapture Riders,RVTR451411,1,HUMAN REVIEW REQUIRED,"Existing simulation selected one candidate (RVTR451411), but no safe disposition signal.",false
/Users/bobhopp/DJ MEDIA/VIDEO/1990's/Monica - Before You Walk Out Of My Life.mp4,Monica,Before You Walk Out Of My Life,RVTR590984,1,HUMAN REVIEW REQUIRED,"Existing simulation selected one candidate (RVTR590984), but no safe disposition signal.",false
/Users/bobhopp/DJ MEDIA/VIDEO/2010's/Pitbull f._Marc Anthony - Rain Over Me.mp4,Pitbull f./Marc Anthony,Rain Over Me,RVTR260612,1,HUMAN REVIEW REQUIRED,"Existing simulation selected one candidate (RVTR260612), but no safe disposition signal.",false
/Users/bobhopp/DJ MEDIA/VIDEO/TECHNO/Lenny Kravitz - If I Could Fall In Love.mp4,Lenny Kravitz,If I Could Fall In Love,RVTR427104,1,HUMAN REVIEW REQUIRED,"Existing simulation selected one candidate (RVTR427104), but no safe disposition signal.",false
/Users/bobhopp/DJ MEDIA/VIDEO/TECHNO/Paul Oakenfold - Starry Eyed Surprise.mp4,Paul Oakenfold,Starry Eyed Surprise,RVTR538506,1,HUMAN REVIEW REQUIRED,"Existing simulation selected one candidate (RVTR538506), but no safe disposition signal.",false
/Users/bobhopp/DJ MEDIA/VIDEO/1980's/John Cougar Mellencamp - Hurts So Good.mp4,John Cougar Mellencamp,Hurts So Good,RVTR262763,1,HUMAN REVIEW REQUIRED,"Existing simulation selected one candidate (RVTR262763), but no safe disposition signal.",false
/Users/bobhopp/DJ MEDIA/VIDEO/1990's/Queen - These Are The Days Of Our Lives.mp4,Queen,These Are The Days Of Our Lives,RVTR980181,1,HUMAN REVIEW REQUIRED,"Existing simulation selected one candidate (RVTR980181), but no safe disposition signal.",false
/Users/bobhopp/DJ MEDIA/VIDEO/2010's/Them Dirty Roses - Cocaine and Whiskey.mp4,Them Dirty Roses,Cocaine and Whiskey,RVTR704636,1,HUMAN REVIEW REQUIRED,"Existing simulation selected one candidate (RVTR704636), but no safe disposition signal.",false
/Users/bobhopp/DJ MEDIA/VIDEO/1970's/The Guess Who - Takin' Care Of Business.mp4,The Guess Who, Takin' Care Of Business,RVTR110908,1,SAFE TITLE NOISE,Existing simulation selected one canonical candidate (RVTR110908); deterministic filename/tag noise.,true
/Users/bobhopp/DJ MEDIA/VIDEO/1980's/Joy Division - Love Will Tear Us Apart.mp4,Joy Division,Love Will Tear Us Apart,RVTR209533,1,HUMAN REVIEW REQUIRED,"Existing simulation selected one candidate (RVTR209533), but no safe disposition signal.",false
/Users/bobhopp/DJ MEDIA/VIDEO/1990's/Ini Kamoze - Here Comes The Hotstepper.mp4,Ini Kamoze,Here Comes The Hotstepper,RVTR135296,1,HUMAN REVIEW REQUIRED,"Existing simulation selected one candidate (RVTR135296), but no safe disposition signal.",false
/Users/bobhopp/DJ MEDIA/VIDEO/1990's/The Psychedelic Furs - Until She Comes.mp4,The Psychedelic Furs,Until She Comes,RVTR773216,1,HUMAN REVIEW REQUIRED,"Existing simulation selected one candidate (RVTR773216), but no safe disposition signal.",false
/Users/bobhopp/DJ MEDIA/VIDEO/TECHNO/Narcotic Thrust - When The Dawn Breaks.mp4,Narcotic Thrust,When The Dawn Breaks,RVTR578711,1,HUMAN REVIEW REQUIRED,"Existing simulation selected one candidate (RVTR578711), but no safe disposition signal.",false
/Users/bobhopp/DJ MEDIA/VIDEO/1970's/Bob Marley & The Wailers - Exodus (Live).mp4,Bob Marley,Exodus (Live),RVTR362144,1,SAFE TITLE NOISE,Existing simulation selected one canonical candidate (RVTR362144); deterministic filename/tag noise.,true
/Users/bobhopp/DJ MEDIA/VIDEO/2000's/Jane's Addiction - Been Caught Stealing.mp4,Jane's Addiction,Been Caught Stealing,RVTR368019,1,HUMAN REVIEW REQUIRED,"Existing simulation selected one candidate (RVTR368019), but no safe disposition signal.",false
/Users/bobhopp/DJ MEDIA/VIDEO/1970's/The Temptations - Just My Imagination.mp4,The Temptations,Just My Imagination,RVTR119636,1,HUMAN REVIEW REQUIRED,"Existing simulation selected one candidate (RVTR119636), but no safe disposition signal.",false
/Users/bobhopp/DJ MEDIA/VIDEO/1980's/Sandie Shaw & The Smiths - Hand In Glove.mp4,Sandie Shaw & The Smiths,Hand In Glove,RVTR573426,1,HUMAN REVIEW REQUIRED,"Existing simulation selected one candidate (RVTR573426), but no safe disposition signal.",false
/Users/bobhopp/DJ MEDIA/VIDEO/1990's/ZZ Top - Beer Drinkers and Hellraisers.mp4,ZZ Top,Beer Drinkers and Hellraisers,RVTR699724,1,HUMAN REVIEW REQUIRED,"Existing simulation selected one candidate (RVTR699724), but no safe disposition signal.",false
/Users/bobhopp/DJ MEDIA/VIDEO/2010's/Ozzy Osbourne - Let Me Hear You Scream.mp4,Ozzy Osbourne,Let Me Hear You Scream,RVTR630584,1,HUMAN REVIEW REQUIRED,"Existing simulation selected one candidate (RVTR630584), but no safe disposition signal.",false
/Users/bobhopp/DJ MEDIA/VIDEO/1960's/The Rolling Stones - Around and Around.mp4,The Rolling Stones,Around and Around,RVTR645354,1,HUMAN REVIEW REQUIRED,"Existing simulation selected one candidate (RVTR645354), but no safe disposition signal.",false
/Users/bobhopp/DJ MEDIA/VIDEO/1970's/Tony Orlando & Dawn - Knock Three Times.mp4,Tony Orlando & Dawn,Knock Three Times,RVTR906506,1,HUMAN REVIEW REQUIRED,"Existing simulation selected one candidate (RVTR906506), but no safe disposition signal.",false
/Users/bobhopp/DJ MEDIA/VIDEO/2000's/Amy Winehouse - Tears Dry On Their Own.MP4,Amy Winehouse,Tears Dry On Their Own,RVTR383289,1,HUMAN REVIEW REQUIRED,"Existing simulation selected one candidate (RVTR383289), but no safe disposition signal.",false
/Users/bobhopp/DJ MEDIA/VIDEO/2000's/Pink Floyd - Wish You Were Here (Pulse).mp4,Pink Floyd,Wish You Were Here (Pulse),RVTR730742,1,SAFE TITLE NOISE,Existing simulation selected one canonical candidate (RVTR730742); deterministic filename/tag noise.,true
/Users/bobhopp/DJ MEDIA/VIDEO/1970's/Barry Manilow - Copacabana (At the Copa).mp4,Barry Manilow,Copacabana,RVTR397620,1,HUMAN REVIEW REQUIRED,"Existing simulation selected one candidate (RVTR397620), but no safe disposition signal.",false
/Users/bobhopp/DJ MEDIA/VIDEO/1980's/Nena - 99 Luftballoons (German version).mp4,Nena,99 Luftballoons (German version),RVTR653685,1,SAFE TITLE NOISE,Existing simulation selected one canonical candidate (RVTR653685); deterministic filename/tag noise.,true
/Users/bobhopp/DJ MEDIA/VIDEO/1980's/Echo and the Bunnymen - Lips Like Sugar.mp4,Echo and the Bunnymen,Lips Like Sugar,RVTR641833,1,HUMAN REVIEW REQUIRED,"Existing simulation selected one candidate (RVTR641833), but no safe disposition signal.",false
/Users/bobhopp/DJ MEDIA/VIDEO/1980's/Culture Club - Time (Clock Of The Heart).mp4,Culture Club,Time (Clock Of The Heart),RVTR906757,1,SAFE TITLE NOISE,Existing simulation selected one canonical candidate (RVTR906757); deterministic filename/tag noise.,true
/Users/bobhopp/DJ MEDIA/VIDEO/1960's/Elvis Presley - His Latest Flame Remix.mp4,Elvis Presley,His Latest Flame Remix,RVTR784906,1,DISTINCT RECORDING,Recording/version wording may identify a different recording.,false
/Users/bobhopp/DJ MEDIA/VIDEO/1980's/Billy Ocean - When The Going Gets Tough.mp4,Billy Ocean,When The Going Gets Tough,RVTR593558,1,HUMAN REVIEW REQUIRED,"Existing simulation selected one candidate (RVTR593558), but no safe disposition signal.",false
/Users/bobhopp/DJ MEDIA/VIDEO/1980's/Roger Waters & Sinead O'Connor - Mother.mp4,Roger Waters & Sinead O'Connor,Mother,RVTR935083,1,HUMAN REVIEW REQUIRED,"Existing simulation selected one candidate (RVTR935083), but no safe disposition signal.",false
/Users/bobhopp/DJ MEDIA/VIDEO/1960's/Eric Burdon and The Animals - Sky Pilot.mp4,Eric Burdon and The Animals,Sky Pilot,RVTR481091,1,HUMAN REVIEW REQUIRED,"Existing simulation selected one candidate (RVTR481091), but no safe disposition signal.",false
/Users/bobhopp/DJ MEDIA/VIDEO/1970's/Alive and Kicking - Tighter and Tighter.mp4,Alive and Kicking,Tighter and Tighter.,RVTR781768,1,SAFE TITLE NOISE,Existing simulation selected one canonical candidate (RVTR781768); deterministic filename/tag noise.,true
/Users/bobhopp/DJ MEDIA/VIDEO/1990's/Chemical Brothers - Block Rockin' Beats.mp4,Chemical Brothers,Block Rockin' Beats,RVTR978570,1,SAFE TITLE NOISE,Existing simulation selected one canonical candidate (RVTR978570); deterministic filename/tag noise.,true
/Users/bobhopp/DJ MEDIA/VIDEO/1980's/Robbie Robertson - Showdown At Big Sky.mp4,Robbie Robertson,Showdown At Big Sky,RVTR137494,1,HUMAN REVIEW REQUIRED,"Existing simulation selected one candidate (RVTR137494), but no safe disposition signal.",false
/Users/bobhopp/DJ MEDIA/VIDEO/2010's/Santana - While My Guitar Gently Weeps.mp4,Santana,While My Guitar Gently Weeps,RVTR901630,1,HUMAN REVIEW REQUIRED,"Existing simulation selected one candidate (RVTR901630), but no safe disposition signal.",false
/Users/bobhopp/DJ MEDIA/VIDEO/2010's/Rihanna F.Calvin Harris - We Found Love.mp4,Rihanna f./Calvin Harris,We Found Love,RVTR097262,1,HUMAN REVIEW REQUIRED,"Existing simulation selected one candidate (RVTR097262), but no safe disposition signal.",false
/Users/bobhopp/DJ MEDIA/VIDEO/1960's/Ray Charles - Hit the Road Jack (SNL 1996).mp4,Ray Charles,Hit the Road Jack,RVTR510057,1,HUMAN REVIEW REQUIRED,"Existing simulation selected one candidate (RVTR510057), but no safe disposition signal.",false
/Users/bobhopp/DJ MEDIA/VIDEO/1990's/Siouxsie And The Banshees - Shadowtime.mp4,Siouxsie And The Banshees,Shadowtime,RVTR305111,1,HUMAN REVIEW REQUIRED,"Existing simulation selected one candidate (RVTR305111), but no safe disposition signal.",false
"/Users/bobhopp/DJ MEDIA/VIDEO/1970's/Warren Zevon - Lawyers, Guns and Money.mp4",Warren Zevon,"Lawyers, Guns and Money",RVTR589122,1,SAFE TITLE NOISE,Existing simulation selected one canonical candidate (RVTR589122); deterministic filename/tag noise.,true
/Users/bobhopp/DJ MEDIA/VIDEO/1980's/Huey Lewis And The News - Jacob s Ladder.mp4,Huey Lewis And The News,Jacob s Ladder,RVTR641433,1,HUMAN REVIEW REQUIRED,"Existing simulation selected one candidate (RVTR641433), but no safe disposition signal.",false
/Users/bobhopp/DJ MEDIA/VIDEO/1990's/Transvision Vamp - If Looks Could Kill.mp4,Transvision Vamp,If Looks Could Kill,RVTR519442,1,HUMAN REVIEW REQUIRED,"Existing simulation selected one candidate (RVTR519442), but no safe disposition signal.",false
/Users/bobhopp/DJ MEDIA/VIDEO/2020's/feat. MacKenzie Porter - Thinking ‘Bout You.mp4,feat. MacKenzie Porter,Thinking ‘Bout You,RVTR908216,1,HUMAN REVIEW REQUIRED,"Existing simulation selected one candidate (RVTR908216), but no safe disposition signal.",false
"/Users/bobhopp/DJ MEDIA/VIDEO/COUNTRY/FILL/George Jackson - Aretha, Sing One For Me.MP4",George Jackson,"Aretha, Sing One For Me",RVTR203461,1,SAFE TITLE NOISE,Existing simulation selected one canonical candidate (RVTR203461); deterministic filename/tag noise.,true
/Users/bobhopp/DJ MEDIA/VIDEO/2000's/Santana F.Michelle Branch - Game Of Love.mp4,Santana F.Michelle Branch,Game Of Love,RVTR341537,1,HUMAN REVIEW REQUIRED,"Existing simulation selected one candidate (RVTR341537), but no safe disposition signal.",false
/Users/bobhopp/DJ MEDIA/VIDEO/2010's/Trey Songz f._Nicki Minaj - Bottoms Up.mp4,Trey Songz f./Nicki Minaj,Bottoms Up,RVTR260600,1,HUMAN REVIEW REQUIRED,"Existing simulation selected one candidate (RVTR260600), but no safe disposition signal.",false
/Users/bobhopp/DJ MEDIA/VIDEO/1980's/Tom Petty & The Heartbreakers - Refugee.mp4,Tom Petty & The Heartbreakers,Refugee,RVTR887642,1,HUMAN REVIEW REQUIRED,"Existing simulation selected one candidate (RVTR887642), but no safe disposition signal.",false
/Users/bobhopp/DJ MEDIA/VIDEO/1960's/The Mamas and The Papas - Twelve Thirty.mp4,The Mamas and The Papas,Twelve Thirty,RVTR639694,1,HUMAN REVIEW REQUIRED,"Existing simulation selected one candidate (RVTR639694), but no safe disposition signal.",false
/Users/bobhopp/DJ MEDIA/VIDEO/1970's/Pentangle - Will The Circle Be Unbroken.mp4,Pentangle,Will The Circle Be Unbroken,RVTR106394,1,HUMAN REVIEW REQUIRED,"Existing simulation selected one candidate (RVTR106394), but no safe disposition signal.",false
/Users/bobhopp/DJ MEDIA/VIDEO/COUNTRY/FILL/Garth Brooks - If Tomorrow Never Comes.mp4,Garth Brooks,If Tomorrow Never Comes,RVTR305557,1,HUMAN REVIEW REQUIRED,"Existing simulation selected one candidate (RVTR305557), but no safe disposition signal.",false
/Users/bobhopp/DJ MEDIA/VIDEO/2010's/J. Cole f._Trey Songz - Can't Get Enough.mp4,J. Cole f./Trey Songz,Can't Get Enough,RVTR441211,1,SAFE TITLE NOISE,Existing simulation selected one canonical candidate (RVTR441211); deterministic filename/tag noise.,true
/Users/bobhopp/DJ MEDIA/VIDEO/1990's/Crystal Bowersox - She Talks To Angels.MP4,Crystal Bowersox,She Talks To Angels,RVTR942412,1,HUMAN REVIEW REQUIRED,"Existing simulation selected one candidate (RVTR942412), but no safe disposition signal.",false
/Users/bobhopp/DJ MEDIA/VIDEO/2010's/Sean Paul f._Alexis Jordan - Got 2 Luv U.mp4,Sean Paul f./Alexis Jordan,Got 2 Luv U,RVTR061133,1,HUMAN REVIEW REQUIRED,"Existing simulation selected one candidate (RVTR061133), but no safe disposition signal.",false
/Users/bobhopp/DJ MEDIA/VIDEO/1990's/Nick Cave & The Bad Seeds - Red Right Hand.mp4,Nick Cave & The Bad Seeds,Red Right Hand,RVTR565510,1,HUMAN REVIEW REQUIRED,"Existing simulation selected one candidate (RVTR565510), but no safe disposition signal.",false
/Users/bobhopp/DJ MEDIA/VIDEO/1980's/They Might Be Giants - Don t Let s Start.mp4,They Might Be Giants,Don t Let s Start,RVTR766463,1,HUMAN REVIEW REQUIRED,"Existing simulation selected one candidate (RVTR766463), but no safe disposition signal.",false
/Users/bobhopp/DJ MEDIA/VIDEO/1980's/Tina Turner - Are You Breaking My Heart.mp4,Tina Turner,Are You Breaking My Heart,RVTR834853,1,HUMAN REVIEW REQUIRED,"Existing simulation selected one candidate (RVTR834853), but no safe disposition signal.",false
/Users/bobhopp/DJ MEDIA/VIDEO/2000's/Usher F.Young Jeezy - Love In This Club.mp4,Usher F.Young Jeezy,Love In This Club,RVTR509347,1,HUMAN REVIEW REQUIRED,"Existing simulation selected one candidate (RVTR509347), but no safe disposition signal.",false
/Users/bobhopp/DJ MEDIA/VIDEO/1980's/Dire Straits - Private Investigations.mp4,Dire Straits,Private Investigations,RVTR629116,1,HUMAN REVIEW REQUIRED,"Existing simulation selected one candidate (RVTR629116), but no safe disposition signal.",false
/Users/bobhopp/DJ MEDIA/VIDEO/1980's/Evelyn 'Champagne' King - Love Come Down.mp4,Evelyn 'Champagne' King,Love Come Down,RVTR217929,1,HUMAN REVIEW REQUIRED,"Existing simulation selected one candidate (RVTR217929), but no safe disposition signal.",false
/Users/bobhopp/DJ MEDIA/VIDEO/1970's/AC:DC - Hells Bells (Live at River Plate).mp4,AC/DC,Hells Bells,RVTR086604,1,HUMAN REVIEW REQUIRED,"Existing simulation selected one candidate (RVTR086604), but no safe disposition signal.",false
/Users/bobhopp/DJ MEDIA/VIDEO/1970's/King Harvest - Dancing In The Moonlight.mp4,Dancin' in the Moonlight,King Harvest   The Midnight Special,RVTR318932,1,HUMAN REVIEW REQUIRED,"Existing simulation selected one candidate (RVTR318932), but no safe disposition signal.",false
/Users/bobhopp/DJ MEDIA/VIDEO/2000's/Keri Hilson feat. Lil Wayne - Turn Me On.mp4,Keri Hilson feat. Lil Wayne,Turn Me On,RVTR999101,1,HUMAN REVIEW REQUIRED,"Existing simulation selected one candidate (RVTR999101), but no safe disposition signal.",false
/Users/bobhopp/DJ MEDIA/VIDEO/2010's/Bad Meets Evil f._Bruno Mars - Lighters.mp4,Bad Meets Evil f./Bruno Mars,Lighters,RVTR725703,1,HUMAN REVIEW REQUIRED,"Existing simulation selected one candidate (RVTR725703), but no safe disposition signal.",false
/Users/bobhopp/DJ MEDIA/VIDEO/1970's/David Bowie - The Man Who Sold The World.mp4,David Bowie,The Man Who Sold The World,RVTR392694,1,HUMAN REVIEW REQUIRED,"Existing simulation selected one candidate (RVTR392694), but no safe disposition signal.",false
/Users/bobhopp/DJ MEDIA/VIDEO/1980's/The Blues Brothers - Sweet Home Chicago.mp4,The Blues Brothers,Sweet Home Chicago,RVTR597656,1,HUMAN REVIEW REQUIRED,"Existing simulation selected one candidate (RVTR597656), but no safe disposition signal.",false
/Users/bobhopp/DJ MEDIA/VIDEO/1990's/Alice In Chains - Down In A Hole (MTV 1996).mp4,Alice In Chains,Down In A Hole (MTV 1996),RVTR209687,1,SAFE TITLE NOISE,Existing simulation selected one canonical candidate (RVTR209687); deterministic filename/tag noise.,true
/Users/bobhopp/DJ MEDIA/VIDEO/1990's/Captain Hollywood Project - More & More.mp4,Captain Hollywood Project,More & More,RVTR067584,1,SAFE TITLE NOISE,Existing simulation selected one canonical candidate (RVTR992691); deterministic filename/tag noise.,true
/Users/bobhopp/DJ MEDIA/VIDEO/2010's/Enrique Iglesias f._Pitbull - I Like It.mp4,Enrique Iglesias f./Pitbull,I Like It,RVTR217402,1,HUMAN REVIEW REQUIRED,"Existing simulation selected one candidate (RVTR217402), but no safe disposition signal.",false
/Users/bobhopp/DJ MEDIA/VIDEO/1970's/The Temptations - Can't Get Next To You.mp4,The Temptations,Can't Get Next To You,RVTR974030,1,SAFE TITLE NOISE,Existing simulation selected one canonical candidate (RVTR974030); deterministic filename/tag noise.,true
"/Users/bobhopp/DJ MEDIA/VIDEO/1990's/Jimmy Page, Robert Plant - Gallows Pole.mp4","Jimmy Page, Robert Plant",Gallows Pole,RVTR637291,1,HUMAN REVIEW REQUIRED,"Existing simulation selected one candidate (RVTR637291), but no safe disposition signal.",false
"/Users/bobhopp/DJ MEDIA/VIDEO/TECHNO/Mancini, Henri - Pink Panther Theme, The.mp4","Mancini, Henri","Pink Panther Theme, The",RVTR980313,1,SAFE TITLE NOISE,Existing simulation selected one canonical candidate (RVTR980313); deterministic filename/tag noise.,true
/Users/bobhopp/DJ MEDIA/VIDEO/1990's/Guns N Roses - Knocking On Heavens Door.mp4,Guns N Roses,Knocking On Heavens Door,RVTR794679,1,HUMAN REVIEW REQUIRED,"Existing simulation selected one candidate (RVTR794679), but no safe disposition signal.",false
/Users/bobhopp/DJ MEDIA/VIDEO/1990's/Lenny Kravitz - Are You Gonna Go My Way.mp4,Lenny Kravitz,Are You Gonna Go My Way,RVTR155113,1,HUMAN REVIEW REQUIRED,"Existing simulation selected one candidate (RVTR155113), but no safe disposition signal.",false
/Users/bobhopp/DJ MEDIA/VIDEO/2000's/Santana F.Alex Band - Why Don't You And I.mp4,Santana F.Alex Band,Why Don't You And I,RVTR518944,1,SAFE TITLE NOISE,Existing simulation selected one canonical candidate (RVTR518944); deterministic filename/tag noise.,true
/Users/bobhopp/DJ MEDIA/VIDEO/2010's/Big Time Rush f._Snoop Dogg - Boyfriend.mp4,Big Time Rush f./Snoop Dogg,Boyfriend,RVTR971796,1,HUMAN REVIEW REQUIRED,"Existing simulation selected one candidate (RVTR971796), but no safe disposition signal.",false
/Users/bobhopp/DJ MEDIA/VIDEO/1960's/Astrud Gilberto - The Girl From Ipanema.mp4,Astrud Gilberto,The Girl From Ipanema,RVTR100835,1,HUMAN REVIEW REQUIRED,"Existing simulation selected one candidate (RVTR100835), but no safe disposition signal.",false
/Users/bobhopp/DJ MEDIA/VIDEO/1970's/Livin' It Up (Friday Night) - Bell & James.mp4,Livin' It Up (Friday Night),Bell & James,RVTR987336,0,NO CANONICAL CANDIDATE,No canonical candidate selected by the existing simulation.,false
/Users/bobhopp/DJ MEDIA/VIDEO/1990's/Anthrax & Public Enemy - Bring The Noise.mp4,Anthrax & Public Enemy,Bring The Noise,RVTR215786,1,HUMAN REVIEW REQUIRED,"Existing simulation selected one candidate (RVTR215786), but no safe disposition signal.",false
/Users/bobhopp/DJ MEDIA/VIDEO/2000's/Dave Matthews Band - What Would You Say.mp4,Dave Matthews Band,What Would You Say,RVTR182295,1,HUMAN REVIEW REQUIRED,"Existing simulation selected one candidate (RVTR182295), but no safe disposition signal.",false
/Users/bobhopp/DJ MEDIA/VIDEO/2000's/Travis Tritt - Long Haired Country Boy.mp4,Travis Tritt,Long Haired Country Boy,RVTR094837,1,HUMAN REVIEW REQUIRED,"Existing simulation selected one candidate (RVTR094837), but no safe disposition signal.",false
/Users/bobhopp/DJ MEDIA/VIDEO/1960's/The Velvet Underground - Venus In Furs.mp4,The Velvet Underground,Venus In Furs,RVTR422131,1,HUMAN REVIEW REQUIRED,"Existing simulation selected one candidate (RVTR422131), but no safe disposition signal.",false
/Users/bobhopp/DJ MEDIA/VIDEO/TECHNO/Run DMC vs Jason Nevins - It's Like That.mp4,Run DMC vs Jason Nevins,It's Like That,RVTR808116,1,SAFE TITLE NOISE,Existing simulation selected one canonical candidate (RVTR808116); deterministic filename/tag noise.,true
/Users/bobhopp/DJ MEDIA/VIDEO/COUNTRY/FILL/Nitty Gritty Dirt Band - Forever Young.mp4,Nitty Gritty Dirt Band,Forever Young,RVTR034094,1,HUMAN REVIEW REQUIRED,"Existing simulation selected one candidate (RVTR034094), but no safe disposition signal.",false
/Users/bobhopp/DJ MEDIA/VIDEO/1980's/AC_DC - Shoot To Thrill (Live Iron Man 2).mp4,AC/DC,Shoot To Thrill [Live Iron Man 2],RVTR958326,1,SAFE TITLE NOISE,Existing simulation selected one canonical candidate (RVTR958326); deterministic filename/tag noise.,true
/Users/bobhopp/DJ MEDIA/VIDEO/1970's/Dolly Parton - Love Is Like a Butterfly.mp4,Dolly Parton,Love Is Like a Butterfly,RVTR384073,1,HUMAN REVIEW REQUIRED,"Existing simulation selected one candidate (RVTR384073), but no safe disposition signal.",false
/Users/bobhopp/DJ MEDIA/VIDEO/TECHNO/Rooney - When Did Your Heart Go Missing.mp4,Rooney,When Did Your Heart Go Missing,RVTR178544,1,HUMAN REVIEW REQUIRED,"Existing simulation selected one candidate (RVTR178544), but no safe disposition signal.",false
/Users/bobhopp/DJ MEDIA/VIDEO/COUNTRY/FILL/Willie Nelson And Bob Dylan - Hard Times.mp4,Willie Nelson And Bob Dylan,Hard Times,RVTR095889,1,HUMAN REVIEW REQUIRED,"Existing simulation selected one candidate (RVTR095889), but no safe disposition signal.",false
/Users/bobhopp/DJ MEDIA/VIDEO/TECHNO/Queens Of The Stone Age - Burn The Witch.mp4,Queens Of The Stone Age,Burn The Witch,RVTR354973,1,HUMAN REVIEW REQUIRED,"Existing simulation selected one candidate (RVTR354973), but no safe disposition signal.",false
/Users/bobhopp/DJ MEDIA/VIDEO/COUNTRY/FILL/Alan Jackson - Chasin' That Neon Rainbow.mp4,Alan Jackson,Chasin' That Neon Rainbow,RVTR638337,1,SAFE TITLE NOISE,Existing simulation selected one canonical candidate (RVTR638337); deterministic filename/tag noise.,true
/Users/bobhopp/DJ MEDIA/VIDEO/1990's/Red Hot Chili Peppers - Soul To Squeeze.mp4,Red Hot Chili Peppers,Soul To Squeeze,RVTR948850,1,HUMAN REVIEW REQUIRED,"Existing simulation selected one candidate (RVTR948850), but no safe disposition signal.",false
/Users/bobhopp/DJ MEDIA/VIDEO/2000's/Whitney Houston - Star Spangled Banner.mp4,Whitney Houston,Star Spangled Banner,RVTR761135,1,HUMAN REVIEW REQUIRED,"Existing simulation selected one candidate (RVTR761135), but no safe disposition signal.",false
/Users/bobhopp/DJ MEDIA/VIDEO/TECHNO/Vhs Or Beta - Can't Believe A Single Word.mp4,Vhs Or Beta,Can't Believe A Single Word,RVTR771475,1,SAFE TITLE NOISE,Existing simulation selected one canonical candidate (RVTR771475); deterministic filename/tag noise.,true
"/Users/bobhopp/DJ MEDIA/VIDEO/TECHNO/Sinclar, Bob f.Cutee B - Sound Of Freedom.mp4","Sinclar, Bob f.Cutee B",Sound Of Freedom,RVTR545469,1,HUMAN REVIEW REQUIRED,"Existing simulation selected one candidate (RVTR545469), but no safe disposition signal.",false
/Users/bobhopp/DJ MEDIA/VIDEO/1980's/The Blues Brothers - The Jailhouse Rock.mp4,The Blues Brothers,The Jailhouse Rock,RVTR406728,1,HUMAN REVIEW REQUIRED,"Existing simulation selected one candidate (RVTR406728), but no safe disposition signal.",false
/Users/bobhopp/DJ MEDIA/VIDEO/1980's/George Thorogood - House of Blue Lights.mp4,George Thorogood,House of Blue Lights,RVTR115196,1,HUMAN REVIEW REQUIRED,"Existing simulation selected one candidate (RVTR115196), but no safe disposition signal.",false
/Users/bobhopp/DJ MEDIA/VIDEO/1980's/Huey Lewis And The News - Heart And Soul.mp4,Huey Lewis And The News,Heart And Soul,RVTR524649,1,HUMAN REVIEW REQUIRED,"Existing simulation selected one candidate (RVTR524649), but no safe disposition signal.",false
/Users/bobhopp/DJ MEDIA/VIDEO/1990's/Lauryn Hill - Ex-Factor (Live - With Rap).MP4,Lauryn Hill - Ex-Factor (Live,With Rap),RVTR336926,1,SAFE TITLE NOISE,Existing simulation selected one canonical candidate (RVTR336926); deterministic filename/tag noise.,true
/Users/bobhopp/DJ MEDIA/VIDEO/2020's/Thee Sacred Souls - Can I Call You Rose_.mp4,Thee Sacred Souls,Can I Call You Rose?,RVTR079633,1,SAFE TITLE NOISE,Existing simulation selected one canonical candidate (RVTR079633); deterministic filename/tag noise.,true
/Users/bobhopp/DJ MEDIA/VIDEO/1960's/Paul Revere & The Raiders - All About Her.mp4,Paul Revere & The Raiders,All About Her,RVTR194370,1,HUMAN REVIEW REQUIRED,"Existing simulation selected one candidate (RVTR194370), but no safe disposition signal.",false
/Users/bobhopp/DJ MEDIA/VIDEO/1980's/Lani Hall and Herb Alpert - Come What May.mp4,Lani Hall and Herb Alpert,Come What May,RVTR773259,1,HUMAN REVIEW REQUIRED,"Existing simulation selected one candidate (RVTR773259), but no safe disposition signal.",false
/Users/bobhopp/DJ MEDIA/VIDEO/1990's/Backstreet Boys - As Long As You Love Me.mp4,Backstreet Boys,As Long As You Love Me,RVTR346954,1,HUMAN REVIEW REQUIRED,"Existing simulation selected one candidate (RVTR346954), but no safe disposition signal.",false
/Users/bobhopp/DJ MEDIA/VIDEO/1990's/Brothers Osborne - I'm Not For Everyone.mp4,Brothers Osborne,I'm Not For Everyone,RVTR988261,1,SAFE TITLE NOISE,Existing simulation selected one canonical candidate (RVTR988261); deterministic filename/tag noise.,true
/Users/bobhopp/DJ MEDIA/VIDEO/1990's/A Tribe Called Quest - Check The Rhyme.mp4,A Tribe Called Quest,Check The Rhyme,RVTR028018,1,HUMAN REVIEW REQUIRED,"Existing simulation selected one candidate (RVTR028018), but no safe disposition signal.",false
/Users/bobhopp/DJ MEDIA/VIDEO/1980's/Eddie And The Cruisers - On the Dark Side.mp4,Eddie And The Cruisers,On the Dark Side,RVTR499802,1,HUMAN REVIEW REQUIRED,"Existing simulation selected one candidate (RVTR499802), but no safe disposition signal.",false
/Users/bobhopp/DJ MEDIA/VIDEO/1980's/Feargal Sharkey - Listen To Your Father.mp4,Feargal Sharkey,Listen To Your Father,RVTR168507,1,HUMAN REVIEW REQUIRED,"Existing simulation selected one candidate (RVTR168507), but no safe disposition signal.",false
/Users/bobhopp/DJ MEDIA/VIDEO/1990's/The Velvet Underground - Pale Blue Eyes.mp4,The Velvet Underground,Pale Blue Eyes,RVTR250453,1,HUMAN REVIEW REQUIRED,"Existing simulation selected one candidate (RVTR250453), but no safe disposition signal.",false
/Users/bobhopp/DJ MEDIA/VIDEO/2010's/Big Sean feat. E-40 - I Don't Fuck With You.mp4,Big Sean Ft. E-40,I Don't Fuck With You,RVTR516558,1,SAFE TITLE NOISE,Existing simulation selected one canonical candidate (RVTR516558); deterministic filename/tag noise.,true
/Users/bobhopp/DJ MEDIA/VIDEO/1970's/Michael Jackson - I'll Be There (Acapella).mp4,Michael Jackson,I'll Be There (Acapella),RVTR579292,1,SAFE TITLE NOISE,Existing simulation selected one canonical candidate (RVTR579292); deterministic filename/tag noise.,true
/Users/bobhopp/DJ MEDIA/VIDEO/1980's/Daryl Hall & John Oates - Kiss on My List.mp4,Daryl Hall & John Oates,Kiss on My List,RVTR879509,1,HUMAN REVIEW REQUIRED,"Existing simulation selected one candidate (RVTR879509), but no safe disposition signal.",false
/Users/bobhopp/DJ MEDIA/VIDEO/1990's/Cherry Poppin' Daddies - Zoot Suit Riot.mp4,Cherry Poppin' Daddies,Zoot Suit Riot,RVTR040040,1,HUMAN REVIEW REQUIRED,"Existing simulation selected one candidate (RVTR040040), but no safe disposition signal.",false
/Users/bobhopp/DJ MEDIA/VIDEO/1980's/Judas Priest - The Hellion  Electric Eye.mp4,Judas Priest,The Hellion  Electric Eye,RVTR345620,1,HUMAN REVIEW REQUIRED,"Existing simulation selected one candidate (RVTR345620), but no safe disposition signal.",false
"/Users/bobhopp/DJ MEDIA/VIDEO/2000's/Dan Auerbach - Heartbroken, In Disrepair.mp4",Dan Auerbach,"Heartbroken, In Disrepair",RVTR410891,1,SAFE TITLE NOISE,Existing simulation selected one canonical candidate (RVTR410891); deterministic filename/tag noise.,true
"/Users/bobhopp/DJ MEDIA/VIDEO/COUNTRY/FILL/Kelsea Ballerini, Lany - i Quit Drinking.mp4","Kelsea Ballerini, Lany",i Quit Drinking,RVTR931281,1,HUMAN REVIEW REQUIRED,"Existing simulation selected one candidate (RVTR931281), but no safe disposition signal.",false
/Users/bobhopp/DJ MEDIA/VIDEO/2020's/Paramore - Burning Down The House (Live).mp4,Paramore,Burning Down The House (Live),RVTR896402,1,SAFE TITLE NOISE,Existing simulation selected one canonical candidate (RVTR896402); deterministic filename/tag noise.,true
/Users/bobhopp/DJ MEDIA/VIDEO/1970's/Waylon Jennings - I Could Get Off On You.mp4,Waylon Jennings,I Could Get Off On You,RVTR005365,1,HUMAN REVIEW REQUIRED,"Existing simulation selected one candidate (RVTR005365), but no safe disposition signal.",false
/Users/bobhopp/DJ MEDIA/VIDEO/2000's/Donavon Frankenreiter - It Don't Matter.mp4,Donavon Frankenreiter,It Don't Matter,RVTR175886,1,SAFE TITLE NOISE,Existing simulation selected one canonical candidate (RVTR175886); deterministic filename/tag noise.,true
/Users/bobhopp/DJ MEDIA/VIDEO/1950's/The Hullabaloos - I'm Gonna Love You Too.mp4,The Hullabaloos,I'm Gonna Love You Too,RVTR778315,1,SAFE TITLE NOISE,Existing simulation selected one canonical candidate (RVTR778315); deterministic filename/tag noise.,true
/Users/bobhopp/DJ MEDIA/VIDEO/1970's/KC & The Sunshine Band - Get Down Tonight.mp4,KC & The Sunshine Band,Get Down Tonight,RVTR643247,1,HUMAN REVIEW REQUIRED,"Existing simulation selected one candidate (RVTR643247), but no safe disposition signal.",false
/Users/bobhopp/DJ MEDIA/VIDEO/1970's/Lionel Richie - Easy (2000) (Live Extended).mp4,Lionel Richie,Easy (Live Extended)(2000),RVTR092672,1,SAFE TITLE NOISE,Existing simulation selected one canonical candidate (RVTR092672); deterministic filename/tag noise.,true
/Users/bobhopp/DJ MEDIA/VIDEO/2010's/Eminem f._Rihanna - Love The Way You Lie.mp4,Eminem f./Rihanna,Love The Way You Lie,RVTR597220,1,HUMAN REVIEW REQUIRED,"Existing simulation selected one candidate (RVTR597220), but no safe disposition signal.",false
/Users/bobhopp/DJ MEDIA/VIDEO/2000's/Greg Street feat. Nappy Roots - Good Day.mp4,Greg Street ft. Nappy Roots,Good Day,RVTR659212,1,HUMAN REVIEW REQUIRED,"Existing simulation selected one candidate (RVTR659212), but no safe disposition signal.",false
/Users/bobhopp/DJ MEDIA/VIDEO/2000's/Jordin Sparks  With Chris Brown - No Air.mp4,Jordin Sparks  With Chris Brown,No Air,RVTR262291,1,HUMAN REVIEW REQUIRED,"Existing simulation selected one candidate (RVTR262291), but no safe disposition signal.",false
/Users/bobhopp/DJ MEDIA/VIDEO/2010's/Stone Temple Pilots - Between The Lines.mp4,Stone Temple Pilots,Between The Lines,RVTR800314,1,HUMAN REVIEW REQUIRED,"Existing simulation selected one candidate (RVTR800314), but no safe disposition signal.",false
/Users/bobhopp/DJ MEDIA/VIDEO/COUNTRY/FILL/Brantley Gilbert - Kick It In The Sticks.mp4,Brantley Gilbert,Kick It In The Sticks,RVTR821748,1,HUMAN REVIEW REQUIRED,"Existing simulation selected one candidate (RVTR821748), but no safe disposition signal.",false
/Users/bobhopp/DJ MEDIA/VIDEO/TECHNO/Village People - 5 O'clock In The Morning.mp4,Village People,5 O'clock In The Morning,RVTR098827,1,SAFE TITLE NOISE,Existing simulation selected one canonical candidate (RVTR098827); deterministic filename/tag noise.,true
/Users/bobhopp/DJ MEDIA/VIDEO/1950's/Cab Calloway - St. James Infirmary Blues.mp4,Cab Calloway,St. James Infirmary Blues,RVTR160225,1,SAFE TITLE NOISE,Existing simulation selected one canonical candidate (RVTR160225); deterministic filename/tag noise.,true
/Users/bobhopp/DJ MEDIA/VIDEO/2020's/Breland feat. Keith Urban - Throw It Back.mp4,Breland feat. Keith Urban,Throw It Back,RVTR679560,1,HUMAN REVIEW REQUIRED,"Existing simulation selected one candidate (RVTR679560), but no safe disposition signal.",false
/Users/bobhopp/DJ MEDIA/VIDEO/1960's/Sly & The Family Stone - Everyday People.mp4,Sly & The Family Stone,Everyday People,RVTR836442,1,HUMAN REVIEW REQUIRED,"Existing simulation selected one candidate (RVTR836442), but no safe disposition signal.",false
/Users/bobhopp/DJ MEDIA/VIDEO/1970's/Five Stairsteps - Ooh Child (Soul Train).mp4,Five Stairsteps,Ooh Child (Soul Train),RVTR852418,1,SAFE TITLE NOISE,Existing simulation selected one canonical candidate (RVTR852418); deterministic filename/tag noise.,true
/Users/bobhopp/DJ MEDIA/VIDEO/1990's/Toad The Wet Sprocket - Good Intentions.mp4,Toad The Wet Sprocket,Good Intentions,RVTR446505,1,HUMAN REVIEW REQUIRED,"Existing simulation selected one candidate (RVTR446505), but no safe disposition signal.",false
/Users/bobhopp/DJ MEDIA/VIDEO/TECHNO/Puff Daddy - It's All About The Benjamins.mp4,Puff Daddy,It's All About The Benjamins,RVTR758682,1,SAFE TITLE NOISE,Existing simulation selected one canonical candidate (RVTR758682); deterministic filename/tag noise.,true
/Users/bobhopp/DJ MEDIA/VIDEO/1980's/Jefferson Starship - We Built This City.mp4,Jefferson Starship,We Built This City,RVTR606756,1,HUMAN REVIEW REQUIRED,"Existing simulation selected one candidate (RVTR606756), but no safe disposition signal.",false
/Users/bobhopp/DJ MEDIA/VIDEO/2020's/Russell Dickerson - Beauty and the Beach.mp4,Russell Dickerson,Beauty and the Beach,RVTR766580,1,HUMAN REVIEW REQUIRED,"Existing simulation selected one candidate (RVTR766580), but no safe disposition signal.",false
/Users/bobhopp/DJ MEDIA/VIDEO/2010's/The Black Keys - Little Black Submarines.mp4,The Black Keys,Little Black Submarines,RVTR152961,1,HUMAN REVIEW REQUIRED,"Existing simulation selected one candidate (RVTR152961), but no safe disposition signal.",false
/Users/bobhopp/DJ MEDIA/VIDEO/2010's/Whole Lotta Folsom - The Surreal McCoys.mp4,Whole Lotta Folsom,The Surreal McCoys,RVTR367171,1,HUMAN REVIEW REQUIRED,"Existing simulation selected one candidate (RVTR367171), but no safe disposition signal.",false
/Users/bobhopp/DJ MEDIA/VIDEO/2020's/The Surreal McCoys - Whole Lotta Folsom.mp4,The Surreal McCoys,Whole Lotta Folsom,RVTR518063,1,HUMAN REVIEW REQUIRED,"Existing simulation selected one candidate (RVTR518063), but no safe disposition signal.",false
/Users/bobhopp/DJ MEDIA/VIDEO/1990's/The Cure - Boys Don t Cry (MTV Unplugged).mp4,The Cure,Boys Don t Cry (MTV Unplugged),RVTR314375,1,SAFE TITLE NOISE,Existing simulation selected one canonical candidate (RVTR314375); deterministic filename/tag noise.,true
/Users/bobhopp/DJ MEDIA/VIDEO/1980's/Tony Orlando & Dawn - Tie A Yellow Ribbon.mp4,Tony Orlando & Dawn,Tie A Yellow Ribbon,RVTR050096,1,HUMAN REVIEW REQUIRED,"Existing simulation selected one candidate (RVTR050096), but no safe disposition signal.",false
/Users/bobhopp/DJ MEDIA/VIDEO/2000's/Ciara Justin Timberlake - Love Sex Magic.mp4,Ciara Justin Timberlake,Love Sex Magic,RVTR141942,1,HUMAN REVIEW REQUIRED,"Existing simulation selected one candidate (RVTR141942), but no safe disposition signal.",false
/Users/bobhopp/DJ MEDIA/VIDEO/2000's/Primus - Those Damn Two Collar Tweekers.mp4,Primus,Those Damn Two Collar Tweekers,RVTR317151,1,HUMAN REVIEW REQUIRED,"Existing simulation selected one candidate (RVTR317151), but no safe disposition signal.",false
/Users/bobhopp/DJ MEDIA/VIDEO/1970's/Steve Miller Band - Rockin Me  (1997) (Live).mp4,Steve Miller Band,Rockin Me (Live) (1997),RVTR641128,1,SAFE TITLE NOISE,Existing simulation selected one canonical candidate (RVTR641128); deterministic filename/tag noise.,true
/Users/bobhopp/DJ MEDIA/VIDEO/1980's/Rockpile w Robert Plant - Little Sister.mp4,Rockpile w Robert Plant,Little Sister,RVTR609182,1,HUMAN REVIEW REQUIRED,"Existing simulation selected one candidate (RVTR609182), but no safe disposition signal.",false
/Users/bobhopp/DJ MEDIA/VIDEO/1970's/Outlaws - Green Grass And High Tides(2007).mp4,Outlaws,Green Grass And High Tides(2007),RVTR245483,1,SAFE TITLE NOISE,Existing simulation selected one canonical candidate (RVTR245483); deterministic filename/tag noise.,true
"/Users/bobhopp/DJ MEDIA/VIDEO/COUNTRY/FILL/Kenny Wayne Shepherd - Last Goodbye, The.mp4",Kenny Wayne Shepherd,"Last Goodbye, The",RVTR469911,1,SAFE TITLE NOISE,Existing simulation selected one canonical candidate (RVTR469911); deterministic filename/tag noise.,true
/Users/bobhopp/DJ MEDIA/VIDEO/2010's/New Boyz f._The Cataracs & Dev - Back Seat.mp4,New Boyz f./The Cataracs & Dev,Back Seat,RVTR518918,1,HUMAN REVIEW REQUIRED,"Existing simulation selected one candidate (RVTR518918), but no safe disposition signal.",false
/Users/bobhopp/DJ MEDIA/VIDEO/1980's/Cyndi Lauper - Girls Just Wanna Have Fun.mp4,Cyndi Lauper,Girls Just Wanna Have Fun,RVTR040451,1,HUMAN REVIEW REQUIRED,"Existing simulation selected one candidate (RVTR040451), but no safe disposition signal.",false
/Users/bobhopp/DJ MEDIA/VIDEO/1950's/Sister Rosetta Tharpe - Up Above My Head.mp4,Sister Rosetta Tharpe,Up Above My Head,RVTR082700,1,HUMAN REVIEW REQUIRED,"Existing simulation selected one candidate (RVTR082700), but no safe disposition signal.",false
/Users/bobhopp/DJ MEDIA/VIDEO/1970's/Bad Company - Bad Company (Hard Rock Live).mp4,Bad Company,Bad Company,RVTR336525,1,HUMAN REVIEW REQUIRED,"Existing simulation selected one candidate (RVTR336525), but no safe disposition signal.",false
/Users/bobhopp/DJ MEDIA/VIDEO/1980's/Human League - Fascination (Keep Feeling).mp4,Human League,(Keep Feeling) Fascination,RVTR820645,1,SAFE TITLE NOISE,Existing simulation selected one canonical candidate (RVTR820645); deterministic filename/tag noise.,true
/Users/bobhopp/DJ MEDIA/VIDEO/TECHNO/Mariah Carey - Bringin' On The Heartbreak.mp4,Mariah Carey,Bringin' On The Heartbreak,RVTR414000,1,SAFE TITLE NOISE,Existing simulation selected one canonical candidate (RVTR414000); deterministic filename/tag noise.,true
/Users/bobhopp/DJ MEDIA/VIDEO/TECHNO/Paris Avenue feat. Robin One - I Want You.mp4,Paris Avenue Feat Robin One,I Want You,RVTR049738,1,HUMAN REVIEW REQUIRED,"Existing simulation selected one candidate (RVTR049738), but no safe disposition signal.",false
/Users/bobhopp/DJ MEDIA/VIDEO/1980's/Conway Twitty - I'd Love to Lay You Down.mp4,Conway Twitty,I'd Love to Lay You Down,RVTR140055,1,SAFE TITLE NOISE,Existing simulation selected one canonical candidate (RVTR140055); deterministic filename/tag noise.,true
/Users/bobhopp/DJ MEDIA/VIDEO/1980's/John Denver & Plácido Domingo - Perhaps Love.mp4,John Denver & Plácido Domingo,Perhaps Love,RVTR120956,1,HUMAN REVIEW REQUIRED,"Existing simulation selected one candidate (RVTR120956), but no safe disposition signal.",false
/Users/bobhopp/DJ MEDIA/VIDEO/1950's/Buddy Holly - Not Fade Away and Peggy Sue.mp4,Buddy Holly,Not Fade Away and Peggy Sue,RVTR669766,1,HUMAN REVIEW REQUIRED,"Existing simulation selected one candidate (RVTR669766), but no safe disposition signal.",false
/Users/bobhopp/DJ MEDIA/VIDEO/1990's/The Highwaymen - Ghost Riders In The Sky.mp4,The Highwaymen,Ghost Riders In The Sky,RVTR670335,1,HUMAN REVIEW REQUIRED,"Existing simulation selected one candidate (RVTR670335), but no safe disposition signal.",false
/Users/bobhopp/DJ MEDIA/VIDEO/2010's/Cobra Starship f._Sabi - You Make Me Feel.mp4,Cobra Starship f./Sabi,You Make Me Feel...,RVTR497437,1,SAFE TITLE NOISE,Existing simulation selected one canonical candidate (RVTR497437); deterministic filename/tag noise.,true
/Users/bobhopp/DJ MEDIA/VIDEO/1950's/Nowhere Boys - In Spite Of All The Danger.mp4,Nowhere Boys,In Spite Of All The Danger,RVTR344079,1,HUMAN REVIEW REQUIRED,"Existing simulation selected one candidate (RVTR344079), but no safe disposition signal.",false
/Users/bobhopp/DJ MEDIA/VIDEO/1990's/Chaka Demus & Pliers - I'll Be Missing You.mp4,Chaka Demus & Pliers,I'll Be Missing You,RVTR592603,1,SAFE TITLE NOISE,Existing simulation selected one canonical candidate (RVTR592603); deterministic filename/tag noise.,true
/Users/bobhopp/DJ MEDIA/VIDEO/2000's/Missy Elliott F.Ludacris - Gossip Folks.mp4,Missy Elliott F.Ludacris,Gossip Folks,RVTR232034,1,HUMAN REVIEW REQUIRED,"Existing simulation selected one candidate (RVTR232034), but no safe disposition signal.",false
/Users/bobhopp/DJ MEDIA/VIDEO/1960's/Dean Martin - Ain't That A Kick In The Head.mp4,Dean Martin,Ain't That A Kick In The Head,RVTR869554,1,SAFE TITLE NOISE,Existing simulation selected one canonical candidate (RVTR869554); deterministic filename/tag noise.,true
/Users/bobhopp/DJ MEDIA/VIDEO/1960's/Grand Funk Railroad - Inside Looking Out.mp4,Grand Funk Railroad,Inside Looking Out,RVTR202017,1,HUMAN REVIEW REQUIRED,"Existing simulation selected one candidate (RVTR202017), but no safe disposition signal.",false
/Users/bobhopp/DJ MEDIA/VIDEO/COUNTRY/FILL/Waylon Jennings - I've Always Been Crazy.mp4,Waylon Jennings,I've Always Been Crazy,RVTR596382,1,SAFE TITLE NOISE,Existing simulation selected one canonical candidate (RVTR596382); deterministic filename/tag noise.,true
/Users/bobhopp/DJ MEDIA/VIDEO/COUNTRY/FILL/Clay Walker - She Likes it in The Morning.mp4,Clay Walker,She Likes it in The Morning,RVTR704022,1,HUMAN REVIEW REQUIRED,"Existing simulation selected one candidate (RVTR704022), but no safe disposition signal.",false
/Users/bobhopp/DJ MEDIA/VIDEO/1950's/Glenn Miller - I've Got a Gal in Kalamazoo.mp4,Glenn Miller,I've Got a Gal in Kalamazoo,RVTR154336,1,SAFE TITLE NOISE,Existing simulation selected one canonical candidate (RVTR154336); deterministic filename/tag noise.,true
/Users/bobhopp/DJ MEDIA/VIDEO/1960's/The Jimi Hendrix Experience - Foxey Lady.mp4,The Jimi Hendrix Experience,Foxey Lady,RVTR467531,1,HUMAN REVIEW REQUIRED,"Existing simulation selected one candidate (RVTR467531), but no safe disposition signal.",false
/Users/bobhopp/DJ MEDIA/VIDEO/2010's/Kelly Rowland f._Lil Wayne - Motivation.mp4,Kelly Rowland f./Lil Wayne,Motivation,RVTR150987,1,HUMAN REVIEW REQUIRED,"Existing simulation selected one candidate (RVTR150987), but no safe disposition signal.",false
/Users/bobhopp/DJ MEDIA/VIDEO/1980's/Jon and Vangelis - The Fiends Of Mr. Cairo.mp4,Jon and Vangelis,The Fiends Of Mr. Cairo,RVTR027428,1,SAFE TITLE NOISE,Existing simulation selected one canonical candidate (RVTR027428); deterministic filename/tag noise.,true
/Users/bobhopp/DJ MEDIA/VIDEO/1970's/Dr Hook - Cover Of The Rolling Stone (1972).mp4,Dr. Hook,Cover Of The Rolling Stone (1972),RVTR829340,1,DISTINCT RECORDING,Recording/version wording may identify a different recording.,false
/Users/bobhopp/DJ MEDIA/VIDEO/1970's/Paul McCartney and Wings - Let Me Roll It.mp4,Paul McCartney and Wings,Let Me Roll It,RVTR115825,1,HUMAN REVIEW REQUIRED,"Existing simulation selected one candidate (RVTR115825), but no safe disposition signal.",false
/Users/bobhopp/DJ MEDIA/VIDEO/1980's/Bronski Beat and Marc Almond - I Feel Love.mp4,Bronski Beat and Marc Almond,I Feel Love,RVTR497284,1,HUMAN REVIEW REQUIRED,"Existing simulation selected one candidate (RVTR497284), but no safe disposition signal.",false
"/Users/bobhopp/DJ MEDIA/VIDEO/TECHNO/Bedingfield, Daniel - Gotta Get Thru This.mp4","Bedingfield, Daniel",Gotta Get Thru This,RVTR602337,1,HUMAN REVIEW REQUIRED,"Existing simulation selected one candidate (RVTR602337), but no safe disposition signal.",false
/Users/bobhopp/DJ MEDIA/VIDEO/1960's/The Beatles - You're Gonna Lose That Girl.mp4,The Beatles,You're Gonna Lose That Girl,RVTR248827,1,SAFE TITLE NOISE,Existing simulation selected one canonical candidate (RVTR248827); deterministic filename/tag noise.,true
/Users/bobhopp/DJ MEDIA/VIDEO/1970's/Pat Travers Band - Boom Boom Out Go The Lights.mp4,Pat Travers Band,Boom Boom Out Go The Lights,RVTR139072,1,HUMAN REVIEW REQUIRED,"Existing simulation selected one candidate (RVTR139072), but no safe disposition signal.",false
/Users/bobhopp/DJ MEDIA/VIDEO/1980's/Blues Brothers - Ghost Riders In The Sky.mp4,Blues Brothers,Ghost Riders In The Sky,RVTR731613,1,HUMAN REVIEW REQUIRED,"Existing simulation selected one candidate (RVTR731613), but no safe disposition signal.",false
/Users/bobhopp/DJ MEDIA/VIDEO/2010's/Taio Cruz f._Ludacris - Break Your Heart.mp4,Taio Cruz f./Ludacris,Break Your Heart,RVTR955632,1,HUMAN REVIEW REQUIRED,"Existing simulation selected one candidate (RVTR955632), but no safe disposition signal.",false
/Users/bobhopp/DJ MEDIA/VIDEO/1960's/Frank Sinatra - The Way You Look Tonight.mp4,Frank Sinatra,The Way You Look Tonight,RVTR437849,1,HUMAN REVIEW REQUIRED,"Existing simulation selected one candidate (RVTR437849), but no safe disposition signal.",false
/Users/bobhopp/DJ MEDIA/VIDEO/1980's/The Velvet Underground - Stephanie Says.mp4,The Velvet Underground,Stephanie Says,RVTR970899,1,HUMAN REVIEW REQUIRED,"Existing simulation selected one candidate (RVTR970899), but no safe disposition signal.",false
/Users/bobhopp/DJ MEDIA/VIDEO/1980's/DJ Jazzy Jeff & The Fresh Prince - Beatbox.mp4,DJ Jazzy Jeff & The Fresh Prince,Beatbox,RVTR480675,1,HUMAN REVIEW REQUIRED,"Existing simulation selected one candidate (RVTR480675), but no safe disposition signal.",false
/Users/bobhopp/DJ MEDIA/VIDEO/1960's/Question Mark & The Mysterians - 96 Tears.mp4,Question Mark & The Mysterians,96 Tears,RVTR789754,1,HUMAN REVIEW REQUIRED,"Existing simulation selected one candidate (RVTR789754), but no safe disposition signal.",false
/Users/bobhopp/DJ MEDIA/VIDEO/1980's/Ultravox - Dancing With Tears in My Eyes.mp4,Ultravox,Dancing With Tears in My Eyes,RVTR221120,1,HUMAN REVIEW REQUIRED,"Existing simulation selected one candidate (RVTR221120), but no safe disposition signal.",false
/Users/bobhopp/DJ MEDIA/VIDEO/2010's/Brenda Lee - Rockin' Around The Christmas.mp4,Brenda Lee,Rockin' Around The Christmas,RVTR844613,1,SAFE TITLE NOISE,Existing simulation selected one canonical candidate (RVTR844613); deterministic filename/tag noise.,true
/Users/bobhopp/DJ MEDIA/VIDEO/1970's/Shu ba Da Du Ma Ma Ma Ma - Steve Miller Band.mp4,Shu ba Da Du Ma Ma Ma Ma,Steve Miller Band,RVTR853785,1,HUMAN REVIEW REQUIRED,"Existing simulation selected one candidate (RVTR853785), but no safe disposition signal.",false
"/Users/bobhopp/DJ MEDIA/VIDEO/2000's/Korn - Another Brick in the Wall, Pt. 1, 2, 3.mp4",Korn,"Another Brick in the Wall, Pt. 1, 2, 3",RVTR961417,1,SAFE TITLE NOISE,Existing simulation selected one canonical candidate (RVTR961417); deterministic filename/tag noise.,true
/Users/bobhopp/DJ MEDIA/VIDEO/1990's/Amy with Vince Gill Grant - House Of Love.mp4,Amy with Vince Gill Grant,House Of Love,RVTR251167,1,HUMAN REVIEW REQUIRED,"Existing simulation selected one candidate (RVTR251167), but no safe disposition signal.",false
/Users/bobhopp/DJ MEDIA/VIDEO/1970's/Steely Dan Rikki - Don't Lose That Number.mp4,Steely Dan Rikki,Don't Lose That Number,RVTR565900,1,SAFE TITLE NOISE,Existing simulation selected one canonical candidate (RVTR565900); deterministic filename/tag noise.,true
"/Users/bobhopp/DJ MEDIA/VIDEO/1980's/Andrea True Connection - More, More, More.mp4",Andrea True Connection,"More, More, More",RVTR898892,1,SAFE TITLE NOISE,Existing simulation selected one canonical candidate (RVTR898892); deterministic filename/tag noise.,true
/Users/bobhopp/DJ MEDIA/VIDEO/1960's/Billy J. Kramer And The Dakotas - Bad To Me.mp4,Billy J. Kramer And The Dakotas,Bad To Me,RVTR182415,1,HUMAN REVIEW REQUIRED,"Existing simulation selected one candidate (RVTR182415), but no safe disposition signal.",false
/Users/bobhopp/DJ MEDIA/VIDEO/1970's/Tavares - Heaven Must Be Missing An Angel.mp4,Tavares,Heaven Must Be Missing An Angel,RVTR884337,1,HUMAN REVIEW REQUIRED,"Existing simulation selected one candidate (RVTR884337), but no safe disposition signal.",false
/Users/bobhopp/DJ MEDIA/VIDEO/1990's/Cypress Hill - I Ain't Goin' Out Like That.mp4,Cypress Hill,I Ain't Goin' Out Like That,RVTR866443,1,SAFE TITLE NOISE,Existing simulation selected one canonical candidate (RVTR866443); deterministic filename/tag noise.,true
/Users/bobhopp/DJ MEDIA/VIDEO/1960's/The Beach Boys - The Man With All The Toys.mp4,The Beach Boys,The Man With All The Toys,RVTR227132,1,HUMAN REVIEW REQUIRED,"Existing simulation selected one candidate (RVTR227132), but no safe disposition signal.",false
/Users/bobhopp/DJ MEDIA/VIDEO/1950's/Glenn Miller - Chattanooga Choo Choo (1941).mp4,Glenn Miller,Chattanooga Choo Choo  (1941),RVTR759715,1,SAFE TITLE NOISE,Existing simulation selected one canonical candidate (RVTR759715); deterministic filename/tag noise.,true
/Users/bobhopp/DJ MEDIA/VIDEO/2000's/Stephen Stills & Etta James - Rock Me Baby.mp4,Stephen Stills & Etta James,Rock Me Baby,RVTR714211,1,HUMAN REVIEW REQUIRED,"Existing simulation selected one candidate (RVTR714211), but no safe disposition signal.",false
/Users/bobhopp/DJ MEDIA/VIDEO/1970's/Rupert Holmes - Escape (The Piña Colada Song).mp4,Rupert Holmes,Escape (The Piña Colada Song),RVTR149524,1,SAFE TITLE NOISE,Existing simulation selected one canonical candidate (RVTR149524); deterministic filename/tag noise.,true
/Users/bobhopp/DJ MEDIA/VIDEO/2000's/Rod Stewart - Have You Ever Seen The Rain.mp4,Rod Stewart,Have You Ever Seen The Rain,RVTR181102,1,HUMAN REVIEW REQUIRED,"Existing simulation selected one candidate (RVTR181102), but no safe disposition signal.",false
/Users/bobhopp/DJ MEDIA/VIDEO/1970's/Bob Marley & The Wailers - Exodus (Lyrics).mp4,Bob Marley,Exodus (Lyrics),RVTR362144,1,SAFE TITLE NOISE,Existing simulation selected one canonical candidate (RVTR362144); deterministic filename/tag noise.,true
/Users/bobhopp/DJ MEDIA/VIDEO/2000's/The Gaslight Anthem - Great Expectations.mp4,The Gaslight Anthem,Great Expectations,RVTR937847,1,HUMAN REVIEW REQUIRED,"Existing simulation selected one candidate (RVTR937847), but no safe disposition signal.",false
"/Users/bobhopp/DJ MEDIA/VIDEO/1980's/Stanley Clarke, George Duke - Louie Louie.mp4","Stanley Clarke, George Duke",Louie Louie,RVTR692674,1,HUMAN REVIEW REQUIRED,"Existing simulation selected one candidate (RVTR692674), but no safe disposition signal.",false
/Users/bobhopp/DJ MEDIA/VIDEO/1960's/Roy Orbison - Pretty Woman   (1987) (Extended).mp4,Roy Orbison,Pretty Woman (Extended)  (1987),RVTR870712,1,SAFE TITLE NOISE,Existing simulation selected one canonical candidate (RVTR870712); deterministic filename/tag noise.,true
/Users/bobhopp/DJ MEDIA/VIDEO/2010's/Tedeschi Trucks Band - Midnight in Harlem.mp4,Tedeschi Trucks Band,Midnight in Harlem,RVTR634127,1,HUMAN REVIEW REQUIRED,"Existing simulation selected one candidate (RVTR634127), but no safe disposition signal.",false
/Users/bobhopp/DJ MEDIA/VIDEO/1960's/Freddie And The Dreamers - Funny Over You.mp4,Freddie And The Dreamers,Funny Over You,RVTR418737,1,HUMAN REVIEW REQUIRED,"Existing simulation selected one candidate (RVTR418737), but no safe disposition signal.",false
/Users/bobhopp/DJ MEDIA/VIDEO/2010's/Diggy Simmons f._Jeremih - Do It Like You.mp4,Diggy Simmons f./Jeremih,Do It Like You,RVTR974779,1,HUMAN REVIEW REQUIRED,"Existing simulation selected one candidate (RVTR974779), but no safe disposition signal.",false
/Users/bobhopp/DJ MEDIA/VIDEO/TECHNO/Justin Timberlake - Until The End Of Time.mp4,Justin Timberlake,Until The End Of Time,RVTR567412,1,HUMAN REVIEW REQUIRED,"Existing simulation selected one candidate (RVTR567412), but no safe disposition signal.",false
/Users/bobhopp/DJ MEDIA/VIDEO/1980's/Siouxsie And The Banshees - Dear Prudence.mp4,Siouxsie And The Banshees,Dear Prudence,RVTR460469,1,HUMAN REVIEW REQUIRED,"Existing simulation selected one candidate (RVTR460469), but no safe disposition signal.",false
/Users/bobhopp/DJ MEDIA/VIDEO/1960's/Roy Orbison - Pretty Woman   (1987) (Edited).mp4,Roy Orbison,Pretty Woman (Edited)  (1987),RVTR870712,1,SAFE TITLE NOISE,Existing simulation selected one canonical candidate (RVTR870712); deterministic filename/tag noise.,true
/Users/bobhopp/DJ MEDIA/VIDEO/2020's/Playing Foor Change - Riders on the Storm.mp4,Playing Foor Change,Riders on the Storm,RVTR054827,1,HUMAN REVIEW REQUIRED,"Existing simulation selected one candidate (RVTR054827), but no safe disposition signal.",false
/Users/bobhopp/DJ MEDIA/VIDEO/TECHNO/Smash Mouth - Can't Get Enough Of You Baby.mp4,Smash Mouth,Can't Get Enough Of You Baby,RVTR019934,1,SAFE TITLE NOISE,Existing simulation selected one canonical candidate (RVTR019934); deterministic filename/tag noise.,true
/Users/bobhopp/DJ MEDIA/VIDEO/1970's/April Wine - Comin Right Down On Top Of Me.mp4,April Wine,Comin Right Down On Top Of Me,RVTR929803,1,HUMAN REVIEW REQUIRED,"Existing simulation selected one candidate (RVTR929803), but no safe disposition signal.",false
/Users/bobhopp/DJ MEDIA/VIDEO/1990's/TUPAC feat. DR DRE - CALIFORNIA LOVE REMIX.mp4,TUPAC FT DR DRE,CALIFORNIA LOVE REMIX,RVTR625679,1,DISTINCT RECORDING,Recording/version wording may identify a different recording.,false
/Users/bobhopp/DJ MEDIA/VIDEO/1960's/Alice's Restaurant Massacre Illustrated.mp4,Arlo Guthrie,Alice's Restaurant,RVTR497447,1,SAFE TITLE NOISE,Existing simulation selected one canonical candidate (RVTR497447); deterministic filename/tag noise.,true
/Users/bobhopp/DJ MEDIA/VIDEO/2000's/Jagged Edge F.&Nelly - Where's The Party At.mp4,Jagged Edge F.&Nelly,Where's The Party At,RVTR638461,1,SAFE TITLE NOISE,Existing simulation selected one canonical candidate (RVTR638461); deterministic filename/tag noise.,true
/Users/bobhopp/DJ MEDIA/VIDEO/2010's/Red Hot Chili Peppers - Monarchy Of Roses.mp4,Red Hot Chili Peppers,Monarchy Of Roses,RVTR995053,1,HUMAN REVIEW REQUIRED,"Existing simulation selected one candidate (RVTR995053), but no safe disposition signal.",false
"/Users/bobhopp/DJ MEDIA/VIDEO/1960's/Crosby, Stills & Nash - Helplessly Hoping.mp4","Crosby, Stills & Nash",Helplessly Hoping,RVTR224716,1,HUMAN REVIEW REQUIRED,"Existing simulation selected one candidate (RVTR224716), but no safe disposition signal.",false
/Users/bobhopp/DJ MEDIA/VIDEO/1970's/Charlie Daniels - Long Haired Country Boy.mp4,Charlie Daniels,Long Haired Country Boy,RVTR146592,1,HUMAN REVIEW REQUIRED,"Existing simulation selected one candidate (RVTR146592), but no safe disposition signal.",false
/Users/bobhopp/DJ MEDIA/VIDEO/2020's/Lawrence - I'm Confident That I'm Insecure.mp4,Lawrence,I'm Confident That I'm Insecure,RVTR301963,1,SAFE TITLE NOISE,Existing simulation selected one canonical candidate (RVTR301963); deterministic filename/tag noise.,true
/Users/bobhopp/DJ MEDIA/VIDEO/2000's/Nicole Scherzinger F.50 Cent - Right There.mp4,Nicole Scherzinger F.50 Cent,Right There,RVTR173515,1,HUMAN REVIEW REQUIRED,"Existing simulation selected one candidate (RVTR173515), but no safe disposition signal.",false
/Users/bobhopp/DJ MEDIA/VIDEO/2010's/Usher F.Pitbull - Dj Got Us Fallin In Love.mp4,Usher f./Pitbull,DJ Got Us Fallin' In Love,RVTR529394,1,SAFE TITLE NOISE,Existing simulation selected one canonical candidate (RVTR529394); deterministic filename/tag noise.,true
/Users/bobhopp/DJ MEDIA/VIDEO/1970's/Gladys Knight - Midnight Train To Georgia.mp4,Gladys Knight,Midnight Train To Georgia,RVTR127796,1,HUMAN REVIEW REQUIRED,"Existing simulation selected one candidate (RVTR127796), but no safe disposition signal.",false
/Users/bobhopp/DJ MEDIA/VIDEO/1980's/Edie Brickell And New Bohemians - What I Am.mp4,Edie Brickell And New Bohemians,What I Am,RVTR015777,1,HUMAN REVIEW REQUIRED,"Existing simulation selected one candidate (RVTR015777), but no safe disposition signal.",false
/Users/bobhopp/DJ MEDIA/VIDEO/2000's/Kanye West (Feat. Jamie Foxx) - Gold Digger.mp4,Kanye West (Feat. Jamie Foxx),Gold Digger,RVTR236001,1,HUMAN REVIEW REQUIRED,"Existing simulation selected one candidate (RVTR236001), but no safe disposition signal.",false
/Users/bobhopp/DJ MEDIA/VIDEO/2000's/Mark Ronson feat. Amy Winehouse - Valerie.mp4,Mark Ronson feat. Amy Winehouse,Valerie,RVTR009337,1,HUMAN REVIEW REQUIRED,"Existing simulation selected one candidate (RVTR009337), but no safe disposition signal.",false
/Users/bobhopp/DJ MEDIA/VIDEO/1970's/Fleetwood Mac - Silver Springs (The Dance).mp4,Fleetwood Mac,Silver Springs (The Dance),RVTR155753,1,SAFE TITLE NOISE,Existing simulation selected one canonical candidate (RVTR155753); deterministic filename/tag noise.,true
/Users/bobhopp/DJ MEDIA/VIDEO/1970's/Ike & Tina Turner - I Wanna Take You Higher.mp4,Ike & Tina Turner,I Wanna Take You Higher,RVTR549696,1,HUMAN REVIEW REQUIRED,"Existing simulation selected one candidate (RVTR549696), but no safe disposition signal.",false
/Users/bobhopp/DJ MEDIA/VIDEO/2010's/Birdman F.Lil Wayne & Drake - Money To Blow.mp4,Birdman F.Lil Wayne & Drake,Money To Blow,RVTR155060,1,HUMAN REVIEW REQUIRED,"Existing simulation selected one candidate (RVTR155060), but no safe disposition signal.",false
/Users/bobhopp/DJ MEDIA/VIDEO/1980's/Tom Petty - Don't Come Around Here No More.mp4,Tom Petty,Don't Come Around Here No More,RVTR820159,1,SAFE TITLE NOISE,Existing simulation selected one canonical candidate (RVTR820159); deterministic filename/tag noise.,true
/Users/bobhopp/DJ MEDIA/VIDEO/1980's/Ian Hunter - All of the Good Ones Are Taken.mp4,Ian Hunter,All of the Good Ones Are Taken,RVTR997861,1,HUMAN REVIEW REQUIRED,"Existing simulation selected one candidate (RVTR997861), but no safe disposition signal.",false
/Users/bobhopp/DJ MEDIA/VIDEO/2020's/Teddy Swims - I Don't Wanna Be You Anymore.mp4,Teddy Swims,I Don't Wanna Be You Anymore,RVTR192746,1,SAFE TITLE NOISE,Existing simulation selected one canonical candidate (RVTR192746); deterministic filename/tag noise.,true
/Users/bobhopp/DJ MEDIA/VIDEO/2010's/Quaker City Night Hawks - Suit in the Back.mp4,Quaker City Night Hawks,Suit in the Back,RVTR863661,1,HUMAN REVIEW REQUIRED,"Existing simulation selected one candidate (RVTR863661), but no safe disposition signal.",false
/Users/bobhopp/DJ MEDIA/VIDEO/1980's/Bob Marley & The Wailers - Redemption Song.mp4,Bob Marley,Redemption Song,RVTR614080,1,HUMAN REVIEW REQUIRED,"Existing simulation selected one candidate (RVTR614080), but no safe disposition signal.",false
/Users/bobhopp/DJ MEDIA/VIDEO/COUNTRY/FILL/The Kempters - The Orange Blossom Special.mp4,The Kempters,The Orange Blossom Special,RVTR393642,1,HUMAN REVIEW REQUIRED,"Existing simulation selected one candidate (RVTR393642), but no safe disposition signal.",false
/Users/bobhopp/DJ MEDIA/VIDEO/1960's/Sly & The Family Stone - Dance To The Music.mp4,Sly & The Family Stone,Dance To The Music,RVTR916078,1,HUMAN REVIEW REQUIRED,"Existing simulation selected one candidate (RVTR916078), but no safe disposition signal.",false
/Users/bobhopp/DJ MEDIA/VIDEO/1970's/The Band - When I Paint My Masterpiece(1993).mp4,The Band,When I Paint My Masterpiece,RVTR074972,1,HUMAN REVIEW REQUIRED,"Existing simulation selected one candidate (RVTR074972), but no safe disposition signal.",false
"/Users/bobhopp/DJ MEDIA/VIDEO/TECHNO/Miguel Brown - So Many Men, So Little Time.mp4",Miguel Brown,"So Many Men, So Little Time",RVTR526354,1,SAFE TITLE NOISE,Existing simulation selected one canonical candidate (RVTR526354); deterministic filename/tag noise.,true
/Users/bobhopp/DJ MEDIA/VIDEO/1970's/Rock and Roll Hoochie Koo - Rick Derringer.mp4,Rock and Roll Hoochie Koo,Rick Derringer,RVTR666819,1,HUMAN REVIEW REQUIRED,"Existing simulation selected one candidate (RVTR666819), but no safe disposition signal.",false
/Users/bobhopp/DJ MEDIA/VIDEO/1990's/Elton John - Can You Feel The Love Tonight.mp4,Elton John,Can You Feel The Love Tonight,RVTR209007,1,HUMAN REVIEW REQUIRED,"Existing simulation selected one candidate (RVTR209007), but no safe disposition signal.",false
/Users/bobhopp/DJ MEDIA/VIDEO/2020's/Trump and World Leaders - We Are The World.mp4,Trump and World Leaders,We Are The World,RVTR152133,1,HUMAN REVIEW REQUIRED,"Existing simulation selected one candidate (RVTR152133), but no safe disposition signal.",false
/Users/bobhopp/DJ MEDIA/VIDEO/2010's/K.Flay - High Enough (Official Music Video).mp4,K.Flay,High Enough,RVTR547728,1,HUMAN REVIEW REQUIRED,"Existing simulation selected one candidate (RVTR547728), but no safe disposition signal.",false
/Users/bobhopp/DJ MEDIA/VIDEO/1980's/Tom Petty - Stop Dragging My Heart Around.mp4,Tom Petty,Stop Dragging My Heart Around,RVTR536571,1,HUMAN REVIEW REQUIRED,"Existing simulation selected one candidate (RVTR536571), but no safe disposition signal.",false
/Users/bobhopp/DJ MEDIA/VIDEO/1960's/Bo Diddley - Can't Judge A Book By The Cover.mp4,Bo Diddley,Can't Judge A Book By The Cover,RVTR517999,1,DISTINCT RECORDING,Recording/version wording may identify a different recording.,false
/Users/bobhopp/DJ MEDIA/VIDEO/1960's/Herman's Hermits - Something Is Happening.mp4,Herman's Hermits,Something Is Happening,RVTR391720,1,HUMAN REVIEW REQUIRED,"Existing simulation selected one candidate (RVTR391720), but no safe disposition signal.",false
/Users/bobhopp/DJ MEDIA/VIDEO/1970's/Dolly Parton - Love Will Keep Us Together.mp4,Dolly Parton,Love Will Keep Us Together,RVTR470044,1,HUMAN REVIEW REQUIRED,"Existing simulation selected one candidate (RVTR470044), but no safe disposition signal.",false
/Users/bobhopp/DJ MEDIA/VIDEO/1950's/Tommy Dorsey & His Orchestra - Well Git It.mp4,Tommy Dorsey & His Orchestra,Well Git It,RVTR302915,1,HUMAN REVIEW REQUIRED,"Existing simulation selected one candidate (RVTR302915), but no safe disposition signal.",false
/Users/bobhopp/DJ MEDIA/VIDEO/2010's/Lupe Fiasco f._Trey Songz - Out Of My Head.mp4,Lupe Fiasco f./Trey Songz,Out Of My Head,RVTR418625,1,HUMAN REVIEW REQUIRED,"Existing simulation selected one candidate (RVTR418625), but no safe disposition signal.",false
/Users/bobhopp/DJ MEDIA/VIDEO/1950's/Andrews Sisters - Boogie Woogie Bugle Boy.mp4,Andrews Sisters,Boogie Woogie Bugle Boy,RVTR933068,1,HUMAN REVIEW REQUIRED,"Existing simulation selected one candidate (RVTR933068), but no safe disposition signal.",false
/Users/bobhopp/DJ MEDIA/VIDEO/1960's/Judy Garland - Battle Hymn Of The Republic.mp4,Judy Garland,Battle Hymn Of The Republic,RVTR190956,1,HUMAN REVIEW REQUIRED,"Existing simulation selected one candidate (RVTR190956), but no safe disposition signal.",false
/Users/bobhopp/DJ MEDIA/VIDEO/1960's/Wilson Pickett - Land of a Thousand Dances.mp4,Wilson Pickett,Land Of A Thousand Dances,RVTR624900,1,HUMAN REVIEW REQUIRED,"Existing simulation selected one candidate (RVTR624900), but no safe disposition signal.",false
/Users/bobhopp/DJ MEDIA/VIDEO/1970's/Smokey Robinson and the Miracles - Crusin.mp4,Smokey Robinson and the Miracles,Crusin,RVTR048581,1,HUMAN REVIEW REQUIRED,"Existing simulation selected one candidate (RVTR048581), but no safe disposition signal.",false
/Users/bobhopp/DJ MEDIA/VIDEO/2010's/Aloe Blacc - I Need a Dollar - OFFICIAL VIDEO.mp4,Aloe Blacc,I Need a Dollar,RVTR989856,1,HUMAN REVIEW REQUIRED,"Existing simulation selected one candidate (RVTR989856), but no safe disposition signal.",false
/Users/bobhopp/DJ MEDIA/VIDEO/TECHNO/Bob Sinclair F.Gary Pine - Love Generation.mp4,Bob Sinclair F.Gary Pine,Love Generation,RVTR162876,1,HUMAN REVIEW REQUIRED,"Existing simulation selected one candidate (RVTR162876), but no safe disposition signal.",false
/Users/bobhopp/DJ MEDIA/VIDEO/1990's/Lauryn Hill - Can't Take My Eyes Off Of You.mp4,Lauryn Hill,Can't Take My Eyes Off Of You,RVTR248366,1,SAFE TITLE NOISE,Existing simulation selected one canonical candidate (RVTR248366); deterministic filename/tag noise.,true
/Users/bobhopp/DJ MEDIA/VIDEO/1990's/Smash Mouth - Walkin' On The Sun.mp4,Smash Mouth,Walkin' On The Sun,RVTR153215,1,SAFE TITLE NOISE,Existing simulation selected one canonical candidate (RVTR153215); deterministic filename/tag noise.,true
/Users/bobhopp/DJ MEDIA/VIDEO/1980's/Lone Justice And Maria Mckee - I Found Love.mp4,Lone Justice And Maria Mckee,I Found Love,RVTR286056,1,HUMAN REVIEW REQUIRED,"Existing simulation selected one candidate (RVTR286056), but no safe disposition signal.",false
/Users/bobhopp/DJ MEDIA/VIDEO/1960's/The Mamas and The Papas - Straight Shooter.mp4,The Mamas and The Papas,Straight Shooter,RVTR607957,1,HUMAN REVIEW REQUIRED,"Existing simulation selected one candidate (RVTR607957), but no safe disposition signal.",false
/Users/bobhopp/DJ MEDIA/VIDEO/1990's/Bob Geldof - The Great Song Of Indifference.mp4,Bob Geldof,The Great Song Of Indifference,RVTR005586,1,HUMAN REVIEW REQUIRED,"Existing simulation selected one candidate (RVTR005586), but no safe disposition signal.",false
/Users/bobhopp/DJ MEDIA/VIDEO/2010's/Jennifer Lopez f._Lil Wayne - I'm Into You.mp4,Jennifer Lopez f./Lil Wayne,I'm Into You,RVTR425770,1,SAFE TITLE NOISE,Existing simulation selected one canonical candidate (RVTR425770); deterministic filename/tag noise.,true
/Users/bobhopp/DJ MEDIA/VIDEO/2020's/Glass Animals - Space Ghost Coast To Coast.mp4,Glass Animals,Space Ghost Coast To Coast,RVTR131932,1,HUMAN REVIEW REQUIRED,"Existing simulation selected one candidate (RVTR131932), but no safe disposition signal.",false
/Users/bobhopp/DJ MEDIA/VIDEO/1980's/Information Society - What's On Your Mind.mp4,Information Society,What's On Your Mind,RVTR486722,1,SAFE TITLE NOISE,Existing simulation selected one canonical candidate (RVTR486722); deterministic filename/tag noise.,true
/Volumes/DJ  MAIN/DJ MEDIA/VIDEO/1990's/Celia Cruz - La vida es un carnaval.mp4,Celia Cruz,La Vida Es Un Crnaval,RVTR633554,1,HUMAN REVIEW REQUIRED,"Existing simulation selected one candidate (RVTR633554), but no safe disposition signal.",false
/Users/bobhopp/DJ MEDIA/VIDEO/2000's/The Chardon Polka Band - Two Sisters Polka.mp4,The Chardon Polka Band,Two Sisters Polka,RVTR936629,1,HUMAN REVIEW REQUIRED,"Existing simulation selected one candidate (RVTR936629), but no safe disposition signal.",false
/Users/bobhopp/DJ MEDIA/VIDEO/1970's/Rocky Horror Picture Show - The Time Warp.mp4,Rocky Horror Picture Show,The Time Warp,RVTR315240,1,HUMAN REVIEW REQUIRED,"Existing simulation selected one candidate (RVTR315240), but no safe disposition signal.",false
/Users/bobhopp/DJ MEDIA/VIDEO/2000's/Scissor Sisters - I Don't Feel Like Dancin'.mp4,Scissor Sisters,I Don't Feel Like Dancin',RVTR414071,1,SAFE TITLE NOISE,Existing simulation selected one canonical candidate (RVTR414071); deterministic filename/tag noise.,true
/Users/bobhopp/DJ MEDIA/VIDEO/2010's/Tinie Tempah f._Wiz Khalifa - Till I'm Gone.mp4,Tinie Tempah f./Wiz Khalifa,Till I'm Gone,RVTR804593,1,SAFE TITLE NOISE,Existing simulation selected one canonical candidate (RVTR804593); deterministic filename/tag noise.,true
/Users/bobhopp/DJ MEDIA/VIDEO/1980's/Daryl Hall & John Oates - I Can't Go For That.mp4,Daryl Hall & John Oates,I Can't Go For That,RVTR369816,1,SAFE TITLE NOISE,Existing simulation selected one canonical candidate (RVTR369816); deterministic filename/tag noise.,true
/Users/bobhopp/DJ MEDIA/VIDEO/1970's/Aliotta Haynes Jeremiah - Lake Shore Drive.mp4,Aliotta Haynes Jeremiah,Lake Shore Drive,RVTR498260,1,HUMAN REVIEW REQUIRED,"Existing simulation selected one candidate (RVTR498260), but no safe disposition signal.",false
"/Users/bobhopp/DJ MEDIA/VIDEO/1960's/Marty Robbins - Green, Green, Grass of Home.mp4",Marty Robbins,"Green, Green, Grass of Home",RVTR891818,1,SAFE TITLE NOISE,Existing simulation selected one canonical candidate (RVTR891818); deterministic filename/tag noise.,true
/Users/bobhopp/DJ MEDIA/VIDEO/1970's/JJ Cale feat. Leon Russell - After Midnight.mp4,JJ feat. LEON RUSSELL AFTER MIDNIGHT,CALE,RVTR793753,1,HUMAN REVIEW REQUIRED,"Existing simulation selected one candidate (RVTR793753), but no safe disposition signal.",false
/Users/bobhopp/DJ MEDIA/VIDEO/1970's/George Baker - Una Paloma Blanca.mp4,George Baker,Una Paloma Blanca,RVTR325997,1,HUMAN REVIEW REQUIRED,"Existing simulation selected one candidate (RVTR325997), but no safe disposition signal.",false
/Volumes/DJ  MAIN/DJ MEDIA/VIDEO/1990's/Carrying Your Love With Me (Official Music Video) - George Strait.mp4,George Strait,Carrying Your Love With Me,RVTR288905,1,HUMAN REVIEW REQUIRED,"Existing simulation selected one candidate (RVTR288905), but no safe disposition signal.",false
/Volumes/DJ  MAIN/DJ MEDIA/VIDEO/1980's/Mark Knopfler & Willy DeVille - Storybook Love.mp4,Mark Knopfler & Willy DeVille,Storybook Love,RVTR442554,1,HUMAN REVIEW REQUIRED,"Existing simulation selected one candidate (RVTR442554), but no safe disposition signal.",false
"/Users/bobhopp/DJ MEDIA/VIDEO/1970's/Bill Withers - Lonely Town, Lonely Street.mp4",Bill Withers,"Lonely Town, Lonely Street",RVTR195622,1,SAFE TITLE NOISE,Existing simulation selected one canonical candidate (RVTR195622); deterministic filename/tag noise.,true
/Users/bobhopp/DJ MEDIA/VIDEO/1970's/Rory Gallagher - Don't Know Where I'm Going.mp4,Rory Gallagher,Don't Know Where I'm Going,RVTR703767,1,SAFE TITLE NOISE,Existing simulation selected one canonical candidate (RVTR703767); deterministic filename/tag noise.,true
/Users/bobhopp/DJ MEDIA/VIDEO/2000's/Ring Of Fire - Johnny Cash & Dj Serj Moldova.mp4,Ring Of Fire,Johnny Cash & Dj Serj Moldova,RVTR144992,0,NO CANONICAL CANDIDATE,No canonical candidate selected by the existing simulation.,false
/Users/bobhopp/DJ MEDIA/VIDEO/2010's/Clean Bandit feat. Zara Larsson - Symphony.mp4,Clean Bandit feat. Zara Larsson,Symphony,RVTR780972,1,HUMAN REVIEW REQUIRED,"Existing simulation selected one candidate (RVTR780972), but no safe disposition signal.",false
/Users/bobhopp/DJ MEDIA/VIDEO/1980's/The Smiths - That Joke isn t Funny Anymore.mp4,The Smiths,That Joke isn t Funny Anymore,RVTR980728,1,HUMAN REVIEW REQUIRED,"Existing simulation selected one candidate (RVTR980728), but no safe disposition signal.",false
/Users/bobhopp/DJ MEDIA/VIDEO/2020's/Trump vs Talking Heads - Once In A Lifetime.mp4,Trump vs Talking Heads,Once In A Lifetime,RVTR347225,1,HUMAN REVIEW REQUIRED,"Existing simulation selected one candidate (RVTR347225), but no safe disposition signal.",false
/Users/bobhopp/DJ MEDIA/VIDEO/TECHNO/Relient K - Must Have Done Something Right.mp4,Relient K,Must Have Done Something Right,RVTR950327,1,HUMAN REVIEW REQUIRED,"Existing simulation selected one candidate (RVTR950327), but no safe disposition signal.",false
"/Users/bobhopp/DJ MEDIA/VIDEO/1970's/Emerson, Lake And Palmer - Peter Gunn Theme.mp4","Emerson, Lake And Palmer",Peter Gunn Theme,RVTR622899,1,HUMAN REVIEW REQUIRED,"Existing simulation selected one candidate (RVTR622899), but no safe disposition signal.",false
"/Users/bobhopp/DJ MEDIA/VIDEO/1980's/The Kentucky Headhunters - Oh, Lonesome Me.mp4",The Kentucky Headhunters,"Oh, Lonesome Me",RVTR781505,1,SAFE TITLE NOISE,Existing simulation selected one canonical candidate (RVTR781505); deterministic filename/tag noise.,true
/Users/bobhopp/DJ MEDIA/VIDEO/2010's/Edward Maya f._Vika Jiqulina - Stereo Love.mp4,Edward Maya f./Vika Jiqulina,Stereo Love,RVTR425942,1,HUMAN REVIEW REQUIRED,"Existing simulation selected one candidate (RVTR425942), but no safe disposition signal.",false
/Users/bobhopp/DJ MEDIA/VIDEO/TECHNO/The Chemical Brothers - Block Rockin' Beats.mp4,The Chemical Brothers,Block Rockin' Beats,RVTR978570,1,SAFE TITLE NOISE,Existing simulation selected one canonical candidate (RVTR978570); deterministic filename/tag noise.,true
/Users/bobhopp/DJ MEDIA/VIDEO/1950's/Harry McClintock - Big Rock Candy Mountain.mp4,Harry McClintock,Big Rock Candy Mountain,RVTR150220,1,HUMAN REVIEW REQUIRED,"Existing simulation selected one candidate (RVTR150220), but no safe disposition signal.",false
/Users/bobhopp/DJ MEDIA/VIDEO/1950's/Screamin Jay Hawkins - I Put A Spell On You.mp4,Screamin Jay Hawkins,I Put A Spell On You,RVTR265892,1,HUMAN REVIEW REQUIRED,"Existing simulation selected one candidate (RVTR265892), but no safe disposition signal.",false
/Users/bobhopp/DJ MEDIA/VIDEO/1970's/Lou Reed - Perfect Day(1996) (Trainspotting).mp4,Lou Reed,Perfect Day(1996) (Trainspotting),RVTR404394,1,SAFE TITLE NOISE,Existing simulation selected one canonical candidate (RVTR404394); deterministic filename/tag noise.,true
/Users/bobhopp/DJ MEDIA/VIDEO/1990's/Southern Culture On The Skids - Camel Walk.mp4,Southern Culture On The Skids,Camel Walk,RVTR692349,1,HUMAN REVIEW REQUIRED,"Existing simulation selected one candidate (RVTR692349), but no safe disposition signal.",false
/Users/bobhopp/DJ MEDIA/VIDEO/TECHNO/Elvis vs. JXL - A Little Less Conversation.mp4,Elvis vs. JXL,A Little Less Conversation,RVTR600056,1,HUMAN REVIEW REQUIRED,"Existing simulation selected one candidate (RVTR600056), but no safe disposition signal.",false
/Users/bobhopp/DJ MEDIA/VIDEO/1980's/Daryl Hall & John Oates - You Make My Dreams.mp4,Daryl Hall & John Oates,You Make My Dreams,RVTR705730,1,HUMAN REVIEW REQUIRED,"Existing simulation selected one candidate (RVTR705730), but no safe disposition signal.",false
/Users/bobhopp/DJ MEDIA/VIDEO/2010's/Afrojack f._Eva Simons - Take Over Control.mp4,Afrojack f./Eva Simons,Take Over Control,RVTR186068,1,HUMAN REVIEW REQUIRED,"Existing simulation selected one candidate (RVTR186068), but no safe disposition signal.",false
/Users/bobhopp/DJ MEDIA/VIDEO/1970's/Grand Funk Railroad - We're An American Band.mp4,Grand Funk Railroad,We're An American Band,RVTR471037,1,SAFE TITLE NOISE,Existing simulation selected one canonical candidate (RVTR471037); deterministic filename/tag noise.,true
"/Users/bobhopp/DJ MEDIA/VIDEO/1970's/Melanie - What Have They Done To My Song, Ma.mp4",Melanie,"What Have They Done To My Song, Ma",RVTR581422,1,SAFE TITLE NOISE,Existing simulation selected one canonical candidate (RVTR581422); deterministic filename/tag noise.,true
/Users/bobhopp/DJ MEDIA/VIDEO/1990's/AC:DC - Thunderstruck (Live at River Plate).mp4,AC/DC,Thunderstruck,RVTR849547,1,HUMAN REVIEW REQUIRED,"Existing simulation selected one candidate (RVTR849547), but no safe disposition signal.",false
/Users/bobhopp/DJ MEDIA/VIDEO/2010's/Jay Z and Alicia Keys - Empire State of Mind.mp4,Jay Z and Alicia Keys,Empire State of Mind,RVTR791620,1,HUMAN REVIEW REQUIRED,"Existing simulation selected one candidate (RVTR791620), but no safe disposition signal.",false
/Users/bobhopp/DJ MEDIA/VIDEO/1980's/Elvis Costello - Everyday I Write The Book.mp4,Elvis Costello,Everyday I Write The Book,RVTR468909,1,HUMAN REVIEW REQUIRED,"Existing simulation selected one candidate (RVTR468909), but no safe disposition signal.",false
/Users/bobhopp/DJ MEDIA/VIDEO/1970's/The New Seekers - Never Ending Song Of Love.mp4,The New Seekers,Never Ending Song Of Love,RVTR769789,1,HUMAN REVIEW REQUIRED,"Existing simulation selected one candidate (RVTR769789), but no safe disposition signal.",false
/Users/bobhopp/DJ MEDIA/VIDEO/1980's/Lennon & Ono w The Plastic Ono Band - Mother.mp4,Lennon & Ono w The Plastic Ono Band,Mother,RVTR927574,1,HUMAN REVIEW REQUIRED,"Existing simulation selected one candidate (RVTR927574), but no safe disposition signal.",false
/Users/bobhopp/DJ MEDIA/VIDEO/2010's/Birdman f._Nicki Minaj & Lil Wayne - Y.U. Mad.mp4,Birdman f./Nicki Minaj & Lil Wayne,Y.U. Mad,RVTR953252,1,SAFE TITLE NOISE,Existing simulation selected one canonical candidate (RVTR953252); deterministic filename/tag noise.,true
/Users/bobhopp/DJ MEDIA/VIDEO/1990's/Sex Pistols - God Save The Queen Revisited.mp4,Sex Pistols,God Save The Queen Revisited,RVTR241837,1,HUMAN REVIEW REQUIRED,"Existing simulation selected one candidate (RVTR241837), but no safe disposition signal.",false
/Users/bobhopp/DJ MEDIA/VIDEO/1990's/Cher with Beavis & Butt-head - I Got You Babe.MP4,Cher with Beavis & Butt-head,I Got You Babe,RVTR603561,1,HUMAN REVIEW REQUIRED,"Existing simulation selected one candidate (RVTR603561), but no safe disposition signal.",false
/Users/bobhopp/DJ MEDIA/VIDEO/1960's/Frank And Nancy Sinatra - Something Stupid.mp4,Frank And Nancy Sinatra,Something Stupid,RVTR272075,1,HUMAN REVIEW REQUIRED,"Existing simulation selected one candidate (RVTR272075), but no safe disposition signal.",false
/Users/bobhopp/DJ MEDIA/VIDEO/TECHNO/Camille Jones Vs Fedde Le Grand - The Creeps.mp4,Camille Jones Vs Fedde Le Grand,The Creeps,RVTR212580,1,HUMAN REVIEW REQUIRED,"Existing simulation selected one candidate (RVTR212580), but no safe disposition signal.",false
/Users/bobhopp/DJ MEDIA/VIDEO/1960's/The Beatles - Lucy In The Sky With Diamonds.mp4,The Beatles,Lucy In The Sky With Diamonds,RVTR795375,1,HUMAN REVIEW REQUIRED,"Existing simulation selected one candidate (RVTR795375), but no safe disposition signal.",false
"/Users/bobhopp/DJ MEDIA/VIDEO/1970's/Tammy Wynette, George Jones - Golden Rings.mp4","Tammy Wynette, George Jones",Golden Rings,RVTR699821,1,HUMAN REVIEW REQUIRED,"Existing simulation selected one candidate (RVTR699821), but no safe disposition signal.",false
/Users/bobhopp/DJ MEDIA/VIDEO/2020's/Midland feat. Jon Pardi - Longneck Way To Go.mp4,Midland feat. Jon Pardi,Longneck Way To Go,RVTR752900,1,HUMAN REVIEW REQUIRED,"Existing simulation selected one candidate (RVTR752900), but no safe disposition signal.",false
/Users/bobhopp/DJ MEDIA/VIDEO/1970's/Andy Gibb - I Just Wanna Be Your Everything.mp4,Andy Gibb,I Just Wanna Be Your Everything,RVTR072547,1,HUMAN REVIEW REQUIRED,"Existing simulation selected one candidate (RVTR072547), but no safe disposition signal.",false
/Users/bobhopp/DJ MEDIA/VIDEO/1980's/Bo Diddley - A Celebration of Blues and Soul.mp4,Bo Diddley,A Celebration of Blues and Soul,RVTR311886,1,HUMAN REVIEW REQUIRED,"Existing simulation selected one candidate (RVTR311886), but no safe disposition signal.",false
/Users/bobhopp/DJ MEDIA/VIDEO/2010's/David Guetta f._Rihanna - Who's That Chick_.mp4,David Guetta f./Rihanna,Who's That Chick?,RVTR983624,1,SAFE TITLE NOISE,Existing simulation selected one canonical candidate (RVTR983624); deterministic filename/tag noise.,true
/Users/bobhopp/DJ MEDIA/VIDEO/1970's/Don Henley - Please Come Home for Christmas.mp4,Don Henley,Please Come Home for Christmas,RVTR301842,1,HUMAN REVIEW REQUIRED,"Existing simulation selected one candidate (RVTR301842), but no safe disposition signal.",false
/Users/bobhopp/DJ MEDIA/VIDEO/1990's/George Strait - Carrying Your Love With Me.mp4,George Strait,Carrying Your Love With Me,RVTR288905,1,HUMAN REVIEW REQUIRED,"Existing simulation selected one candidate (RVTR288905), but no safe disposition signal.",false
/Users/bobhopp/DJ MEDIA/VIDEO/1970's/Rolling Stones - Can't You Hear Me Knocking.MP4,Rolling Stones,Can't You Hear Me Knocking,RVTR456479,1,SAFE TITLE NOISE,Existing simulation selected one canonical candidate (RVTR456479); deterministic filename/tag noise.,true
/Users/bobhopp/DJ MEDIA/VIDEO/1990's/Red Hot Chili Peppers - Love Rollercoaster.mp4,Red Hot Chili Peppers,Love Rollercoaster,RVTR738810,1,HUMAN REVIEW REQUIRED,"Existing simulation selected one candidate (RVTR738810), but no safe disposition signal.",false
/Users/bobhopp/DJ MEDIA/VIDEO/2010's/Madonna feat. Nicki Minaj - Bitch I M Madonna.mp4,Madonna,Bitch I M Madonna Ft. Nicki Minaj,RVTR292776,1,SAFE TITLE NOISE,Existing simulation selected one canonical candidate (RVTR292776); deterministic filename/tag noise.,true
"/Users/bobhopp/DJ MEDIA/VIDEO/TECHNO/Offspring, The - Kristy, Are You Doing Okay.mp4","Offspring, The","Kristy, Are You Doing Okay",RVTR637118,1,SAFE TITLE NOISE,Existing simulation selected one canonical candidate (RVTR637118); deterministic filename/tag noise.,true
/Users/bobhopp/DJ MEDIA/VIDEO/1960's/Gary Puckett And The Union Gap - Young Girl.mp4,Gary Puckett And The Union Gap,Young Girl,RVTR378847,1,HUMAN REVIEW REQUIRED,"Existing simulation selected one candidate (RVTR378847), but no safe disposition signal.",false
/Users/bobhopp/DJ MEDIA/VIDEO/2010's/Mariah Carey f._Nicki Minaj - Up Out My Face.mp4,Mariah Carey f./Nicki Minaj,Up Out My Face,RVTR648892,1,HUMAN REVIEW REQUIRED,"Existing simulation selected one candidate (RVTR648892), but no safe disposition signal.",false
/Users/bobhopp/DJ MEDIA/VIDEO/1980's/The Cramps - Bikini Girls With Machine Guns.mp4,The Cramps,Bikini Girls With Machine Guns,RVTR171228,1,HUMAN REVIEW REQUIRED,"Existing simulation selected one candidate (RVTR171228), but no safe disposition signal.",false
/Users/bobhopp/DJ MEDIA/VIDEO/1990's/Vampire Lesbos - The Lions and the Cucumber.mp4,Vampire Lesbos,The Lions and the Cucumber,RVTR015798,1,HUMAN REVIEW REQUIRED,"Existing simulation selected one candidate (RVTR015798), but no safe disposition signal.",false
/Users/bobhopp/DJ MEDIA/VIDEO/1970's/Gladys Knight & B.B.King - The Thrill Is Gone.mp4,Gladys Knight & B.B.King,The Thrill Is Gone,RVTR732191,1,HUMAN REVIEW REQUIRED,"Existing simulation selected one candidate (RVTR732191), but no safe disposition signal.",false
/Users/bobhopp/DJ MEDIA/VIDEO/2010's/Haley Reinhart - Don't Know How To Love You.mp4,Haley Reinhart,Don't Know How To Love You,RVTR755329,1,SAFE TITLE NOISE,Existing simulation selected one canonical candidate (RVTR755329); deterministic filename/tag noise.,true
/Users/bobhopp/DJ MEDIA/VIDEO/TECHNO/Hilary And Haylie Duff - Our Lips Are Sealed.mp4,Hilary And Haylie Duff,Our Lips Are Sealed,RVTR941024,1,HUMAN REVIEW REQUIRED,"Existing simulation selected one candidate (RVTR941024), but no safe disposition signal.",false
/Users/bobhopp/DJ MEDIA/VIDEO/1980's/Bonnie Tyler - Have You Ever Seen the Rain_.mp4,Bonnie Tyler,Have You Ever Seen the Rain?,RVTR794771,1,SAFE TITLE NOISE,Existing simulation selected one canonical candidate (RVTR794771); deterministic filename/tag noise.,true
/Users/bobhopp/DJ MEDIA/VIDEO/2010's/Timbaland f._Justin Timberlake - Carry Out.mp4,Timbaland f./Justin Timberlake,Carry Out,RVTR348002,1,HUMAN REVIEW REQUIRED,"Existing simulation selected one candidate (RVTR348002), but no safe disposition signal.",false
/Users/bobhopp/DJ MEDIA/VIDEO/1980's/He Can't Love You - Michael Stanley Band  MSB.mp4,He Can't Love You,Michael Stanley Band  MSB,RVTR634342,1,HUMAN REVIEW REQUIRED,"Existing simulation selected one candidate (RVTR634342), but no safe disposition signal.",false
/Users/bobhopp/DJ MEDIA/VIDEO/TECHNO/Jason Castro - Let's Just Fall In Love Again.mp4,Jason Castro,Let's Just Fall In Love Again,RVTR154079,1,SAFE TITLE NOISE,Existing simulation selected one canonical candidate (RVTR154079); deterministic filename/tag noise.,true
/Users/bobhopp/DJ MEDIA/VIDEO/1970's/Kris Kristofferson - Loving Her Was Easier.mp4,Kris Kristofferson,Loving Her Was Easier,RVTR606672,1,HUMAN REVIEW REQUIRED,"Existing simulation selected one candidate (RVTR606672), but no safe disposition signal.",false
"/Users/bobhopp/DJ MEDIA/VIDEO/1990's/Urge Overkill - Girl, You'll Be A Woman Soon.mp4",Urge Overkill,"Girl, You'll Be A Woman Soon",RVTR800509,1,SAFE TITLE NOISE,Existing simulation selected one canonical candidate (RVTR800509); deterministic filename/tag noise.,true
/Users/bobhopp/DJ MEDIA/VIDEO/COUNTRY/FILL/Clay Walker - Catching Up With An Ol' Memory.mp4,Clay Walker,Catching Up With An Ol' Memory,RVTR136111,1,SAFE TITLE NOISE,Existing simulation selected one canonical candidate (RVTR136111); deterministic filename/tag noise.,true
/Users/bobhopp/DJ MEDIA/VIDEO/1980's/When You Say Nothing at All - Keith Whitley.mp4,Keith Whitley,When You Say Nothing at All,RVTR041305,1,HUMAN REVIEW REQUIRED,"Existing simulation selected one candidate (RVTR041305), but no safe disposition signal.",false
/Users/bobhopp/DJ MEDIA/VIDEO/1990's/Michael Jackson (This Is It) - Black or White.mp4,Michael Jackson (This Is It),Black or White,RVTR173110,1,HUMAN REVIEW REQUIRED,"Existing simulation selected one candidate (RVTR173110), but no safe disposition signal.",false
/Users/bobhopp/DJ MEDIA/VIDEO/2000's/Rob Zombie feat. Lionel Richie - Brick House.mp4,Rob Zombie feat. Lionel Richie,Brick House,RVTR604889,1,HUMAN REVIEW REQUIRED,"Existing simulation selected one candidate (RVTR604889), but no safe disposition signal.",false
/Users/bobhopp/DJ MEDIA/VIDEO/2000's/Willie Nelson - Blue Eyes Cryin' In The Rain.mp4,Willie Nelson,Blue Eyes Cryin' In The Rain,RVTR301024,1,SAFE TITLE NOISE,Existing simulation selected one canonical candidate (RVTR301024); deterministic filename/tag noise.,true
/Users/bobhopp/DJ MEDIA/VIDEO/COUNTRY/FILL/Norah Jones feat. Dolly Parton - Creepin' in.mp4,Norah Jones feat Dolly Parton,Creepin' in,RVTR388625,1,SAFE TITLE NOISE,Existing simulation selected one canonical candidate (RVTR388625); deterministic filename/tag noise.,true
/Users/bobhopp/DJ MEDIA/VIDEO/2020's/The Rolling Stones - Living In A Ghost Town.mp4,The Rolling Stones,Living In A Ghost Town,RVTR783210,1,HUMAN REVIEW REQUIRED,"Existing simulation selected one candidate (RVTR783210), but no safe disposition signal.",false
/Users/bobhopp/DJ MEDIA/VIDEO/2010's/Orchestra Version - What a Wonderful World.mp4,Orchestra Version,What a Wonderful World,RVTR313902,1,HUMAN REVIEW REQUIRED,"Existing simulation selected one candidate (RVTR313902), but no safe disposition signal.",false
/Users/bobhopp/DJ MEDIA/VIDEO/1960's/Irma Thomas - Anyone Who Knows What Love Is.mp4,Irma Thomas,Anyone Who Knows What Love Is,RVTR592233,1,HUMAN REVIEW REQUIRED,"Existing simulation selected one candidate (RVTR592233), but no safe disposition signal.",false
"/Users/bobhopp/DJ MEDIA/VIDEO/2010's/Ellie Goulding, Diplo, Swae Lee - Close To Me.mp4","Ellie Goulding, Diplo, Swae Lee",Close To Me,RVTR903296,1,HUMAN REVIEW REQUIRED,"Existing simulation selected one candidate (RVTR903296), but no safe disposition signal.",false
/Users/bobhopp/DJ MEDIA/VIDEO/2010's/Reeve Carney f._Bono & The Edge - Rise Above 1.mp4,Reeve Carney f./Bono & The Edge,Rise Above 1,RVTR012993,1,HUMAN REVIEW REQUIRED,"Existing simulation selected one candidate (RVTR012993), but no safe disposition signal.",false
/Users/bobhopp/DJ MEDIA/VIDEO/1950's/Judy Garland and Johnny Mercer - Friendship.mp4,Judy Garland and Johnny Mercer,Friendship,RVTR078488,1,HUMAN REVIEW REQUIRED,"Existing simulation selected one candidate (RVTR078488), but no safe disposition signal.",false
/Users/bobhopp/DJ MEDIA/VIDEO/2010's/T-Pain f._Wiz Khalifa & Lily Allen - 5 O'Clock.mp4,T-Pain f./Wiz Khalifa & Lily Allen,5 O'Clock,RVTR568043,1,SAFE TITLE NOISE,Existing simulation selected one canonical candidate (RVTR568043); deterministic filename/tag noise.,true
/Users/bobhopp/DJ MEDIA/VIDEO/1970's/Johnny Paycheck - Take This Job And Shove It.mp4,Johnny Paycheck,Take This Job And Shove It,RVTR517133,1,HUMAN REVIEW REQUIRED,"Existing simulation selected one candidate (RVTR517133), but no safe disposition signal.",false
/Users/bobhopp/DJ MEDIA/VIDEO/1980's/Kings - This Beat Goes On_Switchin To Glide.mp4,Kings,This Beat Goes On:Switchin To Glide,RVTR501776,1,SAFE TITLE NOISE,Existing simulation selected one canonical candidate (RVTR501776); deterministic filename/tag noise.,true
/Users/bobhopp/DJ MEDIA/VIDEO/1960's/Diana Ross & The Supremes - Come See About Me.mp4,Diana Ross & The Supremes,Come See About Me,RVTR298378,1,HUMAN REVIEW REQUIRED,"Existing simulation selected one candidate (RVTR298378), but no safe disposition signal.",false
/Users/bobhopp/DJ MEDIA/VIDEO/1960's/Gladys Knight & B.B. King - The Thrill Is Gone.mp4,Gladys Knight & B.B. King,The Thrill Is Gone,RVTR732191,1,HUMAN REVIEW REQUIRED,"Existing simulation selected one candidate (RVTR732191), but no safe disposition signal.",false
/Users/bobhopp/DJ MEDIA/VIDEO/2000's/Alison Krauss And Jerry Douglas - Graceland.mp4,Alison Krauss And Jerry Douglas,Graceland,RVTR957436,1,HUMAN REVIEW REQUIRED,"Existing simulation selected one candidate (RVTR957436), but no safe disposition signal.",false
/Users/bobhopp/DJ MEDIA/VIDEO/2010's/The Lonely Island f._Nicki Minaj - The Creep.mp4,The Lonely Island f./Nicki Minaj,The Creep,RVTR265821,1,HUMAN REVIEW REQUIRED,"Existing simulation selected one candidate (RVTR265821), but no safe disposition signal.",false
/Users/bobhopp/DJ MEDIA/VIDEO/TECHNO/Daniel Hoppe feat. Paul King - Love And Pride.mp4,Daniel Hoppe Feat Paul King,Love And Pride,RVTR422296,1,HUMAN REVIEW REQUIRED,"Existing simulation selected one candidate (RVTR422296), but no safe disposition signal.",false
/Users/bobhopp/DJ MEDIA/VIDEO/1980's/Bob Marley & The Wailers - Could You Be Loved.mp4,Bob Marley,Could You Be Loved,RVTR752333,1,HUMAN REVIEW REQUIRED,"Existing simulation selected one candidate (RVTR752333), but no safe disposition signal.",false
/Users/bobhopp/DJ MEDIA/VIDEO/1980's/John Cougar Mellencamp - R.O.C.K. In The U.S.A.mp4,John Cougar Mellencamp,R.O.C.K. In The U.S.A,RVTR209573,1,SAFE TITLE NOISE,Existing simulation selected one canonical candidate (RVTR209573); deterministic filename/tag noise.,true
/Users/bobhopp/DJ MEDIA/VIDEO/2010's/Miley Cyrus & Joan Jett - Crimson and Clover.mp4,Miley Cyrus & Joan Jett,Crimson and Clover,RVTR967991,1,HUMAN REVIEW REQUIRED,"Existing simulation selected one candidate (RVTR967991), but no safe disposition signal.",false
/Users/bobhopp/DJ MEDIA/VIDEO/1960's/Nat King Cole - An Evening With Nat King Cole.mp4,Nat King Cole,An Evening With Nat King Cole,RVTR788746,1,HUMAN REVIEW REQUIRED,"Existing simulation selected one candidate (RVTR788746), but no safe disposition signal.",false
/Users/bobhopp/DJ MEDIA/VIDEO/1980's/Public Enemy - Night Of The Living Baseheads.mp4,Public Enemy,Night Of The Living Baseheads,RVTR980698,1,HUMAN REVIEW REQUIRED,"Existing simulation selected one candidate (RVTR980698), but no safe disposition signal.",false
/Users/bobhopp/DJ MEDIA/VIDEO/1990's/Siouxsie And The Banshees - Kiss Them For Me.mp4,Siouxsie And The Banshees,Kiss Them For Me,RVTR811875,1,HUMAN REVIEW REQUIRED,"Existing simulation selected one candidate (RVTR811875), but no safe disposition signal.",false
/Users/bobhopp/DJ MEDIA/VIDEO/1980's/Ricky Skaggs - Crying My Heart Out Over You.mp4,Ricky Skaggs,Crying My Heart Out Over You,RVTR720081,1,HUMAN REVIEW REQUIRED,"Existing simulation selected one candidate (RVTR720081), but no safe disposition signal.",false
/Users/bobhopp/DJ MEDIA/VIDEO/2000's/John Mayer - Waiting For The World To Change.mp4,John Mayer,Waiting For The World To Change,RVTR059257,1,HUMAN REVIEW REQUIRED,"Existing simulation selected one candidate (RVTR059257), but no safe disposition signal.",false
/Users/bobhopp/DJ MEDIA/VIDEO/2010's/Nathaniel Rateliff & The Night Sweats - S.O.B.mp4,Nathaniel Rateliff & The Night Sweats,S.O.B.,RVTR801828,1,SAFE TITLE NOISE,Existing simulation selected one canonical candidate (RVTR801828); deterministic filename/tag noise.,true
/Users/bobhopp/DJ MEDIA/VIDEO/1960's/The Beatles - You've Got Hide Your Love Away.mp4,The Beatles,You've Got Hide Your Love Away,RVTR111215,1,SAFE TITLE NOISE,Existing simulation selected one canonical candidate (RVTR111215); deterministic filename/tag noise.,true
/Users/bobhopp/DJ MEDIA/VIDEO/1990's/Phyllis Hyman - Don t Wanna Change the World.mp4,Phyllis Hyman,Don t Wanna Change the World,RVTR506165,1,HUMAN REVIEW REQUIRED,"Existing simulation selected one candidate (RVTR506165), but no safe disposition signal.",false
/Users/bobhopp/DJ MEDIA/VIDEO/1990's/Stone Temple Pilots - Interstate Love Song.mp4,Stone Temple Pilots,Interstate Love Song,RVTR117242,1,HUMAN REVIEW REQUIRED,"Existing simulation selected one candidate (RVTR117242), but no safe disposition signal.",false
/Users/bobhopp/DJ MEDIA/VIDEO/COUNTRY/FILL/Lefty Frizzell - I Love You A Thousand Ways.mp4,Lefty Frizzell,I Love You A Thousand Ways,RVTR884058,1,HUMAN REVIEW REQUIRED,"Existing simulation selected one candidate (RVTR884058), but no safe disposition signal.",false
/Users/bobhopp/DJ MEDIA/VIDEO/TECHNO/U2 - I'll Go Crazy If I Don't Go Crazy Tonight.mp4,U2,I'll Go Crazy If I Don't Go Crazy Tonight,RVTR164560,1,SAFE TITLE NOISE,Existing simulation selected one canonical candidate (RVTR164560); deterministic filename/tag noise.,true
/Users/bobhopp/DJ MEDIA/VIDEO/1990's/Trisha Yearwood - She's In Love With The Boy.mp4,Trisha Yearwood,She's In Love With The Boy,RVTR428109,1,SAFE TITLE NOISE,Existing simulation selected one canonical candidate (RVTR428109); deterministic filename/tag noise.,true
/Users/bobhopp/DJ MEDIA/VIDEO/2020's/Tedeschi Trucks Band - Bring It On Home To Me.mp4,Tedeschi Trucks Band,Bring It On Home To Me,RVTR381777,1,HUMAN REVIEW REQUIRED,"Existing simulation selected one candidate (RVTR381777), but no safe disposition signal.",false
/Users/bobhopp/DJ MEDIA/VIDEO/1980's/Nitty Gritty Dirt Band - Fishing In The Dark.mp4,Nitty Gritty Dirt Band,Fishing In The Dark,RVTR281638,1,HUMAN REVIEW REQUIRED,"Existing simulation selected one candidate (RVTR281638), but no safe disposition signal.",false
"/Users/bobhopp/DJ MEDIA/VIDEO/TECHNO/Sinclar, Bob f.Steve Edwards - World, Hold On.mp4","Sinclar, Bob f.Steve Edwards","World, Hold On",RVTR856674,1,SAFE TITLE NOISE,Existing simulation selected one canonical candidate (RVTR856674); deterministic filename/tag noise.,true
/Users/bobhopp/DJ MEDIA/VIDEO/2010's/Yolanda Be Cool & DCUP - We Speak No Americano.mp4,Yolanda Be Cool & DCUP,We Speak No Americano,RVTR352397,1,HUMAN REVIEW REQUIRED,"Existing simulation selected one candidate (RVTR352397), but no safe disposition signal.",false
/Users/bobhopp/DJ MEDIA/VIDEO/1980's/Sister Sledge - When the Boys Meet the Girls.mp4,Sister Sledge,When the Boys Meet the Girls,RVTR625438,1,HUMAN REVIEW REQUIRED,"Existing simulation selected one candidate (RVTR625438), but no safe disposition signal.",false
"/Users/bobhopp/DJ MEDIA/VIDEO/TECHNO/Pipettes, The - Your Kisses Are Wasted On Me.mp4","Pipettes, The",Your Kisses Are Wasted On Me,RVTR312099,1,HUMAN REVIEW REQUIRED,"Existing simulation selected one candidate (RVTR312099), but no safe disposition signal.",false
/Users/bobhopp/DJ MEDIA/VIDEO/2000's/O Brother Where Art Thou - Sleep Little Baby.mp4,O Brother Where Art Thou,Sleep Little Baby,RVTR468376,1,HUMAN REVIEW REQUIRED,"Existing simulation selected one candidate (RVTR468376), but no safe disposition signal.",false
/Users/bobhopp/DJ MEDIA/VIDEO/2010's/We The Kings f._Demi Lovato - We'll Be A Dream.mp4,We The Kings f./Demi Lovato,We'll Be A Dream,RVTR673927,1,SAFE TITLE NOISE,Existing simulation selected one canonical candidate (RVTR673927); deterministic filename/tag noise.,true
/Users/bobhopp/DJ MEDIA/VIDEO/2010's/Armin Van Buuren f._Nadia Ali - Feels So Good.mp4,Armin Van Buuren f./Nadia Ali,Feels So Good,RVTR566972,1,HUMAN REVIEW REQUIRED,"Existing simulation selected one candidate (RVTR566972), but no safe disposition signal.",false
/Users/bobhopp/DJ MEDIA/VIDEO/TECHNO/Martha Wash & Jocelyn Brown - Keep On Jumpin'.mp4,Martha Wash & Jocelyn Brown,Keep On Jumpin',RVTR960962,1,SAFE TITLE NOISE,Existing simulation selected one canonical candidate (RVTR960962); deterministic filename/tag noise.,true
/Users/bobhopp/DJ MEDIA/VIDEO/1990's/Big Head Todd and the Monsters - Bittersweet.mp4,Big Head Todd and the Monsters,Bittersweet,RVTR407803,1,HUMAN REVIEW REQUIRED,"Existing simulation selected one candidate (RVTR407803), but no safe disposition signal.",false
/Users/bobhopp/DJ MEDIA/VIDEO/2010's/Horseshoes & Hand Grenades - Short But Sweet.mp4,Horseshoes & Hand Grenades,Short But Sweet,RVTR645870,1,HUMAN REVIEW REQUIRED,"Existing simulation selected one candidate (RVTR645870), but no safe disposition signal.",false
/Users/bobhopp/DJ MEDIA/VIDEO/1970's/Boney M. - Hooray! Hooray! It s a Holi-Holiday.mp4,Boney M.,Hooray! Hooray! It s a Holi-Holiday,RVTR889230,1,SAFE TITLE NOISE,Existing simulation selected one canonical candidate (RVTR889230); deterministic filename/tag noise.,true
/Users/bobhopp/DJ MEDIA/VIDEO/1970's/Grand Funk Railroad - Some Kind of Wonderful.mp4,Grand Funk Railroad,Some Kind of Wonderful,RVTR676353,1,HUMAN REVIEW REQUIRED,"Existing simulation selected one candidate (RVTR676353), but no safe disposition signal.",false
/Users/bobhopp/DJ MEDIA/VIDEO/2010's/Katy Perry f._Snoop Dogg - California Gurls.mp4,Katy Perry f./Snoop Dogg,California Gurls,RVTR815790,1,HUMAN REVIEW REQUIRED,"Existing simulation selected one candidate (RVTR815790), but no safe disposition signal.",false
/Users/bobhopp/DJ MEDIA/VIDEO/TECHNO/Velvet Revolver - She Builds Quick Machines.mp4,Velvet Revolver,She Builds Quick Machines,RVTR446160,1,HUMAN REVIEW REQUIRED,"Existing simulation selected one candidate (RVTR446160), but no safe disposition signal.",false
/Users/bobhopp/DJ MEDIA/VIDEO/1970's/Bob Marley & The Wailers - Three Little Birds.mp4,Bob Marley,Three Little Birds,RVTR139295,1,HUMAN REVIEW REQUIRED,"Existing simulation selected one candidate (RVTR139295), but no safe disposition signal.",false
/Users/bobhopp/DJ MEDIA/VIDEO/1990's/The Beach Boys - That's Why God Made The Radio.mp4,The Beach Boys,That's Why God Made The Radio,RVTR661013,1,SAFE TITLE NOISE,Existing simulation selected one canonical candidate (RVTR661013); deterministic filename/tag noise.,true
/Users/bobhopp/DJ MEDIA/VIDEO/1990's/Fiona Apple - Shadowboxer (Official HD Video).mp4,Fiona Apple,Shadowboxer,RVTR129691,1,HUMAN REVIEW REQUIRED,"Existing simulation selected one candidate (RVTR129691), but no safe disposition signal.",false
/Users/bobhopp/DJ MEDIA/VIDEO/2000's/Snoop Dogg F.Pharrell - Drop It Like It's Hot.mp4,Snoop Dogg F.Pharrell,Drop It Like It's Hot,RVTR612712,1,SAFE TITLE NOISE,Existing simulation selected one canonical candidate (RVTR612712); deterministic filename/tag noise.,true
/Users/bobhopp/DJ MEDIA/VIDEO/2010's/Breaking Benjamin and Gavin Rossdale - Would.mp4,Breaking Benjamin and Gavin Rossdale,Would,RVTR982199,1,HUMAN REVIEW REQUIRED,"Existing simulation selected one candidate (RVTR982199), but no safe disposition signal.",false
/Users/bobhopp/DJ MEDIA/VIDEO/1960's/Liza Minnelli - The Music That Makes Me Dance.mp4,Liza Minnelli,The Music That Makes Me Dance,RVTR540593,1,HUMAN REVIEW REQUIRED,"Existing simulation selected one candidate (RVTR540593), but no safe disposition signal.",false
/Users/bobhopp/DJ MEDIA/VIDEO/1950's/Judy Garland And Gene Kelly - Ballin' The Jack.mp4,Judy Garland And Gene Kelly,Ballin' The Jack,RVTR993640,1,SAFE TITLE NOISE,Existing simulation selected one canonical candidate (RVTR993640); deterministic filename/tag noise.,true
/Users/bobhopp/DJ MEDIA/VIDEO/1960's/Tammy Wynette - Your Good Girls Gonna Go Bad.mp4,Tammy Wynette,Your Good Girls Gonna Go Bad,RVTR162328,1,HUMAN REVIEW REQUIRED,"Existing simulation selected one candidate (RVTR162328), but no safe disposition signal.",false
/Users/bobhopp/DJ MEDIA/VIDEO/TECHNO/B.B King. & Eric Clapton - Riding With The King.mp4,B.B King. & Eric Clapton,Riding With The King,RVTR383880,1,HUMAN REVIEW REQUIRED,"Existing simulation selected one candidate (RVTR383880), but no safe disposition signal.",false
/Users/bobhopp/DJ MEDIA/VIDEO/1990's/Bruce Springsteen - Streets Of Philadelphia.mp4,Bruce Springsteen,Streets Of Philadelphia,RVTR520071,1,HUMAN REVIEW REQUIRED,"Existing simulation selected one candidate (RVTR520071), but no safe disposition signal.",false
/Users/bobhopp/DJ MEDIA/VIDEO/2020's/Danielle Bradbery - Stop Draggin' Your Boots.mp4,Danielle Bradbery,Stop Draggin' Your Boots,RVTR550115,1,SAFE TITLE NOISE,Existing simulation selected one canonical candidate (RVTR550115); deterministic filename/tag noise.,true
/Users/bobhopp/DJ MEDIA/VIDEO/1960's/The Kinks - All Of The Day And All Of The Night.mp4,The Kinks,All Of The Day And All Of The Night,RVTR004611,1,HUMAN REVIEW REQUIRED,"Existing simulation selected one candidate (RVTR004611), but no safe disposition signal.",false
/Users/bobhopp/DJ MEDIA/VIDEO/COUNTRY/FILL/The Soggy Bottom Boys - In The Jailhouse Now.MP4,The Soggy Bottom Boys,In The Jailhouse Now,RVTR712786,1,HUMAN REVIEW REQUIRED,"Existing simulation selected one candidate (RVTR712786), but no safe disposition signal.",false
/Users/bobhopp/DJ MEDIA/VIDEO/2000's/Leona Lewis - First Time Ever I Saw Your Face.mp4,Leona Lewis,First Time Ever I Saw Your Face,RVTR307545,1,HUMAN REVIEW REQUIRED,"Existing simulation selected one candidate (RVTR307545), but no safe disposition signal.",false
"/Users/bobhopp/DJ MEDIA/VIDEO/2020's/Bruno Mars, Anderson Paak, Silk Sonic - Skate.mp4","Bruno Mars, Anderson Paak, Silk Sonic",Skate,RVTR457725,1,HUMAN REVIEW REQUIRED,"Existing simulation selected one candidate (RVTR457725), but no safe disposition signal.",false
/Users/bobhopp/DJ MEDIA/VIDEO/1970's/Dionne Warwick & The Spinners - Then Came You.mp4,Dionne Warwick & The Spinners,Then Came You,RVTR934014,1,HUMAN REVIEW REQUIRED,"Existing simulation selected one candidate (RVTR934014), but no safe disposition signal.",false
/Users/bobhopp/DJ MEDIA/VIDEO/1960's/Napoleon XIV - They're Coming To Take Me Away.mp4,Napoleon XIV,They're Coming To Take Me Away,RVTR690845,1,SAFE TITLE NOISE,Existing simulation selected one canonical candidate (RVTR690845); deterministic filename/tag noise.,true
/Users/bobhopp/DJ MEDIA/VIDEO/2010's/Church of the Cosmic Skull - Evil in your Eye.mp4,Church of the Cosmic Skull,Evil in your Eye,RVTR984759,1,HUMAN REVIEW REQUIRED,"Existing simulation selected one candidate (RVTR984759), but no safe disposition signal.",false
/Users/bobhopp/DJ MEDIA/VIDEO/TECHNO/Under The Influence Of Giants - In The Clouds.mp4,Under The Influence Of Giants,In The Clouds,RVTR996462,1,HUMAN REVIEW REQUIRED,"Existing simulation selected one candidate (RVTR996462), but no safe disposition signal.",false
"/Users/bobhopp/DJ MEDIA/VIDEO/2000's/Houston F.Chingy, Nate Dogg & I-20 - I Like That.mp4","Houston F.Chingy, Nate Dogg & I-20",I Like That,RVTR213220,1,HUMAN REVIEW REQUIRED,"Existing simulation selected one candidate (RVTR213220), but no safe disposition signal.",false
"/Users/bobhopp/DJ MEDIA/VIDEO/1960's/The Castaways (Gilligan's Island) - Liar, Liar.mp4",The Castaways (Gilligan's Island),"Liar, Liar",RVTR979272,1,SAFE TITLE NOISE,Existing simulation selected one canonical candidate (RVTR979272); deterministic filename/tag noise.,true
/Users/bobhopp/DJ MEDIA/VIDEO/2010's/Far East Movement f._Ryan Tedder - Rocketeer.mp4,Far East Movement f./Ryan Tedder,Rocketeer,RVTR669007,1,HUMAN REVIEW REQUIRED,"Existing simulation selected one candidate (RVTR669007), but no safe disposition signal.",false
/Users/bobhopp/DJ MEDIA/VIDEO/1980's/Bonnie Tyler - Faster Than the Speed of Night.mp4,Bonnie Tyler,Faster Than the Speed of Night,RVTR654810,1,HUMAN REVIEW REQUIRED,"Existing simulation selected one candidate (RVTR654810), but no safe disposition signal.",false
/Users/bobhopp/DJ MEDIA/VIDEO/1980's/Olivia Newton John & Cliff Richard - Suddenly.mp4,Olivia Newton John & Cliff Richard,Suddenly,RVTR650109,1,HUMAN REVIEW REQUIRED,"Existing simulation selected one candidate (RVTR650109), but no safe disposition signal.",false
/Users/bobhopp/DJ MEDIA/VIDEO/1980's/Ramones - Do You Remember Rock and Roll Radio.mp4,Ramones,Do You Remember Rock and Roll Radio,RVTR027266,1,HUMAN REVIEW REQUIRED,"Existing simulation selected one candidate (RVTR027266), but no safe disposition signal.",false
/Users/bobhopp/DJ MEDIA/VIDEO/2010's/Pitbull f._Chris Brown - International Love.mp4,Pitbull f./Chris Brown,International Love,RVTR360611,1,HUMAN REVIEW REQUIRED,"Existing simulation selected one candidate (RVTR360611), but no safe disposition signal.",false
/Users/bobhopp/DJ MEDIA/VIDEO/1970's/Creedence Clearwater Revival - Travilin Band.mp4,Creedence Clearwater Revival,Travilin Band,RVTR463208,1,HUMAN REVIEW REQUIRED,"Existing simulation selected one candidate (RVTR463208), but no safe disposition signal.",false
/Users/bobhopp/DJ MEDIA/VIDEO/1990's/Rage Against The Machine - Killing In The Name.mp4,Rage Against The Machine,Killing In The Name,RVTR626520,1,HUMAN REVIEW REQUIRED,"Existing simulation selected one candidate (RVTR626520), but no safe disposition signal.",false
/Users/bobhopp/DJ MEDIA/VIDEO/1960's/Sly & The Family Stone - Everyday People (1968).mp4,Sly & The Family Stone,Everyday People (1968),RVTR836442,1,SAFE TITLE NOISE,Existing simulation selected one canonical candidate (RVTR836442); deterministic filename/tag noise.,true
/Users/bobhopp/DJ MEDIA/VIDEO/2000's/Lumidee F.Tony Sunshine - She's Like The Wind.mp4,Lumidee F.Tony Sunshine,She's Like The Wind,RVTR402381,1,SAFE TITLE NOISE,Existing simulation selected one canonical candidate (RVTR402381); deterministic filename/tag noise.,true
/Users/bobhopp/DJ MEDIA/VIDEO/2010's/Townes van Zandt - Ill Be Here In The  Morning.mp4,Townes van Zandt,13 I ll Be Here In The  Morning,RVTR786697,1,HUMAN REVIEW REQUIRED,"Existing simulation selected one candidate (RVTR786697), but no safe disposition signal.",false
/Users/bobhopp/DJ MEDIA/VIDEO/1980's/Evelyn Champagne King - Love Come Down (Clean).mp4,Evelyn Champagne King,Love Come Down (Clean),RVTR217929,1,DISTINCT RECORDING,Recording/version wording may identify a different recording.,false
"/Users/bobhopp/DJ MEDIA/VIDEO/TECHNO/Whitney Houston - It's Not Right, But It's OK.mp4",Whitney Houston,"It's Not Right, But It's OK",RVTR530689,1,SAFE TITLE NOISE,Existing simulation selected one canonical candidate (RVTR530689); deterministic filename/tag noise.,true
/Users/bobhopp/DJ MEDIA/VIDEO/1970's/John Prine - You Never Even Call Me By My Name.mp4,John Prine,You Never Even Call Me By My Name,RVTR630975,1,HUMAN REVIEW REQUIRED,"Existing simulation selected one candidate (RVTR630975), but no safe disposition signal.",false
"/Users/bobhopp/DJ MEDIA/VIDEO/TECHNO/Red Jumpsuit Apparatus, The - False Pretense.mp4","Red Jumpsuit Apparatus, The",False Pretense,RVTR190027,1,HUMAN REVIEW REQUIRED,"Existing simulation selected one candidate (RVTR190027), but no safe disposition signal.",false
/Users/bobhopp/DJ MEDIA/VIDEO/2000's/Trailer Trash Tracys - You Wish You Were Red.mp4,Trailer Trash Tracys,You Wish You Were Red,RVTR531748,1,HUMAN REVIEW REQUIRED,"Existing simulation selected one candidate (RVTR531748), but no safe disposition signal.",false
"/Users/bobhopp/DJ MEDIA/VIDEO/2010's/Dave Grohl, Josh Homme, Trent Reznor - Mantra.mp4","Dave Grohl, Josh Homme, Trent Reznor",Mantra,RVTR153223,1,HUMAN REVIEW REQUIRED,"Existing simulation selected one candidate (RVTR153223), but no safe disposition signal.",false
/Users/bobhopp/DJ MEDIA/VIDEO/1960's/Mississippi Fred McDowell - Shake 'Em On Down.mp4,Mississippi Fred McDowell,Shake 'Em On Down,RVTR061977,1,SAFE TITLE NOISE,Existing simulation selected one canonical candidate (RVTR061977); deterministic filename/tag noise.,true
/Users/bobhopp/DJ MEDIA/VIDEO/1990's/Heavy D. & The Boyz - Now That We've Found Love.mp4,Heavy D. & The Boyz,Now That We've Found Love,RVTR136584,1,SAFE TITLE NOISE,Existing simulation selected one canonical candidate (RVTR136584); deterministic filename/tag noise.,true
/Users/bobhopp/DJ MEDIA/VIDEO/1980's/Robin Gibb - Another Lonely Night In New York.mp4,Robin Gibb,Another Lonely Night In New York,RVTR863619,1,HUMAN REVIEW REQUIRED,"Existing simulation selected one candidate (RVTR863619), but no safe disposition signal.",false
/Users/bobhopp/DJ MEDIA/VIDEO/1970's/Middle of the Road - Chirpy Chirpy Cheep Cheep.mp4,Middle of the Road,Chirpy Chirpy Cheep Cheep,RVTR652368,1,HUMAN REVIEW REQUIRED,"Existing simulation selected one candidate (RVTR652368), but no safe disposition signal.",false
/Users/bobhopp/DJ MEDIA/VIDEO/1990's/The Pursuit Of Happiness - Cigarette Dangles.mp4,The Pursuit Of Happiness,Cigarette Dangles,RVTR353247,1,HUMAN REVIEW REQUIRED,"Existing simulation selected one candidate (RVTR353247), but no safe disposition signal.",false
/Users/bobhopp/DJ MEDIA/VIDEO/2010's/Machine Gun Kelly & Camila Cabello - Bad Things.mp4,Machine Gun Kelly & Camila Cabello,Bad Things,RVTR471028,1,HUMAN REVIEW REQUIRED,"Existing simulation selected one candidate (RVTR471028), but no safe disposition signal.",false
"/Users/bobhopp/DJ MEDIA/VIDEO/1980's/Phantom, Rocker and Slick - Men Without Shame.mp4","Phantom, Rocker and Slick",Men Without Shame,RVTR934069,1,HUMAN REVIEW REQUIRED,"Existing simulation selected one candidate (RVTR934069), but no safe disposition signal.",false
/Users/bobhopp/DJ MEDIA/VIDEO/1970's/Blondie - I'm Always Touched by Your Presence.mp4,Blondie,I'm Always Touched by Your Presence,RVTR049200,1,SAFE TITLE NOISE,Existing simulation selected one canonical candidate (RVTR049200); deterministic filename/tag noise.,true
/Users/bobhopp/DJ MEDIA/VIDEO/1960's/The Beatles - Everybodys Trying To Be My Baby.mp4,The Beatles,Everybodys Trying To Be My Baby,RVTR580436,1,HUMAN REVIEW REQUIRED,"Existing simulation selected one candidate (RVTR580436), but no safe disposition signal.",false
/Users/bobhopp/DJ MEDIA/VIDEO/2010's/Mike Posner f._Lil Wayne - Bow Chicka Wow Wow.mp4,Mike Posner f./Lil Wayne,Bow Chicka Wow Wow,RVTR352041,1,HUMAN REVIEW REQUIRED,"Existing simulation selected one candidate (RVTR352041), but no safe disposition signal.",false
/Users/bobhopp/DJ MEDIA/VIDEO/1990's/Rockin' Sidney - Don't Mess With My Toot Toot.mp4,Rockin' Sidney,Don't Mess With My Toot Toot,RVTR261631,1,SAFE TITLE NOISE,Existing simulation selected one canonical candidate (RVTR261631); deterministic filename/tag noise.,true
/Users/bobhopp/DJ MEDIA/VIDEO/2000's/Kid Rock - You Never Met A Motherfcker Like Me.mp4,Kid Rock,You Never Met A Motherfcker Like Me,RVTR244251,1,HUMAN REVIEW REQUIRED,"Existing simulation selected one candidate (RVTR244251), but no safe disposition signal.",false
/Users/bobhopp/DJ MEDIA/VIDEO/2000's/T.I. & Justin Timberlake - Dead And Gone (Remix).mp4,T.I. & Justin Timberlake,Dead And Gone,RVTR651810,1,HUMAN REVIEW REQUIRED,"Existing simulation selected one candidate (RVTR651810), but no safe disposition signal.",false
/Users/bobhopp/DJ MEDIA/VIDEO/1950's/Jerry Lee Lewis - Whole Lotta Shakin' Goin' On.mp4,Jerry Lee Lewis,Whole Lotta Shakin' Goin' On ,RVTR469900,1,SAFE TITLE NOISE,Existing simulation selected one canonical candidate (RVTR469900); deterministic filename/tag noise.,true
/Users/bobhopp/DJ MEDIA/VIDEO/COUNTRY/FILL/Jerrod Niemann - Only God Could Love You More.mp4,Jerrod Niemann,Only God Could Love You More,RVTR786846,1,HUMAN REVIEW REQUIRED,"Existing simulation selected one candidate (RVTR786846), but no safe disposition signal.",false
/Users/bobhopp/DJ MEDIA/VIDEO/1970's/Steelers Wheel - Stuck In The Middle With You.mp4,Steelers Wheel,Stuck In The Middle With You,RVTR838164,1,HUMAN REVIEW REQUIRED,"Existing simulation selected one candidate (RVTR838164), but no safe disposition signal.",false
/Users/bobhopp/DJ MEDIA/VIDEO/2000's/Across the Universe - Happiness is a Warm Gun.mp4,Across the Universe,Happiness is a Warm Gun,RVTR501687,1,HUMAN REVIEW REQUIRED,"Existing simulation selected one candidate (RVTR501687), but no safe disposition signal.",false
/Users/bobhopp/DJ MEDIA/VIDEO/2010's/feat. Nyla & Fuse Odg - Major Lazer  Light It Up.mp4,feat. Nyla & Fuse Odg,Major Lazer  Light It Up,RVTR675861,1,HUMAN REVIEW REQUIRED,"Existing simulation selected one candidate (RVTR675861), but no safe disposition signal.",false
/Users/bobhopp/DJ MEDIA/VIDEO/2010's/Sean Kingston f._Justin Bieber - Eenie Meenie.mp4,Sean Kingston f./Justin Bieber,Eenie Meenie,RVTR820768,1,HUMAN REVIEW REQUIRED,"Existing simulation selected one candidate (RVTR820768), but no safe disposition signal.",false
/Users/bobhopp/DJ MEDIA/VIDEO/1960's/SSGT Barry Sadler - Ballad Of The Green Berets.mp4,SSGT Barry Sadler,Ballad Of The Green Berets,RVTR563403,1,HUMAN REVIEW REQUIRED,"Existing simulation selected one candidate (RVTR563403), but no safe disposition signal.",false
/Users/bobhopp/DJ MEDIA/VIDEO/2000's/Natasha Bedingfield - Pocket Full Of Sunshine.mp4,Natasha Bedingfield,Pocket Full Of Sunshine,RVTR360662,1,HUMAN REVIEW REQUIRED,"Existing simulation selected one candidate (RVTR360662), but no safe disposition signal.",false
/Users/bobhopp/DJ MEDIA/VIDEO/TECHNO/Tim Deluxe feat. Sam Obernik - It Just Wont Do.mp4,Tim Deluxe Feat  Sam Obernik,It Just Wont Do,RVTR049286,1,HUMAN REVIEW REQUIRED,"Existing simulation selected one candidate (RVTR049286), but no safe disposition signal.",false
/Users/bobhopp/DJ MEDIA/VIDEO/1970's/Paul McCartney - Uncle Albert   Admiral Halsey.mp4,Paul McCartney,Uncle Albert   Admiral Halsey,RVTR263243,1,HUMAN REVIEW REQUIRED,"Existing simulation selected one candidate (RVTR263243), but no safe disposition signal.",false
/Users/bobhopp/DJ MEDIA/VIDEO/1970's/The Guess Who - American Woman (Extended Live).mp4,The Guess Who,American Woman (Extended Live),RVTR823512,1,SAFE TITLE NOISE,Existing simulation selected one canonical candidate (RVTR823512); deterministic filename/tag noise.,true
/Users/bobhopp/DJ MEDIA/VIDEO/1980's/Gloria Estefan and Miami Sound Machine - Conga.mp4,Gloria Estefan and Miami Sound Machine,Conga,RVTR265997,1,HUMAN REVIEW REQUIRED,"Existing simulation selected one candidate (RVTR265997), but no safe disposition signal.",false
/Users/bobhopp/DJ MEDIA/VIDEO/TECHNO/Eric Prydz - Call On Me.mp4,Eric Prydz,Call On Me,RVTR556335,1,HUMAN REVIEW REQUIRED,"Existing simulation selected one candidate (RVTR556335), but no safe disposition signal.",false
/Users/bobhopp/DJ MEDIA/VIDEO/TECHNO/Fedde Le Grand - Put Your Hands Up For Detroit.mp4,Fedde Le Grand,Put Your Hands Up For Detroit,RVTR365473,1,HUMAN REVIEW REQUIRED,"Existing simulation selected one candidate (RVTR365473), but no safe disposition signal.",false
/Users/bobhopp/DJ MEDIA/VIDEO/2000's/Elton John w_ Britney Spears - Hold Me Closer.mp4,Elton John w/ Britney Spears,Hold Me Closer,RVTR500660,1,HUMAN REVIEW REQUIRED,"Existing simulation selected one candidate (RVTR500660), but no safe disposition signal.",false
/Users/bobhopp/DJ MEDIA/VIDEO/TECHNO/David Guetta feat. Jd Davis - The World Is Mine.mp4,David Guetta Feat Jd Davis,The World Is Mine,RVTR516963,1,HUMAN REVIEW REQUIRED,"Existing simulation selected one candidate (RVTR516963), but no safe disposition signal.",false
/Users/bobhopp/Library/CloudStorage/Dropbox/VIDEO/1970's/Sly & The Family Stone - Everyday People.mp4,Sly & The Family Stone,Everyday People,RVTR836442,1,HUMAN REVIEW REQUIRED,"Existing simulation selected one candidate (RVTR836442), but no safe disposition signal.",false
/Users/bobhopp/DJ MEDIA/VIDEO/2010's/Gym Class Heroes f._Neon Hitch - A__ Back Home.mp4,Gym Class Heroes f./Neon Hitch,A** Back Home,RVTR161217,1,HUMAN REVIEW REQUIRED,"Existing simulation selected one candidate (RVTR161217), but no safe disposition signal.",false
/Users/bobhopp/DJ MEDIA/VIDEO/2010's/Kenny Wayne Shepherd Band - Never Lookin' Back.mp4,Kenny Wayne Shepherd Band,Never Lookin' Back,RVTR043084,1,SAFE TITLE NOISE,Existing simulation selected one canonical candidate (RVTR043084); deterministic filename/tag noise.,true
/Users/bobhopp/DJ MEDIA/VIDEO/1960's/Buffalo Springfield - For What It's Worth (TV).mp4,Buffalo Springfield,For What It's Worth (TV),RVTR874849,1,SAFE TITLE NOISE,Existing simulation selected one canonical candidate (RVTR874849); deterministic filename/tag noise.,true
/Users/bobhopp/DJ MEDIA/VIDEO/1960's/Martha Reeves & The Vandellas - Nowhere to Run.mp4,Martha Reeves & The Vandellas,Nowhere to Run,RVTR963282,1,HUMAN REVIEW REQUIRED,"Existing simulation selected one candidate (RVTR963282), but no safe disposition signal.",false
/Users/bobhopp/DJ MEDIA/VIDEO/1980's/Barry Manilow - When The Good Times Come Again.mp4,Barry Manilow,When The Good Times Come Again,RVTR650856,1,HUMAN REVIEW REQUIRED,"Existing simulation selected one candidate (RVTR650856), but no safe disposition signal.",false
/Volumes/DJ  MAIN/DJ MEDIA/VIDEO/2000's/26-Atmosphere - Sunshine (Official Video).mp4,Atmosphere,Sunshine,RVTR581435,1,HUMAN REVIEW REQUIRED,"Existing simulation selected one candidate (RVTR581435), but no safe disposition signal.",false
/Users/bobhopp/DJ MEDIA/VIDEO/1980's/D-Mob feat. Cathy Dennis - C'Mon And Get My Love.mp4,D-Mob featuring Cathy Dennis,C'Mon And Get My Love,RVTR785942,1,SAFE TITLE NOISE,Existing simulation selected one canonical candidate (RVTR785942); deterministic filename/tag noise.,true
/Users/bobhopp/DJ MEDIA/VIDEO/1970's/Hank Williams jr - Whiskey Bent And Hell Bound.mp4,Hank Williams jr,Whiskey Bent And Hell Bound,RVTR065532,1,HUMAN REVIEW REQUIRED,"Existing simulation selected one candidate (RVTR065532), but no safe disposition signal.",false
/Users/bobhopp/DJ MEDIA/VIDEO/1960's/Billy J. Kramer And The Dakotas - From A Window.mp4,Billy J. Kramer And The Dakotas,From A Window,RVTR796650,1,HUMAN REVIEW REQUIRED,"Existing simulation selected one candidate (RVTR796650), but no safe disposition signal.",false
/Users/bobhopp/DJ MEDIA/VIDEO/1950's/Jerry Lee Lewis - Whole Lotta Shakin' Going On.mp4,Jerry Lee Lewis,Whole Lotta Shakin' Going On,RVTR100307,1,SAFE TITLE NOISE,Existing simulation selected one canonical candidate (RVTR100307); deterministic filename/tag noise.,true
/Users/bobhopp/DJ MEDIA/VIDEO/1960's/John Fred & His Playboy Band - Judy In Disguise.mp4,John Fred & His Playboy Band,Judy In Disguise,RVTR936011,1,HUMAN REVIEW REQUIRED,"Existing simulation selected one candidate (RVTR936011), but no safe disposition signal.",false
"/Users/bobhopp/DJ MEDIA/VIDEO/1980's/Hank Williams, Jr. - A Country Boy Can Survive.mp4","Hank Williams, Jr.",A Country Boy Can Survive,RVTR020786,1,HUMAN REVIEW REQUIRED,"Existing simulation selected one candidate (RVTR020786), but no safe disposition signal.",false
"/Users/bobhopp/DJ MEDIA/VIDEO/1970's/Melanie - Look What They've Done To My Song, Ma.mp4",Melanie,"Look What They've Done To My Song, Ma",RVTR387299,1,SAFE TITLE NOISE,Existing simulation selected one canonical candidate (RVTR387299); deterministic filename/tag noise.,true
"/Users/bobhopp/DJ MEDIA/VIDEO/1990's/Prince - Most Beautiful Girl In The World, The.mp4",Prince,"Most Beautiful Girl In The World, The",RVTR929298,1,SAFE TITLE NOISE,Existing simulation selected one canonical candidate (RVTR929298); deterministic filename/tag noise.,true
"/Users/bobhopp/DJ MEDIA/VIDEO/1990's/TLC, Salt-N-Pepa & En Vogue - No Scrubs And More.mp4","TLC, Salt-N-Pepa & En Vogue",No Scrubs And More,RVTR797906,1,HUMAN REVIEW REQUIRED,"Existing simulation selected one candidate (RVTR797906), but no safe disposition signal.",false
/Users/bobhopp/DJ MEDIA/VIDEO/1970's/Sly & the Family Stone - If You Want Me To Stay.mp4,Sly & the Family Stone,If You Want Me To Stay,RVTR382792,1,HUMAN REVIEW REQUIRED,"Existing simulation selected one candidate (RVTR382792), but no safe disposition signal.",false
/Volumes/DJ  MAIN/DJ MEDIA/VIDEO/1970's/42-Led Zeppelin - Boogie With Stu [HD] [MP4].mp4,Led Zeppelin,Boogie With Stu,RVTR992764,1,HUMAN REVIEW REQUIRED,"Existing simulation selected one candidate (RVTR992764), but no safe disposition signal.",false
"/Users/bobhopp/DJ MEDIA/VIDEO/1980's/Rod Stewart - Oh God, I Wish I Was Home Tonight.mp4",Rod Stewart,"Oh God, I Wish I Was Home Tonight",RVTR653819,1,SAFE TITLE NOISE,Existing simulation selected one canonical candidate (RVTR653819); deterministic filename/tag noise.,true
/Users/bobhopp/DJ MEDIA/VIDEO/2010's/Waka Flocka Flame F.Roscoe Dash  Wale - No Hands.mp4,Waka Flocka Flame f./Roscoe Dash & Wale,No Hands,RVTR435761,1,HUMAN REVIEW REQUIRED,"Existing simulation selected one candidate (RVTR435761), but no safe disposition signal.",false
/Users/bobhopp/DJ MEDIA/VIDEO/1980's/Eric Carmen - Hungry Eyes.mp4,Eric Carmen,Hungry Eyes,RVTR729669,1,HUMAN REVIEW REQUIRED,"Existing simulation selected one candidate (RVTR729669), but no safe disposition signal.",false
/Users/bobhopp/DJ MEDIA/VIDEO/1970's/Herman's Hermits - Henry the VIII _ Mrs. Brown.mp4,Herman's Hermits,Henry the VIII : Mrs. Brown,RVTR679704,1,SAFE TITLE NOISE,Existing simulation selected one canonical candidate (RVTR679704); deterministic filename/tag noise.,true
/Users/bobhopp/DJ MEDIA/VIDEO/1980's/Public Enemy - Black Steel In The Hour Of Chaos.mp4,Public Enemy,Black Steel In The Hour Of Chaos,RVTR198391,1,HUMAN REVIEW REQUIRED,"Existing simulation selected one candidate (RVTR198391), but no safe disposition signal.",false
/Users/bobhopp/DJ MEDIA/VIDEO/1960's/Paul Revere & The Raiders - Indian Reservation.mp4,Paul Revere & The Raiders,Indian Reservation,RVTR501407,1,HUMAN REVIEW REQUIRED,"Existing simulation selected one candidate (RVTR501407), but no safe disposition signal.",false
/Users/bobhopp/DJ MEDIA/VIDEO/1980's/Grateful Dead - Me And My Uncle   Mexicali Blues.MP4,Grateful Dead,Me And My Uncle   Mexicali Blues,RVTR424905,1,HUMAN REVIEW REQUIRED,"Existing simulation selected one candidate (RVTR424905), but no safe disposition signal.",false
"/Volumes/DJ  MAIN/DJ MEDIA/VIDEO/2000's/10-""Two Sisters Polka"" : Official Music Video.mp4",The Chardon Polka Band,Two Sisters Polka,RVTR936629,1,HUMAN REVIEW REQUIRED,"Existing simulation selected one candidate (RVTR936629), but no safe disposition signal.",false
/Volumes/DJ  MAIN/DJ MEDIA/VIDEO/1980's/3-Ry Cooder Get Rythm Video (studio version).mp4,Ry Cooder,Get Rythm,RVTR811349,1,HUMAN REVIEW REQUIRED,"Existing simulation selected one candidate (RVTR811349), but no safe disposition signal.",false
/Volumes/DJ  MAIN/DJ MEDIA/VIDEO/2020's/1-Tommy Newport - Movie Screen | A COLORS SHOW.mp4,Tommy Newport,Movie Screen,RVTR175550,1,HUMAN REVIEW REQUIRED,"Existing simulation selected one candidate (RVTR175550), but no safe disposition signal.",false
/Users/bobhopp/DJ MEDIA/VIDEO/2000's/The Darkness - I Believe In A Thing Called Love.mp4,The Darkness,I Believe In A Thing Called Love,RVTR213445,1,HUMAN REVIEW REQUIRED,"Existing simulation selected one candidate (RVTR213445), but no safe disposition signal.",false
"/Volumes/DJ  MAIN/DJ MEDIA/VIDEO/2010's/5-Dave Alvin & The Guilty Ones ""Harlan County Line"".mp4",Dave Alvin & The Guilty Ones,Harlan County Line,RVTR580715,1,HUMAN REVIEW REQUIRED,"Existing simulation selected one candidate (RVTR580715), but no safe disposition signal.",false
/Users/bobhopp/DJ MEDIA/VIDEO/TECHNO/Intenso Project Vs Lisa Scott - Lee - Get It On.mp4,Intenso Project Vs Lisa Scott,Lee - Get It On,RVTR717181,1,HUMAN REVIEW REQUIRED,"Existing simulation selected one candidate (RVTR717181), but no safe disposition signal.",false
/Users/bobhopp/DJ MEDIA/VIDEO/1970's/The Undisputed Truth - Smiling Faces.mp4,The Undisputed Truth,Smiling Faces,RVTR067568,1,HUMAN REVIEW REQUIRED,"Existing simulation selected one candidate (RVTR067568), but no safe disposition signal.",false
/Users/bobhopp/DJ MEDIA/VIDEO/2010's/The White Stripes - Under Nova Scotian Lights.mp4,The White Stripes,Under Nova Scotian Lights,RVTR250378,1,HUMAN REVIEW REQUIRED,"Existing simulation selected one candidate (RVTR250378), but no safe disposition signal.",false
/Users/bobhopp/DJ MEDIA/VIDEO/2010's/Gotye f._Kimbra - Somebody That I Used To Know.mp4,Gotye f./Kimbra,Somebody That I Used To Know,RVTR824279,1,HUMAN REVIEW REQUIRED,"Existing simulation selected one candidate (RVTR824279), but no safe disposition signal.",false
/Users/bobhopp/DJ MEDIA/VIDEO/1970's/Steve Miller Band - Take The Money And Run (1997).mp4,Steve Miller Band,Take The Money And Run (1997),RVTR444793,1,SAFE TITLE NOISE,Existing simulation selected one canonical candidate (RVTR444793); deterministic filename/tag noise.,true
/Users/bobhopp/DJ MEDIA/VIDEO/2010's/Darius Rucker and Lionel Richie - Stuck On You.mp4,Darius Rucker and Lionel Richie,Stuck On You,RVTR730334,1,HUMAN REVIEW REQUIRED,"Existing simulation selected one candidate (RVTR730334), but no safe disposition signal.",false
/Users/bobhopp/DJ MEDIA/VIDEO/1980's/Stevie Ray Vaughan & Double Trouble - Change It.mp4,Stevie Ray Vaughan & Double Trouble,Change It,RVTR567104,1,HUMAN REVIEW REQUIRED,"Existing simulation selected one candidate (RVTR567104), but no safe disposition signal.",false
/Users/bobhopp/DJ MEDIA/VIDEO/2000's/The Gaslight Anthem - The Patient Ferris Wheel.mp4,The Gaslight Anthem,The Patient Ferris Wheel,RVTR600142,1,HUMAN REVIEW REQUIRED,"Existing simulation selected one candidate (RVTR600142), but no safe disposition signal.",false
/Users/bobhopp/DJ MEDIA/VIDEO/1990's/En Vogue - My Lovin' (You're Never Gonna Get It).mp4,En Vogue,My Lovin' (You're Never Gonna Get It),RVTR024347,1,SAFE TITLE NOISE,Existing simulation selected one canonical candidate (RVTR024347); deterministic filename/tag noise.,true
/Users/bobhopp/DJ MEDIA/VIDEO/2000's/Cab Calloway & Nicholas Brothers - Jumpin' Jive.mp4,Cab Calloway & Nicholas Brothers,Jumpin' Jive,RVTR585045,1,SAFE TITLE NOISE,Existing simulation selected one canonical candidate (RVTR585045); deterministic filename/tag noise.,true
/Users/bobhopp/DJ MEDIA/VIDEO/2000's/Toby Keith & Willie Nelson - Beer For My Horses.mp4,Toby Keith & Willie Nelson,Beer For My Horses,RVTR950484,1,HUMAN REVIEW REQUIRED,"Existing simulation selected one candidate (RVTR950484), but no safe disposition signal.",false
/Users/bobhopp/DJ MEDIA/VIDEO/TECHNO/Axwell feat. Steve Edwards - Watch The Sunrise.mp4,Axwell Feat Steve Edwards,Watch The Sunrise,RVTR333349,1,HUMAN REVIEW REQUIRED,"Existing simulation selected one candidate (RVTR333349), but no safe disposition signal.",false
"/Users/bobhopp/DJ MEDIA/VIDEO/2020's/Diane Warren, Rita Ora, Sofía Reyes, Reik - Seaside.mp4","Diane Warren, Rita Ora, Sofía Reyes, Reik",Seaside,RVTR336819,1,HUMAN REVIEW REQUIRED,"Existing simulation selected one candidate (RVTR336819), but no safe disposition signal.",false
/Users/bobhopp/DJ MEDIA/VIDEO/2010's/Dr. Dre f._Eminem & Skylar Grey - I Need A Doctor.mp4,Dr. Dre f./Eminem & Skylar Grey,I Need A Doctor,RVTR566017,1,HUMAN REVIEW REQUIRED,"Existing simulation selected one candidate (RVTR566017), but no safe disposition signal.",false
/Users/bobhopp/DJ MEDIA/VIDEO/2010's/Timbaland f._Katy Perry - If We Ever Meet Again.mp4,Timbaland f./Katy Perry,If We Ever Meet Again,RVTR812305,1,HUMAN REVIEW REQUIRED,"Existing simulation selected one candidate (RVTR812305), but no safe disposition signal.",false
"/Users/bobhopp/DJ MEDIA/VIDEO/2010's/Pink - F__kin' Perfect (Clean Version, Perfect).mp4",Pink,F**kin' Perfect (Perfect) (Clean Version),RVTR710937,1,DISTINCT RECORDING,Recording/version wording may identify a different recording.,false
"/Users/bobhopp/DJ MEDIA/VIDEO/2020's/Jennifer Lopez, Rauw Alejandro - Cambia el Paso.mp4","Jennifer Lopez, Rauw Alejandro",Cambia el Paso,RVTR121495,1,HUMAN REVIEW REQUIRED,"Existing simulation selected one candidate (RVTR121495), but no safe disposition signal.",false
"/Users/bobhopp/DJ MEDIA/VIDEO/2000's/Britney Spears - I'm Not A Girl, Not Yet A Woman.mp4",Britney Spears,"I'm Not A Girl, Not Yet A Woman",RVTR270623,1,SAFE TITLE NOISE,Existing simulation selected one canonical candidate (RVTR270623); deterministic filename/tag noise.,true
/Users/bobhopp/DJ MEDIA/VIDEO/2020's/Madeline The Person feat. Adam Melchor - August.mp4,Madeline The Person feat. Adam Melchor,August,RVTR268801,1,HUMAN REVIEW REQUIRED,"Existing simulation selected one candidate (RVTR268801), but no safe disposition signal.",false
"/Users/bobhopp/DJ MEDIA/VIDEO/1970's/ABBA - Ring Ring - Rare Performance, 1973, Denmark.mp4",ABBA,Ring Ring,RVTR961237,1,HUMAN REVIEW REQUIRED,"Existing simulation selected one candidate (RVTR961237), but no safe disposition signal.",false
/Users/bobhopp/DJ MEDIA/VIDEO/2000's/Garth Brooks & Huey Lewis - Workin' For A Livin'.mp4,Garth Brooks & Huey Lewis,Workin' For A Livin',RVTR390823,1,SAFE TITLE NOISE,Existing simulation selected one canonical candidate (RVTR390823); deterministic filename/tag noise.,true
/Users/bobhopp/DJ MEDIA/VIDEO/1960's/The White Buffalo - The House of The Rising Sun.mp4,The White Buffalo,The House of The Rising Sun,RVTR926782,1,HUMAN REVIEW REQUIRED,"Existing simulation selected one candidate (RVTR926782), but no safe disposition signal.",false
/Users/bobhopp/DJ MEDIA/VIDEO/1980's/Paul Simon - Diamonds On The Soles Of Her Shoes.mp4,Paul Simon,Diamonds On The Soles Of Her Shoes,RVTR641113,1,HUMAN REVIEW REQUIRED,"Existing simulation selected one candidate (RVTR641113), but no safe disposition signal.",false
/Users/bobhopp/DJ MEDIA/VIDEO/2020's/Billy Strings - Wreck of the Edmund Fitzgerald.mp4,Billy Strings,Wreck of the Edmund Fitzgerald,RVTR369292,1,HUMAN REVIEW REQUIRED,"Existing simulation selected one candidate (RVTR369292), but no safe disposition signal.",false
/Volumes/DJ/DJ FILES/VIDEO/1950's/Nowhere Boys - In Spite Of All The Danger (1958) (1995).m4v,Nowhere Boys,In Spite Of All The Danger,RVTR344079,1,HUMAN REVIEW REQUIRED,"Existing simulation selected one candidate (RVTR344079), but no safe disposition signal.",false
/Users/bobhopp/DJ MEDIA/VIDEO/1980's/John Mellencamp - Aint Even Done With the Night.mp4,John Mellencamp,Aint Even Done With the Night,RVTR861893,1,HUMAN REVIEW REQUIRED,"Existing simulation selected one candidate (RVTR861893), but no safe disposition signal.",false
/Users/bobhopp/DJ MEDIA/VIDEO/1980's/Stevie Ray Vaughan & Double Trouble - Cold Shot.mp4,Stevie Ray Vaughan & Double Trouble,Cold Shot,RVTR507468,1,HUMAN REVIEW REQUIRED,"Existing simulation selected one candidate (RVTR507468), but no safe disposition signal.",false
"/Users/bobhopp/DJ MEDIA/VIDEO/2000's/The Gaslight Anthem - I'da Called You Woody, Joe.mp4",The Gaslight Anthem,"I'da Called You Woody, Joe",RVTR222097,1,SAFE TITLE NOISE,Existing simulation selected one canonical candidate (RVTR222097); deterministic filename/tag noise.,true
/Users/bobhopp/DJ MEDIA/VIDEO/TECHNO/Robert Randolph & The Family Band - Thrill Of It.mp4,Robert Randolph & The Family Band,Thrill Of It,RVTR803690,1,HUMAN REVIEW REQUIRED,"Existing simulation selected one candidate (RVTR803690), but no safe disposition signal.",false
/Users/bobhopp/DJ MEDIA/VIDEO/1980's/Dead or Alive - You Spin Me Round (Like a Record).mp4,Dead Or Alive,You Spin Me Round (Like a Record),RVTR950390,1,SAFE TITLE NOISE,Existing simulation selected one canonical candidate (RVTR950390); deterministic filename/tag noise.,true
/Users/bobhopp/DJ MEDIA/VIDEO/1980's/Will to Power - Baby I Love Your Way _ Freebird.mp4,Will to Power,Baby I Love Your Way / Freebird,RVTR139580,1,HUMAN REVIEW REQUIRED,"Existing simulation selected one candidate (RVTR139580), but no safe disposition signal.",false
/Users/bobhopp/DJ MEDIA/VIDEO/1990's/Rage Against The Machine - Sleep Now in the Fire.mp4,Rage Against The Machine,Sleep Now in the Fire,RVTR457818,1,HUMAN REVIEW REQUIRED,"Existing simulation selected one candidate (RVTR457818), but no safe disposition signal.",false
/Users/bobhopp/DJ MEDIA/VIDEO/1990's/John Prine & Iris Dement - In Spite Of Ourselves.mp4,John Prine & Iris Dement,In Spite Of Ourselves,RVTR306608,1,HUMAN REVIEW REQUIRED,"Existing simulation selected one candidate (RVTR306608), but no safe disposition signal.",false
/Users/bobhopp/DJ MEDIA/VIDEO/1980's/Mark Knopfler & Willy DeVille - Storybook Love.mp4,Mark Knopfler & Willy DeVille,Storybook Love,RVTR442554,1,HUMAN REVIEW REQUIRED,"Existing simulation selected one candidate (RVTR442554), but no safe disposition signal.",false
/Users/bobhopp/DJ MEDIA/VIDEO/1980's/Delbert McClinton - I've Got Dreams To Remember.mp4,Delbert McClinton,I've Got Dreams To Remember,RVTR785306,1,SAFE TITLE NOISE,Existing simulation selected one canonical candidate (RVTR785306); deterministic filename/tag noise.,true
/Users/bobhopp/DJ MEDIA/VIDEO/1990's/Tom Petty & The Heartbreakers - Learning To Fly.mp4,Tom Petty & The Heartbreakers,Learning To Fly,RVTR235740,1,HUMAN REVIEW REQUIRED,"Existing simulation selected one candidate (RVTR235740), but no safe disposition signal.",false
/Users/bobhopp/DJ MEDIA/VIDEO/1970's/Santa Esmeralda - Don't Let Me Be Misunderstood.mp4,Santa Esmeralda,Don't Let Me Be Misunderstood,RVTR587175,1,SAFE TITLE NOISE,Existing simulation selected one canonical candidate (RVTR587175); deterministic filename/tag noise.,true
/Users/bobhopp/DJ MEDIA/VIDEO/2020's/Miley Cyrus and Stevie Nicks - Edge of Midnight.mp4,Miley Cyrus and Stevie Nicks,Edge of Midnight,RVTR770829,1,HUMAN REVIEW REQUIRED,"Existing simulation selected one candidate (RVTR770829), but no safe disposition signal.",false
/Users/bobhopp/DJ MEDIA/VIDEO/COUNTRY/FILL/Gillian Welch - Didn't Leave Nobody But The Baby.mp4,Gillian Welch,Didn't Leave Nobody But The Baby,RVTR041774,1,SAFE TITLE NOISE,Existing simulation selected one canonical candidate (RVTR041774); deterministic filename/tag noise.,true
/Users/bobhopp/DJ MEDIA/VIDEO/1970's/Gladys Knightl - I've Got to Use My Imagination.mp4,Gladys Knightl,I've Got to Use My Imagination,RVTR380706,1,SAFE TITLE NOISE,Existing simulation selected one canonical candidate (RVTR380706); deterministic filename/tag noise.,true
/Users/bobhopp/DJ MEDIA/VIDEO/2000's/Britney Spears F.Madonna - Me Against The Music.mp4,Britney Spears F.Madonna,Me Against The Music,RVTR170810,1,HUMAN REVIEW REQUIRED,"Existing simulation selected one candidate (RVTR170810), but no safe disposition signal.",false
/Users/bobhopp/DJ MEDIA/VIDEO/2010's/Robert Plant and Alison Krauss - Gone Gone Gone.mp4,Robert Plant and Alison Krauss,Gone Gone Gone,RVTR214732,1,HUMAN REVIEW REQUIRED,"Existing simulation selected one candidate (RVTR214732), but no safe disposition signal.",false
/Users/bobhopp/DJ MEDIA/VIDEO/1990's/Barry Manilow - Everything s Gonna Be All Right.mp4,Barry Manilow,Everything s Gonna Be All Right,RVTR459851,1,HUMAN REVIEW REQUIRED,"Existing simulation selected one candidate (RVTR459851), but no safe disposition signal.",false
/Users/bobhopp/DJ MEDIA/VIDEO/1970's/Robert Palmer - Bad Case Of Loving You (Doctor Doctor).mp4,Robert Palmer,Bad Case Of Loving You (Doctor Doctor),RVTR019972,1,SAFE TITLE NOISE,Existing simulation selected one canonical candidate (RVTR019972); deterministic filename/tag noise.,true
/Volumes/DJ  MAIN/DJ MEDIA/VIDEO/1990's/Fleetwood Mac -  Silver Springs (Official Music Video).mp4,Fleetwood Mac,Silver Springs,RVTR155753,1,HUMAN REVIEW REQUIRED,"Existing simulation selected one candidate (RVTR155753), but no safe disposition signal.",false
/Volumes/DJ  MAIN/DJ MEDIA/VIDEO/1950's/41-Cab Calloway 1933 Cartoon of St. James Infirmary Blues.mp4,Cab Calloway,St. James Infirmary Blues,RVTR160225,1,SAFE TITLE NOISE,Existing simulation selected one canonical candidate (RVTR160225); deterministic filename/tag noise.,true
/Users/bobhopp/DJ MEDIA/VIDEO/1960's/Lester Flatt and Earl Scruggs - Salty Dog Blues.mp4,Lester Flatt and Earl Scruggs,Salty Dog Blues,RVTR704950,1,HUMAN REVIEW REQUIRED,"Existing simulation selected one candidate (RVTR704950), but no safe disposition signal.",false
/Users/bobhopp/DJ MEDIA/VIDEO/2010's/Miley Cyrus - Look What They've Done To My Song.mp4,Miley Cyrus,Look What They've Done To My Song,RVTR671284,1,SAFE TITLE NOISE,Existing simulation selected one canonical candidate (RVTR671284); deterministic filename/tag noise.,true
/Users/bobhopp/DJ MEDIA/VIDEO/2010's/Zay Hilfigerrr & Zayion Mccall - Juju On That Be.mp4,Zay Hilfigerrr & Zayion Mccall,Juju On That Be,RVTR103163,1,HUMAN REVIEW REQUIRED,"Existing simulation selected one candidate (RVTR103163), but no safe disposition signal.",false
/Users/bobhopp/DJ MEDIA/VIDEO/1970's/Warren Zevon - Nighttime in the Switching Yard.mp4,Warren Zevon,Nighttime in the Switching Yard,RVTR566371,1,HUMAN REVIEW REQUIRED,"Existing simulation selected one candidate (RVTR566371), but no safe disposition signal.",false
"/Users/bobhopp/DJ MEDIA/VIDEO/TECHNO/Stellar Project f.Brandi Emma - Get Up, Stand Up.mp4",Stellar Project f.Brandi Emma,"Get Up, Stand Up",RVTR177390,1,SAFE TITLE NOISE,Existing simulation selected one canonical candidate (RVTR177390); deterministic filename/tag noise.,true
"/Users/bobhopp/DJ MEDIA/VIDEO/1970's/Crosby, Stills, Nash & Young - Down By The River.mp4","Crosby, Stills, Nash & Young",Down By The River,RVTR477626,1,HUMAN REVIEW REQUIRED,"Existing simulation selected one candidate (RVTR477626), but no safe disposition signal.",false
/Users/bobhopp/DJ MEDIA/VIDEO/1990's/Darrell Scott - You'll Never Leave Harlan Alive.mp4,Darrell Scott,You'll Never Leave Harlan Alive,RVTR894956,1,SAFE TITLE NOISE,Existing simulation selected one canonical candidate (RVTR894956); deterministic filename/tag noise.,true
/Users/bobhopp/DJ MEDIA/VIDEO/2010's/Jay Sean f._Sean Paul & Lil Jon - Do You Remember.mp4,Jay Sean f./Sean Paul & Lil Jon,Do You Remember,RVTR389168,1,HUMAN REVIEW REQUIRED,"Existing simulation selected one candidate (RVTR389168), but no safe disposition signal.",false
/Users/bobhopp/DJ MEDIA/VIDEO/1980's/Eddie Murphy And Rick James - Party All The Time.mp4,Eddie Murphy And Rick James,Party All The Time,RVTR063016,1,HUMAN REVIEW REQUIRED,"Existing simulation selected one candidate (RVTR063016), but no safe disposition signal.",false
/Users/bobhopp/DJ MEDIA/VIDEO/1990's/Smokey Robinson - Something Something You Got.mp4,Smokey Robinson,Something Something You Got,RVTR521455,1,HUMAN REVIEW REQUIRED,"Existing simulation selected one candidate (RVTR521455), but no safe disposition signal.",false
/Users/bobhopp/DJ MEDIA/VIDEO/1990's/Walk Of The Earth - Somebody That I Used To Know.mp4,Walk Of The Earth,Somebody That I Used To Know,RVTR846030,1,HUMAN REVIEW REQUIRED,"Existing simulation selected one candidate (RVTR846030), but no safe disposition signal.",false
/Users/bobhopp/DJ MEDIA/VIDEO/2000's/Elvis Costello And The Imposters - Stella Hurt.mp4,Elvis Costello And The Imposters,Stella Hurt,RVTR891387,1,HUMAN REVIEW REQUIRED,"Existing simulation selected one candidate (RVTR891387), but no safe disposition signal.",false
/Users/bobhopp/DJ MEDIA/VIDEO/1990's/Whatzupwitu - Eddie Murphy and Michael Jackson.mp4,Whatzupwitu,Eddie Murphy and Michael Jackson,RVTR891330,1,HUMAN REVIEW REQUIRED,"Existing simulation selected one candidate (RVTR891330), but no safe disposition signal.",false
/Users/bobhopp/DJ MEDIA/VIDEO/2000's/Rodney Crowell - I Couldn't Leave You If I Tried.mp4,Rodney Crowell,I Couldn't Leave You If I Tried,RVTR028182,1,SAFE TITLE NOISE,Existing simulation selected one canonical candidate (RVTR028182); deterministic filename/tag noise.,true
/Users/bobhopp/DJ MEDIA/VIDEO/1960's/Martha And The Vandellas - Dancing In The Street.mp4,Martha And The Vandellas,Dancing In The Street,RVTR964453,1,HUMAN REVIEW REQUIRED,"Existing simulation selected one candidate (RVTR964453), but no safe disposition signal.",false
/Users/bobhopp/DJ MEDIA/VIDEO/1970's/Eric Clapton & Band Du Lac - Willie & The Hand Jive.mp4,Eric Clapton & Band Du Lac,Willie & The Hand Jive,RVTR877619,1,SAFE TITLE NOISE,Existing simulation selected one canonical candidate (RVTR980658); deterministic filename/tag noise.,true
/Users/bobhopp/DJ MEDIA/VIDEO/2000's/Slipknot - Psychosocial [OFFICIAL VIDEO] [HD].mp4,Slipknot,Psychosocial,RVTR426905,1,HUMAN REVIEW REQUIRED,"Existing simulation selected one candidate (RVTR426905), but no safe disposition signal.",false
/Users/bobhopp/DJ MEDIA/VIDEO/1970's/Olivia Newton John - You Are The One That I Want.mp4,Olivia Newton John,You Are The One That I Want,RVTR039892,1,HUMAN REVIEW REQUIRED,"Existing simulation selected one candidate (RVTR039892), but no safe disposition signal.",false
/Users/bobhopp/DJ MEDIA/VIDEO/1980's/The Veterans - There Ain't No Age For Rock N Roll.mp4,The Veterans,There Ain't No Age For Rock N Roll,RVTR627603,1,SAFE TITLE NOISE,Existing simulation selected one canonical candidate (RVTR627603); deterministic filename/tag noise.,true
/Users/bobhopp/DJ MEDIA/VIDEO/1990's/Bryan Adams - Have You Really Ever Loved A Woman.mp4,Bryan Adams,Have You Really Ever Loved A Woman,RVTR516202,1,HUMAN REVIEW REQUIRED,"Existing simulation selected one candidate (RVTR516202), but no safe disposition signal.",false
/Users/bobhopp/DJ MEDIA/VIDEO/1970's/Adriano Celentano - Prisencolinensinainciusol.mp4,Adriano Celentano,Prisencolinensinainciusol,RVTR634395,1,HUMAN REVIEW REQUIRED,"Existing simulation selected one candidate (RVTR634395), but no safe disposition signal.",false
/Users/bobhopp/DJ MEDIA/VIDEO/1980's/Peter Cetera And Amy Grant - The Next Time I Fall.mp4,Peter Cetera And Amy Grant,The Next Time I Fall,RVTR994288,1,HUMAN REVIEW REQUIRED,"Existing simulation selected one candidate (RVTR994288), but no safe disposition signal.",false
/Users/bobhopp/DJ MEDIA/VIDEO/COUNTRY/FILL/Olivia Newton-John - Take Me Home Country Roads.mp4,Olivia Newton-John,Take Me Home Country Roads,RVTR775261,1,HUMAN REVIEW REQUIRED,"Existing simulation selected one candidate (RVTR775261), but no safe disposition signal.",false
/Users/bobhopp/DJ MEDIA/VIDEO/2010's/Tedeschi Trucks Band & Leon Russell - The Letter.mp4,Tedeschi Trucks Band & Leon Russell,The Letter,RVTR240666,1,HUMAN REVIEW REQUIRED,"Existing simulation selected one candidate (RVTR240666), but no safe disposition signal.",false
/Users/bobhopp/DJ MEDIA/VIDEO/1970's/Frankie Valli & The Four Seasons - Who Loves You.mp4,Frankie Valli & The Four Seasons,Who Loves You,RVTR542048,1,HUMAN REVIEW REQUIRED,"Existing simulation selected one candidate (RVTR542048), but no safe disposition signal.",false
/Users/bobhopp/DJ MEDIA/VIDEO/1970's/Gary Numan (Tubeway Army) - Are Friends Electric.mp4,Gary Numan (Tubeway Army),Are Friends Electric,RVTR913133,1,HUMAN REVIEW REQUIRED,"Existing simulation selected one candidate (RVTR913133), but no safe disposition signal.",false
/Users/bobhopp/DJ MEDIA/VIDEO/1970's/Reunion - Life Is A Rock (But The Radio Rolled Me).mp4,Reunion,Life Is A Rock,RVTR032798,1,HUMAN REVIEW REQUIRED,"Existing simulation selected one candidate (RVTR032798), but no safe disposition signal.",false
/Users/bobhopp/DJ MEDIA/VIDEO/1970's/R.L. Burnside - See My Jumper Hanging On the Line.mp4,R.L. Burnside,See My Jumper Hanging On the Line,RVTR082460,1,HUMAN REVIEW REQUIRED,"Existing simulation selected one candidate (RVTR082460), but no safe disposition signal.",false
/Users/bobhopp/DJ MEDIA/VIDEO/COUNTRY/FILL/Merle Haggard - Today I Started Loving You Again.mp4,Merle Haggard,Today I Started Loving You Again,RVTR149419,1,HUMAN REVIEW REQUIRED,"Existing simulation selected one candidate (RVTR149419), but no safe disposition signal.",false
/Users/bobhopp/DJ MEDIA/VIDEO/1960's/Tommy James & The Shondells - Crimson And Clover.mp4,Tommy James & The Shondells,Crimson And Clover,RVTR157295,1,HUMAN REVIEW REQUIRED,"Existing simulation selected one candidate (RVTR157295), but no safe disposition signal.",false
"/Users/bobhopp/DJ MEDIA/VIDEO/TECHNO/Modern Talking - You're My Heart, You're My Soul.mp4",Modern Talking,"You're My Heart, You're My Soul",RVTR600993,1,SAFE TITLE NOISE,Existing simulation selected one canonical candidate (RVTR600993); deterministic filename/tag noise.,true
/Users/bobhopp/DJ MEDIA/VIDEO/2020's/Dustin Lynch feat. Chris Lane - Tequila On A Boat.mp4,Dustin Lynch feat. Chris Lane,Tequila On A Boat,RVTR252449,1,HUMAN REVIEW REQUIRED,"Existing simulation selected one candidate (RVTR252449), but no safe disposition signal.",false
/Users/bobhopp/DJ MEDIA/VIDEO/1960's/Creedence Clearwater Revival - Midnight Special.mp4,Creedence Clearwater Revival,Midnight Special,RVTR998368,1,HUMAN REVIEW REQUIRED,"Existing simulation selected one candidate (RVTR998368), but no safe disposition signal.",false
/Users/bobhopp/DJ MEDIA/VIDEO/1970's/Robert Palmer - Sneakin Sally Through The Alley.mp4,Robert Palmer,Sneakin Sally Through The Alley,RVTR490405,1,HUMAN REVIEW REQUIRED,"Existing simulation selected one candidate (RVTR490405), but no safe disposition signal.",false
/Users/bobhopp/DJ MEDIA/VIDEO/1960's/The Velvet Underground - I'm Waiting For The Man.mp4,The Velvet Underground,I'm Waiting For The Man,RVTR285593,1,SAFE TITLE NOISE,Existing simulation selected one canonical candidate (RVTR285593); deterministic filename/tag noise.,true
/Users/bobhopp/DJ MEDIA/VIDEO/2010's/Mindless Behavior f._Diggy Simmons - Mrs. Right.mp4,Mindless Behavior f./Diggy Simmons,Mrs. Right,RVTR998440,1,SAFE TITLE NOISE,Existing simulation selected one canonical candidate (RVTR998440); deterministic filename/tag noise.,true
/Users/bobhopp/DJ MEDIA/VIDEO/2010's/Chris Brown f._Benny Benassi - Beautiful People.mp4,Chris Brown f./Benny Benassi,Beautiful People,RVTR431391,1,HUMAN REVIEW REQUIRED,"Existing simulation selected one candidate (RVTR431391), but no safe disposition signal.",false
/Users/bobhopp/DJ MEDIA/VIDEO/2010's/The Strypes - You Can't Judge A Book By The Cover.mp4,The Strypes,You Can't Judge A Book By The Cover,RVTR228250,1,DISTINCT RECORDING,Recording/version wording may identify a different recording.,false
/Users/bobhopp/DJ MEDIA/VIDEO/2000's/Britney Spears - Don't Let Me Be The Last To Know.mp4,Britney Spears,Don't Let Me Be The Last To Know,RVTR100796,1,SAFE TITLE NOISE,Existing simulation selected one canonical candidate (RVTR100796); deterministic filename/tag noise.,true
/Users/bobhopp/DJ MEDIA/VIDEO/1960's/Paul McCartney & Carl Perkins - Lend Me Your Comb.mp4,Paul McCartney & Carl Perkins,Lend Me Your Comb,RVTR909492,1,HUMAN REVIEW REQUIRED,"Existing simulation selected one candidate (RVTR909492), but no safe disposition signal.",false
/Users/bobhopp/DJ MEDIA/VIDEO/1960's/John Denver & Cass Elliot - Leaving On A Jet Plane.mp4,John Denver & Cass Elliot,Leaving On A Jet Plane,RVTR472195,1,HUMAN REVIEW REQUIRED,"Existing simulation selected one candidate (RVTR472195), but no safe disposition signal.",false
/Users/bobhopp/DJ MEDIA/VIDEO/1970's/John Denver & Cass Elliot - Leaving On A Jet Plane.mp4,John Denver & Cass Elliot,Leaving On A Jet Plane,RVTR472195,1,HUMAN REVIEW REQUIRED,"Existing simulation selected one candidate (RVTR472195), but no safe disposition signal.",false
/Users/bobhopp/DJ MEDIA/VIDEO/1970's/Steve Goodman - You Never Even Call Me By My Name.mp4,Steve Goodman,You Never Even Call Me By My Name,RVTR214314,1,HUMAN REVIEW REQUIRED,"Existing simulation selected one candidate (RVTR214314), but no safe disposition signal.",false
/Users/bobhopp/DJ MEDIA/VIDEO/2010's/Avicii And Sebastien Drums - My Feelings For You.mp4,Avicii And Sebastien Drums,My Feelings For You,RVTR365043,1,HUMAN REVIEW REQUIRED,"Existing simulation selected one candidate (RVTR365043), but no safe disposition signal.",false
/Users/bobhopp/DJ MEDIA/VIDEO/2000's/Nu Breed feat. Jesse Howard - Welcome To My House.mp4,Nu Breed Feat. Jesse Howard,Welcome To My House,RVTR447329,1,HUMAN REVIEW REQUIRED,"Existing simulation selected one candidate (RVTR447329), but no safe disposition signal.",false
/Users/bobhopp/DJ MEDIA/VIDEO/1980's/James Ingram and Michael McDonald - Yah Mo B There.mp4,James Ingram and Michael McDonald,Yah Mo B There,RVTR140353,1,HUMAN REVIEW REQUIRED,"Existing simulation selected one candidate (RVTR140353), but no safe disposition signal.",false
/Users/bobhopp/DJ MEDIA/VIDEO/1980's/Jefferson Starship - Nothin's Gonna Stop Us Now.mp4,Jefferson Starship,Nothin's Gonna Stop Us Now,RVTR574410,1,SAFE TITLE NOISE,Existing simulation selected one canonical candidate (RVTR574410); deterministic filename/tag noise.,true
/Users/bobhopp/DJ MEDIA/VIDEO/1980's/Traveling Wilburys - Tweeter and the Monkey Man.mp4,Traveling Wilburys,Tweeter and the Monkey Man,RVTR795463,1,HUMAN REVIEW REQUIRED,"Existing simulation selected one candidate (RVTR795463), but no safe disposition signal.",false
/Users/bobhopp/DJ MEDIA/VIDEO/1960's/Smokey Robinson & The Miracles - Tears Of A Clown.mp4,Smokey Robinson & The Miracles,Tears Of A Clown,RVTR570546,1,HUMAN REVIEW REQUIRED,"Existing simulation selected one candidate (RVTR570546), but no safe disposition signal.",false
/Users/bobhopp/DJ MEDIA/VIDEO/1970's/Smokey Robinson & The Miracles - Tears Of A Clown.mp4,Smokey Robinson & The Miracles,Tears Of A Clown,RVTR570546,1,HUMAN REVIEW REQUIRED,"Existing simulation selected one candidate (RVTR570546), but no safe disposition signal.",false
/Users/bobhopp/DJ MEDIA/VIDEO/2010's/Dave Alvin & The Guilty Ones - Harlan County Line.mp4,Dave Alvin & The Guilty Ones,Harlan County Line,RVTR580715,1,HUMAN REVIEW REQUIRED,"Existing simulation selected one candidate (RVTR580715), but no safe disposition signal.",false
/Users/bobhopp/DJ MEDIA/VIDEO/2000's/Beyonce feat. Tony Sunshine - She's Like the Wind.mp4,Beyonce,She's Like the Wind feat. Tony Sunshine,RVTR308072,0,NO CANONICAL CANDIDATE,No canonical candidate selected by the existing simulation.,false
/Users/bobhopp/DJ MEDIA/VIDEO/1980's/Carl Perkins Eric Clapton Johnny Cash - Matchbox.mp4,Carl Perkins Eric Clapton Johnny Cash,Matchbox,RVTR739006,1,HUMAN REVIEW REQUIRED,"Existing simulation selected one candidate (RVTR739006), but no safe disposition signal.",false
/Users/bobhopp/DJ MEDIA/VIDEO/1980's/Syretta & Billy Preston - With You I'm Born Again.mp4,Syretta & Billy Preston,With You I'm Born Again,RVTR007747,1,SAFE TITLE NOISE,Existing simulation selected one canonical candidate (RVTR007747); deterministic filename/tag noise.,true
/Users/bobhopp/DJ MEDIA/VIDEO/2000's/Christina Aguilera F.Lil' Kim - Can't Hold Us Down.mp4,Christina Aguilera F.Lil' Kim,Can't Hold Us Down,RVTR639778,1,SAFE TITLE NOISE,Existing simulation selected one canonical candidate (RVTR639778); deterministic filename/tag noise.,true
/Users/bobhopp/DJ MEDIA/VIDEO/1970's/Thin Lizzy - Johnny The Fox Meets Jimmy The Weed.mp4,Thin Lizzy,Johnny The Fox Meets Jimmy The Weed,RVTR649627,1,HUMAN REVIEW REQUIRED,"Existing simulation selected one candidate (RVTR649627), but no safe disposition signal.",false
/Users/bobhopp/DJ MEDIA/VIDEO/TECHNO/Platinum Girls feat. Vanessa - Ignite My Fantasy.mp4,Platinum Girls Feat  Vanessa,Ignite My Fantasy,RVTR164311,1,HUMAN REVIEW REQUIRED,"Existing simulation selected one candidate (RVTR164311), but no safe disposition signal.",false
/Users/bobhopp/DJ MEDIA/VIDEO/1990's/The Mighty Mighty Bosstones - Someday I Suppose.mp4,The Mighty Mighty Bosstones,Someday I Suppose,RVTR766816,1,HUMAN REVIEW REQUIRED,"Existing simulation selected one candidate (RVTR766816), but no safe disposition signal.",false
/Users/bobhopp/DJ MEDIA/VIDEO/TECHNO/Vangelis And Jon Anderson - I`ll Find My Way Home.mp4,Vangelis And Jon Anderson,I`ll Find My Way Home,RVTR360654,1,HUMAN REVIEW REQUIRED,"Existing simulation selected one candidate (RVTR360654), but no safe disposition signal.",false
/Users/bobhopp/DJ MEDIA/VIDEO/1980's/Huey Lewis And The News - The Heart Of Rock N Roll.mp4,Huey Lewis And The News,The Heart Of Rock N Roll,RVTR714796,1,HUMAN REVIEW REQUIRED,"Existing simulation selected one candidate (RVTR714796), but no safe disposition signal.",false
/Users/bobhopp/DJ MEDIA/VIDEO/TECHNO/Danzel Vs. Dj F.R.A.N.K. - My Arms Keep Missing You.mp4,Danzel Vs. Dj F.R.A.N.K.,My Arms Keep Missing You,RVTR814108,1,HUMAN REVIEW REQUIRED,"Existing simulation selected one candidate (RVTR814108), but no safe disposition signal.",false
/Users/bobhopp/DJ MEDIA/VIDEO/1990's/Butthole Surfers - Who Was In My Room Last Night.mp4,Butthole Surfers,Who Was In My Room Last Night,RVTR540875,1,HUMAN REVIEW REQUIRED,"Existing simulation selected one candidate (RVTR540875), but no safe disposition signal.",false
"/Users/bobhopp/DJ MEDIA/VIDEO/1970's/Steven Tyler, Slash, and Train - Dream On Dream On.mp4","Steven Tyler, Slash, and Train",Dream On Dream On,RVTR884828,1,HUMAN REVIEW REQUIRED,"Existing simulation selected one candidate (RVTR884828), but no safe disposition signal.",false
/Users/bobhopp/DJ MEDIA/VIDEO/2020's/Miley Cyrus and Metallica - Nothing Else Matters.mp4,Miley Cyrus and Metallica,Nothing Else Matters,RVTR061419,1,HUMAN REVIEW REQUIRED,"Existing simulation selected one candidate (RVTR061419), but no safe disposition signal.",false
/Users/bobhopp/DJ MEDIA/VIDEO/1980's/Jefferson Starship - It's Not Over 'Til It's Over.mp4,Jefferson Starship,It's Not Over 'Til It's Over,RVTR995114,1,SAFE TITLE NOISE,Existing simulation selected one canonical candidate (RVTR995114); deterministic filename/tag noise.,true
/Users/bobhopp/DJ MEDIA/VIDEO/2000's/Soggy Bottom Boys - I Am A Man Of Constant Sorrow.mp4,Soggy Bottom Boys,I Am A Man Of Constant Sorrow,RVTR972615,1,HUMAN REVIEW REQUIRED,"Existing simulation selected one candidate (RVTR972615), but no safe disposition signal.",false
/Users/bobhopp/DJ MEDIA/VIDEO/1960's/The Rolling Stones - Satisfaction (I Can't Get No).mp4,The Rolling Stones,(I Can't Get No) Satisfaction,RVTR438912,1,SAFE TITLE NOISE,Existing simulation selected one canonical candidate (RVTR438912); deterministic filename/tag noise.,true
/Users/bobhopp/DJ MEDIA/VIDEO/1960's/Janis Joplin - Little Girl Blue _ Raise Your Hand.mp4,Janis Joplin,Little Girl Blue / Raise Your Hand,RVTR093097,1,HUMAN REVIEW REQUIRED,"Existing simulation selected one candidate (RVTR093097), but no safe disposition signal.",false
/Users/bobhopp/DJ MEDIA/VIDEO/1970's/David Allan Coe - You Never Even Call Me By My Name.mp4,David Allan Coe,You Never Even Call Me By My Name,RVTR885841,1,HUMAN REVIEW REQUIRED,"Existing simulation selected one candidate (RVTR885841), but no safe disposition signal.",false
/Users/bobhopp/DJ MEDIA/VIDEO/2000's/The Gaslight Anthem - Even Cowgirls Get the Blues.mp4,The Gaslight Anthem,Even Cowgirls Get the Blues,RVTR179515,1,HUMAN REVIEW REQUIRED,"Existing simulation selected one candidate (RVTR179515), but no safe disposition signal.",false
/Users/bobhopp/DJ MEDIA/VIDEO/1990's/Lauryn Hill - Can't Take My Eyes Off Of You (Liive).mp4,Lauryn Hill,Can't Take My Eyes Off Of You (Liive),RVTR248366,1,SAFE TITLE NOISE,Existing simulation selected one canonical candidate (RVTR248366); deterministic filename/tag noise.,true
/Users/bobhopp/DJ MEDIA/VIDEO/2000's/Webbie withLil' Boosie and Lil' Phat - Independent.mp4,Webbie withLil' Boosie and Lil' Phat,Independent,RVTR197440,1,HUMAN REVIEW REQUIRED,"Existing simulation selected one candidate (RVTR197440), but no safe disposition signal.",false
/Users/bobhopp/DJ MEDIA/VIDEO/1960's/The 5th Dimension - Aquarius_Let The Sunshine In.mp4,The 5th Dimension,Aquarius:Let The Sunshine In,RVTR318161,1,SAFE TITLE NOISE,Existing simulation selected one canonical candidate (RVTR318161); deterministic filename/tag noise.,true
/Users/bobhopp/DJ MEDIA/VIDEO/1990's/Method Man And Mary J. Blige - I'll Be There For You.mp4,Method Man And Mary J. Blige,I'll Be There For You,RVTR158176,1,SAFE TITLE NOISE,Existing simulation selected one canonical candidate (RVTR158176); deterministic filename/tag noise.,true
/Users/bobhopp/DJ MEDIA/VIDEO/2000's/Baby Bash f._Slim Thug & Stooie Bros - Swanananana.mp4,Baby Bash f./Slim Thug & Stooie Bros,Swanananana,RVTR637780,1,HUMAN REVIEW REQUIRED,"Existing simulation selected one candidate (RVTR637780), but no safe disposition signal.",false
/Users/bobhopp/DJ MEDIA/VIDEO/COUNTRY/FILL/Carrie Underwood and Randy Travis - I Told You So.mp4,Carrie Underwood and Randy Travis,I Told You So,RVTR846063,1,HUMAN REVIEW REQUIRED,"Existing simulation selected one candidate (RVTR846063), but no safe disposition signal.",false
/Users/bobhopp/DJ MEDIA/VIDEO/2000's/The White Stripes - The Hardest Button To Button.mp4,The White Stripes,The Hardest Button To Button,RVTR393016,1,HUMAN REVIEW REQUIRED,"Existing simulation selected one candidate (RVTR393016), but no safe disposition signal.",false
/Users/bobhopp/DJ MEDIA/VIDEO/2020's/Hailey Whitters feat. Little Big Town - Fillin’ My Cup.mp4,Hailey Whitters feat. Little Big Town,Fillin’ My Cup,RVTR065300,1,SAFE TITLE NOISE,Existing simulation selected one canonical candidate (RVTR065300); deterministic filename/tag noise.,true
/Users/bobhopp/DJ MEDIA/VIDEO/2010's/B.o.B aka Bobby Ray f._Hayley Williams - Airplanes.mp4,B.o.B aka Bobby Ray f./Hayley Williams,Airplanes,RVTR852195,1,HUMAN REVIEW REQUIRED,"Existing simulation selected one candidate (RVTR852195), but no safe disposition signal.",false
/Users/bobhopp/DJ MEDIA/VIDEO/2010's/Postmodern Jukebox Version - All About That Bass.MP4,Postmodern Jukebox Version,All About That Bass,RVTR899128,1,HUMAN REVIEW REQUIRED,"Existing simulation selected one candidate (RVTR899128), but no safe disposition signal.",false
/Users/bobhopp/DJ MEDIA/VIDEO/1990's/Presidents Of The United States Of America - Lump.mp4,Presidents Of The United States Of America,Lump,RVTR464905,1,HUMAN REVIEW REQUIRED,"Existing simulation selected one candidate (RVTR464905), but no safe disposition signal.",false
/Users/bobhopp/DJ MEDIA/VIDEO/2010's/Gin Wigmore - Written In The Water Die Regardless.mp4,Gin Wigmore,Written In The Water Die Regardless,RVTR329332,1,HUMAN REVIEW REQUIRED,"Existing simulation selected one candidate (RVTR329332), but no safe disposition signal.",false
/Users/bobhopp/DJ MEDIA/VIDEO/1960's/Creedence Clearwater Revival - Down On The Corner.mp4,Creedence Clearwater Revival,Down On The Corner,RVTR693444,1,HUMAN REVIEW REQUIRED,"Existing simulation selected one candidate (RVTR693444), but no safe disposition signal.",false
"/Users/bobhopp/DJ MEDIA/VIDEO/1980's/John Lee Hooker - One Bourbon, One Scotch, One Beer.mp4",John Lee Hooker,"One Bourbon, One Scotch, One Beer",RVTR939555,1,SAFE TITLE NOISE,Existing simulation selected one canonical candidate (RVTR939555); deterministic filename/tag noise.,true
/Users/bobhopp/DJ MEDIA/VIDEO/1980's/David Bowie And Mick Jagger - Dancing In The Street.mp4,David Bowie And Mick Jagger,Dancing In The Street,RVTR760361,1,HUMAN REVIEW REQUIRED,"Existing simulation selected one candidate (RVTR760361), but no safe disposition signal.",false
/Users/bobhopp/DJ MEDIA/VIDEO/1970's/The Dirt Band and Linda Ronstdt - An American Dream.mp4,The Dirt Band and Linda Ronstdt,An American Dream,RVTR364831,1,HUMAN REVIEW REQUIRED,"Existing simulation selected one candidate (RVTR364831), but no safe disposition signal.",false
/Users/bobhopp/DJ MEDIA/VIDEO/1950's/Huey Lewis and The News - Little Bitty Pretty One.mp4,Huey Lewis and The News,Little Bitty Pretty One,RVTR945585,1,HUMAN REVIEW REQUIRED,"Existing simulation selected one candidate (RVTR945585), but no safe disposition signal.",false
/Users/bobhopp/DJ MEDIA/VIDEO/1960's/Lou Johnson - Always Something There To Remind Me.mp4,Lou Johnson,Always Something There To Remind Me,RVTR823704,1,HUMAN REVIEW REQUIRED,"Existing simulation selected one candidate (RVTR823704), but no safe disposition signal.",false
/Users/bobhopp/DJ MEDIA/VIDEO/1960's/Jimi Hendrix Experience - Rare Archive BBC Footage.mp4,Jimi Hendrix Experience,Rare Archive BBC Footage,RVTR911815,1,HUMAN REVIEW REQUIRED,"Existing simulation selected one candidate (RVTR911815), but no safe disposition signal.",false
/Users/bobhopp/DJ MEDIA/VIDEO/1960's/Kenny Rogers & The First Edition - Just Dropped In.mp4,Kenny Rogers & The First Edition,Just Dropped In,RVTR505544,1,HUMAN REVIEW REQUIRED,"Existing simulation selected one candidate (RVTR505544), but no safe disposition signal.",false
/Users/bobhopp/DJ MEDIA/VIDEO/1980's/Stevie Ray Vaughan & Double Trouble - Voodoo Chile.mp4,Stevie Ray Vaughan & Double Trouble,Voodoo Chile,RVTR694313,1,HUMAN REVIEW REQUIRED,"Existing simulation selected one candidate (RVTR694313), but no safe disposition signal.",false
/Users/bobhopp/DJ MEDIA/VIDEO/1990's/Lauryn Hill feat. Whoopi Goldberg - Joyful Joyful.mp4,Lauryn Hill feat. Whoopi Goldberg,Joyful Joyful,RVTR316836,1,HUMAN REVIEW REQUIRED,"Existing simulation selected one candidate (RVTR316836), but no safe disposition signal.",false
/Users/bobhopp/DJ MEDIA/VIDEO/1990's/Savage Garden - To the Moon & Back (Fully Booked 1997).mp4,Savage Garden,To the Moon & Back,RVTR421957,1,SAFE TITLE NOISE,Existing simulation selected one canonical candidate (RVTR120540); deterministic filename/tag noise.,true
/Users/bobhopp/DJ MEDIA/VIDEO/1970's/William DeVaughn - Be Thankful For What You've Got.mp4,William DeVaughn,Be Thankful For What You've Got,RVTR579474,1,SAFE TITLE NOISE,Existing simulation selected one canonical candidate (RVTR579474); deterministic filename/tag noise.,true
/Users/bobhopp/DJ MEDIA/VIDEO/1980's/George Thorogood And Destroyers - Who Do You Love.mp4,George Thorogood And Destroyers,Who Do You Love,RVTR677095,1,HUMAN REVIEW REQUIRED,"Existing simulation selected one candidate (RVTR677095), but no safe disposition signal.",false
/Users/bobhopp/DJ MEDIA/VIDEO/2010's/Kanye West f._Rihanna & Kid Cudi - All Of The Lights.mp4,Kanye West f./Rihanna & Kid Cudi,All Of The Lights,RVTR900982,1,HUMAN REVIEW REQUIRED,"Existing simulation selected one candidate (RVTR900982), but no safe disposition signal.",false
/Users/bobhopp/DJ MEDIA/VIDEO/2000's/The Devil Makes Three - Aces and Twos (Live On KEXP).mp4,The Devil Makes Three,Aces and Twos,RVTR918428,1,HUMAN REVIEW REQUIRED,"Existing simulation selected one candidate (RVTR918428), but no safe disposition signal.",false
/Users/bobhopp/DJ MEDIA/VIDEO/1970's/B.J. Thomas - Another Somebody Done Somebody Wrong.mp4,B.J. Thomas,Another Somebody Done Somebody Wrong,RVTR351874,1,HUMAN REVIEW REQUIRED,"Existing simulation selected one candidate (RVTR351874), but no safe disposition signal.",false
/Users/bobhopp/DJ MEDIA/VIDEO/1980's/Debbie Harry & Kermit The Frog - Rainbow Connection.mp4,Debbie Harry & Kermit The Frog,Rainbow Connection,RVTR488444,1,HUMAN REVIEW REQUIRED,"Existing simulation selected one candidate (RVTR488444), but no safe disposition signal.",false
/Users/bobhopp/DJ MEDIA/VIDEO/1950's/Jerry Lee Lewis - Whole Lotta Shakin' Going On (1957).mp4,Jerry Lee Lewis,Whole Lotta Shakin' Going On,RVTR100307,1,SAFE TITLE NOISE,Existing simulation selected one canonical candidate (RVTR100307); deterministic filename/tag noise.,true
/Users/bobhopp/DJ MEDIA/VIDEO/1960's/Toots And The Maytals - I've Got Dreams To Remember.mp4,Toots And The Maytals,I've Got Dreams To Remember,RVTR134474,1,SAFE TITLE NOISE,Existing simulation selected one canonical candidate (RVTR134474); deterministic filename/tag noise.,true
"/Users/bobhopp/DJ MEDIA/VIDEO/2010's/DJ Khaled f._Drake, Lil Wayne & Rick Ross - I'm On One.mp4","DJ Khaled f./Drake, Lil Wayne & Rick Ross",I'm On One,RVTR901141,1,SAFE TITLE NOISE,Existing simulation selected one canonical candidate (RVTR901141); deterministic filename/tag noise.,true
/Users/bobhopp/DJ MEDIA/VIDEO/2000's/Red Hot Chili Peppers - True Men Don t Kill Coyotes.mp4,Red Hot Chili Peppers,True Men Don t Kill Coyotes,RVTR494470,1,HUMAN REVIEW REQUIRED,"Existing simulation selected one candidate (RVTR494470), but no safe disposition signal.",false
/Users/bobhopp/DJ MEDIA/VIDEO/1970's/Bruce Springsteen & The E Street Band - Backstreets.mp4,Bruce Springsteen & The E Street Band,Backstreets,RVTR590937,1,HUMAN REVIEW REQUIRED,"Existing simulation selected one candidate (RVTR590937), but no safe disposition signal.",false
/Users/bobhopp/DJ MEDIA/VIDEO/2000's/The Gaslight Anthem - Blue Jeans and White T-Shirts.mp4,The Gaslight Anthem,Blue Jeans and White T-Shirts,RVTR111333,1,HUMAN REVIEW REQUIRED,"Existing simulation selected one candidate (RVTR111333), but no safe disposition signal.",false
/Users/bobhopp/DJ MEDIA/VIDEO/1960's/Herb Alpert And The Tijuana Brass - A Taste of Honey.mp4,Herb Alpert And The Tijuana Brass,A Taste of Honey,RVTR974150,1,HUMAN REVIEW REQUIRED,"Existing simulation selected one candidate (RVTR974150), but no safe disposition signal.",false
/Users/bobhopp/DJ MEDIA/VIDEO/2010's/Tinie Tempah f._Eric Turner - Written In The Stars.mp4,Tinie Tempah f./Eric Turner,Written In The Stars,RVTR710776,1,HUMAN REVIEW REQUIRED,"Existing simulation selected one candidate (RVTR710776), but no safe disposition signal.",false
/Users/bobhopp/DJ MEDIA/VIDEO/2020's/Chris Lane feat. Lauren Alaina - Dancin’ In The Moonlight.mp4,Chris Lane feat. Lauren Alaina,Dancin’ In The Moonlight,RVTR522222,1,SAFE TITLE NOISE,Existing simulation selected one canonical candidate (RVTR522222); deterministic filename/tag noise.,true
/Users/bobhopp/DJ MEDIA/VIDEO/1960's/Ray Charles - Hit the Road Jack on Saturday Live 1996.mp4,Ray Charles,Hit the Road Jack on Saturday Live 1996,RVTR510057,1,SAFE TITLE NOISE,Existing simulation selected one canonical candidate (RVTR510057); deterministic filename/tag noise.,true
/Users/bobhopp/DJ MEDIA/VIDEO/1960's/Diana Ross & The Supremes - Stop! In The Name Of Love.mp4,Diana Ross & The Supremes,Stop! In The Name Of Love,RVTR331079,1,SAFE TITLE NOISE,Existing simulation selected one canonical candidate (RVTR331079); deterministic filename/tag noise.,true
/Users/bobhopp/DJ MEDIA/VIDEO/1990's/Paul McCartney & Wings - Listen To What The Man Said.mp4,Paul McCartney & Wings,Listen To What The Man Said,RVTR229574,1,HUMAN REVIEW REQUIRED,"Existing simulation selected one candidate (RVTR229574), but no safe disposition signal.",false
/Users/bobhopp/DJ MEDIA/VIDEO/1970's/John Travolta & Olivia Newton-John - We Go Together.mp4,John Travolta & Olivia Newton-John,We Go Together,RVTR123421,1,HUMAN REVIEW REQUIRED,"Existing simulation selected one candidate (RVTR123421), but no safe disposition signal.",false
/Users/bobhopp/DJ MEDIA/VIDEO/2000's/Counting Crows F.Vanessa Carlton - Big Yellow Taxi.mp4,Counting Crows F.Vanessa Carlton,Big Yellow Taxi,RVTR551611,1,HUMAN REVIEW REQUIRED,"Existing simulation selected one candidate (RVTR551611), but no safe disposition signal.",false
/Users/bobhopp/DJ MEDIA/VIDEO/COUNTRY/FILL/Hank Williams Jr & Jessi Colter - Good Hearted Woman.mp4,Hank Williams Jr & Jessi Colter,Good Hearted Woman,RVTR073878,1,HUMAN REVIEW REQUIRED,"Existing simulation selected one candidate (RVTR073878), but no safe disposition signal.",false
/Users/bobhopp/DJ MEDIA/VIDEO/1970's/Elton John - Funeral for a Friend Love Lies Bleeding.mp4,Elton John,Funeral for a Friend Love Lies Bleeding,RVTR021447,1,HUMAN REVIEW REQUIRED,"Existing simulation selected one candidate (RVTR021447), but no safe disposition signal.",false
/Users/bobhopp/DJ MEDIA/VIDEO/1970's/The New Seekers - I'd Like To Teach The World To Sing.mp4,The New Seekers,I'd Like To Teach The World To Sing,RVTR582747,1,SAFE TITLE NOISE,Existing simulation selected one canonical candidate (RVTR582747); deterministic filename/tag noise.,true
/Users/bobhopp/DJ MEDIA/VIDEO/1980's/Gilley's Urban Cowboy Band - Orange Blossom Special.MP4,Gilley's Urban Cowboy Band,Orange Blossom Special,RVTR695417,1,HUMAN REVIEW REQUIRED,"Existing simulation selected one candidate (RVTR695417), but no safe disposition signal.",false
/Users/bobhopp/DJ MEDIA/VIDEO/1990's/Mary Chapin Carpenter - Down At The Twist And Shout.mp4,Mary Chapin Carpenter,Down At The Twist And Shout,RVTR369910,1,HUMAN REVIEW REQUIRED,"Existing simulation selected one candidate (RVTR369910), but no safe disposition signal.",false
/Users/bobhopp/DJ MEDIA/VIDEO/1960's/Dean Martin - You're Nobody 'Til Somebody Loves You.mp4,Dean Martin,You're Nobody 'Til Somebody Loves You,RVTR754661,1,SAFE TITLE NOISE,Existing simulation selected one canonical candidate (RVTR754661); deterministic filename/tag noise.,true
/Users/bobhopp/DJ MEDIA/VIDEO/1980's/Robin Lane and The Chartbusters - I Don't Wanna Know.mp4,Robin Lane and The Chartbusters,I Don't Wanna Know,RVTR008969,1,SAFE TITLE NOISE,Existing simulation selected one canonical candidate (RVTR008969); deterministic filename/tag noise.,true
/Users/bobhopp/DJ MEDIA/VIDEO/COUNTRY/FILL/Toby Keith - I'll Never Smoke Weed With Willie Again.mp4,Toby Keith,I'll Never Smoke Weed With Willie Again,RVTR487726,1,SAFE TITLE NOISE,Existing simulation selected one canonical candidate (RVTR487726); deterministic filename/tag noise.,true
/Users/bobhopp/DJ MEDIA/VIDEO/2020's/Willow The Anxiety Tyler Cole - Meet Me At Our Spot.mp4,Willow The Anxiety Tyler Cole,Meet Me At Our Spot,RVTR557305,1,HUMAN REVIEW REQUIRED,"Existing simulation selected one candidate (RVTR557305), but no safe disposition signal.",false
/Users/bobhopp/DJ MEDIA/VIDEO/1980's/Simple Minds feat. Jim Kerr - Promised You A Miracle.mp4,Simple Minds feat. Jim Kerr,Promised You A Miracle,RVTR357422,1,HUMAN REVIEW REQUIRED,"Existing simulation selected one candidate (RVTR357422), but no safe disposition signal.",false
/Users/bobhopp/DJ MEDIA/VIDEO/1980's/George Thorogood and the Destroyers - I Drink Alone.mp4,George Thorogood and the Destroyers,I Drink Alone,RVTR623854,1,HUMAN REVIEW REQUIRED,"Existing simulation selected one candidate (RVTR623854), but no safe disposition signal.",false
/Users/bobhopp/DJ MEDIA/VIDEO/1960's/The Beatles - Australia Concert (film w great audio!).mp4,The Beatles,Australia Concert,RVTR564898,1,SAME SONG — ALTERNATE MEDIA,Existing simulation selected one canonical candidate (RVTR564898); alternate-media wording.,true
/Users/bobhopp/DJ MEDIA/VIDEO/1950's/I Don't Believe You've Met My Baby - Louvin Brothers.mp4,Louvin Brothers,I Don't Believe You've Met My Baby,RVTR443526,1,SAFE TITLE NOISE,Existing simulation selected one canonical candidate (RVTR443526); deterministic filename/tag noise.,true
/Users/bobhopp/DJ MEDIA/VIDEO/1950's/Louvin Brothers - I Don't Believe You've Met My Baby.mp4,Louvin Brothers,I Don't Believe You've Met My Baby,RVTR443526,1,SAFE TITLE NOISE,Existing simulation selected one canonical candidate (RVTR443526); deterministic filename/tag noise.,true
/Users/bobhopp/DJ MEDIA/VIDEO/1990's/Israel IZ Kamakawiwoʻole - Somewhere over the Rainbow.mp4,Israel IZ Kamakawiwoʻole,Somewhere over the Rainbow,RVTR121227,1,HUMAN REVIEW REQUIRED,"Existing simulation selected one candidate (RVTR121227), but no safe disposition signal.",false
/Users/bobhopp/DJ MEDIA/VIDEO/1970's/DJ Cummerbund and Rammstein - Play That Funky Music.mp4,DJ Cummerbund and Rammstein,Play That Funky Music,RVTR955472,1,HUMAN REVIEW REQUIRED,"Existing simulation selected one candidate (RVTR955472), but no safe disposition signal.",false
/Users/bobhopp/DJ MEDIA/VIDEO/2000's/Death Cab For Cutie - I Will Follow You Into The Dark.mp4,Death Cab For Cutie,I Will Follow You Into The Dark,RVTR170079,1,HUMAN REVIEW REQUIRED,"Existing simulation selected one candidate (RVTR170079), but no safe disposition signal.",false
/Users/bobhopp/DJ MEDIA/VIDEO/2000's/Missy Elliott F.&Ciara & Fat Man Scoop - Lose Control.mp4,Missy Elliott F.&Ciara & Fat Man Scoop,Lose Control,RVTR643022,1,HUMAN REVIEW REQUIRED,"Existing simulation selected one candidate (RVTR643022), but no safe disposition signal.",false
/Users/bobhopp/DJ MEDIA/VIDEO/2010's/Black Rebel Motercycle Club - Beat The Devils Tattoo.mp4,Black Rebel Motercycle Club,Beat The Devils Tattoo,RVTR248682,1,HUMAN REVIEW REQUIRED,"Existing simulation selected one candidate (RVTR248682), but no safe disposition signal.",false
/Users/bobhopp/DJ MEDIA/VIDEO/2010's/Reverend Peyton's Big Damn Band - Raise A Little Hell.mp4,Reverend Peyton's Big Damn Band,Raise A Little Hell,RVTR974544,1,HUMAN REVIEW REQUIRED,"Existing simulation selected one candidate (RVTR974544), but no safe disposition signal.",false
/Users/bobhopp/DJ MEDIA/VIDEO/1970's/Earl Scruggs And Friends - Foggy Mountain Breakdown.mp4,Earl Scruggs And Friends,Foggy Mountain Breakdown,RVTR270911,1,HUMAN REVIEW REQUIRED,"Existing simulation selected one candidate (RVTR270911), but no safe disposition signal.",false
/Users/bobhopp/DJ MEDIA/VIDEO/1970's/Aretha Franklin & Ray Charles - It Takes Two To Tango.mp4,Aretha Franklin & Ray Charles,It Takes Two To Tango,RVTR245040,1,HUMAN REVIEW REQUIRED,"Existing simulation selected one candidate (RVTR245040), but no safe disposition signal.",false
/Users/bobhopp/DJ MEDIA/VIDEO/1970's/Miley Cyrus - Heart Of Glass (iHeart Festival Remix).mp4,Miley Cyrus,Heart Of Glass (iHeart Festival Remix),RVTR461279,1,DISTINCT RECORDING,Recording/version wording may identify a different recording.,false
/Users/bobhopp/DJ MEDIA/VIDEO/1950's/Cab Calloway and the Nicholas Brothers - Jumpin Jive.mp4,Cab Calloway and the Nicholas Brothers,Jumpin Jive,RVTR475086,1,HUMAN REVIEW REQUIRED,"Existing simulation selected one candidate (RVTR475086), but no safe disposition signal.",false
/Users/bobhopp/DJ MEDIA/VIDEO/1960's/The Cowsils - The Rain The Park And Other Things (B&W).mp4,The Cowsils,The Rain The Park And Other Things (B&W),RVTR552419,1,SAFE TITLE NOISE,Existing simulation selected one canonical candidate (RVTR552419); deterministic filename/tag noise.,true
/Users/bobhopp/DJ MEDIA/VIDEO/1970's/Elton John - We All Fall In Love Sometimes   Curtains.mp4,Elton John,We All Fall In Love Sometimes   Curtains,RVTR373938,1,HUMAN REVIEW REQUIRED,"Existing simulation selected one candidate (RVTR373938), but no safe disposition signal.",false
/Users/bobhopp/DJ MEDIA/VIDEO/1980's/Bonnie Tyler And Shakin' Stevens - A Rockin' Good Way.mp4,Bonnie Tyler And Shakin' Stevens,A Rockin' Good Way,RVTR870111,1,SAFE TITLE NOISE,Existing simulation selected one canonical candidate (RVTR870111); deterministic filename/tag noise.,true
/Users/bobhopp/DJ MEDIA/VIDEO/1960's/The Rolling Stones - I Just Want To Make Love To You.mp4,The Rolling Stones,I Just Want To Make Love To You,RVTR885907,1,HUMAN REVIEW REQUIRED,"Existing simulation selected one candidate (RVTR885907), but no safe disposition signal.",false
"/Users/bobhopp/DJ MEDIA/VIDEO/2020's/Kate Hudson and Hugh Jackman - Cherry, Cherry Play Me.mp4",Kate Hudson and Hugh Jackman,"Cherry, Cherry Play Me",RVTR010955,1,SAFE TITLE NOISE,Existing simulation selected one canonical candidate (RVTR010955); deterministic filename/tag noise.,true
"/Users/bobhopp/DJ MEDIA/VIDEO/TECHNO/Limp Bizkit - Home Sweet Home,Bittersweet Symphony.mp4",Limp Bizkit,"Home Sweet Home,Bittersweet Symphony",RVTR269199,1,SAFE TITLE NOISE,Existing simulation selected one canonical candidate (RVTR269199); deterministic filename/tag noise.,true
/Users/bobhopp/DJ MEDIA/VIDEO/1980's/D.J. Chuck Chillout & Kool Chip - Rhythm Is The Master.mp4,D.J. Chuck Chillout & Kool Chip,Rhythm Is The Master,RVTR318915,1,HUMAN REVIEW REQUIRED,"Existing simulation selected one candidate (RVTR318915), but no safe disposition signal.",false
/Users/bobhopp/DJ MEDIA/VIDEO/TECHNO/Whitney Houston & George Michael - If I Told You That.mp4,Whitney Houston & George Michael,If I Told You That,RVTR519901,1,HUMAN REVIEW REQUIRED,"Existing simulation selected one candidate (RVTR519901), but no safe disposition signal.",false
/Users/bobhopp/DJ MEDIA/VIDEO/1990's/Mighty Mighty Bosstones - The Impression That I Get.mp4,Mighty Mighty Bosstones,The Impression That I Get,RVTR730128,1,HUMAN REVIEW REQUIRED,"Existing simulation selected one candidate (RVTR730128), but no safe disposition signal.",false
/Users/bobhopp/DJ MEDIA/VIDEO/1980's/Peter Gabriel - In Your Eyes (Secret World Live (1994)).mp4,Peter Gabriel,In Your Eyes,RVTR932459,1,HUMAN REVIEW REQUIRED,"Existing simulation selected one candidate (RVTR932459), but no safe disposition signal.",false
/Users/bobhopp/DJ MEDIA/VIDEO/2010's/Kygo & Whitney Houston - Higher Love (Official Video).mp4,Kygo & Whitney Houston,Higher Love,RVTR017227,1,HUMAN REVIEW REQUIRED,"Existing simulation selected one candidate (RVTR017227), but no safe disposition signal.",false
/Users/bobhopp/DJ MEDIA/VIDEO/2010's/New Boyz f._Chris Brown - Better With The Lights Off.mp4,New Boyz f./Chris Brown,Better With The Lights Off,RVTR274504,1,HUMAN REVIEW REQUIRED,"Existing simulation selected one candidate (RVTR274504), but no safe disposition signal.",false
/Users/bobhopp/DJ MEDIA/VIDEO/1990's/DJ Jazzy Jeff & The Fresh Prince - Boom! Shake The Room.mp4,DJ Jazzy Jeff & The Fresh Prince,Boom! Shake The Room,RVTR173254,1,SAFE TITLE NOISE,Existing simulation selected one canonical candidate (RVTR173254); deterministic filename/tag noise.,true
/Users/bobhopp/DJ MEDIA/VIDEO/1970's/Grand Funk Railroad - Some Kind of Wonderful (lyrics).mp4,Grand Funk Railroad,Some Kind of Wonderful (lyrics),RVTR676353,1,SAFE TITLE NOISE,Existing simulation selected one canonical candidate (RVTR676353); deterministic filename/tag noise.,true
/Users/bobhopp/DJ MEDIA/VIDEO/1970's/Alan Parsons Project - I Wouldn't Want to be Like You.mp4,Alan Parsons Project,I Wouldn't Want to be Like You,RVTR808670,1,SAFE TITLE NOISE,Existing simulation selected one canonical candidate (RVTR808670); deterministic filename/tag noise.,true
/Users/bobhopp/DJ MEDIA/VIDEO/2020's/Billy Strings feat. Willie Nelson - California Sober.mp4,Billy Strings feat. Willie Nelson,California Sober,RVTR400641,1,HUMAN REVIEW REQUIRED,"Existing simulation selected one candidate (RVTR400641), but no safe disposition signal.",false
/Users/bobhopp/DJ MEDIA/VIDEO/1980's/Kylie Minogue And Jason Donovan - Especially For You.mp4,Kylie Minogue And Jason Donovan,Especially For You,RVTR272360,1,HUMAN REVIEW REQUIRED,"Existing simulation selected one candidate (RVTR272360), but no safe disposition signal.",false
/Users/bobhopp/DJ MEDIA/VIDEO/1990's/Stevie Ray Vaughan & Double Trouble - Cold Shot (Live).mp4,Stevie Ray Vaughan & Double Trouble,Cold Shot (Live),RVTR507468,1,SAFE TITLE NOISE,Existing simulation selected one canonical candidate (RVTR507468); deterministic filename/tag noise.,true
/Users/bobhopp/DJ MEDIA/VIDEO/2000's/Lil' Jon feat. Pitbull & Machel Montano - Floor On Fire.mp4,Lil' Jon feat. Pitbull & Machel Montano,Floor On Fire,RVTR833665,1,HUMAN REVIEW REQUIRED,"Existing simulation selected one candidate (RVTR833665), but no safe disposition signal.",false
/Users/bobhopp/DJ MEDIA/VIDEO/2020's/Kyle Clark feat. Troy Cartwright - Bad Day To Be A Beer.mp4,Kyle Clark feat. Troy Cartwright,Bad Day To Be A Beer,RVTR046332,1,HUMAN REVIEW REQUIRED,"Existing simulation selected one candidate (RVTR046332), but no safe disposition signal.",false
/Users/bobhopp/DJ MEDIA/VIDEO/2010's/David Guetta f._Taio Cruz & Ludacris - Little Bad Girl.mp4,David Guetta f./Taio Cruz & Ludacris,Little Bad Girl,RVTR657412,1,HUMAN REVIEW REQUIRED,"Existing simulation selected one candidate (RVTR657412), but no safe disposition signal.",false
/Users/bobhopp/DJ MEDIA/VIDEO/COUNTRY/FILL/Kenny Chesney - She's Got It All (2-Channel Stereo Mix).mp4,Kenny Chesney,She's Got It All (2-Channel Stereo Mix),RVTR916482,1,SAFE TITLE NOISE,Existing simulation selected one canonical candidate (RVTR916482); deterministic filename/tag noise.,true
/Users/bobhopp/DJ MEDIA/VIDEO/1980's/Billy Ocean - Caribbean Queen (No More Love On The Run).mp4,Billy Ocean,Caribbean Queen (No More Love On The Run),RVTR287972,1,SAFE TITLE NOISE,Existing simulation selected one canonical candidate (RVTR287972); deterministic filename/tag noise.,true
"/Users/bobhopp/DJ MEDIA/VIDEO/1990's/Brandy, Tamia, Gladys Knight & Chaka Khan - Missing You.mp4","Brandy, Tamia, Gladys Knight & Chaka Khan",Missing You,RVTR039603,1,HUMAN REVIEW REQUIRED,"Existing simulation selected one candidate (RVTR039603), but no safe disposition signal.",false
/Users/bobhopp/DJ MEDIA/VIDEO/COUNTRY/FILL/Ray Price And Faron Young - Funny How Time Slips Away.mp4,Ray Price And Faron Young,Funny How Time Slips Away,RVTR685354,1,HUMAN REVIEW REQUIRED,"Existing simulation selected one candidate (RVTR685354), but no safe disposition signal.",false
/Users/bobhopp/DJ MEDIA/VIDEO/1960's/Alan Price Set - Simon Smith & His Amazing Dancing Bear.mp4,Alan Price Set,Simon Smith & His Amazing Dancing Bear,RVTR450488,1,SAFE TITLE NOISE,Existing simulation selected one canonical candidate (RVTR450488); deterministic filename/tag noise.,true
/Users/bobhopp/DJ MEDIA/VIDEO/TECHNO/Honorebel F.Pitbull And Jump Smokers - Now You See It.mp4,Honorebel F.Pitbull And Jump Smokers,Now You See It,RVTR510127,1,HUMAN REVIEW REQUIRED,"Existing simulation selected one candidate (RVTR510127), but no safe disposition signal.",false
/Users/bobhopp/DJ MEDIA/VIDEO/1980's/Greg Kihn Band - The Breakup Song (They Don't Write 'Em).mp4,Greg Kihn Band,The Breakup Song (They Don't Write 'Em),RVTR722804,1,SAFE TITLE NOISE,Existing simulation selected one canonical candidate (RVTR722804); deterministic filename/tag noise.,true
/Users/bobhopp/DJ MEDIA/VIDEO/1980's/Kenny Rogers And Dolly Parton - Islands In The Stream.mp4,Kenny Rogers And Dolly Parton,Islands In The Stream,RVTR707039,1,HUMAN REVIEW REQUIRED,"Existing simulation selected one candidate (RVTR707039), but no safe disposition signal.",false
/Users/bobhopp/DJ MEDIA/VIDEO/TECHNO/Busta Rhymes - Put Your Hands Where My Eyes Could See.mp4,Busta Rhymes,Put Your Hands Where My Eyes Could See,RVTR359234,1,HUMAN REVIEW REQUIRED,"Existing simulation selected one candidate (RVTR359234), but no safe disposition signal.",false
/Users/bobhopp/DJ MEDIA/VIDEO/COUNTRY/FILL/Willie Nelson And Merle Haggard - It's All Going To Pot.mp4,Willie Nelson And Merle Haggard,It's All Going To Pot,RVTR548454,1,SAFE TITLE NOISE,Existing simulation selected one canonical candidate (RVTR548454); deterministic filename/tag noise.,true
/Users/bobhopp/DJ MEDIA/VIDEO/1980's/Stevie Ray Vaughan And Double Trouble - Superstition.mp4,Stevie Ray Vaughan And Double Trouble,Superstition,RVTR581164,1,HUMAN REVIEW REQUIRED,"Existing simulation selected one candidate (RVTR581164), but no safe disposition signal.",false
/Users/bobhopp/DJ MEDIA/VIDEO/2010's/Rock Of Ages Movie - Rock Of Ages _ Wanted Dead Or Alive.mp4,Rock Of Ages Movie,Rock Of Ages / Wanted Dead Or Alive,RVTR231370,1,HUMAN REVIEW REQUIRED,"Existing simulation selected one candidate (RVTR231370), but no safe disposition signal.",false
/Users/bobhopp/DJ MEDIA/VIDEO/1960's/Tommy James & The Shondells - Crystal Blue Persuasion.mp4,Tommy James & The Shondells,Crystal Blue Persuasion,RVTR850139,1,HUMAN REVIEW REQUIRED,"Existing simulation selected one candidate (RVTR850139), but no safe disposition signal.",false
/Users/bobhopp/DJ MEDIA/VIDEO/1960's/Arlo Guthrie - Alice s Restaurant (Live at Farm Aid 2005).mp4,Arlo Guthrie,Alice s Restaurant  (Live at Farm Aid 2005),RVTR497447,1,SAFE TITLE NOISE,Existing simulation selected one canonical candidate (RVTR497447); deterministic filename/tag noise.,true
"/Users/bobhopp/DJ MEDIA/VIDEO/2010's/Lloyd Banks f._Juelz Santana - Beamer, Benz Or Bentley.mp4",Lloyd Banks f./Juelz Santana,"Beamer, Benz Or Bentley",RVTR830458,1,SAFE TITLE NOISE,Existing simulation selected one canonical candidate (RVTR830458); deterministic filename/tag noise.,true
/Users/bobhopp/DJ MEDIA/VIDEO/COUNTRY/FILL/Merle Haggard - Are The Good Times Really Over For Good.mp4,Merle Haggard,Are The Good Times Really Over For Good,RVTR577031,1,HUMAN REVIEW REQUIRED,"Existing simulation selected one candidate (RVTR577031), but no safe disposition signal.",false
/Users/bobhopp/DJ MEDIA/VIDEO/1950's/Judy Garland - Have Yourself A Merry Little Christmas.mp4,Judy Garland,Have Yourself A Merry Little Christmas,RVTR227670,1,HUMAN REVIEW REQUIRED,"Existing simulation selected one candidate (RVTR227670), but no safe disposition signal.",false
/Users/bobhopp/DJ MEDIA/VIDEO/1980's/U2 - Bad (Live Aid).mp4,U2,Bad (Live Aid),RVTR512905,1,SAFE TITLE NOISE,Existing simulation selected one canonical candidate (RVTR512905); deterministic filename/tag noise.,true
/Users/bobhopp/DJ MEDIA/VIDEO/2000's/Ida Maria - I Like You So Much Better When You`re Naked.mp4,Ida Maria,I Like You So Much Better When You`re Naked,RVTR211734,1,HUMAN REVIEW REQUIRED,"Existing simulation selected one candidate (RVTR211734), but no safe disposition signal.",false
"/Users/bobhopp/DJ MEDIA/VIDEO/1980's/The Silencers - Peter Gunn, Remote Control and Illegal.mp4",The Silencers,"Peter Gunn, Remote Control and Illegal",RVTR681434,1,SAFE TITLE NOISE,Existing simulation selected one canonical candidate (RVTR681434); deterministic filename/tag noise.,true
/Users/bobhopp/DJ MEDIA/VIDEO/1980's/The Blues Brothers - Everybody Needs Somebody To Love.mp4,The Blues Brothers,Everybody Needs Somebody To Love,RVTR760960,1,HUMAN REVIEW REQUIRED,"Existing simulation selected one candidate (RVTR760960), but no safe disposition signal.",false
/Users/bobhopp/DJ MEDIA/VIDEO/1970's/Creedence Clearwater Revival - Lookin' Out My Backdoor.mp4,Creedence Clearwater Revival,Lookin' Out My Backdoor,RVTR381004,1,SAFE TITLE NOISE,Existing simulation selected one canonical candidate (RVTR381004); deterministic filename/tag noise.,true
"/Users/bobhopp/DJ MEDIA/VIDEO/1990's/Snoop Dogg feat. Dr. Dre - Who Am I (Clean, What's My Name).mp4",Snoop Dogg ft Dr. Dre,Who Am I (What's My Name) (Clean),RVTR035923,1,DISTINCT RECORDING,Recording/version wording may identify a different recording.,false
/Users/bobhopp/DJ MEDIA/VIDEO/1980's/Bob Marley & The Wailers - Three Little Birds (Original).mp4,Bob Marley,Three Little Birds (Original),RVTR139295,1,SAFE TITLE NOISE,Existing simulation selected one canonical candidate (RVTR139295); deterministic filename/tag noise.,true
/Users/bobhopp/DJ MEDIA/VIDEO/1980's/Johnn Travolta and Olivia Newton John - Grease Megamix.mp4,Johnn Travolta and Olivia Newton John,Grease Megamix,RVTR680650,1,HUMAN REVIEW REQUIRED,"Existing simulation selected one candidate (RVTR680650), but no safe disposition signal.",false
/Users/bobhopp/DJ MEDIA/VIDEO/2010's/Pitbull F.Ne-Yo Afrojack And Nayer - Give Me Everything.mp4,"Pitbull f./Ne-Yo, Afrojack, and Nayer",Give Me Everything,RVTR155925,1,HUMAN REVIEW REQUIRED,"Existing simulation selected one candidate (RVTR155925), but no safe disposition signal.",false
"/Users/bobhopp/DJ MEDIA/VIDEO/TECHNO/Break And Repair Method, The - You Won't Be Able To Be Sad.mp4","Break And Repair Method, The",You Won't Be Able To Be Sad,RVTR921677,1,SAFE TITLE NOISE,Existing simulation selected one canonical candidate (RVTR921677); deterministic filename/tag noise.,true
/Users/bobhopp/DJ MEDIA/VIDEO/2010's/Madonna f._Nicki Minaj & M.I.A. - Gimme Me All Your Luvin'.mp4,Madonna f./Nicki Minaj & M.I.A.,Gimme Me All Your Luvin',RVTR610933,1,SAFE TITLE NOISE,Existing simulation selected one canonical candidate (RVTR610933); deterministic filename/tag noise.,true
"/Users/bobhopp/DJ MEDIA/VIDEO/1990's/Michael Monroe with Axl Rose - Dead, Jail or Rock n' Roll.mp4",Michael Monroe with Axl Rose,"Dead, Jail or Rock n' Roll",RVTR299048,1,SAFE TITLE NOISE,Existing simulation selected one canonical candidate (RVTR299048); deterministic filename/tag noise.,true
/Users/bobhopp/DJ MEDIA/VIDEO/1970's/Middle of the Road - Chirpy Chirpy Cheep Cheep - Totp 1971.mp4,Middle of the Road,Chirpy Chirpy Cheep Cheep,RVTR652368,1,HUMAN REVIEW REQUIRED,"Existing simulation selected one candidate (RVTR652368), but no safe disposition signal.",false
/Users/bobhopp/DJ MEDIA/VIDEO/2010's/Julianne Hough & Diego Boneta - More Than Words _ Heaven.mp4,Julianne Hough & Diego Boneta,More Than Words / Heaven,RVTR574506,1,HUMAN REVIEW REQUIRED,"Existing simulation selected one candidate (RVTR574506), but no safe disposition signal.",false
"/Users/bobhopp/DJ MEDIA/VIDEO/1970's/Barry White - You Are The First, My Last, My Everything.mp4",Barry White,"You Are The First, My Last, My Everything",RVTR463355,1,SAFE TITLE NOISE,Existing simulation selected one canonical candidate (RVTR463355); deterministic filename/tag noise.,true
/Users/bobhopp/DJ MEDIA/VIDEO/1950's/Muddy Waters & The Rolling Stones - Baby Please Don't Go.mp4,Muddy Waters & The Rolling Stones,Baby Please Don't Go,RVTR745016,1,SAFE TITLE NOISE,Existing simulation selected one canonical candidate (RVTR745016); deterministic filename/tag noise.,true
/Users/bobhopp/DJ MEDIA/VIDEO/1960's/The Walker Brothers - The Sun Ain't Gonna Shine Anymore.mp4,The Walker Brothers,The Sun Ain't Gonna Shine Anymore,RVTR685154,1,SAFE TITLE NOISE,Existing simulation selected one canonical candidate (RVTR685154); deterministic filename/tag noise.,true
/Users/bobhopp/DJ MEDIA/VIDEO/1970's/Gladys Knight & The Pips - The Midnight Train To Georgia.mp4,Gladys Knight & The Pips,The Midnight Train To Georgia,RVTR127796,1,HUMAN REVIEW REQUIRED,"Existing simulation selected one candidate (RVTR127796), but no safe disposition signal.",false
/Users/bobhopp/DJ MEDIA/VIDEO/1970's/Led Zepplin - Kashmir.mp4,Led Zepplin,Kashmir,RVTR559474,1,HUMAN REVIEW REQUIRED,"Existing simulation selected one candidate (RVTR559474), but no safe disposition signal.",false
"/Users/bobhopp/DJ MEDIA/VIDEO/1960's/Tom Jones & Crosby, Stills, Nash & Young - Long Time Gone.mp4","Tom Jones & Crosby, Stills, Nash & Young",Long Time Gone,RVTR093125,1,HUMAN REVIEW REQUIRED,"Existing simulation selected one candidate (RVTR093125), but no safe disposition signal.",false
/Users/bobhopp/DJ MEDIA/VIDEO/2010's/Chris Brown f._Busta Rhymes & Lil Wayne - Look At Me Now.mp4,Chris Brown f./Busta Rhymes & Lil Wayne,Look At Me Now,RVTR852331,1,HUMAN REVIEW REQUIRED,"Existing simulation selected one candidate (RVTR852331), but no safe disposition signal.",false
/Users/bobhopp/DJ MEDIA/VIDEO/1980's/Neil Diamond - Brother Love's Traveling Salvation Show.mp4,Neil Diamond,Brother Love's Traveling Salvation Show,RVTR240851,1,SAFE TITLE NOISE,Existing simulation selected one canonical candidate (RVTR240851); deterministic filename/tag noise.,true
/Users/bobhopp/DJ MEDIA/VIDEO/1990's/Prince - Pussy control VH1 Fashion and Music Awards 1995.mp4,Prince,Pussy control VH1 Fashion and Music Awards 1995,RVTR080609,1,SAFE TITLE NOISE,Existing simulation selected one canonical candidate (RVTR080609); deterministic filename/tag noise.,true
/Users/bobhopp/DJ MEDIA/VIDEO/2000's/The Flaming Lips - Yoshimi Battles the Pink Robots Pt. 1.mp4,The Flaming Lips,Yoshimi Battles the Pink Robots Pt. 1,RVTR745562,1,SAFE TITLE NOISE,Existing simulation selected one canonical candidate (RVTR745562); deterministic filename/tag noise.,true
/Users/bobhopp/DJ MEDIA/VIDEO/1950's/Judy Garland and Johnny Mercer. - Taking A Chance On Love.mp4,Judy Garland and Johnny Mercer.,Taking A Chance On Love,RVTR248568,1,HUMAN REVIEW REQUIRED,"Existing simulation selected one candidate (RVTR248568), but no safe disposition signal.",false
/Users/bobhopp/DJ MEDIA/VIDEO/2010's/Dropkick Murphys and Bruce Springstien - A Rose Tattoo.mp4,Dropkick Murphys and Bruce Springstien,A Rose Tattoo,RVTR439787,1,HUMAN REVIEW REQUIRED,"Existing simulation selected one candidate (RVTR439787), but no safe disposition signal.",false
/Users/bobhopp/DJ MEDIA/VIDEO/1980's/Daryl Hall & John Oates - You've Lost That Lovin' Feeling.mp4,Daryl Hall & John Oates,You've Lost That Lovin' Feeling,RVTR946659,1,SAFE TITLE NOISE,Existing simulation selected one canonical candidate (RVTR946659); deterministic filename/tag noise.,true
/Users/bobhopp/DJ MEDIA/VIDEO/1970's/Arlo Guthrie - Alice's Restaurant Massacree - Part 1 (1970).mp4,Arlo Guthrie,Alice's Restaurant Massacree - Part 1 (1970),RVTR497447,1,SAFE TITLE NOISE,Existing simulation selected one canonical candidate (RVTR497447); deterministic filename/tag noise.,true
/Users/bobhopp/DJ MEDIA/VIDEO/1970's/Arlo Guthrie - Alice's Restaurant Massacree - Part 2 (1970).mp4,Arlo Guthrie,Alice's Restaurant Massacree - Part 2 (1970),RVTR497447,1,SAFE TITLE NOISE,Existing simulation selected one canonical candidate (RVTR497447); deterministic filename/tag noise.,true
/Users/bobhopp/DJ MEDIA/VIDEO/1960's/Eric Burdon & The Animals - We Gotta Get Out Of This Place.mp4,Eric Burdon & The Animals,We Gotta Get Out Of This Place,RVTR548998,1,HUMAN REVIEW REQUIRED,"Existing simulation selected one candidate (RVTR548998), but no safe disposition signal.",false
/Users/bobhopp/DJ MEDIA/VIDEO/1990's/Stevie Ray Vaughan & Double Trouble - Leave My Girl Alone.mp4,Stevie Ray Vaughan & Double Trouble,Leave My Girl Alone,RVTR610753,1,HUMAN REVIEW REQUIRED,"Existing simulation selected one candidate (RVTR610753), but no safe disposition signal.",false
/Users/bobhopp/DJ MEDIA/VIDEO/2010's/Young Thug & Travis Scott feat. Quavo - Pick Up The Phone.mp4,Young Thug & Travis Scott Ft. Quavo,Pick Up The Phone,RVTR059420,1,HUMAN REVIEW REQUIRED,"Existing simulation selected one candidate (RVTR059420), but no safe disposition signal.",false
"/Users/bobhopp/DJ MEDIA/VIDEO/2010's/Corey Taylor, Dave Grohl, Rick Nielsen - From Can To Can't.mp4","Corey Taylor, Dave Grohl, Rick Nielsen",From Can To Can't,RVTR736640,1,SAFE TITLE NOISE,Existing simulation selected one canonical candidate (RVTR736640); deterministic filename/tag noise.,true
/Users/bobhopp/DJ MEDIA/VIDEO/1980's/Christopher Cross - Arthur s Theme (Best That You Can Do).mp4,Christopher Cross,Arthur s Theme (Best That You Can Do),RVTR439429,1,SAFE TITLE NOISE,Existing simulation selected one canonical candidate (RVTR439429); deterministic filename/tag noise.,true
/Users/bobhopp/DJ MEDIA/VIDEO/1970's/Daryl Hall & John Oates - She's Gone_Sara Smile_Rich Girl.mp4,Daryl Hall & John Oates,She's Gone:Sara Smile:Rich Girl,RVTR269789,1,SAFE TITLE NOISE,Existing simulation selected one canonical candidate (RVTR269789); deterministic filename/tag noise.,true
/Users/bobhopp/DJ MEDIA/VIDEO/1980's/Afrika Bambaataa & The Soulsonic Force - Renegades of Funk.mp4,Afrika Bambaataa & The Soulsonic Force,Renegades of Funk,RVTR292741,1,HUMAN REVIEW REQUIRED,"Existing simulation selected one candidate (RVTR292741), but no safe disposition signal.",false
/Users/bobhopp/DJ MEDIA/VIDEO/1980's/Albert King and Stevie Ray Vaughan - Born Under A Bad Sign.mp4,Albert King and Stevie Ray Vaughan,Born Under A Bad Sign,RVTR484472,1,HUMAN REVIEW REQUIRED,"Existing simulation selected one candidate (RVTR484472), but no safe disposition signal.",false
/Users/bobhopp/DJ MEDIA/VIDEO/2010's/Boys Like Girls f._Taylor Swift - Two Is Better Than One.mp4,Boys Like Girls f./Taylor Swift,Two Is Better Than One,RVTR429949,1,HUMAN REVIEW REQUIRED,"Existing simulation selected one candidate (RVTR429949), but no safe disposition signal.",false
/Users/bobhopp/DJ MEDIA/VIDEO/TECHNO/Alex Gaudino feat. Crystal Waters - Destination Calabria.mp4,Alex Gaudino Feat Crystal Waters,Destination Calabria,RVTR686981,1,HUMAN REVIEW REQUIRED,"Existing simulation selected one candidate (RVTR686981), but no safe disposition signal.",false
/Users/bobhopp/DJ MEDIA/VIDEO/2010's/Israel _Iz_ Kamakawiwo'ole - Somewhere Over The Rainbow.MP4,"Israel ""Iz"" Kamakawiwo'ole",Somewhere Over The Rainbow,RVTR121227,1,HUMAN REVIEW REQUIRED,"Existing simulation selected one candidate (RVTR121227), but no safe disposition signal.",false
/Volumes/DJ  MAIN/DJ MEDIA/VIDEO/1960's/John Cougar - Like A Rolling Stone  (1993) (Bob Dylan Anniversary).m4v,John Cougar,Like A Rolling Stone ,RVTR132630,1,HUMAN REVIEW REQUIRED,"Existing simulation selected one candidate (RVTR132630), but no safe disposition signal.",false
/Volumes/DJ  MAIN/DJ MEDIA/VIDEO/1960's/10-Dion DiMucci - Drip Drop (1963).mp4,Dion DiMucci,Drip Drop,RVTR643758,1,HUMAN REVIEW REQUIRED,"Existing simulation selected one candidate (RVTR643758), but no safe disposition signal.",false
/Users/bobhopp/DJ MEDIA/VIDEO/1960's/Jimi Hendrix - Purple Haze (1967).mp4,Jimi Hendrix,Purple Haze (1967),RVTR086326,1,SAFE TITLE NOISE,Existing simulation selected one canonical candidate (RVTR086326); deterministic filename/tag noise.,true
/Volumes/DJ  MAIN/DJ MEDIA/VIDEO/1960's/5-Don't Think Twice Peter Paul Mary REMASTERED Video TRUE STEREO HiQ Hybrid JARichardsFilm.mp4,Peter Paul Mary,Don't Think Twice,RVTR392059,1,SAFE TITLE NOISE,Existing simulation selected one canonical candidate (RVTR392059); deterministic filename/tag noise.,true
/Users/bobhopp/DJ MEDIA/VIDEO/1960's/Glenn Campbell - Wichita Lineman.mp4,Glenn Campbell,Wichita Lineman,RVTR187192,1,HUMAN REVIEW REQUIRED,"Existing simulation selected one candidate (RVTR187192), but no safe disposition signal.",false
/Volumes/DJ  MAIN/DJ MEDIA/VIDEO/VOBs/Van Morrison - Just Like A Woman .mov,Van Morrison,Just Like A Woman,RVTR874754,1,HUMAN REVIEW REQUIRED,"Existing simulation selected one candidate (RVTR874754), but no safe disposition signal.",false
/Users/bobhopp/DJ MEDIA/VIDEO/1960's/The Rolling Stones - Satisfaction!.mp4,The Rolling Stones,Satisfaction!,RVTR438912,1,SAFE TITLE NOISE,Existing simulation selected one canonical candidate (RVTR438912); deterministic filename/tag noise.,true
/Users/bobhopp/DJ MEDIA/VIDEO/1960's/Chubby Checkers - Let's Twist Again.mp4,Chubby Checkers,Let's Twist Again,RVTR749029,1,SAFE TITLE NOISE,Existing simulation selected one canonical candidate (RVTR749029); deterministic filename/tag noise.,true
/Users/bobhopp/DJ MEDIA/VIDEO/1960's/Mamas and The Papas - California Dreamin.mp4,Mamas and The Papas,California Dreamin,RVTR255602,1,HUMAN REVIEW REQUIRED,"Existing simulation selected one candidate (RVTR255602), but no safe disposition signal.",false
/Volumes/DJ  MAIN/DJ MEDIA/VIDEO/1960's/Roy Orbison - Pretty Woman (Edited)  (1987).m4v,Roy Orbison,Pretty Woman (Edited)  (1987),RVTR870712,1,SAFE TITLE NOISE,Existing simulation selected one canonical candidate (RVTR870712); deterministic filename/tag noise.,true
/Volumes/DJ  MAIN/DJ MEDIA/VIDEO/VOBs/Roy Orbison - Pretty Woman (Extended)  (1987).mov,Roy Orbison,Pretty Woman (Extended) (1964) (1987),RVTR870712,1,SAFE TITLE NOISE,Existing simulation selected one canonical candidate (RVTR870712); deterministic filename/tag noise.,true
/Volumes/DJ  MAIN/DJ MEDIA/VIDEO/1960's/3-Mississippi Fred McDowell - Shake 'Em On Down.mp4,Mississippi Fred McDowell,Shake 'Em On Down,RVTR061977,1,SAFE TITLE NOISE,Existing simulation selected one canonical candidate (RVTR061977); deterministic filename/tag noise.,true
/Volumes/DJ  MAIN/DJ MEDIA/VIDEO/1960's/5-Lulu - Loves Loves To Love Love - Top Of The Pops (1967).mp4,Lulu,Loves Loves To Love Love,RVTR328447,1,HUMAN REVIEW REQUIRED,"Existing simulation selected one candidate (RVTR328447), but no safe disposition signal.",false
/Users/bobhopp/DJ MEDIA/VIDEO/1990's/U2 - Numb.mp4,U2,Numb,RVTR424790,1,HUMAN REVIEW REQUIRED,"Existing simulation selected one candidate (RVTR424790), but no safe disposition signal.",false
/Users/bobhopp/DJ MEDIA/VIDEO/1960's/Chris Farlowe - Out Of Time.mp4,Chris Farlowe,Out Of Time,RVTR785231,1,HUMAN REVIEW REQUIRED,"Existing simulation selected one candidate (RVTR785231), but no safe disposition signal.",false
/Users/bobhopp/DJ MEDIA/VIDEO/1990's/Butthole Surfers - Pepper.mp4,Butthole Surfers,Pepper,RVTR803919,1,HUMAN REVIEW REQUIRED,"Existing simulation selected one candidate (RVTR803919), but no safe disposition signal.",false
/Users/bobhopp/DJ MEDIA/VIDEO/1990's/Primitive Radio Gods - Standing Outside A Broken Phone Booth.mp4,Primitive Radio Gods,Standing Outside A Broken Phone Booth,RVTR814896,1,HUMAN REVIEW REQUIRED,"Existing simulation selected one candidate (RVTR814896), but no safe disposition signal.",false
/Users/bobhopp/DJ MEDIA/VIDEO/1980's/Grateful Dead - Throwing Stones.mp4,Grateful Dead,Throwing Stones,RVTR312543,1,HUMAN REVIEW REQUIRED,"Existing simulation selected one candidate (RVTR312543), but no safe disposition signal.",false
/Users/bobhopp/DJ MEDIA/VIDEO/1980's/Pink Floyd - Another Brick in the Wall Pt. 2.mp4,Pink Floyd,Another Brick in the Wall Pt. 2,RVTR648969,1,SAFE TITLE NOISE,Existing simulation selected one canonical candidate (RVTR648969); deterministic filename/tag noise.,true
"/Users/bobhopp/DJ MEDIA/VIDEO/2010's/DJ Khaled f._T-Pain, Ludacris, Rick Ross, Snoop Dogg - All I Do Is Win.mp4","DJ Khaled f./T-Pain, Ludacris, Rick Ross, Snoop Dogg",All I Do Is Win,RVTR926086,1,HUMAN REVIEW REQUIRED,"Existing simulation selected one candidate (RVTR926086), but no safe disposition signal.",false
/Users/bobhopp/DJ MEDIA/VIDEO/2000's/XX - VCR.MP4,XX,VCR,RVTR083054,1,HUMAN REVIEW REQUIRED,"Existing simulation selected one candidate (RVTR083054), but no safe disposition signal.",false
/Users/bobhopp/DJ MEDIA/VIDEO/2010's/Dua Lipa - Be The One.mp4,Dua Lipa,Be The One,RVTR150689,1,HUMAN REVIEW REQUIRED,"Existing simulation selected one candidate (RVTR150689), but no safe disposition signal.",false
/Users/bobhopp/DJ MEDIA/VIDEO/1980's/Josie Cotton - J/ohnny Are You Queer?.mp4,Josie Cotton,Johnny Are You Queer?,RVTR912509,1,SAFE TITLE NOISE,Existing simulation selected one canonical candidate (RVTR912509); deterministic filename/tag noise.,true
/Users/bobhopp/DJ MEDIA/VIDEO/1990's/Gloria Estefan - Turn The Beat Around.mp4,Gloria Estefan,Turn The Beat Around,RVTR052131,1,HUMAN REVIEW REQUIRED,"Existing simulation selected one candidate (RVTR052131), but no safe disposition signal.",false
/Users/bobhopp/DJ MEDIA/VIDEO/1970's/The Cars - Moving in Stereo.mp4,Moving in Stereo,The Cars | The Midnight Special,RVTR963699,1,HUMAN REVIEW REQUIRED,"Existing simulation selected one candidate (RVTR963699), but no safe disposition signal.",false
/Users/bobhopp/DJ MEDIA/VIDEO/1980's/George Michael - Careless Whisper.mp4,George Michael,Careless Whisper,RVTR839692,1,HUMAN REVIEW REQUIRED,"Existing simulation selected one candidate (RVTR839692), but no safe disposition signal.",false
/Users/bobhopp/DJ MEDIA/VIDEO/2000's/Jack Johnson - Better Together.mp4,Jack Johnson,Better Together,RVTR557658,1,HUMAN REVIEW REQUIRED,"Existing simulation selected one candidate (RVTR557658), but no safe disposition signal.",false
/Users/bobhopp/DJ MEDIA/VIDEO/2000's/Harvey Danger - Flagpole Sitta.mp4,Harvey Danger,Flagpole Sitta,RVTR031408,1,HUMAN REVIEW REQUIRED,"Existing simulation selected one candidate (RVTR031408), but no safe disposition signal.",false
/Users/bobhopp/DJ MEDIA/VIDEO/1990's/Roxette - It Must Have Been Love.mp4,Roxette,It Must Have Been Love,RVTR743084,1,HUMAN REVIEW REQUIRED,"Existing simulation selected one candidate (RVTR743084), but no safe disposition signal.",false
"/Users/bobhopp/DJ MEDIA/VIDEO/1980's/Roger Waters, Van Morrison, The Band - Comfortably Numb.MP4","Roger Waters, Van Morrison, The Band",Comfortably Numb,RVTR098252,1,HUMAN REVIEW REQUIRED,"Existing simulation selected one candidate (RVTR098252), but no safe disposition signal.",false
/Users/bobhopp/DJ MEDIA/VIDEO/1980's/Sade - Is It A Crime.mp4,Sade,Is It A Crime,RVTR417627,1,HUMAN REVIEW REQUIRED,"Existing simulation selected one candidate (RVTR417627), but no safe disposition signal.",false
/Users/bobhopp/DJ MEDIA/VIDEO/1980's/Sting - Message In A Bottle.mp4,Sting,Message In A Bottle,RVTR468262,1,HUMAN REVIEW REQUIRED,"Existing simulation selected one candidate (RVTR468262), but no safe disposition signal.",false
/Users/bobhopp/DJ MEDIA/VIDEO/1980's/00.54.54.000-Phil Collins - Against All Odds (London).mp4,Phil Collins,Against All Odds,RVTR979166,1,HUMAN REVIEW REQUIRED,"Existing simulation selected one candidate (RVTR979166), but no safe disposition signal.",false
/Users/bobhopp/DJ MEDIA/VIDEO/1980's/00.05.17.000-U2 - Sunday Bloody Sunday (London).mp4,U2,Sunday Bloody Sunday,RVTR436580,1,HUMAN REVIEW REQUIRED,"Existing simulation selected one candidate (RVTR436580), but no safe disposition signal.",false
/Users/bobhopp/DJ MEDIA/VIDEO/1990's/Cranberries - Zombie.mp4,Cranberries,Zombie,RVTR838170,1,HUMAN REVIEW REQUIRED,"Existing simulation selected one candidate (RVTR838170), but no safe disposition signal.",false
/Users/bobhopp/DJ MEDIA/VIDEO/1990's/Wallflowers - One Headlight.mp4,Wallflowers,One Headlight,RVTR661548,1,HUMAN REVIEW REQUIRED,"Existing simulation selected one candidate (RVTR661548), but no safe disposition signal.",false
/Users/bobhopp/DJ MEDIA/VIDEO/1960's/Justin Wellington - Iko Iko (My Bestie).mp4,Justin Wellington,Iko Iko (My Bestie),RVTR780386,1,SAFE TITLE NOISE,Existing simulation selected one canonical candidate (RVTR780386); deterministic filename/tag noise.,true
/Users/bobhopp/DJ MEDIA/VIDEO/1980's/John Mellencamp - Authority Song.mp4,John Mellencamp,Authority Song,RVTR698834,1,HUMAN REVIEW REQUIRED,"Existing simulation selected one candidate (RVTR698834), but no safe disposition signal.",false
/Users/bobhopp/DJ MEDIA/VIDEO/1980's/Frankie goes to Hollywood - War.mp4,Frankie goes to Hollywood,War,RVTR567112,1,HUMAN REVIEW REQUIRED,"Existing simulation selected one candidate (RVTR567112), but no safe disposition signal.",false
/Users/bobhopp/DJ MEDIA/VIDEO/1980's/00.52.25.000-Phil Collins - Against All Odds (Philadelphia).mp4,Phil Collins,Against All Odds,RVTR979166,1,HUMAN REVIEW REQUIRED,"Existing simulation selected one candidate (RVTR979166), but no safe disposition signal.",false
