VirtualDJ file path,Artist,Title,proposed RVTR,candidate count,disposition,exact evidence,safe-to-auto-assign
"/Users/bobhopp/DJ MEDIA/VIDEO/COUNTRY/FILL/The Only Way I Know - Jason Aldean,Eric Church, Luke Bryan.mp4",The Only Way I Know,"Jason Aldean,Eric Church, Luke Bryan",RVTR982337,1,SAFE TITLE NOISE,Existing simulation selected one canonical candidate (RVTR982337); deterministic filename/tag noise.,true
/Users/bobhopp/DJ MEDIA/VIDEO/1980's/Stevie Ray Vaughan & Double Trouble - The House Is Rockin'.mp4,Stevie Ray Vaughan & Double Trouble,The House Is Rockin',RVTR261490,1,SAFE TITLE NOISE,Existing simulation selected one canonical candidate (RVTR261490); deterministic filename/tag noise.,true
/Users/bobhopp/DJ MEDIA/VIDEO/1970's/KC & The Sunshine Band - Get Down Tonight (Tom Moulton Mix).mp4,KC & The Sunshine Band,Get Down Tonight (Tom Moulton Mix),RVTR643247,1,SAFE TITLE NOISE,Existing simulation selected one canonical candidate (RVTR643247); deterministic filename/tag noise.,true
"/Users/bobhopp/DJ MEDIA/VIDEO/1960's/The Supremes, Smokey Robinson - Someday We'll Be Together.mp4","The Supremes, Smokey Robinson",Someday We'll Be Together,RVTR453977,1,SAFE TITLE NOISE,Existing simulation selected one canonical candidate (RVTR453977); deterministic filename/tag noise.,true
/Users/bobhopp/DJ MEDIA/VIDEO/2010's/Shakira f._Dizzee Rascal - Loca (Freemasons Mixshow Edit_).mp4,Shakira f./Dizzee Rascal,Loca (Freemasons Mixshow Edit*),RVTR464580,1,SAFE TITLE NOISE,Existing simulation selected one canonical candidate (RVTR464580); deterministic filename/tag noise.,true
/Users/bobhopp/DJ MEDIA/VIDEO/1970's/Marilyn McCoo - Up Up & Away Last Night I Didn t Get to Sleep.mp4,Marilyn McCoo,Up Up & Away Last Night I Didn t Get to Sleep,RVTR753044,1,SAFE TITLE NOISE,Existing simulation selected one canonical candidate (RVTR753044); deterministic filename/tag noise.,true
/Users/bobhopp/DJ MEDIA/VIDEO/1960's/Tommy Boyce & Bobby Hart - I Wonder What She's Doing Tonight.mp4,Tommy Boyce & Bobby Hart,I Wonder What She's Doing Tonight,RVTR893598,1,SAFE TITLE NOISE,Existing simulation selected one canonical candidate (RVTR893598); deterministic filename/tag noise.,true
"/Users/bobhopp/DJ MEDIA/VIDEO/1980's/Are There Any More Real Cowboys - Willie Nelson, Neil Young.mp4",Are There Any More Real Cowboys,"Willie Nelson, Neil Young",RVTR151888,1,SAFE TITLE NOISE,Existing simulation selected one canonical candidate (RVTR151888); deterministic filename/tag noise.,true
"/Users/bobhopp/DJ MEDIA/VIDEO/TECHNO/Lil' Romeo, Nick Cannon & 3Lw - Parents Just Don't Understand.mp4","Lil' Romeo, Nick Cannon & 3Lw",Parents Just Don't Understand,RVTR556852,1,SAFE TITLE NOISE,Existing simulation selected one canonical candidate (RVTR556852); deterministic filename/tag noise.,true
/Users/bobhopp/DJ MEDIA/VIDEO/1970's/Edison Lighthouse - Love Grows Where My Rosemary Grows (BW).mp4,Edison Lighthouse,Love Grows Where My Rosemary Grows (BW),RVTR152919,1,SAFE TITLE NOISE,Existing simulation selected one canonical candidate (RVTR152919); deterministic filename/tag noise.,true
/Users/bobhopp/DJ MEDIA/VIDEO/1980's/The Blues Brothers - Everybody Needs Somebody To Love (Clip).mp4,The Blues Brothers,Everybody Needs Somebody To Love (Clip),RVTR760960,1,SAFE TITLE NOISE,Existing simulation selected one canonical candidate (RVTR760960); deterministic filename/tag noise.,true
/Users/bobhopp/DJ MEDIA/VIDEO/1990's/Patty Smyth w_Don Henley - Sometimes Love Just Ain't Enough.mp4,Patty Smyth w:Don Henley,Sometimes Love Just Ain't Enough,RVTR645504,1,SAFE TITLE NOISE,Existing simulation selected one canonical candidate (RVTR645504); deterministic filename/tag noise.,true
/Users/bobhopp/DJ MEDIA/VIDEO/1990's/C+C Music Factory - Gonna Make You Sweat (Everybody Dance Now).mp4,C+C Music Factory,Gonna Make You Sweat (Everybody Dance Now),RVTR704771,1,SAFE TITLE NOISE,Existing simulation selected one canonical candidate (RVTR704771); deterministic filename/tag noise.,true
/Users/bobhopp/DJ MEDIA/VIDEO/1960's/Mitch Ryder & The Detroit Wheels - Jenny Take A Ride _ C C Rider.mp4,Mitch Ryder & The Detroit Wheels,Jenny Take A Ride : C C Rider,RVTR360336,1,SAFE TITLE NOISE,Existing simulation selected one canonical candidate (RVTR360336); deterministic filename/tag noise.,true
/Users/bobhopp/DJ MEDIA/VIDEO/1960's/Sly & the Family Stone - Thank You (Falettinme Be Mice Elf Agin).mp4,Sly & the Family Stone,Thank You (Falettinme Be Mice Elf Agin),RVTR494521,1,SAFE TITLE NOISE,Existing simulation selected one canonical candidate (RVTR494521); deterministic filename/tag noise.,true
/Users/bobhopp/DJ MEDIA/VIDEO/1960's/Roy Orbison and Elvis Presley - Pretty Woman_Polk Salad Annie.mp4,Roy Orbison and Elvis Presley,Pretty Woman:Polk Salad Annie,RVTR349146,1,SAFE TITLE NOISE,Existing simulation selected one canonical candidate (RVTR349146); deterministic filename/tag noise.,true
/Users/bobhopp/DJ MEDIA/VIDEO/1970's/Willie Nelson - Mammas Don't Let Your Babies Grow Up To Be Cowboys.mp4,Willie Nelson,Mammas Don't Let Your Babies Grow Up To Be Cowboys,RVTR694635,1,SAFE TITLE NOISE,Existing simulation selected one canonical candidate (RVTR694635); deterministic filename/tag noise.,true
"/Users/bobhopp/DJ MEDIA/VIDEO/1980's/George Thorogood And Destroyers - One Bourbon, One Scotch, One Beer.mp4",George Thorogood And Destroyers,"One Bourbon, One Scotch, One Beer",RVTR896235,1,SAFE TITLE NOISE,Existing simulation selected one canonical candidate (RVTR896235); deterministic filename/tag noise.,true
"/Users/bobhopp/DJ MEDIA/VIDEO/TECHNO/Cobra Starship - Send My Love To The Dancefloor, I'll See You In Hell.mp4",Cobra Starship,"Send My Love To The Dancefloor, I'll See You In Hell",RVTR532451,1,SAFE TITLE NOISE,Existing simulation selected one canonical candidate (RVTR532451); deterministic filename/tag noise.,true
/Users/bobhopp/DJ MEDIA/VIDEO/1970's/Seals and Crofts - We May Never Pass This Way Again_Summer Breeze (1973).mp4,Seals and Crofts,We May Never Pass This Way Again:Summer Breeze (1973),RVTR676601,1,SAFE TITLE NOISE,Existing simulation selected one canonical candidate (RVTR676601); deterministic filename/tag noise.,true
"/Users/bobhopp/DJ MEDIA/VIDEO/1990's/Pete Rock & CL Smooth - They Reminisce Over You (Official Video, T.R.O.Y.).mp4",Pete Rock & CL Smooth,Pete Rock & CL Smooth - They Reminisce Over You (T.R.O.Y.) (Official Video),RVTR112602,1,SAFE TITLE NOISE,Existing simulation selected one canonical candidate (RVTR112602); deterministic filename/tag noise.,true
/Users/bobhopp/DJ MEDIA/VIDEO/1980's/Freeez - I.O.U.mp4,Freeez,I.O.U.,RVTR420076,1,SAFE TITLE NOISE,Existing simulation selected one canonical candidate (RVTR420076); deterministic filename/tag noise.,true
"/Users/bobhopp/DJ MEDIA/VIDEO/1990's/Coolio - 1,2,3,4.mp4",Coolio,"1,2,3,4",RVTR558887,1,SAFE TITLE NOISE,Existing simulation selected one canonical candidate (RVTR558887); deterministic filename/tag noise.,true
"/Users/bobhopp/DJ MEDIA/VIDEO/2020's/Vulfpeck - It Gets Funkier But Everytime It Gets Funkier, It Gets Funkier.mp4",Vulfpeck,"It Gets Funkier But Everytime It Gets Funkier, It Gets Funkier",RVTR064875,1,SAFE TITLE NOISE,Existing simulation selected one canonical candidate (RVTR064875); deterministic filename/tag noise.,true
/Users/bobhopp/DJ MEDIA/VIDEO/2000's/Korn - Word Up!.mp4,Korn,Word Up!,RVTR580046,1,SAFE TITLE NOISE,Existing simulation selected one canonical candidate (RVTR580046); deterministic filename/tag noise.,true
/Users/bobhopp/DJ MEDIA/VIDEO/2000's/Eiffel 65 - Blue.mp4,Eiffel 65,Blue (Da Ba Dee),RVTR490377,1,SAFE TITLE NOISE,Existing simulation selected one canonical candidate (RVTR490377); deterministic filename/tag noise.,true
"/Users/bobhopp/DJ MEDIA/VIDEO/1990's/Wilco - She's A Jar (1999-04-21 Irving Plaza, New York, NY) [Best Live Version!].mp4",Wilco,She's A Jar,RVTR424994,1,SAFE TITLE NOISE,Existing simulation selected one canonical candidate (RVTR424994); deterministic filename/tag noise.,true
/Users/bobhopp/DJ MEDIA/VIDEO/1980's/Yazoo - Don't Go.mp4,Yazoo,Don't Go,RVTR605833,1,SAFE TITLE NOISE,Existing simulation selected one canonical candidate (RVTR605833); deterministic filename/tag noise.,true
"/Users/bobhopp/DJ MEDIA/VIDEO/TECHNO/Lady Gaga - Eh, Eh.mp4",Lady Gaga,"Eh, Eh",RVTR098929,1,SAFE TITLE NOISE,Existing simulation selected one canonical candidate (RVTR098929); deterministic filename/tag noise.,true
/Users/bobhopp/DJ MEDIA/VIDEO/1990's/Garth Brooks - Callin’ Baton Rouge.mp4,Garth Brooks,Callin’ Baton Rouge,RVTR161115,1,SAFE TITLE NOISE,Existing simulation selected one canonical candidate (RVTR161115); deterministic filename/tag noise.,true
/Users/bobhopp/DJ MEDIA/VIDEO/1960's/Chicago - I'm a Man.mp4,Chicago,I'm a Man,RVTR927157,1,SAFE TITLE NOISE,Existing simulation selected one canonical candidate (RVTR927157); deterministic filename/tag noise.,true
/Users/bobhopp/DJ MEDIA/VIDEO/1990's/Wilco - She's A Jar.mp4,Wilco,She's A Jar,RVTR424994,1,SAFE TITLE NOISE,Existing simulation selected one canonical candidate (RVTR424994); deterministic filename/tag noise.,true
/Users/bobhopp/DJ MEDIA/VIDEO/2010's/TroyBoi - Do You_.mp4,TroyBoi,Do You?,RVTR797604,1,SAFE TITLE NOISE,Existing simulation selected one canonical candidate (RVTR797604); deterministic filename/tag noise.,true
/Users/bobhopp/DJ MEDIA/VIDEO/1990's/Cher - Dove L'amore.mp4,Cher,Dove L'amore,RVTR122291,1,SAFE TITLE NOISE,Existing simulation selected one canonical candidate (RVTR122291); deterministic filename/tag noise.,true
/Users/bobhopp/DJ MEDIA/VIDEO/TECHNO/Awesome 3 - Don't Go.mp4,Awesome 3,Don't Go,RVTR383649,1,SAFE TITLE NOISE,Existing simulation selected one canonical candidate (RVTR383649); deterministic filename/tag noise.,true
/Users/bobhopp/DJ MEDIA/VIDEO/2020's/LP - When We're High.mp4,LP,When We're High,RVTR258785,1,SAFE TITLE NOISE,Existing simulation selected one canonical candidate (RVTR258785); deterministic filename/tag noise.,true
/Users/bobhopp/DJ MEDIA/VIDEO/1990's/Ween - Freedom of '76.mp4,Ween,Freedom of '76,RVTR115788,1,SAFE TITLE NOISE,Existing simulation selected one canonical candidate (RVTR115788); deterministic filename/tag noise.,true
"/Users/bobhopp/DJ MEDIA/VIDEO/2020's/MilkNBones - Miss You, The Happiest Days of Our Lives, Another Brick in The Wall.mp4",MilkNBones,"Miss You, The Happiest Days of Our Lives, Another Brick in The Wall",RVTR245781,1,SAFE TITLE NOISE,Existing simulation selected one canonical candidate (RVTR245781); deterministic filename/tag noise.,true
/Users/bobhopp/DJ MEDIA/VIDEO/1980's/Mötley Crüe - Dr. Feelgood.mp4,Mötley Crüe,Dr. Feelgood,RVTR442671,1,SAFE TITLE NOISE,Existing simulation selected one canonical candidate (RVTR442671); deterministic filename/tag noise.,true
"/Users/bobhopp/DJ MEDIA/VIDEO/TECHNO/DJ Jean - Launch, The.mp4",DJ Jean,"Launch, The",RVTR978553,1,SAFE TITLE NOISE,Existing simulation selected one canonical candidate (RVTR978553); deterministic filename/tag noise.,true
/Users/bobhopp/DJ MEDIA/VIDEO/1990's/Midland - Mr. Lonely.mp4,Midland,Mr. Lonely,RVTR991350,1,SAFE TITLE NOISE,Existing simulation selected one canonical candidate (RVTR991350); deterministic filename/tag noise.,true
"/Users/bobhopp/DJ MEDIA/VIDEO/1990's/Dawn Penn - No, No No.mp4",Dawn Penn,"No, No No",RVTR749386,1,SAFE TITLE NOISE,Existing simulation selected one canonical candidate (RVTR749386); deterministic filename/tag noise.,true
/Users/bobhopp/DJ MEDIA/VIDEO/1980's/Erasure - Oh L'Amour.mp4,Erasure,Oh L'Amour,RVTR592026,1,SAFE TITLE NOISE,Existing simulation selected one canonical candidate (RVTR592026); deterministic filename/tag noise.,true
/Users/bobhopp/DJ MEDIA/VIDEO/1990's/Lou Bega - Mambo No. 5.mp4,Lou Bega,Mambo No. 5,RVTR923612,1,SAFE TITLE NOISE,Existing simulation selected one canonical candidate (RVTR923612); deterministic filename/tag noise.,true
/Users/bobhopp/DJ MEDIA/VIDEO/2020's/Beyoncé - Texas Hold 'em.mp4,Beyoncé,Texas Hold 'em,RVTR913603,1,SAFE TITLE NOISE,Existing simulation selected one canonical candidate (RVTR913603); deterministic filename/tag noise.,true
/Users/bobhopp/DJ MEDIA/VIDEO/1980's/The Cult - Lil' Devil.mp4,The Cult,Lil' Devil,RVTR556998,1,SAFE TITLE NOISE,Existing simulation selected one canonical candidate (RVTR556998); deterministic filename/tag noise.,true
/Users/bobhopp/DJ MEDIA/VIDEO/1980's/RUN DMC - Sucker MC's.mp4,RUN DMC,Sucker MC's,RVTR124228,1,SAFE TITLE NOISE,Existing simulation selected one canonical candidate (RVTR124228); deterministic filename/tag noise.,true
/Users/bobhopp/DJ MEDIA/VIDEO/TECHNO/Green Day - St. Jimmy.mp4,Green Day,St. Jimmy,RVTR168235,1,SAFE TITLE NOISE,Existing simulation selected one canonical candidate (RVTR168235); deterministic filename/tag noise.,true
/Users/bobhopp/DJ MEDIA/VIDEO/1980's/Cure - Boys Don't Cry.mp4,Cure,Boys Don't Cry,RVTR314375,1,SAFE TITLE NOISE,Existing simulation selected one canonical candidate (RVTR314375); deterministic filename/tag noise.,true
/Users/bobhopp/DJ MEDIA/VIDEO/1960's/Chicago - I'm A Man 1969.mp4,Chicago,I'm A Man,RVTR927157,1,SAFE TITLE NOISE,Existing simulation selected one canonical candidate (RVTR927157); deterministic filename/tag noise.,true
/Users/bobhopp/DJ MEDIA/VIDEO/2000's/AC_DC - Witch's Spell.mp4,AC/DC,Witch's Spell,RVTR434834,1,SAFE TITLE NOISE,Existing simulation selected one canonical candidate (RVTR434834); deterministic filename/tag noise.,true
/Users/bobhopp/DJ MEDIA/VIDEO/1970's/The Who - Baba O'Reily.mp4,The Who,Baba O'Reily,RVTR189919,1,SAFE TITLE NOISE,Existing simulation selected one canonical candidate (RVTR189919); deterministic filename/tag noise.,true
/Users/bobhopp/DJ MEDIA/VIDEO/1970's/The Who - Baba O'riley.mp4,The Who,Baba O'riley,RVTR560804,1,SAFE TITLE NOISE,Existing simulation selected one canonical candidate (RVTR560804); deterministic filename/tag noise.,true
/Users/bobhopp/DJ MEDIA/VIDEO/1970's/The Doors - L.A. Woman.mp4,The Doors,L.A. Woman,RVTR710386,1,SAFE TITLE NOISE,Existing simulation selected one canonical candidate (RVTR710386); deterministic filename/tag noise.,true
/Users/bobhopp/DJ MEDIA/VIDEO/2010's/Joywave - It's A Trip!.mp4,Joywave,It's A Trip!,RVTR160551,1,SAFE TITLE NOISE,Existing simulation selected one canonical candidate (RVTR160551); deterministic filename/tag noise.,true
/Users/bobhopp/DJ MEDIA/VIDEO/1970's/CJ and Co - Devil's Gun.mp4,CJ and Co,Devil's Gun,RVTR849337,1,SAFE TITLE NOISE,Existing simulation selected one canonical candidate (RVTR849337); deterministic filename/tag noise.,true
/Users/bobhopp/DJ MEDIA/VIDEO/1990's/No Doubt - Don't Speak.mp4,No Doubt,Don't Speak,RVTR380874,1,SAFE TITLE NOISE,Existing simulation selected one canonical candidate (RVTR380874); deterministic filename/tag noise.,true
/Users/bobhopp/DJ MEDIA/VIDEO/TECHNO/Letoya - She Ain't Got.mp4,Letoya,She Ain't Got,RVTR579511,1,SAFE TITLE NOISE,Existing simulation selected one canonical candidate (RVTR579511); deterministic filename/tag noise.,true
/Users/bobhopp/DJ MEDIA/VIDEO/TECHNO/Ofra Haza - Im Nin' Alu.mp4,Ofra Haza,Im Nin' Alu,RVTR757465,1,SAFE TITLE NOISE,Existing simulation selected one canonical candidate (RVTR757465); deterministic filename/tag noise.,true
/Users/bobhopp/DJ MEDIA/VIDEO/1980's/Dokken - It's Not Love.mp4,Dokken,It's Not Love,RVTR416695,1,SAFE TITLE NOISE,Existing simulation selected one canonical candidate (RVTR416695); deterministic filename/tag noise.,true
/Users/bobhopp/DJ MEDIA/VIDEO/1990's/J Lo - Ain't That Funny.mp4,J Lo,Ain't That Funny,RVTR135205,1,SAFE TITLE NOISE,Existing simulation selected one canonical candidate (RVTR135205); deterministic filename/tag noise.,true
/Users/bobhopp/DJ MEDIA/VIDEO/1960's/The Jackson 5 - Who’s Lovin’ You.mp4,The Jackson 5,Who’s Lovin’ You,RVTR804892,1,SAFE TITLE NOISE,Existing simulation selected one canonical candidate (RVTR804892); deterministic filename/tag noise.,true
/Users/bobhopp/DJ MEDIA/VIDEO/1980's/Heart - City's Burning.mp4,Heart,City's Burning,RVTR145316,1,SAFE TITLE NOISE,Existing simulation selected one canonical candidate (RVTR145316); deterministic filename/tag noise.,true
/Users/bobhopp/DJ MEDIA/VIDEO/1970's/Bootcamp - I'm a Victim.mp4,Bootcamp,I'm a Victim,RVTR013798,1,SAFE TITLE NOISE,Existing simulation selected one canonical candidate (RVTR013798); deterministic filename/tag noise.,true
/Users/bobhopp/DJ MEDIA/VIDEO/1990's/M People - Movin' On Up.mp4,M People,Movin' On Up,RVTR105382,1,SAFE TITLE NOISE,Existing simulation selected one canonical candidate (RVTR105382); deterministic filename/tag noise.,true
/Users/bobhopp/DJ MEDIA/VIDEO/TECHNO/Shape UK - Lola's Theme.mp4,Shape UK,Lola's Theme,RVTR335164,1,SAFE TITLE NOISE,Existing simulation selected one canonical candidate (RVTR335164); deterministic filename/tag noise.,true
/Users/bobhopp/DJ MEDIA/VIDEO/1980's/Neil Young - Wonderin'.mp4,Neil Young,Wonderin',RVTR513635,1,SAFE TITLE NOISE,Existing simulation selected one canonical candidate (RVTR513635); deterministic filename/tag noise.,true
/Users/bobhopp/DJ MEDIA/VIDEO/1990's/Matchbox Twenty - 3 A.M.mp4,Matchbox Twenty,3 A.M,RVTR920387,1,SAFE TITLE NOISE,Existing simulation selected one canonical candidate (RVTR920387); deterministic filename/tag noise.,true
/Users/bobhopp/DJ MEDIA/VIDEO/1990's/Madonna - I'll Remember.mp4,Madonna,I'll Remember,RVTR671711,1,SAFE TITLE NOISE,Existing simulation selected one canonical candidate (RVTR671711); deterministic filename/tag noise.,true
/Users/bobhopp/DJ MEDIA/VIDEO/2020's/Shakira - Don't Wait Up.mp4,Shakira,Don't Wait Up,RVTR746459,1,SAFE TITLE NOISE,Existing simulation selected one canonical candidate (RVTR746459); deterministic filename/tag noise.,true
/Users/bobhopp/DJ MEDIA/VIDEO/COUNTRY/FILL/Clay Walker - That's Us.mp4,Clay Walker,That's Us,RVTR251371,1,SAFE TITLE NOISE,Existing simulation selected one canonical candidate (RVTR251371); deterministic filename/tag noise.,true
/Users/bobhopp/DJ MEDIA/VIDEO/2000's/Dmx - Ain't No Sunshine.mp4,Dmx,Ain't No Sunshine,RVTR462106,1,SAFE TITLE NOISE,Existing simulation selected one canonical candidate (RVTR462106); deterministic filename/tag noise.,true
/Users/bobhopp/DJ MEDIA/VIDEO/1980's/Stomp - God's Property.mp4,Stomp,God's Property,RVTR509137,1,SAFE TITLE NOISE,Existing simulation selected one canonical candidate (RVTR509137); deterministic filename/tag noise.,true
/Users/bobhopp/DJ MEDIA/VIDEO/2020's/Vulfmon - I Can't Party.mp4,Vulfmon,I Can't Party,RVTR028968,1,SAFE TITLE NOISE,Existing simulation selected one canonical candidate (RVTR028968); deterministic filename/tag noise.,true
"/Users/bobhopp/DJ MEDIA/VIDEO/1990's/Bucketheads - Bomb!, The.mp4",Bucketheads,"Bomb!, The",RVTR475312,1,SAFE TITLE NOISE,Existing simulation selected one canonical candidate (RVTR475312); deterministic filename/tag noise.,true
"/Users/bobhopp/DJ MEDIA/VIDEO/1980's/Prince - Baby, I'm A Star.mp4",Prince,"Baby, I'm A Star",RVTR853201,1,SAFE TITLE NOISE,Existing simulation selected one canonical candidate (RVTR853201); deterministic filename/tag noise.,true
/Users/bobhopp/DJ MEDIA/VIDEO/1990's/Ween - Even If You Don't.mp4,Ween,Even If You Don't,RVTR139537,1,SAFE TITLE NOISE,Existing simulation selected one canonical candidate (RVTR139537); deterministic filename/tag noise.,true
/Users/bobhopp/DJ MEDIA/VIDEO/1980's/Cliff Richard - Dreamin'.mp4,Cliff Richard,Dreamin',RVTR257260,1,SAFE TITLE NOISE,Existing simulation selected one canonical candidate (RVTR257260); deterministic filename/tag noise.,true
"/Users/bobhopp/DJ MEDIA/VIDEO/TECHNO/You Found Me - Fray, The.mp4",You Found Me,"Fray, The",RVTR397061,1,SAFE TITLE NOISE,Existing simulation selected one canonical candidate (RVTR397061); deterministic filename/tag noise.,true
/Users/bobhopp/DJ MEDIA/VIDEO/1990's/Busta Rhymes - Woo-Hah!!.mp4,Busta Rhymes,Woo-Hah!!,RVTR395502,1,SAFE TITLE NOISE,Existing simulation selected one canonical candidate (RVTR395502); deterministic filename/tag noise.,true
/Users/bobhopp/DJ MEDIA/VIDEO/1990's/Weezer - Say It Ain't So.mp4,Weezer,Say It Ain't So,RVTR452576,1,SAFE TITLE NOISE,Existing simulation selected one canonical candidate (RVTR452576); deterministic filename/tag noise.,true
/Users/bobhopp/DJ MEDIA/VIDEO/COUNTRY/FILL/Clay Walker - Easy Goin'.mp4,Clay Walker,Easy Goin',RVTR785515,1,SAFE TITLE NOISE,Existing simulation selected one canonical candidate (RVTR785515); deterministic filename/tag noise.,true
/Users/bobhopp/DJ MEDIA/VIDEO/1990's/Garth Brooks - The Dance.mp4,Garth Brooks,The Dance.,RVTR697799,1,SAFE TITLE NOISE,Existing simulation selected one canonical candidate (RVTR697799); deterministic filename/tag noise.,true
/Users/bobhopp/DJ MEDIA/VIDEO/1980's/Greg Khin - Breakup Song.mp4,Greg Khin,Breakup Song (Aoustic),RVTR432876,1,SAFE TITLE NOISE,Existing simulation selected one canonical candidate (RVTR432876); deterministic filename/tag noise.,true
/Users/bobhopp/DJ MEDIA/VIDEO/2010's/Kongos - I'm Only Joking.mp4,Kongos,I'm Only Joking,RVTR340312,1,SAFE TITLE NOISE,Existing simulation selected one canonical candidate (RVTR340312); deterministic filename/tag noise.,true
/Users/bobhopp/DJ MEDIA/VIDEO/1990's/Alice in Chains - Would_.mp4,Alice in Chains,Would?,RVTR240496,1,SAFE TITLE NOISE,Existing simulation selected one canonical candidate (RVTR240496); deterministic filename/tag noise.,true
/Users/bobhopp/DJ MEDIA/VIDEO/2010's/Mann f._50 Cent - Buzzin'.mp4,Mann f./50 Cent,Buzzin',RVTR666430,1,SAFE TITLE NOISE,Existing simulation selected one canonical candidate (RVTR666430); deterministic filename/tag noise.,true
/Users/bobhopp/DJ MEDIA/VIDEO/2000's/Gin Wigmore - Don't Stop.mp4,Gin Wigmore,Don't Stop,RVTR503361,1,SAFE TITLE NOISE,Existing simulation selected one canonical candidate (RVTR503361); deterministic filename/tag noise.,true
/Users/bobhopp/DJ MEDIA/VIDEO/1970's/Van Halen - Jamie's Cryin.mp4,Van Halen,Jamie's Cryin,RVTR419308,1,SAFE TITLE NOISE,Existing simulation selected one canonical candidate (RVTR419308); deterministic filename/tag noise.,true
/Users/bobhopp/DJ MEDIA/VIDEO/1980's/ABBA - Gimme! Gimme! Gimme!.mp4,ABBA,Gimme! Gimme! Gimme!,RVTR862238,1,SAFE TITLE NOISE,Existing simulation selected one canonical candidate (RVTR862238); deterministic filename/tag noise.,true
/Users/bobhopp/DJ MEDIA/VIDEO/1990's/Walker Hayes - Y'all Life.mp4,Walker Hayes,Y'all Life,RVTR435028,1,SAFE TITLE NOISE,Existing simulation selected one canonical candidate (RVTR435028); deterministic filename/tag noise.,true
/Users/bobhopp/DJ MEDIA/VIDEO/COUNTRY/FILL/Chet Atkins - Mr. Sandman.mp4,Chet Atkins,Mr. Sandman,RVTR401981,1,SAFE TITLE NOISE,Existing simulation selected one canonical candidate (RVTR401981); deterministic filename/tag noise.,true
/Users/bobhopp/DJ MEDIA/VIDEO/1980's/Go West - Don't Look Down.mp4,Go West,Don't Look Down,RVTR297354,1,SAFE TITLE NOISE,Existing simulation selected one canonical candidate (RVTR297354); deterministic filename/tag noise.,true
/Users/bobhopp/DJ MEDIA/VIDEO/1950's/Rockabilly - I'm So Tired.mp4,Rockabilly,I'm So Tired,RVTR150235,1,SAFE TITLE NOISE,Existing simulation selected one canonical candidate (RVTR150235); deterministic filename/tag noise.,true
/Users/bobhopp/DJ MEDIA/VIDEO/1980's/Exposé - What You Don't Know.mp4,Exposé,What You Don't Know,RVTR080066,1,SAFE TITLE NOISE,Existing simulation selected one canonical candidate (RVTR080066); deterministic filename/tag noise.,true
/Users/bobhopp/DJ MEDIA/VIDEO/2000's/Bon Jovi - Say It Isn't So.mp4,Bon Jovi,Say It Isn't So,RVTR300948,1,SAFE TITLE NOISE,Existing simulation selected one canonical candidate (RVTR300948); deterministic filename/tag noise.,true
/Users/bobhopp/DJ MEDIA/VIDEO/TECHNO/Saosin - You're Not Alone.mp4,Saosin,You're Not Alone,RVTR217140,1,SAFE TITLE NOISE,Existing simulation selected one canonical candidate (RVTR217140); deterministic filename/tag noise.,true
/Users/bobhopp/DJ MEDIA/VIDEO/1990's/Scatterbrain - Don't Call Me Dude.mp4,Scatterbrain,Don't Call Me Dude,RVTR731987,1,SAFE TITLE NOISE,Existing simulation selected one canonical candidate (RVTR731987); deterministic filename/tag noise.,true
/Users/bobhopp/DJ MEDIA/VIDEO/2000's/Pink - I Don't Believe You.mp4,Pink,I Don't Believe You,RVTR839896,1,SAFE TITLE NOISE,Existing simulation selected one canonical candidate (RVTR839896); deterministic filename/tag noise.,true
/Users/bobhopp/DJ MEDIA/VIDEO/2000's/Creed - Don't Stop Dancing.mp4,Creed,Don't Stop Dancing,RVTR736908,1,SAFE TITLE NOISE,Existing simulation selected one canonical candidate (RVTR736908); deterministic filename/tag noise.,true
/Users/bobhopp/DJ MEDIA/VIDEO/TECHNO/Fastball - You're An Ocean.mp4,Fastball,You're An Ocean,RVTR935317,1,SAFE TITLE NOISE,Existing simulation selected one canonical candidate (RVTR935317); deterministic filename/tag noise.,true
/Users/bobhopp/DJ MEDIA/VIDEO/1970's/Traffic - Dear Mr. Fantasy.mp4,Traffic,Dear Mr. Fantasy,RVTR685969,1,SAFE TITLE NOISE,Existing simulation selected one canonical candidate (RVTR685969); deterministic filename/tag noise.,true
"/Users/bobhopp/DJ MEDIA/VIDEO/1970's/Paul McCartney - Hi, Hi, Hi.mp4",Paul McCartney,"Hi, Hi, Hi",RVTR339552,1,SAFE TITLE NOISE,Existing simulation selected one canonical candidate (RVTR339552); deterministic filename/tag noise.,true
/Users/bobhopp/DJ MEDIA/VIDEO/1960's/Muddy Waters - Bye Bye Blues_‏.mp4,Muddy Waters,Bye Bye Blues?‏,RVTR690709,1,SAFE TITLE NOISE,Existing simulation selected one canonical candidate (RVTR690709); deterministic filename/tag noise.,true
/Users/bobhopp/DJ MEDIA/VIDEO/2000's/Janet Jackson - Megamix '04.mp4,Janet Jackson,Megamix '04,RVTR896009,1,SAFE TITLE NOISE,Existing simulation selected one canonical candidate (RVTR896009); deterministic filename/tag noise.,true
/Users/bobhopp/DJ MEDIA/VIDEO/1970's/Four Tops - Ain't No Woman.mp4,Four Tops,Ain't No Woman,RVTR690933,1,SAFE TITLE NOISE,Existing simulation selected one canonical candidate (RVTR690933); deterministic filename/tag noise.,true
/Users/bobhopp/DJ MEDIA/VIDEO/1990's/Beastie Boys - Body Movin'.mp4,Beastie Boys,Body Movin',RVTR010867,1,SAFE TITLE NOISE,Existing simulation selected one canonical candidate (RVTR010867); deterministic filename/tag noise.,true
"/Users/bobhopp/DJ MEDIA/VIDEO/TECHNO/U2 - Saints Are Coming, The.mp4",U2,"Saints Are Coming, The",RVTR960231,1,SAFE TITLE NOISE,Existing simulation selected one canonical candidate (RVTR960231); deterministic filename/tag noise.,true
/Users/bobhopp/DJ MEDIA/VIDEO/1980's/Ph.D - I Won't Let You Down.mp4,Ph.D,I Won't Let You Down,RVTR948802,1,SAFE TITLE NOISE,Existing simulation selected one canonical candidate (RVTR948802); deterministic filename/tag noise.,true
/Users/bobhopp/DJ MEDIA/VIDEO/1990's/Mary J.Blige - Not Gon' Cry.mp4,Mary J.Blige,Not Gon' Cry,RVTR408677,1,SAFE TITLE NOISE,Existing simulation selected one canonical candidate (RVTR408677); deterministic filename/tag noise.,true
/Users/bobhopp/DJ MEDIA/VIDEO/2020's/Tiësto & Karol G - Don't Be Shy.mp4,Tiësto & Karol G,Don't Be Shy,RVTR661784,1,SAFE TITLE NOISE,Existing simulation selected one canonical candidate (RVTR661784); deterministic filename/tag noise.,true
/Users/bobhopp/DJ MEDIA/VIDEO/1980's/Whitesnake - Slow An' Easy.mp4,Whitesnake,Slow An' Easy,RVTR785459,1,SAFE TITLE NOISE,Existing simulation selected one canonical candidate (RVTR785459); deterministic filename/tag noise.,true
/Volumes/DJ  MAIN/DJ MEDIA/VIDEO/1990's/16-Cypress Hill - I Ain't Goin' Out Like That (Official HD Video).mp4,Cypress Hill,I Ain't Goin' Out Like That,RVTR866443,1,SAFE TITLE NOISE,Existing simulation selected one canonical candidate (RVTR866443); deterministic filename/tag noise.,true
/Users/bobhopp/DJ MEDIA/VIDEO/1980's/Amy Grant - It's Not A Song.mp4,Amy Grant,It's Not A Song,RVTR661742,1,SAFE TITLE NOISE,Existing simulation selected one canonical candidate (RVTR661742); deterministic filename/tag noise.,true
/Users/bobhopp/DJ MEDIA/VIDEO/COUNTRY/FILL/The Judds - Mama He's Crazy.mp4,The Judds,Mama He's Crazy,RVTR411580,1,SAFE TITLE NOISE,Existing simulation selected one canonical candidate (RVTR411580); deterministic filename/tag noise.,true
"/Users/bobhopp/DJ MEDIA/VIDEO/2000's/Stella Soleil - Kiss, Kiss.mp4",Stella Soleil,"Kiss, Kiss",RVTR014433,1,SAFE TITLE NOISE,Existing simulation selected one canonical candidate (RVTR014433); deterministic filename/tag noise.,true
/Users/bobhopp/DJ MEDIA/VIDEO/1970's/Carole King - It's Too Late.mp4,Carole King,It's Too Late,RVTR875568,1,SAFE TITLE NOISE,Existing simulation selected one canonical candidate (RVTR875568); deterministic filename/tag noise.,true
/Users/bobhopp/DJ MEDIA/VIDEO/1980's/Carole King - It's Too Late.mp4,Carole King,It's Too Late,RVTR875568,1,SAFE TITLE NOISE,Existing simulation selected one canonical candidate (RVTR875568); deterministic filename/tag noise.,true
/Users/bobhopp/DJ MEDIA/VIDEO/1980's/Clarence Carter - Strokin'.mp4,Clarence Carter,Strokin',RVTR302541,1,SAFE TITLE NOISE,Existing simulation selected one canonical candidate (RVTR302541); deterministic filename/tag noise.,true
/Users/bobhopp/DJ MEDIA/VIDEO/1970's/Billy Swan - Don't Be Cruel.mp4,Billy Swan,Don't Be Cruel,RVTR284378,1,SAFE TITLE NOISE,Existing simulation selected one canonical candidate (RVTR284378); deterministic filename/tag noise.,true
"/Users/bobhopp/DJ MEDIA/VIDEO/TECHNO/Relient K - Best Thing, The.mp4",Relient K,"Best Thing, The",RVTR400705,1,SAFE TITLE NOISE,Existing simulation selected one canonical candidate (RVTR400705); deterministic filename/tag noise.,true
/Users/bobhopp/DJ MEDIA/VIDEO/1970's/Santana - Samba Pa Ti (Live).mp4,Santana,Samba Pa Ti (Live),RVTR037101,1,SAFE TITLE NOISE,Existing simulation selected one canonical candidate (RVTR037101); deterministic filename/tag noise.,true
"/Users/bobhopp/DJ MEDIA/VIDEO/1980's/Neil Young - Hey Hey, My My.mp4",Neil Young,"Hey Hey, My My",RVTR869724,1,SAFE TITLE NOISE,Existing simulation selected one canonical candidate (RVTR869724); deterministic filename/tag noise.,true
/Users/bobhopp/DJ MEDIA/VIDEO/1980's/Rainbow - Can't Happen Here.mp4,Rainbow,Can't Happen Here,RVTR029735,1,SAFE TITLE NOISE,Existing simulation selected one canonical candidate (RVTR029735); deterministic filename/tag noise.,true
/Users/bobhopp/DJ MEDIA/VIDEO/1990's/Counting Crows - Mr. Jones.mp4,Counting Crows,Mr. Jones,RVTR520264,1,SAFE TITLE NOISE,Existing simulation selected one canonical candidate (RVTR520264); deterministic filename/tag noise.,true
/Users/bobhopp/DJ MEDIA/VIDEO/1970's/Jethro Tull - Aqualung (HD).mp4,Jethro Tull,Aqualung (HD),RVTR622721,1,SAFE TITLE NOISE,Existing simulation selected one canonical candidate (RVTR622721); deterministic filename/tag noise.,true
/Users/bobhopp/DJ MEDIA/VIDEO/1970's/Silicon Teens - Let's Dance.mp4,Silicon Teens,Let's Dance,RVTR457772,1,SAFE TITLE NOISE,Existing simulation selected one canonical candidate (RVTR457772); deterministic filename/tag noise.,true
/Users/bobhopp/DJ MEDIA/VIDEO/1990's/Rozalla - Everybody's Free.mp4,Rozalla,Everybody's Free,RVTR606510,1,SAFE TITLE NOISE,Existing simulation selected one canonical candidate (RVTR606510); deterministic filename/tag noise.,true
/Users/bobhopp/DJ MEDIA/VIDEO/1960's/Cat Stevens - Matthew & Son.mp4,Cat Stevens,Matthew & Son,RVTR500124,1,SAFE TITLE NOISE,Existing simulation selected one canonical candidate (RVTR500124); deterministic filename/tag noise.,true
"/Users/bobhopp/DJ MEDIA/VIDEO/2000's/Cure - End Of The World, The.mp4",Cure,"End Of The World, The",RVTR267358,1,SAFE TITLE NOISE,Existing simulation selected one canonical candidate (RVTR267358); deterministic filename/tag noise.,true
/Users/bobhopp/DJ MEDIA/VIDEO/1980's/Salt-N-Pepa - Twist & Shout.mp4,Salt-N-Pepa,Twist & Shout,RVTR627588,1,SAFE TITLE NOISE,Existing simulation selected one canonical candidate (RVTR412665); deterministic filename/tag noise.,true
/Users/bobhopp/DJ MEDIA/VIDEO/2000's/Phantogram - When I'm Small.mp4,Phantogram, When I'm Small,RVTR158562,1,SAFE TITLE NOISE,Existing simulation selected one canonical candidate (RVTR158562); deterministic filename/tag noise.,true
/Users/bobhopp/DJ MEDIA/VIDEO/2010's/Greta Van Fleet - You’re The One.mp4,Greta Van Fleet,You’re The One,RVTR824863,1,SAFE TITLE NOISE,Existing simulation selected one canonical candidate (RVTR824863); deterministic filename/tag noise.,true
"/Users/bobhopp/DJ MEDIA/VIDEO/TECHNO/Scooter - Logical Song, The.mp4",Scooter,"Logical Song, The",RVTR166979,1,SAFE TITLE NOISE,Existing simulation selected one canonical candidate (RVTR166979); deterministic filename/tag noise.,true
/Users/bobhopp/DJ MEDIA/VIDEO/2010's/Tove Lo - Habits (Stay High).mp4,Tove Lo,Habits (Stay High),RVTR972059,1,SAFE TITLE NOISE,Existing simulation selected one canonical candidate (RVTR972059); deterministic filename/tag noise.,true
"/Users/bobhopp/DJ MEDIA/VIDEO/1990's/Ozzy - Mama, I'm Coming Home.mp4",Ozzy,"Mama, I'm Coming Home",RVTR155152,1,SAFE TITLE NOISE,Existing simulation selected one canonical candidate (RVTR155152); deterministic filename/tag noise.,true
/Users/bobhopp/DJ MEDIA/VIDEO/TECHNO/Scorpions - I Can't Explain.mp4,Scorpions,I Can't Explain,RVTR040946,1,SAFE TITLE NOISE,Existing simulation selected one canonical candidate (RVTR040946); deterministic filename/tag noise.,true
/Users/bobhopp/DJ MEDIA/VIDEO/1990's/Coolio - Gangsta's Paradise.mp4,Coolio,Gangsta's Paradise,RVTR553883,1,SAFE TITLE NOISE,Existing simulation selected one canonical candidate (RVTR553883); deterministic filename/tag noise.,true
"/Users/bobhopp/DJ MEDIA/VIDEO/1950's/Don Gibson - Oh, Lonesome Me.mp4",Don Gibson,"Oh, Lonesome Me",RVTR807774,1,SAFE TITLE NOISE,Existing simulation selected one canonical candidate (RVTR807774); deterministic filename/tag noise.,true
/Users/bobhopp/DJ MEDIA/VIDEO/1960's/Joe Cocker - Feelin' Alright.mp4,Joe Cocker,Feelin' Alright,RVTR514818,1,SAFE TITLE NOISE,Existing simulation selected one canonical candidate (RVTR514818); deterministic filename/tag noise.,true
/Users/bobhopp/DJ MEDIA/VIDEO/2010's/Tyler Childers - All Your'n.mp4,Tyler Childers,All Your'n,RVTR790059,1,SAFE TITLE NOISE,Existing simulation selected one canonical candidate (RVTR790059); deterministic filename/tag noise.,true
/Users/bobhopp/DJ MEDIA/VIDEO/1970's/The Doors - L.A. Woman 1971 HQ.mp4,The Doors,L.A. Woman 1971 HQ,RVTR710386,1,SAFE TITLE NOISE,Existing simulation selected one canonical candidate (RVTR710386); deterministic filename/tag noise.,true
/Users/bobhopp/DJ MEDIA/VIDEO/2000's/Outkast - Dracula's Wedding.mp4,Outkast,Dracula's Wedding,RVTR247040,1,SAFE TITLE NOISE,Existing simulation selected one canonical candidate (RVTR247040); deterministic filename/tag noise.,true
/Volumes/DJ  MAIN/DJ MEDIA/VIDEO/1990's/58-Trisha Yearwood - She's In Love With The Boy (Official Music Video).mp4,Trisha Yearwood,She's In Love With The Boy,RVTR428109,1,SAFE TITLE NOISE,Existing simulation selected one canonical candidate (RVTR428109); deterministic filename/tag noise.,true
/Users/bobhopp/DJ MEDIA/VIDEO/TECHNO/Blackstreet - Don't Leave Me.mp4,Blackstreet,Don't Leave Me,RVTR848003,1,SAFE TITLE NOISE,Existing simulation selected one canonical candidate (RVTR848003); deterministic filename/tag noise.,true
/Users/bobhopp/DJ MEDIA/VIDEO/2010's/Larkin Poe - Preachin' Blues.mp4,Larkin Poe,Preachin' Blues,RVTR730507,1,SAFE TITLE NOISE,Existing simulation selected one canonical candidate (RVTR730507); deterministic filename/tag noise.,true
/Users/bobhopp/DJ MEDIA/VIDEO/1990's/Common - I Used to Love H.E.R.mp4,Common,I Used to Love H.E.R,RVTR610320,1,SAFE TITLE NOISE,Existing simulation selected one canonical candidate (RVTR610320); deterministic filename/tag noise.,true
/Users/bobhopp/DJ MEDIA/VIDEO/1960's/Susan Maughan - Bobby's Girl.mp4,Susan Maughan,Bobby's Girl,RVTR815994,1,SAFE TITLE NOISE,Existing simulation selected one canonical candidate (RVTR815994); deterministic filename/tag noise.,true
/Users/bobhopp/DJ MEDIA/VIDEO/1970's/Eric Clapton - Cocaine (Live).mp4,Eric Clapton,Cocaine (Live),RVTR266048,1,SAFE TITLE NOISE,Existing simulation selected one canonical candidate (RVTR266048); deterministic filename/tag noise.,true
/Users/bobhopp/DJ MEDIA/VIDEO/2000's/Bubba Sparxx - Ms. New Booty.mp4,Bubba Sparxx,Ms. New Booty,RVTR304154,1,SAFE TITLE NOISE,Existing simulation selected one canonical candidate (RVTR304154); deterministic filename/tag noise.,true
/Users/bobhopp/DJ MEDIA/VIDEO/1970's/Paul McCartney - Maybe I’m Amazed.mp4,Paul McCartney,Maybe I’m Amazed,RVTR649753,1,SAFE TITLE NOISE,Existing simulation selected one canonical candidate (RVTR649753); deterministic filename/tag noise.,true
/Users/bobhopp/DJ MEDIA/VIDEO/1980's/The Motels - Whose Problem_.mp4,The Motels,Whose Problem?,RVTR030079,1,SAFE TITLE NOISE,Existing simulation selected one canonical candidate (RVTR030079); deterministic filename/tag noise.,true
/Users/bobhopp/DJ MEDIA/VIDEO/1990's/K Ci & JoJo - Tell Me It's Real.mp4,K Ci & JoJo,Tell Me It's Real,RVTR655852,1,SAFE TITLE NOISE,Existing simulation selected one canonical candidate (RVTR655852); deterministic filename/tag noise.,true
/Users/bobhopp/DJ MEDIA/VIDEO/2010's/Aron Chupa - I'm an Albatraoz.mp4,Aron Chupa,I'm an Albatraoz,RVTR270432,1,SAFE TITLE NOISE,Existing simulation selected one canonical candidate (RVTR270432); deterministic filename/tag noise.,true
/Users/bobhopp/DJ MEDIA/VIDEO/1970's/T Rex - Bang A Gong (Get It On).mp4,T Rex,Bang A Gong (Get It On),RVTR473287,1,SAFE TITLE NOISE,Existing simulation selected one canonical candidate (RVTR473287); deterministic filename/tag noise.,true
"/Users/bobhopp/DJ MEDIA/VIDEO/1970's/Bob Marley - No Woman, No Cry.mp4",Bob Marley,"No Woman, No Cry",RVTR331419,1,SAFE TITLE NOISE,Existing simulation selected one canonical candidate (RVTR331419); deterministic filename/tag noise.,true
/Users/bobhopp/DJ MEDIA/VIDEO/1950's/The Crew Cuts - ShBoom (Live).mp4,The Crew Cuts,ShBoom (Live),RVTR990695,1,SAFE TITLE NOISE,Existing simulation selected one canonical candidate (RVTR990695); deterministic filename/tag noise.,true
"/Users/bobhopp/DJ MEDIA/VIDEO/2000's/Eminem - Real Slim Shady, The.mp4",Eminem,"Real Slim Shady, The",RVTR514801,1,SAFE TITLE NOISE,Existing simulation selected one canonical candidate (RVTR514801); deterministic filename/tag noise.,true
/Users/bobhopp/DJ MEDIA/VIDEO/1990's/3rd Bass - Steppin' To The A.M.mp4,3rd Bass,Steppin' To The A.M,RVTR532755,1,SAFE TITLE NOISE,Existing simulation selected one canonical candidate (RVTR532755); deterministic filename/tag noise.,true
/Users/bobhopp/DJ MEDIA/VIDEO/1960's/The Animals - Around & Around.mp4,The Animals,Around & Around,RVTR372300,1,SAFE TITLE NOISE,Existing simulation selected one canonical candidate (RVTR372300); deterministic filename/tag noise.,true
/Users/bobhopp/DJ MEDIA/VIDEO/1960's/Bob Dylan - Don't Think Twice.mp4,Bob Dylan,Don't Think Twice,RVTR279190,1,SAFE TITLE NOISE,Existing simulation selected one canonical candidate (RVTR279190); deterministic filename/tag noise.,true
/Users/bobhopp/DJ MEDIA/VIDEO/1970's/Kenny Loggins - Danny's Song.mp4,Kenny Loggins,Danny's Song,RVTR885377,1,SAFE TITLE NOISE,Existing simulation selected one canonical candidate (RVTR885377); deterministic filename/tag noise.,true
/Users/bobhopp/DJ MEDIA/VIDEO/1990's/Dolly Parton - Rockin' Years.mp4,Dolly Parton,Rockin' Years,RVTR305141,1,SAFE TITLE NOISE,Existing simulation selected one canonical candidate (RVTR305141); deterministic filename/tag noise.,true
/Users/bobhopp/DJ MEDIA/VIDEO/1970's/Johnny Rivers - Slow Dancin'.mp4,Johnny Rivers,Slow Dancin',RVTR377253,1,SAFE TITLE NOISE,Existing simulation selected one canonical candidate (RVTR377253); deterministic filename/tag noise.,true
"/Users/bobhopp/DJ MEDIA/VIDEO/TECHNO/Franz Ferdinand - Fallen, The.mp4",Franz Ferdinand,"Fallen, The",RVTR056617,1,SAFE TITLE NOISE,Existing simulation selected one canonical candidate (RVTR056617); deterministic filename/tag noise.,true
/Users/bobhopp/DJ MEDIA/VIDEO/TECHNO/Lita Ford - Playin' With Fire.mp4,Lita Ford,Playin' With Fire,RVTR597944,1,SAFE TITLE NOISE,Existing simulation selected one canonical candidate (RVTR597944); deterministic filename/tag noise.,true
"/Users/bobhopp/DJ MEDIA/VIDEO/1990's/R. Kelly - Believe I Can Fly, I.mp4",R. Kelly,"Believe I Can Fly, I",RVTR772271,1,SAFE TITLE NOISE,Existing simulation selected one canonical candidate (RVTR772271); deterministic filename/tag noise.,true
/Users/bobhopp/DJ MEDIA/VIDEO/1990's/Garbage - I Think I'm Paranoid.mp4,Garbage,I Think I'm Paranoid,RVTR311125,1,SAFE TITLE NOISE,Existing simulation selected one canonical candidate (RVTR311125); deterministic filename/tag noise.,true
/Users/bobhopp/DJ MEDIA/VIDEO/1960's/Sonny and Cher - Baby Don't Go.mp4,Sonny and Cher,Baby Don't Go,RVTR261955,1,SAFE TITLE NOISE,Existing simulation selected one canonical candidate (RVTR261955); deterministic filename/tag noise.,true
/Users/bobhopp/DJ MEDIA/VIDEO/1990's/Snoop Doggy Dogg - Gin & Juice.mp4,Snoop Doggy Dogg,Gin & Juice,RVTR605162,1,SAFE TITLE NOISE,Existing simulation selected one canonical candidate (RVTR587117); deterministic filename/tag noise.,true
/Volumes/DJ  MAIN/DJ MEDIA/VIDEO/1950's/Dean Martin - Thats Amore.mp4,Dean Martin,Thats Amore (DJ Cheers Video Edit),RVTR331261,1,SAFE TITLE NOISE,Existing simulation selected one canonical candidate (RVTR331261); deterministic filename/tag noise.,true
/Users/bobhopp/DJ MEDIA/VIDEO/COUNTRY/FILL/Johnny Cash - Does Elvis..LOL.MP4,Johnny Cash,Does Elvis..LOL,RVTR815496,1,SAFE TITLE NOISE,Existing simulation selected one canonical candidate (RVTR815496); deterministic filename/tag noise.,true
/Users/bobhopp/DJ MEDIA/VIDEO/1970's/Neil Diamond - I Am I Said (1971).mp4,Neil Diamond,I Am I Said (1971),RVTR380270,1,SAFE TITLE NOISE,Existing simulation selected one canonical candidate (RVTR380270); deterministic filename/tag noise.,true
/Users/bobhopp/DJ MEDIA/VIDEO/1990's/Primus - My Name Is Mud (Live).mp4,Primus,My Name Is Mud (Live),RVTR227281,1,SAFE TITLE NOISE,Existing simulation selected one canonical candidate (RVTR227281); deterministic filename/tag noise.,true
"/Users/bobhopp/DJ MEDIA/VIDEO/1990's/Shania Twain - Honey, I'm Home.mp4",Shania Twain,"Honey, I'm Home",RVTR663912,1,SAFE TITLE NOISE,Existing simulation selected one canonical candidate (RVTR663912); deterministic filename/tag noise.,true
/Users/bobhopp/DJ MEDIA/VIDEO/2000's/Highway 101 - Who's Lonely Now.mp4,Highway 101,Who's Lonely Now,RVTR445716,1,SAFE TITLE NOISE,Existing simulation selected one canonical candidate (RVTR445716); deterministic filename/tag noise.,true
"/Users/bobhopp/DJ MEDIA/VIDEO/TECHNO/Bigelf - Money, It's Pure Evil.mp4",Bigelf,"Money, It's Pure Evil",RVTR684829,1,SAFE TITLE NOISE,Existing simulation selected one canonical candidate (RVTR684829); deterministic filename/tag noise.,true
/Users/bobhopp/DJ MEDIA/VIDEO/1980's/Johnny Logan - I'm Not in Love.mp4,Johnny Logan,I'm Not in Love,RVTR847653,1,SAFE TITLE NOISE,Existing simulation selected one canonical candidate (RVTR847653); deterministic filename/tag noise.,true
/Users/bobhopp/DJ MEDIA/VIDEO/1980's/Slick Rick - Children's Story.mp4,Slick Rick,Children's Story,RVTR065415,1,SAFE TITLE NOISE,Existing simulation selected one canonical candidate (RVTR065415); deterministic filename/tag noise.,true
/Users/bobhopp/DJ MEDIA/VIDEO/1970's/The Eagles - In The City (Live).mp4,The Eagles,In The City (Live),RVTR607079,1,SAFE TITLE NOISE,Existing simulation selected one canonical candidate (RVTR607079); deterministic filename/tag noise.,true
/Users/bobhopp/DJ MEDIA/VIDEO/1960's/Dave Clark Five - Bits & Pieces.mp4,Dave Clark Five,Bits & Pieces,RVTR429536,1,SAFE TITLE NOISE,Existing simulation selected one canonical candidate (RVTR351703); deterministic filename/tag noise.,true
"/Users/bobhopp/DJ MEDIA/VIDEO/2000's/Brian Fallon - The Blues, Mary.mp4",Brian Fallon,"The Blues, Mary",RVTR048891,1,SAFE TITLE NOISE,Existing simulation selected one canonical candidate (RVTR048891); deterministic filename/tag noise.,true
/Users/bobhopp/DJ MEDIA/VIDEO/1980's/The Outfield - Say It Isn't So.mp4,The Outfield,Say It Isn't So,RVTR831808,1,SAFE TITLE NOISE,Existing simulation selected one canonical candidate (RVTR831808); deterministic filename/tag noise.,true
/Users/bobhopp/DJ MEDIA/VIDEO/2000's/Mamma Mia - Gimme! Gimme! Gimme!.mp4,Mamma Mia,Gimme! Gimme! Gimme!,RVTR471324,1,SAFE TITLE NOISE,Existing simulation selected one canonical candidate (RVTR471324); deterministic filename/tag noise.,true
/Users/bobhopp/DJ MEDIA/VIDEO/1980's/REM - It's The End Of The World.mp4,REM,It's The End Of The World,RVTR331253,1,SAFE TITLE NOISE,Existing simulation selected one canonical candidate (RVTR331253); deterministic filename/tag noise.,true
/Users/bobhopp/DJ MEDIA/VIDEO/1970's/David Bowie - Heroes (Live Aid).mp4,David Bowie,Heroes (Live Aid),RVTR358811,1,SAFE TITLE NOISE,Existing simulation selected one canonical candidate (RVTR358811); deterministic filename/tag noise.,true
/Users/bobhopp/DJ MEDIA/VIDEO/COUNTRY/FILL/Nik Kershaw - Wouldn't Be Good.mp4,Nik Kershaw,Wouldn't Be Good,RVTR408862,1,SAFE TITLE NOISE,Existing simulation selected one canonical candidate (RVTR408862); deterministic filename/tag noise.,true
/Users/bobhopp/DJ MEDIA/VIDEO/1980's/Sammy Davis Jr - Mr. Bojangles.mp4,Sammy Davis Jr,Mr. Bojangles,RVTR871025,1,SAFE TITLE NOISE,Existing simulation selected one canonical candidate (RVTR871025); deterministic filename/tag noise.,true
/Users/bobhopp/DJ MEDIA/VIDEO/1960's/Etta James - I'm Sorry For You.mp4,Etta James,I'm Sorry For You,RVTR672147,1,SAFE TITLE NOISE,Existing simulation selected one canonical candidate (RVTR672147); deterministic filename/tag noise.,true
/Users/bobhopp/DJ MEDIA/VIDEO/1990's/Brandy - Sittin' Up In My Room.mp4,Brandy,Sittin' Up In My Room,RVTR251774,1,SAFE TITLE NOISE,Existing simulation selected one canonical candidate (RVTR251774); deterministic filename/tag noise.,true
/Users/bobhopp/DJ MEDIA/VIDEO/1980's/Judas Priest - Johnny B. Goode.mp4,Judas Priest,Johnny B. Goode,RVTR503944,1,SAFE TITLE NOISE,Existing simulation selected one canonical candidate (RVTR503944); deterministic filename/tag noise.,true
/Users/bobhopp/DJ MEDIA/VIDEO/1990's/Ween - Push Th' Little Daisies.mp4,Ween,Push Th' Little Daisies,RVTR068385,1,SAFE TITLE NOISE,Existing simulation selected one canonical candidate (RVTR068385); deterministic filename/tag noise.,true
/Users/bobhopp/DJ MEDIA/VIDEO/1970's/Elvis Presley - Don't Be Cruel.mp4,Elvis Presley,Don't Be Cruel,RVTR177780,1,SAFE TITLE NOISE,Existing simulation selected one canonical candidate (RVTR177780); deterministic filename/tag noise.,true
/Users/bobhopp/DJ MEDIA/VIDEO/1990's/Lisa Loeb - Stay (I Missed You).mp4,Lisa Loeb, Stay (I Missed You),RVTR636565,1,SAFE TITLE NOISE,Existing simulation selected one canonical candidate (RVTR636565); deterministic filename/tag noise.,true
/Users/bobhopp/DJ MEDIA/VIDEO/1990's/Filter - Gimme All Your Lovin'.mp4,Filter,Gimme All Your Lovin',RVTR524334,1,SAFE TITLE NOISE,Existing simulation selected one canonical candidate (RVTR524334); deterministic filename/tag noise.,true
/Users/bobhopp/DJ MEDIA/VIDEO/2000's/Brooklyn Bounce - Loud & Proud.mp4,Brooklyn Bounce,Loud & Proud,RVTR668193,1,SAFE TITLE NOISE,Existing simulation selected one canonical candidate (RVTR668193); deterministic filename/tag noise.,true
/Users/bobhopp/DJ MEDIA/VIDEO/TECHNO/Poison - We're An American Band.mp4,Poison,We're An American Band,RVTR324678,1,SAFE TITLE NOISE,Existing simulation selected one canonical candidate (RVTR324678); deterministic filename/tag noise.,true
/Users/bobhopp/DJ MEDIA/VIDEO/1960's/Jackie Wilson - Higher & Higher.mp4,Jackie Wilson,Higher & Higher,RVTR924922,1,SAFE TITLE NOISE,Existing simulation selected one canonical candidate (RVTR532991); deterministic filename/tag noise.,true
"/Users/bobhopp/DJ MEDIA/VIDEO/1990's/Ricky Martin - Cup Of Life, The.mp4",Ricky Martin,"Cup Of Life, The",RVTR431892,1,SAFE TITLE NOISE,Existing simulation selected one canonical candidate (RVTR431892); deterministic filename/tag noise.,true
/Users/bobhopp/DJ MEDIA/VIDEO/TECHNO/Musique vs. U2 - New Year's Dub.mp4,Musique vs. U2,New Year's Dub,RVTR918036,1,SAFE TITLE NOISE,Existing simulation selected one canonical candidate (RVTR918036); deterministic filename/tag noise.,true
/Users/bobhopp/DJ MEDIA/VIDEO/1980's/The Replacements - Achin' To Be.mp4,The Replacements,Achin' To Be,RVTR340784,1,SAFE TITLE NOISE,Existing simulation selected one canonical candidate (RVTR340784); deterministic filename/tag noise.,true
/Users/bobhopp/DJ MEDIA/VIDEO/1960's/The Beatles - Octopus's Garden.mp4,The Beatles,Octopus's Garden,RVTR733261,1,SAFE TITLE NOISE,Existing simulation selected one canonical candidate (RVTR733261); deterministic filename/tag noise.,true
/Users/bobhopp/DJ MEDIA/VIDEO/1980's/Eddy Grant - Gimme Hope Jo'anna.mp4,Eddy Grant,Gimme Hope Jo'anna,RVTR918617,1,SAFE TITLE NOISE,Existing simulation selected one canonical candidate (RVTR918617); deterministic filename/tag noise.,true
/Users/bobhopp/DJ MEDIA/VIDEO/2020's/Tokyo Goove Jyoshi - Funk No.1.mp4,Tokyo Goove Jyoshi,Funk No.1,RVTR504840,1,SAFE TITLE NOISE,Existing simulation selected one canonical candidate (RVTR504840); deterministic filename/tag noise.,true
/Users/bobhopp/DJ MEDIA/VIDEO/1980's/Ph.D - Little Susie's On The Up.mp4,Ph.D,Little Susie's On The Up,RVTR859207,1,SAFE TITLE NOISE,Existing simulation selected one canonical candidate (RVTR859207); deterministic filename/tag noise.,true
/Users/bobhopp/DJ MEDIA/VIDEO/2010's/The Stone Foxes - I'm a King Bee.mp4,The Stone Foxes,I'm a King Bee,RVTR751390,1,SAFE TITLE NOISE,Existing simulation selected one canonical candidate (RVTR751390); deterministic filename/tag noise.,true
/Users/bobhopp/DJ MEDIA/VIDEO/1960's/Dana Fuchs - I'd Rather Go Blind.mp4,Dana Fuchs,I'd Rather Go Blind,RVTR882542,1,SAFE TITLE NOISE,Existing simulation selected one canonical candidate (RVTR882542); deterministic filename/tag noise.,true
/Users/bobhopp/DJ MEDIA/VIDEO/1950's/Dean Martin - That's Amore (1956).mp4,Dean Martin,That's Amore (1956),RVTR331261,1,SAFE TITLE NOISE,Existing simulation selected one canonical candidate (RVTR331261); deterministic filename/tag noise.,true
/Users/bobhopp/DJ MEDIA/VIDEO/1960's/Etta James - I'd Rather Be Blind.mp4,Etta James,I'd Rather Be Blind,RVTR914888,1,SAFE TITLE NOISE,Existing simulation selected one canonical candidate (RVTR914888); deterministic filename/tag noise.,true
"/Users/bobhopp/DJ MEDIA/VIDEO/2010's/Ke$ha f._3OH!3 - Blah, Blah, Blah_.mp4",Ke$ha f./3OH!3,"Blah, Blah, Blah*",RVTR029511,1,SAFE TITLE NOISE,Existing simulation selected one canonical candidate (RVTR029511); deterministic filename/tag noise.,true
/Users/bobhopp/DJ MEDIA/VIDEO/1990's/The Lemonheads - Mrs. Robinson.mp4,The Lemonheads,Mrs. Robinson,RVTR059374,1,SAFE TITLE NOISE,Existing simulation selected one canonical candidate (RVTR059374); deterministic filename/tag noise.,true
/Users/bobhopp/DJ MEDIA/VIDEO/2000's/Black Eyed Peas - Let’s Get Retarded.mp4,Black Eyed Peas,Let’s Get Retarded,RVTR722281,1,SAFE TITLE NOISE,Existing simulation selected one canonical candidate (RVTR722281); deterministic filename/tag noise.,true
/Users/bobhopp/DJ MEDIA/VIDEO/1980's/Alabama - Mountain Music (Live).mp4,Alabama,Mountain Music (Live),RVTR554537,1,SAFE TITLE NOISE,Existing simulation selected one canonical candidate (RVTR554537); deterministic filename/tag noise.,true
"/Users/bobhopp/DJ MEDIA/VIDEO/TECHNO/Sonique - Put A Spell On You, I.mp4",Sonique,"Put A Spell On You, I",RVTR564350,1,SAFE TITLE NOISE,Existing simulation selected one canonical candidate (RVTR564350); deterministic filename/tag noise.,true
/Users/bobhopp/DJ MEDIA/VIDEO/1980's/Oingo Boingo - Dead Man's Party.mp4,Oingo Boingo,Dead Man's Party,RVTR364700,1,SAFE TITLE NOISE,Existing simulation selected one canonical candidate (RVTR364700); deterministic filename/tag noise.,true
/Users/bobhopp/DJ MEDIA/VIDEO/2000's/Kid Rock - Feel Like Makin' Love.mp4,Kid Rock,Feel Like Makin' Love,RVTR041069,1,SAFE TITLE NOISE,Existing simulation selected one canonical candidate (RVTR041069); deterministic filename/tag noise.,true
/Users/bobhopp/DJ MEDIA/VIDEO/2000's/Bon Jovi - All About Lovin' You.mp4,Bon Jovi,All About Lovin' You,RVTR415214,1,SAFE TITLE NOISE,Existing simulation selected one canonical candidate (RVTR415214); deterministic filename/tag noise.,true
/Users/bobhopp/DJ MEDIA/VIDEO/2010's/Miranda Lambert - Somethin' Bad.mp4,Miranda Lambert,Somethin' Bad,RVTR020581,1,SAFE TITLE NOISE,Existing simulation selected one canonical candidate (RVTR020581); deterministic filename/tag noise.,true
/Users/bobhopp/DJ MEDIA/VIDEO/1970's/Kenny Rogers - Just Dropped In.mp4,Kenny Rogers,Just Dropped In (Big Lebowski),RVTR505544,1,SAFE TITLE NOISE,Existing simulation selected one canonical candidate (RVTR505544); deterministic filename/tag noise.,true
"/Users/bobhopp/DJ MEDIA/VIDEO/1960's/Roy Orbison - Oh, Pretty Woman.mp4",Roy Orbison,"Oh, Pretty Woman",RVTR111752,1,SAFE TITLE NOISE,Existing simulation selected one canonical candidate (RVTR111752); deterministic filename/tag noise.,true
/Users/bobhopp/DJ MEDIA/VIDEO/1990's/Eric Clapton - My Father's Eyes.mp4,Eric Clapton,My Father's Eyes,RVTR892801,1,SAFE TITLE NOISE,Existing simulation selected one canonical candidate (RVTR892801); deterministic filename/tag noise.,true
/Users/bobhopp/DJ MEDIA/VIDEO/1990's/Jennifer Lopez - Let's Get Loud.mp4,Jennifer Lopez,Let's Get Loud,RVTR871673,1,SAFE TITLE NOISE,Existing simulation selected one canonical candidate (RVTR871673); deterministic filename/tag noise.,true
/Users/bobhopp/DJ MEDIA/VIDEO/COUNTRY/FILL/Steve Earle - Even When I m Blue.mp4,Steve Earle,Even When I m Blue.,RVTR664806,1,SAFE TITLE NOISE,Existing simulation selected one canonical candidate (RVTR664806); deterministic filename/tag noise.,true
/Users/bobhopp/DJ MEDIA/VIDEO/1950's/Chuck Berry - You Can't Catch Me.mp4,Chuck Berry,You Can't Catch Me,RVTR937487,1,SAFE TITLE NOISE,Existing simulation selected one canonical candidate (RVTR937487); deterministic filename/tag noise.,true
/Users/bobhopp/DJ MEDIA/VIDEO/1970's/Roy Clark - Roy's Guitar Boogie.mp4,Roy Clark,Roy's Guitar Boogie,RVTR479015,1,SAFE TITLE NOISE,Existing simulation selected one canonical candidate (RVTR479015); deterministic filename/tag noise.,true
/Users/bobhopp/DJ MEDIA/VIDEO/2020's/Yungblud - I Was Made For Lovin’ You.mp4,Yungblud,I Was Made For Lovin’ You,RVTR809212,1,SAFE TITLE NOISE,Existing simulation selected one canonical candidate (RVTR809212); deterministic filename/tag noise.,true
/Users/bobhopp/DJ MEDIA/VIDEO/2010's/Alabama Shakes - You Ain't Alone.mp4,Alabama Shakes,You Ain't Alone,RVTR595707,1,SAFE TITLE NOISE,Existing simulation selected one canonical candidate (RVTR595707); deterministic filename/tag noise.,true
/Users/bobhopp/DJ MEDIA/VIDEO/1960's/The Beatles - Back In The U.S.S.R.mp4,The Beatles,Back In The U.S.S.R,RVTR729322,1,SAFE TITLE NOISE,Existing simulation selected one canonical candidate (RVTR729322); deterministic filename/tag noise.,true
/Users/bobhopp/DJ MEDIA/VIDEO/1950's/Bo Diddley - Please Mr. Engineer.mp4,Bo Diddley,Please Mr. Engineer,RVTR083367,1,SAFE TITLE NOISE,Existing simulation selected one canonical candidate (RVTR083367); deterministic filename/tag noise.,true
"/Users/bobhopp/DJ MEDIA/VIDEO/1970's/Bob Marley - Roots, Rock, Reggae.mp4",Bob Marley,"Roots, Rock, Reggae",RVTR382937,1,SAFE TITLE NOISE,Existing simulation selected one canonical candidate (RVTR382937); deterministic filename/tag noise.,true
/Users/bobhopp/DJ MEDIA/VIDEO/2010's/Michael Bublé - Haven't Met You Yet.mp4,Michael Bublé,Haven't Met You Yet,RVTR481762,1,SAFE TITLE NOISE,Existing simulation selected one canonical candidate (RVTR481762); deterministic filename/tag noise.,true
"/Users/bobhopp/DJ MEDIA/VIDEO/2000's/Ciara F.Missy Elliott - 1, 2 Step.mp4",Ciara F.Missy Elliott,"1, 2 Step",RVTR343069,1,SAFE TITLE NOISE,Existing simulation selected one canonical candidate (RVTR343069); deterministic filename/tag noise.,true
"/Users/bobhopp/DJ MEDIA/VIDEO/1990's/Bush - Chemicals Between Us, The.mp4",Bush,"Chemicals Between Us, The",RVTR337826,1,SAFE TITLE NOISE,Existing simulation selected one canonical candidate (RVTR337826); deterministic filename/tag noise.,true
/Users/bobhopp/DJ MEDIA/VIDEO/1980's/R.E.M. - It's The End Of The World.mp4,R.E.M.,It's The End Of The World,RVTR331253,1,SAFE TITLE NOISE,Existing simulation selected one canonical candidate (RVTR331253); deterministic filename/tag noise.,true
/Users/bobhopp/DJ MEDIA/VIDEO/1980's/David Essex - You're In My Heart.mp4,David Essex,You're In My Heart,RVTR790585,1,SAFE TITLE NOISE,Existing simulation selected one canonical candidate (RVTR790585); deterministic filename/tag noise.,true
"/Users/bobhopp/DJ MEDIA/VIDEO/1960's/Sam and Dave - Hold On, I'm Coming.mp4",Sam and Dave,"Hold On, I'm Coming",RVTR297367,1,SAFE TITLE NOISE,Existing simulation selected one canonical candidate (RVTR297367); deterministic filename/tag noise.,true
"/Volumes/DJ  MAIN/DJ MEDIA/VIDEO/1990's/19-Wilco - She's A Jar (1999-04-21 Irving Plaza, New York, NY) [Best Live Version!].mp4",Wilco,She's A Jar,RVTR424994,1,SAFE TITLE NOISE,Existing simulation selected one canonical candidate (RVTR424994); deterministic filename/tag noise.,true
/Users/bobhopp/DJ MEDIA/VIDEO/1970's/Don McLean - American Pie (Lyics).mp4,Don McLean,American Pie (Lyics),RVTR891825,1,SAFE TITLE NOISE,Existing simulation selected one canonical candidate (RVTR891825); deterministic filename/tag noise.,true
/Users/bobhopp/DJ MEDIA/VIDEO/1950's/Hank Williams - Hey Good Lookin'.mp4,Hank Williams,Hey Good Lookin',RVTR680786,1,SAFE TITLE NOISE,Existing simulation selected one canonical candidate (RVTR680786); deterministic filename/tag noise.,true
/Users/bobhopp/DJ MEDIA/VIDEO/1980's/Rainbow - Since You've Been Gone.mp4,Rainbow,Since You've Been Gone,RVTR498546,1,SAFE TITLE NOISE,Existing simulation selected one canonical candidate (RVTR498546); deterministic filename/tag noise.,true
/Users/bobhopp/DJ MEDIA/VIDEO/1970's/Disco Tex and his sex o lettes - Get Dancin' 1974 Top of the pops live recording and remastered.mp4,Disco Tex and His Sex O Lettes,Get Dancin' ,RVTR936563,1,SAFE TITLE NOISE,Existing simulation selected one canonical candidate (RVTR936563); deterministic filename/tag noise.,true
"/Users/bobhopp/DJ MEDIA/VIDEO/1990's/Tim McGraw - Like It, I Love It, I.mp4",Tim McGraw,"Like It, I Love It, I",RVTR094132,1,SAFE TITLE NOISE,Existing simulation selected one canonical candidate (RVTR094132); deterministic filename/tag noise.,true
/Users/bobhopp/DJ MEDIA/VIDEO/1990's/Shaggy - In The Summertime  (1996).mp4,Shaggy,In The Summertime  (1996),RVTR718697,1,SAFE TITLE NOISE,Existing simulation selected one canonical candidate (RVTR718697); deterministic filename/tag noise.,true
/Users/bobhopp/DJ MEDIA/VIDEO/1960's/The Who - We're Not Gonna Take It.mp4,The Who,We're Not Gonna Take It,RVTR228082,1,SAFE TITLE NOISE,Existing simulation selected one canonical candidate (RVTR228082); deterministic filename/tag noise.,true
"/Users/bobhopp/DJ MEDIA/VIDEO/1980's/Dangerous Toys - Teas'n, Pleas'n.mp4",Dangerous Toys,"Teas'n, Pleas'n",RVTR189254,1,SAFE TITLE NOISE,Existing simulation selected one canonical candidate (RVTR189254); deterministic filename/tag noise.,true
/Users/bobhopp/DJ MEDIA/VIDEO/1990's/R.L. Burnside - It's Bad You Know.mp4,R.L. Burnside,It's Bad You Know,RVTR758231,1,SAFE TITLE NOISE,Existing simulation selected one canonical candidate (RVTR758231); deterministic filename/tag noise.,true
/Users/bobhopp/DJ MEDIA/VIDEO/2000's/The Heavy - How You Like Me Now_.mp4,The Heavy,How You Like Me Now?,RVTR780652,1,SAFE TITLE NOISE,Existing simulation selected one canonical candidate (RVTR780652); deterministic filename/tag noise.,true
/Users/bobhopp/DJ MEDIA/VIDEO/COUNTRY/FILL/Elle King - America's Sweetheart.mp4,Elle King,America's Sweetheart,RVTR374610,1,SAFE TITLE NOISE,Existing simulation selected one canonical candidate (RVTR374610); deterministic filename/tag noise.,true
/Users/bobhopp/DJ MEDIA/VIDEO/1960's/Sister Rosetta Tharpe - Didn't It Rain.mp4,Sister Rosetta Tharpe,Didn't It Rain,RVTR357644,1,SAFE TITLE NOISE,Existing simulation selected one canonical candidate (RVTR357644); deterministic filename/tag noise.,true
"/Users/bobhopp/DJ MEDIA/VIDEO/1990's/Faith Hill - Way You Love Me, The.mp4",Faith Hill,"Way You Love Me, The",RVTR715643,1,SAFE TITLE NOISE,Existing simulation selected one canonical candidate (RVTR715643); deterministic filename/tag noise.,true
/Users/bobhopp/DJ MEDIA/VIDEO/2000's/All Time Low - I Feel Like Dancin'.mp4,All Time Low,I Feel Like Dancin',RVTR899849,1,SAFE TITLE NOISE,Existing simulation selected one canonical candidate (RVTR899849); deterministic filename/tag noise.,true
/Users/bobhopp/DJ MEDIA/VIDEO/1980's/Rod Stewart - You're In My Heart.mp4,Rod Stewart,You're In My Heart,RVTR874360,1,SAFE TITLE NOISE,Existing simulation selected one canonical candidate (RVTR874360); deterministic filename/tag noise.,true
/Users/bobhopp/DJ MEDIA/VIDEO/2010's/Beyonce - Why Don't You Love Me_.mp4,Beyonce,Why Don't You Love Me?,RVTR197703,1,SAFE TITLE NOISE,Existing simulation selected one canonical candidate (RVTR197703); deterministic filename/tag noise.,true
"/Users/bobhopp/DJ MEDIA/VIDEO/2000's/Aerosmith - Baby, Please Don't Go.mp4",Aerosmith,"Baby, Please Don't Go",RVTR133526,1,SAFE TITLE NOISE,Existing simulation selected one canonical candidate (RVTR133526); deterministic filename/tag noise.,true
/Users/bobhopp/DJ MEDIA/VIDEO/1980's/Prince - I Would Die 4 U (Live 1984).mp4,Prince,I Would Die 4 U (Live 1984),RVTR145972,1,SAFE TITLE NOISE,Existing simulation selected one canonical candidate (RVTR145972); deterministic filename/tag noise.,true
/Users/bobhopp/DJ MEDIA/VIDEO/2020's/Lil Huddy - America's Sweetheart.mp4,Lil Huddy,America's Sweetheart,RVTR627520,1,SAFE TITLE NOISE,Existing simulation selected one canonical candidate (RVTR627520); deterministic filename/tag noise.,true
/Users/bobhopp/DJ MEDIA/VIDEO/1950's/Elvis Presley - That's All Right.mp4,Elvis Presley,That's All Right,RVTR650659,1,SAFE TITLE NOISE,Existing simulation selected one canonical candidate (RVTR650659); deterministic filename/tag noise.,true
/Users/bobhopp/DJ MEDIA/VIDEO/2010's/Rihanna f._Drake - What's My Name.mp4,Rihanna f./Drake,What's My Name,RVTR399698,1,SAFE TITLE NOISE,Existing simulation selected one canonical candidate (RVTR399698); deterministic filename/tag noise.,true
/Users/bobhopp/DJ MEDIA/VIDEO/1960's/The Beatles - I'm A Loser And Boys.mp4,The Beatles,I'm A Loser And Boys,RVTR192079,1,SAFE TITLE NOISE,Existing simulation selected one canonical candidate (RVTR192079); deterministic filename/tag noise.,true
/Users/bobhopp/DJ MEDIA/VIDEO/TECHNO/Spandau Ballet - I'll Fly For You.mp4,Spandau Ballet,I'll Fly For You,RVTR683852,1,SAFE TITLE NOISE,Existing simulation selected one canonical candidate (RVTR683852); deterministic filename/tag noise.,true
/Users/bobhopp/DJ MEDIA/VIDEO/1970's/Lynyrd Skynyrd - Tuesday's Gone.mp4,Lynyrd Skynyrd,Tuesday's Gone,RVTR547603,1,SAFE TITLE NOISE,Existing simulation selected one canonical candidate (RVTR547603); deterministic filename/tag noise.,true
/Users/bobhopp/DJ MEDIA/VIDEO/1980's/Eric Carmen - Hungry Eyes (Clips).mp4,Eric Carmen,Hungry Eyes (Clips),RVTR729669,1,SAFE TITLE NOISE,Existing simulation selected one canonical candidate (RVTR729669); deterministic filename/tag noise.,true
/Users/bobhopp/DJ MEDIA/VIDEO/1970's/AC_DC - It's a Long Way to the Top.mp4,AC/DC,It's a Long Way to the Top,RVTR306382,1,SAFE TITLE NOISE,Existing simulation selected one canonical candidate (RVTR306382); deterministic filename/tag noise.,true
"/Users/bobhopp/DJ MEDIA/VIDEO/1960's/Leonard Cohen - So Long, Marianne.mp4",Leonard Cohen,"So Long, Marianne",RVTR659846,1,SAFE TITLE NOISE,Existing simulation selected one canonical candidate (RVTR659846); deterministic filename/tag noise.,true
/Users/bobhopp/DJ MEDIA/VIDEO/1970's/Bob Marley & The Wailers - Jammin'.mp4,Bob Marley,Jammin',RVTR959139,1,SAFE TITLE NOISE,Existing simulation selected one canonical candidate (RVTR959139); deterministic filename/tag noise.,true
/Users/bobhopp/DJ MEDIA/VIDEO/1970's/Stevie Wonder - Isn't She Lovely.mp4,Stevie Wonder,Isn't She Lovely,RVTR899147,1,SAFE TITLE NOISE,Existing simulation selected one canonical candidate (RVTR899147); deterministic filename/tag noise.,true
/Users/bobhopp/DJ MEDIA/VIDEO/1980's/Tome Browne - Funkin' for Jamaica.mp4,Tome Browne,Funkin' for Jamaica,RVTR111782,1,SAFE TITLE NOISE,Existing simulation selected one canonical candidate (RVTR111782); deterministic filename/tag noise.,true
/Users/bobhopp/DJ MEDIA/VIDEO/1950's/The Crew Cuts - Sh-Boom (Cry Baby).mp4,The Crew Cuts,Sh-Boom (Cry Baby),RVTR990695,1,SAFE TITLE NOISE,Existing simulation selected one canonical candidate (RVTR990695); deterministic filename/tag noise.,true
/Users/bobhopp/DJ MEDIA/VIDEO/TECHNO/Geri Halliwell - It's Raining Men.mp4,Geri Halliwell,It's Raining Men,RVTR145653,1,SAFE TITLE NOISE,Existing simulation selected one canonical candidate (RVTR145653); deterministic filename/tag noise.,true
/Users/bobhopp/DJ MEDIA/VIDEO/TECHNO/Justin Timberlake - I'm Lovin' It.mp4,Justin Timberlake,I'm Lovin' It,RVTR962684,1,SAFE TITLE NOISE,Existing simulation selected one canonical candidate (RVTR962684); deterministic filename/tag noise.,true
"/Users/bobhopp/DJ MEDIA/VIDEO/1990's/George Strait - Cross My Heart, I.mp4",George Strait,"Cross My Heart, I",RVTR928137,1,SAFE TITLE NOISE,Existing simulation selected one canonical candidate (RVTR928137); deterministic filename/tag noise.,true
/Users/bobhopp/DJ MEDIA/VIDEO/2010's/Lynyrd Skynyrd - Simple Man (2015).mp4,Lynyrd Skynyrd,Simple Man (2015),RVTR487932,1,SAFE TITLE NOISE,Existing simulation selected one canonical candidate (RVTR487932); deterministic filename/tag noise.,true
/Users/bobhopp/DJ MEDIA/VIDEO/2000's/Black Eyed Peas - That's The Joint.mp4,Black Eyed Peas,That's The Joint,RVTR038080,1,SAFE TITLE NOISE,Existing simulation selected one canonical candidate (RVTR038080); deterministic filename/tag noise.,true
/Users/bobhopp/DJ MEDIA/VIDEO/2000's/My Chemical Romance - I'm Not Okay.mp4,My Chemical Romance,I'm Not Okay,RVTR927103,1,SAFE TITLE NOISE,Existing simulation selected one canonical candidate (RVTR927103); deterministic filename/tag noise.,true
/Users/bobhopp/DJ MEDIA/VIDEO/1990's/White Zombie - I'm Your Boogieman.mp4,White Zombie,I'm Your Boogieman,RVTR503727,1,SAFE TITLE NOISE,Existing simulation selected one canonical candidate (RVTR503727); deterministic filename/tag noise.,true
/Users/bobhopp/DJ MEDIA/VIDEO/1970's/Shaun Cassidy - That's Rock & Roll.mp4,Shaun Cassidy,That's Rock & Roll,RVTR067091,1,SAFE TITLE NOISE,Existing simulation selected one canonical candidate (RVTR528342); deterministic filename/tag noise.,true
/Users/bobhopp/DJ MEDIA/VIDEO/COUNTRY/FILL/Clay Walker - i Don't Want to Know.mp4,Clay Walker,i Don't Want to Know,RVTR639273,1,SAFE TITLE NOISE,Existing simulation selected one canonical candidate (RVTR639273); deterministic filename/tag noise.,true
/Users/bobhopp/DJ MEDIA/VIDEO/1970's/REO Speedwagon - 157 Riverside Ave.mp4,REO Speedwagon,157 Riverside Ave.,RVTR334687,1,SAFE TITLE NOISE,Existing simulation selected one canonical candidate (RVTR334687); deterministic filename/tag noise.,true
"/Users/bobhopp/DJ MEDIA/VIDEO/1990's/Garth Brooks - Thunder Rolls, The.mp4",Garth Brooks,"Thunder Rolls, The",RVTR464944,1,SAFE TITLE NOISE,Existing simulation selected one canonical candidate (RVTR464944); deterministic filename/tag noise.,true
/Users/bobhopp/DJ MEDIA/VIDEO/1990's/Rembrandts - I'll Be There For You.mp4,Rembrandts,I'll Be There For You,RVTR677225,1,SAFE TITLE NOISE,Existing simulation selected one canonical candidate (RVTR677225); deterministic filename/tag noise.,true
/Users/bobhopp/DJ MEDIA/VIDEO/2020's/Sierra Ferrell - Don't Let Me Down.mp4,Sierra Ferrell,Don't Let Me Down,RVTR662129,1,SAFE TITLE NOISE,Existing simulation selected one canonical candidate (RVTR662129); deterministic filename/tag noise.,true
/Users/bobhopp/DJ MEDIA/VIDEO/1970's/Steve Miller Band - Rockin Me (1976).mp4,Steve Miller Band,Rockin Me (1976),RVTR641128,1,SAFE TITLE NOISE,Existing simulation selected one canonical candidate (RVTR641128); deterministic filename/tag noise.,true
/Users/bobhopp/DJ MEDIA/VIDEO/1980's/Rod Stewart - Tonight's The Night.mp4,Rod Stewart,Tonight's The Night,RVTR748195,1,SAFE TITLE NOISE,Existing simulation selected one canonical candidate (RVTR748195); deterministic filename/tag noise.,true
/Users/bobhopp/DJ MEDIA/VIDEO/2000's/The Rolling Stones - I'm a King Bee.mp4,The Rolling Stones,I'm a King Bee,RVTR596597,1,SAFE TITLE NOISE,Existing simulation selected one canonical candidate (RVTR596597); deterministic filename/tag noise.,true
"/Users/bobhopp/DJ MEDIA/VIDEO/TECHNO/Interpol - Heinrich Maneuver, The.mp4",Interpol,"Heinrich Maneuver, The",RVTR330896,1,SAFE TITLE NOISE,Existing simulation selected one canonical candidate (RVTR330896); deterministic filename/tag noise.,true
"/Users/bobhopp/DJ MEDIA/VIDEO/1990's/Diana King - Say A Little Prayer, I.mp4",Diana King,"Say A Little Prayer, I",RVTR816757,1,SAFE TITLE NOISE,Existing simulation selected one canonical candidate (RVTR816757); deterministic filename/tag noise.,true
/Users/bobhopp/DJ MEDIA/VIDEO/1970's/Carole King - I Feel the Earth Move.mp4,Carole King,I Feel the Earth Move (James Taylor),RVTR386466,1,SAFE TITLE NOISE,Existing simulation selected one canonical candidate (RVTR386466); deterministic filename/tag noise.,true
/Users/bobhopp/DJ MEDIA/VIDEO/2000's/The Gaslight Anthem - The '59 Sound.mp4,The Gaslight Anthem,The '59 Sound,RVTR200193,1,SAFE TITLE NOISE,Existing simulation selected one canonical candidate (RVTR200193); deterministic filename/tag noise.,true
/Users/bobhopp/DJ MEDIA/VIDEO/TECHNO/Mariah Carey - Can't Take That Away.mp4,Mariah Carey,Can't Take That Away,RVTR099985,1,SAFE TITLE NOISE,Existing simulation selected one canonical candidate (RVTR099985); deterministic filename/tag noise.,true
/Users/bobhopp/DJ MEDIA/VIDEO/COUNTRY/FILL/Johnny Cash - I've Been Everywhere.mp4,Johnny Cash,I've Been Everywhere,RVTR627617,1,SAFE TITLE NOISE,Existing simulation selected one canonical candidate (RVTR627617); deterministic filename/tag noise.,true
/Users/bobhopp/DJ MEDIA/VIDEO/1990's/Whitney Houston - I'm Every Woman.mp4,Whitney Houston,I'm Every Woman,RVTR736990,1,SAFE TITLE NOISE,Existing simulation selected one canonical candidate (RVTR736990); deterministic filename/tag noise.,true
/Users/bobhopp/DJ MEDIA/VIDEO/1960's/Osborne Brothers - Rocky Top (1967).mp4,Osborne Brothers,Rocky Top (1967),RVTR096964,1,SAFE TITLE NOISE,Existing simulation selected one canonical candidate (RVTR096964); deterministic filename/tag noise.,true
/Users/bobhopp/DJ MEDIA/VIDEO/2010's/The Cranberries - When You're Gone.mp4,The Cranberries,When You're Gone,RVTR555553,1,SAFE TITLE NOISE,Existing simulation selected one canonical candidate (RVTR555553); deterministic filename/tag noise.,true
/Users/bobhopp/DJ MEDIA/VIDEO/1970's/Grease - You're The One That I Want.mp4,Grease,You're The One That I Want,RVTR369590,1,SAFE TITLE NOISE,Existing simulation selected one canonical candidate (RVTR369590); deterministic filename/tag noise.,true
/Users/bobhopp/DJ MEDIA/VIDEO/2010's/Young Jeezy f._Lil Wayne - Ballin'.mp4,Young Jeezy f./Lil Wayne,Ballin',RVTR926487,1,SAFE TITLE NOISE,Existing simulation selected one canonical candidate (RVTR926487); deterministic filename/tag noise.,true
"/Users/bobhopp/DJ MEDIA/VIDEO/1990's/Janet Jackson - Any Time, Any Place.mp4",Janet Jackson,"Any Time, Any Place",RVTR321800,1,SAFE TITLE NOISE,Existing simulation selected one canonical candidate (RVTR321800); deterministic filename/tag noise.,true
/Users/bobhopp/DJ MEDIA/VIDEO/TECHNO/Gene Simmons - I'm The Firestarter.mp4,Gene Simmons,I'm The Firestarter,RVTR676011,1,SAFE TITLE NOISE,Existing simulation selected one canonical candidate (RVTR676011); deterministic filename/tag noise.,true
/Users/bobhopp/DJ MEDIA/VIDEO/1970's/Daryl Hall & John Oates - She's Gone.mp4,Daryl Hall & John Oates,She's Gone,RVTR597363,1,SAFE TITLE NOISE,Existing simulation selected one canonical candidate (RVTR597363); deterministic filename/tag noise.,true
/Users/bobhopp/DJ MEDIA/VIDEO/1960's/The Four Tops - I Can't Help Myself.mp4,The Four Tops,I Can't Help Myself,RVTR288743,1,SAFE TITLE NOISE,Existing simulation selected one canonical candidate (RVTR288743); deterministic filename/tag noise.,true
/Users/bobhopp/DJ MEDIA/VIDEO/2000's/The Flaming Lips - Do You Realize_.mp4,The Flaming Lips,Do You Realize?,RVTR633758,1,SAFE TITLE NOISE,Existing simulation selected one canonical candidate (RVTR633758); deterministic filename/tag noise.,true
"/Users/bobhopp/DJ MEDIA/VIDEO/1980's/Dwight Yoakam - Guitars, Cadillacs.mp4",Dwight Yoakam,"Guitars, Cadillacs",RVTR899332,1,SAFE TITLE NOISE,Existing simulation selected one canonical candidate (RVTR899332); deterministic filename/tag noise.,true
/Users/bobhopp/DJ MEDIA/VIDEO/1970's/Gary Glitter - Baby Please Don't Go.mp4,Gary Glitter,Baby Please Don't Go,RVTR848978,1,SAFE TITLE NOISE,Existing simulation selected one canonical candidate (RVTR848978); deterministic filename/tag noise.,true
/Users/bobhopp/DJ MEDIA/VIDEO/1990's/Primus - Wynona's Big Brown Beaver.mp4,Primus,Wynona's Big Brown Beaver,RVTR662096,1,SAFE TITLE NOISE,Existing simulation selected one canonical candidate (RVTR662096); deterministic filename/tag noise.,true
/Users/bobhopp/DJ MEDIA/VIDEO/1980's/Kelly Marie - Feels Like I'm In Love.mp4,Kelly Marie,Feels Like I'm In Love,RVTR381985,1,SAFE TITLE NOISE,Existing simulation selected one canonical candidate (RVTR381985); deterministic filename/tag noise.,true
/Users/bobhopp/DJ MEDIA/VIDEO/1980's/The Police - Can't Stand Losing You.mp4,The Police,Can't Stand Losing You,RVTR202406,1,SAFE TITLE NOISE,Existing simulation selected one canonical candidate (RVTR202406); deterministic filename/tag noise.,true
/Users/bobhopp/DJ MEDIA/VIDEO/1990's/Meat Loaf - I'd Do Anything For Love.mp4,Meat Loaf,I'd Do Anything For Love,RVTR604800,1,SAFE TITLE NOISE,Existing simulation selected one canonical candidate (RVTR604800); deterministic filename/tag noise.,true
/Users/bobhopp/DJ MEDIA/VIDEO/1980's/Rupert Hine - Surface Tension (1981).mp4,Rupert Hine,Surface Tension (1981),RVTR391706,1,SAFE TITLE NOISE,Existing simulation selected one canonical candidate (RVTR391706); deterministic filename/tag noise.,true
/Users/bobhopp/DJ MEDIA/VIDEO/1970's/Rod Stewart - Do Ya Think I m Sexy_.mp4,Rod Stewart,Do Ya Think I m Sexy?,RVTR126612,1,SAFE TITLE NOISE,Existing simulation selected one canonical candidate (RVTR126612); deterministic filename/tag noise.,true
/Users/bobhopp/DJ MEDIA/VIDEO/1960's/Mike Furber - You're Back Again (1966).mp4,Mike Furber,You're Back Again (1966),RVTR743410,1,SAFE TITLE NOISE,Existing simulation selected one canonical candidate (RVTR743410); deterministic filename/tag noise.,true
/Users/bobhopp/DJ MEDIA/VIDEO/1980's/Elton John - Sad Songs (Say So Much).mp4,Elton John,Sad Songs (Say So Much),RVTR272661,1,SAFE TITLE NOISE,Existing simulation selected one canonical candidate (RVTR272661); deterministic filename/tag noise.,true
/Users/bobhopp/DJ MEDIA/VIDEO/1960's/Peter Paul Mary - Don't Think Twice.mp4,Peter Paul Mary,Don't Think Twice,RVTR392059,1,SAFE TITLE NOISE,Existing simulation selected one canonical candidate (RVTR392059); deterministic filename/tag noise.,true
/Users/bobhopp/DJ MEDIA/VIDEO/2010's/Bebe Rexha - You Can't Stop The Girl.mp4,Bebe Rexha,You Can't Stop The Girl,RVTR324933,1,SAFE TITLE NOISE,Existing simulation selected one canonical candidate (RVTR324933); deterministic filename/tag noise.,true
/Users/bobhopp/DJ MEDIA/VIDEO/1960's/James Brown - I Got You (I Feel Good).mp4,James Brown,I Got You (I Feel Good),RVTR654376,1,SAFE TITLE NOISE,Existing simulation selected one canonical candidate (RVTR654376); deterministic filename/tag noise.,true
/Users/bobhopp/DJ MEDIA/VIDEO/1980's/Depeche Mode - Just Can't Get Enough.mp4,Depeche Mode,Just Can't Get Enough,RVTR378007,1,SAFE TITLE NOISE,Existing simulation selected one canonical candidate (RVTR378007); deterministic filename/tag noise.,true
"/Users/bobhopp/DJ MEDIA/VIDEO/2020's/Portugal. The Man - What, Me Worry_.mp4",Portugal. The Man,"What, Me Worry?",RVTR623825,1,SAFE TITLE NOISE,Existing simulation selected one canonical candidate (RVTR623825); deterministic filename/tag noise.,true
"/Users/bobhopp/DJ MEDIA/VIDEO/TECHNO/Avril Lavigne - Best Damn Thing, The.mp4",Avril Lavigne,"Best Damn Thing, The",RVTR716345,1,SAFE TITLE NOISE,Existing simulation selected one canonical candidate (RVTR716345); deterministic filename/tag noise.,true
/Users/bobhopp/DJ MEDIA/VIDEO/COUNTRY/FILL/Keith Urban - One Too Many With p!nk.mp4,Keith Urban,One Too Many With p!nk,RVTR884944,1,SAFE TITLE NOISE,Existing simulation selected one canonical candidate (RVTR884944); deterministic filename/tag noise.,true
/Users/bobhopp/DJ MEDIA/VIDEO/1980's/Stetsasonic - Talkin' All That Jazz.mp4,Stetsasonic,Talkin' All That Jazz,RVTR006940,1,SAFE TITLE NOISE,Existing simulation selected one canonical candidate (RVTR006940); deterministic filename/tag noise.,true
/Users/bobhopp/DJ MEDIA/VIDEO/2000's/Jagged Edge F.Run - Let's Get Married.mp4,Jagged Edge F.Run,Let's Get Married,RVTR444271,1,SAFE TITLE NOISE,Existing simulation selected one canonical candidate (RVTR444271); deterministic filename/tag noise.,true
"/Users/bobhopp/DJ MEDIA/VIDEO/1990's/Big Mountain - Baby, I Love Your Way.mp4",Big Mountain,"Baby, I Love Your Way",RVTR579908,1,SAFE TITLE NOISE,Existing simulation selected one canonical candidate (RVTR579908); deterministic filename/tag noise.,true
/Users/bobhopp/DJ MEDIA/VIDEO/2020's/Pete Escovedo - Let's Stay Together.mp4,Pete Escovedo,Let's Stay Together,RVTR965716,1,SAFE TITLE NOISE,Existing simulation selected one canonical candidate (RVTR965716); deterministic filename/tag noise.,true
/Users/bobhopp/DJ MEDIA/VIDEO/1970's/Kiss - Rock And Roll All Night (Live).mp4,Kiss,Rock And Roll All Night (Live),RVTR912228,1,SAFE TITLE NOISE,Existing simulation selected one canonical candidate (RVTR912228); deterministic filename/tag noise.,true
/Users/bobhopp/DJ MEDIA/VIDEO/2000's/Snow Patrol - You're All That I Have.mp4,Snow Patrol,You're All That I Have,RVTR394092,1,SAFE TITLE NOISE,Existing simulation selected one canonical candidate (RVTR394092); deterministic filename/tag noise.,true
/Users/bobhopp/DJ MEDIA/VIDEO/COUNTRY/FILL/Bellamy Brothers - Old Hippie (Live).mp4,Bellamy Brothers,Old Hippie (Live),RVTR137831,1,SAFE TITLE NOISE,Existing simulation selected one canonical candidate (RVTR137831); deterministic filename/tag noise.,true
/Users/bobhopp/DJ MEDIA/VIDEO/2010's/Morgan Wallen - Spin You Around (124).mp4,Morgan Wallen,Spin You Around (124),RVTR400172,1,SAFE TITLE NOISE,Existing simulation selected one canonical candidate (RVTR400172); deterministic filename/tag noise.,true
/Users/bobhopp/DJ MEDIA/VIDEO/1960's/Eric Burdon & The Animals - C.C. Rider.mp4,Eric Burdon & The Animals,C.C. Rider,RVTR444526,1,SAFE TITLE NOISE,Existing simulation selected one canonical candidate (RVTR444526); deterministic filename/tag noise.,true
/Users/bobhopp/DJ MEDIA/VIDEO/TECHNO/Basement Jaxx - Where's Your Head At.mp4,Basement Jaxx,Where's Your Head At,RVTR112407,1,SAFE TITLE NOISE,Existing simulation selected one canonical candidate (RVTR112407); deterministic filename/tag noise.,true
/Users/bobhopp/DJ MEDIA/VIDEO/1980's/Pink Floyd - Comfortably Numb (Live).mp4,Pink Floyd,Comfortably Numb (Live),RVTR508334,1,SAFE TITLE NOISE,Existing simulation selected one canonical candidate (RVTR508334); deterministic filename/tag noise.,true
/Users/bobhopp/DJ MEDIA/VIDEO/1980's/Carl Carlton - She's A Bad Mamma Jamma.mp4,Carl Carlton,She's A Bad Mamma Jamma,RVTR093374,1,SAFE TITLE NOISE,Existing simulation selected one canonical candidate (RVTR093374); deterministic filename/tag noise.,true
"/Users/bobhopp/DJ MEDIA/VIDEO/2000's/Elton John - The Red Piano, Las Vegas.mp4",Elton John,"The Red Piano, Las Vegas",RVTR015850,1,SAFE TITLE NOISE,Existing simulation selected one canonical candidate (RVTR015850); deterministic filename/tag noise.,true
/Users/bobhopp/DJ MEDIA/VIDEO/1980's/Cinderella - Don't Know What You Got.mp4,Cinderella,Don't Know What You Got,RVTR804961,1,SAFE TITLE NOISE,Existing simulation selected one canonical candidate (RVTR804961); deterministic filename/tag noise.,true
/Users/bobhopp/DJ MEDIA/VIDEO/2000's/Gym Class Heroes - Cupid's Chokehold.mp4,Gym Class Heroes,Cupid's Chokehold,RVTR777518,1,SAFE TITLE NOISE,Existing simulation selected one canonical candidate (RVTR777518); deterministic filename/tag noise.,true
"/Users/bobhopp/DJ MEDIA/VIDEO/2000's/Fatboy Slim - Rockefeller Skank, The.mp4",Fatboy Slim,"Rockefeller Skank, The",RVTR603400,1,SAFE TITLE NOISE,Existing simulation selected one canonical candidate (RVTR603400); deterministic filename/tag noise.,true
/Users/bobhopp/DJ MEDIA/VIDEO/1980's/Jon & Vangelis - I'll Find My Way Home.mp4,Jon & Vangelis,I'll Find My Way Home,RVTR907253,1,SAFE TITLE NOISE,Existing simulation selected one canonical candidate (RVTR907253); deterministic filename/tag noise.,true
"/Users/bobhopp/DJ MEDIA/VIDEO/TECHNO/Soular - So, This Is The Way It Feels.mp4",Soular,"So, This Is The Way It Feels",RVTR540671,1,SAFE TITLE NOISE,Existing simulation selected one canonical candidate (RVTR540671); deterministic filename/tag noise.,true
/Volumes/DJ  MAIN/DJ MEDIA/VIDEO/1960's/The Four Tops - I Can't Help Myself .mp4,The Four Tops,I Can't Help Myself,RVTR288743,1,SAFE TITLE NOISE,Existing simulation selected one canonical candidate (RVTR288743); deterministic filename/tag noise.,true
/Users/bobhopp/DJ MEDIA/VIDEO/1970's/Electric Light Orchestra - Rockaria!.mp4,Electric Light Orchestra,Rockaria!,RVTR244284,1,SAFE TITLE NOISE,Existing simulation selected one canonical candidate (RVTR244284); deterministic filename/tag noise.,true
"/Users/bobhopp/DJ MEDIA/VIDEO/2000's/All Time Low - Dear Maria, Count Me In.mp4",All Time Low,"Dear Maria, Count Me In",RVTR206779,1,SAFE TITLE NOISE,Existing simulation selected one canonical candidate (RVTR206779); deterministic filename/tag noise.,true
/Users/bobhopp/DJ MEDIA/VIDEO/2000's/Barry Manilow - Dancin' In The Aisles.mp4,Barry Manilow,Dancin' In The Aisles,RVTR344863,1,SAFE TITLE NOISE,Existing simulation selected one canonical candidate (RVTR344863); deterministic filename/tag noise.,true
/Users/bobhopp/DJ MEDIA/VIDEO/1980's/Rod Stewart - She Won't Dance With Me.mp4,Rod Stewart,She Won't Dance With Me,RVTR583184,1,SAFE TITLE NOISE,Existing simulation selected one canonical candidate (RVTR583184); deterministic filename/tag noise.,true
"/Users/bobhopp/DJ MEDIA/VIDEO/1970's/Precious Wilson - Hold On, I m Coming.mp4",Precious Wilson,"Hold On, I m Coming",RVTR627348,1,SAFE TITLE NOISE,Existing simulation selected one canonical candidate (RVTR627348); deterministic filename/tag noise.,true
/Users/bobhopp/DJ MEDIA/VIDEO/1970's/Molly Hatchet - Dreams I'll Never See.mp4,Molly Hatchet,Dreams I'll Never See,RVTR581310,1,SAFE TITLE NOISE,Existing simulation selected one canonical candidate (RVTR581310); deterministic filename/tag noise.,true
/Users/bobhopp/DJ MEDIA/VIDEO/1980's/Tygers Of Pan Tang - Love Potion No.9.mp4,Tygers Of Pan Tang,Love Potion No.9,RVTR241240,1,SAFE TITLE NOISE,Existing simulation selected one canonical candidate (RVTR241240); deterministic filename/tag noise.,true
/Users/bobhopp/DJ MEDIA/VIDEO/1980's/Dolly Parton - Why'd You Come In Here.mp4,Dolly Parton,Why'd You Come In Here,RVTR137769,1,SAFE TITLE NOISE,Existing simulation selected one canonical candidate (RVTR137769); deterministic filename/tag noise.,true
/Users/bobhopp/DJ MEDIA/VIDEO/1980's/The Style Council - Walls Come Tumbling Down!.mp4,The Style Council,Walls Come Tumbling Down!,RVTR702720,1,SAFE TITLE NOISE,Existing simulation selected one canonical candidate (RVTR702720); deterministic filename/tag noise.,true
/Users/bobhopp/DJ MEDIA/VIDEO/1990's/Travis Tritt - Where Corn Don't Grow.mp4,Travis Tritt,Where Corn Don't Grow,RVTR829741,1,SAFE TITLE NOISE,Existing simulation selected one canonical candidate (RVTR829741); deterministic filename/tag noise.,true
"/Users/bobhopp/DJ MEDIA/VIDEO/1960's/The Archies (Ron Dante) - Sugar, Sugar.mp4",The Archies (Ron Dante),"Sugar, Sugar",RVTR087077,1,SAFE TITLE NOISE,Existing simulation selected one canonical candidate (RVTR087077); deterministic filename/tag noise.,true
"/Users/bobhopp/DJ MEDIA/VIDEO/1980's/Randy Travis - Forever And Ever, Amen.mp4",Randy Travis,"Forever And Ever, Amen",RVTR540781,1,SAFE TITLE NOISE,Existing simulation selected one canonical candidate (RVTR540781); deterministic filename/tag noise.,true
/Users/bobhopp/DJ MEDIA/VIDEO/COUNTRY/FILL/Clay Walker - I'd Love to be Your Last.mp4,Clay Walker,I'd Love to be Your Last,RVTR013190,1,SAFE TITLE NOISE,Existing simulation selected one canonical candidate (RVTR013190); deterministic filename/tag noise.,true
/Users/bobhopp/DJ MEDIA/VIDEO/1980's/Bobby McFerrin - Don't Worry Be Happy.mp4,Bobby McFerrin,Don't Worry Be Happy,RVTR373085,1,SAFE TITLE NOISE,Existing simulation selected one canonical candidate (RVTR373085); deterministic filename/tag noise.,true
/Users/bobhopp/DJ MEDIA/VIDEO/1990's/Phish - Sneakin' Sally Thru The Alley.mp4,Phish,Sneakin' Sally Thru The Alley,RVTR984915,1,SAFE TITLE NOISE,Existing simulation selected one canonical candidate (RVTR984915); deterministic filename/tag noise.,true
/Users/bobhopp/DJ MEDIA/VIDEO/2000's/The Saturdays - Just Can't Get Enough.mp4,The Saturdays,Just Can't Get Enough,RVTR359451,1,SAFE TITLE NOISE,Existing simulation selected one canonical candidate (RVTR359451); deterministic filename/tag noise.,true
"/Volumes/DJ  MAIN/DJ MEDIA/VIDEO/2020's/51-Miss You, The Happiest Days of Our Lives, Another Brick in The Wall - Stones + Pink Floyd (cover).mp4",MilkNBones,"Miss You, The Happiest Days of Our Lives, Another Brick in The Wall",RVTR245781,1,SAFE TITLE NOISE,Existing simulation selected one canonical candidate (RVTR245781); deterministic filename/tag noise.,true
/Users/bobhopp/DJ MEDIA/VIDEO/TECHNO/Janet Jackson - Doesn't Really Matter.mp4,Janet Jackson,Doesn't Really Matter,RVTR653126,1,SAFE TITLE NOISE,Existing simulation selected one canonical candidate (RVTR653126); deterministic filename/tag noise.,true
/Users/bobhopp/DJ MEDIA/VIDEO/1980's/The Undertones - It's Going to Happen!.mp4,The Undertones,It's Going to Happen!,RVTR785581,1,SAFE TITLE NOISE,Existing simulation selected one canonical candidate (RVTR785581); deterministic filename/tag noise.,true
/Users/bobhopp/DJ MEDIA/VIDEO/1970's/Grand Funk Railroad - I'm Your Captain.mp4,Grand Funk Railroad,I'm Your Captain,RVTR553961,1,SAFE TITLE NOISE,Existing simulation selected one canonical candidate (RVTR553961); deterministic filename/tag noise.,true
/Users/bobhopp/DJ MEDIA/VIDEO/1960's/Steve Winwood - Can't Find My Way Home.mp4,Steve Winwood,Can't Find My Way Home,RVTR981237,1,SAFE TITLE NOISE,Existing simulation selected one canonical candidate (RVTR981237); deterministic filename/tag noise.,true
/Users/bobhopp/DJ MEDIA/VIDEO/TECHNO/Johnny Cash - God's Gonna Cut You Down.mp4,Johnny Cash,God's Gonna Cut You Down,RVTR212554,1,SAFE TITLE NOISE,Existing simulation selected one canonical candidate (RVTR212554); deterministic filename/tag noise.,true
/Users/bobhopp/DJ MEDIA/VIDEO/1980's/John Anderson and Colt Ford - Swingin'.mp4,John Anderson and Colt Ford,Swingin',RVTR301526,1,SAFE TITLE NOISE,Existing simulation selected one canonical candidate (RVTR301526); deterministic filename/tag noise.,true
/Users/bobhopp/DJ MEDIA/VIDEO/TECHNO/Angels & Airwaves - Everything's Magic.mp4,Angels & Airwaves,Everything's Magic,RVTR855443,1,SAFE TITLE NOISE,Existing simulation selected one canonical candidate (RVTR855443); deterministic filename/tag noise.,true
/Users/bobhopp/DJ MEDIA/VIDEO/1970's/B.T. Express ‎ - Do It (Til You're Satisfied).mp4,B.T. Express ‎,Do It (Til You're Satisfied),RVTR299102,1,SAFE TITLE NOISE,Existing simulation selected one canonical candidate (RVTR299102); deterministic filename/tag noise.,true
/Users/bobhopp/DJ MEDIA/VIDEO/1990's/James Brown - Papa's Got A Brand New Bag.mp4,James Brown,Papa's Got A Brand New Bag,RVTR184474,1,SAFE TITLE NOISE,Existing simulation selected one canonical candidate (RVTR184474); deterministic filename/tag noise.,true
/Users/bobhopp/DJ MEDIA/VIDEO/2010's/Nina Nesbitt - The Moments I'm Missing.mp4,Nina Nesbitt,The Moments I'm Missing,RVTR697499,1,SAFE TITLE NOISE,Existing simulation selected one canonical candidate (RVTR697499); deterministic filename/tag noise.,true
/Users/bobhopp/DJ MEDIA/VIDEO/1980's/Alan Jackson - You'll Always Be My Baby.mp4,Alan Jackson,You'll Always Be My Baby,RVTR064363,1,SAFE TITLE NOISE,Existing simulation selected one canonical candidate (RVTR064363); deterministic filename/tag noise.,true
/Users/bobhopp/DJ MEDIA/VIDEO/1970's/The Jacksons - Even Though You're Gone.mp4,The Jacksons,Even Though You're Gone,RVTR386561,1,SAFE TITLE NOISE,Existing simulation selected one canonical candidate (RVTR386561); deterministic filename/tag noise.,true
/Users/bobhopp/DJ MEDIA/VIDEO/1990's/Stevie Nicks - Edge of Seventeen (Live).mp4,Stevie Nicks,Edge of Seventeen (Live),RVTR721592,1,SAFE TITLE NOISE,Existing simulation selected one canonical candidate (RVTR721592); deterministic filename/tag noise.,true
/Users/bobhopp/DJ MEDIA/VIDEO/1970's/Jimmy Page - Since I've Been Loving You.mp4,Jimmy Page,Since I've Been Loving You,RVTR377182,1,SAFE TITLE NOISE,Existing simulation selected one canonical candidate (RVTR377182); deterministic filename/tag noise.,true
/Users/bobhopp/DJ MEDIA/VIDEO/1960's/Slim Gaillard & His Trio - Dunkin' Bagel.mp4,Slim Gaillard & His Trio,Dunkin' Bagel,RVTR951959,1,SAFE TITLE NOISE,Existing simulation selected one canonical candidate (RVTR951959); deterministic filename/tag noise.,true
/Users/bobhopp/DJ MEDIA/VIDEO/1970's/The Guess Who - Takin' Care Of Business.mp4,The Guess Who, Takin' Care Of Business,RVTR110908,1,SAFE TITLE NOISE,Existing simulation selected one canonical candidate (RVTR110908); deterministic filename/tag noise.,true
/Users/bobhopp/DJ MEDIA/VIDEO/1970's/Bob Marley & The Wailers - Exodus (Live).mp4,Bob Marley,Exodus (Live),RVTR362144,1,SAFE TITLE NOISE,Existing simulation selected one canonical candidate (RVTR362144); deterministic filename/tag noise.,true
/Users/bobhopp/DJ MEDIA/VIDEO/2000's/Pink Floyd - Wish You Were Here (Pulse).mp4,Pink Floyd,Wish You Were Here (Pulse),RVTR730742,1,SAFE TITLE NOISE,Existing simulation selected one canonical candidate (RVTR730742); deterministic filename/tag noise.,true
/Users/bobhopp/DJ MEDIA/VIDEO/1980's/Nena - 99 Luftballoons (German version).mp4,Nena,99 Luftballoons (German version),RVTR653685,1,SAFE TITLE NOISE,Existing simulation selected one canonical candidate (RVTR653685); deterministic filename/tag noise.,true
/Users/bobhopp/DJ MEDIA/VIDEO/1980's/Culture Club - Time (Clock Of The Heart).mp4,Culture Club,Time (Clock Of The Heart),RVTR906757,1,SAFE TITLE NOISE,Existing simulation selected one canonical candidate (RVTR906757); deterministic filename/tag noise.,true
/Users/bobhopp/DJ MEDIA/VIDEO/1970's/Alive and Kicking - Tighter and Tighter.mp4,Alive and Kicking,Tighter and Tighter.,RVTR781768,1,SAFE TITLE NOISE,Existing simulation selected one canonical candidate (RVTR781768); deterministic filename/tag noise.,true
/Users/bobhopp/DJ MEDIA/VIDEO/1990's/Chemical Brothers - Block Rockin' Beats.mp4,Chemical Brothers,Block Rockin' Beats,RVTR978570,1,SAFE TITLE NOISE,Existing simulation selected one canonical candidate (RVTR978570); deterministic filename/tag noise.,true
"/Users/bobhopp/DJ MEDIA/VIDEO/1970's/Warren Zevon - Lawyers, Guns and Money.mp4",Warren Zevon,"Lawyers, Guns and Money",RVTR589122,1,SAFE TITLE NOISE,Existing simulation selected one canonical candidate (RVTR589122); deterministic filename/tag noise.,true
"/Users/bobhopp/DJ MEDIA/VIDEO/COUNTRY/FILL/George Jackson - Aretha, Sing One For Me.MP4",George Jackson,"Aretha, Sing One For Me",RVTR203461,1,SAFE TITLE NOISE,Existing simulation selected one canonical candidate (RVTR203461); deterministic filename/tag noise.,true
/Users/bobhopp/DJ MEDIA/VIDEO/2010's/J. Cole f._Trey Songz - Can't Get Enough.mp4,J. Cole f./Trey Songz,Can't Get Enough,RVTR441211,1,SAFE TITLE NOISE,Existing simulation selected one canonical candidate (RVTR441211); deterministic filename/tag noise.,true
/Users/bobhopp/DJ MEDIA/VIDEO/1990's/Alice In Chains - Down In A Hole (MTV 1996).mp4,Alice In Chains,Down In A Hole (MTV 1996),RVTR209687,1,SAFE TITLE NOISE,Existing simulation selected one canonical candidate (RVTR209687); deterministic filename/tag noise.,true
/Users/bobhopp/DJ MEDIA/VIDEO/1990's/Captain Hollywood Project - More & More.mp4,Captain Hollywood Project,More & More,RVTR067584,1,SAFE TITLE NOISE,Existing simulation selected one canonical candidate (RVTR992691); deterministic filename/tag noise.,true
/Users/bobhopp/DJ MEDIA/VIDEO/1970's/The Temptations - Can't Get Next To You.mp4,The Temptations,Can't Get Next To You,RVTR974030,1,SAFE TITLE NOISE,Existing simulation selected one canonical candidate (RVTR974030); deterministic filename/tag noise.,true
"/Users/bobhopp/DJ MEDIA/VIDEO/TECHNO/Mancini, Henri - Pink Panther Theme, The.mp4","Mancini, Henri","Pink Panther Theme, The",RVTR980313,1,SAFE TITLE NOISE,Existing simulation selected one canonical candidate (RVTR980313); deterministic filename/tag noise.,true
/Users/bobhopp/DJ MEDIA/VIDEO/2000's/Santana F.Alex Band - Why Don't You And I.mp4,Santana F.Alex Band,Why Don't You And I,RVTR518944,1,SAFE TITLE NOISE,Existing simulation selected one canonical candidate (RVTR518944); deterministic filename/tag noise.,true
/Users/bobhopp/DJ MEDIA/VIDEO/TECHNO/Run DMC vs Jason Nevins - It's Like That.mp4,Run DMC vs Jason Nevins,It's Like That,RVTR808116,1,SAFE TITLE NOISE,Existing simulation selected one canonical candidate (RVTR808116); deterministic filename/tag noise.,true
/Users/bobhopp/DJ MEDIA/VIDEO/1980's/AC_DC - Shoot To Thrill (Live Iron Man 2).mp4,AC/DC,Shoot To Thrill [Live Iron Man 2],RVTR958326,1,SAFE TITLE NOISE,Existing simulation selected one canonical candidate (RVTR958326); deterministic filename/tag noise.,true
/Users/bobhopp/DJ MEDIA/VIDEO/COUNTRY/FILL/Alan Jackson - Chasin' That Neon Rainbow.mp4,Alan Jackson,Chasin' That Neon Rainbow,RVTR638337,1,SAFE TITLE NOISE,Existing simulation selected one canonical candidate (RVTR638337); deterministic filename/tag noise.,true
/Users/bobhopp/DJ MEDIA/VIDEO/TECHNO/Vhs Or Beta - Can't Believe A Single Word.mp4,Vhs Or Beta,Can't Believe A Single Word,RVTR771475,1,SAFE TITLE NOISE,Existing simulation selected one canonical candidate (RVTR771475); deterministic filename/tag noise.,true
/Users/bobhopp/DJ MEDIA/VIDEO/1990's/Lauryn Hill - Ex-Factor (Live - With Rap).MP4,Lauryn Hill - Ex-Factor (Live,With Rap),RVTR336926,1,SAFE TITLE NOISE,Existing simulation selected one canonical candidate (RVTR336926); deterministic filename/tag noise.,true
/Users/bobhopp/DJ MEDIA/VIDEO/2020's/Thee Sacred Souls - Can I Call You Rose_.mp4,Thee Sacred Souls,Can I Call You Rose?,RVTR079633,1,SAFE TITLE NOISE,Existing simulation selected one canonical candidate (RVTR079633); deterministic filename/tag noise.,true
/Users/bobhopp/DJ MEDIA/VIDEO/1990's/Brothers Osborne - I'm Not For Everyone.mp4,Brothers Osborne,I'm Not For Everyone,RVTR988261,1,SAFE TITLE NOISE,Existing simulation selected one canonical candidate (RVTR988261); deterministic filename/tag noise.,true
/Users/bobhopp/DJ MEDIA/VIDEO/2010's/Big Sean feat. E-40 - I Don't Fuck With You.mp4,Big Sean Ft. E-40,I Don't Fuck With You,RVTR516558,1,SAFE TITLE NOISE,Existing simulation selected one canonical candidate (RVTR516558); deterministic filename/tag noise.,true
/Users/bobhopp/DJ MEDIA/VIDEO/1970's/Michael Jackson - I'll Be There (Acapella).mp4,Michael Jackson,I'll Be There (Acapella),RVTR579292,1,SAFE TITLE NOISE,Existing simulation selected one canonical candidate (RVTR579292); deterministic filename/tag noise.,true
"/Users/bobhopp/DJ MEDIA/VIDEO/2000's/Dan Auerbach - Heartbroken, In Disrepair.mp4",Dan Auerbach,"Heartbroken, In Disrepair",RVTR410891,1,SAFE TITLE NOISE,Existing simulation selected one canonical candidate (RVTR410891); deterministic filename/tag noise.,true
/Users/bobhopp/DJ MEDIA/VIDEO/2020's/Paramore - Burning Down The House (Live).mp4,Paramore,Burning Down The House (Live),RVTR896402,1,SAFE TITLE NOISE,Existing simulation selected one canonical candidate (RVTR896402); deterministic filename/tag noise.,true
/Users/bobhopp/DJ MEDIA/VIDEO/2000's/Donavon Frankenreiter - It Don't Matter.mp4,Donavon Frankenreiter,It Don't Matter,RVTR175886,1,SAFE TITLE NOISE,Existing simulation selected one canonical candidate (RVTR175886); deterministic filename/tag noise.,true
/Users/bobhopp/DJ MEDIA/VIDEO/1950's/The Hullabaloos - I'm Gonna Love You Too.mp4,The Hullabaloos,I'm Gonna Love You Too,RVTR778315,1,SAFE TITLE NOISE,Existing simulation selected one canonical candidate (RVTR778315); deterministic filename/tag noise.,true
/Users/bobhopp/DJ MEDIA/VIDEO/1970's/Lionel Richie - Easy (2000) (Live Extended).mp4,Lionel Richie,Easy (Live Extended)(2000),RVTR092672,1,SAFE TITLE NOISE,Existing simulation selected one canonical candidate (RVTR092672); deterministic filename/tag noise.,true
/Users/bobhopp/DJ MEDIA/VIDEO/TECHNO/Village People - 5 O'clock In The Morning.mp4,Village People,5 O'clock In The Morning,RVTR098827,1,SAFE TITLE NOISE,Existing simulation selected one canonical candidate (RVTR098827); deterministic filename/tag noise.,true
/Users/bobhopp/DJ MEDIA/VIDEO/1950's/Cab Calloway - St. James Infirmary Blues.mp4,Cab Calloway,St. James Infirmary Blues,RVTR160225,1,SAFE TITLE NOISE,Existing simulation selected one canonical candidate (RVTR160225); deterministic filename/tag noise.,true
/Users/bobhopp/DJ MEDIA/VIDEO/1970's/Five Stairsteps - Ooh Child (Soul Train).mp4,Five Stairsteps,Ooh Child (Soul Train),RVTR852418,1,SAFE TITLE NOISE,Existing simulation selected one canonical candidate (RVTR852418); deterministic filename/tag noise.,true
/Users/bobhopp/DJ MEDIA/VIDEO/TECHNO/Puff Daddy - It's All About The Benjamins.mp4,Puff Daddy,It's All About The Benjamins,RVTR758682,1,SAFE TITLE NOISE,Existing simulation selected one canonical candidate (RVTR758682); deterministic filename/tag noise.,true
/Users/bobhopp/DJ MEDIA/VIDEO/1990's/The Cure - Boys Don t Cry (MTV Unplugged).mp4,The Cure,Boys Don t Cry (MTV Unplugged),RVTR314375,1,SAFE TITLE NOISE,Existing simulation selected one canonical candidate (RVTR314375); deterministic filename/tag noise.,true
/Users/bobhopp/DJ MEDIA/VIDEO/1970's/Steve Miller Band - Rockin Me  (1997) (Live).mp4,Steve Miller Band,Rockin Me (Live) (1997),RVTR641128,1,SAFE TITLE NOISE,Existing simulation selected one canonical candidate (RVTR641128); deterministic filename/tag noise.,true
/Users/bobhopp/DJ MEDIA/VIDEO/1970's/Outlaws - Green Grass And High Tides(2007).mp4,Outlaws,Green Grass And High Tides(2007),RVTR245483,1,SAFE TITLE NOISE,Existing simulation selected one canonical candidate (RVTR245483); deterministic filename/tag noise.,true
"/Users/bobhopp/DJ MEDIA/VIDEO/COUNTRY/FILL/Kenny Wayne Shepherd - Last Goodbye, The.mp4",Kenny Wayne Shepherd,"Last Goodbye, The",RVTR469911,1,SAFE TITLE NOISE,Existing simulation selected one canonical candidate (RVTR469911); deterministic filename/tag noise.,true
/Users/bobhopp/DJ MEDIA/VIDEO/1980's/Human League - Fascination (Keep Feeling).mp4,Human League,(Keep Feeling) Fascination,RVTR820645,1,SAFE TITLE NOISE,Existing simulation selected one canonical candidate (RVTR820645); deterministic filename/tag noise.,true
/Users/bobhopp/DJ MEDIA/VIDEO/TECHNO/Mariah Carey - Bringin' On The Heartbreak.mp4,Mariah Carey,Bringin' On The Heartbreak,RVTR414000,1,SAFE TITLE NOISE,Existing simulation selected one canonical candidate (RVTR414000); deterministic filename/tag noise.,true
/Users/bobhopp/DJ MEDIA/VIDEO/1980's/Conway Twitty - I'd Love to Lay You Down.mp4,Conway Twitty,I'd Love to Lay You Down,RVTR140055,1,SAFE TITLE NOISE,Existing simulation selected one canonical candidate (RVTR140055); deterministic filename/tag noise.,true
/Users/bobhopp/DJ MEDIA/VIDEO/2010's/Cobra Starship f._Sabi - You Make Me Feel.mp4,Cobra Starship f./Sabi,You Make Me Feel...,RVTR497437,1,SAFE TITLE NOISE,Existing simulation selected one canonical candidate (RVTR497437); deterministic filename/tag noise.,true
/Users/bobhopp/DJ MEDIA/VIDEO/1990's/Chaka Demus & Pliers - I'll Be Missing You.mp4,Chaka Demus & Pliers,I'll Be Missing You,RVTR592603,1,SAFE TITLE NOISE,Existing simulation selected one canonical candidate (RVTR592603); deterministic filename/tag noise.,true
/Users/bobhopp/DJ MEDIA/VIDEO/1960's/Dean Martin - Ain't That A Kick In The Head.mp4,Dean Martin,Ain't That A Kick In The Head,RVTR869554,1,SAFE TITLE NOISE,Existing simulation selected one canonical candidate (RVTR869554); deterministic filename/tag noise.,true
/Users/bobhopp/DJ MEDIA/VIDEO/COUNTRY/FILL/Waylon Jennings - I've Always Been Crazy.mp4,Waylon Jennings,I've Always Been Crazy,RVTR596382,1,SAFE TITLE NOISE,Existing simulation selected one canonical candidate (RVTR596382); deterministic filename/tag noise.,true
/Users/bobhopp/DJ MEDIA/VIDEO/1950's/Glenn Miller - I've Got a Gal in Kalamazoo.mp4,Glenn Miller,I've Got a Gal in Kalamazoo,RVTR154336,1,SAFE TITLE NOISE,Existing simulation selected one canonical candidate (RVTR154336); deterministic filename/tag noise.,true
/Users/bobhopp/DJ MEDIA/VIDEO/1980's/Jon and Vangelis - The Fiends Of Mr. Cairo.mp4,Jon and Vangelis,The Fiends Of Mr. Cairo,RVTR027428,1,SAFE TITLE NOISE,Existing simulation selected one canonical candidate (RVTR027428); deterministic filename/tag noise.,true
/Users/bobhopp/DJ MEDIA/VIDEO/1960's/The Beatles - You're Gonna Lose That Girl.mp4,The Beatles,You're Gonna Lose That Girl,RVTR248827,1,SAFE TITLE NOISE,Existing simulation selected one canonical candidate (RVTR248827); deterministic filename/tag noise.,true
/Users/bobhopp/DJ MEDIA/VIDEO/2010's/Brenda Lee - Rockin' Around The Christmas.mp4,Brenda Lee,Rockin' Around The Christmas,RVTR844613,1,SAFE TITLE NOISE,Existing simulation selected one canonical candidate (RVTR844613); deterministic filename/tag noise.,true
"/Users/bobhopp/DJ MEDIA/VIDEO/2000's/Korn - Another Brick in the Wall, Pt. 1, 2, 3.mp4",Korn,"Another Brick in the Wall, Pt. 1, 2, 3",RVTR961417,1,SAFE TITLE NOISE,Existing simulation selected one canonical candidate (RVTR961417); deterministic filename/tag noise.,true
/Users/bobhopp/DJ MEDIA/VIDEO/1970's/Steely Dan Rikki - Don't Lose That Number.mp4,Steely Dan Rikki,Don't Lose That Number,RVTR565900,1,SAFE TITLE NOISE,Existing simulation selected one canonical candidate (RVTR565900); deterministic filename/tag noise.,true
"/Users/bobhopp/DJ MEDIA/VIDEO/1980's/Andrea True Connection - More, More, More.mp4",Andrea True Connection,"More, More, More",RVTR898892,1,SAFE TITLE NOISE,Existing simulation selected one canonical candidate (RVTR898892); deterministic filename/tag noise.,true
/Users/bobhopp/DJ MEDIA/VIDEO/1990's/Cypress Hill - I Ain't Goin' Out Like That.mp4,Cypress Hill,I Ain't Goin' Out Like That,RVTR866443,1,SAFE TITLE NOISE,Existing simulation selected one canonical candidate (RVTR866443); deterministic filename/tag noise.,true
/Users/bobhopp/DJ MEDIA/VIDEO/1950's/Glenn Miller - Chattanooga Choo Choo (1941).mp4,Glenn Miller,Chattanooga Choo Choo  (1941),RVTR759715,1,SAFE TITLE NOISE,Existing simulation selected one canonical candidate (RVTR759715); deterministic filename/tag noise.,true
/Users/bobhopp/DJ MEDIA/VIDEO/1970's/Rupert Holmes - Escape (The Piña Colada Song).mp4,Rupert Holmes,Escape (The Piña Colada Song),RVTR149524,1,SAFE TITLE NOISE,Existing simulation selected one canonical candidate (RVTR149524); deterministic filename/tag noise.,true
/Users/bobhopp/DJ MEDIA/VIDEO/1970's/Bob Marley & The Wailers - Exodus (Lyrics).mp4,Bob Marley,Exodus (Lyrics),RVTR362144,1,SAFE TITLE NOISE,Existing simulation selected one canonical candidate (RVTR362144); deterministic filename/tag noise.,true
/Users/bobhopp/DJ MEDIA/VIDEO/1960's/Roy Orbison - Pretty Woman   (1987) (Extended).mp4,Roy Orbison,Pretty Woman (Extended)  (1987),RVTR870712,1,SAFE TITLE NOISE,Existing simulation selected one canonical candidate (RVTR870712); deterministic filename/tag noise.,true
/Users/bobhopp/DJ MEDIA/VIDEO/1960's/Roy Orbison - Pretty Woman   (1987) (Edited).mp4,Roy Orbison,Pretty Woman (Edited)  (1987),RVTR870712,1,SAFE TITLE NOISE,Existing simulation selected one canonical candidate (RVTR870712); deterministic filename/tag noise.,true
/Users/bobhopp/DJ MEDIA/VIDEO/TECHNO/Smash Mouth - Can't Get Enough Of You Baby.mp4,Smash Mouth,Can't Get Enough Of You Baby,RVTR019934,1,SAFE TITLE NOISE,Existing simulation selected one canonical candidate (RVTR019934); deterministic filename/tag noise.,true
/Users/bobhopp/DJ MEDIA/VIDEO/1960's/Alice's Restaurant Massacre Illustrated.mp4,Arlo Guthrie,Alice's Restaurant,RVTR497447,1,SAFE TITLE NOISE,Existing simulation selected one canonical candidate (RVTR497447); deterministic filename/tag noise.,true
/Users/bobhopp/DJ MEDIA/VIDEO/2000's/Jagged Edge F.&Nelly - Where's The Party At.mp4,Jagged Edge F.&Nelly,Where's The Party At,RVTR638461,1,SAFE TITLE NOISE,Existing simulation selected one canonical candidate (RVTR638461); deterministic filename/tag noise.,true
/Users/bobhopp/DJ MEDIA/VIDEO/2020's/Lawrence - I'm Confident That I'm Insecure.mp4,Lawrence,I'm Confident That I'm Insecure,RVTR301963,1,SAFE TITLE NOISE,Existing simulation selected one canonical candidate (RVTR301963); deterministic filename/tag noise.,true
/Users/bobhopp/DJ MEDIA/VIDEO/2010's/Usher F.Pitbull - Dj Got Us Fallin In Love.mp4,Usher f./Pitbull,DJ Got Us Fallin' In Love,RVTR529394,1,SAFE TITLE NOISE,Existing simulation selected one canonical candidate (RVTR529394); deterministic filename/tag noise.,true
/Users/bobhopp/DJ MEDIA/VIDEO/1970's/Fleetwood Mac - Silver Springs (The Dance).mp4,Fleetwood Mac,Silver Springs (The Dance),RVTR155753,1,SAFE TITLE NOISE,Existing simulation selected one canonical candidate (RVTR155753); deterministic filename/tag noise.,true
/Users/bobhopp/DJ MEDIA/VIDEO/1980's/Tom Petty - Don't Come Around Here No More.mp4,Tom Petty,Don't Come Around Here No More,RVTR820159,1,SAFE TITLE NOISE,Existing simulation selected one canonical candidate (RVTR820159); deterministic filename/tag noise.,true
/Users/bobhopp/DJ MEDIA/VIDEO/2020's/Teddy Swims - I Don't Wanna Be You Anymore.mp4,Teddy Swims,I Don't Wanna Be You Anymore,RVTR192746,1,SAFE TITLE NOISE,Existing simulation selected one canonical candidate (RVTR192746); deterministic filename/tag noise.,true
"/Users/bobhopp/DJ MEDIA/VIDEO/TECHNO/Miguel Brown - So Many Men, So Little Time.mp4",Miguel Brown,"So Many Men, So Little Time",RVTR526354,1,SAFE TITLE NOISE,Existing simulation selected one canonical candidate (RVTR526354); deterministic filename/tag noise.,true
/Users/bobhopp/DJ MEDIA/VIDEO/1990's/Lauryn Hill - Can't Take My Eyes Off Of You.mp4,Lauryn Hill,Can't Take My Eyes Off Of You,RVTR248366,1,SAFE TITLE NOISE,Existing simulation selected one canonical candidate (RVTR248366); deterministic filename/tag noise.,true
/Users/bobhopp/DJ MEDIA/VIDEO/1990's/Smash Mouth - Walkin' On The Sun.mp4,Smash Mouth,Walkin' On The Sun,RVTR153215,1,SAFE TITLE NOISE,Existing simulation selected one canonical candidate (RVTR153215); deterministic filename/tag noise.,true
/Users/bobhopp/DJ MEDIA/VIDEO/2010's/Jennifer Lopez f._Lil Wayne - I'm Into You.mp4,Jennifer Lopez f./Lil Wayne,I'm Into You,RVTR425770,1,SAFE TITLE NOISE,Existing simulation selected one canonical candidate (RVTR425770); deterministic filename/tag noise.,true
/Users/bobhopp/DJ MEDIA/VIDEO/1980's/Information Society - What's On Your Mind.mp4,Information Society,What's On Your Mind,RVTR486722,1,SAFE TITLE NOISE,Existing simulation selected one canonical candidate (RVTR486722); deterministic filename/tag noise.,true
/Users/bobhopp/DJ MEDIA/VIDEO/2000's/Scissor Sisters - I Don't Feel Like Dancin'.mp4,Scissor Sisters,I Don't Feel Like Dancin',RVTR414071,1,SAFE TITLE NOISE,Existing simulation selected one canonical candidate (RVTR414071); deterministic filename/tag noise.,true
/Users/bobhopp/DJ MEDIA/VIDEO/2010's/Tinie Tempah f._Wiz Khalifa - Till I'm Gone.mp4,Tinie Tempah f./Wiz Khalifa,Till I'm Gone,RVTR804593,1,SAFE TITLE NOISE,Existing simulation selected one canonical candidate (RVTR804593); deterministic filename/tag noise.,true
/Users/bobhopp/DJ MEDIA/VIDEO/1980's/Daryl Hall & John Oates - I Can't Go For That.mp4,Daryl Hall & John Oates,I Can't Go For That,RVTR369816,1,SAFE TITLE NOISE,Existing simulation selected one canonical candidate (RVTR369816); deterministic filename/tag noise.,true
"/Users/bobhopp/DJ MEDIA/VIDEO/1960's/Marty Robbins - Green, Green, Grass of Home.mp4",Marty Robbins,"Green, Green, Grass of Home",RVTR891818,1,SAFE TITLE NOISE,Existing simulation selected one canonical candidate (RVTR891818); deterministic filename/tag noise.,true
"/Users/bobhopp/DJ MEDIA/VIDEO/1970's/Bill Withers - Lonely Town, Lonely Street.mp4",Bill Withers,"Lonely Town, Lonely Street",RVTR195622,1,SAFE TITLE NOISE,Existing simulation selected one canonical candidate (RVTR195622); deterministic filename/tag noise.,true
/Users/bobhopp/DJ MEDIA/VIDEO/1970's/Rory Gallagher - Don't Know Where I'm Going.mp4,Rory Gallagher,Don't Know Where I'm Going,RVTR703767,1,SAFE TITLE NOISE,Existing simulation selected one canonical candidate (RVTR703767); deterministic filename/tag noise.,true
"/Users/bobhopp/DJ MEDIA/VIDEO/1980's/The Kentucky Headhunters - Oh, Lonesome Me.mp4",The Kentucky Headhunters,"Oh, Lonesome Me",RVTR781505,1,SAFE TITLE NOISE,Existing simulation selected one canonical candidate (RVTR781505); deterministic filename/tag noise.,true
/Users/bobhopp/DJ MEDIA/VIDEO/TECHNO/The Chemical Brothers - Block Rockin' Beats.mp4,The Chemical Brothers,Block Rockin' Beats,RVTR978570,1,SAFE TITLE NOISE,Existing simulation selected one canonical candidate (RVTR978570); deterministic filename/tag noise.,true
/Users/bobhopp/DJ MEDIA/VIDEO/1970's/Lou Reed - Perfect Day(1996) (Trainspotting).mp4,Lou Reed,Perfect Day(1996) (Trainspotting),RVTR404394,1,SAFE TITLE NOISE,Existing simulation selected one canonical candidate (RVTR404394); deterministic filename/tag noise.,true
/Users/bobhopp/DJ MEDIA/VIDEO/1970's/Grand Funk Railroad - We're An American Band.mp4,Grand Funk Railroad,We're An American Band,RVTR471037,1,SAFE TITLE NOISE,Existing simulation selected one canonical candidate (RVTR471037); deterministic filename/tag noise.,true
"/Users/bobhopp/DJ MEDIA/VIDEO/1970's/Melanie - What Have They Done To My Song, Ma.mp4",Melanie,"What Have They Done To My Song, Ma",RVTR581422,1,SAFE TITLE NOISE,Existing simulation selected one canonical candidate (RVTR581422); deterministic filename/tag noise.,true
/Users/bobhopp/DJ MEDIA/VIDEO/2010's/Birdman f._Nicki Minaj & Lil Wayne - Y.U. Mad.mp4,Birdman f./Nicki Minaj & Lil Wayne,Y.U. Mad,RVTR953252,1,SAFE TITLE NOISE,Existing simulation selected one canonical candidate (RVTR953252); deterministic filename/tag noise.,true
/Users/bobhopp/DJ MEDIA/VIDEO/2010's/David Guetta f._Rihanna - Who's That Chick_.mp4,David Guetta f./Rihanna,Who's That Chick?,RVTR983624,1,SAFE TITLE NOISE,Existing simulation selected one canonical candidate (RVTR983624); deterministic filename/tag noise.,true
/Users/bobhopp/DJ MEDIA/VIDEO/1970's/Rolling Stones - Can't You Hear Me Knocking.MP4,Rolling Stones,Can't You Hear Me Knocking,RVTR456479,1,SAFE TITLE NOISE,Existing simulation selected one canonical candidate (RVTR456479); deterministic filename/tag noise.,true
/Users/bobhopp/DJ MEDIA/VIDEO/2010's/Madonna feat. Nicki Minaj - Bitch I M Madonna.mp4,Madonna,Bitch I M Madonna Ft. Nicki Minaj,RVTR292776,1,SAFE TITLE NOISE,Existing simulation selected one canonical candidate (RVTR292776); deterministic filename/tag noise.,true
"/Users/bobhopp/DJ MEDIA/VIDEO/TECHNO/Offspring, The - Kristy, Are You Doing Okay.mp4","Offspring, The","Kristy, Are You Doing Okay",RVTR637118,1,SAFE TITLE NOISE,Existing simulation selected one canonical candidate (RVTR637118); deterministic filename/tag noise.,true
/Users/bobhopp/DJ MEDIA/VIDEO/2010's/Haley Reinhart - Don't Know How To Love You.mp4,Haley Reinhart,Don't Know How To Love You,RVTR755329,1,SAFE TITLE NOISE,Existing simulation selected one canonical candidate (RVTR755329); deterministic filename/tag noise.,true
/Users/bobhopp/DJ MEDIA/VIDEO/1980's/Bonnie Tyler - Have You Ever Seen the Rain_.mp4,Bonnie Tyler,Have You Ever Seen the Rain?,RVTR794771,1,SAFE TITLE NOISE,Existing simulation selected one canonical candidate (RVTR794771); deterministic filename/tag noise.,true
/Users/bobhopp/DJ MEDIA/VIDEO/TECHNO/Jason Castro - Let's Just Fall In Love Again.mp4,Jason Castro,Let's Just Fall In Love Again,RVTR154079,1,SAFE TITLE NOISE,Existing simulation selected one canonical candidate (RVTR154079); deterministic filename/tag noise.,true
"/Users/bobhopp/DJ MEDIA/VIDEO/1990's/Urge Overkill - Girl, You'll Be A Woman Soon.mp4",Urge Overkill,"Girl, You'll Be A Woman Soon",RVTR800509,1,SAFE TITLE NOISE,Existing simulation selected one canonical candidate (RVTR800509); deterministic filename/tag noise.,true
/Users/bobhopp/DJ MEDIA/VIDEO/COUNTRY/FILL/Clay Walker - Catching Up With An Ol' Memory.mp4,Clay Walker,Catching Up With An Ol' Memory,RVTR136111,1,SAFE TITLE NOISE,Existing simulation selected one canonical candidate (RVTR136111); deterministic filename/tag noise.,true
/Users/bobhopp/DJ MEDIA/VIDEO/2000's/Willie Nelson - Blue Eyes Cryin' In The Rain.mp4,Willie Nelson,Blue Eyes Cryin' In The Rain,RVTR301024,1,SAFE TITLE NOISE,Existing simulation selected one canonical candidate (RVTR301024); deterministic filename/tag noise.,true
/Users/bobhopp/DJ MEDIA/VIDEO/COUNTRY/FILL/Norah Jones feat. Dolly Parton - Creepin' in.mp4,Norah Jones feat Dolly Parton,Creepin' in,RVTR388625,1,SAFE TITLE NOISE,Existing simulation selected one canonical candidate (RVTR388625); deterministic filename/tag noise.,true
/Users/bobhopp/DJ MEDIA/VIDEO/2010's/T-Pain f._Wiz Khalifa & Lily Allen - 5 O'Clock.mp4,T-Pain f./Wiz Khalifa & Lily Allen,5 O'Clock,RVTR568043,1,SAFE TITLE NOISE,Existing simulation selected one canonical candidate (RVTR568043); deterministic filename/tag noise.,true
/Users/bobhopp/DJ MEDIA/VIDEO/1980's/Kings - This Beat Goes On_Switchin To Glide.mp4,Kings,This Beat Goes On:Switchin To Glide,RVTR501776,1,SAFE TITLE NOISE,Existing simulation selected one canonical candidate (RVTR501776); deterministic filename/tag noise.,true
/Users/bobhopp/DJ MEDIA/VIDEO/1980's/John Cougar Mellencamp - R.O.C.K. In The U.S.A.mp4,John Cougar Mellencamp,R.O.C.K. In The U.S.A,RVTR209573,1,SAFE TITLE NOISE,Existing simulation selected one canonical candidate (RVTR209573); deterministic filename/tag noise.,true
/Users/bobhopp/DJ MEDIA/VIDEO/2010's/Nathaniel Rateliff & The Night Sweats - S.O.B.mp4,Nathaniel Rateliff & The Night Sweats,S.O.B.,RVTR801828,1,SAFE TITLE NOISE,Existing simulation selected one canonical candidate (RVTR801828); deterministic filename/tag noise.,true
/Users/bobhopp/DJ MEDIA/VIDEO/1960's/The Beatles - You've Got Hide Your Love Away.mp4,The Beatles,You've Got Hide Your Love Away,RVTR111215,1,SAFE TITLE NOISE,Existing simulation selected one canonical candidate (RVTR111215); deterministic filename/tag noise.,true
/Users/bobhopp/DJ MEDIA/VIDEO/TECHNO/U2 - I'll Go Crazy If I Don't Go Crazy Tonight.mp4,U2,I'll Go Crazy If I Don't Go Crazy Tonight,RVTR164560,1,SAFE TITLE NOISE,Existing simulation selected one canonical candidate (RVTR164560); deterministic filename/tag noise.,true
/Users/bobhopp/DJ MEDIA/VIDEO/1990's/Trisha Yearwood - She's In Love With The Boy.mp4,Trisha Yearwood,She's In Love With The Boy,RVTR428109,1,SAFE TITLE NOISE,Existing simulation selected one canonical candidate (RVTR428109); deterministic filename/tag noise.,true
"/Users/bobhopp/DJ MEDIA/VIDEO/TECHNO/Sinclar, Bob f.Steve Edwards - World, Hold On.mp4","Sinclar, Bob f.Steve Edwards","World, Hold On",RVTR856674,1,SAFE TITLE NOISE,Existing simulation selected one canonical candidate (RVTR856674); deterministic filename/tag noise.,true
/Users/bobhopp/DJ MEDIA/VIDEO/2010's/We The Kings f._Demi Lovato - We'll Be A Dream.mp4,We The Kings f./Demi Lovato,We'll Be A Dream,RVTR673927,1,SAFE TITLE NOISE,Existing simulation selected one canonical candidate (RVTR673927); deterministic filename/tag noise.,true
/Users/bobhopp/DJ MEDIA/VIDEO/TECHNO/Martha Wash & Jocelyn Brown - Keep On Jumpin'.mp4,Martha Wash & Jocelyn Brown,Keep On Jumpin',RVTR960962,1,SAFE TITLE NOISE,Existing simulation selected one canonical candidate (RVTR960962); deterministic filename/tag noise.,true
/Users/bobhopp/DJ MEDIA/VIDEO/1970's/Boney M. - Hooray! Hooray! It s a Holi-Holiday.mp4,Boney M.,Hooray! Hooray! It s a Holi-Holiday,RVTR889230,1,SAFE TITLE NOISE,Existing simulation selected one canonical candidate (RVTR889230); deterministic filename/tag noise.,true
/Users/bobhopp/DJ MEDIA/VIDEO/1990's/The Beach Boys - That's Why God Made The Radio.mp4,The Beach Boys,That's Why God Made The Radio,RVTR661013,1,SAFE TITLE NOISE,Existing simulation selected one canonical candidate (RVTR661013); deterministic filename/tag noise.,true
/Users/bobhopp/DJ MEDIA/VIDEO/2000's/Snoop Dogg F.Pharrell - Drop It Like It's Hot.mp4,Snoop Dogg F.Pharrell,Drop It Like It's Hot,RVTR612712,1,SAFE TITLE NOISE,Existing simulation selected one canonical candidate (RVTR612712); deterministic filename/tag noise.,true
/Users/bobhopp/DJ MEDIA/VIDEO/1950's/Judy Garland And Gene Kelly - Ballin' The Jack.mp4,Judy Garland And Gene Kelly,Ballin' The Jack,RVTR993640,1,SAFE TITLE NOISE,Existing simulation selected one canonical candidate (RVTR993640); deterministic filename/tag noise.,true
/Users/bobhopp/DJ MEDIA/VIDEO/2020's/Danielle Bradbery - Stop Draggin' Your Boots.mp4,Danielle Bradbery,Stop Draggin' Your Boots,RVTR550115,1,SAFE TITLE NOISE,Existing simulation selected one canonical candidate (RVTR550115); deterministic filename/tag noise.,true
/Users/bobhopp/DJ MEDIA/VIDEO/1960's/Napoleon XIV - They're Coming To Take Me Away.mp4,Napoleon XIV,They're Coming To Take Me Away,RVTR690845,1,SAFE TITLE NOISE,Existing simulation selected one canonical candidate (RVTR690845); deterministic filename/tag noise.,true
"/Users/bobhopp/DJ MEDIA/VIDEO/1960's/The Castaways (Gilligan's Island) - Liar, Liar.mp4",The Castaways (Gilligan's Island),"Liar, Liar",RVTR979272,1,SAFE TITLE NOISE,Existing simulation selected one canonical candidate (RVTR979272); deterministic filename/tag noise.,true
/Users/bobhopp/DJ MEDIA/VIDEO/1960's/Sly & The Family Stone - Everyday People (1968).mp4,Sly & The Family Stone,Everyday People (1968),RVTR836442,1,SAFE TITLE NOISE,Existing simulation selected one canonical candidate (RVTR836442); deterministic filename/tag noise.,true
/Users/bobhopp/DJ MEDIA/VIDEO/2000's/Lumidee F.Tony Sunshine - She's Like The Wind.mp4,Lumidee F.Tony Sunshine,She's Like The Wind,RVTR402381,1,SAFE TITLE NOISE,Existing simulation selected one canonical candidate (RVTR402381); deterministic filename/tag noise.,true
"/Users/bobhopp/DJ MEDIA/VIDEO/TECHNO/Whitney Houston - It's Not Right, But It's OK.mp4",Whitney Houston,"It's Not Right, But It's OK",RVTR530689,1,SAFE TITLE NOISE,Existing simulation selected one canonical candidate (RVTR530689); deterministic filename/tag noise.,true
/Users/bobhopp/DJ MEDIA/VIDEO/1960's/Mississippi Fred McDowell - Shake 'Em On Down.mp4,Mississippi Fred McDowell,Shake 'Em On Down,RVTR061977,1,SAFE TITLE NOISE,Existing simulation selected one canonical candidate (RVTR061977); deterministic filename/tag noise.,true
/Users/bobhopp/DJ MEDIA/VIDEO/1990's/Heavy D. & The Boyz - Now That We've Found Love.mp4,Heavy D. & The Boyz,Now That We've Found Love,RVTR136584,1,SAFE TITLE NOISE,Existing simulation selected one canonical candidate (RVTR136584); deterministic filename/tag noise.,true
/Users/bobhopp/DJ MEDIA/VIDEO/1970's/Blondie - I'm Always Touched by Your Presence.mp4,Blondie,I'm Always Touched by Your Presence,RVTR049200,1,SAFE TITLE NOISE,Existing simulation selected one canonical candidate (RVTR049200); deterministic filename/tag noise.,true
/Users/bobhopp/DJ MEDIA/VIDEO/1990's/Rockin' Sidney - Don't Mess With My Toot Toot.mp4,Rockin' Sidney,Don't Mess With My Toot Toot,RVTR261631,1,SAFE TITLE NOISE,Existing simulation selected one canonical candidate (RVTR261631); deterministic filename/tag noise.,true
/Users/bobhopp/DJ MEDIA/VIDEO/1950's/Jerry Lee Lewis - Whole Lotta Shakin' Goin' On.mp4,Jerry Lee Lewis,Whole Lotta Shakin' Goin' On ,RVTR469900,1,SAFE TITLE NOISE,Existing simulation selected one canonical candidate (RVTR469900); deterministic filename/tag noise.,true
/Users/bobhopp/DJ MEDIA/VIDEO/1970's/The Guess Who - American Woman (Extended Live).mp4,The Guess Who,American Woman (Extended Live),RVTR823512,1,SAFE TITLE NOISE,Existing simulation selected one canonical candidate (RVTR823512); deterministic filename/tag noise.,true
/Users/bobhopp/DJ MEDIA/VIDEO/2010's/Kenny Wayne Shepherd Band - Never Lookin' Back.mp4,Kenny Wayne Shepherd Band,Never Lookin' Back,RVTR043084,1,SAFE TITLE NOISE,Existing simulation selected one canonical candidate (RVTR043084); deterministic filename/tag noise.,true
/Users/bobhopp/DJ MEDIA/VIDEO/1960's/Buffalo Springfield - For What It's Worth (TV).mp4,Buffalo Springfield,For What It's Worth (TV),RVTR874849,1,SAFE TITLE NOISE,Existing simulation selected one canonical candidate (RVTR874849); deterministic filename/tag noise.,true
/Users/bobhopp/DJ MEDIA/VIDEO/1980's/D-Mob feat. Cathy Dennis - C'Mon And Get My Love.mp4,D-Mob featuring Cathy Dennis,C'Mon And Get My Love,RVTR785942,1,SAFE TITLE NOISE,Existing simulation selected one canonical candidate (RVTR785942); deterministic filename/tag noise.,true
/Users/bobhopp/DJ MEDIA/VIDEO/1950's/Jerry Lee Lewis - Whole Lotta Shakin' Going On.mp4,Jerry Lee Lewis,Whole Lotta Shakin' Going On,RVTR100307,1,SAFE TITLE NOISE,Existing simulation selected one canonical candidate (RVTR100307); deterministic filename/tag noise.,true
"/Users/bobhopp/DJ MEDIA/VIDEO/1970's/Melanie - Look What They've Done To My Song, Ma.mp4",Melanie,"Look What They've Done To My Song, Ma",RVTR387299,1,SAFE TITLE NOISE,Existing simulation selected one canonical candidate (RVTR387299); deterministic filename/tag noise.,true
"/Users/bobhopp/DJ MEDIA/VIDEO/1990's/Prince - Most Beautiful Girl In The World, The.mp4",Prince,"Most Beautiful Girl In The World, The",RVTR929298,1,SAFE TITLE NOISE,Existing simulation selected one canonical candidate (RVTR929298); deterministic filename/tag noise.,true
"/Users/bobhopp/DJ MEDIA/VIDEO/1980's/Rod Stewart - Oh God, I Wish I Was Home Tonight.mp4",Rod Stewart,"Oh God, I Wish I Was Home Tonight",RVTR653819,1,SAFE TITLE NOISE,Existing simulation selected one canonical candidate (RVTR653819); deterministic filename/tag noise.,true
/Users/bobhopp/DJ MEDIA/VIDEO/1970's/Herman's Hermits - Henry the VIII _ Mrs. Brown.mp4,Herman's Hermits,Henry the VIII : Mrs. Brown,RVTR679704,1,SAFE TITLE NOISE,Existing simulation selected one canonical candidate (RVTR679704); deterministic filename/tag noise.,true
/Users/bobhopp/DJ MEDIA/VIDEO/1970's/Steve Miller Band - Take The Money And Run (1997).mp4,Steve Miller Band,Take The Money And Run (1997),RVTR444793,1,SAFE TITLE NOISE,Existing simulation selected one canonical candidate (RVTR444793); deterministic filename/tag noise.,true
/Users/bobhopp/DJ MEDIA/VIDEO/1990's/En Vogue - My Lovin' (You're Never Gonna Get It).mp4,En Vogue,My Lovin' (You're Never Gonna Get It),RVTR024347,1,SAFE TITLE NOISE,Existing simulation selected one canonical candidate (RVTR024347); deterministic filename/tag noise.,true
/Users/bobhopp/DJ MEDIA/VIDEO/2000's/Cab Calloway & Nicholas Brothers - Jumpin' Jive.mp4,Cab Calloway & Nicholas Brothers,Jumpin' Jive,RVTR585045,1,SAFE TITLE NOISE,Existing simulation selected one canonical candidate (RVTR585045); deterministic filename/tag noise.,true
"/Users/bobhopp/DJ MEDIA/VIDEO/2000's/Britney Spears - I'm Not A Girl, Not Yet A Woman.mp4",Britney Spears,"I'm Not A Girl, Not Yet A Woman",RVTR270623,1,SAFE TITLE NOISE,Existing simulation selected one canonical candidate (RVTR270623); deterministic filename/tag noise.,true
/Users/bobhopp/DJ MEDIA/VIDEO/2000's/Garth Brooks & Huey Lewis - Workin' For A Livin'.mp4,Garth Brooks & Huey Lewis,Workin' For A Livin',RVTR390823,1,SAFE TITLE NOISE,Existing simulation selected one canonical candidate (RVTR390823); deterministic filename/tag noise.,true
"/Users/bobhopp/DJ MEDIA/VIDEO/2000's/The Gaslight Anthem - I'da Called You Woody, Joe.mp4",The Gaslight Anthem,"I'da Called You Woody, Joe",RVTR222097,1,SAFE TITLE NOISE,Existing simulation selected one canonical candidate (RVTR222097); deterministic filename/tag noise.,true
/Users/bobhopp/DJ MEDIA/VIDEO/1980's/Dead or Alive - You Spin Me Round (Like a Record).mp4,Dead Or Alive,You Spin Me Round (Like a Record),RVTR950390,1,SAFE TITLE NOISE,Existing simulation selected one canonical candidate (RVTR950390); deterministic filename/tag noise.,true
/Users/bobhopp/DJ MEDIA/VIDEO/1980's/Delbert McClinton - I've Got Dreams To Remember.mp4,Delbert McClinton,I've Got Dreams To Remember,RVTR785306,1,SAFE TITLE NOISE,Existing simulation selected one canonical candidate (RVTR785306); deterministic filename/tag noise.,true
/Users/bobhopp/DJ MEDIA/VIDEO/1970's/Santa Esmeralda - Don't Let Me Be Misunderstood.mp4,Santa Esmeralda,Don't Let Me Be Misunderstood,RVTR587175,1,SAFE TITLE NOISE,Existing simulation selected one canonical candidate (RVTR587175); deterministic filename/tag noise.,true
/Users/bobhopp/DJ MEDIA/VIDEO/COUNTRY/FILL/Gillian Welch - Didn't Leave Nobody But The Baby.mp4,Gillian Welch,Didn't Leave Nobody But The Baby,RVTR041774,1,SAFE TITLE NOISE,Existing simulation selected one canonical candidate (RVTR041774); deterministic filename/tag noise.,true
/Users/bobhopp/DJ MEDIA/VIDEO/1970's/Gladys Knightl - I've Got to Use My Imagination.mp4,Gladys Knightl,I've Got to Use My Imagination,RVTR380706,1,SAFE TITLE NOISE,Existing simulation selected one canonical candidate (RVTR380706); deterministic filename/tag noise.,true
/Users/bobhopp/DJ MEDIA/VIDEO/1970's/Robert Palmer - Bad Case Of Loving You (Doctor Doctor).mp4,Robert Palmer,Bad Case Of Loving You (Doctor Doctor),RVTR019972,1,SAFE TITLE NOISE,Existing simulation selected one canonical candidate (RVTR019972); deterministic filename/tag noise.,true
/Volumes/DJ  MAIN/DJ MEDIA/VIDEO/1950's/41-Cab Calloway 1933 Cartoon of St. James Infirmary Blues.mp4,Cab Calloway,St. James Infirmary Blues,RVTR160225,1,SAFE TITLE NOISE,Existing simulation selected one canonical candidate (RVTR160225); deterministic filename/tag noise.,true
/Users/bobhopp/DJ MEDIA/VIDEO/2010's/Miley Cyrus - Look What They've Done To My Song.mp4,Miley Cyrus,Look What They've Done To My Song,RVTR671284,1,SAFE TITLE NOISE,Existing simulation selected one canonical candidate (RVTR671284); deterministic filename/tag noise.,true
"/Users/bobhopp/DJ MEDIA/VIDEO/TECHNO/Stellar Project f.Brandi Emma - Get Up, Stand Up.mp4",Stellar Project f.Brandi Emma,"Get Up, Stand Up",RVTR177390,1,SAFE TITLE NOISE,Existing simulation selected one canonical candidate (RVTR177390); deterministic filename/tag noise.,true
/Users/bobhopp/DJ MEDIA/VIDEO/1990's/Darrell Scott - You'll Never Leave Harlan Alive.mp4,Darrell Scott,You'll Never Leave Harlan Alive,RVTR894956,1,SAFE TITLE NOISE,Existing simulation selected one canonical candidate (RVTR894956); deterministic filename/tag noise.,true
/Users/bobhopp/DJ MEDIA/VIDEO/2000's/Rodney Crowell - I Couldn't Leave You If I Tried.mp4,Rodney Crowell,I Couldn't Leave You If I Tried,RVTR028182,1,SAFE TITLE NOISE,Existing simulation selected one canonical candidate (RVTR028182); deterministic filename/tag noise.,true
/Users/bobhopp/DJ MEDIA/VIDEO/1970's/Eric Clapton & Band Du Lac - Willie & The Hand Jive.mp4,Eric Clapton & Band Du Lac,Willie & The Hand Jive,RVTR877619,1,SAFE TITLE NOISE,Existing simulation selected one canonical candidate (RVTR980658); deterministic filename/tag noise.,true
/Users/bobhopp/DJ MEDIA/VIDEO/1980's/The Veterans - There Ain't No Age For Rock N Roll.mp4,The Veterans,There Ain't No Age For Rock N Roll,RVTR627603,1,SAFE TITLE NOISE,Existing simulation selected one canonical candidate (RVTR627603); deterministic filename/tag noise.,true
"/Users/bobhopp/DJ MEDIA/VIDEO/TECHNO/Modern Talking - You're My Heart, You're My Soul.mp4",Modern Talking,"You're My Heart, You're My Soul",RVTR600993,1,SAFE TITLE NOISE,Existing simulation selected one canonical candidate (RVTR600993); deterministic filename/tag noise.,true
/Users/bobhopp/DJ MEDIA/VIDEO/1960's/The Velvet Underground - I'm Waiting For The Man.mp4,The Velvet Underground,I'm Waiting For The Man,RVTR285593,1,SAFE TITLE NOISE,Existing simulation selected one canonical candidate (RVTR285593); deterministic filename/tag noise.,true
/Users/bobhopp/DJ MEDIA/VIDEO/2010's/Mindless Behavior f._Diggy Simmons - Mrs. Right.mp4,Mindless Behavior f./Diggy Simmons,Mrs. Right,RVTR998440,1,SAFE TITLE NOISE,Existing simulation selected one canonical candidate (RVTR998440); deterministic filename/tag noise.,true
/Users/bobhopp/DJ MEDIA/VIDEO/2000's/Britney Spears - Don't Let Me Be The Last To Know.mp4,Britney Spears,Don't Let Me Be The Last To Know,RVTR100796,1,SAFE TITLE NOISE,Existing simulation selected one canonical candidate (RVTR100796); deterministic filename/tag noise.,true
/Users/bobhopp/DJ MEDIA/VIDEO/1980's/Jefferson Starship - Nothin's Gonna Stop Us Now.mp4,Jefferson Starship,Nothin's Gonna Stop Us Now,RVTR574410,1,SAFE TITLE NOISE,Existing simulation selected one canonical candidate (RVTR574410); deterministic filename/tag noise.,true
/Users/bobhopp/DJ MEDIA/VIDEO/1980's/Syretta & Billy Preston - With You I'm Born Again.mp4,Syretta & Billy Preston,With You I'm Born Again,RVTR007747,1,SAFE TITLE NOISE,Existing simulation selected one canonical candidate (RVTR007747); deterministic filename/tag noise.,true
/Users/bobhopp/DJ MEDIA/VIDEO/2000's/Christina Aguilera F.Lil' Kim - Can't Hold Us Down.mp4,Christina Aguilera F.Lil' Kim,Can't Hold Us Down,RVTR639778,1,SAFE TITLE NOISE,Existing simulation selected one canonical candidate (RVTR639778); deterministic filename/tag noise.,true
/Users/bobhopp/DJ MEDIA/VIDEO/1980's/Jefferson Starship - It's Not Over 'Til It's Over.mp4,Jefferson Starship,It's Not Over 'Til It's Over,RVTR995114,1,SAFE TITLE NOISE,Existing simulation selected one canonical candidate (RVTR995114); deterministic filename/tag noise.,true
/Users/bobhopp/DJ MEDIA/VIDEO/1960's/The Rolling Stones - Satisfaction (I Can't Get No).mp4,The Rolling Stones,(I Can't Get No) Satisfaction,RVTR438912,1,SAFE TITLE NOISE,Existing simulation selected one canonical candidate (RVTR438912); deterministic filename/tag noise.,true
/Users/bobhopp/DJ MEDIA/VIDEO/1990's/Lauryn Hill - Can't Take My Eyes Off Of You (Liive).mp4,Lauryn Hill,Can't Take My Eyes Off Of You (Liive),RVTR248366,1,SAFE TITLE NOISE,Existing simulation selected one canonical candidate (RVTR248366); deterministic filename/tag noise.,true
/Users/bobhopp/DJ MEDIA/VIDEO/1960's/The 5th Dimension - Aquarius_Let The Sunshine In.mp4,The 5th Dimension,Aquarius:Let The Sunshine In,RVTR318161,1,SAFE TITLE NOISE,Existing simulation selected one canonical candidate (RVTR318161); deterministic filename/tag noise.,true
/Users/bobhopp/DJ MEDIA/VIDEO/1990's/Method Man And Mary J. Blige - I'll Be There For You.mp4,Method Man And Mary J. Blige,I'll Be There For You,RVTR158176,1,SAFE TITLE NOISE,Existing simulation selected one canonical candidate (RVTR158176); deterministic filename/tag noise.,true
/Users/bobhopp/DJ MEDIA/VIDEO/2020's/Hailey Whitters feat. Little Big Town - Fillin’ My Cup.mp4,Hailey Whitters feat. Little Big Town,Fillin’ My Cup,RVTR065300,1,SAFE TITLE NOISE,Existing simulation selected one canonical candidate (RVTR065300); deterministic filename/tag noise.,true
"/Users/bobhopp/DJ MEDIA/VIDEO/1980's/John Lee Hooker - One Bourbon, One Scotch, One Beer.mp4",John Lee Hooker,"One Bourbon, One Scotch, One Beer",RVTR939555,1,SAFE TITLE NOISE,Existing simulation selected one canonical candidate (RVTR939555); deterministic filename/tag noise.,true
/Users/bobhopp/DJ MEDIA/VIDEO/1990's/Savage Garden - To the Moon & Back (Fully Booked 1997).mp4,Savage Garden,To the Moon & Back,RVTR421957,1,SAFE TITLE NOISE,Existing simulation selected one canonical candidate (RVTR120540); deterministic filename/tag noise.,true
/Users/bobhopp/DJ MEDIA/VIDEO/1970's/William DeVaughn - Be Thankful For What You've Got.mp4,William DeVaughn,Be Thankful For What You've Got,RVTR579474,1,SAFE TITLE NOISE,Existing simulation selected one canonical candidate (RVTR579474); deterministic filename/tag noise.,true
/Users/bobhopp/DJ MEDIA/VIDEO/1950's/Jerry Lee Lewis - Whole Lotta Shakin' Going On (1957).mp4,Jerry Lee Lewis,Whole Lotta Shakin' Going On,RVTR100307,1,SAFE TITLE NOISE,Existing simulation selected one canonical candidate (RVTR100307); deterministic filename/tag noise.,true
/Users/bobhopp/DJ MEDIA/VIDEO/1960's/Toots And The Maytals - I've Got Dreams To Remember.mp4,Toots And The Maytals,I've Got Dreams To Remember,RVTR134474,1,SAFE TITLE NOISE,Existing simulation selected one canonical candidate (RVTR134474); deterministic filename/tag noise.,true
"/Users/bobhopp/DJ MEDIA/VIDEO/2010's/DJ Khaled f._Drake, Lil Wayne & Rick Ross - I'm On One.mp4","DJ Khaled f./Drake, Lil Wayne & Rick Ross",I'm On One,RVTR901141,1,SAFE TITLE NOISE,Existing simulation selected one canonical candidate (RVTR901141); deterministic filename/tag noise.,true
/Users/bobhopp/DJ MEDIA/VIDEO/2020's/Chris Lane feat. Lauren Alaina - Dancin’ In The Moonlight.mp4,Chris Lane feat. Lauren Alaina,Dancin’ In The Moonlight,RVTR522222,1,SAFE TITLE NOISE,Existing simulation selected one canonical candidate (RVTR522222); deterministic filename/tag noise.,true
/Users/bobhopp/DJ MEDIA/VIDEO/1960's/Ray Charles - Hit the Road Jack on Saturday Live 1996.mp4,Ray Charles,Hit the Road Jack on Saturday Live 1996,RVTR510057,1,SAFE TITLE NOISE,Existing simulation selected one canonical candidate (RVTR510057); deterministic filename/tag noise.,true
/Users/bobhopp/DJ MEDIA/VIDEO/1960's/Diana Ross & The Supremes - Stop! In The Name Of Love.mp4,Diana Ross & The Supremes,Stop! In The Name Of Love,RVTR331079,1,SAFE TITLE NOISE,Existing simulation selected one canonical candidate (RVTR331079); deterministic filename/tag noise.,true
/Users/bobhopp/DJ MEDIA/VIDEO/1970's/The New Seekers - I'd Like To Teach The World To Sing.mp4,The New Seekers,I'd Like To Teach The World To Sing,RVTR582747,1,SAFE TITLE NOISE,Existing simulation selected one canonical candidate (RVTR582747); deterministic filename/tag noise.,true
/Users/bobhopp/DJ MEDIA/VIDEO/1960's/Dean Martin - You're Nobody 'Til Somebody Loves You.mp4,Dean Martin,You're Nobody 'Til Somebody Loves You,RVTR754661,1,SAFE TITLE NOISE,Existing simulation selected one canonical candidate (RVTR754661); deterministic filename/tag noise.,true
/Users/bobhopp/DJ MEDIA/VIDEO/1980's/Robin Lane and The Chartbusters - I Don't Wanna Know.mp4,Robin Lane and The Chartbusters,I Don't Wanna Know,RVTR008969,1,SAFE TITLE NOISE,Existing simulation selected one canonical candidate (RVTR008969); deterministic filename/tag noise.,true
/Users/bobhopp/DJ MEDIA/VIDEO/COUNTRY/FILL/Toby Keith - I'll Never Smoke Weed With Willie Again.mp4,Toby Keith,I'll Never Smoke Weed With Willie Again,RVTR487726,1,SAFE TITLE NOISE,Existing simulation selected one canonical candidate (RVTR487726); deterministic filename/tag noise.,true
/Users/bobhopp/DJ MEDIA/VIDEO/1950's/I Don't Believe You've Met My Baby - Louvin Brothers.mp4,Louvin Brothers,I Don't Believe You've Met My Baby,RVTR443526,1,SAFE TITLE NOISE,Existing simulation selected one canonical candidate (RVTR443526); deterministic filename/tag noise.,true
/Users/bobhopp/DJ MEDIA/VIDEO/1950's/Louvin Brothers - I Don't Believe You've Met My Baby.mp4,Louvin Brothers,I Don't Believe You've Met My Baby,RVTR443526,1,SAFE TITLE NOISE,Existing simulation selected one canonical candidate (RVTR443526); deterministic filename/tag noise.,true
/Users/bobhopp/DJ MEDIA/VIDEO/1960's/The Cowsils - The Rain The Park And Other Things (B&W).mp4,The Cowsils,The Rain The Park And Other Things (B&W),RVTR552419,1,SAFE TITLE NOISE,Existing simulation selected one canonical candidate (RVTR552419); deterministic filename/tag noise.,true
/Users/bobhopp/DJ MEDIA/VIDEO/1980's/Bonnie Tyler And Shakin' Stevens - A Rockin' Good Way.mp4,Bonnie Tyler And Shakin' Stevens,A Rockin' Good Way,RVTR870111,1,SAFE TITLE NOISE,Existing simulation selected one canonical candidate (RVTR870111); deterministic filename/tag noise.,true
"/Users/bobhopp/DJ MEDIA/VIDEO/2020's/Kate Hudson and Hugh Jackman - Cherry, Cherry Play Me.mp4",Kate Hudson and Hugh Jackman,"Cherry, Cherry Play Me",RVTR010955,1,SAFE TITLE NOISE,Existing simulation selected one canonical candidate (RVTR010955); deterministic filename/tag noise.,true
"/Users/bobhopp/DJ MEDIA/VIDEO/TECHNO/Limp Bizkit - Home Sweet Home,Bittersweet Symphony.mp4",Limp Bizkit,"Home Sweet Home,Bittersweet Symphony",RVTR269199,1,SAFE TITLE NOISE,Existing simulation selected one canonical candidate (RVTR269199); deterministic filename/tag noise.,true
/Users/bobhopp/DJ MEDIA/VIDEO/1990's/DJ Jazzy Jeff & The Fresh Prince - Boom! Shake The Room.mp4,DJ Jazzy Jeff & The Fresh Prince,Boom! Shake The Room,RVTR173254,1,SAFE TITLE NOISE,Existing simulation selected one canonical candidate (RVTR173254); deterministic filename/tag noise.,true
/Users/bobhopp/DJ MEDIA/VIDEO/1970's/Grand Funk Railroad - Some Kind of Wonderful (lyrics).mp4,Grand Funk Railroad,Some Kind of Wonderful (lyrics),RVTR676353,1,SAFE TITLE NOISE,Existing simulation selected one canonical candidate (RVTR676353); deterministic filename/tag noise.,true
/Users/bobhopp/DJ MEDIA/VIDEO/1970's/Alan Parsons Project - I Wouldn't Want to be Like You.mp4,Alan Parsons Project,I Wouldn't Want to be Like You,RVTR808670,1,SAFE TITLE NOISE,Existing simulation selected one canonical candidate (RVTR808670); deterministic filename/tag noise.,true
/Users/bobhopp/DJ MEDIA/VIDEO/1990's/Stevie Ray Vaughan & Double Trouble - Cold Shot (Live).mp4,Stevie Ray Vaughan & Double Trouble,Cold Shot (Live),RVTR507468,1,SAFE TITLE NOISE,Existing simulation selected one canonical candidate (RVTR507468); deterministic filename/tag noise.,true
/Users/bobhopp/DJ MEDIA/VIDEO/COUNTRY/FILL/Kenny Chesney - She's Got It All (2-Channel Stereo Mix).mp4,Kenny Chesney,She's Got It All (2-Channel Stereo Mix),RVTR916482,1,SAFE TITLE NOISE,Existing simulation selected one canonical candidate (RVTR916482); deterministic filename/tag noise.,true
/Users/bobhopp/DJ MEDIA/VIDEO/1980's/Billy Ocean - Caribbean Queen (No More Love On The Run).mp4,Billy Ocean,Caribbean Queen (No More Love On The Run),RVTR287972,1,SAFE TITLE NOISE,Existing simulation selected one canonical candidate (RVTR287972); deterministic filename/tag noise.,true
/Users/bobhopp/DJ MEDIA/VIDEO/1960's/Alan Price Set - Simon Smith & His Amazing Dancing Bear.mp4,Alan Price Set,Simon Smith & His Amazing Dancing Bear,RVTR450488,1,SAFE TITLE NOISE,Existing simulation selected one canonical candidate (RVTR450488); deterministic filename/tag noise.,true
/Users/bobhopp/DJ MEDIA/VIDEO/1980's/Greg Kihn Band - The Breakup Song (They Don't Write 'Em).mp4,Greg Kihn Band,The Breakup Song (They Don't Write 'Em),RVTR722804,1,SAFE TITLE NOISE,Existing simulation selected one canonical candidate (RVTR722804); deterministic filename/tag noise.,true
/Users/bobhopp/DJ MEDIA/VIDEO/COUNTRY/FILL/Willie Nelson And Merle Haggard - It's All Going To Pot.mp4,Willie Nelson And Merle Haggard,It's All Going To Pot,RVTR548454,1,SAFE TITLE NOISE,Existing simulation selected one canonical candidate (RVTR548454); deterministic filename/tag noise.,true
/Users/bobhopp/DJ MEDIA/VIDEO/1960's/Arlo Guthrie - Alice s Restaurant (Live at Farm Aid 2005).mp4,Arlo Guthrie,Alice s Restaurant  (Live at Farm Aid 2005),RVTR497447,1,SAFE TITLE NOISE,Existing simulation selected one canonical candidate (RVTR497447); deterministic filename/tag noise.,true
"/Users/bobhopp/DJ MEDIA/VIDEO/2010's/Lloyd Banks f._Juelz Santana - Beamer, Benz Or Bentley.mp4",Lloyd Banks f./Juelz Santana,"Beamer, Benz Or Bentley",RVTR830458,1,SAFE TITLE NOISE,Existing simulation selected one canonical candidate (RVTR830458); deterministic filename/tag noise.,true
/Users/bobhopp/DJ MEDIA/VIDEO/1980's/U2 - Bad (Live Aid).mp4,U2,Bad (Live Aid),RVTR512905,1,SAFE TITLE NOISE,Existing simulation selected one canonical candidate (RVTR512905); deterministic filename/tag noise.,true
"/Users/bobhopp/DJ MEDIA/VIDEO/1980's/The Silencers - Peter Gunn, Remote Control and Illegal.mp4",The Silencers,"Peter Gunn, Remote Control and Illegal",RVTR681434,1,SAFE TITLE NOISE,Existing simulation selected one canonical candidate (RVTR681434); deterministic filename/tag noise.,true
/Users/bobhopp/DJ MEDIA/VIDEO/1970's/Creedence Clearwater Revival - Lookin' Out My Backdoor.mp4,Creedence Clearwater Revival,Lookin' Out My Backdoor,RVTR381004,1,SAFE TITLE NOISE,Existing simulation selected one canonical candidate (RVTR381004); deterministic filename/tag noise.,true
/Users/bobhopp/DJ MEDIA/VIDEO/1980's/Bob Marley & The Wailers - Three Little Birds (Original).mp4,Bob Marley,Three Little Birds (Original),RVTR139295,1,SAFE TITLE NOISE,Existing simulation selected one canonical candidate (RVTR139295); deterministic filename/tag noise.,true
"/Users/bobhopp/DJ MEDIA/VIDEO/TECHNO/Break And Repair Method, The - You Won't Be Able To Be Sad.mp4","Break And Repair Method, The",You Won't Be Able To Be Sad,RVTR921677,1,SAFE TITLE NOISE,Existing simulation selected one canonical candidate (RVTR921677); deterministic filename/tag noise.,true
/Users/bobhopp/DJ MEDIA/VIDEO/2010's/Madonna f._Nicki Minaj & M.I.A. - Gimme Me All Your Luvin'.mp4,Madonna f./Nicki Minaj & M.I.A.,Gimme Me All Your Luvin',RVTR610933,1,SAFE TITLE NOISE,Existing simulation selected one canonical candidate (RVTR610933); deterministic filename/tag noise.,true
"/Users/bobhopp/DJ MEDIA/VIDEO/1990's/Michael Monroe with Axl Rose - Dead, Jail or Rock n' Roll.mp4",Michael Monroe with Axl Rose,"Dead, Jail or Rock n' Roll",RVTR299048,1,SAFE TITLE NOISE,Existing simulation selected one canonical candidate (RVTR299048); deterministic filename/tag noise.,true
"/Users/bobhopp/DJ MEDIA/VIDEO/1970's/Barry White - You Are The First, My Last, My Everything.mp4",Barry White,"You Are The First, My Last, My Everything",RVTR463355,1,SAFE TITLE NOISE,Existing simulation selected one canonical candidate (RVTR463355); deterministic filename/tag noise.,true
/Users/bobhopp/DJ MEDIA/VIDEO/1950's/Muddy Waters & The Rolling Stones - Baby Please Don't Go.mp4,Muddy Waters & The Rolling Stones,Baby Please Don't Go,RVTR745016,1,SAFE TITLE NOISE,Existing simulation selected one canonical candidate (RVTR745016); deterministic filename/tag noise.,true
/Users/bobhopp/DJ MEDIA/VIDEO/1960's/The Walker Brothers - The Sun Ain't Gonna Shine Anymore.mp4,The Walker Brothers,The Sun Ain't Gonna Shine Anymore,RVTR685154,1,SAFE TITLE NOISE,Existing simulation selected one canonical candidate (RVTR685154); deterministic filename/tag noise.,true
/Users/bobhopp/DJ MEDIA/VIDEO/1980's/Neil Diamond - Brother Love's Traveling Salvation Show.mp4,Neil Diamond,Brother Love's Traveling Salvation Show,RVTR240851,1,SAFE TITLE NOISE,Existing simulation selected one canonical candidate (RVTR240851); deterministic filename/tag noise.,true
/Users/bobhopp/DJ MEDIA/VIDEO/1990's/Prince - Pussy control VH1 Fashion and Music Awards 1995.mp4,Prince,Pussy control VH1 Fashion and Music Awards 1995,RVTR080609,1,SAFE TITLE NOISE,Existing simulation selected one canonical candidate (RVTR080609); deterministic filename/tag noise.,true
/Users/bobhopp/DJ MEDIA/VIDEO/2000's/The Flaming Lips - Yoshimi Battles the Pink Robots Pt. 1.mp4,The Flaming Lips,Yoshimi Battles the Pink Robots Pt. 1,RVTR745562,1,SAFE TITLE NOISE,Existing simulation selected one canonical candidate (RVTR745562); deterministic filename/tag noise.,true
/Users/bobhopp/DJ MEDIA/VIDEO/1980's/Daryl Hall & John Oates - You've Lost That Lovin' Feeling.mp4,Daryl Hall & John Oates,You've Lost That Lovin' Feeling,RVTR946659,1,SAFE TITLE NOISE,Existing simulation selected one canonical candidate (RVTR946659); deterministic filename/tag noise.,true
/Users/bobhopp/DJ MEDIA/VIDEO/1970's/Arlo Guthrie - Alice's Restaurant Massacree - Part 1 (1970).mp4,Arlo Guthrie,Alice's Restaurant Massacree - Part 1 (1970),RVTR497447,1,SAFE TITLE NOISE,Existing simulation selected one canonical candidate (RVTR497447); deterministic filename/tag noise.,true
/Users/bobhopp/DJ MEDIA/VIDEO/1970's/Arlo Guthrie - Alice's Restaurant Massacree - Part 2 (1970).mp4,Arlo Guthrie,Alice's Restaurant Massacree - Part 2 (1970),RVTR497447,1,SAFE TITLE NOISE,Existing simulation selected one canonical candidate (RVTR497447); deterministic filename/tag noise.,true
"/Users/bobhopp/DJ MEDIA/VIDEO/2010's/Corey Taylor, Dave Grohl, Rick Nielsen - From Can To Can't.mp4","Corey Taylor, Dave Grohl, Rick Nielsen",From Can To Can't,RVTR736640,1,SAFE TITLE NOISE,Existing simulation selected one canonical candidate (RVTR736640); deterministic filename/tag noise.,true
/Users/bobhopp/DJ MEDIA/VIDEO/1980's/Christopher Cross - Arthur s Theme (Best That You Can Do).mp4,Christopher Cross,Arthur s Theme (Best That You Can Do),RVTR439429,1,SAFE TITLE NOISE,Existing simulation selected one canonical candidate (RVTR439429); deterministic filename/tag noise.,true
/Users/bobhopp/DJ MEDIA/VIDEO/1970's/Daryl Hall & John Oates - She's Gone_Sara Smile_Rich Girl.mp4,Daryl Hall & John Oates,She's Gone:Sara Smile:Rich Girl,RVTR269789,1,SAFE TITLE NOISE,Existing simulation selected one canonical candidate (RVTR269789); deterministic filename/tag noise.,true
/Users/bobhopp/DJ MEDIA/VIDEO/1960's/Jimi Hendrix - Purple Haze (1967).mp4,Jimi Hendrix,Purple Haze (1967),RVTR086326,1,SAFE TITLE NOISE,Existing simulation selected one canonical candidate (RVTR086326); deterministic filename/tag noise.,true
/Volumes/DJ  MAIN/DJ MEDIA/VIDEO/1960's/5-Don't Think Twice Peter Paul Mary REMASTERED Video TRUE STEREO HiQ Hybrid JARichardsFilm.mp4,Peter Paul Mary,Don't Think Twice,RVTR392059,1,SAFE TITLE NOISE,Existing simulation selected one canonical candidate (RVTR392059); deterministic filename/tag noise.,true
/Users/bobhopp/DJ MEDIA/VIDEO/1960's/The Rolling Stones - Satisfaction!.mp4,The Rolling Stones,Satisfaction!,RVTR438912,1,SAFE TITLE NOISE,Existing simulation selected one canonical candidate (RVTR438912); deterministic filename/tag noise.,true
/Users/bobhopp/DJ MEDIA/VIDEO/1960's/Chubby Checkers - Let's Twist Again.mp4,Chubby Checkers,Let's Twist Again,RVTR749029,1,SAFE TITLE NOISE,Existing simulation selected one canonical candidate (RVTR749029); deterministic filename/tag noise.,true
/Volumes/DJ  MAIN/DJ MEDIA/VIDEO/1960's/Roy Orbison - Pretty Woman (Edited)  (1987).m4v,Roy Orbison,Pretty Woman (Edited)  (1987),RVTR870712,1,SAFE TITLE NOISE,Existing simulation selected one canonical candidate (RVTR870712); deterministic filename/tag noise.,true
/Volumes/DJ  MAIN/DJ MEDIA/VIDEO/VOBs/Roy Orbison - Pretty Woman (Extended)  (1987).mov,Roy Orbison,Pretty Woman (Extended) (1964) (1987),RVTR870712,1,SAFE TITLE NOISE,Existing simulation selected one canonical candidate (RVTR870712); deterministic filename/tag noise.,true
/Volumes/DJ  MAIN/DJ MEDIA/VIDEO/1960's/3-Mississippi Fred McDowell - Shake 'Em On Down.mp4,Mississippi Fred McDowell,Shake 'Em On Down,RVTR061977,1,SAFE TITLE NOISE,Existing simulation selected one canonical candidate (RVTR061977); deterministic filename/tag noise.,true
/Users/bobhopp/DJ MEDIA/VIDEO/1980's/Pink Floyd - Another Brick in the Wall Pt. 2.mp4,Pink Floyd,Another Brick in the Wall Pt. 2,RVTR648969,1,SAFE TITLE NOISE,Existing simulation selected one canonical candidate (RVTR648969); deterministic filename/tag noise.,true
/Users/bobhopp/DJ MEDIA/VIDEO/1980's/Josie Cotton - J/ohnny Are You Queer?.mp4,Josie Cotton,Johnny Are You Queer?,RVTR912509,1,SAFE TITLE NOISE,Existing simulation selected one canonical candidate (RVTR912509); deterministic filename/tag noise.,true
/Users/bobhopp/DJ MEDIA/VIDEO/1960's/Justin Wellington - Iko Iko (My Bestie).mp4,Justin Wellington,Iko Iko (My Bestie),RVTR780386,1,SAFE TITLE NOISE,Existing simulation selected one canonical candidate (RVTR780386); deterministic filename/tag noise.,true
