rvtr,track_title,track_artist,rvar,album_id,album_title,rval,album_artist,rvar_album_artist,release_year,release_date,track_number,relationship_source,relationship_confidence,relationship_type,artwork_available,billboard_200_membership,cross_artist_relationship,review_status,duplicate_relationship
"RVTR000524","Pop Lock Drop It","huey","","37408","Notebook Paper","RVAL034292","huey","RVAR006170","2007","","4","canonical_album_tracks","0.88","","no","yes","no","ok","no"
"RVTR002457","For The Love Of Him","bobbi martin","","26311","For The Love Of Him","RVAL796757","bobbi martin","RVAR002000","1970","","2","canonical_album_tracks","0.88","","no","yes","no","ok","no"
"RVTR003384","In Thee","blue oyster cult","","33848","Mirrors","RVAL766975","blue oyster cult","RVAR005233","1979","","9","canonical_track_album_links","105","appears_on","no","yes","no","ok","yes"
"RVTR004094","Diamond Sun","glass tiger","","40184","Diamond Sun","RVAL188081","glass tiger","RVAR007533","1988","","1","canonical_album_tracks","0.88","","no","yes","no","ok","no"
"RVTR005300","Brown Arms In Houston","orpheus","","41139","Joyful","RVAL653003","orpheus","RVAR007855","1969","","6","canonical_album_tracks","0.88","","no","yes","no","ok","no"
"RVTR005300","Brown Arms In Houston","orpheus","","41139","Joyful","RVAL653003","orpheus","RVAR007855","1969","","8","canonical_track_album_links","105","appears_on","no","yes","no","ok","no"
"RVTR005397","Drunk In Love","beyonce","","39118","Beyonce","RVAL283541","beyonce","RVAR006942","2013","","5","canonical_album_tracks","0.95","","no","yes","no","ok","no"
"RVTR005397","Drunk In Love","beyonce","","39118","Beyonce","RVAL283541","beyonce","RVAR006942","2013","","15","canonical_track_album_links","105","appears_on","no","yes","no","ok","no"
"RVTR005411","Again","faith evans","","35166","The First Lady","RVAL787129","faith evans","RVAR005843","2005","","2","canonical_album_tracks","0.88","","no","yes","no","ok","no"
"RVTR005411","Again","faith evans","","35166","The First Lady","RVAL787129","faith evans","RVAR005843","2005","","4","canonical_track_album_links","105","appears_on","no","yes","no","ok","no"
"RVTR005419","Soul Makossa","afrique","","39281","Soul Makossa","RVAL481611","afrique","RVAR007011","1973","","5","canonical_track_album_links","105","appears_on","no","yes","no","ok","yes"
"RVTR005653","Rings","cymarron","","33518","Rings","RVAL709446","cymarron","RVAR005128","1971","","1","canonical_album_tracks","0.88","","no","yes","no","ok","no"
"RVTR005678","Female Of The Species","space","","23488","Spiders","RVAL426002","space","RVAR000846","1997","","3","canonical_album_tracks","0.88","","no","yes","no","ok","no"
"RVTR006113","Lust For Life","lana del rey","","32887","Lust For Life","RVAL581890","lana del rey","RVAR004898","2017","","2","canonical_album_tracks","0.88","","no","yes","no","ok","no"
"RVTR007844","I Wish I Was Eighteen Again","george burns","","35368","I Wish I Was Eighteen Again","RVAL773141","george burns","RVAR005918","1980","","6","canonical_album_tracks","0.88","","no","yes","no","ok","no"
"RVTR009192","A Message To Pretty","love","","40174","Love","RVAL078030","love","RVAR007520","1966","","3","canonical_album_tracks","0.88","","no","yes","no","ok","no"
"RVTR009942","Fred Bear","ted nugent","","35538","Happy Defiance Day Everyday","RVAL698160","ted nugent","RVAR006021","2010","","6","canonical_album_tracks","0.88","","no","yes","no","ok","no"
"RVTR010065","This Man Is Mine","heart","","32212","Private Audition","RVAL283826","heart","RVAR004654","1982","","4","canonical_track_album_links","105","appears_on","no","yes","no","ok","no"
"RVTR010065","This Man Is Mine","heart","","32212","Private Audition","RVAL283826","heart","RVAR004654","1982","","6","canonical_album_tracks","0.88","","no","yes","no","ok","no"
"RVTR014107","If You Don'T Know Me By Now","simply red","","24033","Greatest Hits","RVAL320181","simply red","RVAR001033","1996","","7","canonical_album_tracks","0.88","","no","yes","no","ok","no"
"RVTR014191","My Projects","coo coo cal","","22987","Disturbed","RVAL316760","coo coo cal","RVAR000598","2001","","2","canonical_album_tracks","0.88","","no","yes","no","ok","no"
"RVTR014525","Boom","snoop dogg","","40591","Doggumentary","RVAL662564","snoop dogg","RVAR007700","2011","","9","canonical_album_tracks","0.88","","no","yes","no","ok","no"
"RVTR014525","Boom","snoop dogg","","40591","Doggumentary","RVAL662564","snoop dogg","RVAR007700","2011","","13","canonical_track_album_links","105","appears_on","no","yes","no","ok","no"
"RVTR014612","Romeo And Juliet","sylk-e. fyne","","26761","Raw Sylk","RVAL424162","sylk-e. fyne","RVAR002294","1998","","2","canonical_album_tracks","0.88","","no","yes","no","ok","no"
"RVTR014975","Blood On The Dance Floor","michael jackson","","39807","Blood On The Dance Floor: HIStory In The Mix","RVAL687871","michael jackson","RVAR007298","1997","","1","canonical_album_tracks","0.88","","no","yes","no","ok","no"
"RVTR016320","I Won'T Be Home Tonight","tony carey","","29871","Tony Carey [I Won't Be Home Tonight]","RVAL175641","tony carey","RVAR003580","1983","","5","canonical_album_tracks","0.74","","no","yes","no","review_required","no"
"RVTR016425","Livin' It Up","ja rule","","38744","Exodus","RVAL508537","ja rule","RVAR006764","2005","","7","canonical_album_tracks","0.88","","no","yes","no","ok","no"
"RVTR016486","Tell Me To My Face","keith","","26289","98.6/Ain't Gonna Lie","RVAL309286","keith","RVAR001990","1967","","5","canonical_track_album_links","105","appears_on","no","yes","no","ok","yes"
"RVTR016489","Idaho","The 4 Seasons","","41928","The Genuine Imitation Life Gazette","RVAL198061","The 4 Seasons","RVAR008265","1969","","4","canonical_track_album_links","105","appears_on","no","yes","no","ok","no"
"RVTR016489","Idaho","The 4 Seasons","","41928","The Genuine Imitation Life Gazette","RVAL198061","The 4 Seasons","RVAR008265","1969","","8","canonical_album_tracks","0.88","","no","yes","no","ok","no"
"RVTR019162","You Still Own Me","emerson drive","","26348","Countrified","RVAL729983","emerson drive","RVAR002024","2007","","5","canonical_album_tracks","0.88","","no","yes","no","ok","no"
"RVTR019793","La Familia","frost","","27555","Smile Now, Die Later","RVAL468917","frost","RVAR002646","1995","","2","canonical_album_tracks","0.88","","no","yes","no","ok","no"
"RVTR019793","La Familia","frost","","27555","Smile Now, Die Later","RVAL468917","frost","RVAR002646","1995","","8","canonical_track_album_links","105","appears_on","no","yes","no","ok","no"
"RVTR019957","Baby Got Back","sir mix-a-lot","","39311","Mack Daddy","RVAL086203","sir mix-a-lot","RVAR007038","1992","","3","canonical_album_tracks","0.88","","no","yes","no","ok","no"
"RVTR019957","Baby Got Back","sir mix-a-lot","","39311","Mack Daddy","RVAL086203","sir mix-a-lot","RVAR007038","1992","","4","canonical_track_album_links","105","appears_on","no","yes","no","ok","no"
"RVTR020215","Hero","nas","","34171","Untitled","RVAL893537","nas","RVAR005376","2008","","5","canonical_album_tracks","0.88","","no","yes","no","ok","no"
"RVTR020223","Hand In My Pocket","alanis morissette","","28572","Jagged Little Pill: Acoustic","RVAL346640","alanis morissette","RVAR003096","2005","","4","canonical_album_tracks","0.88","","no","yes","no","ok","no"
"RVTR020280","Ring My Bell","anita ward","","30838","Songs Of Love","RVAL361262","anita ward","RVAR004055","1979","","1","canonical_album_tracks","0.88","","no","yes","no","ok","no"
"RVTR020606","Breakthru","queen","","33649","The Miracle","RVAL513214","queen","RVAR005166","1989","","6","canonical_album_tracks","0.88","","no","yes","no","ok","no"
"RVTR020916","It'S A Cryin' Shame","gayle mccormick","","22372","Gayle McCormick","RVAL847718","gayle mccormick","RVAR000256","1971","","1","canonical_album_tracks","0.88","","no","yes","no","ok","no"
"RVTR021292","Intuition","jewel","","33160","0304","RVAL788807","jewel","RVAR004986","2003","","3","canonical_track_album_links","105","appears_on","no","yes","no","ok","yes"
"RVTR021763","In The Misty Moonlight","jerry wallace","","32586","In The Misty Moonlight","RVAL263078","jerry wallace","RVAR004794","1964","","1","canonical_track_album_links","105","appears_on","no","yes","no","ok","no"
"RVTR022114","Curious Mind Um Um Um Um Um Um","johnny rivers","","27782","Outside Help","RVAL790480","johnny rivers","RVAR002749","1978","","3","canonical_album_tracks","0.88","","no","yes","no","ok","no"
"RVTR022688","Green Onions","booker t","","23074","Booker T. & Priscilla","RVAL216347","booker t","RVAR000642","1971","","9","canonical_track_album_links","105","appears_on","no","yes","no","ok","yes"
"RVTR024274","Baby Love","regina","","41037","Curiosity","RVAL861843","regina","RVAR007829","1986","","4","canonical_album_tracks","0.88","","no","yes","no","ok","no"
"RVTR024274","Baby Love","regina","","41037","Curiosity","RVAL861843","regina","RVAR007829","1986","","9","canonical_track_album_links","105","appears_on","no","yes","no","ok","no"
"RVTR024449","Flava In Ya Ear","craig mack","","26484","Project: Funk Da World","RVAL713124","craig mack","RVAR002123","1994","","5","canonical_album_tracks","0.88","","no","yes","no","ok","no"
"RVTR024449","Flava In Ya Ear","craig mack","","26484","Project: Funk Da World","RVAL713124","craig mack","RVAR002123","1994","","7","canonical_track_album_links","105","appears_on","no","yes","no","ok","no"
"RVTR024794","Fox On The Run","manfred mann","","28839","The Mighty Quinn","RVAL475773","manfred mann","RVAR003196","1968","","5","canonical_album_tracks","0.88","","no","yes","no","ok","no"
"RVTR025325","Dear Mama","2pac","","33066","Me Against The World","RVAL166685","2pac","RVAR004955","1995","","9","canonical_album_tracks","0.88","","no","yes","no","ok","no"
"RVTR025944","Baby Makes Her Blue Jeans Talk","dr. hook","","21785","Players In The Dark","RVAL928798","dr. hook","RVAR000036","1982","","1","canonical_album_tracks","0.88","","no","yes","no","ok","no"
"RVTR026678","Kill Jay Z","jay-z","","31811","4:44","RVAL755654","jay-z","RVAR004494","2017","","1","canonical_album_tracks","0.88","","no","yes","no","ok","no"
"RVTR027816","Respectable","The Outsiders","","42743","Happening 'Live!'","RVAL000691","The Outsiders","RVAR008677","1967","","5","canonical_album_tracks","0.88","","no","yes","no","ok","no"
"RVTR028048","In The Dark","dev","","32965","The Night The Sun Came Up","RVAL845359","dev","RVAR004921","2012","","3","canonical_track_album_links","105","appears_on","no","yes","no","ok","no"
"RVTR028048","In The Dark","dev","","32965","The Night The Sun Came Up","RVAL845359","dev","RVAR004921","2012","","9","canonical_album_tracks","0.88","","no","yes","no","ok","no"
"RVTR028239","No Place To Hide","korn","","30953","Life Is Peachy","RVAL488772","korn","RVAR004109","1996","","9","canonical_album_tracks","0.88","","no","yes","no","ok","no"
"RVTR028649","Here Come The Lords","lords of the underground","","35650","Here Come The Lords","RVAL992038","lords of the underground","RVAR006073","1993","","1","canonical_album_tracks","0.88","","no","yes","no","ok","no"
"RVTR028649","Here Come The Lords","lords of the underground","","35650","Here Come The Lords","RVAL992038","lords of the underground","RVAR006073","1993","","12","canonical_track_album_links","105","appears_on","no","yes","no","ok","no"
"RVTR029884","Pass Out","quavo","","28259","Quavo Huncho","RVAL919000","quavo","RVAR002940","2018","","2","canonical_album_tracks","0.88","","no","yes","no","ok","no"
"RVTR031816","With Teeth","nine inch nails","","30301","With Teeth","RVAL922133","nine inch nails","RVAR003792","2005","","7","canonical_album_tracks","0.88","","no","yes","no","ok","no"
"RVTR031848","See You Again","miley cyrus","","34261","Hannah Montana/Miley Cyrus: Best Of Both Worlds Concert","RVAL594224","miley cyrus","RVAR005427","2008","","1","canonical_track_album_links","105","appears_on","no","yes","no","ok","yes"
"RVTR032473","Something Beautiful","robbie williams","","34949","Escapology","RVAL340138","robbie williams","RVAR005745","2003","","3","canonical_album_tracks","0.88","","no","yes","no","ok","no"
"RVTR034202","Pets","porno for pyros","","22170","Porno For Pyros","RVAL875011","porno for pyros","RVAR000172","1993","","6","canonical_album_tracks","0.88","","no","yes","no","ok","no"
"RVTR034202","Pets","porno for pyros","","22170","Porno For Pyros","RVAL875011","porno for pyros","RVAR000172","1993","","8","canonical_track_album_links","105","appears_on","no","yes","no","ok","no"
"RVTR035491","Hungry","lita ford","","27031","Stiletto","RVAL663638","lita ford","RVAR002388","1990","","2","canonical_album_tracks","0.88","","no","yes","no","ok","no"
"RVTR035491","Hungry","lita ford","","27031","Stiletto","RVAL663638","lita ford","RVAR002388","1990","","4","canonical_track_album_links","105","appears_on","no","yes","no","ok","no"
"RVTR036491","Love Me","The 1975","","42344","I Like It When You Sleep, For You Are So Beautiful Yet So Unaware Of It","RVAL659225","The 1975","RVAR008462","2016","","2","canonical_album_tracks","0.88","","no","yes","no","ok","no"
"RVTR036491","Love Me","The 1975","","42344","I Like It When You Sleep, For You Are So Beautiful Yet So Unaware Of It","RVAL659225","The 1975","RVAR008462","2016","","13","canonical_track_album_links","105","appears_on","no","yes","no","ok","no"
"RVTR036599","Summer In The City","The Lovin' Spoonful","","42966","Best...lovin' Spoonful","RVAL425182","The Lovin' Spoonful","RVAR008795","1976","","13","canonical_album_tracks","0.74","","no","yes","no","review_required","no"
"RVTR037104","Neighbourhood","space","","23488","Spiders","RVAL426002","space","RVAR000846","1997","","1","canonical_album_tracks","0.88","","no","yes","no","ok","no"
"RVTR038180","Your Heart Is Free Just Like The Wind","vikki carr","","25971","Vikki!","RVAL667806","vikki carr","RVAR001895","1968","","11","canonical_album_tracks","0.86","","no","yes","no","ok","no"
"RVTR038180","Your Heart Is Free Just Like The Wind","vikki carr","","25971","Vikki!","RVAL667806","vikki carr","RVAR001895","1968","","24","canonical_track_album_links","105","appears_on","no","yes","no","ok","no"
"RVTR039775","So In Love","jill scott","","35683","The Light Of The Sun","RVAL042299","jill scott","RVAR006087","2011","","2","canonical_album_tracks","0.88","","no","yes","no","ok","no"
"RVTR039979","Bring Out The Freak In You","lil rob","","35639","Twelve Eighteen: Part I","RVAL422691","lil rob","RVAR006064","2005","","4","canonical_track_album_links","105","appears_on","no","yes","no","ok","yes"
"RVTR042935","Over Under Sideways Down","The Yardbirds","","42397","Over Under Sideways Down","RVAL308666","The Yardbirds","RVAR008490","1966","","2","canonical_album_tracks","0.88","","no","yes","no","ok","no"
"RVTR042935","Over Under Sideways Down","The Yardbirds","","42397","Over Under Sideways Down","RVAL308666","The Yardbirds","RVAR008490","1966","","3","canonical_track_album_links","105","appears_on","no","yes","no","ok","no"
"RVTR043386","Stone Cold","rainbow","","26682","Straight Between The Eyes","RVAL870323","rainbow","RVAR002265","1982","","2","canonical_album_tracks","0.88","","no","yes","no","ok","no"
"RVTR043386","Stone Cold","rainbow","","26677","Finyl Vinyl","RVAL186840","rainbow","RVAR002265","1986","","9","canonical_album_tracks","0.88","","no","yes","no","ok","no"
"RVTR043411","Gold","kiiara","","27386","Low Kii Savage (EP)","RVAL601479","kiiara","RVAR002541","2016","","6","canonical_track_album_links","105","appears_on","no","yes","no","ok","yes"
"RVTR044598","Do It Again","The Chemical Brothers","","41704","We Are The Night","RVAL457954","The Chemical Brothers","RVAR008135","2007","","5","canonical_album_tracks","0.88","","no","yes","no","ok","no"
"RVTR044841","I Don'T Want A Lover","texas","","27241","Southside","RVAL931212","texas","RVAR002467","1989","","1","canonical_album_tracks","0.88","","no","yes","no","ok","no"
"RVTR044949","What Happened To That Boy","baby","","34239","Birdman","RVAL952559","baby","RVAR005406","2002","","7","canonical_track_album_links","105","appears_on","no","yes","no","ok","no"
"RVTR044949","What Happened To That Boy","baby","","34239","Birdman","RVAL952559","baby","RVAR005406","2002","","10","canonical_album_tracks","0.88","","no","yes","no","ok","no"
"RVTR045047","Who'S Sorry Now","marie osmond","","30806","Who's Sorry Now","RVAL008304","marie osmond","RVAR004036","1975","","1","canonical_album_tracks","0.88","","no","yes","no","ok","no"
"RVTR045295","Best Thing I Never Had","beyonce","","39115","4","RVAL270175","beyonce","RVAR006942","2011","","4","canonical_album_tracks","0.95","","no","yes","no","ok","no"
"RVTR045295","Best Thing I Never Had","beyonce","","39115","4","RVAL270175","beyonce","RVAR006942","2011","","6","canonical_track_album_links","105","appears_on","no","yes","no","ok","no"
"RVTR045651","It'S Only Love","simply red","","24033","Greatest Hits","RVAL320181","simply red","RVAR001033","1996","","4","canonical_album_tracks","0.88","","no","yes","no","ok","no"
"RVTR045791","Music To Watch Girls By","bob crewe generation","","29312","Music To Watch Girls By","RVAL786619","bob crewe generation","RVAR003398","1967","","5","canonical_album_tracks","0.74","","no","yes","no","review_required","no"
"RVTR045791","Music To Watch Girls By","bob crewe generation","","29312","Music To Watch Girls By","RVAL786619","bob crewe generation","RVAR003398","1967","","6","canonical_track_album_links","105","appears_on","no","yes","no","ok","yes"
"RVTR045842","Blank Space","i prevail","","38766","Heart vs Mind (EP)","RVAL070885","i prevail","RVAR006768","2015","","3","canonical_track_album_links","105","appears_on","no","yes","no","ok","yes"
"RVTR045850","Digital Did You Tell","stone sour","","35433","Audio Secrecy","RVAL931084","stone sour","RVAR005949","2010","","3","canonical_album_tracks","1.0","","no","yes","no","curated","no"
"RVTR046660","Love Me Tonight","tom jones","","29988","Tom Jones' Greatest Hits","RVAL824060","tom jones","RVAR003636","1974","","5","canonical_album_tracks","0.88","","no","yes","no","ok","no"
"RVTR046660","Love Me Tonight","tom jones","","29984","Tom Jones Greatest Hits","RVAL608186","tom jones","RVAR003636","1977","","5","canonical_album_tracks","0.88","","no","yes","no","ok","no"
"RVTR046901","Paparazzi","xzibit","","24247","At The Speed Of Life","RVAL333632","xzibit","RVAR001120","1996","","7","canonical_album_tracks","0.88","","no","yes","no","ok","no"
"RVTR049298","Set Me Free","utopia","","34631","Adventures In Utopia","RVAL903218","utopia","RVAR005614","1980","","4","canonical_album_tracks","0.88","","no","yes","no","ok","no"
"RVTR049298","Set Me Free","utopia","","34631","Adventures In Utopia","RVAL903218","utopia","RVAR005614","1980","","10","canonical_track_album_links","105","appears_on","no","yes","no","ok","no"
"RVTR049362","Just Another Case","cru","","31279","Da Dirty 30","RVAL257029","cru","RVAR004242","1997","","4","canonical_album_tracks","0.88","","no","yes","no","ok","no"
"RVTR049362","Just Another Case","cru","","31279","Da Dirty 30","RVAL257029","cru","RVAR004242","1997","","23","canonical_track_album_links","105","appears_on","no","yes","no","ok","no"
"RVTR049698","California Nights","sweet","","38337","Level Headed","RVAL862688","sweet","RVAR006581","1978","","8","canonical_track_album_links","105","appears_on","no","yes","no","ok","yes"
"RVTR049919","Dirty Love","thunder","","29601","Backstreet Symphony","RVAL426324","thunder","RVAR003468","1991","","2","canonical_album_tracks","0.88","","no","yes","no","ok","no"
"RVTR049919","Dirty Love","thunder","","29601","Backstreet Symphony","RVAL426324","thunder","RVAR003468","1991","","7","canonical_track_album_links","105","appears_on","no","yes","no","ok","no"
"RVTR050173","1 Luv","e-40","","32771","In A Major Way","RVAL721435","e-40","RVAR004871","1995","","7","canonical_track_album_links","105","appears_on","no","yes","no","ok","no"
"RVTR050173","1 Luv","e-40","","32771","In A Major Way","RVAL721435","e-40","RVAR004871","1995","","9","canonical_album_tracks","0.88","","no","yes","no","ok","no"
"RVTR051349","The Itch","vitamin c","","23168","More","RVAL866788","vitamin c","RVAR000674","2001","","1","canonical_album_tracks","0.88","","no","yes","no","ok","no"
"RVTR051416","Who'S Making Love","young-holt unlimited","","39155","Soulful Strut","RVAL154268","young-holt unlimited","RVAR006952","1969","","1","canonical_album_tracks","0.88","","no","yes","no","ok","no"
"RVTR051753","Forever Yours","tony terry","","39242","Forever Yours","RVAL211012","tony terry","RVAR006992","1988","","1","canonical_album_tracks","0.88","","no","yes","no","ok","no"
"RVTR052724","I Shot The Sheriff","warren g","","26825","Take A Look Over Your Shoulder (Reality)","RVAL096675","warren g","RVAR002305","1997","","11","canonical_album_tracks","0.86","","no","yes","no","ok","no"
"RVTR052724","I Shot The Sheriff","warren g","","26825","Take A Look Over Your Shoulder (Reality)","RVAL096675","warren g","RVAR002305","1997","","12","canonical_track_album_links","105","appears_on","no","yes","no","ok","no"
"RVTR054400","Body Party","ciara","","24436","Ciara","RVAL216421","ciara","RVAR001203","2013","","3","canonical_album_tracks","0.88","","no","yes","no","ok","no"
"RVTR054679","Can'T Get Enough","patty loveless","","34186","Classics","RVAL727667","patty loveless","RVAR005397","1999","","1","canonical_album_tracks","0.88","","no","yes","no","ok","no"
"RVTR055437","Trippin'","total","","29960","Kima, Keisha & Pam","RVAL929725","total","RVAR003620","1998","","1","canonical_album_tracks","1.0","","no","yes","no","curated","no"
"RVTR056252","As Your Friend","afrojack","","24217","Forget The World","RVAL504445","afrojack","RVAR001107","2014","","11","canonical_album_tracks","0.86","","no","yes","no","ok","no"
"RVTR056252","As Your Friend","afrojack","","24217","Forget The World","RVAL504445","afrojack","RVAR001107","2014","","12","canonical_track_album_links","105","appears_on","no","yes","no","ok","no"
"RVTR056348","That'S Love","jim capaldi","","25836","Fierce Heart","RVAL052460","jim capaldi","RVAR001836","1983","","6","canonical_album_tracks","0.88","","no","yes","no","ok","no"
"RVTR058308","Starry Eyes","The Records","","42959","The Records","RVAL747511","The Records","RVAR008789","1979","","4","canonical_album_tracks","0.88","","no","yes","no","ok","no"
"RVTR059193","Save The Last Dance For Me","dolly parton","","26991","The Great Pretender","RVAL901815","dolly parton","RVAR002370","1984","","1","canonical_album_tracks","0.88","","no","yes","no","ok","no"
"RVTR059193","Save The Last Dance For Me","dolly parton","","26991","The Great Pretender","RVAL901815","dolly parton","RVAR002370","1984","","10","canonical_track_album_links","105","appears_on","no","yes","no","ok","no"
"RVTR059727","Secrets","mary lambert","","31908","Heart On My Sleeve","RVAL447556","mary lambert","RVAR004528","2014","","1","canonical_album_tracks","0.88","","no","yes","no","ok","no"
"RVTR059727","Secrets","mary lambert","","31908","Heart On My Sleeve","RVAL447556","mary lambert","RVAR004528","2014","","5","canonical_track_album_links","105","appears_on","no","yes","no","ok","no"
"RVTR059829","Throw That","slaughterhouse","","31358","Welcome To: Our House","RVAL858035","slaughterhouse","RVAR004288","2012","","4","canonical_album_tracks","0.88","","no","yes","no","ok","no"
"RVTR059829","Throw That","slaughterhouse","","31358","Welcome To: Our House","RVAL858035","slaughterhouse","RVAR004288","2012","","16","canonical_track_album_links","105","appears_on","no","yes","no","ok","no"
"RVTR059872","Goin' Down","greg guidry","","33809","Over The Line","RVAL918453","greg guidry","RVAR005220","1982","","1","canonical_album_tracks","1.0","","no","yes","no","curated","no"
"RVTR060382","Welcome 2 Detroit","trick-trick","","40166","The People Vs.","RVAL896030","trick-trick","RVAR007517","2006","","3","canonical_album_tracks","0.88","","no","yes","no","ok","no"
"RVTR060382","Welcome 2 Detroit","trick-trick","","40166","The People Vs.","RVAL896030","trick-trick","RVAR007517","2006","","14","canonical_track_album_links","105","appears_on","no","yes","no","ok","no"
"RVTR061694","All About It","hoodie allen","","23963","People Keep Talking","RVAL402030","hoodie allen","RVAR001014","2014","","5","canonical_album_tracks","0.88","","no","yes","no","ok","no"
"RVTR062389","The Daily Planet","love","","40172","Forever Changes","RVAL806349","love","RVAR007520","1968","","4","canonical_album_tracks","0.88","","no","yes","no","ok","no"
"RVTR062571","Make It Hot","nicole","","25429","Make It Hot","RVAL201789","nicole","RVAR001620","1998","","6","canonical_album_tracks","0.88","","no","yes","no","ok","no"
"RVTR064515","Man Behind The Music","queen pen","","30208","My Melody","RVAL358265","queen pen","RVAR003755","1998","","3","canonical_album_tracks","0.88","","no","yes","no","ok","no"
"RVTR064515","Man Behind The Music","queen pen","","30208","My Melody","RVAL358265","queen pen","RVAR003755","1998","","5","canonical_track_album_links","105","appears_on","no","yes","no","ok","no"
"RVTR065112","Hey Joe","love","","40174","Love","RVAL078030","love","RVAR007520","1966","","10","canonical_album_tracks","0.88","","no","yes","no","ok","no"
"RVTR065112","Hey Joe","love","","40176","Revisited","RVAL149083","love","RVAR007520","1970","","3","canonical_album_tracks","0.88","","no","yes","no","ok","no"
"RVTR067293","Navy Blue","diane renay","","39619","Navy Blue","RVAL124407","diane renay","RVAR007201","1964","","3","canonical_track_album_links","105","appears_on","no","yes","no","ok","yes"
"RVTR070108","Let Me Be The One","expose","","35618","Expose","RVAL539588","expose","RVAR006056","1992","","4","canonical_track_album_links","105","appears_on","no","yes","no","ok","yes"
"RVTR070228","Paradise","change","","23221","Miracles","RVAL830937","change","RVAR000720","1981","","1","canonical_album_tracks","0.88","","no","yes","no","ok","no"
"RVTR070228","Paradise","change","","23221","Miracles","RVAL830937","change","RVAR000720","1981","","6","canonical_track_album_links","105","appears_on","no","yes","no","ok","no"
"RVTR071449","Folsom Prison Blues","everlast","","29799","Love, War And The Ghost Of Whitey Ford","RVAL132295","everlast","RVAR003561","2008","","2","canonical_album_tracks","0.88","","no","yes","no","ok","no"
"RVTR071549","Eternity","vikki carr","","25971","Vikki!","RVAL667806","vikki carr","RVAR001895","1968","","13","canonical_album_tracks","0.86","","no","yes","no","ok","no"
"RVTR071549","Eternity","vikki carr","","25971","Vikki!","RVAL667806","vikki carr","RVAR001895","1968","","16","canonical_track_album_links","105","appears_on","no","yes","no","ok","no"
"RVTR071757","Gummo","6ix9ine","","30816","DAY69","RVAL262877","6ix9ine","RVAR004042","2018","","8","canonical_track_album_links","105","appears_on","no","yes","no","ok","yes"
"RVTR071757","Gummo","6ix9ine","","30816","DAY69","RVAL262877","6ix9ine","RVAR004042","2018","","11","canonical_album_tracks","0.74","","no","yes","no","review_required","no"
"RVTR072304","Here It Comes","mc serch","","28608","Return Of The Product","RVAL783898","mc serch","RVAR003114","1992","","1","canonical_album_tracks","0.88","","no","yes","no","ok","no"
"RVTR072304","Here It Comes","mc serch","","28608","Return Of The Product","RVAL783898","mc serch","RVAR003114","1992","","4","canonical_track_album_links","105","appears_on","no","yes","no","ok","no"
"RVTR072330","Nothing","The Script","","41581","Science & Faith","RVAL902913","The Script","RVAR008076","2011","","2","canonical_track_album_links","105","appears_on","no","yes","no","ok","no"
"RVTR072330","Nothing","The Script","","41581","Science & Faith","RVAL902913","The Script","RVAR008076","2011","","3","canonical_album_tracks","0.88","","no","yes","no","ok","no"
"RVTR072368","I Can'T Get Next To You","al green","","31732","What Makes The World Go Round?","RVAL997831","al green","RVAR004452","2008","","2","canonical_album_tracks","0.88","","no","yes","no","ok","no"
"RVTR072418","Shine Down","godsmack","","30447","IV","RVAL128242","godsmack","RVAR003837","2006","","4","canonical_album_tracks","0.88","","no","yes","no","ok","no"
"RVTR073870","Sail","awolnation","","27672","Megalithic Symphony","RVAL972124","awolnation","RVAR002707","2011","","10","canonical_album_tracks","0.88","","no","yes","no","ok","no"
"RVTR073870","Sail","awolnation","","27672","Megalithic Symphony","RVAL972124","awolnation","RVAR002707","2011","","27","canonical_track_album_links","105","appears_on","no","yes","no","ok","no"
"RVTR074466","Get Down","craig mack","","26484","Project: Funk Da World","RVAL713124","craig mack","RVAR002123","1994","","2","canonical_album_tracks","0.88","","no","yes","no","ok","no"
"RVTR074466","Get Down","craig mack","","26484","Project: Funk Da World","RVAL713124","craig mack","RVAR002123","1994","","8","canonical_track_album_links","105","appears_on","no","yes","no","ok","no"
"RVTR077991","Music From Across The Way","james last","","23647","Music From Across The Way","RVAL273305","james last","RVAR000904","1972","","1","canonical_album_tracks","0.88","","no","yes","no","ok","no"
"RVTR079524","Long And Lonesome Road","The Shocking Blue","","41235","The Shocking Blue","RVAL458110","The Shocking Blue","RVAR007921","1970","","14","canonical_track_album_links","105","appears_on","no","yes","no","ok","yes"
"RVTR080508","Erotic City","prince","","38948","The Hits/The B-Sides","RVAL202261","prince","RVAR006857","1993","","4","canonical_album_tracks","0.74","","no","yes","no","review_required","no"
"RVTR081047","Diamonds And Pearls","prince","","38948","The Hits/The B-Sides","RVAL202261","prince","RVAR006857","1993","","1","canonical_album_tracks","0.74","","no","yes","no","review_required","no"
"RVTR081047","Diamonds And Pearls","prince","","38952","Ultimate","RVAL239557","prince","RVAR006857","2006","","14","canonical_album_tracks","0.74","","no","yes","no","review_required","no"
"RVTR081512","Dedicated To The One I Love","bernadette peters","","28416","Now Playing","RVAL055078","bernadette peters","RVAR003013","1981","","1","canonical_album_tracks","0.88","","no","yes","no","ok","no"
"RVTR082259","Headfirst Slide Into Cooperstown On A Bad Bet","fall out boy","","23036","Folie A Deux","RVAL986704","fall out boy","RVAR000611","2009","","7","canonical_track_album_links","105","appears_on","no","yes","no","ok","yes"
"RVTR082930","Walking Into Sunshine","central line","","27588","Central Line","RVAL818630","central line","RVAR002669","1982","","1","canonical_album_tracks","0.88","","no","yes","no","ok","no"
"RVTR083567","Stranger","jefferson starship","","30159","Modern Times","RVAL832077","jefferson starship","RVAR003709","1981","","2","canonical_album_tracks","0.88","","no","yes","no","ok","no"
"RVTR086194","I Like The Way She Do It","g unit","","32763","T*O*S (Terminate On Sight)","RVAL463062","g unit","RVAR004865","2008","","9","canonical_album_tracks","0.88","","no","yes","no","ok","no"
"RVTR088856","Take Back Home Girl","chris lane","","34104","Laps Around The Sun","RVAL731480","chris lane","RVAR005353","2018","","1","canonical_album_tracks","0.88","","no","yes","no","ok","no"
"RVTR090160","Shackin' Up","barbara mason","","30167","Love's The Thing","RVAL266199","barbara mason","RVAR003715","1975","","1","canonical_album_tracks","1.0","","no","yes","no","curated","no"
"RVTR090325","Drop","The Pharcyde","","41206","Labcabincalifornia","RVAL805196","The Pharcyde","RVAR007916","1995","","9","canonical_album_tracks","0.88","","no","yes","no","ok","no"
"RVTR090325","Drop","The Pharcyde","","41206","Labcabincalifornia","RVAL805196","The Pharcyde","RVAR007916","1995","","39","canonical_track_album_links","105","appears_on","no","yes","no","ok","no"
"RVTR091185","I'M That Type Of Guy","ll cool j","","32608","Walking With A Panther","RVAL766544","ll cool j","RVAR004808","1989","","6","canonical_album_tracks","0.74","","no","yes","no","review_required","no"
"RVTR091943","I Like It I Wanna Be Where You Are","grand puba","","31861","2000","RVAL049801","grand puba","RVAR004513","1995","","2","canonical_album_tracks","0.88","","no","yes","no","ok","no"
"RVTR094052","Ruffneck","mc lyte","","27378","Ain't No Other","RVAL955557","mc lyte","RVAR002534","1993","","3","canonical_album_tracks","0.88","","no","yes","no","ok","no"
"RVTR094052","Ruffneck","mc lyte","","27378","Ain't No Other","RVAL955557","mc lyte","RVAR002534","1993","","10","canonical_track_album_links","105","appears_on","no","yes","no","ok","no"
"RVTR094911","Robert Montgomery","love","","40173","Four Sail","RVAL370397","love","RVAR007520","1969","","7","canonical_album_tracks","0.88","","no","yes","no","ok","no"
"RVTR095419","Kisses On The Wind","neneh cherry","","37999","Raw Like Sushi","RVAL275264","neneh cherry","RVAR006479","1989","","3","canonical_album_tracks","0.88","","no","yes","no","ok","no"
"RVTR095419","Kisses On The Wind","neneh cherry","","37999","Raw Like Sushi","RVAL275264","neneh cherry","RVAR006479","1989","","11","canonical_track_album_links","105","appears_on","no","yes","no","ok","no"
"RVTR095851","Animals","martin garrix","","39650","Gold Skies EP","RVAL337745","martin garrix","RVAR007211","2014","","2","canonical_album_tracks","0.88","","no","yes","no","ok","no"
"RVTR097330","Check Yo Self","ice cube","","34935","Featuring...Ice Cube","RVAL799968","ice cube","RVAR005733","1998","","5","canonical_album_tracks","0.88","","no","yes","no","ok","no"
"RVTR097330","Check Yo Self","ice cube","","34935","Featuring...Ice Cube","RVAL799968","ice cube","RVAR005733","1998","","6","canonical_track_album_links","105","appears_on","no","yes","no","ok","no"
"RVTR098315","Gangsta Lovin'","eve","","32082","Eve-olution","RVAL630295","eve","RVAR004612","2002","","2","canonical_album_tracks","1.0","","no","yes","no","curated","no"
"RVTR098327","Firestone","kygo","","35658","Cloud Nine","RVAL921967","kygo","RVAR006080","2016","","5","canonical_album_tracks","0.88","","no","yes","no","ok","no"
"RVTR098984","Handclap","fitz and the tantrums","","39983","Fitz And The Tantrums","RVAL327961","fitz and the tantrums","RVAR007380","2016","","1","canonical_album_tracks","0.88","","no","yes","no","ok","no"
"RVTR098984","Handclap","fitz and the tantrums","","39983","Fitz And The Tantrums","RVAL327961","fitz and the tantrums","RVAR007380","2016","","7","canonical_track_album_links","105","appears_on","no","yes","no","ok","no"
"RVTR101020","So You Ran","orion the hunter","","23201","Orion The Hunter","RVAL231394","orion the hunter","RVAR000693","1984","","2","canonical_album_tracks","0.88","","no","yes","no","ok","no"
"RVTR101728","Diary Of A Madman","gravediggaz","","25911","6 Feet Deep","RVAL807662","gravediggaz","RVAR001862","1994","","9","canonical_album_tracks","0.88","","no","yes","no","ok","no"
"RVTR101728","Diary Of A Madman","gravediggaz","","25911","6 Feet Deep","RVAL807662","gravediggaz","RVAR001862","1994","","16","canonical_track_album_links","105","appears_on","no","yes","no","ok","no"
"RVTR103635","Family Feud","jay-z","","31811","4:44","RVAL755654","jay-z","RVAR004494","2017","","6","canonical_album_tracks","0.88","","no","yes","no","ok","no"
"RVTR104244","Because Of You","98 degrees","","30371","98 Degrees And Rising","RVAL584714","98 degrees","RVAR003817","1998","","5","canonical_track_album_links","105","appears_on","no","yes","no","ok","yes"
"RVTR104742","Dear Lie","tlc","","34273","TLC","RVAL023462","tlc","RVAR005429","2017","","5","canonical_track_album_links","105","appears_on","no","yes","no","ok","no"
"RVTR104742","Dear Lie","tlc","","34273","TLC","RVAL023462","tlc","RVAR005429","2017","","11","canonical_album_tracks","0.86","","no","yes","no","ok","no"
"RVTR105018","Chief Rocka","lords of the underground","","35650","Here Come The Lords","RVAL992038","lords of the underground","RVAR006073","1993","","7","canonical_track_album_links","105","appears_on","no","yes","no","ok","no"
"RVTR105018","Chief Rocka","lords of the underground","","35650","Here Come The Lords","RVAL992038","lords of the underground","RVAR006073","1993","","11","canonical_album_tracks","0.86","","no","yes","no","ok","no"
"RVTR106123","Love Always","el debarge","","29750","El DeBarge","RVAL791311","el debarge","RVAR003539","1986","","7","canonical_album_tracks","0.88","","no","yes","no","ok","no"
"RVTR106123","Love Always","el debarge","","29750","El DeBarge","RVAL791311","el debarge","RVAR003539","1986","","11","canonical_track_album_links","105","appears_on","no","yes","no","ok","no"
"RVTR109510","Dream","forest for the trees","","34038","Forest For The Trees","RVAL666452","forest for the trees","RVAR005318","1997","","1","canonical_album_tracks","0.88","","no","yes","no","ok","no"
"RVTR112421","Doin' Time","sublime","","26717","The Best Of Sublime: 20th Century Masters The Millenium Collection","RVAL722776","sublime","RVAR002276","2003","","6","canonical_album_tracks","0.74","","no","yes","no","review_required","no"
"RVTR112925","Control","halsey","","28428","Badlands","RVAL583923","halsey","RVAR003017","2015","","9","canonical_album_tracks","0.88","","no","yes","no","ok","no"
"RVTR113868","Tough World","donnie iris","","34381","The High And The Mighty","RVAL779177","donnie iris","RVAR005484","1982","","1","canonical_album_tracks","0.88","","no","yes","no","ok","no"
"RVTR113947","I'Ve Got So Much To Give","barry white","","21948","The Best Of Barry White: 20th Century Masters The Millennium Collection","RVAL475419","barry white","RVAR000106","2003","","12","canonical_album_tracks","0.74","","no","yes","no","review_required","no"
"RVTR114152","Baby Don'T You Know","wild cherry","","39360","Electrified Funk","RVAL000474","wild cherry","RVAR007080","1977","","1","canonical_album_tracks","0.88","","no","yes","no","ok","no"
"RVTR120121","Free Fallin'","john mayer","","32539","Where The Light Is: John Mayer Live In Los Angeles","RVAL869262","john mayer","RVAR004766","2008","","5","canonical_album_tracks","0.88","","no","yes","no","ok","no"
"RVTR121854","Poor Georgie","mc lyte","","27377","Act Like You Know","RVAL623821","mc lyte","RVAR002534","1991","","4","canonical_track_album_links","105","appears_on","no","yes","no","ok","no"
"RVTR121854","Poor Georgie","mc lyte","","27377","Act Like You Know","RVAL623821","mc lyte","RVAR002534","1991","","6","canonical_album_tracks","0.88","","no","yes","no","ok","no"
"RVTR122736","Love With The Proper Stranger","jack jones","","40223","Bewitched","RVAL781033","jack jones","RVAR007552","1964","","1","canonical_album_tracks","0.88","","no","yes","no","ok","no"
"RVTR123740","Everybody Talks","neon trees","","35173","Picture Show","RVAL083460","neon trees","RVAR005855","2012","","3","canonical_album_tracks","0.88","","no","yes","no","ok","no"
"RVTR123740","Everybody Talks","neon trees","","35173","Picture Show","RVAL083460","neon trees","RVAR005855","2012","","4","canonical_track_album_links","105","appears_on","no","yes","no","ok","no"
"RVTR123882","Starry Eyed Surprise","oakenfold","","38741","Bunkka","RVAL213549","oakenfold","RVAR006763","2002","","8","canonical_album_tracks","0.88","","no","yes","no","ok","no"
"RVTR123882","Starry Eyed Surprise","oakenfold","","38741","Bunkka","RVAL213549","oakenfold","RVAR006763","2002","","10","canonical_track_album_links","105","appears_on","no","yes","no","ok","no"
"RVTR125033","Justine","The Righteous Brothers","","42631","This Is New!","RVAL327591","The Righteous Brothers","RVAR008606","1965","","1","canonical_album_tracks","0.88","","no","yes","no","ok","no"
"RVTR125033","Justine","The Righteous Brothers","","42626","Soul & Inspiration","RVAL828122","The Righteous Brothers","RVAR008606","1966","","2","canonical_track_album_links","105","appears_on","no","yes","no","ok","no"
"RVTR125033","Justine","The Righteous Brothers","","42626","Soul & Inspiration","RVAL828122","The Righteous Brothers","RVAR008606","1966","","13","canonical_album_tracks","0.86","","no","yes","no","ok","no"
"RVTR125033","Justine","The Righteous Brothers","","42620","Greatest Hits, Vol. 2","RVAL521854","The Righteous Brothers","RVAR008606","1969","","10","canonical_album_tracks","0.88","","no","yes","no","ok","no"
"RVTR125657","Do You Compute","donnie iris","","34378","Fortune 410","RVAL902511","donnie iris","RVAR005484","1983","","10","canonical_album_tracks","0.88","","no","yes","no","ok","no"
"RVTR127051","Honey Honey","david hudson","","26603","To You Honey Honey With Love","RVAL078483","david hudson","RVAR002231","1980","","1","canonical_album_tracks","0.88","","no","yes","no","ok","no"
"RVTR127905","At My Best","machine gun kelly","","27363","bloom","RVAL898554","machine gun kelly","RVAR002522","2017","","4","canonical_album_tracks","0.88","","no","yes","no","ok","no"
"RVTR129253","What The Hell","avril lavigne","","31392","Goodbye Lullaby","RVAL440438","avril lavigne","RVAR004307","2011","","2","canonical_album_tracks","0.88","","no","yes","no","ok","no"
"RVTR129253","What The Hell","avril lavigne","","31392","Goodbye Lullaby","RVAL440438","avril lavigne","RVAR004307","2011","","7","canonical_track_album_links","105","appears_on","no","yes","no","ok","no"
"RVTR130399","Love'S Taken Over","chante moore","","40365","Precious","RVAL120322","chante moore","RVAR007617","1993","","1","canonical_album_tracks","0.74","","no","yes","no","review_required","no"
"RVTR130399","Love'S Taken Over","chante moore","","40365","Precious","RVAL120322","chante moore","RVAR007617","1993","","12","canonical_album_tracks","0.74","","no","yes","no","review_required","no"
"RVTR130746","O","omarion","","31585","O","RVAL528963","omarion","RVAR004388","2005","","3","canonical_album_tracks","0.88","","no","yes","no","ok","no"
"RVTR130783","Funky Child","lords of the underground","","35650","Here Come The Lords","RVAL992038","lords of the underground","RVAR006073","1993","","3","canonical_album_tracks","0.88","","no","yes","no","ok","no"
"RVTR130783","Funky Child","lords of the underground","","35650","Here Come The Lords","RVAL992038","lords of the underground","RVAR006073","1993","","8","canonical_track_album_links","105","appears_on","no","yes","no","ok","no"
"RVTR132477","The Importance Of Being Idle","oasis","","28909","Don't Believe The Truth","RVAL418174","oasis","RVAR003219","2005","","5","canonical_album_tracks","0.88","","no","yes","no","ok","no"
"RVTR132477","The Importance Of Being Idle","oasis","","28913","Stop The Clocks (Best Of)","RVAL310039","oasis","RVAR003219","2006","","16","canonical_album_tracks","0.74","","no","yes","no","review_required","no"
"RVTR133620","My Guy","petula clark","","33858","I Couldn't Live Without Your Love","RVAL457952","petula clark","RVAR005240","1966","","9","canonical_track_album_links","105","appears_on","no","yes","no","ok","no"
"RVTR133620","My Guy","petula clark","","33858","I Couldn't Live Without Your Love","RVAL457952","petula clark","RVAR005240","1966","","17","canonical_album_tracks","0.86","","no","yes","no","ok","no"
"RVTR133934","Dancing Shoes","dev","","32965","The Night The Sun Came Up","RVAL845359","dev","RVAR004921","2012","","7","canonical_album_tracks","0.88","","no","yes","no","ok","no"
"RVTR134120","Baby U Are","gerald levert","","35339","G","RVAL361865","gerald levert","RVAR005909","2000","","10","canonical_track_album_links","105","appears_on","no","yes","no","ok","no"
"RVTR134120","Baby U Are","gerald levert","","35339","G","RVAL361865","gerald levert","RVAR005909","2000","","12","canonical_album_tracks","0.86","","no","yes","no","ok","no"
"RVTR134286","If There Was Any Other Way","celine dion","","32393","Unison","RVAL248451","celine dion","RVAR004700","1991","","7","canonical_album_tracks","0.74","","no","yes","no","review_required","no"
"RVTR136966","A New Flame","simply red","","24031","A New Flame","RVAL370918","simply red","RVAR001033","1989","","2","canonical_album_tracks","0.88","","no","yes","no","ok","no"
"RVTR136966","A New Flame","simply red","","24033","Greatest Hits","RVAL320181","simply red","RVAR001033","1996","","5","canonical_album_tracks","0.88","","no","yes","no","ok","no"
"RVTR137287","Deep Enough For Me","ocean","","23051","Put Your Hand In The Hand","RVAL584922","ocean","RVAR000626","1971","","4","canonical_album_tracks","0.88","","no","yes","no","ok","no"
"RVTR137287","Deep Enough For Me","ocean","","23051","Put Your Hand In The Hand","RVAL584922","ocean","RVAR000626","1971","","7","canonical_track_album_links","105","appears_on","no","yes","no","ok","no"
"RVTR138323","Sweet Merilee","donnie iris","","34379","King Cool","RVAL860132","donnie iris","RVAR005484","1981","","1","canonical_album_tracks","0.88","","no","yes","no","ok","no"
"RVTR138502","Girls","major lance","","37389","Major's Greatest Hits","RVAL091433","major lance","RVAR006156","1965","","5","canonical_album_tracks","0.88","","no","yes","no","ok","no"
"RVTR141091","Loving You","johnny nash","","23181","My Merry-Go-Round","RVAL788082","johnny nash","RVAR000684","1973","","7","canonical_album_tracks","0.88","","no","yes","no","ok","no"
"RVTR141581","Love Me Or Leave Me Alone","brand nubian","","28359","In God We Trust","RVAL748636","brand nubian","RVAR002984","1993","","7","canonical_track_album_links","105","appears_on","no","yes","no","ok","no"
"RVTR141581","Love Me Or Leave Me Alone","brand nubian","","28359","In God We Trust","RVAL748636","brand nubian","RVAR002984","1993","","10","canonical_album_tracks","0.88","","no","yes","no","ok","no"
"RVTR141936","I Drove All Night","celine dion","","32388","One Heart","RVAL450345","celine dion","RVAR004700","2003","","8","canonical_track_album_links","105","appears_on","no","yes","no","ok","yes"
"RVTR141936","I Drove All Night","celine dion","","32380","A New Day...Live In Las Vegas","RVAL218442","celine dion","RVAR004700","2004","","7","canonical_album_tracks","0.74","","no","yes","no","review_required","no"
"RVTR144318","Wish","diplo","","40105","California (EP)","RVAL454723","diplo","RVAR007486","2018","","6","canonical_track_album_links","105","appears_on","no","yes","no","ok","yes"
"RVTR144392","Tired","stone sour","","35435","House Of Gold & Bones: Part 1","RVAL724862","stone sour","RVAR005949","2012","","5","canonical_album_tracks","0.88","","no","yes","no","ok","no"
"RVTR144462","My Eyes Get Blurry","kenny nolan","","30628","Kenny Nolan","RVAL790605","kenny nolan","RVAR003931","1977","","5","canonical_album_tracks","0.88","","no","yes","no","ok","no"
"RVTR144462","My Eyes Get Blurry","kenny nolan","","30628","Kenny Nolan","RVAL790605","kenny nolan","RVAR003931","1977","","6","canonical_track_album_links","105","appears_on","no","yes","no","ok","no"
"RVTR145300","Mad Izm","channel live","","37929","Station Identification","RVAL430815","channel live","RVAR006460","1995","","2","canonical_track_album_links","105","appears_on","no","yes","no","ok","no"
"RVTR145300","Mad Izm","channel live","","37929","Station Identification","RVAL430815","channel live","RVAR006460","1995","","6","canonical_album_tracks","0.88","","no","yes","no","ok","no"
"RVTR145650","Like This","mims","","32113","Music Is My Savior","RVAL162859","mims","RVAR004636","2007","","6","canonical_track_album_links","105","appears_on","no","yes","no","ok","no"
"RVTR145650","Like This","mims","","32113","Music Is My Savior","RVAL162859","mims","RVAR004636","2007","","9","canonical_album_tracks","0.88","","no","yes","no","ok","no"
"RVTR146087","Want You For My Girlfriend","4 by four","","30049","4 By Four","RVAL371209","4 by four","RVAR003662","1987","","2","canonical_album_tracks","0.88","","no","yes","no","ok","no"
"RVTR147392","Hold Me Thrill Me Kiss Me","mel carter","","29757","Hold Me, Thrill Me, Kiss Me","RVAL019617","mel carter","RVAR003546","1965","","11","canonical_album_tracks","0.86","","no","yes","no","ok","no"
"RVTR147393","Hold Me Thrill Me Kiss Me","mel carter","","29757","Hold Me, Thrill Me, Kiss Me","RVAL019617","mel carter","RVAR003546","1965","","1","canonical_track_album_links","105","appears_on","no","yes","no","ok","yes"
"RVTR147762","Feel Me Flow","naughty by nature","","28701","Poverty's Paradise","RVAL409465","naughty by nature","RVAR003145","1995","","9","canonical_album_tracks","0.88","","no","yes","no","ok","no"
"RVTR147762","Feel Me Flow","naughty by nature","","28701","Poverty's Paradise","RVAL409465","naughty by nature","RVAR003145","1995","","17","canonical_track_album_links","105","appears_on","no","yes","no","ok","no"
"RVTR148644","Shadowboxin'","genius/gza","","24803","Liquid Swords","RVAL795666","genius/gza","RVAR001368","1995","","8","canonical_album_tracks","1.0","","no","yes","no","curated","no"
"RVTR148782","How Deep Is Your Love","bee gees","","24093","Bee Gees: Opus Collection","RVAL831363","bee gees","RVAR001053","2010","","1","canonical_album_tracks","0.74","","no","yes","no","review_required","no"
"RVTR148782","How Deep Is Your Love","bee gees","","24093","Bee Gees: Opus Collection","RVAL831363","bee gees","RVAR001053","2010","","6","canonical_album_tracks","0.74","","no","yes","no","review_required","no"
"RVTR149197","My Oh My","slade","","39538","Keep Your Hands Off My Power Supply","RVAL834028","slade","RVAR007169","1984","","2","canonical_album_tracks","0.88","","no","yes","no","ok","no"
"RVTR149221","Spend My Life With You","eric benet","","40841","A Day In The Life","RVAL211592","eric benet","RVAR007787","1999","","8","canonical_track_album_links","105","appears_on","no","yes","no","ok","yes"
"RVTR149606","Polka Pose","bobby vinton","","39636","Heart Of Hearts","RVAL833349","bobby vinton","RVAR007209","1975","","10","canonical_album_tracks","0.88","","no","yes","no","ok","no"
"RVTR149646","Changes","xxxtentacion","","23338","?","RVAL906016","xxxtentacion","RVAR000778","2018","","5","canonical_album_tracks","0.95","","no","yes","no","ok","no"
"RVTR149646","Changes","xxxtentacion","","23338","?","RVAL906016","xxxtentacion","RVAR000778","2018","","16","canonical_track_album_links","105","appears_on","no","yes","no","ok","no"
"RVTR149998","Mr Magic Man","wilson pickett","","30984","Mr. Magic Man","RVAL016637","wilson pickett","RVAR004119","1973","","1","canonical_album_tracks","0.88","","no","yes","no","ok","no"
"RVTR151526","Going Down","xxxtentacion","","23338","?","RVAL906016","xxxtentacion","RVAR000778","2018","","6","canonical_album_tracks","0.95","","no","yes","no","ok","no"
"RVTR151526","Going Down","xxxtentacion","","23338","?","RVAL906016","xxxtentacion","RVAR000778","2018","","17","canonical_track_album_links","105","appears_on","no","yes","no","ok","no"
"RVTR153221","Don'T Come Running Back To Me","nancy wilson","","39587","Today-My Way","RVAL977429","nancy wilson","RVAR007178","1965","","7","canonical_album_tracks","0.74","","no","yes","no","review_required","no"
"RVTR154282","Until It Sleeps","metallica","","40257","Load","RVAL974026","metallica","RVAR007560","1996","","4","canonical_album_tracks","0.88","","no","yes","no","ok","no"
"RVTR154282","Until It Sleeps","metallica","","40257","Load","RVAL974026","metallica","RVAR007560","1996","","13","canonical_track_album_links","105","appears_on","no","yes","no","ok","no"
"RVTR154615","Eye 2 Eye","huncho jack","","40183","Huncho Jack, Jack Huncho","RVAL042567","huncho jack","RVAR007531","2018","","3","canonical_album_tracks","0.88","","no","yes","no","ok","no"
"RVTR154615","Eye 2 Eye","huncho jack","","40183","Huncho Jack, Jack Huncho","RVAL042567","huncho jack","RVAR007531","2018","","4","canonical_track_album_links","105","appears_on","no","yes","no","ok","no"
"RVTR156320","Girl Tonite","twista","","29128","The Day After","RVAL849696","twista","RVAR003346","2005","","6","canonical_album_tracks","0.88","","no","yes","no","ok","no"
"RVTR156587","Secrets","mac davis","","23158","Texas In My Rear View Mirror","RVAL333830","mac davis","RVAR000666","1980","","9","canonical_album_tracks","0.88","","no","yes","no","ok","no"
"RVTR156690","America","yes","","27268","Yesterdays","RVAL449620","yes","RVAR002473","1975","","1","canonical_album_tracks","0.88","","no","yes","no","ok","no"
"RVTR156690","America","yes","","27255","Keys To Ascension","RVAL741096","yes","RVAR002473","1996","","7","canonical_track_album_links","105","appears_on","no","yes","no","ok","yes"
"RVTR156795","This Is Why I'M Hot","mims","","32113","Music Is My Savior","RVAL162859","mims","RVAR004636","2007","","3","canonical_album_tracks","0.88","","no","yes","no","ok","no"
"RVTR157153","I'Ll Be Home","vikki carr","","25970","Vikki Carr's Love Story","RVAL815169","vikki carr","RVAR001895","1971","","3","canonical_album_tracks","0.88","","no","yes","no","ok","no"
"RVTR157315","Action","sweet","","38337","Level Headed","RVAL862688","sweet","RVAR006581","1978","","16","canonical_track_album_links","105","appears_on","no","yes","no","ok","yes"
"RVTR160681","Wild Thing","tone-loc","","35576","Loc-ed After Dark","RVAL887590","tone-loc","RVAR006044","1989","","3","canonical_track_album_links","105","appears_on","no","yes","no","ok","yes"
"RVTR163331","Brother Louie","stories","","38216","About Us","RVAL236141","stories","RVAR006544","1973","","10","canonical_track_album_links","105","appears_on","no","yes","no","ok","no"
"RVTR163331","Brother Louie","stories","","38216","About Us","RVAL236141","stories","RVAR006544","1973","","11","canonical_album_tracks","0.86","","no","yes","no","ok","no"
"RVTR163527","Back Up","dej loaf","","22840","#AndSeeThatsTheThing (EP)","RVAL511166","dej loaf","RVAR000512","2015","","1","canonical_track_album_links","105","appears_on","no","yes","no","ok","yes"
"RVTR165042","S O S","abba","","37438","The Best Of ABBA: 20th Century Masters The Millennium Collection","RVAL499137","abba","RVAR006197","2011","","2","canonical_track_album_links","105","appears_on","no","yes","no","ok","yes"
"RVTR166120","Old Man","love","","40172","Forever Changes","RVAL806349","love","RVAR007520","1968","","5","canonical_album_tracks","0.88","","no","yes","no","ok","no"
"RVTR166822","Working Class Man","jimmy barnes","","40861","Jimmy Barnes","RVAL191468","jimmy barnes","RVAR007792","1986","","3","canonical_album_tracks","0.88","","no","yes","no","ok","no"
"RVTR167315","Wuthering Heights","kate bush","","33205","Kate Bush","RVAL058767","kate bush","RVAR005008","1983","","5","canonical_album_tracks","0.88","","no","yes","no","ok","no"
"RVTR167507","Lip Sync To The Tongue Twisters","len barry","","37653","1-2-3","RVAL340405","len barry","RVAR006299","1965","","6","canonical_album_tracks","0.88","","no","yes","no","ok","no"
"RVTR168273","Mr Jones","mike jones","","25817","The American Dream (EP)","RVAL473114","mike jones","RVAR001826","2007","","3","canonical_track_album_links","105","appears_on","no","yes","no","ok","yes"
"RVTR168379","Dandy","herman's hermits","","39660","There's A Kind Of Hush All Over The World","RVAL385333","herman's hermits","RVAR007212","1967","","5","canonical_album_tracks","0.88","","no","yes","no","ok","no"
"RVTR169229","Lucifer","bob seger system","","34471","Mongrel","RVAL227514","bob seger system","RVAR005529","1970","","6","canonical_album_tracks","0.88","","no","yes","no","ok","no"
"RVTR169341","We Can Make Music","tommy roe","","24185","We Can Make Music","RVAL880498","tommy roe","RVAR001090","1970","","1","canonical_album_tracks","0.88","","no","yes","no","ok","no"
"RVTR169497","Westside","tq","","24289","They Never Saw Me Coming","RVAL930165","tq","RVAR001153","1998","","2","canonical_album_tracks","0.88","","no","yes","no","ok","no"
"RVTR169497","Westside","tq","","24289","They Never Saw Me Coming","RVAL930165","tq","RVAR001153","1998","","15","canonical_track_album_links","105","appears_on","no","yes","no","ok","no"
"RVTR169706","One Hundred Ways","james ingram","","35473","Forever More (Love Songs, Hits & Duets)","RVAL487134","james ingram","RVAR005972","1999","","10","canonical_album_tracks","0.88","","no","yes","no","ok","no"
"RVTR170776","I Really Like You","carly rae jepsen","","30718","E*MO*TION","RVAL688752","carly rae jepsen","RVAR003992","2015","","3","canonical_album_tracks","0.88","","no","yes","no","ok","no"
"RVTR172934","Blind Faith","warrant","","31619","Cherry Pie","RVAL484218","warrant","RVAR004410","1990","","7","canonical_album_tracks","0.88","","no","yes","no","ok","no"
"RVTR172934","Blind Faith","warrant","","31619","Cherry Pie","RVAL484218","warrant","RVAR004410","1990","","12","canonical_track_album_links","105","appears_on","no","yes","no","ok","no"
"RVTR174455","Let You Love Me","rita ora","","39553","Phoenix","RVAL652756","rita ora","RVAR007174","2018","","2","canonical_album_tracks","0.88","","no","yes","no","ok","no"
"RVTR176097","One Better Day","madness","","32880","Keep Moving","RVAL984358","madness","RVAR004896","1984","","4","canonical_album_tracks","0.88","","no","yes","no","ok","no"
"RVTR176832","L A Sunshine","war","","37501","Platinum Jazz","RVAL269201","war","RVAR006240","1977","","4","canonical_track_album_links","105","appears_on","no","yes","no","ok","no"
"RVTR176832","L A Sunshine","war","","37501","Platinum Jazz","RVAL269201","war","RVAR006240","1977","","5","canonical_album_tracks","0.88","","no","yes","no","ok","no"
"RVTR179175","Don'T Look Back In Anger","oasis","","28913","Stop The Clocks (Best Of)","RVAL310039","oasis","RVAR003219","2006","","5","canonical_album_tracks","0.74","","no","yes","no","review_required","no"
"RVTR179660","Jamboree","naughty by nature","","28700","Nineteen Naughty Nine Nature's Fury","RVAL371821","naughty by nature","RVAR003145","1999","","8","canonical_track_album_links","105","appears_on","no","yes","no","ok","yes"
"RVTR181490","Never My Love","addrisi brothers","","27663","Addrisi Brothers","RVAL809792","addrisi brothers","RVAR002701","1977","","5","canonical_track_album_links","105","appears_on","no","yes","no","ok","yes"
"RVTR181672","Tragedy","john hunter","","24408","Famous At Night","RVAL257612","john hunter","RVAR001184","1985","","1","canonical_album_tracks","0.88","","no","yes","no","ok","no"
"RVTR181936","Stay Real","erick sermon","","23166","No Pressure","RVAL600303","erick sermon","RVAR000669","1993","","3","canonical_album_tracks","0.88","","no","yes","no","ok","no"
"RVTR181936","Stay Real","erick sermon","","23166","No Pressure","RVAL600303","erick sermon","RVAR000669","1993","","14","canonical_track_album_links","105","appears_on","no","yes","no","ok","no"
"RVTR184435","I Won'T Forget You","poison","","25184","Best Of Ballads & Blues","RVAL337795","poison","RVAR001497","2003","","3","canonical_album_tracks","0.74","","no","yes","no","review_required","no"
"RVTR185700","Kick In The Teeth","papa roach","","33945","Time For Annihilation ... On The Record & On The Road","RVAL793557","papa roach","RVAR005286","2010","","7","canonical_album_tracks","0.74","","no","yes","no","review_required","no"
"RVTR185739","Stillsane","carolyne mas","","27721","Carolyne Mas","RVAL783981","carolyne mas","RVAR002727","1979","","1","canonical_album_tracks","0.88","","no","yes","no","ok","no"
"RVTR185739","Stillsane","carolyne mas","","27721","Carolyne Mas","RVAL783981","carolyne mas","RVAR002727","1979","","10","canonical_track_album_links","105","appears_on","no","yes","no","ok","no"
"RVTR186865","I Want You","shana","","28829","I Want You","RVAL435340","shana","RVAR003194","1990","","1","canonical_album_tracks","0.88","","no","yes","no","ok","no"
"RVTR187219","In Love Wit Chu","da brat","","39726","Limelite, Luv & Niteclubz","RVAL137928","da brat","RVAR007250","2003","","2","canonical_album_tracks","0.88","","no","yes","no","ok","no"
"RVTR190285","Got To Have Loving","don ray","","29599","Garden Of Love","RVAL400348","don ray","RVAR003463","1978","","1","canonical_track_album_links","105","appears_on","no","yes","no","ok","yes"
"RVTR192999","Let Go","sharon bryant","","23202","Here I Am","RVAL660933","sharon bryant","RVAR000697","1989","","5","canonical_album_tracks","0.88","","no","yes","no","ok","no"
"RVTR193064","Stay Awhile","The Bells","","41911","Fly, Little White Dove, Fly","RVAL065798","The Bells","RVAR008261","1971","","7","canonical_album_tracks","0.88","","no","yes","no","ok","no"
"RVTR195807","Thuggish Ruggish Bone","bone thugs-n-harmony","","30669","Creepin On Ah Come Up (EP)","RVAL170834","bone thugs-n-harmony","RVAR003975","1994","","8","canonical_track_album_links","105","appears_on","no","yes","no","ok","yes"
"RVTR196104","If It Ain'T One Thing It'S Another","richard ""dimples"" fields","","31566","Mr. Look So Good","RVAL921724","richard ""dimples"" fields","RVAR004369","1982","","1","canonical_album_tracks","0.88","","no","yes","no","ok","no"
"RVTR196481","Blue River","elvis presley","","40904","Double Trouble","RVAL584710","elvis presley","RVAR007802","1967","","2","canonical_track_album_links","105","appears_on","no","yes","no","ok","no"
"RVTR196481","Blue River","elvis presley","","40904","Double Trouble","RVAL584710","elvis presley","RVAR007802","1967","","11","canonical_album_tracks","0.86","","no","yes","no","ok","no"
"RVTR197966","Huncho Jack","huncho jack","","40183","Huncho Jack, Jack Huncho","RVAL042567","huncho jack","RVAR007531","2018","","5","canonical_track_album_links","105","appears_on","no","yes","no","ok","yes"
"RVTR198391","Black Steel In The Hour Of Chaos","public enemy","","38985","Power To The People And The Beats: Public Enemy's Greatest Hits","RVAL903485","public enemy","RVAR006881","2005","","7","canonical_album_tracks","0.88","","no","yes","no","ok","no"
"RVTR199165","Come Back Home","bobby goldsboro","","23507","Come Back Home","RVAL955097","bobby goldsboro","RVAR000855","1971","","1","canonical_album_tracks","0.88","","no","yes","no","ok","no"
"RVTR199221","One More Minute","saint tropez","","35687","Belle De Jour","RVAL573035","saint tropez","RVAR006088","1979","","2","canonical_album_tracks","0.88","","no","yes","no","ok","no"
"RVTR200136","Sending My Love","zhane","","29934","Pronounced Jah-Nay","RVAL528931","zhane","RVAR003610","1994","","8","canonical_track_album_links","105","appears_on","no","yes","no","ok","yes"
"RVTR200421","Ain'T Nothing You Can Do","bobby bland","","28578","Ain't Nothing You Can Do","RVAL506339","bobby bland","RVAR003098","1964","","1","canonical_album_tracks","0.88","","no","yes","no","ok","no"
"RVTR201130","Cecilia","times two","","28811","X2","RVAL757962","times two","RVAR003186","1988","","2","canonical_album_tracks","0.88","","no","yes","no","ok","no"
"RVTR201320","1984","spirit","","33827","Clear Spirit","RVAL561504","spirit","RVAR005227","1969","","9","canonical_track_album_links","105","appears_on","no","yes","no","ok","yes"
"RVTR201320","1984","spirit","","33832","The Best Of Spirit","RVAL413979","spirit","RVAR005227","1973","","1","canonical_album_tracks","0.88","","no","yes","no","ok","no"
"RVTR201659","Twisting The Night Away","rod stewart","","26224","Sing It Again Rod","RVAL087859","rod stewart","RVAR001978","1973","","8","canonical_album_tracks","0.88","","no","yes","no","ok","no"
"RVTR203409","Holy Roller","zach bryan","","43471","Zach Bryan","RVAL000005","zach bryan","RVAR006061","2023","","8","canonical_album_tracks","1.0","","no","no","no","curated","no"
"RVTR203638","I Owe You Nothing","bros","","31852","Push","RVAL975541","bros","RVAR004508","1988","","6","canonical_album_tracks","0.88","","no","yes","no","ok","no"
"RVTR203705","Fallen","mya","","34454","Moodring","RVAL372116","mya","RVAR005520","2003","","15","canonical_track_album_links","105","appears_on","no","yes","no","ok","yes"
"RVTR203807","Faded Pictures","case","","38403","Personal Conversation","RVAL865827","case","RVAR006623","1999","","2","canonical_track_album_links","105","appears_on","no","yes","no","ok","no"
"RVTR203807","Faded Pictures","case","","38403","Personal Conversation","RVAL865827","case","RVAR006623","1999","","4","canonical_album_tracks","0.88","","no","yes","no","ok","no"
"RVTR204143","I Need A Hot Girl","hot boys","","27937","Guerrilla Warfare","RVAL497610","hot boys","RVAR002772","1999","","8","canonical_track_album_links","105","appears_on","no","yes","no","ok","yes"
"RVTR205060","Soulful Strut","young-holt unlimited","","39155","Soulful Strut","RVAL154268","young-holt unlimited","RVAR006952","1969","","6","canonical_album_tracks","0.88","","no","yes","no","ok","no"
"RVTR205397","Long Train Runnin'","The Doobie Brothers","","42564","Greatest Hits","RVAL191700","The Doobie Brothers","RVAR008583","2001","","4","canonical_album_tracks","0.88","","no","yes","no","ok","no"
"RVTR206214","Delicate","terence trent d'arby","","34864","Symphony Or Damn","RVAL490401","terence trent d'arby","RVAR005713","1993","","6","canonical_track_album_links","105","appears_on","no","yes","no","ok","yes"
"RVTR206364","Seasons Change","expose","","35618","Expose","RVAL539588","expose","RVAR006056","1992","","5","canonical_track_album_links","105","appears_on","no","yes","no","ok","yes"
"RVTR207037","I Will Always Think About You","The New Colony Six","","42581","Revelations","RVAL142976","The New Colony Six","RVAR008592","1968","","1","canonical_album_tracks","0.88","","no","yes","no","ok","no"
"RVTR207410","Do It Again Put Ya Hands Up","jay-z","","31829","Vol. 3... Life And Times Of S. Carter","RVAL386872","jay-z","RVAR004494","2000","","3","canonical_album_tracks","0.88","","no","yes","no","ok","no"
"RVTR207609","My Girl","donnie iris","","34379","King Cool","RVAL860132","donnie iris","RVAR005484","1981","","6","canonical_album_tracks","0.88","","no","yes","no","ok","no"
"RVTR207910","Did You Ever Have To Make Up Your Mind","The Lovin' Spoonful","","42966","Best...lovin' Spoonful","RVAL425182","The Lovin' Spoonful","RVAR008795","1976","","7","canonical_album_tracks","0.74","","no","yes","no","review_required","no"
"RVTR207971","Party Ain'T A Party","queen pen","","30208","My Melody","RVAL358265","queen pen","RVAR003755","1998","","6","canonical_album_tracks","0.88","","no","yes","no","ok","no"
"RVTR208790","Steal My Sunshine","len","","37384","You Can't Stop The Bum Rush","RVAL661345","len","RVAR006152","1999","","1","canonical_album_tracks","0.88","","no","yes","no","ok","no"
"RVTR208790","Steal My Sunshine","len","","37384","You Can't Stop The Bum Rush","RVAL661345","len","RVAR006152","1999","","6","canonical_track_album_links","105","appears_on","no","yes","no","ok","no"
"RVTR209340","A Great Big Sled","The Killers","","42234","(Red) Christmas (EP)","RVAL235716","The Killers","RVAR008416","2011","","1","canonical_album_tracks","0.88","","no","yes","no","ok","no"
"RVTR209687","Down In A Hole","alice in chains","","39081","Nothing Safe","RVAL303753","alice in chains","RVAR006926","1999","","8","canonical_album_tracks","0.74","","no","yes","no","review_required","no"
"RVTR210513","Elena","The Marc Tanner Band","","41370","No Escape","RVAL622373","The Marc Tanner Band","RVAR008020","1979","","4","canonical_album_tracks","0.88","","no","yes","no","ok","no"
"RVTR210672","Jet City Woman","queensryche","","39237","Queensryche","RVAL415782","queensryche","RVAR006991","1983","","16","canonical_album_tracks","0.74","","no","yes","no","review_required","no"
"RVTR210672","Jet City Woman","queensryche","","39237","Queensryche","RVAL415782","queensryche","RVAR006991","1983","","19","canonical_album_tracks","0.74","","no","yes","no","review_required","no"
"RVTR210672","Jet City Woman","queensryche","","39231","Live Evolution","RVAL869668","queensryche","RVAR006991","2001","","13","canonical_album_tracks","0.74","","no","yes","no","review_required","no"
"RVTR210750","You Can'T Get Away","shana","","28829","I Want You","RVAL435340","shana","RVAR003194","1990","","5","canonical_album_tracks","0.88","","no","yes","no","ok","no"
"RVTR210819","We'Ve Got To Get It On Again","addrisi brothers","","27663","Addrisi Brothers","RVAL809792","addrisi brothers","RVAR002701","1977","","7","canonical_album_tracks","0.74","","no","yes","no","review_required","no"
"RVTR210980","Downfall","trustcompany","","39451","The Lonely Position Of Neutral","RVAL428691","trustcompany","RVAR007110","2002","","1","canonical_album_tracks","0.88","","no","yes","no","ok","no"
"RVTR210980","Downfall","trustcompany","","39451","The Lonely Position Of Neutral","RVAL428691","trustcompany","RVAR007110","2002","","6","canonical_track_album_links","105","appears_on","no","yes","no","ok","no"
"RVTR214365","One Fine Morning","lighthouse","","40510","One Fine Morning","RVAL648163","lighthouse","RVAR007687","1971","","6","canonical_album_tracks","0.88","","no","yes","no","ok","no"
"RVTR214365","One Fine Morning","lighthouse","","40510","One Fine Morning","RVAL648163","lighthouse","RVAR007687","1971","","7","canonical_track_album_links","105","appears_on","no","yes","no","ok","no"
"RVTR215478","Shimmy Shimmy Ya","ol' dirty bastard","","39191","Return To The 36 Chambers","RVAL661884","ol' dirty bastard","RVAR006970","1995","","6","canonical_track_album_links","105","appears_on","no","yes","no","ok","yes"
"RVTR215570","Strip","chris brown","","24565","Fortune","RVAL604360","chris brown","RVAR001255","2012","","9","canonical_album_tracks","0.88","","no","yes","no","ok","no"
"RVTR215738","Strobelite Honey","black sheep","","39526","A Wolf In Sheep's Clothing","RVAL471488","black sheep","RVAR007157","1991","","3","canonical_album_tracks","0.88","","no","yes","no","ok","no"
"RVTR215738","Strobelite Honey","black sheep","","39526","A Wolf In Sheep's Clothing","RVAL471488","black sheep","RVAR007157","1991","","7","canonical_track_album_links","105","appears_on","no","yes","no","ok","no"
"RVTR216083","Missing You","case","","38402","Open Letter","RVAL110842","case","RVAR006623","2001","","1","canonical_album_tracks","0.88","","no","yes","no","ok","no"
"RVTR216083","Missing You","case","","38402","Open Letter","RVAL110842","case","RVAR006623","2001","","2","canonical_track_album_links","105","appears_on","no","yes","no","ok","no"
"RVTR216319","7","prince","","38948","The Hits/The B-Sides","RVAL202261","prince","RVAR006857","1993","","49","canonical_album_tracks","0.74","","no","yes","no","review_required","no"
"RVTR216319","7","prince","","38952","Ultimate","RVAL239557","prince","RVAR006857","2006","","1","canonical_album_tracks","0.74","","no","yes","no","review_required","no"
"RVTR216679","Takin' Care Of Business","bachman-turner overdrive","","24662","Bachman Turner Overdrive","RVAL449748","bachman-turner overdrive","RVAR001310","1984","","9","canonical_album_tracks","0.88","","no","yes","no","ok","no"
"RVTR216923","New Divide","linkin park","","28982","One More Light: Live","RVAL437987","linkin park","RVAR003267","2018","","4","canonical_album_tracks","0.88","","no","yes","no","ok","no"
"RVTR216973","Pardon Me","incubus","","28016","Monuments And Melodies","RVAL255543","incubus","RVAR002822","2009","","10","canonical_album_tracks","0.88","","no","yes","no","ok","no"
"RVTR217624","Foolish Heart","sharon bryant","","23202","Here I Am","RVAL660933","sharon bryant","RVAR000697","1989","","4","canonical_album_tracks","0.88","","no","yes","no","ok","no"
"RVTR219024","G H E T T O U T","changing faces","","39776","All Day, All Night","RVAL169777","changing faces","RVAR007265","1997","","11","canonical_album_tracks","0.86","","no","yes","no","ok","no"
"RVTR219025","G H E T T O U T","changing faces","","39776","All Day, All Night","RVAL169777","changing faces","RVAR007265","1997","","1","canonical_track_album_links","105","appears_on","no","yes","no","ok","no"
"RVTR219025","G H E T T O U T","changing faces","","39776","All Day, All Night","RVAL169777","changing faces","RVAR007265","1997","","2","canonical_album_tracks","0.88","","no","yes","no","ok","no"
"RVTR219026","Bet Your Heart On Me","johnny lee","","37449","Bet Your Heart On Me","RVAL871900","johnny lee","RVAR006206","1981","","1","canonical_album_tracks","0.88","","no","yes","no","ok","no"
"RVTR219292","Underneath The Radar","underworld","","25376","Underneath The Radar","RVAL494977","underworld","RVAR001596","1988","","3","canonical_track_album_links","105","appears_on","no","yes","no","ok","no"
"RVTR219292","Underneath The Radar","underworld","","25376","Underneath The Radar","RVAL494977","underworld","RVAR001596","1988","","5","canonical_album_tracks","0.88","","no","yes","no","ok","no"
"RVTR220597","No Milk Today","herman's hermits","","39660","There's A Kind Of Hush All Over The World","RVAL385333","herman's hermits","RVAR007212","1967","","7","canonical_album_tracks","0.88","","no","yes","no","ok","no"
"RVTR220597","No Milk Today","herman's hermits","","39659","The Best Of Herman's Hermits, Volume III","RVAL331246","herman's hermits","RVAR007212","1968","","4","canonical_album_tracks","0.88","","no","yes","no","ok","no"
"RVTR221343","Into My Love","greg guidry","","33809","Over The Line","RVAL918453","greg guidry","RVAR005220","1982","","9","canonical_album_tracks","0.88","","no","yes","no","ok","no"
"RVTR221352","Knockin' Da Boots","h-town","","26503","Fever For Da Flavor","RVAL563511","h-town","RVAR002147","1993","","10","canonical_album_tracks","0.88","","no","yes","no","ok","no"
"RVTR221672","Primal Scream","motley crue","","30411","Live: Entertainment Or Death","RVAL179544","motley crue","RVAR003827","1999","","6","canonical_track_album_links","105","appears_on","no","yes","no","ok","yes"
"RVTR222100","Breaking Away","balance","","33502","Balance","RVAL000704","balance","RVAR005121","1981","","3","canonical_album_tracks","0.88","","no","yes","no","ok","no"
"RVTR222102","Cranes In The Sky","solange","","23112","A Seat At The Table","RVAL913069","solange","RVAR000655","2016","","4","canonical_album_tracks","0.88","","no","yes","no","ok","no"
"RVTR222102","Cranes In The Sky","solange","","23112","A Seat At The Table","RVAL913069","solange","RVAR000655","2016","","12","canonical_track_album_links","105","appears_on","no","yes","no","ok","no"
"RVTR222207","Like A Baby","len barry","","37653","1-2-3","RVAL340405","len barry","RVAR006299","1965","","6","canonical_track_album_links","105","appears_on","no","yes","no","ok","no"
"RVTR222207","Like A Baby","len barry","","37653","1-2-3","RVAL340405","len barry","RVAR006299","1965","","8","canonical_album_tracks","0.88","","no","yes","no","ok","no"
"RVTR223531","Dancin' Man","q","","24621","Dancin' Man","RVAL900239","q","RVAR001293","1977","","1","canonical_album_tracks","1.0","","no","yes","no","curated","no"
"RVTR223878","Nice Girls","melissa manchester","","27612","Greatest Hits","RVAL782580","melissa manchester","RVAR002684","1983","","7","canonical_album_tracks","0.88","","no","yes","no","ok","no"
"RVTR224099","Filthy","justin timberlake","","28194","Man Of The Woods","RVAL266278","justin timberlake","RVAR002914","2018","","1","canonical_album_tracks","0.88","","no","yes","no","ok","no"
"RVTR224099","Filthy","justin timberlake","","28194","Man Of The Woods","RVAL266278","justin timberlake","RVAR002914","2018","","10","canonical_track_album_links","105","appears_on","no","yes","no","ok","no"
"RVTR224124","Written In The Stars","tinie tempah","","37601","Disc-Overy","RVAL858521","tinie tempah","RVAR006289","2011","","7","canonical_album_tracks","0.88","","no","yes","no","ok","no"
"RVTR226749","Love On My Mind","xscape","","33082","Hummin' Comin' At 'Cha","RVAL555835","xscape","RVAR004964","1993","","9","canonical_track_album_links","105","appears_on","no","yes","no","ok","yes"
"RVTR227249","Back Against The Wall","cage the elephant","","24225","Cage The Elephant","RVAL944064","cage the elephant","RVAR001114","2009","","6","canonical_album_tracks","0.88","","no","yes","no","ok","no"
"RVTR228487","What They Want","russ","","31733","There's Really A Wolf","RVAL935846","russ","RVAR004454","2017","","9","canonical_track_album_links","105","appears_on","no","yes","no","ok","no"
"RVTR228487","What They Want","russ","","31733","There's Really A Wolf","RVAL935846","russ","RVAR004454","2017","","11","canonical_album_tracks","0.86","","no","yes","no","ok","no"
"RVTR229149","Morning Train Nine To Five","sheena easton","","23288","Sheena Easton","RVAL765336","sheena easton","RVAR000746","1981","","10","canonical_album_tracks","0.74","","no","yes","no","review_required","no"
"RVTR230920","Mighty Joe","The Shocking Blue","","41235","The Shocking Blue","RVAL458110","The Shocking Blue","RVAR007921","1970","","19","canonical_track_album_links","105","appears_on","no","yes","no","ok","yes"
"RVTR230928","Live And Let Live","love","","40172","Forever Changes","RVAL806349","love","RVAR007520","1968","","8","canonical_album_tracks","0.88","","no","yes","no","ok","no"
"RVTR231719","With You Tonight Hasta El Amanecer","nicky jam","","26355","Fenix","RVAL642110","nicky jam","RVAR002034","2017","","7","canonical_album_tracks","1.0","","no","yes","no","curated","no"
"RVTR232225","Dancing In The Shadows","after the fire","","29003","Atf","RVAL220448","after the fire","RVAR003280","1983","","3","canonical_album_tracks","0.88","","no","yes","no","ok","no"
"RVTR234023","I Want You Back","'n sync","","39391","The Essential *NSync","RVAL857678","'n sync","RVAR007093","2014","","23","canonical_album_tracks","0.74","","no","yes","no","review_required","no"
"RVTR234557","Throw Ya Gunz","onyx","","27049","Bacdafucup: Part II","RVAL064463","onyx","RVAR002392","2002","","7","canonical_track_album_links","105","appears_on","no","yes","no","ok","no"
"RVTR234557","Throw Ya Gunz","onyx","","27049","Bacdafucup: Part II","RVAL064463","onyx","RVAR002392","2002","","11","canonical_album_tracks","0.86","","no","yes","no","ok","no"
"RVTR237694","Keem O Sabe","The Electric Indian","","43181","Keem-O-Sabe","RVAL776196","The Electric Indian","RVAR008881","1969","","1","canonical_album_tracks","0.88","","no","yes","no","ok","no"
"RVTR237930","The Black Eyed Boys","paper lace","","22709","Paper Lace","RVAL116523","paper lace","RVAR000430","1974","","7","canonical_album_tracks","0.88","","no","yes","no","ok","no"
"RVTR238714","Tourniquet","zach bryan","","43471","Zach Bryan","RVAL000005","zach bryan","RVAR006061","2023","","12","canonical_album_tracks","1.0","","no","no","no","curated","no"
"RVTR239357","Whutcha Want","nine","","40376","Nine Livez","RVAL985663","nine","RVAR007624","1995","","6","canonical_album_tracks","0.88","","no","yes","no","ok","no"
"RVTR240194","Rock The Party","benzino","","24516","Redemption","RVAL959682","benzino","RVAR001235","2003","","3","canonical_album_tracks","0.88","","no","yes","no","ok","no"
"RVTR240241","Kiss Me Sailor","diane renay","","39619","Navy Blue","RVAL124407","diane renay","RVAR007201","1964","","24","canonical_track_album_links","105","appears_on","no","yes","no","ok","yes"
"RVTR240496","Would","alice in chains","","39081","Nothing Safe","RVAL303753","alice in chains","RVAR006926","1999","","1","canonical_album_tracks","1.0","","no","yes","no","curated","no"
"RVTR240587","Sweet Love","chris brown","","24565","Fortune","RVAL604360","chris brown","RVAR001255","2012","","8","canonical_album_tracks","0.88","","no","yes","no","ok","no"
"RVTR240587","Sweet Love","chris brown","","24565","Fortune","RVAL604360","chris brown","RVAR001255","2012","","12","canonical_track_album_links","105","appears_on","no","yes","no","ok","no"
"RVTR241375","Coconut Juice","tyga","","27703","No Introduction","RVAL586091","tyga","RVAR002714","2008","","2","canonical_album_tracks","0.88","","no","yes","no","ok","no"
"RVTR242001","1 1","beyonce","","39115","4","RVAL270175","beyonce","RVAR006942","2011","","1","canonical_track_album_links","105","appears_on","no","yes","no","ok","yes"
"RVTR242185","I Just Wanna Be Your Friend","lighthouse","","40513","Thoughts Of Movin' On","RVAL872229","lighthouse","RVAR007687","1972","","6","canonical_album_tracks","0.88","","no","yes","no","ok","no"
"RVTR242185","I Just Wanna Be Your Friend","lighthouse","","40513","Thoughts Of Movin' On","RVAL872229","lighthouse","RVAR007687","1972","","8","canonical_track_album_links","105","appears_on","no","yes","no","ok","no"
"RVTR244064","American Made","The Oak Ridge Boys","","42031","American Made","RVAL641549","The Oak Ridge Boys","RVAR008300","1983","","6","canonical_album_tracks","0.88","","no","yes","no","ok","no"
"RVTR245099","Thotiana","blueface","","22485","Famous Cryp","RVAL552012","blueface","RVAR000323","2019","","3","canonical_album_tracks","0.88","","no","yes","no","ok","no"
"RVTR245099","Thotiana","blueface","","22485","Famous Cryp","RVAL552012","blueface","RVAR000323","2019","","6","canonical_track_album_links","105","appears_on","no","yes","no","ok","no"
"RVTR245448","Vogue","madonna","","24919","I'm Going To Tell You A Secret (Soundtrack)","RVAL574004","madonna","RVAR001411","2006","","13","canonical_album_tracks","0.74","","no","yes","no","review_required","no"
"RVTR247289","The Jam Was Moving","debbie harry","","32930","Kookoo","RVAL340017","debbie harry","RVAR004917","1981","","2","canonical_album_tracks","0.88","","no","yes","no","ok","no"
"RVTR247289","The Jam Was Moving","debbie harry","","32930","Kookoo","RVAL340017","debbie harry","RVAR004917","1981","","10","canonical_track_album_links","105","appears_on","no","yes","no","ok","no"
"RVTR247544","Move In A Little Closer Baby","mama cass","","40326","Mama's Big Ones","RVAL561348","mama cass","RVAR007596","1971","","9","canonical_track_album_links","105","appears_on","no","yes","no","ok","yes"
"RVTR247764","I Love It","icona pop","","28899","Iconic (EP)","RVAL955360","icona pop","RVAR003214","2013","","1","canonical_album_tracks","0.88","","no","yes","no","ok","no"
"RVTR248254","Rhythm","major lance","","37389","Major's Greatest Hits","RVAL091433","major lance","RVAR006156","1965","","10","canonical_album_tracks","0.88","","no","yes","no","ok","no"
"RVTR248988","Don'T Judge Me","chris brown","","24565","Fortune","RVAL604360","chris brown","RVAR001255","2012","","5","canonical_album_tracks","0.88","","no","yes","no","ok","no"
"RVTR249040","Torn Between Two Lovers","mary macgregor","","37543","Torn Between Two Lovers","RVAL521780","mary macgregor","RVAR006251","1977","","10","canonical_album_tracks","0.88","","no","yes","no","ok","no"
"RVTR249875","We Can Get Together","icehouse","","22705","Icehouse","RVAL940867","icehouse","RVAR000427","1981","","6","canonical_album_tracks","0.88","","no","yes","no","ok","no"
"RVTR249881","Toy Soldier","The 4 Seasons","","41926","The 4 Seasons Entertain You","RVAL433441","The 4 Seasons","RVAR008265","1965","","3","canonical_track_album_links","105","appears_on","no","yes","no","ok","no"
"RVTR249881","Toy Soldier","The 4 Seasons","","41926","The 4 Seasons Entertain You","RVAL433441","The 4 Seasons","RVAR008265","1965","","12","canonical_album_tracks","0.86","","no","yes","no","ok","no"
"RVTR250018","You Better Get It","joe tex","","25893","Hold What You've Got","RVAL748954","joe tex","RVAR001855","1965","","7","canonical_album_tracks","0.88","","no","yes","no","ok","no"
"RVTR250536","Wet The Bed","chris brown","","24564","F.A.M.E.","RVAL659453","chris brown","RVAR001255","2011","","10","canonical_album_tracks","0.88","","no","yes","no","ok","no"
"RVTR251368","Did You See Her Eyes","The Illusion","","41718","The Illusion","RVAL609382","The Illusion","RVAR008147","1969","","1","canonical_album_tracks","0.88","","no","yes","no","ok","no"
"RVTR252079","Save Our Love","eternal","","37735","Always & Forever","RVAL930018","eternal","RVAR006332","1994","","3","canonical_album_tracks","0.88","","no","yes","no","ok","no"
"RVTR252237","Games","redeye","","23170","Redeye","RVAL492851","redeye","RVAR000675","1970","","1","canonical_album_tracks","0.88","","no","yes","no","ok","no"
"RVTR253266","Won'T Go Home Without You","maroon 5","","22441","Live From Le Cabaret: In Montreal, Quebec","RVAL188299","maroon 5","RVAR000296","2008","","7","canonical_album_tracks","0.88","","no","yes","no","ok","no"
"RVTR253690","I'M Still Searching","glass tiger","","40184","Diamond Sun","RVAL188081","glass tiger","RVAR007533","1988","","3","canonical_album_tracks","0.88","","no","yes","no","ok","no"
"RVTR254636","Where Do I Go Be In Hare Krishna","The Happenings","","43246","Piece Of Mind","RVAL634803","The Happenings","RVAR008911","1969","","1","canonical_album_tracks","1.0","","no","yes","no","curated","no"
"RVTR254640","Gravy Waltz","steve allen","","41032","Gravy Waltz And 11 Current Hits!","RVAL299040","steve allen","RVAR007824","1963","","1","canonical_album_tracks","0.88","","no","yes","no","ok","no"
"RVTR254893","What If","babyface","","32628","Face2Face","RVAL387168","babyface","RVAR004824","2001","","3","canonical_album_tracks","0.88","","no","yes","no","ok","no"
"RVTR254899","Remember My Name","house of lords","","35564","Sahara","RVAL765808","house of lords","RVAR006034","1990","","8","canonical_album_tracks","0.88","","no","yes","no","ok","no"
"RVTR258890","Shake","andrew ridgeley","","30947","Son Of Albert","RVAL897178","andrew ridgeley","RVAR004106","1990","","2","canonical_album_tracks","0.88","","no","yes","no","ok","no"
"RVTR259382","I Got 5 On It","luniz","","28810","Operation Stackola","RVAL196934","luniz","RVAR003185","1995","","3","canonical_album_tracks","0.88","","no","yes","no","ok","no"
"RVTR259382","I Got 5 On It","luniz","","28810","Operation Stackola","RVAL196934","luniz","RVAR003185","1995","","7","canonical_track_album_links","105","appears_on","no","yes","no","ok","no"
"RVTR259394","Let Me Be Your Lover","The U-krew","","41321","The U-Krew","RVAL122433","The U-krew","RVAR007961","1990","","4","canonical_album_tracks","0.88","","no","yes","no","ok","no"
"RVTR259521","An Honest Mistake","The Bravery","","41881","The Bravery","RVAL946114","The Bravery","RVAR008250","2005","","1","canonical_album_tracks","0.88","","no","yes","no","ok","no"
"RVTR259521","An Honest Mistake","The Bravery","","41881","The Bravery","RVAL946114","The Bravery","RVAR008250","2005","","3","canonical_track_album_links","105","appears_on","no","yes","no","ok","no"
"RVTR260896","There It Is","tyrone davis","","32027","Without You In My Life","RVAL508903","tyrone davis","RVAR004592","1973","","2","canonical_album_tracks","0.88","","no","yes","no","ok","no"
"RVTR262469","We Must Be In Love","pure soul","","33519","Pure Soul","RVAL486740","pure soul","RVAR005129","1995","","1","canonical_album_tracks","0.88","","no","yes","no","ok","no"
"RVTR263131","Got To Tell Me Something","ana","","27158","Body Language","RVAL560397","ana","RVAR002431","1990","","2","canonical_album_tracks","0.88","","no","yes","no","ok","no"
"RVTR263431","The Choice Is Yours","black sheep","","39526","A Wolf In Sheep's Clothing","RVAL471488","black sheep","RVAR007157","1991","","5","canonical_track_album_links","105","appears_on","no","yes","no","ok","yes"
"RVTR263500","Cottage Cheese","crow","","25873","Crow By Crow","RVAL352925","crow","RVAR001846","1970","","7","canonical_album_tracks","0.88","","no","yes","no","ok","no"
"RVTR264274","I Want You To Know","The New Colony Six","","42579","Attacking A Straw Man","RVAL361329","The New Colony Six","RVAR008592","1969","","7","canonical_album_tracks","0.88","","no","yes","no","ok","no"
"RVTR264311","Moon River","jerry butler","","31695","Delicious Together","RVAL572331","jerry butler","RVAR004448","1964","","5","canonical_track_album_links","105","appears_on","no","yes","no","ok","yes"
"RVTR264552","Let Me Tickle Your Fancy","jermaine jackson","","33556","Let Me Tickle Your Fancy","RVAL825562","jermaine jackson","RVAR005141","1982","","1","canonical_album_tracks","0.88","","no","yes","no","ok","no"
"RVTR265172","Band Of Gold","mel carter","","29757","Hold Me, Thrill Me, Kiss Me","RVAL019617","mel carter","RVAR003546","1965","","2","canonical_track_album_links","105","appears_on","no","yes","no","ok","no"
"RVTR265172","Band Of Gold","mel carter","","29757","Hold Me, Thrill Me, Kiss Me","RVAL019617","mel carter","RVAR003546","1965","","12","canonical_album_tracks","0.86","","no","yes","no","ok","no"
"RVTR265501","Long Way Down","goo goo dolls","","34027","A Boy Named Goo","RVAL459749","goo goo dolls","RVAR005317","1995","","1","canonical_album_tracks","0.88","","no","yes","no","ok","no"
"RVTR265868","Truly Julie'S Blues I'Ll Be There","bob lind","","21779","Don't Be Concerned","RVAL616252","bob lind","RVAR000034","1966","","7","canonical_album_tracks","0.88","","no","yes","no","ok","no"
"RVTR266156","Wild Horses","gino vannelli","","24876","Big Dreamers Never Sleep","RVAL074257","gino vannelli","RVAR001400","1987","","3","canonical_album_tracks","0.88","","no","yes","no","ok","no"
"RVTR267413","Microphone Master","das efx","","23625","Hold It Down","RVAL580739","das efx","RVAR000896","1995","","7","canonical_album_tracks","0.88","","no","yes","no","ok","no"
"RVTR267413","Microphone Master","das efx","","23625","Hold It Down","RVAL580739","das efx","RVAR000896","1995","","13","canonical_track_album_links","105","appears_on","no","yes","no","ok","no"
"RVTR270106","You Turn Me On I'M A Radio","joni mitchell","","27199","Dreamland","RVAL767571","joni mitchell","RVAR002454","2004","","6","canonical_album_tracks","0.88","","no","yes","no","ok","no"
"RVTR270214","Caught Their Eyes","jay-z","","31811","4:44","RVAL755654","jay-z","RVAR004494","2017","","4","canonical_album_tracks","0.88","","no","yes","no","ok","no"
"RVTR270403","Sho Nuff","tela","","38189","Piece Of Mind","RVAL164181","tela","RVAR006526","1996","","7","canonical_album_tracks","0.88","","no","yes","no","ok","no"
"RVTR270436","Twist Of Fate","olivia newton-john","","25471","Back To Basics/Essential Collection 1971-1992","RVAL482223","olivia newton-john","RVAR001650","1992","","7","canonical_track_album_links","105","appears_on","no","yes","no","ok","yes"
"RVTR271248","Never Been Kissed","sherrie austin","","23049","Love In The Real World","RVAL176181","sherrie austin","RVAR000625","1999","","2","canonical_track_album_links","105","appears_on","no","yes","no","ok","yes"
"RVTR271905","Paper Tiger","sue thompson","","34533","Paper Tiger","RVAL834601","sue thompson","RVAR005562","1965","","1","canonical_album_tracks","0.88","","no","yes","no","ok","no"
"RVTR272682","Killer Joe","The Kingsmen","","41203","The Kingsmen, Volume 3","RVAL011643","The Kingsmen","RVAR007915","1965","","11","canonical_track_album_links","105","appears_on","no","yes","no","ok","yes"
"RVTR272682","Killer Joe","The Kingsmen","","41200","15 Great Hits","RVAL868023","The Kingsmen","RVAR007915","1966","","9","canonical_album_tracks","0.88","","no","yes","no","ok","no"
"RVTR273151","I Need Your Love","calvin harris","","23298","18 Months","RVAL289774","calvin harris","RVAR000756","2012","","8","canonical_album_tracks","0.88","","no","yes","no","ok","no"
"RVTR273750","Boogie Shoes","kc and the sunshine band","","23326","Greatest Hits","RVAL220316","kc and the sunshine band","RVAR000770","1980","","4","canonical_album_tracks","0.88","","no","yes","no","ok","no"
"RVTR274678","Let It Be Me","jerry butler","","31695","Delicious Together","RVAL572331","jerry butler","RVAR004448","1964","","2","canonical_album_tracks","0.74","","no","yes","no","review_required","no"
"RVTR275415","Gonna Be Alright Now","gayle mccormick","","22372","Gayle McCormick","RVAL847718","gayle mccormick","RVAR000256","1971","","10","canonical_album_tracks","0.88","","no","yes","no","ok","no"
"RVTR275527","Come Over To My Place","davina","","26842","Best Of Both Worlds","RVAL150568","davina","RVAR002311","1998","","1","canonical_album_tracks","0.88","","no","yes","no","ok","no"
"RVTR275527","Come Over To My Place","davina","","26842","Best Of Both Worlds","RVAL150568","davina","RVAR002311","1998","","12","canonical_track_album_links","105","appears_on","no","yes","no","ok","no"
"RVTR275760","No One To Cry To","ray charles","","37702","Sweet & Sour Tears","RVAL239495","ray charles","RVAR006319","1964","","4","canonical_album_tracks","0.88","","no","yes","no","ok","no"
"RVTR281442","In Those Jeans","ginuwine","","32713","The Senior","RVAL775909","ginuwine","RVAR004840","2003","","5","canonical_album_tracks","0.88","","no","yes","no","ok","no"
"RVTR281442","In Those Jeans","ginuwine","","32713","The Senior","RVAL775909","ginuwine","RVAR004840","2003","","13","canonical_track_album_links","105","appears_on","no","yes","no","ok","no"
"RVTR281965","Live Every Moment","reo speedwagon","","40139","The Second Decade of Rock & Roll 1981-1991","RVAL352513","reo speedwagon","RVAR007507","2011","","17","canonical_track_album_links","105","appears_on","no","yes","no","ok","no"
"RVTR282188","Still Not A Player","big punisher","","25815","Capital Punishment","RVAL917238","big punisher","RVAR001822","1998","","5","canonical_album_tracks","0.88","","no","yes","no","ok","no"
"RVTR282466","Feel","robbie williams","","34949","Escapology","RVAL340138","robbie williams","RVAR005745","2003","","2","canonical_album_tracks","0.88","","no","yes","no","ok","no"
"RVTR283240","Simon Says","pharoahe monch","","22801","Internal Affairs","RVAL720426","pharoahe monch","RVAR000490","1999","","5","canonical_album_tracks","0.88","","no","yes","no","ok","no"
"RVTR285043","Point Of No Return","expose","","35618","Expose","RVAL539588","expose","RVAR006056","1992","","1","canonical_track_album_links","105","appears_on","no","yes","no","ok","yes"
"RVTR286014","Hold On","ian gomm","","31650","Gomm With The Wind","RVAL529832","ian gomm","RVAR004423","1979","","1","canonical_album_tracks","0.88","","no","yes","no","ok","no"
"RVTR286547","Indiana Wants Me","r. dean taylor","","40360","I Think, Therefore I Am","RVAL998290","r. dean taylor","RVAR007613","1971","","5","canonical_album_tracks","0.88","","no","yes","no","ok","no"
"RVTR287040","Guys My Age","hey violet","","28587","From The Outside","RVAL905220","hey violet","RVAR003102","2017","","1","canonical_track_album_links","105","appears_on","no","yes","no","ok","no"
"RVTR287040","Guys My Age","hey violet","","28587","From The Outside","RVAL905220","hey violet","RVAR003102","2017","","3","canonical_album_tracks","0.88","","no","yes","no","ok","no"
"RVTR287054","Moments","emerson drive","","26348","Countrified","RVAL729983","emerson drive","RVAR002024","2007","","3","canonical_album_tracks","0.88","","no","yes","no","ok","no"
"RVTR287848","Wild Thing","The Troggs","","42105","Wild Thing","RVAL281012","The Troggs","RVAR008363","1966","","1","canonical_album_tracks","0.88","","no","yes","no","ok","no"
"RVTR287848","Wild Thing","The Troggs","","42104","Love Is All Around","RVAL384958","The Troggs","RVAR008363","1968","","11","canonical_album_tracks","0.86","","no","yes","no","ok","no"
"RVTR287848","Wild Thing","The Troggs","","42104","Love Is All Around","RVAL384958","The Troggs","RVAR008363","1968","","14","canonical_track_album_links","105","appears_on","no","yes","no","ok","no"
"RVTR288062","Smokin' Me Out","warren g","","26825","Take A Look Over Your Shoulder (Reality)","RVAL096675","warren g","RVAR002305","1997","","3","canonical_album_tracks","1.0","","no","yes","no","curated","no"
"RVTR288344","Batman Theme","The Marketts","","42592","The Batman Theme","RVAL894656","The Marketts","RVAR008595","1966","","1","canonical_album_tracks","0.88","","no","yes","no","ok","no"
"RVTR288672","Sweet Young Thing Like You","ray charles","","37676","A Portrait Of Ray","RVAL661468","ray charles","RVAR006319","1968","","10","canonical_album_tracks","1.0","","no","yes","no","curated","no"
"RVTR289036","S E X","lyfe jennings","","25062","The Phoenix","RVAL441396","lyfe jennings","RVAR001456","2006","","11","canonical_album_tracks","1.0","","no","yes","no","curated","no"
"RVTR289036","S E X","lyfe jennings","","25062","The Phoenix","RVAL441396","lyfe jennings","RVAR001456","2006","","26","canonical_track_album_links","105","appears_on","no","yes","no","ok","no"
"RVTR289080","Let My Love Open The Door","pete townshend","","24345","Empty Glass","RVAL884021","pete townshend","RVAR001162","1980","","1","canonical_track_album_links","105","appears_on","no","yes","no","ok","no"
"RVTR289080","Let My Love Open The Door","pete townshend","","24345","Empty Glass","RVAL884021","pete townshend","RVAR001162","1980","","4","canonical_album_tracks","0.88","","no","yes","no","ok","no"
"RVTR289095","Physical Funk","domino","","28520","Physical Funk","RVAL506064","domino","RVAR003072","1996","","1","canonical_track_album_links","105","appears_on","no","yes","no","ok","no"
"RVTR289095","Physical Funk","domino","","28520","Physical Funk","RVAL506064","domino","RVAR003072","1996","","4","canonical_album_tracks","0.88","","no","yes","no","ok","no"
"RVTR289728","You'Ve Made Me So Very Happy","lou rawls","","29310","You've Made Me So Very Happy","RVAL472984","lou rawls","RVAR003397","1970","","3","canonical_album_tracks","0.88","","no","yes","no","ok","no"
"RVTR289783","Humility","gorillaz","","34575","The Now Now","RVAL357859","gorillaz","RVAR005590","2018","","1","canonical_album_tracks","0.88","","no","yes","no","ok","no"
"RVTR289987","God Must Have Spent A Little More Time On You","'n sync","","39391","The Essential *NSync","RVAL857678","'n sync","RVAR007093","2014","","21","canonical_album_tracks","0.74","","no","yes","no","review_required","no"
"RVTR290048","Odio","romeo santos","","30786","Formula: Vol. 2","RVAL965142","romeo santos","RVAR004030","2014","","4","canonical_track_album_links","105","appears_on","no","yes","no","ok","yes"
"RVTR290589","Tradesman","zach bryan","","43471","Zach Bryan","RVAL000005","zach bryan","RVAR006061","2023","","14","canonical_album_tracks","1.0","","no","no","no","curated","no"
"RVTR290605","Quick Fast In A Hurry","new york city","","27412","I'm Doin' Fine Now","RVAL543972","new york city","RVAR002564","1973","","7","canonical_album_tracks","0.88","","no","yes","no","ok","no"
"RVTR291171","Kentucky Woman","deep purple","","39902","The Book Of Taliesyn","RVAL084377","deep purple","RVAR007335","1969","","3","canonical_album_tracks","0.88","","no","yes","no","ok","no"
"RVTR291171","Kentucky Woman","deep purple","","39902","The Book Of Taliesyn","RVAL084377","deep purple","RVAR007335","1969","","7","canonical_track_album_links","105","appears_on","no","yes","no","ok","no"
"RVTR292882","Ghosts","michael jackson","","39807","Blood On The Dance Floor: HIStory In The Mix","RVAL687871","michael jackson","RVAR007298","1997","","4","canonical_album_tracks","0.88","","no","yes","no","ok","no"
"RVTR293939","Ask Of You","raphael saadiq","","40160","All Hits At The House Of Blues","RVAL470199","raphael saadiq","RVAR007514","2003","","5","canonical_album_tracks","0.88","","no","yes","no","ok","no"
"RVTR294286","Left, Right, Left","drama","","26480","Causin' Drama","RVAL588351","drama","RVAR002122","2000","","2","canonical_album_tracks","0.88","","no","yes","no","ok","no"
"RVTR294286","Left, Right, Left","drama","","26480","Causin' Drama","RVAL588351","drama","RVAR002122","2000","","4","canonical_track_album_links","105","appears_on","no","yes","no","ok","no"
"RVTR294735","Rondo","6ix9ine","","30816","DAY69","RVAL262877","6ix9ine","RVAR004042","2018","","7","canonical_track_album_links","105","appears_on","no","yes","no","ok","yes"
"RVTR296045","Last Chance","ginuwine","","32708","A Man's Thoughts","RVAL037931","ginuwine","RVAR004840","2009","","4","canonical_album_tracks","0.88","","no","yes","no","ok","no"
"RVTR296417","Milk","garbage","","39782","Absolute Garbage","RVAL637643","garbage","RVAR007279","2007","","5","canonical_album_tracks","0.88","","no","yes","no","ok","no"
"RVTR297173","Let Me Clear My Throat","dj kool","","32102","Let Me Clear My Throat","RVAL000779","dj kool","RVAR004629","1996","","2","canonical_album_tracks","0.88","","no","yes","no","ok","no"
"RVTR298004","Feel So Bad","ray charles","","37705","Volcanic Action Of My Soul","RVAL449965","ray charles","RVAR006319","1971","","3","canonical_album_tracks","0.88","","no","yes","no","ok","no"
"RVTR299827","Enough Is Enough","april wine","","31013","Power Play","RVAL094469","april wine","RVAR004123","1982","","2","canonical_album_tracks","0.88","","no","yes","no","ok","no"
"RVTR300151","Daddy Don'T You Walk So Fast","wayne newton","","29339","Daddy Don't You Walk So Fast","RVAL557790","wayne newton","RVAR003401","1972","","3","canonical_album_tracks","0.88","","no","yes","no","ok","no"
"RVTR301424","House At Pooh Corner","nitty gritty dirt band","","38652","Stars & Stripes Forever","RVAL042229","nitty gritty dirt band","RVAR006724","1974","","12","canonical_album_tracks","0.86","","no","yes","no","ok","no"
"RVTR301424","House At Pooh Corner","nitty gritty dirt band","","38652","Stars & Stripes Forever","RVAL042229","nitty gritty dirt band","RVAR006724","1974","","14","canonical_track_album_links","105","appears_on","no","yes","no","ok","no"
"RVTR301841","Saturday Morning Confusion","bobby russell","","33979","Saturday Morning Confusion","RVAL421238","bobby russell","RVAR005296","1971","","1","canonical_album_tracks","0.88","","no","yes","no","ok","no"
"RVTR301931","I Got A Man","positive k","","32594","Skills Dat Pay Da Bills","RVAL797275","positive k","RVAR004807","1993","","9","canonical_track_album_links","105","appears_on","no","yes","no","ok","yes"
"RVTR306422","Candida","dawn","","27395","Candida","RVAL881477","dawn","RVAR002548","1970","","1","canonical_album_tracks","0.88","","no","yes","no","ok","no"
"RVTR309708","Bad To The Bone","george thorogood","","25136","10 Great Songs","RVAL373077","george thorogood","RVAR001484","2011","","1","canonical_album_tracks","0.88","","no","yes","no","ok","no"
"RVTR310113","I Wanna Rock","luke","","28424","I Got Shit On My Mind","RVAL297941","luke","RVAR003016","1992","","1","canonical_album_tracks","0.88","","no","yes","no","ok","no"
"RVTR310991","Ballero","war","","37508","War Live!","RVAL142889","war","RVAR006240","1974","","7","canonical_album_tracks","0.88","","no","yes","no","ok","no"
"RVTR311825","Just Be Straight With Me","silkk the shocker","","25947","Charge It 2 Da Game","RVAL907820","silkk the shocker","RVAR001885","1998","","4","canonical_album_tracks","0.88","","no","yes","no","ok","no"
"RVTR311825","Just Be Straight With Me","silkk the shocker","","25947","Charge It 2 Da Game","RVAL907820","silkk the shocker","RVAR001885","1998","","6","canonical_track_album_links","105","appears_on","no","yes","no","ok","no"
"RVTR311882","Can'T Shake Loose","agnetha faltskog","","35066","Wrap Your Arms Around Me","RVAL241604","agnetha faltskog","RVAR005797","1983","","1","canonical_album_tracks","0.74","","no","yes","no","review_required","no"
"RVTR312417","Getting Closer","wings","","26910","Back To The Egg","RVAL260029","wings","RVAR002344","1979","","2","canonical_album_tracks","0.88","","no","yes","no","ok","no"
"RVTR312744","Fool In Love With You","jim photoglo","","23563","Fool In Love With You","RVAL525187","jim photoglo","RVAR000876","1981","","1","canonical_album_tracks","0.88","","no","yes","no","ok","no"
"RVTR313960","Sexy Bitch","david guetta","","29739","One Love","RVAL838074","david guetta","RVAR003525","2009","","3","canonical_album_tracks","0.88","","no","yes","no","ok","no"
"RVTR315867","Barbara Ann","The Beach Boys","","42882","Spirit Of America","RVAL160865","The Beach Boys","RVAR008735","1975","","10","canonical_track_album_links","105","appears_on","no","yes","no","ok","no"
"RVTR315867","Barbara Ann","The Beach Boys","","42882","Spirit Of America","RVAL160865","The Beach Boys","RVAR008735","1975","","13","canonical_album_tracks","0.86","","no","yes","no","ok","no"
"RVTR316595","Ashes And Sand","johnny rivers","","27782","Outside Help","RVAL790480","johnny rivers","RVAR002749","1978","","7","canonical_album_tracks","0.88","","no","yes","no","ok","no"
"RVTR317311","I Wanna Get Next To You","christion","","25604","Ghetto Cyrano","RVAL020363","christion","RVAR001713","1997","","2","canonical_track_album_links","105","appears_on","no","yes","no","ok","no"
"RVTR317311","I Wanna Get Next To You","christion","","25604","Ghetto Cyrano","RVAL020363","christion","RVAR001713","1997","","9","canonical_album_tracks","0.88","","no","yes","no","ok","no"
"RVTR319050","Talking In My Sleep","love","","40173","Four Sail","RVAL370397","love","RVAR007520","1969","","9","canonical_album_tracks","0.88","","no","yes","no","ok","no"
"RVTR321002","Dark Clouds","space","","23488","Spiders","RVAL426002","space","RVAR000846","1997","","10","canonical_album_tracks","0.88","","no","yes","no","ok","no"
"RVTR321589","No Time To Lose","The Tarney/spencer Band","","42407","Run For Your Life","RVAL988691","The Tarney/spencer Band","RVAR008501","1979","","1","canonical_album_tracks","0.88","","no","yes","no","ok","no"
"RVTR322441","Without You In My Life","tyrone davis","","32027","Without You In My Life","RVAL508903","tyrone davis","RVAR004592","1973","","3","canonical_album_tracks","0.88","","no","yes","no","ok","no"
"RVTR322454","You And Your Folks Me And My Folks","funkadelic","","29568","Maggot Brain","RVAL143629","funkadelic","RVAR003456","1971","","3","canonical_track_album_links","105","appears_on","no","yes","no","ok","no"
"RVTR322454","You And Your Folks Me And My Folks","funkadelic","","29568","Maggot Brain","RVAL143629","funkadelic","RVAR003456","1971","","4","canonical_album_tracks","0.88","","no","yes","no","ok","no"
"RVTR322736","Sound Of Da Police","krs-one","","26862","Return Of The Boom Bap","RVAL483273","krs-one","RVAR002316","1993","","7","canonical_album_tracks","0.88","","no","yes","no","ok","no"
"RVTR322736","Sound Of Da Police","krs-one","","26862","Return Of The Boom Bap","RVAL483273","krs-one","RVAR002316","1993","","8","canonical_track_album_links","105","appears_on","no","yes","no","ok","no"
"RVTR322736","Sound Of Da Police","krs-one","","26858","A Retrospective","RVAL364956","krs-one","RVAR002316","2000","","4","canonical_album_tracks","0.88","","no","yes","no","ok","no"
"RVTR322810","Get No Better","cassidy","","35461","Split Personality","RVAL771960","cassidy","RVAR005957","2004","","3","canonical_track_album_links","105","appears_on","no","yes","no","ok","yes"
"RVTR322834","Oh Baby I","eternal","","37735","Always & Forever","RVAL930018","eternal","RVAR006332","1994","","4","canonical_album_tracks","1.0","","no","yes","no","curated","no"
"RVTR323357","Party Girl","tommy roe","","24184","Sweet Pea","RVAL270700","tommy roe","RVAR001090","1966","","7","canonical_album_tracks","0.88","","no","yes","no","ok","no"
"RVTR323991","Start All Over","miley cyrus","","34261","Hannah Montana/Miley Cyrus: Best Of Both Worlds Concert","RVAL594224","miley cyrus","RVAR005427","2008","","13","canonical_track_album_links","105","appears_on","no","yes","no","ok","yes"
"RVTR325343","U Already Know","112","","35515","Pleasure & Pain","RVAL128424","112","RVAR005997","2005","","2","canonical_track_album_links","105","appears_on","no","yes","no","ok","no"
"RVTR325343","U Already Know","112","","35515","Pleasure & Pain","RVAL128424","112","RVAR005997","2005","","4","canonical_album_tracks","0.88","","no","yes","no","ok","no"
"RVTR326002","Turn On Your Radar","prism","","29048","Small Change","RVAL743571","prism","RVAR003299","1982","","2","canonical_album_tracks","0.88","","no","yes","no","ok","no"
"RVTR326002","Turn On Your Radar","prism","","29048","Small Change","RVAL743571","prism","RVAR003299","1982","","12","canonical_track_album_links","105","appears_on","no","yes","no","ok","no"
"RVTR326758","Wolf Creek Pass","c.w. mccall","","22138","Wolf Creek Pass","RVAL396705","c.w. mccall","RVAR000158","1975","","1","canonical_album_tracks","0.88","","no","yes","no","ok","no"
"RVTR326901","Honey Please Can'T Ya See","barry white","","21948","The Best Of Barry White: 20th Century Masters The Millennium Collection","RVAL475419","barry white","RVAR000106","2003","","16","canonical_album_tracks","0.74","","no","yes","no","review_required","no"
"RVTR327744","911 Is A Joke","public enemy","","38980","Fear Of A Black Planet","RVAL921871","public enemy","RVAR006881","1990","","3","canonical_album_tracks","0.88","","no","yes","no","ok","no"
"RVTR327744","911 Is A Joke","public enemy","","38985","Power To The People And The Beats: Public Enemy's Greatest Hits","RVAL903485","public enemy","RVAR006881","2005","","10","canonical_album_tracks","0.88","","no","yes","no","ok","no"
"RVTR327863","Holla At Me","dj khaled","","39456","Listennn: The Album","RVAL083067","dj khaled","RVAR007112","2006","","6","canonical_album_tracks","0.88","","no","yes","no","ok","no"
"RVTR328642","Better Man","pearl jam","","23001","Let's Play Two: Live At Wrigley Field (Soundtrack)","RVAL381681","pearl jam","RVAR000602","2017","","15","canonical_album_tracks","0.74","","no","yes","no","review_required","no"
"RVTR328771","Boots","The Killers","","42234","(Red) Christmas (EP)","RVAL235716","The Killers","RVAR008416","2011","","5","canonical_album_tracks","0.88","","no","yes","no","ok","no"
"RVTR329482","Alone Again Or","love","","40172","Forever Changes","RVAL806349","love","RVAR007520","1968","","1","canonical_album_tracks","0.88","","no","yes","no","ok","no"
"RVTR329482","Alone Again Or","love","","40176","Revisited","RVAL149083","love","RVAR007520","1970","","9","canonical_album_tracks","0.88","","no","yes","no","ok","no"
"RVTR329758","The Humpty Dance","digital underground","","40017","Sex Packets","RVAL059104","digital underground","RVAR007412","1990","","1","canonical_album_tracks","0.88","","no","yes","no","ok","no"
"RVTR329758","The Humpty Dance","digital underground","","40017","Sex Packets","RVAL059104","digital underground","RVAR007412","1990","","6","canonical_track_album_links","105","appears_on","no","yes","no","ok","no"
"RVTR329955","Water","ugly god","","38006","The Booty Tape","RVAL029945","ugly god","RVAR006482","2017","","10","canonical_track_album_links","105","appears_on","no","yes","no","ok","yes"
"RVTR330270","Make Her Feel Good","teairra mari","","33544","Roc-A-Fella Presents Teairra Mari","RVAL998659","teairra mari","RVAR005136","2005","","1","canonical_track_album_links","105","appears_on","no","yes","no","ok","yes"
"RVTR330993","5 4 3 2 1","manfred mann","","28839","The Mighty Quinn","RVAL475773","manfred mann","RVAR003196","1968","","3","canonical_album_tracks","1.0","","no","yes","no","curated","no"
"RVTR331438","Blue Monday","orgy","","27383","Candyass","RVAL240789","orgy","RVAR002536","1999","","7","canonical_album_tracks","0.88","","no","yes","no","ok","no"
"RVTR331438","Blue Monday","orgy","","27383","Candyass","RVAL240789","orgy","RVAR002536","1999","","9","canonical_track_album_links","105","appears_on","no","yes","no","ok","no"
"RVTR331559","You Know My Steez","gang starr","","39949","Moment Of Truth","RVAL529584","gang starr","RVAR007364","1998","","1","canonical_album_tracks","0.88","","no","yes","no","ok","no"
"RVTR331916","Freaky Gurl","gucci mane","","24890","Hard To Kill","RVAL528861","gucci mane","RVAR001402","2006","","5","canonical_album_tracks","0.88","","no","yes","no","ok","no"
"RVTR331916","Freaky Gurl","gucci mane","","24891","Hood Classics","RVAL402361","gucci mane","RVAR001402","2008","","8","canonical_track_album_links","105","appears_on","no","yes","no","ok","yes"
"RVTR331916","Freaky Gurl","gucci mane","","24891","Hood Classics","RVAL402361","gucci mane","RVAR001402","2008","","11","canonical_album_tracks","0.74","","no","yes","no","review_required","no"
"RVTR331938","American Boy","estelle","","31171","Shine","RVAL114557","estelle","RVAR004203","2008","","3","canonical_album_tracks","0.88","","no","yes","no","ok","no"
"RVTR331938","American Boy","estelle","","31171","Shine","RVAL114557","estelle","RVAR004203","2008","","4","canonical_track_album_links","105","appears_on","no","yes","no","ok","no"
"RVTR332046","Sweet Lui Louise","ironhorse","","30421","Ironhorse","RVAL636356","ironhorse","RVAR003830","1979","","2","canonical_album_tracks","0.88","","no","yes","no","ok","no"
"RVTR333605","My Forbidden Lover","chic","","21700","Risque","RVAL080882","chic","RVAR000012","1979","","3","canonical_album_tracks","0.74","","no","yes","no","review_required","no"
"RVTR334552","Still Po' Pimpin'","do or die","","27977","Headz Or Tailz","RVAL884511","do or die","RVAR002801","1998","","13","canonical_album_tracks","0.74","","no","yes","no","review_required","no"
"RVTR334819","I'M A Believer","smash mouth","","27928","All Star: The Smash Hits","RVAL287910","smash mouth","RVAR002769","2005","","13","canonical_album_tracks","0.74","","no","yes","no","review_required","no"
"RVTR335772","Dazzey Duks","duice","","29231","Dazzey Duks","RVAL161966","duice","RVAR003378","1993","","1","canonical_track_album_links","105","appears_on","no","yes","no","ok","yes"
"RVTR336448","Everything About You","ugly kid joe","","37411","As Ugly As They Wanna Be (EP)","RVAL945965","ugly kid joe","RVAR006175","1992","","5","canonical_album_tracks","0.74","","no","yes","no","review_required","no"
"RVTR337239","Loving You Just Crossed My Mind","sam neely","","22980","Loving You Just Crossed My Mind","RVAL127251","sam neely","RVAR000591","1972","","1","canonical_album_tracks","0.88","","no","yes","no","ok","no"
"RVTR338366","Nice To Be With You","gallery","","37748","Nice To Be With You","RVAL436063","gallery","RVAR006336","1972","","1","canonical_track_album_links","105","appears_on","no","yes","no","ok","no"
"RVTR338366","Nice To Be With You","gallery","","37748","Nice To Be With You","RVAL436063","gallery","RVAR006336","1972","","5","canonical_album_tracks","0.88","","no","yes","no","ok","no"
"RVTR339128","When The Heart Rules The Mind","gtr","","22873","GTR","RVAL320475","gtr","RVAR000535","1986","","1","canonical_album_tracks","0.88","","no","yes","no","ok","no"
"RVTR339128","When The Heart Rules The Mind","gtr","","22873","GTR","RVAL320475","gtr","RVAR000535","1986","","5","canonical_track_album_links","105","appears_on","no","yes","no","ok","no"
"RVTR339751","Huncho Dreams","quavo","","28259","Quavo Huncho","RVAL919000","quavo","RVAR002940","2018","","3","canonical_album_tracks","0.88","","no","yes","no","ok","no"
"RVTR339751","Huncho Dreams","quavo","","28259","Quavo Huncho","RVAL919000","quavo","RVAR002940","2018","","19","canonical_track_album_links","105","appears_on","no","yes","no","ok","no"
"RVTR339850","Twerk","city girls","","30284","Girl Code","RVAL674363","city girls","RVAR003780","2018","","4","canonical_album_tracks","0.88","","no","yes","no","ok","no"
"RVTR340354","Hawaiian Wedding Song","andy williams","","31795","The Impossible Dream","RVAL485805","andy williams","RVAR004489","1972","","9","canonical_album_tracks","0.74","","no","yes","no","review_required","no"
"RVTR340664","Regret","letoya","","25558","Lady Love","RVAL175300","letoya","RVAR001678","2009","","4","canonical_track_album_links","105","appears_on","no","yes","no","ok","yes"
"RVTR340952","Savior","rise against","","31526","The Ghost Note Symphonies, Vol. 1","RVAL780767","rise against","RVAR004350","2018","","7","canonical_album_tracks","0.88","","no","yes","no","ok","no"
"RVTR341962","98 6","keith","","26289","98.6/Ain't Gonna Lie","RVAL309286","keith","RVAR001990","1967","","7","canonical_track_album_links","105","appears_on","no","yes","no","ok","yes"
"RVTR342849","Slow Jamz","twista","","29127","Kamikaze","RVAL686294","twista","RVAR003346","2004","","4","canonical_album_tracks","0.88","","no","yes","no","ok","no"
"RVTR343670","Love'S Made A Fool Of You","bobby fuller four","","32610","The Bobby Fuller Four","RVAL687366","bobby fuller four","RVAR004811","1966","","3","canonical_album_tracks","0.74","","no","yes","no","review_required","no"
"RVTR347408","Daybreak","nilsson","","30590","Son Of Dracula","RVAL098237","nilsson","RVAR003912","1974","","2","canonical_album_tracks","0.88","","no","yes","no","ok","no"
"RVTR347531","Last Day Of My Life","phil vassar","","34309","Greatest Hits Volume 1","RVAL079761","phil vassar","RVAR005444","2006","","5","canonical_album_tracks","0.88","","no","yes","no","ok","no"
"RVTR347917","Billy Don'T Be A Hero","bo donaldson and the heywoods","","40783","Bo Donaldson And The Heywoods","RVAL336159","bo donaldson and the heywoods","RVAR007754","1974","","7","canonical_album_tracks","0.88","","no","yes","no","ok","no"
"RVTR348995","Wobble Wobble","504 boyz","","32918","Goodfellas","RVAL269024","504 boyz","RVAR004909","2000","","5","canonical_album_tracks","0.88","","no","yes","no","ok","no"
"RVTR349137","Devils Dust","bruce springsteen","","40686","Devils & Dust","RVAL831070","bruce springsteen","RVAR007727","2005","","6","canonical_album_tracks","0.74","","no","yes","no","review_required","no"
"RVTR349168","The Bilbao Song","andy williams","","31773","Canadian Sunset","RVAL626572","andy williams","RVAR004489","1965","","1","canonical_album_tracks","0.88","","no","yes","no","ok","no"
"RVTR349245","Down The Hall","The 4 Seasons","","41920","Helicon","RVAL058702","The 4 Seasons","RVAR008265","1977","","1","canonical_track_album_links","105","appears_on","no","yes","no","ok","yes"
"RVTR349318","Ode To The Little Brown Shack Out Back","billy edd wheeler","","29513","Memories Of America / Ode To The Little Brown Shack Out Back","RVAL072838","billy edd wheeler","RVAR003448","1965","","1","canonical_album_tracks","0.88","","no","yes","no","ok","no"
"RVTR350192","Heaven Help Me","deon estus","","29075","Spell","RVAL599340","deon estus","RVAR003318","1989","","6","canonical_track_album_links","105","appears_on","no","yes","no","ok","yes"
"RVTR350956","Find Your Way Back","jefferson starship","","30159","Modern Times","RVAL832077","jefferson starship","RVAR003709","1981","","1","canonical_album_tracks","0.88","","no","yes","no","ok","no"
"RVTR352102","Come Go With Me","expose","","35618","Expose","RVAL539588","expose","RVAR006056","1992","","7","canonical_track_album_links","105","appears_on","no","yes","no","ok","yes"
"RVTR352154","This Girl Has Turned Into A Woman","mary macgregor","","37543","Torn Between Two Lovers","RVAL521780","mary macgregor","RVAR006251","1977","","2","canonical_album_tracks","0.88","","no","yes","no","ok","no"
"RVTR352418","Come See","major lance","","37389","Major's Greatest Hits","RVAL091433","major lance","RVAR006156","1965","","2","canonical_album_tracks","0.88","","no","yes","no","ok","no"
"RVTR354613","Since I Found A New Love","little johnny taylor","","35462","Little Johnny Taylor","RVAL746040","little johnny taylor","RVAR005958","1963","","7","canonical_album_tracks","0.88","","no","yes","no","ok","no"
"RVTR357143","Good God","korn","","30953","Life Is Peachy","RVAL488772","korn","RVAR004109","1996","","6","canonical_album_tracks","0.88","","no","yes","no","ok","no"
"RVTR357762","The Border","america","","28234","Your Move","RVAL077995","america","RVAR002928","1983","","5","canonical_album_tracks","0.88","","no","yes","no","ok","no"
"RVTR357762","The Border","america","","28234","Your Move","RVAL077995","america","RVAR002928","1983","","8","canonical_track_album_links","105","appears_on","no","yes","no","ok","no"
"RVTR357941","I'Ll Never Find Another You","sonny james","","40062","#1","RVAL170480","sonny james","RVAR007448","1970","","13","canonical_album_tracks","0.74","","no","yes","no","review_required","no"
"RVTR358909","Dance With Me","112","","35514","Part III","RVAL886773","112","RVAR005997","2001","","2","canonical_album_tracks","0.88","","no","yes","no","ok","no"
"RVTR358909","Dance With Me","112","","35514","Part III","RVAL886773","112","RVAR005997","2001","","13","canonical_track_album_links","105","appears_on","no","yes","no","ok","no"
"RVTR359279","Take You Home","angie martinez","","34353","Animal House","RVAL702445","angie martinez","RVAR005468","2002","","6","canonical_album_tracks","0.88","","no","yes","no","ok","no"
"RVTR359427","Ruby Baby","dion","","28045","Sanctuary","RVAL364487","dion","RVAR002830","1972","","10","canonical_album_tracks","0.88","","no","yes","no","ok","no"
"RVTR359858","Running","chubby checker","","35070","The Change Has Come","RVAL302971","chubby checker","RVAR005798","1982","","1","canonical_album_tracks","0.88","","no","yes","no","ok","no"
"RVTR361398","Strange But True","times two","","28811","X2","RVAL757962","times two","RVAR003186","1988","","1","canonical_album_tracks","0.88","","no","yes","no","ok","no"
"RVTR361468","Feel So Close","calvin harris","","23298","18 Months","RVAL289774","calvin harris","RVAR000756","2012","","3","canonical_album_tracks","0.88","","no","yes","no","ok","no"
"RVTR363103","Separate Ways","elvis presley","","40983","Separate Ways","RVAL344000","elvis presley","RVAR007802","1973","","1","canonical_album_tracks","0.88","","no","yes","no","ok","no"
"RVTR363762","Right Round","flo rida","","29644","R.O.O.T.S. (Route Of Overcoming The Struggle)","RVAL465835","flo rida","RVAR003490","2009","","4","canonical_track_album_links","105","appears_on","no","yes","no","ok","yes"
"RVTR363919","Outlaw","war","","37499","Outlaw","RVAL197606","war","RVAR006240","1982","","2","canonical_album_tracks","0.88","","no","yes","no","ok","no"
"RVTR364305","13 Questions","seatrain","","25457","Seatrain","RVAL072937","seatrain","RVAR001640","1971","","7","canonical_album_tracks","0.88","","no","yes","no","ok","no"
"RVTR364511","Red Lights","tiesto","","24675","A Town Called Paradise","RVAL513933","tiesto","RVAR001314","2014","","9","canonical_track_album_links","105","appears_on","no","yes","no","ok","yes"
"RVTR365820","A Little Bit Of Heaven","natalie cole","","32226","Dangerous","RVAL419063","natalie cole","RVAR004660","1985","","6","canonical_album_tracks","0.88","","no","yes","no","ok","no"
"RVTR366708","Everlasting Love","tony terry","","39243","Tony Terry","RVAL943640","tony terry","RVAR006992","1991","","6","canonical_track_album_links","105","appears_on","no","yes","no","ok","no"
"RVTR366708","Everlasting Love","tony terry","","39243","Tony Terry","RVAL943640","tony terry","RVAR006992","1991","","11","canonical_album_tracks","0.86","","no","yes","no","ok","no"
"RVTR368400","Sugar Hill","az","","41080","Doe Or Die","RVAL746738","az","RVAR007838","1995","","1","canonical_track_album_links","105","appears_on","no","yes","no","ok","no"
"RVTR368400","Sugar Hill","az","","41080","Doe Or Die","RVAL746738","az","RVAR007838","1995","","7","canonical_album_tracks","0.88","","no","yes","no","ok","no"
"RVTR368560","Banks Of The Ohio","olivia newton-john","","25478","If Not For You","RVAL885029","olivia newton-john","RVAR001650","1971","","3","canonical_album_tracks","0.88","","no","yes","no","ok","no"
"RVTR369683","She Comes In Colors","love","","40176","Revisited","RVAL149083","love","RVAR007520","1970","","8","canonical_album_tracks","0.88","","no","yes","no","ok","no"
"RVTR369773","Highfly","john miles","","35008","Rebel","RVAL867794","john miles","RVAR005771","1976","","3","canonical_album_tracks","0.88","","no","yes","no","ok","no"
"RVTR369893","Elusive Butterfly","bob lind","","21779","Don't Be Concerned","RVAL616252","bob lind","RVAR000034","1966","","1","canonical_album_tracks","0.88","","no","yes","no","ok","no"
"RVTR369935","Opposite Of Adults","chiddy bang","","33978","The Preview","RVAL700263","chiddy bang","RVAR005295","2010","","1","canonical_track_album_links","105","appears_on","no","yes","no","ok","no"
"RVTR369935","Opposite Of Adults","chiddy bang","","33978","The Preview","RVAL700263","chiddy bang","RVAR005295","2010","","3","canonical_album_tracks","0.88","","no","yes","no","ok","no"
"RVTR370051","Fight Night","migos","","30625","No Label II","RVAL385793","migos","RVAR003929","2014","","8","canonical_track_album_links","105","appears_on","no","yes","no","ok","no"
"RVTR370051","Fight Night","migos","","30625","No Label II","RVAL385793","migos","RVAR003929","2014","","9","canonical_album_tracks","0.88","","no","yes","no","ok","no"
"RVTR370604","Valerie","cymarron","","33518","Rings","RVAL709446","cymarron","RVAR005128","1971","","6","canonical_album_tracks","0.88","","no","yes","no","ok","no"
"RVTR371153","Love Machine","The O'kaysions","","41662","Girl Watcher","RVAL138938","The O'kaysions","RVAR008113","1968","","3","canonical_album_tracks","0.88","","no","yes","no","ok","no"
"RVTR371243","Love And Loneliness","The Motors","","42400","Tenement Steps","RVAL583217","The Motors","RVAR008492","1980","","1","canonical_album_tracks","0.88","","no","yes","no","ok","no"
"RVTR371675","Best Part","daniel caesar","","30749","Freudian","RVAL948977","daniel caesar","RVAR004012","2017","","2","canonical_album_tracks","0.88","","no","yes","no","ok","no"
"RVTR372052","Kickstart My Heart","motley crue","","30412","Motley Crue","RVAL865124","motley crue","RVAR003827","1994","","12","canonical_album_tracks","0.74","","no","yes","no","review_required","no"
"RVTR372052","Kickstart My Heart","motley crue","","30412","Motley Crue","RVAL865124","motley crue","RVAR003827","1994","","16","canonical_album_tracks","0.74","","no","yes","no","review_required","no"
"RVTR372052","Kickstart My Heart","motley crue","","30411","Live: Entertainment Or Death","RVAL179544","motley crue","RVAR003827","1999","","22","canonical_album_tracks","0.74","","no","yes","no","review_required","no"
"RVTR373787","You Can Have Her","The Righteous Brothers","","42631","This Is New!","RVAL327591","The Righteous Brothers","RVAR008606","1965","","6","canonical_album_tracks","0.88","","no","yes","no","ok","no"
"RVTR374249","Full Of Smoke","christion","","25604","Ghetto Cyrano","RVAL020363","christion","RVAR001713","1997","","1","canonical_track_album_links","105","appears_on","no","yes","no","ok","no"
"RVTR374249","Full Of Smoke","christion","","25604","Ghetto Cyrano","RVAL020363","christion","RVAR001713","1997","","3","canonical_album_tracks","0.88","","no","yes","no","ok","no"
"RVTR374669","Bella","ricky martin","","32255","La Historia","RVAL802594","ricky martin","RVAR004665","2001","","3","canonical_album_tracks","0.88","","no","yes","no","ok","no"
"RVTR376357","Happenings Ten Years Time Ago","The Yardbirds","","42397","Over Under Sideways Down","RVAL308666","The Yardbirds","RVAR008490","1966","","4","canonical_track_album_links","105","appears_on","no","yes","no","ok","no"
"RVTR376357","Happenings Ten Years Time Ago","The Yardbirds","","42397","Over Under Sideways Down","RVAL308666","The Yardbirds","RVAR008490","1966","","11","canonical_album_tracks","0.86","","no","yes","no","ok","no"
"RVTR376773","Turn Up The Radio","autograph","","32577","Sign In Please","RVAL221210","autograph","RVAR004787","1985","","2","canonical_album_tracks","0.88","","no","yes","no","ok","no"
"RVTR376773","Turn Up The Radio","autograph","","32577","Sign In Please","RVAL221210","autograph","RVAR004787","1985","","10","canonical_track_album_links","105","appears_on","no","yes","no","ok","no"
"RVTR378592","God Only Knows","marilyn scott","","41038","Dreams Of Tomorrow","RVAL756103","marilyn scott","RVAR007830","1979","","10","canonical_album_tracks","0.88","","no","yes","no","ok","no"
"RVTR378647","Avenging Annie","roger daltrey","","28542","One Of The Boys","RVAL174090","roger daltrey","RVAR003086","1977","","3","canonical_album_tracks","0.88","","no","yes","no","ok","no"
"RVTR378647","Avenging Annie","roger daltrey","","28539","Best Bits","RVAL429277","roger daltrey","RVAR003086","1982","","9","canonical_album_tracks","0.88","","no","yes","no","ok","no"
"RVTR380436","Oops Oh My","tweet","","34849","Southern Hummingbird","RVAL257424","tweet","RVAR005697","2002","","7","canonical_album_tracks","0.88","","no","yes","no","ok","no"
"RVTR380562","Since You Been Gone","rainbow","","26676","Down To Earth","RVAL324723","rainbow","RVAR002265","1979","","5","canonical_album_tracks","0.88","","no","yes","no","ok","no"
"RVTR380562","Since You Been Gone","rainbow","","26677","Finyl Vinyl","RVAL186840","rainbow","RVAR002265","1986","","6","canonical_album_tracks","0.88","","no","yes","no","ok","no"
"RVTR381004","Lookin' Out My Back Door","creedence clearwater revival","","35453","More Creedence Gold","RVAL282331","creedence clearwater revival","RVAR005956","1973","","5","canonical_album_tracks","1.0","","no","yes","no","curated","no"
"RVTR382531","Freakit","das efx","","23626","Straight Up Sewaside","RVAL461583","das efx","RVAR000896","1993","","4","canonical_track_album_links","105","appears_on","no","yes","no","ok","no"
"RVTR382531","Freakit","das efx","","23626","Straight Up Sewaside","RVAL461583","das efx","RVAR000896","1993","","6","canonical_album_tracks","0.88","","no","yes","no","ok","no"
"RVTR383207","I'Ll Be Around","what is this","","28088","What Is This?","RVAL679548","what is this","RVAR002866","1985","","6","canonical_album_tracks","0.88","","no","yes","no","ok","no"
"RVTR384556","This Is The Way That I Feel","marie osmond","","30805","This Is The Way That I Feel","RVAL042145","marie osmond","RVAR004036","1977","","1","canonical_album_tracks","0.88","","no","yes","no","ok","no"
"RVTR384942","Love Takes Time","orleans","","30046","Forever","RVAL739430","orleans","RVAR003661","1979","","1","canonical_album_tracks","0.88","","no","yes","no","ok","no"
"RVTR385975","Make It Mean Something","rob jungklas","","37481","Closer To The Flame","RVAL843730","rob jungklas","RVAR006222","1986","","4","canonical_album_tracks","0.88","","no","yes","no","ok","no"
"RVTR386411","Keep The Fire Burnin'","reo speedwagon","","40139","The Second Decade of Rock & Roll 1981-1991","RVAL352513","reo speedwagon","RVAR007507","2011","","9","canonical_album_tracks","0.74","","no","yes","no","review_required","no"
"RVTR388443","Hay","crucial conflict","","31067","The Final Tic","RVAL778241","crucial conflict","RVAR004156","1996","","6","canonical_album_tracks","0.88","","no","yes","no","ok","no"
"RVTR388443","Hay","crucial conflict","","31067","The Final Tic","RVAL778241","crucial conflict","RVAR004156","1996","","10","canonical_track_album_links","105","appears_on","no","yes","no","ok","no"
"RVTR392549","The Last Farewell","roger whittaker","","25036","The Last Farewell And Other Hits","RVAL993291","roger whittaker","RVAR001450","1975","","5","canonical_album_tracks","0.88","","no","yes","no","ok","no"
"RVTR392805","Yesterday When I Was Young","roy clark","","30642","Yesterday, When I Was Young","RVAL853672","roy clark","RVAR003956","1969","","1","canonical_album_tracks","0.88","","no","yes","no","ok","no"
"RVTR392872","First Of The Year Equinox","skrillex","","23747","More Monsters And Sprites (EP)","RVAL821193","skrillex","RVAR000919","2011","","5","canonical_album_tracks","0.74","","no","yes","no","review_required","no"
"RVTR393257","Real Love","The Cretones","","42597","Thin Red Line","RVAL082728","The Cretones","RVAR008598","1980","","1","canonical_album_tracks","0.88","","no","yes","no","ok","no"
"RVTR393522","Yeah 3X","chris brown","","24564","F.A.M.E.","RVAL659453","chris brown","RVAR001255","2011","","7","canonical_album_tracks","1.0","","no","yes","no","curated","no"
"RVTR394746","Not Myself Tonight","christina aguilera","","24784","Bionic","RVAL099126","christina aguilera","RVAR001363","2010","","2","canonical_album_tracks","0.88","","no","yes","no","ok","no"
"RVTR394746","Not Myself Tonight","christina aguilera","","24784","Bionic","RVAL099126","christina aguilera","RVAR001363","2010","","6","canonical_track_album_links","105","appears_on","no","yes","no","ok","no"
"RVTR394884","Death Of An Angel","The Kingsmen","","41203","The Kingsmen, Volume 3","RVAL011643","The Kingsmen","RVAR007915","1965","","26","canonical_track_album_links","105","appears_on","no","yes","no","ok","yes"
"RVTR395087","Country Song","seether","","28060","Holding Onto Strings Better Left To Fray","RVAL396383","seether","RVAR002845","2011","","4","canonical_album_tracks","0.88","","no","yes","no","ok","no"
"RVTR395087","Country Song","seether","","28060","Holding Onto Strings Better Left To Fray","RVAL396383","seether","RVAR002845","2011","","8","canonical_track_album_links","105","appears_on","no","yes","no","ok","no"
"RVTR395992","Emotions","h-town","","26502","Beggin' After Dark","RVAL979402","h-town","RVAR002147","1994","","5","canonical_album_tracks","0.88","","no","yes","no","ok","no"
"RVTR395992","Emotions","h-town","","26502","Beggin' After Dark","RVAL979402","h-town","RVAR002147","1994","","8","canonical_track_album_links","105","appears_on","no","yes","no","ok","no"
"RVTR396031","Body Language","kid ink","","26595","Full Speed","RVAL486396","kid ink","RVAR002218","2015","","4","canonical_album_tracks","0.88","","no","yes","no","ok","no"
"RVTR396322","Bombtrack","rage against the machine","","23957","Rage Against The Machine","RVAL028926","rage against the machine","RVAR001013","1993","","1","canonical_album_tracks","0.88","","no","yes","no","ok","no"
"RVTR396672","Just Kickin' It","xscape","","33082","Hummin' Comin' At 'Cha","RVAL555835","xscape","RVAR004964","1993","","2","canonical_album_tracks","1.0","","no","yes","no","curated","no"
"RVTR396706","Careless Whisper","seether","","28065","Seether: 2002-2013","RVAL746737","seether","RVAR002845","2013","","4","canonical_track_album_links","105","appears_on","no","yes","no","ok","no"
"RVTR396706","Careless Whisper","seether","","28065","Seether: 2002-2013","RVAL746737","seether","RVAR002845","2013","","11","canonical_album_tracks","0.86","","no","yes","no","ok","no"
"RVTR398050","Cocktales","Too $hort","","42513","Cocktails","RVAL753261","Too $hort","RVAR008551","1995","","2","canonical_album_tracks","0.88","","no","yes","no","ok","no"
"RVTR398050","Cocktales","Too $hort","","42513","Cocktails","RVAL753261","Too $hort","RVAR008551","1995","","11","canonical_track_album_links","105","appears_on","no","yes","no","ok","no"
"RVTR398193","Are You Sincere","andy williams","","31773","Canadian Sunset","RVAL626572","andy williams","RVAR004489","1965","","6","canonical_album_tracks","1.0","","no","yes","no","curated","no"
"RVTR398232","Ave Dat Money","lil dicky","","34650","Professional Rapper","RVAL194411","lil dicky","RVAR005619","2015","","10","canonical_album_tracks","0.88","","no","yes","no","ok","no"
"RVTR398440","This Too Shall Pass","ok go","","41146","Of The Blue Colour Of The Sky","RVAL952524","ok go","RVAR007860","2010","","2","canonical_album_tracks","0.88","","no","yes","no","ok","no"
"RVTR398942","The Right Feeling At The Wrong Time","hot","","22813","Hot","RVAL999754","hot","RVAR000500","1977","","2","canonical_album_tracks","0.88","","no","yes","no","ok","no"
"RVTR399280","Hands Up","lloyd banks","","30824","Rotten Apple","RVAL772076","lloyd banks","RVAR004047","2006","","4","canonical_track_album_links","105","appears_on","no","yes","no","ok","no"
"RVTR399280","Hands Up","lloyd banks","","30824","Rotten Apple","RVAL772076","lloyd banks","RVAR004047","2006","","6","canonical_album_tracks","0.88","","no","yes","no","ok","no"
"RVTR399597","Hold Me","colin james hay","","38540","Looking For Jack","RVAL296706","colin james hay","RVAR006660","1987","","1","canonical_album_tracks","0.88","","no","yes","no","ok","no"
"RVTR400503","Come As You Are","peter wolf","","37752","Come As You Are","RVAL479764","peter wolf","RVAR006347","1987","","6","canonical_album_tracks","0.88","","no","yes","no","ok","no"
"RVTR400715","Let Me Roll","scarface","","37925","The World Is Yours","RVAL376837","scarface","RVAR006452","1993","","5","canonical_album_tracks","0.88","","no","yes","no","ok","no"
"RVTR400957","Your Own Special Way","genesis","","29192","Wind & Wuthering","RVAL134842","genesis","RVAR003361","1977","","3","canonical_track_album_links","105","appears_on","no","yes","no","ok","yes"
"RVTR403078","My Best Theory","jimmy eat world","","38711","Invented","RVAL239626","jimmy eat world","RVAR006745","2010","","2","canonical_album_tracks","0.88","","no","yes","no","ok","no"
"RVTR403198","With A Girl Like You","The Troggs","","42105","Wild Thing","RVAL281012","The Troggs","RVAR008363","1966","","2","canonical_album_tracks","0.88","","no","yes","no","ok","no"
"RVTR403721","Hip Hop Hooray","naughty by nature","","28697","19 Naughty III","RVAL896272","naughty by nature","RVAR003145","1993","","2","canonical_album_tracks","0.88","","no","yes","no","ok","no"
"RVTR403721","Hip Hop Hooray","naughty by nature","","28697","19 Naughty III","RVAL896272","naughty by nature","RVAR003145","1993","","3","canonical_track_album_links","105","appears_on","no","yes","no","ok","no"
"RVTR403784","Hot To Trot","wild cherry","","39360","Electrified Funk","RVAL000474","wild cherry","RVAR007080","1977","","8","canonical_album_tracks","0.88","","no","yes","no","ok","no"
"RVTR404218","Hold My Hand","jess glynne","","29140","I Cry When I Laugh","RVAL556078","jess glynne","RVAR003356","2015","","2","canonical_album_tracks","0.88","","no","yes","no","ok","no"
"RVTR404218","Hold My Hand","jess glynne","","29140","I Cry When I Laugh","RVAL556078","jess glynne","RVAR003356","2015","","5","canonical_track_album_links","105","appears_on","no","yes","no","ok","no"
"RVTR404932","If You'Re Going Through Hell Before The Devil Even Knows","rodney atkins","","24560","Rodney Atkins","RVAL712600","rodney atkins","RVAR001254","2010","","10","canonical_album_tracks","0.88","","no","yes","no","ok","no"
"RVTR405876","Johnny One Time","brenda lee","","30776","Johnny One Time","RVAL038364","brenda lee","RVAR004025","1969","","1","canonical_album_tracks","0.88","","no","yes","no","ok","no"
"RVTR405876","Johnny One Time","brenda lee","","30776","Johnny One Time","RVAL038364","brenda lee","RVAR004025","1969","","8","canonical_album_tracks","0.88","","no","yes","no","ok","no"
"RVTR406552","My Love Is Like Wo","mya","","34454","Moodring","RVAL372116","mya","RVAR005520","2003","","7","canonical_album_tracks","1.0","","no","yes","no","curated","no"
"RVTR406707","Oh I Think Dey Like Me","dem franchize boyz","","24278","Dem Franchize Boyz","RVAL349023","dem franchize boyz","RVAR001144","2004","","10","canonical_album_tracks","0.88","","no","yes","no","ok","no"
"RVTR406715","No Bs","chris brown","","24564","F.A.M.E.","RVAL659453","chris brown","RVAR001255","2011","","3","canonical_album_tracks","0.88","","no","yes","no","ok","no"
"RVTR406802","Right Now","al b. sure!","","40242","Sexy Versus","RVAL117239","al b. sure!","RVAR007554","1992","","1","canonical_album_tracks","0.88","","no","yes","no","ok","no"
"RVTR406802","Right Now","al b. sure!","","40242","Sexy Versus","RVAL117239","al b. sure!","RVAR007554","1992","","12","canonical_track_album_links","105","appears_on","no","yes","no","ok","no"
"RVTR407197","How Deep Is Your Love","portrait","","32429","All That Matters","RVAL376004","portrait","RVAR004714","1995","","10","canonical_track_album_links","105","appears_on","no","yes","no","ok","no"
"RVTR407197","How Deep Is Your Love","portrait","","32429","All That Matters","RVAL376004","portrait","RVAR004714","1995","","11","canonical_album_tracks","0.86","","no","yes","no","ok","no"
"RVTR407260","Heaven","live","","24238","Birds Of Pray","RVAL488814","live","RVAR001117","2003","","2","canonical_album_tracks","0.74","","no","yes","no","review_required","no"
"RVTR407260","Heaven","live","","24237","Awake: The Best Of Live","RVAL046748","live","RVAR001117","2004","","13","canonical_album_tracks","0.74","","no","yes","no","review_required","no"
"RVTR410527","The Witch Queen Of New Orleans","redbone","","26420","Message From A Drum","RVAL078761","redbone","RVAR002092","1972","","7","canonical_album_tracks","0.88","","no","yes","no","ok","no"
"RVTR411907","Felices Los 4","maluma","","29090","F.A.M.E.","RVAL457639","maluma","RVAR003329","2018","","2","canonical_track_album_links","105","appears_on","no","yes","no","ok","no"
"RVTR411907","Felices Los 4","maluma","","29090","F.A.M.E.","RVAL457639","maluma","RVAR003329","2018","","11","canonical_album_tracks","0.86","","no","yes","no","ok","no"
"RVTR412132","I Could Never Lie To You","The New Colony Six","","42579","Attacking A Straw Man","RVAL361329","The New Colony Six","RVAR008592","1969","","5","canonical_album_tracks","0.88","","no","yes","no","ok","no"
"RVTR412375","Born To Roll","masta ace incorporated","","39752","Sittin' On Chrome","RVAL293327","masta ace incorporated","RVAR007257","1995","","5","canonical_track_album_links","105","appears_on","no","yes","no","ok","no"
"RVTR412375","Born To Roll","masta ace incorporated","","39752","Sittin' On Chrome","RVAL293327","masta ace incorporated","RVAR007257","1995","","11","canonical_album_tracks","0.86","","no","yes","no","ok","no"
"RVTR412676","Love X Love","george benson","","29271","The Greatest Hits Of All","RVAL041051","george benson","RVAR003391","2003","","8","canonical_album_tracks","0.88","","no","yes","no","ok","no"
"RVTR412728","Get Low","dillon francis","","30781","Money Sucks Friends Rule","RVAL516140","dillon francis","RVAR004027","2014","","2","canonical_album_tracks","0.88","","no","yes","no","ok","no"
"RVTR412728","Get Low","dillon francis","","30781","Money Sucks Friends Rule","RVAL516140","dillon francis","RVAR004027","2014","","4","canonical_track_album_links","105","appears_on","no","yes","no","ok","no"
"RVTR413926","Tell Her No","The Zombies","","43183","The Zombies","RVAL986077","The Zombies","RVAR008882","1965","","7","canonical_album_tracks","0.88","","no","yes","no","ok","no"
"RVTR415154","East Side Rendezvous","frost","","27555","Smile Now, Die Later","RVAL468917","frost","RVAR002646","1995","","1","canonical_album_tracks","0.88","","no","yes","no","ok","no"
"RVTR415154","East Side Rendezvous","frost","","27555","Smile Now, Die Later","RVAL468917","frost","RVAR002646","1995","","5","canonical_track_album_links","105","appears_on","no","yes","no","ok","no"
"RVTR415422","Be Real","kid ink","","26595","Full Speed","RVAL486396","kid ink","RVAR002218","2015","","7","canonical_album_tracks","0.88","","no","yes","no","ok","no"
"RVTR416024","Only When I Lose Myself","depeche mode","","25668","Remixes 2: 81-11 (Deluxe Edition)","RVAL397859","depeche mode","RVAR001747","2011","","32","canonical_album_tracks","0.74","","no","yes","no","review_required","no"
"RVTR416756","Tru Love","faith evans","","35166","The First Lady","RVAL787129","faith evans","RVAR005843","2005","","6","canonical_album_tracks","0.88","","no","yes","no","ok","no"
"RVTR416814","Statue Of A Fool","jack greene","","22218","All The Time","RVAL740923","jack greene","RVAR000177","1967","","7","canonical_album_tracks","0.74","","no","yes","no","review_required","no"
"RVTR417775","Ain'T No Rest For The Wicked","cage the elephant","","24225","Cage The Elephant","RVAL944064","cage the elephant","RVAR001114","2009","","3","canonical_album_tracks","0.88","","no","yes","no","ok","no"
"RVTR420212","I Can'T Control Myself","The Troggs","","42104","Love Is All Around","RVAL384958","The Troggs","RVAR008363","1968","","8","canonical_album_tracks","0.88","","no","yes","no","ok","no"
"RVTR420541","I Do Love You","gq","","29060","Disco Nights","RVAL928299","gq","RVAR003309","1979","","8","canonical_album_tracks","0.88","","no","yes","no","ok","no"
"RVTR421633","Bad Girls Club","falling in reverse","","27716","Fashionably Late","RVAL327440","falling in reverse","RVAR002725","2013","","2","canonical_album_tracks","0.88","","no","yes","no","ok","no"
"RVTR423811","Loveline","dr. hook","","21785","Players In The Dark","RVAL928798","dr. hook","RVAR000036","1982","","5","canonical_album_tracks","0.88","","no","yes","no","ok","no"
"RVTR424340","The Deuce","kurtis blow","","27416","Deuce","RVAL118229","kurtis blow","RVAR002570","1981","","1","canonical_album_tracks","0.88","","no","yes","no","ok","no"
"RVTR424591","Close Your Eyes","edward bear","","29080","Close Your Eyes","RVAL890039","edward bear","RVAR003323","1973","","1","canonical_album_tracks","0.88","","no","yes","no","ok","no"
"RVTR424719","Wasted","tiesto","","24684","In Search Of Sunrise 7: Asia","RVAL364247","tiesto","RVAR001314","2008","","20","canonical_album_tracks","0.74","","no","yes","no","review_required","no"
"RVTR424719","Wasted","tiesto","","24675","A Town Called Paradise","RVAL513933","tiesto","RVAR001314","2014","","18","canonical_album_tracks","0.74","","no","yes","no","review_required","no"
"RVTR424726","Melancholy Music Man","The Righteous Brothers","","42626","Soul & Inspiration","RVAL828122","The Righteous Brothers","RVAR008606","1966","","8","canonical_track_album_links","105","appears_on","no","yes","no","ok","no"
"RVTR424726","Melancholy Music Man","The Righteous Brothers","","42626","Soul & Inspiration","RVAL828122","The Righteous Brothers","RVAR008606","1966","","14","canonical_album_tracks","0.86","","no","yes","no","ok","no"
"RVTR425548","Teenage Sonata","sam cooke","","29596","The Man & His Music","RVAL240095","sam cooke","RVAR003458","1986","","19","canonical_track_album_links","105","appears_on","no","yes","no","ok","yes"
"RVTR425755","Take A Look Around","smith","","25562","Minus-Plus","RVAL273436","smith","RVAR001683","1970","","6","canonical_track_album_links","105","appears_on","no","yes","no","ok","no"
"RVTR425755","Take A Look Around","smith","","25562","Minus-Plus","RVAL273436","smith","RVAR001683","1970","","7","canonical_album_tracks","0.88","","no","yes","no","ok","no"
"RVTR426955","I Need Love","olivia newton-john","","25471","Back To Basics/Essential Collection 1971-1992","RVAL482223","olivia newton-john","RVAR001650","1992","","3","canonical_track_album_links","105","appears_on","no","yes","no","ok","yes"
"RVTR428295","Dashboard","modest mouse","","31907","We Were Dead Before The Ship Even Sank","RVAL965022","modest mouse","RVAR004527","2007","","1","canonical_track_album_links","105","appears_on","no","yes","no","ok","no"
"RVTR428295","Dashboard","modest mouse","","31907","We Were Dead Before The Ship Even Sank","RVAL965022","modest mouse","RVAR004527","2007","","2","canonical_album_tracks","0.88","","no","yes","no","ok","no"
"RVTR429154","Everything Is Alright","spider","","38352","Spider","RVAL694849","spider","RVAR006589","1980","","4","canonical_album_tracks","0.88","","no","yes","no","ok","no"
"RVTR429782","Rude","magic!","","27269","Don't Kill The Magic","RVAL343430","magic!","RVAR002474","2014","","1","canonical_album_tracks","0.88","","no","yes","no","ok","no"
"RVTR429782","Rude","magic!","","27269","Don't Kill The Magic","RVAL343430","magic!","RVAR002474","2014","","10","canonical_track_album_links","105","appears_on","no","yes","no","ok","no"
"RVTR430080","Memories","david guetta","","29739","One Love","RVAL838074","david guetta","RVAR003525","2009","","4","canonical_album_tracks","0.88","","no","yes","no","ok","no"
"RVTR432256","Hang 'Em High","hugo montenegro, his orchestra and chorus","","34081","Hang 'Em High","RVAL951640","hugo montenegro, his orchestra and chorus","RVAR005345","1968","","1","canonical_album_tracks","0.88","","no","yes","no","ok","no"
"RVTR433569","Dr Feelgood","motley crue","","30412","Motley Crue","RVAL865124","motley crue","RVAR003827","1994","","9","canonical_album_tracks","0.74","","no","yes","no","review_required","no"
"RVTR433569","Dr Feelgood","motley crue","","30412","Motley Crue","RVAL865124","motley crue","RVAR003827","1994","","10","canonical_album_tracks","0.74","","no","yes","no","review_required","no"
"RVTR433569","Dr Feelgood","motley crue","","30411","Live: Entertainment Or Death","RVAL179544","motley crue","RVAR003827","1999","","17","canonical_album_tracks","0.74","","no","yes","no","review_required","no"
"RVTR433572","Chickenhead","project pat","","27230","Mista Don't Play Everythangs Workin","RVAL889631","project pat","RVAR002459","2001","","1","canonical_album_tracks","0.88","","no","yes","no","ok","no"
"RVTR433734","What Love Is","marty balin","","28201","Lucky","RVAL962826","marty balin","RVAR002921","1983","","5","canonical_album_tracks","0.88","","no","yes","no","ok","no"
"RVTR434542","Ajax Airlines","hudson and landry","","29795","Losing Their Heads","RVAL374161","hudson and landry","RVAR003556","1971","","2","canonical_album_tracks","0.88","","no","yes","no","ok","no"
"RVTR436473","For A While","mary macgregor","","37543","Torn Between Two Lovers","RVAL521780","mary macgregor","RVAR006251","1977","","7","canonical_album_tracks","0.88","","no","yes","no","ok","no"
"RVTR436500","Why Not Me","fred knoblock","","29372","Why Not Me","RVAL989047","fred knoblock","RVAR003415","1980","","1","canonical_album_tracks","0.88","","no","yes","no","ok","no"
"RVTR436541","Gucci Gucci","kreayshawn","","27664","Somethin' 'Bout Kreay","RVAL767515","kreayshawn","RVAR002702","2012","","2","canonical_track_album_links","105","appears_on","no","yes","no","ok","no"
"RVTR436541","Gucci Gucci","kreayshawn","","27664","Somethin' 'Bout Kreay","RVAL767515","kreayshawn","RVAR002702","2012","","3","canonical_album_tracks","0.88","","no","yes","no","ok","no"
"RVTR436709","Make Me Twice The Man","new york city","","27412","I'm Doin' Fine Now","RVAL543972","new york city","RVAR002564","1973","","2","canonical_album_tracks","0.88","","no","yes","no","ok","no"
"RVTR437790","Da' Dip","freak nasty","","38373","Controversee... That's Life...And That's The Way It Is","RVAL088018","freak nasty","RVAR006610","1997","","7","canonical_album_tracks","0.88","","no","yes","no","ok","no"
"RVTR438460","Black Chinese","huncho jack","","40183","Huncho Jack, Jack Huncho","RVAL042567","huncho jack","RVAR007531","2018","","2","canonical_album_tracks","0.88","","no","yes","no","ok","no"
"RVTR438460","Black Chinese","huncho jack","","40183","Huncho Jack, Jack Huncho","RVAL042567","huncho jack","RVAR007531","2018","","6","canonical_track_album_links","105","appears_on","no","yes","no","ok","no"
"RVTR438494","Doin' Our Thing","clarence carter","","27315","Testifyin'","RVAL582854","clarence carter","RVAR002501","1969","","5","canonical_album_tracks","0.88","","no","yes","no","ok","no"
"RVTR443055","Kryptonite I'M On It","purple ribbon all-stars","","28005","Big Boi Presents...Got Purp? Vol. II","RVAL364864","purple ribbon all-stars","RVAR002815","2005","","4","canonical_album_tracks","0.88","","no","yes","no","ok","no"
"RVTR443856","Doomsday Clock","The Smashing Pumpkins","","42834","Zeitgeist","RVAL277530","The Smashing Pumpkins","RVAR008724","2007","","1","canonical_album_tracks","0.88","","no","yes","no","ok","no"
"RVTR445612","Your Song","rita ora","","39553","Phoenix","RVAL652756","rita ora","RVAR007174","2018","","5","canonical_album_tracks","0.88","","no","yes","no","ok","no"
"RVTR445733","React","erick sermon","","23167","React","RVAL313695","erick sermon","RVAR000669","2002","","5","canonical_album_tracks","0.88","","no","yes","no","ok","no"
"RVTR445733","React","erick sermon","","23167","React","RVAL313695","erick sermon","RVAR000669","2002","","11","canonical_track_album_links","105","appears_on","no","yes","no","ok","no"
"RVTR446766","Downtown","dolly parton","","26991","The Great Pretender","RVAL901815","dolly parton","RVAR002370","1984","","4","canonical_album_tracks","0.88","","no","yes","no","ok","no"
"RVTR446766","Downtown","dolly parton","","26991","The Great Pretender","RVAL901815","dolly parton","RVAR002370","1984","","6","canonical_track_album_links","105","appears_on","no","yes","no","ok","no"
"RVTR447739","Wish You Were Here","avril lavigne","","31392","Goodbye Lullaby","RVAL440438","avril lavigne","RVAR004307","2011","","4","canonical_album_tracks","0.88","","no","yes","no","ok","no"
"RVTR447739","Wish You Were Here","avril lavigne","","31392","Goodbye Lullaby","RVAL440438","avril lavigne","RVAR004307","2011","","16","canonical_track_album_links","105","appears_on","no","yes","no","ok","no"
"RVTR447966","All The Time","jack greene","","22218","All The Time","RVAL740923","jack greene","RVAR000177","1967","","20","canonical_album_tracks","0.74","","no","yes","no","review_required","no"
"RVTR448805","Champagne Supernova","oasis","","28913","Stop The Clocks (Best Of)","RVAL310039","oasis","RVAR003219","2006","","3","canonical_album_tracks","0.74","","no","yes","no","review_required","no"
"RVTR449279","My Merry Go Round","johnny nash","","23181","My Merry-Go-Round","RVAL788082","johnny nash","RVAR000684","1973","","1","canonical_album_tracks","0.88","","no","yes","no","ok","no"
"RVTR449770","Even It Up","heart","","32200","Bebe Le Strange","RVAL984526","heart","RVAR004654","1980","","3","canonical_track_album_links","105","appears_on","no","yes","no","ok","yes"
"RVTR449889","Hope","xxxtentacion","","23338","?","RVAL906016","xxxtentacion","RVAR000778","2018","","3","canonical_album_tracks","0.95","","no","yes","no","ok","no"
"RVTR449889","Hope","xxxtentacion","","23338","?","RVAL906016","xxxtentacion","RVAR000778","2018","","6","canonical_track_album_links","105","appears_on","no","yes","no","ok","no"
"RVTR451996","The Good Humor Man He Sees Everything Like This","love","","40172","Forever Changes","RVAL806349","love","RVAR007520","1968","","9","canonical_album_tracks","0.88","","no","yes","no","ok","no"
"RVTR452052","Down In It","nine inch nails","","30296","Pretty Hate Machine","RVAL221126","nine inch nails","RVAR003792","1990","","3","canonical_album_tracks","0.88","","no","yes","no","ok","no"
"RVTR452266","Wooden Heart","bobby vinton","","39636","Heart Of Hearts","RVAL833349","bobby vinton","RVAR007209","1975","","6","canonical_album_tracks","0.88","","no","yes","no","ok","no"
"RVTR452414","I Don'T Love You Anymore","The London Quireboys","","41791","A Bit Of What You Fancy","RVAL364930","The London Quireboys","RVAR008204","1990","","6","canonical_album_tracks","0.88","","no","yes","no","ok","no"
"RVTR452621","Birthday","underground sunshine","","27156","Let There Be Light","RVAL922151","underground sunshine","RVAR002425","1969","","1","canonical_album_tracks","0.88","","no","yes","no","ok","no"
"RVTR453569","The Heart Is Not So Smart","el debarge","","29750","El DeBarge","RVAL791311","el debarge","RVAR003539","1986","","3","canonical_track_album_links","105","appears_on","no","yes","no","ok","no"
"RVTR454040","Masterpiece","atlantic starr","","32177","Love Crazy","RVAL252464","atlantic starr","RVAR004650","1992","","8","canonical_track_album_links","105","appears_on","no","yes","no","ok","yes"
"RVTR454917","Where Did Our Love Go","donnie elbert","","27403","Where Did Our Love Go","RVAL740576","donnie elbert","RVAR002561","1972","","6","canonical_album_tracks","0.88","","no","yes","no","ok","no"
"RVTR455051","All Gold Everything","trinidad james","","26666","Don't Be S.A.F.E.","RVAL910161","trinidad james","RVAR002260","2013","","2","canonical_track_album_links","105","appears_on","no","yes","no","ok","no"
"RVTR455051","All Gold Everything","trinidad james","","26666","Don't Be S.A.F.E.","RVAL910161","trinidad james","RVAR002260","2013","","6","canonical_album_tracks","0.88","","no","yes","no","ok","no"
"RVTR456307","If You Go Away","nkotb","","22968","Face The Music","RVAL488835","nkotb","RVAR000578","1994","","5","canonical_album_tracks","0.88","","no","yes","no","ok","no"
"RVTR456338","1 2 3","len barry","","37653","1-2-3","RVAL340405","len barry","RVAR006299","1965","","1","canonical_album_tracks","0.88","","no","yes","no","ok","no"
"RVTR458666","Emotions","love","","40174","Love","RVAL078030","love","RVAR007520","1966","","7","canonical_album_tracks","0.88","","no","yes","no","ok","no"
"RVTR458742","Main Chick","kid ink","","26596","My Own Lane","RVAL210395","kid ink","RVAR002218","2014","","6","canonical_album_tracks","0.88","","no","yes","no","ok","no"
"RVTR459129","Run Runaway","slade","","39538","Keep Your Hands Off My Power Supply","RVAL834028","slade","RVAR007169","1984","","1","canonical_album_tracks","0.88","","no","yes","no","ok","no"
"RVTR459662","I'M Gonna Love You Just A Little More Baby","barry white","","21948","The Best Of Barry White: 20th Century Masters The Millennium Collection","RVAL475419","barry white","RVAR000106","2003","","9","canonical_album_tracks","0.74","","no","yes","no","review_required","no"
"RVTR459983","Mozambique","bob dylan","","33684","Desire","RVAL794214","bob dylan","RVAR005183","1976","","3","canonical_album_tracks","0.88","","no","yes","no","ok","no"
"RVTR460887","The Love You Save","joe tex","","25898","The Love You Save","RVAL075122","joe tex","RVAR001855","1966","","1","canonical_album_tracks","0.88","","no","yes","no","ok","no"
"RVTR461283","The Very Last Time","utopia","","34631","Adventures In Utopia","RVAL903218","utopia","RVAR005614","1980","","1","canonical_track_album_links","105","appears_on","no","yes","no","ok","no"
"RVTR461283","The Very Last Time","utopia","","34631","Adventures In Utopia","RVAL903218","utopia","RVAR005614","1980","","8","canonical_album_tracks","0.88","","no","yes","no","ok","no"
"RVTR462775","King Nothing","metallica","","40257","Load","RVAL974026","metallica","RVAR007560","1996","","1","canonical_track_album_links","105","appears_on","no","yes","no","ok","no"
"RVTR462775","King Nothing","metallica","","40257","Load","RVAL974026","metallica","RVAR007560","1996","","5","canonical_album_tracks","0.88","","no","yes","no","ok","no"
"RVTR463011","There Won'T Be No Country Music There Won'T Be No Rock 'N' Roll","c.w. mccall","","22137","Wilderness","RVAL525193","c.w. mccall","RVAR000158","1976","","7","canonical_album_tracks","0.88","","no","yes","no","ok","no"
"RVTR463449","Date With The Night","yeah yeah yeahs","","30181","Fever To Tell","RVAL004930","yeah yeah yeahs","RVAR003737","2003","","2","canonical_album_tracks","0.88","","no","yes","no","ok","no"
"RVTR463992","There She Goes","babyface","","32628","Face2Face","RVAL387168","babyface","RVAR004824","2001","","2","canonical_album_tracks","0.88","","no","yes","no","ok","no"
"RVTR465970","I Saw It Cummin'","pmd","","40086","Shade Business","RVAL379904","pmd","RVAR007454","1994","","5","canonical_album_tracks","0.74","","no","yes","no","review_required","no"
"RVTR466880","Stone Cold Sober","crawler","","33811","Crawler","RVAL510368","crawler","RVAR005222","1977","","9","canonical_album_tracks","0.88","","no","yes","no","ok","no"
"RVTR469205","Peaches Cream","112","","35514","Part III","RVAL886773","112","RVAR005997","2001","","4","canonical_album_tracks","0.88","","no","yes","no","ok","no"
"RVTR471159","That'S It I Quit I'M Movin' On","sam cooke","","29596","The Man & His Music","RVAL240095","sam cooke","RVAR003458","1986","","35","canonical_album_tracks","0.74","","no","yes","no","review_required","no"
"RVTR471177","Just One Time","don gibson","","26288","I Wrote A Song...","RVAL704066","don gibson","RVAR001987","1963","","9","canonical_album_tracks","0.88","","no","yes","no","ok","no"
"RVTR473011","Caught In The Game","survivor","","25282","Caught In The Game","RVAL115765","survivor","RVAR001536","1983","","1","canonical_album_tracks","0.88","","no","yes","no","ok","no"
"RVTR473011","Caught In The Game","survivor","","25282","Caught In The Game","RVAL115765","survivor","RVAR001536","1983","","9","canonical_track_album_links","105","appears_on","no","yes","no","ok","no"
"RVTR473137","Bucktown","smif-n-wessun","","39869","Dah Shinin'","RVAL195399","smif-n-wessun","RVAR007328","1995","","7","canonical_album_tracks","0.88","","no","yes","no","ok","no"
"RVTR473137","Bucktown","smif-n-wessun","","39869","Dah Shinin'","RVAL195399","smif-n-wessun","RVAR007328","1995","","15","canonical_track_album_links","105","appears_on","no","yes","no","ok","no"
"RVTR473453","At The Stars","better than ezra","","30075","How Does Your Garden Grow?","RVAL589665","better than ezra","RVAR003680","1998","","3","canonical_album_tracks","0.88","","no","yes","no","ok","no"
"RVTR473453","At The Stars","better than ezra","","30075","How Does Your Garden Grow?","RVAL589665","better than ezra","RVAR003680","1998","","13","canonical_track_album_links","105","appears_on","no","yes","no","ok","no"
"RVTR474160","Rock My Heart","haddaway","","28175","Haddaway","RVAL045851","haddaway","RVAR002899","1994","","4","canonical_album_tracks","0.88","","no","yes","no","ok","no"
"RVTR474612","Peace Brother Peace","bill medley","","28718","Soft And Soulful","RVAL764929","bill medley","RVAR003156","1969","","1","canonical_album_tracks","0.88","","no","yes","no","ok","no"
"RVTR475170","Music","erick sermon","","23163","[Music]","RVAL173729","erick sermon","RVAR000669","2001","","3","canonical_track_album_links","105","appears_on","no","yes","no","ok","no"
"RVTR475170","Music","erick sermon","","23163","[Music]","RVAL173729","erick sermon","RVAR000669","2001","","4","canonical_album_tracks","0.88","","no","yes","no","ok","no"
"RVTR475290","Should I Stay Or Should I Go","The Clash","","42371","The Essential Clash","RVAL598828","The Clash","RVAR008481","2003","","3","canonical_album_tracks","0.88","","no","yes","no","ok","no"
"RVTR475796","Say Something","justin timberlake","","28194","Man Of The Woods","RVAL266278","justin timberlake","RVAR002914","2018","","3","canonical_track_album_links","105","appears_on","no","yes","no","ok","no"
"RVTR475796","Say Something","justin timberlake","","28194","Man Of The Woods","RVAL266278","justin timberlake","RVAR002914","2018","","9","canonical_album_tracks","0.88","","no","yes","no","ok","no"
"RVTR475861","Kiss Me Where It Smells Funny","bloodhound gang","","32424","One Fierce Beer Coaster","RVAL892482","bloodhound gang","RVAR004706","1997","","1","canonical_album_tracks","0.88","","no","yes","no","ok","no"
"RVTR476075","Funky Cold Medina","tone-loc","","35576","Loc-ed After Dark","RVAL887590","tone-loc","RVAR006044","1989","","8","canonical_track_album_links","105","appears_on","no","yes","no","ok","yes"
"RVTR476302","More Than The Eye Can See","al martino","","22048","This Is Al Martino","RVAL826257","al martino","RVAR000138","1968","","3","canonical_album_tracks","0.88","","no","yes","no","ok","no"
"RVTR476891","Whistle For The Choir","The Fratellis","","42726","Costello Music","RVAL433683","The Fratellis","RVAR008669","2007","","3","canonical_album_tracks","0.88","","no","yes","no","ok","no"
"RVTR477170","Billy","6ix9ine","","30816","DAY69","RVAL262877","6ix9ine","RVAR004042","2018","","10","canonical_track_album_links","105","appears_on","no","yes","no","ok","yes"
"RVTR478033","The End Is Not In Sight The Cowboy Tune","amazing rhythm aces","","22759","Too Stuffed To Jump","RVAL760252","amazing rhythm aces","RVAR000471","1976","","6","canonical_album_tracks","0.74","","no","yes","no","review_required","no"
"RVTR478188","Green Green Grass Of Home","tom jones","","29988","Tom Jones' Greatest Hits","RVAL824060","tom jones","RVAR003636","1974","","4","canonical_album_tracks","0.88","","no","yes","no","ok","no"
"RVTR478188","Green Green Grass Of Home","tom jones","","29984","Tom Jones Greatest Hits","RVAL608186","tom jones","RVAR003636","1977","","4","canonical_album_tracks","0.88","","no","yes","no","ok","no"
"RVTR478506","The Rockford Files","mike post","","22882","Railhead Overture","RVAL693562","mike post","RVAR000539","1975","","6","canonical_album_tracks","0.88","","no","yes","no","ok","no"
"RVTR478670","Bonfire","third eye blind","","23190","Ursa Major","RVAL271547","third eye blind","RVAR000688","2009","","3","canonical_album_tracks","0.88","","no","yes","no","ok","no"
"RVTR478717","The Matador","major lance","","37389","Major's Greatest Hits","RVAL091433","major lance","RVAR006156","1965","","9","canonical_album_tracks","0.88","","no","yes","no","ok","no"
"RVTR478919","Simple","florida georgia line","","38910","Florida Georgia Line (EP)","RVAL963037","florida georgia line","RVAR006851","2018","","10","canonical_track_album_links","105","appears_on","no","yes","no","ok","yes"
"RVTR479456","For The First Time","The Script","","41581","Science & Faith","RVAL902913","The Script","RVAR008076","2011","","2","canonical_album_tracks","0.88","","no","yes","no","ok","no"
"RVTR479456","For The First Time","The Script","","41581","Science & Faith","RVAL902913","The Script","RVAR008076","2011","","3","canonical_track_album_links","105","appears_on","no","yes","no","ok","no"
"RVTR479478","Chuck E 'S In Love","rickie lee jones","","24608","Naked Songs","RVAL339173","rickie lee jones","RVAR001279","1995","","5","canonical_album_tracks","0.74","","no","yes","no","review_required","no"
"RVTR482308","Chattanooga Choo Choo","tuxedo junction","","23802","Tuxedo Junction","RVAL180542","tuxedo junction","RVAR000929","1978","","1","canonical_album_tracks","0.88","","no","yes","no","ok","no"
"RVTR484165","Can You Feel Me","dru down","","23665","Can You Feel Me","RVAL438989","dru down","RVAR000906","1996","","4","canonical_album_tracks","0.88","","no","yes","no","ok","no"
"RVTR484165","Can You Feel Me","dru down","","23665","Can You Feel Me","RVAL438989","dru down","RVAR000906","1996","","7","canonical_track_album_links","105","appears_on","no","yes","no","ok","no"
"RVTR484250","Ain'T No Sunshine","kris allen","","23989","Season 8 Favorite Performances","RVAL630107","kris allen","RVAR001018","2009","","1","canonical_album_tracks","0.88","","no","yes","no","ok","no"
"RVTR484988","Wild For The Night","A$ap Rocky","","42165","Long.Live.A$AP","RVAL647901","A$ap Rocky","RVAR008380","2013","","8","canonical_album_tracks","0.88","","no","yes","no","ok","no"
"RVTR485517","Next To You","chris brown","","24564","F.A.M.E.","RVAL659453","chris brown","RVAR001255","2011","","8","canonical_album_tracks","0.88","","no","yes","no","ok","no"
"RVTR485826","Love Song","tesla","","22500","Time's Makin' Changes - The Best Of Tesla","RVAL900889","tesla","RVAR000329","1996","","12","canonical_album_tracks","0.74","","no","yes","no","review_required","no"
"RVTR487222","Bitch","meredith brooks","","38715","Blurring The Edges","RVAL121362","meredith brooks","RVAR006750","1997","","2","canonical_album_tracks","0.88","","no","yes","no","ok","no"
"RVTR487222","Bitch","meredith brooks","","38715","Blurring The Edges","RVAL121362","meredith brooks","RVAR006750","1997","","4","canonical_track_album_links","105","appears_on","no","yes","no","ok","no"
"RVTR488140","Roun' The Globe","nappy roots","","25265","Wooden Leather","RVAL185896","nappy roots","RVAR001533","2003","","3","canonical_album_tracks","0.88","","no","yes","no","ok","no"
"RVTR490048","Pilot Of The Airwaves","charlie dore","","26908","Where To Now","RVAL079321","charlie dore","RVAR002343","1980","","1","canonical_album_tracks","0.88","","no","yes","no","ok","no"
"RVTR490204","Black Fox","freddy robinson","","26426","The Coming Atlantis","RVAL736845","freddy robinson","RVAR002097","1970","","5","canonical_album_tracks","0.88","","no","yes","no","ok","no"
"RVTR490246","Dem Boyz","boyz n da hood","","40305","Boyz N Da Hood","RVAL207676","boyz n da hood","RVAR007586","2005","","3","canonical_album_tracks","0.88","","no","yes","no","ok","no"
"RVTR490246","Dem Boyz","boyz n da hood","","40305","Boyz N Da Hood","RVAL207676","boyz n da hood","RVAR007586","2005","","9","canonical_track_album_links","105","appears_on","no","yes","no","ok","no"
"RVTR491498","Escalator Of Life","robert hazard","","26478","Robert Hazard","RVAL520216","robert hazard","RVAR002119","1983","","11","canonical_album_tracks","0.74","","no","yes","no","review_required","no"
"RVTR491498","Escalator Of Life","robert hazard","","26478","Robert Hazard","RVAL520216","robert hazard","RVAR002119","1983","","12","canonical_track_album_links","105","appears_on","no","yes","no","ok","no"
"RVTR493732","House Of Fun","madness","","32881","Madness","RVAL796722","madness","RVAR004896","1983","","6","canonical_album_tracks","0.88","","no","yes","no","ok","no"
"RVTR494675","Lies","The Knickerbockers","","42678","Lies","RVAL393518","The Knickerbockers","RVAR008629","1966","","1","canonical_track_album_links","105","appears_on","no","yes","no","ok","yes"
"RVTR494737","Sometimes Always","The Jesus And Mary Chain","","41181","Stoned & Dethroned","RVAL825051","The Jesus And Mary Chain","RVAR007907","1994","","4","canonical_track_album_links","105","appears_on","no","yes","no","ok","yes"
"RVTR494805","Ticking","zach bryan","","43471","Zach Bryan","RVAL000005","zach bryan","RVAR006061","2023","","7","canonical_album_tracks","1.0","","no","no","no","curated","no"
"RVTR495017","One Monkey Don'T Stop No Show","joe tex","","25893","Hold What You've Got","RVAL748954","joe tex","RVAR001855","1965","","3","canonical_album_tracks","0.88","","no","yes","no","ok","no"
"RVTR495078","Ditty","paperboy","","35367","Nine Yards","RVAL182961","paperboy","RVAR005915","1993","","4","canonical_track_album_links","105","appears_on","no","yes","no","ok","yes"
"RVTR495241","Zombie","bad wolves","","26516","Disobey","RVAL551799","bad wolves","RVAR002167","2018","","4","canonical_track_album_links","105","appears_on","no","yes","no","ok","yes"
"RVTR496830","El Dorado","zach bryan","","43471","Zach Bryan","RVAL000005","zach bryan","RVAR006061","2023","","10","canonical_album_tracks","1.0","","no","no","no","curated","no"
"RVTR497275","August","love","","40173","Four Sail","RVAL370397","love","RVAR007520","1969","","1","canonical_album_tracks","0.88","","no","yes","no","ok","no"
"RVTR497538","Sha La La","manfred mann","","28839","The Mighty Quinn","RVAL475773","manfred mann","RVAR003196","1968","","8","canonical_album_tracks","0.88","","no","yes","no","ok","no"
"RVTR497990","Happy Heart","petula clark","","33858","I Couldn't Live Without Your Love","RVAL457952","petula clark","RVAR005240","1966","","14","canonical_album_tracks","0.86","","no","yes","no","ok","no"
"RVTR497990","Happy Heart","petula clark","","33858","I Couldn't Live Without Your Love","RVAL457952","petula clark","RVAR005240","1966","","46","canonical_track_album_links","105","appears_on","no","yes","no","ok","no"
"RVTR497990","Happy Heart","petula clark","","33865","Portrait Of Petula","RVAL467236","petula clark","RVAR005240","1969","","1","canonical_album_tracks","0.88","","no","yes","no","ok","no"
"RVTR498389","The Red Telephone","love","","40172","Forever Changes","RVAL806349","love","RVAR007520","1968","","6","canonical_album_tracks","0.88","","no","yes","no","ok","no"
"RVTR498453","In A Broken Dream","python lee jackson","","34969","In A Broken Dream","RVAL925046","python lee jackson","RVAR005760","1972","","1","canonical_album_tracks","0.88","","no","yes","no","ok","no"
"RVTR501054","The Story Of O J","jay-z","","31811","4:44","RVAL755654","jay-z","RVAR004494","2017","","2","canonical_album_tracks","0.88","","no","yes","no","ok","no"
"RVTR502398","Hell Yeah","ginuwine","","32713","The Senior","RVAL775909","ginuwine","RVAR004840","2003","","6","canonical_track_album_links","105","appears_on","no","yes","no","ok","no"
"RVTR502398","Hell Yeah","ginuwine","","32713","The Senior","RVAL775909","ginuwine","RVAR004840","2003","","11","canonical_album_tracks","0.86","","no","yes","no","ok","no"
"RVTR502445","I'M Telling You Now","freddie and the dreamers","","22606","I'm Telling You Now","RVAL665369","freddie and the dreamers","RVAR000380","1965","","5","canonical_album_tracks","0.74","","no","yes","no","review_required","no"
"RVTR502892","Shotgun Willie","willie nelson","","29424","The Complete Atlantic Sessions","RVAL572823","willie nelson","RVAR003421","2012","","1","canonical_album_tracks","0.88","","no","yes","no","ok","no"
"RVTR503147","Love Is Like Oxygen","sweet","","38337","Level Headed","RVAL862688","sweet","RVAR006581","1978","","15","canonical_track_album_links","105","appears_on","no","yes","no","ok","yes"
"RVTR503303","Sometimes I Wonder","major lance","","37389","Major's Greatest Hits","RVAL091433","major lance","RVAR006156","1965","","3","canonical_album_tracks","0.88","","no","yes","no","ok","no"
"RVTR503533","Girl Watcher","The O'kaysions","","41662","Girl Watcher","RVAL138938","The O'kaysions","RVAR008113","1968","","5","canonical_album_tracks","0.88","","no","yes","no","ok","no"
"RVTR503627","Soulville","dinah washington","","22714","A Stranger On Earth","RVAL521920","dinah washington","RVAR000434","1964","","8","canonical_album_tracks","0.88","","no","yes","no","ok","no"
"RVTR503993","Earth Intruders","bjork","","37991","Volta","RVAL766971","bjork","RVAR006473","2007","","11","canonical_album_tracks","0.74","","no","yes","no","review_required","no"
"RVTR503993","Earth Intruders","bjork","","37992","Voltaic","RVAL384830","bjork","RVAR006473","2009","","11","canonical_album_tracks","0.74","","no","yes","no","review_required","no"
"RVTR504477","Propuesta Indecente","romeo santos","","30786","Formula: Vol. 2","RVAL965142","romeo santos","RVAR004030","2014","","12","canonical_track_album_links","105","appears_on","no","yes","no","ok","yes"
"RVTR504621","Can'T Get You Off My Mind","lenny kravitz","","22947","Circus","RVAL109999","lenny kravitz","RVAR000574","1995","","5","canonical_album_tracks","0.88","","no","yes","no","ok","no"
"RVTR504704","Summer Nights","lil rob","","35639","Twelve Eighteen: Part I","RVAL422691","lil rob","RVAR006064","2005","","9","canonical_track_album_links","105","appears_on","no","yes","no","ok","yes"
"RVTR504857","Maybe The People Would Be The Times Or Between Clark And Hilldale","love","","40172","Forever Changes","RVAL806349","love","RVAR007520","1968","","7","canonical_album_tracks","0.88","","no","yes","no","ok","no"
"RVTR505201","Come Undone","robbie williams","","34949","Escapology","RVAL340138","robbie williams","RVAR005745","2003","","8","canonical_album_tracks","0.88","","no","yes","no","ok","no"
"RVTR505244","Springtime Mama","henry gross","","40008","Release","RVAL306263","henry gross","RVAR007400","1976","","4","canonical_album_tracks","0.88","","no","yes","no","ok","no"
"RVTR505316","Tic Tac Toe","kyper","","22842","Tic-Tac-Toe","RVAL187926","kyper","RVAR000516","1990","","10","canonical_album_tracks","0.88","","no","yes","no","ok","no"
"RVTR505374","God Must Have Spent A Little More Time On You","alabama","","31479","Twentieth Century","RVAL762622","alabama","RVAR004337","1999","","2","canonical_album_tracks","0.88","","no","yes","no","ok","no"
"RVTR505406","The Shock Of The Lightning","oasis","","28908","Dig Out Your Soul","RVAL319997","oasis","RVAR003219","2008","","4","canonical_album_tracks","0.88","","no","yes","no","ok","no"
"RVTR505406","The Shock Of The Lightning","oasis","","28908","Dig Out Your Soul","RVAL319997","oasis","RVAR003219","2008","","9","canonical_track_album_links","105","appears_on","no","yes","no","ok","no"
"RVTR505980","A Little Love","juice newton","","25626","Can't Wait All Night","RVAL687453","juice newton","RVAR001727","1984","","1","canonical_album_tracks","0.88","","no","yes","no","ok","no"
"RVTR505980","A Little Love","juice newton","","25626","Can't Wait All Night","RVAL687453","juice newton","RVAR001727","1984","","8","canonical_track_album_links","105","appears_on","no","yes","no","ok","no"
"RVTR506051","With You","tony terry","","39243","Tony Terry","RVAL943640","tony terry","RVAR006992","1991","","3","canonical_track_album_links","105","appears_on","no","yes","no","ok","no"
"RVTR506051","With You","tony terry","","39243","Tony Terry","RVAL943640","tony terry","RVAR006992","1991","","5","canonical_album_tracks","0.88","","no","yes","no","ok","no"
"RVTR506898","Shut It Down","pitbull","","39048","Rebelution","RVAL617119","pitbull","RVAR006916","2009","","2","canonical_album_tracks","0.88","","no","yes","no","ok","no"
"RVTR506898","Shut It Down","pitbull","","39048","Rebelution","RVAL617119","pitbull","RVAR006916","2009","","14","canonical_track_album_links","105","appears_on","no","yes","no","ok","no"
"RVTR509960","All Of Me For All Of You","9.9","","29925","9.9","RVAL941510","9.9","RVAR003603","1985","","1","canonical_album_tracks","0.88","","no","yes","no","ok","no"
"RVTR510081","Jerk Out","The Time","","41529","Pandemonium","RVAL192536","The Time","RVAR008062","1990","","4","canonical_album_tracks","0.88","","no","yes","no","ok","no"
"RVTR510166","Blackout","breathe carolina","","30355","Hell Is What You Make It","RVAL556222","breathe carolina","RVAR003805","2011","","3","canonical_album_tracks","0.88","","no","yes","no","ok","no"
"RVTR510166","Blackout","breathe carolina","","30355","Hell Is What You Make It","RVAL556222","breathe carolina","RVAR003805","2011","","6","canonical_track_album_links","105","appears_on","no","yes","no","ok","no"
"RVTR511072","If You Were Here Tonight","alexander o'neal","","38622","Alexander O'Neal","RVAL826368","alexander o'neal","RVAR006707","1985","","4","canonical_album_tracks","0.74","","no","yes","no","review_required","no"
"RVTR511151","Love You Most Of All","sam cooke","","29593","Shake","RVAL683113","sam cooke","RVAR003458","1965","","4","canonical_album_tracks","0.88","","no","yes","no","ok","no"
"RVTR511151","Love You Most Of All","sam cooke","","29596","The Man & His Music","RVAL240095","sam cooke","RVAR003458","1986","","5","canonical_track_album_links","105","appears_on","no","yes","no","ok","yes"
"RVTR511719","I Won'T Last A Day Without You","maureen mcgovern","","29057","The Morning After","RVAL504396","maureen mcgovern","RVAR003304","1973","","2","canonical_album_tracks","0.88","","no","yes","no","ok","no"
"RVTR512219","Sitting Home","total","","29960","Kima, Keisha & Pam","RVAL929725","total","RVAR003620","1998","","6","canonical_album_tracks","0.88","","no","yes","no","ok","no"
"RVTR512219","Sitting Home","total","","29960","Kima, Keisha & Pam","RVAL929725","total","RVAR003620","1998","","17","canonical_track_album_links","105","appears_on","no","yes","no","ok","no"
"RVTR512447","Hot Summer Nights","night","","27458","Night","RVAL650605","night","RVAR002601","1979","","1","canonical_album_tracks","0.88","","no","yes","no","ok","no"
"RVTR512623","I Know You Want Me Calle Ocho","pitbull","","39048","Rebelution","RVAL617119","pitbull","RVAR006916","2009","","3","canonical_album_tracks","0.88","","no","yes","no","ok","no"
"RVTR513340","If You Were Mine","marcos hernandez","","23718","C About Me","RVAL417679","marcos hernandez","RVAR000914","2005","","8","canonical_album_tracks","0.88","","no","yes","no","ok","no"
"RVTR513864","Saint","huncho jack","","40183","Huncho Jack, Jack Huncho","RVAL042567","huncho jack","RVAR007531","2018","","6","canonical_album_tracks","0.88","","no","yes","no","ok","no"
"RVTR513864","Saint","huncho jack","","40183","Huncho Jack, Jack Huncho","RVAL042567","huncho jack","RVAR007531","2018","","12","canonical_track_album_links","105","appears_on","no","yes","no","ok","no"
"RVTR514416","I Believe In Music","gallery","","37748","Nice To Be With You","RVAL436063","gallery","RVAR006336","1972","","2","canonical_track_album_links","105","appears_on","no","yes","no","ok","no"
"RVTR514416","I Believe In Music","gallery","","37748","Nice To Be With You","RVAL436063","gallery","RVAR006336","1972","","7","canonical_album_tracks","0.88","","no","yes","no","ok","no"
"RVTR514820","Cheers 2 U","playa","","37383","Cheers 2 U","RVAL635542","playa","RVAR006150","1998","","7","canonical_track_album_links","105","appears_on","no","yes","no","ok","no"
"RVTR514820","Cheers 2 U","playa","","37383","Cheers 2 U","RVAL635542","playa","RVAR006150","1998","","8","canonical_album_tracks","0.88","","no","yes","no","ok","no"
"RVTR516915","Playgirl","thee prophets","","22483","Playgirl","RVAL117338","thee prophets","RVAR000320","1969","","1","canonical_album_tracks","0.88","","no","yes","no","ok","no"
"RVTR517323","This Is Me","dream","","27563","It Was All A Dream","RVAL696493","dream","RVAR002656","2001","","4","canonical_track_album_links","105","appears_on","no","yes","no","ok","yes"
"RVTR517694","White Tee'S","dem franchize boyz","","24278","Dem Franchize Boyz","RVAL349023","dem franchize boyz","RVAR001144","2004","","3","canonical_album_tracks","1.0","","no","yes","no","curated","no"
"RVTR517951","Teddy Bear","red sovine","","39793","Teddy Bear","RVAL821011","red sovine","RVAR007285","1976","","1","canonical_album_tracks","0.88","","no","yes","no","ok","no"
"RVTR517951","Teddy Bear","red sovine","","39793","Teddy Bear","RVAL821011","red sovine","RVAR007285","1976","","10","canonical_track_album_links","105","appears_on","no","yes","no","ok","no"
"RVTR518958","Louie Louie","The Kingsmen","","41203","The Kingsmen, Volume 3","RVAL011643","The Kingsmen","RVAR007915","1965","","6","canonical_track_album_links","105","appears_on","no","yes","no","ok","yes"
"RVTR519090","Rockin' And Rollin' On The Streets Of Hollywood","buddy miles","","39168","More Miles Per Gallon","RVAL193818","buddy miles","RVAR006961","1975","","1","canonical_album_tracks","0.88","","no","yes","no","ok","no"
"RVTR519197","Cream","prince","","38952","Ultimate","RVAL239557","prince","RVAR006857","2006","","18","canonical_album_tracks","0.74","","no","yes","no","review_required","no"
"RVTR519671","If That'S Your Boyfriend He Wasn'T Last Night","meshell ndegeocello","","28957","Plantation Lullabies","RVAL260825","meshell ndegeocello","RVAR003253","1994","","3","canonical_album_tracks","0.88","","no","yes","no","ok","no"
"RVTR520156","Shut Up","madness","","32881","Madness","RVAL796722","madness","RVAR004896","1983","","5","canonical_album_tracks","0.88","","no","yes","no","ok","no"
"RVTR521724","There You Are","sam salter","","23292","It's On Tonight","RVAL373741","sam salter","RVAR000747","1997","","5","canonical_album_tracks","0.88","","no","yes","no","ok","no"
"RVTR522493","The Blues","randy newman","","26728","Trouble In Paradise","RVAL259385","randy newman","RVAR002278","1983","","3","canonical_album_tracks","0.88","","no","yes","no","ok","no"
"RVTR524233","Go Away","lorrie morgan","","28763","Shakin' Things Up","RVAL370748","lorrie morgan","RVAR003172","1997","","4","canonical_album_tracks","0.88","","no","yes","no","ok","no"
"RVTR524802","Sprinkle Me","e-40","","32771","In A Major Way","RVAL721435","e-40","RVAR004871","1995","","6","canonical_album_tracks","0.88","","no","yes","no","ok","no"
"RVTR524802","Sprinkle Me","e-40","","32785","The Best Of E-40: Yesterday, Today & Tomorrow","RVAL513160","e-40","RVAR004871","2004","","10","canonical_album_tracks","0.88","","no","yes","no","ok","no"
"RVTR524846","Flip The Switch","quavo","","28259","Quavo Huncho","RVAL919000","quavo","RVAR002940","2018","","4","canonical_album_tracks","0.88","","no","yes","no","ok","no"
"RVTR525404","Solo De Mi","bad bunny","","38807","X 100PRE","RVAL154490","bad bunny","RVAR006817","2019","","7","canonical_track_album_links","105","appears_on","no","yes","no","ok","no"
"RVTR525404","Solo De Mi","bad bunny","","38807","X 100PRE","RVAL154490","bad bunny","RVAR006817","2019","","12","canonical_album_tracks","0.86","","no","yes","no","ok","no"
"RVTR525605","Love Walked In","thunder","","29601","Backstreet Symphony","RVAL426324","thunder","RVAR003468","1991","","7","canonical_album_tracks","0.88","","no","yes","no","ok","no"
"RVTR526195","When You Were Mine","mitch ryder","","38213","Never Kick A Sleeping Dog","RVAL250813","mitch ryder","RVAR006540","1983","","2","canonical_album_tracks","0.88","","no","yes","no","ok","no"
"RVTR526265","I Think God Can Explain","splender","","23669","Halfway Down The Sky","RVAL406357","splender","RVAR000908","2000","","6","canonical_track_album_links","105","appears_on","no","yes","no","ok","yes"
"RVTR526629","Dey Know","shawty lo","","34282","Units In The City","RVAL746067","shawty lo","RVAR005432","2008","","2","canonical_album_tracks","0.88","","no","yes","no","ok","no"
"RVTR526890","Love","lana del rey","","32887","Lust For Life","RVAL581890","lana del rey","RVAR004898","2017","","1","canonical_album_tracks","0.88","","no","yes","no","ok","no"
"RVTR526890","Love","lana del rey","","32887","Lust For Life","RVAL581890","lana del rey","RVAR004898","2017","","6","canonical_track_album_links","105","appears_on","no","yes","no","ok","no"
"RVTR527907","Bang A Gong Get It On","t. rex","","23717","Tyrannosaurus Rex (A Beginning)","RVAL983267","t. rex","RVAR000913","1972","","11","canonical_album_tracks","0.74","","no","yes","no","review_required","no"
"RVTR527973","Lyla","oasis","","28909","Don't Believe The Truth","RVAL418174","oasis","RVAR003219","2005","","3","canonical_album_tracks","0.88","","no","yes","no","ok","no"
"RVTR527973","Lyla","oasis","","28913","Stop The Clocks (Best Of)","RVAL310039","oasis","RVAR003219","2006","","1","canonical_album_tracks","0.74","","no","yes","no","review_required","no"
"RVTR528063","Countdown","beyonce","","39115","4","RVAL270175","beyonce","RVAR006942","2011","","3","canonical_album_tracks","0.95","","no","yes","no","ok","no"
"RVTR528063","Countdown","beyonce","","39115","4","RVAL270175","beyonce","RVAR006942","2011","","5","canonical_track_album_links","105","appears_on","no","yes","no","ok","no"
"RVTR528255","Cold World","genius/gza","","24803","Liquid Swords","RVAL795666","genius/gza","RVAR001368","1995","","5","canonical_album_tracks","0.88","","no","yes","no","ok","no"
"RVTR528255","Cold World","genius/gza","","24803","Liquid Swords","RVAL795666","genius/gza","RVAR001368","1995","","7","canonical_track_album_links","105","appears_on","no","yes","no","ok","no"
"RVTR528358","Don'T Go Away Mad Just Go Away","motley crue","","30412","Motley Crue","RVAL865124","motley crue","RVAR003827","1994","","7","canonical_album_tracks","0.74","","no","yes","no","review_required","no"
"RVTR528358","Don'T Go Away Mad Just Go Away","motley crue","","30411","Live: Entertainment Or Death","RVAL179544","motley crue","RVAR003827","1999","","21","canonical_album_tracks","0.74","","no","yes","no","review_required","no"
"RVTR529422","My Kind Of Love","emeli sande","","30821","Our Version Of Events","RVAL047062","emeli sande","RVAR004044","2012","","12","canonical_album_tracks","0.74","","no","yes","no","review_required","no"
"RVTR529617","Always See Your Face","love","","40173","Four Sail","RVAL370397","love","RVAR007520","1969","","10","canonical_album_tracks","0.88","","no","yes","no","ok","no"
"RVTR530694","Hip Hop Drunkies","tha alkaholiks","","39319","Likwidation","RVAL037437","tha alkaholiks","RVAR007047","1997","","10","canonical_album_tracks","0.88","","no","yes","no","ok","no"
"RVTR531886","Girls Nite Out","tyler collins","","38556","Girls Nite Out","RVAL194943","tyler collins","RVAR006675","1990","","2","canonical_album_tracks","0.88","","no","yes","no","ok","no"
"RVTR534699","Romancing The Stone","eddy grant","","38340","Going For Broke","RVAL569965","eddy grant","RVAR006582","1984","","1","canonical_album_tracks","0.88","","no","yes","no","ok","no"
"RVTR535408","Pink Cashmere","prince","","38948","The Hits/The B-Sides","RVAL202261","prince","RVAR006857","1993","","3","canonical_album_tracks","0.74","","no","yes","no","review_required","no"
"RVTR535479","You'Re The Best Thing","The Style Council","","41813","My Ever Changing Moods","RVAL617738","The Style Council","RVAR008216","1984","","7","canonical_album_tracks","0.88","","no","yes","no","ok","no"
"RVTR539007","Cold Rock A Party","mc lyte","","27379","Bad As I Wanna B","RVAL877812","mc lyte","RVAR002534","1996","","4","canonical_track_album_links","105","appears_on","no","yes","no","ok","yes"
"RVTR539854","The Hunter","gtr","","22873","GTR","RVAL320475","gtr","RVAR000535","1986","","2","canonical_album_tracks","0.88","","no","yes","no","ok","no"
"RVTR539854","The Hunter","gtr","","22873","GTR","RVAL320475","gtr","RVAR000535","1986","","4","canonical_track_album_links","105","appears_on","no","yes","no","ok","no"
"RVTR540161","Empire","queensryche","","39237","Queensryche","RVAL415782","queensryche","RVAR006991","1983","","2","canonical_album_tracks","0.74","","no","yes","no","review_required","no"
"RVTR540161","Empire","queensryche","","39237","Queensryche","RVAL415782","queensryche","RVAR006991","1983","","14","canonical_album_tracks","0.74","","no","yes","no","review_required","no"
"RVTR540161","Empire","queensryche","","39231","Live Evolution","RVAL869668","queensryche","RVAR006991","2001","","30","canonical_album_tracks","0.74","","no","yes","no","review_required","no"
"RVTR542690","Playa Cardz Right","keyshia cole","","34412","A Different Me","RVAL999535","keyshia cole","RVAR005497","2009","","4","canonical_track_album_links","105","appears_on","no","yes","no","ok","no"
"RVTR542690","Playa Cardz Right","keyshia cole","","34412","A Different Me","RVAL999535","keyshia cole","RVAR005497","2009","","8","canonical_album_tracks","0.88","","no","yes","no","ok","no"
"RVTR542826","Buffalo Stance","neneh cherry","","37999","Raw Like Sushi","RVAL275264","neneh cherry","RVAR006479","1989","","1","canonical_album_tracks","0.88","","no","yes","no","ok","no"
"RVTR542826","Buffalo Stance","neneh cherry","","37999","Raw Like Sushi","RVAL275264","neneh cherry","RVAR006479","1989","","6","canonical_track_album_links","105","appears_on","no","yes","no","ok","no"
"RVTR543714","Rich Man","terri gibbs","","22982","Somebody's Knockin'","RVAL255435","terri gibbs","RVAR000592","1981","","5","canonical_album_tracks","0.88","","no","yes","no","ok","no"
"RVTR544049","In The Meantime","spacehog","","29640","Resident Alien","RVAL739857","spacehog","RVAR003489","1996","","1","canonical_track_album_links","105","appears_on","no","yes","no","ok","yes"
"RVTR544093","Sexappeal","georgio","","29035","Sexappeal","RVAL670697","georgio","RVAR003292","1987","","1","canonical_album_tracks","0.88","","no","yes","no","ok","no"
"RVTR544200","Into You","giant steps","","32493","The Book Of Pride","RVAL013840","giant steps","RVAR004751","1988","","3","canonical_album_tracks","0.88","","no","yes","no","ok","no"
"RVTR544685","Lucas With The Lid Off","lucas","","41027","Lucacentric","RVAL671324","lucas","RVAR007819","1994","","2","canonical_album_tracks","0.88","","no","yes","no","ok","no"
"RVTR544685","Lucas With The Lid Off","lucas","","41027","Lucacentric","RVAL671324","lucas","RVAR007819","1994","","11","canonical_track_album_links","105","appears_on","no","yes","no","ok","no"
"RVTR546473","Handsome And Wealthy","migos","","30625","No Label II","RVAL385793","migos","RVAR003929","2014","","10","canonical_album_tracks","0.88","","no","yes","no","ok","no"
"RVTR547457","Request Line","zhane","","29935","Saturday Night","RVAL736634","zhane","RVAR003610","1997","","7","canonical_track_album_links","105","appears_on","no","yes","no","ok","yes"
"RVTR547693","Contact","edwin starr","","28338","Clean","RVAL880801","edwin starr","RVAR002975","1979","","3","canonical_album_tracks","0.88","","no","yes","no","ok","no"
"RVTR547871","Oh My","dj drama","","31740","Third Power","RVAL585523","dj drama","RVAR004461","2011","","1","canonical_album_tracks","0.88","","no","yes","no","ok","no"
"RVTR547975","Fallin' In Love","The Souther, Hillman, Furay Band","","43180","The Souther, Hillman, Furay Band","RVAL882886","The Souther, Hillman, Furay Band","RVAR008877","1974","","1","canonical_album_tracks","0.88","","no","yes","no","ok","no"
"RVTR548254","Xo","beyonce","","39118","Beyonce","RVAL283541","beyonce","RVAR006942","2013","","2","canonical_album_tracks","0.95","","no","yes","no","ok","no"
"RVTR548254","Xo","beyonce","","39118","Beyonce","RVAL283541","beyonce","RVAR006942","2013","","9","canonical_track_album_links","105","appears_on","no","yes","no","ok","no"
"RVTR548469","Jus Lyke Compton","dj quik","","40498","Way 2 Fonky","RVAL155297","dj quik","RVAR007677","1992","","4","canonical_album_tracks","0.88","","no","yes","no","ok","no"
"RVTR548469","Jus Lyke Compton","dj quik","","40498","Way 2 Fonky","RVAL155297","dj quik","RVAR007677","1992","","5","canonical_track_album_links","105","appears_on","no","yes","no","ok","no"
"RVTR548946","When Love Hate Collide","def leppard","","25049","Rock Of Ages: The Definitive Collection","RVAL868859","def leppard","RVAR001453","2005","","12","canonical_track_album_links","105","appears_on","no","yes","no","ok","no"
"RVTR549652","Nothing Without Love","nate ruess","","22536","Grand Romantic","RVAL372245","nate ruess","RVAR000346","2015","","1","canonical_track_album_links","105","appears_on","no","yes","no","ok","no"
"RVTR549652","Nothing Without Love","nate ruess","","22536","Grand Romantic","RVAL372245","nate ruess","RVAR000346","2015","","3","canonical_album_tracks","0.88","","no","yes","no","ok","no"
"RVTR549673","Rub It In","billy ""crash"" craddock","","22849","Rub It In","RVAL386135","billy ""crash"" craddock","RVAR000526","1974","","1","canonical_album_tracks","0.88","","no","yes","no","ok","no"
"RVTR550243","Gold","prince","","38945","The Gold Experience","RVAL628786","prince","RVAR006857","1995","","11","canonical_track_album_links","105","appears_on","no","yes","no","ok","yes"
"RVTR550357","No Matter What You Do","love","","40174","Love","RVAL078030","love","RVAR007520","1966","","6","canonical_album_tracks","0.88","","no","yes","no","ok","no"
"RVTR550658","Farewell Andromeda Welcome To My Morning","john denver","","37846","Definitive All-Time Greatest Hits","RVAL211552","john denver","RVAR006434","2004","","7","canonical_album_tracks","0.88","","no","yes","no","ok","no"
"RVTR550700","Bummer In The Summer","love","","40172","Forever Changes","RVAL806349","love","RVAR007520","1968","","10","canonical_album_tracks","0.88","","no","yes","no","ok","no"
"RVTR552207","Living Next Door To Alice","smokie","","33810","Midnight Cafe","RVAL982117","smokie","RVAR005221","1977","","12","canonical_track_album_links","105","appears_on","no","yes","no","ok","yes"
"RVTR553051","Show Me","kid ink","","26596","My Own Lane","RVAL210395","kid ink","RVAR002218","2014","","3","canonical_album_tracks","0.88","","no","yes","no","ok","no"
"RVTR555351","Night Dancin'","taka boom","","28398","Taka Boom","RVAL993804","taka boom","RVAR003002","1979","","1","canonical_album_tracks","0.88","","no","yes","no","ok","no"
"RVTR555756","The 13Th","The Cure","","42162","Wild Mood Swings","RVAL922693","The Cure","RVAR008379","1996","","4","canonical_track_album_links","105","appears_on","no","yes","no","ok","yes"
"RVTR556190","Backfired","debbie harry","","32930","Kookoo","RVAL340017","debbie harry","RVAR004917","1981","","1","canonical_track_album_links","105","appears_on","no","yes","no","ok","no"
"RVTR556190","Backfired","debbie harry","","32930","Kookoo","RVAL340017","debbie harry","RVAR004917","1981","","6","canonical_album_tracks","0.88","","no","yes","no","ok","no"
"RVTR557433","I Saw Red","warrant","","31619","Cherry Pie","RVAL484218","warrant","RVAR004410","1990","","1","canonical_track_album_links","105","appears_on","no","yes","no","ok","no"
"RVTR557433","I Saw Red","warrant","","31619","Cherry Pie","RVAL484218","warrant","RVAR004410","1990","","3","canonical_album_tracks","0.88","","no","yes","no","ok","no"
"RVTR558853","We Call It Acieed","d-mob","","25930","A Little Bit Of This, A Little Bit Of That","RVAL345387","d-mob","RVAR001871","1990","","10","canonical_album_tracks","0.88","","no","yes","no","ok","no"
"RVTR559221","Burn Hollywood Burn","public enemy","","38980","Fear Of A Black Planet","RVAL921871","public enemy","RVAR006881","1990","","9","canonical_album_tracks","0.88","","no","yes","no","ok","no"
"RVTR559360","Young Love","sonny james","","40062","#1","RVAL170480","sonny james","RVAR007448","1970","","1","canonical_album_tracks","0.74","","no","yes","no","review_required","no"
"RVTR560543","Take It Slow Out In The Country","lighthouse","","40513","Thoughts Of Movin' On","RVAL872229","lighthouse","RVAR007687","1972","","1","canonical_album_tracks","0.88","","no","yes","no","ok","no"
"RVTR560543","Take It Slow Out In The Country","lighthouse","","40509","Lighthouse Live!","RVAL378307","lighthouse","RVAR007687","1972","","3","canonical_album_tracks","0.88","","no","yes","no","ok","no"
"RVTR561333","Hey Driver","zach bryan","","43471","Zach Bryan","RVAL000005","zach bryan","RVAR006061","2023","","5","canonical_album_tracks","1.0","","no","no","no","curated","no"
"RVTR561403","Impacto","daddy yankee","","24430","El Cartel: The Big Boss","RVAL397970","daddy yankee","RVAR001201","2007","","5","canonical_album_tracks","0.88","","no","yes","no","ok","no"
"RVTR561403","Impacto","daddy yankee","","24430","El Cartel: The Big Boss","RVAL397970","daddy yankee","RVAR001201","2007","","16","canonical_track_album_links","105","appears_on","no","yes","no","ok","no"
"RVTR561458","Lemon","n*e*r*d","","27582","No_One Ever Really Dies","RVAL470099","n*e*r*d","RVAR002663","2018","","1","canonical_album_tracks","0.88","","no","yes","no","ok","no"
"RVTR562129","All Our Tomorrows","eddie schwartz","","30892","No Refuge","RVAL916375","eddie schwartz","RVAR004075","1982","","8","canonical_album_tracks","0.88","","no","yes","no","ok","no"
"RVTR562628","Going On","gnarls barkley","","33913","The Odd Couple","RVAL598184","gnarls barkley","RVAR005277","2008","","3","canonical_album_tracks","0.88","","no","yes","no","ok","no"
"RVTR562628","Going On","gnarls barkley","","33913","The Odd Couple","RVAL598184","gnarls barkley","RVAR005277","2008","","10","canonical_track_album_links","105","appears_on","no","yes","no","ok","no"
"RVTR562894","Put Your Hand In The Hand","ocean","","23051","Put Your Hand In The Hand","RVAL584922","ocean","RVAR000626","1971","","1","canonical_album_tracks","0.88","","no","yes","no","ok","no"
"RVTR562894","Put Your Hand In The Hand","ocean","","23051","Put Your Hand In The Hand","RVAL584922","ocean","RVAR000626","1971","","8","canonical_track_album_links","105","appears_on","no","yes","no","ok","no"
"RVTR563712","School'S Out","krokus","","26668","Change Of Address","RVAL730185","krokus","RVAR002263","1986","","3","canonical_album_tracks","0.88","","no","yes","no","ok","no"
"RVTR563866","Its Only Love","simply red","","24031","A New Flame","RVAL370918","simply red","RVAR001033","1989","","1","canonical_album_tracks","1.0","","no","yes","no","curated","no"
"RVTR564695","She Thinks I Still Care","george jones","","22854","50 Years Of Hits","RVAL973617","george jones","RVAR000533","2004","","8","canonical_album_tracks","0.88","","no","yes","no","ok","no"
"RVTR565980","Long Live A Ap","A$ap Rocky","","42165","Long.Live.A$AP","RVAL647901","A$ap Rocky","RVAR008380","2013","","1","canonical_album_tracks","0.88","","no","yes","no","ok","no"
"RVTR565980","Long Live A Ap","A$ap Rocky","","42165","Long.Live.A$AP","RVAL647901","A$ap Rocky","RVAR008380","2013","","13","canonical_track_album_links","105","appears_on","no","yes","no","ok","no"
"RVTR566278","So Good","davina","","26842","Best Of Both Worlds","RVAL150568","davina","RVAR002311","1998","","3","canonical_album_tracks","0.88","","no","yes","no","ok","no"
"RVTR566278","So Good","davina","","26842","Best Of Both Worlds","RVAL150568","davina","RVAR002311","1998","","11","canonical_track_album_links","105","appears_on","no","yes","no","ok","no"
"RVTR569289","Silent Lucidity","queensryche","","39237","Queensryche","RVAL415782","queensryche","RVAR006991","1983","","20","canonical_album_tracks","0.74","","no","yes","no","review_required","no"
"RVTR569289","Silent Lucidity","queensryche","","39237","Queensryche","RVAL415782","queensryche","RVAR006991","1983","","24","canonical_album_tracks","0.74","","no","yes","no","review_required","no"
"RVTR569289","Silent Lucidity","queensryche","","39230","Hear In The Now Frontier","RVAL202913","queensryche","RVAR006991","1997","","17","canonical_track_album_links","105","appears_on","no","yes","no","ok","yes"
"RVTR569289","Silent Lucidity","queensryche","","39231","Live Evolution","RVAL869668","queensryche","RVAR006991","2001","","10","canonical_album_tracks","0.74","","no","yes","no","review_required","no"
"RVTR569315","Silver And Cold","afi","","35724","Sing The Sorrow","RVAL342745","afi","RVAR006115","2003","","4","canonical_album_tracks","0.88","","no","yes","no","ok","no"
"RVTR569857","Yolo","The Lonely Island","","42341","The Wack Album","RVAL409724","The Lonely Island","RVAR008461","2013","","5","canonical_album_tracks","0.88","","no","yes","no","ok","no"
"RVTR569857","Yolo","The Lonely Island","","42341","The Wack Album","RVAL409724","The Lonely Island","RVAR008461","2013","","18","canonical_track_album_links","105","appears_on","no","yes","no","ok","no"
"RVTR569882","If You Think I'M Jiggy","The Lox","","42805","Money, Power & Respect","RVAL783192","The Lox","RVAR008719","1998","","3","canonical_album_tracks","0.88","","no","yes","no","ok","no"
"RVTR570471","Choppa Style","choppa","","40514","Straight From The N.O.","RVAL533917","choppa","RVAR007688","2003","","4","canonical_album_tracks","0.88","","no","yes","no","ok","no"
"RVTR572510","Landed","ben folds","","35093","Songs For Silverman","RVAL682984","ben folds","RVAR005803","2005","","4","canonical_album_tracks","0.88","","no","yes","no","ok","no"
"RVTR572510","Landed","ben folds","","35093","Songs For Silverman","RVAL682984","ben folds","RVAR005803","2005","","6","canonical_track_album_links","105","appears_on","no","yes","no","ok","no"
"RVTR572510","Landed","ben folds","","35091","Ben Folds Presents: University A Cappella!","RVAL144686","ben folds","RVAR005803","2009","","9","canonical_album_tracks","0.88","","no","yes","no","ok","no"
"RVTR572510","Landed","ben folds","","35095","The Best Imitation Of Myself: A Retrospective","RVAL723746","ben folds","RVAR005803","2011","","14","canonical_album_tracks","0.74","","no","yes","no","review_required","no"
"RVTR573099","Runnin'","The Pharcyde","","41206","Labcabincalifornia","RVAL805196","The Pharcyde","RVAR007916","1995","","4","canonical_album_tracks","0.88","","no","yes","no","ok","no"
"RVTR576302","Very Special","big daddy kane","","25600","Looks Like A Job For...","RVAL851984","big daddy kane","RVAR001710","1993","","9","canonical_album_tracks","0.88","","no","yes","no","ok","no"
"RVTR576676","Solo","clean bandit","","30751","What Is Love?","RVAL789236","clean bandit","RVAR004013","2018","","3","canonical_album_tracks","0.88","","no","yes","no","ok","no"
"RVTR577520","The Walls Came Down","The Call","","42079","Modern Romans","RVAL832371","The Call","RVAR008336","1983","","1","canonical_album_tracks","0.88","","no","yes","no","ok","no"
"RVTR577520","The Walls Came Down","The Call","","42079","Modern Romans","RVAL832371","The Call","RVAR008336","1983","","8","canonical_track_album_links","105","appears_on","no","yes","no","ok","no"
"RVTR578218","The Seduction Love Theme","james last band","","40103","Seduction","RVAL179779","james last band","RVAR007484","1980","","4","canonical_album_tracks","0.88","","no","yes","no","ok","no"
"RVTR578638","Raspberry Swirl","tori amos","","32475","From The Choirgirl Hotel","RVAL705172","tori amos","RVAR004743","1998","","4","canonical_album_tracks","0.88","","no","yes","no","ok","no"
"RVTR579824","So Sexy","twista","","29127","Kamikaze","RVAL686294","twista","RVAR003346","2004","","10","canonical_album_tracks","0.88","","no","yes","no","ok","no"
"RVTR580936","My Love Is A Fire","donny osmond","","34216","Eyes Don't Lie","RVAL634074","donny osmond","RVAR005401","1990","","1","canonical_album_tracks","0.88","","no","yes","no","ok","no"
"RVTR581035","Brooklyn Zoo","ol' dirty bastard","","39191","Return To The 36 Chambers","RVAL661884","ol' dirty bastard","RVAR006970","1995","","2","canonical_track_album_links","105","appears_on","no","yes","no","ok","yes"
"RVTR581912","Right Between The Eyes","wax","","29965","Magnetic Heaven","RVAL191802","wax","RVAR003624","1986","","1","canonical_album_tracks","0.88","","no","yes","no","ok","no"
"RVTR581912","Right Between The Eyes","wax","","29965","Magnetic Heaven","RVAL191802","wax","RVAR003624","1986","","8","canonical_track_album_links","105","appears_on","no","yes","no","ok","no"
"RVTR582602","We Got A Dream","ocean","","23051","Put Your Hand In The Hand","RVAL584922","ocean","RVAR000626","1971","","1","canonical_track_album_links","105","appears_on","no","yes","no","ok","no"
"RVTR583000","Amazing","george michael","","30656","Patience","RVAL317487","george michael","RVAR003969","2004","","2","canonical_album_tracks","0.88","","no","yes","no","ok","no"
"RVTR583114","Thinking With My Dick","kevin gates","","30401","Stranger Than Fiction","RVAL166322","kevin gates","RVAR003823","2013","","8","canonical_album_tracks","0.88","","no","yes","no","ok","no"
"RVTR584024","You Were Made For Me","luther ingram","","26110","I've Been Here All The Time","RVAL448847","luther ingram","RVAR001934","1972","","2","canonical_album_tracks","0.88","","no","yes","no","ok","no"
"RVTR584894","Turn Up The Music","chris brown","","24565","Fortune","RVAL604360","chris brown","RVAR001255","2012","","1","canonical_album_tracks","0.88","","no","yes","no","ok","no"
"RVTR584894","Turn Up The Music","chris brown","","24565","Fortune","RVAL604360","chris brown","RVAR001255","2012","","7","canonical_track_album_links","105","appears_on","no","yes","no","ok","no"
"RVTR584974","White Lies","grin","","25249","1 + 1","RVAL861111","grin","RVAR001518","1972","","1","canonical_album_tracks","0.88","","no","yes","no","ok","no"
"RVTR584974","White Lies","grin","","25249","1 + 1","RVAL861111","grin","RVAR001518","1972","","9","canonical_track_album_links","105","appears_on","no","yes","no","ok","no"
"RVTR585602","My Ever Changing Moods","The Style Council","","41813","My Ever Changing Moods","RVAL617738","The Style Council","RVAR008216","1984","","1","canonical_album_tracks","0.88","","no","yes","no","ok","no"
"RVTR586296","Happy Little Pill","troye sivan","","30829","WILD (EP)","RVAL869576","troye sivan","RVAR004049","2015","","7","canonical_album_tracks","0.74","","no","yes","no","review_required","no"
"RVTR587537","Can You Do It","grand funk railroad","","23897","Good Singin' Good Playin'","RVAL652290","grand funk railroad","RVAR000975","1976","","2","canonical_album_tracks","0.88","","no","yes","no","ok","no"
"RVTR587537","Can You Do It","grand funk railroad","","23897","Good Singin' Good Playin'","RVAL652290","grand funk railroad","RVAR000975","1976","","3","canonical_track_album_links","105","appears_on","no","yes","no","ok","no"
"RVTR588461","Loud","mac miller","","34324","Macadelic","RVAL914545","mac miller","RVAR005451","2018","","3","canonical_album_tracks","0.88","","no","yes","no","ok","no"
"RVTR588461","Loud","mac miller","","34324","Macadelic","RVAL914545","mac miller","RVAR005451","2018","","6","canonical_track_album_links","105","appears_on","no","yes","no","ok","no"
"RVTR589087","Come Get It Bae","pharrell williams","","27398","G I R L","RVAL073981","pharrell williams","RVAR002555","2014","","6","canonical_album_tracks","0.88","","no","yes","no","ok","no"
"RVTR589087","Come Get It Bae","pharrell williams","","27398","G I R L","RVAL073981","pharrell williams","RVAR002555","2014","","7","canonical_track_album_links","105","appears_on","no","yes","no","ok","no"
"RVTR591090","Burn","papa roach","","33945","Time For Annihilation ... On The Record & On The Road","RVAL793557","papa roach","RVAR005286","2010","","12","canonical_album_tracks","0.74","","no","yes","no","review_required","no"
"RVTR591485","Somethin' To Ride To Fonky Expedition","The Conscious Daughters","","42911","Ear To The Street","RVAL510047","The Conscious Daughters","RVAR008751","1994","","4","canonical_album_tracks","0.88","","no","yes","no","ok","no"
"RVTR592949","I Only Have Eyes For You","jerry butler","","31707","The Spice Of Life","RVAL060938","jerry butler","RVAR004448","1972","","3","canonical_album_tracks","0.88","","no","yes","no","ok","no"
"RVTR593637","Hey Mr D J","zhane","","29934","Pronounced Jah-Nay","RVAL528931","zhane","RVAR003610","1994","","10","canonical_album_tracks","0.74","","no","yes","no","review_required","no"
"RVTR593637","Hey Mr D J","zhane","","29934","Pronounced Jah-Nay","RVAL528931","zhane","RVAR003610","1994","","11","canonical_track_album_links","105","appears_on","no","yes","no","ok","yes"
"RVTR593870","The Hardest Thing","98 degrees","","30371","98 Degrees And Rising","RVAL584714","98 degrees","RVAR003817","1998","","12","canonical_track_album_links","105","appears_on","no","yes","no","ok","yes"
"RVTR594300","The Hand That Feeds","nine inch nails","","30301","With Teeth","RVAL922133","nine inch nails","RVAR003792","2005","","4","canonical_album_tracks","0.88","","no","yes","no","ok","no"
"RVTR594300","The Hand That Feeds","nine inch nails","","30301","With Teeth","RVAL922133","nine inch nails","RVAR003792","2005","","11","canonical_track_album_links","105","appears_on","no","yes","no","ok","no"
"RVTR595594","Look At Mine","petula clark","","33858","I Couldn't Live Without Your Love","RVAL457952","petula clark","RVAR005240","1966","","6","canonical_track_album_links","105","appears_on","no","yes","no","ok","no"
"RVTR595594","Look At Mine","petula clark","","33858","I Couldn't Live Without Your Love","RVAL457952","petula clark","RVAR005240","1966","","15","canonical_album_tracks","0.86","","no","yes","no","ok","no"
"RVTR596315","Understanding","xscape","","33082","Hummin' Comin' At 'Cha","RVAL555835","xscape","RVAR004964","1993","","5","canonical_album_tracks","0.88","","no","yes","no","ok","no"
"RVTR596315","Understanding","xscape","","33082","Hummin' Comin' At 'Cha","RVAL555835","xscape","RVAR004964","1993","","8","canonical_track_album_links","105","appears_on","no","yes","no","ok","no"
"RVTR596521","On And On","shyheim","","34240","AKA The Rugged Child","RVAL716425","shyheim","RVAR005407","1994","","14","canonical_track_album_links","105","appears_on","no","yes","no","ok","yes"
"RVTR597341","Playaz Club","rappin' 4-tay","","25364","Don't Fight The Feelin'","RVAL453643","rappin' 4-tay","RVAR001593","1994","","6","canonical_album_tracks","0.88","","no","yes","no","ok","no"
"RVTR597341","Playaz Club","rappin' 4-tay","","25364","Don't Fight The Feelin'","RVAL453643","rappin' 4-tay","RVAR001593","1994","","12","canonical_track_album_links","105","appears_on","no","yes","no","ok","no"
"RVTR597801","Bow Wow Wow","funkdoobiest","","25196","Which Doobie U B?","RVAL505029","funkdoobiest","RVAR001499","1993","","2","canonical_album_tracks","0.88","","no","yes","no","ok","no"
"RVTR597801","Bow Wow Wow","funkdoobiest","","25196","Which Doobie U B?","RVAL505029","funkdoobiest","RVAR001499","1993","","5","canonical_track_album_links","105","appears_on","no","yes","no","ok","no"
"RVTR600500","Weapons Of Love","The Truth","","42746","Weapons Of Love","RVAL736154","The Truth","RVAR008681","1987","","1","canonical_album_tracks","0.88","","no","yes","no","ok","no"
"RVTR600500","Weapons Of Love","The Truth","","42746","Weapons Of Love","RVAL736154","The Truth","RVAR008681","1987","","8","canonical_track_album_links","105","appears_on","no","yes","no","ok","no"
"RVTR601709","You Can'T Turn Me Off In The Middle Of Turning Me On","high inergy","","39333","Turnin' On","RVAL563254","high inergy","RVAR007059","1977","","2","canonical_album_tracks","0.88","","no","yes","no","ok","no"
"RVTR602815","Get You","daniel caesar","","30749","Freudian","RVAL948977","daniel caesar","RVAR004012","2017","","1","canonical_album_tracks","0.88","","no","yes","no","ok","no"
"RVTR603265","Written On Ya Kitten","naughty by nature","","28697","19 Naughty III","RVAL896272","naughty by nature","RVAR003145","1993","","5","canonical_track_album_links","105","appears_on","no","yes","no","ok","no"
"RVTR603265","Written On Ya Kitten","naughty by nature","","28697","19 Naughty III","RVAL896272","naughty by nature","RVAR003145","1993","","11","canonical_album_tracks","0.86","","no","yes","no","ok","no"
"RVTR603338","Big Time Sensuality","bjork","","37982","Debut","RVAL133445","bjork","RVAR006473","1993","","1","canonical_track_album_links","105","appears_on","no","yes","no","ok","yes"
"RVTR603619","Temptations","2pac","","33066","Me Against The World","RVAL166685","2pac","RVAR004955","1995","","5","canonical_album_tracks","0.88","","no","yes","no","ok","no"
"RVTR603980","Ninety Nine Flash The Message","john forte","","40832","Poly Sci","RVAL488577","john forte","RVAR007779","1998","","4","canonical_album_tracks","0.74","","no","yes","no","review_required","no"
"RVTR605142","I Get It In","omarion","","31586","Ollusion","RVAL734396","omarion","RVAR004388","2010","","1","canonical_album_tracks","0.88","","no","yes","no","ok","no"
"RVTR606308","Turnin Me On","keri hilson","","30552","In A Perfect World...","RVAL347097","keri hilson","RVAR003887","2009","","2","canonical_album_tracks","1.0","","no","yes","no","curated","no"
"RVTR606716","Gett Off","prince","","38948","The Hits/The B-Sides","RVAL202261","prince","RVAR006857","1993","","20","canonical_album_tracks","0.74","","no","yes","no","review_required","no"
"RVTR606716","Gett Off","prince","","38952","Ultimate","RVAL239557","prince","RVAR006857","2006","","15","canonical_album_tracks","0.74","","no","yes","no","review_required","no"
"RVTR606791","You Complete Me","keyshia cole","","34412","A Different Me","RVAL999535","keyshia cole","RVAR005497","2009","","5","canonical_album_tracks","0.88","","no","yes","no","ok","no"
"RVTR606791","You Complete Me","keyshia cole","","34412","A Different Me","RVAL999535","keyshia cole","RVAR005497","2009","","13","canonical_track_album_links","105","appears_on","no","yes","no","ok","no"
"RVTR608235","Break Away","The Beach Boys","","42882","Spirit Of America","RVAL160865","The Beach Boys","RVAR008735","1975","","2","canonical_album_tracks","0.88","","no","yes","no","ok","no"
"RVTR608235","Break Away","The Beach Boys","","42882","Spirit Of America","RVAL160865","The Beach Boys","RVAR008735","1975","","7","canonical_track_album_links","105","appears_on","no","yes","no","ok","no"
"RVTR608385","A World Without Love","peter and gordon","","23843","A World Without Love","RVAL391361","peter and gordon","RVAR000952","1964","","1","canonical_track_album_links","105","appears_on","no","yes","no","ok","no"
"RVTR609290","Gotti","6ix9ine","","30816","DAY69","RVAL262877","6ix9ine","RVAR004042","2018","","6","canonical_track_album_links","105","appears_on","no","yes","no","ok","yes"
"RVTR609558","Dubai Shit","huncho jack","","40183","Huncho Jack, Jack Huncho","RVAL042567","huncho jack","RVAR007531","2018","","7","canonical_track_album_links","105","appears_on","no","yes","no","ok","no"
"RVTR609558","Dubai Shit","huncho jack","","40183","Huncho Jack, Jack Huncho","RVAL042567","huncho jack","RVAR007531","2018","","8","canonical_album_tracks","0.88","","no","yes","no","ok","no"
"RVTR610080","Rockin","kurtis blow","","27416","Deuce","RVAL118229","kurtis blow","RVAR002570","1981","","7","canonical_album_tracks","1.0","","no","yes","no","curated","no"
"RVTR610660","You No One But You","frankie laine","","22132","I Wanted Someone To Love","RVAL084132","frankie laine","RVAR000157","1967","","10","canonical_album_tracks","0.88","","no","yes","no","ok","no"
"RVTR611285","Have It All","jason mraz","","32033","Know.","RVAL929807","jason mraz","RVAR004602","2018","","2","canonical_album_tracks","0.88","","no","yes","no","ok","no"
"RVTR611285","Have It All","jason mraz","","32033","Know.","RVAL929807","jason mraz","RVAR004602","2018","","9","canonical_track_album_links","105","appears_on","no","yes","no","ok","no"
"RVTR612461","Mandinka","sinead o'connor","","40213","The Lion And The Cobra","RVAL242823","sinead o'connor","RVAR007543","1988","","8","canonical_album_tracks","0.74","","no","yes","no","review_required","no"
"RVTR614958","Welcome To The Real World","jane child","","27769","Jane Child","RVAL368170","jane child","RVAR002746","1990","","1","canonical_album_tracks","0.88","","no","yes","no","ok","no"
"RVTR614958","Welcome To The Real World","jane child","","27769","Jane Child","RVAL368170","jane child","RVAR002746","1990","","4","canonical_track_album_links","105","appears_on","no","yes","no","ok","no"
"RVTR615577","I Love","tom t. hall","","24749","For The People In The Last Hard Town","RVAL006079","tom t. hall","RVAR001351","1974","","1","canonical_album_tracks","0.88","","no","yes","no","ok","no"
"RVTR618343","Somebody'S Knockin'","terri gibbs","","22982","Somebody's Knockin'","RVAL255435","terri gibbs","RVAR000592","1981","","1","canonical_album_tracks","0.88","","no","yes","no","ok","no"
"RVTR620132","Hotel Room Service","pitbull","","39048","Rebelution","RVAL617119","pitbull","RVAR006916","2009","","8","canonical_album_tracks","0.88","","no","yes","no","ok","no"
"RVTR620132","Hotel Room Service","pitbull","","39048","Rebelution","RVAL617119","pitbull","RVAR006916","2009","","11","canonical_track_album_links","105","appears_on","no","yes","no","ok","no"
"RVTR620365","Dangerous","natalie cole","","32226","Dangerous","RVAL419063","natalie cole","RVAR004660","1985","","1","canonical_album_tracks","0.88","","no","yes","no","ok","no"
"RVTR621065","Naked","dev","","32965","The Night The Sun Came Up","RVAL845359","dev","RVAR004921","2012","","4","canonical_album_tracks","0.88","","no","yes","no","ok","no"
"RVTR621065","Naked","dev","","32965","The Night The Sun Came Up","RVAL845359","dev","RVAR004921","2012","","11","canonical_track_album_links","105","appears_on","no","yes","no","ok","no"
"RVTR621224","Do You Wanna Hold Me","bow wow wow","","41144","When The Going Gets Tough The Tough Get Going","RVAL884810","bow wow wow","RVAR007859","1983","","2","canonical_album_tracks","0.88","","no","yes","no","ok","no"
"RVTR621616","Funny How Time Flies","intro","","24417","New Life","RVAL458494","intro","RVAR001195","1995","","2","canonical_album_tracks","0.88","","no","yes","no","ok","no"
"RVTR623408","I'M Happy That Love Has Found You","jimmy hall","","40049","Touch You","RVAL616030","jimmy hall","RVAR007437","1980","","8","canonical_album_tracks","0.88","","no","yes","no","ok","no"
"RVTR624016","Modern Girl","sheena easton","","23288","Sheena Easton","RVAL765336","sheena easton","RVAR000746","1981","","9","canonical_track_album_links","105","appears_on","no","yes","no","ok","yes"
"RVTR626369","Cutie Pie","one way","","31582","Who's Foolin' Who","RVAL274076","one way","RVAR004387","1982","","1","canonical_album_tracks","0.88","","no","yes","no","ok","no"
"RVTR626520","Killing In The Name","rage against the machine","","23957","Rage Against The Machine","RVAL028926","rage against the machine","RVAR001013","1993","","9","canonical_album_tracks","0.88","","no","yes","no","ok","no"
"RVTR626582","Bully","shinedown","","31741","Amaryllis","RVAL401101","shinedown","RVAR004462","2012","","2","canonical_track_album_links","105","appears_on","no","yes","no","ok","yes"
"RVTR627473","Absolutely Right","five man electrical band","","34540","Coming Of Age","RVAL622631","five man electrical band","RVAR005565","1972","","3","canonical_album_tracks","0.88","","no","yes","no","ok","no"
"RVTR627583","Without You","motley crue","","30412","Motley Crue","RVAL865124","motley crue","RVAR003827","1994","","2","canonical_album_tracks","0.74","","no","yes","no","review_required","no"
"RVTR627583","Without You","motley crue","","30412","Motley Crue","RVAL865124","motley crue","RVAR003827","1994","","15","canonical_album_tracks","0.74","","no","yes","no","review_required","no"
"RVTR627583","Without You","motley crue","","30411","Live: Entertainment Or Death","RVAL179544","motley crue","RVAR003827","1999","","4","canonical_album_tracks","0.74","","no","yes","no","review_required","no"
"RVTR627700","Only","nine inch nails","","30301","With Teeth","RVAL922133","nine inch nails","RVAR003792","2005","","1","canonical_track_album_links","105","appears_on","no","yes","no","ok","no"
"RVTR627700","Only","nine inch nails","","30301","With Teeth","RVAL922133","nine inch nails","RVAR003792","2005","","8","canonical_album_tracks","0.88","","no","yes","no","ok","no"
"RVTR628244","Do Ya","The Move","","41823","Split Ends","RVAL411700","The Move","RVAR008224","1973","","1","canonical_album_tracks","0.88","","no","yes","no","ok","no"
"RVTR630098","Moonlight","jay-z","","31811","4:44","RVAL755654","jay-z","RVAR004494","2017","","8","canonical_album_tracks","0.88","","no","yes","no","ok","no"
"RVTR631833","Dear Ann","george baker selection","","22745","Little Green Bag","RVAL608128","george baker selection","RVAR000463","1970","","7","canonical_album_tracks","0.88","","no","yes","no","ok","no"
"RVTR632202","One Step Closer To You","gavin christopher","","31408","One Step Closer","RVAL893983","gavin christopher","RVAR004312","1986","","1","canonical_album_tracks","0.88","","no","yes","no","ok","no"
"RVTR634070","Don'T Ever Take Away My Freedom","peter yarrow","","25447","Peter","RVAL216067","peter yarrow","RVAR001630","1972","","6","canonical_album_tracks","0.88","","no","yes","no","ok","no"
"RVTR634768","You Really Got A Hold On Me","gayle mccormick","","22372","Gayle McCormick","RVAL847718","gayle mccormick","RVAR000256","1971","","5","canonical_album_tracks","0.88","","no","yes","no","ok","no"
"RVTR637072","Six Feet Deep","geto boys","","28095","Till Death Do Us Part","RVAL830182","geto boys","RVAR002870","1993","","6","canonical_album_tracks","0.88","","no","yes","no","ok","no"
"RVTR637370","Sweet Baby","donnie elbert","","27403","Where Did Our Love Go","RVAL740576","donnie elbert","RVAR002561","1972","","9","canonical_album_tracks","0.88","","no","yes","no","ok","no"
"RVTR637573","After 12, Before 6","sam salter","","23292","It's On Tonight","RVAL373741","sam salter","RVAR000747","1997","","2","canonical_album_tracks","0.88","","no","yes","no","ok","no"
"RVTR637665","Find A Way","a tribe called quest","","38267","The Love Movement","RVAL926610","a tribe called quest","RVAR006557","1998","","2","canonical_album_tracks","0.88","","no","yes","no","ok","no"
"RVTR637908","Bionic","christina aguilera","","24784","Bionic","RVAL099126","christina aguilera","RVAR001363","2010","","1","canonical_album_tracks","0.88","","no","yes","no","ok","no"
"RVTR637908","Bionic","christina aguilera","","24784","Bionic","RVAL099126","christina aguilera","RVAR001363","2010","","9","canonical_track_album_links","105","appears_on","no","yes","no","ok","no"
"RVTR640596","With Pen In Hand","vikki carr","","25971","Vikki!","RVAL667806","vikki carr","RVAR001895","1968","","6","canonical_track_album_links","105","appears_on","no","yes","no","ok","no"
"RVTR640596","With Pen In Hand","vikki carr","","25971","Vikki!","RVAL667806","vikki carr","RVAR001895","1968","","12","canonical_album_tracks","0.86","","no","yes","no","ok","no"
"RVTR640596","With Pen In Hand","vikki carr","","25962","For Once In My Life","RVAL773226","vikki carr","RVAR001895","1969","","10","canonical_album_tracks","0.88","","no","yes","no","ok","no"
"RVTR640730","Mad World","adam lambert","","26243","Season 8 Favorite Performances","RVAL865362","adam lambert","RVAR001979","2009","","6","canonical_album_tracks","0.88","","no","yes","no","ok","no"
"RVTR641127","Where Does My Heart Beat Now","celine dion","","32393","Unison","RVAL248451","celine dion","RVAR004700","1991","","1","canonical_track_album_links","105","appears_on","no","yes","no","ok","yes"
"RVTR641847","That'S The Way I Like It","kc and the sunshine band","","23326","Greatest Hits","RVAL220316","kc and the sunshine band","RVAR000770","1980","","5","canonical_album_tracks","0.88","","no","yes","no","ok","no"
"RVTR641899","Tina Cherry","georgio","","29035","Sexappeal","RVAL670697","georgio","RVAR003292","1987","","6","canonical_album_tracks","0.88","","no","yes","no","ok","no"
"RVTR642066","Cry","ray charles","","37702","Sweet & Sour Tears","RVAL239495","ray charles","RVAR006319","1964","","1","canonical_album_tracks","0.88","","no","yes","no","ok","no"
"RVTR642284","Spotless","zach bryan","","43471","Zach Bryan","RVAL000005","zach bryan","RVAR006061","2023","","13","canonical_album_tracks","1.0","","no","no","no","curated","no"
"RVTR642297","Flathead","The Fratellis","","42726","Costello Music","RVAL433683","The Fratellis","RVAR008669","2007","","2","canonical_album_tracks","0.88","","no","yes","no","ok","no"
"RVTR642297","Flathead","The Fratellis","","42726","Costello Music","RVAL433683","The Fratellis","RVAR008669","2007","","12","canonical_track_album_links","105","appears_on","no","yes","no","ok","no"
"RVTR642463","So Many Tears","2pac","","33066","Me Against The World","RVAL166685","2pac","RVAR004955","1995","","4","canonical_album_tracks","0.88","","no","yes","no","ok","no"
"RVTR643117","If You Were Mine","ray charles","","37688","Love Country Style","RVAL453012","ray charles","RVAR006319","1970","","1","canonical_album_tracks","0.88","","no","yes","no","ok","no"
"RVTR643375","I Fought The Law","bobby fuller four","","32610","The Bobby Fuller Four","RVAL687366","bobby fuller four","RVAR004811","1966","","15","canonical_album_tracks","0.74","","no","yes","no","review_required","no"
"RVTR643375","I Fought The Law","bobby fuller four","","32610","The Bobby Fuller Four","RVAL687366","bobby fuller four","RVAR004811","1966","","16","canonical_track_album_links","105","appears_on","no","yes","no","ok","yes"
"RVTR643375","I Fought The Law","bobby fuller four","","32610","The Bobby Fuller Four","RVAL687366","bobby fuller four","RVAR004811","1966","","45","canonical_album_tracks","0.74","","no","yes","no","review_required","no"
"RVTR643445","Just Another Day In Paradise","phil vassar","","34309","Greatest Hits Volume 1","RVAL079761","phil vassar","RVAR005444","2006","","10","canonical_album_tracks","0.88","","no","yes","no","ok","no"
"RVTR643679","Change Of Heart","change","","23220","Change Of Heart","RVAL922955","change","RVAR000720","1984","","2","canonical_album_tracks","0.88","","no","yes","no","ok","no"
"RVTR644038","Overnight Celebrity","twista","","29127","Kamikaze","RVAL686294","twista","RVAR003346","2004","","5","canonical_album_tracks","0.88","","no","yes","no","ok","no"
"RVTR644053","Dream","love","","40173","Four Sail","RVAL370397","love","RVAR007520","1969","","6","canonical_album_tracks","0.88","","no","yes","no","ok","no"
"RVTR645319","Fly Away From Here","aerosmith","","25711","Just Push Play","RVAL269007","aerosmith","RVAR001763","2001","","4","canonical_album_tracks","0.88","","no","yes","no","ok","no"
"RVTR645617","Universal Heart Beat","juliana hatfield","","31577","Only Everything","RVAL241699","juliana hatfield","RVAR004378","1995","","13","canonical_track_album_links","105","appears_on","no","yes","no","ok","no"
"RVTR647917","West Coast Summer Nights","tony carey","","29871","Tony Carey [I Won't Be Home Tonight]","RVAL175641","tony carey","RVAR003580","1983","","1","canonical_track_album_links","105","appears_on","no","yes","no","ok","yes"
"RVTR648316","Brianstorm","arctic monkeys","","23933","Favourite Worst Nightmare","RVAL096148","arctic monkeys","RVAR001007","2007","","1","canonical_album_tracks","0.88","","no","yes","no","ok","no"
"RVTR648336","The Theme It'S Party Time","tracey lee","","29967","Many Facez","RVAL844085","tracey lee","RVAR003630","1997","","3","canonical_album_tracks","0.88","","no","yes","no","ok","no"
"RVTR648392","Watermelon Man","gloria lynne","","26336","Soul Serenade","RVAL045892","gloria lynne","RVAR002010","1965","","6","canonical_album_tracks","0.88","","no","yes","no","ok","no"
"RVTR649967","I Got A Line On You","spirit","","33833","The Family That Plays Together","RVAL114212","spirit","RVAR005227","1969","","1","canonical_album_tracks","0.88","","no","yes","no","ok","no"
"RVTR649967","I Got A Line On You","spirit","","33833","The Family That Plays Together","RVAL114212","spirit","RVAR005227","1969","","13","canonical_track_album_links","105","appears_on","no","yes","no","ok","no"
"RVTR649967","I Got A Line On You","spirit","","33832","The Best Of Spirit","RVAL413979","spirit","RVAR005227","1973","","6","canonical_album_tracks","0.88","","no","yes","no","ok","no"
"RVTR650189","It Must Be Love","madness","","32881","Madness","RVAL796722","madness","RVAR004896","1983","","3","canonical_album_tracks","0.88","","no","yes","no","ok","no"
"RVTR650442","Rockabye","clean bandit","","30751","What Is Love?","RVAL789236","clean bandit","RVAR004013","2018","","4","canonical_album_tracks","0.88","","no","yes","no","ok","no"
"RVTR654152","Little Green Bag","george baker selection","","22745","Little Green Bag","RVAL608128","george baker selection","RVAR000463","1970","","1","canonical_track_album_links","105","appears_on","no","yes","no","ok","yes"
"RVTR654376","I Got You","james brown","","33248","It's A Man's Man's Man's World","RVAL412712","james brown","RVAR005026","1966","","10","canonical_album_tracks","0.88","","no","yes","no","ok","no"
"RVTR656516","Party","beyonce","","39115","4","RVAL270175","beyonce","RVAR006942","2011","","5","canonical_album_tracks","0.95","","no","yes","no","ok","no"
"RVTR656516","Party","beyonce","","39115","4","RVAL270175","beyonce","RVAR006942","2011","","7","canonical_track_album_links","105","appears_on","no","yes","no","ok","no"
"RVTR656529","Somewhere","len barry","","37653","1-2-3","RVAL340405","len barry","RVAR006299","1965","","8","canonical_track_album_links","105","appears_on","no","yes","no","ok","no"
"RVTR656529","Somewhere","len barry","","37653","1-2-3","RVAL340405","len barry","RVAR006299","1965","","11","canonical_album_tracks","0.86","","no","yes","no","ok","no"
"RVTR656636","Break It To Me Gently","aretha franklin","","33383","Sweet Passion","RVAL953397","aretha franklin","RVAR005078","1977","","1","canonical_album_tracks","0.88","","no","yes","no","ok","no"
"RVTR657056","Why Do You Love Me","garbage","","39784","Bleed Like Me","RVAL264864","garbage","RVAR007279","2005","","4","canonical_album_tracks","0.88","","no","yes","no","ok","no"
"RVTR658374","Sick Love Song","motley crue","","30411","Live: Entertainment Or Death","RVAL179544","motley crue","RVAR003827","1999","","8","canonical_album_tracks","0.74","","no","yes","no","review_required","no"
"RVTR658433","Get Down Tonight","kc and the sunshine band","","23326","Greatest Hits","RVAL220316","kc and the sunshine band","RVAR000770","1980","","3","canonical_album_tracks","0.88","","no","yes","no","ok","no"
"RVTR658719","Texas In My Rear View Mirror","mac davis","","23158","Texas In My Rear View Mirror","RVAL333830","mac davis","RVAR000666","1980","","6","canonical_album_tracks","0.88","","no","yes","no","ok","no"
"RVTR658741","Partition","beyonce","","39118","Beyonce","RVAL283541","beyonce","RVAR006942","2013","","3","canonical_album_tracks","0.95","","no","yes","no","ok","no"
"RVTR658741","Partition","beyonce","","39118","Beyonce","RVAL283541","beyonce","RVAR006942","2013","","12","canonical_track_album_links","105","appears_on","no","yes","no","ok","no"
"RVTR659109","7 11","beyonce","","39118","Beyonce","RVAL283541","beyonce","RVAR006942","2013","","1","canonical_track_album_links","105","appears_on","no","yes","no","ok","yes"
"RVTR659885","Int'L Players Anthem I Choose You","ugk","","39434","Underground Kingz","RVAL491503","ugk","RVAR007103","2007","","10","canonical_album_tracks","0.74","","no","yes","no","review_required","no"
"RVTR660809","Pop Goes The Weasel","3rd bass","","24136","Derelicts Of Dialect","RVAL785751","3rd bass","RVAR001060","1991","","6","canonical_album_tracks","0.88","","no","yes","no","ok","no"
"RVTR660809","Pop Goes The Weasel","3rd bass","","24136","Derelicts Of Dialect","RVAL785751","3rd bass","RVAR001060","1991","","23","canonical_track_album_links","105","appears_on","no","yes","no","ok","no"
"RVTR661022","Stairway To Heaven","pure soul","","33519","Pure Soul","RVAL486740","pure soul","RVAR005129","1995","","7","canonical_album_tracks","0.88","","no","yes","no","ok","no"
"RVTR661406","Turning To You","charlie","","27475","No Second Chance","RVAL004562","charlie","RVAR002608","1977","","2","canonical_album_tracks","0.88","","no","yes","no","ok","no"
"RVTR661406","Turning To You","charlie","","27475","No Second Chance","RVAL004562","charlie","RVAR002608","1977","","9","canonical_track_album_links","105","appears_on","no","yes","no","ok","no"
"RVTR662325","Codeine Dreaming","kodak black","","35690","Heart Break Kodak","RVAL869077","kodak black","RVAR006092","2018","","5","canonical_album_tracks","0.88","","no","yes","no","ok","no"
"RVTR663680","Next To Me","emeli sande","","30821","Our Version Of Events","RVAL047062","emeli sande","RVAR004044","2012","","5","canonical_track_album_links","105","appears_on","no","yes","no","ok","yes"
"RVTR663858","I Had It All The Time","tyrone davis","","32022","I Had It All The Time","RVAL274423","tyrone davis","RVAR004592","1972","","9","canonical_album_tracks","0.88","","no","yes","no","ok","no"
"RVTR663858","I Had It All The Time","tyrone davis","","32027","Without You In My Life","RVAL508903","tyrone davis","RVAR004592","1973","","5","canonical_album_tracks","0.88","","no","yes","no","ok","no"
"RVTR663910","Everything Is Good About You","The Lettermen","","41461","Everything's Good About You","RVAL743341","The Lettermen","RVAR008040","1971","","1","canonical_album_tracks","0.88","","no","yes","no","ok","no"
"RVTR663947","Loser","beck","","34423","Mellow Gold","RVAL877597","beck","RVAR005509","1994","","1","canonical_album_tracks","0.88","","no","yes","no","ok","no"
"RVTR663947","Loser","beck","","34423","Mellow Gold","RVAL877597","beck","RVAR005509","1994","","12","canonical_track_album_links","105","appears_on","no","yes","no","ok","no"
"RVTR665282","What Are You Doing Sunday","dawn","","27395","Candida","RVAL881477","dawn","RVAR002548","1970","","6","canonical_album_tracks","0.88","","no","yes","no","ok","no"
"RVTR665431","Losin Control","russ","","31733","There's Really A Wolf","RVAL935846","russ","RVAR004454","2017","","11","canonical_track_album_links","105","appears_on","no","yes","no","ok","no"
"RVTR665431","Losin Control","russ","","31733","There's Really A Wolf","RVAL935846","russ","RVAR004454","2017","","12","canonical_album_tracks","0.86","","no","yes","no","ok","no"
"RVTR665937","Bullet In The Head","rage against the machine","","23957","Rage Against The Machine","RVAL028926","rage against the machine","RVAR001013","1993","","3","canonical_album_tracks","0.88","","no","yes","no","ok","no"
"RVTR666010","Talk You Out Of It","florida georgia line","","38910","Florida Georgia Line (EP)","RVAL963037","florida georgia line","RVAR006851","2018","","13","canonical_track_album_links","105","appears_on","no","yes","no","ok","yes"
"RVTR666278","Pass Out","tinie tempah","","37601","Disc-Overy","RVAL858521","tinie tempah","RVAR006289","2011","","3","canonical_album_tracks","0.88","","no","yes","no","ok","no"
"RVTR666785","You Have Been Loved","george michael","","30655","Older","RVAL254359","george michael","RVAR003969","1996","","10","canonical_album_tracks","0.88","","no","yes","no","ok","no"
"RVTR667489","Touch","omarion","","31585","O","RVAL528963","omarion","RVAR004388","2005","","2","canonical_album_tracks","0.88","","no","yes","no","ok","no"
"RVTR669042","Ain'T Gonna Lie","keith","","26289","98.6/Ain't Gonna Lie","RVAL309286","keith","RVAR001990","1967","","3","canonical_album_tracks","0.74","","no","yes","no","review_required","no"
"RVTR669871","Survival Of The Fittest","mobb deep","","22434","The Infamous","RVAL886984","mobb deep","RVAR000295","1995","","3","canonical_album_tracks","0.88","","no","yes","no","ok","no"
"RVTR669871","Survival Of The Fittest","mobb deep","","22435","The Infamous... Mobb Deep","RVAL560939","mobb deep","RVAR000295","2014","","11","canonical_album_tracks","0.86","","no","yes","no","ok","no"
"RVTR669871","Survival Of The Fittest","mobb deep","","22435","The Infamous... Mobb Deep","RVAL560939","mobb deep","RVAR000295","2014","","15","canonical_track_album_links","105","appears_on","no","yes","no","ok","no"
"RVTR669998","Stingy","ginuwine","","32713","The Senior","RVAL775909","ginuwine","RVAR004840","2003","","6","canonical_album_tracks","0.88","","no","yes","no","ok","no"
"RVTR669998","Stingy","ginuwine","","32713","The Senior","RVAL775909","ginuwine","RVAR004840","2003","","14","canonical_track_album_links","105","appears_on","no","yes","no","ok","no"
"RVTR670788","Ooohhhwee","master p","","39146","Game Face","RVAL189389","master p","RVAR006950","2002","","3","canonical_album_tracks","0.88","","no","yes","no","ok","no"
"RVTR671355","Stand","poison","","25189","Native Tongue","RVAL102838","poison","RVAR001497","1993","","3","canonical_album_tracks","0.88","","no","yes","no","ok","no"
"RVTR671355","Stand","poison","","25184","Best Of Ballads & Blues","RVAL337795","poison","RVAR001497","2003","","13","canonical_album_tracks","0.74","","no","yes","no","review_required","no"
"RVTR671392","One Shot At Love","ll cool j","","32608","Walking With A Panther","RVAL766544","ll cool j","RVAR004808","1989","","16","canonical_album_tracks","0.74","","no","yes","no","review_required","no"
"RVTR671492","Lonesome Number One","don gibson","","26288","I Wrote A Song...","RVAL704066","don gibson","RVAR001987","1963","","8","canonical_album_tracks","0.88","","no","yes","no","ok","no"
"RVTR672017","There I'Ve Said It Again","sam cooke","","29596","The Man & His Music","RVAL240095","sam cooke","RVAR003458","1986","","32","canonical_album_tracks","0.74","","no","yes","no","review_required","no"
"RVTR673714","The Night Chicago Died","paper lace","","22709","Paper Lace","RVAL116523","paper lace","RVAR000430","1974","","1","canonical_album_tracks","0.88","","no","yes","no","ok","no"
"RVTR673714","The Night Chicago Died","paper lace","","22709","Paper Lace","RVAL116523","paper lace","RVAR000430","1974","","2","canonical_track_album_links","105","appears_on","no","yes","no","ok","no"
"RVTR675159","Tonite","dj quik","","40491","Quik Is The Name","RVAL165287","dj quik","RVAR007677","1991","","2","canonical_track_album_links","105","appears_on","no","yes","no","ok","yes"
"RVTR675441","Young And Beautiful","elvis presley","","40894","A Valentine Gift For You","RVAL013963","elvis presley","RVAR007802","1985","","3","canonical_album_tracks","0.88","","no","yes","no","ok","no"
"RVTR676005","Round Round","twinz","","32540","Conversation","RVAL861474","twinz","RVAR004767","1995","","1","canonical_track_album_links","105","appears_on","no","yes","no","ok","no"
"RVTR676005","Round Round","twinz","","32540","Conversation","RVAL861474","twinz","RVAR004767","1995","","2","canonical_album_tracks","0.88","","no","yes","no","ok","no"
"RVTR676016","I Love You","people","","26151","I Love You","RVAL278279","people","RVAR001966","1968","","5","canonical_album_tracks","0.88","","no","yes","no","ok","no"
"RVTR676041","Hotel","cassidy","","35461","Split Personality","RVAL771960","cassidy","RVAR005957","2004","","7","canonical_album_tracks","0.74","","no","yes","no","review_required","no"
"RVTR676041","Hotel","cassidy","","35461","Split Personality","RVAL771960","cassidy","RVAR005957","2004","","8","canonical_track_album_links","105","appears_on","no","yes","no","ok","no"
"RVTR676042","Blackstar","david bowie","","22177","Blackstar","RVAL607895","david bowie","RVAR000175","2016","","1","canonical_track_album_links","105","appears_on","no","yes","no","ok","yes"
"RVTR676935","Lick U Up","h-town","","26503","Fever For Da Flavor","RVAL563511","h-town","RVAR002147","1993","","2","canonical_track_album_links","105","appears_on","no","yes","no","ok","no"
"RVTR676935","Lick U Up","h-town","","26503","Fever For Da Flavor","RVAL563511","h-town","RVAR002147","1993","","9","canonical_album_tracks","0.88","","no","yes","no","ok","no"
"RVTR677628","Just Another Night","ian hunter","","29370","You're Never Alone With A Schizophrenic","RVAL170178","ian hunter","RVAR003410","1979","","1","canonical_album_tracks","0.88","","no","yes","no","ok","no"
"RVTR677628","Just Another Night","ian hunter","","29368","Live/welcome To The Club","RVAL329277","ian hunter","RVAR003410","1980","","10","canonical_album_tracks","0.74","","no","yes","no","review_required","no"
"RVTR678684","Hooch","everything","","23365","Super Natural","RVAL911917","everything","RVAR000797","1998","","2","canonical_album_tracks","0.88","","no","yes","no","ok","no"
"RVTR679849","Falling Slowly","kris allen","","23989","Season 8 Favorite Performances","RVAL630107","kris allen","RVAR001018","2009","","5","canonical_album_tracks","0.88","","no","yes","no","ok","no"
"RVTR681717","On Your Own","blur","","22235","Blur","RVAL796054","blur","RVAR000183","1997","","5","canonical_album_tracks","0.88","","no","yes","no","ok","no"
"RVTR682068","Whatever","oasis","","28915","Time Flies... 1994-2009","RVAL129958","oasis","RVAR003219","2010","","1","canonical_album_tracks","0.88","","no","yes","no","ok","no"
"RVTR682112","Stay","eternal","","37735","Always & Forever","RVAL930018","eternal","RVAR006332","1994","","1","canonical_album_tracks","0.88","","no","yes","no","ok","no"
"RVTR682112","Stay","eternal","","37735","Always & Forever","RVAL930018","eternal","RVAR006332","1994","","9","canonical_track_album_links","105","appears_on","no","yes","no","ok","no"
"RVTR682261","Excuse Me Miss","jay-z","","31813","Blueprint 2.1","RVAL663989","jay-z","RVAR004494","2003","","5","canonical_album_tracks","0.88","","no","yes","no","ok","no"
"RVTR683282","Heaven","emeli sande","","30821","Our Version Of Events","RVAL047062","emeli sande","RVAR004044","2012","","13","canonical_album_tracks","0.74","","no","yes","no","review_required","no"
"RVTR683610","You Can Do It","dobie gray","","24937","Midnight Diamond","RVAL401476","dobie gray","RVAR001412","1979","","1","canonical_album_tracks","0.88","","no","yes","no","ok","no"
"RVTR684971","Biggest Alley Oop","quavo","","28259","Quavo Huncho","RVAL919000","quavo","RVAR002940","2018","","1","canonical_album_tracks","0.88","","no","yes","no","ok","no"
"RVTR684971","Biggest Alley Oop","quavo","","28259","Quavo Huncho","RVAL919000","quavo","RVAR002940","2018","","17","canonical_track_album_links","105","appears_on","no","yes","no","ok","no"
"RVTR685556","Slow Down","bobby valentino","","32394","Disturbing Tha Peace Presents Bobby Valentino","RVAL032635","bobby valentino","RVAR004701","2005","","11","canonical_album_tracks","0.74","","no","yes","no","review_required","no"
"RVTR685556","Slow Down","bobby valentino","","32394","Disturbing Tha Peace Presents Bobby Valentino","RVAL032635","bobby valentino","RVAR004701","2005","","13","canonical_album_tracks","0.74","","no","yes","no","review_required","no"
"RVTR685731","Stitches","orgy","","27383","Candyass","RVAL240789","orgy","RVAR002536","1999","","2","canonical_album_tracks","0.88","","no","yes","no","ok","no"
"RVTR685971","Driven Out","The Fixx","","43026","Calm Animals","RVAL056390","The Fixx","RVAR008826","1989","","2","canonical_album_tracks","0.88","","no","yes","no","ok","no"
"RVTR687000","Heartless","heart","","32210","Magazine","RVAL711609","heart","RVAR004654","1978","","1","canonical_track_album_links","105","appears_on","no","yes","no","ok","yes"
"RVTR689342","Head Like A Hole","nine inch nails","","30296","Pretty Hate Machine","RVAL221126","nine inch nails","RVAR003792","1990","","1","canonical_album_tracks","0.88","","no","yes","no","ok","no"
"RVTR690969","Same Ol' Situation S O S","motley crue","","30412","Motley Crue","RVAL865124","motley crue","RVAR003827","1994","","1","canonical_album_tracks","0.74","","no","yes","no","review_required","no"
"RVTR691702","Ego","beyonce","","39116","Above And Beyonce: Video Collection & Dance Mixes (EP)","RVAL308178","beyonce","RVAR006942","2009","","2","canonical_album_tracks","0.74","","no","yes","no","review_required","no"
"RVTR691702","Ego","beyonce","","39116","Above And Beyonce: Video Collection & Dance Mixes (EP)","RVAL308178","beyonce","RVAR006942","2009","","4","canonical_album_tracks","0.74","","no","yes","no","review_required","no"
"RVTR692409","Keep On Tryin'","poco","","40462","Head Over Heels","RVAL467824","poco","RVAR007665","1975","","1","canonical_album_tracks","0.88","","no","yes","no","ok","no"
"RVTR693307","Dream A Little Dream Of Me","mama cass","","40324","Dream A Little Dream","RVAL160990","mama cass","RVAR007596","1968","","1","canonical_album_tracks","0.88","","no","yes","no","ok","no"
"RVTR693307","Dream A Little Dream Of Me","mama cass","","40326","Mama's Big Ones","RVAL561348","mama cass","RVAR007596","1971","","7","canonical_track_album_links","105","appears_on","no","yes","no","ok","yes"
"RVTR693811","I Could Write A Book","jerry butler","","31708","You & Me","RVAL664203","jerry butler","RVAR004448","1970","","1","canonical_album_tracks","0.88","","no","yes","no","ok","no"
"RVTR694160","Brown Eyed Girl","el chicano","","40749","Celebration","RVAL107636","el chicano","RVAR007741","1972","","3","canonical_album_tracks","1.0","","no","yes","no","curated","no"
"RVTR695940","The Last Song","elton john","","37637","Rocket Man: Number Ones","RVAL665354","elton john","RVAR006296","2007","","15","canonical_album_tracks","0.86","","no","yes","no","ok","no"
"RVTR695940","The Last Song","elton john","","37637","Rocket Man: Number Ones","RVAL665354","elton john","RVAR006296","2007","","36","canonical_track_album_links","105","appears_on","no","yes","no","ok","no"
"RVTR696961","What Would Happen","meredith brooks","","38715","Blurring The Edges","RVAL121362","meredith brooks","RVAR006750","1997","","8","canonical_track_album_links","105","appears_on","no","yes","no","ok","yes"
"RVTR697699","Sweet Nothing","calvin harris","","23298","18 Months","RVAL289774","calvin harris","RVAR000756","2012","","10","canonical_album_tracks","0.88","","no","yes","no","ok","no"
"RVTR698219","Gangsta Bitch","apache","","40111","Apache Ain't Shit","RVAL628823","apache","RVAR007491","1993","","4","canonical_album_tracks","0.88","","no","yes","no","ok","no"
"RVTR698219","Gangsta Bitch","apache","","40111","Apache Ain't Shit","RVAL628823","apache","RVAR007491","1993","","13","canonical_track_album_links","105","appears_on","no","yes","no","ok","no"
"RVTR698237","If U Were Mine","The U-krew","","41321","The U-Krew","RVAL122433","The U-krew","RVAR007961","1990","","2","canonical_album_tracks","0.88","","no","yes","no","ok","no"
"RVTR698792","1983","neon trees","","35172","Habits","RVAL718272","neon trees","RVAR005855","2010","","5","canonical_album_tracks","0.88","","no","yes","no","ok","no"
"RVTR699041","Money Power Respect","The Lox","","42805","Money, Power & Respect","RVAL783192","The Lox","RVAR008719","1998","","5","canonical_album_tracks","0.88","","no","yes","no","ok","no"
"RVTR699739","El Verdadero Amor Perdona","mana","","25533","Drama y Luz","RVAL510952","mana","RVAR001662","2011","","5","canonical_track_album_links","105","appears_on","no","yes","no","ok","yes"
"RVTR703403","Just A Step From Heaven","eternal","","37735","Always & Forever","RVAL930018","eternal","RVAR006332","1994","","8","canonical_album_tracks","0.88","","no","yes","no","ok","no"
"RVTR704470","Met Gala","gucci mane","","24885","Droptopwop","RVAL225415","gucci mane","RVAR001402","2017","","5","canonical_album_tracks","0.88","","no","yes","no","ok","no"
"RVTR704537","Georgy Girl","The Seekers","","42526","Georgy Girl","RVAL933199","The Seekers","RVAR008552","1967","","1","canonical_album_tracks","0.88","","no","yes","no","ok","no"
"RVTR705187","Life","haddaway","","28175","Haddaway","RVAL045851","haddaway","RVAR002899","1994","","7","canonical_album_tracks","0.88","","no","yes","no","ok","no"
"RVTR705907","Cardiac Arrest","madness","","32881","Madness","RVAL796722","madness","RVAR004896","1983","","10","canonical_album_tracks","0.88","","no","yes","no","ok","no"
"RVTR706025","My Little Red Book","love","","40174","Love","RVAL078030","love","RVAR007520","1966","","1","canonical_album_tracks","0.88","","no","yes","no","ok","no"
"RVTR706025","My Little Red Book","love","","40176","Revisited","RVAL149083","love","RVAR007520","1970","","1","canonical_album_tracks","0.88","","no","yes","no","ok","no"
"RVTR706584","No Sunshine","kid frost","","30577","East Side Story","RVAL570956","kid frost","RVAR003905","1992","","6","canonical_album_tracks","0.88","","no","yes","no","ok","no"
"RVTR706584","No Sunshine","kid frost","","30577","East Side Story","RVAL570956","kid frost","RVAR003905","1992","","16","canonical_track_album_links","105","appears_on","no","yes","no","ok","no"
"RVTR706725","Papa Don'T Preach","madonna","","24924","MDNA World Tour","RVAL133534","madonna","RVAR001411","2013","","5","canonical_album_tracks","0.88","","no","yes","no","ok","no"
"RVTR708316","Love Myself","hailee steinfeld","","39515","Haiz (EP)","RVAL803372","hailee steinfeld","RVAR007151","2015","","2","canonical_track_album_links","105","appears_on","no","yes","no","ok","no"
"RVTR708747","Sunny Days","lighthouse","","40512","Sunny Days","RVAL180389","lighthouse","RVAR007687","1973","","2","canonical_album_tracks","0.88","","no","yes","no","ok","no"
"RVTR708747","Sunny Days","lighthouse","","40512","Sunny Days","RVAL180389","lighthouse","RVAR007687","1973","","6","canonical_track_album_links","105","appears_on","no","yes","no","ok","no"
"RVTR709744","Nothing","love","","40173","Four Sail","RVAL370397","love","RVAR007520","1969","","8","canonical_album_tracks","0.88","","no","yes","no","ok","no"
"RVTR710976","So Many People","chase","","40152","Ennea","RVAL030153","chase","RVAR007512","1972","","2","canonical_album_tracks","0.88","","no","yes","no","ok","no"
"RVTR710976","So Many People","chase","","40152","Ennea","RVAL030153","chase","RVAR007512","1972","","6","canonical_track_album_links","105","appears_on","no","yes","no","ok","no"
"RVTR712070","Numb","xxxtentacion","","23338","?","RVAL906016","xxxtentacion","RVAR000778","2018","","1","canonical_track_album_links","105","appears_on","no","yes","no","ok","yes"
"RVTR714362","Arrow Through Me","wings","","26910","Back To The Egg","RVAL260029","wings","RVAR002344","1979","","7","canonical_album_tracks","0.88","","no","yes","no","ok","no"
"RVTR714389","The Lord Knows I'M Drinking","cal smith","","26539","I've Found Someone Of My Own","RVAL017306","cal smith","RVAR002182","1973","","5","canonical_album_tracks","0.88","","no","yes","no","ok","no"
"RVTR714399","Dirty Water","rock and hyde","","23884","Under The Volcano","RVAL240493","rock and hyde","RVAR000964","1987","","1","canonical_track_album_links","105","appears_on","no","yes","no","ok","yes"
"RVTR715923","It'S All Right","sam cooke","","29596","The Man & His Music","RVAL240095","sam cooke","RVAR003458","1986","","41","canonical_album_tracks","0.74","","no","yes","no","review_required","no"
"RVTR717681","California Earthquake","mama cass","","40324","Dream A Little Dream","RVAL160990","mama cass","RVAR007596","1968","","2","canonical_album_tracks","0.88","","no","yes","no","ok","no"
"RVTR717745","Shine Shine","barry gibb","","40504","Now Voyager","RVAL056396","barry gibb","RVAR007682","1984","","5","canonical_album_tracks","0.88","","no","yes","no","ok","no"
"RVTR718480","Oklahoman Son","zach bryan","","43471","Zach Bryan","RVAL000005","zach bryan","RVAR006061","2023","","16","canonical_album_tracks","1.0","","no","no","no","curated","no"
"RVTR719780","Sin","nine inch nails","","30296","Pretty Hate Machine","RVAL221126","nine inch nails","RVAR003792","1990","","7","canonical_album_tracks","0.88","","no","yes","no","ok","no"
"RVTR719780","Sin","nine inch nails","","30288","And All That Could Have Been, Live","RVAL101973","nine inch nails","RVAR003792","2002","","2","canonical_album_tracks","0.88","","no","yes","no","ok","no"
"RVTR719934","Pop Singer","john mellencamp","","31072","Big Daddy","RVAL422168","john mellencamp","RVAR004161","1989","","6","canonical_album_tracks","0.88","","no","yes","no","ok","no"
"RVTR721130","Start It All Over","mcguffey lane","","24720","Aqua Dream","RVAL191546","mcguffey lane","RVAR001331","1982","","6","canonical_album_tracks","0.88","","no","yes","no","ok","no"
"RVTR722810","Deeper","boss","","30206","Born Gangstaz","RVAL285595","boss","RVAR003754","1993","","2","canonical_album_tracks","0.88","","no","yes","no","ok","no"
"RVTR722810","Deeper","boss","","30206","Born Gangstaz","RVAL285595","boss","RVAR003754","1993","","8","canonical_track_album_links","105","appears_on","no","yes","no","ok","no"
"RVTR722909","The Fear","lily allen","","40672","It's Not Me, It's You","RVAL846871","lily allen","RVAR007721","2009","","2","canonical_album_tracks","0.88","","no","yes","no","ok","no"
"RVTR722909","The Fear","lily allen","","40672","It's Not Me, It's You","RVAL846871","lily allen","RVAR007721","2009","","11","canonical_track_album_links","105","appears_on","no","yes","no","ok","no"
"RVTR723265","You Got The Power","war","","37499","Outlaw","RVAL197606","war","RVAR006240","1982","","6","canonical_track_album_links","105","appears_on","no","yes","no","ok","no"
"RVTR723265","You Got The Power","war","","37499","Outlaw","RVAL197606","war","RVAR006240","1982","","7","canonical_album_tracks","0.88","","no","yes","no","ok","no"
"RVTR723430","When A Boy Falls In Love","sam cooke","","29597","Try A Little Love","RVAL445395","sam cooke","RVAR003458","1965","","7","canonical_album_tracks","0.88","","no","yes","no","ok","no"
"RVTR723633","Tic Toc","lords of the underground","","35651","Keepers Of The Funk","RVAL943995","lords of the underground","RVAR006073","1994","","3","canonical_album_tracks","0.88","","no","yes","no","ok","no"
"RVTR723633","Tic Toc","lords of the underground","","35651","Keepers Of The Funk","RVAL943995","lords of the underground","RVAR006073","1994","","9","canonical_track_album_links","105","appears_on","no","yes","no","ok","no"
"RVTR724910","I Remember Everything","zach bryan","","43471","Zach Bryan","RVAL000005","zach bryan","RVAR006061","2023","","11","canonical_album_tracks","0.95","","no","no","no","curated","no"
"RVTR725040","Our House","madness","","32881","Madness","RVAL796722","madness","RVAR004896","1983","","1","canonical_album_tracks","0.88","","no","yes","no","ok","no"
"RVTR726426","Queen Of Clubs","kc and the sunshine band","","23326","Greatest Hits","RVAL220316","kc and the sunshine band","RVAR000770","1980","","2","canonical_album_tracks","0.88","","no","yes","no","ok","no"
"RVTR727594","Manchild","neneh cherry","","37999","Raw Like Sushi","RVAL275264","neneh cherry","RVAR006479","1989","","2","canonical_album_tracks","0.88","","no","yes","no","ok","no"
"RVTR727796","Way Of Life","lil wayne","","26074","500 Degreez","RVAL038037","lil wayne","RVAR001925","2002","","3","canonical_album_tracks","0.88","","no","yes","no","ok","no"
"RVTR727796","Way Of Life","lil wayne","","26074","500 Degreez","RVAL038037","lil wayne","RVAR001925","2002","","10","canonical_track_album_links","105","appears_on","no","yes","no","ok","no"
"RVTR727888","Let Me Blow Ya Mind","eve","","32085","Scorpion","RVAL385571","eve","RVAR004612","2001","","3","canonical_album_tracks","0.88","","no","yes","no","ok","no"
"RVTR728291","Hero Of The Day","metallica","","40257","Load","RVAL974026","metallica","RVAR007560","1996","","6","canonical_album_tracks","0.88","","no","yes","no","ok","no"
"RVTR728291","Hero Of The Day","metallica","","40257","Load","RVAL974026","metallica","RVAR007560","1996","","12","canonical_track_album_links","105","appears_on","no","yes","no","ok","no"
"RVTR728689","Happily Ever A Feat Er","case","","38403","Personal Conversation","RVAL865827","case","RVAR006623","1999","","11","canonical_album_tracks","0.86","","no","yes","no","ok","no"
"RVTR728690","Happily Ever After","case","","38403","Personal Conversation","RVAL865827","case","RVAR006623","1999","","2","canonical_album_tracks","0.88","","no","yes","no","ok","no"
"RVTR728690","Happily Ever After","case","","38403","Personal Conversation","RVAL865827","case","RVAR006623","1999","","5","canonical_track_album_links","105","appears_on","no","yes","no","ok","no"
"RVTR729502","Abraham Martin And John","dion","","28045","Sanctuary","RVAL364487","dion","RVAR002830","1972","","8","canonical_album_tracks","0.88","","no","yes","no","ok","no"
"RVTR730621","You'Re The First The Last My Everything","barry white","","21948","The Best Of Barry White: 20th Century Masters The Millennium Collection","RVAL475419","barry white","RVAR000106","2003","","7","canonical_album_tracks","0.74","","no","yes","no","review_required","no"
"RVTR730750","Injured In The Game Of Love","donnie iris","","34380","No Muss...No Fuss","RVAL154592","donnie iris","RVAR005484","1985","","1","canonical_album_tracks","0.88","","no","yes","no","ok","no"
"RVTR731264","Smile","avril lavigne","","31392","Goodbye Lullaby","RVAL440438","avril lavigne","RVAR004307","2011","","5","canonical_album_tracks","0.88","","no","yes","no","ok","no"
"RVTR731264","Smile","avril lavigne","","31392","Goodbye Lullaby","RVAL440438","avril lavigne","RVAR004307","2011","","11","canonical_track_album_links","105","appears_on","no","yes","no","ok","no"
"RVTR731649","Marcy Me","jay-z","","31811","4:44","RVAL755654","jay-z","RVAR004494","2017","","9","canonical_album_tracks","0.88","","no","yes","no","ok","no"
"RVTR731760","Baggy Trousers","madness","","32879","Absolutely","RVAL525247","madness","RVAR004896","1980","","1","canonical_album_tracks","0.88","","no","yes","no","ok","no"
"RVTR732358","Mine","beyonce","","39118","Beyonce","RVAL283541","beyonce","RVAR006942","2013","","4","canonical_album_tracks","0.95","","no","yes","no","ok","no"
"RVTR732358","Mine","beyonce","","39118","Beyonce","RVAL283541","beyonce","RVAR006942","2013","","13","canonical_track_album_links","105","appears_on","no","yes","no","ok","no"
"RVTR732394","Cut To The Feeling","carly rae jepsen","","30719","E*MO*TION: Side B","RVAL646593","carly rae jepsen","RVAR003992","2016","","1","canonical_album_tracks","0.88","","no","yes","no","ok","no"
"RVTR732499","On A High","duncan sheik","","39157","Daylight","RVAL484699","duncan sheik","RVAR006953","2002","","6","canonical_album_tracks","0.88","","no","yes","no","ok","no"
"RVTR732569","Man Of The Woods","justin timberlake","","28194","Man Of The Woods","RVAL266278","justin timberlake","RVAR002914","2018","","4","canonical_album_tracks","0.88","","no","yes","no","ok","no"
"RVTR732569","Man Of The Woods","justin timberlake","","28194","Man Of The Woods","RVAL266278","justin timberlake","RVAR002914","2018","","8","canonical_track_album_links","105","appears_on","no","yes","no","ok","no"
"RVTR733651","The Village Of St Bernadette","andy williams","","31773","Canadian Sunset","RVAL626572","andy williams","RVAR004489","1965","","7","canonical_album_tracks","0.88","","no","yes","no","ok","no"
"RVTR733728","Love Makes A Woman","barbara acklin","","37555","Love Makes A Woman","RVAL397300","barbara acklin","RVAR006271","1968","","6","canonical_album_tracks","0.88","","no","yes","no","ok","no"
"RVTR734159","Sad","xxxtentacion","","23338","?","RVAL906016","xxxtentacion","RVAR000778","2018","","4","canonical_album_tracks","0.95","","no","yes","no","ok","no"
"RVTR734159","Sad","xxxtentacion","","23338","?","RVAL906016","xxxtentacion","RVAR000778","2018","","9","canonical_track_album_links","105","appears_on","no","yes","no","ok","no"
"RVTR734753","Dance For You","beyonce","","39115","4","RVAL270175","beyonce","RVAR006942","2011","","6","canonical_album_tracks","0.95","","no","yes","no","ok","no"
"RVTR734753","Dance For You","beyonce","","39115","4","RVAL270175","beyonce","RVAR006942","2011","","13","canonical_track_album_links","105","appears_on","no","yes","no","ok","no"
"RVTR736146","The Bad Touch","bloodhound gang","","32423","Hooray For Boobies","RVAL944678","bloodhound gang","RVAR004706","2000","","10","canonical_album_tracks","0.88","","no","yes","no","ok","no"
"RVTR736146","The Bad Touch","bloodhound gang","","32423","Hooray For Boobies","RVAL944678","bloodhound gang","RVAR004706","2000","","17","canonical_track_album_links","105","appears_on","no","yes","no","ok","no"
"RVTR737231","Carlene","phil vassar","","34309","Greatest Hits Volume 1","RVAL079761","phil vassar","RVAR005444","2006","","3","canonical_album_tracks","0.88","","no","yes","no","ok","no"
"RVTR737657","Ajax Liquor Store","hudson and landry","","29794","Hanging In There","RVAL943353","hudson and landry","RVAR003556","1971","","1","canonical_album_tracks","0.88","","no","yes","no","ok","no"
"RVTR738033","Knock You Down","keri hilson","","30552","In A Perfect World...","RVAL347097","keri hilson","RVAR003887","2009","","5","canonical_album_tracks","0.88","","no","yes","no","ok","no"
"RVTR738033","Knock You Down","keri hilson","","30552","In A Perfect World...","RVAL347097","keri hilson","RVAR003887","2009","","11","canonical_track_album_links","105","appears_on","no","yes","no","ok","no"
"RVTR738276","Ten Feet Tall","afrojack","","24217","Forget The World","RVAL504445","afrojack","RVAR001107","2014","","1","canonical_album_tracks","0.88","","no","yes","no","ok","no"
"RVTR738276","Ten Feet Tall","afrojack","","24217","Forget The World","RVAL504445","afrojack","RVAR001107","2014","","5","canonical_track_album_links","105","appears_on","no","yes","no","ok","no"
"RVTR739829","Love On Top","beyonce","","39115","4","RVAL270175","beyonce","RVAR006942","2011","","2","canonical_album_tracks","0.95","","no","yes","no","ok","no"
"RVTR739829","Love On Top","beyonce","","39115","4","RVAL270175","beyonce","RVAR006942","2011","","3","canonical_track_album_links","105","appears_on","no","yes","no","ok","no"
"RVTR740751","Le Spank","le pamplemousse","","23381","Le Spank","RVAL015849","le pamplemousse","RVAR000810","1978","","1","canonical_album_tracks","0.88","","no","yes","no","ok","no"
"RVTR740800","Motorcycle Patches","huncho jack","","40183","Huncho Jack, Jack Huncho","RVAL042567","huncho jack","RVAR007531","2018","","4","canonical_album_tracks","0.88","","no","yes","no","ok","no"
"RVTR740800","Motorcycle Patches","huncho jack","","40183","Huncho Jack, Jack Huncho","RVAL042567","huncho jack","RVAR007531","2018","","13","canonical_track_album_links","105","appears_on","no","yes","no","ok","no"
"RVTR741172","Too Close","alex clare","","39494","The Lateness Of The Hour","RVAL575425","alex clare","RVAR007136","2012","","4","canonical_track_album_links","105","appears_on","no","yes","no","ok","yes"
"RVTR742527","Orange Skies","love","","40176","Revisited","RVAL149083","love","RVAR007520","1970","","6","canonical_album_tracks","0.88","","no","yes","no","ok","no"
"RVTR744368","7 And 7 Is","love","","40176","Revisited","RVAL149083","love","RVAR007520","1970","","5","canonical_album_tracks","0.88","","no","yes","no","ok","no"
"RVTR745173","Breezin'","george benson","","29271","The Greatest Hits Of All","RVAL041051","george benson","RVAR003391","2003","","2","canonical_album_tracks","0.88","","no","yes","no","ok","no"
"RVTR745309","Ginza","j balvin","","30192","Energia","RVAL912158","j balvin","RVAR003749","2016","","6","canonical_track_album_links","105","appears_on","no","yes","no","ok","yes"
"RVTR746535","Island Of Lost Souls","blondie","","24700","The Hunter","RVAL550789","blondie","RVAR001319","1982","","2","canonical_album_tracks","0.88","","no","yes","no","ok","no"
"RVTR747219","I Can Survive","triumph","","26532","Progressions Of Power","RVAL493646","triumph","RVAR002177","1980","","2","canonical_album_tracks","0.88","","no","yes","no","ok","no"
"RVTR747219","I Can Survive","triumph","","26532","Progressions Of Power","RVAL493646","triumph","RVAR002177","1980","","9","canonical_track_album_links","105","appears_on","no","yes","no","ok","no"
"RVTR748642","Rusty Bells","brenda lee","","30772","Bye Bye Blues","RVAL569128","brenda lee","RVAR004025","1966","","10","canonical_album_tracks","0.88","","no","yes","no","ok","no"
"RVTR748982","Lazarus","david bowie","","22177","Blackstar","RVAL607895","david bowie","RVAR000175","2016","","5","canonical_album_tracks","0.74","","no","yes","no","review_required","no"
"RVTR749298","The Very Best In You","change","","23222","Sharing Your Love","RVAL000753","change","RVAR000720","1982","","1","canonical_album_tracks","0.88","","no","yes","no","ok","no"
"RVTR750240","Slam","onyx","","27049","Bacdafucup: Part II","RVAL064463","onyx","RVAR002392","2002","","3","canonical_track_album_links","105","appears_on","no","yes","no","ok","no"
"RVTR750240","Slam","onyx","","27049","Bacdafucup: Part II","RVAL064463","onyx","RVAR002392","2002","","12","canonical_album_tracks","0.86","","no","yes","no","ok","no"
"RVTR750362","Do The Evolution","pearl jam","","23023","Yield","RVAL693697","pearl jam","RVAR000602","1998","","7","canonical_album_tracks","0.88","","no","yes","no","ok","no"
"RVTR751851","Call Me","tweet","","34849","Southern Hummingbird","RVAL257424","tweet","RVAR005697","2002","","7","canonical_track_album_links","105","appears_on","no","yes","no","ok","no"
"RVTR751851","Call Me","tweet","","34849","Southern Hummingbird","RVAL257424","tweet","RVAR005697","2002","","11","canonical_album_tracks","0.86","","no","yes","no","ok","no"
"RVTR755763","A House Is Not A Motel","love","","40172","Forever Changes","RVAL806349","love","RVAR007520","1968","","2","canonical_album_tracks","0.88","","no","yes","no","ok","no"
"RVTR756349","Will You Love Me Tomorrow","melanie","","37741","Madrugada","RVAL220127","melanie","RVAR006333","1974","","6","canonical_album_tracks","1.0","","no","yes","no","curated","no"
"RVTR757339","Maybe I Deserve","tank","","32456","Force Of Nature","RVAL589984","tank","RVAR004731","2001","","3","canonical_album_tracks","0.88","","no","yes","no","ok","no"
"RVTR757631","Feel It Boy","beenie man","","32617","Tropical Storm","RVAL866899","beenie man","RVAR004817","2002","","11","canonical_track_album_links","105","appears_on","no","yes","no","ok","yes"
"RVTR760484","Boogie Woogie Dancin' Shoes","claudja barry","","22750","Boogie Woogie Dancin' Shoes","RVAL391663","claudja barry","RVAR000469","1979","","1","canonical_album_tracks","1.0","","no","yes","no","curated","no"
"RVTR762667","Safe And Sound","capital cities","","37809","In A Tidal Wave Of Mystery","RVAL663976","capital cities","RVAR006415","2013","","1","canonical_album_tracks","0.88","","no","yes","no","ok","no"
"RVTR762667","Safe And Sound","capital cities","","37809","In A Tidal Wave Of Mystery","RVAL663976","capital cities","RVAR006415","2013","","14","canonical_track_album_links","105","appears_on","no","yes","no","ok","no"
"RVTR762852","Don'T Push It Don'T Force It","leon haywood","","27723","Naturally","RVAL009205","leon haywood","RVAR002732","1980","","1","canonical_album_tracks","0.88","","no","yes","no","ok","no"
"RVTR763322","Sounds Like Life To Me","darryl worley","","35108","Sounds Like Life","RVAL433865","darryl worley","RVAR005810","2009","","4","canonical_album_tracks","0.88","","no","yes","no","ok","no"
"RVTR763322","Sounds Like Life To Me","darryl worley","","35108","Sounds Like Life","RVAL433865","darryl worley","RVAR005810","2009","","6","canonical_track_album_links","105","appears_on","no","yes","no","ok","no"
"RVTR763847","Whatever Happened To Old Fashioned Love","b.j. thomas","","27223","New Looks","RVAL533254","b.j. thomas","RVAR002458","1983","","6","canonical_album_tracks","0.88","","no","yes","no","ok","no"
"RVTR764132","London Town","wings","","26911","London Town","RVAL671462","wings","RVAR002344","1978","","1","canonical_album_tracks","0.88","","no","yes","no","ok","no"
"RVTR765363","No Matter What","papa roach","","33945","Time For Annihilation ... On The Record & On The Road","RVAL793557","papa roach","RVAR005286","2010","","14","canonical_album_tracks","0.74","","no","yes","no","review_required","no"
"RVTR765652","She Twerkin","Ca$h Out","","42677","Let's Get It","RVAL413430","Ca$h Out","RVAR008628","2014","","2","canonical_album_tracks","0.88","","no","yes","no","ok","no"
"RVTR765652","She Twerkin","Ca$h Out","","42677","Let's Get It","RVAL413430","Ca$h Out","RVAR008628","2014","","6","canonical_track_album_links","105","appears_on","no","yes","no","ok","no"
"RVTR768037","Michael Caine","madness","","32880","Keep Moving","RVAL984358","madness","RVAR004896","1984","","2","canonical_album_tracks","0.88","","no","yes","no","ok","no"
"RVTR768069","Animal","neon trees","","35172","Habits","RVAL718272","neon trees","RVAR005855","2010","","3","canonical_track_album_links","105","appears_on","no","yes","no","ok","yes"
"RVTR768629","Calling All Girls","queen","","33636","Hot Space","RVAL875362","queen","RVAR005166","1982","","8","canonical_album_tracks","0.88","","no","yes","no","ok","no"
"RVTR769258","Church","bob welch","","23333","Three Hearts","RVAL334112","bob welch","RVAR000772","1979","","3","canonical_track_album_links","105","appears_on","no","yes","no","ok","no"
"RVTR769258","Church","bob welch","","23333","Three Hearts","RVAL334112","bob welch","RVAR000772","1979","","8","canonical_album_tracks","0.88","","no","yes","no","ok","no"
"RVTR770134","Once Upon A Time","marvin gaye","","23731","Marvin Gaye And His Girls","RVAL163241","marvin gaye","RVAR000918","1969","","1","canonical_album_tracks","0.88","","no","yes","no","ok","no"
"RVTR770387","When Will I Be Famous","bros","","31852","Push","RVAL975541","bros","RVAR004508","1988","","1","canonical_album_tracks","0.88","","no","yes","no","ok","no"
"RVTR770387","When Will I Be Famous","bros","","31852","Push","RVAL975541","bros","RVAR004508","1988","","3","canonical_track_album_links","105","appears_on","no","yes","no","ok","no"
"RVTR770731","No One Better Than You","petula clark","","33858","I Couldn't Live Without Your Love","RVAL457952","petula clark","RVAR005240","1966","","16","canonical_album_tracks","0.86","","no","yes","no","ok","no"
"RVTR770731","No One Better Than You","petula clark","","33858","I Couldn't Live Without Your Love","RVAL457952","petula clark","RVAR005240","1966","","33","canonical_track_album_links","105","appears_on","no","yes","no","ok","no"
"RVTR771300","Someone","el debarge","","29750","El DeBarge","RVAL791311","el debarge","RVAR003539","1986","","4","canonical_album_tracks","0.88","","no","yes","no","ok","no"
"RVTR771597","Juicebox","The Strokes","","41338","First Impressions Of Earth","RVAL577495","The Strokes","RVAR007975","2006","","2","canonical_album_tracks","0.88","","no","yes","no","ok","no"
"RVTR771597","Juicebox","The Strokes","","41338","First Impressions Of Earth","RVAL577495","The Strokes","RVAR007975","2006","","7","canonical_track_album_links","105","appears_on","no","yes","no","ok","no"
"RVTR771600","If You Need Me","wilson pickett","","30984","Mr. Magic Man","RVAL016637","wilson pickett","RVAR004119","1973","","8","canonical_album_tracks","0.88","","no","yes","no","ok","no"
"RVTR772141","Waltzing Along","james","","28141","Whiplash","RVAL264731","james","RVAR002887","1997","","3","canonical_album_tracks","0.88","","no","yes","no","ok","no"
"RVTR773609","It'S Ecstasy When You Lay Down Next To Me","barry white","","21948","The Best Of Barry White: 20th Century Masters The Millennium Collection","RVAL475419","barry white","RVAR000106","2003","","15","canonical_album_tracks","0.74","","no","yes","no","review_required","no"
"RVTR773784","Ain'T It A Shame","major lance","","37389","Major's Greatest Hits","RVAL091433","major lance","RVAR006156","1965","","7","canonical_album_tracks","0.88","","no","yes","no","ok","no"
"RVTR774413","Labios Compartidos","mana","","25530","Amar Es Combatir","RVAL066929","mana","RVAR001662","2006","","2","canonical_track_album_links","105","appears_on","no","yes","no","ok","yes"
"RVTR774413","Labios Compartidos","mana","","25530","Amar Es Combatir","RVAL066929","mana","RVAR001662","2006","","13","canonical_album_tracks","0.74","","no","yes","no","review_required","no"
"RVTR774643","Going Through The Motions","hot chocolate","","24705","Going Through The Motions","RVAL385126","hot chocolate","RVAR001324","1979","","1","canonical_album_tracks","0.88","","no","yes","no","ok","no"
"RVTR775418","Keep On Smilin'","wet willie","","34828","Left Coast Live","RVAL914166","wet willie","RVAR005690","1977","","10","canonical_album_tracks","0.88","","no","yes","no","ok","no"
"RVTR775675","One","adam lambert","","26243","Season 8 Favorite Performances","RVAL865362","adam lambert","RVAR001979","2009","","7","canonical_album_tracks","0.88","","no","yes","no","ok","no"
"RVTR776396","Der Kommissar","after the fire","","29003","Atf","RVAL220448","after the fire","RVAR003280","1983","","10","canonical_album_tracks","0.88","","no","yes","no","ok","no"
"RVTR776505","Lightning Crashes","live","","24244","Throwing Copper","RVAL605359","live","RVAR001117","1994","","6","canonical_album_tracks","0.74","","no","yes","no","review_required","no"
"RVTR776505","Lightning Crashes","live","","24237","Awake: The Best Of Live","RVAL046748","live","RVAR001117","2004","","9","canonical_album_tracks","0.74","","no","yes","no","review_required","no"
"RVTR776898","Wipeout","fat boys","","24190","Fat Boys","RVAL751043","fat boys","RVAR001092","1985","","13","canonical_album_tracks","0.74","","no","yes","no","review_required","no"
"RVTR779108","My Flash On You","love","","40174","Love","RVAL078030","love","RVAR007520","1966","","4","canonical_album_tracks","0.88","","no","yes","no","ok","no"
"RVTR779740","Sara","bill champlin","","28217","Runaway","RVAL799686","bill champlin","RVAR002926","1982","","3","canonical_album_tracks","0.88","","no","yes","no","ok","no"
"RVTR779740","Sara","bill champlin","","28217","Runaway","RVAL799686","bill champlin","RVAR002926","1982","","8","canonical_track_album_links","105","appears_on","no","yes","no","ok","no"
"RVTR779743","Be Good To Me Baby","luther ingram","","26110","I've Been Here All The Time","RVAL448847","luther ingram","RVAR001934","1972","","9","canonical_album_tracks","0.88","","no","yes","no","ok","no"
"RVTR780205","All My Love","queen pen","","30208","My Melody","RVAL358265","queen pen","RVAR003755","1998","","2","canonical_track_album_links","105","appears_on","no","yes","no","ok","no"
"RVTR780205","All My Love","queen pen","","30208","My Melody","RVAL358265","queen pen","RVAR003755","1998","","4","canonical_album_tracks","0.88","","no","yes","no","ok","no"
"RVTR780328","How Much Is Enough","The Fixx","","43027","Ink","RVAL378729","The Fixx","RVAR008826","1991","","2","canonical_album_tracks","0.88","","no","yes","no","ok","no"
"RVTR780328","How Much Is Enough","The Fixx","","43027","Ink","RVAL378729","The Fixx","RVAR008826","1991","","9","canonical_track_album_links","105","appears_on","no","yes","no","ok","no"
"RVTR780633","Last Dayz","onyx","","27047","All We Got Iz Us","RVAL522088","onyx","RVAR002392","1995","","2","canonical_album_tracks","0.88","","no","yes","no","ok","no"
"RVTR780633","Last Dayz","onyx","","27047","All We Got Iz Us","RVAL522088","onyx","RVAR002392","1995","","13","canonical_track_album_links","105","appears_on","no","yes","no","ok","no"
"RVTR781030","Supplies","justin timberlake","","28194","Man Of The Woods","RVAL266278","justin timberlake","RVAR002914","2018","","7","canonical_album_tracks","0.88","","no","yes","no","ok","no"
"RVTR781030","Supplies","justin timberlake","","28194","Man Of The Woods","RVAL266278","justin timberlake","RVAR002914","2018","","13","canonical_track_album_links","105","appears_on","no","yes","no","ok","no"
"RVTR781193","Teachme","musiq soulchild","","22400","Luvanmusiq","RVAL369876","musiq soulchild","RVAR000273","2007","","3","canonical_track_album_links","105","appears_on","no","yes","no","ok","yes"
"RVTR781316","The Last Time I Made Love","joyce kennedy","","28919","Lookin' For Trouble","RVAL805183","joyce kennedy","RVAR003225","1984","","8","canonical_album_tracks","0.88","","no","yes","no","ok","no"
"RVTR785506","Panda","desiigner","","35500","New English","RVAL305627","desiigner","RVAR005981","2016","","10","canonical_track_album_links","105","appears_on","no","yes","no","ok","no"
"RVTR785506","Panda","desiigner","","35500","New English","RVAL305627","desiigner","RVAR005981","2016","","11","canonical_album_tracks","0.86","","no","yes","no","ok","no"
"RVTR785818","Selling The Drama","live","","24244","Throwing Copper","RVAL605359","live","RVAR001117","1994","","12","canonical_album_tracks","0.74","","no","yes","no","review_required","no"
"RVTR785818","Selling The Drama","live","","24237","Awake: The Best Of Live","RVAL046748","live","RVAR001117","2004","","18","canonical_album_tracks","0.74","","no","yes","no","review_required","no"
"RVTR785853","Whirly Girl","oxo","","22279","Oxo","RVAL718590","oxo","RVAR000215","1983","","1","canonical_album_tracks","0.88","","no","yes","no","ok","no"
"RVTR785853","Whirly Girl","oxo","","22279","Oxo","RVAL718590","oxo","RVAR000215","1983","","2","canonical_track_album_links","105","appears_on","no","yes","no","ok","no"
"RVTR788401","Staring Through My Rear View","2pac","","33067","Nu Mixx Klazzics Vol. 2 (Evolution: Duets And Remixes)","RVAL836986","2pac","RVAR004955","2007","","4","canonical_album_tracks","0.88","","no","yes","no","ok","no"
"RVTR790108","2 On","tinashe","","30524","Aquarius","RVAL957250","tinashe","RVAR003884","2014","","5","canonical_album_tracks","0.88","","no","yes","no","ok","no"
"RVTR790340","The Night We Met","lord huron","","37485","Strange Trails","RVAL140053","lord huron","RVAR006227","2015","","1","canonical_track_album_links","105","appears_on","no","yes","no","ok","yes"
"RVTR792487","Tres Delinquentes","delinquent habits","","34298","Delinquent Habits","RVAL749166","delinquent habits","RVAR005440","1996","","1","canonical_album_tracks","0.88","","no","yes","no","ok","no"
"RVTR792487","Tres Delinquentes","delinquent habits","","34298","Delinquent Habits","RVAL749166","delinquent habits","RVAR005440","1996","","4","canonical_track_album_links","105","appears_on","no","yes","no","ok","no"
"RVTR792505","Craziest","naughty by nature","","28701","Poverty's Paradise","RVAL409465","naughty by nature","RVAR003145","1995","","1","canonical_track_album_links","105","appears_on","no","yes","no","ok","no"
"RVTR792505","Craziest","naughty by nature","","28701","Poverty's Paradise","RVAL409465","naughty by nature","RVAR003145","1995","","10","canonical_album_tracks","0.88","","no","yes","no","ok","no"
"RVTR792838","Groove Thang","zhane","","29934","Pronounced Jah-Nay","RVAL528931","zhane","RVAR003610","1994","","6","canonical_track_album_links","105","appears_on","no","yes","no","ok","yes"
"RVTR793451","Venus","The Shocking Blue","","41235","The Shocking Blue","RVAL458110","The Shocking Blue","RVAR007921","1970","","18","canonical_track_album_links","105","appears_on","no","yes","no","ok","yes"
"RVTR794172","Travelin' Soldier","dixie chicks","","37457","The Essential Dixie Chicks","RVAL415154","dixie chicks","RVAR006211","2016","","10","canonical_album_tracks","0.88","","no","yes","no","ok","no"
"RVTR794633","Living For The City","ray charles","","37701","Renaissance","RVAL374329","ray charles","RVAR006319","1975","","1","canonical_album_tracks","0.88","","no","yes","no","ok","no"
"RVTR795530","Safe Sound","dj quik","","40493","Safe + Sound","RVAL683445","dj quik","RVAR007677","1995","","4","canonical_album_tracks","0.88","","no","yes","no","ok","no"
"RVTR795530","Safe Sound","dj quik","","40493","Safe + Sound","RVAL683445","dj quik","RVAR007677","1995","","9","canonical_track_album_links","105","appears_on","no","yes","no","ok","no"
"RVTR796347","Heartspark Dollarsign","everclear","","24965","Sparkle And Fade","RVAL423486","everclear","RVAR001420","1996","","6","canonical_track_album_links","105","appears_on","no","yes","no","ok","no"
"RVTR796347","Heartspark Dollarsign","everclear","","24965","Sparkle And Fade","RVAL423486","everclear","RVAR001420","1996","","7","canonical_album_tracks","0.88","","no","yes","no","ok","no"
"RVTR796803","Who Do You Think You Are","bo donaldson and the heywoods","","40783","Bo Donaldson And The Heywoods","RVAL336159","bo donaldson and the heywoods","RVAR007754","1974","","2","canonical_album_tracks","0.88","","no","yes","no","ok","no"
"RVTR799252","Stupid Girl","cold","","23376","Year Of The Spider","RVAL578334","cold","RVAR000804","2003","","4","canonical_album_tracks","0.88","","no","yes","no","ok","no"
"RVTR799252","Stupid Girl","cold","","23376","Year Of The Spider","RVAL578334","cold","RVAR000804","2003","","10","canonical_track_album_links","105","appears_on","no","yes","no","ok","no"
"RVTR800065","Electric Avenue","eddy grant","","38341","Killer On The Rampage","RVAL628539","eddy grant","RVAR006582","1983","","1","canonical_album_tracks","0.88","","no","yes","no","ok","no"
"RVTR800851","Sad Sweet Dreamer","sweet sensation","","26573","Sad Sweet Dreamer","RVAL169885","sweet sensation","RVAR002199","1975","","5","canonical_album_tracks","0.88","","no","yes","no","ok","no"
"RVTR802681","A Tear Fell","ray charles","","37702","Sweet & Sour Tears","RVAL239495","ray charles","RVAR006319","1964","","3","canonical_album_tracks","0.88","","no","yes","no","ok","no"
"RVTR803033","I Wanna Do It To You","jerry butler","","31702","Suite For The Single Girl","RVAL305320","jerry butler","RVAR004448","1977","","2","canonical_album_tracks","0.88","","no","yes","no","ok","no"
"RVTR804867","Love Me Again","The John Hall Band","","42464","Search Party","RVAL239272","The John Hall Band","RVAR008533","1983","","13","canonical_track_album_links","105","appears_on","no","yes","no","ok","yes"
"RVTR804974","Roller","april wine","","31011","First Glance","RVAL097993","april wine","RVAR004123","1979","","5","canonical_album_tracks","0.88","","no","yes","no","ok","no"
"RVTR805988","Are You Sure","so","","35640","Horseshoe In The Glove","RVAL753775","so","RVAR006065","1988","","1","canonical_album_tracks","0.88","","no","yes","no","ok","no"
"RVTR806107","Brooklyn Roads","neil diamond","","38431","Hot August Night/NYC: Live From Madison Square Garden","RVAL972416","neil diamond","RVAR006629","2009","","4","canonical_album_tracks","0.74","","no","yes","no","review_required","no"
"RVTR806788","Downtown","mrs. miller","","22779","Mrs. Miller's Greatest Hits","RVAL087895","mrs. miller","RVAR000476","1966","","1","canonical_album_tracks","0.88","","no","yes","no","ok","no"
"RVTR807774","Oh Lonesome Me","don gibson","","26288","I Wrote A Song...","RVAL704066","don gibson","RVAR001987","1963","","7","canonical_album_tracks","0.88","","no","yes","no","ok","no"
"RVTR808174","The Minute You'Re Gone","sonny james","","40062","#1","RVAL170480","sonny james","RVAR007448","1970","","8","canonical_album_tracks","0.74","","no","yes","no","review_required","no"
"RVTR808446","Andmoreagain","love","","40172","Forever Changes","RVAL806349","love","RVAR007520","1968","","3","canonical_album_tracks","0.88","","no","yes","no","ok","no"
"RVTR808446","Andmoreagain","love","","40176","Revisited","RVAL149083","love","RVAR007520","1970","","10","canonical_album_tracks","0.88","","no","yes","no","ok","no"
"RVTR808480","Lover'S Lane","georgio","","29035","Sexappeal","RVAL670697","georgio","RVAR003292","1987","","2","canonical_album_tracks","0.88","","no","yes","no","ok","no"
"RVTR808701","Fool For Love","lord huron","","37485","Strange Trails","RVAL140053","lord huron","RVAR006227","2015","","13","canonical_album_tracks","0.74","","no","yes","no","review_required","no"
"RVTR808834","Getting Away With It","electronic","","40373","Electronic","RVAL152930","electronic","RVAR007621","1991","","5","canonical_album_tracks","0.88","","no","yes","no","ok","no"
"RVTR809033","Love Song","311","","33303","Greatest Hits '93-'03","RVAL566069","311","RVAR005040","2004","","4","canonical_track_album_links","105","appears_on","no","yes","no","ok","no"
"RVTR809033","Love Song","311","","33303","Greatest Hits '93-'03","RVAL566069","311","RVAR005040","2004","","10","canonical_album_tracks","0.88","","no","yes","no","ok","no"
"RVTR809094","Modern Slavery","huncho jack","","40183","Huncho Jack, Jack Huncho","RVAL042567","huncho jack","RVAR007531","2018","","1","canonical_album_tracks","0.88","","no","yes","no","ok","no"
"RVTR809094","Modern Slavery","huncho jack","","40183","Huncho Jack, Jack Huncho","RVAL042567","huncho jack","RVAR007531","2018","","9","canonical_track_album_links","105","appears_on","no","yes","no","ok","no"
"RVTR810468","Manhattan Spiritual","mike post","","22882","Railhead Overture","RVAL693562","mike post","RVAR000539","1975","","2","canonical_album_tracks","0.88","","no","yes","no","ok","no"
"RVTR811710","Lights Down Low","max","","38350","Hell's Kitchen Angel","RVAL591710","max","RVAR006588","2018","","5","canonical_track_album_links","105","appears_on","no","yes","no","ok","yes"
"RVTR812726","Can You Get To That","funkadelic","","29568","Maggot Brain","RVAL143629","funkadelic","RVAR003456","1971","","2","canonical_album_tracks","0.88","","no","yes","no","ok","no"
"RVTR812726","Can You Get To That","funkadelic","","29568","Maggot Brain","RVAL143629","funkadelic","RVAR003456","1971","","8","canonical_track_album_links","105","appears_on","no","yes","no","ok","no"
"RVTR812971","Rap Devil","machine gun kelly","","27362","BINGE","RVAL322363","machine gun kelly","RVAR002522","2018","","4","canonical_album_tracks","0.88","","no","yes","no","ok","no"
"RVTR812971","Rap Devil","machine gun kelly","","27362","BINGE","RVAL322363","machine gun kelly","RVAR002522","2018","","6","canonical_track_album_links","105","appears_on","no","yes","no","ok","no"
"RVTR813524","Girl Of My Dreams","bram tchaikovsky","","31685","Strange Man,changed Man","RVAL381134","bram tchaikovsky","RVAR004440","1979","","5","canonical_album_tracks","0.88","","no","yes","no","ok","no"
"RVTR813997","The Rhythm Of The Night","corona","","22348","Rhythm Of The Night","RVAL628054","corona","RVAR000243","1995","","1","canonical_track_album_links","105","appears_on","no","yes","no","ok","no"
"RVTR814741","Don'T Throw Your Love Away","The Searchers","","42927","This Is Us","RVAL709521","The Searchers","RVAR008753","1964","","1","canonical_album_tracks","0.88","","no","yes","no","ok","no"
"RVTR816185","Haven'T Stopped Dancing Yet","gonzalez","","26294","Shipwrecked","RVAL933468","gonzalez","RVAR001996","1979","","5","canonical_album_tracks","0.88","","no","yes","no","ok","no"
"RVTR816340","Don'T Cry For Me Argentina","festival","","34770","Evita","RVAL429058","festival","RVAR005674","1980","","1","canonical_album_tracks","0.74","","no","yes","no","review_required","no"
"RVTR816340","Don'T Cry For Me Argentina","festival","","34770","Evita","RVAL429058","festival","RVAR005674","1980","","3","canonical_album_tracks","0.74","","no","yes","no","review_required","no"
"RVTR816340","Don'T Cry For Me Argentina","festival","","34770","Evita","RVAL429058","festival","RVAR005674","1980","","11","canonical_album_tracks","0.74","","no","yes","no","review_required","no"
"RVTR816873","4 44","jay-z","","31811","4:44","RVAL755654","jay-z","RVAR004494","2017","","5","canonical_album_tracks","0.88","","no","yes","no","ok","no"
"RVTR818854","The I N C Ride","masta ace incorporated","","39752","Sittin' On Chrome","RVAL293327","masta ace incorporated","RVAR007257","1995","","2","canonical_album_tracks","0.88","","no","yes","no","ok","no"
"RVTR818854","The I N C Ride","masta ace incorporated","","39752","Sittin' On Chrome","RVAL293327","masta ace incorporated","RVAR007257","1995","","9","canonical_track_album_links","105","appears_on","no","yes","no","ok","no"
"RVTR819286","Love Is Like A Rock","donnie iris","","34379","King Cool","RVAL860132","donnie iris","RVAR005484","1981","","4","canonical_album_tracks","0.88","","no","yes","no","ok","no"
"RVTR819571","All Night Long","rainbow","","26676","Down To Earth","RVAL324723","rainbow","RVAR002265","1979","","1","canonical_album_tracks","0.88","","no","yes","no","ok","no"
"RVTR819904","Girls Dem Sugar","beenie man","","32614","Art And Life","RVAL834521","beenie man","RVAR004817","2000","","4","canonical_album_tracks","0.88","","no","yes","no","ok","no"
"RVTR819904","Girls Dem Sugar","beenie man","","32614","Art And Life","RVAL834521","beenie man","RVAR004817","2000","","9","canonical_track_album_links","105","appears_on","no","yes","no","ok","no"
"RVTR820142","Flawless","beyonce","","39118","Beyonce","RVAL283541","beyonce","RVAR006942","2013","","6","canonical_album_tracks","0.95","","no","yes","no","ok","no"
"RVTR820142","Flawless","beyonce","","39118","Beyonce","RVAL283541","beyonce","RVAR006942","2013","","20","canonical_track_album_links","105","appears_on","no","yes","no","ok","no"
"RVTR820770","Holdin' On","tane cain","","26160","Tane Cain","RVAL400153","tane cain","RVAR001969","1982","","2","canonical_album_tracks","0.74","","no","yes","no","review_required","no"
"RVTR821456","Gazing","love","","40174","Love","RVAL078030","love","RVAR007520","1966","","9","canonical_album_tracks","0.88","","no","yes","no","ok","no"
"RVTR821613","Can'T Stay","dave hollister","","29051","Ghetto Hymns","RVAL059819","dave hollister","RVAR003303","1999","","7","canonical_album_tracks","0.88","","no","yes","no","ok","no"
"RVTR821751","Dance For Me","mary j. blige","","25416","No More Drama (2002)","RVAL647491","mary j. blige","RVAR001614","2002","","5","canonical_album_tracks","0.74","","no","yes","no","review_required","no"
"RVTR822275","Girl In Love","The Outsiders","","42743","Happening 'Live!'","RVAL000691","The Outsiders","RVAR008677","1967","","9","canonical_album_tracks","0.88","","no","yes","no","ok","no"
"RVTR823417","Apologize","kris allen","","23989","Season 8 Favorite Performances","RVAL630107","kris allen","RVAR001018","2009","","3","canonical_album_tracks","0.88","","no","yes","no","ok","no"
"RVTR824151","My My My","troye sivan","","30826","Bloom","RVAL059771","troye sivan","RVAR004049","2018","","2","canonical_album_tracks","0.88","","no","yes","no","ok","no"
"RVTR824151","My My My","troye sivan","","30826","Bloom","RVAL059771","troye sivan","RVAR004049","2018","","6","canonical_track_album_links","105","appears_on","no","yes","no","ok","no"
"RVTR824464","Naked","marques houston","","38918","Naked","RVAL139834","marques houston","RVAR006855","2005","","5","canonical_album_tracks","0.88","","no","yes","no","ok","no"
"RVTR824464","Naked","marques houston","","38918","Naked","RVAL139834","marques houston","RVAR006855","2005","","9","canonical_track_album_links","105","appears_on","no","yes","no","ok","no"
"RVTR825163","Missed The Boat","modest mouse","","31907","We Were Dead Before The Ship Even Sank","RVAL965022","modest mouse","RVAR004527","2007","","6","canonical_album_tracks","0.88","","no","yes","no","ok","no"
"RVTR825192","If I Could Go","angie martinez","","34353","Animal House","RVAL702445","angie martinez","RVAR005468","2002","","4","canonical_album_tracks","0.88","","no","yes","no","ok","no"
"RVTR826368","Knock Three Times","dawn","","27395","Candida","RVAL881477","dawn","RVAR002548","1970","","7","canonical_album_tracks","0.88","","no","yes","no","ok","no"
"RVTR826512","My Girl","suave","","24591","I'm Your Playmate","RVAL774020","suave","RVAR001271","1988","","4","canonical_album_tracks","0.88","","no","yes","no","ok","no"
"RVTR826885","Deuces","chris brown","","24564","F.A.M.E.","RVAL659453","chris brown","RVAR001255","2011","","1","canonical_album_tracks","0.88","","no","yes","no","ok","no"
"RVTR827658","Monster Mash","bobby pickett","","25079","The Original Monster Mash","RVAL694134","bobby pickett","RVAR001471","1973","","2","canonical_album_tracks","0.74","","no","yes","no","review_required","no"
"RVTR828048","Three Little Pigs","green jelly","","23116","Cereal Killer Soundtrack","RVAL810709","green jelly","RVAR000656","1993","","9","canonical_track_album_links","105","appears_on","no","yes","no","ok","yes"
"RVTR829444","Whatcha Gone Do","link","","34418","Sex Down","RVAL636607","link","RVAR005500","1998","","3","canonical_album_tracks","1.0","","no","yes","no","curated","no"
"RVTR829444","Whatcha Gone Do","link","","34418","Sex Down","RVAL636607","link","RVAR005500","1998","","4","canonical_track_album_links","105","appears_on","no","yes","no","ok","no"
"RVTR829531","Falling In Love","balance","","33502","Balance","RVAL000704","balance","RVAR005121","1981","","8","canonical_album_tracks","0.88","","no","yes","no","ok","no"
"RVTR829964","Not Fair","lily allen","","40672","It's Not Me, It's You","RVAL846871","lily allen","RVAR007721","2009","","3","canonical_album_tracks","0.88","","no","yes","no","ok","no"
"RVTR830791","Mornin Mornin","bobby goldsboro","","23509","Muddy Mississippi Line","RVAL530877","bobby goldsboro","RVAR000855","1970","","7","canonical_album_tracks","1.0","","no","yes","no","curated","no"
"RVTR831101","Slipping Away","dave edmunds","","25933","Information","RVAL094135","dave edmunds","RVAR001875","1983","","1","canonical_album_tracks","0.88","","no","yes","no","ok","no"
"RVTR834214","Take The Power Back","rage against the machine","","23957","Rage Against The Machine","RVAL028926","rage against the machine","RVAR001013","1993","","2","canonical_album_tracks","0.88","","no","yes","no","ok","no"
"RVTR834232","Love Is All You Need","high inergy","","39333","Turnin' On","RVAL563254","high inergy","RVAR007059","1977","","1","canonical_album_tracks","0.88","","no","yes","no","ok","no"
"RVTR834510","Cherry Pie","warrant","","31619","Cherry Pie","RVAL484218","warrant","RVAR004410","1990","","1","canonical_album_tracks","0.88","","no","yes","no","ok","no"
"RVTR834510","Cherry Pie","warrant","","31619","Cherry Pie","RVAL484218","warrant","RVAR004410","1990","","14","canonical_track_album_links","105","appears_on","no","yes","no","ok","no"
"RVTR837902","Make It Rain","fat joe","","29630","Me, Myself & I","RVAL191803","fat joe","RVAR003474","2006","","4","canonical_track_album_links","105","appears_on","no","yes","no","ok","no"
"RVTR837902","Make It Rain","fat joe","","29630","Me, Myself & I","RVAL191803","fat joe","RVAR003474","2006","","7","canonical_album_tracks","0.88","","no","yes","no","ok","no"
"RVTR838172","Tell Me Why","elvis presley","","40894","A Valentine Gift For You","RVAL013963","elvis presley","RVAR007802","1985","","5","canonical_album_tracks","0.88","","no","yes","no","ok","no"
"RVTR838242","One More Tomorrow","henry gross","","40007","Plug Me Into Something","RVAL818366","henry gross","RVAR007400","1975","","1","canonical_album_tracks","0.88","","no","yes","no","ok","no"
"RVTR839674","Secret Separation","The Fixx","","43032","Walkabout","RVAL465275","The Fixx","RVAR008826","1986","","1","canonical_album_tracks","0.88","","no","yes","no","ok","no"
"RVTR839674","Secret Separation","The Fixx","","43032","Walkabout","RVAL465275","The Fixx","RVAR008826","1986","","9","canonical_track_album_links","105","appears_on","no","yes","no","ok","no"
"RVTR840745","Chelsea Dagger","The Fratellis","","42726","Costello Music","RVAL433683","The Fratellis","RVAR008669","2007","","4","canonical_album_tracks","0.88","","no","yes","no","ok","no"
"RVTR841750","Horse Carriage","cam'ron","","23837","Confessions Of Fire","RVAL506221","cam'ron","RVAR000945","1998","","7","canonical_album_tracks","0.88","","no","yes","no","ok","no"
"RVTR841750","Horse Carriage","cam'ron","","23837","Confessions Of Fire","RVAL506221","cam'ron","RVAR000945","1998","","8","canonical_track_album_links","105","appears_on","no","yes","no","ok","no"
"RVTR842706","Bomdigi","erick sermon","","23165","Double Or Nothing","RVAL177782","erick sermon","RVAR000669","1995","","2","canonical_album_tracks","0.88","","no","yes","no","ok","no"
"RVTR842984","Wanksta","50 cent","","33906","The New Breed","RVAL860030","50 cent","RVAR005271","2003","","5","canonical_album_tracks","0.88","","no","yes","no","ok","no"
"RVTR842984","Wanksta","50 cent","","33906","The New Breed","RVAL860030","50 cent","RVAR005271","2003","","10","canonical_album_tracks","0.88","","no","yes","no","ok","no"
"RVTR843323","Turn Around 5 4 3 2 1","flo rida","","29643","Only 1 Flo Part 1 (EP)","RVAL404316","flo rida","RVAR003490","2010","","6","canonical_album_tracks","1.0","","no","yes","no","curated","no"
"RVTR843602","Mia","bad bunny","","38807","X 100PRE","RVAL154490","bad bunny","RVAR006817","2019","","5","canonical_track_album_links","105","appears_on","no","yes","no","ok","no"
"RVTR843602","Mia","bad bunny","","38807","X 100PRE","RVAL154490","bad bunny","RVAR006817","2019","","11","canonical_album_tracks","0.86","","no","yes","no","ok","no"
"RVTR846272","Mr Too Damn Good","gerald levert","","35339","G","RVAL361865","gerald levert","RVAR005909","2000","","2","canonical_track_album_links","105","appears_on","no","yes","no","ok","no"
"RVTR846272","Mr Too Damn Good","gerald levert","","35339","G","RVAL361865","gerald levert","RVAR005909","2000","","6","canonical_album_tracks","0.88","","no","yes","no","ok","no"
"RVTR847167","If I Say","kingofthehill","","29894","Kingofthehill","RVAL441410","kingofthehill","RVAR003590","1991","","4","canonical_album_tracks","0.88","","no","yes","no","ok","no"
"RVTR848706","Turn The Page","bob seger","","24002","Back In '72","RVAL952384","bob seger","RVAR001023","1973","","5","canonical_album_tracks","0.88","","no","yes","no","ok","no"
"RVTR850166","East West","herman's hermits","","39659","The Best Of Herman's Hermits, Volume III","RVAL331246","herman's hermits","RVAR007212","1968","","6","canonical_album_tracks","0.88","","no","yes","no","ok","no"
"RVTR850631","Angel In Your Arms","hot","","22813","Hot","RVAL999754","hot","RVAR000500","1977","","1","canonical_album_tracks","0.88","","no","yes","no","ok","no"
"RVTR851660","We'Ll Cry Together","maxine brown","","30789","We'll Cry Together","RVAL149537","maxine brown","RVAR004032","1969","","1","canonical_album_tracks","0.88","","no","yes","no","ok","no"
"RVTR852055","Captain Save A Hoe","e-40","","32795","The Mail Man","RVAL320454","e-40","RVAR004871","1993","","6","canonical_album_tracks","0.88","","no","yes","no","ok","no"
"RVTR852055","Captain Save A Hoe","e-40","","32785","The Best Of E-40: Yesterday, Today & Tomorrow","RVAL513160","e-40","RVAR004871","2004","","8","canonical_album_tracks","0.88","","no","yes","no","ok","no"
"RVTR852218","F K Him He'S A Dj","Ke$ha","","41362","I Am The Dance Commander + I Command You To Dance","RVAL459565","Ke$ha","RVAR007993","2011","","8","canonical_album_tracks","0.74","","no","yes","no","review_required","no"
"RVTR852249","Everybody Knows About My Good Thing Pt 1","little johnny taylor","","35462","Little Johnny Taylor","RVAL746040","little johnny taylor","RVAR005958","1963","","16","canonical_track_album_links","105","appears_on","no","yes","no","ok","no"
"RVTR853261","Let'S Go Steady Again","sam cooke","","29596","The Man & His Music","RVAL240095","sam cooke","RVAR003458","1986","","28","canonical_album_tracks","0.74","","no","yes","no","review_required","no"
"RVTR853445","Love Is All Around","The Troggs","","42105","Wild Thing","RVAL281012","The Troggs","RVAR008363","1966","","4","canonical_album_tracks","0.88","","no","yes","no","ok","no"
"RVTR853445","Love Is All Around","The Troggs","","42104","Love Is All Around","RVAL384958","The Troggs","RVAR008363","1968","","1","canonical_album_tracks","0.88","","no","yes","no","ok","no"
"RVTR853445","Love Is All Around","The Troggs","","42104","Love Is All Around","RVAL384958","The Troggs","RVAR008363","1968","","7","canonical_track_album_links","105","appears_on","no","yes","no","ok","no"
"RVTR854302","Smile","jay-z","","31811","4:44","RVAL755654","jay-z","RVAR004494","2017","","3","canonical_album_tracks","0.88","","no","yes","no","ok","no"
"RVTR854537","Follow Me","mary travers","","37733","Mary","RVAL665585","mary travers","RVAR006331","1971","","8","canonical_album_tracks","0.88","","no","yes","no","ok","no"
"RVTR855227","All Because Of You","marques houston","","38918","Naked","RVAL139834","marques houston","RVAR006855","2005","","1","canonical_album_tracks","0.88","","no","yes","no","ok","no"
"RVTR855227","All Because Of You","marques houston","","38918","Naked","RVAL139834","marques houston","RVAR006855","2005","","7","canonical_track_album_links","105","appears_on","no","yes","no","ok","no"
"RVTR855737","Shakedown Cruise","jay ferguson","","21739","Real Life Ain't This Way","RVAL556458","jay ferguson","RVAR000026","1979","","1","canonical_album_tracks","0.88","","no","yes","no","ok","no"
"RVTR855737","Shakedown Cruise","jay ferguson","","21739","Real Life Ain't This Way","RVAL556458","jay ferguson","RVAR000026","1979","","5","canonical_track_album_links","105","appears_on","no","yes","no","ok","no"
"RVTR855851","Can'T Get Enough Of Your Love Babe","barry white","","21948","The Best Of Barry White: 20th Century Masters The Millennium Collection","RVAL475419","barry white","RVAR000106","2003","","1","canonical_album_tracks","0.74","","no","yes","no","review_required","no"
"RVTR857683","Smile","scarface","","37924","The Untouchable","RVAL445179","scarface","RVAR006452","1997","","9","canonical_album_tracks","0.88","","no","yes","no","ok","no"
"RVTR859090","In The Name Of Love","ralph macdonald","","22976","Universal Rhythm","RVAL608680","ralph macdonald","RVAR000585","1984","","1","canonical_album_tracks","0.88","","no","yes","no","ok","no"
"RVTR859150","My Honey And Me","luther ingram","","26110","I've Been Here All The Time","RVAL448847","luther ingram","RVAR001934","1972","","4","canonical_album_tracks","0.88","","no","yes","no","ok","no"
"RVTR860713","What Am I Gonna Do","smith","","25562","Minus-Plus","RVAL273436","smith","RVAR001683","1970","","1","canonical_track_album_links","105","appears_on","no","yes","no","ok","no"
"RVTR860713","What Am I Gonna Do","smith","","25562","Minus-Plus","RVAL273436","smith","RVAR001683","1970","","6","canonical_album_tracks","0.88","","no","yes","no","ok","no"
"RVTR861272","Mr Bojangles","nitty gritty dirt band","","38652","Stars & Stripes Forever","RVAL042229","nitty gritty dirt band","RVAR006724","1974","","11","canonical_album_tracks","0.86","","no","yes","no","ok","no"
"RVTR861790","Wishlist","pearl jam","","23023","Yield","RVAL693697","pearl jam","RVAR000602","1998","","5","canonical_album_tracks","0.88","","no","yes","no","ok","no"
"RVTR864292","What A Wonderful Thing We Have","The Fabulous Rhinestones","","41593","The Fabulous Rhinestones","RVAL706929","The Fabulous Rhinestones","RVAR008087","1972","","6","canonical_album_tracks","0.88","","no","yes","no","ok","no"
"RVTR864969","Bam","jay-z","","31811","4:44","RVAL755654","jay-z","RVAR004494","2017","","7","canonical_album_tracks","0.88","","no","yes","no","ok","no"
"RVTR865675","What U See Is What U Get","xzibit","","24246","40 Dayz & 40 Nightz","RVAL385846","xzibit","RVAR001120","1998","","4","canonical_album_tracks","0.88","","no","yes","no","ok","no"
"RVTR865675","What U See Is What U Get","xzibit","","24246","40 Dayz & 40 Nightz","RVAL385846","xzibit","RVAR001120","1998","","14","canonical_track_album_links","105","appears_on","no","yes","no","ok","no"
"RVTR866909","Singing Cowboy","love","","40173","Four Sail","RVAL370397","love","RVAR007520","1969","","5","canonical_album_tracks","0.88","","no","yes","no","ok","no"
"RVTR867867","Off The Books","The Beatnuts","","42765","Stone Crazy","RVAL316863","The Beatnuts","RVAR008698","1997","","5","canonical_album_tracks","0.88","","no","yes","no","ok","no"
"RVTR868236","I'M Just Too Shy","jermaine jackson","","33553","I Like Your Style","RVAL163609","jermaine jackson","RVAR005141","1981","","2","canonical_album_tracks","0.88","","no","yes","no","ok","no"
"RVTR868651","Ruby Baby","billy ""crash"" craddock","","22849","Rub It In","RVAL386135","billy ""crash"" craddock","RVAR000526","1974","","3","canonical_album_tracks","1.0","","no","yes","no","curated","no"
"RVTR869063","Living On The Edge","jim capaldi","","25836","Fierce Heart","RVAL052460","jim capaldi","RVAR001836","1983","","2","canonical_album_tracks","0.88","","no","yes","no","ok","no"
"RVTR869551","I Go To Pieces","peter and gordon","","23845","I Go To Pieces","RVAL600674","peter and gordon","RVAR000952","1965","","1","canonical_track_album_links","105","appears_on","no","yes","no","ok","no"
"RVTR872269","Rebirth Of Slick Cool Like Dat","digable planets","","30555","Reachin' (A New Refutation Of Time And Space)","RVAL072956","digable planets","RVAR003890","1993","","6","canonical_album_tracks","0.88","","no","yes","no","ok","no"
"RVTR872743","Wyclef Jean","young thug","","34662","JEFFERY","RVAL602397","young thug","RVAR005630","2016","","1","canonical_album_tracks","0.88","","no","yes","no","ok","no"
"RVTR872743","Wyclef Jean","young thug","","34662","JEFFERY","RVAL602397","young thug","RVAR005630","2016","","6","canonical_track_album_links","105","appears_on","no","yes","no","ok","no"
"RVTR873089","Dirty Dawg","nkotb","","22968","Face The Music","RVAL488835","nkotb","RVAR000578","1994","","3","canonical_album_tracks","0.88","","no","yes","no","ok","no"
"RVTR874851","Over The Line","eddie schwartz","","30892","No Refuge","RVAL916375","eddie schwartz","RVAR004075","1982","","6","canonical_album_tracks","0.88","","no","yes","no","ok","no"
"RVTR875256","Oh Daddy","adrian belew","","27946","Mr. Music Head","RVAL919782","adrian belew","RVAR002778","1989","","1","canonical_album_tracks","0.88","","no","yes","no","ok","no"
"RVTR875256","Oh Daddy","adrian belew","","27946","Mr. Music Head","RVAL919782","adrian belew","RVAR002778","1989","","11","canonical_track_album_links","105","appears_on","no","yes","no","ok","no"
"RVTR875295","Sukiyaki","kyu sakamoto","","28719","Sukiyaki And Other Japanese Hits","RVAL671080","kyu sakamoto","RVAR003157","1963","","1","canonical_album_tracks","0.88","","no","yes","no","ok","no"
"RVTR875949","M I L F","fergie","","23097","Double Dutchess","RVAL122183","fergie","RVAR000645","2017","","5","canonical_track_album_links","105","appears_on","no","yes","no","ok","no"
"RVTR875949","M I L F","fergie","","23097","Double Dutchess","RVAL122183","fergie","RVAR000645","2017","","7","canonical_album_tracks","0.88","","no","yes","no","ok","no"
"RVTR876204","El Amante","nicky jam","","26355","Fenix","RVAL642110","nicky jam","RVAR002034","2017","","11","canonical_track_album_links","105","appears_on","no","yes","no","ok","yes"
"RVTR876537","Tonight Tonight","bill champlin","","28217","Runaway","RVAL799686","bill champlin","RVAR002926","1982","","1","canonical_track_album_links","105","appears_on","no","yes","no","ok","no"
"RVTR876537","Tonight Tonight","bill champlin","","28217","Runaway","RVAL799686","bill champlin","RVAR002926","1982","","4","canonical_album_tracks","0.88","","no","yes","no","ok","no"
"RVTR876641","Satisfaction","eve","","32082","Eve-olution","RVAL630295","eve","RVAR004612","2002","","2","canonical_track_album_links","105","appears_on","no","yes","no","ok","no"
"RVTR876641","Satisfaction","eve","","32082","Eve-olution","RVAL630295","eve","RVAR004612","2002","","8","canonical_album_tracks","0.88","","no","yes","no","ok","no"
"RVTR876725","That'S The Way","katrina and the waves","","34860","Break Of Hearts","RVAL145051","katrina and the waves","RVAR005711","1989","","3","canonical_album_tracks","0.88","","no","yes","no","ok","no"
"RVTR876930","She Belongs To Me","rick nelson","","24800","Rick Nelson In Concert","RVAL531848","rick nelson","RVAR001366","1970","","5","canonical_album_tracks","0.88","","no","yes","no","ok","no"
"RVTR877165","So Fine","sean paul","","32727","Imperial Blaze","RVAL075349","sean paul","RVAR004847","2009","","3","canonical_album_tracks","0.88","","no","yes","no","ok","no"
"RVTR877165","So Fine","sean paul","","32727","Imperial Blaze","RVAL075349","sean paul","RVAR004847","2009","","13","canonical_track_album_links","105","appears_on","no","yes","no","ok","no"
"RVTR877782","Heart","neneh cherry","","37999","Raw Like Sushi","RVAL275264","neneh cherry","RVAR006479","1989","","7","canonical_album_tracks","0.88","","no","yes","no","ok","no"
"RVTR877782","Heart","neneh cherry","","37999","Raw Like Sushi","RVAL275264","neneh cherry","RVAR006479","1989","","14","canonical_track_album_links","105","appears_on","no","yes","no","ok","no"
"RVTR878327","Check","young thug","","34659","Barter 6","RVAL638535","young thug","RVAR005630","2015","","4","canonical_album_tracks","0.88","","no","yes","no","ok","no"
"RVTR878327","Check","young thug","","34659","Barter 6","RVAL638535","young thug","RVAR005630","2015","","5","canonical_track_album_links","105","appears_on","no","yes","no","ok","no"
"RVTR879373","Hesitate","stone sour","","35433","Audio Secrecy","RVAL931084","stone sour","RVAR005949","2010","","8","canonical_album_tracks","0.88","","no","yes","no","ok","no"
"RVTR879459","And I Love You So","bobby goldsboro","","23507","Come Back Home","RVAL955097","bobby goldsboro","RVAR000855","1971","","2","canonical_album_tracks","0.88","","no","yes","no","ok","no"
"RVTR881345","Cab Driver","The Mills Brothers","","41793","Fortuosity","RVAL455282","The Mills Brothers","RVAR008209","1968","","5","canonical_album_tracks","0.88","","no","yes","no","ok","no"
"RVTR881841","Ready Or Not","lou gramm","","34494","Ready Or Not","RVAL372927","lou gramm","RVAR005543","1987","","1","canonical_album_tracks","0.88","","no","yes","no","ok","no"
"RVTR881841","Ready Or Not","lou gramm","","34494","Ready Or Not","RVAL372927","lou gramm","RVAR005543","1987","","10","canonical_track_album_links","105","appears_on","no","yes","no","ok","no"
"RVTR882232","Popcorn","hot butter","","33412","Popcorn","RVAL573048","hot butter","RVAR005091","1972","","1","canonical_album_tracks","0.88","","no","yes","no","ok","no"
"RVTR882866","You'Re The Only World I Know","sonny james","","40062","#1","RVAL170480","sonny james","RVAR007448","1970","","16","canonical_album_tracks","0.74","","no","yes","no","review_required","no"
"RVTR883298","Woohoo","christina aguilera","","24784","Bionic","RVAL099126","christina aguilera","RVAR001363","2010","","3","canonical_album_tracks","0.88","","no","yes","no","ok","no"
"RVTR883298","Woohoo","christina aguilera","","24784","Bionic","RVAL099126","christina aguilera","RVAR001363","2010","","7","canonical_track_album_links","105","appears_on","no","yes","no","ok","no"
"RVTR885472","No Money","galantis","","25431","The Aviary","RVAL452567","galantis","RVAR001621","2017","","10","canonical_track_album_links","105","appears_on","no","yes","no","ok","no"
"RVTR885472","No Money","galantis","","25431","The Aviary","RVAL452567","galantis","RVAR001621","2017","","11","canonical_album_tracks","0.86","","no","yes","no","ok","no"
"RVTR886813","Under The Influence","vanity","","30683","Skin On Skin","RVAL036793","vanity","RVAR003979","1986","","1","canonical_album_tracks","0.88","","no","yes","no","ok","no"
"RVTR887685","Chante'S Got A Man","chante moore","","40366","This Moment Is Mine","RVAL711541","chante moore","RVAR007617","1999","","13","canonical_album_tracks","0.74","","no","yes","no","review_required","no"
"RVTR887712","If Looks Could Kill","player","","34818","Spies Of Life","RVAL594002","player","RVAR005684","1982","","1","canonical_album_tracks","0.88","","no","yes","no","ok","no"
"RVTR887712","If Looks Could Kill","player","","34818","Spies Of Life","RVAL594002","player","RVAR005684","1982","","3","canonical_track_album_links","105","appears_on","no","yes","no","ok","no"
"RVTR889086","Across The Miles","survivor","","25286","Too Hot To Sleep","RVAL092278","survivor","RVAR001536","1988","","7","canonical_album_tracks","0.88","","no","yes","no","ok","no"
"RVTR889086","Across The Miles","survivor","","25286","Too Hot To Sleep","RVAL092278","survivor","RVAR001536","1988","","8","canonical_track_album_links","105","appears_on","no","yes","no","ok","no"
"RVTR889423","Look At Me","xxxtentacion","","23340","Revenge","RVAL378203","xxxtentacion","RVAR000778","2017","","1","canonical_album_tracks","0.88","","no","yes","no","ok","no"
"RVTR889423","Look At Me","xxxtentacion","","23340","Revenge","RVAL378203","xxxtentacion","RVAR000778","2017","","7","canonical_track_album_links","105","appears_on","no","yes","no","ok","no"
"RVTR889508","That Magic Touch","angel","","26696","On Earth As It Is In Heaven","RVAL745407","angel","RVAR002271","1977","","8","canonical_track_album_links","105","appears_on","no","yes","no","ok","yes"
"RVTR890270","I'M Not In Love","will to power","","39965","Journey Home","RVAL462723","will to power","RVAR007372","1991","","8","canonical_album_tracks","0.88","","no","yes","no","ok","no"
"RVTR891020","Pretty Flamingo","manfred mann","","28839","The Mighty Quinn","RVAL475773","manfred mann","RVAR003196","1968","","2","canonical_album_tracks","0.88","","no","yes","no","ok","no"
"RVTR891249","No More Words","berlin","","38008","Love Life","RVAL313969","berlin","RVAR006483","1984","","9","canonical_album_tracks","0.88","","no","yes","no","ok","no"
"RVTR892403","I Love My Music","wild cherry","","39361","I Love My Music","RVAL239609","wild cherry","RVAR007080","1978","","1","canonical_album_tracks","0.88","","no","yes","no","ok","no"
"RVTR892412","On Top Of Spaghetti","tom glazer and the do-re-mi children's chorus","","21799","On Top Of Spaghetti","RVAL019734","tom glazer and the do-re-mi children's chorus","RVAR000044","1963","","1","canonical_album_tracks","0.88","","no","yes","no","ok","no"
"RVTR893729","If I Were A Carpenter","bob seger","","24010","Smokin' O.P.'s","RVAL514564","bob seger","RVAR001023","1972","","3","canonical_album_tracks","0.88","","no","yes","no","ok","no"
"RVTR894799","One Hit To The Body","The Rolling Stones","","42279","Dirty Work","RVAL605241","The Rolling Stones","RVAR008443","1986","","1","canonical_album_tracks","0.88","","no","yes","no","ok","no"
"RVTR895340","Gotta See Jane","r. dean taylor","","40360","I Think, Therefore I Am","RVAL998290","r. dean taylor","RVAR007613","1971","","1","canonical_album_tracks","0.88","","no","yes","no","ok","no"
"RVTR895485","Mind Playing Tricks On Me","geto boys","","28096","We Can't Be Stopped","RVAL990168","geto boys","RVAR002870","1991","","6","canonical_album_tracks","0.88","","no","yes","no","ok","no"
"RVTR895485","Mind Playing Tricks On Me","geto boys","","28096","We Can't Be Stopped","RVAL990168","geto boys","RVAR002870","1991","","11","canonical_track_album_links","105","appears_on","no","yes","no","ok","no"
"RVTR896205","Simple Song Of Freedom","buckwheat","","39671","Movin' On","RVAL954991","buckwheat","RVAR007220","1972","","2","canonical_album_tracks","0.88","","no","yes","no","ok","no"
"RVTR897796","How Can You Love Me","ambrosia","","21816","Road Island","RVAL118142","ambrosia","RVAR000054","1982","","5","canonical_track_album_links","105","appears_on","no","yes","no","ok","yes"
"RVTR900870","One Foot","walk the moon","","23214","What If Nothing","RVAL254517","walk the moon","RVAR000707","2017","","3","canonical_track_album_links","105","appears_on","no","yes","no","ok","yes"
"RVTR901018","Moonlight","xxxtentacion","","23338","?","RVAL906016","xxxtentacion","RVAR000778","2018","","2","canonical_track_album_links","105","appears_on","no","yes","no","ok","yes"
"RVTR901724","What Is Love","haddaway","","28175","Haddaway","RVAL045851","haddaway","RVAR002899","1994","","1","canonical_album_tracks","0.88","","no","yes","no","ok","no"
"RVTR901724","What Is Love","haddaway","","28175","Haddaway","RVAL045851","haddaway","RVAR002899","1994","","9","canonical_track_album_links","105","appears_on","no","yes","no","ok","no"
"RVTR902948","Porn Star Dancing","my darkest days","","23438","My Darkest Days","RVAL526449","my darkest days","RVAR000830","2010","","2","canonical_album_tracks","0.88","","no","yes","no","ok","no"
"RVTR902948","Porn Star Dancing","my darkest days","","23438","My Darkest Days","RVAL526449","my darkest days","RVAR000830","2010","","9","canonical_track_album_links","105","appears_on","no","yes","no","ok","no"
"RVTR905742","Billy Don'T Be A Hero","paper lace","","22709","Paper Lace","RVAL116523","paper lace","RVAR000430","1974","","2","canonical_album_tracks","0.88","","no","yes","no","ok","no"
"RVTR907296","The Wheel Of Hurt","al martino","","22031","Daddy's Little Girl","RVAL658048","al martino","RVAR000138","1967","","3","canonical_album_tracks","0.88","","no","yes","no","ok","no"
"RVTR907651","When Love Takes Over","david guetta","","29739","One Love","RVAL838074","david guetta","RVAR003525","2009","","1","canonical_album_tracks","0.88","","no","yes","no","ok","no"
"RVTR907762","Midnight Blue","lou gramm","","34494","Ready Or Not","RVAL372927","lou gramm","RVAR005543","1987","","3","canonical_album_tracks","0.88","","no","yes","no","ok","no"
"RVTR907762","Midnight Blue","lou gramm","","34494","Ready Or Not","RVAL372927","lou gramm","RVAR005543","1987","","5","canonical_track_album_links","105","appears_on","no","yes","no","ok","no"
"RVTR908648","New Morning","alpha rev","","28950","New Morning","RVAL289902","alpha rev","RVAR003251","2010","","1","canonical_album_tracks","0.88","","no","yes","no","ok","no"
"RVTR909265","New Americana","halsey","","28428","Badlands","RVAL583923","halsey","RVAR003017","2015","","3","canonical_album_tracks","0.88","","no","yes","no","ok","no"
"RVTR909265","New Americana","halsey","","28428","Badlands","RVAL583923","halsey","RVAR003017","2015","","7","canonical_track_album_links","105","appears_on","no","yes","no","ok","no"
"RVTR909628","Killer Cut","charlie","","27473","Fight Dirty","RVAL452576","charlie","RVAR002608","1979","","1","canonical_album_tracks","0.88","","no","yes","no","ok","no"
"RVTR909628","Killer Cut","charlie","","27473","Fight Dirty","RVAL452576","charlie","RVAR002608","1979","","6","canonical_track_album_links","105","appears_on","no","yes","no","ok","no"
"RVTR909674","Give Me All Your Luvin'","madonna","","24924","MDNA World Tour","RVAL133534","madonna","RVAR001411","2013","","10","canonical_album_tracks","0.88","","no","yes","no","ok","no"
"RVTR910048","Every Day Is Exactly The Same","nine inch nails","","30301","With Teeth","RVAL922133","nine inch nails","RVAR003792","2005","","2","canonical_track_album_links","105","appears_on","no","yes","no","ok","no"
"RVTR910048","Every Day Is Exactly The Same","nine inch nails","","30301","With Teeth","RVAL922133","nine inch nails","RVAR003792","2005","","6","canonical_album_tracks","0.88","","no","yes","no","ok","no"
"RVTR910331","Touch Me","solo","","21927","4 Bruthas & A Bass","RVAL208663","solo","RVAR000103","1998","","1","canonical_album_tracks","0.88","","no","yes","no","ok","no"
"RVTR910331","Touch Me","solo","","21927","4 Bruthas & A Bass","RVAL208663","solo","RVAR000103","1998","","8","canonical_track_album_links","105","appears_on","no","yes","no","ok","no"
"RVTR911434","Smaller Acts","zach bryan","","43471","Zach Bryan","RVAL000005","zach bryan","RVAR006061","2023","","15","canonical_album_tracks","1.0","","no","no","no","curated","no"
"RVTR911713","Talk Shows On Mute","incubus","","28010","A Crow Left Of The Murder...","RVAL211289","incubus","RVAR002822","2004","","4","canonical_album_tracks","0.88","","no","yes","no","ok","no"
"RVTR911713","Talk Shows On Mute","incubus","","28016","Monuments And Melodies","RVAL255543","incubus","RVAR002822","2009","","9","canonical_album_tracks","0.88","","no","yes","no","ok","no"
"RVTR911951","Second Chance","tyler collins","","38556","Girls Nite Out","RVAL194943","tyler collins","RVAR006675","1990","","7","canonical_album_tracks","0.88","","no","yes","no","ok","no"
"RVTR911997","My Pearl","automatic man","","35614","Automatic Man","RVAL214891","automatic man","RVAR006054","1976","","3","canonical_album_tracks","0.88","","no","yes","no","ok","no"
"RVTR912591","The Captain Of Her Heart","double","","22095","Blue","RVAL911336","double","RVAR000154","1986","","3","canonical_album_tracks","0.88","","no","yes","no","ok","no"
"RVTR914425","Woof Woof","69 boyz","","35330","The Wait Is Over","RVAL444289","69 boyz","RVAR005902","1998","","8","canonical_track_album_links","105","appears_on","no","yes","no","ok","yes"
"RVTR915600","Lay Me Down","The Dirty Heads","","42137","Any Port In A Storm","RVAL113903","The Dirty Heads","RVAR008372","2010","","1","canonical_album_tracks","0.88","","no","yes","no","ok","no"
"RVTR916013","Around The World La La La La La","atc","","27521","Planet Pop","RVAL675119","atc","RVAR002630","2001","","2","canonical_album_tracks","0.88","","no","yes","no","ok","no"
"RVTR916629","Do You Wanna Ride","reel tight","","24545","Back To The Real","RVAL963248","reel tight","RVAR001249","1999","","1","canonical_album_tracks","0.88","","no","yes","no","ok","no"
"RVTR918866","A Tout Le Monde","megadeth","","39701","Hidden Treasures (EP)","RVAL022039","megadeth","RVAR007244","1995","","4","canonical_album_tracks","0.74","","no","yes","no","review_required","no"
"RVTR921086","You Wear It Well","el debarge","","29750","El DeBarge","RVAL791311","el debarge","RVAR003539","1986","","4","canonical_track_album_links","105","appears_on","no","yes","no","ok","no"
"RVTR921189","Tap The Bottle","young black teenagers","","37822","Dead Enz Kidz Doin' Lifetime Bidz","RVAL938686","young black teenagers","RVAR006427","1993","","2","canonical_album_tracks","0.88","","no","yes","no","ok","no"
"RVTR921189","Tap The Bottle","young black teenagers","","37822","Dead Enz Kidz Doin' Lifetime Bidz","RVAL938686","young black teenagers","RVAR006427","1993","","5","canonical_track_album_links","105","appears_on","no","yes","no","ok","no"
"RVTR921842","I Alone","live","","24244","Throwing Copper","RVAL605359","live","RVAR001117","1994","","5","canonical_album_tracks","0.74","","no","yes","no","review_required","no"
"RVTR921842","I Alone","live","","24237","Awake: The Best Of Live","RVAL046748","live","RVAR001117","2004","","8","canonical_album_tracks","0.74","","no","yes","no","review_required","no"
"RVTR923005","Hold You Down","The Alchemist","","42193","1st Infantry","RVAL135351","The Alchemist","RVAR008406","2004","","9","canonical_track_album_links","105","appears_on","no","yes","no","ok","yes"
"RVTR924398","Sure Lookin'","donny osmond","","34216","Eyes Don't Lie","RVAL634074","donny osmond","RVAR005401","1990","","4","canonical_album_tracks","0.88","","no","yes","no","ok","no"
"RVTR924518","Lift Me Up","yes","","27265","Union","RVAL542572","yes","RVAR002473","1991","","4","canonical_album_tracks","0.88","","no","yes","no","ok","no"
"RVTR925122","Music","john miles","","35008","Rebel","RVAL867794","john miles","RVAR005771","1976","","1","canonical_album_tracks","0.88","","no","yes","no","ok","no"
"RVTR925777","Do You Wanna Make Love","peter mccann","","22804","Peter Mccann","RVAL380690","peter mccann","RVAR000491","1977","","1","canonical_album_tracks","0.88","","no","yes","no","ok","no"
"RVTR927552","You Brought The Woman Out Of Me","hot","","22813","Hot","RVAL999754","hot","RVAR000500","1977","","3","canonical_album_tracks","0.88","","no","yes","no","ok","no"
"RVTR927890","Caught A Lite Sneeze","tori amos","","32474","Boys For Pele","RVAL076820","tori amos","RVAR004743","1996","","7","canonical_album_tracks","0.88","","no","yes","no","ok","no"
"RVTR928288","Whoa Now","b rich","","24986","80 Dimes","RVAL972928","b rich","RVAR001428","2002","","7","canonical_album_tracks","0.88","","no","yes","no","ok","no"
"RVTR928288","Whoa Now","b rich","","24986","80 Dimes","RVAL972928","b rich","RVAR001428","2002","","13","canonical_track_album_links","105","appears_on","no","yes","no","ok","no"
"RVTR929170","Heavy","linkin park","","28981","One More Light","RVAL729501","linkin park","RVAR003267","2017","","6","canonical_album_tracks","0.88","","no","yes","no","ok","no"
"RVTR929298","The Most Beautiful Girl In The World","prince","","38945","The Gold Experience","RVAL628786","prince","RVAR006857","1995","","1","canonical_track_album_links","105","appears_on","no","yes","no","ok","no"
"RVTR929298","The Most Beautiful Girl In The World","prince","","38945","The Gold Experience","RVAL628786","prince","RVAR006857","1995","","7","canonical_album_tracks","0.88","","no","yes","no","ok","no"
"RVTR930261","Catch The Rainbow","rainbow","","26680","On Stage","RVAL795900","rainbow","RVAR002265","1977","","5","canonical_album_tracks","0.88","","no","yes","no","ok","no"
"RVTR930597","These Are The Days","o-town","","27397","O2","RVAL754709","o-town","RVAR002551","2002","","2","canonical_album_tracks","0.88","","no","yes","no","ok","no"
"RVTR931229","Maps","yeah yeah yeahs","","30181","Fever To Tell","RVAL004930","yeah yeah yeahs","RVAR003737","2003","","4","canonical_track_album_links","105","appears_on","no","yes","no","ok","no"
"RVTR931229","Maps","yeah yeah yeahs","","30181","Fever To Tell","RVAL004930","yeah yeah yeahs","RVAR003737","2003","","9","canonical_album_tracks","0.88","","no","yes","no","ok","no"
"RVTR933932","I Do Cherish You","98 degrees","","30371","98 Degrees And Rising","RVAL584714","98 degrees","RVAR003817","1998","","4","canonical_album_tracks","0.74","","no","yes","no","review_required","no"
"RVTR934130","Help Me Girl","The Outsiders","","42743","Happening 'Live!'","RVAL000691","The Outsiders","RVAR008677","1967","","8","canonical_album_tracks","0.88","","no","yes","no","ok","no"
"RVTR934499","Mint Car","The Cure","","42162","Wild Mood Swings","RVAL922693","The Cure","RVAR008379","1996","","6","canonical_album_tracks","0.88","","no","yes","no","ok","no"
"RVTR934516","Stayin' Alive","bee gees","","24093","Bee Gees: Opus Collection","RVAL831363","bee gees","RVAR001053","2010","","8","canonical_album_tracks","0.74","","no","yes","no","review_required","no"
"RVTR934516","Stayin' Alive","bee gees","","24093","Bee Gees: Opus Collection","RVAL831363","bee gees","RVAR001053","2010","","23","canonical_album_tracks","0.74","","no","yes","no","review_required","no"
"RVTR935318","Whitehouse Road","tyler childers","","39468","Purgatory","RVAL750534","tyler childers","RVAR007118","2017","","5","canonical_album_tracks","0.88","","no","yes","no","ok","no"
"RVTR935932","Fly Little White Dove Fly","The Bells","","41911","Fly, Little White Dove, Fly","RVAL065798","The Bells","RVAR008261","1971","","1","canonical_album_tracks","1.0","","no","yes","no","curated","no"
"RVTR937846","The Flyer","saga","","34972","Heads Or Tales","RVAL542220","saga","RVAR005764","1983","","1","canonical_album_tracks","0.88","","no","yes","no","ok","no"
"RVTR938683","I Love You Because","elvis presley","","40966","King Of Rock 'N' Roll - The Complete '50's Masters","RVAL176654","elvis presley","RVAR007802","1992","","31","canonical_album_tracks","0.74","","no","yes","no","review_required","no"
"RVTR938991","Black Stations White Stations","m + m","","39789","Mystery Walk","RVAL361980","m + m","RVAR007282","1984","","1","canonical_album_tracks","0.88","","no","yes","no","ok","no"
"RVTR941543","It'S Getting Better","mama cass","","40326","Mama's Big Ones","RVAL561348","mama cass","RVAR007596","1971","","10","canonical_album_tracks","0.74","","no","yes","no","review_required","no"
"RVTR941684","Tell Me","bobby valentino","","32394","Disturbing Tha Peace Presents Bobby Valentino","RVAL032635","bobby valentino","RVAR004701","2005","","17","canonical_track_album_links","105","appears_on","no","yes","no","ok","yes"
"RVTR942567","Today'S The Day","america","","28226","Hideaway","RVAL034030","america","RVAR002928","1976","","10","canonical_album_tracks","0.88","","no","yes","no","ok","no"
"RVTR943221","Overtime","zach bryan","","43471","Zach Bryan","RVAL000005","zach bryan","RVAR006061","2023","","2","canonical_album_tracks","1.0","","no","no","no","curated","no"
"RVTR943582","Twisted","gorilla zoe","","37975","King Kong","RVAL282775","gorilla zoe","RVAR006467","2011","","10","canonical_album_tracks","0.88","","no","yes","no","ok","no"
"RVTR945737","Look At Me Now","chris brown","","24564","F.A.M.E.","RVAL659453","chris brown","RVAR001255","2011","","4","canonical_album_tracks","0.88","","no","yes","no","ok","no"
"RVTR945928","What Am I Living For","ray charles","","37705","Volcanic Action Of My Soul","RVAL449965","ray charles","RVAR006319","1971","","2","canonical_album_tracks","0.88","","no","yes","no","ok","no"
"RVTR946036","Nothing To Gein","mudvayne","","34546","L.D. 50","RVAL288329","mudvayne","RVAR005580","2000","","8","canonical_album_tracks","0.88","","no","yes","no","ok","no"
"RVTR948238","Yes I'M Ready","teri desario","","33220","Moonlight Madness","RVAL271176","teri desario","RVAR005019","1980","","9","canonical_album_tracks","0.88","","no","yes","no","ok","no"
"RVTR949614","Nine In The Afternoon","panic! at the disco","","30833","Pretty.Odd.","RVAL046637","panic! at the disco","RVAR004050","2008","","2","canonical_album_tracks","0.88","","no","yes","no","ok","no"
"RVTR949775","What Good Am I Without You","marvin gaye","","23731","Marvin Gaye And His Girls","RVAL163241","marvin gaye","RVAR000918","1969","","9","canonical_album_tracks","0.88","","no","yes","no","ok","no"
"RVTR949862","Precious Love","bob welch","","23333","Three Hearts","RVAL334112","bob welch","RVAR000772","1979","","7","canonical_album_tracks","0.88","","no","yes","no","ok","no"
"RVTR949862","Precious Love","bob welch","","23333","Three Hearts","RVAL334112","bob welch","RVAR000772","1979","","9","canonical_track_album_links","105","appears_on","no","yes","no","ok","no"
"RVTR950609","All Of My Days","changing faces","","39776","All Day, All Night","RVAL169777","changing faces","RVAR007265","1997","","7","canonical_album_tracks","0.88","","no","yes","no","ok","no"
"RVTR952481","Little Willy","poison","","25191","POISON'D!","RVAL597782","poison","RVAR001497","2007","","1","canonical_album_tracks","0.88","","no","yes","no","ok","no"
"RVTR952863","Good Stuff","The B-52s","","42642","Good Stuff","RVAL580690","The B-52s","RVAR008614","1992","","3","canonical_album_tracks","0.88","","no","yes","no","ok","no"
"RVTR952863","Good Stuff","The B-52s","","42642","Good Stuff","RVAL580690","The B-52s","RVAR008614","1992","","7","canonical_track_album_links","105","appears_on","no","yes","no","ok","no"
"RVTR953065","Love Crazy","atlantic starr","","32177","Love Crazy","RVAL252464","atlantic starr","RVAR004650","1992","","3","canonical_album_tracks","0.88","","no","yes","no","ok","no"
"RVTR953065","Love Crazy","atlantic starr","","32177","Love Crazy","RVAL252464","atlantic starr","RVAR004650","1992","","7","canonical_track_album_links","105","appears_on","no","yes","no","ok","no"
"RVTR953149","Dancin' In The Streets","teri desario","","33220","Moonlight Madness","RVAL271176","teri desario","RVAR005019","1980","","5","canonical_album_tracks","0.88","","no","yes","no","ok","no"
"RVTR954473","Act Up","city girls","","30284","Girl Code","RVAL674363","city girls","RVAR003780","2018","","7","canonical_track_album_links","105","appears_on","no","yes","no","ok","yes"
"RVTR954552","Hotel","kid ink","","26595","Full Speed","RVAL486396","kid ink","RVAR002218","2015","","5","canonical_album_tracks","0.88","","no","yes","no","ok","no"
"RVTR954552","Hotel","kid ink","","26595","Full Speed","RVAL486396","kid ink","RVAR002218","2015","","15","canonical_track_album_links","105","appears_on","no","yes","no","ok","no"
"RVTR954824","De Do Do Do De Da Da Da","The Police","","42550","Message In A Box: The Complete Recordings","RVAL716303","The Police","RVAR008576","1993","","12","canonical_album_tracks","0.86","","no","yes","no","ok","no"
"RVTR955033","Hold Tight","change","","23221","Miracles","RVAL830937","change","RVAR000720","1981","","2","canonical_album_tracks","0.88","","no","yes","no","ok","no"
"RVTR955033","Hold Tight","change","","23221","Miracles","RVAL830937","change","RVAR000720","1981","","5","canonical_track_album_links","105","appears_on","no","yes","no","ok","no"
"RVTR955123","Georgia","ludacris","","24200","Ludacris Presents: Incognegro","RVAL682622","ludacris","RVAR001100","2000","","7","canonical_track_album_links","105","appears_on","no","yes","no","ok","yes"
"RVTR957294","Sirens","pearl jam","","23002","Lightning Bolt","RVAL456831","pearl jam","RVAR000602","2013","","3","canonical_track_album_links","105","appears_on","no","yes","no","ok","no"
"RVTR957294","Sirens","pearl jam","","23002","Lightning Bolt","RVAL456831","pearl jam","RVAR000602","2013","","4","canonical_album_tracks","0.88","","no","yes","no","ok","no"
"RVTR957348","Bad Luck","The Atlanta Disco Band","","41731","Bad Luck","RVAL955760","The Atlanta Disco Band","RVAR008163","1976","","1","canonical_album_tracks","0.88","","no","yes","no","ok","no"
"RVTR957375","Eleanor Rigby","ray charles","","37676","A Portrait Of Ray","RVAL661468","ray charles","RVAR006319","1968","","6","canonical_album_tracks","0.88","","no","yes","no","ok","no"
"RVTR957723","I'M Hurtin'","roy orbison","","38257","Super Hits","RVAL183735","roy orbison","RVAR006555","2011","","8","canonical_album_tracks","0.88","","no","yes","no","ok","no"
"RVTR958055","Rain On The Roof","The Lovin' Spoonful","","42966","Best...lovin' Spoonful","RVAL425182","The Lovin' Spoonful","RVAR008795","1976","","11","canonical_album_tracks","0.74","","no","yes","no","review_required","no"
"RVTR959103","How Do You Do It","gerry and the pacemakers","","35588","Don't Let The Sun Catch You Crying","RVAL836709","gerry and the pacemakers","RVAR006049","1964","","7","canonical_album_tracks","0.88","","no","yes","no","ok","no"
"RVTR959265","Walks Like A Lady","journey","","35595","Departure","RVAL728261","journey","RVAR006050","1980","","2","canonical_album_tracks","0.88","","no","yes","no","ok","no"
"RVTR959385","Working My Way Back To You","The 4 Seasons","","41930","Working My Way Back To You","RVAL547979","The 4 Seasons","RVAR008265","1966","","1","canonical_track_album_links","105","appears_on","no","yes","no","ok","yes"
"RVTR959504","Broken","lovelytheband","","32470","finding it hard to smile","RVAL266899","lovelytheband","RVAR004740","2018","","4","canonical_album_tracks","0.88","","no","yes","no","ok","no"
"RVTR959504","Broken","lovelytheband","","32470","finding it hard to smile","RVAL266899","lovelytheband","RVAR004740","2018","","14","canonical_track_album_links","105","appears_on","no","yes","no","ok","no"
"RVTR960194","He Will Break Your Heart","The Righteous Brothers","","42626","Soul & Inspiration","RVAL828122","The Righteous Brothers","RVAR008606","1966","","2","canonical_album_tracks","0.88","","no","yes","no","ok","no"
"RVTR960194","He Will Break Your Heart","The Righteous Brothers","","42626","Soul & Inspiration","RVAL828122","The Righteous Brothers","RVAR008606","1966","","5","canonical_track_album_links","105","appears_on","no","yes","no","ok","no"
"RVTR961622","Victim Of The Ghetto","The College Boyz","","42980","Radio Fusion Radio","RVAL710515","The College Boyz","RVAR008804","1992","","1","canonical_album_tracks","0.88","","no","yes","no","ok","no"
"RVTR962357","P Control","prince","","38945","The Gold Experience","RVAL628786","prince","RVAR006857","1995","","1","canonical_album_tracks","0.88","","no","yes","no","ok","no"
"RVTR962749","Fight The Power","public enemy","","38985","Power To The People And The Beats: Public Enemy's Greatest Hits","RVAL903485","public enemy","RVAR006881","2005","","8","canonical_album_tracks","0.88","","no","yes","no","ok","no"
"RVTR963095","From His Woman To You","barbara mason","","30167","Love's The Thing","RVAL266199","barbara mason","RVAR003715","1975","","5","canonical_album_tracks","0.88","","no","yes","no","ok","no"
"RVTR963519","Everytime Tha Beat Drop","monica","","31765","The Makings Of Me","RVAL369221","monica","RVAR004486","2006","","1","canonical_album_tracks","0.88","","no","yes","no","ok","no"
"RVTR963519","Everytime Tha Beat Drop","monica","","31765","The Makings Of Me","RVAL369221","monica","RVAR004486","2006","","2","canonical_track_album_links","105","appears_on","no","yes","no","ok","no"
"RVTR965252","Don'T Let Him Know","prism","","29048","Small Change","RVAL743571","prism","RVAR003299","1982","","1","canonical_album_tracks","0.88","","no","yes","no","ok","no"
"RVTR965569","Love Me Or Hate Me","lady sovereign","","25496","Public Warning","RVAL742438","lady sovereign","RVAR001655","2006","","5","canonical_album_tracks","0.88","","no","yes","no","ok","no"
"RVTR965610","Good Times","love","","40173","Four Sail","RVAL370397","love","RVAR007520","1969","","4","canonical_album_tracks","0.88","","no","yes","no","ok","no"
"RVTR965800","Good Times","chic","","21700","Risque","RVAL080882","chic","RVAR000012","1979","","6","canonical_album_tracks","0.74","","no","yes","no","review_required","no"
"RVTR966199","Remember When","alan jackson","","34901","Songs Of Love And Heartache","RVAL257800","alan jackson","RVAR005729","2009","","8","canonical_album_tracks","0.88","","no","yes","no","ok","no"
"RVTR966421","The Sun And The Rain","madness","","32880","Keep Moving","RVAL984358","madness","RVAR004896","1984","","6","canonical_track_album_links","105","appears_on","no","yes","no","ok","no"
"RVTR966421","The Sun And The Rain","madness","","32880","Keep Moving","RVAL984358","madness","RVAR004896","1984","","11","canonical_album_tracks","0.86","","no","yes","no","ok","no"
"RVTR967330","Jump On It","sir mix-a-lot","","39312","Return Of The Bumpasaurus","RVAL316197","sir mix-a-lot","RVAR007038","1996","","6","canonical_track_album_links","105","appears_on","no","yes","no","ok","no"
"RVTR967330","Jump On It","sir mix-a-lot","","39312","Return Of The Bumpasaurus","RVAL316197","sir mix-a-lot","RVAR007038","1996","","8","canonical_album_tracks","0.88","","no","yes","no","ok","no"
"RVTR967619","Lonely Street","andy williams","","31773","Canadian Sunset","RVAL626572","andy williams","RVAR004489","1965","","3","canonical_album_tracks","0.88","","no","yes","no","ok","no"
"RVTR968499","Yo Yo","The Osmonds","","42381","Phase-III","RVAL889499","The Osmonds","RVAR008486","1972","","3","canonical_track_album_links","105","appears_on","no","yes","no","ok","no"
"RVTR968499","Yo Yo","The Osmonds","","42381","Phase-III","RVAL889499","The Osmonds","RVAR008486","1972","","5","canonical_album_tracks","0.88","","no","yes","no","ok","no"
"RVTR968570","Better Days","wc","","24864","The Shadiest One","RVAL662548","wc","RVAR001394","1998","","11","canonical_album_tracks","0.86","","no","yes","no","ok","no"
"RVTR968570","Better Days","wc","","24864","The Shadiest One","RVAL662548","wc","RVAR001394","1998","","15","canonical_track_album_links","105","appears_on","no","yes","no","ok","no"
"RVTR968706","22","lily allen","","40672","It's Not Me, It's You","RVAL846871","lily allen","RVAR007721","2009","","4","canonical_album_tracks","0.88","","no","yes","no","ok","no"
"RVTR969468","Flyin'","prism","","29047","See Forever Eyes","RVAL968294","prism","RVAR003299","1978","","2","canonical_album_tracks","0.88","","no","yes","no","ok","no"
"RVTR969712","Wholesale Love","buddy miles","","39163","A Message To The People","RVAL335544","buddy miles","RVAR006961","1971","","8","canonical_album_tracks","0.88","","no","yes","no","ok","no"
"RVTR969861","I Cry","ja rule","","38744","Exodus","RVAL508537","ja rule","RVAR006764","2005","","6","canonical_album_tracks","0.88","","no","yes","no","ok","no"
"RVTR970096","Keep On Running","The Spencer Davis Group","","42576","Gimme Some Lovin'","RVAL507744","The Spencer Davis Group","RVAR008586","1967","","2","canonical_album_tracks","0.88","","no","yes","no","ok","no"
"RVTR970344","Punks Jump Up To Get Beat Down","brand nubian","","28359","In God We Trust","RVAL748636","brand nubian","RVAR002984","1993","","6","canonical_track_album_links","105","appears_on","no","yes","no","ok","no"
"RVTR970344","Punks Jump Up To Get Beat Down","brand nubian","","28359","In God We Trust","RVAL748636","brand nubian","RVAR002984","1993","","11","canonical_album_tracks","0.86","","no","yes","no","ok","no"
"RVTR971167","He'S Mine","mokenstef","","30643","Azz Izz","RVAL994730","mokenstef","RVAR003961","1995","","4","canonical_album_tracks","0.88","","no","yes","no","ok","no"
"RVTR971207","Caroline","amine","","38632","Good For You","RVAL804933","amine","RVAR006711","2017","","12","canonical_track_album_links","105","appears_on","no","yes","no","ok","yes"
"RVTR972544","Please Don'T Tell Me How The Story Ends","ronnie milsap","","40336","40 #1 Hits","RVAL894133","ronnie milsap","RVAR007599","2001","","2","canonical_album_tracks","0.88","","no","yes","no","ok","no"
"RVTR972842","You Can'T Play With My Yo Yo","yo-yo","","37535","Make Way For The Motherlode","RVAL781941","yo-yo","RVAR006246","1991","","3","canonical_album_tracks","0.88","","no","yes","no","ok","no"
"RVTR974761","River Deep Mountain High","deep purple","","39902","The Book Of Taliesyn","RVAL084377","deep purple","RVAR007335","1969","","7","canonical_album_tracks","1.0","","no","yes","no","curated","no"
"RVTR974810","We Are The World","usa for africa","","22476","We Are The World","RVAL668235","usa for africa","RVAR000317","1985","","1","canonical_album_tracks","0.88","","no","yes","no","ok","no"
"RVTR976583","Tarantula","The Smashing Pumpkins","","42834","Zeitgeist","RVAL277530","The Smashing Pumpkins","RVAR008724","2007","","5","canonical_album_tracks","0.88","","no","yes","no","ok","no"
"RVTR976688","I Like Dreamin'","kenny nolan","","30628","Kenny Nolan","RVAL790605","kenny nolan","RVAR003931","1977","","1","canonical_album_tracks","1.0","","no","yes","no","curated","no"
"RVTR976943","Party To Damascus","wyclef jean","","31976","The Preacher's Son","RVAL538564","wyclef jean","RVAR004575","2003","","3","canonical_album_tracks","0.88","","no","yes","no","ok","no"
"RVTR978030","American Boys","petula clark","","33858","I Couldn't Live Without Your Love","RVAL457952","petula clark","RVAR005240","1966","","13","canonical_album_tracks","0.86","","no","yes","no","ok","no"
"RVTR978030","American Boys","petula clark","","33858","I Couldn't Live Without Your Love","RVAL457952","petula clark","RVAR005240","1966","","19","canonical_track_album_links","105","appears_on","no","yes","no","ok","no"
"RVTR978174","Liquid Swords","genius/gza","","24803","Liquid Swords","RVAL795666","genius/gza","RVAR001368","1995","","1","canonical_album_tracks","0.88","","no","yes","no","ok","no"
"RVTR978174","Liquid Swords","genius/gza","","24803","Liquid Swords","RVAL795666","genius/gza","RVAR001368","1995","","6","canonical_track_album_links","105","appears_on","no","yes","no","ok","no"
"RVTR978270","It'S Your Thing","mercedes","","21954","Rear End","RVAL551463","mercedes","RVAR000108","1999","","1","canonical_album_tracks","0.88","","no","yes","no","ok","no"
"RVTR978688","I'Ve Been Waiting For You All Of My Life","paul anka","","29695","Both Sides Of Love","RVAL825566","paul anka","RVAR003517","1981","","6","canonical_album_tracks","0.88","","no","yes","no","ok","no"
"RVTR979051","Mr Personality","gillette","","29076","On The Attack","RVAL913542","gillette","RVAR003320","1995","","1","canonical_album_tracks","0.88","","no","yes","no","ok","no"
"RVTR979051","Mr Personality","gillette","","29076","On The Attack","RVAL913542","gillette","RVAR003320","1995","","5","canonical_track_album_links","105","appears_on","no","yes","no","ok","no"
"RVTR981256","Shaddap You Face","joe dolce","","37551","Shaddap You Face","RVAL007930","joe dolce","RVAR006265","1981","","1","canonical_track_album_links","105","appears_on","no","yes","no","ok","no"
"RVTR981256","Shaddap You Face","joe dolce","","37551","Shaddap You Face","RVAL007930","joe dolce","RVAR006265","1981","","3","canonical_album_tracks","0.88","","no","yes","no","ok","no"
"RVTR981419","Mass Appeal","gang starr","","39948","Hard To Earn","RVAL256220","gang starr","RVAR007364","1994","","8","canonical_album_tracks","0.74","","no","yes","no","review_required","no"
"RVTR981419","Mass Appeal","gang starr","","39947","Full Clip: A Decade Of Gang Starr","RVAL652814","gang starr","RVAR007364","1999","","7","canonical_album_tracks","0.88","","no","yes","no","ok","no"
"RVTR981765","Everything 1K","kodak black","","35691","Lil Big Pac","RVAL756843","kodak black","RVAR006092","2016","","1","canonical_album_tracks","0.88","","no","yes","no","ok","no"
"RVTR981765","Everything 1K","kodak black","","35691","Lil Big Pac","RVAL756843","kodak black","RVAR006092","2016","","12","canonical_track_album_links","105","appears_on","no","yes","no","ok","no"
"RVTR981913","Embarrassment","madness","","32879","Absolutely","RVAL525247","madness","RVAR004896","1980","","2","canonical_album_tracks","0.88","","no","yes","no","ok","no"
"RVTR984406","Barbara I Love You","new colony six","","42579","Attacking A Straw Man","RVAL361329","The New Colony Six","RVAR008592","1969","","1","canonical_album_tracks","1.0","","no","yes","yes","curated","no"
"RVTR984419","Red Roses For A Blue Lady","vic dana","","40487","Red Roses For A Blue Lady","RVAL930002","vic dana","RVAR007667","1965","","1","canonical_track_album_links","105","appears_on","no","yes","no","ok","yes"
"RVTR984781","You'Re In Good Hands","jermaine jackson","","33550","Come Into My Life","RVAL871316","jermaine jackson","RVAR005141","1973","","2","canonical_album_tracks","0.88","","no","yes","no","ok","no"
"RVTR985379","The Morning After","maureen mcgovern","","29057","The Morning After","RVAL504396","maureen mcgovern","RVAR003304","1973","","1","canonical_album_tracks","0.88","","no","yes","no","ok","no"
"RVTR986600","Kooda","6ix9ine","","30816","DAY69","RVAL262877","6ix9ine","RVAR004042","2018","","3","canonical_track_album_links","105","appears_on","no","yes","no","ok","yes"
"RVTR987889","Love Potion Number Nine","The Searchers","","42927","This Is Us","RVAL709521","The Searchers","RVAR008753","1964","","10","canonical_album_tracks","0.88","","no","yes","no","ok","no"
"RVTR988121","Supernova","liz phair","","24088","Whip-Smart","RVAL691309","liz phair","RVAR001049","1994","","2","canonical_album_tracks","0.88","","no","yes","no","ok","no"
"RVTR988121","Supernova","liz phair","","24088","Whip-Smart","RVAL691309","liz phair","RVAR001049","1994","","4","canonical_track_album_links","105","appears_on","no","yes","no","ok","no"
"RVTR989665","Krazy","pitbull","","39048","Rebelution","RVAL617119","pitbull","RVAR006916","2009","","6","canonical_track_album_links","105","appears_on","no","yes","no","ok","no"
"RVTR989665","Krazy","pitbull","","39048","Rebelution","RVAL617119","pitbull","RVAR006916","2009","","11","canonical_album_tracks","0.86","","no","yes","no","ok","no"
"RVTR991178","Shannon","henry gross","","40008","Release","RVAL306263","henry gross","RVAR007400","1976","","6","canonical_album_tracks","0.88","","no","yes","no","ok","no"
"RVTR992320","She'S Fly","tony terry","","39242","Forever Yours","RVAL211012","tony terry","RVAR006992","1988","","6","canonical_album_tracks","0.88","","no","yes","no","ok","no"
"RVTR992711","Legal Tender","The B-52s","","42648","Whammy","RVAL329306","The B-52s","RVAR008614","1983","","1","canonical_track_album_links","105","appears_on","no","yes","no","ok","yes"
"RVTR993625","Make Me Feel","janelle monae","","31853","Dirty Computer","RVAL560818","janelle monae","RVAR004509","2018","","11","canonical_track_album_links","105","appears_on","no","yes","no","ok","yes"
"RVTR994103","The Climb","The Kingsmen","","41203","The Kingsmen, Volume 3","RVAL011643","The Kingsmen","RVAR007915","1965","","25","canonical_track_album_links","105","appears_on","no","yes","no","ok","yes"
"RVTR997017","That'S A Lie","ray charles","","37676","A Portrait Of Ray","RVAL661468","ray charles","RVAR006319","1968","","8","canonical_album_tracks","0.88","","no","yes","no","ok","no"
"RVTR997483","Love You More","ginuwine","","32713","The Senior","RVAL775909","ginuwine","RVAR004840","2003","","7","canonical_track_album_links","105","appears_on","no","yes","no","ok","yes"
"RVTR997523","Good Times","tommy lee","","29005","Tommyland: The Ride","RVAL984868","tommy lee","RVAR003282","2005","","1","canonical_album_tracks","0.88","","no","yes","no","ok","no"
"RVTR997523","Good Times","tommy lee","","29005","Tommyland: The Ride","RVAL984868","tommy lee","RVAR003282","2005","","9","canonical_track_album_links","105","appears_on","no","yes","no","ok","no"
"RVTR998523","Little Latin Lupe Lu","The Kingsmen","","41203","The Kingsmen, Volume 3","RVAL011643","The Kingsmen","RVAR007915","1965","","9","canonical_track_album_links","105","appears_on","no","yes","no","ok","yes"
