fileArtist,fileTitle,currentRvtr,proposedRvtr,currentIdentity,proposedIdentity,confidence,simulatedBucket,containmentScore,filePath
"Alan Jackson, Jimmy Buffett",It's Five O' Clock Somewhere,RVTR853965,RVTR835994,vdj,hot100,100,exact,100,"/Users/bobhopp/DJ MEDIA/VIDEO/2000's/Alan Jackson, Jimmy Buffett - It's Five O' Clock Somewhere.mp4"
The Animals,Please Don't Let Me Be Misunderstood  (Color),RVTR619129,RVTR147877,vdj,hot100,100,exact,100,/Users/bobhopp/DJ MEDIA/VIDEO/1960's/The Animals - Please Don't Let Me Be Misunderstood (Color).mp4
"Taylor Swift, Alison Krauss, Vince Gill",Red (Cma Awards),RVTR254821,RVTR430067,vdj,hot100_vdj,100,exact,100,"/Users/bobhopp/DJ MEDIA/VIDEO/2010's/Taylor Swift, Alison Krauss, Vince Gill - Red (Cma Awards).mp4"
The Singing Nun,Dominique & Les Pieds Des Missionnaires,RVTR116789,RVTR779789,vdj,hot100,100,exact,100,/Users/bobhopp/DJ MEDIA/VIDEO/1960's/The Singing Nun - Dominique & Les Pieds Des Missionnaires.mp4
"Tyga Ft. Cedric Gervais, Wiz Khalifa & Mally Mall",Molly,RVTR846930,RVTR028931,vdj,hot100,100,exact,100,"/Users/bobhopp/DJ MEDIA/VIDEO/2010's/Tyga feat. Cedric Gervais, Wiz Khalifa & Mally Mall - Molly.mp4"
Weezer,If Youre Wondering If I Want You To I Want You To,RVTR138973,RVTR097473,vdj,hot100,100,exact,100,/Users/bobhopp/DJ MEDIA/VIDEO/2000's/Weezer - If Youre Wondering If I Want You To I Want You To.mp4
Marvin Gaye & Tammi Terrell,Ain't No Mountain High Enough,RVTR592535,RVTR058876,vdj,hot100,100,exact,100,/Users/bobhopp/DJ MEDIA/VIDEO/1960's/Marvin Gaye & Tammi Terrell - Ain't No Mountain High Enough.mp4
Climie Fisher,Love Changes Everything (Extended Version),RVTR137934,RVTR624801,vdj,hot100,100,exact,100,/Users/bobhopp/DJ MEDIA/VIDEO/1980's/Climie Fisher - Love Changes Everything (Extended Version).mp4
Blake Shelton Ft. Pistol Annies & Friends,Boys 'Round Here,RVTR617029,RVTR993009,vdj,hot100,100,exact,100,/Users/bobhopp/DJ MEDIA/VIDEO/COUNTRY/FILL/Blake Shelton Ft. Pistol Annies & Friends - Boys 'Round Here.mp4
A$AP Rocky Ft. Skrillex & Birdy Nam Nam,Wild For The Night,RVTR068252,RVTR662430,vdj,hot100,100,exact,100,/Users/bobhopp/DJ MEDIA/VIDEO/2010's/A$AP Rocky feat. Skrillex & Birdy Nam Nam - Wild For The Night.mp4
The Doobie Brothers,China Grove/Listen To The Music (Live),RVTR459954,RVTR892750,vdj,hot100,100,exact,100,/Users/bobhopp/DJ MEDIA/VIDEO/1970's/The Doobie Brothers - China Grove_Listen To The Music (Live).mp4
Elton John,Goodbye Yellow Brick Road(Muppet Show 1977),RVTR852528,RVTR483649,vdj,hot100_vdj,100,exact,100,/Users/bobhopp/DJ MEDIA/VIDEO/1970's/Elton John - Goodbye Yellow Brick Road (Muppet Show 1977).mp4
The Temptations,The Way You Do The Things You Do (Acapella),RVTR117258,RVTR593043,vdj,hot100_vdj,100,exact,100,/Users/bobhopp/DJ MEDIA/VIDEO/1960's/The Temptations - The Way You Do The Things You Do (Acapella).mp4
The Rolling Stones,You Can't Always Get What You Want  (2013),RVTR217359,RVTR769450,vdj,hot100,100,exact,100,/Users/bobhopp/DJ MEDIA/VIDEO/1960's/The Rolling Stones - You Can't Always Get What You Want  (2013).mp4
Village People,In The Navy : YMCA : You Can t Stop The Music,RVTR017033,RVTR526570,vdj,hot100,100,exact,100,/Users/bobhopp/DJ MEDIA/VIDEO/1970's/Village People - In The Navy _ YMCA _ You Can t Stop The Music.mp4
Gloria Estefan & Miami Sound Machine,Rhythm Is Gonna Get You,RVTR374274,RVTR406174,vdj,hot100_vdj,100,exact,100,/Users/bobhopp/DJ MEDIA/VIDEO/1980's/Gloria Estefan & Miami Sound Machine - Rhythm Is Gonna Get You.mp4
"Benny Blanco, Tainy, Selena Gomez, J Balvin",I Can't Get Enough,RVTR976119,RVTR183644,vdj,hot100,100,exact,100,"/Users/bobhopp/DJ MEDIA/VIDEO/2010's/Benny Blanco, Tainy, Selena Gomez, J Balvin - I Can't Get Enough.mp4"
David Guetta & Chris Willis f./Fergie & LMFAO,Gettin' Over You,RVTR832691,RVTR250282,vdj,hot100,100,exact,100,/Users/bobhopp/DJ MEDIA/VIDEO/2010's/David Guetta & Chris Willis f._Fergie & LMFAO - Gettin' Over You.mp4
The Kinks,You Really Got Me (Sexiest Babes of 60's Television),RVTR482329,RVTR483903,vdj,hot100_vdj,100,exact,100,/Users/bobhopp/DJ MEDIA/VIDEO/1960's/The Kinks - You Really Got Me (Sexiest Babes of 60's Television).mp4
Britney Spears,Hold It Against Me (Promo Only No Break Edit*),RVTR060043,RVTR946203,vdj,hot100_vdj,100,exact,100,/Users/bobhopp/DJ MEDIA/VIDEO/2010's/Britney Spears - Hold It Against Me (Promo Only No Break Edit_).mp4
Tim Mcgraw Ft. Taylor Swift & Keith Urban,Highway Don't Care,RVTR186756,RVTR860089,vdj,hot100,100,exact,100,/Users/bobhopp/DJ MEDIA/VIDEO/COUNTRY/FILL/Tim Mcgraw feat. Taylor Swift & Keith Urban - Highway Don't Care.mp4
Chambers Brothers,Time Has Come Today (Live extended version),RVTR491222,RVTR514782,vdj,hot100,100,exact,100,/Users/bobhopp/DJ MEDIA/VIDEO/1960's/Chambers Brothers - Time Has Come Today (Live extended version).mp4
The Foundations,Build Me Up Butter Cup (Something About Mary),RVTR284047,RVTR136699,vdj,hot100_vdj,100,exact,100,/Users/bobhopp/DJ MEDIA/VIDEO/1960's/The Foundations - Build Me Up Butter Cup (Something About Mary).mp4
Kenny Chesney,When The Sun Goes Down (Duet With Uncle Kracker),RVTR167220,RVTR328202,vdj,hot100_vdj,100,exact,100,/Users/bobhopp/DJ MEDIA/VIDEO/2000's/Kenny Chesney - When The Sun Goes Down (Duet With Uncle Kracker).mp4
Post Malone feat. Morgan Wallen,I Had Some Help,RVTR753594,RVTR511514,vdj,hot100,100,exact,100,/Users/bobhopp/DJ MEDIA/VIDEO/2020's/Post Malone feat. Morgan Wallen - I Had Some Help (Official Video).mp4
England Dan & John Ford Coley,I'd Really Love To See You Tonight,RVTR178704,RVTR287922,vdj,hot100,100,exact,100,/Users/bobhopp/DJ MEDIA/VIDEO/1970's/England Dan & John Ford Coley - I'd Really Love To See You Tonight.mp4
The Doobie Brothers,Jesus Is Just Alright:Listen To The Music,RVTR845211,RVTR892750,vdj,hot100,100,exact,100,/Users/bobhopp/DJ MEDIA/VIDEO/1970's/The Doobie Brothers - Jesus Is Just Alright_Listen To The Music.mp4
John Denver & Nitty Gritty Dirt Band,Thank God I'm A Country Boy,RVTR445991,RVTR633099,vdj,hot100,100,exact,100,/Users/bobhopp/DJ MEDIA/VIDEO/2010's/John Denver & Nitty Gritty Dirt Band - Thank God I'm A Country Boy.mp4
Wiz Khalifa Ft. Ty Dolla $Ign & Snoop Dogg,You And Your Friends,RVTR515185,RVTR877378,vdj,hot100,100,exact,100,/Users/bobhopp/DJ MEDIA/VIDEO/2010's/Wiz Khalifa feat. Ty Dolla $Ign & Snoop Dogg - You And Your Friends.mp4
DJ Jazzy Jeff & The Fresh Prince,Girls Ain't Nothing But Trouble,RVTR869522,RVTR517941,vdj,hot100,100,exact,100,/Users/bobhopp/DJ MEDIA/VIDEO/1980's/DJ Jazzy Jeff & The Fresh Prince - Girls Ain't Nothing But Trouble.mp4
Frank Sinatra,Theme from New York New York(Concert Collection),RVTR091130,RVTR386913,vdj,hot100,100,exact,100,/Users/bobhopp/DJ MEDIA/VIDEO/1970's/Frank Sinatra - Theme from New York New York (Concert Collection).mp4
James Taylor & Carole King,You've Got A Friend,RVTR088598,RVTR582739,vdj,hot100,100,exact,100,"/Users/bobhopp/DJ MEDIA/VIDEO/1970's/James Taylor & Carole King - You've Got A Friend (BBC In Concert, 111371).mp4"
Kenny Rogers & The First Edition,Ruby Don t Take Your Love To Town,RVTR710927,RVTR877473,vdj,hot100,100,exact,100,/Users/bobhopp/DJ MEDIA/VIDEO/1960's/Kenny Rogers & The First Edition - Ruby Don t Take Your Love To Town.mp4
Martin Solveig & Dragonette,Hello,RVTR293316,RVTR436801,vdj,hot100,100,exact,100,/Users/bobhopp/DJ MEDIA/VIDEO/2010's/Martin Solveig & Dragonette - Hello (Official Short Video Version HD).mp4
Meat Loaf,You Took The Words Right Out Of My Mouth (Hot Summer Night),RVTR782414,RVTR745206,vdj,hot100,100,exact,100,/Users/bobhopp/DJ MEDIA/VIDEO/1970's/Meat Loaf - You Took The Words Right Out Of My Mouth (Hot Summer Night).mp4
Chris Stapleton & Justin Timberlake,Tennessee Whiskey & Drink You Away,RVTR902509,RVTR669909,vdj,hot100_vdj,100,exact,100,/Users/bobhopp/DJ MEDIA/VIDEO/2010's/Chris Stapleton & Justin Timberlake - Tennessee Whiskey & Drink You Away.mp4
"Enrique Iglesias Ft. Sean Paul, Descemer Bueno & Gente De Zona",Bailando,RVTR588725,RVTR086428,vdj,hot100_vdj,100,exact,100,"/Users/bobhopp/DJ MEDIA/VIDEO/2010's/Enrique Iglesias feat. Sean Paul, Descemer Bueno & Gente De Zona - Bailando.MP4"
"Rich Gang Ft. Lil Wayne, Birdman, Mack Maine, Nicki Minaj & Future",Tapout,RVTR559317,RVTR701686,vdj,hot100,100,exact,100,"/Users/bobhopp/DJ MEDIA/VIDEO/2010's/Rich Gang feat. Lil Wayne, Birdman, Mack Maine, Nicki Minaj & Future - Tapout.mp4"
"Dj Khaled Ft. Chris Brown, August Alsina, Future & Jeremih",Hold You Down,RVTR476646,RVTR809671,vdj,hot100,100,exact,100,"/Users/bobhopp/DJ MEDIA/VIDEO/2010's/Dj Khaled feat. Chris Brown, August Alsina, Future & Jeremih - Hold You Down.MP4"
Brantley Gilbert Ft. Justin Moore & Thomas Rhett,Small Town Throwdown,RVTR284547,RVTR206067,vdj,hot100,100,exact,100,/Users/bobhopp/DJ MEDIA/VIDEO/2010's/Brantley Gilbert feat. Justin Moore & Thomas Rhett - Small Town Throwdown.mp4
Flo Rida,Gdfr,RVTR440993,RVTR111857,vdj,hot100,100,exact,100,/Users/bobhopp/DJ MEDIA/VIDEO/2010's/Flo Rida - Gdfr.MP4
Len Barry,1 2 3,RVTR456337,RVTR456338,vdj,hot100,100,exact,100,/Users/bobhopp/DJ MEDIA/VIDEO/1960's/Len Barry - 1 2 3.mp4
Bee Gees,Alone,RVTR394955,RVTR564950,hot100_vdj,hot100,100,exact,100,/Users/bobhopp/DJ MEDIA/VIDEO/1990's/Bee Gees - Alone.mp4
The B-52's,Roam,RVTR307366,RVTR539573,vdj,hot100,100,exact,100,/Users/bobhopp/DJ MEDIA/VIDEO/1980's/The B-52's - Roam.mp4
Slade,My Oh My,RVTR149197,RVTR149198,vdj,hot100,100,exact,100,/Users/bobhopp/DJ MEDIA/VIDEO/1980's/Slade - My Oh My.mp4
Joan Jett,"Crimson and Clover (2015) (Tommy James, Dave Grohl and Miley Cyrus)",RVTR729705,RVTR167854,vdj,hot100_vdj,100,exact,100,"/Users/bobhopp/DJ MEDIA/VIDEO/1980's/Joan Jett - Crimson and Clover (2015) (Tommy James, Dave Grohl and Miley Cyrus).mp4"
MC Hammer,Pray,RVTR813499,RVTR959501,vdj,hot100,100,exact,100,/Users/bobhopp/DJ MEDIA/VIDEO/1990's/MC Hammer - Pray.mp4
Elton John & George Michaelhael,Don t Let The Sun Go Down On Me (Live Aid),RVTR868925,RVTR105009,vdj,hot100,100,exact,100,/Users/bobhopp/DJ MEDIA/VIDEO/1970's/Elton John & George Michael - Don t Let The Sun Go Down On Me (Live Aid).mp4.mp4).mp4
Jason Derulo feat. Nicki Minaj & Ty Dolla $Ign,Swalla,RVTR815046,RVTR182324,vdj,hot100,100,exact,100,/Users/bobhopp/DJ MEDIA/VIDEO/2010's/Jason Derulo - Swalla (Feat. Nicki Minaj & Ty Dolla $Ign) (Official Music Video).mp4
Cure,Love Song,RVTR877684,RVTR966302,vdj,hot100_vdj,100,exact,100,/Users/bobhopp/DJ MEDIA/VIDEO/1980's/Cure - Love Song.mp4
Zhane,Hey Mr DJ,RVTR685337,RVTR593637,vdj,hot100,100,exact,100,/Users/bobhopp/DJ MEDIA/VIDEO/1990's/Zhane - Hey Mr DJ.mp4
Moby,Southside,RVTR449833,RVTR816495,vdj,hot100,100,exact,100,/Users/bobhopp/DJ MEDIA/VIDEO/2000's/Moby - Southside.mp4
Jay Z,Can I Get A,RVTR050552,RVTR405889,vdj,hot100,100,exact,100,/Users/bobhopp/DJ MEDIA/VIDEO/1990's/Jay Z - Can I Get A.mp4
Hardy,Rednecker,RVTR998494,RVTR860862,vdj,hot100,100,exact,100,/Users/bobhopp/DJ MEDIA/VIDEO/2010's/Hardy - Rednecker.mp4
Jay Z,Big Pimpin,RVTR063295,RVTR494036,vdj,hot100,100,exact,100,/Users/bobhopp/DJ MEDIA/VIDEO/2000's/Jay Z - Big Pimpin.mp4
KLF,3 A.M. Eternal,RVTR461306,RVTR633543,vdj,hot100,100,exact,100,/Users/bobhopp/DJ MEDIA/VIDEO/1990's/KLF - 3 A.M. Eternal.mp4
Pharcyde,Runnin',RVTR185066,RVTR573099,vdj,hot100,100,exact,100,/Users/bobhopp/DJ MEDIA/VIDEO/1990's/Pharcyde - Runnin'.mp4
ABBA,Voulez Vous,RVTR523110,RVTR523111,vdj,hot100,100,exact,100,/Users/bobhopp/DJ MEDIA/VIDEO/1970's/ABBA - Voulez Vous.mp4
LL Cool J,Doin' It,RVTR203207,RVTR627262,vdj,hot100_vdj,100,exact,100,/Users/bobhopp/DJ MEDIA/VIDEO/1990's/LL Cool J - Doin' It.mp4
Jessie J,Bang Bang,RVTR328840,RVTR740918,vdj,hot100,100,exact,100,/Users/bobhopp/DJ MEDIA/VIDEO/2010's/Jessie J - Bang Bang.MP4
Frankie Goes To Hollywood,"Welcome To The Pleasuredome,Two Tribes & Relax (2004)",RVTR200347,RVTR758008,vdj,hot100_vdj,100,exact,100,"/Users/bobhopp/DJ MEDIA/VIDEO/1980's/Frankie Goes To Hollywood - Welcome To The Pleasuredome,Two Tribes & Relax (2004).mp4"
LL Cool J,Loungin',RVTR547147,RVTR063671,vdj,hot100_vdj,100,exact,100,/Users/bobhopp/DJ MEDIA/VIDEO/1990's/LL Cool J - Loungin'.mp4
Slade,Run Runaway,RVTR459129,RVTR459130,vdj,hot100,100,exact,100,/Users/bobhopp/DJ MEDIA/VIDEO/1980's/Slade - Run Runaway.mp4
Taylor Swift,Mean,RVTR999122,RVTR757153,hot100_vdj,hot100,100,exact,100,/Users/bobhopp/DJ MEDIA/VIDEO/2010's/Taylor Swift - Mean.mp4
Goodmen,Give It Up,RVTR266105,RVTR862376,vdj,hot100_vdj,100,exact,100,/Users/bobhopp/DJ MEDIA/VIDEO/1990's/Goodmen - Give It Up.mp4
Moody Blues,Go Now,RVTR393833,RVTR643323,vdj,hot100,100,exact,100,/Users/bobhopp/DJ MEDIA/VIDEO/1960's/Moody Blues - Go Now.mp4
Donnie Iris,Ah Leah,RVTR801240,RVTR801241,vdj,hot100,100,exact,100,/Users/bobhopp/DJ MEDIA/VIDEO/1980's/Donnie Iris - Ah Leah.mp4
REM,Man On The Moon,RVTR053436,RVTR199531,vdj,hot100,100,exact,100,/Users/bobhopp/DJ MEDIA/VIDEO/1990's/REM - Man On The Moon.mp4
3OH!3,Touchin' On My,RVTR091014,RVTR919813,vdj,hot100,100,exact,100,/Users/bobhopp/DJ MEDIA/VIDEO/2010's/3OH!3 - Touchin' On My.mp4
Heart,Nothin At All,RVTR545172,RVTR657637,vdj,hot100,100,exact,100,/Users/bobhopp/DJ MEDIA/VIDEO/1980's/Heart - Nothin At All.mp4
Run DMC,It's Tricky,RVTR494124,RVTR207486,vdj,hot100,100,exact,100,/Users/bobhopp/DJ MEDIA/VIDEO/1980's/Run DMC - It's Tricky.mp4
Honey Cone,Want Ads,RVTR551973,RVTR806543,vdj,hot100,100,exact,100,/Users/bobhopp/DJ MEDIA/VIDEO/1970's/Honey Cone - Want Ads.mp4
"Zedd, Katy Perry",365,RVTR776435,RVTR359291,vdj,hot100,100,exact,100,"/Users/bobhopp/DJ MEDIA/VIDEO/2010's/Zedd, Katy Perry - 365.mp4"
Soul Decision,Faded,RVTR175515,RVTR658183,vdj,hot100,100,exact,100,/Users/bobhopp/DJ MEDIA/VIDEO/1990's/Soul Decision - Faded.mp4
Beck,Devils Haircut,RVTR026134,RVTR224723,vdj,hot100,100,exact,100,/Users/bobhopp/DJ MEDIA/VIDEO/1990's/Beck - Devils Haircut.mp4
The B-52's,Love Shack,RVTR677117,RVTR586454,vdj,hot100,100,exact,100,/Users/bobhopp/DJ MEDIA/VIDEO/1980's/The B-52's - Love Shack.mp4
Chic & Slash,Le Freak,RVTR422900,RVTR734067,vdj,hot100_vdj,100,exact,100,/Users/bobhopp/DJ MEDIA/VIDEO/1970's/Chic & Slash - Le Freak.mp4
John Lennon,Imagine,RVTR950513,RVTR985539,vdj,hot100,100,exact,100,/Users/bobhopp/DJ MEDIA/VIDEO/1970's/John Lennon - Imagine.mp4
Village People,YMCA,RVTR091258,RVTR526570,vdj,hot100,100,exact,100,/Users/bobhopp/DJ MEDIA/VIDEO/1970's/Village People - YMCA.mp4
Jay Z,Run This Town,RVTR362357,RVTR518463,vdj,hot100,100,exact,100,/Users/bobhopp/DJ MEDIA/VIDEO/2000's/Jay Z - Run This Town.mp4
Flo Rida & T Pain,Low,RVTR652814,RVTR254510,vdj,hot100,100,exact,100,/Users/bobhopp/DJ MEDIA/VIDEO/2000's/Flo Rida & T Pain - Low.mp4
John Mayer,Who Says,RVTR581357,RVTR657644,hot100_vdj,hot100_vdj,100,exact,100,/Users/bobhopp/DJ MEDIA/VIDEO/2000's/John Mayer - Who Says.mp4
Shocking Blue,Venus,RVTR135050,RVTR793451,vdj,hot100,100,exact,100,/Users/bobhopp/DJ MEDIA/VIDEO/1980's/Shocking Blue - Venus.mp4
Kool & The Gang,Fresh,RVTR422618,RVTR674142,vdj,hot100,100,exact,100,/Users/bobhopp/DJ MEDIA/VIDEO/1980's/Kool & The Gang - Fresh.mp4
Young Mc,Bust A Move,RVTR548597,RVTR451991,vdj,hot100,100,exact,100,/Users/bobhopp/DJ MEDIA/VIDEO/1980's/Young Mc - Bust A Move.mp4
Genesis,Abacab (Live),RVTR441162,RVTR885648,vdj,hot100_vdj,100,exact,100,/Users/bobhopp/DJ MEDIA/VIDEO/1980's/Genesis - Abacab (Live).mp4
Dan & Shay,"10,000 Hours",RVTR040912,RVTR848359,vdj,hot100,100,exact,100,"/Users/bobhopp/DJ MEDIA/VIDEO/COUNTRY/FILL/Dan & Shay - 10,000 Hours.mp4"
Toto,Rosanna (Video),RVTR485824,RVTR856595,vdj,hot100_vdj,100,exact,100,/Users/bobhopp/DJ MEDIA/VIDEO/1980's/Toto - Rosanna (Video).mp4
Dr. John,Iko Iko (1995),RVTR450297,RVTR862077,vdj,hot100,100,exact,100,/Users/bobhopp/DJ MEDIA/VIDEO/1990's/Dr. John - Iko Iko (1995).mp4
D Angelo,Brown Sugar,RVTR414062,RVTR027013,vdj,hot100_vdj,100,exact,100,/Users/bobhopp/DJ MEDIA/VIDEO/1970's/D Angelo - Brown Sugar.mp4
Tesla,Love Song (1990),RVTR718403,RVTR485826,vdj,hot100_vdj,100,exact,100,/Users/bobhopp/DJ MEDIA/VIDEO/1990's/Tesla - Love Song (1990).mp4
Culture Beat,Mr Vain,RVTR589831,RVTR589832,vdj,hot100,100,exact,100,/Users/bobhopp/DJ MEDIA/VIDEO/1990's/Culture Beat - Mr Vain.mp4
ATeens,Dancing Queen,RVTR182318,RVTR559305,vdj,hot100,100,exact,100,/Users/bobhopp/DJ MEDIA/VIDEO/1980's/ATeens - Dancing Queen.mp4
Trashmen,Surfinbird,RVTR266360,RVTR404390,vdj,hot100,100,exact,100,/Users/bobhopp/DJ MEDIA/VIDEO/1960's/Trashmen - Surfinbird.mp4
Kool & The Gang,Joanna,RVTR806294,RVTR792811,vdj,hot100,100,exact,100,/Users/bobhopp/DJ MEDIA/VIDEO/1980's/Kool & The Gang - Joanna.mp4
Billy Ocean,Loverboy,RVTR038181,RVTR287285,vdj,hot100_vdj,100,exact,100,/Users/bobhopp/DJ MEDIA/VIDEO/1980's/Billy Ocean - Loverboy.mp4
Kool & The Gang,Misled,RVTR875130,RVTR328969,vdj,hot100,100,exact,100,/Users/bobhopp/DJ MEDIA/VIDEO/1980's/Kool & The Gang - Misled.mp4
Nico & Vinz,Am I Wrong,RVTR219881,RVTR818506,vdj,hot100,100,exact,100,/Users/bobhopp/DJ MEDIA/VIDEO/2010's/Nico & Vinz - Am I Wrong.mp4
Bee Gees,Tragedy (Clips),RVTR379700,RVTR806243,vdj,hot100_vdj,100,exact,100,/Users/bobhopp/DJ MEDIA/VIDEO/1970's/Bee Gees - Tragedy (Mix).mp4
System Of A Down,Byob,RVTR628652,RVTR940110,vdj,hot100,100,exact,100,/Users/bobhopp/DJ MEDIA/VIDEO/2000's/System Of A Down - Byob.mp4
Run DMC,Walk This Way,RVTR924441,RVTR993306,vdj,hot100_vdj,100,exact,100,/Users/bobhopp/DJ MEDIA/VIDEO/1980's/Run DMC - Walk This Way.mp4
REM,Radio Free Europe,RVTR353352,RVTR121019,vdj,hot100,100,exact,100,/Users/bobhopp/DJ MEDIA/VIDEO/1980's/REM - Radio Free Europe.mp4
New Boyz,Youre A Jerk,RVTR781733,RVTR392736,vdj,hot100,100,exact,100,/Users/bobhopp/DJ MEDIA/VIDEO/2000's/New Boyz - Youre A Jerk.mp4
Brooks & Dunn,My Maria,RVTR080332,RVTR733726,vdj,hot100,100,exact,100,/Users/bobhopp/DJ MEDIA/VIDEO/1990's/Brooks & Dunn - My Maria.mp4
Xscape,Just Kickin It,RVTR900979,RVTR396672,vdj,hot100,100,exact,100,/Users/bobhopp/DJ MEDIA/VIDEO/1990's/Xscape - Just Kickin It.mp4
Shakira Feat. Wyclef Jean,Hips Don't Lie,RVTR051548,RVTR203920,vdj,hot100,100,exact,100,/Users/bobhopp/DJ MEDIA/VIDEO/2000's/Shakira - Hips Don't Lie.mp4
BW Stevenson,My Maria,RVTR909971,RVTR458117,vdj,hot100_vdj,100,exact,100,/Users/bobhopp/DJ MEDIA/VIDEO/1970's/BW Stevenson - My Maria.mp4
Teena Marie,Lovergirl,RVTR563357,RVTR198831,vdj,hot100,100,exact,100,/Users/bobhopp/DJ MEDIA/VIDEO/1980's/Teena Marie - Lovergirl.mp4
The Chantays,Pipeline,RVTR031909,RVTR377978,vdj,hot100,100,exact,100,/Users/bobhopp/DJ MEDIA/VIDEO/1960's/The Chantays - Pipeline.mp4
'NSYNC,It's Gonna Be Me,RVTR392640,RVTR668403,vdj,hot100,100,exact,100,/Users/bobhopp/DJ MEDIA/VIDEO/2000's/'NSYNC - It's Gonna Be Me.mp4
Uriah Heep,Easy Livin',RVTR570394,RVTR924630,vdj,hot100,100,exact,100,/Users/bobhopp/DJ MEDIA/VIDEO/1970's/Uriah Heep - Easy Livin'.MP4
The B-52's,Rock Lobster,RVTR663492,RVTR284275,vdj,hot100,100,exact,100,/Users/bobhopp/DJ MEDIA/VIDEO/1970's/The B-52's - Rock Lobster.mp4
Kool & The Gang,Cherish,RVTR899822,RVTR333493,vdj,hot100,100,exact,100,/Users/bobhopp/DJ MEDIA/VIDEO/1980's/Kool & The Gang - Cherish.mp4
T Pain & Akon,Bartender,RVTR490515,RVTR751255,vdj,hot100,100,exact,100,/Users/bobhopp/DJ MEDIA/VIDEO/2000's/T Pain & Akon - Bartender.mp4
J. Cole,Foldin' Clothes,RVTR330484,RVTR895822,vdj,hot100,100,exact,100,/Users/bobhopp/DJ MEDIA/VIDEO/2010's/J. Cole - Foldin' Clothes.mp4
Taylor Swift,Our Song,RVTR830086,RVTR449671,hot100_vdj,hot100_vdj,100,exact,100,/Users/bobhopp/DJ MEDIA/VIDEO/2000's/Taylor Swift - Our Song.mp4
LL COOL J,Jingling Baby,RVTR452475,RVTR984172,vdj,hot100,100,exact,100,/Users/bobhopp/DJ MEDIA/VIDEO/1990's/LL COOL J - Jingling Baby.mp4
Peaches & Herb,Reunited,RVTR979276,RVTR280043,vdj,hot100,100,exact,100,/Users/bobhopp/DJ MEDIA/VIDEO/1970's/Peaches & Herb - Reunited.mp4
Elvis Presley,Trouble (Take1013),RVTR693010,RVTR134693,vdj,hot100,100,exact,100,/Users/bobhopp/DJ MEDIA/VIDEO/1960's/Elvis Presley - Trouble.mp4
MC Hammer,2 Legit 2 Quit,RVTR749528,RVTR804597,vdj,hot100,100,exact,100,/Users/bobhopp/DJ MEDIA/VIDEO/1990's/MC Hammer - 2 Legit 2 Quit.mp4
Commodores,Brickhouse,RVTR492410,RVTR734759,vdj,hot100_vdj,100,exact,100,/Users/bobhopp/DJ MEDIA/VIDEO/1990's/Commodores - Brickhouse.mp4
Killers,Mr. Brightside,RVTR843135,RVTR989769,vdj,hot100,100,exact,100,/Users/bobhopp/DJ MEDIA/VIDEO/2000's/Killers - Mr. Brightside.mp4
Wale & Lady Gaga,Chillin,RVTR414471,RVTR330250,vdj,hot100,100,exact,100,/Users/bobhopp/DJ MEDIA/VIDEO/2000's/Wale & Lady Gaga - Chillin.mp4
REM,Losing My Religion,RVTR288153,RVTR997737,vdj,hot100_vdj,100,exact,100,/Users/bobhopp/DJ MEDIA/VIDEO/1990's/REM - Losing My Religion.mp4
The B-52's,Private Idaho,RVTR209086,RVTR395767,vdj,hot100,100,exact,100,/Users/bobhopp/DJ MEDIA/VIDEO/1980's/The B-52's - Private Idaho.mp4
Brooks & Dunn,Neon Moon,RVTR420865,RVTR747493,vdj,hot100,100,exact,100,/Users/bobhopp/DJ MEDIA/VIDEO/1990's/Brooks & Dunn - Neon Moon.mp4
Fleetwood Mac,Dreams (The Dance),RVTR438126,RVTR569927,vdj,hot100_vdj,100,exact,100,/Users/bobhopp/DJ MEDIA/VIDEO/1970's/Fleetwood Mac - Dreams (1).mp4
Pink Floyd,Money (Live),RVTR355619,RVTR651019,vdj,hot100_vdj,100,exact,100,/Users/bobhopp/DJ MEDIA/VIDEO/1970's/Pink Floyd - Money (Live).mp4
J Geils Band,Centerfold,RVTR231490,RVTR145789,vdj,hot100,100,exact,100,/Users/bobhopp/DJ MEDIA/VIDEO/1980's/J Geils Band - Centerfold.mp4
Yung Joc,It's Goin Down,RVTR554941,RVTR082310,vdj,hot100,100,exact,100,/Users/bobhopp/DJ MEDIA/VIDEO/2000's/Yung Joc - It's Goin Down.mp4
Steve Perry,Oh Sherrie,RVTR809921,RVTR809922,vdj,hot100,100,exact,100,/Users/bobhopp/DJ MEDIA/VIDEO/1980's/Steve Perry - Oh Sherrie.mp4
The Hollies,Carrie Anne,RVTR535952,RVTR818860,vdj,hot100,100,exact,100,/Users/bobhopp/DJ MEDIA/VIDEO/1960's/The Hollies - Carrie Anne.mp4
Akon & Eminem,Smack That,RVTR319680,RVTR338895,vdj,hot100,100,exact,100,/Users/bobhopp/DJ MEDIA/VIDEO/2000's/Akon & Eminem - Smack That.mp4
Ghost Town D.J.'s,My Boo,RVTR696802,RVTR426148,vdj,hot100_vdj,100,exact,100,/Users/bobhopp/DJ MEDIA/VIDEO/TECHNO/Ghost Town D.J.'s - My Boo.mp4
Rihanna & Jay Z,Umbrella,RVTR822648,RVTR249777,vdj,hot100_vdj,100,exact,100,/Users/bobhopp/DJ MEDIA/VIDEO/2000's/Rihanna & Jay Z - Umbrella.mp4
Sweet,Fox On The Run - 45,RVTR488227,RVTR488785,vdj,hot100_vdj,100,exact,100,/Users/bobhopp/DJ MEDIA/VIDEO/1970's/Sweet - Fox On The Run - 45.mp4
Nicki Minaj,Did It On 'Em,RVTR385654,RVTR693365,vdj,hot100,100,exact,100,/Users/bobhopp/DJ MEDIA/VIDEO/2010's/Nicki Minaj - Did It On 'Em.mp4
Black Street,No Diggity,RVTR461100,RVTR686012,vdj,hot100_vdj,100,exact,100,/Users/bobhopp/DJ MEDIA/VIDEO/1990's/Black Street - No Diggity.mp4
GAYLE,Abcdefu (EXPLICIT),RVTR359014,RVTR372294,vdj,hot100,100,exact,100,/Users/bobhopp/DJ MEDIA/VIDEO/2020's/GAYLE - Abcdefu (EXPLICIT).mp4
Taco,Puttin on the Ritz,RVTR989859,RVTR030949,vdj,hot100,100,exact,100,/Users/bobhopp/DJ MEDIA/VIDEO/1980's/Taco - Puttin on the Ritz.mp4
Elle King,Ex's & Oh's (2015),RVTR677924,RVTR811146,vdj,hot100,100,exact,100,/Users/bobhopp/DJ MEDIA/VIDEO/2010's/Elle King - Ex's & Oh's (2015).mp4
Pitbull Feat. Ke$ha,Timber,RVTR201474,RVTR081246,vdj,hot100,100,exact,100,/Users/bobhopp/DJ MEDIA/VIDEO/2010's/Pitbull - Timber Ft. Ke$Ha .mp4
J Geils Band,Love Stinks,RVTR295043,RVTR737964,vdj,hot100_vdj,100,exact,100,/Users/bobhopp/DJ MEDIA/VIDEO/1980's/J Geils Band - Love Stinks.mp4
Anne Murray,Dannys Song,RVTR471147,RVTR899250,vdj,hot100,100,exact,100,/Users/bobhopp/DJ MEDIA/VIDEO/1970's/Anne Murray - Dannys Song.mp4
Frankie Valli,Swearin To God,RVTR737139,RVTR812965,vdj,hot100,100,exact,100,/Users/bobhopp/DJ MEDIA/VIDEO/1970's/Frankie Valli - Swearin To God  1975 official video marco polo dj edit musica retro 70  hq.mp4
Madonna,Papa Dont Preach,RVTR690934,RVTR706725,vdj,hot100,100,exact,100,/Users/bobhopp/DJ MEDIA/VIDEO/1980's/Madonna - Papa Dont Preach.mp4
Gwen McCrae,Rockin Chair,RVTR195718,RVTR422909,vdj,hot100,100,exact,100,/Users/bobhopp/DJ MEDIA/VIDEO/1970's/Gwen McCrae - Rockin Chair.mp4
Gary Wright,Dream Weaver (MS),RVTR198061,RVTR893127,vdj,hot100_vdj,100,exact,100,/Users/bobhopp/DJ MEDIA/VIDEO/1970's/Gary Wright - Dream Weaver.mp4
Queen,Bohemian Rhapsody (Wayne's World),RVTR145651,RVTR976054,vdj,hot100_vdj,100,exact,100,/Users/bobhopp/DJ MEDIA/VIDEO/1980's/Queen - Bohemian Rhapsody.mp4
Split Enz,I Got You (1980),RVTR652633,RVTR910922,vdj,hot100_vdj,100,exact,100,/Users/bobhopp/DJ MEDIA/VIDEO/1980's/Split Enz - I Got You (1980).mp4
Pink Floyd,Money (DSOTM),RVTR203952,RVTR651019,vdj,hot100_vdj,100,exact,100,/Users/bobhopp/DJ MEDIA/VIDEO/1970's/Pink Floyd - Money (DSOTM).mp4
Dan & Shay,Glad You Exist,RVTR617515,RVTR714436,vdj,hot100,100,exact,100,/Users/bobhopp/DJ MEDIA/VIDEO/COUNTRY/FILL/Dan & Shay - Glad You Exist.mp4
Zedd Ft. Foxes,Clarity,RVTR459413,RVTR327995,vdj,hot100,100,exact,100,/Users/bobhopp/DJ MEDIA/VIDEO/2010's/Zedd feat. Foxes - Clarity.mp4
2Pac feat. Talent,Changes,RVTR860501,RVTR859518,vdj,hot100,100,exact,100,/Users/bobhopp/DJ MEDIA/VIDEO/1990's/2Pac feat. Talent - Changes.mp4
Gary Wright,Dreamweaver,RVTR931239,RVTR893127,vdj,hot100_vdj,100,exact,100,/Users/bobhopp/DJ MEDIA/VIDEO/1970's/Gary Wright - Dreamweaver.mp4
J Geils Band,Freeze Frame,RVTR454258,RVTR752304,vdj,hot100,100,exact,100,/Users/bobhopp/DJ MEDIA/VIDEO/1980's/J Geils Band - Freeze Frame.mp4
Pussycat Dolls,Don't Cha,RVTR450976,RVTR577466,vdj,hot100,100,exact,100,/Users/bobhopp/DJ MEDIA/VIDEO/TECHNO/Pussycat Dolls - Don't Cha.mp4
Baby Bash & T Pain,Cyclone,RVTR578807,RVTR495264,vdj,hot100,100,exact,100,/Users/bobhopp/DJ MEDIA/VIDEO/2000's/Baby Bash & T Pain - Cyclone.mp4
G Eazy & Kehlani,Good Life,RVTR099174,RVTR058756,vdj,hot100,100,exact,100,/Users/bobhopp/DJ MEDIA/VIDEO/2010's/G Eazy & Kehlani - Good Life.mp4
Mark Ronson,Uptown Funk (Original),RVTR932648,RVTR850947,vdj,hot100,100,exact,100,/Users/bobhopp/DJ MEDIA/VIDEO/2010's/Mark Ronson - Uptown Funk.mp4
Alice Cooper,I'm Eighteen,RVTR060633,RVTR465803,vdj,hot100_vdj,100,exact,100,/Users/bobhopp/DJ MEDIA/VIDEO/1970's/Alice Cooper - I'm Eighteen.mp4
Electric Light Orchestra,Telephone Line (Live),RVTR738439,RVTR613828,vdj,hot100_vdj,100,exact,100,/Users/bobhopp/DJ MEDIA/VIDEO/1970's/ELO - Telephone Line (Live).mp4
Auburn With Iyaz,La La La,RVTR299101,RVTR268873,vdj,hot100,100,exact,100,/Users/bobhopp/DJ MEDIA/VIDEO/2010's/Auburn With Iyaz - La La La.mp4
Jay Sean &  Lil Wayne,Down,RVTR785512,RVTR930603,vdj,hot100_vdj,100,exact,100,/Users/bobhopp/DJ MEDIA/VIDEO/2000's/Jay Sean &  Lil Wayne - Down.mp4
James Gang,Walk Away (1971),RVTR363968,RVTR489211,vdj,hot100,100,exact,100,/Users/bobhopp/DJ MEDIA/VIDEO/1970's/James Gang - Walk Away (1971).mp4
A$AP Rocky,Fkin' Problems,RVTR479672,RVTR919905,vdj,hot100,100,exact,100,/Users/bobhopp/DJ MEDIA/VIDEO/2010's/A$AP ROCKY - Fkin' Problems.mp4
Chubb Rock,Treat Em Right,RVTR839373,RVTR043821,vdj,hot100,100,exact,100,/Users/bobhopp/DJ MEDIA/VIDEO/1980's/Chubb Rock - Treat Em Right.mp4
3 Doors Down,When I m Gone,RVTR533227,RVTR694462,vdj,hot100,100,exact,100,/Users/bobhopp/DJ MEDIA/VIDEO/1990's/3 Doors Down - When I m Gone.mp4
Jo Boxers,Just Got Lucky,RVTR704035,RVTR665148,vdj,hot100,100,exact,100,/Users/bobhopp/DJ MEDIA/VIDEO/1980's/Jo Boxers - Just Got Lucky.mp4
Marrs,Pump Up The Volume,RVTR183513,RVTR646193,vdj,hot100_vdj,100,exact,100,/Users/bobhopp/DJ MEDIA/VIDEO/1980's/Marrs - Pump Up The Volume.mp4
Sweet,The Ballroom Blitz,RVTR474161,RVTR388478,vdj,hot100_vdj,100,exact,100,/Users/bobhopp/DJ MEDIA/VIDEO/1970's/Sweet - The Ballroom Blitz.mp4
Nazareth,Love Hurts (1974),RVTR167987,RVTR528354,vdj,hot100_vdj,100,exact,100,/Users/bobhopp/DJ MEDIA/VIDEO/1970's/Nazareth - Love Hurts (1974).mp4
David Lee Roth,Goin Crazy,RVTR850303,RVTR229565,vdj,hot100,100,exact,100,/Users/bobhopp/DJ MEDIA/VIDEO/1980's/David Lee Roth - Goin Crazy.mp4
The Seeds,Pushin Too Hard,RVTR362946,RVTR952470,vdj,hot100,100,exact,100,/Users/bobhopp/DJ MEDIA/VIDEO/1960's/The Seeds - Pushin Too Hard.mp4
Sugarloaf,Green Eyed Lady,RVTR966874,RVTR966875,vdj,hot100,100,exact,100,/Users/bobhopp/DJ MEDIA/VIDEO/1970's/Sugarloaf - Green Eyed Lady.mp4
David Bowie,Day In Day Out,RVTR800991,RVTR800992,vdj,hot100,100,exact,100,/Users/bobhopp/DJ MEDIA/VIDEO/1980's/David Bowie - Day In Day Out.mp4
Lulu,To Sir With Love  (BW),RVTR799239,RVTR265623,vdj,hot100_vdj,100,exact,100,/Users/bobhopp/DJ MEDIA/VIDEO/1960's/Lulu - To Sir With Love (BW).mp4
Bobby Darin,Beyond the Sea (Finding Nemo),RVTR267896,RVTR645514,vdj,hot100,100,exact,100,/Users/bobhopp/DJ MEDIA/VIDEO/1960's/Bobby Darin - Beyond the Sea.mp4
ZZ Top,La Grange (Peanuts),RVTR985742,RVTR529438,vdj,hot100_vdj,100,exact,100,/Users/bobhopp/DJ MEDIA/VIDEO/1970's/ZZ Top - La Grange (Peanuts).mp4
Hootie & The Blowfish,Time,RVTR556081,RVTR391144,vdj,hot100,100,exact,100,/Users/bobhopp/DJ MEDIA/VIDEO/1990's/Hootie & The Blowfish - Time.mp4
Drake,Over [Clean Version],RVTR699868,RVTR665973,vdj,hot100_vdj,100,exact,100,/Users/bobhopp/DJ MEDIA/VIDEO/2010's/Drake - Over (Clean Version).mp4
Danity Kane & Diddy,Damaged,RVTR623340,RVTR073947,vdj,hot100_vdj,100,exact,100,/Users/bobhopp/DJ MEDIA/VIDEO/2000's/Danity Kane & Diddy - Damaged.mp4
Poison,Mama's Fallen Angel,RVTR541128,RVTR031079,vdj,hot100_vdj,100,exact,100,/Users/bobhopp/DJ MEDIA/VIDEO/1980's/Poison - Mama's Fallen Angel.mp4
Run DMC,Down With The King,RVTR334046,RVTR045839,vdj,hot100,100,exact,100,/Users/bobhopp/DJ MEDIA/VIDEO/1990's/Run DMC - Down With The King.mp4
Lil Jon Ft. Tyga,Bend Ova,RVTR740808,RVTR715609,vdj,hot100,100,exact,100,/Users/bobhopp/DJ MEDIA/VIDEO/2010's/Lil Jon feat. Tyga - Bend Ova.MP4
Clarence Carter,Slip Away (Soul Train),RVTR312921,RVTR873580,vdj,hot100_vdj,100,exact,100,"/Users/bobhopp/DJ MEDIA/VIDEO/1960's/Clarence Carter, ""Slip Away"".mp4"
Rick Nelson,It s Up To You,RVTR552366,RVTR896029,vdj,hot100_vdj,100,exact,100,/Users/bobhopp/DJ MEDIA/VIDEO/1950's/Rick Nelson - It s Up To You.mp4
Little River Band,Lady 1978,RVTR707718,RVTR494787,vdj,hot100_vdj,100,exact,100,/Users/bobhopp/DJ MEDIA/VIDEO/1970's/Little River Band - Lady 1978.mp4
Olivia Newton John,Xanadu,RVTR833280,RVTR507143,vdj,hot100,100,exact,100,/Users/bobhopp/DJ MEDIA/VIDEO/1980's/Olivia Newton John - Xanadu.mp4
Bryan Adams,It's Only Love,RVTR270125,RVTR027221,vdj,hot100,100,exact,100,/Users/bobhopp/DJ MEDIA/VIDEO/1980's/Bryan Adams - It's Only Love.mp4
Madonna,Music (Lp Version),RVTR047836,RVTR528167,vdj,hot100_vdj,100,exact,100,/Users/bobhopp/DJ MEDIA/VIDEO/2000's/Madonna - Music (Lp Version).mp4
Chad & Jeremy,A Summer Song,RVTR622838,RVTR830178,vdj,hot100,100,exact,100,/Users/bobhopp/DJ MEDIA/VIDEO/1960's/Chad & Jeremy - A Summer Song.mp4
Lizzo,Rumors feat. Cardi B,RVTR751296,RVTR015823,vdj,hot100,100,exact,100,/Users/bobhopp/DJ MEDIA/VIDEO/2020's/Lizzo feat. Cardi B - Rumors.mp4
Dierks Bentley,Beers On Me,RVTR356873,RVTR030782,vdj,hot100,100,exact,100,/Users/bobhopp/DJ MEDIA/VIDEO/2020's/Dierks Bentley - Beers On Me.mp4
Wale Ft. Tiara Thomas,Bad,RVTR280366,RVTR952487,vdj,hot100,100,exact,100,/Users/bobhopp/DJ MEDIA/VIDEO/2010's/Wale feat. Tiara Thomas - Bad.mp4
Kool & The Gang,Celebration,RVTR212827,RVTR291160,vdj,hot100,100,exact,100,/Users/bobhopp/DJ MEDIA/VIDEO/1980's/Kool & The Gang - Celebration.mp4
Blink 182,Whats My Age Again,RVTR105695,RVTR750527,vdj,hot100,100,exact,100,/Users/bobhopp/DJ MEDIA/VIDEO/1990's/Blink 182 - Whats My Age Again.mp4
K7,Move It Like This (Clean),RVTR704244,RVTR463853,vdj,hot100,100,exact,100,/Users/bobhopp/DJ MEDIA/VIDEO/1990's/K7 - Move It Like This (Clean).mp4
Jamie Foxx & T Pain,Blame It,RVTR679354,RVTR807665,vdj,hot100_vdj,100,exact,100,/Users/bobhopp/DJ MEDIA/VIDEO/2000's/Jamie Foxx & T Pain - Blame It.mp4
Hot Butter,Pop Corn (Dance),RVTR167187,RVTR882232,vdj,hot100_vdj,100,exact,100,/Users/bobhopp/DJ MEDIA/VIDEO/1970's/Hot Butter - Pop Corn (Dance).mp4
Nelly,Shake Ya Tailfeather,RVTR048991,RVTR845614,vdj,hot100,100,exact,100,/Users/bobhopp/DJ MEDIA/VIDEO/2000's/Nelly - Shake Ya Tailfeather.mp4
Minnie Riperton,Lovin You,RVTR936069,RVTR508665,vdj,hot100,100,exact,100,/Users/bobhopp/DJ MEDIA/VIDEO/1970's/Minnie Riperton - Lovin You.mp4
Seals & Crofts,Diamond Girl,RVTR607356,RVTR501659,vdj,hot100,100,exact,100,/Users/bobhopp/DJ MEDIA/VIDEO/1970's/Seals & Crofts - Diamond Girl.mp4
Marty Robbins,El Paso City,RVTR662124,RVTR130548,vdj,hot100_vdj,100,exact,100,/Users/bobhopp/DJ MEDIA/VIDEO/COUNTRY/FILL/Marty Robbins - El Paso City.mp4
Destiny's Child,Nasty Girl,RVTR077715,RVTR197362,vdj,hot100,100,exact,100,/Users/bobhopp/DJ MEDIA/VIDEO/TECHNO/Destiny's Child - Nasty Girl.mp4
Snap!,Rhythm Is A Dancer 2003,RVTR481079,RVTR688337,vdj,hot100_vdj,100,exact,100,/Users/bobhopp/DJ MEDIA/VIDEO/TECHNO/Snap! - Rhythm Is A Dancer 2003.mp4
Kool & The Gang,Ladies Night,RVTR953549,RVTR592610,vdj,hot100,100,exact,100,/Users/bobhopp/DJ MEDIA/VIDEO/1980's/Kool & The Gang - Ladies Night.mp4
DJ Sammy & Yanou f.Do,Heaven,RVTR201409,RVTR526486,vdj,hot100_vdj,100,exact,100,/Users/bobhopp/DJ MEDIA/VIDEO/TECHNO/DJ Sammy & Yanou f.Do - Heaven.mp4
Bob Seger,We ve Got Tonight,RVTR604522,RVTR118259,vdj,hot100_vdj,100,exact,100,/Users/bobhopp/DJ MEDIA/VIDEO/1970's/Bob Seger - We ve Got Tonight.mp4
Kool Moe Dee,Wild Wild West,RVTR923428,RVTR923429,vdj,hot100,100,exact,100,/Users/bobhopp/DJ MEDIA/VIDEO/1980's/Kool Moe Dee - Wild Wild West.mp4
Jay Z,Run This Town,RVTR362357,RVTR518463,vdj,hot100,100,exact,100,/Users/bobhopp/DJ MEDIA/VIDEO/2000's/Jay Z - Run This Town (Dirty).mp4
Boston,Foreplay/Long Time,RVTR063784,RVTR044755,vdj,hot100,100,exact,100,/Users/bobhopp/DJ MEDIA/VIDEO/1970's/Boston - Foreplay_Long Time.mp4
Bulletboys,Smooth Up In Ya,RVTR996201,RVTR056547,vdj,hot100,100,exact,100,/Users/bobhopp/DJ MEDIA/VIDEO/1980's/Bulletboys - Smooth Up In Ya.mp4
Rihanna Ft. Mikky Ekko,Stay,RVTR726583,RVTR060302,vdj,hot100,100,exact,100,/Users/bobhopp/DJ MEDIA/VIDEO/2010's/Rihanna Ft. Mikky Ekko - Stay.mp4
Flo Rida,Sugar feat. Wynter,RVTR354329,RVTR324249,vdj,hot100,100,exact,100,/Users/bobhopp/DJ MEDIA/VIDEO/2000's/Flo Rida feat. Wynter - Sugar.mp4
Queen,You re My Best Friend,RVTR134032,RVTR084326,vdj,hot100_vdj,100,exact,100,/Users/bobhopp/DJ MEDIA/VIDEO/1970's/Queen - You re My Best Friend.mp4
Glenn Frey,Smugglers Blues,RVTR259871,RVTR887287,vdj,hot100,100,exact,100,/Users/bobhopp/DJ MEDIA/VIDEO/1980's/Glenn Frey - Smugglers Blues.mp4
Godsmack,Cryin  Like A Bitch,RVTR878081,RVTR801046,vdj,hot100,100,exact,100,/Users/bobhopp/DJ MEDIA/VIDEO/2010's/Godsmack - Cryin  Like A Bitch.mp4
Bee Gees,Staying Alive (Mix),RVTR793838,RVTR379778,vdj,hot100,100,exact,100,/Users/bobhopp/DJ MEDIA/VIDEO/1970's/Bee Gees - Staying Alive (Mix).mp4
C+C Music Factory,Here We Go,RVTR812568,RVTR920045,vdj,hot100,100,exact,100,/Users/bobhopp/DJ MEDIA/VIDEO/1990's/C+C Music Factory - Here We Go.mp4
Pitbull feat. Lil Jon,Krazy,RVTR789125,RVTR989665,vdj,hot100,100,exact,100,/Users/bobhopp/DJ MEDIA/VIDEO/2000's/Pitbull feat. Lil Jon - Krazy.mp4
MC Hammer,U Can't Touch This,RVTR793456,RVTR342953,vdj,hot100,100,exact,100,/Users/bobhopp/DJ MEDIA/VIDEO/1990's/MC Hammer - U Can't Touch This.mp4
Wreckx N Effect,Rump Shaker,RVTR462524,RVTR720027,vdj,hot100_vdj,100,exact,100,/Users/bobhopp/DJ MEDIA/VIDEO/1990's/Wreckx N Effect - Rump Shaker.mp4
Jay Z,Can't Knock The Hustle,RVTR345659,RVTR827390,vdj,hot100,100,exact,100,/Users/bobhopp/DJ MEDIA/VIDEO/1990's/Jay Z - Can't Knock The Hustle.mp4
Drake Ft. 21 Savage,Sneakin,RVTR432663,RVTR588690,vdj,hot100,100,exact,100,/Users/bobhopp/DJ MEDIA/VIDEO/2010's/Drake feat. 21 Savage - Sneakin.mp4
B.O.B.,We Still In This Bitch,RVTR503419,RVTR592975,vdj,hot100,100,exact,100,/Users/bobhopp/DJ MEDIA/VIDEO/2010's/B.O.B. - We Still In This Bitch.mp4
AC/DC,Back In Black (Peanuts),RVTR179376,RVTR828046,vdj,hot100_vdj,100,exact,100,/Users/bobhopp/DJ MEDIA/VIDEO/1980's/AC_DC - Back In Black (Peanuts).mp4
Metallica,The Unforgiven Ii,RVTR646664,RVTR740598,hot100_vdj,hot100_vdj,100,exact,100,/Users/bobhopp/DJ MEDIA/VIDEO/1990's/Metallica - The Unforgiven Ii.mp4
Bad Company,Youngblood,RVTR901538,RVTR785258,vdj,hot100,100,exact,100,/Users/bobhopp/DJ MEDIA/VIDEO/1970's/Bad Company - Youngblood.mp4d.mp4
"Earth, Wind & Fire",September,RVTR577946,RVTR349090,vdj,hot100,100,exact,100,"/Users/bobhopp/DJ MEDIA/VIDEO/1970's/Earth, Wind & Fire - September .mp4"
Whitesnake,Here I Go Again 87,RVTR594301,RVTR153987,vdj,hot100_vdj,100,exact,100,/Users/bobhopp/DJ MEDIA/VIDEO/1980's/Whitesnake - Here I Go Again 87.mp4
Jackson 5,ABC (Carol Burnett),RVTR569168,RVTR998338,vdj,hot100_vdj,100,exact,100,/Users/bobhopp/DJ MEDIA/VIDEO/1970's/Jackson 5 - ABC (Carol Burnett).mp4
Daddy Yankee & Snow,Con Calma,RVTR858321,RVTR003548,vdj,hot100,100,exact,100,/Users/bobhopp/DJ MEDIA/VIDEO/2010's/Daddy Yankee & Snow - Con Calma.mp4
Freda Payne,Band Of Gold (1970),RVTR326942,RVTR281567,vdj,hot100_vdj,100,exact,100,/Users/bobhopp/DJ MEDIA/VIDEO/1970's/Freda Payne - Band Of Gold (1970).mp4
Kool & The Gang,Jungle Boogie,RVTR760298,RVTR995506,vdj,hot100,100,exact,100,/Users/bobhopp/DJ MEDIA/VIDEO/1970's/Kool & The Gang - Jungle Boogie.mp4
Mouth & MacNeal,How Do You Do?,RVTR291554,RVTR521270,vdj,hot100,100,exact,100,/Users/bobhopp/DJ MEDIA/VIDEO/1970's/Mouth & MacNeal - How Do You Do.mp4
Drake Ft Rihanna,Take Care,RVTR078455,RVTR610521,vdj,hot100,100,exact,100,/Users/bobhopp/DJ MEDIA/VIDEO/2010's/Drake feat. Rihanna - Take Care.mp4
Justin Timberlake,Sexy Back,RVTR567651,RVTR851595,vdj,hot100_vdj,100,exact,100,/Users/bobhopp/DJ MEDIA/VIDEO/2000's/Justin Timberlake - Sexy Back.mp4
Dan & Shay,From The Ground Up,RVTR446977,RVTR268145,vdj,hot100_vdj,100,exact,100,/Users/bobhopp/DJ MEDIA/VIDEO/2010's/Dan & Shay - From The Ground Up.mp4
Joan Jett,I Love Rock N' Roll,RVTR631706,RVTR939765,vdj,hot100,100,exact,100,/Users/bobhopp/DJ MEDIA/VIDEO/1980's/Joan Jett - I Love Rock N' Roll.mp4
The B-52's,Rock Lobster (Live),RVTR632869,RVTR284275,vdj,hot100,100,exact,100,/Users/bobhopp/DJ MEDIA/VIDEO/1980's/The B-52's - Rock Lobster (Live).mp4
Tyga Ft. Young Thug,Hookah,RVTR006778,RVTR243084,vdj,hot100,100,exact,100,/Users/bobhopp/DJ MEDIA/VIDEO/2010's/Tyga feat. Young Thug - Hookah.MP4
Kool & The Gang,Get Down On It,RVTR606551,RVTR150986,vdj,hot100,100,exact,100,/Users/bobhopp/DJ MEDIA/VIDEO/1980's/Kool & The Gang - Get Down On It.mp4
Donovan,Catch The Wind (Live),RVTR673480,RVTR399731,vdj,hot100_vdj,100,exact,100,/Users/bobhopp/DJ MEDIA/VIDEO/1960's/Donovan - Catch The Wind (Live).mp4
The Beatles,A Hard Days Night,RVTR319953,RVTR140033,vdj,hot100,100,exact,100,/Users/bobhopp/DJ MEDIA/VIDEO/1960's/The Beatles - A Hard Days Night.mp4
Donovan,Catch The Wind (Live),RVTR673480,RVTR399731,vdj,hot100_vdj,100,exact,100,/Users/bobhopp/DJ MEDIA/VIDEO/1970's/Donovan - Catch The Wind (Live).mp4
Ke$ha,Blah Blah Blah (feat. 3OH!3),RVTR135868,RVTR155781,vdj,hot100_vdj,100,exact,100,/Users/bobhopp/DJ MEDIA/VIDEO/2010's/Ke$ha feat. 3OH!3 - Blah Blah Blah.mp4
Dr. Dre,Nuthin' But A 'G' Thang,RVTR011523,RVTR524582,vdj,hot100,100,exact,100,/Users/bobhopp/DJ MEDIA/VIDEO/1990's/Dr. Dre - Nuthin' But A 'G' Thang.mp4
Billy Idol,White Wedding Pt 1,RVTR709702,RVTR345978,vdj,hot100_vdj,100,exact,100,/Users/bobhopp/DJ MEDIA/VIDEO/1980's/Billy Idol - White Wedding Pt 1.mp4
Cheryl Barnes,Easy To Be Hard,RVTR397933,RVTR176357,vdj,hot100,100,exact,100,/Users/bobhopp/DJ MEDIA/VIDEO/1970's/Cheryl Barnes - Easy To Be Hard.mp4
Janet Jackson,Together Again,RVTR345519,RVTR535107,vdj,hot100_vdj,100,exact,100,/Users/bobhopp/DJ MEDIA/VIDEO/TECHNO/Janet Jackson - Together Again.mp4
Verve,Bittersweet Symphony,RVTR008942,RVTR163528,vdj,hot100_vdj,100,exact,100,/Users/bobhopp/DJ MEDIA/VIDEO/1990's/Verve - Bittersweet Symphony.mp4
Shakira Ft. Maluma,Chantaje,RVTR704972,RVTR350525,vdj,hot100,100,exact,100,/Users/bobhopp/DJ MEDIA/VIDEO/2010's/Shakira feat. Maluma - Chantaje.mp4
Chris Isaak,Wicked Game (Live),RVTR422798,RVTR433913,vdj,hot100_vdj,100,exact,100,/Users/bobhopp/DJ MEDIA/VIDEO/1980's/Chris Isaak - Wicked Game (Live).mp4
Bee Gees,To Love Somebody (BW),RVTR331204,RVTR604727,vdj,hot100_vdj,100,exact,100,/Users/bobhopp/DJ MEDIA/VIDEO/1960's/Bee Gees - To Love Somebody (BW).mp4
Lulu,To Sir With Love  (Color),RVTR936353,RVTR265623,vdj,hot100_vdj,100,exact,100,/Users/bobhopp/DJ MEDIA/VIDEO/1960's/Lulu - To Sir With Love (Color).mp4
Green Day,American Idiot Live,RVTR010313,RVTR919948,vdj,hot100_vdj,100,exact,100,/Users/bobhopp/DJ MEDIA/VIDEO/2000's/Green Day - American Idiot Live.mp4
Sammy Johns,Chevy Van(Clips),RVTR125633,RVTR356489,vdj,hot100_vdj,100,exact,100,/Users/bobhopp/DJ MEDIA/VIDEO/1970's/Sammy Johns - Chevy Van (Clips).mp4
Ting Tings,That's Not My Name,RVTR277396,RVTR475559,vdj,hot100,100,exact,100,/Users/bobhopp/DJ MEDIA/VIDEO/2000's/Ting Tings - That's Not My Name.mp4
Donna Summer,Hot Stuff(Live),RVTR305891,RVTR188932,vdj,hot100_vdj,100,exact,100,/Users/bobhopp/DJ MEDIA/VIDEO/1970's/Donna Summer - Hot Stuff (Live).mp4
B Rock & The Bizz,My Baby Daddy,RVTR860850,RVTR515182,vdj,hot100,100,exact,100,/Users/bobhopp/DJ MEDIA/VIDEO/1990's/B Rock & The Bizz - My Baby Daddy.mp4
Colbie Caillat,Fallin For You,RVTR102699,RVTR607189,vdj,hot100,100,exact,100,/Users/bobhopp/DJ MEDIA/VIDEO/2000's/Colbie Caillat - Fallin For You.mp4
The Beau Brummels,Laugh Laugh,RVTR024629,RVTR024630,vdj,hot100,100,exact,100,/Users/bobhopp/DJ MEDIA/VIDEO/1960's/The Beau Brummels - Laugh Laugh.mp4
Fergie,London Bridge (Oh Shit),RVTR794075,RVTR981076,vdj,hot100_vdj,100,exact,100,/Users/bobhopp/DJ MEDIA/VIDEO/2000's/Fergie - London Bridge (Oh Shit).mp4
Tinashe Ft. Schoolboy Q,2 On,RVTR910220,RVTR790108,vdj,hot100_vdj,100,exact,100,/Users/bobhopp/DJ MEDIA/VIDEO/2010's/Tinashe feat. Schoolboy Q - 2 On.MP4
Mouth & MacNeal,How Do You Do? (Wedding),RVTR291554,RVTR521270,vdj,hot100,100,exact,100,/Users/bobhopp/DJ MEDIA/VIDEO/1970's/Mouth & MacNeal - How Do You Do_.mp4
Kylie Minogue,The Locomotion,RVTR213328,RVTR855919,vdj,hot100,100,exact,100,/Users/bobhopp/DJ MEDIA/VIDEO/1980's/Kylie Minogue - The Locomotion.mp4
Teeflii Ft. 2 Chainz,24 Hours,RVTR410280,RVTR148806,vdj,hot100,100,exact,100,/Users/bobhopp/DJ MEDIA/VIDEO/2010's/Teeflii feat. 2 Chainz - 24 Hours.mp4
Chris Brown & T Pain,Kiss Kiss,RVTR502384,RVTR319178,vdj,hot100_vdj,100,exact,100,/Users/bobhopp/DJ MEDIA/VIDEO/2000's/Chris Brown & T Pain - Kiss Kiss.mp4
Dire Straits,Skateaway (Live),RVTR189173,RVTR575277,vdj,hot100_vdj,100,exact,100,/Users/bobhopp/DJ MEDIA/VIDEO/1980's/Dire Straits - Skateaway (Live).mp4
Electric Boys,All Lips N  Hips,RVTR349283,RVTR971812,vdj,hot100,100,exact,100,/Users/bobhopp/DJ MEDIA/VIDEO/1990's/Electric Boys - All Lips N  Hips.mp4
"Doja Cat, The Weeknd",You Right,RVTR254307,RVTR007163,vdj,hot100,100,exact,100,"/Users/bobhopp/DJ MEDIA/VIDEO/2020's/Doja Cat, The Weeknd - You Right.mp4"
Madonna,Music : Disco Inferno,RVTR624229,RVTR528167,vdj,hot100_vdj,100,exact,100,/Users/bobhopp/DJ MEDIA/VIDEO/2000's/Madonna - Music _ Disco Inferno.mp4
Tom Petty,Runnin Down A Dream,RVTR883062,RVTR986036,vdj,hot100,100,exact,100,/Users/bobhopp/DJ MEDIA/VIDEO/1980's/Tom Petty - Runnin Down A Dream.mp4
Jim Stafford,Swamp Witch (1974),RVTR430060,RVTR510197,vdj,hot100_vdj,100,exact,100,/Users/bobhopp/DJ MEDIA/VIDEO/1970's/Jim Stafford - Swamp Witch (1974).mp4
Poison,Nothin  But A Good Time,RVTR444988,RVTR116993,vdj,hot100,100,exact,100,/Users/bobhopp/DJ MEDIA/VIDEO/1980's/Poison - Nothin  But A Good Time.mp4
Brandy & Monica,The Boy Is Mine,RVTR244481,RVTR253202,vdj,hot100,100,exact,100,/Users/bobhopp/DJ MEDIA/VIDEO/1990's/Brandy & Monica - The Boy Is Mine.mp4
"Earth, Wind & Fire",Let's Groove,RVTR452967,RVTR226885,vdj,hot100,100,exact,100,"/Users/bobhopp/DJ MEDIA/VIDEO/1980's/Earth, Wind & Fire - Let's Groove.mp4"
Moody Blues,Go Now,RVTR393833,RVTR643323,vdj,hot100,100,exact,100,/Users/bobhopp/DJ MEDIA/VIDEO/1960's/Moody Blues - Go Now Hullabaloo.mp4
Daniel Boone,Beautiful Sunday (1996) HD 0815007,RVTR271828,RVTR040819,vdj,hot100_vdj,100,exact,100,/Users/bobhopp/DJ MEDIA/VIDEO/1970's/Daniel Boone - Beautiful Sunday.mp4
Bee Gees,Lonely Days (Live),RVTR955298,RVTR728658,vdj,hot100_vdj,100,exact,100,/Users/bobhopp/DJ MEDIA/VIDEO/1970's/The Bee Gees - Lonely Days (Live).mp4
Toni Braxton,Unbreak My Heart,RVTR385266,RVTR867864,vdj,hot100,100,exact,100,/Users/bobhopp/DJ MEDIA/VIDEO/1990's/Toni Braxton - Unbreak My Heart.mp4
Flo Rida & Will.I.Am,In The Ayer,RVTR516600,RVTR425618,vdj,hot100_vdj,100,exact,100,/Users/bobhopp/DJ MEDIA/VIDEO/2000's/Flo Rida & Will.I.Am - In The Ayer.mp4
Ben E. King,Stand By Me (Lyrics),RVTR821294,RVTR430551,vdj,hot100_vdj,100,exact,100,/Users/bobhopp/DJ MEDIA/VIDEO/1960's/Ben E. King - Stand By Me (Lyrics).mp4
Captain & Tennille,Shop Around,RVTR010196,RVTR822616,vdj,hot100,100,exact,100,/Users/bobhopp/DJ MEDIA/VIDEO/1970's/Captain & Tennille - Shop Around.mp4
Bon Jovi,This Ain t A Love Song,RVTR569953,RVTR636324,vdj,hot100_vdj,100,exact,100,/Users/bobhopp/DJ MEDIA/VIDEO/1990's/Bon Jovi - This Ain t A Love Song.mp4
Lauv & Troye Sivan,I'm So Tired...,RVTR130703,RVTR566251,vdj,hot100,100,exact,100,/Users/bobhopp/DJ MEDIA/VIDEO/2010's/Lauv & Troye Sivan - I'm So Tired.mp4
Young Jeezy & R. Kelly,Go Getta,RVTR321242,RVTR655541,vdj,hot100_vdj,100,exact,100,/Users/bobhopp/DJ MEDIA/VIDEO/2000's/Young Jeezy & R. Kelly - Go Getta.mp4
SKRILLEX,Bangarang feat. Sirah,RVTR180521,RVTR763539,vdj,hot100,100,exact,100,/Users/bobhopp/DJ MEDIA/VIDEO/2010's/SKRILLEX feat. Sirah - Bangarang.mp4
J. Cole Ft. Miguel,Power Trip,RVTR788981,RVTR454571,vdj,hot100,100,exact,100,/Users/bobhopp/DJ MEDIA/VIDEO/2010's/J. Cole feat. Miguel - Power Trip.mp4
Johnny Cash,Ring Of Fire (1970'S),RVTR040027,RVTR910671,vdj,hot100_vdj,100,exact,100,/Users/bobhopp/DJ MEDIA/VIDEO/1970's/Johnny Cash - Ring Of Fire (1970'S).mp4
Paul Revere & The Raiders,Kicks,RVTR416454,RVTR178349,vdj,hot100,100,exact,100,/Users/bobhopp/DJ MEDIA/VIDEO/1960's/Paul Revere & The Raiders - Kicks.mp4
Emerson Lake & Palmer,Lucky Man,RVTR331641,RVTR751841,vdj,hot100,100,exact,100,/Users/bobhopp/DJ MEDIA/VIDEO/1970's/Emerson Lake & Palmer - Lucky Man.mp4
Harry Chapin,Cats in the Cradle,RVTR138514,RVTR886880,vdj,hot100,100,exact,100,/Users/bobhopp/DJ MEDIA/VIDEO/1970's/Harry Chapin - Cats in the Cradle.mp4
Jeremih,Birthday Sex Radio Mix,RVTR874045,RVTR268566,vdj,hot100_vdj,100,exact,100,/Users/bobhopp/DJ MEDIA/VIDEO/2000's/Jeremih - Birthday Sex Radio Mix.mp4
Young Rascals,How Can I Be Sure,RVTR156370,RVTR216901,vdj,hot100_vdj,100,exact,100,/Users/bobhopp/DJ MEDIA/VIDEO/1960's/Young Rascals - How Can I Be Sure.mp4
Ke$Ha Ft. Will.I.Am,Crazy Kids,RVTR624194,RVTR394630,vdj,hot100,100,exact,100,/Users/bobhopp/DJ MEDIA/VIDEO/2010's/Ke$Ha feat. Will.I.Am - Crazy Kids.mp4
The Beach Boys,In My Room (Live),RVTR094397,RVTR064157,vdj,hot100_vdj,100,exact,100,/Users/bobhopp/DJ MEDIA/VIDEO/1960's/The Beach Boys - In My Room (Live).mp4
The Animals,Inside Looking Out,RVTR312580,RVTR312581,vdj,hot100,100,exact,100,/Users/bobhopp/DJ MEDIA/VIDEO/1960's/The Animals - Inside Looking Out.mp4
Jackson 5,ABC (Ed Sullivan Show),RVTR139481,RVTR998338,vdj,hot100_vdj,100,exact,100,/Users/bobhopp/DJ MEDIA/VIDEO/1970's/Jackson 5 - ABC (Ed Sullivan Show).mp4
Drake,Headlines (CLEAN VERSION),RVTR660001,RVTR078100,vdj,hot100,100,exact,100,/Users/bobhopp/DJ MEDIA/VIDEO/2010's/Drake - Headlines (CLEAN VERSION).mp4
Booker T & The MG's,Green Onions,RVTR196584,RVTR022688,vdj,hot100,100,exact,100,/Users/bobhopp/DJ MEDIA/VIDEO/1960's/Booker T & The MG's - Green Onions.mp4
The Moody Blues,Ride My See Saw,RVTR822658,RVTR822659,vdj,hot100,100,exact,100,/Users/bobhopp/DJ MEDIA/VIDEO/1960's/The Moody Blues - Ride My See Saw.mp4
Michael Jackson,Thriller (Edit),RVTR318855,RVTR336241,vdj,hot100_vdj,100,exact,100,/Users/bobhopp/DJ MEDIA/VIDEO/1980's/Michael Jackson - Thriller (Edit).mp4
Electric Light Orchestra,Four Little Diamonds (Live),RVTR268556,RVTR737128,vdj,hot100_vdj,100,exact,100,/Users/bobhopp/DJ MEDIA/VIDEO/1980's/ELO - Four Little Diamonds (Live).mp4
Future Ft. Drake,Used To This,RVTR074886,RVTR491446,vdj,hot100,100,exact,100,/Users/bobhopp/DJ MEDIA/VIDEO/2010's/Future feat. Drake - Used To This.mp4
The Turtles,You Showed Me Live,RVTR476788,RVTR424363,vdj,hot100_vdj,100,exact,100,/Users/bobhopp/DJ MEDIA/VIDEO/1960's/The Turtles - You Showed Me Live.mp4
Mazzy Star,Fade Into You (Live),RVTR279433,RVTR092283,vdj,hot100_vdj,100,exact,100,/Users/bobhopp/DJ MEDIA/VIDEO/2010's/Mazzy Star - Fade Into You (Live).mp4
Right Said Fred,I'm Too Sexy 2007,RVTR862914,RVTR595832,vdj,hot100,100,exact,100,/Users/bobhopp/DJ MEDIA/VIDEO/TECHNO/Right Said Fred - I'm Too Sexy 2007.mp4
Doors,Riders On The Storm (Mix),RVTR917782,RVTR313371,vdj,hot100_vdj,100,exact,100,/Users/bobhopp/DJ MEDIA/VIDEO/1970's/Doors - Riders On The Storm (Mix).mp4
Marshmello & Anne-Marie,Friends,RVTR377810,RVTR272289,vdj,hot100,100,exact,100,/Users/bobhopp/DJ MEDIA/VIDEO/2010's/Marshmello & Anne-Marie - Friends.mp4
Donny Osmond,Puppy Love (TOTP),RVTR134763,RVTR192128,vdj,hot100_vdj,100,exact,100,/Users/bobhopp/DJ MEDIA/VIDEO/1970's/Donny Osmond - Puppy Love (TOTP).mp4
Sugarhill Gang,Rappers Delight,RVTR596167,RVTR234403,vdj,hot100,100,exact,100,/Users/bobhopp/DJ MEDIA/VIDEO/1980's/Sugarhill Gang - Rappers Delight.mp4
Lil Wayne Ft. Drake,Believe Me,RVTR187820,RVTR677111,vdj,hot100,100,exact,100,/Users/bobhopp/DJ MEDIA/VIDEO/2010's/Lil Wayne feat. Drake - Believe Me.mp4
Santana With Rob Thomas,Smooth,RVTR626588,RVTR169653,vdj,hot100,100,exact,100,/Users/bobhopp/DJ MEDIA/VIDEO/1990's/Santana With Rob Thomas - Smooth.mp4
"Emerson, Lake & Palmer",Lucky Man,RVTR331641,RVTR751841,vdj,hot100,100,exact,100,"/Users/bobhopp/DJ MEDIA/VIDEO/1970's/Emerson, Lake & Palmer - Lucky Man.mp4"
Amii Stewart,Knock On Wood (2014),RVTR758114,RVTR978976,vdj,hot100_vdj,100,exact,100,/Users/bobhopp/DJ MEDIA/VIDEO/1970's/Amii Stewart - Knock On Wood (2014).mp4
All American Rejects,Move Along,RVTR700052,RVTR929815,vdj,hot100_vdj,100,exact,100,/Users/bobhopp/DJ MEDIA/VIDEO/2000's/All American Rejects - Move Along.mp4
Cyndi Lauper,True Colors (Live),RVTR838856,RVTR994879,vdj,hot100_vdj,100,exact,100,/Users/bobhopp/DJ MEDIA/VIDEO/1990's/Cyndi Lauper - True Colors (Live).mp4
Simon & Garfunkel,Mrs. Robinson,RVTR804164,RVTR556212,vdj,hot100,100,exact,100,/Users/bobhopp/DJ MEDIA/VIDEO/1960's/Simon & Garfunkel - Mrs. Robinson.mp4
"Earth, Wind & Fire",Shinning Star,RVTR357318,RVTR094386,vdj,hot100,100,exact,100,"/Users/bobhopp/DJ MEDIA/VIDEO/1970's/Earth, Wind & Fire - Shinning Star.mp4"
Destiny's Child,"No, No, No Part 2",RVTR900008,RVTR915732,vdj,hot100,100,exact,100,"/Users/bobhopp/DJ MEDIA/VIDEO/1990's/Destiny's Child - No, No, No Part 2.mp4"
The Beach Boys,Barbara Ann (Live),RVTR441039,RVTR315867,vdj,hot100_vdj,100,exact,100,/Users/bobhopp/DJ MEDIA/VIDEO/1960's/The Beach Boys - Barbara Ann (Live).mp4
21 Savage & Metro Boomin,No Heart,RVTR299289,RVTR194068,vdj,hot100,100,exact,100,/Users/bobhopp/DJ MEDIA/VIDEO/2010's/21 Savage & Metro Boomin - No Heart.mp4
Andy Kim,Rock Me Gently (Movies),RVTR173040,RVTR808142,vdj,hot100_vdj,100,exact,100,/Users/bobhopp/DJ MEDIA/VIDEO/1970's/Andy Kim - Rock Me Gently (Movies).mp4
Chuck Berry,My Ding A Ling (Live),RVTR434907,RVTR923020,vdj,hot100,100,exact,100,/Users/bobhopp/DJ MEDIA/VIDEO/1970's/Chuck Berry - My Ding A Ling (Live).mp4
"Crosby, Stills & Nash",Woodstock,RVTR656046,RVTR376269,vdj,hot100,100,exact,100,"/Users/bobhopp/DJ MEDIA/VIDEO/1970's/Crosby, Stills & Nash - Woodstock.mp4"
Gary Wright,Love Is Alive (Live),RVTR932513,RVTR923611,vdj,hot100_vdj,100,exact,100,/Users/bobhopp/DJ MEDIA/VIDEO/1970's/Gary Wright - Love Is Alive (Live).mp4
Rob Base & DJ EZ Rock,Joy And Pain,RVTR773650,RVTR260326,vdj,hot100,100,exact,100,/Users/bobhopp/DJ MEDIA/VIDEO/1980's/Rob Base & DJ EZ Rock - Joy And Pain.mp4
Fergie Ft. Ludacris,Glamorous,RVTR374544,RVTR297224,vdj,hot100_vdj,100,exact,100,/Users/bobhopp/DJ MEDIA/VIDEO/2000's/Fergie feat. Ludacris - Glamorous.mp4
"J Balvin, Willy William",Mi Gente,RVTR056651,RVTR914641,vdj,hot100,100,exact,100,"/Users/bobhopp/DJ MEDIA/VIDEO/2010's/J Balvin, Willy William - Mi Gente.mp4"
Flaming Lips,She Don't Use Jelly,RVTR168717,RVTR787463,vdj,hot100,100,exact,100,/Users/bobhopp/DJ MEDIA/VIDEO/1990's/Flaming Lips - She Don't Use Jelly.mp4
B.B. King,The Thrill Is Gone  (1989),RVTR535986,RVTR712644,vdj,hot100_vdj,100,exact,100,/Users/bobhopp/DJ MEDIA/VIDEO/1960's/B.B. King - The Thrill Is Gone  (1989).mp4
Taylor Swift,You Belong With Me,RVTR745436,RVTR757153,hot100_vdj,hot100,100,exact,100,/Users/bobhopp/DJ MEDIA/VIDEO/2000's/Taylor Swift - You Belong With Me.mp4
Chubby Checker,Let's Twist Again (Dancing),RVTR280964,RVTR250867,vdj,hot100,100,exact,100,/Users/bobhopp/DJ MEDIA/VIDEO/1960's/Chubby Checker - Let's Twist Again.mp4
"Pitbull, Ne-Yo",Time Of Our Lives,RVTR237128,RVTR921917,vdj,hot100,100,exact,100,"/Users/bobhopp/DJ MEDIA/VIDEO/2010's/Pitbull, Ne-Yo - Time Of Our Lives.mp4"
Eminem feat. Rihanna,The Monster,RVTR714456,RVTR424385,vdj,hot100_vdj,100,exact,100,/Users/bobhopp/DJ MEDIA/VIDEO/2010's/Eminem feat. Rihanna - The Monster.mp4
Kip Moore,Somethin' Bout A Truck,RVTR632397,RVTR721564,vdj,hot100,100,exact,100,/Users/bobhopp/DJ MEDIA/VIDEO/COUNTRY/FILL/Kip Moore - Somethin' Bout A Truck.mp4
Keith Sweat,Dont Stop Your Love,RVTR309082,RVTR678503,vdj,hot100,100,exact,100,/Users/bobhopp/DJ MEDIA/VIDEO/1980's/Keith Sweat - Dont Stop Your Love.mp4
Katy Perry,The One That Got Away,RVTR349082,RVTR632199,hot100_vdj,hot100,100,exact,100,/Users/bobhopp/DJ MEDIA/VIDEO/2010's/Katy Perry - The One That Got Away.mp4
Fat Boys & The Beach Boys,Wipeout,RVTR070662,RVTR776898,vdj,hot100,100,exact,100,/Users/bobhopp/DJ MEDIA/VIDEO/1980's/Fat Boys & The Beach Boys - Wipeout.mp4
Disclosure Ft. Sam Smith,Latch,RVTR794676,RVTR883610,vdj,hot100_vdj,100,exact,100,/Users/bobhopp/DJ MEDIA/VIDEO/2010's/Disclosure feat. Sam Smith - Latch.MP4
Selena Gomez & The Scene,Who Says,RVTR432631,RVTR582902,vdj,hot100,100,exact,100,/Users/bobhopp/DJ MEDIA/VIDEO/2010's/Selena Gomez & The Scene - Who Says.mp4
The Zombies,Tell Her No (Shindig),RVTR316965,RVTR413926,vdj,hot100,100,exact,100,/Users/bobhopp/DJ MEDIA/VIDEO/1960's/The Zombies - Tell Her No (Shindig).mp4
Annie Lennox,No More I Love Yous,RVTR046215,RVTR673817,vdj,hot100,100,exact,100,/Users/bobhopp/DJ MEDIA/VIDEO/1990's/Annie Lennox - No More I Love Yous.mp4
Hootie & The Blowfish,Let Her Cry,RVTR939014,RVTR672268,vdj,hot100,100,exact,100,/Users/bobhopp/DJ MEDIA/VIDEO/1990's/Hootie & The Blowfish - Let Her Cry.mp4
Fabolous Ft. Chris Brown,Ready,RVTR530630,RVTR728325,vdj,hot100,100,exact,100,/Users/bobhopp/DJ MEDIA/VIDEO/2010's/Fabolous feat. Chris Brown - Ready.mp4
Pop Smoke,Demeanor feat. Dua Lipa,RVTR346052,RVTR341067,vdj,hot100,100,exact,100,/Users/bobhopp/DJ MEDIA/VIDEO/2020's/Pop Smoke feat. Dua Lipa - Demeanor.mp4
David Bowie,Young Americans (1975),RVTR255104,RVTR032868,vdj,hot100,100,exact,100,/Users/bobhopp/DJ MEDIA/VIDEO/1970's/David Bowie - Young Americans (1975).mp4
Jason Mraz & Colbie Caillat,Lucky,RVTR623074,RVTR275215,vdj,hot100,100,exact,100,/Users/bobhopp/DJ MEDIA/VIDEO/2000's/Jason Mraz & Colbie Caillat - Lucky.MP4
Charles & Eddie,Would I Lie To You,RVTR327397,RVTR046693,vdj,hot100,100,exact,100,/Users/bobhopp/DJ MEDIA/VIDEO/1990's/Charles & Eddie - Would I Lie To You.mp4
Nicki Minaj,Starships (Explicit),RVTR294168,RVTR873772,vdj,hot100,100,exact,100,/Users/bobhopp/DJ MEDIA/VIDEO/2010's/Nicki Minaj - Starships (Explicit).mp4
REM,What's The Frequency Kenneth,RVTR951403,RVTR339551,vdj,hot100,100,exact,100,/Users/bobhopp/DJ MEDIA/VIDEO/1990's/REM - What's The Frequency Kenneth.mp4
Blue Cheer,Summertime Blues (1968),RVTR026597,RVTR090177,vdj,hot100_vdj,100,exact,100,/Users/bobhopp/DJ MEDIA/VIDEO/1960's/Blue Cheer - Summertime Blues (1968).mp4
Flo Rida feat. Wil I Am,In The Ayer,RVTR897213,RVTR425618,vdj,hot100_vdj,100,exact,100,/Users/bobhopp/DJ MEDIA/VIDEO/2000's/Flo Rida feat. Wil I Am - In The Ayer.mp4
Taking Back Sunday,Make Damn Sure,RVTR525405,RVTR869407,vdj,hot100,100,exact,100,/Users/bobhopp/DJ MEDIA/VIDEO/2000's/Taking Back Sunday - Make Damn Sure.mp4
Depeche Mode,Personal Jesus (Mix),RVTR129184,RVTR718018,vdj,hot100_vdj,100,exact,100,/Users/bobhopp/DJ MEDIA/VIDEO/2010's/Depeche Mode - Personal Jesus (Mix).mp4
"The Kid Laroi, Justin Bieber",Stay,RVTR915946,RVTR942384,vdj,hot100,100,exact,100,"/Users/bobhopp/DJ MEDIA/VIDEO/2020's/The Kid Laroi, Justin Bieber - Stay.mp4"
"Blood, Sweat & Tears",And When I Die,RVTR990821,RVTR243326,vdj,hot100,100,exact,100,"/Users/bobhopp/DJ MEDIA/VIDEO/1960's/Blood, Sweat & Tears - And When I Die.mp4"
Rihanna & Justin Timberlake,Rehab,RVTR394649,RVTR026692,vdj,hot100,100,exact,100,/Users/bobhopp/DJ MEDIA/VIDEO/2000's/Rihanna & Justin Timberlake - Rehab.mp4
Rascal Flatts,Here Comes Good Bye,RVTR432899,RVTR428387,vdj,hot100,100,exact,100,/Users/bobhopp/DJ MEDIA/VIDEO/2000's/Rascal Flatts - Here Comes Good Bye.mp4
The Manhattans,Shining Star live,RVTR989649,RVTR215591,vdj,hot100,100,exact,100,/Users/bobhopp/DJ MEDIA/VIDEO/1980's/The Manhattans - Shining Star live.mp4
"Lady Gaga, Bradley Cooper",Shallow,RVTR529245,RVTR002847,vdj,hot100,100,exact,100,"/Users/bobhopp/DJ MEDIA/VIDEO/2010's/Lady Gaga, Bradley Cooper - Shallow.mp4"
Donovan,Sunshine Superman  (Live),RVTR243203,RVTR126301,vdj,hot100_vdj,100,exact,100,/Users/bobhopp/DJ MEDIA/VIDEO/1960's/Donovan - Sunshine Superman (Live).mp4
Johnny Rivers,Memphis Tennessee,RVTR208112,RVTR010569,vdj,hot100_vdj,100,exact,100,/Users/bobhopp/DJ MEDIA/VIDEO/1960's/Johnny Rivers - Memphis Tennessee.mp4
Siouxsie & The Banshees,Peek A Boo,RVTR210480,RVTR390959,vdj,hot100,100,exact,100,/Users/bobhopp/DJ MEDIA/VIDEO/1980's/Siouxsie & The Banshees - Peek A Boo.mp4
"Dj Khaled Ft. Nicki Minaj, Chris Brown, August Alsina, Jeremih, Future & Rick Ross",Do You Mind,RVTR754235,RVTR068313,vdj,hot100,100,exact,100,"/Users/bobhopp/DJ MEDIA/VIDEO/2010's/Dj Khaled feat. Nicki Minaj, Chris Brown, August Alsina, Jeremih, Future & Rick Ross - Do You Mind.mp4"
Chaka Khan,What Cha Gonna Do For Me,RVTR959648,RVTR282175,vdj,hot100,100,exact,100,/Users/bobhopp/DJ MEDIA/VIDEO/1980's/Chaka Khan - What Cha Gonna Do For Me.mp4
Eric Church,The Outsiders Lyrics,RVTR425984,RVTR826198,vdj,hot100,100,exact,100,/Users/bobhopp/DJ MEDIA/VIDEO/COUNTRY/FILL/Eric Church - The Outsiders Lyrics.mp4
The Rolling Stones,Paint It Black,RVTR265288,RVTR265289,vdj,hot100,100,exact,100,/Users/bobhopp/DJ MEDIA/VIDEO/1960's/The Rolling Stones - Paint It Black.mp4
Martin Solveig & Dragonette,Hello,RVTR293316,RVTR436801,vdj,hot100,100,exact,100,/Users/bobhopp/DJ MEDIA/VIDEO/2010's/Martin Solveig & Dragonette - Hello.mp4
Offspring,"You're Gonna Go Far, Kid",RVTR024389,RVTR668795,vdj,hot100,100,exact,100,"/Users/bobhopp/DJ MEDIA/VIDEO/2000's/Offspring - You're Gonna Go Far, Kid.mp4"
Elvis Presley,Burning Love (Live),RVTR018226,RVTR653496,vdj,hot100_vdj,100,exact,100,/Users/bobhopp/DJ MEDIA/VIDEO/1970's/Elvis Presley - Burning Love (Live).mp4
"Emerson, Lake & Palmer",Touch and Go,RVTR957155,RVTR504014,vdj,hot100,100,exact,100,"/Users/bobhopp/DJ MEDIA/VIDEO/1970's/Emerson, Lake & Palmer - Touch and Go.mp4"
Maddie & Tae,Girl In A Country Song,RVTR938063,RVTR259860,vdj,hot100,100,exact,100,/Users/bobhopp/DJ MEDIA/VIDEO/2010's/Maddie & Tae - Girl In A Country Song.mp4
Eric Clapton,Lay Down Sally (Live),RVTR557145,RVTR255081,vdj,hot100_vdj,100,exact,100,/Users/bobhopp/DJ MEDIA/VIDEO/1970's/Eric Clapton - Lay Down Sally (Live).mp4
Bad Company,Feel Like Makin Love 1975,RVTR037683,RVTR918814,vdj,hot100,100,exact,100,/Users/bobhopp/DJ MEDIA/VIDEO/1970's/Bad Company - Feel Like Makin Love 1975.mp4
Ariana Grande Ft. Zedd,Break Free,RVTR116371,RVTR855338,vdj,hot100_vdj,100,exact,100,/Users/bobhopp/DJ MEDIA/VIDEO/2010's/Ariana Grande feat. Zedd - Break Free.MP4
Bob Dylan,Knockin On Heaven's Door,RVTR216853,RVTR279770,vdj,hot100,100,exact,100,/Users/bobhopp/DJ MEDIA/VIDEO/1970's/Bob Dylan - Knockin On Heaven's Door.mp4
Marshmello Ft. Bastille,Happier,RVTR098188,RVTR077136,vdj,hot100_vdj,100,exact,100,/Users/bobhopp/DJ MEDIA/VIDEO/2010's/Marshmello feat. Bastille - Happier.mp4
Christina Aguilera,Lady Marmalade,RVTR027473,RVTR935708,vdj,hot100,100,exact,100,/Users/bobhopp/DJ MEDIA/VIDEO/2000's/Christina Aguilera - Lady Marmalade.mp4
Marshall Tucker Band,Can't You See,RVTR478043,RVTR569553,vdj,hot100,100,exact,100,/Users/bobhopp/DJ MEDIA/VIDEO/1970's/Marshall Tucker Band - Can't You See.mp4
Beyonce,Countdown (CLEAN VERSION),RVTR133694,RVTR528063,vdj,hot100,100,exact,100,/Users/bobhopp/DJ MEDIA/VIDEO/2010's/Beyonce - Countdown (CLEAN VERSION).mp4
Maddie & Tae,Die From A Broken Heart,RVTR818884,RVTR059824,vdj,hot100,100,exact,100,/Users/bobhopp/DJ MEDIA/VIDEO/COUNTRY/FILL/Maddie & Tae - Die From A Broken Heart.mp4
Paul Young,Every Time You Go Away,RVTR775543,RVTR216638,vdj,hot100_vdj,100,exact,100,/Users/bobhopp/DJ MEDIA/VIDEO/1980's/Paul Young - Every Time You Go Away.mp4
Florence & The Machine,Shake It Out,RVTR536978,RVTR260090,vdj,hot100_vdj,100,exact,100,/Users/bobhopp/DJ MEDIA/VIDEO/2010's/Florence & The Machine - Shake It Out.mp4
The Weeknd Ft. Daft Punk,Starboy,RVTR768881,RVTR202830,vdj,hot100,100,exact,100,/Users/bobhopp/DJ MEDIA/VIDEO/2010's/The Weeknd feat. Daft Punk - Starboy.mp4
The McCoys,Hang On Sloopy (Lyrics),RVTR460680,RVTR888414,vdj,hot100_vdj,100,exact,100,/Users/bobhopp/DJ MEDIA/VIDEO/1960's/The McCoys - Hang On Sloopy (Lyrics).mp4
Queen & David Bowie,Under Pressure,RVTR464333,RVTR604921,vdj,hot100_vdj,100,exact,100,/Users/bobhopp/DJ MEDIA/VIDEO/1980's/Queen & David Bowie - Under Pressure.mp4
Phil Collins,A Groovy Kind Of Love,RVTR876210,RVTR724452,vdj,hot100_vdj,100,exact,100,/Users/bobhopp/DJ MEDIA/VIDEO/1990's/Phil Collins - A Groovy Kind Of Love.mp4
Eagles,Hotel California (Live)(2010),RVTR020583,RVTR740340,vdj,hot100_vdj,100,exact,100,/Users/bobhopp/DJ MEDIA/VIDEO/1970's/Eagles - Hotel California (2010) (Live).mp4
The Mamas & The Papas,Monday Monday,RVTR353302,RVTR275888,vdj,hot100,100,exact,100,/Users/bobhopp/DJ MEDIA/VIDEO/1960's/The Mamas & The Papas - Monday Monday.mp4
Dr. Dre feat. Snoop Dogg,Still D.R.E,RVTR913761,RVTR266245,vdj,hot100,100,exact,100,/Users/bobhopp/DJ MEDIA/VIDEO/1990's/Dr. Dre feat. Snoop Dogg - Still D.R.E.mp4
Kool & The Gang,Hollywood Swinging,RVTR237887,RVTR896583,vdj,hot100,100,exact,100,/Users/bobhopp/DJ MEDIA/VIDEO/1970's/Kool & The Gang - Hollywood Swinging.mp4
Trey Songz,I Invented Sex/Say Aah,RVTR800508,RVTR960939,vdj,hot100_vdj,100,exact,100,/Users/bobhopp/DJ MEDIA/VIDEO/2010's/Trey Songz - I Invented Sex_Say Aah.mp4
Will.I.Am & Nicki Minaj,Check It Out,RVTR605045,RVTR183440,vdj,hot100,100,exact,100,/Users/bobhopp/DJ MEDIA/VIDEO/2010's/Will.I.Am & Nicki Minaj - Check It Out.mp4
Journey,Feeling That Way & Anytime,RVTR011908,RVTR712105,vdj,hot100,100,exact,100,/Users/bobhopp/DJ MEDIA/VIDEO/1970's/Journey - Feeling That Way & Anytime.mp4
The Babys,Everytime I Think Of You,RVTR975806,RVTR247219,vdj,hot100,100,exact,100,/Users/bobhopp/DJ MEDIA/VIDEO/1970's/The Babys - Everytime I Think Of You.mp4
Terror Squad ft Dre,Take Me Home,RVTR908994,RVTR152167,vdj,hot100,100,exact,100,/Users/bobhopp/DJ MEDIA/VIDEO/2000's/Terror Squad feat. Dre - Take Me Home.mp4
Bee Gees,How Deep Is Your Love (1977),RVTR298012,RVTR148782,vdj,hot100,100,exact,100,/Users/bobhopp/DJ MEDIA/VIDEO/1970's/Bee Gees - How Deep Is Your Love (1977).mp4
Mungo Jerry,In The Summertime(2011),RVTR350463,RVTR219284,vdj,hot100_vdj,100,exact,100,/Users/bobhopp/DJ MEDIA/VIDEO/1970's/Mungo Jerry - In The Summertime(2011).mp4
Luis Fonsi ft. Daddy Yankee,Despacito,RVTR586266,RVTR787996,vdj,hot100,100,exact,100,"/Users/bobhopp/DJ MEDIA/VIDEO/2010's/Luis Fonsi, Daddy Yankee - Despacito.mp4"
Christina Aguilera & Redman,Dirrty,RVTR216883,RVTR101758,vdj,hot100,100,exact,100,/Users/bobhopp/DJ MEDIA/VIDEO/2000's/Christina Aguilera & Redman - Dirrty.mp4
The Weeknd,Die For You [Dustin Que,RVTR724112,RVTR267998,vdj,hot100,100,exact,100,/Users/bobhopp/DJ MEDIA/VIDEO/2010's/The Weeknd - Die For You [Dustin Que.mp4
"Shawn Mendes, Tainy",Summer Of Love,RVTR692562,RVTR981696,vdj,hot100,100,exact,100,"/Users/bobhopp/DJ MEDIA/VIDEO/2020's/Shawn Mendes, Tainy - Summer Of Love.mp4"
Clean Bandit feat. Demi Lovato,Solo,RVTR054869,RVTR576676,vdj,hot100,100,exact,100,/Users/bobhopp/DJ MEDIA/VIDEO/2010's/Clean Bandit feat. Demi Lovato - Solo.mp4
Donna Summer,I Feel Love (VJ's Edit),RVTR431047,RVTR677504,vdj,hot100_vdj,100,exact,100,/Users/bobhopp/DJ MEDIA/VIDEO/1970's/Donna Summer - I Feel Love (VJ's Edit).mp4
"Zedd, Maren Morris, Grey",The Middle,RVTR076493,RVTR206538,vdj,hot100,100,exact,100,"/Users/bobhopp/DJ MEDIA/VIDEO/2010's/Zedd, Maren Morris, Grey - The Middle.mp4"
Bee Gees,You Should Be Dancing (Mix),RVTR302278,RVTR594397,vdj,hot100_vdj,100,exact,100,/Users/bobhopp/DJ MEDIA/VIDEO/1970's/Bee Gees - You Should Be Dancing (Mix).mp4
"Nelly, Florida Georgia Line",Lil Bit,RVTR900280,RVTR378928,vdj,hot100,100,exact,100,"/Users/bobhopp/DJ MEDIA/VIDEO/2020's/Nelly, Florida Georgia Line - Lil Bit.mp4"
"Jessie Murph, Jelly Roll",Wild Ones,RVTR737148,RVTR467088,vdj,hot100,100,exact,100,"/Users/bobhopp/DJ MEDIA/VIDEO/2020's/Jessie Murph, Jelly Roll - Wild Ones.mp4"
Justin Bieber,One Less Lonely Girl,RVTR856804,RVTR521302,hot100_vdj,hot100,100,exact,100,/Users/bobhopp/DJ MEDIA/VIDEO/2000's/Justin Bieber - One Less Lonely Girl.mp4
Billy Idol & Miley Cyrus,Rebel Yell,RVTR886851,RVTR015508,vdj,hot100_vdj,100,exact,100,/Users/bobhopp/DJ MEDIA/VIDEO/2010's/Billy Idol & Miley Cyrus - Rebel Yell.mp4
Baby Bash & Sean Kingston,What Is It,RVTR810121,RVTR831208,vdj,hot100,100,exact,100,/Users/bobhopp/DJ MEDIA/VIDEO/2000's/Baby Bash & Sean Kingston - What Is It.mp4
Mac Davis,Baby Dont Get Hooked On Me,RVTR865341,RVTR654587,vdj,hot100,100,exact,100,/Users/bobhopp/DJ MEDIA/VIDEO/1970's/Mac Davis - Baby Dont Get Hooked On Me.mp4
Icona Pop feat. Charli XCX,I Love It,RVTR901992,RVTR247764,vdj,hot100,100,exact,100,/Users/bobhopp/DJ MEDIA/VIDEO/2010's/Icona Pop feat. Charli XCX - I Love It.mp4
"Raconteurs, The","Steady, As She Goes",RVTR892153,RVTR686334,vdj,hot100,100,exact,100,"/Users/bobhopp/DJ MEDIA/VIDEO/2000's/Raconteurs, The - Steady, As She Goes.mp4"
Shakira &  Lil Wayne,Give It Up To Me,RVTR930779,RVTR293616,vdj,hot100,100,exact,100,/Users/bobhopp/DJ MEDIA/VIDEO/2000's/Shakira &  Lil Wayne - Give It Up To Me.mp4
Kenny Loggins,Danger Zone (Top Gun),RVTR557668,RVTR955834,vdj,hot100_vdj,100,exact,100,/Users/bobhopp/DJ MEDIA/VIDEO/1980's/Kenny Loggins - Danger Zone (Top Gun).mp4
Kardinal Offishall & Akon,Dangerous,RVTR066291,RVTR187948,vdj,hot100,100,exact,100,/Users/bobhopp/DJ MEDIA/VIDEO/2000's/Kardinal Offishall & Akon - Dangerous.mp4
The McCoys,Hang On Sloopy  (BW) (Live),RVTR091098,RVTR888414,vdj,hot100_vdj,100,exact,100,"/Users/bobhopp/DJ MEDIA/VIDEO/1960's/The McCoys - Hang On Sloopy (Live, BW).mp4"
Mariah Carey Ft. Miguel,Beautiful,RVTR338109,RVTR947326,vdj,hot100,100,exact,100,/Users/bobhopp/DJ MEDIA/VIDEO/2010's/Mariah Carey feat. Miguel - Beautiful.mp4
The Beach Boys,God Only Knows (Live),RVTR198779,RVTR965594,vdj,hot100_vdj,100,exact,100,/Users/bobhopp/DJ MEDIA/VIDEO/1960's/The Beach Boys - God Only Knows (Live).mp4
"Earth, Wind & Fire",Boogie Wonderland,RVTR241100,RVTR703516,vdj,hot100,100,exact,100,"/Users/bobhopp/DJ MEDIA/VIDEO/1980's/Earth, Wind & Fire - Boogie Wonderland.mp4"
Irene Cara,Flashdance What A Feeling,RVTR552867,RVTR552868,vdj,hot100,100,exact,100,/Users/bobhopp/DJ MEDIA/VIDEO/1980's/Irene Cara - Flashdance What A Feeling.mp4
Midnight Oil,Beds Are Burning (Live),RVTR277607,RVTR442816,vdj,hot100_vdj,100,exact,100,/Users/bobhopp/DJ MEDIA/VIDEO/1980's/Midnight Oil - Beds Are Burning (Live).mp4
Johnny Rivers,The Midnight Special,RVTR402314,RVTR745303,vdj,hot100,100,exact,100,/Users/bobhopp/DJ MEDIA/VIDEO/1960's/Johnny Rivers - The Midnight Special.mp4
All American Rejects,Gives You Hell,RVTR695293,RVTR939314,vdj,hot100_vdj,100,exact,100,/Users/bobhopp/DJ MEDIA/VIDEO/2000's/All American Rejects - Gives You Hell.mp4
Golden Earring,Twilight Zone (Live),RVTR238328,RVTR733448,vdj,hot100_vdj,100,exact,100,/Users/bobhopp/DJ MEDIA/VIDEO/1980's/Golden Earring - Twilight Zone (Live).mp4
Crash Test Dummies,Mmm Mmm Mmm Mmmm,RVTR007553,RVTR228972,vdj,hot100_vdj,100,exact,100,/Users/bobhopp/DJ MEDIA/VIDEO/1990's/Crash Test Dummies - Mmm Mmm Mmm Mmmm.mp4
Atlanta Rhythm Section,So Into You,RVTR569691,RVTR369342,vdj,hot100,100,exact,100,/Users/bobhopp/DJ MEDIA/VIDEO/1970's/Atlanta Rhythm Section - So Into You.mp4
Lou Reed,Walk On The Wild Side (Live),RVTR008869,RVTR921168,vdj,hot100_vdj,100,exact,100,/Users/bobhopp/DJ MEDIA/VIDEO/1970's/Lou Reed - Walk On The Wild Side (Live).mp4
Dave Clark Five,Glad All Over (Color),RVTR455397,RVTR378979,vdj,hot100,100,exact,100,/Users/bobhopp/DJ MEDIA/VIDEO/1960's/Dave Clark Five - Glad All Over (Color).mp4
Diana Ross & The Supremes,Love Child,RVTR064050,RVTR207612,vdj,hot100,100,exact,100,/Users/bobhopp/DJ MEDIA/VIDEO/1960's/Diana Ross & The Supremes - Love Child.mp4
Lenny Kravitz,Where Are We Runnin?,RVTR695331,RVTR753585,vdj,hot100,100,exact,100,/Users/bobhopp/DJ MEDIA/VIDEO/2000's/Lenny Kravitz - Where Are We Runnin_.mp4
"Cardi B, Bad Bunny & J Balvin",I Like It,RVTR848648,RVTR754425,vdj,hot100,100,exact,100,"/Users/bobhopp/DJ MEDIA/VIDEO/2010's/Cardi B, Bad Bunny & J Balvin - I Like It.mp4"
R. City Ft. Adam Levine,Locked Away,RVTR347329,RVTR839112,vdj,hot100,100,exact,100,/Users/bobhopp/DJ MEDIA/VIDEO/2010's/R. City feat. Adam Levine - Locked Away.mp4
Ester Dean &  Chris Brown,Drop It Low,RVTR870024,RVTR454059,vdj,hot100,100,exact,100,/Users/bobhopp/DJ MEDIA/VIDEO/2000's/Ester Dean &  Chris Brown - Drop It Low.mp4
DJ Snake & Lil Jon,Turn Down For What,RVTR414802,RVTR424169,vdj,hot100,100,exact,100,/Users/bobhopp/DJ MEDIA/VIDEO/2010's/DJ Snake & Lil Jon - Turn Down For What.MP4
"Lil Nas X, Jack Harlow",Industry Baby,RVTR288654,RVTR966121,vdj,hot100,100,exact,100,"/Users/bobhopp/DJ MEDIA/VIDEO/2020's/Lil Nas X, Jack Harlow - Industry Baby.mp4"
Little River Band,Little River Band - Help Is On Its Way,RVTR545406,RVTR872741,vdj,hot100,100,exact,100,/Users/bobhopp/DJ MEDIA/VIDEO/1970's/Little River Band - Help Is On Its Way.mp4
Van Halen,Why Can't This Be Love (1986),RVTR179386,RVTR934250,vdj,hot100,100,exact,100,/Users/bobhopp/DJ MEDIA/VIDEO/1980's/Van Halen - Why Can't This Be Love (1986).mp4
Jake Owen,Anywhere With You +Lyrics,RVTR089296,RVTR805722,vdj,hot100,100,exact,100,/Users/bobhopp/DJ MEDIA/VIDEO/COUNTRY/FILL/Jake Owen - Anywhere With You +Lyrics.mp4
Sergio Mendes & Brasil 66,Mas que nada,RVTR831590,RVTR604172,vdj,hot100,100,exact,100,/Users/bobhopp/DJ MEDIA/VIDEO/1960's/Sergio Mendes & Brasil 66 - Mas que nada.mp4
Air Supply,Every Woman In The World (1980) HD,RVTR302614,RVTR922716,vdj,hot100_vdj,100,exact,100,/Users/bobhopp/DJ MEDIA/VIDEO/1980's/Air Supply - Every Woman In The World.mp4
Spencer Davis Group,Keep on Running,RVTR156205,RVTR970096,vdj,hot100,100,exact,100,/Users/bobhopp/DJ MEDIA/VIDEO/1960's/Spencer Davis Group - Keep on Running.mp4
Smashing Pumpkins,"Tonight, Tonight",RVTR256970,RVTR322140,vdj,hot100,100,exact,100,"/Users/bobhopp/DJ MEDIA/VIDEO/1990's/Smashing Pumpkins - Tonight, Tonight.mp4"
The Tremeloes,Here Comes My Baby  (BW),RVTR845968,RVTR255931,vdj,hot100_vdj,100,exact,100,/Users/bobhopp/DJ MEDIA/VIDEO/1960's/The Tremeloes - Here Comes My Baby (BW).mp4
MACKLEMORE & RYAN LEWIS,CAN'T HOLD US FEAT. RAY DALTON,RVTR726719,RVTR287056,vdj,hot100,100,exact,100,/Users/bobhopp/DJ MEDIA/VIDEO/2010's/Macklemore feat. Ryan Lewis - Can’t Hold Us.mp4
"Pussycat Dolls, The",I Hate This Part,RVTR612823,RVTR340098,vdj,hot100_vdj,100,exact,100,"/Users/bobhopp/DJ MEDIA/VIDEO/2000's/Pussycat Dolls, The - I Hate This Part.mp4"
Jason Derulo,Wiggle feat. Snoop Dogg,RVTR796989,RVTR349166,vdj,hot100_vdj,100,exact,100,/Users/bobhopp/DJ MEDIA/VIDEO/2010's/Jason Derulo feat. Snoop Dogg - Wiggle.mp4
The Bar‐Kays,Freakshow on the Dance Floor,RVTR930634,RVTR787844,vdj,hot100,100,exact,100,/Users/bobhopp/DJ MEDIA/VIDEO/1980's/The Bar‐Kays - Freakshow on the Dance Floor.mp4
Dan & Shay,i Should Probably go to Bed,RVTR089876,RVTR081174,vdj,hot100,100,exact,100,/Users/bobhopp/DJ MEDIA/VIDEO/COUNTRY/FILL/Dan & Shay - i Should Probably go to Bed.mp4
Mike & The Mechanics,The living Years,RVTR040291,RVTR477510,vdj,hot100_vdj,100,exact,100,/Users/bobhopp/DJ MEDIA/VIDEO/1980's/Mike & The Mechanics - The living Years.mp4
All American Rejects,It Ends Tonight,RVTR328425,RVTR655020,vdj,hot100_vdj,100,exact,100,/Users/bobhopp/DJ MEDIA/VIDEO/2000's/All American Rejects - It Ends Tonight.mp4
Bellamy Brothers,Let Your Love Flow,RVTR247739,RVTR950500,vdj,hot100_vdj,100,exact,100,/Users/bobhopp/DJ MEDIA/VIDEO/1970's/Bellamy Brothers - Let Your Love Flow.mp4
Rihanna Ft. Future,Loveeeeeee Song,RVTR193063,RVTR344919,vdj,hot100,100,exact,100,/Users/bobhopp/DJ MEDIA/VIDEO/2010's/Rihanna feat. Future - Loveeeeeee Song.mp4
David Banner & Chris Brown,Get Like Me,RVTR457005,RVTR453520,vdj,hot100,100,exact,100,/Users/bobhopp/DJ MEDIA/VIDEO/2000's/David Banner & Chris Brown - Get Like Me.mp4
Lil Wayne Ft. Drake & Future,Love Me,RVTR207310,RVTR961098,vdj,hot100,100,exact,100,/Users/bobhopp/DJ MEDIA/VIDEO/2010's/Lil Wayne feat. Drake & Future - Love Me.mp4
Powfu,Death Bed (Coffee For Your Head),RVTR583648,RVTR856996,vdj,hot100,100,exact,100,/Users/bobhopp/DJ MEDIA/VIDEO/2020's/Powfu - Death Bed (Coffee For Your Head).mp4
Michael Jackson,Thriller (This Is It),RVTR371064,RVTR336241,vdj,hot100_vdj,100,exact,100,/Users/bobhopp/DJ MEDIA/VIDEO/1980's/Michael Jackson - Thriller (This Is It).mp4
The Chainsmokers Ft. Halsey,Closer,RVTR611684,RVTR760084,vdj,hot100,100,exact,100,/Users/bobhopp/DJ MEDIA/VIDEO/2010's/The Chainsmokers feat. Halsey - Closer.mp4
Selena Gomez & The Scene,Round & Round,RVTR950519,RVTR516568,vdj,hot100,100,exact,100,/Users/bobhopp/DJ MEDIA/VIDEO/2010's/Selena Gomez & The Scene - Round & Round.mp4
"Lady Gaga, Bruno Mars",Die With A Smile,RVTR222736,RVTR591429,vdj,hot100,100,exact,100,"/Users/bobhopp/DJ MEDIA/VIDEO/2020's/Lady Gaga, Bruno Mars - Die With A Smile.mp4"
John Denver,Rocky Mountain High (1972),RVTR370563,RVTR372974,vdj,hot100_vdj,100,exact,100,/Users/bobhopp/DJ MEDIA/VIDEO/1970's/John Denver - Rocky Mountain High (1972).mp4
"Crosby, Stills & Nash",Southern Cross,RVTR699213,RVTR563679,vdj,hot100,100,exact,100,"/Users/bobhopp/DJ MEDIA/VIDEO/1980's/Crosby, Stills & Nash - Southern Cross.mp4"
Van McCoy & Pan's People,Do the Hustle,RVTR822548,RVTR249609,vdj,hot100_vdj,100,exact,100,/Users/bobhopp/DJ MEDIA/VIDEO/1970's/Van McCoy & Pan's People - Do the Hustle.mp4
Zac Brown Band,Toes  | The Foundation,RVTR711110,RVTR547936,vdj,hot100_vdj,100,exact,100,/Users/bobhopp/DJ MEDIA/VIDEO/COUNTRY/FILL/Zac Brown Band - Toes  _ The Foundation.mp4
The Rolling Stones,Jumpin Jack Flash,RVTR552621,RVTR592570,vdj,hot100,100,exact,100,/Users/bobhopp/DJ MEDIA/VIDEO/1960's/The Rolling Stones - Jumpin Jack Flash.mp4
Zac Brown Band,Free / Into The Mystic,RVTR420923,RVTR352183,vdj,hot100_vdj,100,exact,100,/Users/bobhopp/DJ MEDIA/VIDEO/2010's/Zac Brown Band - Free _ Into The Mystic.mp4
Tim McGraw feat Faith Hill,I Need You,RVTR292454,RVTR509214,vdj,hot100,100,exact,100,/Users/bobhopp/DJ MEDIA/VIDEO/COUNTRY/FILL/Tim McGraw feat. Faith Hill - I Need You.mp4
Ariana Grande Ft. Mac Miller,The Way,RVTR540602,RVTR049559,vdj,hot100,100,exact,100,/Users/bobhopp/DJ MEDIA/VIDEO/2010's/Ariana Grande feat. Mac Miller - The Way.mp4
Ed Sheeran & Justin Bieber,I Don't Care,RVTR424406,RVTR131241,vdj,hot100,100,exact,100,/Users/bobhopp/DJ MEDIA/VIDEO/2010's/Ed Sheeran & Justin Bieber - I Don't Care.mp4
Michael Jackson,Thriller (Full Video),RVTR900637,RVTR336241,vdj,hot100_vdj,100,exact,100,/Users/bobhopp/DJ MEDIA/VIDEO/1980's/Michael Jackson - Thriller (Full Video).mp4
Spencer Davis Group,Gimme Some Lovin,RVTR084968,RVTR507762,vdj,hot100_vdj,100,exact,100,/Users/bobhopp/DJ MEDIA/VIDEO/1960's/Spencer Davis Group - Gimme Some Lovin.mp4
Molly Hatchet,Flirtin  With Disaster,RVTR219628,RVTR435080,vdj,hot100,100,exact,100,/Users/bobhopp/DJ MEDIA/VIDEO/1980's/Molly Hatchet - Flirtin  With Disaster.mp4
Brooks & Dunn,Play Something Country,RVTR067073,RVTR744471,vdj,hot100,100,exact,100,/Users/bobhopp/DJ MEDIA/VIDEO/2000's/Brooks & Dunn - Play Something Country.mp4
Eric Clapton,I Shot The Sheriff (Live),RVTR063953,RVTR500826,vdj,hot100_vdj,100,exact,100,/Users/bobhopp/DJ MEDIA/VIDEO/1970's/Eric Clapton - I Shot The Sheriff (Live).mp4
Lady A,Champagne Night (From Songland),RVTR103894,RVTR795727,vdj,hot100_vdj,100,exact,100,/Users/bobhopp/DJ MEDIA/VIDEO/COUNTRY/FILL/Lady A - Champagne Night (From Songland).mp4
PM Dawn,Looking Through Patient Eyes,RVTR785343,RVTR217817,vdj,hot100_vdj,100,exact,100,/Users/bobhopp/DJ MEDIA/VIDEO/1990's/PM Dawn - Looking Through Patient Eyes.mp4
Simon & Garfunkel,Cecilia (Remastered),RVTR929191,RVTR132132,vdj,hot100,100,exact,100,/Users/bobhopp/DJ MEDIA/VIDEO/1970's/Simon & Garfunkel - Cecilia (Remastered).mp4
Notorious B.I.G.,Mo Money Mo Problems,RVTR738268,RVTR959356,vdj,hot100,100,exact,100,/Users/bobhopp/DJ MEDIA/VIDEO/1990's/Notorious B.I.G. - Mo Money Mo Problems.mp4
The Band Perry,If I Die Young (Pop Mix),RVTR006682,RVTR244703,vdj,hot100_vdj,100,exact,100,/Users/bobhopp/DJ MEDIA/VIDEO/2010's/The Band Perry - If I Die Young (Pop Mix).mp4
Phil Collins,In The Air Tonight (Live),RVTR806739,RVTR417030,vdj,hot100_vdj,100,exact,100,/Users/bobhopp/DJ MEDIA/VIDEO/1980's/Phil Collins - In The Air Tonight (Live).mp4
Dire Straits,Money For Nothing (Live),RVTR238498,RVTR990727,vdj,hot100_vdj,100,exact,100,/Users/bobhopp/DJ MEDIA/VIDEO/1980's/Dire Straits - Money For Nothing (Live).mp4
Toby Keith,American Soldier (Tribute),RVTR442663,RVTR553404,vdj,hot100_vdj,100,exact,100,/Users/bobhopp/DJ MEDIA/VIDEO/2000's/Toby Keith - American Soldier (Tribute).mp4
Simply Red,If You Don t Know Me By Now,RVTR408363,RVTR014107,vdj,hot100_vdj,100,exact,100,/Users/bobhopp/DJ MEDIA/VIDEO/1980's/Simply Red - If You Don t Know Me By Now.mp4
Blackout All Stars,I Like It Like That,RVTR969928,RVTR854522,vdj,hot100,100,exact,100,/Users/bobhopp/DJ MEDIA/VIDEO/TECHNO/Blackout All Stars - I Like It Like That.mp4
The Doobie Brothers,Black Water (Live),RVTR430792,RVTR774700,vdj,hot100_vdj,100,exact,100,/Users/bobhopp/DJ MEDIA/VIDEO/1970's/The Doobie Brothers - Black Water (Live).mp4
Peter Gabriel & Kate Bush,Don't Give Up,RVTR235232,RVTR447942,vdj,hot100,100,exact,100,/Users/bobhopp/DJ MEDIA/VIDEO/1980's/Peter Gabriel & Kate Bush - Don't Give Up.mp4
"Red Jumpsuit Apparatus, The",Face Down,RVTR972959,RVTR999415,vdj,hot100_vdj,100,exact,100,"/Users/bobhopp/DJ MEDIA/VIDEO/2000's/Red Jumpsuit Apparatus, The - Face Down.mp4"
Elton John,Rocket Man (Red Piano Tour),RVTR026244,RVTR601662,vdj,hot100_vdj,100,exact,100,/Users/bobhopp/DJ MEDIA/VIDEO/2000's/Elton John - Rocket Man (Red Piano Tour).mp4
Olly Murs Ft. Flo Rida,Troublemaker,RVTR862926,RVTR240691,vdj,hot100,100,exact,100,/Users/bobhopp/DJ MEDIA/VIDEO/2010's/Olly Murs feat. Flo Rida - Troublemaker.mp4
Canned Heat,Let's Work Together (TOTP),RVTR486044,RVTR687990,vdj,hot100,100,exact,100,/Users/bobhopp/DJ MEDIA/VIDEO/1970's/Canned Heat - Let's Work Together (TOTP).mp4
"Crosby, Stills & Nash",Woodstock (Live),RVTR875429,RVTR376269,vdj,hot100,100,exact,100,"/Users/bobhopp/DJ MEDIA/VIDEO/1970's/Crosby, Stills & Nash - Woodstock (Live).mp4"
Peaches & Herb,Shake Your Groove Thing,RVTR743265,RVTR677676,vdj,hot100,100,exact,100,/Users/bobhopp/DJ MEDIA/VIDEO/1980's/Peaches & Herb - Shake Your Groove Thing.mp4
Ylvis,The Fox (What Does The Fox Say?),RVTR041930,RVTR914697,vdj,hot100,100,exact,100,/Users/bobhopp/DJ MEDIA/VIDEO/2010's/Ylvis - The Fox (What Does The Fox Say_).mp4
Soul System,It's Gonna Be A Lovely Day,RVTR786418,RVTR590892,vdj,hot100,100,exact,100,/Users/bobhopp/DJ MEDIA/VIDEO/TECHNO/Soul System - It's Gonna Be A Lovely Day.mp4
Bruce Hornsby & The Range,The Way It Is,RVTR984536,RVTR812793,vdj,hot100_vdj,100,exact,100,/Users/bobhopp/DJ MEDIA/VIDEO/1980's/Bruce Hornsby & The Range - The Way It Is.mp4
Blue Swede,Hooked On A Feeling (Lyrics),RVTR746977,RVTR388826,vdj,hot100_vdj,100,exact,100,/Users/bobhopp/DJ MEDIA/VIDEO/1970's/Blue Swede - Hooked On A Feeling (Lyrics).mp4
Clarence Carter,Slip Away (Soul Train),RVTR312921,RVTR873580,vdj,hot100_vdj,100,exact,100,/Users/bobhopp/DJ MEDIA/VIDEO/1960's/Clarence Carter - Slip Away (Soul Train).mp4
The Music Explosion,Little Bit O Soul,RVTR733940,RVTR918133,vdj,hot100,100,exact,100,/Users/bobhopp/DJ MEDIA/VIDEO/1960's/The Music Explosion - Little Bit O Soul.mp4
Los Del Rio,Macarena (Bayside Boys Mix),RVTR961157,RVTR076617,hot100,hot100_vdj,100,exact,100,/Users/bobhopp/DJ MEDIA/VIDEO/1990's/Los Del Rio - Macarena (Bayside Boys Mix).mp4
Sugarloaf,"Don't Call Us, We'll Call You",RVTR279526,RVTR507125,vdj,hot100,100,exact,100,"/Users/bobhopp/DJ MEDIA/VIDEO/1970's/Sugarloaf - Don't Call Us, We'll Call You.mp4"
Timbaland & Nelly Furtado,Give It To Me,RVTR251341,RVTR897599,vdj,hot100,100,exact,100,/Users/bobhopp/DJ MEDIA/VIDEO/2000's/Timbaland & Nelly Furtado - Give It To Me.mp4
Marshmello,Here With Me Feat. Chvrches,RVTR655654,RVTR685941,vdj,hot100,100,exact,100,/Users/bobhopp/DJ MEDIA/VIDEO/2010's/Marshmello feat. Chvrches - Here With Me.mp4
Iron Butterfly,In A Gadda Da Vida (Live),RVTR571444,RVTR674680,vdj,hot100,100,exact,100,/Users/bobhopp/DJ MEDIA/VIDEO/1970's/Iron Butterfly - In A Gadda Da Vida (Live).mp4
Killers,All These Things That Ive Done,RVTR951391,RVTR422259,vdj,hot100,100,exact,100,/Users/bobhopp/DJ MEDIA/VIDEO/2000's/Killers - All These Things That Ive Done.mp4
Loverboy,Heaven In Your Eyes (Top Gun),RVTR472752,RVTR364131,vdj,hot100,100,exact,100,/Users/bobhopp/DJ MEDIA/VIDEO/1980's/Loverboy - Heaven In Your Eyes (Top Gun).mp4
Nelly Furtado & Timbaland,Promiscuous,RVTR149142,RVTR170480,vdj,hot100,100,exact,100,/Users/bobhopp/DJ MEDIA/VIDEO/2000's/Nelly Furtado & Timbaland - Promiscuous.mp4
Nicki Minaj Ft. Lil Wayne,High School,RVTR496495,RVTR553740,vdj,hot100,100,exact,100,/Users/bobhopp/DJ MEDIA/VIDEO/2010's/Nicki Minaj feat. Lil Wayne - High School.mp4
Elvis Presley,Suspicious Minds (Live),RVTR053573,RVTR864175,vdj,hot100_vdj,100,exact,100,/Users/bobhopp/DJ MEDIA/VIDEO/1960's/Elvis Presley - Suspicious Minds (Live).mp4
Rocko Ft. Future & Rick Ross,U.O.E.N.O.,RVTR403261,RVTR956351,vdj,hot100,100,exact,100,/Users/bobhopp/DJ MEDIA/VIDEO/2010's/Rocko feat. Future & Rick Ross - U.O.E.N.O.mp4
Nick Gilder,Hot Child In The City (Live),RVTR608504,RVTR737001,vdj,hot100_vdj,100,exact,100,/Users/bobhopp/DJ MEDIA/VIDEO/1970's/Nick Gilder - Hot Child In The City (Live).mp4
Redbone,Come and Get Your Love (Lyrics),RVTR764021,RVTR511394,vdj,hot100_vdj,100,exact,100,/Users/bobhopp/DJ MEDIA/VIDEO/1970's/Redbone - Come and Get Your Love (Lyrics).mp4
George Benson & Carlos Santana,Breezin',RVTR356297,RVTR745173,vdj,hot100,100,exact,100,/Users/bobhopp/DJ MEDIA/VIDEO/1970's/George Benson & Carlos Santana - Breezin'.mp4
Ozark Mountain Dare Devils,Jackie Blue,RVTR850146,RVTR440604,vdj,hot100_vdj,100,exact,100,/Users/bobhopp/DJ MEDIA/VIDEO/1970's/Ozark Mountain Dare Devils - Jackie Blue.mp4
Eric Clapton,I Shot The Sheriff (1985) HQ,RVTR532286,RVTR500826,vdj,hot100_vdj,100,exact,100,/Users/bobhopp/DJ MEDIA/VIDEO/1980's/Eric Clapton - I Shot The Sheriff (1985) HQ.mp4
B.B. King,The Thrill Is Gone (Live)  (1993),RVTR182704,RVTR712644,vdj,hot100_vdj,100,exact,100,/Users/bobhopp/DJ MEDIA/VIDEO/1960's/B.B. King - The Thrill Is Gone   (1993) (Live).mp4
Rocky Burnette,Tired Of Toein The Line,RVTR628017,RVTR141210,vdj,hot100,100,exact,100,/Users/bobhopp/DJ MEDIA/VIDEO/1980's/Rocky Burnette - Tired Of Toein The Line.mp4
Bee Gees,You Should Be Dancing (Dancers),RVTR802649,RVTR594397,vdj,hot100_vdj,100,exact,100,/Users/bobhopp/DJ MEDIA/VIDEO/1970's/Bee Gees - You Should Be Dancing (Dancers).mp4
Dexy's Midnight Runners,Come On Eileen,RVTR931242,RVTR838162,vdj,hot100,100,exact,100,/Users/bobhopp/DJ MEDIA/VIDEO/1980's/Dexy's Midnight Runners - Come On Eileen.mp4
Florence & The Machine,Dog Days Are Over,RVTR511892,RVTR351873,vdj,hot100_vdj,100,exact,100,/Users/bobhopp/DJ MEDIA/VIDEO/2010's/Florence & The Machine - Dog Days Are Over.mp4
Mariah Carey & Boyz II Men,One Sweet Day,RVTR494480,RVTR611037,vdj,hot100_vdj,100,exact,100,/Users/bobhopp/DJ MEDIA/VIDEO/1990's/Mariah Carey & Boyz II Men - One Sweet Day.mp4
"Crosby, Stills, Nash, & Young",Our House,RVTR114744,RVTR587596,vdj,hot100,100,exact,100,"/Users/bobhopp/DJ MEDIA/VIDEO/1970's/Crosby, Stills, Nash, & Young - Our House.mp4"
The Human League,Don't You Want Me (Mix),RVTR511351,RVTR137208,vdj,hot100,100,exact,100,/Users/bobhopp/DJ MEDIA/VIDEO/1980's/The Human League - Don't You Want Me (Mix).mp4
T-Pain  ft. Chris Brown,Best Love Song,RVTR512744,RVTR307746,vdj,hot100,100,exact,100,/Users/bobhopp/DJ MEDIA/VIDEO/2010's/T-Pain feat. Chris Brown - Best Love Song.mp4
Post Malone Ft. Justin Bieber,Deja Vu,RVTR009623,RVTR225759,vdj,hot100,100,exact,100,/Users/bobhopp/DJ MEDIA/VIDEO/2010's/Post Malone feat. Justin Bieber - Deja Vu.mp4
Rich Homie Quan Ft. Problem,Walk Thru,RVTR672494,RVTR556180,vdj,hot100,100,exact,100,/Users/bobhopp/DJ MEDIA/VIDEO/2010's/Rich Homie Quan feat. Problem - Walk Thru.mp4
Luke Bryan,Crash My Party (Lyric Video),RVTR891486,RVTR358685,vdj,hot100,100,exact,100,/Users/bobhopp/DJ MEDIA/VIDEO/COUNTRY/FILL/Luke Bryan - Crash My Party (Lyric Video).mp4
AC/DC,You Shook Me All Night Long (Live),RVTR693931,RVTR698984,vdj,hot100_vdj,100,exact,100,/Users/bobhopp/DJ MEDIA/VIDEO/1980's/AC_DC - You Shook Me All Night Long (Live).mp4
The Beach Boys,Good Vibrations (Studio),RVTR131267,RVTR757147,vdj,hot100_vdj,100,exact,100,/Users/bobhopp/DJ MEDIA/VIDEO/1960's/The Beach Boys - Good Vibrations (Studio).mp4
The Doors,Riders on the Storm (Vietnam),RVTR387558,RVTR313371,vdj,hot100_vdj,100,exact,100,/Users/bobhopp/DJ MEDIA/VIDEO/1970's/The Doors - Riders on the Storm (Vietnam).mp4
Three Dog Night,Old Fashioned Love Song,RVTR114929,RVTR493468,vdj,hot100_vdj,100,exact,100,/Users/bobhopp/DJ MEDIA/VIDEO/1970's/Three Dog Night - Old Fashioned Love Song.mp4
Paul Simon,Graceland & You Can Call Me Al,RVTR156098,RVTR285085,vdj,hot100_vdj,100,exact,100,/Users/bobhopp/DJ MEDIA/VIDEO/1980's/Paul Simon - Graceland & You Can Call Me Al.MP4
Luis Fonsi ft. Daddy Yankee,Despacito,RVTR586266,RVTR787996,vdj,hot100,100,exact,100,/Users/bobhopp/DJ MEDIA/VIDEO/2010's/Luis Fonsi feat. Daddy Yankee - Despacito.mp4
Modern English,I Melt With You (Studio),RVTR226325,RVTR853147,vdj,hot100_vdj,100,exact,100,/Users/bobhopp/DJ MEDIA/VIDEO/1980's/Modern English - I Melt With You (Studio).mp4
David Guetta Ft. Ne-Yo & Akon,Play Hard,RVTR703453,RVTR988798,vdj,hot100,100,exact,100,/Users/bobhopp/DJ MEDIA/VIDEO/2010's/David Guetta feat. Ne-Yo & Akon - Play Hard.mp4
Robin McNamara,Lay A Little Lovin' On Me (1970),RVTR357897,RVTR751683,vdj,hot100,100,exact,100,/Users/bobhopp/DJ MEDIA/VIDEO/1970's/Robin McNamara - Lay A Little Lovin' On Me.mp4
Diana Ross & The Supremes,Love Hangover,RVTR394094,RVTR613242,vdj,hot100_vdj,100,exact,100,/Users/bobhopp/DJ MEDIA/VIDEO/1970's/Diana Ross & The Supremes - Love Hangover.mp4
Lady Antebellum,Bartender [Music Video],RVTR827825,RVTR697974,vdj,hot100_vdj,100,exact,100,/Users/bobhopp/DJ MEDIA/VIDEO/COUNTRY/FILL/Lady Antebellum - Bartender (Music Video).MP4
Dusty Springfield,Son Of A Preacher Man,RVTR860886,RVTR860887,vdj,hot100,100,exact,100,/Users/bobhopp/DJ MEDIA/VIDEO/1960's/Dusty Springfield - Son Of A Preacher Man.mp4
Will.I.Am Ft. Justin Bieber,thatPOWER,RVTR057934,RVTR593287,vdj,hot100,100,exact,100,/Users/bobhopp/DJ MEDIA/VIDEO/2010's/Will.I.Am feat. Justin Bieber - thatPOWER.mp4
Elton John,Bennie And The Jets (1980 Live),RVTR173633,RVTR933650,vdj,hot100_vdj,100,exact,100,/Users/bobhopp/DJ MEDIA/VIDEO/1980's/Elton John - Bennie And The Jets (1980 Live).mp4
The Tremeloes,Here Comes My Baby  (Color),RVTR468825,RVTR255931,vdj,hot100_vdj,100,exact,100,/Users/bobhopp/DJ MEDIA/VIDEO/1960's/The Tremeloes - Here Comes My Baby (Color).mp4
Elvis Presley,Cant Help Falling In Love,RVTR502306,RVTR827394,vdj,hot100,100,exact,100,/Users/bobhopp/DJ MEDIA/VIDEO/1970's/Elvis Presley - Cant Help Falling In Love.mp4
Dave & Ansel Collins,Double Barrel (Live),RVTR708473,RVTR935438,vdj,hot100,100,exact,100,/Users/bobhopp/DJ MEDIA/VIDEO/1970's/Dave & Ansel Collins - Double Barrel (Live).mp4
"Yung Bleu, Chris Brown & 2 Chainz",Baddest,RVTR824580,RVTR036225,vdj,hot100,100,exact,100,"/Users/bobhopp/DJ MEDIA/VIDEO/2020's/Yung Bleu, Chris Brown & 2 Chainz - Baddest.mp4"
Billy Currington,Hey Girl (Lyric Video),RVTR128668,RVTR322421,vdj,hot100,100,exact,100,/Users/bobhopp/DJ MEDIA/VIDEO/COUNTRY/FILL/Billy Currington - Hey Girl (Lyric Video).mp4
The Mamas & The Papas,California Dreamin',RVTR060225,RVTR373839,vdj,hot100,100,exact,100,/Users/bobhopp/DJ MEDIA/VIDEO/1960's/The Mamas & The Papas - California Dreamin'.mp4
Luke Bryan,I Dont Want This Night To End,RVTR426666,RVTR786329,vdj,hot100,100,exact,100,/Users/bobhopp/DJ MEDIA/VIDEO/COUNTRY/FILL/Luke Bryan - I Dont Want This Night To End.mp4
Diana Ross & The Supremes,Chain Reaction,RVTR072122,RVTR169530,vdj,hot100,100,exact,100,/Users/bobhopp/DJ MEDIA/VIDEO/1980's/Diana Ross & The Supremes - Chain Reaction.mp4
Steve Miller Band,The Joker (Promo Only),RVTR712656,RVTR563512,vdj,hot100_vdj,100,exact,100,/Users/bobhopp/DJ MEDIA/VIDEO/1970's/Steve Miller Band - The Joker (Promo Only).mp4
Ace Hood Ft. Future & Rick Ross,Bugatti,RVTR088284,RVTR406756,vdj,hot100,100,exact,100,/Users/bobhopp/DJ MEDIA/VIDEO/2010's/Ace Hood feat. Future & Rick Ross - Bugatti.mp4
Dire Straits,Sultans of Swing (Live Aid),RVTR095530,RVTR086340,vdj,hot100_vdj,100,exact,100,/Users/bobhopp/DJ MEDIA/VIDEO/1980's/Dire Straits - Sultans of Swing (Live Aid).mp4
Black Eyed Peas,Imma Be Rocking That Body,RVTR499104,RVTR935819,vdj,hot100_vdj,100,exact,100,/Users/bobhopp/DJ MEDIA/VIDEO/2010's/Black Eyed Peas - Imma Be Rocking That Body.mp4
Jeremih Ft. Yg,Don't Tell 'Em [Explicit],RVTR262019,RVTR838891,vdj,hot100,100,exact,100,/Users/bobhopp/DJ MEDIA/VIDEO/2010's/Jeremih feat. Yg - Don't Tell 'Em (Explicit).mp4
Kiki Dee Band,I've got the music in me- 1974,RVTR396910,RVTR699308,vdj,hot100,100,exact,100,/Users/bobhopp/DJ MEDIA/VIDEO/1970's/Kiki Dee Band - I've got the music in me- 1974.mp4
Shaggy Ft Rayvon,Angel (Live) (Concert),RVTR855905,RVTR299358,vdj,hot100_vdj,100,exact,100,"/Users/bobhopp/DJ MEDIA/VIDEO/2000's/Shaggy feat. Rayvon - Angel (Concert, Live).mp4"
Wild Cherry,Play That Funky Music (Live),RVTR983673,RVTR692169,vdj,hot100_vdj,100,exact,100,/Users/bobhopp/DJ MEDIA/VIDEO/1970's/Wild Cherry - Play That Funky Music (Live).mp4
Silkie,You've Got To Hide Your Love Away,RVTR134456,RVTR937855,vdj,hot100,100,exact,100,/Users/bobhopp/DJ MEDIA/VIDEO/1960's/Silkie - You've Got To Hide Your Love Away.mp4
JAY-Z feat. Justin Timberlake,Holy Grail,RVTR107703,RVTR752773,vdj,hot100,100,exact,100,/Users/bobhopp/DJ MEDIA/VIDEO/2010's/JAY-Z feat. Justin Timberlake - Holy Grail.mp4
REO Speedwagon,Ridin' the Storm Out (1981),RVTR290363,RVTR261800,vdj,hot100,100,exact,100,/Users/bobhopp/DJ MEDIA/VIDEO/1980's/REO Speedwagon - Ridin' the Storm Out (1981).mp4
Queen & Paul Rodgers,We Are The Champions,RVTR416467,RVTR952100,vdj,hot100,100,exact,100,/Users/bobhopp/DJ MEDIA/VIDEO/1980's/Queen & Paul Rodgers - We Are The Champions.mp4
Black Eyed Peas,Don't Phunk With My Heart,RVTR145525,RVTR476213,vdj,hot100,100,exact,100,/Users/bobhopp/DJ MEDIA/VIDEO/2000's/Black Eyed Peas - Don't Phunk With My Heart.mp4
Eric Church,Like Jesus Does (Lyric Video),RVTR920509,RVTR090753,vdj,hot100,100,exact,100,/Users/bobhopp/DJ MEDIA/VIDEO/COUNTRY/FILL/Eric Church - Like Jesus Does (Lyric Video).mp4
Fabolous,You Be Killin Em (Clean Version),RVTR557815,RVTR476008,vdj,hot100,100,exact,100,/Users/bobhopp/DJ MEDIA/VIDEO/2010's/Fabolous - You Be Killin Em (Clean Version).mp4
Ariana Grande Ft. Nicki Minaj,Side To Side,RVTR991843,RVTR994104,vdj,hot100,100,exact,100,/Users/bobhopp/DJ MEDIA/VIDEO/2010's/Ariana Grande Ft. Nicki Minaj - Side To Side.mp4
REO Speedwagon,Keep On Loving You (Clean),RVTR038754,RVTR704203,vdj,hot100_vdj,100,exact,100,/Users/bobhopp/DJ MEDIA/VIDEO/1980's/REO Speedwagon - Keep On Loving You (Clean).mp4
Cyndi Lauper,All Through the Night (Live),RVTR742488,RVTR368289,vdj,hot100,100,exact,100,/Users/bobhopp/DJ MEDIA/VIDEO/2000's/Cyndi Lauper - All Through the Night (Live).mp4
Cali Swag District,Teach Me How To Dougie {Official Video},RVTR184775,RVTR841223,vdj,hot100_vdj,100,exact,100,/Users/bobhopp/DJ MEDIA/VIDEO/2010's/Cali Swag District - Teach Me How To Dougie.mp4
Post Malone Ft. Quavo,Congratulations,RVTR699913,RVTR290809,vdj,hot100,100,exact,100,/Users/bobhopp/DJ MEDIA/VIDEO/2010's/Post Malone feat. Quavo - Congratulations.mp4
Sergio Mendes & Brasil '66,The Look of Love,RVTR749012,RVTR568587,vdj,hot100,100,exact,100,/Users/bobhopp/DJ MEDIA/VIDEO/1960's/Sergio Mendes & Brasil '66 - The Look of Love.mp4
Black Eyed Peas,Meet Me Halfway (original),RVTR189856,RVTR376254,vdj,hot100_vdj,100,exact,100,/Users/bobhopp/DJ MEDIA/VIDEO/2000's/Black Eyed Peas - Meet Me Halfway (original).mp4
Robin Schulz feat. Francesco Yates,Sugar,RVTR567366,RVTR332687,vdj,hot100,100,exact,100,/Users/bobhopp/DJ MEDIA/VIDEO/2010's/Robin Schulz feat. Francesco Yates - Sugar.mp4
Partynextdoor Ft. Drake,Come And See Me,RVTR914534,RVTR148143,vdj,hot100,100,exact,100,/Users/bobhopp/DJ MEDIA/VIDEO/2010's/Partynextdoor feat. Drake - Come And See Me.mp4
Rob $Tone Ft. J. Davi$ & Spooks,Chill Bill,RVTR395860,RVTR203737,vdj,hot100,100,exact,100,/Users/bobhopp/DJ MEDIA/VIDEO/2010's/Rob $Tone feat. J. Davi$ & Spooks - Chill Bill.mp4
Roy Orbison,In Dreams (Blue Velvet)  (1986),RVTR769496,RVTR364379,vdj,hot100_vdj,100,exact,100,/Users/bobhopp/DJ MEDIA/VIDEO/1960's/Roy Orbison - In Dreams   (1986) (Blue Velvet).mp4
DeFranco Family,"Heartbeat, Its A Lovebeat",RVTR793891,RVTR614730,vdj,hot100,100,exact,100,"/Users/bobhopp/DJ MEDIA/VIDEO/1970's/DeFranco Family - Heartbeat, Its A Lovebeat.mp4"
Lil Dicky,Freaky Friday feat. Chris Brown,RVTR202728,RVTR939046,vdj,hot100,100,exact,100,/Users/bobhopp/DJ MEDIA/VIDEO/2010's/Lil Dicky feat. Chris Brown - Freaky Friday.mp4
"Crosby, Stills & Nash",Teach Your Children,RVTR101533,RVTR678276,vdj,hot100,100,exact,100,"/Users/bobhopp/DJ MEDIA/VIDEO/1980's/Crosby, Stills & Nash - Teach Your Children.mp4"
Jagged Edge feat. Nelly,Where the Party At,RVTR049145,RVTR860727,vdj,hot100,100,exact,100,/Users/bobhopp/DJ MEDIA/VIDEO/2000's/Jagged Edge feat. Nelly - Where the Party At.mp4
Sonny & Cher,A Cowboy s Work Is Never Done,RVTR316239,RVTR314647,vdj,hot100,100,exact,100,/Users/bobhopp/DJ MEDIA/VIDEO/1970's/Sonny & Cher - A Cowboy s Work Is Never Done.mp4
Eric Burdon & The Animals,When I Was Young,RVTR664841,RVTR149459,vdj,hot100,100,exact,100,/Users/bobhopp/DJ MEDIA/VIDEO/1960's/Eric Burdon & The Animals - When I Was Young.mp4
Cole Swindell,Chillin' It (Official Video),RVTR311136,RVTR863109,vdj,hot100,100,exact,100,/Users/bobhopp/DJ MEDIA/VIDEO/COUNTRY/FILL/Cole Swindell - Chillin' It (Official Video).mp4
Green Day,Boulevard Of Broken Dreams Live,RVTR265952,RVTR182429,vdj,hot100_vdj,100,exact,100,/Users/bobhopp/DJ MEDIA/VIDEO/2000's/Green Day - Boulevard Of Broken Dreams Live.mp4
Dj Snake Ft. Justin Bieber,Let Me Love You,RVTR188197,RVTR998832,vdj,hot100,100,exact,100,/Users/bobhopp/DJ MEDIA/VIDEO/2010's/Dj Snake Ft. Justin Bieber - Let Me Love You.mp4
Dave Clark Five,Everybody Knows (Shindig),RVTR782368,RVTR810701,vdj,hot100,100,exact,100,/Users/bobhopp/DJ MEDIA/VIDEO/1960's/Dave Clark Five - Everybody Knows (Shindig).mp4
Jake Owen,Anywhere With You (Lyric Video),RVTR321401,RVTR805722,vdj,hot100,100,exact,100,/Users/bobhopp/DJ MEDIA/VIDEO/COUNTRY/FILL/Jake Owen - Anywhere With You (Lyric Video).mp4
Wayne Newton,Daddy Don't You Walk So Fast (1972),RVTR568977,RVTR300151,vdj,hot100,100,exact,100,/Users/bobhopp/DJ MEDIA/VIDEO/1970's/Wayne Newton - Daddy Don't You Walk So Fast.mp4
Zedd feat. Hayley Williams,Stay The Night,RVTR430398,RVTR383227,vdj,hot100,100,exact,100,/Users/bobhopp/DJ MEDIA/VIDEO/2010's/Zedd feat. Hayley Williams - Stay The Night.mp4
The Weeknd & Ariana Grande,Save Your Tears,RVTR601214,RVTR776722,vdj,hot100,100,exact,100,/Users/bobhopp/DJ MEDIA/VIDEO/2020's/The Weeknd & Ariana Grande - Save Your Tears.mp4
Nancy Sinatra & Lee Hazlewood,Summer Wine,RVTR774940,RVTR631679,vdj,hot100,100,exact,100,/Users/bobhopp/DJ MEDIA/VIDEO/1960's/Nancy Sinatra & Lee Hazlewood - Summer Wine.mp4
Jennifer Lopez ft. Pitbull,On The Floor,RVTR720532,RVTR156175,vdj,hot100,100,exact,100,/Users/bobhopp/DJ MEDIA/VIDEO/2010's/Jennifer Lopez feat. Pitbull - On The Floor.mp4
The Weeknd Ft. Daft Punk,I Feel It Coming,RVTR714366,RVTR171845,vdj,hot100,100,exact,100,/Users/bobhopp/DJ MEDIA/VIDEO/2010's/The Weeknd feat. Daft Punk - I Feel It Coming.mp4
Steve Aoki & Louis Tomlinson,Just Hold On,RVTR376050,RVTR357409,vdj,hot100,100,exact,100,/Users/bobhopp/DJ MEDIA/VIDEO/2010's/Steve Aoki & Louis Tomlinson - Just Hold On.mp4
Commodores,Brick House (Midnight Special),RVTR223769,RVTR734759,vdj,hot100_vdj,100,exact,100,/Users/bobhopp/DJ MEDIA/VIDEO/1980's/Commodores - Brick House (Midnight Special).mp4
Kool & The Gang,Funky Stuff & Jungle Boogie,RVTR998404,RVTR995506,vdj,hot100,100,exact,100,/Users/bobhopp/DJ MEDIA/VIDEO/1970's/Kool & The Gang - Funky Stuff & Jungle Boogie.mp4
Elvis Presley,Bridge Over Troubled Water,RVTR860336,RVTR134693,vdj,hot100,100,exact,100,/Users/bobhopp/DJ MEDIA/VIDEO/1970's/Elvis Presley - Bridge Over Troubled Water.mp4
Madonna,Vogue (MTV Video Music Awards 1990),RVTR115068,RVTR245448,vdj,hot100_vdj,100,exact,100,/Users/bobhopp/DJ MEDIA/VIDEO/1990's/Madonna - Vogue (MTV Video Music Awards 1990).mp4
Lady GaGa,Marry The Night (Single Version),RVTR366040,RVTR872482,vdj,hot100_vdj,100,exact,100,/Users/bobhopp/DJ MEDIA/VIDEO/2010's/Lady GaGa - Marry The Night (Single Version).mp4
Every Mother's Son,Come On Down To My Boat,RVTR159022,RVTR279143,vdj,hot100,100,exact,100,/Users/bobhopp/DJ MEDIA/VIDEO/1960's/Every Mother's Son - Come On Down To My Boat.mp4
Scorpions,Rock You Like a Hurricane (Live),RVTR939624,RVTR920094,vdj,hot100_vdj,100,exact,100,/Users/bobhopp/DJ MEDIA/VIDEO/1980's/Scorpions - Rock You Like a Hurricane (Live).mp4
Travis Porter,Make It Rain (Clean Version),RVTR250901,RVTR807993,vdj,hot100,100,exact,100,/Users/bobhopp/DJ MEDIA/VIDEO/2010's/Travis Porter - Make It Rain (Clean Version).mp4
The Chainsmokers Ft. Daya,Don't Let Me Down,RVTR285957,RVTR084795,vdj,hot100,100,exact,100,/Users/bobhopp/DJ MEDIA/VIDEO/2010's/The Chainsmokers Ft. Daya - Don't Let Me Down.mp4
Schoolboy Q Ft. Bj The Chicago Kid,Studio,RVTR326911,RVTR661181,vdj,hot100_vdj,100,exact,100,/Users/bobhopp/DJ MEDIA/VIDEO/2010's/Schoolboy Q feat. Bj The Chicago Kid - Studio.MP4
Chris Lane,"Big, Big Plans (Video For Lauren)",RVTR775135,RVTR194264,vdj,hot100,100,exact,100,"/Users/bobhopp/DJ MEDIA/VIDEO/COUNTRY/FILL/Chris Lane - Big, Big Plans (Video For Lauren).mp4"
Elton John,Bennie and the Jets (Soul Train),RVTR648898,RVTR933650,vdj,hot100_vdj,100,exact,100,/Users/bobhopp/DJ MEDIA/VIDEO/1970's/Elton John - Bennie and the Jets (Soul Train).mp4
Rae Sremmurd Ft. Gucci Mane,Black Beatles,RVTR562805,RVTR636001,vdj,hot100,100,exact,100,/Users/bobhopp/DJ MEDIA/VIDEO/2010's/Rae Sremmurd feat. Gucci Mane - Black Beatles.mp4
Hailee Steinfeld & Grey Ft. Zedd,Starving,RVTR812988,RVTR919898,vdj,hot100,100,exact,100,/Users/bobhopp/DJ MEDIA/VIDEO/2010's/Hailee Steinfeld & Grey feat. Zedd - Starving.mp4
Georgia Satellites,Battleship Chains (1986),RVTR189801,RVTR073496,vdj,hot100,100,exact,100,/Users/bobhopp/DJ MEDIA/VIDEO/COUNTRY/FILL/Georgia Satellites - Battleship Chains (1986).mp4
Gnash Ft. Olivia O'brien,"I Hate U, I Love U",RVTR396327,RVTR326042,vdj,hot100,100,exact,100,"/Users/bobhopp/DJ MEDIA/VIDEO/2010's/Gnash feat. Olivia O'brien - I Hate U, I Love U.mp4"
The Fat Boys ft Chubby Checker,The Twist,RVTR658640,RVTR760280,vdj,hot100,100,exact,100,/Users/bobhopp/DJ MEDIA/VIDEO/1980's/The Fat Boys feat. Chubby Checker - The Twist.mp4
Sam Smith & Normani,Dancing With A Stranger,RVTR571417,RVTR896737,vdj,hot100_vdj,100,exact,100,/Users/bobhopp/DJ MEDIA/VIDEO/2010's/Sam Smith & Normani - Dancing With A Stranger.mp4
Michael Jackson Duet With Akon,Hold My Hand,RVTR820631,RVTR903596,vdj,hot100,100,exact,100,/Users/bobhopp/DJ MEDIA/VIDEO/2010's/Michael Jackson Duet With Akon - Hold My Hand.mp4
Frankie Goes to Hollywood,Relax (Festival),RVTR211367,RVTR758008,vdj,hot100_vdj,100,exact,100,/Users/bobhopp/DJ MEDIA/VIDEO/1980's/Frankie Goes to Hollywood - Relax (Festival).mp4
Wham!,Everything She Wants (Official Video),RVTR596550,RVTR754788,vdj,hot100_vdj,100,exact,100,/Users/bobhopp/DJ MEDIA/VIDEO/1980's/Wham! - Everything She Wants (Official Video).mp4
Jive Bunny & The Mix Masters,Swing The Mood,RVTR378602,RVTR563704,vdj,hot100,100,exact,100,/Users/bobhopp/DJ MEDIA/VIDEO/1950's/Jive Bunny & The Mix Masters - Swing The Mood.mp4
The Weeknd Ft. Kendrick Lamar,Sidewalks [,RVTR822004,RVTR301653,vdj,hot100,100,exact,100,/Users/bobhopp/DJ MEDIA/VIDEO/2010's/The Weeknd feat. Kendrick Lamar - Sidewalks [.mp4
Elton John,Bennie and The Jets(Wembley 1984),RVTR654958,RVTR933650,vdj,hot100_vdj,100,exact,100,/Users/bobhopp/DJ MEDIA/VIDEO/1970's/Elton John - Bennie and The Jets (Wembley 1984).mp4
Peter Frampton,Do You Feel Like We Do (Live),RVTR921407,RVTR976844,vdj,hot100_vdj,100,exact,100,/Users/bobhopp/DJ MEDIA/VIDEO/1970's/Peter Frampton - Do You Feel Like We Do (Live).mp4
Matthew Wilder,Break My Stride (Solid Gold),RVTR529305,RVTR333221,vdj,hot100_vdj,100,exact,100,/Users/bobhopp/DJ MEDIA/VIDEO/1980's/Matthew Wilder - Break My Stride (Solid Gold).mp4
Martin Garrix & Dua Lipa,Scared To Be Lonely,RVTR631547,RVTR838857,vdj,hot100,100,exact,100,/Users/bobhopp/DJ MEDIA/VIDEO/2010's/Martin Garrix & Dua Lipa - Scared To Be Lonely.mp4
The Beatles,Ticket To Ride & Long Tall Sally,RVTR448463,RVTR196202,vdj,hot100_vdj,100,exact,100,/Users/bobhopp/DJ MEDIA/VIDEO/1960's/The Beatles - Ticket To Ride & Long Tall Sally.mp4
The Seekers,I'll Never Find Another You  (BW),RVTR743344,RVTR485016,vdj,hot100,100,exact,100,/Users/bobhopp/DJ MEDIA/VIDEO/1960's/The Seekers - I'll Never Find Another You (BW).mp4
The Art of Noise featuring Duane Eddy,Peter Gunn,RVTR993641,RVTR788207,vdj,hot100,100,exact,100,/Users/bobhopp/DJ MEDIA/VIDEO/1980's/The Art of Noise feat. Duane Eddy - Peter Gunn.mp4
Jason Derulo,Whatcha Say  Acoustic Version,RVTR279784,RVTR670573,vdj,hot100_vdj,100,exact,100,/Users/bobhopp/DJ MEDIA/VIDEO/2000's/Jason Derulo - Whatcha Say  Acoustic Version.mp4
Journey,Wheel in the Sky (Midnight Special),RVTR105942,RVTR280739,vdj,hot100_vdj,100,exact,100,/Users/bobhopp/DJ MEDIA/VIDEO/1970's/Journey - Wheel in the Sky (Midnight Special).mp4
Sugarhill Gang,Good Times & Rappers Delight,RVTR354238,RVTR234403,vdj,hot100,100,exact,100,/Users/bobhopp/DJ MEDIA/VIDEO/1980's/Sugarhill Gang - Good Times & Rappers Delight.mp4
Miguel Ft. Kendrick Lamar,How Many Drinks,RVTR417465,RVTR299415,vdj,hot100,100,exact,100,/Users/bobhopp/DJ MEDIA/VIDEO/2010's/Miguel feat. Kendrick Lamar - How Many Drinks.mp4
Selena Gomez & The Scene,A Year Without Rain,RVTR777250,RVTR317069,vdj,hot100,100,exact,100,/Users/bobhopp/DJ MEDIA/VIDEO/2010's/Selena Gomez & The Scene - A Year Without Rain.mp4
Paul Young,Come Back and Stay (1983 Version 1),RVTR572402,RVTR170852,vdj,hot100,100,exact,100,/Users/bobhopp/DJ MEDIA/VIDEO/1980's/Paul Young - Come Back and Stay (1983 Version 1).mp4
Trey Songz Ft. Nicki Minaj,"Touchin, Lovin",RVTR511166,RVTR254188,vdj,hot100,100,exact,100,"/Users/bobhopp/DJ MEDIA/VIDEO/2010's/Trey Songz feat. Nicki Minaj - Touchin, Lovin.mp4"
Bee Gees,"How Deep Is Your Love - Bee Gees cover feat. Josh Turner, Reina del Cid, Carson McKee",RVTR264059,RVTR148782,vdj,hot100,100,exact,100,"/Users/bobhopp/DJ MEDIA/VIDEO/1990's/How Deep Is Your Love feat. Josh Turner, Reina del Cid, Carson McKee - How Deep Is Your Love - Bee Gees cover.mp4"
Flo Rida Feat. David Guetta,Club Can't Handle Me,RVTR027103,RVTR829571,vdj,hot100,100,exact,100,/Users/bobhopp/DJ MEDIA/VIDEO/2010's/Flo Rida And David Guetta - Club Cant Handle Me.mp4
Florence & The Machine,What The Water Gave Me,RVTR851729,RVTR374190,vdj,hot100,100,exact,100,/Users/bobhopp/DJ MEDIA/VIDEO/2010's/Florence & The Machine - What The Water Gave Me.mp4
Dave Clark Five,Anyway You Want It (Shindig),RVTR153992,RVTR238107,vdj,hot100,100,exact,100,/Users/bobhopp/DJ MEDIA/VIDEO/1960's/Dave Clark Five - Anyway You Want It (Shindig).mp4
The Everly Brothers,Ebony Eyes:Love Hurts,RVTR844410,RVTR065587,vdj,hot100,100,exact,100,/Users/bobhopp/DJ MEDIA/VIDEO/1960's/The Everly Brothers - Ebony Eyes_Love Hurts.mp4
Hootie & The Blowfish,Only Wanna Be With You,RVTR358632,RVTR948648,vdj,hot100,100,exact,100,/Users/bobhopp/DJ MEDIA/VIDEO/1990's/Hootie & The Blowfish - Only Wanna Be With You.mp4
Three Dog Night,Mama Told Me Not To Come (1970),RVTR653142,RVTR864080,vdj,hot100,100,exact,100,/Users/bobhopp/DJ MEDIA/VIDEO/1970's/Three Dog Night - Mama Told Me Not To Come (1970).mp4
"Jessie J, Ariana Grande, Nicki Minaj",Bang Bang,RVTR622173,RVTR740918,vdj,hot100,100,exact,100,"/Users/bobhopp/DJ MEDIA/VIDEO/2010's/Jessie J, Ariana Grande, Nicki Minaj - Bang Bang.mp4"
The Black Eyed Peas,Imma Be [Single Version*],RVTR776217,RVTR935819,vdj,hot100_vdj,100,exact,100,/Users/bobhopp/DJ MEDIA/VIDEO/2010's/The Black Eyed Peas - Imma Be (Single Version_).mp4
Miley Cyrus,Midnight Sky in the Live Lounge,RVTR180167,RVTR771981,vdj,hot100,100,exact,100,/Users/bobhopp/DJ MEDIA/VIDEO/2020's/Miley Cyrus - Midnight Sky in the Live Lounge.mp4
The Doobie Brothers,Listen To The Music (2000),RVTR679825,RVTR892750,vdj,hot100,100,exact,100,/Users/bobhopp/DJ MEDIA/VIDEO/1970's/The Doobie Brothers - Listen To The Music (2000).mp4
D.J. Jazzy Jeff & The Fresh Prince,Summertime,RVTR654476,RVTR620117,vdj,hot100,100,exact,100,/Users/bobhopp/DJ MEDIA/VIDEO/1990's/D.J. Jazzy Jeff & The Fresh Prince - Summertime.mp4
Martin Garrix & Bebe Rexha,In The Name Of Love,RVTR165592,RVTR159950,vdj,hot100,100,exact,100,/Users/bobhopp/DJ MEDIA/VIDEO/2010's/Martin Garrix & Bebe Rexha - In The Name Of Love.mp4
Prince and The Revolution,Purple Rain (Live),RVTR640735,RVTR133638,vdj,hot100,100,exact,100,/Users/bobhopp/DJ MEDIA/VIDEO/1980's/Prince and The Revolution - Purple Rain (Live).mp4
Bee Gees,Stayin' Alive (Saturday Night Fever),RVTR740724,RVTR934516,vdj,hot100,100,exact,100,/Users/bobhopp/DJ MEDIA/VIDEO/1970's/Bee Gees - Stayin' Alive (Saturday Night Fever).mp4
Pat Benatar,Hit Me With Your Best Shot (Live),RVTR721275,RVTR981202,vdj,hot100_vdj,100,exact,100,/Users/bobhopp/DJ MEDIA/VIDEO/1980's/Pat Benatar - Hit Me With Your Best Shot (Live).mp4
The Foundations,Baby Now That I've Found You,RVTR786433,RVTR786434,vdj,hot100,100,exact,100,/Users/bobhopp/DJ MEDIA/VIDEO/1960's/The Foundations - Baby Now That I've Found You.mp4
Three Days Grace,I Hate Everything About You,RVTR167356,RVTR167355,vdj,hot100,100,exact,100,/Users/bobhopp/DJ MEDIA/VIDEO/2000's/Three Days Grace - I Hate Everything About You.mp4
The Doobie Brothers,Listen To The Music (1972),RVTR584662,RVTR892750,vdj,hot100,100,exact,100,/Users/bobhopp/DJ MEDIA/VIDEO/1970's/The Doobie Brothers - Listen To The Music (1972).mp4
Linda Ronstadt,Tumbling Dice & You're No Good,RVTR276283,RVTR736217,vdj,hot100_vdj,100,exact,100,/Users/bobhopp/DJ MEDIA/VIDEO/1970's/Linda Ronstadt - Tumbling Dice & You're No Good.mp4
Rufus Ft. Chaka Khan,| Tell Me Something Good,RVTR376356,RVTR799433,vdj,hot100_vdj,100,exact,100,/Users/bobhopp/DJ MEDIA/VIDEO/1970's/Rufus feat. Chaka Khan - Tell Me Something Good.mp4
Simon & Garfunkel,Bridge over Troubled Water,RVTR714571,RVTR966397,vdj,hot100,100,exact,100,/Users/bobhopp/DJ MEDIA/VIDEO/1970's/Simon & Garfunkel - Bridge over Troubled Water.mp4
Keith Urban,Somewhere In My Car [Music Video],RVTR555241,RVTR775800,vdj,hot100_vdj,100,exact,100,/Users/bobhopp/DJ MEDIA/VIDEO/COUNTRY/FILL/Keith Urban - Somewhere In My Car (Music Video).mp4
Jive Bunny & The Mastermixers,Swing The Mood,RVTR165466,RVTR563704,vdj,hot100,100,exact,100,/Users/bobhopp/DJ MEDIA/VIDEO/1980's/Jive Bunny & The Mastermixers - Swing The Mood.mp4
Phil Collins,Sussudio (Official Music Video),RVTR365458,RVTR488041,vdj,hot100_vdj,100,exact,100,/Users/bobhopp/DJ MEDIA/VIDEO/1980's/Phil Collins - Sussudio (Official Music Video).mp4
Celine Dion,Where Does My Heart Beat Now  (1990),RVTR823174,RVTR641127,vdj,hot100,100,exact,100,/Users/bobhopp/DJ MEDIA/VIDEO/1990's/Celine Dion - Where Does My Heart Beat Now  (1990).mp4
The Notorious B.I.G. feat. Pam Long,Hypnotize,RVTR262932,RVTR101537,vdj,hot100,100,exact,100,/Users/bobhopp/DJ MEDIA/VIDEO/1990's/The Notorious B.I.G. feat. Pam Long - Hypnotize.mp4
The Foundations,"Baby, Now That I ve Found You",RVTR998749,RVTR786434,vdj,hot100,100,exact,100,"/Users/bobhopp/DJ MEDIA/VIDEO/1960's/The Foundations - Baby, Now That I ve Found You.mp4"
Captain & Tennille,Love Will Keep Us Together,RVTR299769,RVTR880717,vdj,hot100,100,exact,100,/Users/bobhopp/DJ MEDIA/VIDEO/1970's/Captain & Tennille - Love Will Keep Us Together.mp4
Elton John & RuPaul,Don't Go Breaking My Heart,RVTR013714,RVTR289559,vdj,hot100,100,exact,100,/Users/bobhopp/DJ MEDIA/VIDEO/1990's/Elton John & RuPaul - Don't Go Breaking My Heart.mp4
Trooper,"Two For The Show, Raise A Little Hell",RVTR072076,RVTR137984,vdj,hot100_vdj,100,exact,100,"/Users/bobhopp/DJ MEDIA/VIDEO/1970's/Trooper - Two For The Show, Raise A Little Hell.mp4"
Demi Lovato Ft. Cher Lloyd,Really Don't Care,RVTR996051,RVTR228555,vdj,hot100,100,exact,100,/Users/bobhopp/DJ MEDIA/VIDEO/2010's/Demi Lovato feat. Cher Lloyd - Really Don't Care.MP4
Twisted Sister,We're Not Gonna Take It (Clean),RVTR985736,RVTR493853,vdj,hot100,100,exact,100,/Users/bobhopp/DJ MEDIA/VIDEO/1980's/Twisted Sister - We're Not Gonna Take It (Clean).mp4
Eric Burdon & The Animals,White Houses (1995) HQ,RVTR129475,RVTR727863,vdj,hot100,100,exact,100,/Users/bobhopp/DJ MEDIA/VIDEO/1960's/Eric Burdon & The Animals - White Houses (1995) HQ.mp4
Wyclef Jean,Gone Till November (Slow Version),RVTR115290,RVTR670261,vdj,hot100_vdj,100,exact,100,/Users/bobhopp/DJ MEDIA/VIDEO/1990's/Wyclef Jean - Gone Till November (Slow Version).mp4
Pitbull with Enrique Iglesias,Messin' Around,RVTR737697,RVTR623816,vdj,hot100,100,exact,100,/Users/bobhopp/DJ MEDIA/VIDEO/2010's/Pitbull with Enrique Iglesias - Messin' Around.mp4
Brownsville Station,Smokin' In The Boys Room,RVTR791271,RVTR911780,vdj,hot100,100,exact,100,/Users/bobhopp/DJ MEDIA/VIDEO/1970's/Brownsville Station - Smokin' In The Boys Room.mp4
Elton John,Someone Saved My Life Tonight (1976),RVTR684713,RVTR716472,vdj,hot100_vdj,100,exact,100,/Users/bobhopp/DJ MEDIA/VIDEO/1970's/Elton John - Someone Saved My Life Tonight (1976).mp4
Kool & The Gang,Cherish,RVTR899822,RVTR333493,vdj,hot100,100,exact,100,/Users/bobhopp/DJ MEDIA/VIDEO/1980's/00.09.15.000-Kool & The Gang - Cherish (Philadelphia).mp4
Bob Dylan & Tom Petty,Knockin' On Heaven's Door,RVTR671620,RVTR279770,vdj,hot100,100,exact,100,/Users/bobhopp/DJ MEDIA/VIDEO/1970's/Bob Dylan & Tom Petty - Knockin' On Heaven's Door.mp4
Major Lazer Ft. Justin Bieber & Mo,Cold Water,RVTR657618,RVTR939130,vdj,hot100,100,exact,100,/Users/bobhopp/DJ MEDIA/VIDEO/2010's/Major Lazer feat. Justin Bieber & Mo - Cold Water.mp4
Dua Lipa,Dance The Night (From Barbie The Album),RVTR660621,RVTR615415,vdj,hot100,100,exact,100,/Users/bobhopp/DJ MEDIA/VIDEO/2020's/Dua Lipa - Dance The Night (From Barbie The Album).mp4
The Chainsmokers Ft. Phoebe Ryan,All We Know,RVTR851467,RVTR902297,vdj,hot100,100,exact,100,/Users/bobhopp/DJ MEDIA/VIDEO/2010's/The Chainsmokers feat. Phoebe Ryan - All We Know.mp4
"Carly Pearce, Lee Brice",I Hope You're Happy Now,RVTR532102,RVTR894723,vdj,hot100,100,exact,100,"/Users/bobhopp/DJ MEDIA/VIDEO/COUNTRY/FILL/Carly Pearce, Lee Brice - I Hope You're Happy Now.mp4"
Elton John & KiKi Dee,Don't Go Breaking My Heart,RVTR444019,RVTR289559,vdj,hot100,100,exact,100,/Users/bobhopp/DJ MEDIA/VIDEO/1970's/Elton John & KiKi Dee - Don't Go Breaking My Heart.mp4
Barry White,"Can t Get Enough Of Your Love, Babe (Dub)",RVTR906241,RVTR855851,vdj,hot100,100,exact,100,"/Users/bobhopp/DJ MEDIA/VIDEO/1970's/Barry White - Can t Get Enough Of Your Love, Babe.mp4"
Neil Diamond,You Got To Me (American Bandstand),RVTR819759,RVTR683657,vdj,hot100,100,exact,100,/Users/bobhopp/DJ MEDIA/VIDEO/1960's/Neil Diamond - You Got To Me (American Bandstand).mp4
The Beach Boys,Heroes and Villains Music Video,RVTR117969,RVTR105331,vdj,hot100,100,exact,100,/Users/bobhopp/DJ MEDIA/VIDEO/1960's/The Beach Boys - Heroes and Villains Music Video.mp4
Luke Bryan,Play It Again (Official Music Video),RVTR437889,RVTR136419,vdj,hot100_vdj,100,exact,100,/Users/bobhopp/DJ MEDIA/VIDEO/COUNTRY/FILL/Luke Bryan - Play It Again (Official Music Video).mp4
Clean Bandit Ft. Sean Paul & Anne-Marie,Rockabye,RVTR648648,RVTR650442,vdj,hot100,100,exact,100,/Users/bobhopp/DJ MEDIA/VIDEO/2010's/Clean Bandit Ft. Sean Paul & Anne-Marie - Rockabye.mp4
"Robin Thicke feat. T.I., Pharrell",Blurred Lines,RVTR423588,RVTR910213,vdj,hot100_vdj,100,exact,100,"/Users/bobhopp/DJ MEDIA/VIDEO/2010's/Robin Thicke feat. T.I., Pharrell - Blurred Lines.mp4"
Nancy Sinatra,These Boots Are Made For Walking,RVTR833355,RVTR251858,vdj,hot100,100,exact,100,/Users/bobhopp/DJ MEDIA/VIDEO/1960's/Nancy Sinatra - These Boots Are Made For Walking.mp4
The Everly Brothers,Bird Dog Till I Kissed You,RVTR406689,RVTR432734,vdj,hot100_vdj,100,exact,100,/Users/bobhopp/DJ MEDIA/VIDEO/1950's/The Everly Brothers - Bird Dog Till I Kissed You.mp4
The Seekers,I'll Never Find Another You  (Color),RVTR929883,RVTR485016,vdj,hot100,100,exact,100,/Users/bobhopp/DJ MEDIA/VIDEO/1960's/The Seekers - I'll Never Find Another You (Color).mp4
Cream,Sunshine Of Your Love  (Farewell Concert),RVTR172160,RVTR823266,vdj,hot100,100,exact,100,/Users/bobhopp/DJ MEDIA/VIDEO/1960's/Cream - Sunshine Of Your Love (Farewell Concert).mp4
Corey Hart,Sunglasses At Night (Countdown 1984),RVTR979663,RVTR863761,vdj,hot100_vdj,100,exact,100,/Users/bobhopp/DJ MEDIA/VIDEO/1980's/Corey Hart - Sunglasses At Night (Countdown 1984).mp4
Zac Brown Band,Whatever It Is  | The Foundation,RVTR719886,RVTR029446,vdj,hot100_vdj,100,exact,100,/Users/bobhopp/DJ MEDIA/VIDEO/COUNTRY/FILL/Zac Brown Band - Whatever It Is  _ The Foundation.mp4
Calvin Harris & Disciples,How Deep Is Your Love,RVTR028416,RVTR734802,vdj,hot100,100,exact,100,/Users/bobhopp/DJ MEDIA/VIDEO/2010's/Calvin Harris & Disciples - How Deep Is Your Love.mp4
Blood Sweat & Tears,You've Made Me So Very Happy,RVTR066538,RVTR231361,vdj,hot100,100,exact,100,/Users/bobhopp/DJ MEDIA/VIDEO/1960's/Blood Sweat & Tears - You've Made Me So Very Happy.mp4
Cyndi Lauper,Money Changes Everything (Lyrics),RVTR140169,RVTR366683,vdj,hot100_vdj,100,exact,100,/Users/bobhopp/DJ MEDIA/VIDEO/1980's/Cyndi Lauper - Money Changes Everything (Lyrics).mp4
Luke Bryan,Drink A Beer (Live Performance Video),RVTR466485,RVTR619484,vdj,hot100_vdj,100,exact,100,/Users/bobhopp/DJ MEDIA/VIDEO/COUNTRY/FILL/Luke Bryan - Drink A Beer (Live Performance Video).mp4
Cheap Trick,I Want You to Want Me (from Budokan!),RVTR365980,RVTR982911,vdj,hot100_vdj,100,exact,100,/Users/bobhopp/DJ MEDIA/VIDEO/1970's/Cheap Trick - I Want You to Want Me (from Budokan!).mp4
Russell Dickerson feat. Jake Scott,She Likes It,RVTR943114,RVTR470571,vdj,hot100,100,exact,100,/Users/bobhopp/DJ MEDIA/VIDEO/2020's/Russell Dickerson feat. Jake Scott - She Likes It.mp4
"Jimmie Allen, Brad Paisley",Freedom Was a Highway,RVTR457295,RVTR146281,vdj,hot100,100,exact,100,"/Users/bobhopp/DJ MEDIA/VIDEO/COUNTRY/FILL/Jimmie Allen, Brad Paisley - Freedom Was a Highway.mp4"
Sanford Townsend Band,Smoke From A Distant Fire,RVTR899604,RVTR326181,vdj,hot100_vdj,100,exact,100,/Users/bobhopp/DJ MEDIA/VIDEO/1970's/Sanford Townsend Band - Smoke From A Distant Fire.mp4
Blake Shelton feat. Gwen Stefani,Happy Anywhere,RVTR193928,RVTR238980,vdj,hot100,100,exact,100,/Users/bobhopp/DJ MEDIA/VIDEO/COUNTRY/FILL/Blake Shelton feat. Gwen Stefani - Happy Anywhere.mp4
Ariana Grande Ft. Iggy Azalea & Big Sean,Problem,RVTR057748,RVTR858571,vdj,hot100_vdj,100,exact,100,/Users/bobhopp/DJ MEDIA/VIDEO/2010's/Ariana Grande feat. Iggy Azalea & Big Sean - Problem.MP4
Stevie Wonder,Superstition & Signed Sealed Delivered,RVTR238580,RVTR678114,vdj,hot100_vdj,100,exact,100,/Users/bobhopp/DJ MEDIA/VIDEO/2000's/Stevie Wonder - Signed Sealed Delivered I'm Yours.mp4
"Crosby, Stills, Nash & Young",Teach Your Children,RVTR281355,RVTR678276,vdj,hot100,100,exact,100,"/Users/bobhopp/DJ MEDIA/VIDEO/1970's/Crosby, Stills, Nash & Young - Teach Your Children.mp4"
Jason Aldean,Fly Over States (Live On Letterman),RVTR573394,RVTR040254,vdj,hot100,100,exact,100,/Users/bobhopp/DJ MEDIA/VIDEO/COUNTRY/FILL/Jason Aldean - Fly Over States (Live On Letterman).mp4
Clean Bandit feat. Sean Paul & Anne-Marie,Rockabye,RVTR527034,RVTR650442,vdj,hot100,100,exact,100,/Users/bobhopp/DJ MEDIA/VIDEO/2010's/Clean Bandit feat. Sean Paul & Anne-Marie - Rockabye.mp4
Willie Nelson,Blue Eyes Crying In The Rain (Live),RVTR358893,RVTR110408,vdj,hot100_vdj,100,exact,100,/Users/bobhopp/DJ MEDIA/VIDEO/1980's/Willie Nelson - Blue Eyes Crying In The Rain (Live).mp4
Dj Esco Ft. Future & Lil Uzi Vert,Too Much Sauce,RVTR388220,RVTR401946,vdj,hot100,100,exact,100,/Users/bobhopp/DJ MEDIA/VIDEO/2010's/Dj Esco feat. Future & Lil Uzi Vert - Too Much Sauce.mp4
Selena Gomez & The Scene,Love You Like A Love Song,RVTR884225,RVTR204877,vdj,hot100,100,exact,100,/Users/bobhopp/DJ MEDIA/VIDEO/2010's/Selena Gomez & The Scene - Love You Like A Love Song.mp4
The Animals,We Gotta Get Out Of This Place  (Color),RVTR610509,RVTR308620,vdj,hot100,100,exact,100,/Users/bobhopp/DJ MEDIA/VIDEO/1960's/The Animals - We Gotta Get Out Of This Place (Color).mp4
The Yardbirds,Heart Full of Soul  With Jimmy Page,RVTR900685,RVTR899812,vdj,hot100,100,exact,100,/Users/bobhopp/DJ MEDIA/VIDEO/1960's/The Yardbirds - Heart Full of Soul  With Jimmy Page.mp4
Charlie Rich,The Most Beautiful Girl In The World,RVTR639386,RVTR708348,vdj,hot100_vdj,100,exact,100,/Users/bobhopp/DJ MEDIA/VIDEO/1970's/Charlie Rich - The Most Beautiful Girl In The World.mp4
Lou Christie,Lightnin Strikes (Midnight Special),RVTR723981,RVTR479328,vdj,hot100,100,exact,100,/Users/bobhopp/DJ MEDIA/VIDEO/1960's/Lou Christie - Lightnin Strikes (Midnight Special).mp4
"10,000 Maniacs",Because The Night (MTV Unplugged 1993),RVTR015056,RVTR057442,vdj,hot100_vdj,100,exact,100,"/Users/bobhopp/DJ MEDIA/VIDEO/1990's/10,000 Maniacs - Because The Night (MTV Unplugged 1993).mp4"
Waka Flocka Flame feat. Kebo Gotti,Grove St. Party,RVTR110182,RVTR032375,vdj,hot100,100,exact,100,/Users/bobhopp/DJ MEDIA/VIDEO/2010's/Waka Flocka Flame feat. Kebo Gotti - Grove St. Party.mp4
John Cafferty & The Beaver Brown Band,Tender Years,RVTR644844,RVTR586346,vdj,hot100,100,exact,100,/Users/bobhopp/DJ MEDIA/VIDEO/1980's/John Cafferty & The Beaver Brown Band - Tender Years.mp4
The Beatles,Eleanor Rigby (From Yellow Submarine),RVTR524030,RVTR159791,vdj,hot100_vdj,100,exact,100,/Users/bobhopp/DJ MEDIA/VIDEO/1960's/The Beatles - Eleanor Rigby (From Yellow Submarine).mp4
Soulja Boy Tell 'Em & Sammie,Kiss Me Thru The Phone,RVTR358344,RVTR019761,vdj,hot100,100,exact,100,/Users/bobhopp/DJ MEDIA/VIDEO/2000's/Soulja Boy Tell 'Em & Sammie - Kiss Me Thru The Phone.mp4
Kenny Chesney Ft. P!Nk,Setting The World On Fire,RVTR542790,RVTR704754,vdj,hot100_vdj,100,exact,100,/Users/bobhopp/DJ MEDIA/VIDEO/COUNTRY/FILL/Kenny Chesney feat. P!Nk - Setting The World On Fire.mp4
Pitbull Ft. Christina Aguilera,Feel This Moment,RVTR935601,RVTR394114,vdj,hot100,100,exact,100,/Users/bobhopp/DJ MEDIA/VIDEO/2010's/Pitbull feat. Christina Aguilera - Feel This Moment.mp4
Iggy Azalea Ft. Rita Ora,Black Widow,RVTR071667,RVTR478470,vdj,hot100_vdj,100,exact,100,/Users/bobhopp/DJ MEDIA/VIDEO/2010's/Iggy Azalea Ft. Rita Ora - Black Widow [Music Video].MP4
Johnnie Taylor,I Found A Love / Cheaper To Keep Her,RVTR846331,RVTR156685,vdj,hot100,100,exact,100,/Users/bobhopp/DJ MEDIA/VIDEO/1970's/Johnnie Taylor - I Found A Love _ Cheaper To Keep Her.mp4
Jason Aldean & Carrie Underwood,If I Didn't Love You,RVTR856619,RVTR107817,vdj,hot100,100,exact,100,/Users/bobhopp/DJ MEDIA/VIDEO/COUNTRY/FILL/Jason Aldean & Carrie Underwood - If I Didn't Love You.mp4
Madonna & Justin Timberlake And Timbaland,4 Minutes,RVTR208060,RVTR223670,vdj,hot100_vdj,100,exact,100,/Users/bobhopp/DJ MEDIA/VIDEO/2000's/Madonna & Justin Timberlake And Timbaland - 4 Minutes.mp4
Michael Jackson,Man In The Mirror (Tribute Montage),RVTR239923,RVTR427766,vdj,hot100_vdj,100,exact,100,/Users/bobhopp/DJ MEDIA/VIDEO/1980's/Michael Jackson - Man In The Mirror (Tribute Montage).mp4
Simon & Garfunkel,"For Emily, Whenever I May Find Her",RVTR053068,RVTR190626,vdj,hot100,100,exact,100,"/Users/bobhopp/DJ MEDIA/VIDEO/1960's/Simon & Garfunkel - For Emily, Whenever I May Find Her.mp4"
Dusty Springfield,I Only Want To Be With You (Rare),RVTR735149,RVTR742416,vdj,hot100_vdj,100,exact,100,/Users/bobhopp/DJ MEDIA/VIDEO/1960's/Dusty Springfield - I Only Want To Be With You (Rare).mp4
Billy Preston,Will It Go Round In Circles (Concert),RVTR536261,RVTR165496,vdj,hot100_vdj,100,exact,100,/Users/bobhopp/DJ MEDIA/VIDEO/1970's/Billy Preston - Will It Go Round In Circles (Concert).mp4
Jason Derulo feat. Nicki Minaj & Ty Dolla $ign,Swalla,RVTR815046,RVTR182324,vdj,hot100,100,exact,100,/Users/bobhopp/DJ MEDIA/VIDEO/2010's/Jason Derulo feat. Nicki Minaj & Ty Dolla $ign - Swalla.mp4
Elvin Bishop,Fooled Around And Fell In Love (Models),RVTR620944,RVTR955805,vdj,hot100_vdj,100,exact,100,/Users/bobhopp/DJ MEDIA/VIDEO/1970's/Elvin Bishop - Fooled Around And Fell In Love (Models).mp4
Peter Frampton,Do You Feel Like We Do (Detroit)(1999),RVTR856574,RVTR976844,vdj,hot100_vdj,100,exact,100,/Users/bobhopp/DJ MEDIA/VIDEO/1970's/Peter Frampton - Do You Feel Like We Do (1999) (Detroit).mp4
Sia,Elastic Heart Feat. Shia Labeouf & Maddie Ziegler,RVTR659897,RVTR125149,vdj,hot100,100,exact,100,/Users/bobhopp/DJ MEDIA/VIDEO/2010's/Sia feat. Shia Labeouf & Maddie Ziegler - Elastic Heart.mp4
Macklemore & Ryan Lewis Ft. Mary Lambert,Same Love,RVTR467434,RVTR845798,vdj,hot100,100,exact,100,/Users/bobhopp/DJ MEDIA/VIDEO/2010's/Macklemore & Ryan Lewis feat. Mary Lambert - Same Love.mp4
The Black Eyed Peas,Rock That Body [Single Version*],RVTR340405,RVTR823570,vdj,hot100_vdj,100,exact,100,/Users/bobhopp/DJ MEDIA/VIDEO/2010's/The Black Eyed Peas - Rock That Body (Single Version_).mp4
Anything Box,Living In Oblivion (St. James Club Mix),RVTR762145,RVTR234790,vdj,hot100,100,exact,100,/Users/bobhopp/DJ MEDIA/VIDEO/1990's/Anything Box - Living In Oblivion (St. James Club Mix).mp4
Hurricane Smith,Oh Babe What Would You Say (Dancers),RVTR169475,RVTR352823,vdj,hot100,100,exact,100,/Users/bobhopp/DJ MEDIA/VIDEO/1970's/Hurricane Smith - Oh Babe What Would You Say (Dancers).mp4
Sean Kingston Ft. Chris Brown & Wiz Khalifa,Beat It,RVTR697762,RVTR044516,vdj,hot100,100,exact,100,/Users/bobhopp/DJ MEDIA/VIDEO/2010's/Sean Kingston feat. Chris Brown & Wiz Khalifa - Beat It.mp4
'NSYNC,God Must Have Spent A Little More Time On You,RVTR289987,RVTR163787,vdj,hot100,100,exact,100,/Users/bobhopp/DJ MEDIA/VIDEO/1990's/'NSYNC - God Must Have Spent A Little More Time On You.mp4
The Animals,Please Don't Let Me Be Misunderstood  (BW),RVTR764188,RVTR147877,vdj,hot100,100,exact,100,/Users/bobhopp/DJ MEDIA/VIDEO/1960's/The Animals - Please Don't Let Me Be Misunderstood (BW).mp4
Clean Bandit Ft. Jess Glynne,Rather Be,RVTR387376,RVTR256961,vdj,hot100_vdj,100,exact,100,/Users/bobhopp/DJ MEDIA/VIDEO/2010's/Clean Bandit Ft. Jess Glynne - Rather Be [Music Video].MP4
"Dj Khaled Ft. Rihanna, Bryson Tiller",Wild Thoughts,RVTR976204,RVTR923468,vdj,hot100,100,exact,100,"/Users/bobhopp/DJ MEDIA/VIDEO/2010's/Dj Khaled feat. Rihanna, Bryson Tiller - Wild Thoughts.mp4"
John Denver & Johnny Cash,"Take Me Home, Country Roads",RVTR057955,RVTR924295,vdj,hot100,100,exact,100,"/Users/bobhopp/DJ MEDIA/VIDEO/COUNTRY/FILL/John Denver & Johnny Cash - Take Me Home, Country Roads.MP4"
R.B. Greaves,Take A Letter Marian (American Bandstand),RVTR598729,RVTR659508,vdj,hot100_vdj,100,exact,100,/Users/bobhopp/DJ MEDIA/VIDEO/1960's/R.B. Greaves - Take A Letter Marian (American Bandstand).mp4
"Jameson Rodgers, Luke Combs",Cold Beer Calling My Name,RVTR962706,RVTR058331,vdj,hot100,100,exact,100,"/Users/bobhopp/DJ MEDIA/VIDEO/2020's/Jameson Rodgers, Luke Combs - Cold Beer Calling My Name.mp4"
Charlie Puth feat. Selena Gomez,We Don't Talk Anymore,RVTR643788,RVTR970529,vdj,hot100,100,exact,100,/Users/bobhopp/DJ MEDIA/VIDEO/2010's/Charlie Puth feat. Selena Gomez - We Don't Talk Anymore.mp4
The Beach Boys,Help Me Rhonda (The Andy Williams Show),RVTR528265,RVTR400247,vdj,hot100,100,exact,100,/Users/bobhopp/DJ MEDIA/VIDEO/1960's/The Beach Boys - Help Me Rhonda (The Andy Williams Show).mp4
Elvis Presley,Can't Help Falling in Love (Blue Hawaii),RVTR325319,RVTR827394,vdj,hot100,100,exact,100,/Users/bobhopp/DJ MEDIA/VIDEO/1970's/Elvis Presley - Can't Help Falling in Love (Blue Hawaii).mp4
Billy Ocean,Love Really Hurts Without You Dance Mix),RVTR322660,RVTR206763,vdj,hot100,100,exact,100,/Users/bobhopp/DJ MEDIA/VIDEO/1980's/Billy Ocean - Love Really Hurts Without You Dance Mix).mp4
Rich Gang Ft. Young Thug & Rich Homie Quan,Lifestyle,RVTR249139,RVTR176451,vdj,hot100_vdj,100,exact,100,/Users/bobhopp/DJ MEDIA/VIDEO/2010's/Rich Gang feat. Young Thug & Rich Homie Quan - Lifestyle.MP4
Dua Lipa feat. DaBaby,Levitating,RVTR080613,RVTR355347,vdj,hot100,100,exact,100,/Users/bobhopp/DJ MEDIA/VIDEO/2020's/Dua Lipa feat. DaBaby - Levitating (Official Music Video).mp4
Elton John,Don t Go Breaking My Heart (The Muppet Show),RVTR892954,RVTR289559,vdj,hot100,100,exact,100,/Users/bobhopp/DJ MEDIA/VIDEO/1970's/Elton John - Don t Go Breaking My Heart (The Muppet Show).mp4
Stevie Wonder,"Signed, Sealed, Delivered I'm Yours (Mix)",RVTR011345,RVTR649980,vdj,hot100,100,exact,100,"/Users/bobhopp/DJ MEDIA/VIDEO/1970's/Stevie Wonder - Signed, Sealed, Delivered I'm Yours (Mix).mp4"
Timbaland ft Justin Timberlake,Carry Out (original),RVTR262873,RVTR857608,vdj,hot100_vdj,100,exact,100,/Users/bobhopp/DJ MEDIA/VIDEO/2010's/Timbaland feat. Justin Timberlake - Carry Out (original).mp4
Frankie Goes To Hollywood,Welcome To The Pleasuredome,RVTR386292,RVTR536633,vdj,hot100,100,exact,100,/Users/bobhopp/DJ MEDIA/VIDEO/1990's/Frankie Goes To Hollywood - Welcome To The Pleasuredome.mp4
"Dolly Parton with Billy Ray Cyrus, Tanya Tucker",Romeo,RVTR341778,RVTR877787,vdj,hot100,100,exact,100,"/Users/bobhopp/DJ MEDIA/VIDEO/COUNTRY/FILL/Dolly Parton with Billy Ray Cyrus, Tanya Tucker - Romeo.mp4"
REO Speedwagon,Roll With The Changes (Midnight Special),RVTR467811,RVTR733532,vdj,hot100_vdj,100,exact,100,/Users/bobhopp/DJ MEDIA/VIDEO/1970's/REO Speedwagon - Roll With The Changes (Midnight Special).mp4
Johnny Rivers,Memphis Tennesee,RVTR660602,RVTR010569,vdj,hot100_vdj,100,exact,100,/Volumes/DJ  MAIN/DJ MEDIA/VIDEO/1960's/Johnny Rivers - Memphis Tennesee.mp4
The Count Five,Psychotic Reaction,RVTR612821,RVTR378952,vdj,hot100_vdj,100,exact,100,/Volumes/DJ  MAIN/DJ MEDIA/VIDEO/1960's/The Count Five - Psychotic Reaction .mp4
Chubby Checker & California Jubilee,Let's Twist Again,RVTR747496,RVTR250867,vdj,hot100,100,exact,100,/Users/bobhopp/DJ MEDIA/VIDEO/1960's/Chubby Checker & California Jubilee - Let's Twist Again.mp4
The Rolling Stones,I Can't Get No Satisfaction (Lyrics),RVTR974837,RVTR999254,vdj,hot100,100,exact,100,/Users/bobhopp/DJ MEDIA/VIDEO/1960's/The Rolling Stones - I Can't Get No Satisfaction (Lyrics).mp4
Fall Out Boy,"Sugar, We're Goin Down",RVTR385005,RVTR952830,vdj,hot100,100,exact,100,"/Users/bobhopp/DJ MEDIA/VIDEO/2010's/Fall Out Boy - Sugar, We're Goin Down.mp4"
Elton John & George Michael,Don t Let The Sun Go Down On Me (Live Aid),RVTR868925,RVTR105009,vdj,hot100,100,exact,100,/Users/bobhopp/DJ MEDIA/VIDEO/1970's/Elton John & George Michael - Don t Let The Sun Go Down On Me (Live Aid).mp4
Creedence Clearwater Revival,Heard It Through The Grapevine,RVTR064759,RVTR623635,vdj,hot100_vdj,98,exact,96,/Users/bobhopp/DJ MEDIA/VIDEO/1970's/Creedence Clearwater Revival - Heard It Through The Grapevine.mp4
Fall Out Boy,"Little Less Sixteen Candles, A Little More 'Touch Me', A",RVTR641910,RVTR981315,vdj,hot100,98,exact,98,"/Users/bobhopp/DJ MEDIA/VIDEO/2000's/Fall Out Boy - Little Less Sixteen Candles, A Little More 'Touch Me', A.mp4"
Diana King,"Say A Little Prayer, I",RVTR496699,RVTR816757,vdj,hot100,94,high,94,"/Users/bobhopp/DJ MEDIA/VIDEO/1990's/Diana King - Say A Little Prayer, I.mp4"
Gary Glitter,Rock and Roll Part 1,RVTR412242,RVTR844891,vdj,hot100_vdj,94,high,94,/Users/bobhopp/DJ MEDIA/VIDEO/1970's/Gary Glitter - Rock and Roll Part 1.mp4
Aretha Franklin,Say A Little Prayer,RVTR959701,RVTR893202,vdj,hot100_vdj,94,high,94,/Users/bobhopp/DJ MEDIA/VIDEO/1960's/Aretha Franklin - Say A Little Prayer.mp4
Gary Glitter,Rock And Roll Part Two,RVTR229891,RVTR844891,vdj,hot100_vdj,94,high,94,/Users/bobhopp/DJ MEDIA/VIDEO/1980's/Gary Glitter - Rock And Roll Part Two.mp4
The Temptations,Can't Get Next To You,RVTR705568,RVTR974030,vdj,hot100,94,high,94,/Users/bobhopp/DJ MEDIA/VIDEO/1970's/The Temptations - Can't Get Next To You.mp4
Tommy Boyce & Bobby Hart,I Wonder What She's Doing Tonight,RVTR017464,RVTR893598,vdj,hot100,93,high,92,/Users/bobhopp/DJ MEDIA/VIDEO/1960's/Tommy Boyce & Bobby Hart - I Wonder What She's Doing Tonight.mp4
Edison Lighthouse,Love Grows Where My Rosemary Grows (BW),RVTR067048,RVTR152919,vdj,hot100,93,high,89,/Users/bobhopp/DJ MEDIA/VIDEO/1970's/Edison Lighthouse - Love Grows Where My Rosemary Grows (BW).mp4
Cliff Richard,Dreamin',RVTR802185,RVTR257260,vdj,hot100,93,high,88,/Users/bobhopp/DJ MEDIA/VIDEO/1980's/Cliff Richard - Dreamin'.mp4
Joe Walsh,Life Of illusion,RVTR018094,RVTR877835,vdj,hot100,93,high,93,/Users/bobhopp/DJ MEDIA/VIDEO/1980's/Joe Walsh - Life Of illusion.mp4
James Brown,The Payback-Part 1,RVTR625505,RVTR738030,vdj,hot100,93,high,93,/Users/bobhopp/DJ MEDIA/VIDEO/1970's/James Brown - The Payback-Part 1.mp4
Tim McGraw,"Like It, I Love It, I",RVTR297180,RVTR094132,vdj,hot100,93,high,93,"/Users/bobhopp/DJ MEDIA/VIDEO/1990's/Tim McGraw - Like It, I Love It, I.mp4"
Styx,Two Much Time On My Hands,RVTR680428,RVTR245069,vdj,hot100_vdj,93,high,90,/Users/bobhopp/DJ MEDIA/VIDEO/1980's/Styx - Two Much Time On My Hands.mp4
Linkin Park,Breaking The Habbit,RVTR105000,RVTR105500,vdj,hot100_vdj,93,high,88,/Users/bobhopp/DJ MEDIA/VIDEO/2000's/Linkin Park - Breaking The Habbit.mp4
Kiss,Rock And Roll All Night (Live),RVTR569208,RVTR912228,vdj,hot100_vdj,93,high,89,/Users/bobhopp/DJ MEDIA/VIDEO/1970's/Kiss - Rock And Roll All Night (Live).mp4
Cypress Hill,I Ain't Goin' Out Like That,RVTR916759,RVTR866443,vdj,hot100,93,high,90,/Users/bobhopp/DJ MEDIA/VIDEO/1990's/Cypress Hill - I Ain't Goin' Out Like That.mp4
Bo Diddley,Can't Judge A Book By The Cover,RVTR665246,RVTR517999,vdj,hot100,93,high,89,/Users/bobhopp/DJ MEDIA/VIDEO/1960's/Bo Diddley - Can't Judge A Book By The Cover.mp4
Whitney Houston,"It's Not Right, But It's OK",RVTR000220,RVTR530689,vdj,hot100,93,high,90,"/Users/bobhopp/DJ MEDIA/VIDEO/TECHNO/Whitney Houston - It's Not Right, But It's OK.mp4"
SSGT Barry Sadler,Ballad Of The Green Berets,RVTR539317,RVTR563403,vdj,hot100,93,high,88,/Users/bobhopp/DJ MEDIA/VIDEO/1960's/SSGT Barry Sadler - Ballad Of The Green Berets.mp4
Prince,"Most Beautiful Girl In The World, The",RVTR826724,RVTR929298,vdj,hot100_vdj,93,high,90,"/Users/bobhopp/DJ MEDIA/VIDEO/1990's/Prince - Most Beautiful Girl In The World, The.mp4"